# Blender 4.4.3
# www.blender.org
mtllib es_aguila.mtl
g Object_60_Malla
v -3.571783 25.740387 -55.349243
v -4.264648 26.451153 -54.029045
v -3.194186 26.481560 -55.558670
v -1.820774 26.113001 -57.928928
v -2.010538 26.218029 -57.895138
v -1.806531 26.468140 -58.254639
v -1.604567 26.341579 -58.270168
v -1.616196 26.044437 -58.264023
v -1.813597 25.820396 -58.049290
v -2.052639 25.911222 -57.790245
v -1.303821 27.364037 -58.448154
v -1.651784 26.606934 -58.497623
v -1.832834 26.676754 -58.249466
v -6.013756 27.293261 -51.800022
v -4.744947 26.935047 -52.938751
v -4.707220 26.671621 -52.649624
v -1.698551 27.629997 -57.434265
v -1.203327 28.326603 -57.673206
v -1.849738 22.738279 -58.346416
v -1.475532 22.300243 -58.694324
v -1.391185 22.397923 -58.020813
v -7.566535 25.118353 -46.064518
v -7.296627 26.316334 -47.237980
v -6.834620 24.486931 -47.849674
v -7.435162 29.399612 -45.652321
v -7.353075 29.903021 -47.912102
v -7.440028 28.344936 -47.536503
v -6.340804 32.606033 -46.305691
v -6.202896 33.418026 -48.818207
v -6.869799 32.012581 -48.486794
v -3.840804 35.083069 -46.171864
v -2.902250 35.682514 -48.357128
v -4.597554 35.022930 -48.591618
v -2.252152 25.850971 -57.547039
v -2.131648 25.608856 -57.814758
v -2.810127 24.794821 -57.185535
v -2.188484 24.539116 -58.642944
v -1.878911 25.634686 -58.290989
v -1.591600 26.070614 -58.549656
v -1.188661 26.637751 -59.024979
v -0.728799 27.059872 -59.047398
v -0.749276 26.727983 -59.283165
v -2.877225 6.447874 13.168757
v -2.871771 7.513134 12.744454
v -2.917348 7.881238 12.934608
v -5.049279 4.051428 16.351391
v -4.312616 3.507361 17.831860
v -4.822815 3.903428 18.031048
v -5.230171 4.235000 17.783665
v -5.613497 4.243108 17.921040
v -6.528785 3.728187 17.954597
v -6.424618 4.117201 16.136635
v -7.051014 4.290083 17.485401
v -5.700769 4.635171 13.521173
v -7.260128 4.637284 15.310308
v -5.775541 6.325796 12.834071
v -3.846274 9.608309 14.284415
v -4.401355 8.665298 14.159833
v -3.786347 8.576163 14.313512
v -3.090985 9.328012 14.236724
v -3.367495 8.341736 14.293462
v -5.816843 5.582119 16.602837
v -5.009390 5.726387 16.462040
v -4.887348 6.873502 15.636893
v -6.567973 5.621093 16.447445
v -3.301471 7.599120 14.672706
v -3.733543 6.627072 15.684894
v -3.281847 6.403249 15.545987
v -3.843243 4.155128 16.243755
v -4.329482 4.345542 13.890132
v -3.168818 5.426406 13.701842
v -3.056630 5.857423 14.698649
v -3.316330 4.689847 15.930827
v -3.312900 5.487100 16.296547
v -3.396145 4.306894 17.437225
v -3.446252 3.687325 17.995113
v -3.406260 4.197866 18.234001
v -5.682061 4.898865 17.932255
v -5.264753 4.796597 17.876114
v -5.274189 5.043448 17.373493
v -7.252462 4.439457 17.057785
v -7.761799 4.225943 17.101521
v -6.335387 5.127645 17.586342
v -6.188922 5.220494 17.214130
v -4.942217 4.708517 18.112682
v -7.102712 4.985992 17.394501
v -7.320502 5.300323 16.985401
v -7.358270 5.019038 17.206127
v -7.727351 5.151179 17.325733
v -7.727351 5.151179 17.325733
v -7.320502 5.300323 16.985401
v -7.763108 5.366068 17.201931
v -8.548429 5.437166 17.952656
v -8.776013 5.073226 16.171951
v -8.332265 5.258494 15.775035
v -8.447684 4.381349 16.133781
v -7.363478 5.390929 14.616036
v -8.447684 4.381349 16.133781
v -8.345834 4.074421 16.612858
v -3.864075 14.739285 19.231010
v -3.802936 14.733591 19.272488
v -3.990378 14.533346 19.278034
v -3.908710 14.884010 19.376713
v -3.970779 14.828211 19.237747
v -3.801279 14.773436 19.334339
v -3.925721 14.767073 19.211105
v -11.961780 11.377062 18.930576
v -12.178737 11.604385 19.253975
v -12.203923 11.738754 19.180439
v -12.045714 11.573214 19.278866
v -11.916715 11.646723 19.238888
v -12.045714 11.573214 19.278866
v -12.091987 11.819452 19.135994
v -11.945954 11.783230 19.159618
v -5.512854 11.768587 20.333065
v -5.400713 11.900976 20.536510
v -5.479732 11.768842 20.542423
v -5.526647 12.019478 20.566166
v -5.576672 11.750576 20.536625
v -5.670806 11.809748 20.538357
v -5.576672 11.750576 20.536625
v -5.679765 11.938486 20.553017
v -0.330318 9.815847 21.584717
v -0.475605 9.805806 21.650951
v -0.509586 9.730031 21.456360
v -0.563917 9.893501 21.613438
v -0.508365 10.003510 21.560680
v -0.399376 9.996852 21.520016
v -0.302641 9.921324 21.540298
v -0.475605 9.805806 21.650951
v -12.175676 21.125629 -28.274944
v -9.970853 17.270792 -28.222450
v -9.879306 17.153502 -23.419144
v -12.175676 21.125629 -28.274944
v -13.817999 21.921448 -25.434105
v -11.377112 22.837236 -19.222202
v -10.417923 15.539021 -17.204584
v -10.352989 14.574454 -13.218003
v -11.377112 22.837236 -19.222202
v -11.636650 25.973175 -10.825840
v -9.705539 15.856358 -8.632361
v -11.840472 20.535862 -5.559692
v -7.774385 17.630356 3.510457
v -8.639765 22.470425 0.856370
v -5.360550 13.275913 -2.173723
v -3.772987 18.887695 6.094434
v -8.639765 22.470425 0.856370
v -7.974243 19.209435 4.559072
v -5.513878 23.497437 -0.646710
v -2.698626 16.105637 13.941796
v -6.573816 14.925962 16.176590
v -5.044170 13.176424 23.545284
v -2.756612 12.360324 28.525867
v -1.626042 12.567690 29.388332
v -1.237404 13.348482 28.765247
v -3.510211 13.531110 29.493889
v 0.392327 14.724949 28.981297
v -0.070445 15.863791 16.862988
v -3.772987 18.887695 6.094434
v -7.235911 16.250271 8.850234
v -3.614439 13.372329 29.449150
v -0.070669 14.791469 17.074814
v -0.071064 13.076825 30.638863
v -2.651958 15.328600 14.120910
v -1.227630 13.294932 28.764778
v -1.633748 12.517573 29.247234
v -2.645329 12.288499 28.437710
v -4.968529 13.119616 23.346062
v -7.235911 16.250271 8.850234
v -7.235911 16.250271 8.850234
v -3.206318 15.666611 8.595091
v -6.552863 14.872670 16.344593
v -1.526159 23.803635 -57.597813
v -0.991891 23.611130 -57.707161
v -1.015046 23.134720 -58.515575
v -2.749628 26.247429 -53.550461
v -3.509993 26.227104 -53.927731
v -3.714403 26.240992 -53.432125
v -2.988735 26.525352 -53.309166
v -3.758672 26.313089 -53.392590
v -3.359305 28.684202 -54.491066
v -3.046644 28.630861 -54.458706
v -3.539877 28.418467 -54.304619
v -5.195963 29.126455 -53.343220
v -5.374743 29.761995 -53.020054
v -5.258727 29.545258 -53.401600
v -4.345986 30.349424 -54.369732
v -4.313974 30.489311 -54.381741
v -3.882863 30.038595 -54.642166
v -3.291695 29.382179 -54.752258
v -2.886875 29.127979 -54.642677
v -3.258089 29.122702 -54.679680
v -4.437925 29.789068 -54.319496
v -4.787872 30.374636 -53.996811
v -3.882343 29.353495 -54.561829
v -3.900289 29.012321 -54.430866
v -4.076533 28.499905 -54.043304
v -4.105970 28.807827 -54.211575
v -4.384538 29.239071 -54.381268
v -4.527919 28.914505 -53.950565
v -4.759479 29.258583 -53.917763
v -4.599111 28.848829 -53.790478
v -4.715082 29.628872 -54.074883
v -5.208004 29.867077 -53.530399
v -5.059336 30.173542 -53.717197
v -4.087296 29.657999 -54.519512
v -2.160089 26.341297 -53.353802
v -3.771132 26.299812 -53.556850
v -3.797700 26.171898 -53.905788
v -1.636703 21.616385 -59.270473
v -1.763531 21.589512 -59.307804
v -1.459241 20.723654 -58.862728
v -1.390379 21.555130 -59.225052
v -1.494468 22.058550 -59.338482
v -1.900148 22.231194 -59.242001
v -1.823544 22.034472 -59.302784
v -1.783539 21.894701 -59.320751
v -3.253149 26.343782 -53.903622
v -2.396167 27.047922 -53.065678
v -1.623799 27.069473 -53.199142
v -0.903237 26.162010 -53.471828
v -0.780240 27.422974 -53.226952
v -2.187468 26.812099 -54.019127
v -0.769691 27.415058 -54.064037
v -3.864075 14.739285 19.231010
v 1.800164 25.358280 -55.277931
v 1.536919 26.145035 -55.495861
v 2.551528 25.966322 -53.938557
v 0.188261 25.970097 -57.902256
v 0.233027 26.323059 -58.227562
v 0.390019 26.047279 -57.863270
v 0.015667 26.226334 -58.248657
v -0.015038 25.930542 -58.242764
v 0.142930 25.681225 -58.023312
v 0.385492 25.737801 -57.757881
v -0.132550 27.280722 -58.432602
v 0.288443 26.525871 -58.221310
v 0.105952 26.481909 -58.474293
v 4.318025 26.546062 -51.683300
v 2.984256 26.124529 -52.547520
v 3.066505 26.379421 -52.835052
v 0.268926 27.490047 -57.408146
v -0.116246 28.249275 -57.658775
v -0.249619 22.624464 -58.325176
v -0.760160 22.353039 -58.012436
v -0.672726 22.243143 -58.683670
v 4.942869 23.347004 -47.363140
v 4.133250 23.190346 -48.592159
v 4.930286 24.808830 -48.223408
v 5.955147 27.699036 -46.759804
v 5.620425 26.993973 -48.092514
v 5.868308 28.701427 -48.189491
v 5.416152 31.516788 -46.569904
v 5.765800 31.069963 -48.391903
v 5.318266 32.584633 -48.688339
v 3.303320 34.485569 -46.225449
v 3.966975 34.378948 -48.535713
v 2.380393 35.289936 -48.314960
v 0.567977 25.650375 -57.509605
v 0.421536 25.427250 -57.780861
v 0.961128 24.526573 -57.135475
v 0.348268 24.358673 -58.609264
v 0.187665 25.487694 -58.263554
v -0.028129 25.959408 -58.528900
v -0.334056 26.576962 -59.013634
v 4.902740 5.174198 12.040315
v 5.340061 6.551690 11.890994
v 5.270070 6.199008 11.680166
v 5.408754 2.430111 15.618548
v 4.661882 2.386759 17.146557
v 4.157965 2.114684 16.787537
v 5.505126 2.529984 17.291779
v 5.189493 2.607318 17.046276
v 6.223961 1.817512 17.574047
v 6.761629 2.168083 15.826144
v 6.977406 2.228949 17.306396
v 6.994099 2.765405 13.138724
v 7.902475 2.455832 15.309413
v 7.658396 4.372001 12.578868
v 6.193484 8.053146 13.529552
v 5.891629 7.064477 13.494790
v 6.527608 7.003734 13.535220
v 5.443925 7.954950 13.247062
v 5.455847 6.933403 13.340810
v 6.396560 3.746863 16.153122
v 6.122608 5.190909 15.011035
v 5.724338 4.070868 15.784663
v 7.147538 3.605647 16.230282
v 5.110136 6.237616 13.650699
v 4.555050 5.104497 14.425944
v 4.983199 5.221012 14.702594
v 4.348217 2.808322 15.161265
v 4.777858 4.128550 12.591327
v 5.547237 2.813242 13.069737
v 4.474652 4.602074 13.527198
v 4.077202 3.441755 14.729096
v 3.611719 3.093859 16.172874
v 4.148050 4.228038 15.111342
v 3.348351 2.495765 16.693027
v 3.357321 3.008212 16.931019
v 5.716239 3.151870 17.351246
v 5.539257 3.371346 16.703178
v 5.323130 3.147889 17.169022
v 7.326402 2.315128 16.965050
v 7.735725 1.990361 17.149193
v 6.477435 3.212494 17.225796
v 6.474695 3.326205 16.831238
v 4.933357 3.144010 17.294777
v 7.212735 2.890885 17.265205
v 7.609297 3.134149 16.953514
v 7.513386 2.858208 17.163086
v 7.849710 2.904257 17.392765
v 7.849710 2.904257 17.392765
v 7.969380 3.101319 17.294643
v 7.609297 3.134149 16.953514
v 8.487998 3.009225 18.247486
v 9.148297 2.551697 16.601360
v 8.696428 1.954340 16.437279
v 8.898986 2.823672 16.098717
v 8.379649 3.144675 14.710647
v 8.696428 1.954340 16.437279
v 8.387958 1.693305 16.850540
v 5.909702 13.178223 18.474140
v 5.965140 12.949986 18.547691
v 5.839360 13.188091 18.495247
v 5.940710 13.312696 18.632645
v 6.026958 13.240055 18.516186
v 5.828473 13.228975 18.555466
v 5.979140 13.190335 18.474720
v 12.723139 8.017929 20.453400
v 12.955772 8.320374 20.779427
v 12.879484 8.197699 20.836246
v 12.741688 8.199038 20.819023
v 12.741688 8.199038 20.819023
v 12.651152 8.299356 20.745667
v 12.884026 8.423588 20.707203
v 12.733400 8.423004 20.684681
v 6.422243 9.938195 19.887547
v 6.328924 9.952118 20.077351
v 6.287957 10.098780 20.053894
v 6.422960 10.185543 20.124802
v 6.416208 9.911654 20.099895
v 6.516474 9.947334 20.132133
v 6.416208 9.911654 20.099895
v 6.550019 10.070824 20.154350
v 0.799276 9.280659 19.453552
v 0.983945 9.151880 19.380806
v 0.911643 9.238998 19.559540
v 1.014537 9.421009 19.491756
v 1.024837 9.302649 19.553856
v 0.811242 9.388365 19.407505
v 0.924273 9.438721 19.420238
v 0.911643 9.238998 19.559540
v 11.973175 21.985809 -28.930660
v 10.781607 18.739300 -23.609974
v 10.462981 18.358055 -27.752834
v 13.203012 25.350073 -22.239937
v 11.878199 16.856144 -15.711424
v 11.432652 17.650093 -18.849377
v 13.828116 28.578325 -16.546717
v 12.509769 19.246750 -12.756071
v 13.088353 18.515331 -12.166989
v 8.529840 18.583990 1.953036
v 7.525556 11.926964 -0.890501
v 10.392670 24.399601 -2.911004
v 3.621499 18.890936 6.076926
v 8.741601 20.155384 2.809934
v 10.392670 24.399601 -2.911004
v 6.814715 24.937820 -3.755957
v 2.558426 16.105431 13.923858
v 4.871788 13.179661 23.517296
v 6.403939 14.931873 16.148560
v 1.464334 12.566587 29.357639
v 2.588321 12.361333 28.494926
v 1.081820 13.344227 28.741093
v 3.380578 13.529440 29.491291
v 7.069366 16.255604 8.828143
v 3.621499 18.890936 6.076926
v 3.484384 13.370683 29.446583
v 2.512530 15.328238 14.103164
v 1.472018 12.516461 29.216621
v 1.071564 13.290746 28.740341
v 2.478135 12.289409 28.406551
v 4.796329 13.122812 23.317997
v 7.069366 16.255604 8.828143
v 7.069366 16.255604 8.828143
v 3.062618 15.668034 8.580826
v 6.382931 14.878538 16.316566
v -0.438834 23.726299 -57.583378
v 1.034788 25.981863 -53.500896
v 1.961509 25.837269 -53.356773
v 1.770354 25.851513 -53.857628
v 1.280393 26.221691 -53.252491
v 2.014474 25.902452 -53.315945
v 1.983833 28.304146 -54.420132
v 2.119992 28.015873 -54.229477
v 1.666026 28.295650 -54.396145
v 3.833628 28.484180 -53.223351
v 3.956547 28.889774 -53.279263
v 4.091949 29.088631 -52.894375
v 3.192688 29.813198 -54.269657
v 2.697598 29.570524 -54.554806
v 3.181123 29.956182 -54.282246
v 2.022602 29.004177 -54.681705
v 1.950708 28.752201 -54.610531
v 1.583130 28.810028 -54.583336
v 3.203044 29.245567 -54.218060
v 3.623690 29.776329 -53.885147
v 2.598009 28.892548 -54.475796
v 2.564026 28.552517 -54.345051
v 2.732832 28.321381 -54.120785
v 2.655682 28.021042 -53.953930
v 3.074009 28.708544 -54.282249
v 3.435563 28.675673 -53.808968
v 3.158588 28.367764 -53.848518
v 3.215517 28.292973 -53.686729
v 3.448179 29.048220 -53.966511
v 3.856483 29.539360 -53.598835
v 3.955297 29.215290 -53.408749
v 2.842800 29.165058 -54.427509
v 0.475611 26.158215 -53.319630
v 2.029263 25.887234 -53.479847
v 2.046668 25.756186 -53.828201
v -0.594808 21.542271 -59.256641
v -0.907528 20.684408 -58.855404
v -0.472118 21.497654 -59.290661
v -0.848434 21.516582 -59.217861
v -0.671191 21.999987 -59.327549
v -0.349893 21.929653 -59.283222
v -0.247852 22.113667 -59.220066
v -0.408786 21.796915 -59.302502
v 1.532056 26.003407 -53.840092
v 0.761517 26.823318 -53.023754
v -0.024215 26.953922 -53.180859
v 0.546802 26.617611 -53.982826
v 5.909702 13.178223 18.474140
v -12.336354 28.247482 -27.220341
v -11.601049 26.111750 -10.903357
v -9.588276 29.010021 -25.546059
v 9.560253 29.737957 -29.424374
v 13.796367 28.686172 -16.647884
v 11.987109 28.972847 -32.198204
v -2.939206 28.466518 -54.615646
v -2.750107 29.010168 -54.781055
v -2.812675 28.778103 -55.393116
v -2.744109 28.214233 -55.057568
v -3.476086 27.711586 -54.668743
v -3.445865 28.207699 -54.396008
v -4.064760 27.830563 -54.132195
v -4.076820 28.235470 -54.070538
v -4.883477 28.209049 -53.570469
v -4.740551 28.640186 -53.758972
v -5.366113 29.017353 -53.144062
v -5.616949 28.798729 -52.910805
v -5.738650 29.783916 -52.723896
v -6.116105 29.749445 -52.352467
v -5.726652 30.272112 -52.738342
v -6.185315 30.451389 -52.277660
v -5.806376 31.086838 -53.102001
v -5.390427 30.733236 -53.257565
v -5.438417 31.156364 -54.028889
v -4.972018 30.826031 -53.908157
v -4.760024 30.818943 -54.682144
v -4.525405 30.629333 -54.525753
v -4.205132 30.135937 -55.136295
v -3.988703 30.121456 -54.843075
v -3.343554 29.353525 -55.002480
v -3.598198 29.246452 -55.514469
v -3.033527 28.799454 -56.155922
v -2.554934 28.451473 -55.802246
v -3.533808 29.821365 -56.087605
v -3.068491 29.363781 -56.782475
v -4.218996 30.572235 -55.565006
v -4.873203 31.329573 -54.871883
v -5.711093 31.842739 -53.875435
v -6.124423 31.711493 -52.602116
v -6.547736 30.735252 -51.638752
v -6.599815 29.470125 -51.460403
v -5.993120 28.400585 -52.314983
v -5.039497 27.583172 -53.261204
v -4.169423 27.189857 -54.039581
v -3.273111 27.206135 -55.046108
v -2.567141 27.765190 -55.671696
v -1.540222 22.293486 -59.174526
v -1.081934 22.045599 -59.312393
v -1.081361 22.157581 -58.755589
v -2.288552 27.370516 -56.389450
v -3.236146 25.265335 -56.160450
v -2.768042 25.859154 -56.601215
v -2.159184 26.810251 -57.043312
v -2.020781 26.378735 -57.848843
v -0.540063 30.052547 -57.229733
v -0.601216 29.114601 -57.648682
v -1.145994 29.084171 -57.547215
v -1.500936 29.950935 -57.255520
v -2.144161 29.609623 -57.365788
v -2.773954 30.165668 -57.015697
v -1.982469 30.946880 -56.751316
v -6.551847 27.840315 -50.657063
v -7.134990 29.772533 -49.962547
v -6.866170 31.462458 -50.586468
v -7.091499 28.023052 -49.281448
v -0.500338 30.724350 -56.622585
v -3.340956 30.685177 -56.445499
v -2.845457 31.344612 -56.409527
v -3.909324 31.459126 -55.801247
v -3.003505 32.112576 -55.608723
v -4.512875 32.406002 -54.857681
v -1.879827 32.126762 -55.642460
v -0.434480 31.850513 -55.549583
v -3.314017 33.260563 -54.467052
v -5.322243 33.028416 -53.483150
v -1.994441 33.539612 -54.251858
v -0.336397 33.499332 -54.103588
v -0.272935 34.693726 -52.484440
v -2.252286 34.671013 -52.487179
v -4.012086 34.049126 -52.940426
v -2.579929 35.487419 -50.722145
v -0.240627 35.541912 -50.373524
v -4.549251 34.747551 -51.117130
v -0.250021 35.704765 -48.211151
v -6.106768 33.120167 -51.500324
v -2.499002 28.929213 -57.275764
v -1.585642 29.156227 -57.510674
v -0.631767 28.639099 -57.895119
v -0.690085 27.687971 -58.598320
v -2.503936 28.465561 -56.825939
v -2.129784 27.905146 -56.749130
v -1.911844 28.483700 -57.396381
v -1.957650 23.087416 -58.459682
v -2.163648 23.285397 -57.271893
v -2.343859 23.729649 -57.493980
v -2.399195 23.892801 -56.096783
v -2.729015 24.390148 -56.302250
v -2.696874 24.400169 -54.996166
v -3.072215 25.080563 -55.193203
v -3.215804 24.627241 -54.080757
v -3.536738 25.550873 -54.385071
v -2.259195 23.663872 -53.789993
v -1.945191 23.655678 -54.749603
v -1.047004 23.401087 -54.681160
v -1.712928 23.317978 -55.870922
v -1.046317 23.220852 -55.698563
v -1.078693 22.331581 -58.024311
v -1.062871 22.761686 -56.911736
v -1.564492 22.835207 -56.995895
v -1.063770 23.349735 -53.693306
v -3.966416 24.742649 -53.210880
v -4.107659 25.955585 -53.511414
v -5.892442 26.042889 -51.349262
v -4.479516 26.233559 -52.788689
v -6.525545 26.199430 -50.137985
v -6.969077 26.334864 -48.789467
v -4.590304 24.726583 -52.636082
v -5.331499 24.632429 -51.543816
v -2.811153 23.475548 -52.833416
v -1.093739 23.103355 -52.755955
v -2.765553 23.022903 -51.829800
v -1.159831 22.652599 -52.110668
v -3.816817 23.763245 -52.574314
v -4.124461 23.596764 -51.643299
v -4.611590 23.529106 -50.265289
v -5.890627 24.559097 -50.402721
v -6.312290 24.546219 -49.139660
v -5.097625 23.389507 -49.052464
v -3.062698 22.707119 -50.814564
v -1.396930 22.268072 -50.955887
v -5.657896 23.026304 -47.936466
v -3.376958 22.409912 -49.809883
v -1.536457 21.902657 -50.046188
v -6.269719 22.479122 -46.227634
v -0.218542 35.431759 -45.521946
v -3.324607 33.776722 -42.843037
v -0.030476 34.211506 -43.059341
v -5.757865 31.727451 -42.601917
v -7.192268 28.757126 -42.516262
v -7.802354 25.102978 -42.827435
v -6.666203 21.946796 -43.056767
v -1.618644 21.649971 -49.403797
v -3.811429 22.088516 -48.555851
v -4.343819 20.975540 -46.691170
v -4.528502 19.818773 -43.208828
v -1.915017 20.432041 -47.097141
v -1.922271 18.921656 -43.927013
v -4.404261 18.378197 -41.105892
v -1.832251 17.227661 -41.474716
v -6.635448 21.097652 -40.515385
v -8.072584 24.523319 -40.013832
v -5.194379 30.329985 -39.800625
v -7.413100 28.105450 -39.828308
v -2.606802 32.296921 -39.900105
v 0.831203 32.783764 -40.001278
v -2.170673 31.020382 -36.678085
v 0.885561 30.967157 -36.447384
v -4.975560 28.922256 -37.428864
v -6.560598 26.733875 -37.924397
v -7.426516 23.257963 -37.369495
v -7.100551 20.049520 -38.570259
v -1.296134 14.765001 -40.389885
v -5.120245 16.137096 -39.945385
v -4.241138 12.369856 -39.038136
v -0.881288 11.946228 -39.121754
v -0.231717 8.403552 -36.859905
v -3.997594 8.507413 -36.943462
v -4.256234 5.335262 -31.516048
v -0.072694 4.570725 -31.686409
v -4.135798 3.199757 -25.039452
v -0.072683 2.382165 -24.887516
v -3.716888 2.404654 -17.929146
v 0.019601 2.704571 -18.768269
v -7.641644 13.623222 -37.421810
v -7.440115 16.293018 -37.842461
v -7.971360 10.463050 -35.155975
v -7.541752 7.707211 -30.677979
v -7.154651 5.745724 -24.712158
v -8.297001 18.920811 -36.043015
v -7.952620 22.333246 -36.071018
v -9.198785 15.834272 -35.535465
v -10.305682 14.370701 -33.434017
v -2.358948 30.439436 -35.576103
v 0.961666 30.823374 -34.690235
v -9.209651 18.922756 -32.250515
v -10.207198 11.966786 -29.225182
v -9.670416 10.182743 -23.747719
v -6.523829 3.894491 -17.684845
v -3.231235 2.632749 -12.501533
v -0.072666 2.521891 -14.757148
v -0.854571 4.833525 -7.906710
v 0.060130 3.005504 -9.835011
v 0.104500 5.393658 -4.965312
v -1.288197 7.665044 -5.524004
v -3.804137 10.741518 0.089860
v 1.172539 12.559083 -0.171209
v -3.590425 25.524420 -55.268410
v -3.265733 25.006161 -56.139896
v -4.275326 26.241421 -53.907795
v -4.313320 26.402184 -53.456181
v -4.235745 26.397722 -53.300518
v -4.080245 26.260685 -53.333912
v -3.948004 26.114857 -53.659428
v -3.444664 25.800465 -54.526806
v -3.084835 25.327211 -55.230366
v -2.680711 24.609245 -56.457573
v -2.202524 23.910055 -57.719925
v -1.809299 23.172134 -58.673935
v -1.545985 22.375736 -59.294037
v -1.077664 22.071047 -59.497688
v -1.302086 22.571775 -59.215794
v -1.554767 23.243654 -58.625885
v -1.057690 22.373680 -59.380909
v -2.886315 24.585732 -57.057079
v -2.453641 23.932354 -58.306988
v -2.111863 23.903025 -59.112629
v -2.344923 23.495296 -58.706955
v -1.436205 20.587160 -59.396362
v -1.466709 20.559813 -59.055191
v -1.879992 21.458677 -59.586853
v -1.735493 21.500845 -59.902534
v -1.197349 20.462990 -59.098606
v -1.191962 20.485630 -59.383121
v -1.712474 25.329529 -59.214058
v -1.259070 25.733070 -59.731297
v -0.795810 25.969526 -59.841633
v -1.650196 24.305113 -59.845188
v -0.866651 24.855175 -60.476093
v -1.303336 24.587547 -60.309631
v -1.443207 21.334200 -60.043522
v -1.371336 20.714598 -59.618252
v -1.176523 20.655542 -59.635677
v -1.160418 20.849785 -59.808113
v -1.297925 20.894686 -59.813404
v -1.285974 21.287569 -60.079098
v -1.126571 21.272549 -60.092602
v -0.962443 23.434320 -60.873188
v -1.312619 23.289694 -60.704159
v -1.517247 23.145678 -60.473881
v -1.282028 22.090044 -60.507607
v -1.451113 22.134674 -60.423954
v -1.343112 22.679251 -60.648159
v -1.507372 22.657955 -60.483337
v -1.934121 22.655821 -59.866428
v -1.793452 22.133848 -60.076672
v -1.883952 22.417894 -59.972057
v -1.999796 21.886070 -59.662228
v -2.119310 22.308937 -59.509209
v -2.067297 22.112036 -59.596767
v -2.488707 23.756321 -58.126289
v -2.339525 23.336296 -58.599171
v -2.100240 22.150976 -59.400745
v -2.051636 22.013596 -59.451717
v -1.995013 21.858744 -59.474136
v -1.850044 21.569759 -59.378685
v -1.466800 20.625542 -58.889713
v -1.195558 20.524685 -58.902988
v 0.421788 6.655763 2.735200
v 1.426517 8.257868 2.997014
v 0.953830 8.161501 5.837555
v 0.108995 6.739889 5.471050
v -1.587445 5.816270 2.895647
v -1.565137 6.202228 5.130116
v -3.029978 7.212592 4.927047
v -3.168797 7.380107 3.390310
v -3.002305 9.028622 5.180866
v -2.929341 9.511205 3.652368
v -2.117238 10.618257 5.602169
v -2.111095 11.136449 3.489860
v -0.254309 11.069094 6.015775
v -0.278378 11.220434 3.129140
v 1.555369 10.051404 3.023936
v 0.998495 9.828543 5.971666
v 0.953830 8.161501 5.837555
v 1.426517 8.257868 2.997014
v -0.604068 7.909325 8.574389
v -1.218440 6.947113 8.266083
v -2.434072 6.356689 7.581086
v -3.475415 7.099060 7.243872
v -3.547818 8.422636 7.326768
v -2.887474 9.582471 7.688006
v -1.652593 10.031368 8.288640
v -0.732360 9.143346 8.600965
v -0.604068 7.909325 8.574389
v -2.070215 6.760284 11.006593
v -2.508296 6.081101 10.825603
v -3.315591 5.524789 10.500302
v -4.351599 6.006862 10.038991
v -4.298836 7.278674 10.020595
v -3.773207 8.247554 10.248244
v -2.734349 8.462172 10.692519
v -2.067043 7.660145 11.003955
v -2.070215 6.760284 11.006593
v -0.809734 10.827619 -0.025948
v -2.501054 11.062385 0.718121
v -2.315719 5.181328 0.578502
v -0.194315 6.277164 0.395394
v -1.214844 4.848401 -3.340489
v -3.231235 2.632749 -12.501533
v -0.854571 4.833525 -7.906710
v -0.264622 6.842815 -3.263265
v 0.674483 8.029976 0.096680
v 1.005587 9.983469 0.224310
v -1.288197 7.665044 -5.524004
v -1.418591 10.847271 -5.587715
v -0.996346 10.369767 -3.276273
v 0.026374 9.081927 -3.171627
v -0.264622 6.842815 -3.263265
v -0.854571 4.833525 -7.906710
v 0.674483 8.029976 0.096680
v -3.183634 4.308711 -2.939301
v -3.792843 7.404013 1.200488
v -3.568488 9.723147 1.254756
v -3.137852 10.744927 -5.700106
v -2.614711 10.333113 -3.241354
v -4.391787 9.373587 -2.687638
v -5.379337 8.911210 -6.893222
v -3.137852 10.744927 -5.700106
v -5.379337 8.911210 -6.893222
v -4.891018 7.069406 -1.946881
v -6.733594 6.113935 -8.644430
v -9.091704 7.604236 -16.662632
v -4.882904 2.835847 -10.805616
v -4.882904 2.835847 -10.805616
v -6.733594 6.113935 -8.644430
v -3.239478 14.957383 17.253212
v -2.822436 15.037818 17.305389
v -2.708336 14.486433 16.677151
v -3.168223 14.463957 16.649166
v -3.479298 14.242300 16.958672
v -3.438809 14.672155 17.467884
v -3.237537 14.013715 17.355827
v -3.231829 14.466772 17.731953
v -3.231829 14.466772 17.731953
v -3.237537 14.013715 17.355827
v -2.746543 14.054090 17.359650
v -2.860949 14.520702 17.795444
v -2.610474 14.794120 17.608215
v -2.468166 14.279882 17.039036
v -3.397410 15.181906 17.837471
v -3.043424 15.309043 17.955196
v -3.489558 14.852101 17.923733
v -3.294931 14.679985 18.083817
v -3.294931 14.679985 18.083817
v -3.024725 14.730158 18.192150
v -2.823052 15.037178 18.166790
v -3.613571 15.261199 18.486225
v -3.353880 15.381071 18.643578
v -3.635858 14.974220 18.464725
v -3.459918 14.839073 18.565083
v -3.459918 14.839073 18.565083
v -3.256980 14.871942 18.686298
v -3.148342 15.141596 18.758465
v -3.876173 15.122553 19.036053
v -3.709568 15.208418 19.203526
v -3.828185 14.930107 18.969463
v -3.702177 14.841009 19.014679
v -3.702177 14.841009 19.014679
v -3.574556 14.856737 19.116505
v -3.534859 15.028568 19.236446
v -12.337483 9.576336 20.566074
v -12.447314 10.094473 20.669785
v -12.036069 10.153752 20.353043
v -11.902043 9.686411 20.248650
v -11.902043 9.686411 20.248650
v -12.036069 10.153752 20.353043
v -11.536981 10.229845 20.577801
v -11.365045 9.726041 20.469723
v -11.270701 9.642829 21.083221
v -11.525649 10.235287 21.128510
v -12.509374 10.720182 20.539116
v -12.115861 10.674160 20.259914
v -12.115861 10.674160 20.259914
v -11.680381 10.834846 20.462143
v -11.752833 11.001653 20.896034
v -12.462098 11.203976 20.214680
v -12.146161 11.141109 20.026096
v -12.146161 11.141109 20.026096
v -11.796079 11.289196 20.148659
v -11.813117 11.512213 20.493214
v -12.443294 11.524150 19.918240
v -12.147233 11.416599 19.787800
v -12.147233 11.416599 19.787800
v -11.849830 11.598543 19.868164
v -11.902116 11.873828 20.078033
v -12.383697 11.669960 19.634361
v -12.118304 11.544312 19.611549
v -12.118304 11.544312 19.611549
v -11.881640 11.734634 19.600330
v -11.953296 12.011917 19.613838
v -2.251741 7.672012 23.560032
v -1.613945 8.615346 23.551060
v -2.069636 8.792850 23.402775
v -2.801339 7.982070 23.361626
v -2.723711 8.137089 22.736858
v -2.117983 8.782322 22.876049
v -2.252209 8.039452 22.354275
v -1.742740 8.610559 22.552670
v -1.699021 7.726245 22.557663
v -2.252209 8.039452 22.354275
v -1.742740 8.610559 22.552670
v -1.249258 8.419434 22.732418
v -1.777272 7.570287 23.186451
v -1.255374 8.452998 23.273056
v -1.064202 9.348838 23.260178
v -1.429154 9.449738 23.171383
v -1.553443 9.343972 22.767952
v -1.255921 9.126131 22.479259
v -1.255921 9.126131 22.479259
v -0.805497 9.024267 22.649212
v -0.798169 9.180659 23.072895
v -0.568285 9.972881 22.527088
v -0.882437 9.969529 22.479576
v -1.022064 9.725677 22.300224
v -0.808775 9.499250 22.183170
v -0.808775 9.499250 22.183170
v -0.484364 9.505573 22.234100
v -0.344228 9.756104 22.417889
v -0.402670 10.134748 21.975262
v -0.652585 10.078783 21.986641
v -0.746624 9.857606 21.965431
v -0.589935 9.696907 21.933353
v -0.589935 9.696907 21.933353
v -0.371886 9.709164 21.918762
v -0.222091 9.925357 21.935207
v -6.247627 9.717443 22.444141
v -6.047656 10.739852 22.301502
v -6.484468 10.792583 22.148800
v -6.791940 9.838267 22.205624
v -6.513480 10.733871 21.700535
v -6.796544 9.869192 21.643486
v -6.191631 10.641295 21.434719
v -6.399269 9.810167 21.271465
v -5.845083 9.690252 21.456261
v -6.399269 9.810167 21.271465
v -6.191631 10.641295 21.434719
v -5.755047 10.585024 21.562260
v -5.846935 9.659766 22.034092
v -5.701643 10.641560 22.024460
v -5.849401 11.453873 21.897789
v -6.201612 11.446198 21.802097
v -6.229625 11.287939 21.486046
v -5.987875 11.171042 21.312710
v -5.987875 11.171042 21.312710
v -5.653256 11.168621 21.384609
v -5.575934 11.323906 21.706139
v -5.668966 11.935551 21.295242
v -5.899578 11.890736 21.253658
v -5.949925 11.712097 21.102234
v -5.779382 11.583176 20.996365
v -5.779382 11.583176 20.996365
v -5.536110 11.624589 21.035294
v -5.477414 11.815683 21.197353
v -3.426435 3.551202 19.983391
v -3.091170 4.533439 21.917015
v -3.896480 4.476122 22.444561
v -4.343973 3.304556 20.353970
v -4.693473 5.179738 22.164459
v -5.023222 3.843516 20.268963
v -4.955845 4.532567 20.026539
v -4.570582 5.607956 21.447479
v -4.265692 4.669704 19.927914
v -3.705245 5.639450 21.000191
v -4.265692 4.669704 19.927914
v -3.705245 5.639450 21.000191
v -2.944150 5.083014 21.445084
v -3.494778 4.278405 19.986313
v -7.626595 4.963572 19.235611
v -7.863137 6.511466 20.797409
v -6.982871 6.490977 20.401787
v -6.835850 5.222423 19.243328
v -6.835850 5.222423 19.243328
v -6.982871 6.490977 20.401787
v -6.177572 6.117699 20.984566
v -6.124230 4.882226 19.586128
v -6.306592 5.934582 21.712975
v -6.224321 4.260059 19.977806
v -4.884287 6.765504 11.108077
v -4.303064 7.673283 11.309688
v -3.368297 7.917474 11.729564
v -2.536263 7.531108 11.953973
v -2.480957 6.454076 11.950921
v -2.480957 6.454076 11.950921
v -3.036926 5.458637 12.039218
v -4.085388 4.653383 12.088794
v -5.054139 5.242085 11.531089
v -3.760714 7.791881 12.551126
v -4.495790 7.506803 12.520053
v -2.785749 7.767533 13.501836
v -2.917348 7.881238 12.934608
v -2.790403 9.124418 13.130118
v -2.655781 9.180867 13.669595
v -2.877225 6.447874 13.168757
v -4.822815 3.903428 18.031048
v -4.312616 3.507361 17.831860
v -6.528785 3.728187 17.954597
v -5.613497 4.243108 17.921040
v -6.966398 3.973686 20.115673
v -7.701926 4.298489 19.732994
v -7.051014 4.290083 17.485401
v -6.018966 6.848123 13.613299
v -1.418591 10.847271 -5.587715
v -3.875294 9.046026 12.618001
v -4.298379 9.136319 13.246287
v -3.997691 10.008205 13.643321
v -3.367733 9.986706 12.956246
v -4.736830 7.761601 12.912036
v -3.875294 9.046026 12.618001
v -6.216094 7.293833 14.382617
v -7.518043 6.088870 14.897048
v -5.080484 8.181320 13.664327
v -4.298379 9.136319 13.246287
v -2.785749 7.767533 13.501836
v -2.854162 6.844270 13.915648
v -3.846274 9.608309 14.284415
v -4.401355 8.665298 14.159833
v -4.401355 8.665298 14.159833
v -5.043885 8.187469 14.539077
v -4.168262 7.899270 14.948766
v -3.786347 8.576163 14.313512
v -7.032605 6.091488 15.858220
v -5.993143 7.126390 15.182441
v -4.072147 5.749183 16.432545
v -3.367495 8.341736 14.293462
v -3.367495 8.341736 14.293462
v -3.301471 7.599120 14.672706
v -2.854162 6.844270 13.915648
v -3.301471 7.599120 14.672706
v -3.281847 6.403249 15.545987
v -3.312900 5.487100 16.296547
v -3.446252 3.687325 17.995113
v -3.406260 4.197866 18.234001
v -4.251026 4.741337 18.308140
v -3.406260 4.197866 18.234001
v -3.396145 4.306894 17.437225
v -4.356617 4.878391 17.534588
v -4.251026 4.741337 18.308140
v -5.682061 4.898865 17.932255
v -4.942217 4.708517 18.112682
v -5.264753 4.796597 17.876114
v -5.682061 4.898865 17.932255
v -4.942217 4.708517 18.112682
v -4.251026 4.741337 18.308140
v -7.102712 4.985992 17.394501
v -7.102712 4.985992 17.394501
v -7.358270 5.019038 17.206127
v -6.335387 5.127645 17.586342
v -6.335387 5.127645 17.586342
v -1.062535 22.086203 -60.556694
v -1.015349 22.704397 -60.798859
v -2.521881 7.629101 22.023911
v -3.030054 7.638179 22.366035
v -3.772941 7.133749 22.587608
v -3.529390 7.177386 21.560844
v -3.297449 7.516888 22.876259
v -3.483244 7.354846 22.770115
v -3.236120 7.461570 21.881451
v -2.893330 7.088938 23.505440
v -3.157096 6.445177 23.247986
v -3.025716 6.833495 23.411324
v -2.158879 6.854119 23.008568
v -2.404332 6.107671 22.512142
v -2.338431 6.437202 22.707111
v -2.372412 6.110560 21.721188
v -2.078944 7.155788 22.313240
v -2.521881 7.629101 22.023911
v -2.110561 6.665746 21.846588
v -2.939602 6.747918 21.247944
v -2.652894 7.207400 21.439663
v -2.939602 6.747918 21.247944
v -2.652894 7.207400 21.439663
v -7.019486 5.771881 22.064823
v -7.904124 6.084075 21.682705
v -6.438117 8.697991 22.578011
v -5.882348 8.733113 21.989086
v -5.813667 8.911366 21.249115
v -5.778883 7.875881 20.947212
v -5.886095 8.031069 21.870289
v -5.817874 8.454957 21.078667
v -5.884251 8.392083 21.960754
v -6.559873 8.336102 20.096886
v -6.507425 9.216627 20.953308
v -6.510751 8.809622 20.464077
v -6.507425 9.216627 20.953308
v -7.001788 9.214358 21.391304
v -6.559873 8.336102 20.096886
v -7.356765 8.440893 20.901920
v -6.510751 8.809622 20.464077
v -7.150833 8.854279 21.184586
v -7.335824 8.360386 22.154217
v -7.135114 8.985786 22.223488
v -7.260004 8.688915 22.235828
v -6.620988 8.117479 22.531864
v -6.571875 8.465930 22.615135
v -7.812856 5.475280 16.466805
v -7.727351 5.151179 17.325733
v -8.702605 4.620114 18.411312
v -7.761799 4.225943 17.101521
v -7.812856 5.475280 16.466805
v -8.168279 5.433264 16.749020
v -9.021810 5.623132 17.504566
v -8.332265 5.258494 15.775035
v -10.138005 4.441553 17.804497
v -9.822063 5.240269 17.011868
v -8.168279 5.433264 16.749020
v -7.812856 5.475280 16.466805
v -9.021810 5.623132 17.504566
v -2.648482 13.795600 15.964883
v -3.269609 13.813369 15.953111
v -3.635358 13.673629 16.474491
v -3.297074 13.686728 15.806354
v -3.745868 13.304176 16.408966
v -3.477051 13.440125 17.009155
v -3.598659 12.925905 16.857681
v -3.477051 13.440125 17.009155
v -2.742433 13.332471 16.955685
v -2.877711 12.067890 16.330017
v -3.598659 12.925905 16.857681
v -2.369804 13.524898 16.492283
v -2.317648 12.349669 15.850616
v -2.557356 13.515561 15.744834
v -2.196559 11.036083 14.612945
v -2.753063 10.921004 15.160943
v -2.768070 10.991444 14.821788
v -2.307824 11.668653 15.501098
v -3.797324 11.088744 16.020157
v -3.405358 11.122835 14.980704
v -3.553602 11.552237 16.197052
v -2.820189 11.274037 15.942504
v -3.862256 12.882399 16.136017
v -3.797324 11.088744 16.020157
v -3.405358 11.122835 14.980704
v -3.669535 11.593311 14.473369
v -3.917593 12.282863 15.547126
v -3.553602 11.552237 16.197052
v -3.316692 13.388532 15.501822
v -3.134655 11.814166 13.834886
v -3.316089 12.931540 14.943006
v -2.552015 13.210421 15.464375
v -2.476091 11.635438 14.047303
v -2.531581 12.726045 14.889081
v -2.266484 11.896587 15.329978
v -8.345834 4.074421 16.612858
v -9.854253 4.213299 18.621078
v -11.931205 9.558079 21.548225
v -12.132098 10.250215 21.460316
v -12.235187 11.030987 21.090588
v -12.289582 11.581369 20.732113
v -12.276755 11.956245 20.200729
v -12.197345 12.084915 19.633530
v -12.443517 9.476712 21.106304
v -12.528356 10.119748 21.105831
v -12.542476 10.932214 20.867779
v -12.548707 11.389078 20.490414
v -12.485545 11.775949 20.086918
v -12.388902 11.935488 19.642754
v -10.980610 5.818006 18.468151
v -10.250546 6.224990 18.498241
v -10.250546 6.224990 18.498241
v -9.535260 6.140274 19.175591
v -10.973142 6.993341 18.791367
v -10.042509 6.915020 19.655479
v -9.787374 5.621229 19.781693
v -10.339625 6.509599 20.649998
v -11.021664 5.447225 20.269917
v -11.271031 6.083374 20.690510
v -11.360108 5.340834 19.516518
v -10.973142 6.993341 18.791367
v -11.576550 6.420889 18.948254
v -11.802423 5.942101 19.948219
v -12.157279 8.740619 20.206158
v -12.332757 8.602050 21.077648
v -11.833989 8.454394 21.493095
v -12.333133 6.876419 20.657444
v -11.693847 6.917014 21.292282
v -11.798066 7.680298 21.428856
v -12.355615 7.712851 20.930557
v -10.983748 8.727912 21.117424
v -10.605737 7.757874 21.188046
v -10.846701 8.269733 21.152218
v -11.042830 8.888822 20.273540
v -10.339169 7.789450 19.794083
v -10.588149 8.483662 20.065094
v -11.521554 8.804903 19.887066
v -11.521554 8.804903 19.887066
v -11.351778 8.400533 19.421600
v -11.146044 7.772693 19.103882
v -12.032191 7.360935 19.635971
v -12.108277 8.015410 19.913280
v -11.146044 7.772693 19.103882
v -11.351778 8.400533 19.421600
v -7.219573 25.917023 -37.255547
v -5.636168 28.438910 -36.382156
v -0.324693 30.530296 -30.030891
v -3.877677 30.412861 -29.453159
v -7.389492 30.345428 -30.372955
v -9.050737 26.522142 -35.516491
v -9.074748 23.515118 -35.918510
v -9.300157 21.606892 -34.006668
v -11.263403 28.216017 -32.789356
v -0.307313 29.814119 -24.723824
v -4.654767 30.066870 -24.861713
v -4.644259 27.078506 -10.988098
v -3.618246 15.582047 4.430943
v -0.075506 14.612445 4.455513
v 0.681187 25.486477 -2.969790
v 0.447557 27.342636 -12.271963
v -0.073339 19.232403 7.066150
v -0.073339 19.232403 7.066150
v -3.206318 15.666611 8.595091
v -0.070935 15.445014 9.347278
v -0.070935 15.445014 9.347278
v -2.019327 24.024181 -57.723263
v -1.302086 22.571775 -59.215794
v -1.554767 23.243654 -58.625885
v -1.057690 22.373680 -59.380909
v -2.019327 24.024181 -57.723263
v -2.464947 24.786526 -56.459442
v -1.772888 24.528473 -56.458576
v -2.464947 24.786526 -56.459442
v -2.733735 25.418270 -55.409237
v -3.160584 25.826488 -54.701286
v -3.509993 26.227104 -53.927731
v -0.976158 23.863632 -57.539501
v -1.271237 24.008202 -57.260937
v -1.435422 24.781404 -56.387218
v -2.733735 25.418270 -55.409237
v -1.959152 25.243855 -55.403149
v -0.925869 24.726006 -56.707088
v -1.636125 25.521015 -55.553009
v -0.882868 25.496368 -55.818722
v -2.227648 25.951286 -54.518436
v -3.160584 25.826488 -54.701286
v -1.741307 26.320877 -54.504925
v -0.845383 26.242128 -54.646683
v -3.714403 26.240992 -53.432125
v -3.758672 26.313089 -53.392590
v -3.771132 26.299812 -53.556850
v -4.777759 30.617413 -53.870296
v -5.117626 30.481922 -53.389538
v -5.317915 30.163658 -52.989117
v -3.797700 26.171898 -53.905788
v -3.436180 25.349894 -55.118343
v -3.149886 24.895124 -56.017559
v -2.816509 24.493187 -56.985561
v -2.367238 23.700748 -58.056587
v -2.217052 23.294022 -58.516354
v -2.024975 22.158293 -59.283451
v -1.965036 22.004883 -59.334515
v -1.904082 21.871418 -59.358017
v -1.763531 21.589512 -59.307804
v -2.230680 23.731739 -58.076508
v -2.367238 23.700748 -58.056587
v -2.217052 23.294022 -58.516354
v -2.066560 23.277004 -58.574379
v -1.589077 24.220251 -58.342564
v -1.421364 23.583076 -58.958179
v -2.024975 22.158293 -59.283451
v -1.965036 22.004883 -59.334515
v -1.904082 21.871418 -59.358017
v -1.459241 20.723654 -58.862728
v -1.188545 20.638544 -58.821148
v -1.188545 20.638544 -58.821148
v -1.119677 21.533709 -59.212543
v -1.075775 22.118687 -59.385292
v -0.965025 23.733759 -59.074314
v -2.591778 24.492599 -57.055805
v -2.816509 24.493187 -56.985561
v -2.860924 24.976673 -56.053783
v -3.149886 24.895124 -56.017559
v -3.109996 25.342644 -55.226505
v -3.436180 25.349894 -55.118343
v -1.986514 26.072710 -55.368290
v -0.814712 26.506474 -55.540871
v -1.888796 25.552174 -56.193329
v -1.803340 24.998264 -57.267761
v -0.912638 24.569027 -58.545193
v -0.860518 25.498077 -57.493359
v -0.835123 26.053673 -56.429409
v -3.801279 14.773436 19.334339
v -3.802936 14.733591 19.272488
v -3.574556 14.856737 19.116505
v -3.534859 15.028568 19.236446
v -3.802936 14.733591 19.272488
v -3.864075 14.739285 19.231010
v -3.702177 14.841009 19.014679
v -3.574556 14.856737 19.116505
v -3.925721 14.767073 19.211105
v -3.828185 14.930107 18.969463
v -3.702177 14.841009 19.014679
v -3.864075 14.739285 19.231010
v 1.540595 28.147873 -54.556179
v 1.323499 27.924908 -55.003571
v 1.480011 28.472765 -55.336132
v 1.434770 28.712494 -54.725498
v 1.966448 27.324459 -54.596497
v 1.999547 27.820370 -54.323715
v 2.551656 27.359938 -54.044357
v 2.619263 27.759174 -53.981644
v 3.400570 27.619808 -53.460499
v 3.325125 28.066475 -53.651897
v 3.981304 28.352472 -53.019970
v 4.192429 28.100990 -52.780579
v 4.447346 29.059387 -52.588673
v 4.806179 28.972542 -52.207466
v 4.504942 29.544338 -52.602509
v 4.972030 29.657764 -52.129543
v 4.708737 30.338894 -52.962410
v 4.251189 30.047426 -53.129566
v 4.378933 30.458055 -53.898560
v 3.867455 30.197277 -53.790810
v 3.677109 30.218811 -54.570133
v 3.413972 30.064604 -54.420353
v 3.043336 29.620358 -55.040066
v 2.819368 29.637192 -54.752689
v 2.326835 28.825005 -55.435802
v 2.076474 28.967999 -54.930523
v 1.189536 28.185131 -55.752537
v 1.721731 28.461216 -56.092800
v 1.852742 29.013733 -56.717144
v 2.359615 29.402164 -56.009365
v 3.130123 30.049500 -55.467445
v 3.866385 30.707928 -54.755863
v 4.741850 31.099228 -53.736668
v 5.098669 30.913195 -52.453125
v 5.353971 29.888685 -51.480751
v 5.221760 28.629257 -51.303467
v 4.492598 27.654736 -52.175777
v 3.458224 26.978733 -53.148388
v 2.562111 26.711040 -53.950207
v 1.704024 26.852110 -54.980034
v 1.101048 27.504272 -55.623005
v -0.596983 22.226391 -59.162003
v 0.788465 27.151649 -56.348598
v 1.422221 24.933987 -56.098606
v 1.054669 25.587246 -56.550468
v 0.598428 26.614101 -57.006699
v 0.421677 26.205009 -57.816425
v 0.397102 29.815933 -57.230320
v -0.069100 29.007574 -57.532913
v 1.001246 30.734653 -56.711704
v 1.680914 29.848797 -56.956558
v 0.988238 29.386816 -57.324203
v 4.855584 26.981251 -50.584805
v 5.754595 28.855696 -49.791431
v 5.744207 30.565485 -50.419060
v 5.314877 26.986004 -49.397079
v 2.300468 30.283901 -56.370602
v 1.902502 31.006893 -56.346500
v 2.955426 30.970837 -55.710114
v 2.146434 31.746262 -55.540352
v 3.661767 31.824539 -54.749161
v 1.037358 31.919258 -55.603729
v 2.586016 32.840897 -54.388729
v 4.514482 32.328732 -53.352566
v 1.313992 33.304283 -54.207932
v 1.682655 34.391117 -52.434940
v 3.348087 33.525600 -52.842720
v 2.075801 35.156258 -50.660343
v 3.930336 34.144394 -51.004559
v 5.251448 32.312256 -51.349541
v 1.240716 28.663206 -57.226116
v 0.375200 29.016754 -57.484642
v 0.716510 27.702686 -56.711338
v 1.168103 28.204369 -56.777191
v 0.599813 28.305052 -57.363041
v -0.090431 22.954603 -58.434895
v 0.110066 23.123672 -57.241711
v 0.357135 23.537533 -57.458126
v 0.398079 23.693836 -56.059647
v 0.800273 24.139114 -56.255398
v 0.735387 24.156036 -54.950603
v 1.208308 24.776089 -55.136379
v 1.256867 24.309109 -54.021378
v 1.713203 25.177448 -54.315372
v 0.166211 23.491354 -53.757797
v -0.120336 23.525879 -54.725372
v -0.368352 23.222338 -55.853069
v -0.553847 22.763323 -56.982479
v 1.993016 24.318764 -53.131763
v 2.312375 25.498930 -53.426182
v 3.874222 25.268356 -51.402088
v 2.700606 25.722847 -52.693371
v 4.392179 25.239964 -50.382790
v 4.713263 25.145023 -49.330704
v 2.480651 24.190441 -52.597363
v 2.877686 23.892254 -51.694458
v 0.532110 23.220070 -52.818394
v 0.234825 22.768635 -51.857841
v 1.594341 23.356255 -52.539196
v 1.635635 23.103085 -51.706345
v 3.229397 23.629753 -50.747932
v 1.756377 22.865299 -50.531078
v 3.530023 23.422915 -49.712170
v 2.009049 22.540680 -49.528549
v 0.248693 22.384197 -50.915787
v 2.392861 21.942797 -48.678364
v 0.301478 21.998108 -50.010529
v 2.902782 21.083698 -47.340305
v 3.506477 32.907291 -43.400860
v 5.627553 30.079639 -43.877510
v 6.262548 26.650608 -44.326103
v 5.698140 22.961872 -44.757656
v 3.658825 20.292160 -44.587547
v 0.420324 21.527439 -48.931782
v 0.603644 20.215691 -47.303257
v 1.026309 18.922829 -44.046867
v 1.934722 17.616482 -41.829498
v 4.746187 19.711391 -41.842373
v 6.805838 22.426062 -41.989101
v 5.704142 28.578554 -41.374870
v 7.101703 25.950727 -41.793026
v 3.910626 31.229923 -40.847782
v 3.692524 30.140305 -37.421188
v 4.857987 27.056515 -37.931683
v 5.922556 24.521564 -38.051365
v 6.286383 21.395578 -37.542984
v 5.971774 18.960112 -39.605167
v 3.181582 15.435999 -40.633366
v 2.188012 11.897042 -39.538082
v 3.553770 8.430480 -37.002758
v 4.110847 5.335255 -31.516060
v 3.990431 3.199747 -25.039463
v 3.728867 2.273983 -18.101421
v 6.336256 12.816669 -38.242588
v 5.786167 15.127843 -38.953682
v 7.265399 10.056424 -35.569756
v 7.396369 7.707193 -30.678001
v 7.009287 5.745707 -24.712177
v 7.597221 17.910465 -36.877888
v 6.884606 20.886084 -35.357525
v 8.046075 14.517453 -36.794956
v 9.760626 13.527802 -34.249741
v 2.929660 29.240234 -35.784977
v 9.295645 18.082981 -32.814713
v 10.058894 11.926016 -29.263981
v 9.483315 10.342470 -24.022308
v 6.845892 4.110516 -18.706821
v 3.738325 2.140501 -12.448903
v 2.386132 4.047969 -7.699180
v 3.402116 6.484222 -4.582108
v 4.096735 10.332924 0.613720
v 1.785913 25.142000 -55.197033
v 1.414278 24.673269 -56.077770
v 2.529210 25.757416 -53.817463
v 2.577631 25.912033 -53.364697
v 2.496124 25.918888 -53.211147
v 2.323733 25.805172 -53.248894
v 2.180831 25.678917 -53.578060
v 1.661154 25.437292 -54.459019
v 1.256683 25.018406 -55.172726
v 0.787579 24.362549 -56.411530
v 0.248770 23.735701 -57.687382
v -0.219588 23.059061 -58.652828
v -0.576483 22.306780 -59.281166
v -0.792166 22.535503 -59.209019
v -0.462617 23.165970 -58.611389
v 1.003540 24.309046 -57.005436
v 0.515922 23.721128 -58.267563
v 0.194833 23.738949 -59.082005
v 0.357050 23.303106 -58.671082
v -0.935545 20.551548 -59.389713
v -0.496704 21.412733 -59.886089
v -0.368015 21.351130 -59.566776
v -0.918241 20.520798 -59.047909
v 0.004158 25.207424 -59.191273
v -0.373754 25.670097 -59.719543
v -0.185774 24.200954 -59.825748
v -0.476784 24.528755 -60.298660
v -0.975843 20.686466 -59.613003
v -0.805804 21.288860 -60.035061
v -1.017850 20.874765 -59.809689
v -0.967059 21.264885 -60.074867
v -0.640846 23.241915 -60.695244
v -0.464813 23.070816 -60.459904
v -0.846082 22.059034 -60.501820
v -0.674652 22.079449 -60.413643
v -0.543357 22.589380 -60.470539
v -0.698539 22.633404 -60.639599
v -0.137649 22.528036 -59.842579
v -0.345168 22.030832 -60.057442
v -0.218176 22.299410 -59.949940
v -0.186984 21.757126 -59.638165
v -0.012914 22.159111 -59.481243
v -0.089938 21.971388 -59.570518
v 0.520938 23.542244 -58.086330
v 0.326359 23.146671 -58.563778
v -0.057005 22.005646 -59.373619
v -0.123199 21.876425 -59.426113
v -0.200553 21.731104 -59.450314
v -0.387430 21.465719 -59.359264
v -0.913219 20.586164 -58.882362
v 4.179407 5.891340 1.933786
v 4.450845 6.098048 4.120790
v 3.950160 7.689001 4.355004
v 3.538091 7.798383 2.014269
v 6.063457 4.548804 1.921307
v 6.021352 5.167013 4.029451
v 8.092260 5.642010 1.944289
v 7.790267 5.795850 4.001992
v 8.424981 7.737441 1.903530
v 8.248251 7.561653 4.174191
v 8.094982 9.591171 1.725459
v 7.809719 9.357376 4.353945
v 6.209591 10.264027 1.729315
v 6.072672 10.299505 4.600602
v 4.022143 9.515572 1.838988
v 4.410883 9.359933 4.521133
v 3.538091 7.798383 2.014269
v 3.950160 7.689001 4.355004
v 4.997157 5.920025 6.925090
v 4.561058 7.008892 7.084288
v 6.149947 5.077435 6.584765
v 7.401168 5.551561 6.579270
v 7.769223 6.820569 6.728625
v 7.346154 8.116056 6.933448
v 6.149367 8.868196 7.195893
v 4.979564 8.184289 7.204033
v 4.561058 7.008892 7.084288
v 5.178607 4.836740 9.680001
v 4.875170 5.604051 9.751568
v 5.895415 4.098908 9.586080
v 7.103820 4.313495 9.475516
v 7.353320 5.561654 9.497332
v 7.021552 6.632288 9.599870
v 5.976030 7.095175 9.723507
v 5.080222 6.479527 9.787072
v 4.875170 5.604051 9.751568
v 8.172309 8.973878 -1.081856
v 6.486012 9.264327 -1.017455
v 4.116875 5.025682 -0.194168
v 6.130377 3.392879 -0.300621
v 4.033817 3.358949 -3.640279
v 3.502512 5.653061 -3.621721
v 2.386132 4.047969 -7.699180
v 3.738325 2.140501 -12.448903
v 3.640907 7.030300 -0.585662
v 4.163255 8.934888 -0.675184
v 3.402116 6.484222 -4.582108
v 4.243738 7.599069 -3.274633
v 6.836780 8.061584 -3.223418
v 6.960505 8.135963 -3.875620
v 3.502512 5.653061 -3.621721
v 2.386132 4.047969 -7.699180
v 3.640907 7.030300 -0.585662
v 6.431042 2.167136 -3.848312
v 8.115663 5.078003 -0.424763
v 8.563181 7.342844 -0.729259
v 8.577019 7.834421 -4.389168
v 9.461499 8.859327 -6.151590
v 9.326406 6.629560 -4.743190
v 10.686473 8.241210 -9.591543
v 9.461499 8.859327 -6.151590
v 10.686473 8.241210 -9.591543
v 8.732247 4.243641 -3.784291
v 9.912518 4.963946 -11.262889
v 9.411244 8.207602 -18.375469
v 6.956609 1.875310 -12.002213
v 6.956609 1.875310 -12.002213
v 9.912518 4.963946 -11.262889
v 5.974048 13.479109 16.411453
v 5.975397 12.998759 15.792832
v 5.546387 13.128351 15.683557
v 5.590807 13.655772 16.340508
v 6.028627 13.161585 16.663193
v 6.119666 12.719758 16.171040
v 5.710597 13.017577 16.844505
v 5.724229 12.565079 16.467915
v 5.710597 13.017577 16.844505
v 5.360605 13.158064 16.796947
v 5.277777 12.718618 16.327106
v 5.724229 12.565079 16.467915
v 5.247735 13.476784 16.555637
v 5.168057 12.993719 15.948220
v 5.996964 13.677314 17.025372
v 5.663224 13.886587 17.037735
v 5.980504 13.337719 17.120808
v 5.712719 13.220217 17.208076
v 5.712719 13.220217 17.208076
v 5.441643 13.334917 17.233097
v 5.333208 13.679568 17.162140
v 6.021034 13.722628 17.711853
v 5.761058 13.904046 17.789780
v 5.982030 13.437842 17.685574
v 5.757952 13.350229 17.723045
v 5.757952 13.350229 17.723045
v 5.541312 13.432837 17.779640
v 5.481199 13.722304 17.827778
v 6.067553 13.542454 18.308399
v 5.882902 13.669447 18.422215
v 5.998755 13.364623 18.222282
v 5.848026 13.308599 18.224030
v 5.848026 13.308599 18.224030
v 5.702987 13.356469 18.283817
v 5.669869 13.536169 18.393810
v 12.166471 6.226597 22.047096
v 11.883733 6.425811 21.619476
v 12.084164 6.851959 21.779160
v 12.356402 6.707727 22.201111
v 11.883733 6.425811 21.619476
v 11.329438 6.595517 21.672123
v 11.572263 7.048399 21.848183
v 12.084164 6.851959 21.779160
v 11.039165 6.554056 22.225502
v 11.398067 7.072032 22.370228
v 12.305764 7.336673 21.736618
v 12.597076 7.297866 22.122040
v 11.878985 7.599918 21.806747
v 12.305764 7.336673 21.736618
v 11.854507 7.757607 22.249321
v 12.511372 7.776911 21.542850
v 12.761881 7.769934 21.819489
v 12.184625 8.005780 21.561893
v 12.511372 7.776911 21.542850
v 12.148543 8.228452 21.905201
v 12.647179 8.037684 21.327827
v 12.906988 8.077118 21.545033
v 12.389639 8.286020 21.323776
v 12.647179 8.037684 21.327827
v 12.438572 8.547463 21.551395
v 12.702593 8.163546 21.156654
v 12.970415 8.224632 21.262871
v 12.530655 8.403286 21.083717
v 12.702593 8.163546 21.156654
v 12.656799 8.656576 21.129929
v 1.492975 6.806010 21.816738
v 2.132660 6.973976 21.804588
v 1.629551 7.933517 21.661026
v 1.122346 7.871152 21.659073
v 2.283622 7.124915 21.192368
v 1.829665 7.897017 21.172646
v 1.939182 7.128728 20.682892
v 1.539549 7.808070 20.745090
v 1.293954 6.958677 20.698586
v 0.984793 7.742146 20.761299
v 1.539549 7.808070 20.745090
v 1.939182 7.128728 20.682892
v 1.142150 6.806796 21.314789
v 0.836243 7.788773 21.280151
v 1.257103 8.714460 21.278046
v 0.869370 8.703769 21.249691
v 1.468672 8.571232 20.925747
v 1.229516 8.420408 20.552422
v 0.738114 8.430964 20.575966
v 1.229516 8.420408 20.552422
v 0.640430 8.596792 20.984596
v 1.077816 9.327192 20.477989
v 0.773488 9.404860 20.429897
v 1.204668 9.052542 20.337975
v 0.990114 8.878676 20.153042
v 0.675946 8.961716 20.105289
v 0.990114 8.878676 20.153042
v 0.548833 9.243103 20.249668
v 1.037809 9.472795 19.944176
v 0.822712 9.584995 19.861328
v 1.080303 9.235302 19.942387
v 0.907835 9.114599 19.858189
v 0.713140 9.176802 19.779873
v 0.907835 9.114599 19.858189
v 0.619300 9.422283 19.760307
v 5.997921 7.833480 22.030872
v 6.601155 7.817565 21.970711
v 6.553230 8.815199 21.866241
v 6.090912 8.869868 21.879517
v 6.780919 7.830525 21.437336
v 6.700846 8.738596 21.444847
v 6.510935 7.854917 20.961704
v 6.461158 8.715856 21.091511
v 5.914858 7.872482 20.967731
v 6.005772 8.766312 21.080708
v 6.461158 8.715856 21.091511
v 6.510935 7.854917 20.961704
v 5.736471 7.858893 21.518017
v 5.830898 8.846874 21.508030
v 6.545690 9.506507 21.479645
v 6.192686 9.598608 21.466362
v 6.629854 9.337132 21.179741
v 6.431026 9.274761 20.937393
v 6.099116 9.352271 20.906219
v 6.431026 9.274761 20.937393
v 5.966969 9.530381 21.196537
v 6.532677 9.993273 20.885918
v 6.317020 10.091650 20.858837
v 6.583516 9.803580 20.748775
v 6.427641 9.714886 20.591457
v 6.200275 9.812824 20.557930
v 6.427641 9.714886 20.591457
v 6.141386 10.016872 20.703266
v 2.703100 2.424733 18.577377
v 3.384840 1.982147 19.193333
v 2.614064 3.284787 21.104488
v 2.039660 3.512726 20.364063
v 4.163306 2.345727 19.337841
v 3.597898 3.775495 21.105114
v 4.332194 3.024362 19.116394
v 3.797479 4.199924 20.403282
v 3.754313 3.315361 18.822758
v 3.137509 4.419016 19.720417
v 3.754313 3.315361 18.822758
v 2.932943 3.115890 18.631973
v 2.171439 4.067741 19.893997
v 3.137509 4.419016 19.720417
v 7.141150 2.799756 19.176018
v 6.466302 3.235505 18.959122
v 6.547520 4.467596 20.162540
v 7.248757 4.294100 20.802830
v 6.466302 3.235505 18.959122
v 5.626412 3.080031 19.059422
v 5.541392 4.308590 20.462379
v 6.547520 4.467596 20.162540
v 5.458507 2.463073 19.435844
v 5.400502 4.121332 21.187527
v 7.061946 5.980995 10.745030
v 7.451459 4.957572 10.686526
v 6.126918 6.447735 10.877674
v 5.200370 6.272007 10.827197
v 4.902081 5.237730 10.761182
v 5.161187 4.143213 10.967839
v 4.902081 5.237730 10.761182
v 5.931682 3.117968 11.292471
v 7.131241 3.449113 11.074563
v 6.215219 6.257753 11.772561
v 6.839479 5.808784 11.949462
v 5.022122 6.487906 12.387809
v 5.176975 7.896978 12.570256
v 5.450218 7.795408 12.093417
v 5.340061 6.551690 11.890994
v 4.902740 5.174198 12.040315
v 4.661882 2.386759 17.146557
v 4.157965 2.114684 16.787537
v 6.223961 1.817512 17.574047
v 6.038349 2.016041 19.775902
v 5.505126 2.529984 17.291779
v 6.977406 2.228949 17.306396
v 6.908773 2.149851 19.644028
v 7.770642 4.845401 13.417058
v 6.960505 8.135963 -3.875620
v 6.590037 7.452212 11.924682
v 6.235379 8.494429 12.136806
v 6.617790 8.388416 12.980540
v 6.814363 7.459535 12.653728
v 7.003901 6.011605 12.406058
v 6.590037 7.452212 11.924682
v 7.825351 5.254800 14.228705
v 8.599289 3.795259 15.054847
v 7.193393 6.361180 13.243958
v 6.814363 7.459535 12.653728
v 4.748936 5.586210 12.762881
v 5.022122 6.487906 12.387809
v 6.193484 8.053146 13.529552
v 6.527608 7.003734 13.535220
v 6.527608 7.003734 13.535220
v 6.898907 6.400603 14.067534
v 5.899106 6.335717 14.185046
v 5.891629 7.064477 13.494790
v 7.340799 5.166663 14.917838
v 7.862533 3.938098 15.827056
v 4.870637 4.310141 15.478446
v 5.455847 6.933403 13.340810
v 5.110136 6.237616 13.650699
v 5.455847 6.933403 13.340810
v 4.555050 5.104497 14.425944
v 5.110136 6.237616 13.650699
v 4.748936 5.586210 12.762881
v 4.148050 4.228038 15.111342
v 3.348351 2.495765 16.693027
v 3.357321 3.008212 16.931019
v 4.242406 3.342228 17.276775
v 3.357321 3.008212 16.931019
v 4.242406 3.342228 17.276775
v 4.603435 3.428859 16.576447
v 3.611719 3.093859 16.172874
v 5.716239 3.151870 17.351246
v 5.323130 3.147889 17.169022
v 4.933357 3.144010 17.294777
v 5.716239 3.151870 17.351246
v 4.933357 3.144010 17.294777
v 4.242406 3.342228 17.276775
v 7.212735 2.890885 17.265205
v 7.513386 2.858208 17.163086
v 7.212735 2.890885 17.265205
v 6.477435 3.212494 17.225796
v 6.477435 3.212494 17.225796
v 2.563457 6.558081 20.908371
v 2.193338 6.657667 20.430389
v 3.068766 5.901254 21.319061
v 3.160869 5.971030 20.269245
v 2.630274 6.392533 21.469322
v 2.796782 6.188771 21.416412
v 2.858737 6.324643 20.499958
v 1.969106 6.088411 21.930504
v 2.142210 5.393889 21.735680
v 2.061054 5.806612 21.869122
v 1.383855 6.016747 21.227802
v 1.587939 5.219838 20.795189
v 1.544399 5.561084 20.975754
v 1.795971 5.207517 20.031502
v 1.587581 6.308777 20.553947
v 2.193338 6.657667 20.430389
v 1.643802 5.811710 20.097134
v 2.609632 5.681741 19.776653
v 2.392544 6.200576 19.893990
v 2.609632 5.681741 19.776653
v 2.392544 6.200576 19.893990
v 5.917706 3.807425 21.728313
v 6.923119 3.894322 21.640827
v 5.569371 6.948512 21.445564
v 5.899456 6.801925 22.171169
v 5.768476 7.116672 20.727142
v 5.588274 6.109486 20.384090
v 5.446775 6.261747 21.303024
v 5.501096 6.615724 21.404362
v 5.718335 6.667125 20.546104
v 6.672053 6.351036 19.825623
v 6.569708 7.243677 20.664829
v 6.625615 6.833269 20.181652
v 6.895710 7.139000 21.229633
v 6.569708 7.243677 20.664829
v 6.672053 6.351036 19.825623
v 7.192872 6.290562 20.835175
v 6.625615 6.833269 20.181652
v 7.012719 6.748387 21.061298
v 6.779834 6.252873 22.019718
v 6.717254 6.909515 22.053062
v 6.760835 6.592218 22.089180
v 5.948930 6.193726 22.156506
v 5.958747 6.546274 22.236362
v 8.260784 3.174949 16.613125
v 7.849710 2.904257 17.392765
v 8.305234 2.192138 18.695465
v 7.735725 1.990361 17.149193
v 8.495655 3.059502 16.986279
v 8.260784 3.174949 16.613125
v 9.103332 3.067158 17.969170
v 8.898986 2.823672 16.098717
v 9.903697 2.494803 17.721054
v 9.774894 1.667455 18.536503
v 8.260784 3.174949 16.613125
v 8.495655 3.059502 16.986279
v 9.103332 3.067158 17.969170
v 6.127961 12.322852 15.131085
v 5.545254 12.450354 14.956592
v 6.278251 12.116816 15.731170
v 6.315129 11.730081 15.685605
v 6.168190 12.189162 14.993829
v 5.917757 11.941869 16.183815
v 5.957319 11.409363 16.053333
v 5.228817 12.006517 15.909415
v 5.917757 11.941869 16.183815
v 5.207230 10.789726 15.296371
v 5.957319 11.409363 16.053333
v 5.066920 12.267026 15.364860
v 4.892258 11.175404 14.685489
v 5.462315 12.193019 14.707492
v 4.896408 9.834222 13.413398
v 5.221013 9.608534 14.096730
v 4.816371 10.523202 14.318828
v 4.972160 10.343041 13.791259
v 5.908591 9.666635 15.221515
v 5.925415 9.647909 14.127793
v 5.797197 10.065561 15.350488
v 5.108184 9.989406 14.875638
v 6.407531 11.285189 15.441722
v 5.908591 9.666635 15.221515
v 6.430305 10.029392 13.742978
v 5.925415 9.647909 14.127793
v 6.497117 10.672680 14.870662
v 5.797197 10.065561 15.350488
v 6.208911 11.886022 14.696355
v 6.177173 10.350284 12.984366
v 6.270516 11.425953 14.143485
v 5.471115 11.889614 14.425248
v 5.462652 10.335752 12.983119
v 5.512997 11.407089 13.849589
v 4.924034 10.698133 14.153800
v 8.387958 1.693305 16.850540
v 9.215022 1.534827 19.220863
v 11.491911 6.331335 22.861965
v 11.863614 6.954981 22.867882
v 12.249589 7.679507 22.579758
v 12.534057 8.191700 22.277897
v 12.767670 8.543971 21.783531
v 12.893669 8.671351 21.224537
v 12.079889 6.120491 22.589554
v 12.306644 6.725894 22.642181
v 12.578098 7.505673 22.454506
v 12.802101 7.937612 22.116238
v 12.953560 8.316893 21.729370
v 13.033857 8.481801 21.283909
v 10.081938 3.394865 19.308704
v 10.673196 2.828579 19.479801
v 9.197272 3.498158 19.738010
v 10.081938 3.394865 19.308704
v 9.701570 4.147067 20.380219
v 10.840095 3.982158 19.836643
v 9.129636 2.952214 20.368652
v 9.585422 3.712185 21.399578
v 10.086137 2.509958 21.194267
v 10.337516 3.082402 21.697132
v 10.600671 2.306342 20.571964
v 10.840095 3.982158 19.836643
v 11.219977 3.289797 20.141178
v 11.019338 2.800328 21.141361
v 11.784524 5.295115 22.491421
v 11.915004 5.445778 21.614056
v 11.164285 5.279402 22.732712
v 11.513402 3.605447 22.016155
v 10.740691 3.811673 22.432972
v 11.645003 4.421153 22.319489
v 10.972027 4.533370 22.627262
v 10.552568 5.732308 22.133102
v 9.958062 4.879189 22.045933
v 10.309758 5.319744 22.105656
v 10.897097 5.850934 21.352879
v 10.136067 4.932118 20.638557
v 10.445264 5.556835 21.001171
v 11.436780 5.647004 21.123234
v 11.436780 5.647004 21.123234
v 11.325904 5.280097 20.611290
v 11.086021 4.708515 20.219879
v 11.652299 4.117326 20.973362
v 11.790381 4.743799 21.288792
v 11.086021 4.708515 20.219879
v 11.325904 5.280097 20.611290
v 6.304419 23.674269 -36.973808
v 5.363991 26.531986 -36.772682
v 3.881631 29.823677 -30.417988
v 6.788399 29.347597 -32.191135
v 7.540270 24.248806 -35.294357
v 7.542078 21.633905 -34.181950
v 8.840817 21.061760 -32.635551
v 8.937802 26.542000 -34.870640
v -0.307313 29.814119 -24.723824
v 4.941415 30.148682 -26.640106
v 5.741020 27.907906 -13.236392
v 3.464447 15.584735 4.417207
v 0.447557 27.342636 -12.271963
v 3.062618 15.668034 8.580826
v 0.083719 23.874592 -57.695339
v -0.792166 22.535503 -59.209019
v -0.462617 23.165970 -58.611389
v 0.083719 23.874592 -57.695339
v 0.599200 24.568573 -56.418762
v -0.122191 24.411058 -56.436665
v 0.599200 24.568573 -56.418762
v 0.926851 25.157898 -55.360638
v 1.388325 25.502928 -54.640896
v 1.770354 25.851513 -53.857628
v -0.671050 23.965513 -57.252975
v -0.422234 24.709337 -56.373768
v 0.135493 25.094862 -55.375340
v 0.926851 25.157898 -55.360638
v -0.140987 25.414671 -55.533161
v 0.477938 25.758842 -54.482517
v 1.388325 25.502928 -54.640896
v 0.048608 26.193562 -54.481159
v 1.961509 25.837269 -53.356773
v 2.014474 25.902452 -53.315945
v 2.029263 25.887234 -53.479847
v 3.644697 30.018326 -53.758488
v 3.949150 29.837002 -53.269176
v 4.091740 29.494354 -52.864201
v 2.046668 25.756186 -53.828201
v 1.604614 24.991341 -55.051426
v 1.280694 24.579979 -55.958744
v 0.919475 24.227444 -56.935963
v 0.391028 23.504555 -58.019962
v 0.196992 23.122307 -58.484306
v -0.133548 22.023758 -59.258343
v -0.213224 21.880280 -59.311260
v -0.291810 21.756739 -59.336617
v -0.472118 21.497654 -59.290661
v 0.260805 23.554516 -58.043434
v 0.047192 23.126656 -58.546318
v 0.196992 23.122307 -58.484306
v 0.391028 23.504555 -58.019962
v -0.297955 24.128412 -58.325420
v -0.537831 23.520229 -58.946449
v -0.133548 22.023758 -59.258343
v -0.213224 21.880280 -59.311260
v -0.291810 21.756739 -59.336617
v -0.907528 20.684408 -58.855404
v 0.698857 24.258533 -57.012119
v 0.919475 24.227444 -56.935963
v 1.007238 24.701527 -56.002430
v 1.280694 24.579979 -55.958744
v 1.283657 25.030121 -55.168175
v 1.604614 24.991341 -55.051426
v 0.278940 25.911570 -55.338215
v 0.130366 25.408550 -56.166523
v -0.004208 24.870293 -57.243877
v 5.828473 13.228975 18.555466
v 5.669869 13.536169 18.393810
v 5.702987 13.356469 18.283817
v 5.839360 13.188091 18.495247
v 5.839360 13.188091 18.495247
v 5.702987 13.356469 18.283817
v 5.848026 13.308599 18.224030
v 5.909702 13.178223 18.474140
v 5.848026 13.308599 18.224030
v 5.998755 13.364623 18.222282
v 5.979140 13.190335 18.474720
v 5.909702 13.178223 18.474140
v 1.118015 8.698228 4.145119
v -0.380499 6.030385 3.847711
v -0.465706 6.028735 9.536706
v 0.874406 8.257257 9.486874
v 0.838052 9.924235 2.120326
v 0.880376 7.047462 2.540272
v 1.752878 8.145948 7.771838
v 1.617010 9.628073 5.924905
v 0.480963 11.062166 3.590566
v 0.747341 8.906837 4.934795
v 0.784505 9.789717 9.236634
v -0.066853 9.749247 6.754085
v -2.263303 11.224004 9.139754
v -1.949354 10.705647 4.364440
v 0.726337 10.873867 2.948163
v 0.526569 10.410112 8.245536
v -1.267903 11.397103 6.393480
v -1.784440 11.055383 2.164057
v 0.245960 10.678528 1.190487
v 0.421577 10.230163 5.583300
v -3.200648 11.335506 6.746050
v -2.951584 10.304013 2.722016
v -1.611193 11.229947 1.396237
v -2.274928 11.187131 5.800710
v -3.945982 10.795169 2.269670
v -3.027720 10.226507 -2.350029
v -0.663420 10.188038 -5.088793
v -3.061610 9.324182 0.606078
v -3.372432 10.928246 5.080119
v -3.179830 9.277799 1.508534
v -2.600135 10.754023 -1.244354
v -4.463794 10.034660 2.297586
v -4.753308 10.564099 2.537237
v -3.931317 9.122108 0.410093
v -2.123301 9.998340 -3.089339
v -4.748993 9.708043 -0.274602
v -4.187751 10.853092 1.114292
v -3.760157 9.167219 -1.709605
v -1.030775 9.472968 -6.027271
v -3.838621 9.702650 -1.843974
v -2.373967 11.255354 4.273088
v -3.450710 10.704202 0.319315
v -0.899321 10.596046 -2.701744
v -1.649501 9.287365 1.837203
v 0.258207 9.378256 -1.613180
v 0.426789 7.638023 0.342411
v 2.342824 7.978425 4.797132
v 1.516457 8.395317 2.247197
v -1.050569 10.632428 -2.613262
v -0.102701 9.194012 -3.117450
v 1.291603 8.361931 1.039122
v -0.910020 9.417614 1.398714
v -2.038938 10.023069 2.199023
v -2.181069 11.000654 -0.750414
v -0.127053 10.373978 -2.377007
v -0.578095 8.601007 0.857448
v 0.701496 10.897632 4.407556
v -0.555242 10.890960 -0.505947
v 0.410923 9.279612 -1.339754
v 2.204815 9.034171 3.767890
v -0.950058 10.741927 10.445751
v 0.766627 10.628518 5.067596
v 0.622493 8.679886 5.501328
v -1.004284 9.220238 11.119748
v 1.066989 8.804218 9.723282
v 1.309995 9.271619 4.709911
v -0.415627 7.069212 5.161584
v -0.501945 7.209352 10.380147
v -4.424174 9.135332 10.452221
v -3.033565 7.734338 5.181649
v -1.309134 10.495232 5.145729
v -2.809139 11.252841 9.932162
v -4.132132 9.556254 6.398623
v -3.212715 7.895215 2.543956
v -2.714035 10.022584 1.968895
v -3.421077 10.977797 5.867290
v -5.743671 7.915756 7.067837
v -2.787754 6.996537 3.352429
v -2.401564 9.413446 3.531748
v -5.413944 9.842298 6.774924
v -5.986956 6.833484 10.230998
v -2.355035 6.586558 5.630151
v -2.213756 8.962175 5.698555
v -5.876871 9.131628 9.903496
v -0.719558 6.449670 11.652871
v -0.142542 7.459988 6.081731
v -2.186317 6.315250 5.800942
v -2.637099 5.652843 11.735631
v -0.682023 7.529977 12.453172
v -0.399463 9.137341 7.405683
v -0.815634 6.697156 6.737807
v -1.017514 5.437733 12.114541
v -0.422655 9.637259 11.742608
v -0.109751 10.060892 6.721225
v -1.292711 8.312629 7.152628
v -1.241992 8.279359 12.401202
v -0.500109 10.502691 10.364407
v -1.534804 10.304862 6.369514
v -0.070270 8.033266 6.204767
v 1.018004 8.269915 10.273806
v -5.007982 8.837728 12.012870
v -2.551883 9.493158 7.280812
v -0.488917 9.537472 7.921549
v -2.790258 10.742797 12.966088
v -4.139501 4.547932 11.726438
v -0.857859 6.833909 6.562776
v -2.787942 7.371636 5.626245
v -6.213663 4.874302 10.874711
v -6.103085 8.026907 12.074004
v -3.849265 7.888812 7.162267
v -2.022554 9.414650 7.877962
v -4.235769 10.181383 12.719062
v -4.954165 7.204892 10.614266
v -3.167164 6.599216 5.038018
v -2.444410 8.957417 5.380354
v -4.416676 9.276419 10.532655
v -3.730168 10.988240 8.778204
v -2.726211 9.972198 4.349844
v -0.901600 11.177048 3.748851
v -1.834696 11.600760 8.560247
v 3.628397 5.282827 7.883885
v 4.998917 5.197258 2.842455
v 4.135219 8.180040 2.902952
v 2.923423 7.821561 7.627582
v 2.531810 7.987471 5.966550
v 3.781253 6.376812 1.773318
v 4.530233 8.979384 0.879619
v 3.465204 9.600221 4.518456
v 3.504153 9.390186 7.569905
v 4.551374 8.292761 3.532719
v 5.464937 10.221211 2.144487
v 4.772358 9.569895 5.458968
v 5.101636 10.035031 1.574856
v 7.762405 9.337945 2.699955
v 6.824263 10.009768 8.211864
v 4.234177 10.101576 6.792927
v 5.327303 9.405629 -0.149856
v 7.538549 9.323644 0.382514
v 6.842315 10.674501 5.096539
v 4.783426 10.036115 4.245163
v 7.424300 9.482960 -0.264852
v 8.472122 8.334238 0.782506
v 8.593044 9.972515 5.862178
v 7.735181 10.373147 4.546218
v 6.655536 7.544703 -4.549140
v 8.507863 7.658023 -3.991313
v 9.632533 9.179628 0.607938
v 7.875226 8.100821 -0.091754
v 8.258348 8.344022 -2.858733
v 8.016105 7.029809 -0.333275
v 9.116139 9.512077 3.735914
v 9.718184 8.729974 0.971626
v 7.655365 7.451104 -4.372259
v 8.563970 6.539692 -1.539652
v 10.394443 8.817269 0.758463
v 9.751621 8.077963 -1.263480
v 7.228001 6.927742 -6.351098
v 8.362660 6.403147 -3.608289
v 9.828690 8.898846 -0.702126
v 8.946421 7.802663 -2.227642
v 6.812994 8.296377 -3.299780
v 8.882622 8.309341 -1.679650
v 8.299651 10.095180 2.834131
v 6.492636 8.486784 1.025406
v 2.470405 8.050499 3.508610
v 3.803684 6.559681 -0.349358
v 4.320833 7.990831 -2.237980
v 3.175931 8.261211 1.456163
v 3.236129 8.055295 0.433203
v 4.485877 7.554712 -3.461135
v 7.004873 8.347047 -3.179730
v 5.815912 8.614914 0.636395
v 5.592846 8.426972 -2.836242
v 8.008497 8.855246 -2.139151
v 7.282915 9.053863 1.153689
v 5.011055 7.941623 0.320665
v 4.145721 8.002297 -1.974562
v 6.269982 9.157178 -1.567062
v 5.144126 10.363531 3.072062
v 3.038381 8.923711 2.687222
v 4.507560 8.058886 4.047414
v 5.026600 10.052832 3.613274
v 5.026140 9.933210 9.141826
v 4.427631 8.313293 9.681464
v 5.144515 6.261614 3.895220
v 4.099553 8.832862 3.361483
v 2.780645 8.465858 7.872725
v 3.698648 6.432241 8.736970
v 7.078442 9.350351 3.745651
v 7.870810 6.292101 4.299420
v 7.732629 7.383922 10.011337
v 7.049437 9.946700 9.119924
v 7.914702 7.952662 0.086577
v 7.967372 5.906868 0.934072
v 8.962031 7.851001 5.899963
v 8.990018 9.550420 4.851960
v 7.806396 7.723988 1.833905
v 7.615513 5.374591 2.023307
v 9.739899 5.892890 7.019811
v 10.052377 7.915838 6.592624
v 7.260383 7.642520 4.725678
v 6.752199 5.333596 4.674100
v 8.700488 4.790861 10.156524
v 9.272849 7.087217 9.885249
v 6.464111 5.112403 4.805171
v 4.753258 6.695026 4.665080
v 3.315722 5.692034 9.978880
v 4.926653 4.416356 10.567668
v 4.988668 5.795377 5.385134
v 5.035882 8.224994 5.974497
v 3.278944 6.800595 10.786351
v 3.162804 4.653897 10.435245
v 5.694355 7.191269 5.923391
v 5.311505 9.270062 5.340324
v 3.757988 8.998589 10.181491
v 4.012075 7.383356 10.923625
v 4.798601 7.249774 4.753711
v 6.851165 9.156865 5.248298
v 4.558851 9.801098 8.946531
v 2.504089 7.930927 8.354243
v 5.063333 8.655048 6.526684
v 7.190094 8.064207 6.453164
v 7.732581 7.015996 11.656089
v 5.871855 9.364044 12.006980
v 7.378648 5.984622 4.772858
v 5.118587 5.914349 5.235938
v 6.066046 2.992554 10.958448
v 8.316760 2.803246 10.777953
v 6.449260 8.121300 6.879739
v 7.968667 6.235308 6.630487
v 8.551665 5.964845 12.007756
v 7.154931 8.475000 12.177606
v 7.615435 7.597247 4.377637
v 7.700425 5.182652 4.189626
v 7.765250 5.354424 10.255433
v 7.775126 7.537851 10.093662
v 6.914944 9.931384 2.122582
v 8.331842 8.439351 2.721368
v 8.177744 9.407606 8.231846
v 6.810407 10.606968 7.516213
v -0.465706 6.028735 9.536706
v -0.380499 6.030385 3.847711
v 1.118015 8.698228 4.145119
v 0.874406 8.257257 9.486874
v 1.752878 8.145948 7.771838
v 0.880376 7.047462 2.540272
v 0.838052 9.924235 2.120326
v 1.617010 9.628073 5.924905
v 0.784505 9.789717 9.236634
v 0.747341 8.906837 4.934795
v 0.480963 11.062166 3.590566
v -0.066853 9.749247 6.754085
v 0.726337 10.873867 2.948163
v -1.949354 10.705647 4.364440
v -2.263303 11.224004 9.139754
v 0.526569 10.410112 8.245536
v 0.245960 10.678528 1.190487
v -1.784440 11.055383 2.164057
v -1.267903 11.397103 6.393480
v 0.421577 10.230163 5.583300
v -1.611193 11.229947 1.396237
v -2.951584 10.304013 2.722016
v -3.200648 11.335506 6.746050
v -2.274928 11.187131 5.800710
v -0.663420 10.188038 -5.088793
v -3.027720 10.226507 -2.350029
v -3.945982 10.795169 2.269670
v -3.061610 9.324182 0.606078
v -2.600135 10.754023 -1.244354
v -3.179830 9.277799 1.508534
v -3.372432 10.928246 5.080119
v -4.463794 10.034660 2.297586
v -2.123301 9.998340 -3.089339
v -3.931317 9.122108 0.410093
v -4.753308 10.564099 2.537237
v -4.748993 9.708043 -0.274602
v -1.030775 9.472968 -6.027271
v -3.760157 9.167219 -1.709605
v -4.187751 10.853092 1.114292
v -3.838621 9.702650 -1.843974
v -0.899321 10.596046 -2.701744
v -3.450710 10.704202 0.319315
v -2.373967 11.255354 4.273088
v -1.649501 9.287365 1.837203
v 2.342824 7.978425 4.797132
v 0.426789 7.638023 0.342411
v 0.258207 9.378256 -1.613180
v 1.516457 8.395317 2.247197
v 1.291603 8.361931 1.039122
v -0.102701 9.194012 -3.117450
v -1.050569 10.632428 -2.613262
v -0.910020 9.417614 1.398714
v -0.127053 10.373978 -2.377007
v -2.181069 11.000654 -0.750414
v -2.038938 10.023069 2.199023
v -0.578095 8.601007 0.857448
v 0.410923 9.279612 -1.339754
v -0.555242 10.890960 -0.505947
v 0.701496 10.897632 4.407556
v 2.204815 9.034171 3.767890
v 0.622493 8.679886 5.501328
v 0.766627 10.628518 5.067596
v -0.950058 10.741927 10.445751
v -1.004284 9.220238 11.119748
v -0.415627 7.069212 5.161584
v 1.309995 9.271619 4.709911
v 1.066989 8.804218 9.723282
v -0.501945 7.209352 10.380147
v -1.309134 10.495232 5.145729
v -3.033565 7.734338 5.181649
v -4.424174 9.135332 10.452221
v -2.809139 11.252841 9.932162
v -2.714035 10.022584 1.968895
v -3.212715 7.895215 2.543956
v -4.132132 9.556254 6.398623
v -3.421077 10.977797 5.867290
v -2.401564 9.413446 3.531748
v -2.787754 6.996537 3.352429
v -5.743671 7.915756 7.067837
v -5.413944 9.842298 6.774924
v -2.213756 8.962175 5.698555
v -2.355035 6.586558 5.630151
v -5.986956 6.833484 10.230998
v -5.876871 9.131628 9.903496
v -2.186317 6.315250 5.800942
v -0.142542 7.459988 6.081731
v -0.719558 6.449670 11.652871
v -2.637099 5.652843 11.735631
v -0.815634 6.697156 6.737807
v -0.399463 9.137341 7.405683
v -0.682023 7.529977 12.453172
v -1.017514 5.437733 12.114541
v -1.292711 8.312629 7.152628
v -0.109751 10.060892 6.721225
v -0.422655 9.637259 11.742608
v -1.241992 8.279359 12.401202
v -0.070270 8.033266 6.204767
v -1.534804 10.304862 6.369514
v -0.500109 10.502691 10.364407
v 1.018004 8.269915 10.273806
v -0.488917 9.537472 7.921549
v -2.551883 9.493158 7.280812
v -5.007982 8.837728 12.012870
v -2.790258 10.742797 12.966088
v -2.787942 7.371636 5.626245
v -0.857859 6.833909 6.562776
v -4.139501 4.547932 11.726438
v -6.213663 4.874302 10.874711
v -2.022554 9.414650 7.877962
v -3.849265 7.888812 7.162267
v -6.103085 8.026907 12.074004
v -4.235769 10.181383 12.719062
v -2.444410 8.957417 5.380354
v -3.167164 6.599216 5.038018
v -4.954165 7.204892 10.614266
v -4.416676 9.276419 10.532655
v -0.901600 11.177048 3.748851
v -2.726211 9.972198 4.349844
v -3.730168 10.988240 8.778204
v -1.834696 11.600760 8.560247
v 4.135219 8.180040 2.902952
v 4.998917 5.197258 2.842455
v 3.628397 5.282827 7.883885
v 2.923423 7.821561 7.627582
v 4.530233 8.979384 0.879619
v 3.781253 6.376812 1.773318
v 2.531810 7.987471 5.966550
v 3.465204 9.600221 4.518456
v 5.464937 10.221211 2.144487
v 4.551374 8.292761 3.532719
v 3.504153 9.390186 7.569905
v 4.772358 9.569895 5.458968
v 6.824263 10.009768 8.211864
v 7.762405 9.337945 2.699955
v 5.101636 10.035031 1.574856
v 4.234177 10.101576 6.792927
v 6.842315 10.674501 5.096539
v 7.538549 9.323644 0.382514
v 5.327303 9.405629 -0.149856
v 4.783426 10.036115 4.245163
v 8.593044 9.972515 5.862178
v 8.472122 8.334238 0.782506
v 7.424300 9.482960 -0.264852
v 7.735181 10.373147 4.546218
v 9.632533 9.179628 0.607938
v 8.507863 7.658023 -3.991313
v 6.655536 7.544703 -4.549140
v 7.875226 8.100821 -0.091754
v 9.116139 9.512077 3.735914
v 8.016105 7.029809 -0.333275
v 8.258348 8.344022 -2.858733
v 9.718184 8.729974 0.971626
v 10.394443 8.817269 0.758463
v 8.563970 6.539692 -1.539652
v 7.655365 7.451104 -4.372259
v 9.751621 8.077963 -1.263480
v 9.828690 8.898846 -0.702126
v 8.362660 6.403147 -3.608289
v 7.228001 6.927742 -6.351098
v 8.946421 7.802663 -2.227642
v 8.299651 10.095180 2.834131
v 8.882622 8.309341 -1.679650
v 6.812994 8.296377 -3.299780
v 6.492636 8.486784 1.025406
v 4.320833 7.990831 -2.237980
v 3.803684 6.559681 -0.349358
v 2.470405 8.050499 3.508610
v 3.175931 8.261211 1.456163
v 7.004873 8.347047 -3.179730
v 4.485877 7.554712 -3.461135
v 3.236129 8.055295 0.433203
v 5.815912 8.614914 0.636395
v 7.282915 9.053863 1.153689
v 8.008497 8.855246 -2.139151
v 5.592846 8.426972 -2.836242
v 5.011055 7.941623 0.320665
v 5.144126 10.363531 3.072062
v 6.269982 9.157178 -1.567062
v 4.145721 8.002297 -1.974562
v 3.038381 8.923711 2.687222
v 5.026140 9.933210 9.141826
v 5.026600 10.052832 3.613274
v 4.507560 8.058886 4.047414
v 4.427631 8.313293 9.681464
v 2.780645 8.465858 7.872725
v 4.099553 8.832862 3.361483
v 5.144515 6.261614 3.895220
v 3.698648 6.432241 8.736970
v 7.732629 7.383922 10.011337
v 7.870810 6.292101 4.299420
v 7.078442 9.350351 3.745651
v 7.049437 9.946700 9.119924
v 8.962031 7.851001 5.899963
v 7.967372 5.906868 0.934072
v 7.914702 7.952662 0.086577
v 8.990018 9.550420 4.851960
v 9.739899 5.892890 7.019811
v 7.615513 5.374591 2.023307
v 7.806396 7.723988 1.833905
v 10.052377 7.915838 6.592624
v 8.700488 4.790861 10.156524
v 6.752199 5.333596 4.674100
v 7.260383 7.642520 4.725678
v 9.272849 7.087217 9.885249
v 3.315722 5.692034 9.978880
v 4.753258 6.695026 4.665080
v 6.464111 5.112403 4.805171
v 4.926653 4.416356 10.567668
v 3.278944 6.800595 10.786351
v 5.035882 8.224994 5.974497
v 4.988668 5.795377 5.385134
v 3.162804 4.653897 10.435245
v 3.757988 8.998589 10.181491
v 5.311505 9.270062 5.340324
v 5.694355 7.191269 5.923391
v 4.012075 7.383356 10.923625
v 4.558851 9.801098 8.946531
v 6.851165 9.156865 5.248298
v 4.798601 7.249774 4.753711
v 2.504089 7.930927 8.354243
v 7.732581 7.015996 11.656089
v 7.190094 8.064207 6.453164
v 5.063333 8.655048 6.526684
v 5.871855 9.364044 12.006980
v 6.066046 2.992554 10.958448
v 5.118587 5.914349 5.235938
v 7.378648 5.984622 4.772858
v 8.316760 2.803246 10.777953
v 8.551665 5.964845 12.007756
v 7.968667 6.235308 6.630487
v 6.449260 8.121300 6.879739
v 7.154931 8.475000 12.177606
v 7.765250 5.354424 10.255433
v 7.700425 5.182652 4.189626
v 7.615435 7.597247 4.377637
v 7.775126 7.537851 10.093662
v 8.177744 9.407606 8.231846
v 8.331842 8.439351 2.721368
v 6.914944 9.931384 2.122582
v 6.810407 10.606968 7.516213
vn -0.8762 0.1108 -0.4691
vn -0.8935 -0.0968 -0.4386
vn -0.7980 0.2845 -0.5313
vn -0.6329 -0.1621 -0.7571
vn -0.6968 -0.2019 -0.6883
vn -0.7010 -0.3463 -0.6234
vn -0.8741 -0.2647 -0.4074
vn -0.9368 0.2428 -0.2519
vn -0.7820 0.4223 -0.4584
vn -0.7413 0.1734 -0.6484
vn -0.6402 0.4835 -0.5970
vn -0.8004 0.0737 -0.5949
vn -0.8429 0.1594 -0.5139
vn -0.8094 -0.2852 -0.5133
vn -0.7688 -0.4769 -0.4261
vn -0.7273 -0.4095 -0.5508
vn -0.8314 0.2043 -0.5167
vn -0.5373 0.2865 -0.7932
vn -0.8078 -0.5877 0.0440
vn -0.5855 -0.8037 0.1059
vn -0.4319 -0.8669 0.2488
vn -0.9692 -0.1816 -0.1663
vn -0.9553 -0.1348 -0.2631
vn -0.8567 -0.3830 -0.3454
vn -0.9763 0.2057 0.0678
vn -0.9903 0.1362 -0.0285
vn -0.9937 -0.0258 -0.1087
vn -0.8233 0.5320 0.1981
vn -0.8118 0.5836 0.0187
vn -0.9444 0.3288 0.0001
vn -0.4217 0.8694 0.2574
vn -0.1882 0.9819 0.0212
vn -0.5549 0.8316 0.0245
vn -0.8339 0.2369 -0.4985
vn -0.7980 0.3321 -0.5028
vn -0.8910 0.1725 -0.4200
vn -0.8794 0.2592 -0.3993
vn -0.8451 0.4290 -0.3189
vn -0.9274 0.2538 -0.2749
vn -0.6504 0.4309 -0.6255
vn 0.0511 0.5641 -0.8241
vn 0.0528 0.5922 -0.8041
vn 0.9817 -0.1119 0.1542
vn 0.8812 0.4689 0.0607
vn 0.6845 0.0410 -0.7278
vn -0.0281 -0.9885 -0.1487
vn -0.0726 -0.9163 -0.3939
vn -0.7829 -0.6132 -0.1052
vn -0.3888 -0.6954 0.6043
vn 0.6445 -0.6265 0.4383
vn -0.0106 -0.9670 -0.2546
vn -0.1939 -0.9616 -0.1942
vn -0.7449 -0.6347 -0.2056
vn -0.5147 -0.7520 -0.4118
vn -0.3698 -0.7867 -0.4944
vn -0.8542 0.1490 -0.4980
vn -0.5814 0.0247 0.8133
vn -0.5914 0.3553 0.7239
vn -0.0302 0.0583 0.9978
vn 0.3905 -0.2867 0.8748
vn 0.5389 -0.0078 0.8424
vn -0.0601 0.7517 0.6568
vn 0.0256 0.6959 0.7177
vn -0.0130 0.6172 0.7867
vn -0.1056 0.7879 0.6067
vn 0.6944 0.3754 0.6139
vn 0.2810 0.5581 0.7807
vn 0.7788 0.3274 0.5351
vn 0.3570 -0.8904 -0.2822
vn 0.2566 -0.9520 -0.1671
vn 0.8618 -0.5067 0.0243
vn 0.9830 -0.1406 0.1179
vn 0.8153 -0.5069 -0.2798
vn 0.7861 0.3596 0.5026
vn 0.8763 0.3945 0.2766
vn 0.7972 -0.5606 -0.2241
vn 0.8411 0.5080 0.1857
vn 0.4704 0.7227 0.5063
vn 0.0056 0.6486 0.7611
vn 0.0782 0.8924 0.4444
vn -0.1944 -0.7015 0.6857
vn 0.4361 -0.8457 0.3076
vn 0.0409 0.9752 0.2173
vn 0.0411 0.9187 0.3928
vn -0.5060 0.7388 0.4451
vn -0.7279 0.5620 0.3928
vn 0.0243 0.8522 0.5227
vn -0.2237 0.2579 0.9399
vn 0.5184 0.1904 0.8337
vn 0.5672 0.2532 0.7837
vn 0.0689 0.9463 0.3160
vn 0.3813 0.8405 0.3849
vn 0.6858 0.6150 0.3891
vn -0.6044 0.3973 -0.6906
vn -0.6795 0.6342 -0.3687
vn -0.6068 -0.5581 -0.5659
vn -0.4955 -0.1363 -0.8579
vn -0.3067 -0.6391 -0.7053
vn 0.2151 -0.9203 -0.3266
vn 0.3361 -0.4008 -0.8523
vn 0.7298 -0.6835 -0.0133
vn -0.3877 -0.9218 -0.0002
vn -0.4078 0.2922 0.8651
vn -0.9834 0.1623 -0.0814
vn 0.3172 -0.1877 0.9296
vn -0.5227 -0.1734 -0.8347
vn 0.2138 -0.7187 -0.6616
vn -0.7468 -0.6409 -0.1776
vn -0.7898 0.1893 -0.5834
vn 0.1596 -0.9529 0.2577
vn 0.9553 -0.2921 0.0462
vn -0.1633 0.6694 -0.7248
vn 0.6783 0.5288 -0.5101
vn 0.1269 -0.3603 -0.9242
vn 0.9294 0.2824 -0.2377
vn 0.6434 -0.7587 -0.1019
vn 0.1765 0.9512 -0.2530
vn -0.2018 -0.9402 -0.2743
vn -0.8290 -0.2602 -0.4950
vn -0.6429 0.6389 -0.4225
vn 0.6365 -0.7237 -0.2667
vn -0.3346 -0.9360 -0.1093
vn -0.3266 -0.7124 -0.6211
vn -0.9291 -0.0927 -0.3581
vn -0.5254 0.6498 -0.5493
vn 0.2048 0.6664 -0.7169
vn 0.8166 0.1132 -0.5661
vn -0.7772 -0.6213 -0.0998
vn -0.9817 -0.1739 -0.0776
vn -0.9839 -0.1785 0.0037
vn -0.8055 -0.5851 0.0943
vn -0.9910 -0.1160 -0.0663
vn -0.9682 -0.2138 0.1295
vn -0.1305 -0.9726 0.1924
vn -0.1726 -0.9091 0.3793
vn -0.2107 -0.9427 -0.2588
vn -0.6987 -0.7151 0.0202
vn -0.8589 -0.3866 0.3358
vn -0.9689 -0.1585 0.1901
vn -0.8900 -0.4535 0.0482
vn -0.8904 0.3476 0.2941
vn -0.7841 -0.6143 -0.0887
vn -0.1371 0.8543 0.5014
vn -0.4412 0.6273 0.6417
vn -0.8008 0.3875 0.4567
vn -0.1114 0.9003 0.4207
vn -0.2286 0.9359 0.2682
vn -0.1579 0.9596 0.2328
vn -0.1837 0.9518 0.2455
vn -0.3186 0.9184 0.2346
vn -0.5875 0.7790 0.2192
vn -0.9758 -0.2111 0.0569
vn -0.9741 0.1950 -0.1147
vn 0.0533 0.9944 0.0914
vn -0.0004 0.9823 0.1871
vn -0.2416 0.8514 0.4656
vn -0.7474 -0.3274 0.5781
vn 0.0127 -0.9932 -0.1159
vn -0.0005 -0.9929 -0.1187
vn -0.0003 -0.9921 -0.1254
vn -0.0441 -0.9904 -0.1308
vn 0.9543 0.2944 -0.0519
vn 0.6328 -0.7525 -0.1824
vn 0.3211 -0.9264 -0.1969
vn 0.0852 -0.9736 -0.2117
vn -0.8194 -0.2680 0.5067
vn -0.7820 -0.1671 0.6004
vn -0.1361 -0.9907 -0.0012
vn -0.0096 -0.9761 -0.2170
vn 0.2067 0.8236 -0.5282
vn 0.0657 0.8158 -0.5747
vn 0.0653 0.8097 -0.5832
vn -0.0305 0.8744 -0.4843
vn -0.0672 0.9497 -0.3058
vn -0.1929 0.6893 -0.6983
vn 0.4856 -0.3322 -0.8086
vn 0.0972 -0.7709 -0.6295
vn -0.1422 -0.4418 -0.8858
vn -0.4007 -0.0743 -0.9132
vn -0.4157 -0.0807 -0.9059
vn -0.7314 -0.0544 -0.6798
vn -0.8083 0.0738 -0.5841
vn -0.8987 -0.1120 -0.4240
vn -0.5772 0.0996 -0.8105
vn -0.7764 -0.4618 -0.4289
vn -0.7401 -0.5070 -0.4418
vn -0.5645 -0.6713 -0.4802
vn -0.5505 -0.6061 -0.5742
vn -0.0841 -0.3223 -0.9429
vn -0.5954 0.0197 -0.8032
vn -0.7145 0.1893 -0.6735
vn -0.2980 -0.2095 -0.9313
vn -0.3168 -0.3912 -0.8641
vn -0.4708 -0.1529 -0.8689
vn -0.4628 -0.4969 -0.7341
vn -0.5387 -0.2804 -0.7945
vn -0.6444 -0.4870 -0.5895
vn -0.7369 -0.2977 -0.6069
vn -0.6189 -0.2192 -0.7543
vn -0.7282 -0.0687 -0.6819
vn -0.8783 0.0361 -0.4767
vn -0.8226 0.1524 -0.5478
vn -0.4046 -0.0424 -0.9135
vn -0.0436 0.7630 -0.6449
vn -0.1429 -0.9690 0.2013
vn -0.2832 -0.8909 0.3551
vn -0.1913 0.2316 0.9538
vn -0.5453 0.0607 0.8361
vn -0.4013 0.0760 0.9128
vn -0.0275 0.3218 0.9464
vn 0.1468 -0.0410 0.9883
vn 0.1903 -0.3959 0.8983
vn -0.0207 -0.2347 0.9719
vn -0.1368 -0.0219 0.9904
vn 0.3716 -0.8386 0.3983
vn 0.2281 -0.6543 -0.7210
vn 0.1432 -0.5827 -0.8000
vn 0.0647 0.8226 -0.5649
vn -0.0503 -0.7502 -0.6593
vn 0.3773 -0.8640 0.3334
vn -0.0741 -0.9614 0.2650
vn 0.8951 -0.0152 -0.4455
vn 0.8440 0.1677 -0.5095
vn 0.8820 -0.2230 -0.4151
vn 0.6233 -0.2514 -0.7404
vn 0.6611 -0.4432 -0.6054
vn 0.6791 -0.2997 -0.6700
vn 0.8383 -0.3865 -0.3846
vn 0.9681 0.1073 -0.2266
vn 0.8457 0.3065 -0.4368
vn 0.7752 0.0655 -0.6283
vn 0.7177 0.3869 -0.5789
vn 0.8702 0.0375 -0.4912
vn 0.8182 -0.0414 -0.5734
vn 0.7793 -0.3932 -0.4879
vn 0.6753 -0.5025 -0.5399
vn 0.7040 -0.5821 -0.4069
vn 0.8653 0.0836 -0.4942
vn 0.5932 0.2061 -0.7782
vn 0.7151 -0.6961 0.0643
vn 0.2981 -0.9189 0.2585
vn 0.4629 -0.8783 0.1198
vn 0.8353 -0.3985 -0.3787
vn 0.6908 -0.5366 -0.4847
vn 0.8842 -0.3045 -0.3544
vn 0.9937 -0.0198 -0.1102
vn 0.9561 -0.2223 -0.1910
vn 0.9983 -0.0417 -0.0399
vn 0.9139 0.3761 0.1527
vn 0.9848 0.1711 0.0308
vn 0.8828 0.4658 0.0604
vn 0.5516 0.7924 0.2604
vn 0.6731 0.7382 0.0436
vn 0.3335 0.9422 0.0319
vn 0.8719 0.1156 -0.4758
vn 0.8500 0.2149 -0.4809
vn 0.9172 0.0439 -0.3960
vn 0.9175 0.1314 -0.3755
vn 0.9055 0.3045 -0.2957
vn 0.9609 0.1195 -0.2498
vn 0.7212 0.3333 -0.6073
vn -0.9809 0.1239 -0.1501
vn -0.4063 0.1782 -0.8962
vn -0.7366 0.6544 -0.1709
vn -0.1543 -0.9727 -0.1731
vn 0.6152 -0.7812 0.1063
vn -0.0258 -0.9189 -0.3937
vn -0.8723 -0.4467 0.1990
vn 0.0186 -0.7526 0.6582
vn -0.1366 -0.9498 -0.2814
vn 0.0157 -0.9854 -0.1698
vn 0.6051 -0.7961 -0.0017
vn 0.4240 -0.8626 -0.2759
vn 0.3184 -0.8528 -0.4140
vn 0.9741 -0.0665 -0.2163
vn 0.3004 -0.0880 0.9497
vn -0.2575 0.0781 0.9631
vn 0.4126 0.2285 0.8818
vn -0.6896 -0.1639 0.7054
vn -0.7530 0.1418 0.6425
vn 0.0359 0.7377 0.6742
vn -0.0823 0.6186 0.7814
vn -0.0746 0.7045 0.7057
vn 0.0976 0.7587 0.6441
vn -0.7404 0.5439 0.3949
vn -0.8059 0.5147 0.2925
vn -0.3663 0.6295 0.6852
vn -0.4528 -0.7912 -0.4112
vn -0.9221 -0.2912 -0.2549
vn -0.4077 -0.8698 -0.2777
vn -0.9779 0.0952 -0.1863
vn -0.7710 -0.3184 -0.5516
vn -0.8033 0.5952 0.0199
vn -0.7956 0.5468 0.2608
vn -0.8000 -0.3660 -0.4754
vn -0.7174 0.6947 -0.0514
vn -0.4208 0.8264 0.3740
vn 0.0041 0.8976 0.4408
vn -0.0839 0.6535 0.7522
vn -0.1851 -0.7037 0.6859
vn -0.6907 -0.7119 0.1269
vn 0.1216 0.9638 0.2373
vn 0.0558 0.9139 0.4021
vn 0.5053 0.6133 0.6071
vn 0.6857 0.3884 0.6156
vn 0.0171 0.8490 0.5281
vn -0.0151 0.2255 0.9741
vn -0.6859 0.3294 0.6489
vn -0.7016 0.4004 0.5895
vn -0.2677 0.9184 0.2913
vn 0.0594 0.9450 0.3218
vn -0.6123 0.7629 0.2074
vn 0.8578 0.2261 -0.4616
vn 0.6028 -0.6999 -0.3831
vn 0.8857 0.4480 -0.1219
vn 0.7127 -0.3453 -0.6106
vn 0.3481 -0.7127 -0.6090
vn -0.3133 -0.8540 -0.4153
vn -0.1482 -0.3358 -0.9302
vn 0.1468 -0.9863 0.0754
vn -0.8291 -0.4951 -0.2596
vn 0.1857 0.2139 0.9590
vn 0.9722 -0.0732 0.2222
vn -0.6153 -0.0822 0.7840
vn 0.6940 -0.3139 -0.6479
vn -0.1653 -0.6679 -0.7257
vn 0.9496 -0.0163 -0.3130
vn 0.5970 -0.8018 0.0253
vn -0.4444 -0.8820 0.1570
vn -0.4444 -0.8819 0.1570
vn -0.9656 -0.0605 -0.2531
vn 0.5224 0.5921 -0.6136
vn -0.3535 0.6573 -0.6656
vn 0.0764 -0.3471 -0.9347
vn -0.7399 -0.5908 -0.3216
vn -0.7243 0.4839 -0.4912
vn 0.1314 0.9586 -0.2527
vn 0.0525 -0.9688 -0.2422
vn 0.8559 -0.4599 -0.2365
vn 0.0524 -0.9688 -0.2422
vn 0.8689 0.4595 -0.1839
vn -0.6761 -0.5631 -0.4751
vn 0.3244 -0.7862 -0.5259
vn 0.1270 -0.9909 -0.0451
vn 0.8006 0.4939 -0.3393
vn 0.9461 -0.3163 -0.0689
vn -0.5604 0.2838 -0.7781
vn 0.1786 0.6750 -0.7159
vn 0.1271 -0.9909 -0.0451
vn 0.8630 -0.5004 -0.0692
vn 0.9665 -0.2390 -0.0941
vn 0.9718 -0.2089 -0.1091
vn 0.7743 -0.6168 0.1415
vn 0.9561 -0.2248 -0.1880
vn 0.9478 -0.2407 -0.2092
vn 0.6538 -0.7512 0.0910
vn 0.4530 0.2664 0.8508
vn 0.7440 0.2434 0.6223
vn 0.9053 -0.3550 0.2333
vn 0.7633 -0.3824 0.5207
vn 0.8679 0.4471 0.2166
vn 0.1647 0.8572 0.4880
vn 0.7879 0.3701 0.4922
vn 0.3553 0.6905 0.6300
vn 0.1017 0.9157 0.3888
vn 0.2296 0.9356 0.2682
vn 0.1839 0.9517 0.2459
vn 0.1580 0.9595 0.2331
vn 0.5904 0.7766 0.2199
vn 0.3195 0.9179 0.2352
vn 0.9747 -0.2163 0.0568
vn 0.9854 0.0686 -0.1558
vn 0.7467 -0.3288 0.5782
vn 0.2429 0.8510 0.4656
vn -0.0171 -0.9931 -0.1158
vn 0.0442 -0.9904 -0.1310
vn -0.6356 -0.7500 -0.1833
vn -0.9527 0.2995 -0.0521
vn -0.3220 -0.9259 -0.1975
vn -0.0848 -0.9736 -0.2120
vn 0.8176 -0.2779 0.5043
vn 0.7820 -0.1657 0.6008
vn 0.1374 -0.9905 -0.0016
vn 0.0107 -0.9761 -0.2171
vn -0.0741 0.8435 -0.5319
vn 0.1696 0.8597 -0.4818
vn 0.3099 0.6534 -0.6907
vn 0.2119 0.9285 -0.3049
vn -0.5085 -0.2523 -0.8233
vn -0.1887 -0.7505 -0.6333
vn 0.1015 -0.4592 -0.8825
vn 0.4238 -0.1404 -0.8948
vn 0.4101 -0.1320 -0.9024
vn 0.7340 -0.1586 -0.6604
vn 0.8847 -0.2389 -0.4003
vn 0.8257 -0.0424 -0.5624
vn 0.6067 0.0154 -0.7948
vn 0.6723 -0.6075 -0.4230
vn 0.7142 -0.5679 -0.4091
vn 0.4763 -0.7454 -0.4664
vn 0.0625 -0.3327 -0.9409
vn 0.4741 -0.6790 -0.5606
vn 0.6132 -0.0662 -0.7872
vn 0.7517 0.0851 -0.6540
vn 0.2899 -0.2513 -0.9235
vn 0.2810 -0.4337 -0.8561
vn 0.4070 -0.5588 -0.7226
vn 0.4672 -0.2196 -0.8564
vn 0.5144 -0.3553 -0.7805
vn 0.7031 -0.4002 -0.5878
vn 0.5844 -0.5744 -0.5732
vn 0.6013 -0.3060 -0.7381
vn 0.7289 -0.1724 -0.6626
vn 0.8501 0.0334 -0.5256
vn 0.8868 -0.0895 -0.4533
vn 0.4185 -0.1010 -0.9026
vn 0.1634 0.7476 -0.6437
vn -0.0011 -0.9791 0.2033
vn 0.1448 -0.9213 0.3608
vn 0.1969 0.2040 0.9590
vn 0.3837 0.0202 0.9232
vn 0.5261 -0.0155 0.8503
vn 0.0477 0.3164 0.9474
vn -0.1772 -0.0180 0.9840
vn -0.0384 -0.2334 0.9716
vn -0.2680 -0.3633 0.8923
vn 0.1062 -0.0391 0.9936
vn -0.4895 -0.7797 0.3905
vn -0.2990 -0.5915 -0.7488
vn -0.2088 -0.5477 -0.8102
vn -0.5029 -0.8029 0.3201
vn -0.1481 -0.3357 -0.9302
vn -0.1005 0.9914 0.0841
vn 0.2474 0.9481 0.1997
vn -0.2848 0.9475 0.1455
vn 0.2030 0.9592 -0.1965
vn -0.3380 0.9223 0.1872
vn -0.2862 0.9303 -0.2296
vn -0.7649 0.2518 -0.5929
vn -0.9104 -0.3897 -0.1389
vn -0.8386 -0.5420 0.0547
vn -0.8792 0.1765 -0.4425
vn -0.6637 0.2839 -0.6921
vn -0.5225 0.3325 -0.7851
vn -0.6186 0.0833 -0.7813
vn -0.4819 0.1079 -0.8696
vn -0.6645 -0.0981 -0.7408
vn -0.5675 0.0213 -0.8231
vn -0.6892 0.0380 -0.7235
vn -0.7554 -0.0724 -0.6512
vn -0.6698 0.0479 -0.7410
vn -0.8013 -0.0298 -0.5976
vn -0.6646 -0.1749 -0.7265
vn -0.8292 -0.0910 -0.5515
vn -0.8185 -0.3274 -0.4722
vn -0.6313 -0.5376 -0.5590
vn -0.7581 -0.4919 -0.4282
vn -0.5989 -0.7316 -0.3257
vn -0.7604 -0.5860 -0.2799
vn -0.6104 -0.7918 0.0231
vn -0.8061 -0.5894 -0.0532
vn -0.6613 -0.7002 0.2690
vn -0.6160 -0.7210 0.3173
vn -0.7703 -0.6375 0.0137
vn -0.7595 -0.6279 -0.1700
vn -0.8790 -0.4476 -0.1643
vn -0.8094 -0.2250 -0.5425
vn -0.7662 -0.2048 -0.6091
vn -0.7898 -0.1725 -0.5886
vn -0.7761 -0.0131 -0.6305
vn -0.8643 0.0894 -0.4950
vn -0.9231 0.1074 -0.3694
vn -0.9223 0.0390 -0.3846
vn -0.9123 -0.0879 -0.3999
vn -0.8360 -0.1967 -0.5122
vn -0.7457 -0.2603 -0.6134
vn -0.7672 -0.0043 -0.6414
vn -0.7510 0.2710 -0.6022
vn -0.8668 0.1515 -0.4751
vn -0.7433 -0.6439 -0.1813
vn -0.0689 -0.9906 -0.1185
vn -0.0722 -0.9829 0.1692
vn -0.8653 0.1863 -0.4654
vn -0.8834 0.1581 -0.4410
vn -0.8306 0.2973 -0.4709
vn -0.8679 0.2789 -0.4110
vn -0.8935 0.1689 -0.4161
vn 0.0454 0.4740 -0.8794
vn 0.0353 0.3202 -0.9467
vn -0.1868 0.2603 -0.9473
vn -0.0212 0.4297 -0.9027
vn -0.2494 0.2047 -0.9465
vn -0.4560 0.2413 -0.8566
vn -0.0216 0.5726 -0.8196
vn -0.9182 -0.1711 -0.3571
vn -0.9760 0.0030 -0.2178
vn -0.9573 0.2085 -0.2001
vn -0.9642 -0.1091 -0.2418
vn 0.0549 0.6275 -0.7766
vn -0.5714 0.2270 -0.7887
vn -0.2127 0.5767 -0.7887
vn -0.5389 0.3456 -0.7682
vn -0.1557 0.6556 -0.7389
vn -0.5027 0.5206 -0.6901
vn 0.0686 0.6884 -0.7221
vn 0.0582 0.6820 -0.7290
vn -0.1913 0.7515 -0.6315
vn -0.6605 0.5803 -0.4765
vn -0.0040 0.7725 -0.6349
vn 0.0627 0.7601 -0.6467
vn 0.0686 0.8746 -0.4800
vn -0.0805 0.8766 -0.4744
vn -0.3395 0.8173 -0.4656
vn -0.1420 0.9574 -0.2514
vn 0.0729 0.9720 -0.2235
vn -0.4831 0.8384 -0.2523
vn 0.0726 0.9962 0.0475
vn -0.8194 0.5175 -0.2463
vn -0.5692 -0.2415 -0.7859
vn -0.1505 0.1465 -0.9777
vn 0.0422 0.4248 -0.9043
vn 0.0529 0.5932 -0.8033
vn -0.7116 -0.5900 -0.3815
vn -0.8505 -0.2020 -0.4857
vn -0.4914 -0.1800 -0.8521
vn -0.9431 -0.1533 -0.2951
vn -0.8053 -0.5866 0.0857
vn -0.9579 -0.1604 -0.2381
vn -0.7870 -0.6100 0.0926
vn -0.9546 -0.2542 -0.1554
vn -0.7810 -0.6173 -0.0954
vn -0.9245 -0.2665 -0.2725
vn -0.7354 -0.5592 -0.3827
vn -0.8632 -0.1784 -0.4723
vn -0.4411 -0.8600 -0.2566
vn -0.4866 -0.8736 0.0041
vn -0.0717 -0.9950 0.0692
vn -0.4664 -0.8529 0.2348
vn -0.0718 -0.9586 0.2755
vn -0.0718 -0.9569 0.2813
vn -0.0709 -0.9299 0.3608
vn -0.4469 -0.8456 0.2920
vn -0.0672 -0.9797 -0.1886
vn -0.6824 -0.4133 -0.6029
vn -0.8149 0.0570 -0.5769
vn -0.8240 -0.2147 -0.5244
vn -0.7932 -0.1386 -0.5930
vn -0.9119 -0.2191 -0.3472
vn -0.9475 -0.1863 -0.2597
vn -0.7184 -0.3457 -0.6036
vn -0.7455 -0.4687 -0.4738
vn -0.3774 -0.8248 -0.4210
vn -0.0620 -0.9134 -0.4024
vn -0.3126 -0.8633 -0.3963
vn -0.0423 -0.9142 -0.4030
vn -0.4707 -0.7190 -0.5114
vn -0.5445 -0.7727 -0.3263
vn -0.5975 -0.7527 -0.2764
vn -0.7661 -0.5327 -0.3597
vn -0.8102 -0.4753 -0.3432
vn -0.6018 -0.7033 -0.3784
vn -0.3695 -0.8535 -0.3674
vn -0.1029 -0.9324 -0.3464
vn -0.6498 -0.6207 -0.4387
vn -0.4336 -0.8309 -0.3488
vn -0.1245 -0.9022 -0.4130
vn -0.7606 -0.5763 -0.2988
vn 0.0883 0.9462 0.3112
vn -0.3734 0.8230 0.4281
vn 0.1249 0.8919 0.4346
vn -0.7248 0.6074 0.3252
vn -0.9367 0.3343 0.1041
vn -0.9926 -0.0861 -0.0856
vn -0.8421 -0.5026 -0.1955
vn -0.1356 -0.8866 -0.4421
vn -0.4765 -0.7691 -0.4260
vn -0.4709 -0.7808 -0.4105
vn -0.5710 -0.7427 -0.3498
vn -0.1894 -0.8759 -0.4438
vn -0.2032 -0.8702 -0.4488
vn -0.5723 -0.5444 -0.6133
vn -0.2055 -0.6227 -0.7550
vn -0.8515 -0.3996 -0.3394
vn -0.9958 -0.0353 0.0842
vn -0.6356 0.6735 0.3774
vn -0.8743 0.4004 0.2744
vn -0.3150 0.8514 0.4195
vn 0.1983 0.8922 0.4058
vn -0.2892 0.8647 0.4107
vn 0.2291 0.9263 0.2991
vn -0.6879 0.6719 0.2744
vn -0.9049 0.3692 0.2116
vn -0.9940 0.0450 -0.0992
vn -0.8701 -0.1424 -0.4718
vn -0.1157 -0.3786 -0.9183
vn -0.4978 -0.2955 -0.8154
vn -0.3160 -0.4016 -0.8596
vn -0.1050 -0.4473 -0.8882
vn -0.0312 -0.7089 -0.7046
vn -0.3013 -0.6641 -0.6842
vn -0.3787 -0.8398 -0.3890
vn 0.0012 -0.9018 -0.4321
vn -0.4024 -0.8957 -0.1893
vn -0.0038 -0.9838 -0.1790
vn -0.1968 -0.9804 0.0054
vn -0.0248 -0.9995 0.0205
vn -0.7009 -0.2437 -0.6704
vn -0.7514 -0.0518 -0.6578
vn -0.7271 -0.4950 -0.4757
vn -0.7355 -0.6284 -0.2531
vn -0.7470 -0.6526 -0.1273
vn -0.9160 0.0813 -0.3928
vn -0.8511 -0.1272 -0.5093
vn -0.8859 0.0583 -0.4603
vn -0.9599 -0.0622 -0.2735
vn -0.2394 0.9655 0.1020
vn 0.3324 0.9431 0.0066
vn -0.9504 -0.0762 -0.3017
vn -0.9719 -0.2251 -0.0683
vn -0.9555 -0.2932 -0.0333
vn -0.6525 -0.7576 0.0167
vn -0.0041 -0.9989 -0.0458
vn -0.1048 -0.9944 0.0132
vn -0.3648 -0.8298 0.4224
vn -0.3134 -0.9308 0.1880
vn -0.3458 -0.7740 0.5304
vn -0.9009 -0.4186 0.1148
vn -0.4418 -0.7976 0.4107
vn -0.1574 -0.6647 0.7303
vn -0.8964 -0.4256 -0.1241
vn -0.9205 -0.3432 -0.1868
vn -0.7159 -0.6982 0.0104
vn -0.5942 -0.8017 0.0649
vn -0.6090 -0.7545 -0.2446
vn -0.5590 0.2824 -0.7796
vn -0.6120 0.6041 -0.5104
vn -0.6885 0.4128 -0.5963
vn -0.7635 0.3308 -0.5547
vn -0.7891 0.3774 -0.4846
vn -0.6733 0.4573 -0.5810
vn -0.6009 0.4113 -0.6854
vn -0.6370 0.0043 -0.7709
vn -0.0211 -0.4618 -0.8867
vn 0.0184 0.6208 -0.7838
vn 0.0763 0.7457 -0.6619
vn 0.0479 0.5132 -0.8569
vn -0.9307 -0.3291 -0.1596
vn -0.9347 0.0967 -0.3419
vn -0.8918 0.1616 -0.4226
vn -0.9583 0.0178 -0.2852
vn -0.5821 -0.7298 -0.3585
vn -0.6642 -0.7407 0.1008
vn -0.9226 -0.3650 -0.1251
vn -0.7471 -0.3685 -0.5532
vn -0.0719 -0.9928 0.0955
vn -0.0631 -0.9466 -0.3162
vn -0.8664 0.3173 -0.3857
vn -0.6777 0.4252 -0.5999
vn 0.0502 0.5509 -0.8330
vn -0.8507 0.2053 -0.4839
vn 0.0401 0.3922 -0.9190
vn -0.6706 0.2883 -0.6835
vn -0.5355 -0.4477 -0.7161
vn -0.4451 -0.6377 -0.6287
vn -0.0457 -0.7626 -0.6452
vn -0.0344 -0.6290 -0.7766
vn -0.2950 -0.5716 -0.7657
vn -0.2874 -0.4975 -0.8184
vn -0.0259 -0.5230 -0.8520
vn 0.0219 0.1230 -0.9922
vn -0.6237 0.0903 -0.7765
vn -0.8125 0.0878 -0.5763
vn -0.3683 -0.3563 -0.8587
vn -0.6053 -0.2530 -0.7548
vn -0.5307 -0.1442 -0.8352
vn -0.7331 -0.0704 -0.6764
vn -0.8771 0.0710 -0.4750
vn -0.7670 -0.1809 -0.6157
vn -0.8376 -0.0422 -0.5446
vn -0.9274 -0.2519 -0.2765
vn -0.9590 -0.0611 -0.2766
vn -0.9402 -0.1636 -0.2988
vn -0.9113 -0.4105 0.0319
vn -0.9024 -0.3882 0.1868
vn -0.9140 -0.3527 0.2005
vn -0.9039 -0.3655 0.2222
vn -0.8926 -0.3189 0.3186
vn -0.8720 -0.2058 0.4442
vn -0.5896 -0.5169 0.6206
vn -0.0639 -0.7833 0.6183
vn 0.6818 -0.7313 0.0176
vn 0.9644 -0.2643 -0.0057
vn 0.9076 -0.2684 0.3229
vn 0.6012 -0.7712 0.2093
vn -0.1252 -0.9776 0.1692
vn -0.1186 -0.9898 0.0792
vn -0.8907 -0.4503 -0.0620
vn -0.9216 -0.3476 0.1725
vn -0.9603 0.2766 -0.0359
vn -0.9402 0.3109 0.1389
vn -0.6152 0.7701 0.1684
vn -0.5039 0.8608 0.0711
vn 0.2775 0.8946 0.3503
vn 0.2545 0.9630 -0.0888
vn 0.8993 0.4360 -0.0331
vn 0.8602 0.3180 0.3986
vn 0.8887 -0.3247 0.3238
vn 0.9524 -0.3048 -0.0118
vn 0.8675 -0.2592 0.4245
vn 0.6393 -0.7458 0.1876
vn -0.0192 -0.9930 -0.1163
vn -0.8398 -0.4614 -0.2861
vn -0.9541 0.2608 -0.1469
vn -0.6783 0.7230 0.1309
vn 0.0314 0.8786 0.4765
vn 0.6912 0.4218 0.5868
vn 0.8487 -0.2841 0.4461
vn 0.8974 -0.2868 0.3353
vn 0.7013 -0.7115 0.0438
vn 0.1855 -0.9324 -0.3101
vn -0.7057 -0.4904 -0.5114
vn -0.9312 0.2748 -0.2396
vn -0.6552 0.7448 0.1265
vn 0.0591 0.8595 0.5077
vn 0.7432 0.3612 0.5632
vn 0.8974 -0.2873 0.3348
vn 0.2896 0.9414 -0.1727
vn -0.3849 0.9229 -0.0014
vn -0.2000 -0.9408 0.2735
vn 0.6892 -0.7242 -0.0232
vn 0.6039 -0.7931 0.0794
vn 0.1578 -0.8856 0.4367
vn 0.5770 -0.7053 0.4118
vn 0.9492 -0.3147 0.0014
vn 0.9465 -0.2682 -0.1796
vn 0.8300 0.4736 -0.2945
vn 0.9822 0.1836 -0.0408
vn 0.4399 0.7769 0.4505
vn 0.5718 0.8010 -0.1774
vn 0.8308 0.2734 -0.4848
vn 0.9158 -0.1425 -0.3754
vn 0.9897 0.1134 0.0872
vn 0.9262 -0.3239 -0.1928
vn -0.3063 -0.9110 0.2760
vn -0.9075 -0.2685 0.3230
vn -0.8793 0.4355 0.1929
vn -0.4615 0.8599 0.2182
vn -0.2682 0.9607 0.0723
vn -0.7872 0.5994 0.1450
vn -0.8767 0.4601 0.1403
vn -0.3126 -0.1062 0.9439
vn -0.6728 -0.0822 0.7353
vn -0.9378 -0.1877 0.2921
vn -0.8738 -0.3214 0.3648
vn -0.9099 -0.4091 0.0693
vn -0.1316 -0.9233 0.3609
vn -0.6992 -0.7149 -0.0036
vn -0.8669 -0.3860 0.3153
vn -0.5004 0.7029 -0.5056
vn 0.4257 0.8150 -0.3932
vn 0.5030 0.6684 -0.5479
vn -0.4109 0.6910 -0.5948
vn -0.9741 0.2256 -0.0153
vn -0.9986 -0.0113 -0.0521
vn -0.4980 -0.4585 0.7361
vn -0.4666 -0.7132 0.5231
vn -0.4980 -0.4585 0.7360
vn 0.4898 -0.4817 0.7266
vn 0.4778 -0.6149 0.6274
vn 0.9625 0.1748 0.2073
vn 0.9876 0.1018 0.1194
vn -0.6348 0.6835 -0.3605
vn 0.3037 0.9454 -0.1186
vn -0.9600 -0.2542 -0.1174
vn -0.3740 -0.8837 0.2816
vn -0.3739 -0.8837 0.2816
vn 0.4509 -0.7394 0.4999
vn 0.9103 0.1913 0.3670
vn -0.7247 0.6380 -0.2603
vn 0.1533 0.9722 0.1771
vn -0.8834 -0.3796 -0.2747
vn -0.2669 -0.9629 0.0398
vn -0.2668 -0.9629 0.0399
vn 0.4893 -0.7780 0.3940
vn 0.8179 0.1999 0.5395
vn -0.8618 0.4953 -0.1099
vn -0.1207 0.7971 0.5916
vn -0.8451 -0.3192 -0.4288
vn -0.1992 -0.9741 -0.1074
vn -0.1991 -0.9741 -0.1074
vn 0.5104 -0.7900 0.3397
vn 0.5820 0.2174 0.7836
vn -0.8444 -0.0258 -0.5351
vn -0.8719 -0.1189 -0.4751
vn -0.1426 -0.0009 -0.9898
vn -0.1198 0.2669 -0.9562
vn -0.1427 -0.0009 -0.9898
vn 0.8164 0.2714 -0.5098
vn 0.7429 0.4237 -0.5183
vn 0.8461 0.2896 0.4474
vn 0.7853 0.3507 0.5102
vn -0.8732 -0.1967 -0.4460
vn -0.0797 -0.3254 -0.9422
vn 0.8904 0.0232 -0.4546
vn 0.7520 0.4263 0.5027
vn -0.8311 -0.2996 -0.4686
vn -0.0301 -0.5620 -0.8266
vn 0.8852 -0.1638 -0.4355
vn 0.7790 0.5005 0.3777
vn -0.8356 -0.3492 -0.4241
vn 0.0087 -0.7433 -0.6689
vn 0.9220 -0.2180 -0.3200
vn 0.7256 0.6450 0.2397
vn -0.8306 -0.4210 -0.3644
vn 0.0958 -0.9454 -0.3117
vn 0.0958 -0.9454 -0.3116
vn 0.9668 -0.2214 -0.1277
vn 0.6617 0.7428 -0.1016
vn 0.0753 -0.1680 0.9829
vn 0.1918 0.0464 0.9803
vn -0.5341 0.5694 0.6249
vn -0.6664 0.4648 0.5830
vn -0.6333 0.7101 -0.3076
vn -0.6640 0.6623 -0.3471
vn 0.0067 0.4435 -0.8963
vn -0.1021 0.2038 -0.9737
vn 0.7911 -0.2763 -0.5457
vn 0.0067 0.4435 -0.8962
vn 0.7259 -0.4604 -0.5110
vn 0.7380 -0.5126 0.4388
vn 0.7537 -0.4062 0.5167
vn 0.3050 0.3929 0.8675
vn -0.4179 0.7539 0.5069
vn -0.7175 0.5682 -0.4028
vn -0.2376 -0.1729 -0.9558
vn 0.6734 -0.6495 -0.3531
vn 0.8180 -0.1798 0.5464
vn 0.3615 0.7523 0.5508
vn -0.4323 0.8834 0.1807
vn -0.7843 0.3217 -0.5305
vn -0.2883 -0.5317 -0.7963
vn -0.2883 -0.5317 -0.7964
vn 0.5938 -0.7510 -0.2889
vn 0.9263 0.0086 0.3768
vn 0.3536 0.9336 0.0581
vn -0.5176 0.8397 -0.1640
vn -0.8390 0.0358 -0.5430
vn -0.3126 -0.7568 -0.5740
vn -0.3126 -0.7569 -0.5740
vn 0.5428 -0.8012 -0.2521
vn 0.9895 0.1408 0.0324
vn 0.2021 0.0751 0.9765
vn 0.1991 0.2547 0.9463
vn -0.7092 0.4198 0.5664
vn -0.7725 0.3025 0.5584
vn -0.8736 0.3019 -0.3816
vn -0.8546 0.3753 -0.3588
vn -0.2193 0.0421 -0.9747
vn -0.1449 0.3393 -0.9294
vn 0.8399 0.0858 -0.5360
vn -0.1449 0.3394 -0.9294
vn -0.2193 0.0420 -0.9748
vn 0.7940 -0.1698 -0.5837
vn 0.9137 -0.0651 0.4012
vn 0.9038 -0.0266 0.4272
vn 0.2295 0.5850 0.7779
vn -0.6468 0.6486 0.4013
vn -0.8642 0.2138 -0.4556
vn -0.2555 -0.3163 -0.9136
vn 0.7293 -0.4335 -0.5293
vn 0.9208 0.1091 0.3744
vn 0.2091 0.8843 0.4174
vn -0.6258 0.7730 0.1042
vn -0.8851 0.0593 -0.4616
vn -0.2764 -0.7054 -0.6526
vn -0.2764 -0.7055 -0.6526
vn 0.7213 -0.6421 -0.2599
vn 0.9277 0.2837 0.2428
vn 0.7578 -0.6498 0.0591
vn 0.7158 -0.6214 0.3186
vn -0.1121 -0.6381 0.7617
vn -0.1694 -0.9459 0.2767
vn -0.8656 -0.0425 0.4989
vn -0.8863 -0.4294 0.1734
vn -0.8438 0.5208 -0.1291
vn -0.8027 0.5281 -0.2770
vn 0.1932 0.9110 -0.3644
vn 0.1407 0.3746 -0.9164
vn 0.1339 0.9519 -0.2758
vn 0.1719 0.5115 -0.8419
vn 0.8835 -0.1109 -0.4551
vn 0.8861 0.3991 -0.2358
vn -0.8516 0.3664 -0.3749
vn -0.9001 0.2284 -0.3711
vn 0.1278 0.3264 -0.9366
vn 0.1331 0.9272 -0.3503
vn 0.1232 0.9187 -0.3753
vn 0.2080 0.2975 -0.9318
vn 0.9702 -0.0009 -0.2422
vn 0.9271 0.3747 0.0085
vn 0.7469 -0.3447 0.5686
vn 0.7393 -0.5729 0.3540
vn -0.8942 0.3028 -0.3296
vn -0.6111 0.7915 -0.0076
vn 0.0102 0.9584 0.2853
vn 0.7422 0.4969 0.4497
vn 0.9292 -0.2193 0.2976
vn 0.9397 -0.2087 0.2711
vn 0.7646 -0.6442 0.0207
vn 0.2001 -0.9492 -0.2429
vn -0.6549 -0.5538 -0.5143
vn 0.0803 0.7394 -0.6685
vn -0.6128 0.6335 -0.4723
vn 0.9932 -0.0191 0.1147
vn 0.9321 0.2000 -0.3020
vn 0.6752 0.0325 -0.7369
vn 0.9675 -0.1740 0.1837
vn 0.9898 -0.1207 0.0752
vn -0.7787 -0.5815 0.2356
vn -0.2149 -0.9654 0.1476
vn -0.1647 -0.9626 0.2153
vn 0.6827 -0.4611 0.5668
vn -0.0946 -0.9042 0.4166
vn -0.8305 -0.5521 0.0744
vn -0.8810 -0.4667 0.0774
vn -0.7333 0.3394 -0.5891
vn -0.9131 -0.4023 0.0666
vn 0.0549 0.6368 -0.7691
vn -0.7855 0.5830 -0.2077
vn -0.9142 0.3648 -0.1768
vn -0.0563 0.3930 -0.9178
vn -0.6601 0.4158 -0.6256
vn -0.4631 0.0841 -0.8823
vn -0.7232 0.6736 -0.1524
vn -0.7978 0.5361 -0.2757
vn -0.7216 0.6476 -0.2447
vn -0.8538 0.3893 -0.3457
vn 0.9924 -0.0012 0.1228
vn 0.9889 -0.0336 0.1445
vn -0.6303 0.0116 0.7762
vn -0.6197 0.3634 0.6956
vn -0.4786 0.7477 0.4603
vn -0.4013 0.8001 0.4459
vn 0.0922 0.6052 0.7907
vn 0.1239 0.5806 0.8047
vn -0.3898 0.7682 0.5079
vn -0.3957 0.7454 0.5364
vn 0.1897 0.6438 0.7413
vn 0.6298 0.3470 0.6949
vn 0.6018 0.3602 0.7128
vn 0.6844 0.3667 0.6301
vn 0.9895 0.0098 0.1441
vn 0.7108 0.3833 0.5899
vn 0.7946 0.3185 0.5169
vn 0.7608 0.3852 0.5223
vn 0.7099 -0.7037 0.0302
vn 0.8820 0.4684 -0.0514
vn 0.1813 0.9832 0.0185
vn 0.8454 0.5064 0.1696
vn 0.8785 0.4271 0.2140
vn 0.2616 0.8657 0.4268
vn 0.3125 0.9291 0.1980
vn 0.5868 0.6426 0.4927
vn -0.6985 0.4803 0.5305
vn -0.0585 0.4352 0.8984
vn 0.4112 0.5999 0.6863
vn -0.7048 0.5421 0.4575
vn 0.4184 0.9070 0.0476
vn -0.7936 0.5030 0.3424
vn -0.7710 0.4909 0.4058
vn -0.1808 0.2005 0.9629
vn 0.1710 0.9568 0.2351
vn 0.0114 0.9852 0.1713
vn -0.0165 -0.4028 -0.9151
vn -0.0013 -0.2015 -0.9795
vn 0.2345 0.6622 -0.7117
vn -0.4981 0.8189 -0.2852
vn -0.8101 0.4954 0.3135
vn -0.4949 0.6422 -0.5854
vn -0.7526 0.5614 0.3440
vn -0.7563 0.5491 0.3558
vn -0.3570 0.8560 -0.3741
vn -0.2197 -0.1839 0.9581
vn -0.1089 -0.2669 0.9576
vn -0.2363 -0.2444 0.9405
vn 0.7037 -0.5299 0.4732
vn 0.7693 -0.4896 0.4104
vn 0.7536 -0.4641 0.4656
vn 0.8319 -0.3343 -0.4429
vn 0.9369 -0.0733 -0.3419
vn 0.1882 0.6807 -0.7080
vn 0.9191 -0.0756 -0.3866
vn 0.1444 0.1963 -0.9698
vn 0.3999 0.4750 -0.7839
vn 0.3588 0.0702 -0.9308
vn 0.2654 0.5421 -0.7973
vn -0.0422 -0.4756 0.8786
vn -0.8490 -0.1877 0.4939
vn 0.2593 0.0501 0.9645
vn 0.9088 -0.0659 0.4119
vn 0.9062 0.2141 -0.3647
vn 0.9330 -0.0745 -0.3520
vn 0.8821 -0.1533 0.4454
vn 0.9297 0.1987 -0.3102
vn 0.8870 -0.1056 0.4495
vn 0.0975 0.2252 -0.9694
vn -0.0471 0.5773 -0.8152
vn 0.0956 0.6213 -0.7777
vn -0.0471 0.5772 -0.8152
vn -0.8070 0.4833 -0.3394
vn 0.1282 0.2279 -0.9652
vn -0.8344 0.3683 -0.4101
vn 0.0990 0.6257 -0.7737
vn -0.7946 0.5257 -0.3037
vn -0.8522 0.1142 0.5106
vn -0.7775 0.3569 0.5177
vn -0.8045 0.2563 0.5358
vn 0.0918 -0.1965 0.9762
vn 0.0650 -0.0508 0.9966
vn -0.3635 0.8704 0.3321
vn 0.5515 0.1207 0.8254
vn 0.6330 -0.4491 0.6306
vn 0.3358 -0.6821 0.6496
vn -0.1374 0.9834 -0.1185
vn -0.0865 0.9726 -0.2156
vn 0.0286 0.9287 -0.3697
vn -0.8645 0.3352 -0.3744
vn -0.6503 -0.6709 -0.3565
vn -0.5835 0.3084 -0.7512
vn -0.0222 0.9969 -0.0760
vn -0.1036 0.9932 0.0530
vn 0.1871 0.9716 -0.1448
vn 0.5208 0.6112 -0.5960
vn -0.4235 0.6546 -0.6263
vn -0.9327 0.3533 -0.0724
vn -0.4350 0.6521 -0.6209
vn -0.9570 0.2879 0.0348
vn -0.5742 -0.1602 0.8029
vn -0.5482 -0.1952 0.8133
vn -0.5519 -0.2523 0.7949
vn 0.4501 -0.4215 0.7873
vn 0.1263 -0.6604 0.7402
vn -0.4300 -0.2848 0.8567
vn 0.9904 0.0177 0.1373
vn 0.9788 -0.0584 0.1965
vn 0.6519 0.5229 -0.5491
vn 0.9730 -0.2033 0.1093
vn 0.3435 -0.6770 0.6509
vn -0.1216 0.4763 0.8709
vn 0.3166 -0.9317 -0.1781
vn 0.8248 -0.0009 0.5654
vn -0.7009 -0.5017 0.5069
vn -0.7033 0.7104 -0.0286
vn 0.6380 0.2107 0.7406
vn -0.9824 0.1803 -0.0484
vn -0.2013 -0.9676 -0.1524
vn -0.6689 -0.5179 0.5333
vn -0.9616 0.1659 -0.2185
vn -0.9803 0.0480 -0.1915
vn 0.4925 -0.6524 -0.5760
vn -0.4216 0.6822 -0.5974
vn -0.1965 0.5558 -0.8078
vn -0.3882 0.6630 -0.6401
vn 0.6743 0.5415 -0.5021
vn 0.7217 0.3464 -0.5993
vn 0.6600 0.5597 -0.5012
vn 0.9856 -0.0033 0.1692
vn -0.2178 -0.9747 -0.0502
vn -0.1195 -0.9312 0.3443
vn -0.0465 0.0351 0.9983
vn -0.1415 0.2235 0.9644
vn -0.1695 0.4727 0.8648
vn -0.2081 0.6794 0.7036
vn -0.2203 0.8858 0.4083
vn -0.1913 0.9712 -0.1417
vn -0.9335 -0.1292 0.3345
vn -0.9294 -0.0255 0.3683
vn -0.9262 0.1580 0.3422
vn -0.9537 0.2330 0.1903
vn -0.9242 0.3778 0.0549
vn -0.8625 0.4447 -0.2414
vn -0.6698 0.0356 -0.7417
vn 0.1504 0.8560 -0.4946
vn 0.0199 0.6608 -0.7503
vn 0.7894 0.5880 0.1763
vn 0.0423 0.3959 -0.9173
vn 0.8950 0.4379 -0.0844
vn 0.6811 -0.2317 0.6945
vn 0.6704 -0.1814 0.7195
vn -0.1445 -0.7250 0.6734
vn -0.1326 -0.6203 0.7731
vn -0.7484 -0.6631 -0.0126
vn 0.1030 0.5370 -0.8372
vn -0.7150 0.0091 -0.6991
vn -0.8433 -0.5337 0.0626
vn -0.8203 0.1361 -0.5555
vn -0.9354 -0.0648 0.3476
vn -0.1290 -0.0493 0.9904
vn -0.9096 -0.3485 0.2264
vn -0.1947 -0.3922 0.8990
vn -0.2134 -0.1312 0.9681
vn -0.9434 -0.0904 0.3192
vn 0.7635 0.2764 0.5836
vn 0.6727 0.0762 0.7360
vn 0.6404 0.2822 0.7144
vn 0.7236 0.6094 -0.3241
vn 0.8753 0.3489 -0.3349
vn 0.7680 0.6047 -0.2108
vn -0.0760 0.5293 -0.8450
vn -0.1047 0.5384 -0.8362
vn -0.0574 0.5161 -0.8546
vn 0.0649 0.3777 -0.9237
vn -0.8281 0.0550 -0.5579
vn -0.8457 0.1737 -0.5047
vn 0.0758 0.4149 -0.9067
vn -0.0142 0.5560 -0.8310
vn -0.7561 0.2064 -0.6210
vn -0.5775 0.7684 -0.2757
vn 0.0864 0.9932 0.0786
vn -0.1398 0.9898 0.0275
vn -0.3002 0.9454 -0.1272
vn -0.5350 0.4928 -0.6863
vn -0.5522 -0.2811 -0.7849
vn -0.6830 -0.4208 -0.5970
vn -0.2289 0.8827 -0.4104
vn -0.0783 0.9844 0.1576
vn -0.1160 0.9803 0.1597
vn -0.0723 0.9693 0.2349
vn -0.2501 -0.9019 0.3521
vn -0.0183 -0.9601 0.2792
vn -0.0009 0.9228 0.3852
vn -0.0254 0.9787 0.2035
vn -0.0069 0.8778 0.4789
vn 0.0011 0.9055 0.4243
vn -0.1319 -0.9913 -0.0003
vn 0.0001 -0.9997 -0.0253
vn 0.0002 -1.0000 0.0034
vn -0.0025 0.8200 -0.5723
vn 0.0185 0.6208 -0.7838
vn 0.0764 0.7458 -0.6618
vn 0.0479 0.5133 -0.8569
vn -0.0024 0.8200 -0.5724
vn -0.1172 0.8239 -0.5545
vn 0.0070 0.8312 -0.5560
vn -0.1548 0.7991 -0.5809
vn -0.2177 0.7672 -0.6034
vn -0.3082 0.8409 -0.4449
vn 0.0609 0.7295 -0.6813
vn -0.2030 0.7321 -0.6503
vn -0.3487 0.6931 -0.6309
vn -0.1547 0.7991 -0.5809
vn -0.2124 0.7787 -0.5903
vn 0.0598 0.7093 -0.7023
vn -0.3696 0.7062 -0.6038
vn 0.0631 0.7680 -0.6374
vn -0.2989 0.8123 -0.5008
vn -0.1954 0.8331 -0.5174
vn -0.2000 0.9213 -0.3335
vn 0.0714 0.9518 -0.2984
vn -0.1225 0.8680 -0.4813
vn -0.1351 -0.3805 -0.9149
vn 0.2177 -0.9487 0.2295
vn -0.7884 -0.2890 -0.5430
vn -0.8109 -0.1735 -0.5589
vn -0.7685 -0.0747 -0.6355
vn 0.1892 -0.9106 0.3674
vn -0.2288 -0.8727 0.4313
vn -0.3190 -0.8964 0.3076
vn -0.3060 -0.8770 0.3704
vn -0.2173 -0.7928 0.5695
vn -0.2213 -0.6855 0.6937
vn -0.4175 -0.4914 0.7643
vn -0.4908 -0.3813 0.7834
vn -0.5198 -0.2094 0.8283
vn -0.5453 0.0607 0.8360
vn 0.4247 -0.6276 0.6524
vn -0.2211 -0.6854 0.6937
vn 0.3750 -0.5004 0.7804
vn 0.5354 -0.5617 0.6308
vn 0.4219 -0.3916 0.8177
vn -0.4174 -0.4914 0.7643
vn -0.4907 -0.3813 0.7834
vn -0.5197 -0.2094 0.8283
vn -0.4013 0.0759 0.9128
vn -0.0194 -0.0865 0.9961
vn 0.0110 0.3302 0.9438
vn -0.0136 -0.0049 0.9999
vn -0.0418 -0.4178 0.9076
vn 0.4009 -0.7299 0.5536
vn 0.3781 -0.7956 0.4733
vn -0.3191 -0.8965 0.3075
vn 0.3747 -0.7699 0.5166
vn -0.2495 -0.8802 0.4038
vn 0.4338 -0.7544 0.4926
vn -0.0673 -0.8489 0.5243
vn 0.4844 -0.7470 0.4553
vn 0.5273 -0.6838 0.5044
vn -0.0574 -0.6686 0.7414
vn -0.0657 -0.8171 0.5727
vn -0.0680 -0.8618 0.5027
vn 0.6740 -0.5527 0.4902
vn 0.2629 -0.9228 -0.2817
vn 0.2630 -0.9228 -0.2817
vn -0.2683 -0.7603 -0.5915
vn -0.2683 -0.7603 -0.5916
vn 0.8080 0.1403 -0.5722
vn 0.9067 0.0494 -0.4188
vn 0.7517 -0.6551 0.0758
vn 0.8494 -0.5149 -0.1156
vn 0.7152 0.1858 -0.6738
vn 0.5849 0.2538 -0.7704
vn 0.6446 -0.0066 -0.7645
vn 0.5151 0.0370 -0.8563
vn 0.6633 -0.1925 -0.7232
vn 0.5863 -0.0607 -0.8078
vn 0.7066 -0.0613 -0.7050
vn 0.7545 -0.1798 -0.6312
vn 0.6891 -0.0488 -0.7230
vn 0.8045 -0.1440 -0.5763
vn 0.6521 -0.2686 -0.7090
vn 0.8222 -0.2084 -0.5296
vn 0.7761 -0.4408 -0.4510
vn 0.5633 -0.6226 -0.5431
vn 0.6919 -0.5950 -0.4089
vn 0.4978 -0.8096 -0.3111
vn 0.6770 -0.6883 -0.2608
vn 0.4914 -0.8701 0.0377
vn 0.7157 -0.6977 -0.0330
vn 0.5482 -0.7863 0.2850
vn 0.6717 -0.7401 0.0328
vn 0.4992 -0.8003 0.3321
vn 0.8109 -0.5678 -0.1418
vn 0.6673 -0.7294 -0.1510
vn 0.7453 -0.3123 -0.5891
vn 0.7834 -0.3383 -0.5213
vn 0.7727 -0.2837 -0.5678
vn 0.7828 -0.1240 -0.6098
vn 0.8810 -0.0348 -0.4719
vn 0.9384 -0.0250 -0.3447
vn 0.9283 -0.0926 -0.3600
vn 0.9010 -0.2209 -0.3734
vn 0.8140 -0.3169 -0.4867
vn 0.7173 -0.3640 -0.5941
vn 0.7755 -0.1142 -0.6210
vn 0.7974 0.1608 -0.5816
vn 0.8918 0.0264 -0.4517
vn 0.6492 -0.7430 -0.1628
vn 0.8949 0.0611 -0.4420
vn 0.9083 0.0307 -0.4173
vn 0.8764 0.1759 -0.4482
vn 0.9092 0.1525 -0.3874
vn 0.9191 0.0399 -0.3920
vn 0.1056 0.4207 -0.9010
vn 0.2467 0.2295 -0.9415
vn 0.1241 0.5622 -0.8176
vn 0.5081 0.1727 -0.8438
vn 0.3008 0.1656 -0.9392
vn 0.8881 -0.3111 -0.3384
vn 0.9722 -0.1402 -0.1875
vn 0.9823 0.0709 -0.1734
vn 0.9278 -0.2689 -0.2584
vn 0.6184 0.1424 -0.7729
vn 0.3130 0.5393 -0.7818
vn 0.6025 0.2644 -0.7530
vn 0.2664 0.6255 -0.7333
vn 0.5893 0.4429 -0.6756
vn 0.0486 0.6898 -0.7223
vn 0.3123 0.7156 -0.6248
vn 0.7483 0.4801 -0.4578
vn 0.1300 0.7630 -0.6332
vn 0.2163 0.8555 -0.4705
vn 0.4639 0.7601 -0.4549
vn 0.2834 0.9276 -0.2433
vn 0.6033 0.7619 -0.2357
vn 0.8907 0.3962 -0.2230
vn 0.5498 -0.3211 -0.7711
vn 0.1955 0.1219 -0.9731
vn 0.8259 -0.3212 -0.4634
vn 0.6308 -0.6854 -0.3637
vn 0.4833 -0.2494 -0.8392
vn 0.9194 -0.2858 -0.2703
vn 0.7117 -0.6945 0.1059
vn 0.9315 -0.2948 -0.2130
vn 0.6900 -0.7151 0.1122
vn 0.9128 -0.3870 -0.1306
vn 0.6880 -0.7217 -0.0759
vn 0.8844 -0.3952 -0.2485
vn 0.6577 -0.6629 -0.3578
vn 0.8415 -0.2997 -0.4496
vn 0.3305 -0.9125 -0.2412
vn 0.3578 -0.9337 0.0154
vn 0.3346 -0.9098 0.2454
vn 0.3148 -0.8998 0.3021
vn 0.6387 -0.5103 -0.5759
vn 0.8353 -0.0690 -0.5454
vn 0.7742 -0.3681 -0.5150
vn 0.7699 -0.2599 -0.5829
vn 0.8479 -0.3977 -0.3505
vn 0.8774 -0.3662 -0.3098
vn 0.6761 -0.4684 -0.5688
vn 0.6429 -0.6206 -0.4489
vn 0.2554 -0.8775 -0.4059
vn 0.1680 -0.9043 -0.3924
vn 0.3912 -0.7766 -0.4939
vn 0.4094 -0.8630 -0.2959
vn 0.6124 -0.6888 -0.3878
vn 0.4188 -0.8595 -0.2931
vn 0.6405 -0.6400 -0.4245
vn 0.3721 -0.7970 -0.4758
vn 0.1949 -0.9016 -0.3861
vn 0.3829 -0.7174 -0.5821
vn 0.2222 -0.8985 -0.3787
vn 0.4834 -0.7309 -0.4817
vn 0.6117 0.7172 0.3338
vn 0.9136 0.3849 0.1311
vn 0.9824 0.0650 -0.1754
vn 0.8643 -0.3662 -0.3448
vn 0.5622 -0.7325 -0.3840
vn 0.1809 -0.8554 -0.4853
vn 0.1068 -0.8586 -0.5014
vn 0.1751 -0.8753 -0.4508
vn 0.2702 -0.6266 -0.7310
vn 0.6146 -0.5898 -0.5238
vn 0.9467 -0.2667 -0.1807
vn 0.8848 0.4198 0.2021
vn 0.9855 0.1677 0.0273
vn 0.6710 0.6832 0.2880
vn 0.6706 0.5964 0.4411
vn 0.8884 0.3990 0.2270
vn 0.9776 0.1837 0.1028
vn 0.9871 0.0956 -0.1284
vn 0.8102 -0.2185 -0.5440
vn 0.3191 -0.3493 -0.8810
vn 0.1244 -0.4445 -0.8871
vn 0.2731 -0.6947 -0.6654
vn 0.3756 -0.8423 -0.3866
vn 0.3990 -0.8939 -0.2043
vn 0.1505 -0.9851 -0.0837
vn 0.5778 -0.2954 -0.7608
vn 0.6179 -0.1304 -0.7754
vn 0.6830 -0.5371 -0.4949
vn 0.7406 -0.6237 -0.2500
vn 0.7500 -0.6440 -0.1512
vn 0.8590 0.1336 -0.4943
vn 0.9100 0.1802 -0.3734
vn 0.7963 -0.0387 -0.6036
vn 0.9194 -0.1394 -0.3677
vn 0.5591 0.8203 0.1203
vn 0.9118 0.1044 -0.3973
vn 0.9567 -0.2725 -0.1024
vn 0.9395 -0.3356 -0.0680
vn 0.6623 -0.7310 -0.1641
vn -0.1965 -0.9768 -0.0848
vn -0.2796 -0.8673 0.4118
vn 0.1058 -0.7237 0.6819
vn 0.0439 -0.6292 0.7760
vn 0.8302 -0.5483 -0.1006
vn 0.8673 -0.4704 -0.1630
vn 0.6095 -0.7923 0.0277
vn 0.4728 -0.8776 0.0790
vn 0.5023 -0.8336 -0.2298
vn 0.6341 0.1658 -0.7553
vn 0.7028 0.5111 -0.4949
vn 0.7543 0.3120 -0.5777
vn 0.8170 0.2183 -0.5337
vn 0.8471 0.2611 -0.4628
vn 0.7463 0.3564 -0.5622
vn 0.6709 0.3209 -0.6685
vn 0.6513 -0.0873 -0.7538
vn 0.0903 0.6157 -0.7828
vn 0.0475 0.7478 -0.6623
vn 0.8786 -0.4578 -0.1355
vn 0.9477 -0.0372 -0.3169
vn 0.9165 0.0330 -0.3986
vn 0.9584 -0.1185 -0.2597
vn 0.4823 -0.8055 -0.3444
vn 0.7018 -0.4716 -0.5340
vn 0.8646 -0.4921 -0.1014
vn 0.5498 -0.8270 0.1169
vn 0.9124 0.1908 -0.3621
vn 0.7467 0.3239 -0.5810
vn 0.8837 0.0819 -0.4609
vn 0.7224 0.1892 -0.6650
vn 0.3668 -0.6954 -0.6179
vn 0.4855 -0.5203 -0.7025
vn 0.2313 -0.6090 -0.7587
vn 0.2356 -0.5347 -0.8115
vn 0.6504 -0.0003 -0.7595
vn 0.8317 -0.0291 -0.5545
vn 0.3367 -0.4065 -0.8494
vn 0.5831 -0.3375 -0.7390
vn 0.7334 -0.1748 -0.6570
vn 0.5268 -0.2194 -0.8212
vn 0.8906 -0.0547 -0.4516
vn 0.7496 -0.2887 -0.5955
vn 0.8373 -0.1614 -0.5224
vn 0.8894 -0.3811 -0.2524
vn 0.9477 -0.1967 -0.2513
vn 0.9151 -0.2955 -0.2742
vn 0.8429 -0.5353 0.0552
vn 0.8332 -0.5117 0.2099
vn 0.8493 -0.4781 0.2239
vn 0.8369 -0.4893 0.2454
vn 0.8298 -0.4414 0.3415
vn 0.8220 -0.3263 0.4667
vn 0.4939 -0.5940 0.6350
vn -0.8154 -0.5459 0.1923
vn -0.7838 -0.6054 0.1383
vn -0.9774 -0.0415 0.2071
vn -0.9943 -0.0481 0.0953
vn -0.0429 -0.9481 0.3151
vn -0.1100 -0.9874 0.1136
vn 0.8232 -0.5406 0.1732
vn 0.7621 -0.6369 0.1161
vn 0.9972 0.0261 0.0694
vn 0.9878 0.0046 0.1557
vn 0.7365 0.6751 -0.0436
vn 0.7829 0.5665 0.2570
vn 0.0040 0.9785 -0.2064
vn -0.0034 0.9577 0.2876
vn -0.7190 0.6907 -0.0778
vn -0.7559 0.5902 0.2834
vn -0.9973 0.0495 0.0545
vn -0.9775 -0.0281 0.2090
vn -0.8181 -0.5730 -0.0480
vn -0.9869 -0.0355 0.1574
vn -0.1772 -0.9689 -0.1729
vn 0.7465 -0.6633 -0.0532
vn 0.9841 0.0009 0.1776
vn 0.7595 0.5208 0.3898
vn 0.0498 0.8547 0.5167
vn -0.7103 0.5785 0.4010
vn -0.9843 -0.0470 0.1702
vn -0.8261 -0.5252 -0.2044
vn -0.9978 -0.0582 0.0314
vn -0.2929 -0.8699 -0.3967
vn 0.6913 -0.6557 -0.3035
vn 0.9971 0.0415 0.0643
vn 0.7389 0.5710 0.3579
vn -0.0125 0.8596 0.5108
vn -0.7759 0.5397 0.3266
vn -0.9977 -0.0605 0.0322
vn 0.6225 0.7629 -0.1746
vn -0.0132 0.9289 -0.3702
vn -0.8115 -0.5372 0.2302
vn 0.0344 -0.9271 0.3732
vn -0.6909 -0.6849 0.2314
vn -0.9650 -0.0913 0.2457
vn -0.5142 -0.6970 0.4998
vn -0.0646 -0.9481 0.3114
vn -0.9985 -0.0296 0.0458
vn -0.6330 0.7098 -0.3089
vn -0.8524 0.1502 0.5008
vn -0.5332 0.7086 -0.4621
vn -0.1442 0.9579 -0.2484
vn 0.1516 0.8687 0.4717
vn -0.9864 0.1227 0.1097
vn -0.8312 -0.1510 0.5351
vn -0.9917 0.1049 -0.0740
vn 0.1677 -0.9643 0.2047
vn 0.8377 -0.4951 0.2305
vn 0.9951 0.0535 0.0835
vn 0.6362 0.6951 0.3349
vn 0.9026 0.1863 0.3882
vn 0.9722 0.0273 0.2326
vn 0.9575 -0.2198 0.1869
vn 0.7518 0.2192 0.6219
vn 0.9788 -0.1732 0.1096
vn 0.8456 -0.4975 0.1933
vn 0.8895 -0.4246 -0.1688
vn 0.9167 -0.3671 -0.1576
vn 0.3147 -0.9266 0.2057
vn 0.4476 -0.8461 -0.2895
vn 0.8434 -0.5231 0.1225
vn 0.7765 0.5526 -0.3027
vn 0.7177 0.5592 -0.4150
vn -0.1477 0.7512 -0.6433
vn -0.0887 0.8801 -0.4665
vn 0.9376 -0.2447 0.2472
vn 0.9584 -0.0077 0.2852
vn 0.1111 -0.7869 0.6069
vn 0.1350 -0.5406 0.8304
vn -0.7719 -0.4688 0.4295
vn -0.7821 -0.3337 0.5263
vn 0.1351 -0.5406 0.8304
vn -0.9130 0.3997 -0.0813
vn -0.9267 0.3322 -0.1758
vn 0.8531 0.5066 -0.1252
vn -0.0280 0.9863 -0.1626
vn 0.8655 -0.4737 0.1629
vn 0.0584 -0.9380 0.3417
vn 0.0584 -0.9380 0.3416
vn -0.7375 -0.5997 0.3105
vn -0.9087 0.4082 0.0872
vn 0.8958 0.4443 -0.0049
vn 0.0289 0.9858 0.1653
vn 0.8128 -0.5823 -0.0153
vn 0.0134 -0.9970 0.0758
vn 0.0133 -0.9970 0.0758
vn -0.7502 -0.6313 0.1964
vn -0.8729 0.3999 0.2797
vn 0.9448 0.2780 0.1732
vn 0.1181 0.7638 0.6346
vn 0.8374 -0.5191 -0.1711
vn -0.0077 -0.9963 -0.0852
vn -0.0078 -0.9963 -0.0853
vn -0.7562 -0.6397 0.1378
vn -0.7235 0.3690 0.5834
vn 0.9362 -0.2367 -0.2600
vn 0.4588 0.2044 -0.8647
vn 0.4284 -0.0622 -0.9015
vn 0.9222 -0.3319 -0.1986
vn -0.4350 0.5699 -0.6971
vn -0.5406 0.4391 -0.7175
vn 0.4284 -0.0623 -0.9015
vn -0.8508 0.4909 0.1874
vn -0.7992 0.5381 0.2679
vn 0.2811 -0.3617 -0.8889
vn 0.8967 -0.4070 -0.1738
vn -0.6829 0.2167 -0.6976
vn -0.7487 0.6036 0.2739
vn 0.1460 -0.5770 -0.8036
vn 0.8408 -0.4979 -0.2124
vn -0.7268 0.0342 -0.6860
vn 0.1460 -0.5769 -0.8036
vn -0.7191 0.6785 0.1499
vn 0.0211 -0.7397 -0.6726
vn 0.8203 -0.5459 -0.1707
vn -0.8080 -0.0067 -0.5892
vn -0.5951 0.8026 0.0405
vn -0.2130 -0.9057 -0.3666
vn 0.7813 -0.6129 -0.1184
vn -0.9078 0.0059 -0.4193
vn -0.4112 0.8732 -0.2618
vn -0.4028 -0.1178 0.9077
vn 0.5494 0.3136 0.7745
vn 0.4385 0.4471 0.7796
vn -0.4605 0.1176 0.8798
vn 0.8420 0.5343 -0.0740
vn 0.8712 0.4796 -0.1047
vn 0.3644 0.4071 -0.8375
vn 0.4331 0.1466 -0.8893
vn -0.6326 -0.1002 -0.7679
vn -0.6250 -0.2934 -0.7234
vn 0.3644 0.4072 -0.8375
vn -0.9328 -0.3142 0.1765
vn -0.9461 -0.2049 0.2508
vn 0.4087 0.6502 0.6404
vn -0.4518 0.4776 0.7535
vn 0.9159 0.3740 -0.1459
vn 0.4665 -0.2506 -0.8483
vn -0.6673 -0.4849 -0.5654
vn -0.9624 0.0310 0.2698
vn 0.5495 0.7635 0.3393
vn -0.3265 0.8311 0.4502
vn 0.9591 0.1152 -0.2585
vn 0.3830 -0.6067 -0.6966
vn -0.6362 -0.6002 -0.4848
vn -0.9685 0.2345 0.0839
vn 0.7217 0.6913 0.0340
vn -0.1299 0.9915 -0.0095
vn 0.9477 -0.1758 -0.2665
vn 0.2871 -0.8249 -0.4870
vn -0.6115 -0.6598 -0.4367
vn -0.8934 0.3679 -0.2577
vn -0.4623 0.1479 0.8743
vn 0.6176 0.1303 0.7756
vn 0.5836 0.2594 0.7695
vn -0.4091 0.3209 0.8542
vn 0.9852 0.1559 -0.0715
vn 0.9927 0.0795 -0.0908
vn 0.4907 0.2697 -0.8286
vn 0.5047 -0.0379 -0.8624
vn -0.5973 0.2634 -0.7575
vn -0.5995 0.0029 -0.8004
vn 0.5047 -0.0379 -0.8625
vn 0.4907 0.2697 -0.8285
vn -0.9811 0.1606 0.1078
vn -0.9709 0.1965 0.1372
vn 0.6280 0.4916 0.6033
vn -0.3108 0.6443 0.6988
vn 0.9858 -0.0061 -0.1679
vn 0.4374 -0.3930 -0.8089
vn -0.6165 -0.2669 -0.7407
vn 0.4373 -0.3930 -0.8089
vn -0.9396 0.3308 0.0876
vn 0.7262 0.6089 0.3191
vn -0.1150 0.9203 0.3740
vn 0.9714 -0.1613 -0.1741
vn 0.2890 -0.7687 -0.5706
vn -0.7378 -0.4639 -0.4904
vn -0.8663 0.4985 -0.0324
vn -0.8697 -0.4530 -0.1957
vn -0.1399 -0.9504 0.2778
vn -0.2713 -0.6247 0.7322
vn -0.9006 -0.4301 0.0624
vn 0.6707 -0.6167 0.4121
vn 0.6423 -0.2284 0.7317
vn 0.9399 0.3047 0.1541
vn 0.9477 0.3192 -0.0004
vn 0.1400 0.9202 -0.3656
vn 0.2305 0.3708 -0.8997
vn 0.1778 0.9487 -0.2616
vn -0.6567 0.5874 -0.4730
vn -0.7073 0.0847 -0.7019
vn 0.2108 0.5133 -0.8319
vn 0.9852 0.1469 -0.0884
vn 0.1952 0.9223 -0.3336
vn 0.2374 0.3204 -0.9171
vn 0.9971 0.0033 -0.0764
vn 0.2099 0.9111 -0.3548
vn -0.7769 0.5786 -0.2483
vn -0.8260 0.2179 -0.5199
vn 0.1550 0.3110 -0.9377
vn -0.9224 -0.3749 0.0926
vn -0.9408 -0.1486 0.3047
vn 0.7503 0.6272 0.2090
vn 0.9964 0.0775 -0.0348
vn 0.1257 0.9422 0.3105
vn -0.7087 0.6676 0.2283
vn -0.9999 0.0114 -0.0024
vn -0.8624 -0.4478 -0.2360
vn -0.9993 0.0234 -0.0303
vn -0.3374 -0.8743 -0.3489
vn 0.6328 -0.7053 -0.3194
vn 0.2991 0.7162 -0.6306
vn 0.8548 0.4599 -0.2405
vn -0.9583 0.2157 -0.1872
vn -0.9908 0.0610 -0.1204
vn -0.3970 0.1676 -0.9024
vn -0.7265 0.4026 -0.5569
vn -0.9668 0.1150 -0.2282
vn 0.5165 -0.7397 0.4313
vn -0.0675 -0.9843 0.1630
vn -0.1337 -0.9679 0.2127
vn -0.2444 -0.8883 0.3887
vn -0.9081 -0.2734 0.3173
vn 0.6850 -0.6564 0.3160
vn 0.6195 -0.7277 0.2944
vn 0.9322 0.1478 -0.3304
vn 0.6187 -0.3383 0.7090
vn 0.3261 0.6099 -0.7223
vn 0.4181 0.3454 -0.8402
vn 0.9833 0.1370 0.1194
vn 0.9237 0.3782 0.0610
vn 0.8943 0.2329 -0.3822
vn 0.7124 -0.0511 -0.6999
vn 0.8682 0.4862 0.0990
vn 0.9334 0.3588 0.0057
vn 0.8905 0.4548 0.0095
vn 0.9837 0.1701 -0.0586
vn -0.9667 0.2014 -0.1581
vn -0.9559 0.2331 -0.1785
vn 0.3538 -0.1131 0.9285
vn 0.4491 0.2291 0.8636
vn 0.4774 0.6287 0.6138
vn 0.4221 0.6969 0.5797
vn -0.1829 0.6324 0.7527
vn -0.2220 0.6162 0.7557
vn 0.3774 0.6479 0.6617
vn 0.3912 0.6700 0.6310
vn -0.2494 0.6912 0.6783
vn -0.7114 0.5036 0.4902
vn -0.7380 0.5337 0.4130
vn -0.6878 0.5105 0.5161
vn -0.8172 0.5091 0.2702
vn -0.7465 0.5547 0.3675
vn -0.9571 0.2437 -0.1568
vn -0.7721 0.5664 0.2882
vn -0.8283 -0.5182 -0.2130
vn -0.6934 0.6590 -0.2914
vn 0.0530 0.9986 0.0062
vn -0.7170 0.6938 -0.0681
vn -0.1347 0.9815 0.1359
vn -0.1707 0.9146 0.3665
vn -0.7792 0.6256 -0.0390
vn -0.5429 0.7752 0.3229
vn -0.1148 0.4351 0.8930
vn 0.5984 0.3197 0.7347
vn -0.4482 0.6984 0.5580
vn 0.6404 0.3762 0.6696
vn -0.1927 0.9804 -0.0400
vn 0.7480 0.3142 0.5846
vn -0.0748 0.1804 0.9808
vn 0.7052 0.3096 0.6379
vn -0.0084 0.9766 0.2147
vn 0.1650 0.9653 0.2026
vn 0.7351 0.6721 -0.0883
vn 0.1485 0.6780 -0.7199
vn 0.7727 0.3058 0.5563
vn 0.7826 0.4915 -0.3822
vn 0.7231 0.3806 0.5765
vn 0.7200 0.3681 0.5883
vn 0.6400 0.7382 -0.2132
vn -0.1259 -0.2026 0.9711
vn -0.2446 -0.2563 0.9351
vn -0.1185 -0.2648 0.9570
vn -0.9153 -0.3380 0.2188
vn -0.9484 -0.2876 0.1338
vn -0.9440 -0.2626 0.1995
vn -0.7120 -0.1500 -0.6859
vn -0.7819 0.1367 -0.6082
vn 0.1945 0.6853 -0.7018
vn -0.7520 0.1296 -0.6463
vn 0.2020 0.1968 -0.9594
vn -0.0261 0.5324 -0.8461
vn -0.0372 0.1251 -0.9915
vn 0.1179 0.5660 -0.8160
vn -0.3338 -0.4489 0.8289
vn 0.5943 -0.3676 0.7153
vn -0.9800 0.1590 0.1194
vn -0.5175 0.1365 0.8447
vn -0.6804 0.4084 -0.6084
vn -0.7755 0.1343 -0.6169
vn -0.9855 0.0693 0.1550
vn -0.9802 0.1165 0.1599
vn -0.7221 0.4005 -0.5641
vn 0.2519 0.2140 -0.9438
vn 0.4207 0.5271 -0.7384
vn 0.2875 0.6040 -0.7433
vn 0.9601 0.2726 -0.0625
vn 0.4207 0.5270 -0.7384
vn 0.2229 0.2238 -0.9488
vn 0.9798 0.1538 -0.1281
vn 0.2842 0.6093 -0.7403
vn 0.9477 0.3177 -0.0305
vn 0.6616 -0.0730 0.7463
vn 0.6470 0.1809 0.7407
vn 0.6434 0.0774 0.7616
vn -0.4243 -0.1411 0.8944
vn -0.3704 -0.0059 0.9289
vn 0.4375 0.7711 0.4625
vn -0.7301 0.2691 0.6281
vn -0.8772 -0.2720 0.3957
vn -0.6625 -0.5665 0.4900
vn 0.3686 0.9193 -0.1378
vn 0.3891 0.9207 -0.0295
vn 0.2981 0.8990 -0.3209
vn 0.9898 0.1142 -0.0852
vn 0.8363 0.1427 -0.5293
vn 0.5508 -0.8153 -0.1783
vn 0.3088 0.9430 0.1243
vn 0.2729 0.9618 -0.0228
vn 0.0938 0.9840 -0.1518
vn 0.7304 0.5200 -0.4428
vn -0.1629 0.6983 -0.6970
vn 0.9666 0.1245 0.2240
vn 0.9421 0.0583 0.3303
vn 0.7389 0.5151 -0.4344
vn 0.2542 -0.2663 0.9298
vn 0.2069 -0.3077 0.9287
vn -0.7453 -0.2801 0.6051
vn 0.2136 -0.3513 0.9116
vn -0.3239 -0.7866 0.5257
vn 0.0702 -0.3739 0.9248
vn -0.9505 0.2695 -0.1546
vn -0.9706 0.2127 -0.1130
vn -0.3037 0.6567 -0.6903
vn -0.9801 0.0285 -0.1965
vn -0.6655 -0.5629 0.4902
vn -0.1284 -0.9412 -0.3126
vn 0.1855 0.0533 0.9812
vn -0.7930 0.0601 0.6063
vn 0.3816 -0.6364 0.6704
vn 0.7764 0.4631 0.4274
vn -0.7693 -0.0650 0.6356
vn 0.9495 -0.0942 0.2995
vn -0.0133 -0.9934 -0.1141
vn 0.9940 -0.0686 0.0852
vn 0.3403 -0.6438 0.6853
vn 0.9704 -0.1976 0.1389
vn -0.4988 -0.4221 -0.7570
vn 0.7263 0.5481 -0.4148
vn 0.5518 0.4716 -0.6878
vn 0.7023 0.5385 -0.4656
vn -0.3182 0.6744 -0.6663
vn -0.4020 0.4851 -0.7766
vn -0.3213 0.6832 -0.6557
vn -0.9368 0.2219 -0.2705
vn -0.0077 -0.9997 -0.0251
vn -0.2116 -0.9192 0.3321
vn -0.2477 0.0514 0.9675
vn -0.1064 0.2119 0.9715
vn 0.0067 0.4448 0.8956
vn 0.1383 0.6322 0.7623
vn 0.2856 0.8216 0.4933
vn 0.4433 0.8957 -0.0362
vn 0.7344 -0.3332 0.5913
vn 0.7443 -0.2304 0.6268
vn 0.7915 -0.0520 0.6090
vn 0.8796 0.0102 0.4755
vn 0.9263 0.1540 0.3439
vn 0.9733 0.2249 0.0459
vn 0.2060 0.8530 -0.4795
vn 0.8535 -0.1346 -0.5035
vn -0.6484 0.7602 -0.0415
vn 0.3584 0.6256 -0.6929
vn -0.7026 0.6315 -0.3281
vn 0.3268 0.3686 -0.8702
vn -0.8925 -0.0472 0.4487
vn -0.8779 -0.0006 0.4788
vn -0.2334 -0.7195 0.6541
vn -0.2571 -0.6081 0.7510
vn 0.5379 -0.8231 0.1822
vn 0.2790 0.5222 -0.8059
vn 0.8742 -0.1763 -0.4525
vn 0.6392 -0.7132 0.2877
vn 0.7470 -0.2707 0.6072
vn 0.9571 -0.0709 -0.2808
vn -0.1892 -0.0488 0.9807
vn 0.6963 -0.5420 0.4706
vn -0.1815 -0.4000 0.8983
vn 0.7566 -0.2979 0.5821
vn -0.1227 -0.1496 0.9811
vn -0.8212 0.4500 0.3508
vn -0.8237 0.2367 0.5152
vn -0.7419 0.4436 0.5028
vn -0.4326 0.7515 -0.4982
vn -0.6329 0.5303 -0.5640
vn -0.5087 0.7605 -0.4035
vn 0.4454 0.4728 -0.7604
vn 0.4714 0.4752 -0.7430
vn 0.4280 0.4640 -0.7756
vn 0.3036 0.3559 -0.8838
vn 0.9465 -0.1550 -0.2830
vn 0.9741 -0.0422 -0.2220
vn 0.2969 0.3952 -0.8693
vn 0.3901 0.5136 -0.7642
vn 0.9383 0.0919 -0.3334
vn 0.7843 0.5295 -0.3233
vn 0.1856 0.9751 -0.1210
vn 0.2826 0.8699 -0.4043
vn 0.7202 0.1033 -0.6861
vn 0.8493 0.0681 -0.5235
vn 0.7491 0.1227 -0.6510
vn -0.2630 0.6100 -0.7475
vn 0.1442 0.9807 0.1322
vn 0.0449 0.9990 -0.0046
vn -0.0613 0.9671 0.2468
vn 0.2910 -0.8944 0.3398
vn -0.0308 0.9820 0.1862
vn 0.1331 -0.9911 -0.0007
vn 0.1336 0.8103 -0.5705
vn 0.0474 0.7478 -0.6622
vn 0.1336 0.8103 -0.5706
vn 0.2472 0.7979 -0.5497
vn 0.1254 0.8228 -0.5544
vn 0.2816 0.7680 -0.5751
vn 0.3399 0.7275 -0.5959
vn 0.4357 0.7880 -0.4350
vn 0.3216 0.6947 -0.6434
vn 0.4599 0.6356 -0.6201
vn 0.3360 0.7397 -0.5830
vn 0.2816 0.7681 -0.5751
vn 0.4817 0.6457 -0.5925
vn 0.4236 0.7578 -0.4963
vn 0.3260 0.7949 -0.5118
vn 0.3339 0.8842 -0.3265
vn 0.2568 0.8410 -0.4762
vn 0.1040 -0.3975 -0.9117
vn -0.3557 -0.9079 0.2219
vn 0.7537 -0.3987 -0.5225
vn 0.7926 -0.2875 -0.5376
vn 0.7667 -0.1839 -0.6151
vn -0.3258 -0.8740 0.3606
vn 0.0915 -0.8955 0.4356
vn 0.1807 -0.9320 0.3142
vn 0.1689 -0.9108 0.3767
vn 0.0877 -0.8145 0.5735
vn 0.1036 -0.7085 0.6980
vn 0.3234 -0.5441 0.7742
vn 0.4110 -0.4454 0.7954
vn 0.4629 -0.2792 0.8413
vn 0.5262 -0.0155 0.8502
vn -0.5264 -0.5600 0.6398
vn -0.4625 -0.4408 0.7693
vn 0.1035 -0.7086 0.6980
vn -0.6260 -0.4790 0.6154
vn -0.4945 -0.3264 0.8056
vn 0.4628 -0.2792 0.8413
vn 0.3838 0.0201 0.9232
vn -0.5147 -0.6648 0.5415
vn -0.4993 -0.7332 0.4617
vn 0.1808 -0.9320 0.3142
vn -0.4934 -0.7080 0.5053
vn 0.1117 -0.9059 0.4086
vn -0.5491 -0.6845 0.4796
vn -0.5971 -0.6701 0.4410
vn -0.6319 -0.6013 0.4890
vn -0.8981 -0.3666 0.2428
vn -0.8981 -0.3666 0.2429
vn -0.3715 -0.8440 -0.3869
vn -0.3715 -0.8440 -0.3868
vn 0.2505 -0.8184 -0.5171
vn -0.8712 0.4908 -0.0129
vn -0.8569 0.5154 0.0035
vn -0.9866 0.0092 0.1626
vn -0.9620 0.1741 0.2105
vn -0.9941 -0.1042 0.0300
vn 0.6279 -0.7513 -0.2031
vn 0.1229 -0.9857 0.1151
vn -0.3066 -0.9471 -0.0945
vn -0.1368 -0.9859 0.0964
vn -0.5863 -0.8079 -0.0590
vn 0.6919 -0.6879 0.2192
vn -0.1971 -0.9796 -0.0392
vn 0.1601 -0.9754 0.1519
vn -0.9119 -0.0973 -0.3988
vn 0.9803 -0.1538 0.1239
vn -0.4940 0.8654 -0.0842
vn 0.8939 -0.1254 0.4304
vn -0.3861 0.8823 -0.2692
vn 0.7340 -0.5284 0.4266
vn -0.4809 0.7965 -0.3665
vn 0.0918 -0.9894 0.1129
vn -0.9738 -0.1174 -0.1948
vn -0.8808 0.3135 0.3549
vn 0.9520 0.0195 -0.3053
vn -0.7999 -0.5805 0.1521
vn -0.4514 -0.8583 -0.2441
vn -0.4634 -0.8476 -0.2586
vn -0.7999 -0.4722 -0.3704
vn -0.7900 -0.5786 0.2028
vn -0.7204 -0.6572 0.2214
vn -0.9526 0.0028 -0.3041
vn -0.9592 -0.0852 -0.2695
vn -0.7850 0.6191 0.0197
vn -0.7188 0.6945 -0.0305
vn 0.7989 -0.4946 0.3423
vn 0.7880 -0.5202 0.3293
vn 0.9468 -0.1441 0.2879
vn 0.9000 -0.3565 0.2506
vn 0.7509 -0.1674 0.6388
vn 0.7311 -0.0215 0.6819
vn 0.7816 -0.0643 0.6205
vn 0.7539 0.0572 0.6545
vn -0.4969 0.8615 0.1048
vn -0.3800 0.9220 0.0741
vn -0.9857 0.1685 -0.0015
vn -0.9874 0.1583 -0.0000
vn -0.8287 0.5597 -0.0044
vn -0.8537 0.5207 0.0115
vn -0.8088 -0.5386 0.2362
vn -0.7970 -0.5519 0.2453
vn 0.0551 -0.9925 -0.1089
vn 0.4881 -0.7720 0.4071
vn 0.0440 0.9029 0.4277
vn -0.0273 0.9094 0.4149
vn 0.5507 -0.7882 0.2748
vn 0.6325 -0.6664 0.3947
vn 0.8916 -0.3198 0.3205
vn 0.9062 -0.2209 0.3606
vn 0.5927 -0.7453 0.3054
vn 0.3193 -0.9366 0.1444
vn 0.9317 0.2647 0.2488
vn 0.9238 0.2826 0.2584
vn 0.9296 -0.1523 0.3355
vn 0.9166 -0.2511 0.3111
vn 0.9273 -0.2226 0.3010
vn -0.2655 -0.9340 -0.2390
vn -0.2800 -0.9575 0.0690
vn -0.0389 -0.9992 0.0063
vn -0.0984 -0.9604 0.2607
vn 0.2288 -0.9592 0.1659
vn -0.8074 -0.5556 0.1984
vn -0.6297 -0.7556 0.1805
vn -0.0393 -0.9458 0.3225
vn 0.5345 -0.8442 -0.0409
vn -0.9490 0.3075 0.0690
vn 0.2849 0.9368 -0.2030
vn -0.8695 0.3151 0.3803
vn 0.3791 0.8237 -0.4217
vn -0.9157 0.0792 0.3940
vn 0.9040 -0.2885 -0.3155
vn -0.2510 -0.9108 0.3279
vn 0.6168 -0.7831 0.0802
vn 0.9504 0.0596 0.3054
vn 0.9358 -0.1800 0.3032
vn 0.2722 -0.9394 0.2081
vn 0.2003 -0.9710 0.1306
vn 0.1480 -0.9847 0.0920
vn 0.4547 -0.8891 -0.0529
vn 0.4041 -0.8566 0.3208
vn 0.5061 -0.8153 0.2814
vn 0.9674 -0.2530 -0.0054
vn 0.9407 -0.3380 0.0286
vn 0.8654 0.4112 0.2865
vn 0.8445 0.4812 0.2352
vn -0.9688 -0.2467 0.0237
vn -0.9679 -0.2502 0.0225
vn -0.9829 0.0484 0.1779
vn -0.9759 0.1259 0.1780
vn -0.9190 0.1053 0.3798
vn -0.8850 0.2230 0.4087
vn -0.9181 0.1943 0.3455
vn -0.8881 0.2657 0.3750
vn 0.6330 0.7113 0.3055
vn 0.5462 0.8017 0.2426
vn 0.9438 -0.0951 0.3165
vn 0.9426 -0.1029 0.3175
vn 0.9164 0.2553 0.3084
vn 0.9131 0.2799 0.2965
vn 0.5429 -0.7033 0.4590
vn 0.5183 -0.7171 0.4660
vn -0.2693 -0.9491 -0.1631
vn -0.7549 -0.6270 0.1925
vn 0.0635 0.8930 0.4455
vn 0.1107 0.8853 0.4517
vn -0.7743 -0.6307 0.0522
vn -0.8601 -0.4885 0.1472
vn -0.9993 -0.0361 0.0117
vn -0.9996 0.0066 0.0280
vn -0.7407 -0.6649 0.0961
vn -0.6802 -0.7289 0.0781
vn 0.8712 -0.4908 0.0129
vn 0.8569 -0.5154 -0.0035
vn 0.9866 -0.0092 -0.1626
vn 0.9620 -0.1741 -0.2105
vn 0.9941 0.1042 -0.0300
vn -0.6279 0.7513 0.2031
vn -0.1229 0.9857 -0.1151
vn 0.3066 0.9471 0.0945
vn 0.1368 0.9859 -0.0964
vn 0.5863 0.8079 0.0590
vn -0.6919 0.6879 -0.2192
vn 0.1971 0.9796 0.0392
vn -0.1601 0.9754 -0.1519
vn 0.9119 0.0973 0.3988
vn -0.9803 0.1538 -0.1239
vn 0.4940 -0.8654 0.0842
vn -0.8939 0.1254 -0.4304
vn 0.3861 -0.8823 0.2692
vn -0.7340 0.5284 -0.4266
vn 0.4809 -0.7965 0.3665
vn -0.0918 0.9894 -0.1129
vn 0.9738 0.1174 0.1948
vn 0.8808 -0.3135 -0.3549
vn -0.9520 -0.0195 0.3053
vn 0.7999 0.5805 -0.1521
vn 0.4514 0.8583 0.2441
vn 0.4634 0.8476 0.2586
vn 0.7999 0.4722 0.3704
vn 0.7900 0.5786 -0.2028
vn 0.7204 0.6572 -0.2214
vn 0.9526 -0.0028 0.3041
vn 0.9592 0.0852 0.2695
vn 0.7850 -0.6191 -0.0197
vn 0.7188 -0.6945 0.0305
vn -0.7959 0.5018 -0.3386
vn -0.7989 0.4946 -0.3423
vn -0.7922 0.5106 -0.3342
vn -0.7880 0.5202 -0.3293
vn -0.9468 0.1441 -0.2879
vn -0.9000 0.3565 -0.2506
vn -0.7509 0.1674 -0.6388
vn -0.7311 0.0215 -0.6819
vn -0.7816 0.0643 -0.6205
vn -0.7539 -0.0572 -0.6545
vn 0.4969 -0.8615 -0.1048
vn 0.3800 -0.9220 -0.0741
vn 0.9857 -0.1685 0.0015
vn 0.9874 -0.1583 -0.0000
vn 0.8287 -0.5597 0.0044
vn 0.8537 -0.5207 -0.0115
vn 0.8088 0.5386 -0.2362
vn 0.7970 0.5519 -0.2453
vn -0.0551 0.9925 0.1089
vn -0.4881 0.7720 -0.4071
vn -0.0440 -0.9029 -0.4277
vn 0.0273 -0.9094 -0.4149
vn -0.5507 0.7882 -0.2748
vn -0.6325 0.6664 -0.3947
vn -0.8916 0.3198 -0.3205
vn -0.9062 0.2209 -0.3606
vn -0.5927 0.7453 -0.3054
vn -0.3193 0.9366 -0.1444
vn -0.9317 -0.2647 -0.2488
vn -0.9238 -0.2826 -0.2584
vn -0.9296 0.1523 -0.3355
vn -0.9166 0.2511 -0.3111
vn -0.9273 0.2226 -0.3010
vn 0.2655 0.9340 0.2390
vn 0.2800 0.9575 -0.0690
vn 0.0389 0.9992 -0.0063
vn 0.0984 0.9604 -0.2607
vn -0.2288 0.9592 -0.1659
vn 0.8074 0.5556 -0.1984
vn 0.6297 0.7556 -0.1805
vn 0.0393 0.9458 -0.3225
vn -0.5345 0.8442 0.0409
vn 0.9490 -0.3075 -0.0690
vn -0.2849 -0.9368 0.2030
vn 0.8695 -0.3151 -0.3803
vn -0.3791 -0.8237 0.4217
vn 0.9157 -0.0792 -0.3940
vn -0.9040 0.2885 0.3155
vn 0.2510 0.9108 -0.3279
vn -0.6168 0.7831 -0.0802
vn -0.9504 -0.0596 -0.3054
vn -0.9358 0.1800 -0.3032
vn -0.2722 0.9394 -0.2081
vn -0.2003 0.9710 -0.1306
vn -0.1480 0.9847 -0.0920
vn -0.4547 0.8891 0.0529
vn -0.4041 0.8566 -0.3208
vn -0.5061 0.8153 -0.2814
vn -0.9674 0.2530 0.0054
vn -0.9407 0.3380 -0.0286
vn -0.8654 -0.4112 -0.2865
vn -0.8445 -0.4812 -0.2352
vn 0.9688 0.2467 -0.0237
vn 0.9679 0.2502 -0.0225
vn 0.9829 -0.0484 -0.1779
vn 0.9759 -0.1259 -0.1780
vn 0.9190 -0.1053 -0.3798
vn 0.8850 -0.2230 -0.4087
vn 0.9181 -0.1943 -0.3455
vn 0.8881 -0.2657 -0.3750
vn -0.6330 -0.7113 -0.3055
vn -0.5462 -0.8017 -0.2426
vn -0.9438 0.0951 -0.3165
vn -0.9426 0.1029 -0.3175
vn -0.9164 -0.2553 -0.3084
vn -0.9131 -0.2799 -0.2965
vn -0.5429 0.7033 -0.4590
vn -0.5183 0.7171 -0.4660
vn 0.2693 0.9491 0.1631
vn 0.7549 0.6270 -0.1925
vn -0.0635 -0.8930 -0.4455
vn -0.1107 -0.8853 -0.4517
vn 0.7743 0.6307 -0.0522
vn 0.8601 0.4885 -0.1472
vn 0.9993 0.0361 -0.0117
vn 0.9996 -0.0066 -0.0280
vn 0.7407 0.6649 -0.0961
vn 0.6802 0.7289 -0.0781
vt 0.152316 0.726159
vt 0.145264 0.713190
vt 0.145941 0.730543
vt 0.151938 0.755068
vt 0.150666 0.753912
vt 0.148859 0.757888
vt 0.150535 0.758785
vt 0.152930 0.758286
vt 0.154487 0.755524
vt 0.153353 0.752550
vt 0.141242 0.763367
vt 0.148273 0.760790
vt 0.147225 0.758213
vt 0.131381 0.688944
vt 0.141119 0.701840
vt 0.143966 0.697176
vt 0.136724 0.754489
vt 0.130251 0.760668
vt 0.205561 0.720616
vt 0.211408 0.721508
vt 0.209030 0.716005
vt 0.131893 0.635793
vt 0.128860 0.649662
vt 0.141664 0.646670
vt 0.099128 0.644246
vt 0.099000 0.661953
vt 0.110760 0.655777
vt 0.070279 0.658916
vt 0.071537 0.679654
vt 0.082507 0.671841
vt 0.040882 0.670082
vt 0.039065 0.692431
vt 0.053533 0.687092
vt 0.153547 0.749668
vt 0.156098 0.751959
vt 0.162511 0.743080
vt 0.167184 0.756551
vt 0.156743 0.756741
vt 0.153180 0.760681
vt 0.148895 0.766933
vt 0.144572 0.770432
vt 0.147938 0.771457
vt 0.167890 0.795988
vt 0.170144 0.807399
vt 0.173825 0.806368
vt 0.222280 0.849146
vt 0.232387 0.854715
vt 0.234608 0.849236
vt 0.232662 0.844004
vt 0.230655 0.839635
vt 0.226097 0.837074
vt 0.217034 0.838575
vt 0.225263 0.833282
vt 0.199938 0.841358
vt 0.210718 0.830690
vt 0.191011 0.828603
vt 0.156701 0.054497
vt 0.166414 0.057887
vt 0.165587 0.052416
vt 0.155876 0.047866
vt 0.165703 0.048897
vt 0.224046 0.801172
vt 0.223476 0.794941
vt 0.210978 0.795708
vt 0.222790 0.807251
vt 0.198465 0.784395
vt 0.211356 0.785799
vt 0.211111 0.781259
vt 0.222258 0.859657
vt 0.205026 0.854177
vt 0.204173 0.866313
vt 0.212223 0.870430
vt 0.223382 0.865309
vt 0.226554 0.873410
vt 0.233212 0.869294
vt 0.236135 0.861912
vt 0.240558 0.867045
vt 0.238552 0.799545
vt 0.238221 0.795684
vt 0.232428 0.795767
vt 0.223120 0.830832
vt 0.220990 0.827665
vt 0.234945 0.805251
vt 0.231220 0.803794
vt 0.240162 0.792643
vt 0.235171 0.813035
vt 0.228738 0.813184
vt 0.233505 0.815238
vt 0.232711 0.818765
vt 0.041552 0.130676
vt 0.037174 0.135843
vt 0.041579 0.134589
vt 0.049786 0.130195
vt 0.024204 0.107762
vt 0.020326 0.110539
vt 0.028029 0.115368
vt 0.209409 0.825767
vt 0.215888 0.824952
vt 0.217336 0.825584
vt 0.085456 0.037192
vt 0.085757 0.036771
vt 0.083582 0.033806
vt 0.086411 0.034504
vt 0.086219 0.033104
vt 0.086027 0.035907
vt 0.085868 0.032534
vt 0.110565 0.075638
vt 0.106105 0.074972
vt 0.106483 0.076131
vt 0.106316 0.073889
vt 0.108601 0.079294
vt 0.109541 0.080118
vt 0.107178 0.077165
vt 0.107889 0.078246
vt 0.174255 0.035462
vt 0.176174 0.034726
vt 0.176064 0.033772
vt 0.176562 0.035769
vt 0.175736 0.037928
vt 0.176294 0.037462
vt 0.175798 0.033110
vt 0.176551 0.036864
vt 0.270946 0.034139
vt 0.270411 0.033127
vt 0.269136 0.036032
vt 0.271446 0.037364
vt 0.271416 0.036384
vt 0.271022 0.035617
vt 0.271004 0.034772
vt 0.270946 0.038287
vt 0.114607 0.464812
vt 0.153213 0.460777
vt 0.148295 0.417403
vt 0.101105 0.377640
vt 0.147223 0.369520
vt 0.147646 0.339662
vt 0.719554 0.932252
vt 0.692578 0.967889
vt 0.767484 0.961011
vt 0.089172 0.285257
vt 0.138425 0.299832
vt 0.141695 0.256602
vt 0.116055 0.172668
vt 0.096402 0.202121
vt 0.158026 0.215406
vt 0.057333 0.169476
vt 0.078244 0.210588
vt 0.094664 0.171233
vt 0.053646 0.224198
vt 0.379039 0.125684
vt 0.355246 0.064857
vt 0.289139 0.077287
vt 0.246085 0.092973
vt 0.236956 0.111343
vt 0.242797 0.147934
vt 0.279129 0.225832
vt 0.307360 0.265543
vt 0.401263 0.189440
vt 0.449947 0.098938
vt 0.416686 0.063545
vt 0.941933 0.154519
vt 0.818804 0.134184
vt 0.917434 0.197381
vt 0.834210 0.068187
vt 0.969434 0.072487
vt 0.969707 0.036832
vt 0.959041 0.020518
vt 0.913200 0.009550
vt 0.088528 0.139187
vt 0.786383 0.010679
vt 0.783414 0.059606
vt 0.849060 0.004069
vt 0.757712 0.011821
vt 0.761551 0.015053
vt 0.768536 0.010800
vt 0.716369 0.022298
vt 0.715709 0.015033
vt 0.711596 0.015590
vt 0.710020 0.023913
vt 0.709772 0.016322
vt 0.128374 0.725809
vt 0.129848 0.728511
vt 0.130676 0.723115
vt 0.120195 0.705205
vt 0.113195 0.702831
vt 0.116082 0.705943
vt 0.110076 0.720040
vt 0.108897 0.720558
vt 0.113906 0.724792
vt 0.121609 0.728984
vt 0.125652 0.731241
vt 0.124244 0.728318
vt 0.115085 0.718068
vt 0.109200 0.714376
vt 0.120311 0.722951
vt 0.123733 0.721471
vt 0.128835 0.717354
vt 0.125474 0.718302
vt 0.120254 0.717282
vt 0.123605 0.713578
vt 0.119662 0.712245
vt 0.124288 0.712198
vt 0.116166 0.714252
vt 0.113263 0.707716
vt 0.110652 0.710375
vt 0.116940 0.721706
vt 0.716415 0.028691
vt 0.707665 0.016725
vt 0.704281 0.016476
vt 0.637955 0.014426
vt 0.638479 0.013375
vt 0.629922 0.011052
vt 0.636239 0.015866
vt 0.640495 0.017690
vt 0.643811 0.015688
vt 0.641943 0.015228
vt 0.640726 0.014799
vt 0.703925 0.021707
vt 0.709309 0.031629
vt 0.710147 0.037526
vt 0.722301 0.038615
vt 0.710261 0.045594
vt 0.702430 0.032622
vt 0.702738 0.045889
vt 0.085602 0.032124
vt 0.089172 0.285257
vt 0.078244 0.210588
vt 0.088040 0.433646
vt 0.079955 0.317023
vt 0.069125 0.435130
vt 0.069049 0.435009
vt 0.079955 0.317023
vt 0.131178 0.729988
vt 0.126674 0.732031
vt 0.126966 0.736701
vt 0.132804 0.733616
vt 0.136972 0.724884
vt 0.132672 0.724153
vt 0.134871 0.717122
vt 0.131335 0.717141
vt 0.129377 0.708206
vt 0.125930 0.710729
vt 0.120686 0.702745
vt 0.121899 0.699795
vt 0.112156 0.699332
vt 0.111517 0.695927
vt 0.107599 0.700744
vt 0.105195 0.697202
vt 0.100629 0.705586
vt 0.104456 0.706986
vt 0.099911 0.714211
vt 0.104619 0.713939
vt 0.103466 0.722175
vt 0.106289 0.721198
vt 0.109720 0.728815
vt 0.111989 0.726113
vt 0.120337 0.731064
vt 0.118085 0.735410
vt 0.123587 0.741472
vt 0.129743 0.739758
vt 0.113502 0.739480
vt 0.118554 0.745520
vt 0.106072 0.732297
vt 0.099571 0.724044
vt 0.095552 0.713989
vt 0.095508 0.703597
vt 0.101514 0.693194
vt 0.111533 0.688918
vt 0.123638 0.694317
vt 0.134079 0.704700
vt 0.139838 0.714858
vt 0.140534 0.727972
vt 0.135852 0.737507
vt 0.212622 0.725380
vt 0.217266 0.725334
vt 0.215022 0.720473
vt 0.138808 0.743055
vt 0.157088 0.733809
vt 0.152249 0.740102
vt 0.144082 0.747802
vt 0.149276 0.753812
vt 0.111492 0.767974
vt 0.122395 0.767095
vt 0.122460 0.762285
vt 0.113296 0.759752
vt 0.117127 0.754387
vt 0.111889 0.748925
vt 0.103182 0.754273
vt 0.123020 0.679651
vt 0.104885 0.676563
vt 0.093089 0.686269
vt 0.117256 0.668399
vt 0.100693 0.766909
vt 0.106982 0.742802
vt 0.100788 0.746017
vt 0.099859 0.736003
vt 0.092193 0.741366
vt 0.092073 0.727382
vt 0.088305 0.750097
vt 0.084270 0.762256
vt 0.080582 0.732929
vt 0.086089 0.715307
vt 0.072135 0.740705
vt 0.063652 0.752320
vt 0.046089 0.739617
vt 0.057798 0.727082
vt 0.072260 0.719500
vt 0.047516 0.711942
vt 0.029597 0.721670
vt 0.063953 0.704862
vt 0.017743 0.701056
vt 0.081906 0.698887
vt 0.123116 0.750787
vt 0.121843 0.758627
vt 0.127729 0.766526
vt 0.137985 0.768728
vt 0.127762 0.747357
vt 0.133752 0.747927
vt 0.127971 0.754582
vt 0.203005 0.722740
vt 0.196879 0.713936
vt 0.193771 0.717300
vt 0.187774 0.706184
vt 0.183736 0.709865
vt 0.179055 0.698935
vt 0.173612 0.703465
vt 0.171270 0.692675
vt 0.165235 0.699438
vt 0.181591 0.685826
vt 0.186898 0.693388
vt 0.194335 0.689829
vt 0.194170 0.701304
vt 0.198536 0.697088
vt 0.211485 0.714626
vt 0.205221 0.706083
vt 0.201877 0.709092
vt 0.192053 0.682563
vt 0.162830 0.686835
vt 0.156050 0.695691
vt 0.140546 0.681526
vt 0.149224 0.694093
vt 0.135416 0.672183
vt 0.131569 0.661749
vt 0.157755 0.682482
vt 0.152961 0.675389
vt 0.176687 0.678983
vt 0.191401 0.675286
vt 0.178468 0.670924
vt 0.191781 0.669948
vt 0.167233 0.676940
vt 0.165808 0.671422
vt 0.163623 0.664146
vt 0.149215 0.667012
vt 0.145911 0.657569
vt 0.161678 0.655656
vt 0.177838 0.663845
vt 0.192596 0.664853
vt 0.159802 0.645105
vt 0.177526 0.656835
vt 0.193720 0.659938
vt 0.158683 0.630915
vt 0.008866 0.673984
vt 0.036656 0.638070
vt 0.005185 0.645080
vt 0.065785 0.627890
vt 0.095721 0.618214
vt 0.129964 0.613383
vt 0.160814 0.612400
vt 0.194431 0.657294
vt 0.177277 0.648858
vt 0.180787 0.633497
vt 0.187801 0.615894
vt 0.201051 0.643205
vt 0.209837 0.629344
vt 0.197555 0.597921
vt 0.222863 0.614288
vt 0.164952 0.592013
vt 0.129868 0.589510
vt 0.064715 0.597176
vt 0.094440 0.592278
vt 0.035169 0.603217
vt 0.004055 0.606495
vt 0.035253 0.563976
vt 0.005814 0.557062
vt 0.065789 0.565958
vt 0.092141 0.569649
vt 0.130236 0.564553
vt 0.169418 0.569302
vt 0.242976 0.596536
vt 0.211467 0.575225
vt 0.244299 0.558010
vt 0.267889 0.572381
vt 0.294061 0.531161
vt 0.263777 0.518427
vt 0.276531 0.462621
vt 0.313100 0.468455
vt 0.281610 0.402432
vt 0.317941 0.400053
vt 0.278187 0.352842
vt 0.312539 0.343169
vt 0.216425 0.535499
vt 0.199532 0.551238
vt 0.229868 0.503516
vt 0.241141 0.457512
vt 0.246658 0.403724
vt 0.169860 0.541143
vt 0.129937 0.548316
vt 0.193050 0.525579
vt 0.193046 0.498835
vt 0.034907 0.544958
vt 0.006086 0.542209
vt 0.158565 0.506924
vt 0.196295 0.454107
vt 0.199265 0.407872
vt 0.246097 0.360122
vt 0.271743 0.314381
vt 0.304910 0.302667
vt 0.265184 0.280778
vt 0.288371 0.263091
vt 0.258791 0.218932
vt 0.229734 0.238361
vt 0.185335 0.187742
vt 0.210467 0.162996
vt 0.154147 0.724996
vt 0.159260 0.733160
vt 0.147995 0.711187
vt 0.148137 0.705797
vt 0.149616 0.702675
vt 0.152245 0.701111
vt 0.156053 0.699790
vt 0.164592 0.701912
vt 0.172011 0.704955
vt 0.182849 0.712086
vt 0.193501 0.720167
vt 0.203503 0.725085
vt 0.212421 0.726294
vt 0.217355 0.727407
vt 0.211495 0.728752
vt 0.202806 0.727306
vt 0.214954 0.729410
vt 0.164134 0.741437
vt 0.171897 0.751989
vt 0.173495 0.759562
vt 0.176415 0.754903
vt 0.204573 0.761405
vt 0.205180 0.758586
vt 0.195788 0.761380
vt 0.195586 0.764392
vt 0.207513 0.759481
vt 0.206726 0.762161
vt 0.161220 0.764103
vt 0.158430 0.770532
vt 0.155792 0.774370
vt 0.171146 0.767672
vt 0.166987 0.777162
vt 0.169404 0.773085
vt 0.197776 0.766718
vt 0.203557 0.763430
vt 0.204978 0.764534
vt 0.203158 0.766205
vt 0.202146 0.765415
vt 0.198700 0.767852
vt 0.199469 0.769038
vt 0.180279 0.777779
vt 0.181241 0.774272
vt 0.182131 0.771441
vt 0.191635 0.771714
vt 0.190848 0.770214
vt 0.186443 0.772992
vt 0.186320 0.770956
vt 0.185465 0.764393
vt 0.190132 0.765970
vt 0.187599 0.765103
vt 0.191894 0.761663
vt 0.187989 0.760438
vt 0.189833 0.761091
vt 0.173153 0.750118
vt 0.177700 0.753753
vt 0.189316 0.759349
vt 0.190686 0.759767
vt 0.192226 0.759994
vt 0.195238 0.759363
vt 0.204991 0.757135
vt 0.207496 0.757504
vt 0.143829 0.912880
vt 0.159537 0.918557
vt 0.164375 0.903792
vt 0.151670 0.896739
vt 0.127549 0.900917
vt 0.140139 0.885638
vt 0.129279 0.872995
vt 0.113827 0.885223
vt 0.119671 0.860492
vt 0.101767 0.870766
vt 0.110435 0.847595
vt 0.090937 0.854603
vt 0.104068 0.832554
vt 0.083067 0.835813
vt 0.079338 0.816472
vt 0.101645 0.817551
vt 0.103451 0.804101
vt 0.081553 0.798791
vt 0.170147 0.886298
vt 0.162641 0.878773
vt 0.155743 0.869697
vt 0.148618 0.860138
vt 0.141015 0.850684
vt 0.133618 0.840379
vt 0.128142 0.828555
vt 0.126805 0.816686
vt 0.127509 0.806832
vt 0.181421 0.868423
vt 0.181104 0.864403
vt 0.180061 0.857952
vt 0.174551 0.849446
vt 0.166534 0.841133
vt 0.159115 0.832206
vt 0.153873 0.821267
vt 0.152790 0.810479
vt 0.152255 0.802316
vt 0.063727 0.840503
vt 0.071816 0.863911
vt 0.113964 0.918662
vt 0.133276 0.929591
vt 0.122716 0.948402
vt 0.112729 0.974156
vt 0.145376 0.967985
vt 0.148852 0.947678
vt 0.153536 0.933302
vt 0.058898 0.817028
vt 0.013801 0.826997
vt 0.023894 0.857254
vt 0.045144 0.846694
vt 0.039289 0.819200
vt 0.038112 0.787474
vt 0.015297 0.775303
vt 0.058741 0.793818
vt 0.099630 0.938073
vt 0.097476 0.901910
vt 0.083498 0.883944
vt 0.025953 0.884713
vt 0.051598 0.872981
vt 0.061514 0.898395
vt 0.030003 0.915031
vt 0.183521 0.269664
vt 0.186428 0.299282
vt 0.078515 0.918964
vt 0.210618 0.322630
vt 0.201958 0.362829
vt 0.083273 0.963796
vt 0.247056 0.329404
vt 0.050315 0.943391
vt 0.105460 0.030786
vt 0.105713 0.034230
vt 0.112408 0.034172
vt 0.112017 0.030186
vt 0.110295 0.026202
vt 0.104300 0.027579
vt 0.107685 0.022482
vt 0.102675 0.024574
vt 0.103149 0.044317
vt 0.108458 0.046228
vt 0.109775 0.042133
vt 0.103867 0.041105
vt 0.104929 0.037764
vt 0.111349 0.038218
vt 0.100146 0.030981
vt 0.100153 0.034230
vt 0.099587 0.028105
vt 0.098611 0.025670
vt 0.098936 0.043098
vt 0.099307 0.040609
vt 0.099757 0.037594
vt 0.094466 0.031632
vt 0.094450 0.034301
vt 0.094229 0.029279
vt 0.093583 0.027317
vt 0.093694 0.041416
vt 0.094104 0.039456
vt 0.094326 0.037044
vt 0.089263 0.032349
vt 0.089346 0.034362
vt 0.089084 0.030659
vt 0.088949 0.029272
vt 0.088883 0.039384
vt 0.089271 0.038063
vt 0.089327 0.036371
vt 0.078768 0.080456
vt 0.083717 0.080199
vt 0.083239 0.075691
vt 0.078228 0.075663
vt 0.094475 0.102476
vt 0.097074 0.098647
vt 0.092897 0.096093
vt 0.089854 0.100376
vt 0.085218 0.097235
vt 0.088961 0.093230
vt 0.089440 0.078828
vt 0.088792 0.074722
vt 0.100446 0.094606
vt 0.097166 0.091660
vt 0.094335 0.088790
vt 0.094491 0.076809
vt 0.094419 0.073637
vt 0.104065 0.090386
vt 0.101486 0.088165
vt 0.098850 0.086048
vt 0.098669 0.076099
vt 0.098882 0.073242
vt 0.106655 0.086778
vt 0.104279 0.084894
vt 0.102071 0.083136
vt 0.101931 0.075732
vt 0.102195 0.073324
vt 0.108069 0.083918
vt 0.106179 0.082221
vt 0.104740 0.080619
vt 0.302829 0.031458
vt 0.293769 0.032558
vt 0.294907 0.036558
vt 0.303721 0.036895
vt 0.302238 0.042227
vt 0.294297 0.040935
vt 0.299781 0.046997
vt 0.292326 0.045023
vt 0.297795 0.021530
vt 0.295794 0.016093
vt 0.289322 0.019952
vt 0.290387 0.024691
vt 0.300448 0.026624
vt 0.292098 0.028961
vt 0.286497 0.033437
vt 0.287446 0.036378
vt 0.286991 0.039935
vt 0.285094 0.043490
vt 0.282854 0.023377
vt 0.283589 0.027532
vt 0.285155 0.030876
vt 0.278310 0.034799
vt 0.279266 0.037145
vt 0.279513 0.039801
vt 0.278262 0.042301
vt 0.276715 0.026945
vt 0.276994 0.029669
vt 0.277360 0.032340
vt 0.274293 0.035522
vt 0.274936 0.037340
vt 0.275060 0.039141
vt 0.274008 0.040650
vt 0.272936 0.029886
vt 0.273411 0.031545
vt 0.273652 0.033466
vt 0.202839 0.033856
vt 0.194517 0.034667
vt 0.194709 0.038429
vt 0.202827 0.039415
vt 0.193681 0.041998
vt 0.201545 0.044351
vt 0.192102 0.045290
vt 0.199725 0.048828
vt 0.199504 0.023773
vt 0.196698 0.019272
vt 0.190036 0.023804
vt 0.191792 0.027422
vt 0.201413 0.028724
vt 0.193365 0.031111
vt 0.188142 0.035169
vt 0.188532 0.038124
vt 0.187686 0.040898
vt 0.186260 0.043204
vt 0.185129 0.026826
vt 0.186069 0.029613
vt 0.187179 0.032414
vt 0.182232 0.035683
vt 0.182511 0.037576
vt 0.181933 0.039342
vt 0.180638 0.040790
vt 0.180247 0.029876
vt 0.180772 0.031940
vt 0.181532 0.033840
vt 0.344104 0.022841
vt 0.326744 0.022055
vt 0.327037 0.030827
vt 0.344013 0.031058
vt 0.328436 0.040155
vt 0.344478 0.038712
vt 0.345267 0.046059
vt 0.329542 0.049120
vt 0.346160 0.053200
vt 0.330087 0.058786
vt 0.343972 0.006517
vt 0.327270 0.004233
vt 0.326747 0.013810
vt 0.343995 0.014301
vt 0.246771 0.048321
vt 0.229495 0.051335
vt 0.231301 0.060699
vt 0.248266 0.056015
vt 0.246451 0.010213
vt 0.229127 0.007054
vt 0.229006 0.016502
vt 0.245718 0.017829
vt 0.228197 0.024582
vt 0.244594 0.025325
vt 0.177910 0.836538
vt 0.170578 0.828548
vt 0.165583 0.818867
vt 0.162156 0.809974
vt 0.159096 0.800703
vt 0.187872 0.868465
vt 0.192185 0.861952
vt 0.192206 0.853867
vt 0.186314 0.844675
vt 0.174393 0.814903
vt 0.179050 0.819458
vt 0.164689 0.039132
vt 0.163066 0.031871
vt 0.156171 0.032771
vt 0.155048 0.039854
vt 0.198037 0.873639
vt 0.358571 0.037717
vt 0.360894 0.031243
vt 0.257129 0.033352
vt 0.257480 0.024795
vt 0.243947 0.032730
vt 0.244781 0.040469
vt 0.258700 0.040774
vt 0.196425 0.820193
vt 0.195565 0.245600
vt 0.162818 0.022798
vt 0.161789 0.015841
vt 0.153761 0.017208
vt 0.154984 0.026211
vt 0.184198 0.813688
vt 0.179605 0.810075
vt 0.202073 0.812779
vt 0.211799 0.819129
vt 0.190498 0.806804
vt 0.183761 0.803577
vt 0.178206 0.798581
vt 0.173706 0.790696
vt 0.152808 0.010262
vt 0.162608 0.007744
vt 0.189912 0.797449
vt 0.196403 0.801361
vt 0.199035 0.792610
vt 0.190202 0.791463
vt 0.215947 0.811490
vt 0.208073 0.806410
vt 0.221548 0.787050
vt 0.191018 0.787277
vt 0.187459 0.792943
vt 0.182932 0.786751
vt 0.203939 0.877845
vt 0.209655 0.885855
vt 0.218931 0.877508
vt 0.220370 0.779926
vt 0.361043 0.022193
vt 0.360162 0.015410
vt 0.358485 0.006361
vt 0.236031 0.776678
vt 0.228280 0.777086
vt 0.231843 0.787262
vt 0.239237 0.785367
vt 0.259750 0.017026
vt 0.239507 0.842175
vt 0.237965 0.839765
vt 0.237241 0.836557
vt 0.361023 0.046418
vt 0.360767 0.053718
vt 0.260734 0.047253
vt 0.228247 0.827892
vt 0.226912 0.826915
vt 0.262832 0.054750
vt 0.261045 0.010426
vt 0.192322 0.773563
vt 0.186820 0.776145
vt 0.304637 0.049631
vt 0.307649 0.044994
vt 0.314974 0.041168
vt 0.314302 0.050856
vt 0.309685 0.039902
vt 0.311770 0.040272
vt 0.310884 0.048413
vt 0.309755 0.032365
vt 0.315401 0.031228
vt 0.312008 0.032041
vt 0.307232 0.024756
vt 0.314302 0.021346
vt 0.311171 0.022759
vt 0.314007 0.011908
vt 0.304052 0.018507
vt 0.300243 0.013246
vt 0.309078 0.014937
vt 0.311375 0.004039
vt 0.308731 0.055421
vt 0.314283 0.059955
vt 0.305217 0.008191
vt 0.227178 0.032461
vt 0.227768 0.041351
vt 0.211342 0.033173
vt 0.208987 0.026517
vt 0.206171 0.020461
vt 0.214703 0.016696
vt 0.214605 0.024990
vt 0.210110 0.018390
vt 0.211693 0.025884
vt 0.211139 0.006868
vt 0.201582 0.015110
vt 0.206017 0.010782
vt 0.204955 0.052628
vt 0.207409 0.047396
vt 0.213440 0.061490
vt 0.215164 0.051393
vt 0.208744 0.057413
vt 0.210958 0.049331
vt 0.215538 0.040682
vt 0.210408 0.040366
vt 0.212877 0.040427
vt 0.215769 0.033387
vt 0.213139 0.033723
vt 0.222038 0.815809
vt 0.227840 0.824898
vt 0.047670 0.121294
vt 0.036118 0.124410
vt 0.039521 0.142759
vt 0.043346 0.140342
vt 0.052458 0.135858
vt 0.215066 0.820811
vt 0.042079 0.105775
vt 0.036123 0.100463
vt 0.020153 0.099880
vt 0.016158 0.102038
vt 0.028754 0.094273
vt 0.120762 0.033955
vt 0.120083 0.028547
vt 0.116656 0.023944
vt 0.121733 0.028276
vt 0.118946 0.021519
vt 0.113338 0.019859
vt 0.116805 0.016701
vt 0.113452 0.050195
vt 0.116780 0.044508
vt 0.120390 0.047512
vt 0.117200 0.053262
vt 0.118854 0.039451
vt 0.121894 0.040806
vt 0.123272 0.034185
vt 0.141884 0.040589
vt 0.141005 0.048625
vt 0.124580 0.049443
vt 0.125648 0.041667
vt 0.122434 0.056907
vt 0.142382 0.054169
vt 0.131413 0.056069
vt 0.131548 0.049418
vt 0.122740 0.019645
vt 0.120374 0.011975
vt 0.138889 0.012630
vt 0.139991 0.018979
vt 0.129791 0.018196
vt 0.128542 0.009697
vt 0.125452 0.027755
vt 0.142103 0.027060
vt 0.131850 0.027094
vt 0.126257 0.033701
vt 0.142025 0.033325
vt 0.133447 0.033273
vt 0.132750 0.040587
vt 0.032118 0.118207
vt 0.045890 0.110845
vt 0.081524 0.091064
vt 0.086099 0.088119
vt 0.091884 0.085010
vt 0.095880 0.082744
vt 0.099848 0.080734
vt 0.103559 0.079181
vt 0.079383 0.085410
vt 0.084355 0.083907
vt 0.090833 0.081794
vt 0.094863 0.079607
vt 0.099046 0.078510
vt 0.102569 0.077674
vt 0.046593 0.091165
vt 0.040297 0.085455
vt 0.066597 0.132502
vt 0.063209 0.123489
vt 0.077519 0.131014
vt 0.071700 0.121259
vt 0.061419 0.115277
vt 0.067237 0.110257
vt 0.059212 0.103197
vt 0.063716 0.100995
vt 0.054697 0.098133
vt 0.047876 0.078111
vt 0.053595 0.085890
vt 0.059625 0.094304
vt 0.070488 0.080219
vt 0.073134 0.087843
vt 0.075422 0.093981
vt 0.066791 0.090865
vt 0.070119 0.096966
vt 0.073121 0.095314
vt 0.070055 0.089163
vt 0.079548 0.101707
vt 0.074451 0.105181
vt 0.077472 0.103241
vt 0.085038 0.107280
vt 0.078187 0.117348
vt 0.081603 0.111843
vt 0.069001 0.074153
vt 0.089814 0.110273
vt 0.088773 0.116523
vt 0.085025 0.123724
vt 0.060261 0.081246
vt 0.064826 0.080192
vt 0.055699 0.071916
vt 0.063378 0.071782
vt 0.096349 0.560837
vt 0.067954 0.554819
vt 0.004905 0.493304
vt 0.034676 0.486696
vt 0.064276 0.486318
vt 0.092079 0.528973
vt 0.103386 0.531223
vt 0.124091 0.522559
vt 0.092401 0.489082
vt 0.007574 0.434296
vt 0.037211 0.433640
vt 0.043090 0.310586
vt 0.140061 0.140791
vt 0.171247 0.118013
vt 0.020095 0.222895
vt 0.012960 0.315212
vt 0.014978 0.158762
vt 0.464678 0.139999
vt 0.118156 0.107163
vt 0.152257 0.080402
vt 0.766661 0.101065
vt 0.192582 0.721811
vt 0.774382 0.005014
vt 0.766408 0.006410
vt 0.777334 0.005930
vt 0.755354 0.007618
vt 0.181394 0.714038
vt 0.746361 0.015628
vt 0.742313 0.010608
vt 0.172240 0.708546
vt 0.165913 0.704445
vt 0.158426 0.703079
vt 0.759393 0.016375
vt 0.755791 0.015394
vt 0.746288 0.019329
vt 0.731807 0.013675
vt 0.735784 0.019279
vt 0.750721 0.022184
vt 0.737085 0.022885
vt 0.742022 0.027747
vt 0.726072 0.022022
vt 0.723763 0.013987
vt 0.726516 0.027365
vt 0.731338 0.033725
vt 0.154714 0.703379
vt 0.153435 0.704850
vt 0.152876 0.707296
vt 0.106901 0.714073
vt 0.107218 0.708347
vt 0.109426 0.703867
vt 0.152558 0.711226
vt 0.156288 0.723803
vt 0.160673 0.732075
vt 0.165106 0.740748
vt 0.174111 0.749216
vt 0.178460 0.752623
vt 0.189425 0.758131
vt 0.191044 0.758521
vt 0.192480 0.758701
vt 0.195412 0.758369
vt 0.660142 0.020137
vt 0.660492 0.018958
vt 0.655026 0.018426
vt 0.654060 0.019471
vt 0.659046 0.027449
vt 0.651404 0.025949
vt 0.643751 0.014374
vt 0.642382 0.014027
vt 0.641178 0.013778
vt 0.204493 0.756495
vt 0.207200 0.756252
vt 0.627941 0.012572
vt 0.634742 0.017696
vt 0.638814 0.021010
vt 0.649992 0.029996
vt 0.671735 0.020538
vt 0.672746 0.018747
vt 0.681779 0.020229
vt 0.682288 0.017643
vt 0.689999 0.019603
vt 0.691514 0.017033
vt 0.689411 0.031396
vt 0.687731 0.042331
vt 0.681067 0.030167
vt 0.670629 0.028844
vt 0.657580 0.034154
vt 0.669093 0.038239
vt 0.679267 0.040421
vt 0.007616 0.434292
vt 0.037346 0.433514
vt 0.043537 0.310168
vt 0.013087 0.315200
vt 0.215693 0.973710
vt 0.237875 0.973710
vt 0.237875 0.909799
vt 0.215693 0.909799
vt 0.291516 0.760994
vt 0.291516 0.797213
vt 0.277912 0.797213
vt 0.277912 0.760994
vt 0.302133 0.920583
vt 0.302133 0.967109
vt 0.279780 0.967109
vt 0.279780 0.920583
vt 0.295772 0.826230
vt 0.295772 0.862561
vt 0.278805 0.862561
vt 0.278805 0.826230
s 1
g EAGLE_ Head_07_14
g Object_60_M_Eagle
usemtl M_Eagle
f 1/1/1 2/2/2 3/3/3
f 4/4/4 5/5/5 6/6/6
f 4/4/4 6/6/6 7/7/7
f 4/4/4 7/7/7 8/8/8
f 9/9/9 4/4/4 8/8/8
f 10/10/10 5/5/5 4/4/4
f 10/10/10 4/4/4 9/9/9
f 11/11/11 12/12/12 13/13/13
f 14/14/14 15/15/15 16/16/16
f 11/11/11 13/13/13 17/17/17
f 11/11/11 17/17/17 18/18/18
g EAGLE_ Queue de cheval 1_08_15
f 19/19/19 20/20/20 21/21/21
g EAGLE_ Neck1_06_13
f 22/22/22 23/23/23 24/24/24
g EAGLE_ Head_07_14
f 25/25/25 26/26/26 27/27/27
f 28/28/28 29/29/29 30/30/30
f 31/31/31 32/32/32 33/33/33
f 34/34/34 10/10/10 35/35/35
f 36/36/36 34/34/34 35/35/35
f 37/37/37 35/35/35 38/38/38
f 39/39/39 12/12/12 40/40/40
f 40/40/40 12/12/12 11/11/11
f 40/40/40 41/41/41 42/42/42
s 2
g EAGLE_ L HorseLink_039_47
f 43/43/43 44/44/44 45/45/45
g EAGLE_ L Toe0_041_49
f 46/46/46 47/47/47 48/48/48
f 46/46/46 49/49/49 50/50/50
f 46/46/46 50/50/50 51/51/51
f 52/52/52 46/46/46 51/51/51
f 52/52/52 51/51/51 53/53/53
g EAGLE_ L Foot_040_48
f 54/54/54 52/52/52 55/55/55
f 56/56/56 54/54/54 55/55/55
s 3
f 57/57/57 58/58/58 59/59/59
f 59/59/59 60/60/60 57/57/57
f 61/61/61 60/60/60 59/59/59
s 2
f 62/62/62 63/63/63 64/64/64
f 65/65/65 62/62/62 64/64/64
f 66/66/66 67/67/67 68/68/68
f 69/69/69 70/70/70 71/71/71
f 69/69/69 46/46/46 70/70/70
f 47/47/47 46/46/46 69/69/69
f 69/69/69 71/71/71 72/72/72
f 69/69/69 72/72/72 73/73/73
f 73/73/73 74/74/74 75/75/75
g EAGLE_ L Toe0_041_49
f 75/75/75 76/76/76 73/73/73
f 77/77/77 76/76/76 75/75/75
f 46/46/46 48/48/48 49/49/49
f 78/78/78 79/79/79 80/80/80
f 52/52/52 53/53/53 81/81/81
f 55/55/55 52/52/52 82/82/82
f 52/52/52 81/81/81 82/82/82
f 83/83/83 78/78/78 80/80/80
f 80/80/80 84/84/84 83/83/83
f 80/80/80 79/79/79 85/85/85
f 86/86/86 83/83/83 87/87/87
f 83/83/83 84/84/84 87/87/87
f 88/88/88 86/86/86 87/87/87
f 88/88/88 87/87/87 89/89/89
s 4
f 90/90/90 91/91/91 92/92/92
f 92/92/92 93/93/93 90/90/90
f 94/94/94 95/95/95 96/96/96
s 2
g EAGLE_ L Foot_040_48
f 97/97/97 55/55/55 98/98/98
g EAGLE_ L Toe0_041_49
f 55/55/55 82/82/82 99/99/99
f 99/99/99 98/98/98 55/55/55
s 3
g EAGLE_ L Toe12_046_54
f 100/100/100 101/101/101 102/102/102
f 103/103/103 104/104/104 102/102/102
f 102/102/102 105/105/105 103/103/103
f 104/104/104 106/106/106 102/102/102
s 4
g EAGLE_ L Toe02_043_51
f 107/107/107 108/108/108 109/109/109
f 110/110/110 108/108/108 107/107/107
f 107/107/107 111/111/111 112/112/110
f 107/107/107 109/109/109 113/113/112
f 107/107/107 113/113/112 114/114/113
f 107/107/107 114/114/113 111/111/111
s 5
f 115/115/114 116/116/115 117/117/116
f 115/115/114 118/118/117 116/116/115
f 119/119/118 120/120/119 115/115/114
f 115/115/114 117/117/116 121/121/118
f 115/115/114 122/122/120 118/118/117
f 120/120/119 122/122/120 115/115/114
s 6
f 123/123/121 124/124/122 125/125/123
f 125/125/123 126/126/124 127/127/125
f 125/125/123 128/128/126 129/129/127
f 125/125/123 129/129/127 123/123/121
f 125/125/123 130/130/122 126/126/124
f 125/125/123 127/127/125 128/128/126
s 1
g EAGLE_ Spine_04_11
f 131/131/128 132/132/129 133/133/130
f 136/134/131 137/135/132 138/136/133
s 7
g EAGLE_ L UpperArm_017_25
f 135/137/134 134/138/135 139/139/136
s 1
g EAGLE_ Spine_04_11
f 136/134/131 133/133/130 137/135/132
f 131/131/128 133/133/130 136/134/131
g EAGLE_ Pelvis_03_10
f 140/140/137 141/141/138 142/142/139
f 143/143/140 144/144/141 145/145/142
g Eagle_ TailL_024_32
f 146/146/143 147/147/144 148/148/145
g EAGLE_ Pelvis_03_10
f 146/146/143 149/149/146 147/147/144
g Eagle_ TailL_024_32
f 148/148/145 147/147/144 143/143/140
s 8
f 150/150/147 151/151/148 152/152/149
f 150/150/147 153/153/150 154/154/151
f 150/150/147 152/152/149 153/153/150
f 150/150/147 154/154/151 155/155/152
g EAGLE_ Tail_026_34
f 150/150/147 155/155/152 156/156/153
f 156/156/153 157/157/154 158/158/155
f 158/158/155 150/150/147 156/156/153
g Eagle_ TailL_024_32
f 150/150/147 159/159/156 160/160/157
s 9
g EAGLE_ Tail_026_34
f 161/161/158 162/162/159 163/163/160
f 164/164/161 162/162/159 161/161/158
g Eagle_ TailL_024_32
f 164/164/161 165/165/162 166/166/163
g EAGLE_ Tail_026_34
f 164/164/161 161/161/158 165/165/162
g Eagle_ TailL_024_32
f 164/164/161 166/166/163 167/167/164
f 164/164/161 167/167/164 168/168/165
s 1
f 148/148/145 143/143/140 169/169/166
s 9
f 170/170/167 171/171/168 164/164/161
f 164/164/161 168/168/165 172/172/169
s 1
f 169/169/166 146/146/143 148/148/145
s 8
f 151/151/148 150/150/147 160/160/157
s 9
f 170/170/167 164/164/161 172/172/169
s 10
g EAGLE_ Queue de cheval 1_08_15
f 173/173/170 174/174/171 175/175/172
f 176/176/173 177/177/174 178/178/175
g EAGLE_ Head_07_14
f 179/179/176 178/178/175 180/180/177
s 1
f 181/181/178 182/182/179 183/183/180
f 184/184/181 185/185/182 186/186/183
f 187/187/184 188/188/185 189/189/186
f 190/190/187 191/191/188 192/192/189
f 193/193/190 194/194/191 187/187/184
f 190/190/187 192/192/189 195/195/192
f 196/196/193 195/195/192 192/192/189
f 192/192/189 181/181/178 196/196/193
f 183/183/180 197/197/194 198/198/195
f 199/199/196 200/200/197 201/201/198
f 199/199/196 196/196/193 198/198/195
f 201/201/198 200/200/197 202/202/199
f 184/184/181 186/186/183 201/201/198
f 201/201/198 202/202/199 184/184/181
f 199/199/196 201/201/198 203/203/200
f 203/203/200 204/204/201 205/205/202
f 203/203/200 193/193/190 199/199/196
f 199/199/196 193/193/190 206/206/203
f 199/199/196 206/206/203 195/195/192
f 199/199/196 195/195/192 196/196/193
f 199/199/196 198/198/195 200/200/197
s 10
f 179/179/176 207/207/204 176/176/173
f 179/179/176 180/180/177 208/208/205
g EAGLE_ Queue de cheval 1_08_15
f 179/179/176 176/176/173 178/178/175
g EAGLE_ Head_07_14
f 179/179/176 208/208/205 209/209/206
f 210/210/207 211/211/208 212/212/209
f 213/213/210 210/210/207 212/212/209
f 214/214/211 215/215/212 216/216/213
f 216/216/213 217/217/214 214/214/211
f 179/179/176 209/209/206 218/218/215
f 219/219/216 207/207/204 179/179/176
f 220/220/217 221/221/218 207/207/204
f 220/220/217 207/207/204 219/219/216
f 221/221/218 220/220/217 222/222/219
f 220/220/217 219/219/216 223/223/220
f 222/222/219 220/220/217 224/224/221
f 224/224/221 220/220/217 223/223/220
s 3
g EAGLE_ L Toe12_046_54
f 106/106/106 225/225/100 102/102/102
f 101/101/101 105/105/105 102/102/102
s 1
g EAGLE_ Head_07_14
f 226/1/222 227/3/223 228/2/224
f 229/4/225 230/6/226 231/5/227
f 229/4/225 232/7/228 230/6/226
f 229/4/225 233/8/229 232/7/228
f 234/9/230 233/8/229 229/4/225
f 235/10/231 229/4/225 231/5/227
f 235/10/231 234/9/230 229/4/225
f 236/11/232 237/13/233 238/12/234
f 239/14/235 240/16/236 241/15/237
f 236/11/232 242/17/238 237/13/233
f 236/11/232 243/18/239 242/17/238
g EAGLE_ Queue de cheval 1_08_15
f 244/19/240 245/21/241 246/20/242
g EAGLE_ Neck1_06_13
f 247/22/243 248/24/244 249/23/245
g EAGLE_ Head_07_14
f 250/25/246 251/27/247 252/26/248
f 253/28/249 254/30/250 255/29/251
f 256/31/252 257/33/253 258/32/254
f 259/34/255 260/35/256 235/10/231
f 261/36/257 260/35/256 259/34/255
f 262/37/258 263/38/259 260/35/256
f 264/39/260 265/40/261 238/12/234
f 265/40/261 236/11/232 238/12/234
f 265/40/261 42/42/42 41/41/41
s 11
g EAGLE_ R HorseLink_029_37
f 266/43/262 267/45/263 268/44/264
g EAGLE_ R Toe0_031_39
f 269/46/265 270/48/266 271/47/267
f 269/46/265 272/50/268 273/49/269
f 269/46/265 274/51/270 272/50/268
f 275/52/271 274/51/270 269/46/265
f 275/52/271 276/53/272 274/51/270
g EAGLE_ R Foot_030_38
f 277/54/273 278/55/274 275/52/271
f 279/56/275 278/55/274 277/54/273
s 12
f 280/57/276 281/59/277 282/58/278
f 281/59/277 280/57/276 283/60/279
f 284/61/280 281/59/277 283/60/279
s 11
f 285/62/281 286/64/282 287/63/283
f 288/65/284 286/64/282 285/62/281
f 289/66/285 290/68/286 291/67/287
f 292/69/288 293/71/289 294/70/290
f 292/69/288 294/70/290 269/46/265
f 271/47/267 292/69/288 269/46/265
f 292/69/288 295/72/291 293/71/289
f 292/69/288 296/73/292 295/72/291
f 296/73/292 297/75/293 298/74/294
g EAGLE_ R Toe0_031_39
f 297/75/293 296/73/292 299/76/295
f 300/77/296 297/75/293 299/76/295
f 269/46/265 273/49/269 270/48/266
f 301/78/297 302/80/298 303/79/299
f 275/52/271 304/81/300 276/53/272
f 278/55/274 305/82/301 275/52/271
f 275/52/271 305/82/301 304/81/300
f 306/83/302 302/80/298 301/78/297
f 302/80/298 306/83/302 307/84/303
f 302/80/298 308/85/304 303/79/299
f 309/86/305 310/87/306 306/83/302
f 306/83/302 310/87/306 307/84/303
f 311/88/307 310/87/306 309/86/305
f 311/88/307 312/89/308 310/87/306
s 13
f 313/90/309 314/92/310 315/91/311
f 314/92/310 313/90/309 316/93/312
f 317/94/313 318/96/314 319/95/315
s 11
g EAGLE_ R Foot_030_38
f 320/97/316 321/98/317 278/55/274
g EAGLE_ R Toe0_031_39
f 278/55/274 322/99/318 305/82/301
f 322/99/318 278/55/274 321/98/317
s 12
g EAGLE_ R Toe12_036_44
f 323/100/319 324/102/320 325/101/321
f 326/103/322 324/102/320 327/104/323
f 324/102/320 326/103/322 328/105/324
f 327/104/323 324/102/320 329/106/325
s 13
g EAGLE_ R Toe02_033_41
f 330/107/326 331/109/327 332/108/328
f 333/110/329 330/107/326 332/108/328
f 330/107/326 334/112/330 335/111/331
f 330/107/326 336/113/332 331/109/327
f 330/107/326 337/114/333 336/113/332
f 330/107/326 335/111/331 337/114/333
s 14
f 338/115/334 339/117/335 340/116/336
f 338/115/334 340/116/336 341/118/337
f 342/119/338 338/115/334 343/120/339
f 338/115/334 344/121/340 339/117/335
f 338/115/334 341/118/337 345/122/341
f 343/120/339 338/115/334 345/122/341
s 15
f 346/123/342 347/125/343 348/124/344
f 347/125/343 349/127/345 350/126/346
f 347/125/343 351/129/347 352/128/348
f 347/125/343 346/123/342 351/129/347
f 347/125/343 350/126/346 353/130/349
f 347/125/343 352/128/348 349/127/345
s 1
g EAGLE_ Spine_04_11
f 354/131/350 355/133/351 356/132/352
f 357/134/353 358/136/354 359/135/355
f 357/134/353 359/135/355 355/133/351
f 354/131/350 357/134/353 355/133/351
g EAGLE_ Pelvis_03_10
f 360/226/356 361/142/357 362/141/358
f 363/143/359 364/145/360 365/144/361
g Eagle_ TailR_025_33
f 366/146/362 367/148/363 368/227/364
g EAGLE_ Pelvis_03_10
f 366/146/362 368/227/364 369/149/365
g Eagle_ TailR_025_33
f 367/148/363 363/143/359 368/227/364
s 8
f 370/150/366 371/152/367 372/151/368
f 370/150/366 373/154/369 374/153/370
f 370/150/366 374/153/370 371/152/367
f 370/150/366 375/155/371 373/154/369
g EAGLE_ Tail_026_34
f 370/150/366 376/156/372 375/155/371
f 376/156/372 158/158/155 157/157/154
f 158/158/155 376/156/372 370/150/366
g Eagle_ TailR_025_33
f 370/150/366 377/160/373 378/159/374
s 9
g EAGLE_ Tail_026_34
f 379/161/375 163/163/160 162/162/159
f 380/164/376 379/161/375 162/162/159
g Eagle_ TailR_025_33
f 380/164/376 381/166/377 382/165/378
g EAGLE_ Tail_026_34
f 380/164/376 382/165/378 379/161/375
g Eagle_ TailR_025_33
f 380/164/376 383/167/379 381/166/377
f 380/164/376 384/168/380 383/167/379
s 1
f 367/148/363 385/169/381 363/143/359
s 9
f 386/170/382 380/164/376 387/171/383
f 380/164/376 388/172/384 384/168/380
s 1
f 385/169/381 367/148/363 366/146/362
s 8
f 372/151/368 377/160/373 370/150/366
s 9
f 386/170/382 388/172/384 380/164/376
s 10
g EAGLE_ Queue de cheval 1_08_15
f 389/173/385 175/175/172 174/174/171
f 390/176/386 391/178/387 392/177/388
g EAGLE_ Head_07_14
f 393/179/389 394/180/390 391/178/387
s 1
f 395/181/391 396/183/392 397/182/393
f 398/184/394 399/186/395 400/185/396
f 401/187/397 402/189/398 403/188/399
f 404/190/400 405/192/401 406/191/402
f 407/193/403 401/187/397 408/194/404
f 404/190/400 409/195/405 405/192/401
f 410/196/406 405/192/401 409/195/405
f 405/192/401 410/196/406 395/181/391
f 396/183/392 411/198/407 412/197/408
f 413/199/409 414/201/410 415/200/411
f 413/199/409 411/198/407 410/196/406
f 414/201/410 416/202/412 415/200/411
f 398/184/394 414/201/410 399/186/395
f 414/201/410 398/184/394 416/202/412
f 413/199/409 417/203/413 414/201/410
f 417/203/413 418/205/414 419/204/415
f 417/203/413 413/199/409 407/193/403
f 413/199/409 420/206/416 407/193/403
f 413/199/409 409/195/405 420/206/416
f 413/199/409 410/196/406 409/195/405
f 413/199/409 415/200/411 411/198/407
s 10
f 393/179/389 390/176/386 421/207/417
f 393/179/389 422/208/418 394/180/390
g EAGLE_ Queue de cheval 1_08_15
f 393/179/389 391/178/387 390/176/386
g EAGLE_ Head_07_14
f 393/179/389 423/209/419 422/208/418
f 424/210/420 425/212/421 426/211/422
f 427/213/423 425/212/421 424/210/420
f 428/214/424 429/216/425 430/215/426
f 429/216/425 428/214/424 431/217/427
f 393/179/389 432/218/428 423/209/419
f 433/219/429 393/179/389 421/207/417
f 434/220/430 421/207/417 221/221/218
f 434/220/430 433/219/429 421/207/417
f 221/221/218 222/222/219 434/220/430
f 434/220/430 435/223/431 433/219/429
f 222/222/219 224/224/221 434/220/430
f 224/224/221 435/223/431 434/220/430
s 12
g EAGLE_ R Toe12_036_44
f 329/106/325 324/102/320 436/225/432
f 325/101/321 324/102/320 328/105/324
s 1
g EAGLE_ L UpperArm_017_25
f 437/228/433 438/229/434 439/230/435
g EAGLE_ R UpperArm_010_17
f 440/231/436 441/232/437 442/228/438
g EAGLE_ Head_07_14
f 443/233/439 444/234/440 445/235/441
f 443/233/439 445/235/441 446/236/442
f 447/237/443 448/238/444 443/233/439
f 447/237/443 443/233/439 446/236/442
f 449/239/445 450/240/446 448/238/444
f 449/239/445 448/238/444 447/237/443
f 451/241/447 452/242/448 450/240/446
f 451/241/447 450/240/446 449/239/445
f 453/243/449 452/242/448 451/241/447
f 453/243/449 451/241/447 454/244/450
f 455/245/451 453/243/449 454/244/450
f 455/245/451 454/244/450 456/246/452
f 457/247/453 455/245/451 456/246/452
f 457/247/453 456/246/452 458/248/454
f 459/249/455 460/250/456 457/247/453
f 459/249/455 457/247/453 458/248/454
f 461/251/457 462/252/458 460/250/456
f 461/251/457 460/250/456 459/249/455
f 463/253/459 464/254/460 462/252/458
f 463/253/459 462/252/458 461/251/457
f 465/255/461 466/256/462 464/254/460
f 465/255/461 464/254/460 463/253/459
f 445/235/441 444/234/440 467/257/463
f 445/235/441 467/257/463 468/258/464
f 467/257/463 466/256/462 465/255/461
f 467/257/463 465/255/461 468/258/464
f 445/235/441 468/258/464 469/259/465
f 445/235/441 469/259/465 470/260/466
f 469/259/465 468/258/464 471/261/467
f 469/259/465 471/261/467 472/262/468
f 471/261/467 468/258/464 465/255/461
f 471/261/467 465/255/461 473/263/469
f 473/263/469 465/255/461 463/253/459
f 473/263/469 463/253/459 474/264/470
f 474/264/470 463/253/459 461/251/457
f 474/264/470 461/251/457 475/265/471
f 475/265/471 461/251/457 459/249/455
f 475/265/471 459/249/455 476/266/472
f 476/266/472 459/249/455 458/248/454
f 476/266/472 458/248/454 477/267/473
f 477/267/473 458/248/454 456/246/452
f 477/267/473 456/246/452 478/268/474
f 456/246/452 454/244/450 479/269/475
f 456/246/452 479/269/475 478/268/474
f 454/244/450 451/241/447 480/270/476
f 454/244/450 480/270/476 479/269/475
f 480/270/476 451/241/447 449/239/445
f 480/270/476 449/239/445 481/271/477
f 481/271/477 449/239/445 447/237/443
f 481/271/477 447/237/443 482/272/478
f 446/236/442 445/235/441 470/260/466
f 446/236/442 470/260/466 483/273/479
f 482/272/478 447/237/443 446/236/442
f 482/272/478 446/236/442 483/273/479
f 15/15/15 480/270/476 481/271/477
f 15/15/15 481/271/477 2/2/2
g EAGLE_ Queue de cheval 1_08_15
f 484/274/480 485/275/481 486/276/482
f 484/274/480 486/276/482 20/20/20
g EAGLE_ Head_07_14
f 3/3/3 482/272/478 483/273/479
f 3/3/3 483/273/479 487/277/483
f 2/2/2 481/271/477 482/272/478
f 2/2/2 482/272/478 3/3/3
f 488/278/484 1/1/1 3/3/3
f 488/278/484 3/3/3 489/279/485
f 487/277/483 490/280/486 489/279/485
f 487/277/483 489/279/485 3/3/3
f 490/280/486 491/281/487 34/34/34
f 490/280/486 34/34/34 489/279/485
f 491/281/487 5/5/5 10/10/10
f 491/281/487 10/10/10 34/34/34
f 6/6/6 5/5/5 491/281/487
f 6/6/6 491/281/487 13/13/13
f 12/12/12 7/7/7 6/6/6
f 12/12/12 6/6/6 13/13/13
f 492/282/488 493/283/489 494/284/490
f 492/282/488 494/284/490 495/285/491
f 495/285/491 496/286/492 497/287/493
f 495/285/491 497/287/493 498/288/494
f 14/14/14 479/269/475 480/270/476
f 14/14/14 480/270/476 15/15/15
f 499/289/495 478/268/474 479/269/475
f 499/289/495 479/269/475 14/14/14
f 500/290/496 501/291/497 477/267/473
f 500/290/496 477/267/473 478/268/474
f 500/290/496 478/268/474 499/289/495
f 500/290/496 499/289/495 502/292/498
f 503/293/499 492/282/488 495/285/491
f 503/293/499 495/285/491 498/288/494
f 497/287/493 472/262/468 471/261/467
f 497/287/493 471/261/467 504/294/500
f 505/295/501 498/288/494 497/287/493
f 505/295/501 497/287/493 504/294/500
f 504/294/500 471/261/467 473/263/469
f 504/294/500 473/263/469 506/296/502
f 505/295/501 504/294/500 506/296/502
f 505/295/501 506/296/502 507/297/503
f 506/296/502 473/263/469 474/264/470
f 506/296/502 474/264/470 508/298/504
f 509/299/505 498/288/494 505/295/501
f 509/299/505 505/295/501 507/297/503
f 503/293/499 498/288/494 509/299/505
f 503/293/499 509/299/505 510/300/506
f 507/297/503 506/296/502 508/298/504
f 507/297/503 508/298/504 511/301/507
f 508/298/504 474/264/470 475/265/471
f 508/298/504 475/265/471 512/302/508
f 509/299/505 507/297/503 511/301/507
f 509/299/505 511/301/507 513/303/509
f 514/304/510 510/300/506 509/299/505
f 514/304/510 509/299/505 513/303/509
f 515/305/511 514/304/510 513/303/509
f 515/305/511 513/303/509 516/306/512
f 513/303/509 511/301/507 517/307/513
f 513/303/509 517/307/513 516/306/512
f 511/301/507 508/298/504 512/302/508
f 511/301/507 512/302/508 517/307/513
f 518/308/514 519/309/515 515/305/511
f 518/308/514 515/305/511 516/306/512
f 520/310/516 518/308/514 516/306/512
f 520/310/516 516/306/512 517/307/513
f 519/309/515 518/308/514 32/32/32
f 519/309/515 32/32/32 521/311/517
f 476/266/472 477/267/473 501/291/497
f 476/266/472 501/291/497 522/312/518
f 512/302/508 475/265/471 476/266/472
f 512/302/508 476/266/472 522/312/518
f 517/307/513 512/302/508 522/312/518
f 517/307/513 522/312/518 520/310/516
f 472/262/468 497/287/493 496/286/492
f 472/262/468 496/286/492 523/313/519
f 13/13/13 491/281/487 490/280/486
f 13/13/13 490/280/486 17/17/17
f 524/314/520 496/286/492 495/285/491
f 524/314/520 495/285/491 494/284/490
f 494/284/490 493/283/489 525/315/521
f 494/284/490 525/315/521 18/18/18
f 18/18/18 525/315/521 526/316/522
f 18/18/18 526/316/522 11/11/11
f 470/260/466 469/259/465 527/317/523
f 470/260/466 527/317/523 528/318/524
f 483/273/479 470/260/466 528/318/524
f 483/273/479 528/318/524 487/277/483
f 490/280/486 487/277/483 528/318/524
f 490/280/486 528/318/524 17/17/17
f 524/314/520 494/284/490 18/18/18
f 524/314/520 18/18/18 529/319/525
f 527/317/523 469/259/465 472/262/468
f 527/317/523 472/262/468 523/313/519
f 529/319/525 528/318/524 527/317/523
f 529/319/525 527/317/523 523/313/519
f 523/313/519 496/286/492 524/314/520
f 523/313/519 524/314/520 529/319/525
f 529/319/525 18/18/18 17/17/17
f 529/319/525 17/17/17 528/318/524
g EAGLE_ Queue de cheval 1_08_15
f 530/320/526 484/274/480 20/20/20
f 530/320/526 20/20/20 19/19/19
f 531/321/527 532/322/528 530/320/526
f 531/321/527 530/320/526 19/19/19
f 533/323/529 534/324/530 532/322/528
f 533/323/529 532/322/528 531/321/527
f 535/325/531 536/326/532 534/324/530
f 535/325/531 534/324/530 533/323/529
f 537/327/533 538/328/534 536/326/532
f 537/327/533 536/326/532 535/325/531
f 539/329/535 537/327/533 535/325/531
f 539/329/535 535/325/531 540/330/536
f 541/331/537 540/330/536 542/332/538
f 541/331/537 542/332/538 543/333/539
f 540/330/536 535/325/531 533/323/529
f 540/330/536 533/323/529 542/332/538
f 20/20/20 486/276/482 544/334/540
f 20/20/20 544/334/540 21/21/21
f 545/335/541 546/336/542 21/21/21
f 545/335/541 21/21/21 544/334/540
f 546/336/542 531/321/527 19/19/19
f 546/336/542 19/19/19 21/21/21
f 545/335/541 543/333/539 542/332/538
f 545/335/541 542/332/538 546/336/542
f 542/332/538 533/323/529 531/321/527
f 542/332/538 531/321/527 546/336/542
f 540/330/536 541/331/537 547/337/543
f 540/330/536 547/337/543 539/329/535
f 548/338/544 549/339/545 538/328/534
f 548/338/544 538/328/534 537/327/533
g EAGLE_ Head_07_14
f 550/340/546 14/14/14 16/16/16
g EAGLE_ Queue de cheval 1_08_15
f 550/340/546 16/16/16 551/341/547
g EAGLE_ Head_07_14
f 14/14/14 550/340/546 552/342/548
f 14/14/14 552/342/548 499/289/495
f 502/292/498 499/289/495 552/342/548
f 502/292/498 552/342/548 553/343/549
g EAGLE_ Queue de cheval 1_08_15
f 549/339/545 548/338/544 554/344/550
f 549/339/545 554/344/550 551/341/547
f 550/340/546 551/341/547 554/344/550
f 550/340/546 554/344/550 555/345/551
f 537/327/533 539/329/535 556/346/552
f 537/327/533 556/346/552 548/338/544
f 557/347/553 556/346/552 539/329/535
f 557/347/553 539/329/535 547/337/543
f 558/348/554 556/346/552 557/347/553
f 558/348/554 557/347/553 559/349/555
f 560/350/556 554/344/550 548/338/544
f 560/350/556 548/338/544 556/346/552
f 561/351/557 555/345/551 554/344/550
f 561/351/557 554/344/550 560/350/556
f 556/346/552 558/348/554 561/351/557
f 556/346/552 561/351/557 560/350/556
f 555/345/551 561/351/557 562/352/558
f 555/345/551 562/352/558 563/353/559
f 550/340/546 555/345/551 563/353/559
g EAGLE_ Head_07_14
f 550/340/546 563/353/559 552/342/548
g EAGLE_ Queue de cheval 1_08_15
f 552/342/548 563/353/559 564/354/560
g EAGLE_ Head_07_14
f 552/342/548 564/354/560 553/343/549
g EAGLE_ Queue de cheval 1_08_15
f 563/353/559 562/352/558 565/355/561
f 563/353/559 565/355/561 564/354/560
f 561/351/557 558/348/554 566/356/562
f 561/351/557 566/356/562 562/352/558
f 558/348/554 559/349/555 567/357/563
f 558/348/554 567/357/563 566/356/562
g EAGLE_ Head_07_14
f 518/308/514 520/310/516 33/33/33
f 518/308/514 33/33/33 32/32/32
f 520/310/516 522/312/518 29/29/29
f 520/310/516 29/29/29 33/33/33
f 29/29/29 522/312/518 501/291/497
f 29/29/29 501/291/497 30/30/30
f 30/30/30 501/291/497 500/290/496
f 30/30/30 500/290/496 26/26/26
f 26/26/26 500/290/496 502/292/498
f 26/26/26 502/292/498 27/27/27
f 27/27/27 502/292/498 553/343/549
f 27/27/27 553/343/549 23/23/23
g EAGLE_ Neck1_06_13
f 553/343/549 564/354/560 24/24/24
f 553/343/549 24/24/24 23/23/23
f 564/354/560 565/355/561 568/358/564
f 564/354/560 568/358/564 24/24/24
g EAGLE_ Queue de cheval 1_08_15
f 569/359/565 565/355/561 562/352/558
f 569/359/565 562/352/558 566/356/562
f 569/359/565 566/356/562 567/357/563
f 569/359/565 567/357/563 570/360/566
g EAGLE_ Neck1_06_13
f 24/24/24 568/358/564 571/361/567
f 24/24/24 571/361/567 22/22/22
f 27/27/27 23/23/23 22/22/22
f 27/27/27 22/22/22 25/25/25
g EAGLE_ Head_07_14
f 28/28/28 30/30/30 26/26/26
f 28/28/28 26/26/26 25/25/25
f 33/33/33 29/29/29 28/28/28
f 33/33/33 28/28/28 31/31/31
f 572/362/568 521/311/517 32/32/32
f 572/362/568 32/32/32 31/31/31
f 572/362/568 31/31/31 573/363/569
f 572/362/568 573/363/569 574/364/570
f 573/363/569 31/31/31 28/28/28
f 573/363/569 28/28/28 575/365/571
f 575/365/571 28/28/28 25/25/25
g EAGLE_ Neck1_06_13
f 575/365/571 25/25/25 576/366/572
f 576/366/572 25/25/25 22/22/22
f 576/366/572 22/22/22 577/367/573
f 577/367/573 22/22/22 571/361/567
f 577/367/573 571/361/567 578/368/574
g EAGLE_ Queue de cheval 1_08_15
f 569/359/565 570/360/566 579/369/575
f 569/359/565 579/369/575 580/370/576
g EAGLE_ Neck1_06_13
f 580/370/576 568/358/564 565/355/561
f 580/370/576 565/355/561 569/359/565
f 568/358/564 580/370/576 581/371/577
f 568/358/564 581/371/577 571/361/567
f 578/368/574 571/361/567 581/371/577
f 578/368/574 581/371/577 582/372/578
f 580/370/576 579/369/575 583/373/579
f 580/370/576 583/373/579 581/371/577
f 584/374/580 582/372/578 581/371/577
f 584/374/580 581/371/577 583/373/579
g EAGLE_ Neck_05_12
f 585/375/581 582/372/578 584/374/580
f 585/375/581 584/374/580 586/376/582
f 587/377/583 578/368/574 582/372/578
f 587/377/583 582/372/578 585/375/581
f 588/378/584 577/367/573 578/368/574
f 588/378/584 578/368/574 587/377/583
g EAGLE_ Neck1_06_13
f 589/379/585 575/365/571 576/366/572
f 589/379/585 576/366/572 590/380/586
f 590/380/586 576/366/572 577/367/573
g EAGLE_ Neck_05_12
f 590/380/586 577/367/573 588/378/584
g EAGLE_ Neck1_06_13
f 591/381/587 573/363/569 575/365/571
f 591/381/587 575/365/571 589/379/585
f 592/382/588 574/364/570 573/363/569
f 592/382/588 573/363/569 591/381/587
g EAGLE_ Neck_05_12
f 592/382/588 591/381/587 593/383/589
f 592/382/588 593/383/589 594/384/590
f 593/383/589 591/381/587 589/379/585
f 593/383/589 589/379/585 595/385/591
f 595/385/591 589/379/585 590/380/586
f 595/385/591 590/380/586 596/386/592
f 596/386/592 590/380/586 588/378/584
f 596/386/592 588/378/584 597/387/593
f 588/378/584 587/377/583 598/388/594
f 588/378/584 598/388/594 597/387/593
f 585/375/581 586/376/582 599/389/595
f 585/375/581 599/389/595 600/390/596
f 598/388/594 587/377/583 585/375/581
f 598/388/594 585/375/581 600/390/596
g EAGLE_ Spine_04_11
f 601/391/597 600/390/596 599/389/595
f 601/391/597 599/389/595 602/392/598
f 601/391/597 602/392/598 603/393/599
f 601/391/597 603/393/599 604/394/600
f 605/395/601 604/394/600 603/393/599
f 605/395/601 603/393/599 606/396/602
f 607/397/603 605/395/601 606/396/602
f 607/397/603 606/396/602 608/398/604
f 609/399/605 607/397/603 608/398/604
f 609/399/605 608/398/604 610/400/606
f 611/401/607 612/402/608 600/390/596
f 611/401/607 600/390/596 601/391/597
f 611/401/607 601/391/597 604/394/600
f 611/401/607 604/394/600 613/403/609
f 613/403/609 604/394/600 605/395/601
f 613/403/609 605/395/601 614/404/610
f 615/405/611 614/404/610 605/395/601
f 615/405/611 605/395/601 607/397/603
f 598/388/594 600/390/596 612/402/608
f 598/388/594 612/402/608 616/406/612
g EAGLE_ Neck_05_12
f 597/387/593 598/388/594 616/406/612
f 597/387/593 616/406/612 617/407/613
g EAGLE_ Spine_04_11
f 618/408/614 616/406/612 612/402/608
f 618/408/614 612/402/608 611/401/607
f 618/408/614 611/401/607 613/403/609
f 618/408/614 613/403/609 619/409/615
g EAGLE_ Neck_05_12
f 594/384/590 593/383/589 620/410/616
f 594/384/590 620/410/616 621/411/617
g EAGLE_ Spine_04_11
f 622/412/618 616/406/612 618/408/614
f 622/412/618 618/408/614 619/409/615
f 623/413/619 619/409/615 613/403/609
f 623/413/619 613/403/609 614/404/610
f 624/414/620 623/413/619 614/404/610
f 624/414/620 614/404/610 615/405/611
f 132/132/129 622/412/618 619/409/615
f 132/132/129 619/409/615 623/413/619
f 625/415/621 615/405/611 607/397/603
f 625/415/621 607/397/603 609/399/605
f 626/416/622 609/399/605 610/400/606
f 626/416/622 610/400/606 627/417/623
f 628/418/624 626/416/622 627/417/623
f 628/418/624 627/417/623 629/419/625
f 628/418/624 629/419/625 630/420/626
g EAGLE_ Pelvis_03_10
f 628/418/624 630/420/626 631/421/627
f 632/422/628 631/421/627 630/420/626
f 632/422/628 630/420/626 633/423/629
g EAGLE_ Head_07_14
f 634/424/630 1/1/1 488/278/484
f 634/424/630 488/278/484 635/425/631
f 2/2/2 1/1/1 634/424/630
f 2/2/2 634/424/630 636/426/632
f 2/2/2 636/426/632 637/427/633
f 2/2/2 637/427/633 15/15/15
f 15/15/15 637/427/633 638/428/634
f 15/15/15 638/428/634 16/16/16
g EAGLE_ Queue de cheval 1_08_15
f 551/341/547 16/16/16 638/428/634
f 551/341/547 638/428/634 639/429/635
f 549/339/545 551/341/547 639/429/635
f 549/339/545 639/429/635 640/430/636
f 538/328/534 549/339/545 640/430/636
f 538/328/534 640/430/636 641/431/637
f 538/328/534 641/431/637 642/432/638
f 538/328/534 642/432/638 536/326/532
f 536/326/532 642/432/638 643/433/639
f 536/326/532 643/433/639 534/324/530
f 532/322/528 534/324/530 643/433/639
f 532/322/528 643/433/639 644/434/640
f 530/320/526 532/322/528 644/434/640
f 530/320/526 644/434/640 645/435/641
f 484/274/480 530/320/526 645/435/641
f 484/274/480 645/435/641 646/436/642
f 485/275/481 484/274/480 646/436/642
f 485/275/481 646/436/642 647/437/643
f 648/438/644 646/436/642 645/435/641
f 648/438/644 645/435/641 649/439/645
f 646/436/642 648/438/644 650/440/646
f 646/436/642 650/440/646 647/437/643
g EAGLE_ Head_07_14
f 36/36/36 488/278/484 489/279/485
f 36/36/36 489/279/485 34/34/34
f 635/425/631 488/278/484 36/36/36
f 635/425/631 36/36/36 651/441/647
f 35/35/35 10/10/10 9/9/9
f 35/35/35 9/9/9 38/38/38
f 37/37/37 652/442/648 36/36/36
f 37/37/37 36/36/36 35/35/35
f 7/7/7 12/12/12 39/39/39
f 7/7/7 39/39/39 8/8/8
f 38/38/38 9/9/9 8/8/8
f 38/38/38 8/8/8 39/39/39
f 653/443/649 654/444/650 652/442/648
f 653/443/649 652/442/648 37/37/37
f 655/445/651 656/446/652 657/447/653
f 655/445/651 657/447/653 658/448/654
f 659/449/655 656/446/652 655/445/651
f 659/449/655 655/445/651 660/450/656
f 661/451/657 37/37/37 38/38/38
f 661/451/657 38/38/38 39/39/39
f 11/11/11 526/316/522 41/41/41
f 11/11/11 41/41/41 40/40/40
f 662/452/658 661/451/657 39/39/39
f 662/452/658 39/39/39 40/40/40
f 40/40/40 42/42/42 663/453/659
f 40/40/40 663/453/659 662/452/658
f 37/37/37 661/451/657 664/454/660
f 37/37/37 664/454/660 653/443/649
f 662/452/658 663/453/659 665/455/661
f 662/452/658 665/455/661 666/456/662
f 666/456/662 664/454/660 661/451/657
f 666/456/662 661/451/657 662/452/658
f 658/448/654 667/457/663 668/458/664
f 658/448/654 668/458/664 655/445/651
f 655/445/651 668/458/664 669/459/665
f 655/445/651 669/459/665 660/450/656
f 670/460/666 669/459/665 668/458/664
f 670/460/666 668/458/664 671/461/667
f 667/457/663 672/462/668 671/461/667
f 667/457/663 671/461/667 668/458/664
f 671/461/667 672/462/668 673/463/669
f 671/461/667 673/463/669 670/460/666
f 666/456/662 665/455/661 674/464/670
f 666/456/662 674/464/670 675/465/671
f 664/454/660 666/456/662 675/465/671
f 664/454/660 675/465/671 676/466/672
f 677/467/673 672/462/668 667/457/663
f 677/467/673 667/457/663 678/468/674
f 676/466/672 675/465/671 679/469/675
f 676/466/672 679/469/675 680/470/676
f 679/469/675 677/467/673 678/468/674
f 679/469/675 678/468/674 680/470/676
f 653/443/649 664/454/660 676/466/672
f 653/443/649 676/466/672 681/471/677
f 678/468/674 667/457/663 658/448/654
f 678/468/674 658/448/654 682/472/678
f 678/468/674 682/472/678 683/473/679
f 678/468/674 683/473/679 680/470/676
f 681/471/677 676/466/672 680/470/676
f 681/471/677 680/470/676 683/473/679
f 658/448/654 657/447/653 684/474/680
f 658/448/654 684/474/680 682/472/678
f 654/444/650 653/443/649 681/471/677
f 654/444/650 681/471/677 685/475/681
f 685/475/681 681/471/677 683/473/679
f 685/475/681 683/473/679 686/476/682
f 686/476/682 683/473/679 682/472/678
f 686/476/682 682/472/678 684/474/680
f 687/477/683 651/441/647 36/36/36
f 687/477/683 36/36/36 652/442/648
f 687/477/683 652/442/648 654/444/650
f 687/477/683 654/444/650 688/478/684
f 688/478/684 654/444/650 685/475/681
f 688/478/684 685/475/681 689/479/685
f 689/479/685 685/475/681 686/476/682
f 689/479/685 686/476/682 690/480/686
f 690/480/686 686/476/682 684/474/680
f 690/480/686 684/474/680 691/481/687
f 691/481/687 684/474/680 657/447/653
f 691/481/687 657/447/653 692/482/688
f 692/482/688 657/447/653 656/446/652
f 692/482/688 656/446/652 693/483/689
f 694/484/690 693/483/689 656/446/652
f 694/484/690 656/446/652 659/449/655
s 2
g EAGLE_ L Calf_038_46
f 695/485/691 696/486/692 697/487/693
g EAGLE_ L HorseLink_039_47
f 695/485/691 697/487/693 698/488/694
g EAGLE_ L Calf_038_46
f 699/489/695 695/485/691 698/488/694
g EAGLE_ L HorseLink_039_47
f 699/489/695 698/488/694 700/490/696
f 699/489/695 700/490/696 701/491/697
g EAGLE_ L Calf_038_46
f 699/489/695 701/491/697 702/492/698
f 702/492/698 701/491/697 703/493/699
f 702/492/698 703/493/699 704/494/700
f 704/494/700 703/493/699 705/495/701
f 704/494/700 705/495/701 706/496/702
f 706/496/702 705/495/701 707/497/703
f 706/496/702 707/497/703 708/498/704
f 709/499/705 708/498/704 707/497/703
f 709/499/705 707/497/703 710/500/706
f 710/500/706 711/501/707 712/502/708
f 710/500/706 712/502/708 709/499/705
g EAGLE_ L HorseLink_039_47
f 698/488/694 697/487/693 713/503/709
f 698/488/694 713/503/709 714/504/710
f 700/490/696 698/488/694 714/504/710
f 700/490/696 714/504/710 715/505/711
f 700/490/696 715/505/711 716/506/712
f 700/490/696 716/506/712 701/491/697
f 701/491/697 716/506/712 717/507/713
f 701/491/697 717/507/713 703/493/699
f 703/493/699 717/507/713 718/508/714
f 703/493/699 718/508/714 705/495/701
f 705/495/701 718/508/714 719/509/715
f 705/495/701 719/509/715 707/497/703
f 710/500/706 707/497/703 719/509/715
f 710/500/706 719/509/715 720/510/716
f 720/510/716 721/511/717 711/501/707
f 720/510/716 711/501/707 710/500/706
f 714/504/710 713/503/709 722/512/718
f 714/504/710 722/512/718 723/513/719
f 715/505/711 714/504/710 723/513/719
f 715/505/711 723/513/719 724/514/720
f 715/505/711 724/514/720 725/515/721
f 715/505/711 725/515/721 716/506/712
f 716/506/712 725/515/721 726/516/722
f 716/506/712 726/516/722 717/507/713
f 717/507/713 726/516/722 727/517/723
f 717/507/713 727/517/723 718/508/714
f 718/508/714 727/517/723 728/518/724
f 718/508/714 728/518/724 719/509/715
f 720/510/716 719/509/715 728/518/724
f 720/510/716 728/518/724 729/519/725
f 729/519/725 730/520/726 721/511/717
f 729/519/725 721/511/717 720/510/716
g EAGLE_ L Calf_038_46
f 706/496/702 708/498/704 731/521/727
f 706/496/702 731/521/727 732/522/728
f 699/489/695 733/523/729 734/524/730
f 699/489/695 734/524/730 695/485/691
f 735/525/731 736/526/732 737/527/733
f 735/525/731 737/527/733 738/528/734
f 695/485/691 734/524/730 739/529/735
f 695/485/691 739/529/735 696/486/692
f 734/524/730 735/525/731 738/528/734
f 734/524/730 738/528/734 739/529/735
f 731/521/727 708/498/704 709/499/705
f 731/521/727 709/499/705 740/530/736
g EAGLE_ Pelvis_03_10
f 741/531/737 742/532/738 743/533/739
g EAGLE_ L Calf_038_46
f 741/531/737 743/533/739 744/534/740
f 744/534/740 743/533/739 731/521/727
f 744/534/740 731/521/727 740/530/736
f 745/535/741 746/536/742 741/531/737
f 745/535/741 741/531/737 744/534/740
f 747/537/743 745/535/741 744/534/740
f 747/537/743 744/534/740 740/530/736
f 712/502/708 747/537/743 740/530/736
f 712/502/708 740/530/736 709/499/705
f 735/525/731 734/524/730 733/523/729
f 735/525/731 733/523/729 748/538/744
f 749/539/745 733/523/729 699/489/695
f 749/539/745 699/489/695 702/492/698
f 750/540/746 749/539/745 702/492/698
f 750/540/746 702/492/698 704/494/700
f 704/494/700 706/496/702 732/522/728
f 704/494/700 732/522/728 750/540/746
g EAGLE_ L Thigh_037_45
f 742/532/738 751/541/747 752/542/748
f 742/532/738 752/542/748 743/533/739
g EAGLE_ L Calf_038_46
f 732/522/728 731/521/727 743/533/739
f 732/522/728 743/533/739 752/542/748
f 750/540/746 732/522/728 752/542/748
f 750/540/746 752/542/748 753/543/749
f 753/543/749 752/542/748 751/541/747
g EAGLE_ L Thigh_037_45
f 753/543/749 751/541/747 754/544/750
s 1
f 755/545/751 142/142/139 141/141/138
f 755/545/751 141/141/138 756/546/752
s 2
g EAGLE_ L Calf_038_46
f 748/538/744 733/523/729 749/539/745
f 748/538/744 749/539/745 757/547/753
f 757/547/753 749/539/745 750/540/746
f 757/547/753 750/540/746 753/543/749
s 1
g EAGLE_ L Thigh_037_45
f 756/546/752 141/141/138 138/136/133
f 756/546/752 138/136/133 758/548/754
g EAGLE_ Spine_04_11
f 759/549/755 624/414/620 615/405/611
f 759/549/755 615/405/611 625/415/621
s 2
g EAGLE_ L Calf_038_46
f 736/526/732 735/525/731 748/538/744
f 736/526/732 748/538/744 760/550/756
s 1
g EAGLE_ Spine_04_11
f 761/551/757 625/415/621 609/399/605
f 761/551/757 609/399/605 626/416/622
f 758/548/754 759/549/755 625/415/621
f 758/548/754 625/415/621 761/551/757
s 2
g EAGLE_ L Calf_038_46
f 760/550/756 748/538/744 757/547/753
f 760/550/756 757/547/753 762/552/758
f 753/543/749 754/544/750 762/552/758
f 753/543/749 762/552/758 757/547/753
s 1
g EAGLE_ Spine_04_11
f 138/136/133 137/135/132 759/549/755
f 138/136/133 759/549/755 758/548/754
s 3
g EAGLE_ L Toe12_046_54
f 763/553/759 764/554/760 765/555/761
f 763/553/759 765/555/761 766/556/762
f 763/553/759 766/556/762 767/557/763
f 763/553/759 767/557/763 768/558/764
f 768/558/764 767/557/763 769/559/765
f 768/558/764 769/559/765 770/560/766
f 771/561/766 772/562/767 773/563/768
f 771/561/766 773/563/768 774/564/769
f 775/565/770 774/564/769 773/563/768
f 775/565/770 773/563/768 776/566/771
f 776/566/771 765/555/761 764/554/760
f 776/566/771 764/554/760 775/565/770
f 777/567/772 778/568/773 764/554/760
f 777/567/772 764/554/760 763/553/759
f 777/567/772 763/553/759 768/558/764
f 777/567/772 768/558/764 779/569/774
f 779/569/774 768/558/764 770/560/766
f 779/569/774 770/560/766 780/570/775
f 781/571/776 771/561/766 774/564/769
f 781/571/776 774/564/769 782/572/777
f 783/573/778 782/572/777 774/564/769
f 783/573/778 774/564/769 775/565/770
f 775/565/770 764/554/760 778/568/773
f 775/565/770 778/568/773 783/573/778
f 784/574/779 785/575/780 778/568/773
f 784/574/779 778/568/773 777/567/772
f 786/576/781 784/574/779 777/567/772
f 786/576/781 777/567/772 779/569/774
f 786/576/781 779/569/774 780/570/775
f 786/576/781 780/570/775 787/577/782
f 788/578/783 781/571/776 782/572/777
f 788/578/783 782/572/777 789/579/784
f 789/579/784 782/572/777 783/573/778
f 789/579/784 783/573/778 790/580/785
f 783/573/778 778/568/773 785/575/780
f 783/573/778 785/575/780 790/580/785
f 791/581/786 792/582/787 785/575/780
f 791/581/786 785/575/780 784/574/779
f 793/583/788 791/581/786 784/574/779
f 793/583/788 784/574/779 786/576/781
f 793/583/788 786/576/781 787/577/782
f 793/583/788 787/577/782 794/584/789
f 795/585/790 788/578/783 789/579/784
f 795/585/790 789/579/784 796/586/791
f 796/586/791 789/579/784 790/580/785
f 796/586/791 790/580/785 797/587/792
f 785/575/780 792/582/787 797/587/792
f 785/575/780 797/587/792 790/580/785
s 4
g EAGLE_ L Toe02_043_51
f 798/588/793 799/589/794 800/590/795
f 798/588/793 800/590/795 801/591/796
f 802/592/796 803/593/797 804/594/798
f 802/592/796 804/594/798 805/595/799
f 806/596/800 805/595/799 804/594/798
f 806/596/800 804/594/798 807/597/801
f 800/590/795 799/589/794 808/598/802
f 800/590/795 808/598/802 809/599/803
f 803/593/797 810/600/803 811/601/804
f 803/593/797 811/601/804 804/594/798
f 804/594/798 811/601/804 812/602/805
f 804/594/798 812/602/805 807/597/801
f 809/599/803 808/598/802 813/603/806
f 809/599/803 813/603/806 814/604/807
f 810/600/803 815/605/807 816/606/808
f 810/600/803 816/606/808 811/601/804
f 811/601/804 816/606/808 817/607/809
f 811/601/804 817/607/809 812/602/805
f 814/604/807 813/603/806 818/608/810
f 814/604/807 818/608/810 819/609/811
f 816/606/808 815/605/807 820/610/811
f 816/606/808 820/610/811 821/611/812
f 816/606/808 821/611/812 822/612/813
f 816/606/808 822/612/813 817/607/809
f 819/609/811 818/608/810 823/613/814
f 819/609/811 823/613/814 824/614/815
f 821/611/812 820/610/811 825/615/816
f 821/611/812 825/615/816 826/616/817
f 821/611/812 826/616/817 827/617/818
f 821/611/812 827/617/818 822/612/813
s 6
f 828/618/819 829/619/820 830/620/821
f 828/618/819 830/620/821 831/621/822
f 832/622/823 831/621/822 830/620/821
f 832/622/823 830/620/821 833/623/824
f 834/624/825 832/622/823 833/623/824
f 834/624/825 833/623/824 835/625/826
f 836/626/827 837/627/828 838/628/826
f 836/626/827 838/628/826 839/629/829
f 840/630/830 836/626/827 839/629/829
f 840/630/830 839/629/829 841/631/831
f 829/619/820 828/618/819 840/630/830
f 829/619/820 840/630/830 841/631/831
f 829/619/820 842/632/832 843/633/833
f 829/619/820 843/633/833 830/620/821
f 830/620/821 843/633/833 844/634/834
f 830/620/821 844/634/834 833/623/824
f 835/625/826 833/623/824 844/634/834
f 835/625/826 844/634/834 845/635/835
f 839/629/829 838/628/826 846/636/835
f 839/629/829 846/636/835 847/637/836
f 839/629/829 847/637/836 848/638/837
f 839/629/829 848/638/837 841/631/831
f 842/632/832 829/619/820 841/631/831
f 842/632/832 841/631/831 848/638/837
f 842/632/832 849/639/838 850/640/839
f 842/632/832 850/640/839 843/633/833
f 844/634/834 843/633/833 850/640/839
f 844/634/834 850/640/839 851/641/840
f 845/635/835 844/634/834 851/641/840
f 845/635/835 851/641/840 852/642/841
f 847/637/836 846/636/835 853/643/842
f 847/637/836 853/643/842 854/644/843
f 847/637/836 854/644/843 855/645/844
f 847/637/836 855/645/844 848/638/837
f 849/639/838 842/632/832 848/638/837
f 849/639/838 848/638/837 855/645/844
f 849/639/838 856/646/845 857/647/846
f 849/639/838 857/647/846 850/640/839
f 850/640/839 857/647/846 858/648/847
f 850/640/839 858/648/847 851/641/840
f 852/642/841 851/641/840 858/648/847
f 852/642/841 858/648/847 859/649/848
f 854/644/843 853/643/842 860/650/849
f 854/644/843 860/650/849 861/651/850
f 855/645/844 854/644/843 861/651/850
f 855/645/844 861/651/850 862/652/851
f 856/646/845 849/639/838 855/645/844
f 856/646/845 855/645/844 862/652/851
s 5
f 863/653/852 864/654/853 865/655/854
f 863/653/852 865/655/854 866/656/855
f 866/656/855 865/655/854 867/657/856
f 866/656/855 867/657/856 868/658/857
f 868/658/857 867/657/856 869/659/858
f 868/658/857 869/659/858 870/660/859
f 871/661/860 872/662/861 873/663/862
f 871/661/860 873/663/862 874/664/863
f 875/665/864 871/661/860 874/664/863
f 875/665/864 874/664/863 876/666/865
f 864/654/853 863/653/852 875/665/864
f 864/654/853 875/665/864 876/666/865
f 864/654/853 877/667/866 878/668/867
f 864/654/853 878/668/867 865/655/854
f 867/657/856 865/655/854 878/668/867
f 867/657/856 878/668/867 879/669/868
f 869/659/858 867/657/856 879/669/868
f 869/659/858 879/669/868 880/670/869
f 874/664/863 873/663/862 881/671/869
f 874/664/863 881/671/869 882/672/870
f 874/664/863 882/672/870 883/673/871
f 874/664/863 883/673/871 876/666/865
f 877/667/866 864/654/853 876/666/865
f 877/667/866 876/666/865 883/673/871
f 877/667/866 884/674/872 885/675/873
f 877/667/866 885/675/873 878/668/867
f 879/669/868 878/668/867 885/675/873
f 879/669/868 885/675/873 886/676/874
f 880/670/869 879/669/868 886/676/874
f 880/670/869 886/676/874 887/677/875
f 882/672/870 881/671/869 888/678/876
f 882/672/870 888/678/876 889/679/877
f 882/672/870 889/679/877 890/680/878
f 882/672/870 890/680/878 883/673/871
f 884/674/872 877/667/866 883/673/871
f 884/674/872 883/673/871 890/680/878
s 6
g EAGLE_ L Toe01_042_50
f 891/681/879 892/682/880 893/683/881
f 891/681/879 893/683/881 894/684/882
f 894/684/882 893/683/881 895/685/883
f 894/684/882 895/685/883 896/686/884
f 897/687/885 896/686/884 895/685/883
f 897/687/885 895/685/883 898/688/886
f 899/689/887 897/687/885 898/688/886
f 899/689/887 898/688/886 900/690/888
f 901/691/889 902/692/890 903/693/891
f 901/691/889 903/693/891 904/694/892
f 892/682/880 891/681/879 904/694/892
f 892/682/880 904/694/892 903/693/891
s 5
f 905/695/893 906/696/894 907/697/895
f 905/695/893 907/697/895 908/698/896
f 909/699/897 910/700/898 911/701/899
f 909/699/897 911/701/899 912/702/900
f 911/701/899 913/703/901 914/704/902
f 911/701/899 914/704/902 912/702/900
s 2
g EAGLE_ L HorseLink_039_47
f 726/516/722 915/705/903 916/706/904
f 726/516/722 916/706/904 727/517/723
f 727/517/723 916/706/904 917/707/905
f 727/517/723 917/707/905 728/518/724
f 729/519/725 728/518/724 917/707/905
f 729/519/725 917/707/905 918/708/906
f 730/520/726 729/519/725 918/708/906
f 730/520/726 918/708/906 919/709/907
f 723/513/719 722/512/718 920/710/908
f 723/513/719 920/710/908 921/711/909
f 724/514/720 723/513/719 921/711/909
f 724/514/720 921/711/909 922/712/910
f 724/514/720 922/712/910 923/713/911
f 724/514/720 923/713/911 725/515/721
f 915/705/903 726/516/722 725/515/721
f 915/705/903 725/515/721 923/713/911
f 54/54/54 923/713/911 922/712/910
g EAGLE_ L Foot_040_48
f 54/54/54 922/712/910 70/70/70
g EAGLE_ L HorseLink_039_47
f 44/44/44 918/708/906 917/707/905
f 44/44/44 917/707/905 924/714/912
f 56/56/56 915/705/903 923/713/911
g EAGLE_ L Foot_040_48
f 56/56/56 923/713/911 54/54/54
g EAGLE_ L HorseLink_039_47
f 917/707/905 916/706/904 925/715/913
f 917/707/905 925/715/913 924/714/912
f 925/715/913 916/706/904 915/705/903
f 925/715/913 915/705/903 56/56/56
f 919/709/907 918/708/906 44/44/44
f 919/709/907 44/44/44 43/43/43
s 3
g EAGLE_ L Foot_040_48
f 926/716/914 927/717/915 928/718/916
f 926/716/914 928/718/916 929/719/917
s 2
g EAGLE_ L HorseLink_039_47
f 921/711/909 920/710/908 930/720/918
f 921/711/909 930/720/918 71/71/71
f 70/70/70 922/712/910 921/711/909
g EAGLE_ L Foot_040_48
f 70/70/70 921/711/909 71/71/71
s 6
g EAGLE_ L Toe0_041_49
f 931/721/919 932/722/920 894/684/882
f 931/721/919 894/684/882 896/686/884
s 5
f 933/723/921 934/724/922 914/704/902
f 933/723/921 914/704/902 935/725/923
f 933/723/921 935/725/923 936/726/924
f 933/723/921 936/726/924 937/727/925
s 2
g EAGLE_ L Foot_040_48
f 52/52/52 54/54/54 70/70/70
f 52/52/52 70/70/70 46/46/46
f 938/728/926 56/56/56 55/55/55
f 938/728/926 55/55/55 97/97/97
s 1
g EAGLE_ Pelvis_03_10
f 939/729/927 631/421/627 632/422/628
f 939/729/927 632/422/628 145/145/142
g EAGLE_ L Thigh_037_45
f 142/142/139 755/545/751 939/729/927
g EAGLE_ Pelvis_03_10
f 142/142/139 939/729/927 145/145/142
s 3
g EAGLE_ L Toe1_044_52
f 940/730/928 941/731/929 942/732/930
f 940/730/928 942/732/930 943/733/931
s 2
g EAGLE_ L Foot_040_48
f 56/56/56 938/728/926 944/734/932
f 56/56/56 944/734/932 925/715/913
s 3
g EAGLE_ L HorseLink_039_47
f 943/733/931 928/718/916 927/717/915
g EAGLE_ L Toe1_044_52
f 943/733/931 927/717/915 940/730/928
s 2
g EAGLE_ L HorseLink_039_47
f 45/45/45 44/44/44 924/714/912
f 45/45/45 924/714/912 945/735/933
f 945/735/933 924/714/912 925/715/913
g EAGLE_ L Foot_040_48
f 945/735/933 925/715/913 944/734/932
f 946/736/934 938/728/926 97/97/97
f 946/736/934 97/97/97 947/737/935
f 938/728/926 946/736/934 948/738/936
f 938/728/926 948/738/936 944/734/932
g EAGLE_ L Toe1_044_52
f 949/739/937 945/735/933 944/734/932
g EAGLE_ L Foot_040_48
f 949/739/937 944/734/932 948/738/936
f 43/43/43 45/45/45 950/740/938
f 43/43/43 950/740/938 951/741/939
s 3
f 926/716/914 929/719/917 60/60/60
f 926/716/914 60/60/60 61/61/61
g EAGLE_ L Toe1_044_52
f 952/742/940 942/732/930 941/731/929
f 952/742/940 941/731/929 953/743/941
s 2
g EAGLE_ L Foot_040_48
f 954/744/942 949/739/937 948/738/936
f 954/744/942 948/738/936 955/745/943
f 956/746/944 957/747/945 954/744/942
f 956/746/944 954/744/942 955/745/943
f 947/737/935 958/748/946 959/749/947
f 947/737/935 959/749/947 946/736/934
f 955/745/943 948/738/936 946/736/934
f 955/745/943 946/736/934 959/749/947
f 64/64/64 956/746/944 955/745/943
f 64/64/64 955/745/943 959/749/947
f 959/749/947 958/748/946 65/65/65
f 959/749/947 65/65/65 64/64/64
f 64/64/64 63/63/63 960/750/948
f 64/64/64 960/750/948 67/67/67
f 961/751/949 957/747/945 956/746/944
f 961/751/949 956/746/944 66/66/66
f 950/740/938 962/752/950 963/753/951
f 950/740/938 963/753/951 951/741/939
f 956/746/944 64/64/64 67/67/67
f 956/746/944 67/67/67 66/66/66
f 72/72/72 964/754/952 965/755/953
f 72/72/72 965/755/953 966/756/954
f 71/71/71 930/720/918 964/754/952
f 71/71/71 964/754/952 72/72/72
f 67/67/67 960/750/948 967/757/955
f 67/67/67 967/757/955 68/68/68
s 6
g EAGLE_ L Toe0_041_49
f 891/681/879 894/684/882 932/722/920
f 891/681/879 932/722/920 968/758/956
s 2
f 76/76/76 47/47/47 69/69/69
g EAGLE_ L Foot_040_48
f 76/76/76 69/69/69 73/73/73
f 73/73/73 72/72/72 966/756/954
f 73/73/73 966/756/954 74/74/74
s 6
g EAGLE_ L Toe0_041_49
f 891/681/879 968/758/956 969/759/957
f 891/681/879 969/759/957 904/694/892
f 904/694/892 969/759/957 970/760/958
f 904/694/892 970/760/958 901/691/889
s 2
f 971/761/959 972/762/960 973/763/961
f 971/761/959 973/763/961 974/764/962
g EAGLE_ L Foot_040_48
f 972/762/960 967/757/955 960/750/948
f 972/762/960 960/750/948 973/763/961
s 5
g EAGLE_ L Toe0_041_49
f 912/702/900 914/704/902 934/724/922
f 912/702/900 934/724/922 975/765/963
s 2
f 49/49/49 48/48/48 976/766/964
f 49/49/49 976/766/964 977/767/965
f 978/768/966 50/50/50 49/49/49
f 978/768/966 49/49/49 977/767/965
s 6
f 931/721/919 896/686/884 897/687/885
f 931/721/919 897/687/885 979/769/967
f 899/689/887 980/770/968 979/769/967
f 899/689/887 979/769/967 897/687/885
s 2
g EAGLE_ L Foot_040_48
f 973/763/961 960/750/948 63/63/63
g EAGLE_ L Toe0_041_49
f 973/763/961 63/63/63 80/80/80
s 5
f 937/727/925 936/726/924 905/695/893
f 937/727/925 905/695/893 981/771/969
s 2
f 81/81/81 53/53/53 982/772/970
f 81/81/81 982/772/970 983/773/971
s 5
f 981/771/969 905/695/893 908/698/896
f 981/771/969 908/698/896 984/774/972
f 909/699/897 912/702/900 975/765/963
f 909/699/897 975/765/963 985/775/973
s 2
f 62/62/62 84/84/84 80/80/80
g EAGLE_ L Foot_040_48
f 62/62/62 80/80/80 63/63/63
g EAGLE_ L Toe0_041_49
f 85/85/85 974/764/962 973/763/961
f 85/85/85 973/763/961 80/80/80
s 1
g EAGLE_ Head_07_14
f 673/463/669 672/462/668 677/467/673
f 673/463/669 677/467/673 986/776/974
f 986/776/974 677/467/673 679/469/675
f 986/776/974 679/469/675 987/777/975
f 675/465/671 674/464/670 987/777/975
f 675/465/671 987/777/975 679/469/675
s 6
g EAGLE_ L Toe02_043_51
f 834/624/825 988/778/976 989/779/977
f 834/624/825 989/779/977 832/622/823
f 990/780/978 991/781/979 898/688/886
f 990/780/978 898/688/886 895/685/883
f 832/622/823 989/779/977 992/782/980
f 832/622/823 992/782/980 831/621/822
f 993/783/981 992/782/980 989/779/977
f 993/783/981 989/779/977 994/784/982
f 994/784/982 991/781/979 990/780/978
f 994/784/982 990/780/978 993/783/981
f 831/621/822 992/782/980 995/785/983
f 831/621/822 995/785/983 828/618/819
f 996/786/984 990/780/978 895/685/883
f 996/786/984 895/685/883 893/683/881
f 993/783/981 990/780/978 996/786/984
f 993/783/981 996/786/984 997/787/985
f 992/782/980 993/783/981 997/787/985
f 992/782/980 997/787/985 995/785/983
f 828/618/819 995/785/983 998/788/986
f 828/618/819 998/788/986 840/630/830
f 996/786/984 893/683/881 892/682/880
f 996/786/984 892/682/880 999/789/987
f 996/786/984 999/789/987 1000/790/988
f 996/786/984 1000/790/988 997/787/985
f 998/788/986 995/785/983 997/787/985
f 998/788/986 997/787/985 1000/790/988
f 999/789/987 892/682/880 903/693/891
f 999/789/987 903/693/891 1001/791/989
f 1002/792/990 1003/793/991 837/627/828
f 1002/792/990 837/627/828 836/626/827
f 840/630/830 998/788/986 1002/792/990
f 840/630/830 1002/792/990 836/626/827
f 1002/792/990 998/788/986 1000/790/988
f 1002/792/990 1000/790/988 1004/794/992
f 1004/794/992 1000/790/988 999/789/987
f 1004/794/992 999/789/987 1001/791/989
f 1001/791/989 903/693/891 902/692/890
f 1001/791/989 902/692/890 1005/795/993
f 994/784/982 989/779/977 988/778/976
f 994/784/982 988/778/976 1006/796/994
f 900/690/888 898/688/886 991/781/979
f 900/690/888 991/781/979 1007/797/995
f 991/781/979 994/784/982 1006/796/994
f 991/781/979 1006/796/994 1007/797/995
f 1008/798/996 1004/794/992 1001/791/989
f 1008/798/996 1001/791/989 1005/795/993
f 1003/793/991 1002/792/990 1004/794/992
f 1003/793/991 1004/794/992 1008/798/996
s 5
g EAGLE_ L Toe01_042_50
f 935/725/923 914/704/902 913/703/901
f 935/725/923 913/703/901 1009/799/997
f 1010/800/998 936/726/924 935/725/923
f 1010/800/998 935/725/923 1009/799/997
f 906/696/894 905/695/893 936/726/924
f 906/696/894 936/726/924 1010/800/998
g EAGLE_ L Toe02_043_51
f 863/653/852 1011/801/999 1012/802/1000
f 863/653/852 1012/802/1000 875/665/864
f 875/665/864 1012/802/1000 1013/803/1001
f 875/665/864 1013/803/1001 871/661/860
f 1014/804/1002 1015/805/1003 913/703/901
f 1014/804/1002 913/703/901 911/701/899
f 1015/805/1003 1014/804/1002 1016/806/1004
f 1015/805/1003 1016/806/1004 1017/807/1005
f 1013/803/1001 1012/802/1000 1017/807/1005
f 1013/803/1001 1017/807/1005 1016/806/1004
f 1014/804/1002 911/701/899 910/700/898
f 1014/804/1002 910/700/898 1018/808/1006
f 871/661/860 1013/803/1001 1019/809/1007
f 871/661/860 1019/809/1007 872/662/861
f 1019/809/1007 1013/803/1001 1016/806/1004
f 1019/809/1007 1016/806/1004 1020/810/1008
f 1020/810/1008 1016/806/1004 1014/804/1002
f 1020/810/1008 1014/804/1002 1018/808/1006
f 870/660/859 1021/811/1009 1022/812/1010
f 870/660/859 1022/812/1010 868/658/857
f 1023/813/1011 907/697/895 906/696/894
f 1023/813/1011 906/696/894 1024/814/1012
f 1025/815/1013 1023/813/1011 1024/814/1012
f 1025/815/1013 1024/814/1012 1026/816/1014
f 1021/811/1009 1025/815/1013 1026/816/1014
f 1021/811/1009 1026/816/1014 1022/812/1010
f 1024/814/1012 906/696/894 1010/800/998
f 1024/814/1012 1010/800/998 1027/817/1015
f 1028/818/1016 1011/801/999 863/653/852
f 1028/818/1016 863/653/852 866/656/855
f 866/656/855 868/658/857 1022/812/1010
f 866/656/855 1022/812/1010 1028/818/1016
f 1026/816/1014 1024/814/1012 1027/817/1015
f 1026/816/1014 1027/817/1015 1029/819/1017
f 1029/819/1017 1028/818/1016 1022/812/1010
f 1029/819/1017 1022/812/1010 1026/816/1014
f 1009/799/997 913/703/901 1015/805/1003
f 1009/799/997 1015/805/1003 1030/820/1018
f 1030/820/1018 1015/805/1003 1017/807/1005
f 1030/820/1018 1017/807/1005 1031/821/1019
f 1027/817/1015 1010/800/998 1009/799/997
f 1027/817/1015 1009/799/997 1030/820/1018
f 1031/821/1019 1029/819/1017 1027/817/1015
f 1031/821/1019 1027/817/1015 1030/820/1018
f 1031/821/1019 1011/801/999 1028/818/1016
f 1031/821/1019 1028/818/1016 1029/819/1017
f 1017/807/1005 1012/802/1000 1011/801/999
f 1017/807/1005 1011/801/999 1031/821/1019
s 2
g EAGLE_ L Foot_040_48
f 65/65/65 958/748/946 1032/822/1020
g EAGLE_ L Toe0_041_49
f 65/65/65 1032/822/1020 87/87/87
f 84/84/84 62/62/62 65/65/65
f 84/84/84 65/65/65 87/87/87
f 81/81/81 983/773/971 1033/823/1021
f 81/81/81 1033/823/1021 82/82/82
s 4
f 1034/824/1022 1035/825/1023 90/90/90
f 1034/824/1022 90/90/90 93/93/93
f 91/91/91 1036/826/1024 1037/827/1025
f 91/91/91 1037/827/1025 92/92/92
f 1038/828/1026 93/93/93 92/92/92
f 1038/828/1026 92/92/92 1037/827/1025
s 2
f 1039/829/1027 1032/822/1020 958/748/946
g EAGLE_ L Foot_040_48
f 1039/829/1027 958/748/946 947/737/935
s 4
g EAGLE_ L Toe0_041_49
f 96/96/96 1040/830/1028 1041/831/1029
f 96/96/96 1041/831/1029 94/94/94
f 94/94/94 1042/832/1030 1043/833/1031
f 94/94/94 1043/833/1031 95/95/95
s 2
g EAGLE_ L Foot_040_48
f 1039/829/1027 947/737/935 97/97/97
f 1039/829/1027 97/97/97 98/98/98
s 4
g EAGLE_ L Toe0_041_49
f 94/94/94 1041/831/1029 1044/834/1032
f 94/94/94 1044/834/1032 1042/832/1030
s 3
g EAGLE_ L Toe12_046_54
f 766/556/762 765/555/761 1045/835/1033
f 766/556/762 1045/835/1033 1046/836/1034
f 766/556/762 1046/836/1034 1047/837/1035
f 766/556/762 1047/837/1035 767/557/763
f 1047/837/1035 1046/836/1034 1048/838/1036
f 1047/837/1035 1048/838/1036 1049/839/1037
f 767/557/763 1047/837/1035 1050/840/1038
f 767/557/763 1050/840/1038 769/559/765
f 1050/840/1038 1047/837/1035 1049/839/1037
f 1050/840/1038 1049/839/1037 1051/841/1039
f 772/562/767 1052/842/1040 1053/843/1041
f 772/562/767 1053/843/1041 773/563/768
f 1054/844/1042 1053/843/1041 1052/842/1040
f 1054/844/1042 1052/842/1040 1055/845/1043
f 1056/846/1044 1045/835/1033 765/555/761
f 1056/846/1044 765/555/761 776/566/771
f 776/566/771 773/563/768 1053/843/1041
f 776/566/771 1053/843/1041 1056/846/1044
f 1053/843/1041 1054/844/1042 1057/847/1045
f 1053/843/1041 1057/847/1045 1056/846/1044
f 1048/838/1036 1046/836/1034 1045/835/1033
f 1048/838/1036 1045/835/1033 1058/848/1046
f 1058/848/1046 1045/835/1033 1056/846/1044
f 1058/848/1046 1056/846/1044 1057/847/1045
f 1059/849/1047 1060/850/1048 60/60/60
g EAGLE_ L Foot_040_48
f 1059/849/1047 60/60/60 929/719/917
g EAGLE_ L Toe12_046_54
f 1054/844/1042 1061/851/1049 1062/852/1050
f 1054/844/1042 1062/852/1050 1057/847/1045
f 1061/851/1049 1054/844/1042 1055/845/1043
f 1061/851/1049 1055/845/1043 1063/853/1051
f 60/60/60 1060/850/1048 1064/854/1052
g EAGLE_ L Toe1_044_52
f 60/60/60 1064/854/1052 57/57/57
g EAGLE_ L Toe12_046_54
f 1065/855/1053 1064/854/1052 1060/850/1048
f 1065/855/1053 1060/850/1048 1066/856/1054
f 1065/855/1053 1066/856/1054 1061/851/1049
f 1065/855/1053 1061/851/1049 1063/853/1051
f 1067/857/1055 1068/858/1056 1051/841/1039
f 1067/857/1055 1051/841/1039 1049/839/1037
f 952/742/940 1069/859/1057 1070/860/1058
g EAGLE_ L Toe11_045_53
f 952/742/940 1070/860/1058 942/732/930
g EAGLE_ L Toe12_046_54
f 1071/861/1059 1070/860/1058 1069/859/1057
f 1071/861/1059 1069/859/1057 1072/862/1060
f 1071/861/1059 1072/862/1060 1068/858/1056
f 1071/861/1059 1068/858/1056 1067/857/1055
f 1073/863/1061 1067/857/1055 1049/839/1037
f 1073/863/1061 1049/839/1037 1048/838/1036
g EAGLE_ L Toe11_045_53
f 942/732/930 1070/860/1058 1074/864/1062
f 942/732/930 1074/864/1062 943/733/931
g EAGLE_ L Toe12_046_54
f 1075/865/1063 1074/864/1062 1070/860/1058
f 1075/865/1063 1070/860/1058 1071/861/1059
f 1071/861/1059 1067/857/1055 1073/863/1061
f 1071/861/1059 1073/863/1061 1075/865/1063
f 1057/847/1045 1062/852/1050 1076/866/1064
f 1057/847/1045 1076/866/1064 1058/848/1046
f 1077/867/1065 1059/849/1047 929/719/917
g EAGLE_ L Toe11_045_53
f 1077/867/1065 929/719/917 928/718/916
f 943/733/931 1074/864/1062 1077/867/1065
f 943/733/931 1077/867/1065 928/718/916
g EAGLE_ L Toe12_046_54
f 1073/863/1061 1048/838/1036 1058/848/1046
f 1073/863/1061 1058/848/1046 1076/866/1064
f 1078/868/1066 1077/867/1065 1074/864/1062
f 1078/868/1066 1074/864/1062 1075/865/1063
f 1060/850/1048 1059/849/1047 1079/869/1067
f 1060/850/1048 1079/869/1067 1066/856/1054
f 1059/849/1047 1077/867/1065 1078/868/1066
f 1059/849/1047 1078/868/1066 1079/869/1067
f 1062/852/1050 1061/851/1049 1066/856/1054
f 1062/852/1050 1066/856/1054 1079/869/1067
f 1076/866/1064 1062/852/1050 1079/869/1067
f 1076/866/1064 1079/869/1067 1078/868/1066
f 1075/865/1063 1073/863/1061 1076/866/1064
f 1075/865/1063 1076/866/1064 1078/868/1066
s 4
g EAGLE_ L Toe0_041_49
f 1080/870/1068 1035/825/1023 1034/824/1022
f 1080/870/1068 1034/824/1022 1081/871/1069
f 1040/830/1028 96/96/96 1080/870/1068
f 1040/830/1028 1080/870/1068 1081/871/1069
g EAGLE_ L Toe02_043_51
f 1082/872/1070 806/596/800 807/597/801
f 1082/872/1070 807/597/801 1083/873/1071
f 1083/873/1071 807/597/801 812/602/805
f 1083/873/1071 812/602/805 1084/874/1072
f 812/602/805 817/607/809 1085/875/1073
f 812/602/805 1085/875/1073 1084/874/1072
f 817/607/809 822/612/813 1086/876/1074
f 817/607/809 1086/876/1074 1085/875/1073
f 822/612/813 827/617/818 1087/877/1075
f 822/612/813 1087/877/1075 1086/876/1074
f 1088/878/1076 1082/872/1070 1083/873/1071
f 1088/878/1076 1083/873/1071 1089/879/1077
f 799/589/794 798/588/793 1088/878/1076
f 799/589/794 1088/878/1076 1089/879/1077
f 1089/879/1077 1083/873/1071 1084/874/1072
f 1089/879/1077 1084/874/1072 1090/880/1078
f 808/598/802 799/589/794 1089/879/1077
f 808/598/802 1089/879/1077 1090/880/1078
f 1090/880/1078 1084/874/1072 1085/875/1073
f 1090/880/1078 1085/875/1073 1091/881/1079
f 1091/881/1079 1085/875/1073 1086/876/1074
f 1091/881/1079 1086/876/1074 1092/882/1080
f 1091/881/1079 813/603/806 808/598/802
f 1091/881/1079 808/598/802 1090/880/1078
f 1092/882/1080 818/608/810 813/603/806
f 1092/882/1080 813/603/806 1091/881/1079
f 1086/876/1074 1087/877/1075 1093/883/1081
f 1086/876/1074 1093/883/1081 1092/882/1080
f 823/613/814 818/608/810 1092/882/1080
f 823/613/814 1092/882/1080 1093/883/1081
g EAGLE_ L Toe01_042_50
f 1041/831/1029 1094/884/1082 1095/885/1083
g EAGLE_ L Toe0_041_49
f 1041/831/1029 1095/885/1083 1044/834/1032
g EAGLE_ L Toe01_042_50
f 1038/828/1026 1096/886/1084 1097/887/1085
g EAGLE_ L Toe0_041_49
f 1038/828/1026 1097/887/1085 93/93/93
g EAGLE_ L Toe01_042_50
f 1096/886/1084 1098/888/1086 1099/889/1087
f 1096/886/1084 1099/889/1087 1097/887/1085
g EAGLE_ L Toe0_041_49
f 1034/824/1022 93/93/93 1097/887/1085
g EAGLE_ L Toe01_042_50
f 1034/824/1022 1097/887/1085 1100/890/1088
f 1100/890/1088 1097/887/1085 1099/889/1087
f 1100/890/1088 1099/889/1087 1101/891/1089
f 1081/871/1069 1034/824/1022 1100/890/1088
f 1081/871/1069 1100/890/1088 1102/892/1090
f 1102/892/1090 1100/890/1088 1101/891/1089
f 1102/892/1090 1101/891/1089 1103/893/1091
g EAGLE_ L Toe0_041_49
f 1094/884/1082 1041/831/1029 1040/830/1028
g EAGLE_ L Toe01_042_50
f 1094/884/1082 1040/830/1028 1104/894/1092
f 1081/871/1069 1102/892/1090 1104/894/1092
f 1081/871/1069 1104/894/1092 1040/830/1028
f 1105/895/1093 1095/885/1083 1094/884/1082
f 1105/895/1093 1094/884/1082 1106/896/1094
f 1102/892/1090 1103/893/1091 1107/897/1095
f 1102/892/1090 1107/897/1095 1104/894/1092
f 1106/896/1094 1094/884/1082 1104/894/1092
f 1106/896/1094 1104/894/1092 1107/897/1095
g EAGLE_ L Toe02_043_51
f 798/588/793 1108/898/1096 1109/899/1097
f 798/588/793 1109/899/1097 1088/878/1076
f 1082/872/1070 1088/878/1076 1109/899/1097
f 1082/872/1070 1109/899/1097 1110/900/1098
g EAGLE_ L Toe01_042_50
f 1111/901/1099 1107/897/1095 1103/893/1091
g EAGLE_ L Toe02_043_51
f 1111/901/1099 1103/893/1091 1112/902/1100
f 1111/901/1099 1112/902/1100 1113/903/1101
f 1111/901/1099 1113/903/1101 1114/904/1102
f 1110/900/1098 1109/899/1097 1114/904/1102
f 1110/900/1098 1114/904/1102 1113/903/1101
f 806/596/800 1082/872/1070 1110/900/1098
f 806/596/800 1110/900/1098 1115/905/1103
f 1116/906/1104 1112/902/1100 1103/893/1091
f 1116/906/1104 1103/893/1091 1101/891/1089
f 1112/902/1100 1116/906/1104 1117/907/1105
f 1112/902/1100 1117/907/1105 1113/903/1101
f 1115/905/1103 1110/900/1098 1113/903/1101
f 1115/905/1103 1113/903/1101 1117/907/1105
f 806/596/800 1115/905/1103 1118/908/1106
f 806/596/800 1118/908/1106 805/595/799
f 1119/909/1107 1116/906/1104 1101/891/1089
f 1119/909/1107 1101/891/1089 1099/889/1087
f 1116/906/1104 1119/909/1107 1120/910/1108
f 1116/906/1104 1120/910/1108 1117/907/1105
f 1118/908/1106 1115/905/1103 1117/907/1105
f 1118/908/1106 1117/907/1105 1120/910/1108
f 1108/898/1096 798/588/793 801/591/796
f 1108/898/1096 801/591/796 1121/911/1109
f 805/595/799 1118/908/1106 1122/912/1110
f 805/595/799 1122/912/1110 802/592/796
f 1122/912/1110 1118/908/1106 1120/910/1108
f 1122/912/1110 1120/910/1108 1123/913/1111
f 1124/914/1112 1119/909/1107 1099/889/1087
f 1124/914/1112 1099/889/1087 1098/888/1086
f 1123/913/1111 1120/910/1108 1119/909/1107
f 1123/913/1111 1119/909/1107 1124/914/1112
f 1107/897/1095 1111/901/1099 1125/915/1113
g EAGLE_ L Toe01_042_50
f 1107/897/1095 1125/915/1113 1106/896/1094
g EAGLE_ L Toe02_043_51
f 1111/901/1099 1114/904/1102 1126/916/1114
f 1111/901/1099 1126/916/1114 1125/915/1113
f 1125/915/1113 1127/917/1115 1105/895/1093
g EAGLE_ L Toe01_042_50
f 1125/915/1113 1105/895/1093 1106/896/1094
g EAGLE_ L Toe02_043_51
f 1128/918/1116 1127/917/1115 1125/915/1113
f 1128/918/1116 1125/915/1113 1126/916/1114
f 1114/904/1102 1109/899/1097 1108/898/1096
f 1114/904/1102 1108/898/1096 1126/916/1114
f 1126/916/1114 1108/898/1096 1121/911/1109
f 1126/916/1114 1121/911/1109 1128/918/1116
s 3
g EAGLE_ L Toe12_046_54
f 104/104/104 791/581/786 793/583/788
f 104/104/104 793/583/788 106/106/106
f 791/581/786 104/104/104 103/103/103
f 791/581/786 103/103/103 792/582/787
f 103/103/103 105/105/105 797/587/792
f 103/103/103 797/587/792 792/582/787
s 4
g EAGLE_ L Toe02_043_51
f 109/109/109 108/108/108 823/613/814
f 109/109/109 823/613/814 1093/883/1081
f 109/109/109 1093/883/1081 1087/877/1075
f 109/109/109 1087/877/1075 113/113/112
f 113/113/112 1087/877/1075 827/617/818
f 113/113/112 827/617/818 114/114/113
f 114/114/113 827/617/818 826/616/817
f 114/114/113 826/616/817 111/111/111
f 824/614/815 823/613/814 108/108/108
f 824/614/815 108/108/108 110/110/110
f 112/112/110 111/111/111 826/616/817
f 112/112/110 826/616/817 825/615/816
s 5
f 886/676/874 885/675/873 122/122/120
f 886/676/874 122/122/120 120/120/119
f 122/122/120 885/675/873 884/674/872
f 122/122/120 884/674/872 118/118/117
f 118/118/117 884/674/872 890/680/878
f 118/118/117 890/680/878 116/116/115
f 116/116/115 890/680/878 889/679/877
f 116/116/115 889/679/877 117/117/116
f 887/677/875 886/676/874 120/120/119
f 887/677/875 120/120/119 119/119/118
f 121/121/118 117/117/116 889/679/877
f 121/121/118 889/679/877 888/678/876
s 6
f 126/126/124 130/130/122 859/649/848
f 126/126/124 859/649/848 858/648/847
f 126/126/124 858/648/847 857/647/846
f 126/126/124 857/647/846 127/127/125
f 127/127/125 857/647/846 856/646/845
f 127/127/125 856/646/845 128/128/126
f 128/128/126 856/646/845 862/652/851
f 128/128/126 862/652/851 129/129/127
f 861/651/850 860/650/849 124/124/122
f 861/651/850 124/124/122 123/123/121
f 123/123/121 129/129/127 862/652/851
f 123/123/121 862/652/851 861/651/850
s 1
g EAGLE_ Neck_05_12
f 1129/919/1117 596/386/592 597/387/593
f 1129/919/1117 597/387/593 617/407/613
f 620/410/616 593/383/589 595/385/591
f 620/410/616 595/385/591 1130/920/1118
f 1130/920/1118 595/385/591 596/386/592
f 1130/920/1118 596/386/592 1129/919/1117
f 1131/921/1119 621/411/617 620/410/616
g EAGLE_ Spine_04_11
f 1131/921/1119 620/410/616 1132/922/1120
g EAGLE_ Neck_05_12
f 620/410/616 1130/920/1118 1133/923/1121
f 620/410/616 1133/923/1121 1132/922/1120
f 1134/924/1122 1130/920/1118 1129/919/1117
g EAGLE_ L UpperArm_017_25
f 1134/924/1122 1129/919/1117 1135/925/1123
g EAGLE_ Spine_04_11
f 617/407/613 616/406/612 622/412/618
g EAGLE_ Neck_05_12
f 617/407/613 622/412/618 1136/926/1124
f 1135/925/1123 1129/919/1117 617/407/613
g EAGLE_ L UpperArm_017_25
f 1135/925/1123 617/407/613 1136/926/1124
g EAGLE_ Spine_04_11
f 131/131/128 1136/926/1124 622/412/618
f 131/131/128 622/412/618 132/132/129
f 623/413/619 624/414/620 133/133/130
f 623/413/619 133/133/130 132/132/129
f 624/414/620 759/549/755 137/135/132
f 624/414/620 137/135/132 133/133/130
f 140/140/137 136/134/131 138/136/133
f 140/140/137 138/136/133 141/141/138
g EAGLE_ L UpperArm_017_25
f 1133/923/1121 1130/920/1118 1134/924/1122
f 1133/923/1121 1134/924/1122 1137/927/1125
f 1133/923/1121 1137/927/1125 437/228/433
f 1133/923/1121 437/228/433 439/230/435
g EAGLE_ Spine_04_11
f 1138/928/1126 1131/921/1119 1132/922/1120
f 1138/928/1126 1132/922/1120 1139/929/1127
f 1139/929/1127 1132/922/1120 1133/923/1121
g EAGLE_ L UpperArm_017_25
f 1139/929/1127 1133/923/1121 439/230/435
g EAGLE_ Pelvis_03_10
f 149/149/146 1140/930/1128 438/229/434
f 149/149/146 438/229/434 147/147/144
f 1141/931/1129 632/422/628 633/423/629
f 1141/931/1129 633/423/629 1142/932/1130
f 142/142/139 145/145/142 144/144/141
f 142/142/139 144/144/141 140/140/137
f 143/143/140 145/145/142 632/422/628
f 143/143/140 632/422/628 1141/931/1129
f 1143/933/1131 1144/934/1132 1140/930/1128
f 1143/933/1131 1140/930/1128 149/149/146
f 1143/933/1131 149/149/146 146/146/143
f 1143/933/1131 146/146/143 1145/935/1133
s 8
g Eagle_ TailL_024_32
f 1146/936/1134 159/159/156 150/150/147
g EAGLE_ Tail_026_34
f 1146/936/1134 150/150/147 158/158/155
s 1
g Eagle_ TailL_024_32
f 1147/937/1135 1141/931/1129 1142/932/1130
g EAGLE_ Tail_026_34
f 1147/937/1135 1142/932/1130 1148/938/1136
s 9
f 164/164/161 171/171/168 1149/939/1137
f 164/164/161 1149/939/1137 162/162/159
s 1
g Eagle_ TailL_024_32
f 169/169/166 143/143/140 1141/931/1129
f 169/169/166 1141/931/1129 1147/937/1135
g EAGLE_ Queue de cheval 1_08_15
f 645/435/641 644/434/640 1150/940/1138
f 645/435/641 1150/940/1138 649/439/645
s 10
f 1151/941/1139 1152/942/1140 175/175/172
f 1151/941/1139 175/175/172 1153/943/1141
f 1152/942/1140 1154/944/1142 173/173/170
f 1152/942/1140 173/173/170 175/175/172
s 1
f 1150/940/1138 644/434/640 643/433/639
f 1150/940/1138 643/433/639 1155/945/1143
s 10
f 1156/946/1144 173/173/170 1154/944/1142
f 1156/946/1144 1154/944/1142 1157/947/1143
s 1
f 643/433/639 642/432/638 1158/948/1145
f 643/433/639 1158/948/1145 1155/945/1143
f 642/432/638 641/431/637 1159/949/1146
f 642/432/638 1159/949/1146 1158/948/1145
f 641/431/637 640/430/636 1160/950/1147
f 641/431/637 1160/950/1147 1159/949/1146
s 10
f 1161/951/1148 174/174/171 173/173/170
f 1161/951/1148 173/173/170 1162/952/1149
f 1162/952/1149 173/173/170 1156/946/1144
f 1162/952/1149 1156/946/1144 1163/953/1150
f 1157/947/1143 1164/954/1151 1165/955/1152
f 1157/947/1143 1165/955/1152 1156/946/1144
f 1162/952/1149 1163/953/1150 1166/956/1153
f 1162/952/1149 1166/956/1153 1161/951/1148
f 1163/953/1150 1156/946/1144 1165/955/1152
f 1163/953/1150 1165/955/1152 1167/957/1154
f 1168/958/1155 1166/956/1153 1163/953/1150
f 1168/958/1155 1163/953/1150 1167/957/1154
f 1169/959/1156 1165/955/1152 1164/954/1151
f 1169/959/1156 1164/954/1151 1170/960/1157
f 1167/957/1154 1165/955/1152 1169/959/1156
f 1167/957/1154 1169/959/1156 1171/961/1158
f 1172/962/1159 1168/958/1155 1167/957/1154
f 1172/962/1159 1167/957/1154 1171/961/1158
f 221/221/218 1172/962/1159 1171/961/1158
f 221/221/218 1171/961/1158 207/207/204
f 176/176/173 1169/959/1156 1170/960/1157
f 176/176/173 1170/960/1157 177/177/174
f 1171/961/1158 1169/959/1156 176/176/173
f 1171/961/1158 176/176/173 207/207/204
s 1
f 640/430/636 639/429/635 1173/963/1160
f 640/430/636 1173/963/1160 1160/950/1147
f 639/429/635 638/428/634 1174/964/1161
f 639/429/635 1174/964/1161 1173/963/1160
g EAGLE_ Head_07_14
f 638/428/634 637/427/633 1175/965/1162
f 638/428/634 1175/965/1162 1174/964/1161
f 444/234/440 443/233/439 182/182/179
f 444/234/440 182/182/179 191/191/188
f 1176/966/1163 462/252/458 464/254/460
f 1176/966/1163 464/254/460 188/188/185
f 462/252/458 1176/966/1163 1177/967/1164
f 462/252/458 1177/967/1164 460/250/456
f 460/250/456 1177/967/1164 1178/968/1165
f 460/250/456 1178/968/1165 457/247/453
f 455/245/451 457/247/453 1178/968/1165
f 455/245/451 1178/968/1165 185/185/182
f 467/257/463 444/234/440 191/191/188
f 467/257/463 191/191/188 190/190/187
f 453/243/449 455/245/451 185/185/182
f 453/243/449 185/185/182 184/184/181
f 204/204/201 186/186/183 185/185/182
f 204/204/201 185/185/182 1178/968/1165
f 204/204/201 1178/968/1165 1177/967/1164
f 204/204/201 1177/967/1164 205/205/202
f 205/205/202 1177/967/1164 1176/966/1163
f 205/205/202 1176/966/1163 194/194/191
f 194/194/191 1176/966/1163 188/188/185
f 194/194/191 188/188/185 187/187/184
f 188/188/185 464/254/460 466/256/462
f 188/188/185 466/256/462 189/189/186
f 189/189/186 466/256/462 467/257/463
f 189/189/186 467/257/463 190/190/187
f 192/192/189 191/191/188 182/182/179
f 192/192/189 182/182/179 181/181/178
f 452/242/448 453/243/449 184/184/181
f 452/242/448 184/184/181 202/202/199
f 452/242/448 202/202/199 197/197/194
f 452/242/448 197/197/194 450/240/446
f 183/183/180 448/238/444 450/240/446
f 183/183/180 450/240/446 197/197/194
f 182/182/179 443/233/439 448/238/444
f 182/182/179 448/238/444 183/183/180
f 193/193/190 187/187/184 189/189/186
f 193/193/190 189/189/186 206/206/203
f 195/195/192 206/206/203 189/189/186
f 195/195/192 189/189/186 190/190/187
f 196/196/193 181/181/178 183/183/180
f 196/196/193 183/183/180 198/198/195
f 198/198/195 197/197/194 202/202/199
f 198/198/195 202/202/199 200/200/197
f 203/203/200 205/205/202 194/194/191
f 203/203/200 194/194/191 193/193/190
f 201/201/198 186/186/183 204/204/201
f 201/201/198 204/204/201 203/203/200
f 1175/965/1162 637/427/633 636/426/632
f 1175/965/1162 636/426/632 1179/969/1166
f 1179/969/1166 636/426/632 634/424/630
f 1179/969/1166 634/424/630 1180/970/1167
f 634/424/630 635/425/631 1181/971/1168
f 634/424/630 1181/971/1168 1180/970/1167
f 635/425/631 651/441/647 1182/972/1169
f 635/425/631 1182/972/1169 1181/971/1168
f 1182/972/1169 651/441/647 687/477/683
f 1182/972/1169 687/477/683 1183/973/1170
f 1183/973/1170 687/477/683 688/478/684
f 1183/973/1170 688/478/684 1184/974/1171
f 1185/975/1172 1184/974/1171 688/478/684
f 1185/975/1172 688/478/684 689/479/685
f 1186/976/1173 1185/975/1172 689/479/685
f 1186/976/1173 689/479/685 690/480/686
f 1186/976/1173 690/480/686 691/481/687
f 1186/976/1173 691/481/687 1187/977/1174
f 1187/977/1174 691/481/687 692/482/688
f 1187/977/1174 692/482/688 1188/978/1175
s 10
f 1189/979/1176 1190/980/1170 1191/981/1177
f 1189/979/1176 1191/981/1177 1192/982/1178
f 1193/983/1179 1189/979/1176 1192/982/1178
f 1193/983/1179 1192/982/1178 1194/984/1180
f 1192/982/1178 1191/981/1177 1195/985/1181
f 1192/982/1178 1195/985/1181 215/215/212
f 216/216/213 215/215/212 1195/985/1181
f 216/216/213 1195/985/1181 1196/986/1182
f 216/216/213 1196/986/1182 1197/987/1183
f 216/216/213 1197/987/1183 217/217/214
f 217/217/214 1197/987/1183 211/211/208
f 217/217/214 211/211/208 210/210/207
s 1
f 1198/988/1184 1188/978/1175 692/482/688
f 1198/988/1184 692/482/688 693/483/689
f 693/483/689 694/484/690 1199/989/1185
f 693/483/689 1199/989/1185 1198/988/1184
s 10
f 212/212/209 1200/990/1185 1201/991/1186
f 212/212/209 1201/991/1186 213/213/210
f 214/214/211 217/217/214 210/210/207
f 214/214/211 210/210/207 213/213/210
f 214/214/211 213/213/210 1201/991/1186
f 214/214/211 1201/991/1186 1202/992/1187
f 1202/992/1187 1203/993/1188 1194/984/1180
f 1202/992/1187 1194/984/1180 214/214/211
f 1194/984/1180 1192/982/1178 215/215/212
f 1194/984/1180 215/215/212 214/214/211
f 1204/994/1189 1205/995/1169 1190/980/1170
f 1204/994/1189 1190/980/1170 1189/979/1176
f 1206/996/1190 1207/997/1191 1205/995/1169
f 1206/996/1190 1205/995/1169 1204/994/1189
f 1208/998/1192 1209/999/1193 1207/997/1191
f 1208/998/1192 1207/997/1191 1206/996/1190
f 218/218/215 209/209/206 1209/999/1193
f 218/218/215 1209/999/1193 1208/998/1192
f 179/179/176 218/218/215 223/223/220
f 179/179/176 223/223/220 219/219/216
f 218/218/215 1208/998/1192 1210/1000/1194
f 218/218/215 1210/1000/1194 223/223/220
f 1211/1001/1195 224/224/221 223/223/220
f 1211/1001/1195 223/223/220 1210/1000/1194
f 1210/1000/1194 1208/998/1192 1206/996/1190
f 1210/1000/1194 1206/996/1190 1212/1002/1196
f 1212/1002/1196 1206/996/1190 1204/994/1189
f 1212/1002/1196 1204/994/1189 1213/1003/1197
f 1189/979/1176 1193/983/1179 1213/1003/1197
f 1189/979/1176 1213/1003/1197 1204/994/1189
f 1193/983/1179 1194/984/1180 1203/993/1188
f 1193/983/1179 1203/993/1188 1214/1004/1198
f 1213/1003/1197 1193/983/1179 1214/1004/1198
f 1213/1003/1197 1214/1004/1198 1215/1005/1199
f 1211/1001/1195 1210/1000/1194 1212/1002/1196
f 1211/1001/1195 1212/1002/1196 1216/1006/1200
f 1216/1006/1200 1212/1002/1196 1213/1003/1197
f 1216/1006/1200 1213/1003/1197 1215/1005/1199
s 16
g EAGLE_ L Toe12_046_54
f 1217/105/1201 1218/101/1201 1219/586/1201
f 1217/105/1201 1219/586/1201 1220/587/1201
s 17
f 1221/101/1202 1222/100/1202 1223/585/1202
f 1221/101/1202 1223/585/1202 1224/586/1203
s 18
f 1225/106/1204 1226/583/1205 1227/584/1204
f 1225/106/1204 1227/584/1204 1228/225/1204
s 1
g EAGLE_ Head_07_14
f 1229/233/1206 1230/236/1207 1231/235/1208
f 1229/233/1206 1231/235/1208 1232/234/1209
f 1233/237/1210 1230/236/1207 1229/233/1206
f 1233/237/1210 1229/233/1206 1234/238/1211
f 1235/239/1212 1233/237/1210 1234/238/1211
f 1235/239/1212 1234/238/1211 1236/240/1213
f 1237/241/1214 1235/239/1212 1236/240/1213
f 1237/241/1214 1236/240/1213 1238/242/1215
f 1239/243/1216 1240/244/1217 1237/241/1214
f 1239/243/1216 1237/241/1214 1238/242/1215
f 1241/245/1218 1242/246/1219 1240/244/1217
f 1241/245/1218 1240/244/1217 1239/243/1216
f 1243/247/1220 1244/248/1221 1242/246/1219
f 1243/247/1220 1242/246/1219 1241/245/1218
f 1245/249/1222 1244/248/1221 1243/247/1220
f 1245/249/1222 1243/247/1220 1246/250/1223
f 1247/251/1224 1245/249/1222 1246/250/1223
f 1247/251/1224 1246/250/1223 1248/252/1225
f 1249/253/1226 1247/251/1224 1248/252/1225
f 1249/253/1226 1248/252/1225 1250/254/1227
f 1251/255/1228 1249/253/1226 1250/254/1227
f 1251/255/1228 1250/254/1227 1252/256/1229
f 1231/235/1208 1253/258/1230 1254/257/1231
f 1231/235/1208 1254/257/1231 1232/234/1209
f 1254/257/1231 1253/258/1230 1251/255/1228
f 1254/257/1231 1251/255/1228 1252/256/1229
f 1231/235/1208 1255/260/1232 1256/259/1233
f 1231/235/1208 1256/259/1233 1253/258/1230
f 1256/259/1233 1257/262/1234 1258/261/1235
f 1256/259/1233 1258/261/1235 1253/258/1230
f 1258/261/1235 1259/263/1236 1251/255/1228
f 1258/261/1235 1251/255/1228 1253/258/1230
f 1259/263/1236 1260/264/1237 1249/253/1226
f 1259/263/1236 1249/253/1226 1251/255/1228
f 1260/264/1237 1261/265/1238 1247/251/1224
f 1260/264/1237 1247/251/1224 1249/253/1226
f 1261/265/1238 1262/266/1239 1245/249/1222
f 1261/265/1238 1245/249/1222 1247/251/1224
f 1262/266/1239 1263/267/1240 1244/248/1221
f 1262/266/1239 1244/248/1221 1245/249/1222
f 1263/267/1240 1264/268/1241 1242/246/1219
f 1263/267/1240 1242/246/1219 1244/248/1221
f 1242/246/1219 1264/268/1241 1265/269/1242
f 1242/246/1219 1265/269/1242 1240/244/1217
f 1240/244/1217 1265/269/1242 1266/270/1243
f 1240/244/1217 1266/270/1243 1237/241/1214
f 1266/270/1243 1267/271/1244 1235/239/1212
f 1266/270/1243 1235/239/1212 1237/241/1214
f 1267/271/1244 1268/272/1245 1233/237/1210
f 1267/271/1244 1233/237/1210 1235/239/1212
f 1230/236/1207 1269/273/1246 1255/260/1232
f 1230/236/1207 1255/260/1232 1231/235/1208
f 1268/272/1245 1269/273/1246 1230/236/1207
f 1268/272/1245 1230/236/1207 1233/237/1210
f 241/15/237 228/2/224 1267/271/1244
f 241/15/237 1267/271/1244 1266/270/1243
g EAGLE_ Queue de cheval 1_08_15
f 1270/274/1247 246/20/242 486/276/482
f 1270/274/1247 486/276/482 485/275/481
g EAGLE_ Head_07_14
f 227/3/223 1271/277/1248 1269/273/1246
f 227/3/223 1269/273/1246 1268/272/1245
f 228/2/224 227/3/223 1268/272/1245
f 228/2/224 1268/272/1245 1267/271/1244
f 1272/278/1249 1273/279/1250 227/3/223
f 1272/278/1249 227/3/223 226/1/222
f 1271/277/1248 227/3/223 1273/279/1250
f 1271/277/1248 1273/279/1250 1274/280/1251
f 1274/280/1251 1273/279/1250 259/34/255
f 1274/280/1251 259/34/255 1275/281/1252
f 1275/281/1252 259/34/255 235/10/231
f 1275/281/1252 235/10/231 231/5/227
f 230/6/226 237/13/233 1275/281/1252
f 230/6/226 1275/281/1252 231/5/227
f 238/12/234 237/13/233 230/6/226
f 238/12/234 230/6/226 232/7/228
f 492/282/488 1276/285/1253 1277/284/1254
f 492/282/488 1277/284/1254 493/283/489
f 1276/285/1253 1278/288/1255 1279/287/1256
f 1276/285/1253 1279/287/1256 1280/286/1257
f 239/14/235 241/15/237 1266/270/1243
f 239/14/235 1266/270/1243 1265/269/1242
f 1281/289/1258 239/14/235 1265/269/1242
f 1281/289/1258 1265/269/1242 1264/268/1241
f 1282/290/1259 1264/268/1241 1263/267/1240
f 1282/290/1259 1263/267/1240 1283/291/1260
f 1282/290/1259 1284/292/1261 1281/289/1258
f 1282/290/1259 1281/289/1258 1264/268/1241
f 503/293/499 1278/288/1255 1276/285/1253
f 503/293/499 1276/285/1253 492/282/488
f 1279/287/1256 1285/294/1262 1258/261/1235
f 1279/287/1256 1258/261/1235 1257/262/1234
f 1286/295/1263 1285/294/1262 1279/287/1256
f 1286/295/1263 1279/287/1256 1278/288/1255
f 1285/294/1262 1287/296/1264 1259/263/1236
f 1285/294/1262 1259/263/1236 1258/261/1235
f 1286/295/1263 1288/297/1265 1287/296/1264
f 1286/295/1263 1287/296/1264 1285/294/1262
f 1287/296/1264 1289/298/1266 1260/264/1237
f 1287/296/1264 1260/264/1237 1259/263/1236
f 1290/299/1267 1288/297/1265 1286/295/1263
f 1290/299/1267 1286/295/1263 1278/288/1255
f 503/293/499 510/300/506 1290/299/1267
f 503/293/499 1290/299/1267 1278/288/1255
f 1288/297/1265 1291/301/1268 1289/298/1266
f 1288/297/1265 1289/298/1266 1287/296/1264
f 1289/298/1266 1292/302/1269 1261/265/1238
f 1289/298/1266 1261/265/1238 1260/264/1237
f 1290/299/1267 1293/303/1270 1291/301/1268
f 1290/299/1267 1291/301/1268 1288/297/1265
f 514/304/510 1293/303/1270 1290/299/1267
f 514/304/510 1290/299/1267 510/300/506
f 515/305/511 1294/306/1271 1293/303/1270
f 515/305/511 1293/303/1270 514/304/510
f 1293/303/1270 1294/306/1271 1295/307/1272
f 1293/303/1270 1295/307/1272 1291/301/1268
f 1291/301/1268 1295/307/1272 1292/302/1269
f 1291/301/1268 1292/302/1269 1289/298/1266
f 1296/308/1273 1294/306/1271 515/305/511
f 1296/308/1273 515/305/511 519/309/515
f 1297/310/1274 1295/307/1272 1294/306/1271
f 1297/310/1274 1294/306/1271 1296/308/1273
f 519/309/515 521/311/517 258/32/254
f 519/309/515 258/32/254 1296/308/1273
f 1262/266/1239 1298/312/1275 1283/291/1260
f 1262/266/1239 1283/291/1260 1263/267/1240
f 1292/302/1269 1298/312/1275 1262/266/1239
f 1292/302/1269 1262/266/1239 1261/265/1238
f 1295/307/1272 1297/310/1274 1298/312/1275
f 1295/307/1272 1298/312/1275 1292/302/1269
f 1257/262/1234 1299/313/1276 1280/286/1257
f 1257/262/1234 1280/286/1257 1279/287/1256
f 237/13/233 242/17/238 1274/280/1251
f 237/13/233 1274/280/1251 1275/281/1252
f 1300/314/1277 1277/284/1254 1276/285/1253
f 1300/314/1277 1276/285/1253 1280/286/1257
f 1277/284/1254 243/18/239 525/315/521
f 1277/284/1254 525/315/521 493/283/489
f 243/18/239 236/11/232 526/316/522
f 243/18/239 526/316/522 525/315/521
f 1255/260/1232 1301/318/1278 1302/317/1279
f 1255/260/1232 1302/317/1279 1256/259/1233
f 1269/273/1246 1271/277/1248 1301/318/1278
f 1269/273/1246 1301/318/1278 1255/260/1232
f 1274/280/1251 242/17/238 1301/318/1278
f 1274/280/1251 1301/318/1278 1271/277/1248
f 1300/314/1277 1303/319/1280 243/18/239
f 1300/314/1277 243/18/239 1277/284/1254
f 1302/317/1279 1299/313/1276 1257/262/1234
f 1302/317/1279 1257/262/1234 1256/259/1233
f 1303/319/1280 1299/313/1276 1302/317/1279
f 1303/319/1280 1302/317/1279 1301/318/1278
f 1299/313/1276 1303/319/1280 1300/314/1277
f 1299/313/1276 1300/314/1277 1280/286/1257
f 1303/319/1280 1301/318/1278 242/17/238
f 1303/319/1280 242/17/238 243/18/239
g EAGLE_ Queue de cheval 1_08_15
f 1304/320/1281 244/19/240 246/20/242
f 1304/320/1281 246/20/242 1270/274/1247
f 1305/321/1282 244/19/240 1304/320/1281
f 1305/321/1282 1304/320/1281 1306/322/1283
f 1307/323/1284 1305/321/1282 1306/322/1283
f 1307/323/1284 1306/322/1283 1308/324/1285
f 1309/325/1286 1307/323/1284 1308/324/1285
f 1309/325/1286 1308/324/1285 1310/326/1287
f 1311/327/1288 1309/325/1286 1310/326/1287
f 1311/327/1288 1310/326/1287 1312/328/1289
f 1313/329/1290 1314/330/1291 1309/325/1286
f 1313/329/1290 1309/325/1286 1311/327/1288
f 541/331/537 543/333/539 1315/332/1292
f 541/331/537 1315/332/1292 1314/330/1291
f 1314/330/1291 1315/332/1292 1307/323/1284
f 1314/330/1291 1307/323/1284 1309/325/1286
f 246/20/242 245/21/241 544/334/540
f 246/20/242 544/334/540 486/276/482
f 545/335/541 544/334/540 245/21/241
f 545/335/541 245/21/241 1316/336/1293
f 1316/336/1293 245/21/241 244/19/240
f 1316/336/1293 244/19/240 1305/321/1282
f 545/335/541 1316/336/1293 1315/332/1292
f 545/335/541 1315/332/1292 543/333/539
f 1315/332/1292 1316/336/1293 1305/321/1282
f 1315/332/1292 1305/321/1282 1307/323/1284
f 1314/330/1291 1313/329/1290 547/337/543
f 1314/330/1291 547/337/543 541/331/537
f 1317/338/1294 1311/327/1288 1312/328/1289
f 1317/338/1294 1312/328/1289 1318/339/1295
f 1319/340/1296 1320/341/1297 240/16/236
g EAGLE_ Head_07_14
f 1319/340/1296 240/16/236 239/14/235
f 239/14/235 1281/289/1258 1321/342/1298
f 239/14/235 1321/342/1298 1319/340/1296
f 1284/292/1261 1322/343/1299 1321/342/1298
f 1284/292/1261 1321/342/1298 1281/289/1258
g EAGLE_ Queue de cheval 1_08_15
f 1318/339/1295 1320/341/1297 1323/344/1300
f 1318/339/1295 1323/344/1300 1317/338/1294
f 1319/340/1296 1324/345/1301 1323/344/1300
f 1319/340/1296 1323/344/1300 1320/341/1297
f 1311/327/1288 1317/338/1294 1325/346/1302
f 1311/327/1288 1325/346/1302 1313/329/1290
f 557/347/553 547/337/543 1313/329/1290
f 557/347/553 1313/329/1290 1325/346/1302
f 1326/348/1303 559/349/555 557/347/553
f 1326/348/1303 557/347/553 1325/346/1302
f 1327/350/1304 1325/346/1302 1317/338/1294
f 1327/350/1304 1317/338/1294 1323/344/1300
f 1328/351/1305 1327/350/1304 1323/344/1300
f 1328/351/1305 1323/344/1300 1324/345/1301
f 1325/346/1302 1327/350/1304 1328/351/1305
f 1325/346/1302 1328/351/1305 1326/348/1303
f 1324/345/1301 1329/353/1306 1330/352/1307
f 1324/345/1301 1330/352/1307 1328/351/1305
g EAGLE_ Head_07_14
f 1319/340/1296 1321/342/1298 1329/353/1306
g EAGLE_ Queue de cheval 1_08_15
f 1319/340/1296 1329/353/1306 1324/345/1301
g EAGLE_ Head_07_14
f 1321/342/1298 1322/343/1299 1331/354/1308
g EAGLE_ Queue de cheval 1_08_15
f 1321/342/1298 1331/354/1308 1329/353/1306
f 1329/353/1306 1331/354/1308 1332/355/1309
f 1329/353/1306 1332/355/1309 1330/352/1307
f 1328/351/1305 1330/352/1307 1333/356/1310
f 1328/351/1305 1333/356/1310 1326/348/1303
f 1326/348/1303 1333/356/1310 567/357/563
f 1326/348/1303 567/357/563 559/349/555
g EAGLE_ Head_07_14
f 1296/308/1273 258/32/254 257/33/253
f 1296/308/1273 257/33/253 1297/310/1274
f 1297/310/1274 257/33/253 255/29/251
f 1297/310/1274 255/29/251 1298/312/1275
f 255/29/251 254/30/250 1283/291/1260
f 255/29/251 1283/291/1260 1298/312/1275
f 254/30/250 252/26/248 1282/290/1259
f 254/30/250 1282/290/1259 1283/291/1260
f 252/26/248 251/27/247 1284/292/1261
f 252/26/248 1284/292/1261 1282/290/1259
f 251/27/247 249/23/245 1322/343/1299
f 251/27/247 1322/343/1299 1284/292/1261
g EAGLE_ Neck1_06_13
f 1322/343/1299 249/23/245 248/24/244
f 1322/343/1299 248/24/244 1331/354/1308
f 1331/354/1308 248/24/244 1334/358/1311
f 1331/354/1308 1334/358/1311 1332/355/1309
g EAGLE_ Queue de cheval 1_08_15
f 1335/359/1312 1333/356/1310 1330/352/1307
f 1335/359/1312 1330/352/1307 1332/355/1309
f 1335/359/1312 570/360/566 567/357/563
f 1335/359/1312 567/357/563 1333/356/1310
g EAGLE_ Neck1_06_13
f 248/24/244 247/22/243 1336/361/1313
f 248/24/244 1336/361/1313 1334/358/1311
f 251/27/247 250/25/246 247/22/243
f 251/27/247 247/22/243 249/23/245
g EAGLE_ Head_07_14
f 253/28/249 250/25/246 252/26/248
f 253/28/249 252/26/248 254/30/250
f 257/33/253 256/31/252 253/28/249
f 257/33/253 253/28/249 255/29/251
f 572/362/568 256/31/252 258/32/254
f 572/362/568 258/32/254 521/311/517
f 572/362/568 574/364/570 1337/363/1314
f 572/362/568 1337/363/1314 256/31/252
f 1337/363/1314 1338/365/1315 253/28/249
f 1337/363/1314 253/28/249 256/31/252
g EAGLE_ Neck1_06_13
f 1338/365/1315 1339/366/1316 250/25/246
g EAGLE_ Head_07_14
f 1338/365/1315 250/25/246 253/28/249
g EAGLE_ Neck1_06_13
f 1339/366/1316 1340/367/1317 247/22/243
f 1339/366/1316 247/22/243 250/25/246
f 1340/367/1317 1341/368/1318 1336/361/1313
f 1340/367/1317 1336/361/1313 247/22/243
g EAGLE_ Queue de cheval 1_08_15
f 1335/359/1312 1342/370/1319 579/369/575
f 1335/359/1312 579/369/575 570/360/566
g EAGLE_ Neck1_06_13
f 1342/370/1319 1335/359/1312 1332/355/1309
f 1342/370/1319 1332/355/1309 1334/358/1311
f 1334/358/1311 1336/361/1313 1343/371/1320
f 1334/358/1311 1343/371/1320 1342/370/1319
f 1341/368/1318 1344/372/1321 1343/371/1320
f 1341/368/1318 1343/371/1320 1336/361/1313
f 1342/370/1319 1343/371/1320 583/373/579
f 1342/370/1319 583/373/579 579/369/575
f 584/374/580 583/373/579 1343/371/1320
f 584/374/580 1343/371/1320 1344/372/1321
g EAGLE_ Neck_05_12
f 1345/375/1322 586/376/582 584/374/580
f 1345/375/1322 584/374/580 1344/372/1321
f 1346/377/1323 1345/375/1322 1344/372/1321
f 1346/377/1323 1344/372/1321 1341/368/1318
f 1347/378/1324 1346/377/1323 1341/368/1318
f 1347/378/1324 1341/368/1318 1340/367/1317
g EAGLE_ Neck1_06_13
f 1348/379/1325 1349/380/1326 1339/366/1316
f 1348/379/1325 1339/366/1316 1338/365/1315
g EAGLE_ Neck_05_12
f 1349/380/1326 1347/378/1324 1340/367/1317
g EAGLE_ Neck1_06_13
f 1349/380/1326 1340/367/1317 1339/366/1316
f 1350/381/1327 1348/379/1325 1338/365/1315
f 1350/381/1327 1338/365/1315 1337/363/1314
f 592/382/588 1350/381/1327 1337/363/1314
f 592/382/588 1337/363/1314 574/364/570
g EAGLE_ Neck_05_12
f 592/382/588 594/384/590 1351/383/1328
f 592/382/588 1351/383/1328 1350/381/1327
f 1351/383/1328 1352/385/1329 1348/379/1325
f 1351/383/1328 1348/379/1325 1350/381/1327
f 1352/385/1329 1353/386/1330 1349/380/1326
f 1352/385/1329 1349/380/1326 1348/379/1325
f 1353/386/1330 1354/387/1331 1347/378/1324
f 1353/386/1330 1347/378/1324 1349/380/1326
f 1347/378/1324 1354/387/1331 1355/388/1332
f 1347/378/1324 1355/388/1332 1346/377/1323
f 1345/375/1322 1356/390/1333 599/389/595
f 1345/375/1322 599/389/595 586/376/582
f 1355/388/1332 1356/390/1333 1345/375/1322
f 1355/388/1332 1345/375/1322 1346/377/1323
g EAGLE_ Spine_04_11
f 1357/391/1334 602/392/598 599/389/595
f 1357/391/1334 599/389/595 1356/390/1333
f 1357/391/1334 1358/394/1335 603/393/599
f 1357/391/1334 603/393/599 602/392/598
f 1359/395/1336 606/396/602 603/393/599
f 1359/395/1336 603/393/599 1358/394/1335
f 1360/397/1337 608/398/604 606/396/602
f 1360/397/1337 606/396/602 1359/395/1336
f 1361/399/1338 610/400/606 608/398/604
f 1361/399/1338 608/398/604 1360/397/1337
f 1362/401/1339 1357/391/1334 1356/390/1333
f 1362/401/1339 1356/390/1333 1363/402/1340
f 1362/401/1339 1364/403/1341 1358/394/1335
f 1362/401/1339 1358/394/1335 1357/391/1334
f 1364/403/1341 1365/404/1342 1359/395/1336
f 1364/403/1341 1359/395/1336 1358/394/1335
f 1366/405/1343 1360/397/1337 1359/395/1336
f 1366/405/1343 1359/395/1336 1365/404/1342
f 1355/388/1332 1367/406/1344 1363/402/1340
f 1355/388/1332 1363/402/1340 1356/390/1333
g EAGLE_ Neck_05_12
f 1354/387/1331 1368/407/1345 1367/406/1344
f 1354/387/1331 1367/406/1344 1355/388/1332
g EAGLE_ Spine_04_11
f 1369/408/1346 1362/401/1339 1363/402/1340
f 1369/408/1346 1363/402/1340 1367/406/1344
f 1369/408/1346 1370/409/1347 1364/403/1341
f 1369/408/1346 1364/403/1341 1362/401/1339
g EAGLE_ Neck_05_12
f 594/384/590 621/411/617 1371/410/1348
f 594/384/590 1371/410/1348 1351/383/1328
g EAGLE_ Spine_04_11
f 1372/412/1349 1370/409/1347 1369/408/1346
f 1372/412/1349 1369/408/1346 1367/406/1344
f 1373/413/1350 1365/404/1342 1364/403/1341
f 1373/413/1350 1364/403/1341 1370/409/1347
f 1374/414/1351 1366/405/1343 1365/404/1342
f 1374/414/1351 1365/404/1342 1373/413/1350
f 356/132/352 1373/413/1350 1370/409/1347
f 356/132/352 1370/409/1347 1372/412/1349
f 1375/415/1352 1361/399/1338 1360/397/1337
f 1375/415/1352 1360/397/1337 1366/405/1343
f 1376/416/1353 627/417/623 610/400/606
f 1376/416/1353 610/400/606 1361/399/1338
f 1377/418/1354 629/419/625 627/417/623
f 1377/418/1354 627/417/623 1376/416/1353
g EAGLE_ Pelvis_03_10
f 1377/418/1354 1378/421/1355 630/420/626
g EAGLE_ Spine_04_11
f 1377/418/1354 630/420/626 629/419/625
g EAGLE_ Pelvis_03_10
f 1379/422/1356 633/423/629 630/420/626
f 1379/422/1356 630/420/626 1378/421/1355
g EAGLE_ Head_07_14
f 1380/424/1357 1381/425/1358 1272/278/1249
f 1380/424/1357 1272/278/1249 226/1/222
f 228/2/224 1382/426/1359 1380/424/1357
f 228/2/224 1380/424/1357 226/1/222
f 228/2/224 241/15/237 1383/427/1360
f 228/2/224 1383/427/1360 1382/426/1359
f 241/15/237 240/16/236 1384/428/1361
f 241/15/237 1384/428/1361 1383/427/1360
g EAGLE_ Queue de cheval 1_08_15
f 1320/341/1297 1385/429/1362 1384/428/1361
f 1320/341/1297 1384/428/1361 240/16/236
f 1318/339/1295 1386/430/1363 1385/429/1362
f 1318/339/1295 1385/429/1362 1320/341/1297
f 1312/328/1289 1387/431/1364 1386/430/1363
f 1312/328/1289 1386/430/1363 1318/339/1295
f 1312/328/1289 1310/326/1287 1388/432/1365
f 1312/328/1289 1388/432/1365 1387/431/1364
f 1310/326/1287 1308/324/1285 1389/433/1366
f 1310/326/1287 1389/433/1366 1388/432/1365
f 1306/322/1283 1390/434/1367 1389/433/1366
f 1306/322/1283 1389/433/1366 1308/324/1285
f 1304/320/1281 1391/435/1368 1390/434/1367
f 1304/320/1281 1390/434/1367 1306/322/1283
f 1270/274/1247 1392/436/1369 1391/435/1368
f 1270/274/1247 1391/435/1368 1304/320/1281
f 485/275/481 647/437/643 1392/436/1369
f 485/275/481 1392/436/1369 1270/274/1247
f 1393/438/1370 1394/439/1371 1391/435/1368
f 1393/438/1370 1391/435/1368 1392/436/1369
f 1392/436/1369 647/437/643 650/440/646
f 1392/436/1369 650/440/646 1393/438/1370
g EAGLE_ Head_07_14
f 261/36/257 259/34/255 1273/279/1250
f 261/36/257 1273/279/1250 1272/278/1249
f 1381/425/1358 1395/441/1372 261/36/257
f 1381/425/1358 261/36/257 1272/278/1249
f 260/35/256 263/38/259 234/9/230
f 260/35/256 234/9/230 235/10/231
f 262/37/258 260/35/256 261/36/257
f 262/37/258 261/36/257 1396/442/1373
f 232/7/228 233/8/229 264/39/260
f 232/7/228 264/39/260 238/12/234
f 263/38/259 264/39/260 233/8/229
f 263/38/259 233/8/229 234/9/230
f 1397/443/1374 262/37/258 1396/442/1373
f 1397/443/1374 1396/442/1373 1398/444/1375
f 1399/445/1376 1400/448/1377 1401/447/1378
f 1399/445/1376 1401/447/1378 1402/446/1379
f 659/449/655 660/450/656 1399/445/1376
f 659/449/655 1399/445/1376 1402/446/1379
f 1403/451/1380 264/39/260 263/38/259
f 1403/451/1380 263/38/259 262/37/258
f 236/11/232 265/40/261 41/41/41
f 236/11/232 41/41/41 526/316/522
f 1404/452/1381 265/40/261 264/39/260
f 1404/452/1381 264/39/260 1403/451/1380
f 265/40/261 1404/452/1381 663/453/659
f 265/40/261 663/453/659 42/42/42
f 262/37/258 1397/443/1374 1405/454/1382
f 262/37/258 1405/454/1382 1403/451/1380
f 1404/452/1381 1406/456/1383 665/455/661
f 1404/452/1381 665/455/661 663/453/659
f 1406/456/1383 1404/452/1381 1403/451/1380
f 1406/456/1383 1403/451/1380 1405/454/1382
f 1400/448/1377 1399/445/1376 1407/458/1384
f 1400/448/1377 1407/458/1384 1408/457/1385
f 1399/445/1376 660/450/656 669/459/665
f 1399/445/1376 669/459/665 1407/458/1384
f 670/460/666 1409/461/1386 1407/458/1384
f 670/460/666 1407/458/1384 669/459/665
f 1408/457/1385 1407/458/1384 1409/461/1386
f 1408/457/1385 1409/461/1386 1410/462/1387
f 1409/461/1386 670/460/666 673/463/669
f 1409/461/1386 673/463/669 1410/462/1387
f 1406/456/1383 1411/465/1388 674/464/670
f 1406/456/1383 674/464/670 665/455/661
f 1405/454/1382 1412/466/1389 1411/465/1388
f 1405/454/1382 1411/465/1388 1406/456/1383
f 1413/467/1390 1414/468/1391 1408/457/1385
f 1413/467/1390 1408/457/1385 1410/462/1387
f 1412/466/1389 1415/470/1392 1416/469/1393
f 1412/466/1389 1416/469/1393 1411/465/1388
f 1416/469/1393 1415/470/1392 1414/468/1391
f 1416/469/1393 1414/468/1391 1413/467/1390
f 1397/443/1374 1417/471/1394 1412/466/1389
f 1397/443/1374 1412/466/1389 1405/454/1382
f 1414/468/1391 1418/472/1395 1400/448/1377
f 1414/468/1391 1400/448/1377 1408/457/1385
f 1414/468/1391 1415/470/1392 1419/473/1396
f 1414/468/1391 1419/473/1396 1418/472/1395
f 1417/471/1394 1419/473/1396 1415/470/1392
f 1417/471/1394 1415/470/1392 1412/466/1389
f 1400/448/1377 1418/472/1395 1420/474/1397
f 1400/448/1377 1420/474/1397 1401/447/1378
f 1398/444/1375 1421/475/1398 1417/471/1394
f 1398/444/1375 1417/471/1394 1397/443/1374
f 1421/475/1398 1422/476/1399 1419/473/1396
f 1421/475/1398 1419/473/1396 1417/471/1394
f 1422/476/1399 1420/474/1397 1418/472/1395
f 1422/476/1399 1418/472/1395 1419/473/1396
f 1423/477/1400 1396/442/1373 261/36/257
f 1423/477/1400 261/36/257 1395/441/1372
f 1423/477/1400 1424/478/1401 1398/444/1375
f 1423/477/1400 1398/444/1375 1396/442/1373
f 1424/478/1401 1425/479/1402 1421/475/1398
f 1424/478/1401 1421/475/1398 1398/444/1375
f 1425/479/1402 1426/480/1403 1422/476/1399
f 1425/479/1402 1422/476/1399 1421/475/1398
f 1426/480/1403 1427/481/1404 1420/474/1397
f 1426/480/1403 1420/474/1397 1422/476/1399
f 1427/481/1404 1428/482/1405 1401/447/1378
f 1427/481/1404 1401/447/1378 1420/474/1397
f 1428/482/1405 1429/483/1406 1402/446/1379
f 1428/482/1405 1402/446/1379 1401/447/1378
f 694/484/690 659/449/655 1402/446/1379
f 694/484/690 1402/446/1379 1429/483/1406
s 11
g EAGLE_ R HorseLink_029_37
f 1430/485/1407 1431/488/1408 1432/487/1409
g EAGLE_ R Calf_028_36
f 1430/485/1407 1432/487/1409 1433/486/1410
g EAGLE_ R HorseLink_029_37
f 1434/489/1411 1435/490/1412 1431/488/1408
g EAGLE_ R Calf_028_36
f 1434/489/1411 1431/488/1408 1430/485/1407
f 1434/489/1411 1436/492/1413 1437/491/1414
g EAGLE_ R HorseLink_029_37
f 1434/489/1411 1437/491/1414 1435/490/1412
g EAGLE_ R Calf_028_36
f 1436/492/1413 1438/494/1415 1439/493/1416
f 1436/492/1413 1439/493/1416 1437/491/1414
f 1438/494/1415 1440/496/1417 1441/495/1418
f 1438/494/1415 1441/495/1418 1439/493/1416
f 1440/496/1417 1442/498/1419 1443/497/1420
f 1440/496/1417 1443/497/1420 1441/495/1418
f 1444/499/1421 1445/500/1422 1443/497/1420
f 1444/499/1421 1443/497/1420 1442/498/1419
f 1445/500/1422 1444/499/1421 1446/502/1423
f 1445/500/1422 1446/502/1423 1447/501/1424
g EAGLE_ R HorseLink_029_37
f 1431/488/1408 1448/504/1425 1449/503/1426
f 1431/488/1408 1449/503/1426 1432/487/1409
f 1435/490/1412 1450/505/1427 1448/504/1425
f 1435/490/1412 1448/504/1425 1431/488/1408
f 1435/490/1412 1437/491/1414 1451/506/1428
f 1435/490/1412 1451/506/1428 1450/505/1427
f 1437/491/1414 1439/493/1416 1452/507/1429
f 1437/491/1414 1452/507/1429 1451/506/1428
f 1439/493/1416 1441/495/1418 1453/508/1430
f 1439/493/1416 1453/508/1430 1452/507/1429
f 1441/495/1418 1443/497/1420 1454/509/1431
f 1441/495/1418 1454/509/1431 1453/508/1430
f 1445/500/1422 1455/510/1432 1454/509/1431
f 1445/500/1422 1454/509/1431 1443/497/1420
f 1455/510/1432 1445/500/1422 1447/501/1424
f 1455/510/1432 1447/501/1424 1456/511/1433
f 1448/504/1425 1457/513/1434 1458/512/1435
f 1448/504/1425 1458/512/1435 1449/503/1426
f 1450/505/1427 1459/514/1436 1457/513/1434
f 1450/505/1427 1457/513/1434 1448/504/1425
f 1450/505/1427 1451/506/1428 1460/515/1437
f 1450/505/1427 1460/515/1437 1459/514/1436
f 1451/506/1428 1452/507/1429 1461/516/1438
f 1451/506/1428 1461/516/1438 1460/515/1437
f 1452/507/1429 1453/508/1430 1462/517/1439
f 1452/507/1429 1462/517/1439 1461/516/1438
f 1453/508/1430 1454/509/1431 1463/518/1440
f 1453/508/1430 1463/518/1440 1462/517/1439
f 1455/510/1432 1464/519/1441 1463/518/1440
f 1455/510/1432 1463/518/1440 1454/509/1431
f 1464/519/1441 1455/510/1432 1456/511/1433
f 1464/519/1441 1456/511/1433 1465/520/1442
g EAGLE_ R Calf_028_36
f 1440/496/1417 1466/522/1443 1467/521/1444
f 1440/496/1417 1467/521/1444 1442/498/1419
f 1434/489/1411 1430/485/1407 1468/524/1445
f 1434/489/1411 1468/524/1445 1469/523/1446
f 1470/525/1447 1471/528/1448 1472/527/1449
f 1470/525/1447 1472/527/1449 1473/526/1450
f 1430/485/1407 1433/486/1410 1474/529/1451
f 1430/485/1407 1474/529/1451 1468/524/1445
f 1468/524/1445 1474/529/1451 1471/528/1448
f 1468/524/1445 1471/528/1448 1470/525/1447
f 1467/521/1444 1475/530/1452 1444/499/1421
f 1467/521/1444 1444/499/1421 1442/498/1419
f 1476/531/1453 1477/534/1454 1478/533/1455
g EAGLE_ Pelvis_03_10
f 1476/531/1453 1478/533/1455 1479/532/1456
g EAGLE_ R Calf_028_36
f 1477/534/1454 1475/530/1452 1467/521/1444
f 1477/534/1454 1467/521/1444 1478/533/1455
f 1480/535/1457 1477/534/1454 1476/531/1453
f 1480/535/1457 1476/531/1453 1481/536/1458
f 1482/537/1459 1475/530/1452 1477/534/1454
f 1482/537/1459 1477/534/1454 1480/535/1457
f 1446/502/1423 1444/499/1421 1475/530/1452
f 1446/502/1423 1475/530/1452 1482/537/1459
f 1470/525/1447 1483/538/1460 1469/523/1446
f 1470/525/1447 1469/523/1446 1468/524/1445
f 1484/539/1461 1436/492/1413 1434/489/1411
f 1484/539/1461 1434/489/1411 1469/523/1446
f 1485/540/1462 1438/494/1415 1436/492/1413
f 1485/540/1462 1436/492/1413 1484/539/1461
f 1438/494/1415 1485/540/1462 1466/522/1443
f 1438/494/1415 1466/522/1443 1440/496/1417
g EAGLE_ R Thigh_027_35
f 1479/532/1456 1478/533/1455 1486/542/1463
f 1479/532/1456 1486/542/1463 1487/541/1464
g EAGLE_ R Calf_028_36
f 1466/522/1443 1486/542/1463 1478/533/1455
f 1466/522/1443 1478/533/1455 1467/521/1444
f 1485/540/1462 1488/543/1465 1486/542/1463
f 1485/540/1462 1486/542/1463 1466/522/1443
g EAGLE_ R Thigh_027_35
f 1488/543/1465 1489/544/1466 1487/541/1464
g EAGLE_ R Calf_028_36
f 1488/543/1465 1487/541/1464 1486/542/1463
s 1
g EAGLE_ R Thigh_027_35
f 1490/545/1467 1491/546/1468 362/141/358
f 1490/545/1467 362/141/358 361/142/357
s 11
g EAGLE_ R Calf_028_36
f 1483/538/1460 1492/547/1469 1484/539/1461
f 1483/538/1460 1484/539/1461 1469/523/1446
f 1492/547/1469 1488/543/1465 1485/540/1462
f 1492/547/1469 1485/540/1462 1484/539/1461
s 1
g EAGLE_ R Thigh_027_35
f 1491/546/1468 1493/548/1470 358/136/354
f 1491/546/1468 358/136/354 362/141/358
g EAGLE_ Spine_04_11
f 1494/549/1471 1375/415/1352 1366/405/1343
f 1494/549/1471 1366/405/1343 1374/414/1351
s 11
g EAGLE_ R Calf_028_36
f 1473/526/1450 1495/550/1472 1483/538/1460
f 1473/526/1450 1483/538/1460 1470/525/1447
s 1
g EAGLE_ Spine_04_11
f 1496/551/1473 1376/416/1353 1361/399/1338
f 1496/551/1473 1361/399/1338 1375/415/1352
f 1493/548/1470 1496/551/1473 1375/415/1352
f 1493/548/1470 1375/415/1352 1494/549/1471
s 11
g EAGLE_ R Calf_028_36
f 1495/550/1472 1497/552/1474 1492/547/1469
f 1495/550/1472 1492/547/1469 1483/538/1460
f 1488/543/1465 1492/547/1469 1497/552/1474
f 1488/543/1465 1497/552/1474 1489/544/1466
s 1
g EAGLE_ Spine_04_11
f 358/136/354 1493/548/1470 1494/549/1471
f 358/136/354 1494/549/1471 359/135/355
s 12
g EAGLE_ R Toe12_036_44
f 1498/553/1475 1499/556/1476 1500/555/1477
f 1498/553/1475 1500/555/1477 1501/554/1478
f 1498/553/1475 1502/558/1479 1503/557/1480
f 1498/553/1475 1503/557/1480 1499/556/1476
f 1502/558/1479 1504/560/1481 1505/559/1482
f 1502/558/1479 1505/559/1482 1503/557/1480
f 1506/561/1481 1507/564/1483 1508/563/1484
f 1506/561/1481 1508/563/1484 1509/562/1485
f 1510/565/1486 1511/566/1487 1508/563/1484
f 1510/565/1486 1508/563/1484 1507/564/1483
f 1511/566/1487 1510/565/1486 1501/554/1478
f 1511/566/1487 1501/554/1478 1500/555/1477
f 1512/567/1488 1498/553/1475 1501/554/1478
f 1512/567/1488 1501/554/1478 1513/568/1489
f 1512/567/1488 1514/569/1490 1502/558/1479
f 1512/567/1488 1502/558/1479 1498/553/1475
f 1514/569/1490 1515/570/1491 1504/560/1481
f 1514/569/1490 1504/560/1481 1502/558/1479
f 1516/571/1492 1517/572/1493 1507/564/1483
f 1516/571/1492 1507/564/1483 1506/561/1481
f 1518/573/1494 1510/565/1486 1507/564/1483
f 1518/573/1494 1507/564/1483 1517/572/1493
f 1510/565/1486 1518/573/1494 1513/568/1489
f 1510/565/1486 1513/568/1489 1501/554/1478
f 1519/574/1495 1512/567/1488 1513/568/1489
f 1519/574/1495 1513/568/1489 1520/575/1496
f 1521/576/1497 1514/569/1490 1512/567/1488
f 1521/576/1497 1512/567/1488 1519/574/1495
f 1521/576/1497 1522/577/1498 1515/570/1491
f 1521/576/1497 1515/570/1491 1514/569/1490
f 1523/578/1499 1524/579/1500 1517/572/1493
f 1523/578/1499 1517/572/1493 1516/571/1492
f 1524/579/1500 1525/580/1501 1518/573/1494
f 1524/579/1500 1518/573/1494 1517/572/1493
f 1518/573/1494 1525/580/1501 1520/575/1496
f 1518/573/1494 1520/575/1496 1513/568/1489
f 1526/581/1502 1519/574/1495 1520/575/1496
f 1526/581/1502 1520/575/1496 1527/582/1503
f 1528/583/1504 1521/576/1497 1519/574/1495
f 1528/583/1504 1519/574/1495 1526/581/1502
f 1528/583/1504 1529/584/1505 1522/577/1498
f 1528/583/1504 1522/577/1498 1521/576/1497
f 1530/585/1506 1531/586/1507 1524/579/1500
f 1530/585/1506 1524/579/1500 1523/578/1499
f 1531/586/1507 1532/587/1508 1525/580/1501
f 1531/586/1507 1525/580/1501 1524/579/1500
f 1520/575/1496 1525/580/1501 1532/587/1508
f 1520/575/1496 1532/587/1508 1527/582/1503
s 13
g EAGLE_ R Toe02_033_41
f 1533/588/1509 1534/591/1510 1535/590/1511
f 1533/588/1509 1535/590/1511 1536/589/1512
f 1537/592/1510 1538/595/1513 1539/594/1514
f 1537/592/1510 1539/594/1514 1540/593/1515
f 1541/596/1516 1542/597/1517 1539/594/1514
f 1541/596/1516 1539/594/1514 1538/595/1513
f 1535/590/1511 1543/599/1518 1544/598/1519
f 1535/590/1511 1544/598/1519 1536/589/1512
f 1540/593/1515 1539/594/1514 1545/601/1520
f 1540/593/1515 1545/601/1520 1546/600/1518
f 1539/594/1514 1542/597/1517 1547/602/1521
f 1539/594/1514 1547/602/1521 1545/601/1520
f 1543/599/1518 1548/604/1522 1549/603/1523
f 1543/599/1518 1549/603/1523 1544/598/1519
f 1546/600/1518 1545/601/1520 1550/606/1524
f 1546/600/1518 1550/606/1524 1551/605/1525
f 1545/601/1520 1547/602/1521 1552/607/1526
f 1545/601/1520 1552/607/1526 1550/606/1524
f 1548/604/1522 1553/609/1527 1554/608/1528
f 1548/604/1522 1554/608/1528 1549/603/1523
f 1550/606/1524 1555/611/1529 1556/610/1527
f 1550/606/1524 1556/610/1527 1551/605/1525
f 1550/606/1524 1552/607/1526 1557/612/1530
f 1550/606/1524 1557/612/1530 1555/611/1529
f 1553/609/1527 1558/614/1531 1559/613/1532
f 1553/609/1527 1559/613/1532 1554/608/1528
f 1555/611/1529 1560/616/1533 1561/615/1531
f 1555/611/1529 1561/615/1531 1556/610/1527
f 1555/611/1529 1557/612/1530 1562/617/1534
f 1555/611/1529 1562/617/1534 1560/616/1533
s 15
f 1563/618/1535 1564/621/1536 1565/620/1537
f 1563/618/1535 1565/620/1537 1566/619/1538
f 1567/622/1539 1568/623/1540 1565/620/1537
f 1567/622/1539 1565/620/1537 1564/621/1536
f 1569/624/1541 1570/625/1542 1568/623/1540
f 1569/624/1541 1568/623/1540 1567/622/1539
f 1571/626/1543 1572/629/1544 1573/628/1542
f 1571/626/1543 1573/628/1542 1574/627/1545
f 1575/630/1546 1576/631/1547 1572/629/1544
f 1575/630/1546 1572/629/1544 1571/626/1543
f 1566/619/1538 1576/631/1547 1575/630/1546
f 1566/619/1538 1575/630/1546 1563/618/1535
f 1566/619/1538 1565/620/1537 1577/633/1548
f 1566/619/1538 1577/633/1548 1578/632/1549
f 1565/620/1537 1568/623/1540 1579/634/1550
f 1565/620/1537 1579/634/1550 1577/633/1548
f 1570/625/1542 1580/635/1551 1579/634/1550
f 1570/625/1542 1579/634/1550 1568/623/1540
f 1572/629/1544 1581/637/1552 1582/636/1551
f 1572/629/1544 1582/636/1551 1573/628/1542
f 1572/629/1544 1576/631/1547 1583/638/1553
f 1572/629/1544 1583/638/1553 1581/637/1552
f 1578/632/1549 1583/638/1553 1576/631/1547
f 1578/632/1549 1576/631/1547 1566/619/1538
f 1578/632/1549 1577/633/1548 1584/640/1554
f 1578/632/1549 1584/640/1554 1585/639/1555
f 1579/634/1550 1586/641/1556 1584/640/1554
f 1579/634/1550 1584/640/1554 1577/633/1548
f 1580/635/1551 1587/642/1557 1586/641/1556
f 1580/635/1551 1586/641/1556 1579/634/1550
f 1581/637/1552 1588/644/1558 1589/643/1557
f 1581/637/1552 1589/643/1557 1582/636/1551
f 1581/637/1552 1583/638/1553 1590/645/1559
f 1581/637/1552 1590/645/1559 1588/644/1558
f 1585/639/1555 1590/645/1559 1583/638/1553
f 1585/639/1555 1583/638/1553 1578/632/1549
f 1585/639/1555 1584/640/1554 1591/647/1560
f 1585/639/1555 1591/647/1560 1592/646/1561
f 1584/640/1554 1586/641/1556 1593/648/1562
f 1584/640/1554 1593/648/1562 1591/647/1560
f 1587/642/1557 1594/649/1563 1593/648/1562
f 1587/642/1557 1593/648/1562 1586/641/1556
f 1588/644/1558 1595/651/1564 1596/650/1563
f 1588/644/1558 1596/650/1563 1589/643/1557
f 1590/645/1559 1597/652/1565 1595/651/1564
f 1590/645/1559 1595/651/1564 1588/644/1558
f 1592/646/1561 1597/652/1565 1590/645/1559
f 1592/646/1561 1590/645/1559 1585/639/1555
s 14
f 1598/653/1566 1599/656/1567 1600/655/1568
f 1598/653/1566 1600/655/1568 1601/654/1569
f 1599/656/1567 1602/658/1570 1603/657/1571
f 1599/656/1567 1603/657/1571 1600/655/1568
f 1602/658/1570 1604/660/1572 1605/659/1573
f 1602/658/1570 1605/659/1573 1603/657/1571
f 1606/661/1574 1607/664/1575 1608/663/1576
f 1606/661/1574 1608/663/1576 1609/662/1577
f 1610/665/1578 1611/666/1579 1607/664/1575
f 1610/665/1578 1607/664/1575 1606/661/1574
f 1601/654/1569 1611/666/1579 1610/665/1578
f 1601/654/1569 1610/665/1578 1598/653/1566
f 1601/654/1569 1600/655/1568 1612/668/1580
f 1601/654/1569 1612/668/1580 1613/667/1581
f 1603/657/1571 1614/669/1582 1612/668/1580
f 1603/657/1571 1612/668/1580 1600/655/1568
f 1605/659/1573 1615/670/1583 1614/669/1582
f 1605/659/1573 1614/669/1582 1603/657/1571
f 1607/664/1575 1616/672/1584 1617/671/1585
f 1607/664/1575 1617/671/1585 1608/663/1576
f 1607/664/1575 1611/666/1579 1618/673/1586
f 1607/664/1575 1618/673/1586 1616/672/1584
f 1613/667/1581 1618/673/1586 1611/666/1579
f 1613/667/1581 1611/666/1579 1601/654/1569
f 1613/667/1581 1612/668/1580 1619/675/1587
f 1613/667/1581 1619/675/1587 1620/674/1588
f 1614/669/1582 1621/676/1589 1619/675/1587
f 1614/669/1582 1619/675/1587 1612/668/1580
f 1615/670/1583 1622/677/1590 1621/676/1589
f 1615/670/1583 1621/676/1589 1614/669/1582
f 1616/672/1584 1623/679/1591 1624/678/1590
f 1616/672/1584 1624/678/1590 1617/671/1585
f 1616/672/1584 1618/673/1586 1625/680/1592
f 1616/672/1584 1625/680/1592 1623/679/1591
f 1620/674/1588 1625/680/1592 1618/673/1586
f 1620/674/1588 1618/673/1586 1613/667/1581
s 15
g EAGLE_ R Toe01_032_40
f 1626/681/1593 1627/684/1594 1628/683/1595
f 1626/681/1593 1628/683/1595 1629/682/1596
f 1627/684/1594 1630/686/1597 1631/685/1598
f 1627/684/1594 1631/685/1598 1628/683/1595
f 1632/687/1599 1633/688/1600 1631/685/1598
f 1632/687/1599 1631/685/1598 1630/686/1597
f 1634/689/1601 1635/690/1602 1633/688/1600
f 1634/689/1601 1633/688/1600 1632/687/1599
f 1636/691/1603 1637/694/1604 1638/693/1605
f 1636/691/1603 1638/693/1605 1639/692/1606
f 1629/682/1596 1638/693/1605 1637/694/1604
f 1629/682/1596 1637/694/1604 1626/681/1593
s 14
f 1640/695/1607 1641/698/1608 1642/697/1609
f 1640/695/1607 1642/697/1609 1643/696/1610
f 1644/699/1611 1645/702/1612 1646/701/1613
f 1644/699/1611 1646/701/1613 1647/700/1614
f 1646/701/1613 1645/702/1612 1648/704/1615
f 1646/701/1613 1648/704/1615 1649/703/1616
s 11
g EAGLE_ R HorseLink_029_37
f 1461/516/1438 1462/517/1439 1650/706/1617
f 1461/516/1438 1650/706/1617 1651/705/1618
f 1462/517/1439 1463/518/1440 1652/707/1619
f 1462/517/1439 1652/707/1619 1650/706/1617
f 1464/519/1441 1653/708/1620 1652/707/1619
f 1464/519/1441 1652/707/1619 1463/518/1440
f 1465/520/1442 1654/709/1621 1653/708/1620
f 1465/520/1442 1653/708/1620 1464/519/1441
f 1457/513/1434 1655/711/1622 1656/710/1623
f 1457/513/1434 1656/710/1623 1458/512/1435
f 1459/514/1436 1657/712/1624 1655/711/1622
f 1459/514/1436 1655/711/1622 1457/513/1434
f 1459/514/1436 1460/515/1437 1658/713/1625
f 1459/514/1436 1658/713/1625 1657/712/1624
f 1651/705/1618 1658/713/1625 1460/515/1437
f 1651/705/1618 1460/515/1437 1461/516/1438
g EAGLE_ R Foot_030_38
f 277/54/273 294/70/290 1657/712/1624
g EAGLE_ R HorseLink_029_37
f 277/54/273 1657/712/1624 1658/713/1625
f 268/44/264 1659/714/1626 1652/707/1619
f 268/44/264 1652/707/1619 1653/708/1620
g EAGLE_ R Foot_030_38
f 279/56/275 277/54/273 1658/713/1625
g EAGLE_ R HorseLink_029_37
f 279/56/275 1658/713/1625 1651/705/1618
f 1652/707/1619 1659/714/1626 1660/715/1627
f 1652/707/1619 1660/715/1627 1650/706/1617
f 1660/715/1627 279/56/275 1651/705/1618
f 1660/715/1627 1651/705/1618 1650/706/1617
f 1654/709/1621 266/43/262 268/44/264
f 1654/709/1621 268/44/264 1653/708/1620
s 12
g EAGLE_ R Foot_030_38
f 1661/716/1628 1662/719/1629 1663/718/1630
f 1661/716/1628 1663/718/1630 1664/717/1631
s 11
g EAGLE_ R HorseLink_029_37
f 1655/711/1622 293/71/289 1665/720/1632
f 1655/711/1622 1665/720/1632 1656/710/1623
g EAGLE_ R Foot_030_38
f 294/70/290 293/71/289 1655/711/1622
g EAGLE_ R HorseLink_029_37
f 294/70/290 1655/711/1622 1657/712/1624
s 15
g EAGLE_ R Toe0_031_39
f 1666/721/1633 1630/686/1597 1627/684/1594
f 1666/721/1633 1627/684/1594 1667/722/1634
s 14
f 1668/723/1635 1669/725/1636 1648/704/1615
f 1668/723/1635 1648/704/1615 1670/724/1637
f 1668/723/1635 1671/727/1638 1672/726/1639
f 1668/723/1635 1672/726/1639 1669/725/1636
s 11
g EAGLE_ R Foot_030_38
f 275/52/271 269/46/265 294/70/290
f 275/52/271 294/70/290 277/54/273
f 1673/728/1640 320/97/316 278/55/274
f 1673/728/1640 278/55/274 279/56/275
s 1
g EAGLE_ Pelvis_03_10
f 1674/729/1641 364/145/360 1379/422/1356
f 1674/729/1641 1379/422/1356 1378/421/1355
f 361/142/357 364/145/360 1674/729/1641
g EAGLE_ R Thigh_027_35
f 361/142/357 1674/729/1641 1490/545/1467
s 12
g EAGLE_ R Toe1_034_42
f 1675/730/1642 1676/733/1643 1677/732/1644
f 1675/730/1642 1677/732/1644 1678/731/1645
s 11
g EAGLE_ R Foot_030_38
f 279/56/275 1660/715/1627 1679/734/1646
f 279/56/275 1679/734/1646 1673/728/1640
s 12
g EAGLE_ R Toe1_034_42
f 1676/733/1643 1675/730/1642 1664/717/1631
g EAGLE_ R HorseLink_029_37
f 1676/733/1643 1664/717/1631 1663/718/1630
s 11
f 267/45/263 1680/735/1647 1659/714/1626
f 267/45/263 1659/714/1626 268/44/264
g EAGLE_ R Foot_030_38
f 1680/735/1647 1679/734/1646 1660/715/1627
g EAGLE_ R HorseLink_029_37
f 1680/735/1647 1660/715/1627 1659/714/1626
g EAGLE_ R Foot_030_38
f 1681/736/1648 1682/737/1649 320/97/316
f 1681/736/1648 320/97/316 1673/728/1640
f 1673/728/1640 1679/734/1646 1683/738/1650
f 1673/728/1640 1683/738/1650 1681/736/1648
f 1684/739/1651 1683/738/1650 1679/734/1646
g EAGLE_ R Toe1_034_42
f 1684/739/1651 1679/734/1646 1680/735/1647
g EAGLE_ R Foot_030_38
f 266/43/262 1685/741/1652 1686/740/1653
f 266/43/262 1686/740/1653 267/45/263
s 12
f 1661/716/1628 284/61/280 283/60/279
f 1661/716/1628 283/60/279 1662/719/1629
g EAGLE_ R Toe1_034_42
f 1687/742/1654 1688/743/1655 1678/731/1645
f 1687/742/1654 1678/731/1645 1677/732/1644
s 11
g EAGLE_ R Foot_030_38
f 1689/744/1656 1690/745/1657 1683/738/1650
f 1689/744/1656 1683/738/1650 1684/739/1651
f 1691/746/1658 1690/745/1657 1689/744/1656
f 1691/746/1658 1689/744/1656 1692/747/1659
f 1682/737/1649 1681/736/1648 1693/749/1660
f 1682/737/1649 1693/749/1660 1694/748/1661
f 1690/745/1657 1693/749/1660 1681/736/1648
f 1690/745/1657 1681/736/1648 1683/738/1650
f 286/64/282 1693/749/1660 1690/745/1657
f 286/64/282 1690/745/1657 1691/746/1658
f 1693/749/1660 286/64/282 288/65/284
f 1693/749/1660 288/65/284 1694/748/1661
f 286/64/282 291/67/287 1695/750/1662
f 286/64/282 1695/750/1662 287/63/283
f 1696/751/1663 289/66/285 1691/746/1658
f 1696/751/1663 1691/746/1658 1692/747/1659
f 1686/740/1653 1685/741/1652 1697/753/1664
f 1686/740/1653 1697/753/1664 1698/752/1665
f 1691/746/1658 289/66/285 291/67/287
f 1691/746/1658 291/67/287 286/64/282
f 295/72/291 1699/756/1666 1700/755/1667
f 295/72/291 1700/755/1667 1701/754/1668
f 293/71/289 295/72/291 1701/754/1668
f 293/71/289 1701/754/1668 1665/720/1632
f 291/67/287 290/68/286 1702/757/1669
f 291/67/287 1702/757/1669 1695/750/1662
s 15
g EAGLE_ R Toe0_031_39
f 1626/681/1593 1703/758/1670 1667/722/1634
f 1626/681/1593 1667/722/1634 1627/684/1594
s 11
g EAGLE_ R Foot_030_38
f 299/76/295 296/73/292 292/69/288
g EAGLE_ R Toe0_031_39
f 299/76/295 292/69/288 271/47/267
g EAGLE_ R Foot_030_38
f 296/73/292 298/74/294 1699/756/1666
f 296/73/292 1699/756/1666 295/72/291
s 15
g EAGLE_ R Toe0_031_39
f 1626/681/1593 1637/694/1604 1704/759/1671
f 1626/681/1593 1704/759/1671 1703/758/1670
f 1637/694/1604 1636/691/1603 1705/760/1672
f 1637/694/1604 1705/760/1672 1704/759/1671
s 11
f 1706/761/1673 1707/764/1674 1708/763/1675
f 1706/761/1673 1708/763/1675 1709/762/1676
g EAGLE_ R Foot_030_38
f 1709/762/1676 1708/763/1675 1695/750/1662
f 1709/762/1676 1695/750/1662 1702/757/1669
s 14
g EAGLE_ R Toe0_031_39
f 1645/702/1612 1710/765/1677 1670/724/1637
f 1645/702/1612 1670/724/1637 1648/704/1615
s 11
f 273/49/269 1711/767/1678 1712/766/1679
f 273/49/269 1712/766/1679 270/48/266
f 1713/768/1680 1711/767/1678 273/49/269
f 1713/768/1680 273/49/269 272/50/268
s 15
f 1666/721/1633 1714/769/1681 1632/687/1599
f 1666/721/1633 1632/687/1599 1630/686/1597
f 1634/689/1601 1632/687/1599 1714/769/1681
f 1634/689/1601 1714/769/1681 1715/770/1682
s 11
f 1708/763/1675 302/80/298 287/63/283
g EAGLE_ R Foot_030_38
f 1708/763/1675 287/63/283 1695/750/1662
s 14
g EAGLE_ R Toe0_031_39
f 1671/727/1638 1716/771/1683 1640/695/1607
f 1671/727/1638 1640/695/1607 1672/726/1639
s 11
f 304/81/300 1717/773/1684 1718/772/1685
f 304/81/300 1718/772/1685 276/53/272
s 14
f 1716/771/1683 1719/774/1686 1641/698/1608
f 1716/771/1683 1641/698/1608 1640/695/1607
f 1644/699/1611 1720/775/1687 1710/765/1677
f 1644/699/1611 1710/765/1677 1645/702/1612
s 11
g EAGLE_ R Foot_030_38
f 285/62/281 287/63/283 302/80/298
g EAGLE_ R Toe0_031_39
f 285/62/281 302/80/298 307/84/303
f 308/85/304 302/80/298 1708/763/1675
f 308/85/304 1708/763/1675 1707/764/1674
s 1
g EAGLE_ Head_07_14
f 673/463/669 986/776/974 1413/467/1390
f 673/463/669 1413/467/1390 1410/462/1387
f 986/776/974 987/777/975 1416/469/1393
f 986/776/974 1416/469/1393 1413/467/1390
f 1411/465/1388 1416/469/1393 987/777/975
f 1411/465/1388 987/777/975 674/464/670
s 15
g EAGLE_ R Toe02_033_41
f 1569/624/1541 1567/622/1539 1721/779/1688
f 1569/624/1541 1721/779/1688 1722/778/1689
f 1723/780/1690 1631/685/1598 1633/688/1600
f 1723/780/1690 1633/688/1600 1724/781/1691
f 1567/622/1539 1564/621/1536 1725/782/1692
f 1567/622/1539 1725/782/1692 1721/779/1688
f 1726/783/1693 1727/784/1694 1721/779/1688
f 1726/783/1693 1721/779/1688 1725/782/1692
f 1727/784/1694 1726/783/1693 1723/780/1690
f 1727/784/1694 1723/780/1690 1724/781/1691
f 1564/621/1536 1563/618/1535 1728/785/1695
f 1564/621/1536 1728/785/1695 1725/782/1692
f 1729/786/1696 1628/683/1595 1631/685/1598
f 1729/786/1696 1631/685/1598 1723/780/1690
f 1726/783/1693 1730/787/1697 1729/786/1696
f 1726/783/1693 1729/786/1696 1723/780/1690
f 1725/782/1692 1728/785/1695 1730/787/1697
f 1725/782/1692 1730/787/1697 1726/783/1693
f 1563/618/1535 1575/630/1546 1731/788/1698
f 1563/618/1535 1731/788/1698 1728/785/1695
f 1729/786/1696 1732/789/1699 1629/682/1596
f 1729/786/1696 1629/682/1596 1628/683/1595
f 1729/786/1696 1730/787/1697 1733/790/1700
f 1729/786/1696 1733/790/1700 1732/789/1699
f 1731/788/1698 1733/790/1700 1730/787/1697
f 1731/788/1698 1730/787/1697 1728/785/1695
f 1732/789/1699 1734/791/1701 1638/693/1605
f 1732/789/1699 1638/693/1605 1629/682/1596
f 1735/792/1702 1571/626/1543 1574/627/1545
f 1735/792/1702 1574/627/1545 1736/793/1703
f 1575/630/1546 1571/626/1543 1735/792/1702
f 1575/630/1546 1735/792/1702 1731/788/1698
f 1735/792/1702 1737/794/1704 1733/790/1700
f 1735/792/1702 1733/790/1700 1731/788/1698
f 1737/794/1704 1734/791/1701 1732/789/1699
f 1737/794/1704 1732/789/1699 1733/790/1700
f 1734/791/1701 1738/795/1705 1639/692/1606
f 1734/791/1701 1639/692/1606 1638/693/1605
f 1727/784/1694 1739/796/1706 1722/778/1689
f 1727/784/1694 1722/778/1689 1721/779/1688
f 1635/690/1602 1740/797/1707 1724/781/1691
f 1635/690/1602 1724/781/1691 1633/688/1600
f 1724/781/1691 1740/797/1707 1739/796/1706
f 1724/781/1691 1739/796/1706 1727/784/1694
f 1741/798/1708 1738/795/1705 1734/791/1701
f 1741/798/1708 1734/791/1701 1737/794/1704
f 1736/793/1703 1741/798/1708 1737/794/1704
f 1736/793/1703 1737/794/1704 1735/792/1702
s 14
g EAGLE_ R Toe01_032_40
f 1669/725/1636 1742/799/1709 1649/703/1616
f 1669/725/1636 1649/703/1616 1648/704/1615
f 1743/800/1710 1742/799/1709 1669/725/1636
f 1743/800/1710 1669/725/1636 1672/726/1639
f 1643/696/1610 1743/800/1710 1672/726/1639
f 1643/696/1610 1672/726/1639 1640/695/1607
g EAGLE_ R Toe02_033_41
f 1598/653/1566 1610/665/1578 1744/802/1711
f 1598/653/1566 1744/802/1711 1745/801/1712
f 1610/665/1578 1606/661/1574 1746/803/1713
f 1610/665/1578 1746/803/1713 1744/802/1711
f 1747/804/1714 1646/701/1613 1649/703/1616
f 1747/804/1714 1649/703/1616 1748/805/1715
f 1748/805/1715 1749/807/1716 1750/806/1717
f 1748/805/1715 1750/806/1717 1747/804/1714
f 1746/803/1713 1750/806/1717 1749/807/1716
f 1746/803/1713 1749/807/1716 1744/802/1711
f 1747/804/1714 1751/808/1718 1647/700/1614
f 1747/804/1714 1647/700/1614 1646/701/1613
f 1606/661/1574 1609/662/1577 1752/809/1719
f 1606/661/1574 1752/809/1719 1746/803/1713
f 1752/809/1719 1753/810/1720 1750/806/1717
f 1752/809/1719 1750/806/1717 1746/803/1713
f 1753/810/1720 1751/808/1718 1747/804/1714
f 1753/810/1720 1747/804/1714 1750/806/1717
f 1604/660/1572 1602/658/1570 1754/812/1721
f 1604/660/1572 1754/812/1721 1755/811/1722
f 1756/813/1723 1757/814/1724 1643/696/1610
f 1756/813/1723 1643/696/1610 1642/697/1609
f 1758/815/1725 1759/816/1726 1757/814/1724
f 1758/815/1725 1757/814/1724 1756/813/1723
f 1755/811/1722 1754/812/1721 1759/816/1726
f 1755/811/1722 1759/816/1726 1758/815/1725
f 1757/814/1724 1760/817/1727 1743/800/1710
f 1757/814/1724 1743/800/1710 1643/696/1610
f 1761/818/1728 1599/656/1567 1598/653/1566
f 1761/818/1728 1598/653/1566 1745/801/1712
f 1599/656/1567 1761/818/1728 1754/812/1721
f 1599/656/1567 1754/812/1721 1602/658/1570
f 1759/816/1726 1762/819/1729 1760/817/1727
f 1759/816/1726 1760/817/1727 1757/814/1724
f 1762/819/1729 1759/816/1726 1754/812/1721
f 1762/819/1729 1754/812/1721 1761/818/1728
f 1742/799/1709 1763/820/1730 1748/805/1715
f 1742/799/1709 1748/805/1715 1649/703/1616
f 1763/820/1730 1764/821/1731 1749/807/1716
f 1763/820/1730 1749/807/1716 1748/805/1715
f 1760/817/1727 1763/820/1730 1742/799/1709
f 1760/817/1727 1742/799/1709 1743/800/1710
f 1764/821/1731 1763/820/1730 1760/817/1727
f 1764/821/1731 1760/817/1727 1762/819/1729
f 1764/821/1731 1762/819/1729 1761/818/1728
f 1764/821/1731 1761/818/1728 1745/801/1712
f 1749/807/1716 1764/821/1731 1745/801/1712
f 1749/807/1716 1745/801/1712 1744/802/1711
s 11
g EAGLE_ R Toe0_031_39
f 288/65/284 310/87/306 1765/822/1732
g EAGLE_ R Foot_030_38
f 288/65/284 1765/822/1732 1694/748/1661
g EAGLE_ R Toe0_031_39
f 307/84/303 310/87/306 288/65/284
f 307/84/303 288/65/284 285/62/281
f 304/81/300 305/82/301 1766/823/1733
f 304/81/300 1766/823/1733 1717/773/1684
s 13
f 1767/824/1734 316/93/312 313/90/309
f 1767/824/1734 313/90/309 1768/825/1735
f 315/91/311 314/92/310 1769/827/1736
f 315/91/311 1769/827/1736 1770/826/1737
f 1771/828/1738 1769/827/1736 314/92/310
f 1771/828/1738 314/92/310 316/93/312
s 11
g EAGLE_ R Foot_030_38
f 1772/829/1739 1682/737/1649 1694/748/1661
g EAGLE_ R Toe0_031_39
f 1772/829/1739 1694/748/1661 1765/822/1732
s 13
f 318/96/314 317/94/313 1773/831/1740
f 318/96/314 1773/831/1740 1774/830/1741
f 317/94/313 319/95/315 1775/833/1742
f 317/94/313 1775/833/1742 1776/832/1743
s 11
g EAGLE_ R Foot_030_38
f 1772/829/1739 321/98/317 320/97/316
f 1772/829/1739 320/97/316 1682/737/1649
s 13
g EAGLE_ R Toe0_031_39
f 317/94/313 1776/832/1743 1777/834/1744
f 317/94/313 1777/834/1744 1773/831/1740
s 12
g EAGLE_ R Toe12_036_44
f 1499/556/1476 1778/836/1745 1779/835/1746
f 1499/556/1476 1779/835/1746 1500/555/1477
f 1499/556/1476 1503/557/1480 1780/837/1747
f 1499/556/1476 1780/837/1747 1778/836/1745
f 1780/837/1747 1781/839/1748 1782/838/1749
f 1780/837/1747 1782/838/1749 1778/836/1745
f 1503/557/1480 1505/559/1482 1783/840/1750
f 1503/557/1480 1783/840/1750 1780/837/1747
f 1783/840/1750 1784/841/1751 1781/839/1748
f 1783/840/1750 1781/839/1748 1780/837/1747
f 1509/562/1485 1508/563/1484 1785/843/1752
f 1509/562/1485 1785/843/1752 1786/842/1753
f 1787/844/1754 1788/845/1755 1786/842/1753
f 1787/844/1754 1786/842/1753 1785/843/1752
f 1789/846/1756 1511/566/1487 1500/555/1477
f 1789/846/1756 1500/555/1477 1779/835/1746
f 1511/566/1487 1789/846/1756 1785/843/1752
f 1511/566/1487 1785/843/1752 1508/563/1484
f 1785/843/1752 1789/846/1756 1790/847/1757
f 1785/843/1752 1790/847/1757 1787/844/1754
f 1782/838/1749 1791/848/1758 1779/835/1746
f 1782/838/1749 1779/835/1746 1778/836/1745
f 1791/848/1758 1790/847/1757 1789/846/1756
f 1791/848/1758 1789/846/1756 1779/835/1746
g EAGLE_ R Foot_030_38
f 1792/849/1759 1662/719/1629 283/60/279
g EAGLE_ R Toe12_036_44
f 1792/849/1759 283/60/279 1793/850/1760
f 1787/844/1754 1790/847/1757 1794/852/1761
f 1787/844/1754 1794/852/1761 1795/851/1762
f 1795/851/1762 1796/853/1763 1788/845/1755
f 1795/851/1762 1788/845/1755 1787/844/1754
g EAGLE_ R Toe1_034_42
f 283/60/279 280/57/276 1797/854/1764
g EAGLE_ R Toe12_036_44
f 283/60/279 1797/854/1764 1793/850/1760
f 1798/855/1765 1799/856/1766 1793/850/1760
f 1798/855/1765 1793/850/1760 1797/854/1764
f 1798/855/1765 1796/853/1763 1795/851/1762
f 1798/855/1765 1795/851/1762 1799/856/1766
f 1800/857/1767 1781/839/1748 1784/841/1751
f 1800/857/1767 1784/841/1751 1801/858/1768
g EAGLE_ R Toe11_035_43
f 1687/742/1654 1677/732/1644 1802/860/1769
g EAGLE_ R Toe12_036_44
f 1687/742/1654 1802/860/1769 1803/859/1770
f 1804/861/1771 1805/862/1772 1803/859/1770
f 1804/861/1771 1803/859/1770 1802/860/1769
f 1804/861/1771 1800/857/1767 1801/858/1768
f 1804/861/1771 1801/858/1768 1805/862/1772
f 1806/863/1773 1782/838/1749 1781/839/1748
f 1806/863/1773 1781/839/1748 1800/857/1767
g EAGLE_ R Toe11_035_43
f 1677/732/1644 1676/733/1643 1807/864/1774
f 1677/732/1644 1807/864/1774 1802/860/1769
g EAGLE_ R Toe12_036_44
f 1808/865/1775 1804/861/1771 1802/860/1769
f 1808/865/1775 1802/860/1769 1807/864/1774
f 1804/861/1771 1808/865/1775 1806/863/1773
f 1804/861/1771 1806/863/1773 1800/857/1767
f 1790/847/1757 1791/848/1758 1809/866/1776
f 1790/847/1757 1809/866/1776 1794/852/1761
g EAGLE_ R Toe11_035_43
f 1810/867/1777 1663/718/1630 1662/719/1629
g EAGLE_ R Toe12_036_44
f 1810/867/1777 1662/719/1629 1792/849/1759
g EAGLE_ R Toe11_035_43
f 1676/733/1643 1663/718/1630 1810/867/1777
f 1676/733/1643 1810/867/1777 1807/864/1774
g EAGLE_ R Toe12_036_44
f 1806/863/1773 1809/866/1776 1791/848/1758
f 1806/863/1773 1791/848/1758 1782/838/1749
f 1811/868/1778 1808/865/1775 1807/864/1774
f 1811/868/1778 1807/864/1774 1810/867/1777
f 1793/850/1760 1799/856/1766 1812/869/1779
f 1793/850/1760 1812/869/1779 1792/849/1759
f 1792/849/1759 1812/869/1779 1811/868/1778
f 1792/849/1759 1811/868/1778 1810/867/1777
f 1794/852/1761 1812/869/1779 1799/856/1766
f 1794/852/1761 1799/856/1766 1795/851/1762
f 1809/866/1776 1811/868/1778 1812/869/1779
f 1809/866/1776 1812/869/1779 1794/852/1761
f 1808/865/1775 1811/868/1778 1809/866/1776
f 1808/865/1775 1809/866/1776 1806/863/1773
s 13
g EAGLE_ R Toe0_031_39
f 1813/870/1780 1814/871/1781 1767/824/1734
f 1813/870/1780 1767/824/1734 1768/825/1735
f 1774/830/1741 1814/871/1781 1813/870/1780
f 1774/830/1741 1813/870/1780 318/96/314
g EAGLE_ R Toe02_033_41
f 1815/872/1782 1816/873/1783 1542/597/1517
f 1815/872/1782 1542/597/1517 1541/596/1516
f 1816/873/1783 1817/874/1784 1547/602/1521
f 1816/873/1783 1547/602/1521 1542/597/1517
f 1547/602/1521 1817/874/1784 1818/875/1785
f 1547/602/1521 1818/875/1785 1552/607/1526
f 1552/607/1526 1818/875/1785 1819/876/1786
f 1552/607/1526 1819/876/1786 1557/612/1530
f 1557/612/1530 1819/876/1786 1820/877/1787
f 1557/612/1530 1820/877/1787 1562/617/1534
f 1821/878/1788 1822/879/1789 1816/873/1783
f 1821/878/1788 1816/873/1783 1815/872/1782
f 1536/589/1512 1822/879/1789 1821/878/1788
f 1536/589/1512 1821/878/1788 1533/588/1509
f 1822/879/1789 1823/880/1790 1817/874/1784
f 1822/879/1789 1817/874/1784 1816/873/1783
f 1544/598/1519 1823/880/1790 1822/879/1789
f 1544/598/1519 1822/879/1789 1536/589/1512
f 1823/880/1790 1824/881/1791 1818/875/1785
f 1823/880/1790 1818/875/1785 1817/874/1784
f 1824/881/1791 1825/882/1792 1819/876/1786
f 1824/881/1791 1819/876/1786 1818/875/1785
f 1824/881/1791 1823/880/1790 1544/598/1519
f 1824/881/1791 1544/598/1519 1549/603/1523
f 1825/882/1792 1824/881/1791 1549/603/1523
f 1825/882/1792 1549/603/1523 1554/608/1528
f 1819/876/1786 1825/882/1792 1826/883/1793
f 1819/876/1786 1826/883/1793 1820/877/1787
f 1559/613/1532 1826/883/1793 1825/882/1792
f 1559/613/1532 1825/882/1792 1554/608/1528
g EAGLE_ R Toe0_031_39
f 1773/831/1740 1777/834/1744 1827/885/1794
g EAGLE_ R Toe01_032_40
f 1773/831/1740 1827/885/1794 1828/884/1795
g EAGLE_ R Toe0_031_39
f 1771/828/1738 316/93/312 1829/887/1796
g EAGLE_ R Toe01_032_40
f 1771/828/1738 1829/887/1796 1830/886/1797
f 1830/886/1797 1829/887/1796 1831/889/1798
f 1830/886/1797 1831/889/1798 1832/888/1799
f 1767/824/1734 1833/890/1800 1829/887/1796
g EAGLE_ R Toe0_031_39
f 1767/824/1734 1829/887/1796 316/93/312
g EAGLE_ R Toe01_032_40
f 1833/890/1800 1834/891/1801 1831/889/1798
f 1833/890/1800 1831/889/1798 1829/887/1796
f 1814/871/1781 1835/892/1802 1833/890/1800
f 1814/871/1781 1833/890/1800 1767/824/1734
f 1835/892/1802 1836/893/1803 1834/891/1801
f 1835/892/1802 1834/891/1801 1833/890/1800
f 1828/884/1795 1837/894/1804 1774/830/1741
g EAGLE_ R Toe0_031_39
f 1828/884/1795 1774/830/1741 1773/831/1740
g EAGLE_ R Toe01_032_40
f 1814/871/1781 1774/830/1741 1837/894/1804
f 1814/871/1781 1837/894/1804 1835/892/1802
f 1838/895/1805 1839/896/1806 1828/884/1795
f 1838/895/1805 1828/884/1795 1827/885/1794
f 1835/892/1802 1837/894/1804 1840/897/1807
f 1835/892/1802 1840/897/1807 1836/893/1803
f 1839/896/1806 1840/897/1807 1837/894/1804
f 1839/896/1806 1837/894/1804 1828/884/1795
g EAGLE_ R Toe02_033_41
f 1533/588/1509 1821/878/1788 1841/899/1808
f 1533/588/1509 1841/899/1808 1842/898/1809
f 1815/872/1782 1843/900/1810 1841/899/1808
f 1815/872/1782 1841/899/1808 1821/878/1788
f 1844/901/1811 1845/902/1812 1836/893/1803
g EAGLE_ R Toe01_032_40
f 1844/901/1811 1836/893/1803 1840/897/1807
g EAGLE_ R Toe02_033_41
f 1844/901/1811 1846/904/1813 1847/903/1814
f 1844/901/1811 1847/903/1814 1845/902/1812
f 1843/900/1810 1847/903/1814 1846/904/1813
f 1843/900/1810 1846/904/1813 1841/899/1808
f 1541/596/1516 1848/905/1815 1843/900/1810
f 1541/596/1516 1843/900/1810 1815/872/1782
f 1849/906/1816 1834/891/1801 1836/893/1803
f 1849/906/1816 1836/893/1803 1845/902/1812
f 1845/902/1812 1847/903/1814 1850/907/1817
f 1845/902/1812 1850/907/1817 1849/906/1816
f 1848/905/1815 1850/907/1817 1847/903/1814
f 1848/905/1815 1847/903/1814 1843/900/1810
f 1541/596/1516 1538/595/1513 1851/908/1818
f 1541/596/1516 1851/908/1818 1848/905/1815
f 1852/909/1819 1831/889/1798 1834/891/1801
f 1852/909/1819 1834/891/1801 1849/906/1816
f 1849/906/1816 1850/907/1817 1853/910/1820
f 1849/906/1816 1853/910/1820 1852/909/1819
f 1851/908/1818 1853/910/1820 1850/907/1817
f 1851/908/1818 1850/907/1817 1848/905/1815
f 1842/898/1809 1854/911/1821 1534/591/1510
f 1842/898/1809 1534/591/1510 1533/588/1509
f 1538/595/1513 1537/592/1510 1855/912/1822
f 1538/595/1513 1855/912/1822 1851/908/1818
f 1855/912/1822 1856/913/1823 1853/910/1820
f 1855/912/1822 1853/910/1820 1851/908/1818
f 1857/914/1824 1832/888/1799 1831/889/1798
f 1857/914/1824 1831/889/1798 1852/909/1819
f 1856/913/1823 1857/914/1824 1852/909/1819
f 1856/913/1823 1852/909/1819 1853/910/1820
g EAGLE_ R Toe01_032_40
f 1840/897/1807 1839/896/1806 1858/915/1825
g EAGLE_ R Toe02_033_41
f 1840/897/1807 1858/915/1825 1844/901/1811
f 1844/901/1811 1858/915/1825 1859/916/1826
f 1844/901/1811 1859/916/1826 1846/904/1813
g EAGLE_ R Toe01_032_40
f 1858/915/1825 1839/896/1806 1838/895/1805
g EAGLE_ R Toe02_033_41
f 1858/915/1825 1838/895/1805 1860/917/1827
f 1861/918/1828 1859/916/1826 1858/915/1825
f 1861/918/1828 1858/915/1825 1860/917/1827
f 1846/904/1813 1859/916/1826 1842/898/1809
f 1846/904/1813 1842/898/1809 1841/899/1808
f 1859/916/1826 1861/918/1828 1854/911/1821
f 1859/916/1826 1854/911/1821 1842/898/1809
s 12
g EAGLE_ R Toe12_036_44
f 327/104/323 329/106/325 1528/583/1504
f 327/104/323 1528/583/1504 1526/581/1502
f 1526/581/1502 1527/582/1503 326/103/322
f 1526/581/1502 326/103/322 327/104/323
f 326/103/322 1527/582/1503 1532/587/1508
f 326/103/322 1532/587/1508 328/105/324
s 13
g EAGLE_ R Toe02_033_41
f 331/109/327 1826/883/1793 1559/613/1532
f 331/109/327 1559/613/1532 332/108/328
f 331/109/327 336/113/332 1820/877/1787
f 331/109/327 1820/877/1787 1826/883/1793
f 336/113/332 337/114/333 1562/617/1534
f 336/113/332 1562/617/1534 1820/877/1787
f 337/114/333 335/111/331 1560/616/1533
f 337/114/333 1560/616/1533 1562/617/1534
f 1558/614/1531 333/110/329 332/108/328
f 1558/614/1531 332/108/328 1559/613/1532
f 334/112/330 1561/615/1531 1560/616/1533
f 334/112/330 1560/616/1533 335/111/331
s 14
f 1621/676/1589 343/120/339 345/122/341
f 1621/676/1589 345/122/341 1619/675/1587
f 345/122/341 341/118/337 1620/674/1588
f 345/122/341 1620/674/1588 1619/675/1587
f 341/118/337 340/116/336 1625/680/1592
f 341/118/337 1625/680/1592 1620/674/1588
f 340/116/336 339/117/335 1623/679/1591
f 340/116/336 1623/679/1591 1625/680/1592
f 1622/677/1590 342/119/338 343/120/339
f 1622/677/1590 343/120/339 1621/676/1589
f 344/121/340 1624/678/1590 1623/679/1591
f 344/121/340 1623/679/1591 339/117/335
s 15
f 350/126/346 1593/648/1562 1594/649/1563
f 350/126/346 1594/649/1563 353/130/349
f 350/126/346 349/127/345 1591/647/1560
f 350/126/346 1591/647/1560 1593/648/1562
f 349/127/345 352/128/348 1592/646/1561
f 349/127/345 1592/646/1561 1591/647/1560
f 352/128/348 351/129/347 1597/652/1565
f 352/128/348 1597/652/1565 1592/646/1561
f 1595/651/1564 346/123/342 348/124/344
f 1595/651/1564 348/124/344 1596/650/1563
f 346/123/342 1595/651/1564 1597/652/1565
f 346/123/342 1597/652/1565 351/129/347
s 1
g EAGLE_ Neck_05_12
f 1862/919/1829 1368/407/1345 1354/387/1331
f 1862/919/1829 1354/387/1331 1353/386/1330
f 1371/410/1348 1863/920/1830 1352/385/1329
f 1371/410/1348 1352/385/1329 1351/383/1328
f 1863/920/1830 1862/919/1829 1353/386/1330
f 1863/920/1830 1353/386/1330 1352/385/1329
g EAGLE_ Spine_04_11
f 1131/921/1119 1864/922/1831 1371/410/1348
g EAGLE_ Neck_05_12
f 1131/921/1119 1371/410/1348 621/411/617
f 1371/410/1348 1864/922/1831 1865/923/1832
f 1371/410/1348 1865/923/1832 1863/920/1830
g EAGLE_ R UpperArm_010_17
f 1866/924/1833 1867/925/1834 1862/919/1829
g EAGLE_ Neck_05_12
f 1866/924/1833 1862/919/1829 1863/920/1830
g EAGLE_ Spine_04_11
f 1368/407/1345 1868/926/1835 1372/412/1349
f 1368/407/1345 1372/412/1349 1367/406/1344
g EAGLE_ R UpperArm_010_17
f 1867/925/1834 1868/926/1835 1368/407/1345
f 1867/925/1834 1368/407/1345 1862/919/1829
g EAGLE_ Spine_04_11
f 354/131/350 356/132/352 1372/412/1349
f 354/131/350 1372/412/1349 1868/926/1835
f 1373/413/1350 356/132/352 355/133/351
f 1373/413/1350 355/133/351 1374/414/1351
f 1374/414/1351 355/133/351 359/135/355
f 1374/414/1351 359/135/355 1494/549/1471
f 360/226/356 362/141/358 358/136/354
f 360/226/356 358/136/354 357/134/353
g EAGLE_ R UpperArm_010_17
f 1865/923/1832 1869/927/1836 1866/924/1833
f 1865/923/1832 1866/924/1833 1863/920/1830
f 1869/927/1836 1865/923/1832 440/231/436
f 1869/927/1836 440/231/436 442/228/438
g EAGLE_ Spine_04_11
f 1864/922/1831 1131/921/1119 1870/1007/1837
f 1864/922/1831 1870/1007/1837 1871/1008/1838
f 1865/923/1832 1864/922/1831 1871/1008/1838
g EAGLE_ R UpperArm_010_17
f 1865/923/1832 1871/1008/1838 440/231/436
g EAGLE_ Pelvis_03_10
f 369/149/365 368/227/364 441/232/437
f 369/149/365 441/232/437 1872/1009/1839
f 1873/931/1840 1142/932/1130 633/423/629
f 1873/931/1840 633/423/629 1379/422/1356
f 361/142/357 360/226/356 365/144/361
f 361/142/357 365/144/361 364/145/360
f 363/143/359 1873/931/1840 1379/422/1356
f 363/143/359 1379/422/1356 364/145/360
f 1143/933/1131 369/149/365 1872/1009/1839
f 1143/933/1131 1872/1009/1839 1874/1010/1841
f 1143/933/1131 1145/935/1133 366/146/362
f 1143/933/1131 366/146/362 369/149/365
s 8
g EAGLE_ Tail_026_34
f 1146/936/1134 158/158/155 370/150/366
g Eagle_ TailR_025_33
f 1146/936/1134 370/150/366 378/159/374
s 1
g EAGLE_ Tail_026_34
f 1875/937/1842 1148/938/1136 1142/932/1130
g Eagle_ TailR_025_33
f 1875/937/1842 1142/932/1130 1873/931/1840
s 9
g EAGLE_ Tail_026_34
f 380/164/376 162/162/159 1149/939/1137
f 380/164/376 1149/939/1137 387/171/383
s 1
g Eagle_ TailR_025_33
f 385/169/381 1875/937/1842 1873/931/1840
f 385/169/381 1873/931/1840 363/143/359
g EAGLE_ Queue de cheval 1_08_15
f 1391/435/1368 1394/439/1371 1876/940/1843
f 1391/435/1368 1876/940/1843 1390/434/1367
s 10
f 1877/941/1370 1153/943/1141 175/175/172
f 1877/941/1370 175/175/172 1878/942/1844
f 1878/942/1844 175/175/172 389/173/385
f 1878/942/1844 389/173/385 1879/944/1845
s 1
f 1876/940/1843 1880/945/1846 1389/433/1366
f 1876/940/1843 1389/433/1366 1390/434/1367
s 10
f 1881/946/1847 1882/947/1846 1879/944/1845
f 1881/946/1847 1879/944/1845 389/173/385
s 1
f 1389/433/1366 1880/945/1846 1883/948/1848
f 1389/433/1366 1883/948/1848 1388/432/1365
f 1388/432/1365 1883/948/1848 1884/949/1849
f 1388/432/1365 1884/949/1849 1387/431/1364
f 1387/431/1364 1884/949/1849 1885/950/1850
f 1387/431/1364 1885/950/1850 1386/430/1363
s 10
f 1161/951/1148 1886/952/1851 389/173/385
f 1161/951/1148 389/173/385 174/174/171
f 1886/952/1851 1887/953/1852 1881/946/1847
f 1886/952/1851 1881/946/1847 389/173/385
f 1882/947/1846 1881/946/1847 1888/955/1853
f 1882/947/1846 1888/955/1853 1889/954/1854
f 1886/952/1851 1161/951/1148 1166/956/1153
f 1886/952/1851 1166/956/1153 1887/953/1852
f 1887/953/1852 1890/957/1855 1888/955/1853
f 1887/953/1852 1888/955/1853 1881/946/1847
f 1168/958/1155 1890/957/1855 1887/953/1852
f 1168/958/1155 1887/953/1852 1166/956/1153
f 1891/959/1856 1892/960/1857 1889/954/1854
f 1891/959/1856 1889/954/1854 1888/955/1853
f 1890/957/1855 1893/961/1858 1891/959/1856
f 1890/957/1855 1891/959/1856 1888/955/1853
f 1172/962/1159 1893/961/1858 1890/957/1855
f 1172/962/1159 1890/957/1855 1168/958/1155
f 221/221/218 421/207/417 1893/961/1858
f 221/221/218 1893/961/1858 1172/962/1159
f 390/176/386 392/177/388 1892/960/1857
f 390/176/386 1892/960/1857 1891/959/1856
f 1893/961/1858 421/207/417 390/176/386
f 1893/961/1858 390/176/386 1891/959/1856
s 1
f 1386/430/1363 1885/950/1850 1894/963/1859
f 1386/430/1363 1894/963/1859 1385/429/1362
f 1385/429/1362 1894/963/1859 1895/964/1860
f 1385/429/1362 1895/964/1860 1384/428/1361
g EAGLE_ Head_07_14
f 1384/428/1361 1895/964/1860 1896/965/1861
f 1384/428/1361 1896/965/1861 1383/427/1360
f 1232/234/1209 406/191/402 397/182/393
f 1232/234/1209 397/182/393 1229/233/1206
f 1897/966/1862 403/188/399 1250/254/1227
f 1897/966/1862 1250/254/1227 1248/252/1225
f 1248/252/1225 1246/250/1223 1898/967/1863
f 1248/252/1225 1898/967/1863 1897/966/1862
f 1246/250/1223 1243/247/1220 1899/968/1864
f 1246/250/1223 1899/968/1864 1898/967/1863
f 1241/245/1218 400/185/396 1899/968/1864
f 1241/245/1218 1899/968/1864 1243/247/1220
f 1254/257/1231 404/190/400 406/191/402
f 1254/257/1231 406/191/402 1232/234/1209
f 1239/243/1216 398/184/394 400/185/396
f 1239/243/1216 400/185/396 1241/245/1218
f 419/204/415 1899/968/1864 400/185/396
f 419/204/415 400/185/396 399/186/395
f 419/204/415 418/205/414 1898/967/1863
f 419/204/415 1898/967/1863 1899/968/1864
f 418/205/414 408/194/404 1897/966/1862
f 418/205/414 1897/966/1862 1898/967/1863
f 408/194/404 401/187/397 403/188/399
f 408/194/404 403/188/399 1897/966/1862
f 403/188/399 402/189/398 1252/256/1229
f 403/188/399 1252/256/1229 1250/254/1227
f 402/189/398 404/190/400 1254/257/1231
f 402/189/398 1254/257/1231 1252/256/1229
f 405/192/401 395/181/391 397/182/393
f 405/192/401 397/182/393 406/191/402
f 1238/242/1215 416/202/412 398/184/394
f 1238/242/1215 398/184/394 1239/243/1216
f 1238/242/1215 1236/240/1213 412/197/408
f 1238/242/1215 412/197/408 416/202/412
f 396/183/392 412/197/408 1236/240/1213
f 396/183/392 1236/240/1213 1234/238/1211
f 397/182/393 396/183/392 1234/238/1211
f 397/182/393 1234/238/1211 1229/233/1206
f 407/193/403 420/206/416 402/189/398
f 407/193/403 402/189/398 401/187/397
f 409/195/405 404/190/400 402/189/398
f 409/195/405 402/189/398 420/206/416
f 410/196/406 411/198/407 396/183/392
f 410/196/406 396/183/392 395/181/391
f 411/198/407 415/200/411 416/202/412
f 411/198/407 416/202/412 412/197/408
f 417/203/413 407/193/403 408/194/404
f 417/203/413 408/194/404 418/205/414
f 414/201/410 417/203/413 419/204/415
f 414/201/410 419/204/415 399/186/395
f 1896/965/1861 1900/969/1865 1382/426/1359
f 1896/965/1861 1382/426/1359 1383/427/1360
f 1900/969/1865 1901/970/1866 1380/424/1357
f 1900/969/1865 1380/424/1357 1382/426/1359
f 1380/424/1357 1901/970/1866 1902/971/1867
f 1380/424/1357 1902/971/1867 1381/425/1358
f 1381/425/1358 1902/971/1867 1903/972/1868
f 1381/425/1358 1903/972/1868 1395/441/1372
f 1903/972/1868 1904/973/1869 1423/477/1400
f 1903/972/1868 1423/477/1400 1395/441/1372
f 1904/973/1869 1905/974/1870 1424/478/1401
f 1904/973/1869 1424/478/1401 1423/477/1400
f 1906/975/1871 1425/479/1402 1424/478/1401
f 1906/975/1871 1424/478/1401 1905/974/1870
f 1907/976/1872 1426/480/1403 1425/479/1402
f 1907/976/1872 1425/479/1402 1906/975/1871
f 1907/976/1872 1908/977/1873 1427/481/1404
f 1907/976/1872 1427/481/1404 1426/480/1403
f 1908/977/1873 1909/978/1874 1428/482/1405
f 1908/977/1873 1428/482/1405 1427/481/1404
s 10
f 1910/979/1875 1911/982/1876 1912/981/1877
f 1910/979/1875 1912/981/1877 1913/980/1869
f 1914/983/1878 1915/984/1879 1911/982/1876
f 1914/983/1878 1911/982/1876 1910/979/1875
f 1911/982/1876 430/215/426 1916/985/1871
f 1911/982/1876 1916/985/1871 1912/981/1877
f 429/216/425 1917/986/1872 1916/985/1871
f 429/216/425 1916/985/1871 430/215/426
f 429/216/425 431/217/427 1918/987/1880
f 429/216/425 1918/987/1880 1917/986/1872
f 431/217/427 424/210/420 426/211/422
f 431/217/427 426/211/422 1918/987/1880
s 1
f 1919/988/1881 1429/483/1406 1428/482/1405
f 1919/988/1881 1428/482/1405 1909/978/1874
f 1429/483/1406 1919/988/1881 1199/989/1185
f 1429/483/1406 1199/989/1185 694/484/690
s 10
f 425/212/421 427/213/423 1201/991/1186
f 425/212/421 1201/991/1186 1200/990/1185
f 428/214/424 427/213/423 424/210/420
f 428/214/424 424/210/420 431/217/427
f 428/214/424 1202/992/1187 1201/991/1186
f 428/214/424 1201/991/1186 427/213/423
f 1202/992/1187 428/214/424 1915/984/1879
f 1202/992/1187 1915/984/1879 1203/993/1188
f 1915/984/1879 428/214/424 430/215/426
f 1915/984/1879 430/215/426 1911/982/1876
f 1920/994/1882 1910/979/1875 1913/980/1869
f 1920/994/1882 1913/980/1869 1921/995/1868
f 1922/996/1883 1920/994/1882 1921/995/1868
f 1922/996/1883 1921/995/1868 1923/997/1884
f 1924/998/1885 1922/996/1883 1923/997/1884
f 1924/998/1885 1923/997/1884 1925/999/1886
f 432/218/428 1924/998/1885 1925/999/1886
f 432/218/428 1925/999/1886 423/209/419
f 393/179/389 433/219/429 435/223/431
f 393/179/389 435/223/431 432/218/428
f 432/218/428 435/223/431 1926/1000/1887
f 432/218/428 1926/1000/1887 1924/998/1885
f 1211/1001/1195 1926/1000/1887 435/223/431
f 1211/1001/1195 435/223/431 224/224/221
f 1926/1000/1887 1927/1002/1888 1922/996/1883
f 1926/1000/1887 1922/996/1883 1924/998/1885
f 1927/1002/1888 1928/1003/1889 1920/994/1882
f 1927/1002/1888 1920/994/1882 1922/996/1883
f 1910/979/1875 1920/994/1882 1928/1003/1889
f 1910/979/1875 1928/1003/1889 1914/983/1878
f 1914/983/1878 1214/1004/1198 1203/993/1188
f 1914/983/1878 1203/993/1188 1915/984/1879
f 1928/1003/1889 1215/1005/1199 1214/1004/1198
f 1928/1003/1889 1214/1004/1198 1914/983/1878
f 1211/1001/1195 1216/1006/1200 1927/1002/1888
f 1211/1001/1195 1927/1002/1888 1926/1000/1887
f 1216/1006/1200 1215/1005/1199 1928/1003/1889
f 1216/1006/1200 1928/1003/1889 1927/1002/1888
s 19
g EAGLE_ R Toe12_036_44
f 1929/105/1890 1930/587/1891 1931/586/1890
f 1929/105/1890 1931/586/1890 1932/101/1890
s 20
f 1933/101/1892 1934/586/1892 1935/585/1892
f 1933/101/1892 1935/585/1892 1936/100/1893
s 21
f 1937/584/1894 1938/583/1894 1939/106/1894
f 1937/584/1894 1939/106/1894 1940/225/1894
s 1
g EAGLE_ Pelvis_03_10
f 439/230/435 438/229/434 1140/930/1128
g EAGLE_ L UpperArm_017_25
f 439/230/435 1140/930/1128 1139/929/1127
g EAGLE_ Pelvis_03_10
f 1139/929/1127 1140/930/1128 1144/934/1132
g EAGLE_ Spine_04_11
f 1139/929/1127 1144/934/1132 1138/928/1126
g EAGLE_ Pelvis_03_10
f 1874/1010/1841 1872/1009/1839 1871/1008/1838
g EAGLE_ Spine_04_11
f 1874/1010/1841 1871/1008/1838 1870/1007/1837
g EAGLE_ Pelvis_03_10
f 1871/1008/1838 1872/1009/1839 441/232/437
g EAGLE_ R UpperArm_010_17
f 1871/1008/1838 441/232/437 440/231/436
s 0
g EAGLE_ L HorseLink_039_47
f 1941/1011/1895 1942/1012/1895 1943/1013/1895
f 1941/1011/1896 1943/1013/1896 1944/1014/1896
g EAGLE_ L Calf_038_46
f 1945/1011/1897 1946/1012/1897 1947/1013/1897
f 1945/1011/1898 1947/1013/1898 1948/1014/1898
g EAGLE_ L HorseLink_039_47
f 1949/1011/1899 1950/1012/1899 1951/1013/1899
f 1949/1011/1900 1951/1013/1900 1952/1014/1900
g EAGLE_ L Calf_038_46
f 1953/1013/1901 1954/1012/1901 1955/1011/1901
g EAGLE_ L HorseLink_039_47
f 1953/1013/1902 1955/1011/1902 1956/1014/1902
g EAGLE_ L Calf_038_46
f 1957/1013/1903 1958/1012/1903 1959/1011/1903
f 1957/1013/1904 1959/1011/1904 1960/1014/1904
f 1961/1013/1905 1962/1012/1905 1963/1011/1905
f 1961/1013/1906 1963/1011/1906 1964/1014/1906
f 1965/1013/1907 1966/1012/1907 1967/1011/1907
f 1965/1013/1908 1967/1011/1908 1968/1014/1908
f 1969/1013/1909 1970/1012/1909 1971/1011/1909
f 1969/1013/1910 1971/1011/1910 1972/1014/1910
f 1973/1013/1911 1974/1012/1911 1975/1011/1911
f 1973/1013/1912 1975/1011/1912 1976/1014/1912
s 40
f 1977/1013/1913 1978/1012/1913 1979/1011/1913
s 0
f 1977/1013/1914 1979/1011/1914 1980/1014/1914
f 1981/1013/1915 1982/1012/1915 1983/1011/1915
f 1981/1013/1916 1983/1011/1916 1984/1014/1916
f 1985/1011/1917 1986/1012/1917 1987/1013/1917
f 1985/1011/1918 1987/1013/1918 1988/1014/1918
f 1989/1011/1919 1990/1012/1919 1991/1013/1919
f 1989/1011/1920 1991/1013/1920 1992/1014/1920
f 1993/1013/1921 1994/1012/1921 1995/1011/1921
f 1993/1013/1922 1995/1011/1922 1996/1014/1922
f 1997/1013/1923 1998/1012/1923 1999/1011/1923
f 1997/1013/1924 1999/1011/1924 2000/1014/1924
g EAGLE_ L HorseLink_039_47
f 2001/1015/1925 2002/1016/1925 2003/1017/1925
f 2001/1015/1926 2003/1017/1926 2004/1018/1926
f 2005/1013/1927 2006/1012/1927 2007/1011/1927
f 2005/1013/1928 2007/1011/1928 2008/1014/1928
f 2009/1013/1929 2010/1012/1929 2011/1011/1929
f 2009/1013/1930 2011/1011/1930 2012/1014/1930
g EAGLE_ L Calf_038_46
f 2013/1013/1931 2014/1012/1931 2015/1011/1931
g EAGLE_ L HorseLink_039_47
f 2013/1013/1932 2015/1011/1932 2016/1014/1932
g EAGLE_ L Calf_038_46
f 2017/1013/1933 2018/1012/1933 2019/1011/1933
s 61
g EAGLE_ L HorseLink_039_47
f 2017/1013/1934 2019/1011/1934 2020/1014/1934
s 0
f 2021/1015/1935 2022/1016/1935 2023/1017/1935
f 2021/1015/1936 2023/1017/1936 2024/1018/1936
f 2025/1013/1937 2026/1012/1937 2027/1011/1937
f 2025/1013/1938 2027/1011/1938 2028/1014/1938
f 2029/1015/1939 2030/1016/1939 2031/1017/1939
f 2029/1015/1940 2031/1017/1940 2032/1018/1940
f 2033/1013/1941 2034/1012/1941 2035/1011/1941
f 2033/1013/1942 2035/1011/1942 2036/1014/1942
f 2037/1013/1943 2038/1012/1943 2039/1011/1943
f 2037/1013/1944 2039/1011/1944 2040/1014/1944
f 2041/1019/1945 2042/1020/1945 2043/1021/1945
f 2041/1019/1946 2043/1021/1946 2044/1022/1946
f 2045/1019/1947 2046/1020/1947 2047/1021/1947
f 2045/1019/1948 2047/1021/1948 2048/1022/1948
f 2049/1023/1949 2050/1024/1949 2051/1025/1949
f 2049/1023/1950 2051/1025/1950 2052/1026/1950
f 2053/1015/1951 2054/1016/1951 2055/1017/1951
f 2053/1015/1952 2055/1017/1952 2056/1018/1952
g EAGLE_ L Calf_038_46
f 2057/1013/1953 2058/1012/1953 2059/1011/1953
s 81
g EAGLE_ L HorseLink_039_47
f 2057/1013/1954 2059/1011/1954 2060/1014/1954
s 0
g EAGLE_ R HorseLink_029_37
f 2061/1013/1955 2062/1012/1955 2063/1011/1955
f 2061/1013/1956 2063/1011/1956 2064/1014/1956
s 84
g EAGLE_ R Calf_028_36
f 2065/1013/1957 2066/1012/1957 2067/1011/1957
s 0
f 2065/1013/1958 2067/1011/1958 2068/1014/1958
g EAGLE_ R HorseLink_029_37
f 2069/1013/1959 2070/1012/1959 2071/1011/1959
f 2069/1013/1960 2071/1011/1960 2072/1014/1960
g EAGLE_ R Calf_028_36
f 2073/1011/1961 2074/1012/1961 2075/1013/1961
g EAGLE_ R HorseLink_029_37
f 2073/1011/1962 2075/1013/1962 2076/1014/1962
g EAGLE_ R Calf_028_36
f 2077/1011/1963 2078/1012/1963 2079/1013/1963
f 2077/1011/1964 2079/1013/1964 2080/1014/1964
f 2081/1011/1965 2082/1012/1965 2083/1013/1965
f 2081/1011/1966 2083/1013/1966 2084/1014/1966
f 2085/1011/1967 2086/1012/1967 2087/1013/1967
f 2085/1011/1968 2087/1013/1968 2088/1014/1968
f 2089/1011/1969 2090/1012/1969 2091/1013/1969
f 2089/1011/1970 2091/1013/1970 2092/1014/1970
f 2093/1011/1971 2094/1012/1971 2095/1013/1971
f 2093/1011/1972 2095/1013/1972 2096/1014/1972
f 2097/1011/1973 2098/1012/1973 2099/1013/1973
f 2097/1011/1974 2099/1013/1974 2100/1014/1974
f 2101/1011/1975 2102/1012/1975 2103/1013/1975
f 2101/1011/1976 2103/1013/1976 2104/1014/1976
f 2105/1013/1977 2106/1012/1977 2107/1011/1977
f 2105/1013/1978 2107/1011/1978 2108/1014/1978
f 2109/1013/1979 2110/1012/1979 2111/1011/1979
f 2109/1013/1980 2111/1011/1980 2112/1014/1980
f 2113/1011/1981 2114/1012/1981 2115/1013/1981
f 2113/1011/1982 2115/1013/1982 2116/1014/1982
f 2117/1011/1983 2118/1012/1983 2119/1013/1983
f 2117/1011/1984 2119/1013/1984 2120/1014/1984
g EAGLE_ R HorseLink_029_37
f 2121/1017/1985 2122/1016/1985 2123/1015/1985
f 2121/1017/1986 2123/1015/1986 2124/1018/1986
f 2125/1011/1987 2126/1012/1987 2127/1013/1987
f 2125/1011/1988 2127/1013/1988 2128/1014/1988
f 2129/1011/1989 2130/1012/1989 2131/1013/1989
f 2129/1011/1990 2131/1013/1990 2132/1014/1990
g EAGLE_ R Calf_028_36
f 2133/1011/1991 2134/1012/1991 2135/1013/1991
g EAGLE_ R HorseLink_029_37
f 2133/1011/1992 2135/1013/1992 2136/1014/1992
g EAGLE_ R Calf_028_36
f 2137/1011/1993 2138/1012/1993 2139/1013/1993
s 121
g EAGLE_ R HorseLink_029_37
f 2137/1011/1994 2139/1013/1994 2140/1014/1994
s 0
f 2141/1017/1995 2142/1016/1995 2143/1015/1995
f 2141/1017/1996 2143/1015/1996 2144/1018/1996
f 2145/1011/1997 2146/1012/1997 2147/1013/1997
f 2145/1011/1998 2147/1013/1998 2148/1014/1998
f 2149/1017/1999 2150/1016/1999 2151/1015/1999
f 2149/1017/2000 2151/1015/2000 2152/1018/2000
f 2153/1011/2001 2154/1012/2001 2155/1013/2001
f 2153/1011/2002 2155/1013/2002 2156/1014/2002
f 2157/1011/2003 2158/1012/2003 2159/1013/2003
f 2157/1011/2004 2159/1013/2004 2160/1014/2004
f 2161/1021/2005 2162/1020/2005 2163/1019/2005
f 2161/1021/2006 2163/1019/2006 2164/1022/2006
f 2165/1021/2007 2166/1020/2007 2167/1019/2007
f 2165/1021/2008 2167/1019/2008 2168/1022/2008
f 2169/1025/2009 2170/1024/2009 2171/1023/2009
f 2169/1025/2010 2171/1023/2010 2172/1026/2010
f 2173/1017/2011 2174/1016/2011 2175/1015/2011
f 2173/1017/2012 2175/1015/2012 2176/1018/2012
g EAGLE_ R Calf_028_36
f 2177/1011/2013 2178/1012/2013 2179/1013/2013
g EAGLE_ R HorseLink_029_37
f 2177/1011/2014 2179/1013/2014 2180/1014/2014
g EAGLE_ L HorseLink_039_47
f 2181/1013/2015 2182/1012/2015 2183/1011/2015
f 2181/1013/2016 2183/1011/2016 2184/1014/2016
g EAGLE_ L Calf_038_46
f 2185/1013/2017 2186/1012/2017 2187/1011/2017
f 2185/1013/2018 2187/1011/2018 2188/1014/2018
g EAGLE_ L HorseLink_039_47
f 2189/1013/2019 2190/1012/2019 2191/1011/2019
f 2189/1013/2020 2191/1011/2020 2192/1014/2020
g EAGLE_ L Calf_038_46
f 2193/1011/2021 2194/1012/2021 2195/1013/2021
g EAGLE_ L HorseLink_039_47
f 2193/1011/2022 2195/1013/2022 2196/1014/2022
g EAGLE_ L Calf_038_46
f 2197/1011/2023 2198/1012/2023 2199/1013/2023
f 2197/1011/2024 2199/1013/2024 2200/1014/2024
f 2201/1011/2025 2202/1012/2025 2203/1013/2025
f 2201/1011/2026 2203/1013/2026 2204/1014/2026
f 2205/1011/2027 2206/1012/2027 2207/1013/2027
f 2205/1011/2028 2207/1013/2028 2208/1014/2028
f 2209/1011/2029 2210/1012/2029 2211/1013/2029
f 2209/1011/2030 2211/1013/2030 2212/1014/2030
f 2213/1011/2031 2214/1012/2031 2215/1013/2031
f 2213/1011/2032 2215/1013/2032 2216/1014/2032
f 2217/1011/2033 2218/1012/2033 2219/1013/2033
f 2217/1011/2034 2219/1013/2034 2220/1014/2034
f 2221/1011/2035 2222/1012/2035 2223/1013/2035
s 163
f 2221/1011/2036 2223/1013/2036 2224/1014/2036
s 0
f 2225/1013/2037 2226/1012/2037 2227/1011/2037
f 2225/1013/2038 2227/1011/2038 2228/1014/2038
f 2229/1013/2039 2230/1012/2039 2231/1011/2039
f 2229/1013/2040 2231/1011/2040 2232/1014/2040
f 2233/1011/2041 2234/1012/2041 2235/1013/2041
f 2233/1011/2042 2235/1013/2042 2236/1014/2042
f 2237/1011/2043 2238/1012/2043 2239/1013/2043
f 2237/1011/2044 2239/1013/2044 2240/1014/2044
g EAGLE_ L HorseLink_039_47
f 2241/1017/2045 2242/1016/2045 2243/1015/2045
f 2241/1017/2046 2243/1015/2046 2244/1018/2046
f 2245/1011/2047 2246/1012/2047 2247/1013/2047
f 2245/1011/2048 2247/1013/2048 2248/1014/2048
s 176
f 2249/1011/2049 2250/1012/2050 2251/1013/2051
f 2249/1011/2049 2251/1013/2051 2252/1014/2052
s 0
g EAGLE_ L Calf_038_46
f 2253/1011/2053 2254/1012/2053 2255/1013/2053
g EAGLE_ L HorseLink_039_47
f 2253/1011/2054 2255/1013/2054 2256/1014/2054
g EAGLE_ L Calf_038_46
f 2257/1011/2055 2258/1012/2055 2259/1013/2055
g EAGLE_ L HorseLink_039_47
f 2257/1011/2056 2259/1013/2056 2260/1014/2056
f 2261/1017/2057 2262/1016/2057 2263/1015/2057
f 2261/1017/2058 2263/1015/2058 2264/1018/2058
f 2265/1011/2059 2266/1012/2059 2267/1013/2059
f 2265/1011/2060 2267/1013/2060 2268/1014/2060
f 2269/1017/2061 2270/1016/2061 2271/1015/2061
f 2269/1017/2062 2271/1015/2062 2272/1018/2062
f 2273/1011/2063 2274/1012/2063 2275/1013/2063
f 2273/1011/2064 2275/1013/2064 2276/1014/2064
f 2277/1011/2065 2278/1012/2065 2279/1013/2065
f 2277/1011/2066 2279/1013/2066 2280/1014/2066
f 2281/1021/2067 2282/1020/2067 2283/1019/2067
f 2281/1021/2068 2283/1019/2068 2284/1022/2068
f 2285/1021/2069 2286/1020/2069 2287/1019/2069
s 194
f 2285/1021/2070 2287/1019/2070 2288/1022/2070
s 0
f 2289/1025/2071 2290/1024/2071 2291/1023/2071
f 2289/1025/2072 2291/1023/2072 2292/1026/2072
f 2293/1017/2073 2294/1016/2073 2295/1015/2073
f 2293/1017/2074 2295/1015/2074 2296/1018/2074
g EAGLE_ L Calf_038_46
f 2297/1011/2075 2298/1012/2075 2299/1013/2075
s 200
g EAGLE_ L HorseLink_039_47
f 2297/1011/2076 2299/1013/2076 2300/1014/2076
s 0
g EAGLE_ R HorseLink_029_37
f 2301/1011/2077 2302/1012/2077 2303/1013/2077
f 2301/1011/2078 2303/1013/2078 2304/1014/2078
s 203
g EAGLE_ R Calf_028_36
f 2305/1011/2079 2306/1012/2079 2307/1013/2079
s 0
f 2305/1011/2080 2307/1013/2080 2308/1014/2080
g EAGLE_ R HorseLink_029_37
f 2309/1011/2081 2310/1012/2081 2311/1013/2081
f 2309/1011/2082 2311/1013/2082 2312/1014/2082
g EAGLE_ R Calf_028_36
f 2313/1013/2083 2314/1012/2083 2315/1011/2083
g EAGLE_ R HorseLink_029_37
f 2313/1013/2084 2315/1011/2084 2316/1014/2084
g EAGLE_ R Calf_028_36
f 2317/1013/2085 2318/1012/2085 2319/1011/2085
f 2317/1013/2086 2319/1011/2086 2320/1014/2086
f 2321/1013/2087 2322/1012/2087 2323/1011/2087
f 2321/1013/2088 2323/1011/2088 2324/1014/2088
f 2325/1013/2089 2326/1012/2089 2327/1011/2089
f 2325/1013/2090 2327/1011/2090 2328/1014/2090
f 2329/1013/2091 2330/1012/2091 2331/1011/2091
f 2329/1013/2092 2331/1011/2092 2332/1014/2092
f 2333/1013/2093 2334/1012/2093 2335/1011/2093
f 2333/1013/2094 2335/1011/2094 2336/1014/2094
f 2337/1013/2095 2338/1012/2095 2339/1011/2095
f 2337/1013/2096 2339/1011/2096 2340/1014/2096
f 2341/1013/2097 2342/1012/2097 2343/1011/2097
f 2341/1013/2098 2343/1011/2098 2344/1014/2098
f 2345/1011/2099 2346/1012/2099 2347/1013/2099
f 2345/1011/2100 2347/1013/2100 2348/1014/2100
f 2349/1011/2101 2350/1012/2101 2351/1013/2101
f 2349/1011/2102 2351/1013/2102 2352/1014/2102
f 2353/1013/2103 2354/1012/2103 2355/1011/2103
f 2353/1013/2104 2355/1011/2104 2356/1014/2104
f 2357/1013/2105 2358/1012/2105 2359/1011/2105
f 2357/1013/2106 2359/1011/2106 2360/1014/2106
g EAGLE_ R HorseLink_029_37
f 2361/1015/2107 2362/1016/2107 2363/1017/2107
f 2361/1015/2108 2363/1017/2108 2364/1018/2108
f 2365/1013/2109 2366/1012/2109 2367/1011/2109
f 2365/1013/2110 2367/1011/2110 2368/1014/2110
f 2369/1013/2111 2370/1012/2111 2371/1011/2111
f 2369/1013/2112 2371/1011/2112 2372/1014/2112
g EAGLE_ R Calf_028_36
f 2373/1013/2113 2374/1012/2113 2375/1011/2113
s 238
g EAGLE_ R HorseLink_029_37
f 2373/1013/2114 2375/1011/2114 2376/1014/2114
s 0
g EAGLE_ R Calf_028_36
f 2377/1013/2115 2378/1012/2115 2379/1011/2115
g EAGLE_ R HorseLink_029_37
f 2377/1013/2116 2379/1011/2116 2380/1014/2116
f 2381/1015/2117 2382/1016/2117 2383/1017/2117
f 2381/1015/2118 2383/1017/2118 2384/1018/2118
f 2385/1013/2119 2386/1012/2119 2387/1011/2119
f 2385/1013/2120 2387/1011/2120 2388/1014/2120
f 2389/1015/2121 2390/1016/2121 2391/1017/2121
f 2389/1015/2122 2391/1017/2122 2392/1018/2122
f 2393/1013/2123 2394/1012/2123 2395/1011/2123
f 2393/1013/2124 2395/1011/2124 2396/1014/2124
s 249
f 2397/1013/2125 2398/1012/2125 2399/1011/2125
s 0
f 2397/1013/2126 2399/1011/2126 2400/1014/2126
f 2401/1019/2127 2402/1020/2127 2403/1021/2127
f 2401/1019/2128 2403/1021/2128 2404/1022/2128
f 2405/1019/2129 2406/1020/2129 2407/1021/2129
f 2405/1019/2130 2407/1021/2130 2408/1022/2130
f 2409/1023/2131 2410/1024/2131 2411/1025/2131
f 2409/1023/2132 2411/1025/2132 2412/1026/2132
f 2413/1015/2133 2414/1016/2133 2415/1017/2133
f 2413/1015/2134 2415/1017/2134 2416/1018/2134
g EAGLE_ R Calf_028_36
f 2417/1013/2135 2418/1012/2135 2419/1011/2135
g EAGLE_ R HorseLink_029_37
f 2417/1013/2136 2419/1011/2136 2420/1014/2136
