# Blender 4.4.3
# www.blender.org
mtllib es_minecraft_temple.mtl
g __(4)__2800_64_-6816_to_2814_79_-6805_Malla
v 6.132420 3.868880 -3.250000
v 6.132420 3.868880 -3.416660
v 6.027980 3.998780 -3.250000
v 6.027980 3.998780 -3.416660
v 5.482960 3.346720 -3.250000
v 5.482960 3.346720 -3.416660
v 6.132420 3.868880 -3.250000
v 6.132420 3.868880 -3.416660
v 5.378540 3.476600 -3.250000
v 5.378540 3.476600 -3.416660
v 6.027980 3.998780 -3.250000
v 6.027980 3.998780 -3.416660
v 5.333340 3.000000 -3.083340
v 5.333340 3.000000 -3.583340
v 5.583340 3.000000 -3.083340
v 5.583340 3.000000 -3.583340
v 5.333340 3.666660 -3.083340
v 5.333340 3.666660 -3.583340
v 5.583340 3.666660 -3.083340
v 5.583340 3.666660 -3.583340
v 6.132420 3.868880 -4.583340
v 6.132420 3.868881 -4.750000
v 6.027980 3.998780 -4.583340
v 6.027980 3.998780 -4.750000
v 5.482960 3.346720 -4.583340
v 5.482960 3.346720 -4.750000
v 6.132420 3.868880 -4.583340
v 6.132420 3.868881 -4.750000
v 5.378540 3.476600 -4.583340
v 5.378540 3.476601 -4.750000
v 6.027980 3.998780 -4.583340
v 6.027980 3.998780 -4.750000
v 5.333340 3.000000 -4.416660
v 5.333340 3.000000 -4.916660
v 5.583340 3.000000 -4.416660
v 5.583340 3.000000 -4.916660
v 5.333340 3.666660 -4.416660
v 5.333340 3.666660 -4.916659
v 5.583340 3.666660 -4.416660
v 5.583340 3.666660 -4.916659
v 6.132420 3.868881 -5.916659
v 6.132420 3.868881 -6.083340
v 6.027980 3.998780 -5.916659
v 6.027980 3.998780 -6.083340
v 5.482960 3.346720 -5.916659
v 5.482960 3.346720 -6.083340
v 6.132420 3.868881 -5.916659
v 6.132420 3.868881 -6.083340
v 5.378540 3.476601 -5.916659
v 5.378540 3.476601 -6.083340
v 6.027980 3.998780 -5.916659
v 6.027980 3.998780 -6.083340
v 5.333340 3.000000 -5.750000
v 5.333340 3.000000 -6.250000
v 5.583340 3.000000 -5.750000
v 5.583340 3.000000 -6.250000
v 5.333340 3.666660 -5.750000
v 5.333340 3.666660 -6.250000
v 5.583340 3.666660 -5.750000
v 5.583340 3.666660 -6.250000
v 4.000000 2.687500 -4.000000
v 2.666660 2.687500 -4.000000
v 4.000000 2.687500 -4.000000
v 2.666660 2.687500 -4.000000
v 4.000000 2.687500 -2.666660
v 2.666660 2.687500 -2.666660
v 4.000000 2.687500 -2.666660
v 2.666660 2.687500 -2.666660
v 2.666660 2.666660 -5.333340
v 4.000000 2.666660 -5.333340
v 2.666660 2.833340 -5.333340
v 4.000000 2.833340 -5.333340
v 2.666660 2.666660 -6.666660
v 4.000000 2.666660 -6.666660
v 2.666660 2.833340 -6.666660
v 4.000000 2.833340 -6.666660
v 3.166660 2.833340 -5.833340
v 3.333340 2.833340 -5.833340
v 3.166660 3.333340 -5.833340
v 3.333340 3.333340 -5.833340
v 3.166660 2.833340 -6.166660
v 3.333340 2.833340 -6.166660
v 3.166660 3.333340 -6.166660
v 3.333340 3.333340 -6.166660
v 3.083340 2.833340 -5.916660
v 3.416660 2.833340 -5.916660
v 3.083340 3.333340 -5.916659
v 3.416660 3.333340 -5.916659
v 3.083340 2.833340 -6.083340
v 3.416660 2.833340 -6.083340
v 3.083340 3.333340 -6.083340
v 3.416660 3.333340 -6.083340
v 3.166660 2.833340 -5.916660
v 3.333340 2.833340 -5.916660
v 3.166660 3.250000 -5.916659
v 3.333340 3.250000 -5.916659
v 3.166660 2.833340 -6.083340
v 3.333340 2.833340 -6.083340
v 3.166660 3.250000 -6.083340
v 3.333340 3.250000 -6.083340
v 2.833340 2.833340 -5.833340
v 3.000000 2.833340 -5.833340
v 2.833340 3.333340 -5.833340
v 3.000000 3.333340 -5.833340
v 2.833340 2.833340 -6.166660
v 3.000000 2.833340 -6.166660
v 2.833340 3.333340 -6.166660
v 3.000000 3.333340 -6.166660
v 2.750000 2.833340 -5.916660
v 3.083340 2.833340 -5.916660
v 2.750000 3.333340 -5.916659
v 3.083340 3.333340 -5.916659
v 2.750000 2.833340 -6.083340
v 3.083340 2.833340 -6.083340
v 2.750000 3.333340 -6.083340
v 3.083340 3.333340 -6.083340
v 2.833340 2.833340 -5.916660
v 3.000000 2.833340 -5.916660
v 2.833340 3.250000 -5.916659
v 3.000000 3.250000 -5.916659
v 2.833340 2.833340 -6.083340
v 3.000000 2.833340 -6.083340
v 2.833340 3.250000 -6.083340
v 3.000000 3.250000 -6.083340
v 2.666660 2.687500 -4.000000
v 1.333334 2.687500 -4.000000
v 2.666660 2.687500 -4.000000
v 1.333334 2.687500 -4.000000
v 2.666660 2.687500 -2.666660
v 1.333334 2.687500 -2.666660
v 2.666660 2.687500 -2.666660
v 1.333334 2.687500 -2.666660
v 2.666660 4.020840 -5.333340
v 2.666660 4.020840 -6.666659
v 2.666660 4.020840 -5.333340
v 2.666660 4.020840 -6.666659
v 1.333334 4.020840 -5.333340
v 1.333334 4.020840 -6.666659
v 1.333334 4.020840 -5.333340
v 1.333334 4.020840 -6.666659
v 0.833334 1.416666 6.666660
v 0.833334 1.416666 6.500000
v 0.833334 2.083339 6.666660
v 0.833334 2.083339 6.500000
v 0.500000 1.416666 6.666660
v 0.500000 1.416666 6.500000
v 0.500000 2.083339 6.666660
v 0.500000 2.083339 6.500000
v 0.733334 1.766666 6.166660
v 0.733334 1.899999 6.166660
v 0.733334 1.766666 6.500000
v 0.733334 1.899999 6.500000
v 0.600000 1.766666 6.166660
v 0.600000 1.899999 6.166660
v 0.600000 1.766666 6.500000
v 0.600000 1.899999 6.500000
v 0.833334 1.832209 6.165480
v 0.833334 1.704648 5.857520
v 0.833334 1.893801 6.139960
v 0.833334 1.766240 5.832000
v 0.722222 1.832209 6.165480
v 0.722222 1.704648 5.857520
v 0.722222 1.893801 6.139960
v 0.722222 1.766240 5.832000
v 0.611110 1.832209 6.165480
v 0.611110 1.704648 5.857520
v 0.611110 1.893801 6.139960
v 0.611110 1.766240 5.832000
v 0.500000 1.832209 6.165480
v 0.500000 1.704648 5.857520
v 0.500000 1.893801 6.139960
v 0.500000 1.766240 5.832000
v 0.722222 1.747168 5.960180
v 0.722222 1.704648 5.857520
v 0.722222 1.808760 5.934660
v 0.722222 1.766240 5.832000
v 0.611110 1.747168 5.960180
v 0.611110 1.704648 5.857520
v 0.611110 1.808760 5.934660
v 0.611110 1.766240 5.832000
v 0.722222 1.832209 6.165480
v 0.722222 1.789688 6.062820
v 0.722222 1.893801 6.139960
v 0.722222 1.851279 6.037320
v 0.611110 1.832209 6.165480
v 0.611110 1.789688 6.062820
v 0.611110 1.893801 6.139960
v 0.611110 1.851279 6.037320
v 0.500000 1.416666 1.333334
v 0.500000 1.416666 1.500000
v 0.500000 2.083340 1.333334
v 0.500000 2.083340 1.500000
v 0.833334 1.416666 1.333334
v 0.833334 1.416666 1.500000
v 0.833334 2.083340 1.333334
v 0.833334 2.083340 1.500000
v 0.600000 1.766666 1.833334
v 0.600000 1.900000 1.833334
v 0.600000 1.766666 1.500000
v 0.600000 1.900000 1.500000
v 0.733334 1.766666 1.833334
v 0.733334 1.900000 1.833334
v 0.733334 1.766666 1.500000
v 0.733334 1.900000 1.500000
v 0.500000 1.832210 1.834522
v 0.500000 1.704648 2.142480
v 0.500000 1.893800 1.860034
v 0.500000 1.766240 2.168000
v 0.611112 1.832210 1.834522
v 0.611112 1.704648 2.142480
v 0.611112 1.893800 1.860034
v 0.611112 1.766240 2.168000
v 0.722222 1.832210 1.834522
v 0.722222 1.704648 2.142480
v 0.722222 1.893800 1.860034
v 0.722222 1.766240 2.168000
v 0.833334 1.832210 1.834522
v 0.833334 1.704648 2.142480
v 0.833334 1.893800 1.860034
v 0.833334 1.766240 2.168000
v 0.611112 1.747168 2.039820
v 0.611112 1.704648 2.142480
v 0.611112 1.808760 2.065340
v 0.611112 1.766240 2.168000
v 0.722222 1.747168 2.039820
v 0.722222 1.704648 2.142480
v 0.722222 1.808760 2.065340
v 0.722222 1.766240 2.168000
v 0.611112 1.832210 1.834522
v 0.611112 1.789688 1.937176
v 0.611112 1.893800 1.860034
v 0.611112 1.851280 1.962688
v 0.722222 1.832210 1.834522
v 0.722222 1.789688 1.937176
v 0.722222 1.893800 1.860034
v 0.722222 1.851280 1.962688
v 0.000000 1.354166 0.000000
v -1.333334 1.354166 0.000000
v 0.000000 1.354166 0.000000
v -1.333334 1.354166 0.000000
v 0.000000 1.354166 1.333334
v -1.333334 1.354166 1.333334
v 0.000000 1.354166 1.333334
v -1.333334 1.354166 1.333334
v -1.333334 1.354166 0.000000
v -2.666660 1.354166 0.000000
v -1.333334 1.354166 0.000000
v -2.666660 1.354166 0.000000
v -1.333334 1.354166 1.333334
v -2.666660 1.354166 1.333334
v -1.333334 1.354166 1.333334
v -2.666660 1.354166 1.333334
v -1.333334 1.354166 -2.666660
v -1.333334 1.354166 -4.000000
v -1.333334 1.354166 -2.666660
v -1.333334 1.354166 -4.000000
v -2.666660 1.354166 -2.666660
v -2.666660 1.354166 -4.000000
v -2.666660 1.354166 -2.666660
v -2.666660 1.354166 -4.000000
v -1.333334 1.354166 -4.000000
v -1.333334 1.354166 -5.333340
v -1.333334 1.354166 -4.000000
v -1.333334 1.354166 -5.333340
v -2.666660 1.354166 -4.000000
v -2.666660 1.354166 -5.333340
v -2.666660 1.354166 -4.000000
v -2.666660 1.354166 -5.333340
v -2.666660 1.354166 0.000000
v -4.000000 1.354166 0.000000
v -2.666660 1.354166 0.000000
v -4.000000 1.354166 0.000000
v -2.666660 1.354166 1.333334
v -4.000000 1.354166 1.333334
v -2.666660 1.354166 1.333334
v -4.000000 1.354166 1.333334
v -2.666660 1.416666 -2.166660
v -2.833340 1.416666 -2.166660
v -2.666660 2.083340 -2.166660
v -2.833340 2.083340 -2.166660
v -2.666660 1.416666 -1.833334
v -2.833340 1.416666 -1.833334
v -2.666660 2.083340 -1.833334
v -2.833340 2.083340 -1.833334
v -3.166660 1.766666 -2.066660
v -3.166660 1.900000 -2.066660
v -2.833340 1.766666 -2.066660
v -2.833340 1.900000 -2.066660
v -3.166660 1.766666 -1.933334
v -3.166660 1.900000 -1.933334
v -2.833340 1.766666 -1.933334
v -2.833340 1.900000 -1.933334
v -3.167860 1.832210 -2.166660
v -3.475820 1.704648 -2.166660
v -3.193360 1.893802 -2.166660
v -3.501320 1.766240 -2.166660
v -3.167860 1.832210 -2.055560
v -3.475820 1.704648 -2.055560
v -3.193360 1.893802 -2.055560
v -3.501320 1.766240 -2.055560
v -3.167860 1.832210 -1.944444
v -3.475820 1.704648 -1.944444
v -3.193360 1.893802 -1.944444
v -3.501320 1.766240 -1.944444
v -3.167860 1.832210 -1.833334
v -3.475820 1.704648 -1.833334
v -3.193360 1.893802 -1.833334
v -3.501320 1.766240 -1.833334
v -3.373160 1.747168 -2.055560
v -3.475820 1.704648 -2.055560
v -3.398680 1.808760 -2.055560
v -3.501320 1.766240 -2.055560
v -3.373160 1.747168 -1.944444
v -3.475820 1.704648 -1.944444
v -3.398680 1.808760 -1.944444
v -3.501320 1.766240 -1.944444
v -3.167860 1.832210 -2.055560
v -3.270500 1.789688 -2.055560
v -3.193360 1.893802 -2.055560
v -3.296020 1.851280 -2.055560
v -3.167860 1.832210 -1.944444
v -3.270500 1.789688 -1.944444
v -3.193360 1.893802 -1.944444
v -3.296020 1.851280 -1.944444
v -3.979160 1.333334 -4.000000
v -3.979160 1.333334 -5.333340
v -3.979160 2.666660 -5.333340
v -3.979160 2.666660 -4.000000
v -2.666660 1.354166 -5.333340
v -4.000000 1.354166 -5.333340
v -2.666660 1.354166 -5.333340
v -4.000000 1.354166 -5.333340
v -2.666660 1.354166 -4.000000
v -4.000000 1.354166 -4.000000
v -2.666660 1.354166 -4.000000
v -4.000000 1.354166 -4.000000
v -4.000000 1.354166 0.000000
v -5.333340 1.354166 0.000000
v -4.000000 1.354166 0.000000
v -5.333340 1.354166 0.000000
v -4.000000 1.354166 1.333334
v -5.333340 1.354166 1.333334
v -4.000000 1.354166 1.333334
v -5.333340 1.354166 1.333334
v -4.000000 2.687500 -5.333340
v -5.333340 2.687500 -5.333340
v -4.000000 2.687500 -5.333340
v -5.333340 2.687500 -5.333340
v -4.000000 2.687500 -4.000000
v -5.333340 2.687500 -4.000000
v -4.000000 2.687500 -4.000000
v -5.333340 2.687500 -4.000000
v -5.333340 1.354166 0.000000
v -6.666660 1.354166 0.000000
v -5.333340 1.354166 0.000000
v -6.666660 1.354166 0.000000
v -5.333340 1.354166 1.333334
v -6.666660 1.354166 1.333334
v -5.333340 1.354166 1.333334
v -6.666660 1.354166 1.333334
v -6.666660 2.666660 -3.916660
v -5.333340 2.666660 -3.916660
v -5.333340 4.000000 -3.916660
v -6.666660 4.000000 -3.916660
v -6.666660 4.000000 -3.916660
v -5.333340 4.000000 -3.916660
v -5.333340 5.333341 -3.916659
v -6.666660 5.333341 -3.916659
v -6.666660 5.250000 -4.000000
v -6.666660 5.250000 -2.666659
v -5.333340 5.250000 -2.666659
v -5.333340 5.250000 -4.000000
v -7.916660 1.333334 4.000000
v -7.916660 1.333334 2.666660
v -7.916660 2.666660 2.666660
v -7.916660 2.666660 4.000000
v -7.916660 2.666660 4.000000
v -7.916660 2.666660 2.666660
v -7.916660 4.000000 2.666660
v -7.916660 4.000000 4.000000
v -8.000000 3.916660 2.666660
v -8.000000 3.916660 4.000000
v -6.666660 3.916660 4.000000
v -6.666660 3.916660 2.666660
v -7.916660 2.666660 2.666660
v -7.916660 2.666660 1.333334
v -7.916660 4.000000 1.333334
v -7.916660 4.000000 2.666660
v -6.666660 1.354166 0.000000
v -8.000000 1.354166 0.000000
v -6.666660 1.354166 0.000000
v -8.000000 1.354166 0.000000
v -6.666660 1.354166 1.333334
v -8.000000 1.354166 1.333334
v -6.666660 1.354166 1.333334
v -8.000000 1.354166 1.333334
v -8.000000 1.354166 2.666660
v -8.000000 1.354166 1.333334
v -8.000000 1.354166 2.666660
v -8.000000 1.354166 1.333334
v -9.333340 1.354166 2.666660
v -9.333340 1.354166 1.333334
v -9.333340 1.354166 2.666660
v -9.333340 1.354166 1.333334
v -8.000000 1.354166 0.000000
v -9.333340 1.354166 0.000000
v -8.000000 1.354166 0.000000
v -9.333340 1.354166 0.000000
v -8.000000 1.354166 1.333334
v -9.333340 1.354166 1.333334
v -8.000000 1.354166 1.333334
v -9.333340 1.354166 1.333334
v -9.333340 1.416666 -1.833334
v -9.166659 1.416666 -1.833334
v -9.333340 2.083340 -1.833334
v -9.166659 2.083340 -1.833334
v -9.333340 1.416666 -2.166660
v -9.166659 1.416666 -2.166660
v -9.333340 2.083340 -2.166660
v -9.166659 2.083340 -2.166660
v -8.833340 1.766666 -1.933334
v -8.833340 1.900000 -1.933334
v -9.166659 1.766666 -1.933334
v -9.166659 1.900000 -1.933334
v -8.833340 1.766666 -2.066660
v -8.833340 1.900000 -2.066660
v -9.166659 1.766666 -2.066660
v -9.166659 1.900000 -2.066660
v -8.832140 1.832210 -1.833334
v -8.524180 1.704648 -1.833334
v -8.806640 1.893802 -1.833334
v -8.498680 1.766240 -1.833334
v -8.832140 1.832210 -1.944444
v -8.524180 1.704648 -1.944444
v -8.806640 1.893802 -1.944444
v -8.498680 1.766240 -1.944444
v -8.832140 1.832210 -2.055560
v -8.524180 1.704648 -2.055560
v -8.806640 1.893802 -2.055560
v -8.498680 1.766240 -2.055560
v -8.832140 1.832210 -2.166660
v -8.524180 1.704648 -2.166660
v -8.806640 1.893802 -2.166660
v -8.498680 1.766240 -2.166660
v -8.626841 1.747168 -1.944444
v -8.524180 1.704648 -1.944444
v -8.601320 1.808760 -1.944444
v -8.498680 1.766240 -1.944444
v -8.626841 1.747168 -2.055560
v -8.524180 1.704648 -2.055560
v -8.601320 1.808760 -2.055560
v -8.498680 1.766240 -2.055560
v -8.832140 1.832210 -1.944444
v -8.729500 1.789688 -1.944444
v -8.806640 1.893802 -1.944444
v -8.703979 1.851280 -1.944444
v -8.832140 1.832210 -2.055560
v -8.729500 1.789688 -2.055560
v -8.806640 1.893802 -2.055560
v -8.703979 1.851280 -2.055560
v 4.000000 10.000000 2.666661
v 4.000000 10.000000 1.333335
v 2.666660 9.333340 2.666661
v 2.666660 9.333340 1.333335
v 2.666660 10.000000 2.666661
v 2.666660 10.000000 1.333335
v 4.000000 10.666660 2.666661
v 4.000000 10.666660 1.333335
v 3.333340 10.000000 2.666661
v 3.333340 10.000000 1.333335
v 3.333340 10.666660 2.666661
v 3.333340 10.666660 1.333335
v 4.000000 10.000000 -1.333333
v 4.000000 10.000000 -2.666659
v 2.666660 9.333340 -1.333333
v 2.666660 9.333340 -2.666659
v 2.666660 10.000000 -1.333333
v 2.666660 10.000000 -2.666659
v 4.000000 10.666660 -1.333333
v 4.000000 10.666660 -2.666659
v 3.333340 10.000000 -1.333333
v 3.333340 10.000000 -2.666659
v 3.333340 10.666660 -1.333333
v 3.333340 10.666660 -2.666659
v 2.666660 1.916666 -4.750000
v 2.666660 1.916666 -4.583340
v 2.666660 2.250000 -4.750000
v 2.666660 2.250000 -4.583340
v 2.750000 1.916666 -4.750000
v 2.750000 1.916666 -4.583340
v 2.750000 2.250000 -4.750000
v 2.750000 2.250000 -4.583340
v 3.916660 1.333334 -5.250000
v 2.750000 1.333334 -5.250000
v 3.916660 2.500000 -5.250000
v 2.750000 2.500000 -5.250000
v 3.916660 1.333334 -4.083340
v 2.750000 1.333334 -4.083340
v 3.916660 2.500000 -4.083340
v 2.750000 2.500000 -4.083340
v 2.666660 8.000000 2.666661
v 2.666660 8.000000 1.333335
v 2.666660 8.666660 2.666661
v 2.666660 8.666660 1.333335
v 1.333334 8.000000 2.666661
v 1.333334 8.000000 1.333335
v 1.333334 8.666660 2.666661
v 1.333334 8.666660 1.333335
v 2.666660 8.666660 2.666661
v 2.666660 8.666660 1.333335
v 2.666660 9.333340 2.666661
v 2.666660 9.333340 1.333335
v 2.000000 8.666660 2.666661
v 2.000000 8.666660 1.333335
v 2.000000 9.333340 2.666661
v 2.000000 9.333340 1.333335
v 2.666660 1.333334 1.333334
v 2.666660 1.333334 0.000000
v 2.666660 2.000000 1.333334
v 2.666660 2.000000 0.000000
v 1.333334 2.000000 1.333334
v 1.333334 2.000000 0.000000
v 2.000000 2.000000 1.333334
v 2.000000 2.000000 0.000000
v 2.000000 2.666660 1.333334
v 2.000000 2.666660 0.000000
v 1.333334 2.666660 1.333334
v 1.333334 2.666660 0.000000
v 2.666660 1.333334 0.000000
v 2.666660 1.333334 -1.333334
v 2.666660 2.000000 0.000000
v 2.666660 2.000000 -1.333334
v 1.333334 1.333334 0.000000
v 1.333334 2.000000 0.000000
v 1.333334 2.000000 -1.333334
v 2.000000 2.000000 0.000000
v 2.000000 2.000000 -1.333334
v 2.000000 2.666660 0.000000
v 2.000000 2.666660 -1.333334
v 1.333334 2.666660 0.000000
v 1.333334 2.666660 -1.333334
v 2.666660 8.000000 -1.333333
v 2.666660 8.000000 -2.666659
v 2.666660 8.666660 -1.333333
v 2.666660 8.666660 -2.666659
v 1.333334 8.000000 -1.333333
v 1.333334 8.000000 -2.666659
v 1.333334 8.666660 -1.333333
v 1.333334 8.666660 -2.666659
v 2.666660 8.666660 -1.333333
v 2.666660 8.666660 -2.666659
v 2.666660 9.333340 -1.333333
v 2.666660 9.333340 -2.666659
v 2.000000 8.666660 -1.333333
v 2.000000 8.666660 -2.666659
v 2.000000 9.333340 -1.333333
v 2.000000 9.333340 -2.666659
v 1.333334 6.666660 2.666660
v 1.333334 6.666660 1.333334
v 1.333334 7.333340 2.666660
v 1.333334 7.333340 1.333335
v 0.000000 6.666660 2.666660
v 0.000000 6.666660 1.333334
v 0.000000 7.333340 2.666660
v 0.000000 7.333340 1.333335
v 1.333334 7.333340 2.666660
v 1.333334 7.333340 1.333335
v 1.333334 8.000000 2.666661
v 1.333334 8.000000 1.333335
v 0.666666 7.333340 2.666660
v 0.666666 7.333340 1.333335
v 0.666666 8.000000 2.666661
v 0.666666 8.000000 1.333335
v 1.333334 2.666660 1.333334
v 1.333334 2.666660 0.000000
v 1.333334 3.333340 1.333334
v 1.333334 3.333340 0.000000
v 0.000000 3.333340 1.333334
v 0.000000 3.333340 0.000000
v 0.666666 3.333340 1.333334
v 0.666666 3.333340 0.000000
v 0.666666 4.000000 1.333334
v 0.666666 4.000000 0.000000
v 0.000000 4.000000 1.333334
v 0.000000 4.000000 0.000000
v 1.333334 17.333340 1.333335
v 1.333334 17.333340 0.000001
v 1.333334 18.000000 1.333335
v 1.333334 18.000000 0.000001
v 0.000000 17.333340 1.333335
v 0.000000 18.000000 1.333335
v 0.000000 18.000000 0.000001
v 0.666666 18.000000 1.333335
v 0.666666 18.000000 0.000001
v 0.666666 18.666660 1.333335
v 0.666666 18.666660 0.000001
v 0.000000 18.000000 1.333335
v 0.000000 18.666660 1.333335
v 0.000000 18.666660 0.000001
v 1.333334 2.666660 0.000000
v 1.333334 2.666660 -1.333334
v 1.333334 3.333340 0.000000
v 1.333334 3.333340 -1.333334
v 0.000000 2.666660 0.000000
v 0.000000 3.333340 0.000000
v 0.000000 3.333340 -1.333334
v 0.666666 3.333340 0.000000
v 0.666666 3.333340 -1.333334
v 0.666666 4.000000 0.000000
v 0.666666 4.000000 -1.333334
v 0.000000 4.000000 0.000000
v 0.000000 4.000000 -1.333334
v 1.333334 17.333340 0.000001
v 1.333334 17.333340 -1.333333
v 1.333334 18.000000 0.000001
v 1.333334 18.000000 -1.333333
v 0.000000 17.333340 0.000001
v 0.000000 17.333340 -1.333333
v 0.000000 18.000000 0.000001
v 0.000000 18.000000 -1.333333
v 0.666666 18.000000 0.000001
v 0.666666 18.000000 -1.333333
v 0.666666 18.666660 0.000001
v 0.666666 18.666660 -1.333333
v 0.000000 18.000000 -1.333333
v 0.000000 18.666660 0.000001
v 0.000000 18.666660 -1.333333
v 1.333334 6.666660 -1.333333
v 1.333334 6.666660 -2.666659
v 1.333334 7.333340 -1.333333
v 1.333334 7.333340 -2.666659
v 0.000000 6.666660 -1.333333
v 0.000000 6.666660 -2.666659
v 0.000000 7.333340 -1.333333
v 0.000000 7.333340 -2.666659
v 1.333334 7.333340 -1.333333
v 1.333334 7.333340 -2.666659
v 1.333334 8.000000 -1.333333
v 1.333334 8.000000 -2.666659
v 0.666666 7.333340 -1.333333
v 0.666666 7.333340 -2.666659
v 0.666666 8.000000 -1.333333
v 0.666666 8.000000 -2.666659
v 0.000000 4.000000 1.333334
v 0.000000 4.000000 0.000000
v 0.000000 4.666660 1.333334
v 0.000000 4.666660 0.000000
v -1.333334 4.666660 1.333334
v -1.333334 4.666660 0.000000
v -0.666666 4.666660 1.333334
v -0.666666 4.666660 0.000000
v -0.666666 5.333340 1.333334
v -0.666666 5.333340 0.000000
v -1.333334 5.333340 1.333334
v -1.333334 5.333340 0.000000
v 0.000000 4.000000 0.000000
v 0.000000 4.000000 -1.333334
v 0.000000 4.666660 0.000000
v 0.000000 4.666660 -1.333334
v -1.333334 4.000000 0.000000
v -1.333334 4.666660 0.000000
v -1.333334 4.666660 -1.333334
v -0.666666 4.666660 0.000000
v -0.666666 4.666660 -1.333334
v -0.666666 5.333340 0.000000
v -0.666666 5.333340 -1.333334
v -1.333334 5.333340 0.000000
v -1.333334 5.333340 -1.333334
v -1.333334 5.333340 1.333334
v -1.333334 5.333340 0.000000
v -1.333334 6.000000 1.333334
v -1.333334 6.000000 0.000000
v -2.666660 6.000000 1.333334
v -2.666660 6.000000 0.000000
v -2.000000 6.000000 1.333334
v -2.000000 6.000000 0.000000
v -2.000000 6.666660 1.333334
v -2.000000 6.666660 0.000001
v -2.666660 6.666660 1.333334
v -2.666660 6.666660 0.000001
v -1.333334 17.333340 1.333335
v -1.333334 18.000000 1.333335
v -1.333334 18.000000 0.000001
v -2.666660 17.333340 1.333335
v -2.666660 17.333340 0.000001
v -2.666660 18.000000 1.333335
v -2.666660 18.000000 0.000001
v -1.333334 18.000000 1.333335
v -1.333334 18.666660 1.333335
v -1.333334 18.666660 0.000001
v -2.000000 18.000000 1.333335
v -2.000000 18.000000 0.000001
v -2.000000 18.666660 1.333335
v -2.000000 18.666660 0.000001
v -1.333334 5.333340 0.000000
v -1.333334 5.333340 -1.333334
v -1.333334 6.000000 0.000000
v -1.333334 6.000000 -1.333333
v -2.666660 5.333340 0.000000
v -2.666660 6.000000 0.000000
v -2.666660 6.000000 -1.333333
v -2.000000 6.000000 0.000000
v -2.000000 6.000000 -1.333333
v -2.000000 6.666660 0.000001
v -2.000000 6.666660 -1.333333
v -2.666660 6.666660 0.000001
v -2.666660 6.666660 -1.333333
v -1.333334 17.333340 0.000001
v -1.333334 17.333340 -1.333333
v -1.333334 18.000000 0.000001
v -1.333334 18.000000 -1.333333
v -2.666660 17.333340 0.000001
v -2.666660 17.333340 -1.333333
v -2.666660 18.000000 0.000001
v -2.666660 18.000000 -1.333333
v -1.333334 18.000000 -1.333333
v -1.333334 18.666660 0.000001
v -1.333334 18.666660 -1.333333
v -2.000000 18.000000 0.000001
v -2.000000 18.000000 -1.333333
v -2.000000 18.666660 0.000001
v -2.000000 18.666660 -1.333333
v -2.666660 10.666660 2.666661
v -2.666660 10.666660 1.333335
v -2.666660 11.333341 2.666661
v -2.666660 11.333341 1.333335
v -4.000000 10.666660 2.666661
v -4.000000 10.666660 1.333335
v -4.000000 11.333341 2.666661
v -4.000000 11.333341 1.333335
v -2.666660 11.333341 2.000001
v -2.666660 11.333341 1.333335
v -2.666660 12.000000 2.000001
v -2.666660 12.000000 1.333335
v -4.000000 11.333341 2.000001
v -4.000000 11.333341 1.333335
v -4.000000 12.000000 2.000001
v -4.000000 12.000000 1.333335
v -2.666660 10.666660 -1.333333
v -2.666660 10.666660 -2.666659
v -2.666660 11.333341 -1.333333
v -2.666660 11.333341 -2.666659
v -4.000000 10.666660 -1.333333
v -4.000000 10.666660 -2.666659
v -4.000000 11.333341 -1.333333
v -4.000000 11.333341 -2.666659
v -2.666660 11.333341 -1.333333
v -2.666660 11.333341 -1.999999
v -2.666660 12.000000 -1.333333
v -2.666660 12.000000 -1.999999
v -4.000000 11.333341 -1.333333
v -4.000000 11.333341 -1.999999
v -4.000000 12.000000 -1.333333
v -4.000000 12.000000 -1.999999
v -6.083340 1.916666 -2.666660
v -5.916660 1.916666 -2.666660
v -6.083340 2.250000 -2.666660
v -5.916660 2.250000 -2.666660
v -6.083340 1.916666 -2.750000
v -5.916660 1.916666 -2.750000
v -6.083340 2.250000 -2.750000
v -5.916660 2.250000 -2.750000
v -6.583340 1.333334 -3.916660
v -6.583340 1.333334 -2.750000
v -6.583340 2.500000 -3.916660
v -6.583340 2.500000 -2.750000
v -5.416660 1.333334 -3.916660
v -5.416660 1.333334 -2.750000
v -5.416660 2.500000 -3.916660
v -5.416660 2.500000 -2.750000
v -9.333340 6.000000 2.666660
v -9.333340 6.000000 1.333334
v -10.666660 5.333340 2.666660
v -10.666660 5.333340 1.333334
v -10.666660 6.000000 2.666660
v -10.666660 6.000000 1.333334
v -9.333340 6.666660 2.666660
v -9.333340 6.666660 1.333334
v -10.000000 6.000000 2.666660
v -10.000000 6.000000 1.333334
v -10.000000 6.666660 2.666660
v -10.000000 6.666660 1.333334
v -9.333340 5.333340 1.333334
v -9.333340 6.000000 1.333334
v -9.333340 6.000000 0.000000
v -10.666660 5.333340 1.333334
v -10.666660 5.333340 0.000000
v -10.666660 6.000000 1.333334
v -10.666660 6.000000 0.000000
v -9.333340 6.666660 1.333334
v -9.333340 6.666660 0.000001
v -10.000000 6.000000 1.333334
v -10.000000 6.000000 0.000000
v -10.000000 6.666660 1.333334
v -10.000000 6.666660 0.000001
v -9.333340 5.333340 0.000000
v -9.333340 6.000000 0.000000
v -9.333340 6.000000 -1.333333
v -10.666660 5.333340 0.000000
v -10.666660 5.333340 -1.333334
v -10.666660 6.000000 0.000000
v -10.666660 6.000000 -1.333333
v -9.333340 6.666660 0.000001
v -9.333340 6.666660 -1.333333
v -10.000000 6.000000 0.000000
v -10.000000 6.000000 -1.333333
v -10.000000 6.666660 0.000001
v -10.000000 6.666660 -1.333333
v -9.333340 5.333340 -1.333334
v -9.333340 6.000000 -1.333333
v -9.333340 6.000000 -2.666659
v -10.666660 5.333340 -1.333334
v -10.666660 5.333340 -2.666659
v -10.666660 6.000000 -1.333333
v -10.666660 6.000000 -2.666659
v -9.333340 6.666660 -1.333333
v -9.333340 6.666660 -2.666659
v -10.000000 6.000000 -1.333333
v -10.000000 6.000000 -2.666659
v -10.000000 6.666660 -1.333333
v -10.000000 6.666660 -2.666659
v 9.333340 -0.000001 8.000000
v 9.333340 -0.000001 6.666660
v 9.333340 1.333333 6.666660
v 9.333340 1.333333 8.000000
v 8.000000 -0.000001 6.666660
v 8.000000 -0.000001 8.000000
v 8.000000 1.333333 8.000000
v 9.333340 2.666659 6.666660
v 9.333340 2.666659 8.000000
v 8.000000 2.666659 8.000000
v 9.333340 4.000000 6.666660
v 9.333340 3.999999 8.000000
v 8.000000 3.999999 8.000000
v 9.333340 5.333340 6.666660
v 9.333340 5.333340 8.000000
v 8.000000 5.333340 8.000000
v 9.333340 6.666659 6.666660
v 9.333340 6.666659 8.000001
v 8.000000 6.666659 8.000001
v 8.000000 6.666659 6.666660
v 9.333340 -0.000000 5.333340
v 9.333340 1.333334 5.333340
v 8.000000 -0.000000 5.333340
v 9.333340 2.666659 5.333340
v 9.333340 4.000000 5.333341
v 9.333340 5.333340 5.333341
v 8.000000 4.000000 5.333341
v 8.000000 4.000000 6.666660
v 8.000000 5.333340 6.666660
v 8.000000 5.333340 5.333341
v 9.333340 6.666659 5.333341
v 8.000000 6.666659 5.333341
v 9.333340 -0.000000 4.000000
v 9.333340 1.333334 4.000000
v 8.000000 -0.000000 4.000000
v 9.333340 2.666660 4.000000
v 8.000000 1.333334 4.000000
v 8.000000 1.333334 5.333340
v 8.000000 2.666659 5.333340
v 8.000000 2.666660 4.000000
v 9.333340 4.000000 4.000000
v 8.000000 4.000000 4.000000
v 9.333340 5.333340 4.000000
v 8.000000 5.333340 4.000000
v 9.333340 6.666659 4.000000
v 8.000000 6.666659 4.000000
v 9.333340 10.666660 5.333341
v 9.333340 10.666660 4.000001
v 9.333340 12.000000 4.000001
v 9.333340 12.000000 5.333341
v 8.000000 10.666660 4.000001
v 8.000000 10.666660 5.333341
v 8.000000 12.000000 5.333341
v 8.000000 12.000000 4.000001
v 9.333340 13.333340 4.000001
v 9.333340 13.333340 5.333341
v 8.000000 13.333340 5.333341
v 8.000000 13.333340 4.000001
v 9.333340 -0.000000 2.666660
v 9.333340 1.333334 2.666660
v 8.000000 -0.000000 2.666660
v 9.333340 2.666660 2.666660
v 8.000000 1.333334 2.666660
v 8.000000 2.666660 2.666660
v 9.333340 4.000000 2.666660
v 8.000000 4.000000 2.666660
v 9.333340 5.333340 2.666660
v 8.000000 5.333340 2.666660
v 9.333340 6.666660 2.666660
v 8.000000 6.666660 2.666660
v 9.333340 -0.000000 1.333334
v 9.333340 1.333334 1.333334
v 8.000000 -0.000000 1.333334
v 9.333340 2.666660 1.333334
v 8.000000 1.333334 1.333334
v 8.000000 2.666660 1.333334
v 9.333340 4.000000 1.333334
v 8.000000 4.000000 1.333334
v 9.333340 5.333340 1.333334
v 8.000000 5.333340 1.333334
v 9.333340 6.666660 1.333334
v 8.000000 6.666660 1.333334
v 9.333340 10.666660 2.666661
v 9.333340 10.666660 1.333335
v 9.333340 12.000000 1.333335
v 9.333340 12.000000 2.666661
v 8.000000 10.666660 1.333335
v 8.000000 10.666660 2.666661
v 8.000000 12.000000 2.666661
v 8.000000 12.000000 1.333335
v 9.333340 13.333340 1.333335
v 9.333340 13.333340 2.666661
v 8.000000 13.333340 2.666661
v 8.000000 13.333340 1.333335
v 9.333340 0.000000 0.000000
v 9.333340 1.333334 0.000000
v 8.000000 0.000000 0.000000
v 9.333340 2.666660 0.000000
v 8.000000 1.333334 0.000000
v 8.000000 2.666660 0.000000
v 9.333340 4.000000 0.000000
v 8.000000 4.000000 0.000000
v 9.333340 5.333340 0.000000
v 8.000000 5.333340 0.000000
v 9.333340 6.666660 0.000001
v 8.000000 6.666660 0.000001
v 9.333340 0.000000 -1.333334
v 9.333340 1.333334 -1.333334
v 8.000000 0.000000 -1.333334
v 9.333340 2.666660 -1.333334
v 8.000000 1.333334 -1.333334
v 8.000000 2.666660 -1.333334
v 9.333340 4.000000 -1.333334
v 8.000000 4.000000 -1.333334
v 9.333340 5.333340 -1.333334
v 8.000000 5.333340 -1.333334
v 9.333340 6.666660 -1.333333
v 8.000000 6.666660 -1.333333
v 9.333340 0.000000 -2.666660
v 9.333340 1.333334 -2.666660
v 8.000000 0.000000 -2.666660
v 9.333340 2.666660 -2.666660
v 8.000000 1.333334 -2.666660
v 8.000000 2.666660 -2.666660
v 9.333340 4.000000 -2.666660
v 8.000000 4.000000 -2.666660
v 9.333340 5.333340 -2.666659
v 8.000000 5.333340 -2.666659
v 9.333340 6.666660 -2.666659
v 8.000000 6.666660 -2.666659
v 9.333340 10.666660 -1.333333
v 9.333340 10.666660 -2.666659
v 9.333340 12.000000 -2.666659
v 9.333340 12.000000 -1.333333
v 8.000000 10.666660 -2.666659
v 8.000000 10.666660 -1.333333
v 8.000000 12.000000 -1.333333
v 8.000000 12.000000 -2.666659
v 9.333340 13.333340 -2.666659
v 9.333340 13.333340 -1.333333
v 8.000000 13.333340 -1.333333
v 8.000000 13.333340 -2.666659
v 9.333340 0.000000 -4.000000
v 9.333340 1.333334 -4.000000
v 8.000000 0.000000 -4.000000
v 9.333340 2.666660 -4.000000
v 8.000000 1.333334 -4.000000
v 8.000000 2.666660 -4.000000
v 9.333340 4.000000 -4.000000
v 8.000000 4.000000 -4.000000
v 9.333340 5.333341 -4.000000
v 8.000000 5.333341 -4.000000
v 9.333340 6.666660 -4.000000
v 8.000000 6.666660 -4.000000
v 9.333340 0.000000 -5.333340
v 9.333340 1.333334 -5.333340
v 8.000000 0.000000 -5.333340
v 9.333340 2.666660 -5.333340
v 8.000000 1.333334 -5.333340
v 8.000000 2.666660 -5.333340
v 9.333340 4.000000 -5.333340
v 8.000000 4.000000 -5.333340
v 9.333340 5.333341 -5.333340
v 8.000000 5.333341 -5.333340
v 9.333340 6.666660 -5.333340
v 8.000000 6.666660 -5.333340
v 9.333340 10.666660 -3.999999
v 9.333340 10.666660 -5.333339
v 9.333340 12.000000 -5.333339
v 9.333340 12.000000 -3.999999
v 8.000000 10.666660 -5.333339
v 8.000000 10.666660 -3.999999
v 8.000000 12.000000 -3.999999
v 8.000000 12.000000 -5.333339
v 9.333340 13.333340 -5.333339
v 9.333340 13.333340 -3.999999
v 8.000000 13.333340 -3.999999
v 8.000000 13.333340 -5.333339
v 9.333340 0.000001 -6.666660
v 9.333340 1.333334 -6.666660
v 8.000000 0.000001 -6.666660
v 9.333340 2.666660 -6.666660
v 8.000000 1.333334 -6.666660
v 8.000000 2.666660 -6.666660
v 9.333340 4.000000 -6.666659
v 8.000000 4.000000 -6.666659
v 9.333340 5.333341 -6.666659
v 8.000000 5.333341 -6.666659
v 9.333340 6.666660 -6.666659
v 8.000000 6.666660 -6.666659
v 9.333340 0.000001 -8.000000
v 9.333340 1.333335 -8.000000
v 8.000000 0.000001 -8.000000
v 8.000000 1.333335 -8.000000
v 9.333340 2.666661 -8.000000
v 8.000000 2.666661 -8.000000
v 9.333340 4.000000 -8.000000
v 8.000000 4.000000 -8.000000
v 9.333340 5.333341 -8.000000
v 8.000000 5.333341 -8.000000
v 9.333340 6.666660 -8.000000
v 8.000000 6.666660 -8.000000
v 6.666660 -0.000001 6.666660
v 6.666660 -0.000001 8.000000
v 6.666660 1.333333 8.000000
v 6.666660 2.666659 8.000000
v 6.666660 3.999999 8.000000
v 6.666660 5.333340 8.000000
v 6.666660 4.000000 6.666660
v 6.666660 5.333340 6.666660
v 6.666660 6.666659 8.000001
v 6.666660 6.666659 6.666660
v 6.666660 -0.000000 5.333340
v 6.666660 1.333334 5.333340
v 6.666660 1.333333 6.666660
v 6.666660 2.666659 6.666660
v 6.666660 2.666659 5.333340
v 6.666660 4.000000 5.333341
v 6.666660 5.333340 5.333341
v 6.666660 6.666659 5.333341
v 8.000000 9.333339 6.666660
v 8.000000 9.333340 5.333341
v 8.000000 10.666659 6.666661
v 6.666660 9.333340 5.333341
v 6.666660 9.333339 6.666660
v 6.666660 10.666659 6.666661
v 8.000000 11.999999 6.666661
v 6.666660 11.999999 6.666661
v 8.000000 13.333339 6.666661
v 6.666660 13.333339 6.666661
v 8.000000 14.666660 5.333341
v 8.000000 14.666659 6.666661
v 6.666660 14.666659 6.666661
v 6.666660 14.666660 5.333341
v 6.666660 -0.000000 4.000000
v 6.666660 1.333334 4.000000
v 6.666660 5.333340 4.000000
v 6.666660 6.666659 4.000000
v 8.000000 9.333340 4.000000
v 6.666660 9.333340 4.000000
v 6.666660 10.666660 4.000001
v 6.666660 10.666660 5.333341
v 6.666660 12.000000 5.333341
v 6.666660 12.000000 4.000001
v 6.666660 13.333340 5.333341
v 6.666660 13.333340 4.000001
v 8.000000 14.666660 4.000001
v 6.666660 14.666660 4.000001
v 6.666660 -0.000000 2.666660
v 6.666660 1.333334 2.666660
v 6.666660 5.333340 2.666660
v 6.666660 6.666660 2.666660
v 8.000000 9.333340 2.666661
v 6.666660 9.333340 2.666661
v 6.666660 10.666660 2.666661
v 6.666660 12.000000 2.666661
v 6.666660 13.333340 2.666661
v 8.000000 14.666660 2.666661
v 6.666660 14.666660 2.666661
v 6.666660 -0.000000 1.333334
v 6.666660 1.333334 1.333334
v 6.666660 5.333340 1.333334
v 6.666660 6.666660 1.333334
v 8.000000 9.333340 1.333335
v 6.666660 9.333340 1.333335
v 6.666660 10.666660 1.333335
v 6.666660 12.000000 1.333335
v 6.666660 13.333340 1.333335
v 8.000000 14.666660 1.333335
v 6.666660 14.666660 1.333335
v 6.666660 0.000000 0.000000
v 6.666660 1.333334 0.000000
v 6.666660 5.333340 0.000000
v 6.666660 6.666660 0.000001
v 8.000000 9.333340 0.000001
v 8.000000 10.666660 0.000001
v 6.666660 9.333340 0.000001
v 8.000000 12.000000 0.000001
v 6.666660 10.666660 0.000001
v 6.666660 12.000000 0.000001
v 8.000000 13.333340 0.000001
v 8.000000 14.666660 0.000001
v 6.666660 13.333340 0.000001
v 6.666660 14.666660 0.000001
v 6.666660 0.000000 -1.333334
v 6.666660 1.333334 -1.333334
v 6.666660 5.333340 -1.333334
v 6.666660 6.666660 -1.333333
v 8.000000 9.333340 -1.333333
v 6.666660 9.333340 -1.333333
v 6.666660 10.666660 -1.333333
v 6.666660 12.000000 -1.333333
v 8.000000 14.666660 -1.333333
v 6.666660 13.333340 -1.333333
v 6.666660 14.666660 -1.333333
v 6.666660 0.000000 -2.666660
v 6.666660 1.333334 -2.666660
v 6.666660 5.333340 -2.666659
v 6.666660 6.666660 -2.666659
v 8.000000 9.333340 -2.666659
v 6.666660 9.333340 -2.666659
v 6.666660 10.666660 -2.666659
v 6.666660 12.000000 -2.666659
v 6.666660 13.333340 -2.666659
v 8.000000 14.666660 -2.666659
v 6.666660 14.666660 -2.666659
v 6.666660 0.000000 -4.000000
v 6.666660 1.333334 -4.000000
v 6.666660 5.333341 -4.000000
v 6.666660 6.666660 -4.000000
v 8.000000 9.333340 -3.999999
v 6.666660 9.333340 -3.999999
v 6.666660 10.666660 -3.999999
v 6.666660 12.000000 -3.999999
v 6.666660 13.333340 -3.999999
v 8.000000 14.666660 -3.999999
v 6.666660 14.666660 -3.999999
v 6.666660 0.000000 -5.333340
v 6.666660 1.333334 -5.333340
v 6.666660 5.333341 -5.333340
v 6.666660 6.666660 -5.333340
v 8.000000 9.333340 -5.333340
v 6.666660 9.333340 -5.333340
v 6.666660 10.666660 -5.333339
v 6.666660 12.000000 -5.333339
v 6.666660 13.333340 -5.333339
v 8.000000 14.666660 -5.333339
v 6.666660 14.666660 -5.333339
v 6.666660 0.000001 -6.666660
v 6.666660 1.333334 -6.666660
v 6.666660 5.333341 -6.666659
v 6.666660 6.666660 -6.666659
v 8.000000 9.333341 -6.666659
v 8.000000 10.666661 -6.666659
v 6.666660 9.333341 -6.666659
v 6.666660 10.666661 -6.666659
v 8.000000 12.000001 -6.666659
v 6.666660 12.000001 -6.666659
v 8.000000 13.333341 -6.666659
v 6.666660 13.333341 -6.666659
v 8.000000 14.666661 -6.666659
v 6.666660 14.666661 -6.666659
v 6.666660 0.000001 -8.000000
v 6.666660 1.333335 -8.000000
v 6.666660 2.666660 -6.666660
v 6.666660 2.666661 -8.000000
v 6.666660 4.000000 -6.666659
v 6.666660 4.000000 -8.000000
v 6.666660 5.333341 -8.000000
v 6.666660 6.666660 -8.000000
v 5.333340 -0.000001 6.666660
v 5.333340 -0.000001 8.000000
v 5.333340 1.333333 8.000000
v 5.333340 2.666659 8.000000
v 5.333340 1.333333 6.666660
v 5.333340 2.666659 6.666660
v 5.333340 3.999999 8.000000
v 5.333340 4.000000 6.666660
v 5.333340 5.333340 8.000000
v 5.333340 6.666659 8.000001
v 5.333340 6.666659 6.666660
v 6.666660 10.666659 8.000001
v 6.666660 11.999999 8.000001
v 5.333340 10.666659 6.666661
v 5.333340 10.666659 8.000001
v 5.333340 11.999999 8.000001
v 5.333340 11.999999 6.666661
v 6.666660 13.333339 8.000001
v 5.333340 13.333339 8.000001
v 5.333340 13.333339 6.666661
v 5.333340 -0.000000 5.333340
v 5.333340 1.333334 5.333340
v 5.333340 4.000000 5.333341
v 5.333340 5.333340 6.666660
v 5.333340 5.333340 5.333341
v 5.333340 6.666659 5.333341
v 5.333340 9.333340 5.333341
v 5.333340 9.333339 6.666660
v 5.333340 10.666660 5.333341
v 5.333340 12.000000 5.333341
v 5.333340 13.333340 5.333341
v 5.333340 14.666659 6.666661
v 5.333340 14.666660 5.333341
v 5.333340 -0.000000 4.000000
v 5.333340 1.333334 4.000000
v 6.666660 4.000000 4.000000
v 5.333340 4.000000 4.000000
v 5.333340 5.333340 4.000000
v 6.666660 8.000000 4.000000
v 6.666660 8.000000 5.333341
v 5.333340 8.000000 5.333341
v 5.333340 10.666660 4.000001
v 5.333340 13.333340 4.000001
v 6.666660 16.000000 4.000001
v 6.666660 16.000000 5.333342
v 5.333340 16.000000 5.333342
v 5.333340 14.666660 4.000001
v 5.333340 16.000000 4.000001
v 6.666660 17.333340 4.000001
v 6.666660 17.333340 5.333342
v 5.333340 17.333340 5.333342
v 5.333340 17.333340 4.000001
v 6.666660 18.666660 4.000001
v 6.666660 18.666660 5.333342
v 5.333340 18.666660 5.333342
v 5.333340 18.666660 4.000001
v 5.333340 -0.000000 2.666660
v 5.333340 1.333334 2.666660
v 6.666660 4.000000 2.666660
v 5.333340 4.000000 2.666660
v 5.333340 5.333340 2.666660
v 6.666660 8.000000 2.666661
v 5.333340 6.666660 2.666660
v 5.333340 6.666659 4.000000
v 5.333340 8.000000 4.000000
v 5.333340 8.000000 2.666661
v 5.333340 9.333340 4.000000
v 5.333340 9.333340 2.666661
v 5.333340 10.666660 2.666661
v 5.333340 13.333340 2.666661
v 5.333340 14.666660 2.666661
v 5.333340 -0.000000 1.333334
v 5.333340 1.333334 1.333334
v 5.333340 5.333340 1.333334
v 6.666660 8.000000 1.333335
v 5.333340 6.666660 1.333334
v 5.333340 8.000000 1.333335
v 5.333340 9.333340 1.333335
v 5.333340 10.666660 1.333335
v 5.333340 13.333340 1.333335
v 5.333340 14.666660 1.333335
v 5.333340 0.000000 0.000000
v 5.333340 1.333334 0.000000
v 5.333340 5.333340 0.000000
v 6.666660 8.000000 0.000001
v 5.333340 6.666660 0.000001
v 5.333340 8.000000 0.000001
v 5.333340 9.333340 0.000001
v 5.333340 10.666660 0.000001
v 5.333340 13.333340 0.000001
v 5.333340 14.666660 0.000001
v 5.333340 0.000000 -1.333334
v 5.333340 1.333334 -1.333334
v 5.333340 5.333340 -1.333334
v 6.666660 8.000000 -1.333333
v 5.333340 6.666660 -1.333333
v 5.333340 8.000000 -1.333333
v 5.333340 9.333340 -1.333333
v 5.333340 10.666660 -1.333333
v 5.333340 13.333340 -1.333333
v 5.333340 14.666660 -1.333333
v 5.333340 0.000000 -2.666660
v 5.333340 1.333334 -2.666660
v 5.333340 5.333340 -2.666659
v 6.666660 8.000000 -2.666659
v 5.333340 6.666660 -2.666659
v 5.333340 8.000000 -2.666659
v 5.333340 9.333340 -2.666659
v 5.333340 10.666660 -2.666659
v 5.333340 13.333340 -2.666659
v 5.333340 14.666660 -2.666659
v 5.333340 0.000000 -4.000000
v 5.333340 1.333334 -4.000000
v 5.333340 5.333341 -4.000000
v 6.666660 8.000000 -3.999999
v 5.333340 6.666660 -4.000000
v 5.333340 8.000000 -3.999999
v 5.333340 9.333340 -3.999999
v 5.333340 10.666660 -3.999999
v 5.333340 13.333340 -3.999999
v 5.333340 14.666660 -3.999999
v 5.333340 0.000000 -5.333340
v 5.333340 1.333334 -5.333340
v 5.333340 5.333341 -5.333340
v 6.666660 8.000000 -5.333340
v 5.333340 6.666660 -5.333340
v 5.333340 8.000000 -5.333340
v 5.333340 9.333340 -5.333340
v 5.333340 10.666660 -5.333339
v 5.333340 13.333340 -5.333339
v 6.666660 16.000000 -5.333339
v 6.666660 16.000000 -3.999999
v 5.333340 16.000000 -3.999999
v 5.333340 14.666660 -5.333339
v 5.333340 16.000000 -5.333339
v 6.666660 17.333340 -5.333339
v 6.666660 17.333340 -3.999999
v 5.333340 17.333340 -3.999999
v 5.333340 17.333340 -5.333339
v 6.666660 18.666660 -5.333339
v 6.666660 18.666660 -3.999999
v 5.333340 18.666660 -3.999999
v 5.333340 18.666660 -5.333339
v 5.333340 0.000001 -6.666660
v 5.333340 1.333334 -6.666660
v 5.333340 5.333341 -6.666659
v 5.333340 6.666660 -6.666659
v 5.333340 9.333341 -6.666659
v 5.333340 10.666661 -6.666659
v 5.333340 12.000000 -5.333339
v 5.333340 14.666661 -6.666659
v 5.333340 13.333341 -6.666659
v 5.333340 0.000001 -8.000000
v 5.333340 1.333335 -8.000000
v 5.333340 2.666660 -6.666660
v 5.333340 2.666661 -8.000000
v 5.333340 4.000000 -6.666659
v 5.333340 4.000000 -8.000000
v 5.333340 5.333341 -8.000000
v 5.333340 6.666660 -8.000000
v 6.666660 10.666661 -7.999999
v 6.666660 12.000001 -7.999999
v 5.333340 10.666661 -7.999999
v 5.333340 12.000001 -6.666659
v 5.333340 12.000001 -7.999999
v 6.666660 13.333341 -7.999999
v 5.333340 13.333341 -7.999999
v 4.000000 -0.000001 6.666660
v 4.000000 -0.000001 8.000000
v 4.000000 1.333333 8.000000
v 4.000000 2.666659 8.000000
v 4.000000 3.999999 8.000000
v 4.000000 5.333340 8.000000
v 4.000000 4.000000 6.666660
v 4.000000 5.333340 6.666660
v 4.000000 6.666659 8.000001
v 4.000000 6.666659 6.666660
v 4.000000 -0.000000 5.333340
v 5.333340 2.666659 5.333340
v 4.000000 1.333334 5.333340
v 4.000000 1.333333 6.666660
v 4.000000 2.666659 6.666660
v 4.000000 2.666659 5.333340
v 4.000000 4.000000 5.333341
v 4.000000 5.333340 5.333341
v 4.000000 6.666659 5.333341
v 4.000000 9.333340 5.333341
v 4.000000 9.333339 6.666660
v 4.000000 10.666659 6.666661
v 4.000000 11.999999 6.666661
v 4.000000 10.666660 5.333341
v 4.000000 12.000000 5.333341
v 4.000000 13.333339 6.666661
v 4.000000 13.333340 5.333341
v 4.000000 14.666659 6.666661
v 4.000000 14.666660 5.333341
v 4.000000 -0.000000 4.000000
v 4.000000 1.333334 4.000000
v 4.000000 5.333340 4.000000
v 4.000000 8.000000 5.333341
v 4.000000 6.666659 4.000000
v 4.000000 8.000000 4.000000
v 4.000000 9.333340 4.000000
v 4.000000 10.666660 4.000001
v 4.000000 13.333340 4.000001
v 4.000000 14.666660 4.000001
v 4.000000 -0.000000 2.666660
v 4.000000 1.333334 2.666660
v 4.000000 5.333340 2.666660
v 4.000000 6.666660 2.666660
v 4.000000 9.333340 2.666661
v 4.000000 10.666660 2.666661
v 4.000000 13.333340 2.666661
v 5.333340 16.000000 2.666661
v 4.000000 16.000000 4.000001
v 4.000000 16.000000 2.666661
v 4.000000 -0.000000 1.333334
v 5.333340 2.666660 1.333334
v 5.333340 2.666660 2.666660
v 4.000000 2.666660 2.666660
v 4.000000 1.333334 1.333334
v 4.000000 2.666660 1.333334
v 5.333340 4.000000 1.333334
v 4.000000 4.000000 2.666660
v 4.000000 4.000000 1.333334
v 4.000000 6.666660 1.333334
v 4.000000 9.333340 1.333335
v 4.000000 10.666660 1.333335
v 4.000000 13.333340 1.333335
v 5.333340 16.000000 1.333335
v 4.000000 16.000000 1.333335
v 4.000000 0.000000 0.000000
v 4.000000 1.333334 0.000000
v 5.333340 4.000000 0.000000
v 4.000000 4.000000 0.000000
v 4.000000 5.333340 1.333334
v 4.000000 5.333340 0.000000
v 4.000000 6.666660 0.000001
v 4.000000 9.333340 0.000001
v 4.000000 10.666660 0.000001
v 4.000000 13.333340 0.000001
v 5.333340 16.000000 0.000001
v 4.000000 16.000000 0.000001
v 4.000000 0.000000 -1.333334
v 4.000000 1.333334 -1.333334
v 5.333340 4.000000 -1.333334
v 4.000000 4.000000 -1.333334
v 4.000000 5.333340 -1.333334
v 4.000000 6.666660 -1.333333
v 4.000000 9.333340 -1.333333
v 4.000000 10.666660 -1.333333
v 4.000000 13.333340 -1.333333
v 5.333340 16.000000 -1.333333
v 4.000000 16.000000 -1.333333
v 4.000000 0.000000 -2.666660
v 5.333340 2.666660 -2.666660
v 5.333340 2.666660 -1.333334
v 4.000000 2.666660 -1.333334
v 5.333340 4.000000 -2.666660
v 4.000000 6.666660 -2.666659
v 4.000000 9.333340 -2.666659
v 4.000000 10.666660 -2.666659
v 4.000000 13.333340 -2.666659
v 5.333340 16.000000 -2.666659
v 4.000000 16.000000 -2.666659
v 4.000000 0.000000 -4.000000
v 5.333340 2.666660 -4.000000
v 5.333340 4.000000 -4.000000
v 4.000000 2.666660 -4.000000
v 4.000000 2.666660 -2.666660
v 4.000000 4.000000 -2.666660
v 4.000000 4.000000 -4.000000
v 4.000000 5.333340 -2.666659
v 4.000000 5.333341 -4.000000
v 4.000000 6.666660 -4.000000
v 4.000000 9.333340 -3.999999
v 4.000000 10.666660 -3.999999
v 4.000000 13.333340 -3.999999
v 4.000000 16.000000 -3.999999
v 4.000000 14.666660 -3.999999
v 4.000000 0.000000 -5.333340
v 5.333340 2.666660 -5.333340
v 4.000000 1.333334 -5.333340
v 4.000000 1.333334 -4.000000
v 4.000000 2.666660 -5.333340
v 5.333340 4.000000 -5.333340
v 4.000000 4.000000 -5.333340
v 4.000000 5.333341 -5.333340
v 4.000000 8.000000 -3.999999
v 4.000000 6.666660 -5.333340
v 4.000000 8.000000 -5.333340
v 4.000000 9.333340 -5.333340
v 4.000000 10.666660 -5.333339
v 4.000000 13.333340 -5.333339
v 4.000000 14.666660 -5.333339
v 4.000000 0.000001 -6.666660
v 4.000000 2.666660 -6.666660
v 4.000000 4.000000 -6.666659
v 4.000000 5.333341 -6.666659
v 4.000000 6.666660 -6.666659
v 4.000000 9.333341 -6.666659
v 4.000000 10.666661 -6.666659
v 4.000000 12.000000 -5.333339
v 4.000000 12.000001 -6.666659
v 4.000000 13.333341 -6.666659
v 4.000000 14.666661 -6.666659
v 4.000000 0.000001 -8.000000
v 4.000000 1.333335 -8.000000
v 4.000000 2.666661 -8.000000
v 4.000000 4.000000 -8.000000
v 4.000000 5.333341 -8.000000
v 4.000000 6.666660 -8.000000
v 2.666660 -0.000001 6.666660
v 2.666660 -0.000001 8.000000
v 2.666660 1.333333 8.000000
v 2.666660 2.666659 8.000000
v 2.666660 1.333333 6.666660
v 2.666660 2.666659 6.666660
v 2.666660 3.999999 8.000000
v 2.666660 4.000000 6.666660
v 2.666660 5.333340 8.000000
v 2.666660 6.666659 8.000001
v 2.666660 6.666659 6.666660
v 4.000000 10.666659 8.000001
v 4.000000 11.999999 8.000001
v 2.666660 10.666659 6.666661
v 2.666660 10.666659 8.000001
v 2.666660 11.999999 8.000001
v 2.666660 11.999999 6.666661
v 4.000000 13.333339 8.000001
v 2.666660 13.333339 8.000001
v 2.666660 13.333339 6.666661
v 2.666660 -0.000000 5.333340
v 2.666660 1.333334 5.333340
v 2.666660 4.000000 5.333341
v 2.666660 5.333340 6.666660
v 2.666660 5.333340 5.333341
v 2.666660 6.666659 5.333341
v 2.666660 9.333340 5.333341
v 2.666660 9.333339 6.666660
v 2.666660 10.666660 5.333341
v 2.666660 12.000000 5.333341
v 2.666660 13.333340 5.333341
v 2.666660 14.666659 6.666661
v 2.666660 14.666660 5.333341
v 2.666660 -0.000000 4.000000
v 2.666660 1.333334 4.000000
v 4.000000 4.000000 4.000000
v 2.666660 4.000000 4.000000
v 2.666660 5.333340 4.000000
v 2.666660 8.000000 5.333341
v 2.666660 6.666659 4.000000
v 2.666660 8.000000 4.000000
v 2.666660 9.333340 4.000000
v 2.666660 10.666660 4.000001
v 2.666660 13.333340 4.000001
v 2.666660 14.666660 4.000001
v 2.666660 -0.000000 2.666660
v 2.666660 1.333334 2.666660
v 2.666660 4.000000 2.666660
v 2.666660 5.333340 2.666660
v 2.666660 6.666660 2.666660
v 2.666660 9.333340 2.666661
v 2.666660 10.666660 2.666661
v 2.666660 13.333340 2.666661
v 2.666660 16.000000 4.000001
v 2.666660 16.000000 2.666661
v 2.666660 -0.000000 1.333334
v 2.666660 2.666660 2.666660
v 2.666660 1.333334 1.333334
v 2.666660 2.666660 1.333334
v 2.666660 4.000000 1.333334
v 2.666660 5.333340 1.333334
v 4.000000 8.000000 1.333335
v 4.000000 8.000000 2.666661
v 2.666660 8.000000 2.666661
v 2.666660 13.333340 1.333335
v 2.666660 14.666660 2.666661
v 2.666660 14.666660 1.333335
v 4.000000 17.333340 1.333335
v 4.000000 17.333340 2.666661
v 2.666660 17.333340 2.666661
v 4.000000 18.666660 1.333335
v 4.000000 18.666660 2.666661
v 2.666660 18.666660 2.666661
v 2.666660 17.333340 1.333335
v 2.666660 18.666660 1.333335
v 2.666660 0.000000 0.000000
v 2.666660 1.333334 0.000000
v 2.666660 5.333340 0.000000
v 2.666660 6.666660 1.333334
v 2.666660 6.666660 0.000001
v 4.000000 8.000000 0.000001
v 2.666660 8.000000 1.333335
v 2.666660 8.000000 0.000001
v 2.666660 9.333340 1.333335
v 2.666660 9.333340 0.000001
v 2.666660 10.666660 1.333335
v 2.666660 10.666660 0.000001
v 2.666660 13.333340 0.000001
v 2.666660 14.666660 0.000001
v 4.000000 17.333340 0.000001
v 2.666660 17.333340 0.000001
v 2.666660 0.000000 -1.333334
v 2.666660 1.333334 -1.333334
v 2.666660 5.333340 -1.333334
v 2.666660 6.666660 -1.333333
v 4.000000 8.000000 -1.333333
v 2.666660 8.000000 -1.333333
v 2.666660 9.333340 -1.333333
v 2.666660 10.666660 -1.333333
v 2.666660 13.333340 -1.333333
v 2.666660 14.666660 -1.333333
v 4.000000 17.333340 -1.333333
v 2.666660 17.333340 -1.333333
v 2.666660 0.000000 -2.666660
v 2.666660 2.666660 -1.333334
v 2.666660 4.000000 -1.333334
v 2.666660 2.666660 -2.666660
v 2.666660 4.000000 -2.666660
v 2.666660 5.333340 -2.666659
v 4.000000 8.000000 -2.666659
v 2.666660 6.666660 -2.666659
v 2.666660 8.000000 -2.666659
v 2.666660 9.333340 -2.666659
v 2.666660 13.333340 -2.666659
v 2.666660 14.666660 -2.666659
v 4.000000 17.333340 -2.666659
v 2.666660 16.000000 -2.666659
v 2.666660 17.333340 -2.666659
v 4.000000 18.666660 -2.666658
v 4.000000 18.666660 -1.333333
v 2.666660 18.666660 -1.333333
v 2.666660 18.666660 -2.666658
v 2.666660 0.000000 -4.000000
v 2.666660 2.666660 -4.000000
v 2.666660 1.333334 -4.000000
v 2.666660 5.333341 -4.000000
v 2.666660 6.666660 -4.000000
v 2.666660 9.333340 -3.999999
v 2.666660 10.666660 -2.666659
v 2.666660 10.666660 -3.999999
v 2.666660 13.333340 -3.999999
v 2.666660 16.000000 -3.999999
v 2.666660 14.666660 -3.999999
v 2.666660 0.000000 -5.333340
v 2.666660 1.333334 -5.333340
v 2.666660 5.333341 -5.333340
v 2.666660 8.000000 -3.999999
v 2.666660 6.666660 -5.333340
v 2.666660 8.000000 -5.333340
v 2.666660 9.333340 -5.333340
v 2.666660 10.666660 -5.333339
v 2.666660 13.333340 -5.333339
v 2.666660 14.666660 -5.333339
v 2.666660 0.000001 -6.666660
v 2.666660 2.666660 -5.333340
v 2.666660 5.333341 -6.666659
v 2.666660 6.666660 -6.666659
v 2.666660 9.333341 -6.666659
v 2.666660 10.666661 -6.666659
v 2.666660 12.000000 -5.333339
v 2.666660 12.000001 -6.666659
v 2.666660 13.333341 -6.666659
v 2.666660 14.666661 -6.666659
v 2.666660 0.000001 -8.000000
v 2.666660 1.333335 -8.000000
v 2.666660 2.666661 -8.000000
v 2.666660 2.666660 -6.666660
v 2.666660 4.000000 -6.666659
v 2.666660 4.000000 -8.000000
v 2.666660 5.333341 -8.000000
v 2.666660 6.666660 -8.000000
v 4.000000 10.666661 -7.999999
v 4.000000 12.000001 -7.999999
v 2.666660 10.666661 -7.999999
v 2.666660 12.000001 -7.999999
v 4.000000 13.333341 -7.999999
v 2.666660 13.333341 -7.999999
v 1.333334 -0.000001 6.666660
v 1.333334 -0.000001 8.000000
v 1.333334 1.333333 8.000000
v 1.333334 2.666659 8.000000
v 1.333334 3.999999 8.000000
v 1.333334 5.333340 8.000000
v 1.333334 4.000000 6.666660
v 1.333334 5.333340 6.666660
v 1.333334 6.666659 8.000001
v 1.333334 6.666659 6.666660
v 2.666660 14.666659 8.000001
v 1.333334 13.333339 6.666661
v 1.333334 13.333339 8.000001
v 1.333334 14.666659 8.000001
v 1.333334 14.666659 6.666661
v 1.333334 -0.000000 5.333340
v 2.666660 2.666659 5.333340
v 1.333334 1.333334 5.333340
v 1.333334 1.333333 6.666660
v 1.333334 2.666659 6.666660
v 1.333334 2.666659 5.333340
v 1.333334 4.000000 5.333341
v 1.333334 5.333340 5.333341
v 1.333334 6.666659 5.333341
v 1.333334 9.333340 5.333341
v 1.333334 9.333339 6.666660
v 1.333334 10.666659 6.666661
v 1.333334 11.999999 6.666661
v 1.333334 12.000000 5.333341
v 1.333334 10.666660 5.333341
v 1.333334 13.333340 5.333341
v 1.333334 14.666660 5.333341
v 1.333334 -0.000000 4.000000
v 1.333334 1.333334 4.000000
v 1.333334 5.333340 4.000000
v 1.333334 8.000000 5.333341
v 1.333334 6.666659 4.000000
v 1.333334 8.000000 4.000000
v 1.333334 9.333340 4.000000
v 1.333334 10.666660 4.000001
v 1.333334 13.333340 4.000001
v 1.333334 14.666660 4.000001
v 1.333334 -0.000000 2.666660
v 1.333334 1.333334 2.666660
v 1.333334 5.333340 2.666660
v 1.333334 6.666660 2.666660
v 1.333334 9.333340 2.666661
v 1.333334 10.666660 2.666661
v 1.333334 13.333340 2.666661
v 1.333334 14.666660 2.666661
v 1.333334 16.000000 4.000001
v 1.333334 16.000000 2.666661
v 1.333334 -0.000000 1.333334
v 1.333334 2.666660 2.666660
v 1.333334 1.333334 1.333334
v 1.333334 2.666660 1.333334
v 1.333334 4.000000 2.666660
v 1.333334 4.000000 1.333334
v 1.333334 5.333340 1.333334
v 1.333334 6.666660 1.333334
v 1.333334 8.000000 2.666661
v 1.333334 8.000000 1.333335
v 1.333334 14.666660 1.333335
v 1.333334 17.333340 2.666661
v 1.333334 17.333340 1.333335
v 1.333334 0.000000 0.000000
v 1.333334 14.666660 0.000001
v 1.333334 16.000000 1.333335
v 1.333334 16.000000 0.000001
v 1.333334 17.333340 0.000001
v 1.333334 0.000000 -1.333334
v 1.333334 14.666660 -1.333333
v 1.333334 16.000000 -1.333333
v 1.333334 17.333340 -1.333333
v 1.333334 0.000000 -2.666660
v 1.333334 1.333334 -1.333334
v 1.333334 2.666660 -1.333334
v 1.333334 4.000000 -1.333334
v 1.333334 2.666660 -2.666660
v 1.333334 4.000000 -2.666660
v 1.333334 5.333340 -1.333334
v 1.333334 5.333340 -2.666659
v 1.333334 6.666660 -1.333333
v 1.333334 8.000000 -1.333333
v 1.333334 6.666660 -2.666659
v 1.333334 8.000000 -2.666659
v 1.333334 14.666660 -2.666659
v 1.333334 17.333340 -2.666659
v 1.333334 16.000000 -2.666659
v 1.333334 0.000000 -4.000000
v 1.333334 2.666660 -4.000000
v 1.333334 1.333334 -4.000000
v 1.333334 5.333341 -4.000000
v 1.333334 6.666660 -4.000000
v 1.333334 9.333340 -3.999999
v 1.333334 9.333340 -2.666659
v 1.333334 10.666660 -2.666659
v 1.333334 10.666660 -3.999999
v 1.333334 13.333340 -3.999999
v 1.333334 13.333340 -2.666659
v 1.333334 16.000000 -3.999999
v 1.333334 14.666660 -3.999999
v 1.333334 0.000000 -5.333340
v 1.333334 1.333334 -5.333340
v 1.333334 5.333341 -5.333340
v 1.333334 8.000000 -3.999999
v 1.333334 6.666660 -5.333340
v 1.333334 8.000000 -5.333340
v 1.333334 9.333340 -5.333340
v 1.333334 10.666660 -5.333339
v 1.333334 13.333340 -5.333339
v 1.333334 14.666660 -5.333339
v 1.333334 0.000001 -6.666660
v 1.333334 2.666660 -5.333340
v 2.666660 4.000000 -5.333340
v 1.333334 4.000000 -5.333340
v 1.333334 4.000000 -6.666659
v 1.333334 5.333341 -6.666659
v 1.333334 6.666660 -6.666659
v 1.333334 9.333341 -6.666659
v 1.333334 10.666661 -6.666659
v 1.333334 12.000000 -5.333339
v 1.333334 12.000001 -6.666659
v 1.333334 13.333341 -6.666659
v 1.333334 14.666661 -6.666659
v 1.333334 0.000001 -8.000000
v 1.333334 1.333335 -8.000000
v 1.333334 2.666661 -8.000000
v 1.333334 4.000000 -8.000000
v 1.333334 5.333341 -8.000000
v 1.333334 6.666660 -8.000000
v 2.666660 14.666661 -7.999999
v 1.333334 13.333341 -7.999999
v 1.333334 14.666661 -7.999999
v 0.000000 -0.000001 6.666660
v 0.000000 -0.000001 8.000000
v 0.000000 1.333333 8.000000
v 0.000000 2.666659 8.000000
v 0.000000 1.333333 6.666660
v 0.000000 2.666659 6.666660
v 0.000000 3.999999 8.000000
v 0.000000 4.000000 6.666660
v 0.000000 5.333340 8.000000
v 0.000000 6.666659 8.000001
v 0.000000 6.666659 6.666660
v 1.333334 10.666659 8.000001
v 1.333334 11.999999 8.000001
v 0.000000 10.666659 6.666661
v 0.000000 10.666659 8.000001
v 0.000000 11.999999 8.000001
v 0.000000 11.999999 6.666661
v 0.000000 13.333339 8.000001
v 0.000000 13.333339 6.666661
v 0.000000 -0.000000 5.333340
v 0.000000 1.333334 5.333340
v 0.000000 4.000000 5.333341
v 0.000000 5.333340 6.666660
v 0.000000 5.333340 5.333341
v 0.000000 6.666659 5.333341
v 0.000000 9.333340 5.333341
v 0.000000 9.333339 6.666660
v 0.000000 10.666660 5.333341
v 0.000000 12.000000 5.333341
v 0.000000 13.333340 5.333341
v 0.000000 14.666659 6.666661
v 0.000000 14.666660 5.333341
v 0.000000 -0.000000 4.000000
v 0.000000 1.333334 4.000000
v 1.333334 4.000000 4.000000
v 0.000000 4.000000 4.000000
v 0.000000 5.333340 4.000000
v 0.000000 8.000000 5.333341
v 0.000000 6.666659 4.000000
v 0.000000 8.000000 4.000000
v 0.000000 9.333340 4.000000
v 0.000000 10.666660 4.000001
v 0.000000 13.333340 4.000001
v 0.000000 14.666660 4.000001
v 0.000000 -0.000000 2.666660
v 0.000000 1.333334 2.666660
v 0.000000 4.000000 2.666660
v 0.000000 5.333340 2.666660
v 0.000000 6.666660 2.666660
v 0.000000 9.333340 2.666661
v 0.000000 10.666660 2.666661
v 0.000000 13.333340 2.666661
v 0.000000 14.666660 2.666661
v 0.000000 16.000000 4.000001
v 0.000000 16.000000 2.666661
v 0.000000 -0.000000 1.333334
v 0.000000 1.333334 1.333334
v 0.000000 2.666660 1.333334
v 0.000000 2.666660 2.666660
v 0.000000 4.000000 1.333334
v 0.000000 5.333340 1.333334
v 0.000000 6.666660 1.333334
v 0.000000 14.666660 1.333335
v 0.000000 16.000000 1.333335
v 0.000000 17.333340 2.666661
v 0.000000 17.333340 1.333335
v 0.000000 0.000000 0.000000
v 0.000000 1.333334 0.000000
v 0.000000 2.666660 0.000000
v 0.000000 16.000000 0.000001
v 0.000000 0.000000 -1.333334
v 0.000000 16.000000 -1.333333
v 0.000000 0.000000 -2.666660
v 0.000000 2.666660 -1.333334
v 0.000000 4.000000 -1.333334
v 0.000000 2.666660 -2.666660
v 0.000000 4.000000 -2.666660
v 0.000000 5.333340 -1.333334
v 0.000000 5.333340 -2.666659
v 0.000000 6.666660 -1.333333
v 0.000000 14.666660 -2.666659
v 0.000000 14.666660 -1.333333
v 0.000000 17.333340 -2.666659
v 0.000000 17.333340 -1.333333
v 0.000000 16.000000 -2.666659
v 0.000000 0.000000 -4.000000
v 0.000000 2.666660 -4.000000
v 0.000000 1.333334 -4.000000
v 0.000000 5.333341 -4.000000
v 0.000000 6.666660 -4.000000
v 0.000000 6.666660 -2.666659
v 0.000000 9.333340 -3.999999
v 0.000000 9.333340 -2.666659
v 0.000000 10.666660 -2.666659
v 0.000000 10.666660 -3.999999
v 0.000000 13.333340 -3.999999
v 0.000000 13.333340 -2.666659
v 0.000000 16.000000 -3.999999
v 0.000000 14.666660 -3.999999
v 0.000000 0.000000 -5.333340
v 0.000000 1.333334 -5.333340
v 1.333334 4.000000 -4.000000
v 0.000000 2.666660 -5.333340
v 0.000000 4.000000 -4.000000
v 0.000000 4.000000 -5.333340
v 0.000000 5.333341 -5.333340
v 0.000000 8.000000 -3.999999
v 0.000000 6.666660 -5.333340
v 0.000000 8.000000 -5.333340
v 0.000000 9.333340 -5.333340
v 0.000000 10.666660 -5.333339
v 0.000000 13.333340 -5.333339
v 0.000000 14.666660 -5.333339
v 0.000000 0.000001 -6.666660
v 0.000000 6.666660 -6.666659
v 0.000000 9.333341 -6.666659
v 0.000000 10.666661 -6.666659
v 0.000000 12.000000 -5.333339
v 0.000000 14.666661 -6.666659
v 0.000000 13.333341 -6.666659
v 0.000000 0.000001 -8.000000
v 0.000000 1.333335 -8.000000
v 0.000000 2.666661 -8.000000
v 0.000000 4.000000 -8.000000
v 0.000000 5.333341 -8.000000
v 0.000000 6.666660 -8.000000
v 1.333334 10.666661 -7.999999
v 1.333334 12.000001 -7.999999
v 0.000000 10.666661 -7.999999
v 0.000000 12.000001 -6.666659
v 0.000000 12.000001 -7.999999
v 0.000000 13.333341 -7.999999
v -1.333334 -0.000001 6.666660
v -1.333334 -0.000001 8.000000
v -1.333334 1.333333 8.000000
v -1.333334 2.666659 8.000000
v -1.333334 3.999999 8.000000
v -1.333334 5.333340 8.000000
v -1.333334 4.000000 6.666660
v -1.333334 5.333340 6.666660
v -1.333334 6.666659 8.000001
v -1.333334 6.666659 6.666660
v -1.333334 -0.000000 5.333340
v 0.000000 2.666659 5.333340
v -1.333334 1.333334 5.333340
v -1.333334 1.333333 6.666660
v -1.333334 2.666659 6.666660
v -1.333334 2.666659 5.333340
v -1.333334 4.000000 5.333341
v -1.333334 5.333340 5.333341
v -1.333334 6.666659 5.333341
v -1.333334 9.333340 5.333341
v -1.333334 9.333339 6.666660
v -1.333334 10.666659 6.666661
v -1.333334 11.999999 6.666661
v -1.333334 10.666660 5.333341
v -1.333334 12.000000 5.333341
v -1.333334 13.333339 6.666661
v -1.333334 13.333340 5.333341
v -1.333334 14.666659 6.666661
v -1.333334 14.666660 5.333341
v -1.333334 -0.000000 4.000000
v -1.333334 1.333334 4.000000
v -1.333334 5.333340 4.000000
v -1.333334 8.000000 5.333341
v -1.333334 6.666659 4.000000
v -1.333334 8.000000 4.000000
v -1.333334 9.333340 4.000000
v -1.333334 10.666660 4.000001
v -1.333334 13.333340 4.000001
v -1.333334 14.666660 4.000001
v -1.333334 -0.000000 2.666660
v -1.333334 1.333334 2.666660
v -1.333334 5.333340 2.666660
v -1.333334 6.666660 2.666660
v -1.333334 9.333340 2.666661
v -1.333334 10.666660 2.666661
v -1.333334 13.333340 2.666661
v -1.333334 14.666660 2.666661
v -1.333334 16.000000 4.000001
v -1.333334 16.000000 2.666661
v -1.333334 -0.000000 1.333334
v -1.333334 2.666660 2.666660
v -1.333334 1.333334 1.333334
v -1.333334 2.666660 1.333334
v -1.333334 4.000000 2.666660
v -1.333334 4.000000 1.333334
v -1.333334 5.333340 1.333334
v -1.333334 6.666660 1.333334
v -1.333334 14.666660 1.333335
v -1.333334 16.000000 1.333335
v -1.333334 17.333340 2.666661
v -1.333334 17.333340 1.333335
v -1.333334 0.000000 0.000000
v -1.333334 1.333334 0.000000
v -1.333334 2.666660 0.000000
v -1.333334 16.000000 0.000001
v 0.000000 18.666660 1.333335
v -1.333334 18.666660 1.333335
v 0.000000 18.666660 0.000001
v -1.333334 18.666660 0.000001
v -1.333334 0.000000 -1.333334
v -1.333334 16.000000 -1.333333
v 0.000000 18.666660 -1.333333
v -1.333334 18.666660 -1.333333
v -1.333334 17.333340 -1.333333
v -1.333334 0.000000 -2.666660
v -1.333334 4.000000 -1.333334
v -1.333334 5.333340 -1.333334
v -1.333334 6.666660 -1.333333
v -1.333334 6.666660 -2.666659
v -1.333334 14.666660 -2.666659
v -1.333334 14.666660 -1.333333
v -1.333334 17.333340 -2.666659
v -1.333334 16.000000 -2.666659
v -1.333334 0.000000 -4.000000
v -1.333334 1.333334 -4.000000
v -1.333334 1.333334 -2.666660
v -1.333334 2.666660 -2.666660
v -1.333334 2.666660 -4.000000
v -1.333334 6.666660 -4.000000
v -1.333334 9.333340 -3.999999
v -1.333334 9.333340 -2.666659
v -1.333334 10.666660 -2.666659
v -1.333334 10.666660 -3.999999
v -1.333334 13.333340 -3.999999
v -1.333334 13.333340 -2.666659
v -1.333334 16.000000 -3.999999
v -1.333334 14.666660 -3.999999
v -1.333334 0.000000 -5.333340
v -1.333334 1.333334 -5.333340
v -1.333334 2.666660 -5.333340
v -1.333334 8.000000 -3.999999
v -1.333334 6.666660 -5.333340
v -1.333334 8.000000 -5.333340
v -1.333334 9.333340 -5.333340
v -1.333334 10.666660 -5.333339
v -1.333334 13.333340 -5.333339
v -1.333334 14.666660 -5.333339
v -1.333334 0.000001 -6.666660
v -1.333334 6.666660 -6.666659
v -1.333334 9.333341 -6.666659
v -1.333334 10.666661 -6.666659
v -1.333334 12.000000 -5.333339
v -1.333334 12.000001 -6.666659
v -1.333334 13.333341 -6.666659
v -1.333334 14.666661 -6.666659
v -1.333334 0.000001 -8.000000
v -1.333334 1.333335 -8.000000
v -1.333334 2.666661 -8.000000
v -1.333334 4.000000 -8.000000
v -1.333334 5.333341 -8.000000
v -1.333334 6.666660 -8.000000
v -2.666660 -0.000001 6.666660
v -2.666660 -0.000001 8.000000
v -2.666660 1.333333 8.000000
v -2.666660 2.666659 8.000000
v -2.666660 1.333333 6.666660
v -2.666660 2.666659 6.666660
v -2.666660 3.999999 8.000000
v -2.666660 4.000000 6.666660
v -2.666660 5.333340 8.000000
v -2.666660 6.666659 8.000001
v -2.666660 6.666659 6.666660
v -1.333334 10.666659 8.000001
v -1.333334 11.999999 8.000001
v -2.666660 10.666659 6.666661
v -2.666660 10.666659 8.000001
v -2.666660 11.999999 8.000001
v -2.666660 11.999999 6.666661
v -1.333334 13.333339 8.000001
v -2.666660 13.333339 8.000001
v -2.666660 13.333339 6.666661
v -2.666660 -0.000000 5.333340
v -2.666660 1.333334 5.333340
v -2.666660 4.000000 5.333341
v -2.666660 5.333340 6.666660
v -2.666660 5.333340 5.333341
v -2.666660 6.666659 5.333341
v -2.666660 9.333340 5.333341
v -2.666660 9.333339 6.666660
v -2.666660 10.666660 5.333341
v -2.666660 12.000000 5.333341
v -2.666660 13.333340 5.333341
v -2.666660 14.666659 6.666661
v -2.666660 14.666660 5.333341
v -2.666660 -0.000000 4.000000
v -2.666660 1.333334 4.000000
v -1.333334 4.000000 4.000000
v -2.666660 4.000000 4.000000
v -2.666660 5.333340 4.000000
v -2.666660 8.000000 5.333341
v -2.666660 6.666659 4.000000
v -2.666660 8.000000 4.000000
v -2.666660 9.333340 4.000000
v -2.666660 10.666660 4.000001
v -2.666660 13.333340 4.000001
v -2.666660 14.666660 4.000001
v -2.666660 -0.000000 2.666660
v -2.666660 1.333334 2.666660
v -2.666660 4.000000 2.666660
v -2.666660 5.333340 2.666660
v -2.666660 6.666660 2.666660
v -2.666660 9.333340 2.666661
v -2.666660 10.666660 2.666661
v -2.666660 13.333340 2.666661
v -2.666660 14.666660 2.666661
v -2.666660 16.000000 4.000001
v -2.666660 16.000000 2.666661
v -2.666660 -0.000000 1.333334
v -2.666660 2.666660 2.666660
v -2.666660 1.333334 1.333334
v -2.666660 2.666660 1.333334
v -2.666660 4.000000 1.333334
v -2.666660 5.333340 1.333334
v -2.666660 6.666660 1.333334
v -2.666660 14.666660 1.333335
v -2.666660 16.000000 1.333335
v -2.666660 17.333340 2.666661
v -2.666660 17.333340 1.333335
v -2.666660 0.000000 0.000000
v -2.666660 1.333334 0.000000
v -2.666660 2.666660 0.000000
v -2.666660 16.000000 0.000001
v -2.666660 0.000000 -1.333334
v -2.666660 2.666660 -1.333334
v -2.666660 4.000000 0.000000
v -2.666660 4.000000 -1.333334
v -2.666660 5.333340 0.000000
v -2.666660 5.333340 -1.333334
v -2.666660 16.000000 -1.333333
v -2.666660 0.000000 -2.666660
v -2.666660 1.333334 -2.666660
v -2.666660 1.333334 -1.333334
v -2.666660 2.666660 -2.666660
v -2.666660 6.666660 -1.333333
v -2.666660 6.666660 -2.666659
v -2.666660 14.666660 -2.666659
v -2.666660 14.666660 -1.333333
v -2.666660 17.333340 -2.666659
v -2.666660 17.333340 -1.333333
v -2.666660 16.000000 -2.666659
v -2.666660 0.000000 -4.000000
v -2.666660 1.333334 -4.000000
v -2.666660 2.666660 -4.000000
v -2.666660 4.000000 -2.666660
v -2.666660 4.000000 -4.000000
v -2.666660 5.333340 -2.666659
v -2.666660 5.333341 -4.000000
v -2.666660 6.666660 -4.000000
v -2.666660 9.333340 -3.999999
v -2.666660 9.333340 -2.666659
v -2.666660 10.666660 -2.666659
v -2.666660 10.666660 -3.999999
v -2.666660 13.333340 -3.999999
v -2.666660 13.333340 -2.666659
v -2.666660 16.000000 -3.999999
v -2.666660 14.666660 -3.999999
v -2.666660 0.000000 -5.333340
v -2.666660 1.333334 -5.333340
v -2.666660 2.666660 -5.333340
v -2.666660 4.000000 -5.333340
v -2.666660 8.000000 -3.999999
v -2.666660 6.666660 -5.333340
v -2.666660 8.000000 -5.333340
v -2.666660 9.333340 -5.333340
v -2.666660 10.666660 -5.333339
v -2.666660 13.333340 -5.333339
v -2.666660 14.666660 -5.333339
v -2.666660 0.000001 -6.666660
v -2.666660 6.666660 -6.666659
v -2.666660 9.333341 -6.666659
v -2.666660 10.666661 -6.666659
v -2.666660 12.000000 -5.333339
v -2.666660 12.000001 -6.666659
v -2.666660 13.333341 -6.666659
v -2.666660 14.666661 -6.666659
v -2.666660 0.000001 -8.000000
v -2.666660 1.333335 -8.000000
v -2.666660 2.666661 -8.000000
v -2.666660 4.000000 -8.000000
v -2.666660 5.333341 -8.000000
v -2.666660 6.666660 -8.000000
v -1.333334 10.666661 -7.999999
v -1.333334 12.000001 -7.999999
v -2.666660 10.666661 -7.999999
v -2.666660 12.000001 -7.999999
v -1.333334 13.333341 -7.999999
v -2.666660 13.333341 -7.999999
v -4.000000 -0.000001 6.666660
v -4.000000 -0.000001 8.000000
v -4.000000 1.333333 8.000000
v -4.000000 2.666659 8.000000
v -4.000000 3.999999 8.000000
v -4.000000 5.333340 8.000000
v -4.000000 4.000000 6.666660
v -4.000000 5.333340 6.666660
v -4.000000 6.666659 8.000001
v -4.000000 6.666659 6.666660
v -2.666660 14.666659 8.000001
v -4.000000 13.333339 6.666661
v -4.000000 13.333339 8.000001
v -4.000000 14.666659 8.000001
v -4.000000 14.666659 6.666661
v -4.000000 -0.000000 5.333340
v -2.666660 2.666659 5.333340
v -4.000000 1.333334 5.333340
v -4.000000 1.333333 6.666660
v -4.000000 2.666659 6.666660
v -4.000000 2.666659 5.333340
v -4.000000 4.000000 5.333341
v -4.000000 5.333340 5.333341
v -4.000000 6.666659 5.333341
v -4.000000 9.333340 5.333341
v -4.000000 9.333339 6.666660
v -4.000000 10.666659 6.666661
v -4.000000 11.999999 6.666661
v -4.000000 12.000000 5.333341
v -4.000000 10.666660 5.333341
v -4.000000 13.333340 5.333341
v -4.000000 14.666660 5.333341
v -4.000000 -0.000000 4.000000
v -4.000000 1.333334 4.000000
v -4.000000 5.333340 4.000000
v -4.000000 8.000000 5.333341
v -4.000000 6.666659 4.000000
v -4.000000 8.000000 4.000000
v -4.000000 9.333340 4.000000
v -4.000000 10.666660 4.000001
v -4.000000 13.333340 4.000001
v -4.000000 14.666660 4.000001
v -4.000000 -0.000000 2.666660
v -4.000000 1.333334 2.666660
v -4.000000 5.333340 2.666660
v -4.000000 6.666660 2.666660
v -4.000000 9.333340 2.666661
v -4.000000 10.666660 2.666661
v -4.000000 13.333340 2.666661
v -4.000000 14.666660 2.666661
v -4.000000 16.000000 4.000001
v -4.000000 16.000000 2.666661
v -4.000000 -0.000000 1.333334
v -4.000000 2.666660 2.666660
v -4.000000 1.333334 1.333334
v -4.000000 2.666660 1.333334
v -4.000000 5.333340 1.333334
v -4.000000 6.666660 1.333334
v -2.666660 9.333340 1.333335
v -2.666660 10.666660 1.333335
v -4.000000 9.333340 1.333335
v -4.000000 14.666660 1.333335
v -4.000000 17.333340 2.666661
v -4.000000 17.333340 1.333335
v -4.000000 0.000000 0.000000
v -4.000000 1.333334 0.000000
v -4.000000 2.666660 0.000000
v -4.000000 4.000000 1.333334
v -4.000000 4.000000 0.000000
v -4.000000 5.333340 0.000000
v -2.666660 6.666660 0.000001
v -4.000000 6.666660 0.000001
v -2.666660 9.333340 0.000001
v -2.666660 10.666660 0.000001
v -4.000000 9.333340 0.000001
v -2.666660 12.000000 0.000001
v -2.666660 12.000000 1.333335
v -4.000000 10.666660 0.000001
v -4.000000 10.666660 1.333335
v -4.000000 12.000000 1.333335
v -4.000000 12.000000 0.000001
v -2.666660 14.666660 0.000001
v -4.000000 14.666660 0.000001
v -2.666660 17.333340 0.000001
v -4.000000 17.333340 0.000001
v -4.000000 0.000000 -1.333334
v -4.000000 1.333334 -1.333334
v -4.000000 2.666660 -1.333334
v -4.000000 5.333340 -1.333334
v -4.000000 6.666660 -1.333333
v -2.666660 9.333340 -1.333333
v -2.666660 10.666660 -1.333333
v -4.000000 9.333340 -1.333333
v -2.666660 12.000000 -1.333333
v -4.000000 10.666660 -1.333333
v -4.000000 12.000000 -1.333333
v -4.000000 14.666660 -1.333333
v -4.000000 17.333340 -1.333333
v -4.000000 0.000000 -2.666660
v -4.000000 1.333334 -2.666660
v -4.000000 2.666660 -2.666660
v -4.000000 4.000000 -1.333334
v -4.000000 4.000000 -2.666660
v -4.000000 5.333340 -2.666659
v -4.000000 6.666660 -2.666659
v -4.000000 9.333340 -2.666659
v -4.000000 14.666660 -2.666659
v -4.000000 17.333340 -2.666659
v -4.000000 16.000000 -2.666659
v -4.000000 0.000000 -4.000000
v -4.000000 1.333334 -4.000000
v -4.000000 2.666660 -4.000000
v -4.000000 5.333341 -4.000000
v -4.000000 6.666660 -4.000000
v -4.000000 9.333340 -3.999999
v -4.000000 10.666660 -3.999999
v -4.000000 10.666660 -2.666659
v -4.000000 13.333340 -3.999999
v -4.000000 13.333340 -2.666659
v -4.000000 16.000000 -3.999999
v -4.000000 14.666660 -3.999999
v -4.000000 0.000000 -5.333340
v -4.000000 1.333334 -5.333340
v -4.000000 4.000000 -5.333340
v -4.000000 4.000000 -4.000000
v -4.000000 8.000000 -3.999999
v -4.000000 6.666660 -5.333340
v -4.000000 8.000000 -5.333340
v -4.000000 9.333340 -5.333340
v -4.000000 10.666660 -5.333339
v -4.000000 13.333340 -5.333339
v -4.000000 14.666660 -5.333339
v -4.000000 0.000001 -6.666660
v -4.000000 2.666660 -5.333340
v -4.000000 6.666660 -6.666659
v -4.000000 9.333341 -6.666659
v -4.000000 10.666661 -6.666659
v -4.000000 12.000000 -5.333339
v -4.000000 12.000001 -6.666659
v -4.000000 13.333341 -6.666659
v -4.000000 14.666661 -6.666659
v -4.000000 0.000001 -8.000000
v -4.000000 1.333335 -8.000000
v -4.000000 2.666661 -8.000000
v -4.000000 4.000000 -8.000000
v -4.000000 5.333341 -8.000000
v -4.000000 6.666660 -8.000000
v -2.666660 14.666661 -7.999999
v -4.000000 13.333341 -7.999999
v -4.000000 14.666661 -7.999999
v -5.333340 -0.000001 6.666660
v -5.333340 -0.000001 8.000000
v -5.333340 1.333333 8.000000
v -5.333340 2.666659 8.000000
v -5.333340 1.333333 6.666660
v -5.333340 2.666659 6.666660
v -5.333340 3.999999 8.000000
v -5.333340 4.000000 6.666660
v -5.333340 5.333340 8.000000
v -5.333340 6.666659 8.000001
v -5.333340 6.666659 6.666660
v -4.000000 10.666659 8.000001
v -4.000000 11.999999 8.000001
v -5.333340 10.666659 6.666661
v -5.333340 10.666659 8.000001
v -5.333340 11.999999 8.000001
v -5.333340 11.999999 6.666661
v -5.333340 13.333339 8.000001
v -5.333340 13.333339 6.666661
v -5.333340 -0.000000 5.333340
v -5.333340 1.333334 5.333340
v -5.333340 4.000000 5.333341
v -5.333340 5.333340 6.666660
v -5.333340 5.333340 5.333341
v -5.333340 6.666659 5.333341
v -5.333340 9.333340 5.333341
v -5.333340 9.333339 6.666660
v -5.333340 10.666660 5.333341
v -5.333340 12.000000 5.333341
v -5.333340 13.333340 5.333341
v -5.333340 14.666659 6.666661
v -5.333340 14.666660 5.333341
v -5.333340 -0.000000 4.000000
v -5.333340 1.333334 4.000000
v -4.000000 4.000000 4.000000
v -5.333340 4.000000 4.000000
v -5.333340 5.333340 4.000000
v -5.333340 8.000000 5.333341
v -5.333340 6.666659 4.000000
v -5.333340 8.000000 4.000000
v -5.333340 9.333340 4.000000
v -5.333340 10.666660 4.000001
v -5.333340 13.333340 4.000001
v -5.333340 14.666660 4.000001
v -5.333340 -0.000000 2.666660
v -5.333340 1.333334 2.666660
v -4.000000 4.000000 2.666660
v -5.333340 4.000000 2.666660
v -5.333340 5.333340 2.666660
v -5.333340 6.666660 2.666660
v -5.333340 9.333340 2.666661
v -5.333340 10.666660 2.666661
v -5.333340 13.333340 2.666661
v -5.333340 16.000000 4.000001
v -5.333340 16.000000 2.666661
v -5.333340 -0.000000 1.333334
v -5.333340 1.333334 1.333334
v -5.333340 5.333340 1.333334
v -5.333340 6.666660 1.333334
v -5.333340 9.333340 1.333335
v -5.333340 10.666660 1.333335
v -4.000000 13.333340 1.333335
v -5.333340 13.333340 1.333335
v -5.333340 17.333340 2.666661
v -5.333340 16.000000 1.333335
v -5.333340 17.333340 1.333335
v -4.000000 18.666660 1.333335
v -4.000000 18.666660 2.666661
v -5.333340 18.666660 2.666661
v -5.333340 18.666660 1.333335
v -5.333340 0.000000 0.000000
v -5.333340 1.333334 0.000000
v -5.333340 5.333340 0.000000
v -5.333340 6.666660 0.000001
v -5.333340 9.333340 0.000001
v -5.333340 10.666660 0.000001
v -4.000000 13.333340 0.000001
v -5.333340 13.333340 0.000001
v -5.333340 16.000000 0.000001
v -5.333340 17.333340 0.000001
v -5.333340 0.000000 -1.333334
v -5.333340 1.333334 -1.333334
v -5.333340 5.333340 -1.333334
v -5.333340 6.666660 -1.333333
v -5.333340 9.333340 -1.333333
v -5.333340 10.666660 -1.333333
v -4.000000 13.333340 -1.333333
v -5.333340 13.333340 -1.333333
v -5.333340 16.000000 -1.333333
v -5.333340 17.333340 -1.333333
v -5.333340 0.000000 -2.666660
v -5.333340 1.333334 -2.666660
v -5.333340 5.333340 -2.666659
v -5.333340 6.666660 -2.666659
v -5.333340 9.333340 -2.666659
v -5.333340 10.666660 -2.666659
v -5.333340 13.333340 -2.666659
v -5.333340 16.000000 -2.666659
v -5.333340 17.333340 -2.666659
v -4.000000 18.666660 -2.666658
v -4.000000 18.666660 -1.333333
v -5.333340 18.666660 -1.333333
v -5.333340 18.666660 -2.666658
v -5.333340 0.000000 -4.000000
v -5.333340 1.333334 -4.000000
v -5.333340 5.333341 -4.000000
v -5.333340 6.666660 -4.000000
v -5.333340 9.333340 -3.999999
v -5.333340 10.666660 -3.999999
v -5.333340 13.333340 -3.999999
v -5.333340 16.000000 -3.999999
v -5.333340 14.666660 -3.999999
v -5.333340 0.000000 -5.333340
v -5.333340 2.666660 -4.000000
v -5.333340 1.333334 -5.333340
v -5.333340 2.666660 -5.333340
v -5.333340 4.000000 -5.333340
v -5.333340 4.000000 -4.000000
v -5.333340 8.000000 -3.999999
v -5.333340 6.666660 -5.333340
v -5.333340 8.000000 -5.333340
v -5.333340 9.333340 -5.333340
v -5.333340 10.666660 -5.333339
v -5.333340 13.333340 -5.333339
v -5.333340 14.666660 -5.333339
v -5.333340 0.000001 -6.666660
v -5.333340 6.666660 -6.666659
v -5.333340 9.333341 -6.666659
v -5.333340 10.666661 -6.666659
v -5.333340 12.000000 -5.333339
v -5.333340 14.666661 -6.666659
v -5.333340 13.333341 -6.666659
v -5.333340 0.000001 -8.000000
v -5.333340 1.333335 -8.000000
v -5.333340 2.666661 -8.000000
v -5.333340 4.000000 -8.000000
v -5.333340 5.333341 -8.000000
v -5.333340 6.666660 -8.000000
v -4.000000 10.666661 -7.999999
v -4.000000 12.000001 -7.999999
v -5.333340 10.666661 -7.999999
v -5.333340 12.000001 -6.666659
v -5.333340 12.000001 -7.999999
v -5.333340 13.333341 -7.999999
v -6.666660 -0.000001 6.666660
v -6.666660 -0.000001 8.000000
v -6.666660 1.333333 8.000000
v -6.666660 2.666659 8.000000
v -6.666660 3.999999 8.000000
v -6.666660 5.333340 8.000000
v -6.666660 4.000000 6.666660
v -6.666660 5.333340 6.666660
v -6.666660 6.666659 8.000001
v -6.666660 6.666659 6.666660
v -6.666660 -0.000000 5.333340
v -5.333340 2.666659 5.333340
v -6.666660 1.333334 5.333340
v -6.666660 1.333333 6.666660
v -6.666660 2.666659 6.666660
v -6.666660 2.666659 5.333340
v -6.666660 4.000000 5.333341
v -6.666660 5.333340 5.333341
v -6.666660 6.666659 5.333341
v -6.666660 9.333340 5.333341
v -6.666660 9.333339 6.666660
v -6.666660 10.666659 6.666661
v -6.666660 11.999999 6.666661
v -6.666660 10.666660 5.333341
v -6.666660 12.000000 5.333341
v -6.666660 13.333339 6.666661
v -6.666660 13.333340 5.333341
v -6.666660 14.666659 6.666661
v -6.666660 14.666660 5.333341
v -6.666660 -0.000000 4.000000
v -6.666660 1.333334 4.000000
v -6.666660 5.333340 4.000000
v -6.666660 8.000000 5.333341
v -6.666660 6.666659 4.000000
v -6.666660 8.000000 4.000000
v -6.666660 9.333340 4.000000
v -6.666660 10.666660 4.000001
v -6.666660 13.333340 4.000001
v -6.666660 14.666660 4.000001
v -6.666660 -0.000000 2.666660
v -6.666660 1.333334 2.666660
v -6.666660 5.333340 2.666660
v -6.666660 6.666660 2.666660
v -6.666660 9.333340 2.666661
v -6.666660 10.666660 2.666661
v -6.666660 13.333340 2.666661
v -6.666660 16.000000 4.000001
v -6.666660 14.666660 2.666661
v -6.666660 16.000000 2.666661
v -6.666660 -0.000000 1.333334
v -6.666660 1.333334 1.333334
v -6.666660 5.333340 1.333334
v -6.666660 6.666660 1.333334
v -6.666660 9.333340 1.333335
v -6.666660 10.666660 1.333335
v -6.666660 13.333340 1.333335
v -6.666660 14.666660 1.333335
v -6.666660 16.000000 1.333335
v -6.666660 0.000000 0.000000
v -6.666660 1.333334 0.000000
v -6.666660 5.333340 0.000000
v -6.666660 6.666660 0.000001
v -6.666660 9.333340 0.000001
v -6.666660 10.666660 0.000001
v -6.666660 13.333340 0.000001
v -6.666660 14.666660 0.000001
v -6.666660 16.000000 0.000001
v -6.666660 0.000000 -1.333334
v -6.666660 1.333334 -1.333334
v -6.666660 5.333340 -1.333334
v -6.666660 6.666660 -1.333333
v -6.666660 9.333340 -1.333333
v -6.666660 10.666660 -1.333333
v -6.666660 13.333340 -1.333333
v -6.666660 14.666660 -1.333333
v -6.666660 16.000000 -1.333333
v -6.666660 0.000000 -2.666660
v -6.666660 1.333334 -2.666660
v -6.666660 5.333340 -2.666659
v -6.666660 6.666660 -2.666659
v -6.666660 9.333340 -2.666659
v -6.666660 10.666660 -2.666659
v -6.666660 13.333340 -2.666659
v -6.666660 14.666660 -2.666659
v -6.666660 16.000000 -2.666659
v -6.666660 0.000000 -4.000000
v -6.666660 1.333334 -4.000000
v -6.666660 5.333341 -4.000000
v -6.666660 6.666660 -4.000000
v -6.666660 9.333340 -3.999999
v -6.666660 10.666660 -3.999999
v -6.666660 13.333340 -3.999999
v -6.666660 14.666660 -3.999999
v -6.666660 16.000000 -3.999999
v -6.666660 0.000000 -5.333340
v -6.666660 1.333334 -5.333340
v -6.666660 2.666660 -5.333340
v -6.666660 2.666660 -4.000000
v -6.666660 4.000000 -4.000000
v -6.666660 4.000000 -5.333340
v -6.666660 8.000000 -3.999999
v -6.666660 6.666660 -5.333340
v -6.666660 8.000000 -5.333340
v -6.666660 9.333340 -5.333340
v -6.666660 10.666660 -5.333339
v -6.666660 13.333340 -5.333339
v -6.666660 14.666660 -5.333339
v -6.666660 0.000001 -6.666660
v -6.666660 6.666660 -6.666659
v -6.666660 9.333341 -6.666659
v -6.666660 10.666661 -6.666659
v -6.666660 12.000000 -5.333339
v -6.666660 12.000001 -6.666659
v -6.666660 13.333341 -6.666659
v -6.666660 14.666661 -6.666659
v -6.666660 0.000001 -8.000000
v -6.666660 1.333335 -8.000000
v -6.666660 2.666661 -8.000000
v -6.666660 4.000000 -8.000000
v -6.666660 5.333341 -8.000000
v -6.666660 6.666660 -8.000000
v -8.000000 -0.000001 6.666660
v -8.000000 -0.000001 8.000000
v -8.000000 1.333333 8.000000
v -8.000000 2.666659 8.000000
v -8.000000 1.333333 6.666660
v -8.000000 2.666659 6.666660
v -8.000000 3.999999 8.000000
v -8.000000 4.000000 6.666660
v -8.000000 5.333340 8.000000
v -8.000000 6.666659 8.000001
v -8.000000 6.666659 6.666660
v -6.666660 10.666659 8.000001
v -6.666660 11.999999 8.000001
v -8.000000 10.666659 6.666661
v -8.000000 10.666659 8.000001
v -8.000000 11.999999 8.000001
v -8.000000 11.999999 6.666661
v -6.666660 13.333339 8.000001
v -8.000000 13.333339 8.000001
v -8.000000 13.333339 6.666661
v -8.000000 -0.000000 5.333340
v -8.000000 1.333334 5.333340
v -8.000000 4.000000 5.333341
v -8.000000 5.333340 6.666660
v -8.000000 5.333340 5.333341
v -8.000000 6.666659 5.333341
v -8.000000 9.333340 5.333341
v -8.000000 9.333339 6.666660
v -8.000000 10.666660 5.333341
v -8.000000 12.000000 5.333341
v -8.000000 13.333340 5.333341
v -8.000000 14.666659 6.666661
v -8.000000 14.666660 5.333341
v -8.000000 -0.000000 4.000000
v -8.000000 1.333334 4.000000
v -6.666660 4.000000 4.000000
v -8.000000 4.000000 4.000000
v -8.000000 5.333340 4.000000
v -8.000000 8.000000 5.333341
v -8.000000 6.666659 4.000000
v -8.000000 8.000000 4.000000
v -8.000000 9.333340 4.000000
v -8.000000 10.666660 4.000001
v -8.000000 13.333340 4.000001
v -6.666660 16.000000 5.333342
v -8.000000 16.000000 5.333342
v -8.000000 14.666660 4.000001
v -8.000000 16.000000 4.000001
v -6.666660 17.333340 4.000001
v -6.666660 17.333340 5.333342
v -8.000000 17.333340 5.333342
v -8.000000 17.333340 4.000001
v -6.666660 18.666660 4.000001
v -6.666660 18.666660 5.333342
v -8.000000 18.666660 5.333342
v -8.000000 18.666660 4.000001
v -8.000000 -0.000000 2.666660
v -8.000000 1.333334 2.666660
v -6.666660 4.000000 2.666660
v -8.000000 4.000000 2.666660
v -8.000000 5.333340 2.666660
v -6.666660 8.000000 2.666661
v -8.000000 6.666660 2.666660
v -8.000000 8.000000 2.666661
v -8.000000 9.333340 2.666661
v -8.000000 10.666660 2.666661
v -8.000000 13.333340 2.666661
v -8.000000 14.666660 2.666661
v -8.000000 -0.000000 1.333334
v -8.000000 1.333334 1.333334
v -8.000000 5.333340 1.333334
v -6.666660 8.000000 1.333335
v -8.000000 6.666660 1.333334
v -8.000000 8.000000 1.333335
v -8.000000 9.333340 1.333335
v -8.000000 10.666660 1.333335
v -8.000000 13.333340 1.333335
v -8.000000 14.666660 1.333335
v -8.000000 0.000000 0.000000
v -8.000000 1.333334 0.000000
v -8.000000 5.333340 0.000000
v -8.000000 6.666660 0.000001
v -8.000000 9.333340 0.000001
v -8.000000 10.666660 0.000001
v -8.000000 13.333340 0.000001
v -8.000000 14.666660 0.000001
v -8.000000 0.000000 -1.333334
v -8.000000 1.333334 -1.333334
v -8.000000 5.333340 -1.333334
v -8.000000 6.666660 -1.333333
v -8.000000 9.333340 -1.333333
v -8.000000 10.666660 -1.333333
v -8.000000 13.333340 -1.333333
v -8.000000 14.666660 -1.333333
v -8.000000 0.000000 -2.666660
v -8.000000 1.333334 -2.666660
v -8.000000 5.333340 -2.666659
v -6.666660 8.000000 -2.666659
v -6.666660 8.000000 -1.333333
v -8.000000 8.000000 -1.333333
v -8.000000 6.666660 -2.666659
v -8.000000 8.000000 -2.666659
v -8.000000 9.333340 -2.666659
v -8.000000 10.666660 -2.666659
v -8.000000 13.333340 -2.666659
v -8.000000 14.666660 -2.666659
v -8.000000 0.000000 -4.000000
v -8.000000 1.333334 -4.000000
v -8.000000 5.333341 -4.000000
v -8.000000 6.666660 -4.000000
v -8.000000 8.000000 -3.999999
v -8.000000 9.333340 -3.999999
v -8.000000 10.666660 -3.999999
v -8.000000 13.333340 -3.999999
v -8.000000 14.666660 -3.999999
v -8.000000 0.000000 -5.333340
v -8.000000 2.666660 -4.000000
v -8.000000 1.333334 -5.333340
v -8.000000 2.666660 -5.333340
v -8.000000 4.000000 -5.333340
v -8.000000 4.000000 -4.000000
v -8.000000 6.666660 -5.333340
v -8.000000 8.000000 -5.333340
v -8.000000 9.333340 -5.333340
v -8.000000 10.666660 -5.333339
v -8.000000 13.333340 -5.333339
v -6.666660 16.000000 -5.333339
v -8.000000 16.000000 -3.999999
v -8.000000 14.666660 -5.333339
v -8.000000 16.000000 -5.333339
v -6.666660 17.333340 -5.333339
v -6.666660 17.333340 -3.999999
v -8.000000 17.333340 -3.999999
v -8.000000 17.333340 -5.333339
v -6.666660 18.666660 -5.333339
v -6.666660 18.666660 -3.999999
v -8.000000 18.666660 -3.999999
v -8.000000 18.666660 -5.333339
v -8.000000 0.000001 -6.666660
v -8.000000 6.666660 -6.666659
v -8.000000 9.333341 -6.666659
v -8.000000 10.666661 -6.666659
v -8.000000 12.000000 -5.333339
v -8.000000 14.666661 -6.666659
v -8.000000 13.333341 -6.666659
v -8.000000 0.000001 -8.000000
v -8.000000 1.333335 -8.000000
v -8.000000 2.666661 -8.000000
v -8.000000 4.000000 -8.000000
v -8.000000 5.333341 -8.000000
v -8.000000 6.666660 -8.000000
v -6.666660 10.666661 -7.999999
v -6.666660 12.000001 -7.999999
v -8.000000 10.666661 -7.999999
v -8.000000 12.000001 -6.666659
v -8.000000 12.000001 -7.999999
v -6.666660 13.333341 -7.999999
v -8.000000 13.333341 -7.999999
v -9.333340 -0.000001 6.666660
v -9.333340 -0.000001 8.000000
v -9.333340 1.333333 8.000000
v -9.333340 2.666659 8.000000
v -9.333340 3.999999 8.000000
v -9.333340 5.333340 8.000000
v -9.333340 4.000000 6.666660
v -9.333340 5.333340 6.666660
v -9.333340 6.666659 8.000001
v -9.333340 6.666659 6.666660
v -9.333340 -0.000000 5.333340
v -8.000000 2.666659 5.333340
v -9.333340 1.333334 5.333340
v -9.333340 2.666659 5.333340
v -9.333340 4.000000 5.333341
v -9.333340 5.333340 5.333341
v -9.333340 6.666659 5.333341
v -9.333340 9.333340 5.333341
v -9.333340 9.333339 6.666660
v -9.333340 10.666659 6.666661
v -9.333340 10.666660 5.333341
v -9.333340 11.999999 6.666661
v -9.333340 12.000000 5.333341
v -9.333340 13.333339 6.666661
v -9.333340 13.333340 5.333341
v -9.333340 14.666659 6.666661
v -9.333340 14.666660 5.333341
v -9.333340 -0.000000 4.000000
v -9.333340 1.333334 4.000000
v -8.000000 2.666660 4.000000
v -9.333340 2.666660 4.000000
v -9.333340 4.000000 4.000000
v -9.333340 5.333340 4.000000
v -9.333340 6.666659 4.000000
v -9.333340 9.333340 4.000000
v -9.333340 10.666660 4.000001
v -8.000000 12.000000 4.000001
v -9.333340 13.333340 4.000001
v -9.333340 14.666660 4.000001
v -9.333340 -0.000000 2.666660
v -8.000000 2.666660 2.666660
v -9.333340 1.333334 2.666660
v -9.333340 2.666660 2.666660
v -9.333340 4.000000 2.666660
v -9.333340 5.333340 2.666660
v -9.333340 6.666660 2.666660
v -9.333340 9.333340 2.666661
v -9.333340 10.666660 2.666661
v -8.000000 12.000000 2.666661
v -9.333340 12.000000 4.000001
v -9.333340 12.000000 2.666661
v -9.333340 13.333340 2.666661
v -9.333340 14.666660 2.666661
v -9.333340 -0.000000 1.333334
v -9.333340 1.333334 1.333334
v -8.000000 2.666660 1.333334
v -8.000000 4.000000 1.333334
v -9.333340 2.666660 1.333334
v -9.333340 4.000000 1.333334
v -9.333340 5.333340 1.333334
v -9.333340 6.666660 1.333334
v -9.333340 9.333340 1.333335
v -9.333340 10.666660 1.333335
v -8.000000 12.000000 1.333335
v -9.333340 12.000000 1.333335
v -9.333340 13.333340 1.333335
v -9.333340 14.666660 1.333335
v -9.333340 0.000000 0.000000
v -9.333340 1.333334 0.000000
v -8.000000 2.666660 0.000000
v -8.000000 4.000000 0.000000
v -9.333340 2.666660 0.000000
v -9.333340 4.000000 0.000000
v -9.333340 5.333340 0.000000
v -9.333340 6.666660 0.000001
v -9.333340 9.333340 0.000001
v -9.333340 10.666660 0.000001
v -8.000000 12.000000 0.000001
v -9.333340 12.000000 0.000001
v -9.333340 13.333340 0.000001
v -9.333340 14.666660 0.000001
v -9.333340 0.000000 -1.333334
v -8.000000 2.666660 -1.333334
v -9.333340 2.666660 -1.333334
v -9.333340 1.333334 -1.333334
v -8.000000 4.000000 -1.333334
v -9.333340 4.000000 -1.333334
v -9.333340 5.333340 -1.333334
v -9.333340 6.666660 -1.333333
v -9.333340 9.333340 -1.333333
v -9.333340 10.666660 -1.333333
v -8.000000 12.000000 -1.333333
v -9.333340 12.000000 -1.333333
v -9.333340 13.333340 -1.333333
v -9.333340 14.666660 -1.333333
v -9.333340 0.000000 -2.666660
v -9.333340 1.333334 -2.666660
v -8.000000 2.666660 -2.666660
v -8.000000 4.000000 -2.666660
v -9.333340 2.666660 -2.666660
v -9.333340 4.000000 -2.666660
v -9.333340 5.333340 -2.666659
v -9.333340 6.666660 -2.666659
v -9.333340 9.333340 -2.666659
v -9.333340 10.666660 -2.666659
v -8.000000 12.000000 -2.666659
v -9.333340 13.333340 -2.666659
v -9.333340 14.666660 -2.666659
v -9.333340 0.000000 -4.000000
v -9.333340 1.333334 -4.000000
v -9.333340 2.666660 -4.000000
v -9.333340 4.000000 -4.000000
v -9.333340 5.333341 -4.000000
v -9.333340 6.666660 -4.000000
v -9.333340 9.333340 -3.999999
v -9.333340 10.666660 -3.999999
v -8.000000 12.000000 -3.999999
v -9.333340 12.000000 -2.666659
v -9.333340 12.000000 -3.999999
v -9.333340 13.333340 -3.999999
v -9.333340 14.666660 -3.999999
v -9.333340 0.000000 -5.333340
v -9.333340 1.333334 -5.333340
v -9.333340 2.666660 -5.333340
v -9.333340 6.666660 -5.333340
v -9.333340 9.333340 -5.333340
v -9.333340 10.666660 -5.333339
v -9.333340 13.333340 -5.333339
v -9.333340 14.666660 -5.333339
v -9.333340 0.000001 -6.666660
v -9.333340 6.666660 -6.666659
v -9.333340 9.333341 -6.666659
v -9.333340 10.666661 -6.666659
v -9.333340 12.000000 -5.333339
v -9.333340 12.000001 -6.666659
v -9.333340 13.333341 -6.666659
v -9.333340 14.666661 -6.666659
v -9.333340 0.000001 -8.000000
v -9.333340 1.333335 -8.000000
v -9.333340 2.666661 -8.000000
v -9.333340 4.000000 -8.000000
v -9.333340 5.333341 -8.000000
v -9.333340 6.666660 -8.000000
v -10.666660 -0.000001 6.666660
v -10.666660 -0.000001 8.000000
v -10.666660 1.333333 8.000000
v -10.666660 1.333333 6.666660
v -10.666660 2.666659 8.000000
v -10.666660 2.666659 6.666660
v -10.666660 3.999999 8.000000
v -10.666660 4.000000 6.666660
v -10.666660 5.333340 8.000000
v -10.666660 5.333340 6.666660
v -10.666660 6.666659 8.000001
v -10.666660 6.666659 6.666660
v -10.666660 -0.000000 5.333340
v -10.666660 1.333334 5.333340
v -10.666660 2.666659 5.333340
v -10.666660 4.000000 5.333341
v -10.666660 5.333340 5.333341
v -10.666660 6.666659 5.333341
v -10.666660 -0.000000 4.000000
v -10.666660 1.333334 4.000000
v -10.666660 2.666660 4.000000
v -10.666660 4.000000 4.000000
v -10.666660 5.333340 4.000000
v -10.666660 6.666659 4.000000
v -10.666660 10.666660 4.000001
v -10.666660 10.666660 5.333341
v -10.666660 12.000000 5.333341
v -10.666660 12.000000 4.000001
v -10.666660 13.333340 5.333341
v -10.666660 13.333340 4.000001
v -10.666660 -0.000000 2.666660
v -10.666660 1.333334 2.666660
v -10.666660 2.666660 2.666660
v -10.666660 4.000000 2.666660
v -10.666660 5.333340 2.666660
v -10.666660 6.666660 2.666660
v -10.666660 -0.000000 1.333334
v -10.666660 1.333334 1.333334
v -10.666660 2.666660 1.333334
v -10.666660 4.000000 1.333334
v -10.666660 5.333340 1.333334
v -10.666660 10.666660 1.333335
v -10.666660 10.666660 2.666661
v -10.666660 12.000000 2.666661
v -10.666660 12.000000 1.333335
v -10.666660 13.333340 2.666661
v -10.666660 13.333340 1.333335
v -10.666660 0.000000 0.000000
v -10.666660 1.333334 0.000000
v -10.666660 2.666660 0.000000
v -10.666660 4.000000 0.000000
v -10.666660 5.333340 0.000000
v -10.666660 13.333340 0.000001
v -10.666660 14.666660 1.333335
v -10.666660 14.666660 0.000001
v -10.666660 0.000000 -1.333334
v -10.666660 1.333334 -1.333334
v -10.666660 2.666660 -1.333334
v -10.666660 4.000000 -1.333334
v -10.666660 5.333340 -1.333334
v -10.666660 13.333340 -1.333333
v -10.666660 14.666660 -1.333333
v -10.666660 0.000000 -2.666660
v -10.666660 1.333334 -2.666660
v -10.666660 2.666660 -2.666660
v -10.666660 4.000000 -2.666660
v -10.666660 5.333340 -2.666659
v -10.666660 10.666660 -2.666659
v -10.666660 10.666660 -1.333333
v -10.666660 12.000000 -1.333333
v -10.666660 12.000000 -2.666659
v -10.666660 13.333340 -2.666659
v -10.666660 0.000000 -4.000000
v -10.666660 1.333334 -4.000000
v -10.666660 2.666660 -4.000000
v -10.666660 4.000000 -4.000000
v -10.666660 5.333341 -4.000000
v -10.666660 6.666660 -2.666659
v -10.666660 6.666660 -4.000000
v -10.666660 0.000000 -5.333340
v -10.666660 1.333334 -5.333340
v -10.666660 2.666660 -5.333340
v -10.666660 4.000000 -5.333340
v -10.666660 5.333341 -5.333340
v -10.666660 6.666660 -5.333340
v -10.666660 10.666660 -5.333339
v -10.666660 10.666660 -3.999999
v -10.666660 12.000000 -3.999999
v -10.666660 12.000000 -5.333339
v -10.666660 13.333340 -3.999999
v -10.666660 13.333340 -5.333339
v -10.666660 0.000001 -6.666660
v -10.666660 1.333334 -6.666660
v -10.666660 2.666660 -6.666660
v -10.666660 4.000000 -6.666659
v -10.666660 5.333341 -6.666659
v -10.666660 6.666660 -6.666659
v -10.666660 0.000001 -8.000000
v -10.666660 1.333335 -8.000000
v -10.666660 2.666661 -8.000000
v -10.666660 4.000000 -8.000000
v -10.666660 5.333341 -8.000000
v -10.666660 6.666660 -8.000000
vn -0.0000 -1.0000 -0.0000
vn -1.0000 -0.0000 -0.0000
vn -0.0000 -0.0000 1.0000
vn -0.0000 1.0000 -0.0000
vn 1.0000 -0.0000 -0.0000
vn -0.0000 -0.0000 -1.0000
vn 0.7793 0.6266 -0.0000
vn 0.6266 -0.7793 -0.0000
vn -0.6266 0.7793 -0.0000
vn 0.6266 -0.7794 -0.0000
vn -0.0000 -0.9177 0.3973
vn -0.0000 0.3828 0.9238
vn -0.0000 0.9177 -0.3973
vn -0.0000 -0.3828 -0.9238
vn -0.0000 -0.3825 -0.9239
vn -0.0000 -0.9177 -0.3973
vn -0.0000 0.3827 -0.9239
vn -0.0000 0.9177 0.3973
vn -0.0000 -0.3828 0.9238
vn -0.0000 0.3828 -0.9238
vn -0.0000 0.9177 0.3972
vn -0.0000 -0.3827 0.9239
vn 0.3973 -0.9177 -0.0000
vn 0.9239 0.3825 -0.0000
vn -0.3973 0.9177 -0.0000
vn -0.9239 -0.3825 -0.0000
vn 0.9238 0.3830 -0.0000
vn -0.9238 -0.3828 -0.0000
vn 0.9238 0.3828 -0.0000
vn -0.3973 -0.9177 -0.0000
vn -0.9238 0.3830 -0.0000
vn 0.3973 0.9177 -0.0000
vn 0.9238 -0.3828 -0.0000
vn 0.9238 -0.3829 -0.0000
vn -0.9239 0.3825 -0.0000
vn 0.9239 -0.3825 -0.0000
vn -0.9238 0.3828 -0.0000
vn 0.9240 -0.3825 -0.0000
vt 0.574219 0.966797
vt 0.585938 0.972656
vt 0.574219 0.972656
vt 0.572266 0.976562
vt 0.587891 0.988281
vt 0.587891 0.976562
vt 0.572266 0.966797
vt 0.587891 0.972656
vt 0.572266 0.972656
vt 0.585938 0.966797
vt 0.572266 0.988281
vt 0.587891 0.966797
vt 0.595703 0.998047
vt 0.564453 0.966797
vt 0.595703 0.966797
vt 0.564453 0.998047
vt 0.148438 0.968750
vt 0.152344 0.984375
vt 0.148438 0.984375
vt 0.154297 0.992188
vt 0.162109 0.988281
vt 0.154297 0.988281
vt 0.154297 0.968750
vt 0.162109 0.984375
vt 0.154297 0.984375
vt 0.164062 0.984375
vt 0.167969 0.968750
vt 0.167969 0.984375
vt 0.162109 0.992188
vt 0.162109 0.968750
vt 0.152344 0.968750
vt 0.164062 0.968750
vt 0.630859 0.962891
vt 0.599609 0.931641
vt 0.630859 0.931641
vt 0.212891 0.927734
vt 0.244141 0.896484
vt 0.212891 0.896484
vt 0.666016 0.962891
vt 0.634766 0.931641
vt 0.666016 0.931641
vt 0.599609 0.962891
vt 0.244141 0.927734
vt 0.876953 0.892578
vt 0.845703 0.861328
vt 0.876953 0.861328
vt 0.912109 0.861328
vt 0.880859 0.892578
vt 0.912109 0.892578
vt 0.775391 0.892578
vt 0.806641 0.861328
vt 0.806641 0.892578
vt 0.845703 0.892578
vt 0.775391 0.861328
vt 0.314453 0.962891
vt 0.283203 0.931641
vt 0.314453 0.931641
vt 0.283203 0.962891
vt 0.742188 0.750000
vt 0.746094 0.742188
vt 0.746094 0.750000
vt 0.748047 0.742188
vt 0.751953 0.750000
vt 0.748047 0.750000
vt 0.740234 0.750000
vt 0.742188 0.742188
vt 0.746094 0.751953
vt 0.742188 0.751953
vt 0.750000 0.751953
vt 0.917969 0.994141
vt 0.945312 0.966797
vt 0.945312 0.994141
vt 0.882812 0.996094
vt 0.910156 0.968750
vt 0.882812 0.968750
vt 0.917969 0.966797
vt 0.910156 0.996094
vt 0.953125 0.994141
vt 0.980469 0.966797
vt 0.980469 0.994141
vt 0.751953 0.742188
vt 0.953125 0.966797
vt 0.248047 0.470703
vt 0.279297 0.439453
vt 0.248047 0.439453
vt 0.279297 0.470703
vt 0.283203 0.470703
vt 0.314453 0.439453
vt 0.283203 0.439453
vt 0.314453 0.470703
vt 0.212891 0.470703
vt 0.244141 0.439453
vt 0.212891 0.439453
vt 0.244141 0.470703
vt 0.318359 0.470703
vt 0.349609 0.439453
vt 0.318359 0.439453
vt 0.349609 0.470703
vt 0.564453 0.982422
vt 0.595703 0.982422
vt 0.580078 0.966797
vt 0.580078 0.998047
vt 0.580078 0.982422
vt 0.437500 0.876953
vt 0.441406 0.880859
vt 0.437500 0.880859
vt 0.437500 0.861328
vt 0.441406 0.861328
vt 0.119141 0.847656
vt 0.126953 0.835938
vt 0.126953 0.847656
vt 0.119141 0.835938
vt 0.121094 0.845703
vt 0.125000 0.841797
vt 0.125000 0.845703
vt 0.121094 0.835938
vt 0.125000 0.832031
vt 0.121094 0.832031
vt 0.669922 0.853516
vt 0.701172 0.857422
vt 0.669922 0.857422
vt 0.701172 0.826172
vt 0.669922 0.826172
vt 0.701172 0.853516
vt 0.630859 0.751953
vt 0.599609 0.720703
vt 0.630859 0.720703
vt 0.599609 0.751953
vt 0.138672 0.822266
vt 0.107422 0.791016
vt 0.107422 0.822266
vt 0.138672 0.791016
vt 0.156250 0.755859
vt 0.160156 0.765625
vt 0.156250 0.765625
vt 0.160156 0.755859
vt 0.160156 0.759766
vt 0.156250 0.759766
vt 0.152344 0.781250
vt 0.156250 0.769531
vt 0.152344 0.769531
vt 0.160156 0.769531
vt 0.164062 0.771484
vt 0.160156 0.771484
vt 0.156250 0.781250
vt 0.152344 0.771484
vt 0.156250 0.771484
vt 0.164062 0.769531
vt 0.160156 0.781250
vt 0.164062 0.781250
vt 0.156250 0.773438
vt 0.160156 0.773438
vt 0.160156 0.777344
vt 0.156250 0.777344
vt 0.634766 0.962891
vt 0.880859 0.861328
vt 0.740234 0.742188
vt 0.750000 0.750000
vt 0.441406 0.876953
vt 0.121094 0.841797
vt 0.125000 0.835938
s 1
g off
g __(4)__2800_64_-6816_to_2814_79_-6805_Cobblestone
usemtl Cobblestone
f 13/1/1 16/2/1 15/3/1
s 2
f 14/4/2 17/5/2 18/6/2
s 3
f 17/7/3 15/8/3 19/9/3
s 4
f 20/3/4 17/10/4 19/2/4
s 5
f 16/4/5 19/5/5 15/11/5
s 6
f 16/9/6 18/12/6 20/8/6
s 7
f 33/1/1 36/2/1 35/3/1
s 8
f 34/4/2 37/5/2 38/6/2
s 9
f 37/7/3 35/8/3 39/9/3
s 10
f 40/3/4 37/10/4 39/2/4
s 11
f 36/4/5 39/5/5 35/11/5
s 12
f 36/9/6 38/12/6 40/8/6
s 13
f 53/1/1 56/2/1 55/3/1
s 14
f 54/4/2 57/5/2 58/6/2
s 15
f 57/7/3 55/8/3 59/9/3
s 16
f 60/3/4 57/10/4 59/2/4
s 17
f 56/4/5 59/5/5 55/11/5
s 18
f 56/9/6 58/12/6 60/8/6
s 19
f 832/13/5 830/14/5 829/15/5
s 20
f 833/13/3 831/14/3 830/15/3
s 19
f 846/13/5 829/14/5 845/15/5
f 847/13/5 832/14/5 846/15/5
s 21
f 849/15/2 851/16/2 848/14/2
s 19
f 862/13/5 845/14/5 857/15/5
s 21
f 860/15/2 863/16/2 861/14/2
s 19
f 864/13/5 846/14/5 862/15/5
s 21
f 848/15/2 865/16/2 863/14/2
s 19
f 866/13/5 847/14/5 864/15/5
s 22
f 867/15/4 852/16/4 866/14/4
s 23
f 876/13/5 871/14/5 870/15/5
s 24
f 877/13/3 874/14/3 871/15/3
s 25
f 879/15/4 877/16/4 876/14/4
s 26
f 875/15/6 876/16/6 870/14/6
s 19
f 881/13/5 854/14/5 880/15/5
s 27
f 854/16/1 882/15/1 880/14/1
s 19
f 883/13/5 855/14/5 881/15/5
s 21
f 858/15/2 885/16/2 884/14/2
s 19
f 888/13/5 862/14/5 886/15/5
s 21
f 863/15/2 889/16/2 887/14/2
s 19
f 893/13/5 880/14/5 892/15/5
s 27
f 880/16/1 894/15/1 892/14/1
s 19
f 900/13/5 886/14/5 898/15/5
s 21
f 887/15/2 901/16/2 899/14/2
s 19
f 902/13/5 888/14/5 900/15/5
s 22
f 903/15/4 890/16/4 902/14/4
s 19
f 922/13/5 895/14/5 919/15/5
s 21
f 897/15/2 923/16/2 921/14/2
s 19
f 936/13/5 922/14/5 934/15/5
s 21
f 923/15/2 937/16/2 935/14/2
s 19
f 943/13/5 929/14/5 941/15/5
s 21
f 932/15/2 945/16/2 944/14/2
s 19
f 946/13/5 931/14/5 943/15/5
s 21
f 933/15/2 947/16/2 945/14/2
s 19
f 948/13/5 934/14/5 946/15/5
s 21
f 935/15/2 949/16/2 947/14/2
s 19
f 970/13/5 943/14/5 967/15/5
s 21
f 945/15/2 971/16/2 969/14/2
s 19
f 979/13/5 965/14/5 977/15/5
s 21
f 968/15/2 981/16/2 980/14/2
s 19
f 982/13/5 967/14/5 979/15/5
s 21
f 969/15/2 983/16/2 981/14/2
s 19
f 1001/13/5 976/14/5 1000/15/5
s 27
f 976/16/1 1002/15/1 1000/14/1
s 19
f 1016/13/5 1001/14/5 1013/15/5
s 28
f 1015/15/6 1016/16/6 1013/14/6
s 19
f 1020/13/5 1006/14/5 1018/15/5
s 28
f 1019/15/6 1020/16/6 1018/14/6
s 19
f 1022/13/5 1008/14/5 1020/15/5
s 22
f 1023/15/4 1010/16/4 1022/14/4
s 28
f 1021/15/6 1022/16/6 1020/14/6
s 20
f 834/13/3 1027/14/3 831/15/3
f 837/13/3 1028/14/3 834/15/3
s 29
f 1030/15/6 850/16/6 849/14/6
s 27
f 826/16/1 1034/15/1 844/14/1
s 30
f 1036/15/2 1038/16/2 1035/14/2
s 31
f 1035/15/6 860/16/6 859/14/6
s 30
f 1037/15/2 1039/16/2 1038/14/2
s 32
f 1039/15/4 849/16/4 848/14/4
s 31
f 1038/15/6 848/16/6 860/14/6
s 33
f 850/16/1 1040/15/1 851/14/1
s 22
f 1041/15/4 841/16/4 853/14/4
s 34
f 874/13/5 1044/14/5 873/15/5
s 35
f 1048/13/3 1047/14/3 1044/15/3
s 34
f 1052/13/5 1050/14/5 878/15/5
s 35
f 1053/13/3 1051/14/3 1050/15/3
s 36
f 1055/15/4 1053/16/4 1052/14/4
s 33
f 851/16/1 1058/15/1 865/14/1
s 22
f 1059/15/4 853/16/4 867/14/4
s 37
f 1064/15/2 1067/16/2 1065/14/2
s 34
f 1068/13/5 878/14/5 879/15/5
s 36
f 1069/15/4 1052/16/4 1068/14/4
s 27
f 856/16/1 1070/15/1 882/14/1
s 38
f 1071/15/4 858/16/4 884/14/4
s 33
f 865/16/1 1072/15/1 889/14/1
s 22
f 1073/15/4 867/16/4 891/14/4
s 34
f 909/13/5 1060/14/5 1074/15/5
s 39
f 1060/16/1 1075/15/1 1074/14/1
s 34
f 910/13/5 872/14/5 909/15/5
s 37
f 1062/15/2 1077/16/2 1076/14/2
s 34
f 908/13/5 1074/14/5 1085/15/5
s 39
f 1074/16/1 1086/15/1 1085/14/1
s 33
f 901/16/1 1094/15/1 925/14/1
s 22
f 1095/15/4 903/16/4 927/14/4
s 34
f 1103/13/5 915/14/5 1102/15/5
s 40
f 915/16/1 1104/15/1 1102/14/1
s 36
f 1105/15/4 1090/16/4 1103/14/4
s 34
f 1114/13/5 1102/14/5 962/15/5
s 40
f 1102/16/1 1115/15/1 962/14/1
s 36
f 1116/15/4 1103/16/4 1114/14/4
s 33
f 937/16/1 1119/15/1 949/14/1
s 22
f 1120/15/4 939/16/4 951/14/4
s 34
f 956/13/5 1110/14/5 1121/15/5
s 39
f 1110/16/1 1122/15/1 1121/14/1
s 37
f 1112/15/2 1124/16/2 1123/14/2
s 27
f 942/16/1 1128/15/1 966/14/1
s 38
f 1129/15/4 944/16/4 968/14/4
s 33
f 949/16/1 1130/15/1 973/14/1
s 22
f 1131/15/4 951/16/4 975/14/4
s 34
f 994/13/5 956/14/5 993/15/5
s 37
f 1123/15/2 1135/16/2 1134/14/2
s 34
f 998/13/5 959/14/5 994/15/5
s 37
f 1124/15/2 1136/16/2 1135/14/2
s 34
f 992/13/5 1132/14/5 1143/15/5
s 39
f 1132/16/1 1144/15/1 1143/14/1
s 37
f 1134/15/2 1146/16/2 1145/14/2
f 1135/15/2 1147/16/2 1146/14/2
s 34
f 1148/13/5 998/14/5 999/15/5
s 36
f 1149/15/4 1137/16/4 1148/14/4
s 34
f 1155/13/5 1143/14/5 1154/15/5
s 39
f 1143/16/1 1156/15/1 1154/14/1
s 41
f 1156/15/6 1155/16/6 1154/14/6
s 34
f 1158/13/5 992/14/5 1155/15/5
s 41
f 1157/15/6 1158/16/6 1155/14/6
s 34
f 1160/13/5 995/14/5 1158/15/5
s 41
f 1159/15/6 1160/16/6 1158/14/6
s 34
f 1162/13/5 999/14/5 1160/15/5
s 36
f 1163/15/4 1148/16/4 1162/14/4
s 41
f 1161/15/6 1162/16/6 1160/14/6
s 20
f 1032/13/3 1180/14/3 1029/15/3
s 22
f 1182/15/4 1032/16/4 1033/14/4
s 42
f 1040/13/5 1030/14/5 1039/15/5
s 43
f 1030/16/1 1194/15/1 1039/14/1
s 44
f 1179/15/2 1196/16/2 1194/14/2
s 22
f 1197/15/4 1033/16/4 1041/14/4
s 27
f 1034/16/1 1205/15/1 1056/14/1
s 38
f 1206/15/4 1035/16/4 1057/14/4
s 45
f 1210/13/5 1041/14/5 1059/15/5
s 46
f 1211/13/3 1197/14/3 1041/15/3
s 45
f 1061/13/5 1211/14/5 1210/15/5
s 46
f 1045/13/3 1212/14/3 1211/15/3
s 40
f 1066/16/1 1214/15/1 1067/14/1
s 47
f 1215/13/5 1055/14/5 1069/15/5
s 48
f 1216/13/3 1204/14/3 1055/15/3
s 49
f 1204/15/2 1219/16/2 1218/14/2
s 50
f 1218/15/6 1215/16/6 1069/14/6
s 47
f 1220/13/5 1216/14/5 1215/15/5
s 48
f 1221/13/3 1217/14/3 1216/15/3
s 49
f 1217/15/2 1223/16/2 1219/14/2
s 50
f 1219/15/6 1220/16/6 1215/14/6
s 51
f 1240/15/4 1062/16/4 1076/14/4
s 33
f 1083/16/1 1255/15/1 1094/14/1
s 45
f 1256/13/5 1084/14/5 1095/15/5
s 52
f 1247/15/2 1258/16/2 1257/14/2
s 53
f 1258/15/4 1246/16/4 1256/14/4
s 27
f 1092/16/1 1263/15/1 1106/14/1
s 38
f 1264/15/4 1093/16/4 1107/14/4
s 33
f 1094/16/1 1265/15/1 1108/14/1
s 39
f 1098/16/1 1269/15/1 1111/14/1
s 51
f 1270/15/4 1100/16/4 1112/14/4
s 33
f 1108/16/1 1275/15/1 1119/14/1
s 45
f 1276/13/5 1109/14/5 1120/15/5
s 52
f 1267/15/2 1278/16/2 1277/14/2
s 45
f 1122/13/5 1266/14/5 1276/15/5
s 54
f 1111/13/3 1268/14/3 1266/15/3
s 52
f 1268/15/2 1279/16/2 1278/14/2
s 51
f 1280/15/4 1112/16/4 1123/14/4
s 33
f 1119/16/1 1285/15/1 1130/14/1
s 45
f 1133/13/5 1276/14/5 1286/15/5
s 52
f 1278/15/2 1289/16/2 1288/14/2
s 51
f 1290/15/4 1123/16/4 1134/14/4
s 40
f 1125/16/1 1291/15/1 1136/14/1
s 36
f 1292/15/4 1127/16/4 1138/14/4
s 51
f 1300/15/4 1134/16/4 1145/14/4
s 55
f 1302/13/5 1138/14/5 1149/15/5
s 56
f 1303/13/3 1292/14/3 1138/15/3
s 57
f 1292/15/2 1306/16/2 1305/14/2
s 58
f 1305/15/6 1302/16/6 1149/14/6
s 55
f 1307/13/5 1303/14/5 1302/15/5
s 56
f 1308/13/3 1304/14/3 1303/15/3
s 57
f 1304/15/2 1310/16/2 1306/14/2
s 58
f 1306/15/6 1307/16/6 1302/14/6
s 55
f 1311/13/5 1308/14/5 1307/15/5
s 56
f 1312/13/3 1309/14/3 1308/15/3
s 57
f 1309/15/2 1314/16/2 1310/14/2
s 59
f 1314/15/4 1312/16/4 1311/14/4
s 58
f 1310/15/6 1311/16/6 1307/14/6
s 60
f 1146/13/3 1300/14/3 1145/15/3
s 61
f 1166/13/3 1316/14/3 1151/15/3
s 28
f 1325/15/6 1167/16/6 1165/14/6
s 61
f 1168/13/3 1326/14/3 1166/15/3
s 28
f 1327/15/6 1169/16/6 1167/14/6
s 20
f 1175/13/3 1341/14/3 1174/15/3
s 35
f 1188/13/3 1360/14/3 1185/15/3
s 62
f 1362/15/6 1201/16/6 1200/14/6
s 35
f 1191/13/3 1361/14/3 1188/15/3
s 62
f 1363/15/6 1202/16/6 1201/14/6
s 46
f 1212/13/3 1357/14/3 1197/15/3
s 63
f 1372/15/6 1236/16/6 1235/14/6
s 46
f 1198/13/3 1371/14/3 1212/15/3
s 63
f 1373/15/6 1238/16/6 1236/14/6
s 51
f 1375/15/4 1200/16/4 1213/14/4
s 27
f 1205/16/1 1378/15/1 1228/14/1
s 38
f 1379/15/4 1206/16/4 1229/14/4
s 64
f 1394/13/5 1390/14/5 1389/15/5
s 65
f 1231/13/3 1391/14/3 1390/15/3
s 66
f 1393/15/6 1394/16/6 1389/14/6
s 64
f 1245/13/5 1231/14/5 1394/15/5
s 65
f 1232/13/3 1395/14/3 1231/15/3
s 22
f 1397/15/4 1234/16/4 1247/14/4
s 27
f 1243/16/1 1403/15/1 1253/14/1
s 38
f 1404/15/4 1244/16/4 1254/14/4
s 64
f 1255/13/5 1394/14/5 1405/15/5
s 67
f 1394/16/1 1406/15/1 1405/14/1
s 68
f 1396/15/2 1408/16/2 1406/14/2
s 40
f 1251/16/1 1412/15/1 1261/14/1
s 27
f 1253/16/1 1415/15/1 1263/14/1
s 38
f 1416/15/4 1254/16/4 1264/14/4
s 64
f 1265/13/5 1405/14/5 1417/15/5
s 67
f 1405/16/1 1418/15/1 1417/14/1
s 68
f 1406/15/2 1419/16/2 1418/14/2
s 39
f 1259/16/1 1421/15/1 1269/14/1
s 51
f 1422/15/4 1260/16/4 1270/14/4
s 69
f 1424/13/5 1262/14/5 1272/15/5
s 70
f 1425/15/4 1413/16/4 1424/14/4
s 27
f 1263/16/1 1426/15/1 1273/14/1
s 40
f 1271/16/1 1434/15/1 1281/14/1
s 27
f 1273/16/1 1437/15/1 1283/14/1
s 64
f 1438/13/5 1274/14/5 1284/15/5
f 1285/13/5 1430/14/5 1439/15/5
s 71
f 1442/15/2 1445/16/2 1443/14/2
s 69
f 1304/13/5 1282/14/5 1292/15/5
s 70
f 1450/15/4 1435/16/4 1304/14/4
s 72
f 1451/15/6 1304/16/6 1292/14/6
s 27
f 1283/16/1 1452/15/1 1293/14/1
s 73
f 1289/13/3 1460/14/3 1288/15/3
s 74
f 1462/15/6 1299/16/6 1298/14/6
s 27
f 1293/16/1 1467/15/1 1315/14/1
s 64
f 1317/13/5 1457/14/5 1328/15/5
s 71
f 1458/15/2 1470/16/2 1469/14/2
s 22
f 1471/15/4 1297/16/4 1318/14/4
s 39
f 1299/16/1 1472/15/1 1319/14/1
s 41
f 1472/15/6 1320/16/6 1319/14/6
s 60
f 1301/13/3 1474/14/3 1321/15/3
s 41
f 1475/15/6 1323/16/6 1335/14/6
s 27
f 1315/16/1 1478/15/1 1324/14/1
s 28
f 1478/15/6 1325/16/6 1324/14/6
f 1479/15/6 1327/16/6 1325/14/6
f 1480/15/6 1329/16/6 1327/14/6
s 75
f 1361/13/5 1495/14/5 1360/15/5
s 76
f 1495/16/1 1497/15/1 1360/14/1
s 77
f 1496/13/3 1498/14/3 1495/15/3
s 78
f 1498/15/2 1500/16/2 1497/14/2
s 39
f 1359/16/1 1510/15/1 1358/14/1
s 35
f 1360/13/3 1511/14/3 1359/15/3
s 62
f 1512/15/6 1363/16/6 1362/14/6
s 46
f 1371/13/3 1509/14/3 1357/15/3
s 63
f 1523/15/6 1373/16/6 1372/14/6
s 39
f 1374/16/1 1534/15/1 1382/14/1
s 51
f 1535/15/4 1375/16/4 1383/14/4
s 79
f 1534/15/6 1383/16/6 1382/14/6
s 65
f 1391/13/3 1530/14/3 1379/15/3
s 66
f 1541/15/6 1393/16/6 1392/14/6
f 1543/15/6 1407/16/6 1396/14/6
s 80
f 1545/13/5 1381/14/5 1397/15/5
s 81
f 1546/13/3 1533/14/3 1381/15/3
s 40
f 1384/16/1 1548/15/1 1400/14/1
s 82
f 1536/15/2 1550/16/2 1548/14/2
s 83
f 1551/13/5 1387/14/5 1402/15/5
s 84
f 1552/13/3 1538/14/3 1387/15/3
s 85
f 1407/16/1 1561/15/1 1408/14/1
s 86
f 1544/15/2 1563/16/2 1561/14/2
s 80
f 1564/13/5 1397/14/5 1409/15/5
s 86
f 1562/15/2 1566/16/2 1563/14/2
s 87
f 1399/13/3 1567/14/3 1398/15/3
s 86
f 1567/15/2 1570/16/2 1568/14/2
s 51
f 1570/15/4 1399/16/4 1411/14/4
s 40
f 1400/16/1 1571/15/1 1412/14/1
s 82
f 1548/15/2 1572/16/2 1571/14/2
s 27
f 1403/16/1 1575/15/1 1415/14/1
s 38
f 1576/15/4 1404/16/4 1416/14/4
s 80
f 1579/13/5 1409/14/5 1420/15/5
s 86
f 1563/15/2 1580/16/2 1578/14/2
f 1568/15/2 1582/16/2 1581/14/2
s 51
f 1582/15/4 1411/16/4 1422/14/4
s 88
f 1581/15/6 1422/16/6 1421/14/6
s 40
f 1412/16/1 1583/15/1 1423/14/1
s 82
f 1571/15/2 1584/16/2 1583/14/2
s 83
f 1585/13/5 1414/14/5 1425/15/5
s 89
f 1586/15/4 1573/16/4 1585/14/4
s 80
f 1593/13/5 1420/14/5 1431/15/5
s 90
f 1594/15/6 1593/16/6 1431/14/6
s 80
f 1432/13/5 1579/14/5 1593/15/5
s 90
f 1595/15/6 1432/16/6 1593/14/6
s 83
f 1599/13/5 1425/14/5 1436/15/5
s 91
f 1600/15/6 1599/16/6 1436/14/6
s 27
f 1426/16/1 1606/15/1 1437/14/1
s 92
f 1607/15/4 1441/16/4 1440/14/4
s 93
f 1608/15/6 1440/16/6 1455/14/6
s 39
f 1432/16/1 1611/15/1 1447/14/1
s 94
f 1433/13/3 1596/14/3 1432/15/3
s 51
f 1613/15/4 1433/16/4 1448/14/4
s 40
f 1434/16/1 1614/15/1 1449/14/1
s 70
f 1615/15/4 1436/16/4 1450/14/4
s 72
f 1616/15/6 1450/16/6 1451/14/6
s 95
f 1445/16/1 1619/15/1 1459/14/1
s 73
f 1447/13/3 1620/14/3 1460/15/3
s 74
f 1622/15/6 1463/16/6 1462/14/6
s 51
f 1624/15/4 1448/16/4 1464/14/4
s 40
f 1449/16/1 1625/15/1 1465/14/1
s 36
f 1626/15/4 1451/16/4 1466/14/4
s 60
f 1474/13/3 1624/14/3 1464/15/3
f 1465/13/3 1633/14/3 1474/15/3
s 96
f 1633/15/2 1635/16/2 1634/14/2
s 36
f 1636/15/4 1466/16/4 1477/14/4
s 41
f 1635/15/6 1477/16/6 1476/14/6
s 22
f 1644/15/4 1471/16/4 1483/14/4
s 28
f 1643/15/6 1483/16/6 1482/14/6
s 97
f 1646/13/5 1473/14/5 1645/15/5
s 98
f 1473/16/1 1647/15/1 1645/14/1
s 96
f 1632/15/2 1648/16/2 1647/14/2
s 99
f 1647/15/6 1646/16/6 1645/14/6
s 20
f 1490/13/3 1654/14/3 1487/15/3
f 1493/13/3 1656/14/3 1492/15/3
s 22
f 1660/15/4 1493/16/4 1494/14/4
s 100
f 1515/13/5 1502/14/5 1503/15/5
s 40
f 1502/16/1 1662/15/1 1503/14/1
s 101
f 1661/13/3 1663/14/3 1502/15/3
s 102
f 1663/15/2 1665/16/2 1662/14/2
s 36
f 1665/15/4 1661/16/4 1515/14/4
s 27
f 1484/16/1 1666/15/1 1504/14/1
s 103
f 1507/16/1 1673/15/1 1508/14/1
s 22
f 1674/15/4 1494/16/4 1509/14/4
s 39
f 1511/16/1 1675/15/1 1510/14/1
s 35
f 1497/13/3 1676/14/3 1511/15/3
f 1500/13/3 1677/14/3 1497/15/3
s 104
f 1679/15/4 1500/16/4 1513/14/4
s 62
f 1680/15/6 1513/16/6 1512/14/6
s 27
f 1504/16/1 1683/15/1 1517/14/1
s 38
f 1684/15/4 1505/16/4 1518/14/4
s 103
f 1508/16/1 1685/15/1 1521/14/1
s 46
f 1522/13/3 1674/14/3 1509/15/3
s 63
f 1687/15/6 1524/16/6 1523/14/6
s 51
f 1690/15/4 1512/16/4 1526/14/4
s 103
f 1521/16/1 1695/15/1 1532/14/1
s 22
f 1696/15/4 1523/16/4 1533/14/4
s 39
f 1525/16/1 1697/15/1 1534/14/1
s 51
f 1698/15/4 1526/16/4 1535/14/4
s 79
f 1697/15/6 1535/16/6 1534/14/6
s 65
f 1531/13/3 1704/14/3 1540/15/3
s 66
f 1706/15/6 1543/16/6 1542/14/6
s 105
f 1549/16/1 1713/15/1 1550/14/1
s 27
f 1559/16/1 1721/15/1 1575/14/1
s 105
f 1572/16/1 1722/15/1 1584/14/1
s 106
f 1717/15/2 1723/16/2 1722/14/2
s 27
f 1575/16/1 1725/15/1 1587/14/1
s 107
f 1580/13/3 1733/14/3 1578/15/3
s 90
f 1735/15/6 1595/16/6 1594/14/6
s 105
f 1584/16/1 1737/15/1 1598/14/1
s 27
f 1587/16/1 1740/15/1 1606/14/1
s 39
f 1596/16/1 1745/15/1 1611/14/1
s 94
f 1612/13/3 1746/14/3 1596/15/3
s 51
f 1748/15/4 1612/16/4 1613/14/4
s 40
f 1597/16/1 1749/15/1 1614/14/1
s 108
f 1598/13/3 1750/14/3 1597/15/3
s 70
f 1751/15/4 1600/16/4 1615/14/4
s 72
f 1752/15/6 1615/16/6 1616/14/6
s 73
f 1611/13/3 1756/14/3 1620/15/3
s 74
f 1758/15/6 1623/16/6 1622/14/6
s 51
f 1760/15/4 1613/16/4 1624/14/4
s 27
f 1617/16/1 1763/15/1 1627/14/1
f 1627/16/1 1776/15/1 1637/14/1
s 28
f 1776/15/6 1638/16/6 1637/14/6
s 20
f 1655/13/3 1788/14/3 1654/15/3
s 109
f 1790/15/6 1657/16/6 1670/14/6
s 40
f 1681/16/1 1827/15/1 1691/14/1
s 36
f 1828/15/4 1682/16/4 1692/14/4
s 39
f 1689/16/1 1834/15/1 1697/14/1
s 51
f 1835/15/4 1690/16/4 1698/14/4
s 79
f 1834/15/6 1698/16/6 1697/14/6
s 110
f 1704/16/1 1842/15/1 1706/14/1
s 65
f 1707/13/3 1843/14/3 1704/15/3
s 66
f 1842/15/6 1708/16/6 1706/14/6
f 1845/15/6 1710/16/6 1709/14/6
s 107
f 1733/13/3 1862/14/3 1731/15/3
s 89
f 1867/15/4 1724/16/4 1738/14/4
s 91
f 1869/15/6 1738/16/6 1739/14/6
s 39
f 1746/16/1 1876/15/1 1745/14/1
s 94
f 1747/13/3 1877/14/3 1746/15/3
s 51
f 1879/15/4 1747/16/4 1748/14/4
s 73
f 1756/13/3 1874/14/3 1744/15/3
s 74
f 1892/15/6 1758/16/6 1757/14/6
s 73
f 1745/13/3 1891/14/3 1756/15/3
s 74
f 1893/15/6 1759/16/6 1758/14/6
s 40
f 1749/16/1 1896/15/1 1761/14/1
s 36
f 1897/15/4 1752/16/4 1762/14/4
s 27
f 1753/16/1 1898/15/1 1763/14/1
s 111
f 1764/13/3 1885/14/3 1754/15/3
s 39
f 1759/16/1 1900/15/1 1770/14/1
s 41
f 1900/15/6 1771/16/6 1770/14/6
s 60
f 1772/13/3 1895/14/3 1760/15/3
s 28
f 1907/15/6 1779/16/6 1778/14/6
f 1908/15/6 1780/16/6 1779/14/6
s 112
f 1783/13/5 1773/14/5 1912/15/5
s 113
f 1914/15/2 1916/16/2 1915/14/2
s 114
f 1916/15/4 1774/16/4 1783/14/4
s 115
f 1915/15/6 1783/16/6 1912/14/6
s 20
f 1791/13/3 1920/14/3 1788/15/3
f 1793/13/3 1921/14/3 1791/15/3
s 116
f 1923/15/6 1807/16/6 1792/14/6
s 117
f 1928/13/5 1789/14/5 1805/15/5
s 118
f 1930/15/2 1932/16/2 1929/14/2
s 119
f 1929/15/6 1928/16/6 1805/14/6
s 35
f 1815/13/3 1942/14/3 1803/15/3
s 36
f 1945/15/4 1815/16/4 1816/14/4
s 40
f 1814/16/1 1954/15/1 1827/14/1
s 36
f 1955/15/4 1816/16/4 1828/14/4
s 27
f 1817/16/1 1956/15/1 1829/14/1
s 38
f 1957/15/4 1818/16/4 1830/14/4
s 39
f 1825/16/1 1960/15/1 1834/14/1
s 51
f 1961/15/4 1826/16/4 1835/14/4
s 79
f 1960/15/6 1835/16/6 1834/14/6
s 40
f 1827/16/1 1962/15/1 1836/14/1
s 120
f 1962/15/6 1837/16/6 1836/14/6
s 65
f 1832/13/3 1970/14/3 1831/15/3
s 66
f 1971/15/6 1845/16/6 1844/14/6
s 84
f 1849/13/3 1965/14/3 1839/15/3
s 121
f 1977/15/4 1849/16/4 1850/14/4
s 27
f 1840/16/1 1978/15/1 1851/14/1
s 38
f 1979/15/4 1841/16/4 1852/14/4
s 122
f 1842/16/1 1980/15/1 1853/14/1
s 123
f 1848/16/1 1981/15/1 1854/14/1
s 124
f 1982/13/3 1977/14/3 1850/15/3
s 125
f 1985/15/4 1982/16/4 1984/14/4
f 1989/15/4 1984/16/4 1988/14/4
s 126
f 1990/15/6 1988/16/6 1868/14/6
s 107
f 1864/13/3 1993/14/3 1862/15/3
s 22
f 1995/15/4 1864/16/4 1875/14/4
s 89
f 1998/15/4 1868/16/4 1867/14/4
s 91
f 1999/15/6 1867/16/6 1869/14/6
s 27
f 1857/16/1 2000/15/1 1870/14/1
s 127
f 2002/15/2 2004/16/2 2001/14/2
s 70
f 2012/15/4 1869/16/4 1882/14/4
s 72
f 2013/15/6 1882/16/6 1883/14/6
s 27
f 1870/16/1 2014/15/1 1884/14/1
s 73
f 1891/13/3 2005/14/3 1874/15/3
s 74
f 2018/15/6 1893/16/6 1892/14/6
s 51
f 2021/15/4 1879/16/4 1895/14/4
s 40
f 1880/16/1 2022/15/1 1896/14/1
s 36
f 2023/15/4 1883/16/4 1897/14/4
s 27
f 1884/16/1 2024/15/1 1898/14/1
s 28
f 2034/15/6 1908/16/6 1907/14/6
s 27
f 1918/16/1 2038/15/1 1917/14/1
s 20
f 1919/13/3 2039/14/3 1918/15/3
f 1921/13/3 2041/14/3 1920/15/3
s 128
f 2043/15/6 1923/16/6 1931/14/6
s 129
f 1939/13/5 2049/14/5 1938/15/5
s 130
f 2049/16/1 2051/15/1 1938/14/1
s 131
f 2050/13/3 2052/14/3 2049/15/3
s 132
f 2052/15/2 2054/16/2 2051/14/2
s 129
f 1942/13/5 2050/14/5 1939/15/5
s 131
f 2055/13/3 2053/14/3 2050/15/3
s 132
f 2053/15/2 2057/16/2 2054/14/2
s 133
f 2057/15/4 2055/16/4 1942/14/4
s 27
f 1917/16/1 2058/15/1 1927/14/1
s 38
f 2059/15/4 1930/16/4 1929/14/4
s 39
f 1937/16/1 2064/15/1 1936/14/1
s 35
f 1938/13/3 2065/14/3 1937/15/3
s 62
f 2066/15/6 1941/16/6 1940/14/6
s 132
f 2054/15/2 2068/16/2 2067/14/2
s 62
f 2067/15/6 1943/16/6 1941/14/6
s 134
f 1948/13/5 1933/14/5 2073/15/5
s 135
f 1933/16/1 2074/15/1 2073/14/1
s 136
f 2060/15/2 2075/16/2 2074/14/2
s 27
f 1946/16/1 2083/15/1 1956/14/1
s 38
f 2084/15/4 1947/16/4 1957/14/4
s 22
f 2087/15/4 1950/16/4 1959/14/4
s 39
f 1952/16/1 2088/15/1 1960/14/1
s 51
f 2089/15/4 1953/16/4 1961/14/4
s 79
f 2088/15/6 1961/16/6 1960/14/6
s 137
f 1964/13/3 2082/14/3 1955/15/3
s 70
f 2093/15/4 1964/16/4 1965/14/4
s 65
f 1967/13/3 2084/14/3 1957/15/3
s 138
f 2096/15/6 1969/16/6 1968/14/6
s 22
f 2100/15/4 1959/16/4 1973/14/4
s 66
f 2099/15/6 1973/16/6 1972/14/6
s 105
f 1963/16/1 2101/15/1 1974/14/1
s 139
f 2101/15/6 1975/16/6 1974/14/6
s 27
f 1966/16/1 2105/15/1 1978/14/1
s 38
f 2106/15/4 1968/16/4 1979/14/4
s 27
f 1978/16/1 2109/15/1 1986/14/1
f 1986/16/1 2116/15/1 1991/14/1
f 1991/16/1 2127/15/1 2000/14/1
s 140
f 2128/15/4 2002/16/4 2001/14/4
s 141
f 2003/16/1 2129/15/1 2004/14/1
s 142
f 2119/15/2 2131/16/2 2129/14/2
s 39
f 2007/16/1 2135/15/1 2006/14/1
s 94
f 2008/13/3 2136/14/3 2007/15/3
s 51
f 2138/15/4 2008/16/4 2009/14/4
s 40
f 2011/16/1 2139/15/1 2010/14/1
s 108
f 1996/13/3 2140/14/3 2011/15/3
s 27
f 2000/16/1 2143/15/1 2014/14/1
s 140
f 2144/15/4 2001/16/4 2015/14/4
s 73
f 2017/13/3 2134/14/3 2005/15/3
s 74
f 2148/15/6 2019/16/6 2018/14/6
s 40
f 2010/16/1 2152/15/1 2022/14/1
s 36
f 2153/15/4 2013/16/4 2023/14/4
s 28
f 2163/15/6 2034/16/6 2033/14/6
s 20
f 2041/13/3 2176/14/3 2040/15/3
f 2046/13/3 2178/14/3 2044/15/3
s 143
f 2180/15/6 2061/16/6 2045/14/6
s 20
f 2047/13/3 2179/14/3 2046/15/3
s 22
f 2183/15/4 2047/16/4 2048/14/4
s 144
f 2069/13/5 2056/14/5 2057/15/5
s 40
f 2056/16/1 2185/15/1 2057/14/1
s 145
f 2184/13/3 2186/14/3 2056/15/3
s 146
f 2186/15/2 2188/16/2 2185/14/2
s 36
f 2188/15/4 2184/16/4 2069/14/4
s 27
f 2038/16/1 2189/15/1 2058/14/1
s 147
f 2060/13/5 2043/14/5 2190/15/5
s 148
f 2193/15/2 2195/16/2 2194/14/2
s 149
f 2195/15/4 2045/16/4 2060/14/4
s 150
f 2194/15/6 2060/16/6 2190/14/6
s 35
f 2054/13/3 2200/14/3 2051/15/3
s 151
f 2202/15/4 2054/16/4 2067/14/4
s 62
f 2203/15/6 2067/16/6 2066/14/6
s 40
f 2057/16/1 2204/15/1 2068/14/1
s 36
f 2205/15/4 2069/16/4 2070/14/4
s 46
f 2076/13/3 2197/14/3 2063/15/3
s 63
f 2210/15/6 2078/16/6 2077/14/6
s 137
f 2092/13/3 2215/14/3 2082/15/3
s 70
f 2225/15/4 2092/16/4 2093/14/4
s 105
f 2091/16/1 2235/15/1 2101/14/1
s 84
f 2103/13/3 2225/14/3 2093/15/3
s 121
f 2237/15/4 2103/16/4 2104/14/4
s 152
f 2249/13/5 2233/14/5 2247/15/5
s 153
f 2252/15/2 2254/16/2 2251/14/2
s 154
f 2254/15/4 2250/16/4 2249/14/4
s 155
f 2113/16/1 2262/15/1 2114/14/1
s 22
f 2263/15/4 2244/16/4 2120/14/4
s 27
f 2109/16/1 2272/15/1 2116/14/1
s 38
f 2273/15/4 2118/16/4 2117/14/4
s 105
f 2123/16/1 2280/15/1 2122/14/1
s 155
f 2132/16/1 2286/15/1 2133/14/1
s 22
f 2287/15/4 2121/16/4 2134/14/4
s 27
f 2127/16/1 2295/15/1 2143/14/1
s 140
f 2296/15/4 2128/16/4 2144/14/4
s 156
f 2131/16/1 2297/15/1 2146/14/1
s 157
f 2133/13/3 2298/14/3 2131/15/3
s 73
f 2135/13/3 2299/14/3 2147/15/3
s 74
f 2301/15/6 2150/16/6 2149/14/6
s 158
f 2145/13/3 2296/14/3 2144/15/3
s 39
f 2150/16/1 2309/15/1 2156/14/1
s 41
f 2309/15/6 2157/16/6 2156/14/6
s 40
f 2152/16/1 2313/15/1 2160/14/1
s 36
f 2314/15/4 2153/16/4 2161/14/4
s 27
f 2154/16/1 2315/15/1 2162/14/1
s 28
f 2315/15/6 2163/16/6 2162/14/6
f 2317/15/6 2165/16/6 2164/14/6
s 22
f 2320/15/4 2155/16/4 2167/14/4
s 28
f 2319/15/6 2167/16/6 2166/14/6
s 20
f 2179/13/3 2330/14/3 2178/15/3
s 159
f 2201/13/5 2335/14/5 2200/15/5
s 160
f 2335/16/1 2337/15/1 2200/14/1
s 161
f 2336/13/3 2338/14/3 2335/15/3
s 162
f 2338/15/2 2340/16/2 2337/14/2
s 22
f 2348/15/4 2183/16/4 2197/14/4
s 27
f 2206/16/1 2368/15/1 2216/14/1
s 38
f 2369/15/4 2207/16/4 2217/14/4
s 22
f 2373/15/4 2210/16/4 2219/14/4
s 39
f 2212/16/1 2374/15/1 2220/14/1
s 51
f 2375/15/4 2213/16/4 2221/14/4
s 27
f 2216/16/1 2379/15/1 2226/14/1
s 38
f 2380/15/4 2217/16/4 2228/14/4
s 39
f 2234/16/1 2398/15/1 2248/14/1
s 51
f 2399/15/4 2252/16/4 2251/14/4
s 163
f 2256/13/5 2385/14/5 2400/15/5
s 40
f 2385/16/1 2401/15/1 2400/14/1
s 164
f 2388/15/2 2403/16/2 2402/14/2
s 121
f 2403/15/4 2237/16/4 2258/14/4
s 155
f 2243/16/1 2406/15/1 2262/14/1
s 22
f 2407/15/4 2245/16/4 2263/14/4
s 39
f 2248/16/1 2408/15/1 2266/14/1
s 51
f 2409/15/4 2251/16/4 2268/14/4
s 163
f 2270/13/5 2400/14/5 2410/15/5
s 40
f 2400/16/1 2411/15/1 2410/14/1
s 27
f 2259/16/1 2414/15/1 2272/14/1
s 38
f 2415/15/4 2260/16/4 2273/14/4
s 40
f 2292/16/1 2433/15/1 2291/14/1
s 70
f 2434/15/4 2282/16/4 2293/14/4
s 72
f 2435/15/6 2293/16/6 2294/14/6
s 27
f 2283/16/1 2436/15/1 2295/14/1
s 156
f 2298/16/1 2440/15/1 2297/14/1
s 157
f 2286/13/3 2441/14/3 2298/15/3
s 51
f 2446/15/4 2289/16/4 2303/14/4
s 27
f 2295/16/1 2449/15/1 2306/14/1
s 158
f 2297/13/3 2439/14/3 2307/15/3
s 36
f 2454/15/4 2305/16/4 2314/14/4
s 41
f 2455/15/6 2314/16/6 2313/14/6
s 165
f 2322/13/5 2312/14/5 2463/15/5
s 166
f 2465/15/2 2467/16/2 2466/14/2
s 167
f 2467/15/4 2313/16/4 2322/14/4
s 168
f 2466/15/6 2322/16/6 2463/14/6
s 27
f 2325/16/1 2468/15/1 2324/14/1
s 20
f 2326/13/3 2469/14/3 2325/15/3
f 2327/13/3 2470/14/3 2326/15/3
f 2330/13/3 2471/14/3 2327/15/3
s 155
f 2346/16/1 2485/15/1 2347/14/1
s 22
f 2486/15/4 2334/16/4 2348/14/4
s 39
f 2350/16/1 2487/15/1 2349/14/1
s 35
f 2337/13/3 2488/14/3 2350/15/3
f 2342/13/3 2490/14/3 2340/15/3
s 62
f 2492/15/6 2353/16/6 2352/14/6
s 27
f 2343/16/1 2497/15/1 2356/14/1
s 38
f 2498/15/4 2344/16/4 2357/14/4
s 155
f 2347/16/1 2499/15/1 2360/14/1
s 51
f 2504/15/4 2351/16/4 2365/14/4
s 27
f 2356/16/1 2507/15/1 2368/14/1
s 38
f 2508/15/4 2357/16/4 2369/14/4
s 39
f 2374/16/1 2521/15/1 2383/14/1
s 51
f 2522/15/4 2375/16/4 2384/14/4
s 169
f 2515/15/2 2525/16/2 2524/14/2
s 70
f 2525/15/4 2378/16/4 2388/14/4
s 169
f 2524/15/2 2534/16/2 2533/14/2
s 70
f 2534/15/4 2388/16/4 2402/14/4
s 169
f 2542/15/2 2552/16/2 2551/14/2
s 70
f 2552/15/4 2412/16/4 2421/14/4
s 155
f 2416/16/1 2555/15/1 2429/14/1
s 22
f 2556/15/4 2417/16/4 2430/14/4
s 39
f 2418/16/1 2557/15/1 2431/14/1
s 51
f 2558/15/4 2419/16/4 2432/14/4
s 73
f 2431/13/3 2568/14/3 2442/15/3
s 74
f 2570/15/6 2445/16/6 2444/14/6
s 27
f 2436/16/1 2575/15/1 2449/14/1
s 170
f 2439/13/3 2563/14/3 2438/15/3
s 39
f 2445/16/1 2577/15/1 2451/14/1
s 41
f 2577/15/6 2452/16/6 2451/14/6
s 60
f 2453/13/3 2572/14/3 2446/15/3
s 41
f 2578/15/6 2465/16/6 2452/14/6
s 60
f 2447/13/3 2579/14/3 2453/15/3
s 41
f 2580/15/6 2455/16/6 2465/14/6
s 36
f 2582/15/4 2448/16/4 2454/14/4
s 41
f 2581/15/6 2454/16/6 2455/14/6
s 28
f 2586/15/6 2460/16/6 2459/14/6
s 27
f 2469/16/1 2589/15/1 2468/14/1
s 20
f 2470/13/3 2590/14/3 2469/15/3
f 2473/13/3 2595/14/3 2472/15/3
f 2476/13/3 2597/14/3 2473/15/3
s 22
f 2599/15/4 2476/16/4 2477/14/4
s 171
f 2490/13/5 2600/14/5 2489/15/5
s 172
f 2600/16/1 2602/15/1 2489/14/1
s 173
f 2601/13/3 2603/14/3 2600/15/3
s 174
f 2603/15/2 2605/16/2 2602/14/2
s 39
f 2488/16/1 2615/15/1 2487/14/1
s 35
f 2489/13/3 2616/14/3 2488/15/3
s 62
f 2618/15/6 2494/16/6 2492/14/6
s 175
f 2511/13/5 2502/14/5 2650/15/5
s 176
f 2629/15/2 2653/16/2 2652/14/2
s 40
f 2505/16/1 2655/15/1 2513/14/1
s 36
f 2656/15/4 2506/16/4 2515/14/4
s 175
f 2660/13/5 2510/14/5 2520/15/5
s 176
f 2651/15/2 2662/16/2 2661/14/2
s 177
f 2661/15/6 2660/16/6 2520/14/6
s 175
f 2521/13/5 2650/14/5 2660/15/5
s 176
f 2652/15/2 2663/16/2 2662/14/2
s 177
f 2662/15/6 2521/16/6 2660/14/6
s 27
f 2517/16/1 2667/15/1 2526/14/1
s 38
f 2668/15/4 2518/16/4 2527/14/4
s 155
f 2519/16/1 2669/15/1 2528/14/1
s 22
f 2670/15/4 2520/16/4 2529/14/4
s 27
f 2526/16/1 2675/15/1 2535/14/1
s 38
f 2676/15/4 2527/16/4 2536/14/4
s 155
f 2528/16/1 2677/15/1 2537/14/1
s 22
f 2678/15/4 2529/16/4 2538/14/4
s 39
f 2530/16/1 2679/15/1 2539/14/1
s 51
f 2680/15/4 2531/16/4 2540/14/4
s 40
f 2532/16/1 2681/15/1 2541/14/1
s 36
f 2682/15/4 2533/16/4 2542/14/4
s 27
f 2535/16/1 2683/15/1 2544/14/1
s 38
f 2684/15/4 2536/16/4 2545/14/4
s 178
f 2548/13/5 2687/14/5 2686/15/5
s 179
f 2539/13/3 2688/14/3 2687/15/3
s 180
f 2688/15/2 2691/16/2 2690/14/2
s 27
f 2544/16/1 2695/15/1 2553/14/1
s 38
f 2696/15/4 2545/16/4 2554/14/4
s 155
f 2546/16/1 2697/15/1 2555/14/1
s 178
f 2557/13/5 2686/14/5 2568/15/5
s 180
f 2690/15/2 2700/16/2 2699/14/2
s 181
f 2566/16/1 2708/15/1 2567/14/1
s 157
f 2555/13/3 2709/14/3 2566/15/3
s 180
f 2698/15/2 2711/16/2 2710/14/2
s 74
f 2710/15/6 2570/16/6 2569/14/6
s 51
f 2713/15/4 2558/16/4 2572/14/4
s 27
f 2562/16/1 2727/15/1 2575/14/1
s 28
f 2735/15/6 2585/16/6 2584/14/6
f 2736/15/6 2586/16/6 2585/14/6
s 22
f 2739/15/4 2576/16/4 2588/14/4
s 28
f 2738/15/6 2588/16/6 2587/14/6
s 182
f 2741/13/5 2578/14/5 2740/15/5
s 183
f 2578/16/1 2742/15/1 2740/14/1
s 184
f 2730/15/2 2744/16/2 2742/14/2
s 185
f 2742/15/6 2741/16/6 2740/14/6
s 27
f 2590/16/1 2747/15/1 2589/14/1
s 20
f 2591/13/3 2748/14/3 2590/15/3
f 2595/13/3 2750/14/3 2592/15/3
f 2597/13/3 2751/14/3 2595/15/3
s 186
f 2753/15/6 2612/16/6 2596/14/6
s 27
f 2589/16/1 2757/15/1 2609/14/1
s 187
f 2611/13/5 2594/14/5 2758/15/5
s 188
f 2761/15/4 2596/16/4 2611/14/4
s 39
f 2616/16/1 2764/15/1 2615/14/1
s 35
f 2602/13/3 2765/14/3 2616/15/3
s 189
f 2765/15/2 2767/16/2 2764/14/2
s 35
f 2620/13/3 2770/14/3 2608/15/3
s 189
f 2770/15/2 2773/16/2 2771/14/2
s 36
f 2773/15/4 2620/16/4 2621/14/4
s 39
f 2615/16/1 2781/15/1 2630/14/1
s 189
f 2764/15/2 2782/16/2 2781/14/2
s 190
f 2783/13/5 2617/14/5 2631/15/5
f 2632/13/5 2618/14/5 2783/15/5
s 39
f 2630/16/1 2793/15/1 2653/14/1
s 189
f 2781/15/2 2794/16/2 2793/14/2
s 190
f 2795/13/5 2631/14/5 2654/15/5
s 189
f 2782/15/2 2797/16/2 2794/14/2
s 27
f 2645/16/1 2800/15/1 2657/14/1
s 38
f 2801/15/4 2646/16/4 2658/14/4
s 187
f 2803/13/5 2787/14/5 2802/15/5
s 191
f 2787/16/1 2804/15/1 2802/14/1
s 188
f 2805/15/4 2648/16/4 2803/14/4
s 190
f 2810/13/5 2654/14/5 2664/15/5
s 187
f 2817/13/5 2802/14/5 2816/15/5
s 191
f 2802/16/1 2818/15/1 2816/14/1
s 188
f 2819/15/4 2803/16/4 2817/14/4
s 192
f 2818/15/6 2817/16/6 2816/14/6
s 190
f 2824/13/5 2664/14/5 2672/15/5
s 189
f 2809/15/2 2825/16/2 2823/14/2
s 193
f 2825/15/4 2810/16/4 2824/14/4
s 40
f 2665/16/1 2826/15/1 2673/14/1
s 36
f 2827/15/4 2666/16/4 2674/14/4
s 190
f 2838/13/5 2672/14/5 2680/15/5
s 189
f 2823/15/2 2839/16/2 2837/14/2
s 193
f 2839/15/4 2824/16/4 2838/14/4
s 40
f 2673/16/1 2840/15/1 2681/14/1
s 36
f 2841/15/4 2674/16/4 2682/14/4
s 27
f 2675/16/1 2842/15/1 2683/14/1
s 38
f 2843/15/4 2676/16/4 2684/14/4
s 39
f 2679/16/1 2850/15/1 2691/14/1
s 189
f 2836/15/2 2851/16/2 2850/14/2
f 2840/15/2 2854/16/2 2853/14/2
s 36
f 2854/15/4 2682/16/4 2694/14/4
s 39
f 2691/16/1 2861/15/1 2700/14/1
s 189
f 2850/15/2 2862/16/2 2861/14/2
s 27
f 2695/16/1 2868/15/1 2704/14/1
s 194
f 2869/15/4 2696/16/4 2706/14/4
s 157
f 2697/13/3 2858/14/3 2709/15/3
s 22
f 2871/15/4 2698/16/4 2710/14/4
s 190
f 2731/13/5 2701/14/5 2713/15/5
s 189
f 2866/15/2 2875/16/2 2874/14/2
s 36
f 2875/15/4 2703/16/4 2717/14/4
s 195
f 2707/13/3 2869/14/3 2706/15/3
s 22
f 2877/15/4 2710/16/4 2728/14/4
s 189
f 2873/15/2 2881/16/2 2879/14/2
s 41
f 2879/15/6 2743/16/6 2730/14/6
s 189
f 2874/15/2 2883/16/2 2882/14/2
s 36
f 2883/15/4 2717/16/4 2732/14/4
s 41
f 2882/15/6 2732/16/6 2733/14/6
s 27
f 2727/16/1 2884/15/1 2734/14/1
s 28
f 2884/15/6 2735/16/6 2734/14/6
f 2885/15/6 2736/16/6 2735/14/6
f 2886/15/6 2737/16/6 2736/14/6
s 27
f 2748/16/1 2890/15/1 2747/14/1
s 20
f 2749/13/3 2891/14/3 2748/15/3
s 196
f 2891/15/2 2893/16/2 2890/14/2
s 20
f 2750/13/3 2892/14/3 2749/15/3
s 196
f 2892/15/2 2895/16/2 2893/14/2
s 27
f 2747/16/1 2902/15/1 2757/14/1
s 196
f 2890/15/2 2903/16/2 2902/14/2
f 2893/15/2 2904/16/2 2903/14/2
s 197
f 2762/13/5 2753/14/5 2761/15/5
s 196
f 2897/15/2 2906/16/2 2905/14/2
f 2899/15/2 2907/16/2 2906/14/2
s 22
f 2907/15/4 2756/16/4 2763/14/4
s 196
f 2906/15/2 2913/16/2 2912/14/2
s 22
f 2913/15/4 2763/16/4 2780/14/4
s 198
f 2771/13/3 2916/14/3 2769/15/3
s 199
f 2916/15/2 2919/16/2 2917/14/2
s 200
f 2919/15/4 2771/16/4 2784/14/4
s 201
f 2917/15/6 2784/16/6 2796/14/6
s 196
f 2909/15/2 2922/16/2 2921/14/2
f 2910/15/2 2923/16/2 2922/14/2
s 197
f 2791/13/5 2778/14/5 2790/15/5
s 196
f 2911/15/2 2924/16/2 2923/14/2
s 27
f 2786/16/1 2926/15/1 2800/14/1
s 196
f 2920/15/2 2927/16/2 2926/14/2
s 202
f 2804/13/5 2788/14/5 2801/15/5
s 196
f 2921/15/2 2928/16/2 2927/14/2
s 197
f 2806/13/5 2790/14/5 2805/15/5
s 196
f 2923/15/2 2930/16/2 2929/14/2
f 2940/15/2 2949/16/2 2948/14/2
s 40
f 2826/16/1 2950/15/1 2840/14/1
s 203
f 2942/15/2 2951/16/2 2950/14/2
s 36
f 2951/15/4 2827/16/4 2841/14/4
s 204
f 2950/15/6 2841/16/6 2840/14/6
s 205
f 2848/13/5 2833/14/5 2847/15/5
s 196
f 2948/15/2 2956/16/2 2955/14/2
s 206
f 2840/13/3 2959/14/3 2839/15/3
s 207
f 2959/15/2 2961/16/2 2960/14/2
s 208
f 2961/15/4 2840/16/4 2853/14/4
s 209
f 2960/15/6 2853/16/6 2864/14/6
s 27
f 2842/16/1 2962/15/1 2855/14/1
s 196
f 2952/15/2 2963/16/2 2962/14/2
f 2953/15/2 2964/16/2 2963/14/2
s 205
f 2859/13/5 2847/14/5 2858/15/5
s 196
f 2955/15/2 2966/16/2 2965/14/2
f 2964/15/2 2972/16/2 2971/14/2
f 2966/15/2 2974/16/2 2973/14/2
s 22
f 2974/15/4 2860/16/4 2871/14/4
s 210
f 2866/13/3 2977/14/3 2865/15/3
s 211
f 2977/15/2 2980/16/2 2978/14/2
s 212
f 2980/15/4 2866/16/4 2874/14/4
s 213
f 2978/15/6 2874/16/6 2880/14/6
s 196
f 2970/15/2 2983/16/2 2982/14/2
f 2973/15/2 2986/16/2 2985/14/2
s 22
f 2986/15/4 2871/16/4 2877/14/4
s 27
f 2876/16/1 2987/15/1 2884/14/1
s 196
f 2981/15/2 2988/16/2 2987/14/2
s 28
f 2987/15/6 2885/16/6 2884/14/6
s 196
f 2984/15/2 2991/16/2 2990/14/2
s 28
f 2990/15/6 2888/16/6 2887/14/6
s 1
f 13/1/1 14/10/1 16/2/1
s 2
f 14/4/2 13/11/2 17/5/2
s 3
f 17/7/3 13/12/3 15/8/3
s 4
f 20/3/4 18/1/4 17/10/4
s 5
f 16/4/5 20/6/5 19/5/5
s 6
f 16/9/6 14/7/6 18/12/6
s 7
f 33/1/1 34/10/1 36/2/1
s 8
f 34/4/2 33/11/2 37/5/2
s 9
f 37/7/3 33/12/3 35/8/3
s 10
f 40/3/4 38/1/4 37/10/4
s 11
f 36/4/5 40/6/5 39/5/5
s 12
f 36/9/6 34/7/6 38/12/6
s 13
f 53/1/1 54/10/1 56/2/1
s 14
f 54/4/2 53/11/2 57/5/2
s 15
f 57/7/3 53/12/3 55/8/3
s 16
f 60/3/4 58/1/4 57/10/4
s 17
f 56/4/5 60/6/5 59/5/5
s 18
f 56/9/6 54/7/6 58/12/6
s 19
f 832/13/5 833/16/5 830/14/5
s 20
f 833/13/3 834/16/3 831/14/3
s 19
f 846/13/5 832/16/5 829/14/5
f 847/13/5 835/16/5 832/14/5
s 21
f 849/15/2 850/13/2 851/16/2
s 19
f 862/13/5 846/16/5 845/14/5
s 21
f 860/15/2 848/13/2 863/16/2
s 19
f 864/13/5 847/16/5 846/14/5
s 21
f 848/15/2 851/13/2 865/16/2
s 19
f 866/13/5 852/16/5 847/14/5
s 22
f 867/15/4 853/13/4 852/16/4
s 23
f 876/13/5 877/16/5 871/14/5
s 24
f 877/13/3 878/16/3 874/14/3
s 25
f 879/15/4 878/13/4 877/16/4
s 26
f 875/15/6 879/13/6 876/16/6
s 19
f 881/13/5 855/16/5 854/14/5
s 27
f 854/16/1 856/13/1 882/15/1
s 19
f 883/13/5 857/16/5 855/14/5
s 21
f 858/15/2 861/13/2 885/16/2
s 19
f 888/13/5 864/16/5 862/14/5
s 21
f 863/15/2 865/13/2 889/16/2
s 19
f 893/13/5 881/16/5 880/14/5
s 27
f 880/16/1 882/13/1 894/15/1
s 19
f 900/13/5 888/16/5 886/14/5
s 21
f 887/15/2 889/13/2 901/16/2
s 19
f 902/13/5 890/16/5 888/14/5
s 22
f 903/15/4 891/13/4 890/16/4
s 19
f 922/13/5 898/16/5 895/14/5
s 21
f 897/15/2 899/13/2 923/16/2
s 19
f 936/13/5 924/16/5 922/14/5
s 21
f 923/15/2 925/13/2 937/16/2
s 19
f 943/13/5 931/16/5 929/14/5
s 21
f 932/15/2 933/13/2 945/16/2
s 19
f 946/13/5 934/16/5 931/14/5
s 21
f 933/15/2 935/13/2 947/16/2
s 19
f 948/13/5 936/16/5 934/14/5
s 21
f 935/15/2 937/13/2 949/16/2
s 19
f 970/13/5 946/16/5 943/14/5
s 21
f 945/15/2 947/13/2 971/16/2
s 19
f 979/13/5 967/16/5 965/14/5
s 21
f 968/15/2 969/13/2 981/16/2
s 19
f 982/13/5 970/16/5 967/14/5
s 21
f 969/15/2 971/13/2 983/16/2
s 19
f 1001/13/5 977/16/5 976/14/5
s 27
f 976/16/1 978/13/1 1002/15/1
s 19
f 1016/13/5 1003/16/5 1001/14/5
s 28
f 1015/15/6 1017/13/6 1016/16/6
s 19
f 1020/13/5 1008/16/5 1006/14/5
s 28
f 1019/15/6 1021/13/6 1020/16/6
s 19
f 1022/13/5 1010/16/5 1008/14/5
s 22
f 1023/15/4 1011/13/4 1010/16/4
s 28
f 1021/15/6 1023/13/6 1022/16/6
s 20
f 834/13/3 1028/16/3 1027/14/3
f 837/13/3 1029/16/3 1028/14/3
s 29
f 1030/15/6 1031/13/6 850/16/6
s 27
f 826/16/1 1024/13/1 1034/15/1
s 30
f 1036/15/2 1037/13/2 1038/16/2
s 31
f 1035/15/6 1038/13/6 860/16/6
s 30
f 1037/15/2 1030/13/2 1039/16/2
s 32
f 1039/15/4 1030/13/4 849/16/4
s 31
f 1038/15/6 1039/13/6 848/16/6
s 33
f 850/16/1 1031/13/1 1040/15/1
s 22
f 1041/15/4 1033/13/4 841/16/4
s 34
f 874/13/5 1048/16/5 1044/14/5
s 35
f 1048/13/3 1049/16/3 1047/14/3
s 34
f 1052/13/5 1053/16/5 1050/14/5
s 35
f 1053/13/3 1054/16/3 1051/14/3
s 36
f 1055/15/4 1054/13/4 1053/16/4
s 33
f 851/16/1 1040/13/1 1058/15/1
s 22
f 1059/15/4 1041/13/4 853/16/4
s 37
f 1064/15/2 1066/13/2 1067/16/2
s 34
f 1068/13/5 1052/16/5 878/14/5
s 36
f 1069/15/4 1055/13/4 1052/16/4
s 27
f 856/16/1 1056/13/1 1070/15/1
s 38
f 1071/15/4 1057/13/4 858/16/4
s 33
f 865/16/1 1058/13/1 1072/15/1
s 22
f 1073/15/4 1059/13/4 867/16/4
s 34
f 909/13/5 872/16/5 1060/14/5
s 39
f 1060/16/1 1061/13/1 1075/15/1
s 34
f 910/13/5 875/16/5 872/14/5
s 37
f 1062/15/2 1065/13/2 1077/16/2
s 34
f 908/13/5 909/16/5 1074/14/5
s 39
f 1074/16/1 1075/13/1 1086/15/1
s 33
f 901/16/1 1083/13/1 1094/15/1
s 22
f 1095/15/4 1084/13/4 903/16/4
s 34
f 1103/13/5 1090/16/5 915/14/5
s 40
f 915/16/1 1089/13/1 1104/15/1
s 36
f 1105/15/4 1091/13/4 1090/16/4
s 34
f 1114/13/5 1103/16/5 1102/14/5
s 40
f 1102/16/1 1104/13/1 1115/15/1
s 36
f 1116/15/4 1105/13/4 1103/16/4
s 33
f 937/16/1 1108/13/1 1119/15/1
s 22
f 1120/15/4 1109/13/4 939/16/4
s 34
f 956/13/5 957/16/5 1110/14/5
s 39
f 1110/16/1 1111/13/1 1122/15/1
s 37
f 1112/15/2 1113/13/2 1124/16/2
s 27
f 942/16/1 1117/13/1 1128/15/1
s 38
f 1129/15/4 1118/13/4 944/16/4
s 33
f 949/16/1 1119/13/1 1130/15/1
s 22
f 1131/15/4 1120/13/4 951/16/4
s 34
f 994/13/5 959/16/5 956/14/5
s 37
f 1123/15/2 1124/13/2 1135/16/2
s 34
f 998/13/5 963/16/5 959/14/5
s 37
f 1124/15/2 1125/13/2 1136/16/2
s 34
f 992/13/5 993/16/5 1132/14/5
s 39
f 1132/16/1 1133/13/1 1144/15/1
s 37
f 1134/15/2 1135/13/2 1146/16/2
f 1135/15/2 1136/13/2 1147/16/2
s 34
f 1148/13/5 1137/16/5 998/14/5
s 36
f 1149/15/4 1138/13/4 1137/16/4
s 34
f 1155/13/5 992/16/5 1143/14/5
s 39
f 1143/16/1 1144/13/1 1156/15/1
s 41
f 1156/15/6 1157/13/6 1155/16/6
s 34
f 1158/13/5 995/16/5 992/14/5
s 41
f 1157/15/6 1159/13/6 1158/16/6
s 34
f 1160/13/5 999/16/5 995/14/5
s 41
f 1159/15/6 1161/13/6 1160/16/6
s 34
f 1162/13/5 1148/16/5 999/14/5
s 36
f 1163/15/4 1149/13/4 1148/16/4
s 41
f 1161/15/6 1163/13/6 1162/16/6
s 20
f 1032/13/3 1181/16/3 1180/14/3
s 22
f 1182/15/4 1181/13/4 1032/16/4
s 42
f 1040/13/5 1031/16/5 1030/14/5
s 43
f 1030/16/1 1179/13/1 1194/15/1
s 44
f 1179/15/2 1195/13/2 1196/16/2
s 22
f 1197/15/4 1182/13/4 1033/16/4
s 27
f 1034/16/1 1192/13/1 1205/15/1
s 38
f 1206/15/4 1193/13/4 1035/16/4
s 45
f 1210/13/5 1211/16/5 1041/14/5
s 46
f 1211/13/3 1212/16/3 1197/14/3
s 45
f 1061/13/5 1045/16/5 1211/14/5
s 46
f 1045/13/3 1198/16/3 1212/14/3
s 40
f 1066/16/1 1202/13/1 1214/15/1
s 47
f 1215/13/5 1216/16/5 1055/14/5
s 48
f 1216/13/3 1217/16/3 1204/14/3
s 49
f 1204/15/2 1217/13/2 1219/16/2
s 50
f 1218/15/6 1219/13/6 1215/16/6
s 47
f 1220/13/5 1221/16/5 1216/14/5
s 48
f 1221/13/3 1222/16/3 1217/14/3
s 49
f 1217/15/2 1222/13/2 1223/16/2
s 50
f 1219/15/6 1223/13/6 1220/16/6
s 51
f 1240/15/4 1213/13/4 1062/16/4
s 33
f 1083/16/1 1245/13/1 1255/15/1
s 45
f 1256/13/5 1246/16/5 1084/14/5
s 52
f 1247/15/2 1248/13/2 1258/16/2
s 53
f 1258/15/4 1248/13/4 1246/16/4
s 27
f 1092/16/1 1253/13/1 1263/15/1
s 38
f 1264/15/4 1254/13/4 1093/16/4
s 33
f 1094/16/1 1255/13/1 1265/15/1
s 39
f 1098/16/1 1259/13/1 1269/15/1
s 51
f 1270/15/4 1260/13/4 1100/16/4
s 33
f 1108/16/1 1265/13/1 1275/15/1
s 45
f 1276/13/5 1266/16/5 1109/14/5
s 52
f 1267/15/2 1268/13/2 1278/16/2
s 45
f 1122/13/5 1111/16/5 1266/14/5
s 54
f 1111/13/3 1269/16/3 1268/14/3
s 52
f 1268/15/2 1269/13/2 1279/16/2
s 51
f 1280/15/4 1270/13/4 1112/16/4
s 33
f 1119/16/1 1275/13/1 1285/15/1
s 45
f 1133/13/5 1122/16/5 1276/14/5
s 52
f 1278/15/2 1279/13/2 1289/16/2
s 51
f 1290/15/4 1280/13/4 1123/16/4
s 40
f 1125/16/1 1281/13/1 1291/15/1
s 36
f 1292/15/4 1282/13/4 1127/16/4
s 51
f 1300/15/4 1290/13/4 1134/16/4
s 55
f 1302/13/5 1303/16/5 1138/14/5
s 56
f 1303/13/3 1304/16/3 1292/14/3
s 57
f 1292/15/2 1304/13/2 1306/16/2
s 58
f 1305/15/6 1306/13/6 1302/16/6
s 55
f 1307/13/5 1308/16/5 1303/14/5
s 56
f 1308/13/3 1309/16/3 1304/14/3
s 57
f 1304/15/2 1309/13/2 1310/16/2
s 58
f 1306/15/6 1310/13/6 1307/16/6
s 55
f 1311/13/5 1312/16/5 1308/14/5
s 56
f 1312/13/3 1313/16/3 1309/14/3
s 57
f 1309/15/2 1313/13/2 1314/16/2
s 59
f 1314/15/4 1313/13/4 1312/16/4
s 58
f 1310/15/6 1314/13/6 1311/16/6
s 60
f 1146/13/3 1321/16/3 1300/14/3
s 61
f 1166/13/3 1326/16/3 1316/14/3
s 28
f 1325/15/6 1327/13/6 1167/16/6
s 61
f 1168/13/3 1328/16/3 1326/14/3
s 28
f 1327/15/6 1329/13/6 1169/16/6
s 20
f 1175/13/3 1342/16/3 1341/14/3
s 35
f 1188/13/3 1361/16/3 1360/14/3
s 62
f 1362/15/6 1363/13/6 1201/16/6
s 35
f 1191/13/3 1364/16/3 1361/14/3
s 62
f 1363/15/6 1365/13/6 1202/16/6
s 46
f 1212/13/3 1371/16/3 1357/14/3
s 63
f 1372/15/6 1373/13/6 1236/16/6
s 46
f 1198/13/3 1358/16/3 1371/14/3
s 63
f 1373/15/6 1374/13/6 1238/16/6
s 51
f 1375/15/4 1362/13/4 1200/16/4
s 27
f 1205/16/1 1368/13/1 1378/15/1
s 38
f 1379/15/4 1369/13/4 1206/16/4
s 64
f 1394/13/5 1231/16/5 1390/14/5
s 65
f 1231/13/3 1395/16/3 1391/14/3
s 66
f 1393/15/6 1396/13/6 1394/16/6
s 64
f 1245/13/5 1232/16/5 1231/14/5
s 65
f 1232/13/3 1380/16/3 1395/14/3
s 22
f 1397/15/4 1381/13/4 1234/16/4
s 27
f 1243/16/1 1388/13/1 1403/15/1
s 38
f 1404/15/4 1392/13/4 1244/16/4
s 64
f 1255/13/5 1245/16/5 1394/14/5
s 67
f 1394/16/1 1396/13/1 1406/15/1
s 68
f 1396/15/2 1407/13/2 1408/16/2
s 40
f 1251/16/1 1400/13/1 1412/15/1
s 27
f 1253/16/1 1403/13/1 1415/15/1
s 38
f 1416/15/4 1404/13/4 1254/16/4
s 64
f 1265/13/5 1255/16/5 1405/14/5
s 67
f 1405/16/1 1406/13/1 1418/15/1
s 68
f 1406/15/2 1408/13/2 1419/16/2
s 39
f 1259/16/1 1410/13/1 1421/15/1
s 51
f 1422/15/4 1411/13/4 1260/16/4
s 69
f 1424/13/5 1413/16/5 1262/14/5
s 70
f 1425/15/4 1414/13/4 1413/16/4
s 27
f 1263/16/1 1415/13/1 1426/15/1
s 40
f 1271/16/1 1423/13/1 1434/15/1
s 27
f 1273/16/1 1426/13/1 1437/15/1
s 64
f 1438/13/5 1427/16/5 1274/14/5
f 1285/13/5 1275/16/5 1430/14/5
s 71
f 1442/15/2 1444/13/2 1445/16/2
s 69
f 1304/13/5 1435/16/5 1282/14/5
s 70
f 1450/15/4 1436/13/4 1435/16/4
s 72
f 1451/15/6 1450/13/6 1304/16/6
s 27
f 1283/16/1 1437/13/1 1452/15/1
s 73
f 1289/13/3 1447/16/3 1460/14/3
s 74
f 1462/15/6 1463/13/6 1299/16/6
s 27
f 1293/16/1 1452/13/1 1467/15/1
s 64
f 1317/13/5 1295/16/5 1457/14/5
s 71
f 1458/15/2 1459/13/2 1470/16/2
s 22
f 1471/15/4 1461/13/4 1297/16/4
s 39
f 1299/16/1 1463/13/1 1472/15/1
s 41
f 1472/15/6 1473/13/6 1320/16/6
s 60
f 1301/13/3 1465/16/3 1474/14/3
s 41
f 1475/15/6 1476/13/6 1323/16/6
s 27
f 1315/16/1 1467/13/1 1478/15/1
s 28
f 1478/15/6 1479/13/6 1325/16/6
f 1479/15/6 1480/13/6 1327/16/6
f 1480/15/6 1481/13/6 1329/16/6
s 75
f 1361/13/5 1496/16/5 1495/14/5
s 76
f 1495/16/1 1498/13/1 1497/15/1
s 77
f 1496/13/3 1499/16/3 1498/14/3
s 78
f 1498/15/2 1499/13/2 1500/16/2
s 39
f 1359/16/1 1511/13/1 1510/15/1
s 35
f 1360/13/3 1497/16/3 1511/14/3
s 62
f 1512/15/6 1513/13/6 1363/16/6
s 46
f 1371/13/3 1522/16/3 1509/14/3
s 63
f 1523/15/6 1524/13/6 1373/16/6
s 39
f 1374/16/1 1525/13/1 1534/15/1
s 51
f 1535/15/4 1526/13/4 1375/16/4
s 79
f 1534/15/6 1535/13/6 1383/16/6
s 65
f 1391/13/3 1540/16/3 1530/14/3
s 66
f 1541/15/6 1542/13/6 1393/16/6
f 1543/15/6 1544/13/6 1407/16/6
s 80
f 1545/13/5 1546/16/5 1381/14/5
s 81
f 1546/13/3 1547/16/3 1533/14/3
s 40
f 1384/16/1 1536/13/1 1548/15/1
s 82
f 1536/15/2 1549/13/2 1550/16/2
s 83
f 1551/13/5 1552/16/5 1387/14/5
s 84
f 1552/13/3 1553/16/3 1538/14/3
s 85
f 1407/16/1 1544/13/1 1561/15/1
s 86
f 1544/15/2 1562/13/2 1563/16/2
s 80
f 1564/13/5 1545/16/5 1397/14/5
s 86
f 1562/15/2 1565/13/2 1566/16/2
s 87
f 1399/13/3 1569/16/3 1567/14/3
s 86
f 1567/15/2 1569/13/2 1570/16/2
s 51
f 1570/15/4 1569/13/4 1399/16/4
s 40
f 1400/16/1 1548/13/1 1571/15/1
s 82
f 1548/15/2 1550/13/2 1572/16/2
s 27
f 1403/16/1 1559/13/1 1575/15/1
s 38
f 1576/15/4 1560/13/4 1404/16/4
s 80
f 1579/13/5 1564/16/5 1409/14/5
s 86
f 1563/15/2 1566/13/2 1580/16/2
f 1568/15/2 1570/13/2 1582/16/2
s 51
f 1582/15/4 1570/13/4 1411/16/4
s 88
f 1581/15/6 1582/13/6 1422/16/6
s 40
f 1412/16/1 1571/13/1 1583/15/1
s 82
f 1571/15/2 1572/13/2 1584/16/2
s 83
f 1585/13/5 1573/16/5 1414/14/5
s 89
f 1586/15/4 1574/13/4 1573/16/4
s 80
f 1593/13/5 1579/16/5 1420/14/5
s 90
f 1594/15/6 1595/13/6 1593/16/6
s 80
f 1432/13/5 1421/16/5 1579/14/5
s 90
f 1595/15/6 1596/13/6 1432/16/6
s 83
f 1599/13/5 1585/16/5 1425/14/5
s 91
f 1600/15/6 1601/13/6 1599/16/6
s 27
f 1426/16/1 1587/13/1 1606/15/1
s 92
f 1607/15/4 1590/13/4 1441/16/4
s 93
f 1608/15/6 1607/13/6 1440/16/6
s 39
f 1432/16/1 1596/13/1 1611/15/1
s 94
f 1433/13/3 1612/16/3 1596/14/3
s 51
f 1613/15/4 1612/13/4 1433/16/4
s 40
f 1434/16/1 1597/13/1 1614/15/1
s 70
f 1615/15/4 1600/13/4 1436/16/4
s 72
f 1616/15/6 1615/13/6 1450/16/6
s 95
f 1445/16/1 1609/13/1 1619/15/1
s 73
f 1447/13/3 1611/16/3 1620/14/3
s 74
f 1622/15/6 1623/13/6 1463/16/6
s 51
f 1624/15/4 1613/13/4 1448/16/4
s 40
f 1449/16/1 1614/13/1 1625/15/1
s 36
f 1626/15/4 1616/13/4 1451/16/4
s 60
f 1474/13/3 1633/16/3 1624/14/3
f 1465/13/3 1625/16/3 1633/14/3
s 96
f 1633/15/2 1625/13/2 1635/16/2
s 36
f 1636/15/4 1626/13/4 1466/16/4
s 41
f 1635/15/6 1636/13/6 1477/16/6
s 22
f 1644/15/4 1630/13/4 1471/16/4
s 28
f 1643/15/6 1644/13/6 1483/16/6
s 97
f 1646/13/5 1475/16/5 1473/14/5
s 98
f 1473/16/1 1632/13/1 1647/15/1
s 96
f 1632/15/2 1634/13/2 1648/16/2
s 99
f 1647/15/6 1648/13/6 1646/16/6
s 20
f 1490/13/3 1655/16/3 1654/14/3
f 1493/13/3 1659/16/3 1656/14/3
s 22
f 1660/15/4 1659/13/4 1493/16/4
s 100
f 1515/13/5 1661/16/5 1502/14/5
s 40
f 1502/16/1 1663/13/1 1662/15/1
s 101
f 1661/13/3 1664/16/3 1663/14/3
s 102
f 1663/15/2 1664/13/2 1665/16/2
s 36
f 1665/15/4 1664/13/4 1661/16/4
s 27
f 1484/16/1 1651/13/1 1666/15/1
s 103
f 1507/16/1 1658/13/1 1673/15/1
s 22
f 1674/15/4 1660/13/4 1494/16/4
s 39
f 1511/16/1 1676/13/1 1675/15/1
s 35
f 1497/13/3 1677/16/3 1676/14/3
f 1500/13/3 1678/16/3 1677/14/3
s 104
f 1679/15/4 1678/13/4 1500/16/4
s 62
f 1680/15/6 1679/13/6 1513/16/6
s 27
f 1504/16/1 1666/13/1 1683/15/1
s 38
f 1684/15/4 1668/13/4 1505/16/4
s 103
f 1508/16/1 1673/13/1 1685/15/1
s 46
f 1522/13/3 1686/16/3 1674/14/3
s 63
f 1687/15/6 1688/13/6 1524/16/6
s 51
f 1690/15/4 1680/13/4 1512/16/4
s 103
f 1521/16/1 1685/13/1 1695/15/1
s 22
f 1696/15/4 1687/13/4 1523/16/4
s 39
f 1525/16/1 1689/13/1 1697/15/1
s 51
f 1698/15/4 1690/13/4 1526/16/4
s 79
f 1697/15/6 1698/13/6 1535/16/6
s 65
f 1531/13/3 1707/16/3 1704/14/3
s 66
f 1706/15/6 1708/13/6 1543/16/6
s 105
f 1549/16/1 1700/13/1 1713/15/1
s 27
f 1559/16/1 1716/13/1 1721/15/1
s 105
f 1572/16/1 1717/13/1 1722/15/1
s 106
f 1717/15/2 1719/13/2 1723/16/2
s 27
f 1575/16/1 1721/13/1 1725/15/1
s 107
f 1580/13/3 1734/16/3 1733/14/3
s 90
f 1735/15/6 1736/13/6 1595/16/6
s 105
f 1584/16/1 1722/13/1 1737/15/1
s 27
f 1587/16/1 1725/13/1 1740/15/1
s 39
f 1596/16/1 1746/13/1 1745/15/1
s 94
f 1612/13/3 1747/16/3 1746/14/3
s 51
f 1748/15/4 1747/13/4 1612/16/4
s 40
f 1597/16/1 1750/13/1 1749/15/1
s 108
f 1598/13/3 1737/16/3 1750/14/3
s 70
f 1751/15/4 1739/13/4 1600/16/4
s 72
f 1752/15/6 1751/13/6 1615/16/6
s 73
f 1611/13/3 1745/16/3 1756/14/3
s 74
f 1758/15/6 1759/13/6 1623/16/6
s 51
f 1760/15/4 1748/13/4 1613/16/4
s 27
f 1617/16/1 1753/13/1 1763/15/1
f 1627/16/1 1763/13/1 1776/15/1
s 28
f 1776/15/6 1777/13/6 1638/16/6
s 20
f 1655/13/3 1791/16/3 1788/14/3
s 109
f 1790/15/6 1792/13/6 1657/16/6
s 40
f 1681/16/1 1814/13/1 1827/15/1
s 36
f 1828/15/4 1816/13/4 1682/16/4
s 39
f 1689/16/1 1825/13/1 1834/15/1
s 51
f 1835/15/4 1826/13/4 1690/16/4
s 79
f 1834/15/6 1835/13/6 1698/16/6
s 110
f 1704/16/1 1843/13/1 1842/15/1
s 65
f 1707/13/3 1831/16/3 1843/14/3
s 66
f 1842/15/6 1844/13/6 1708/16/6
f 1845/15/6 1846/13/6 1710/16/6
s 107
f 1733/13/3 1864/16/3 1862/14/3
s 89
f 1867/15/4 1868/13/4 1724/16/4
s 91
f 1869/15/6 1867/13/6 1738/16/6
s 39
f 1746/16/1 1877/13/1 1876/15/1
s 94
f 1747/13/3 1878/16/3 1877/14/3
s 51
f 1879/15/4 1878/13/4 1747/16/4
s 73
f 1756/13/3 1891/16/3 1874/14/3
s 74
f 1892/15/6 1893/13/6 1758/16/6
s 73
f 1745/13/3 1876/16/3 1891/14/3
s 74
f 1893/15/6 1894/13/6 1759/16/6
s 40
f 1749/16/1 1880/13/1 1896/15/1
s 36
f 1897/15/4 1883/13/4 1752/16/4
s 27
f 1753/16/1 1884/13/1 1898/15/1
s 111
f 1764/13/3 1887/16/3 1885/14/3
s 39
f 1759/16/1 1894/13/1 1900/15/1
s 41
f 1900/15/6 1901/13/6 1771/16/6
s 60
f 1772/13/3 1902/16/3 1895/14/3
s 28
f 1907/15/6 1908/13/6 1779/16/6
f 1908/15/6 1909/13/6 1780/16/6
s 112
f 1783/13/5 1774/16/5 1773/14/5
s 113
f 1914/15/2 1904/13/2 1916/16/2
s 114
f 1916/15/4 1904/13/4 1774/16/4
s 115
f 1915/15/6 1916/13/6 1783/16/6
s 20
f 1791/13/3 1921/16/3 1920/14/3
f 1793/13/3 1922/16/3 1921/14/3
s 116
f 1923/15/6 1924/13/6 1807/16/6
s 117
f 1928/13/5 1790/16/5 1789/14/5
s 118
f 1930/15/2 1931/13/2 1932/16/2
s 119
f 1929/15/6 1932/13/6 1928/16/6
s 35
f 1815/13/3 1944/16/3 1942/14/3
s 36
f 1945/15/4 1944/13/4 1815/16/4
s 40
f 1814/16/1 1943/13/1 1954/15/1
s 36
f 1955/15/4 1945/13/4 1816/16/4
s 27
f 1817/16/1 1946/13/1 1956/15/1
s 38
f 1957/15/4 1947/13/4 1818/16/4
s 39
f 1825/16/1 1952/13/1 1960/15/1
s 51
f 1961/15/4 1953/13/4 1826/16/4
s 79
f 1960/15/6 1961/13/6 1835/16/6
s 40
f 1827/16/1 1954/13/1 1962/15/1
s 120
f 1962/15/6 1963/13/6 1837/16/6
s 65
f 1832/13/3 1958/16/3 1970/14/3
s 66
f 1971/15/6 1972/13/6 1845/16/6
s 84
f 1849/13/3 1976/16/3 1965/14/3
s 121
f 1977/15/4 1976/13/4 1849/16/4
s 27
f 1840/16/1 1966/13/1 1978/15/1
s 38
f 1979/15/4 1968/13/4 1841/16/4
s 122
f 1842/16/1 1969/13/1 1980/15/1
s 123
f 1848/16/1 1975/13/1 1981/15/1
s 124
f 1982/13/3 1983/16/3 1977/14/3
s 125
f 1985/15/4 1983/13/4 1982/16/4
f 1989/15/4 1985/13/4 1984/16/4
s 126
f 1990/15/6 1989/13/6 1988/16/6
s 107
f 1864/13/3 1994/16/3 1993/14/3
s 22
f 1995/15/4 1994/13/4 1864/16/4
s 89
f 1998/15/4 1990/13/4 1868/16/4
s 91
f 1999/15/6 1998/13/6 1867/16/6
s 27
f 1857/16/1 1991/13/1 2000/15/1
s 127
f 2002/15/2 2003/13/2 2004/16/2
s 70
f 2012/15/4 1999/13/4 1869/16/4
s 72
f 2013/15/6 2012/13/6 1882/16/6
s 27
f 1870/16/1 2000/13/1 2014/15/1
s 73
f 1891/13/3 2017/16/3 2005/14/3
s 74
f 2018/15/6 2019/13/6 1893/16/6
s 51
f 2021/15/4 2009/13/4 1879/16/4
s 40
f 1880/16/1 2010/13/1 2022/15/1
s 36
f 2023/15/4 2013/13/4 1883/16/4
s 27
f 1884/16/1 2014/13/1 2024/15/1
s 28
f 2034/15/6 2035/13/6 1908/16/6
s 27
f 1918/16/1 2039/13/1 2038/15/1
s 20
f 1919/13/3 2040/16/3 2039/14/3
f 1921/13/3 2044/16/3 2041/14/3
s 128
f 2043/15/6 2045/13/6 1923/16/6
s 129
f 1939/13/5 2050/16/5 2049/14/5
s 130
f 2049/16/1 2052/13/1 2051/15/1
s 131
f 2050/13/3 2053/16/3 2052/14/3
s 132
f 2052/15/2 2053/13/2 2054/16/2
s 129
f 1942/13/5 2055/16/5 2050/14/5
s 131
f 2055/13/3 2056/16/3 2053/14/3
s 132
f 2053/15/2 2056/13/2 2057/16/2
s 133
f 2057/15/4 2056/13/4 2055/16/4
s 27
f 1917/16/1 2038/13/1 2058/15/1
s 38
f 2059/15/4 2042/13/4 1930/16/4
s 39
f 1937/16/1 2065/13/1 2064/15/1
s 35
f 1938/13/3 2051/16/3 2065/14/3
s 62
f 2066/15/6 2067/13/6 1941/16/6
s 132
f 2054/15/2 2057/13/2 2068/16/2
s 62
f 2067/15/6 2068/13/6 1943/16/6
s 134
f 1948/13/5 1934/16/5 1933/14/5
s 135
f 1933/16/1 2060/13/1 2074/15/1
s 136
f 2060/15/2 2062/13/2 2075/16/2
s 27
f 1946/16/1 2071/13/1 2083/15/1
s 38
f 2084/15/4 2072/13/4 1947/16/4
s 22
f 2087/15/4 2077/13/4 1950/16/4
s 39
f 1952/16/1 2079/13/1 2088/15/1
s 51
f 2089/15/4 2080/13/4 1953/16/4
s 79
f 2088/15/6 2089/13/6 1961/16/6
s 137
f 1964/13/3 2092/16/3 2082/14/3
s 70
f 2093/15/4 2092/13/4 1964/16/4
s 65
f 1967/13/3 2095/16/3 2084/14/3
s 138
f 2096/15/6 2097/13/6 1969/16/6
s 22
f 2100/15/4 2087/13/4 1959/16/4
s 66
f 2099/15/6 2100/13/6 1973/16/6
s 105
f 1963/16/1 2091/13/1 2101/15/1
s 139
f 2101/15/6 2102/13/6 1975/16/6
s 27
f 1966/16/1 2094/13/1 2105/15/1
s 38
f 2106/15/4 2096/13/4 1968/16/4
s 27
f 1978/16/1 2105/13/1 2109/15/1
f 1986/16/1 2109/13/1 2116/15/1
f 1991/16/1 2116/13/1 2127/15/1
s 140
f 2128/15/4 2117/13/4 2002/16/4
s 141
f 2003/16/1 2119/13/1 2129/15/1
s 142
f 2119/15/2 2130/13/2 2131/16/2
s 39
f 2007/16/1 2136/13/1 2135/15/1
s 94
f 2008/13/3 2137/16/3 2136/14/3
s 51
f 2138/15/4 2137/13/4 2008/16/4
s 40
f 2011/16/1 2140/13/1 2139/15/1
s 108
f 1996/13/3 2122/16/3 2140/14/3
s 27
f 2000/16/1 2127/13/1 2143/15/1
s 140
f 2144/15/4 2128/13/4 2001/16/4
s 73
f 2017/13/3 2147/16/3 2134/14/3
s 74
f 2148/15/6 2149/13/6 2019/16/6
s 40
f 2010/16/1 2139/13/1 2152/15/1
s 36
f 2153/15/4 2142/13/4 2013/16/4
s 28
f 2163/15/6 2164/13/6 2034/16/6
s 20
f 2041/13/3 2177/16/3 2176/14/3
f 2046/13/3 2179/16/3 2178/14/3
s 143
f 2180/15/6 2181/13/6 2061/16/6
s 20
f 2047/13/3 2182/16/3 2179/14/3
s 22
f 2183/15/4 2182/13/4 2047/16/4
s 144
f 2069/13/5 2184/16/5 2056/14/5
s 40
f 2056/16/1 2186/13/1 2185/15/1
s 145
f 2184/13/3 2187/16/3 2186/14/3
s 146
f 2186/15/2 2187/13/2 2188/16/2
s 36
f 2188/15/4 2187/13/4 2184/16/4
s 27
f 2038/16/1 2174/13/1 2189/15/1
s 147
f 2060/13/5 2045/16/5 2043/14/5
s 148
f 2193/15/2 2180/13/2 2195/16/2
s 149
f 2195/15/4 2180/13/4 2045/16/4
s 150
f 2194/15/6 2195/13/6 2060/16/6
s 35
f 2054/13/3 2201/16/3 2200/14/3
s 151
f 2202/15/4 2201/13/4 2054/16/4
s 62
f 2203/15/6 2202/13/6 2067/16/6
s 40
f 2057/16/1 2185/13/1 2204/15/1
s 36
f 2205/15/4 2188/13/4 2069/16/4
s 46
f 2076/13/3 2209/16/3 2197/14/3
s 63
f 2210/15/6 2211/13/6 2078/16/6
s 137
f 2092/13/3 2224/16/3 2215/14/3
s 70
f 2225/15/4 2224/13/4 2092/16/4
s 105
f 2091/16/1 2223/13/1 2235/15/1
s 84
f 2103/13/3 2236/16/3 2225/14/3
s 121
f 2237/15/4 2236/13/4 2103/16/4
s 152
f 2249/13/5 2250/16/5 2233/14/5
s 153
f 2252/15/2 2253/13/2 2254/16/2
s 154
f 2254/15/4 2253/13/4 2250/16/4
s 155
f 2113/16/1 2243/13/1 2262/15/1
s 22
f 2263/15/4 2245/13/4 2244/16/4
s 27
f 2109/16/1 2259/13/1 2272/15/1
s 38
f 2273/15/4 2260/13/4 2118/16/4
s 105
f 2123/16/1 2270/13/1 2280/15/1
s 155
f 2132/16/1 2277/13/1 2286/15/1
s 22
f 2287/15/4 2278/13/4 2121/16/4
s 27
f 2127/16/1 2283/13/1 2295/15/1
s 140
f 2296/15/4 2284/13/4 2128/16/4
s 156
f 2131/16/1 2298/13/1 2297/15/1
s 157
f 2133/13/3 2286/16/3 2298/14/3
s 73
f 2135/13/3 2288/16/3 2299/14/3
s 74
f 2301/15/6 2302/13/6 2150/16/6
s 158
f 2145/13/3 2307/16/3 2296/14/3
s 39
f 2150/16/1 2302/13/1 2309/15/1
s 41
f 2309/15/6 2310/13/6 2157/16/6
s 40
f 2152/16/1 2304/13/1 2313/15/1
s 36
f 2314/15/4 2305/13/4 2153/16/4
s 27
f 2154/16/1 2306/13/1 2315/15/1
s 28
f 2315/15/6 2316/13/6 2163/16/6
f 2317/15/6 2318/13/6 2165/16/6
s 22
f 2320/15/4 2308/13/4 2155/16/4
s 28
f 2319/15/6 2320/13/6 2167/16/6
s 20
f 2179/13/3 2332/16/3 2330/14/3
s 159
f 2201/13/5 2336/16/5 2335/14/5
s 160
f 2335/16/1 2338/13/1 2337/15/1
s 161
f 2336/13/3 2339/16/3 2338/14/3
s 162
f 2338/15/2 2339/13/2 2340/16/2
s 22
f 2348/15/4 2334/13/4 2183/16/4
s 27
f 2206/16/1 2356/13/1 2368/15/1
s 38
f 2369/15/4 2357/13/4 2207/16/4
s 22
f 2373/15/4 2362/13/4 2210/16/4
s 39
f 2212/16/1 2364/13/1 2374/15/1
s 51
f 2375/15/4 2365/13/4 2213/16/4
s 27
f 2216/16/1 2368/13/1 2379/15/1
s 38
f 2380/15/4 2369/13/4 2217/16/4
s 39
f 2234/16/1 2383/13/1 2398/15/1
s 51
f 2399/15/4 2384/13/4 2252/16/4
s 163
f 2256/13/5 2235/16/5 2385/14/5
s 40
f 2385/16/1 2386/13/1 2401/15/1
s 164
f 2388/15/2 2389/13/2 2403/16/2
s 121
f 2403/15/4 2389/13/4 2237/16/4
s 155
f 2243/16/1 2396/13/1 2406/15/1
s 22
f 2407/15/4 2397/13/4 2245/16/4
s 39
f 2248/16/1 2398/13/1 2408/15/1
s 51
f 2409/15/4 2399/13/4 2251/16/4
s 163
f 2270/13/5 2256/16/5 2400/14/5
s 40
f 2400/16/1 2401/13/1 2411/15/1
s 27
f 2259/16/1 2404/13/1 2414/15/1
s 38
f 2415/15/4 2405/13/4 2260/16/4
s 40
f 2292/16/1 2420/13/1 2433/15/1
s 70
f 2434/15/4 2421/13/4 2282/16/4
s 72
f 2435/15/6 2434/13/6 2293/16/6
s 27
f 2283/16/1 2427/13/1 2436/15/1
s 156
f 2298/16/1 2441/13/1 2440/15/1
s 157
f 2286/13/3 2429/16/3 2441/14/3
s 51
f 2446/15/4 2432/13/4 2289/16/4
s 27
f 2295/16/1 2436/13/1 2449/15/1
s 158
f 2297/13/3 2440/16/3 2439/14/3
s 36
f 2454/15/4 2448/13/4 2305/16/4
s 41
f 2455/15/6 2454/13/6 2314/16/6
s 165
f 2322/13/5 2313/16/5 2312/14/5
s 166
f 2465/15/2 2455/13/2 2467/16/2
s 167
f 2467/15/4 2455/13/4 2313/16/4
s 168
f 2466/15/6 2467/13/6 2322/16/6
s 27
f 2325/16/1 2469/13/1 2468/15/1
s 20
f 2326/13/3 2470/16/3 2469/14/3
f 2327/13/3 2471/16/3 2470/14/3
f 2330/13/3 2472/16/3 2471/14/3
s 155
f 2346/16/1 2475/13/1 2485/15/1
s 22
f 2486/15/4 2477/13/4 2334/16/4
s 39
f 2350/16/1 2488/13/1 2487/15/1
s 35
f 2337/13/3 2489/16/3 2488/14/3
f 2342/13/3 2493/16/3 2490/14/3
s 62
f 2492/15/6 2494/13/6 2353/16/6
s 27
f 2343/16/1 2478/13/1 2497/15/1
s 38
f 2498/15/4 2480/13/4 2344/16/4
s 155
f 2347/16/1 2485/13/1 2499/15/1
s 51
f 2504/15/4 2491/13/4 2351/16/4
s 27
f 2356/16/1 2497/13/1 2507/15/1
s 38
f 2508/15/4 2498/13/4 2357/16/4
s 39
f 2374/16/1 2511/13/1 2521/15/1
s 51
f 2522/15/4 2512/13/4 2375/16/4
s 169
f 2515/15/2 2516/13/2 2525/16/2
s 70
f 2525/15/4 2516/13/4 2378/16/4
s 169
f 2524/15/2 2525/13/2 2534/16/2
s 70
f 2534/15/4 2525/13/4 2388/16/4
s 169
f 2542/15/2 2543/13/2 2552/16/2
s 70
f 2552/15/4 2543/13/4 2412/16/4
s 155
f 2416/16/1 2546/13/1 2555/15/1
s 22
f 2556/15/4 2547/13/4 2417/16/4
s 39
f 2418/16/1 2548/13/1 2557/15/1
s 51
f 2558/15/4 2549/13/4 2419/16/4
s 73
f 2431/13/3 2557/16/3 2568/14/3
s 74
f 2570/15/6 2571/13/6 2445/16/6
s 27
f 2436/16/1 2562/13/1 2575/15/1
s 170
f 2439/13/3 2564/16/3 2563/14/3
s 39
f 2445/16/1 2571/13/1 2577/15/1
s 41
f 2577/15/6 2578/13/6 2452/16/6
s 60
f 2453/13/3 2579/16/3 2572/14/3
s 41
f 2578/15/6 2580/13/6 2465/16/6
s 60
f 2447/13/3 2573/16/3 2579/14/3
s 41
f 2580/15/6 2581/13/6 2455/16/6
s 36
f 2582/15/4 2574/13/4 2448/16/4
s 41
f 2581/15/6 2582/13/6 2454/16/6
s 28
f 2586/15/6 2587/13/6 2460/16/6
s 27
f 2469/16/1 2590/13/1 2589/15/1
s 20
f 2470/13/3 2591/16/3 2590/14/3
f 2473/13/3 2597/16/3 2595/14/3
f 2476/13/3 2598/16/3 2597/14/3
s 22
f 2599/15/4 2598/13/4 2476/16/4
s 171
f 2490/13/5 2601/16/5 2600/14/5
s 172
f 2600/16/1 2603/13/1 2602/15/1
s 173
f 2601/13/3 2604/16/3 2603/14/3
s 174
f 2603/15/2 2604/13/2 2605/16/2
s 39
f 2488/16/1 2616/13/1 2615/15/1
s 35
f 2489/13/3 2602/16/3 2616/14/3
s 62
f 2618/15/6 2619/13/6 2494/16/6
s 175
f 2511/13/5 2503/16/5 2502/14/5
s 176
f 2629/15/2 2630/13/2 2653/16/2
s 40
f 2505/16/1 2632/13/1 2655/15/1
s 36
f 2656/15/4 2635/13/4 2506/16/4
s 175
f 2660/13/5 2650/16/5 2510/14/5
s 176
f 2651/15/2 2652/13/2 2662/16/2
s 177
f 2661/15/6 2662/13/6 2660/16/6
s 175
f 2521/13/5 2511/16/5 2650/14/5
s 176
f 2652/15/2 2653/13/2 2663/16/2
s 177
f 2662/15/6 2663/13/6 2521/16/6
s 27
f 2517/16/1 2657/13/1 2667/15/1
s 38
f 2668/15/4 2658/13/4 2518/16/4
s 155
f 2519/16/1 2659/13/1 2669/15/1
s 22
f 2670/15/4 2661/13/4 2520/16/4
s 27
f 2526/16/1 2667/13/1 2675/15/1
s 38
f 2676/15/4 2668/13/4 2527/16/4
s 155
f 2528/16/1 2669/13/1 2677/15/1
s 22
f 2678/15/4 2670/13/4 2529/16/4
s 39
f 2530/16/1 2671/13/1 2679/15/1
s 51
f 2680/15/4 2672/13/4 2531/16/4
s 40
f 2532/16/1 2673/13/1 2681/15/1
s 36
f 2682/15/4 2674/13/4 2533/16/4
s 27
f 2535/16/1 2675/13/1 2683/15/1
s 38
f 2684/15/4 2676/13/4 2536/16/4
s 178
f 2548/13/5 2539/16/5 2687/14/5
s 179
f 2539/13/3 2679/16/3 2688/14/3
s 180
f 2688/15/2 2679/13/2 2691/16/2
s 27
f 2544/16/1 2683/13/1 2695/15/1
s 38
f 2696/15/4 2684/13/4 2545/16/4
s 155
f 2546/16/1 2685/13/1 2697/15/1
s 178
f 2557/13/5 2548/16/5 2686/14/5
s 180
f 2690/15/2 2691/13/2 2700/16/2
s 181
f 2566/16/1 2709/13/1 2708/15/1
s 157
f 2555/13/3 2697/16/3 2709/14/3
s 180
f 2698/15/2 2699/13/2 2711/16/2
s 74
f 2710/15/6 2711/13/6 2570/16/6
s 51
f 2713/15/4 2701/13/4 2558/16/4
s 27
f 2562/16/1 2704/13/1 2727/15/1
s 28
f 2735/15/6 2736/13/6 2585/16/6
f 2736/15/6 2737/13/6 2586/16/6
s 22
f 2739/15/4 2728/13/4 2576/16/4
s 28
f 2738/15/6 2739/13/6 2588/16/6
s 182
f 2741/13/5 2580/16/5 2578/14/5
s 183
f 2578/16/1 2730/13/1 2742/15/1
s 184
f 2730/15/2 2743/13/2 2744/16/2
s 185
f 2742/15/6 2744/13/6 2741/16/6
s 27
f 2590/16/1 2748/13/1 2747/15/1
s 20
f 2591/13/3 2749/16/3 2748/14/3
f 2595/13/3 2751/16/3 2750/14/3
f 2597/13/3 2752/16/3 2751/14/3
s 186
f 2753/15/6 2754/13/6 2612/16/6
s 27
f 2589/16/1 2747/13/1 2757/15/1
s 187
f 2611/13/5 2596/16/5 2594/14/5
s 188
f 2761/15/4 2753/13/4 2596/16/4
s 39
f 2616/16/1 2765/13/1 2764/15/1
s 35
f 2602/13/3 2766/16/3 2765/14/3
s 189
f 2765/15/2 2766/13/2 2767/16/2
s 35
f 2620/13/3 2772/16/3 2770/14/3
s 189
f 2770/15/2 2772/13/2 2773/16/2
s 36
f 2773/15/4 2772/13/4 2620/16/4
s 39
f 2615/16/1 2764/13/1 2781/15/1
s 189
f 2764/15/2 2767/13/2 2782/16/2
s 190
f 2783/13/5 2618/16/5 2617/14/5
f 2632/13/5 2619/16/5 2618/14/5
s 39
f 2630/16/1 2781/13/1 2793/15/1
s 189
f 2781/15/2 2782/13/2 2794/16/2
s 190
f 2795/13/5 2783/16/5 2631/14/5
s 189
f 2782/15/2 2796/13/2 2797/16/2
s 27
f 2645/16/1 2786/13/1 2800/15/1
s 38
f 2801/15/4 2788/13/4 2646/16/4
s 187
f 2803/13/5 2648/16/5 2787/14/5
s 191
f 2787/16/1 2789/13/1 2804/15/1
s 188
f 2805/15/4 2790/13/4 2648/16/4
s 190
f 2810/13/5 2795/16/5 2654/14/5
s 187
f 2817/13/5 2803/16/5 2802/14/5
s 191
f 2802/16/1 2804/13/1 2818/15/1
s 188
f 2819/15/4 2805/13/4 2803/16/4
s 192
f 2818/15/6 2819/13/6 2817/16/6
s 190
f 2824/13/5 2810/16/5 2664/14/5
s 189
f 2809/15/2 2811/13/2 2825/16/2
s 193
f 2825/15/4 2811/13/4 2810/16/4
s 40
f 2665/16/1 2812/13/1 2826/15/1
s 36
f 2827/15/4 2813/13/4 2666/16/4
s 190
f 2838/13/5 2824/16/5 2672/14/5
s 189
f 2823/15/2 2825/13/2 2839/16/2
s 193
f 2839/15/4 2825/13/4 2824/16/4
s 40
f 2673/16/1 2826/13/1 2840/15/1
s 36
f 2841/15/4 2827/13/4 2674/16/4
s 27
f 2675/16/1 2828/13/1 2842/15/1
s 38
f 2843/15/4 2831/13/4 2676/16/4
s 39
f 2679/16/1 2836/13/1 2850/15/1
s 189
f 2836/15/2 2837/13/2 2851/16/2
f 2840/15/2 2841/13/2 2854/16/2
s 36
f 2854/15/4 2841/13/4 2682/16/4
s 39
f 2691/16/1 2850/13/1 2861/15/1
s 189
f 2850/15/2 2851/13/2 2862/16/2
s 27
f 2695/16/1 2855/13/1 2868/15/1
s 194
f 2869/15/4 2856/13/4 2696/16/4
s 157
f 2697/13/3 2859/16/3 2858/14/3
s 22
f 2871/15/4 2860/13/4 2698/16/4
s 190
f 2731/13/5 2863/16/5 2701/14/5
s 189
f 2866/15/2 2867/13/2 2875/16/2
s 36
f 2875/15/4 2867/13/4 2703/16/4
s 195
f 2707/13/3 2870/16/3 2869/14/3
s 22
f 2877/15/4 2871/13/4 2710/16/4
s 189
f 2873/15/2 2880/13/2 2881/16/2
s 41
f 2879/15/6 2881/13/6 2743/16/6
s 189
f 2874/15/2 2875/13/2 2883/16/2
s 36
f 2883/15/4 2875/13/4 2717/16/4
s 41
f 2882/15/6 2883/13/6 2732/16/6
s 27
f 2727/16/1 2876/13/1 2884/15/1
s 28
f 2884/15/6 2885/13/6 2735/16/6
f 2885/15/6 2886/13/6 2736/16/6
f 2886/15/6 2887/13/6 2737/16/6
s 27
f 2748/16/1 2891/13/1 2890/15/1
s 20
f 2749/13/3 2892/16/3 2891/14/3
s 196
f 2891/15/2 2892/13/2 2893/16/2
s 20
f 2750/13/3 2894/16/3 2892/14/3
s 196
f 2892/15/2 2894/13/2 2895/16/2
s 27
f 2747/16/1 2890/13/1 2902/15/1
s 196
f 2890/15/2 2893/13/2 2903/16/2
f 2893/15/2 2895/13/2 2904/16/2
s 197
f 2762/13/5 2754/16/5 2753/14/5
s 196
f 2897/15/2 2899/13/2 2906/16/2
f 2899/15/2 2901/13/2 2907/16/2
s 22
f 2907/15/4 2901/13/4 2756/16/4
s 196
f 2906/15/2 2907/13/2 2913/16/2
s 22
f 2913/15/4 2907/13/4 2763/16/4
s 198
f 2771/13/3 2918/16/3 2916/14/3
s 199
f 2916/15/2 2918/13/2 2919/16/2
s 200
f 2919/15/4 2918/13/4 2771/16/4
s 201
f 2917/15/6 2919/13/6 2784/16/6
s 196
f 2909/15/2 2910/13/2 2922/16/2
f 2910/15/2 2911/13/2 2923/16/2
s 197
f 2791/13/5 2779/16/5 2778/14/5
s 196
f 2911/15/2 2912/13/2 2924/16/2
s 27
f 2786/16/1 2920/13/1 2926/15/1
s 196
f 2920/15/2 2921/13/2 2927/16/2
s 202
f 2804/13/5 2789/16/5 2788/14/5
s 196
f 2921/15/2 2922/13/2 2928/16/2
s 197
f 2806/13/5 2791/16/5 2790/14/5
s 196
f 2923/15/2 2924/13/2 2930/16/2
f 2940/15/2 2941/13/2 2949/16/2
s 40
f 2826/16/1 2942/13/1 2950/15/1
s 203
f 2942/15/2 2944/13/2 2951/16/2
s 36
f 2951/15/4 2944/13/4 2827/16/4
s 204
f 2950/15/6 2951/13/6 2841/16/6
s 205
f 2848/13/5 2834/16/5 2833/14/5
s 196
f 2948/15/2 2949/13/2 2956/16/2
s 206
f 2840/13/3 2950/16/3 2959/14/3
s 207
f 2959/15/2 2950/13/2 2961/16/2
s 208
f 2961/15/4 2950/13/4 2840/16/4
s 209
f 2960/15/6 2961/13/6 2853/16/6
s 27
f 2842/16/1 2952/13/1 2962/15/1
s 196
f 2952/15/2 2953/13/2 2963/16/2
f 2953/15/2 2954/13/2 2964/16/2
s 205
f 2859/13/5 2848/16/5 2847/14/5
s 196
f 2955/15/2 2956/13/2 2966/16/2
f 2964/15/2 2965/13/2 2972/16/2
f 2966/15/2 2968/13/2 2974/16/2
s 22
f 2974/15/4 2968/13/4 2860/16/4
s 210
f 2866/13/3 2979/16/3 2977/14/3
s 211
f 2977/15/2 2979/13/2 2980/16/2
s 212
f 2980/15/4 2979/13/4 2866/16/4
s 213
f 2978/15/6 2980/13/6 2874/16/6
s 196
f 2970/15/2 2971/13/2 2983/16/2
f 2973/15/2 2974/13/2 2986/16/2
s 22
f 2986/15/4 2974/13/4 2871/16/4
s 27
f 2876/16/1 2981/13/1 2987/15/1
s 196
f 2981/15/2 2982/13/2 2988/16/2
s 28
f 2987/15/6 2988/13/6 2885/16/6
s 196
f 2984/15/2 2985/13/2 2991/16/2
s 28
f 2990/15/6 2991/13/6 2888/16/6
s 214
g __(4)__2800_64_-6816_to_2814_79_-6805_Cobblestone
usemtl Cobblestone
f 141/17/5 144/18/5 143/19/5
s 215
f 141/20/1 146/21/1 142/22/1
s 216
f 145/23/3 143/24/3 147/25/3
s 217
f 148/26/2 145/27/2 147/28/2
s 218
f 143/20/4 148/21/4 147/29/4
s 219
f 144/25/6 146/30/6 148/24/6
s 220
f 191/19/2 190/31/2 192/18/2
s 221
f 189/20/1 194/21/1 190/22/1
s 222
f 195/25/6 189/30/6 191/24/6
s 223
f 194/32/5 195/28/5 196/26/5
s 224
f 191/20/4 196/21/4 195/29/4
s 225
f 190/23/3 196/24/3 192/25/3
s 226
f 279/19/6 278/31/6 280/18/6
s 227
f 277/20/1 282/21/1 278/22/1
s 228
f 281/23/5 279/24/5 283/25/5
s 229
f 282/32/3 283/28/3 284/26/3
s 230
f 279/20/4 284/21/4 283/29/4
s 231
f 280/25/2 282/30/2 284/24/2
s 232
f 413/17/3 416/18/3 415/19/3
s 233
f 413/20/1 418/21/1 414/22/1
s 234
f 419/25/2 413/30/2 415/24/2
s 235
f 420/26/6 417/27/6 419/28/6
s 236
f 415/20/4 420/21/4 419/29/4
s 237
f 414/23/5 420/24/5 416/25/5
s 214
f 141/17/5 142/31/5 144/18/5
s 215
f 141/20/1 145/29/1 146/21/1
s 216
f 145/23/3 141/30/3 143/24/3
s 217
f 148/26/2 146/32/2 145/27/2
s 218
f 143/20/4 144/22/4 148/21/4
s 219
f 144/25/6 142/23/6 146/30/6
s 220
f 191/19/2 189/17/2 190/31/2
s 221
f 189/20/1 193/29/1 194/21/1
s 222
f 195/25/6 193/23/6 189/30/6
s 223
f 194/32/5 193/27/5 195/28/5
s 224
f 191/20/4 192/22/4 196/21/4
s 225
f 190/23/3 194/30/3 196/24/3
s 226
f 279/19/6 277/17/6 278/31/6
s 227
f 277/20/1 281/29/1 282/21/1
s 228
f 281/23/5 277/30/5 279/24/5
s 229
f 282/32/3 281/27/3 283/28/3
s 230
f 279/20/4 280/22/4 284/21/4
s 231
f 280/25/2 278/23/2 282/30/2
s 232
f 413/17/3 414/31/3 416/18/3
s 233
f 413/20/1 417/29/1 418/21/1
s 234
f 419/25/2 417/23/2 413/30/2
s 235
f 420/26/6 418/32/6 417/27/6
s 236
f 415/20/4 416/22/4 420/21/4
s 237
f 414/23/5 418/30/5 420/24/5
s 238
g __(4)__2800_64_-6816_to_2814_79_-6805_Cobblestone
usemtl Cobblestone
f 2440/33/5 2437/34/5 2439/35/5
s 239
f 2437/36/1 2564/37/1 2439/38/1
s 157
f 2441/39/3 2565/40/3 2437/41/3
s 240
f 2565/35/2 2567/42/2 2564/34/2
s 187
f 2648/39/5 2776/40/5 2787/41/5
s 188
f 2790/38/4 2625/43/4 2648/36/4
s 238
f 2440/33/5 2441/42/5 2437/34/5
s 239
f 2437/36/1 2565/43/1 2564/37/1
s 157
f 2441/39/3 2566/155/3 2565/40/3
s 240
f 2565/35/2 2566/33/2 2567/42/2
s 187
f 2648/39/5 2625/155/5 2776/40/5
s 188
f 2790/38/4 2778/37/4 2625/43/4
s 241
g __(4)__2800_64_-6816_to_2814_79_-6805_Sticky_Piston
usemtl Sticky_Piston
f 1766/44/5 1741/45/5 1764/46/5
s 242
f 1741/47/1 1887/48/1 1764/49/1
s 243
f 1886/44/3 1871/45/3 1741/46/3
s 244
f 1889/50/4 1886/51/4 1766/52/4
s 245
f 1768/46/5 1766/53/5 1767/45/5
s 246
f 1755/52/3 1889/54/3 1766/51/3
s 241
f 1766/44/5 1886/53/5 1741/45/5
s 242
f 1741/47/1 1871/156/1 1887/48/1
s 243
f 1886/44/3 1888/53/3 1871/45/3
s 244
f 1889/50/4 1888/54/4 1886/51/4
s 245
f 1768/46/5 1755/44/5 1766/53/5
s 246
f 1755/52/3 1890/50/3 1889/54/3
s 19
g __(4)__2800_64_-6816_to_2814_79_-6805_Cobblestone
usemtl Cobblestone
f 824/55/5 822/56/5 823/57/5
s 27
f 822/58/1 826/57/1 823/56/1
s 20
f 825/55/3 827/56/3 822/57/3
s 19
f 829/55/5 825/56/5 824/57/5
s 20
f 830/55/3 828/56/3 825/57/3
s 19
f 835/55/5 833/56/5 832/57/5
s 20
f 836/55/3 834/56/3 833/57/3
s 19
f 838/55/5 836/56/5 835/57/5
s 20
f 839/55/3 837/56/3 836/57/3
s 22
f 841/57/4 839/58/4 838/56/4
s 19
f 843/55/5 823/56/5 842/57/5
s 27
f 823/58/1 844/57/1 842/56/1
s 19
f 845/55/5 824/56/5 843/57/5
f 852/55/5 835/56/5 847/57/5
s 22
f 853/57/4 838/58/4 852/56/4
s 19
f 855/55/5 842/56/5 854/57/5
s 27
f 842/58/1 856/57/1 854/56/1
s 19
f 857/55/5 843/56/5 855/57/5
s 21
f 859/57/2 861/58/2 858/56/2
s 23
f 870/55/5 868/56/5 869/57/5
s 247
f 868/58/1 872/57/1 869/56/1
s 24
f 871/55/3 873/56/3 868/57/3
s 26
f 872/57/6 870/58/6 869/56/6
s 19
f 886/55/5 857/56/5 883/57/5
s 21
f 861/57/2 887/58/2 885/56/2
s 19
f 890/55/5 864/56/5 888/57/5
s 22
f 891/57/4 866/58/4 890/56/4
s 19
f 895/55/5 881/56/5 893/57/5
s 21
f 884/57/2 897/58/2 896/56/2
s 19
f 898/55/5 883/56/5 895/57/5
s 21
f 885/57/2 899/58/2 897/56/2
s 248
f 906/55/5 904/56/5 905/57/5
s 249
f 904/58/1 908/57/1 905/56/1
s 250
f 907/55/3 909/56/3 904/57/3
s 251
f 908/57/6 906/58/6 905/56/6
s 248
f 912/55/5 907/56/5 906/57/5
s 250
f 913/55/3 910/56/3 907/57/3
s 252
f 915/57/4 913/58/4 912/56/4
s 251
f 911/57/6 912/58/6 906/56/6
s 19
f 917/55/5 892/56/5 916/57/5
s 27
f 892/58/1 918/57/1 916/56/1
s 19
f 919/55/5 893/56/5 917/57/5
s 21
f 896/57/2 921/58/2 920/56/2
s 19
f 924/55/5 898/56/5 922/57/5
s 21
f 899/57/2 925/58/2 923/56/2
s 19
f 926/55/5 900/56/5 924/57/5
s 22
f 927/57/4 902/58/4 926/56/4
s 19
f 929/55/5 916/56/5 928/57/5
s 27
f 916/58/1 930/57/1 928/56/1
s 19
f 931/55/5 917/56/5 929/57/5
s 21
f 920/57/2 933/58/2 932/56/2
s 19
f 934/55/5 919/56/5 931/57/5
s 21
f 921/57/2 935/58/2 933/56/2
s 19
f 938/55/5 924/56/5 936/57/5
s 22
f 939/57/4 926/58/4 938/56/4
s 19
f 941/55/5 928/56/5 940/57/5
s 27
f 928/58/1 942/57/1 940/56/1
s 19
f 950/55/5 936/56/5 948/57/5
s 22
f 951/57/4 938/58/4 950/56/4
s 253
f 954/55/5 952/56/5 953/57/5
s 254
f 952/58/1 956/57/1 953/56/1
s 255
f 955/55/3 957/56/3 952/57/3
s 256
f 956/57/6 954/58/6 953/56/6
s 253
f 960/55/5 955/56/5 954/57/5
s 255
f 961/55/3 958/56/3 955/57/3
s 257
f 963/57/4 961/58/4 960/56/4
s 256
f 959/57/6 960/58/6 954/56/6
s 19
f 965/55/5 940/56/5 964/57/5
s 27
f 940/58/1 966/57/1 964/56/1
s 19
f 967/55/5 941/56/5 965/57/5
s 21
f 944/57/2 969/58/2 968/56/2
s 19
f 972/55/5 946/56/5 970/57/5
s 21
f 947/57/2 973/58/2 971/56/2
s 19
f 974/55/5 948/56/5 972/57/5
s 22
f 975/57/4 950/58/4 974/56/4
s 19
f 977/55/5 964/56/5 976/57/5
s 27
f 964/58/1 978/57/1 976/56/1
s 19
f 984/55/5 970/56/5 982/57/5
s 21
f 971/57/2 985/58/2 983/56/2
s 19
f 986/55/5 972/56/5 984/57/5
s 22
f 987/57/4 974/58/4 986/56/4
s 258
f 990/55/5 988/56/5 989/57/5
s 259
f 988/58/1 992/57/1 989/56/1
s 260
f 991/55/3 993/56/3 988/57/3
s 261
f 992/57/6 990/58/6 989/56/6
s 258
f 996/55/5 991/56/5 990/57/5
s 260
f 997/55/3 994/56/3 991/57/3
s 262
f 999/57/4 997/58/4 996/56/4
s 261
f 995/57/6 996/58/6 990/56/6
s 19
f 1003/55/5 977/56/5 1001/57/5
s 21
f 980/57/2 1005/58/2 1004/56/2
s 19
f 1006/55/5 979/56/5 1003/57/5
s 21
f 981/57/2 1007/58/2 1005/56/2
s 19
f 1008/55/5 982/56/5 1006/57/5
s 21
f 983/57/2 1009/58/2 1007/56/2
s 19
f 1010/55/5 984/56/5 1008/57/5
s 22
f 1011/57/4 986/58/4 1010/56/4
s 19
f 1013/55/5 1000/56/5 1012/57/5
s 27
f 1000/58/1 1014/57/1 1012/56/1
s 28
f 1014/57/6 1013/58/6 1012/56/6
s 19
f 1018/55/5 1003/56/5 1016/57/5
s 28
f 1017/57/6 1018/58/6 1016/56/6
s 27
f 827/58/1 1024/57/1 826/56/1
s 20
f 828/55/3 1025/56/3 827/57/3
f 831/55/3 1026/56/3 828/57/3
f 840/55/3 1029/56/3 837/57/3
s 22
f 1033/57/4 840/58/4 841/56/4
s 34
f 873/55/5 1042/56/5 1043/57/5
s 39
f 1042/58/1 1045/57/1 1043/56/1
s 35
f 1044/55/3 1046/56/3 1042/57/3
s 34
f 878/55/5 1048/56/5 874/57/5
s 35
f 1050/55/3 1049/56/3 1048/57/3
s 27
f 844/58/1 1056/57/1 856/56/1
s 38
f 1057/57/4 859/58/4 858/56/4
s 34
f 872/55/5 1043/56/5 1060/57/5
s 39
f 1043/58/1 1061/57/1 1060/56/1
s 37
f 1063/57/2 1065/58/2 1062/56/2
s 34
f 914/55/5 875/56/5 910/57/5
s 37
f 1065/57/2 1078/58/2 1077/56/2
s 34
f 1079/55/5 879/56/5 914/57/5
s 36
f 1080/57/4 1068/58/4 1079/56/4
s 27
f 882/58/1 1081/57/1 894/56/1
s 38
f 1082/57/4 884/58/4 896/56/4
s 33
f 889/58/1 1083/57/1 901/56/1
s 22
f 1084/57/4 891/58/4 903/56/4
s 37
f 1076/57/2 1088/58/2 1087/56/2
f 1077/57/2 1089/58/2 1088/56/2
s 251
f 1088/57/6 915/58/6 911/56/6
s 34
f 1090/55/5 914/56/5 915/57/5
s 36
f 1091/57/4 1079/58/4 1090/56/4
s 27
f 894/58/1 1092/57/1 918/56/1
s 38
f 1093/57/4 896/58/4 920/56/4
s 34
f 1097/55/5 1085/56/5 1096/57/5
s 39
f 1085/58/1 1098/57/1 1096/56/1
s 34
f 1099/55/5 908/56/5 1097/57/5
s 37
f 1087/57/2 1101/58/2 1100/56/2
s 263
f 1101/57/4 911/58/4 1099/56/4
s 27
f 918/58/1 1106/57/1 930/56/1
s 38
f 1107/57/4 920/58/4 932/56/4
s 33
f 925/58/1 1108/57/1 937/56/1
s 22
f 1109/57/4 927/58/4 939/56/4
s 34
f 957/55/5 1096/56/5 1110/57/5
s 39
f 1096/58/1 1111/57/1 1110/56/1
s 34
f 958/55/5 1097/56/5 957/57/5
s 37
f 1100/57/2 1113/58/2 1112/56/2
s 263
f 1113/57/4 1099/58/4 958/56/4
s 27
f 930/58/1 1117/57/1 942/56/1
s 38
f 1118/57/4 932/58/4 944/56/4
s 255
f 962/55/3 1113/56/3 958/57/3
s 37
f 1113/57/2 1125/58/2 1124/56/2
s 34
f 1126/55/5 962/56/5 963/57/5
s 36
f 1127/57/4 1114/58/4 1126/56/4
s 34
f 993/55/5 1121/56/5 1132/57/5
s 39
f 1121/58/1 1133/57/1 1132/56/1
s 34
f 1137/55/5 963/56/5 998/57/5
s 36
f 1138/57/4 1126/58/4 1137/56/4
s 27
f 966/58/1 1139/57/1 978/56/1
s 38
f 1140/57/4 968/58/4 980/56/4
s 33
f 973/58/1 1141/57/1 985/56/1
s 22
f 1142/57/4 975/58/4 987/56/4
s 27
f 978/58/1 1150/57/1 1002/56/1
s 38
f 1151/57/4 980/58/4 1004/56/4
s 33
f 985/58/1 1152/57/1 1009/56/1
s 22
f 1153/57/4 987/58/4 1011/56/4
s 27
f 1002/58/1 1164/57/1 1014/56/1
s 28
f 1164/57/6 1015/58/6 1014/56/6
s 61
f 1005/55/3 1151/56/3 1004/57/3
s 28
f 1165/57/6 1017/58/6 1015/56/6
s 61
f 1007/55/3 1166/56/3 1005/57/3
s 28
f 1167/57/6 1019/58/6 1017/56/6
s 61
f 1009/55/3 1168/56/3 1007/57/3
s 28
f 1169/57/6 1021/58/6 1019/56/6
s 22
f 1171/57/4 1011/58/4 1023/56/4
s 28
f 1170/57/6 1023/58/6 1021/56/6
s 27
f 1025/58/1 1172/57/1 1024/56/1
s 20
f 1026/55/3 1173/56/3 1025/57/3
f 1027/55/3 1174/56/3 1026/57/3
s 264
f 1176/57/6 1037/58/6 1036/56/6
s 20
f 1028/55/3 1175/56/3 1027/57/3
s 264
f 1177/57/6 1030/58/6 1037/56/6
s 20
f 1029/55/3 1178/56/3 1028/57/3
s 265
f 1049/55/5 1183/56/5 1047/57/5
s 266
f 1183/58/1 1185/57/1 1047/56/1
s 267
f 1184/55/3 1186/56/3 1183/57/3
s 268
f 1186/57/2 1188/58/2 1185/56/2
s 265
f 1051/55/5 1184/56/5 1049/57/5
s 267
f 1189/55/3 1187/56/3 1184/57/3
s 268
f 1187/57/2 1191/58/2 1188/56/2
s 269
f 1191/57/4 1189/58/4 1051/56/4
s 27
f 1024/58/1 1192/57/1 1034/56/1
s 38
f 1193/57/4 1036/58/4 1035/56/4
s 39
f 1046/58/1 1198/57/1 1045/56/1
s 35
f 1047/55/3 1199/56/3 1046/57/3
s 62
f 1200/57/6 1064/58/6 1063/56/6
f 1201/57/6 1066/58/6 1064/56/6
s 35
f 1054/55/3 1191/56/3 1051/57/3
s 36
f 1204/57/4 1054/58/4 1055/56/4
s 42
f 1058/55/5 1039/56/5 1207/57/5
s 43
f 1039/58/1 1208/57/1 1207/56/1
s 44
f 1194/57/2 1209/58/2 1208/56/2
s 51
f 1213/57/4 1063/58/4 1062/56/4
s 47
f 1224/55/5 1221/56/5 1220/57/5
s 48
f 1225/55/3 1222/56/3 1221/57/3
s 49
f 1222/57/2 1227/58/2 1223/56/2
s 270
f 1227/57/4 1225/58/4 1224/56/4
s 50
f 1223/57/6 1224/58/6 1220/56/6
s 27
f 1056/58/1 1228/57/1 1070/56/1
s 38
f 1229/57/4 1057/58/4 1071/56/4
s 42
f 1072/55/5 1207/56/5 1230/57/5
s 43
f 1207/58/1 1231/57/1 1230/56/1
s 44
f 1208/57/2 1232/58/2 1231/56/2
s 271
f 1231/57/6 1072/58/6 1230/56/6
s 45
f 1233/55/5 1059/56/5 1073/57/5
s 52
f 1235/57/2 1237/58/2 1234/56/2
s 45
f 1075/55/5 1210/56/5 1233/57/5
s 52
f 1236/57/2 1239/58/2 1237/56/2
s 40
f 1067/58/1 1241/57/1 1078/56/1
s 36
f 1242/57/4 1069/58/4 1080/56/4
s 27
f 1070/58/1 1243/57/1 1081/56/1
s 38
f 1244/57/4 1071/58/4 1082/56/4
s 33
f 1072/58/1 1245/57/1 1083/56/1
s 45
f 1246/55/5 1073/56/5 1084/57/5
s 52
f 1234/57/2 1248/58/2 1247/56/2
s 45
f 1086/55/5 1233/56/5 1246/57/5
s 52
f 1237/57/2 1249/58/2 1248/56/2
s 272
f 1248/57/6 1086/58/6 1246/56/6
s 51
f 1250/57/4 1076/58/4 1087/56/4
s 40
f 1078/58/1 1251/57/1 1089/56/1
s 36
f 1252/57/4 1080/58/4 1091/56/4
s 27
f 1081/58/1 1253/57/1 1092/56/1
s 38
f 1254/57/4 1082/58/4 1093/56/4
s 39
f 1086/58/1 1259/57/1 1098/56/1
s 51
f 1260/57/4 1087/58/4 1100/56/4
s 40
f 1089/58/1 1261/57/1 1104/56/1
s 36
f 1262/57/4 1091/58/4 1105/56/4
s 45
f 1266/55/5 1095/56/5 1109/57/5
s 52
f 1257/57/2 1268/58/2 1267/56/2
s 53
f 1268/57/4 1256/58/4 1266/56/4
s 40
f 1104/58/1 1271/57/1 1115/56/1
s 36
f 1272/57/4 1105/58/4 1116/56/4
s 27
f 1106/58/1 1273/57/1 1117/56/1
s 38
f 1274/57/4 1107/58/4 1118/56/4
s 40
f 1115/58/1 1281/57/1 1125/56/1
s 36
f 1282/57/4 1116/58/4 1127/56/4
s 27
f 1117/58/1 1283/57/1 1128/56/1
s 38
f 1284/57/4 1118/58/4 1129/56/4
s 45
f 1286/55/5 1120/56/5 1131/57/5
s 52
f 1277/57/2 1288/58/2 1287/56/2
s 27
f 1128/58/1 1293/57/1 1139/56/1
s 38
f 1294/57/4 1129/58/4 1140/56/4
s 33
f 1130/58/1 1295/57/1 1141/56/1
s 45
f 1296/55/5 1131/56/5 1142/57/5
s 74
f 1297/57/6 1296/58/6 1142/56/6
s 45
f 1144/55/5 1286/56/5 1296/57/5
s 74
f 1298/57/6 1144/58/6 1296/56/6
s 40
f 1136/58/1 1301/57/1 1147/56/1
s 27
f 1139/58/1 1315/57/1 1150/56/1
s 38
f 1316/57/4 1140/58/4 1151/56/4
s 33
f 1141/58/1 1317/57/1 1152/56/1
s 22
f 1318/57/4 1142/58/4 1153/56/4
s 39
f 1144/58/1 1319/57/1 1156/56/1
s 41
f 1319/57/6 1157/58/6 1156/56/6
s 60
f 1147/55/3 1321/56/3 1146/57/3
s 36
f 1322/57/4 1149/58/4 1163/56/4
s 41
f 1323/57/6 1163/58/6 1161/56/6
s 27
f 1150/58/1 1324/57/1 1164/56/1
s 28
f 1324/57/6 1165/58/6 1164/56/6
s 61
f 1152/55/3 1328/56/3 1168/57/3
s 28
f 1329/57/6 1170/58/6 1169/56/6
s 22
f 1331/57/4 1153/58/4 1171/56/4
s 28
f 1330/57/6 1171/58/6 1170/56/6
s 273
f 1333/55/5 1157/56/5 1332/57/5
s 274
f 1157/58/1 1334/57/1 1332/56/1
s 275
f 1320/57/2 1336/58/2 1334/56/2
s 276
f 1334/57/6 1333/58/6 1332/56/6
s 273
f 1337/55/5 1159/56/5 1333/57/5
s 275
f 1335/57/2 1338/58/2 1336/56/2
s 277
f 1338/57/4 1161/58/4 1337/56/4
s 276
f 1336/57/6 1337/58/6 1333/56/6
s 27
f 1173/58/1 1339/57/1 1172/56/1
s 20
f 1174/55/3 1340/56/3 1173/57/3
f 1178/55/3 1342/56/3 1175/57/3
f 1180/55/3 1343/56/3 1178/57/3
s 278
f 1345/57/6 1195/58/6 1179/56/6
s 20
f 1181/55/3 1344/56/3 1180/57/3
s 22
f 1348/57/4 1181/58/4 1182/56/4
s 27
f 1172/58/1 1349/57/1 1192/56/1
s 279
f 1350/55/5 1176/56/5 1193/57/5
s 280
f 1352/57/2 1354/58/2 1351/56/2
s 281
f 1351/57/6 1350/58/6 1193/56/6
s 279
f 1194/55/5 1177/56/5 1350/57/5
s 280
f 1353/57/2 1355/58/2 1354/56/2
s 282
f 1355/57/4 1179/58/4 1194/56/4
s 281
f 1354/57/6 1194/58/6 1350/56/6
s 283
f 1195/58/1 1356/57/1 1196/56/1
s 22
f 1357/57/4 1182/58/4 1197/56/4
s 39
f 1199/58/1 1358/57/1 1198/56/1
s 35
f 1185/55/3 1359/56/3 1199/57/3
f 1203/55/3 1364/56/3 1191/57/3
s 36
f 1367/57/4 1203/58/4 1204/56/4
s 27
f 1192/58/1 1368/57/1 1205/56/1
s 38
f 1369/57/4 1193/58/4 1206/56/4
s 283
f 1196/58/1 1370/57/1 1209/56/1
s 40
f 1202/58/1 1376/57/1 1214/56/1
s 36
f 1377/57/4 1204/58/4 1218/56/4
s 283
f 1209/58/1 1380/57/1 1232/56/1
s 22
f 1381/57/4 1235/58/4 1234/56/4
s 39
f 1238/58/1 1382/57/1 1239/56/1
s 51
f 1383/57/4 1213/58/4 1240/56/4
s 40
f 1214/58/1 1384/57/1 1241/56/1
s 69
f 1385/55/5 1218/56/5 1242/57/5
s 137
f 1219/55/3 1377/56/3 1218/57/3
s 70
f 1387/57/4 1219/58/4 1385/56/4
s 27
f 1228/58/1 1388/57/1 1243/56/1
s 64
f 1389/55/5 1229/56/5 1244/57/5
s 65
f 1390/55/3 1379/56/3 1229/57/3
s 66
f 1392/57/6 1389/58/6 1244/56/6
s 39
f 1239/58/1 1398/57/1 1249/56/1
s 51
f 1399/57/4 1240/58/4 1250/56/4
s 40
f 1241/58/1 1400/57/1 1251/56/1
s 69
f 1401/55/5 1242/56/5 1252/57/5
s 70
f 1402/57/4 1385/58/4 1401/56/4
s 22
f 1409/57/4 1247/58/4 1257/56/4
s 39
f 1249/58/1 1410/57/1 1259/56/1
s 51
f 1411/57/4 1250/58/4 1260/56/4
s 69
f 1413/55/5 1252/56/5 1262/57/5
s 70
f 1414/57/4 1401/58/4 1413/56/4
s 22
f 1420/57/4 1257/58/4 1267/56/4
s 40
f 1261/58/1 1423/57/1 1271/56/1
s 64
f 1427/55/5 1264/56/5 1274/57/5
s 107
f 1428/55/3 1416/56/3 1264/57/3
s 64
f 1430/55/5 1428/56/5 1427/57/5
s 107
f 1417/55/3 1429/56/3 1428/57/3
s 64
f 1275/55/5 1417/56/5 1430/57/5
s 22
f 1431/57/4 1267/58/4 1277/56/4
s 39
f 1269/58/1 1432/57/1 1279/56/1
s 51
f 1433/57/4 1270/58/4 1280/56/4
s 69
f 1435/55/5 1272/56/5 1282/57/5
s 70
f 1436/57/4 1424/58/4 1435/56/4
s 22
f 1446/57/4 1277/58/4 1287/56/4
s 39
f 1279/58/1 1447/57/1 1289/56/1
s 51
f 1448/57/4 1280/58/4 1290/56/4
s 40
f 1281/58/1 1449/57/1 1291/56/1
s 64
f 1453/55/5 1284/56/5 1294/57/5
s 71
f 1455/57/2 1456/58/2 1454/56/2
s 64
f 1295/55/5 1439/56/5 1457/57/5
s 71
f 1443/57/2 1459/58/2 1458/56/2
s 73
f 1288/55/3 1446/56/3 1287/57/3
s 74
f 1461/57/6 1298/58/6 1297/56/6
s 51
f 1464/57/4 1290/58/4 1300/56/4
s 40
f 1291/58/1 1465/57/1 1301/56/1
s 36
f 1466/57/4 1292/58/4 1305/56/4
s 64
f 1326/55/5 1294/56/5 1316/57/5
s 60
f 1321/55/3 1464/56/3 1300/57/3
s 41
f 1473/57/6 1335/58/6 1320/56/6
s 36
f 1477/57/4 1305/58/4 1322/56/4
s 41
f 1476/57/6 1322/58/6 1323/56/6
s 28
f 1481/57/6 1330/58/6 1329/56/6
s 22
f 1483/57/4 1318/58/4 1331/56/4
s 28
f 1482/57/6 1331/58/6 1330/56/6
s 27
f 1340/58/1 1484/57/1 1339/56/1
s 20
f 1341/55/3 1485/56/3 1340/57/3
f 1342/55/3 1486/56/3 1341/57/3
s 284
f 1488/57/6 1353/58/6 1352/56/6
s 20
f 1343/55/3 1487/56/3 1342/57/3
s 284
f 1489/57/6 1345/58/6 1353/56/6
s 20
f 1344/55/3 1490/56/3 1343/57/3
f 1347/55/3 1492/56/3 1344/57/3
s 22
f 1494/57/4 1347/58/4 1348/56/4
s 75
f 1364/55/5 1496/56/5 1361/57/5
s 77
f 1501/55/3 1499/56/3 1496/57/3
s 78
f 1499/57/2 1503/58/2 1500/56/2
s 285
f 1503/57/4 1501/58/4 1364/56/4
s 27
f 1339/58/1 1504/57/1 1349/56/1
s 38
f 1505/57/4 1352/58/4 1351/56/4
s 286
f 1356/55/5 1345/56/5 1355/57/5
s 287
f 1345/58/1 1506/57/1 1355/56/1
s 288
f 1491/57/2 1508/58/2 1506/56/2
s 22
f 1509/57/4 1348/58/4 1357/56/4
s 78
f 1500/57/2 1514/58/2 1513/56/2
s 62
f 1513/57/6 1365/58/6 1363/56/6
s 35
f 1366/55/3 1503/56/3 1364/57/3
s 36
f 1516/57/4 1366/58/4 1367/56/4
s 27
f 1349/58/1 1517/57/1 1368/56/1
s 38
f 1518/57/4 1351/58/4 1369/56/4
s 286
f 1370/55/5 1355/56/5 1519/57/5
s 287
f 1355/58/1 1520/57/1 1519/56/1
s 288
f 1506/57/2 1521/58/2 1520/56/2
s 46
f 1358/55/3 1522/56/3 1371/57/3
s 63
f 1524/57/6 1374/58/6 1373/56/6
s 51
f 1526/57/4 1362/58/4 1375/56/4
s 40
f 1365/58/1 1527/57/1 1376/56/1
s 36
f 1528/57/4 1367/58/4 1377/56/4
s 27
f 1368/58/1 1529/57/1 1378/56/1
s 38
f 1530/57/4 1369/58/4 1379/56/4
s 286
f 1380/55/5 1519/56/5 1395/57/5
s 287
f 1519/58/1 1531/57/1 1395/56/1
s 288
f 1520/57/2 1532/58/2 1531/56/2
s 22
f 1533/57/4 1372/58/4 1381/56/4
s 40
f 1376/58/1 1536/57/1 1384/56/1
s 137
f 1386/55/3 1528/56/3 1377/57/3
s 70
f 1538/57/4 1386/58/4 1387/56/4
s 27
f 1378/58/1 1539/57/1 1388/56/1
s 65
f 1395/55/3 1540/56/3 1391/57/3
s 66
f 1542/57/6 1396/58/6 1393/56/6
s 80
f 1398/55/5 1546/56/5 1545/57/5
s 81
f 1382/55/3 1547/56/3 1546/57/3
s 83
f 1554/55/5 1552/56/5 1551/57/5
s 84
f 1555/55/3 1553/56/3 1552/57/3
s 289
f 1553/57/2 1558/58/2 1557/56/2
s 290
f 1558/57/4 1555/58/4 1554/56/4
s 291
f 1557/57/6 1554/58/6 1551/56/6
s 27
f 1388/58/1 1559/57/1 1403/56/1
s 38
f 1560/57/4 1392/58/4 1404/56/4
s 80
f 1410/55/5 1545/56/5 1564/57/5
s 86
f 1565/57/2 1568/58/2 1566/56/2
s 83
f 1573/55/5 1402/56/5 1414/57/5
s 89
f 1574/57/4 1551/58/4 1573/56/4
s 85
f 1408/58/1 1577/57/1 1419/56/1
s 86
f 1561/57/2 1578/58/2 1577/56/2
s 80
f 1421/55/5 1564/56/5 1579/57/5
s 86
f 1566/57/2 1581/58/2 1580/56/2
s 27
f 1415/58/1 1587/57/1 1426/56/1
s 107
f 1429/55/3 1576/56/3 1416/57/3
f 1418/55/3 1588/56/3 1429/57/3
s 292
f 1590/57/6 1442/58/6 1441/56/6
s 107
f 1419/55/3 1589/56/3 1418/57/3
s 292
f 1591/57/6 1444/58/6 1442/56/6
s 40
f 1423/58/1 1597/57/1 1434/56/1
s 82
f 1583/57/2 1598/58/2 1597/56/2
s 83
f 1602/55/5 1585/56/5 1599/57/5
s 293
f 1603/55/3 1586/56/3 1585/57/3
s 294
f 1586/57/2 1605/58/2 1601/56/2
s 295
f 1605/57/4 1603/58/4 1602/56/4
s 91
f 1601/57/6 1602/58/6 1599/56/6
s 95
f 1444/58/1 1609/57/1 1445/56/1
s 22
f 1610/57/4 1431/58/4 1446/56/4
s 27
f 1437/58/1 1617/57/1 1452/56/1
s 296
f 1618/57/4 1455/58/4 1454/56/4
s 73
f 1460/55/3 1610/56/3 1446/57/3
s 74
f 1621/57/6 1462/58/6 1461/56/6
s 27
f 1452/58/1 1627/57/1 1467/56/1
s 297
f 1456/55/3 1618/56/3 1454/57/3
s 95
f 1459/58/1 1629/57/1 1470/56/1
s 22
f 1630/57/4 1461/58/4 1471/56/4
s 39
f 1463/58/1 1631/57/1 1472/56/1
s 41
f 1631/57/6 1473/58/6 1472/56/6
s 27
f 1467/58/1 1637/57/1 1478/56/1
s 28
f 1637/57/6 1479/58/6 1478/56/6
f 1638/57/6 1480/58/6 1479/56/6
s 298
f 1469/55/3 1640/56/3 1468/57/3
s 28
f 1639/57/6 1481/58/6 1480/56/6
s 298
f 1470/55/3 1641/56/3 1469/57/3
s 28
f 1642/57/6 1482/58/6 1481/56/6
s 97
f 1649/55/5 1475/56/5 1646/57/5
s 96
f 1634/57/2 1650/58/2 1648/56/2
s 299
f 1650/57/4 1476/58/4 1649/56/4
s 99
f 1648/57/6 1649/58/6 1646/56/6
s 27
f 1485/58/1 1651/57/1 1484/56/1
s 20
f 1486/55/3 1652/56/3 1485/57/3
f 1487/55/3 1653/56/3 1486/57/3
f 1492/55/3 1655/56/3 1490/57/3
s 300
f 1657/57/6 1507/58/6 1491/56/6
s 301
f 1667/55/5 1488/56/5 1505/57/5
s 302
f 1669/57/2 1671/58/2 1668/56/2
s 303
f 1668/57/6 1667/58/6 1505/56/6
s 301
f 1506/55/5 1489/56/5 1667/57/5
s 302
f 1670/57/2 1672/58/2 1671/56/2
s 304
f 1672/57/4 1491/58/4 1506/56/4
s 303
f 1671/57/6 1506/58/6 1667/56/6
s 40
f 1503/58/1 1681/57/1 1514/56/1
s 36
f 1682/57/4 1515/58/4 1516/56/4
s 46
f 1510/55/3 1686/56/3 1522/57/3
s 63
f 1688/57/6 1525/58/6 1524/56/6
s 40
f 1514/58/1 1691/57/1 1527/56/1
s 36
f 1692/57/4 1516/58/4 1528/56/4
s 27
f 1517/58/1 1693/57/1 1529/56/1
s 38
f 1694/57/4 1518/58/4 1530/56/4
s 40
f 1527/58/1 1699/57/1 1536/56/1
s 120
f 1699/57/6 1549/58/6 1536/56/6
s 137
f 1537/55/3 1692/56/3 1528/57/3
s 70
f 1702/57/4 1537/58/4 1538/56/4
s 27
f 1529/58/1 1703/57/1 1539/56/1
s 65
f 1540/55/3 1694/56/3 1530/57/3
s 305
f 1694/57/2 1706/58/2 1705/56/2
s 66
f 1705/57/6 1542/58/6 1541/56/6
s 65
f 1532/55/3 1707/56/3 1531/57/3
s 66
f 1708/57/6 1544/58/6 1543/56/6
f 1709/57/6 1562/58/6 1544/56/6
s 81
f 1547/55/3 1696/56/3 1533/57/3
s 66
f 1710/57/6 1565/58/6 1562/56/6
s 84
f 1553/55/3 1702/56/3 1538/57/3
s 89
f 1715/57/4 1553/58/4 1557/56/4
s 27
f 1539/58/1 1716/57/1 1559/56/1
s 105
f 1550/58/1 1717/57/1 1572/56/1
s 106
f 1713/57/2 1719/58/2 1717/56/2
s 89
f 1720/57/4 1557/58/4 1574/56/4
f 1724/57/4 1574/58/4 1586/56/4
s 107
f 1588/55/3 1726/56/3 1576/57/3
f 1589/55/3 1727/56/3 1588/57/3
s 292
f 1729/57/6 1591/58/6 1590/56/6
s 107
f 1577/55/3 1728/56/3 1589/57/3
s 292
f 1730/57/6 1592/58/6 1591/56/6
s 107
f 1578/55/3 1731/56/3 1577/57/3
s 89
f 1738/57/4 1586/58/4 1601/56/4
s 91
f 1739/57/6 1601/58/6 1600/56/6
s 92
f 1741/57/4 1590/58/4 1607/56/4
s 93
f 1742/57/6 1607/58/6 1608/56/6
s 95
f 1592/58/1 1743/57/1 1609/56/1
s 22
f 1744/57/4 1594/58/4 1610/56/4
s 27
f 1606/58/1 1753/57/1 1617/56/1
s 296
f 1754/57/4 1608/58/4 1618/56/4
s 95
f 1609/58/1 1755/57/1 1619/56/1
s 73
f 1620/55/3 1744/56/3 1610/57/3
s 74
f 1757/57/6 1622/58/6 1621/56/6
s 40
f 1614/58/1 1761/57/1 1625/56/1
s 36
f 1762/57/4 1616/58/4 1626/56/4
s 111
f 1628/55/3 1754/56/3 1618/57/3
s 306
f 1641/55/5 1628/56/5 1640/57/5
s 111
f 1765/55/3 1764/56/3 1628/57/3
s 307
f 1767/57/4 1765/58/4 1641/56/4
s 95
f 1619/58/1 1768/57/1 1629/56/1
s 22
f 1769/57/4 1621/58/4 1630/56/4
s 39
f 1623/58/1 1770/57/1 1631/56/1
s 41
f 1770/57/6 1632/58/6 1631/56/6
s 60
f 1633/55/3 1760/56/3 1624/57/3
s 308
f 1773/57/4 1633/58/4 1634/56/4
s 41
f 1771/57/6 1634/58/6 1632/56/6
s 40
f 1625/58/1 1774/57/1 1635/56/1
s 36
f 1775/57/4 1626/58/4 1636/56/4
s 28
f 1777/57/6 1639/58/6 1638/56/6
f 1778/57/6 1642/58/6 1639/56/6
s 298
f 1629/55/3 1767/56/3 1641/57/3
s 28
f 1779/57/6 1643/58/6 1642/56/6
s 22
f 1781/57/4 1630/58/4 1644/56/4
s 28
f 1780/57/6 1644/58/6 1643/56/6
s 309
f 1782/55/5 1635/56/5 1650/57/5
s 40
f 1635/58/1 1783/57/1 1650/56/1
s 310
f 1774/57/2 1784/58/2 1783/56/2
s 36
f 1784/57/4 1636/58/4 1782/56/4
s 311
f 1783/57/6 1782/58/6 1650/56/6
s 27
f 1652/58/1 1785/57/1 1651/56/1
s 20
f 1653/55/3 1786/56/3 1652/57/3
f 1654/55/3 1787/56/3 1653/57/3
s 109
f 1789/57/6 1670/58/6 1669/56/6
s 20
f 1656/55/3 1791/56/3 1655/57/3
f 1659/55/3 1793/56/3 1656/57/3
s 22
f 1795/57/4 1659/58/4 1660/56/4
s 312
f 1678/55/5 1796/56/5 1677/57/5
s 313
f 1796/58/1 1798/57/1 1677/56/1
s 314
f 1797/55/3 1799/56/3 1796/57/3
s 315
f 1799/57/2 1801/58/2 1798/56/2
s 312
f 1662/55/5 1797/56/5 1678/57/5
s 314
f 1663/55/3 1800/56/3 1797/57/3
s 315
f 1800/57/2 1803/58/2 1801/56/2
s 316
f 1803/57/4 1663/58/4 1662/56/4
s 27
f 1651/58/1 1804/57/1 1666/56/1
s 38
f 1805/57/4 1669/58/4 1668/56/4
s 317
f 1673/55/5 1657/56/5 1672/57/5
s 318
f 1657/58/1 1806/57/1 1672/56/1
s 319
f 1792/57/2 1808/58/2 1806/56/2
s 22
f 1809/57/4 1660/58/4 1674/56/4
s 39
f 1676/58/1 1810/57/1 1675/56/1
s 35
f 1677/55/3 1811/56/3 1676/57/3
s 62
f 1812/57/6 1679/58/6 1680/56/6
s 312
f 1681/55/5 1678/56/5 1679/57/5
s 62
f 1813/57/6 1681/58/6 1679/56/6
s 35
f 1665/55/3 1803/56/3 1662/57/3
s 36
f 1816/57/4 1665/58/4 1682/56/4
s 27
f 1666/58/1 1817/57/1 1683/56/1
s 38
f 1818/57/4 1668/58/4 1684/56/4
s 317
f 1685/55/5 1672/56/5 1819/57/5
s 318
f 1672/58/1 1820/57/1 1819/56/1
s 319
f 1806/57/2 1821/58/2 1820/56/2
s 46
f 1686/55/3 1809/56/3 1674/57/3
s 63
f 1823/57/6 1688/58/6 1687/56/6
s 46
f 1675/55/3 1822/56/3 1686/57/3
s 63
f 1824/57/6 1689/58/6 1688/56/6
s 51
f 1826/57/4 1680/58/4 1690/56/4
s 27
f 1683/58/1 1829/57/1 1693/56/1
s 38
f 1830/57/4 1684/58/4 1694/56/4
s 317
f 1695/55/5 1819/56/5 1707/57/5
s 318
f 1819/58/1 1831/57/1 1707/56/1
s 319
f 1820/57/2 1832/58/2 1831/56/2
s 22
f 1833/57/4 1687/58/4 1696/56/4
s 40
f 1691/58/1 1836/57/1 1699/56/1
s 120
f 1836/57/6 1700/58/6 1699/56/6
s 137
f 1701/55/3 1828/56/3 1692/57/3
s 70
f 1839/57/4 1701/58/4 1702/56/4
s 27
f 1693/58/1 1840/57/1 1703/56/1
s 38
f 1841/57/4 1694/58/4 1705/56/4
s 66
f 1844/57/6 1709/58/6 1708/56/6
s 105
f 1700/58/1 1847/57/1 1713/56/1
s 139
f 1847/57/6 1718/58/6 1713/56/6
s 84
f 1714/55/3 1839/56/3 1702/57/3
s 89
f 1850/57/4 1714/58/4 1715/56/4
s 27
f 1703/58/1 1851/57/1 1716/56/1
s 320
f 1706/55/3 1841/56/3 1705/57/3
s 321
f 1841/57/2 1853/58/2 1852/56/2
s 123
f 1718/58/1 1854/57/1 1719/56/1
s 27
f 1716/58/1 1855/57/1 1721/56/1
s 123
f 1719/58/1 1856/57/1 1723/56/1
s 27
f 1721/58/1 1857/57/1 1725/56/1
s 107
f 1728/55/3 1858/56/3 1727/57/3
s 292
f 1860/57/6 1730/58/6 1729/56/6
s 107
f 1731/55/3 1859/56/3 1728/57/3
s 292
f 1861/57/6 1732/58/6 1730/56/6
s 105
f 1722/58/1 1865/57/1 1737/56/1
s 322
f 1723/55/3 1866/56/3 1722/57/3
s 27
f 1725/58/1 1870/57/1 1740/56/1
s 92
f 1871/57/4 1729/58/4 1741/56/4
s 93
f 1872/57/6 1741/58/6 1742/56/6
s 95
f 1732/58/1 1873/57/1 1743/56/1
s 22
f 1874/57/4 1735/58/4 1744/56/4
s 40
f 1750/58/1 1880/57/1 1749/56/1
s 108
f 1737/55/3 1881/56/3 1750/57/3
s 70
f 1882/57/4 1739/58/4 1751/56/4
s 72
f 1883/57/6 1751/58/6 1752/56/6
s 27
f 1740/58/1 1884/57/1 1753/56/1
s 296
f 1885/57/4 1742/58/4 1754/56/4
s 95
f 1743/58/1 1890/57/1 1755/56/1
s 51
f 1895/57/4 1748/58/4 1760/56/4
s 22
f 1899/57/4 1757/58/4 1769/56/4
s 112
f 1774/55/5 1772/56/5 1773/57/5
s 60
f 1761/55/3 1902/56/3 1772/57/3
s 36
f 1903/57/4 1762/58/4 1775/56/4
s 41
f 1904/57/6 1775/58/6 1774/56/6
s 27
f 1763/58/1 1905/57/1 1776/56/1
s 28
f 1905/57/6 1777/58/6 1776/56/6
f 1906/57/6 1778/58/6 1777/56/6
s 22
f 1910/57/4 1769/58/4 1781/56/4
s 28
f 1909/57/6 1781/58/6 1780/56/6
s 112
f 1912/55/5 1771/56/5 1911/57/5
s 323
f 1771/58/1 1913/57/1 1911/56/1
s 113
f 1901/57/2 1915/58/2 1913/56/2
s 115
f 1913/57/6 1912/58/6 1911/56/6
s 27
f 1786/58/1 1917/57/1 1785/56/1
s 20
f 1787/55/3 1918/56/3 1786/57/3
f 1788/55/3 1919/56/3 1787/57/3
f 1794/55/3 1922/56/3 1793/57/3
s 22
f 1926/57/4 1794/58/4 1795/56/4
s 27
f 1785/58/1 1927/57/1 1804/56/1
s 117
f 1806/55/5 1790/56/5 1928/57/5
s 118
f 1931/57/2 1933/58/2 1932/56/2
s 324
f 1933/57/4 1792/58/4 1806/56/4
s 119
f 1932/57/6 1806/58/6 1928/56/6
s 325
f 1807/58/1 1934/57/1 1808/56/1
s 22
f 1935/57/4 1795/58/4 1809/56/4
s 39
f 1811/58/1 1936/57/1 1810/56/1
s 35
f 1798/55/3 1937/56/3 1811/57/3
f 1801/55/3 1938/56/3 1798/57/3
s 62
f 1940/57/6 1813/58/6 1812/56/6
s 35
f 1803/55/3 1939/56/3 1801/57/3
s 62
f 1941/57/6 1814/58/6 1813/56/6
s 27
f 1804/58/1 1946/57/1 1817/56/1
s 38
f 1947/57/4 1805/58/4 1818/56/4
s 325
f 1808/58/1 1948/57/1 1821/56/1
s 46
f 1822/55/3 1935/56/3 1809/57/3
s 63
f 1950/57/6 1824/58/6 1823/56/6
s 46
f 1810/55/3 1949/56/3 1822/57/3
s 63
f 1951/57/6 1825/58/6 1824/56/6
s 51
f 1953/57/4 1812/58/4 1826/56/4
s 325
f 1821/58/1 1958/57/1 1832/56/1
s 22
f 1959/57/4 1823/58/4 1833/56/4
s 137
f 1838/55/3 1955/56/3 1828/57/3
s 70
f 1965/57/4 1838/58/4 1839/56/4
s 27
f 1829/58/1 1966/57/1 1840/56/1
s 326
f 1842/55/5 1830/56/5 1841/57/5
s 65
f 1843/55/3 1957/56/3 1830/57/3
s 138
f 1968/57/6 1842/58/6 1841/56/6
s 65
f 1831/55/3 1967/56/3 1843/57/3
s 22
f 1973/57/4 1833/58/4 1846/56/4
s 66
f 1972/57/6 1846/58/6 1845/56/6
s 105
f 1837/58/1 1974/57/1 1847/56/1
s 139
f 1974/57/6 1848/58/6 1847/56/6
s 27
f 1851/58/1 1986/57/1 1855/56/1
s 327
f 1853/55/3 1979/56/3 1852/57/3
s 123
f 1854/58/1 1987/57/1 1856/56/1
s 27
f 1855/58/1 1991/57/1 1857/56/1
s 107
f 1862/55/3 1992/56/3 1859/57/3
s 105
f 1866/58/1 1996/57/1 1865/56/1
s 322
f 1856/55/3 1997/56/3 1866/57/3
s 328
f 1888/55/5 1860/56/5 1871/57/5
f 1873/55/5 1861/56/5 1888/57/5
s 22
f 2005/57/4 1875/58/4 1874/56/4
s 39
f 1877/58/1 2006/57/1 1876/56/1
s 94
f 1878/55/3 2007/56/3 1877/57/3
s 51
f 2009/57/4 1878/58/4 1879/56/4
s 40
f 1881/58/1 2010/57/1 1880/56/1
s 108
f 1865/55/3 2011/56/3 1881/57/3
s 329
f 1887/55/5 1872/56/5 1885/57/5
s 127
f 2001/57/2 2016/58/2 2015/56/2
s 328
f 1890/55/5 1888/56/5 1889/57/5
s 73
f 1876/55/3 2017/56/3 1891/57/3
s 74
f 2019/57/6 1894/58/6 1893/56/6
s 22
f 2025/57/4 1892/58/4 1899/56/4
s 39
f 1894/58/1 2026/57/1 1900/56/1
s 41
f 2026/57/6 1901/58/6 1900/56/6
s 60
f 1902/55/3 2021/56/3 1895/57/3
s 41
f 2027/57/6 1914/58/6 1901/56/6
s 60
f 1896/55/3 2028/56/3 1902/57/3
s 41
f 2029/57/6 1904/58/6 1914/56/6
s 36
f 2031/57/4 1897/58/4 1903/56/4
s 41
f 2030/57/6 1903/58/6 1904/56/6
s 27
f 1898/58/1 2032/57/1 1905/56/1
s 28
f 2032/57/6 1906/58/6 1905/56/6
f 2033/57/6 1907/58/6 1906/56/6
f 2035/57/6 1909/58/6 1908/56/6
s 22
f 2037/57/4 1899/58/4 1910/56/4
s 28
f 2036/57/6 1910/58/6 1909/56/6
s 20
f 1920/55/3 2040/56/3 1919/57/3
s 128
f 2042/57/6 1931/58/6 1930/56/6
s 20
f 1922/55/3 2044/56/3 1921/57/3
f 1925/55/3 2046/56/3 1922/57/3
s 22
f 2048/57/4 1925/58/4 1926/56/4
s 134
f 1934/55/5 1923/56/5 1933/57/5
s 135
f 1923/58/1 2060/57/1 1933/56/1
s 136
f 2045/57/2 2062/58/2 2060/56/2
s 22
f 2063/57/4 1926/58/4 1935/56/4
s 35
f 1944/55/3 2057/56/3 1942/57/3
s 36
f 2070/57/4 1944/58/4 1945/56/4
s 27
f 1927/58/1 2071/57/1 1946/56/1
s 38
f 2072/57/4 1929/58/4 1947/56/4
s 46
f 1949/55/3 2063/56/3 1935/57/3
s 63
f 2077/57/6 1951/58/6 1950/56/6
s 46
f 1936/55/3 2076/56/3 1949/57/3
s 63
f 2078/57/6 1952/58/6 1951/56/6
s 51
f 2080/57/4 1940/58/4 1953/56/4
s 40
f 1943/58/1 2081/57/1 1954/56/1
s 36
f 2082/57/4 1945/58/4 1955/56/4
s 134
f 1958/55/5 2073/56/5 1970/57/5
s 135
f 2073/58/1 2085/57/1 1970/56/1
s 136
f 2074/57/2 2086/58/2 2085/56/2
s 40
f 1954/58/1 2090/57/1 1962/56/1
s 120
f 2090/57/6 1963/58/6 1962/56/6
s 27
f 1956/58/1 2094/57/1 1966/56/1
s 65
f 1970/55/3 2095/56/3 1967/57/3
s 136
f 2095/57/2 2098/58/2 2097/56/2
f 2085/57/2 2099/58/2 2098/56/2
s 84
f 1976/55/3 2093/56/3 1965/57/3
s 121
f 2104/57/4 1976/58/4 1977/56/4
s 122
f 1969/58/1 2107/57/1 1980/56/1
s 123
f 1975/58/1 2108/57/1 1981/56/1
s 327
f 1980/55/3 2106/56/3 1979/57/3
s 330
f 2107/57/2 2112/58/2 2110/56/2
f 2111/57/2 2114/58/2 2112/56/2
s 123
f 1981/58/1 2115/57/1 1987/56/1
s 331
f 2118/57/2 2119/58/2 2117/56/2
s 332
f 2117/57/6 2003/58/6 2002/56/6
s 107
f 1994/55/3 2114/56/3 1993/57/3
s 22
f 2121/57/4 1994/58/4 1995/56/4
s 105
f 1997/58/1 2122/57/1 1996/56/1
s 322
f 1987/55/3 2123/56/3 1997/57/3
s 121
f 2124/57/4 1990/58/4 1998/56/4
s 91
f 2126/57/6 1998/58/6 1999/56/6
s 142
f 2130/57/2 2133/58/2 2131/56/2
s 22
f 2134/57/4 1995/58/4 2005/56/4
s 70
f 2141/57/4 1999/58/4 2012/56/4
s 72
f 2142/57/6 2012/58/6 2013/56/6
s 141
f 2004/58/1 2145/57/1 2016/56/1
s 142
f 2129/57/2 2146/58/2 2145/56/2
s 73
f 2006/55/3 2147/56/3 2017/57/3
s 74
f 2149/57/6 2020/58/6 2019/56/6
s 51
f 2151/57/4 2009/58/4 2021/56/4
s 27
f 2014/58/1 2154/57/1 2024/56/1
s 158
f 2016/55/3 2144/56/3 2015/57/3
s 22
f 2155/57/4 2018/58/4 2025/56/4
s 39
f 2020/58/1 2156/57/1 2026/56/1
s 41
f 2156/57/6 2027/58/6 2026/56/6
s 60
f 2028/55/3 2151/56/3 2021/57/3
f 2022/55/3 2158/56/3 2028/57/3
s 333
f 2158/57/2 2160/58/2 2159/56/2
s 36
f 2161/57/4 2023/58/4 2031/56/4
s 41
f 2160/57/6 2031/58/6 2030/56/6
s 27
f 2024/58/1 2162/57/1 2032/56/1
s 28
f 2162/57/6 2033/58/6 2032/56/6
f 2164/57/6 2035/58/6 2034/56/6
f 2165/57/6 2036/58/6 2035/56/6
s 22
f 2167/57/4 2025/58/4 2037/56/4
s 28
f 2166/57/6 2037/58/6 2036/56/6
s 334
f 2169/55/5 2027/56/5 2168/57/5
s 335
f 2027/58/1 2170/57/1 2168/56/1
s 333
f 2157/57/2 2171/58/2 2170/56/2
s 336
f 2170/57/6 2169/58/6 2168/56/6
s 334
f 2172/55/5 2029/56/5 2169/57/5
s 333
f 2159/57/2 2173/58/2 2171/56/2
s 337
f 2173/57/4 2030/58/4 2172/56/4
s 336
f 2171/57/6 2172/58/6 2169/56/6
s 27
f 2039/58/1 2174/57/1 2038/56/1
s 20
f 2040/55/3 2175/56/3 2039/57/3
f 2044/55/3 2177/56/3 2041/57/3
s 147
f 2190/55/5 2042/56/5 2059/57/5
s 148
f 2192/57/2 2194/58/2 2191/56/2
s 150
f 2191/57/6 2190/58/6 2059/56/6
s 155
f 2061/58/1 2196/57/1 2062/56/1
s 22
f 2197/57/4 2048/58/4 2063/56/4
s 39
f 2065/58/1 2198/57/1 2064/56/1
s 35
f 2051/55/3 2199/56/3 2065/57/3
s 27
f 2058/58/1 2206/57/1 2071/56/1
s 38
f 2207/57/4 2059/58/4 2072/56/4
s 155
f 2062/58/1 2208/57/1 2075/56/1
s 46
f 2064/55/3 2209/56/3 2076/57/3
s 63
f 2211/57/6 2079/58/6 2078/56/6
s 51
f 2213/57/4 2066/58/4 2080/56/4
s 40
f 2068/58/1 2214/57/1 2081/56/1
s 36
f 2215/57/4 2070/58/4 2082/56/4
s 27
f 2071/58/1 2216/57/1 2083/56/1
s 38
f 2217/57/4 2072/58/4 2084/56/4
s 155
f 2075/58/1 2218/57/1 2086/56/1
s 22
f 2219/57/4 2077/58/4 2087/56/4
s 39
f 2079/58/1 2220/57/1 2088/56/1
s 51
f 2221/57/4 2080/58/4 2089/56/4
s 40
f 2081/58/1 2222/57/1 2090/56/1
s 120
f 2222/57/6 2091/58/6 2090/56/6
s 27
f 2083/58/1 2226/57/1 2094/56/1
s 65
f 2095/55/3 2217/56/3 2084/57/3
s 338
f 2217/57/2 2229/58/2 2228/56/2
s 339
f 2229/57/4 2095/58/4 2097/56/4
s 138
f 2228/57/6 2097/58/6 2096/56/6
s 155
f 2086/58/1 2230/57/1 2099/56/1
s 22
f 2231/57/4 2087/58/4 2100/56/4
s 152
f 2233/55/5 2088/56/5 2232/57/5
s 39
f 2088/58/1 2234/57/1 2232/56/1
s 27
f 2094/58/1 2238/57/1 2105/56/1
s 38
f 2239/57/4 2096/58/4 2106/56/4
s 122
f 2097/58/1 2240/57/1 2107/56/1
s 340
f 2098/55/3 2229/56/3 2097/57/3
s 341
f 2229/57/2 2242/58/2 2240/56/2
s 342
f 2240/57/6 2111/58/6 2107/56/6
s 340
f 2099/55/3 2241/56/3 2098/57/3
s 341
f 2241/57/2 2243/58/2 2242/56/2
s 342
f 2242/57/6 2113/58/6 2111/56/6
s 22
f 2245/57/4 2100/58/4 2244/56/4
s 152
f 2247/55/5 2232/56/5 2246/57/5
s 39
f 2232/58/1 2248/57/1 2246/56/1
s 343
f 2108/55/5 2101/56/5 2255/57/5
s 105
f 2101/58/1 2256/57/1 2255/56/1
s 121
f 2258/57/4 2104/58/4 2257/56/4
s 27
f 2105/58/1 2259/57/1 2109/56/1
s 327
f 2107/55/3 2239/56/3 2106/57/3
s 344
f 2239/57/2 2261/58/2 2260/56/2
s 345
f 2261/57/4 2107/58/4 2110/56/4
s 346
f 2260/57/6 2110/58/6 2118/56/6
s 152
f 2265/55/5 2246/56/5 2264/57/5
s 39
f 2246/58/1 2266/57/1 2264/56/1
s 152
f 2267/55/5 2247/56/5 2265/57/5
s 153
f 2251/57/2 2269/58/2 2268/56/2
s 154
f 2269/57/4 2249/58/4 2267/56/4
s 343
f 2115/55/5 2255/56/5 2123/57/5
s 105
f 2255/58/1 2270/57/1 2123/56/1
s 121
f 2271/57/4 2257/58/4 2125/56/4
s 347
f 2110/58/1 2274/57/1 2119/56/1
s 348
f 2112/55/3 2261/56/3 2110/57/3
s 349
f 2261/57/2 2276/58/2 2274/56/2
s 350
f 2274/57/6 2130/58/6 2119/56/6
s 348
f 2114/55/3 2275/56/3 2112/57/3
s 349
f 2275/57/2 2277/58/2 2276/56/2
s 350
f 2276/57/6 2132/58/6 2130/56/6
s 22
f 2278/57/4 2120/58/4 2121/56/4
s 152
f 2137/55/5 2264/56/5 2136/57/5
s 39
f 2264/58/1 2279/57/1 2136/56/1
s 121
f 2281/57/4 2125/58/4 2124/56/4
s 91
f 2282/57/6 2124/58/6 2126/56/6
s 27
f 2116/58/1 2283/57/1 2127/56/1
s 351
f 2129/55/5 2117/56/5 2128/57/5
s 352
f 2119/55/3 2273/56/3 2117/57/3
s 353
f 2273/57/2 2285/58/2 2284/56/2
s 354
f 2285/57/4 2119/58/4 2129/56/4
s 355
f 2284/57/6 2129/58/6 2128/56/6
s 39
f 2136/58/1 2288/57/1 2135/56/1
s 51
f 2289/57/4 2137/58/4 2138/56/4
s 40
f 2140/58/1 2291/57/1 2139/56/1
s 108
f 2122/55/3 2292/56/3 2140/57/3
s 70
f 2293/57/4 2126/58/4 2141/56/4
s 72
f 2294/57/6 2141/58/6 2142/56/6
s 73
f 2147/55/3 2287/56/3 2134/57/3
s 74
f 2300/57/6 2149/58/6 2148/56/6
s 51
f 2303/57/4 2138/58/4 2151/56/4
s 40
f 2139/58/1 2304/57/1 2152/56/1
s 36
f 2305/57/4 2142/58/4 2153/56/4
s 27
f 2143/58/1 2306/57/1 2154/56/1
s 158
f 2146/55/3 2307/56/3 2145/57/3
s 22
f 2308/57/4 2148/58/4 2155/56/4
s 60
f 2158/55/3 2303/56/3 2151/57/3
s 356
f 2312/57/4 2158/58/4 2159/56/4
s 41
f 2310/57/6 2159/58/6 2157/56/6
s 28
f 2316/57/6 2164/58/6 2163/56/6
f 2318/57/6 2166/58/6 2165/56/6
s 357
f 2321/55/5 2160/56/5 2173/57/5
s 40
f 2160/58/1 2322/57/1 2173/56/1
s 358
f 2313/57/2 2323/58/2 2322/56/2
s 36
f 2323/57/4 2161/58/4 2321/56/4
s 359
f 2322/57/6 2321/58/6 2173/56/6
s 27
f 2175/58/1 2324/57/1 2174/56/1
s 20
f 2176/55/3 2325/56/3 2175/57/3
f 2177/55/3 2326/56/3 2176/57/3
s 360
f 2328/57/6 2193/58/6 2192/56/6
s 20
f 2178/55/3 2327/56/3 2177/57/3
s 360
f 2329/57/6 2180/58/6 2193/56/6
s 20
f 2182/55/3 2332/56/3 2179/57/3
s 22
f 2334/57/4 2182/58/4 2183/56/4
s 159
f 2185/55/5 2336/56/5 2201/57/5
s 161
f 2186/55/3 2339/56/3 2336/57/3
s 162
f 2339/57/2 2342/58/2 2340/56/2
s 361
f 2342/57/4 2186/58/4 2185/56/4
s 27
f 2174/58/1 2343/57/1 2189/56/1
s 38
f 2344/57/4 2192/58/4 2191/56/4
s 362
f 2196/55/5 2180/56/5 2195/57/5
s 363
f 2180/58/1 2345/57/1 2195/56/1
s 364
f 2331/57/2 2347/58/2 2345/56/2
s 39
f 2199/58/1 2349/57/1 2198/56/1
s 35
f 2200/55/3 2350/56/3 2199/57/3
s 62
f 2351/57/6 2202/58/6 2203/56/6
s 159
f 2204/55/5 2201/56/5 2202/57/5
s 62
f 2352/57/6 2204/58/6 2202/56/6
s 35
f 2188/55/3 2342/56/3 2185/57/3
s 36
f 2355/57/4 2188/58/4 2205/56/4
s 27
f 2189/58/1 2356/57/1 2206/56/1
s 38
f 2357/57/4 2191/58/4 2207/56/4
s 362
f 2208/55/5 2195/56/5 2358/57/5
s 363
f 2195/58/1 2359/57/1 2358/56/1
s 364
f 2345/57/2 2360/58/2 2359/56/2
s 46
f 2209/55/3 2348/56/3 2197/57/3
s 63
f 2362/57/6 2211/58/6 2210/56/6
s 46
f 2198/55/3 2361/56/3 2209/57/3
s 63
f 2363/57/6 2212/58/6 2211/56/6
s 51
f 2365/57/4 2203/58/4 2213/56/4
s 40
f 2204/58/1 2366/57/1 2214/56/1
s 36
f 2367/57/4 2205/58/4 2215/56/4
s 362
f 2218/55/5 2358/56/5 2370/57/5
s 363
f 2358/58/1 2371/57/1 2370/56/1
s 364
f 2359/57/2 2372/58/2 2371/56/2
s 365
f 2371/57/6 2218/58/6 2370/56/6
s 40
f 2214/58/1 2376/57/1 2222/56/1
s 137
f 2224/55/3 2367/56/3 2215/57/3
s 70
f 2378/57/4 2224/58/4 2225/56/4
s 155
f 2218/58/1 2381/57/1 2230/56/1
s 22
f 2382/57/4 2219/58/4 2231/56/4
s 39
f 2220/58/1 2383/57/1 2234/56/1
s 51
f 2384/57/4 2221/58/4 2252/56/4
s 163
f 2235/55/5 2222/56/5 2385/57/5
s 40
f 2222/58/1 2386/57/1 2385/56/1
s 84
f 2236/55/3 2378/56/3 2225/57/3
s 164
f 2378/57/2 2389/58/2 2388/56/2
s 366
f 2390/55/5 2236/56/5 2237/57/5
s 84
f 2391/55/3 2387/56/3 2236/57/3
s 164
f 2387/57/2 2393/58/2 2389/56/2
s 367
f 2393/57/4 2391/58/4 2390/56/4
s 368
f 2389/57/6 2390/58/6 2237/56/6
s 27
f 2226/58/1 2394/57/1 2238/56/1
s 38
f 2395/57/4 2228/58/4 2239/56/4
s 155
f 2230/58/1 2396/57/1 2243/56/1
s 22
f 2397/57/4 2231/58/4 2245/56/4
s 27
f 2238/58/1 2404/57/1 2259/56/1
s 38
f 2405/57/4 2239/58/4 2260/56/4
s 164
f 2402/57/2 2413/58/2 2412/56/2
s 121
f 2413/57/4 2258/58/4 2271/56/4
s 155
f 2262/58/1 2416/57/1 2277/56/1
s 22
f 2417/57/4 2263/58/4 2278/56/4
s 39
f 2266/58/1 2418/57/1 2279/56/1
s 51
f 2419/57/4 2268/58/4 2290/56/4
s 163
f 2280/55/5 2410/56/5 2292/57/5
s 40
f 2410/58/1 2420/57/1 2292/56/1
s 164
f 2412/57/2 2422/58/2 2421/56/2
s 91
f 2421/57/6 2281/58/6 2282/56/6
s 369
f 2423/55/5 2271/56/5 2281/57/5
s 370
f 2424/55/3 2413/56/3 2271/57/3
s 164
f 2413/57/2 2426/58/2 2422/56/2
s 371
f 2426/57/4 2424/58/4 2423/56/4
s 91
f 2422/57/6 2423/58/6 2281/56/6
s 27
f 2272/58/1 2427/57/1 2283/56/1
s 38
f 2428/57/4 2273/58/4 2284/56/4
s 155
f 2277/58/1 2429/57/1 2286/56/1
s 22
f 2430/57/4 2278/58/4 2287/56/4
s 39
f 2279/58/1 2431/57/1 2288/56/1
s 51
f 2432/57/4 2290/58/4 2289/56/4
s 372
f 2307/55/5 2284/56/5 2296/57/5
s 373
f 2285/55/3 2428/56/3 2284/57/3
s 374
f 2428/57/2 2439/58/2 2438/56/2
s 375
f 2439/57/4 2285/58/4 2307/56/4
s 73
f 2299/55/3 2430/56/3 2287/57/3
s 74
f 2443/57/6 2301/58/6 2300/56/6
s 73
f 2288/55/3 2442/56/3 2299/57/3
s 74
f 2444/57/6 2302/58/6 2301/56/6
s 40
f 2291/58/1 2447/57/1 2304/56/1
s 36
f 2448/57/4 2294/58/4 2305/56/4
s 22
f 2450/57/4 2300/58/4 2308/56/4
s 39
f 2302/58/1 2451/57/1 2309/56/1
s 41
f 2451/57/6 2310/58/6 2309/56/6
s 60
f 2311/55/3 2446/56/3 2303/57/3
s 165
f 2313/55/5 2311/56/5 2312/57/5
s 60
f 2304/55/3 2453/56/3 2311/57/3
s 27
f 2306/58/1 2456/57/1 2315/56/1
s 28
f 2456/57/6 2316/58/6 2315/56/6
f 2457/57/6 2317/58/6 2316/56/6
f 2458/57/6 2318/58/6 2317/56/6
f 2459/57/6 2319/58/6 2318/56/6
s 22
f 2461/57/4 2308/58/4 2320/56/4
s 28
f 2460/57/6 2320/58/6 2319/56/6
s 165
f 2463/55/5 2310/56/5 2462/57/5
s 376
f 2310/58/1 2464/57/1 2462/56/1
s 166
f 2452/57/2 2466/58/2 2464/56/2
s 168
f 2464/57/6 2463/58/6 2462/56/6
s 20
f 2332/55/3 2472/56/3 2330/57/3
s 377
f 2474/57/6 2346/58/6 2331/56/6
s 20
f 2333/55/3 2473/56/3 2332/57/3
s 22
f 2477/57/4 2333/58/4 2334/56/4
s 27
f 2324/58/1 2478/57/1 2343/56/1
s 378
f 2479/55/5 2328/56/5 2344/57/5
s 379
f 2481/57/2 2483/58/2 2480/56/2
s 380
f 2480/57/6 2479/58/6 2344/56/6
s 378
f 2345/55/5 2329/56/5 2479/57/5
s 379
f 2482/57/2 2484/58/2 2483/56/2
s 381
f 2484/57/4 2331/58/4 2345/56/4
s 380
f 2483/57/6 2345/58/6 2479/56/6
s 35
f 2340/55/3 2489/56/3 2337/57/3
s 62
f 2491/57/6 2352/58/6 2351/56/6
s 35
f 2354/55/3 2493/56/3 2342/57/3
s 36
f 2496/57/4 2354/58/4 2355/56/4
s 46
f 2361/55/3 2486/56/3 2348/57/3
s 63
f 2501/57/6 2363/58/6 2362/56/6
s 46
f 2349/55/3 2500/56/3 2361/57/3
s 63
f 2502/57/6 2364/58/6 2363/56/6
s 40
f 2353/58/1 2505/57/1 2366/56/1
s 36
f 2506/57/4 2355/58/4 2367/56/4
s 155
f 2360/58/1 2509/57/1 2372/56/1
s 22
f 2510/57/4 2362/58/4 2373/56/4
s 39
f 2364/58/1 2511/57/1 2374/56/1
s 51
f 2512/57/4 2365/58/4 2375/56/4
s 40
f 2366/58/1 2513/57/1 2376/56/1
s 137
f 2377/55/3 2506/56/3 2367/57/3
s 169
f 2506/57/2 2516/58/2 2515/56/2
s 70
f 2516/57/4 2377/58/4 2378/56/4
s 27
f 2368/58/1 2517/57/1 2379/56/1
s 38
f 2518/57/4 2369/58/4 2380/56/4
s 155
f 2372/58/1 2519/57/1 2381/56/1
s 22
f 2520/57/4 2373/58/4 2382/56/4
s 40
f 2376/58/1 2523/57/1 2386/56/1
s 27
f 2379/58/1 2526/57/1 2394/56/1
s 38
f 2527/57/4 2380/58/4 2395/56/4
s 155
f 2381/58/1 2528/57/1 2396/56/1
s 22
f 2529/57/4 2382/58/4 2397/56/4
s 39
f 2383/58/1 2530/57/1 2398/56/1
s 51
f 2531/57/4 2384/58/4 2399/56/4
s 40
f 2386/58/1 2532/57/1 2401/56/1
s 27
f 2394/58/1 2535/57/1 2404/56/1
s 38
f 2536/57/4 2395/58/4 2405/56/4
s 155
f 2396/58/1 2537/57/1 2406/56/1
s 22
f 2538/57/4 2397/58/4 2407/56/4
s 39
f 2398/58/1 2539/57/1 2408/56/1
s 51
f 2540/57/4 2399/58/4 2409/56/4
s 40
f 2401/58/1 2541/57/1 2411/56/1
s 169
f 2533/57/2 2543/58/2 2542/56/2
s 70
f 2543/57/4 2402/58/4 2412/56/4
s 27
f 2404/58/1 2544/57/1 2414/56/1
s 38
f 2545/57/4 2405/58/4 2415/56/4
s 155
f 2406/58/1 2546/57/1 2416/56/1
s 22
f 2547/57/4 2407/58/4 2417/56/4
s 39
f 2408/58/1 2548/57/1 2418/56/1
s 51
f 2549/57/4 2409/58/4 2419/56/4
s 40
f 2411/58/1 2550/57/1 2420/56/1
s 27
f 2414/58/1 2553/57/1 2427/56/1
s 38
f 2554/57/4 2415/58/4 2428/56/4
s 40
f 2420/58/1 2559/57/1 2433/56/1
s 169
f 2551/57/2 2561/58/2 2560/56/2
s 70
f 2561/57/4 2421/58/4 2434/56/4
s 72
f 2560/57/6 2434/58/6 2435/56/6
s 27
f 2427/58/1 2562/57/1 2436/56/1
s 38
f 2563/57/4 2428/58/4 2438/56/4
s 157
f 2429/55/3 2566/56/3 2441/57/3
s 73
f 2442/55/3 2556/56/3 2430/57/3
s 74
f 2569/57/6 2444/58/6 2443/56/6
s 51
f 2572/57/4 2432/58/4 2446/56/4
s 40
f 2433/58/1 2573/57/1 2447/56/1
s 36
f 2574/57/4 2435/58/4 2448/56/4
s 22
f 2576/57/4 2443/58/4 2450/56/4
s 27
f 2449/58/1 2583/57/1 2456/56/1
s 28
f 2583/57/6 2457/58/6 2456/56/6
f 2584/57/6 2458/58/6 2457/56/6
f 2585/57/6 2459/58/6 2458/56/6
s 22
f 2588/57/4 2450/58/4 2461/56/4
s 28
f 2587/57/6 2461/58/6 2460/56/6
s 20
f 2471/55/3 2591/56/3 2470/57/3
s 382
f 2593/57/6 2482/58/6 2481/56/6
s 20
f 2472/55/3 2592/56/3 2471/57/3
s 382
f 2594/57/6 2474/58/6 2482/56/6
s 171
f 2493/55/5 2601/56/5 2490/57/5
s 173
f 2606/55/3 2604/56/3 2601/57/3
s 174
f 2604/57/2 2608/58/2 2605/56/2
s 383
f 2608/57/4 2606/58/4 2493/56/4
s 27
f 2468/58/1 2609/57/1 2478/56/1
s 38
f 2610/57/4 2481/58/4 2480/56/4
s 384
f 2485/55/5 2474/56/5 2484/57/5
s 385
f 2474/58/1 2611/57/1 2484/56/1
s 386
f 2596/57/2 2613/58/2 2611/56/2
s 22
f 2614/57/4 2477/58/4 2486/56/4
s 62
f 2617/57/6 2492/58/6 2491/56/6
s 35
f 2495/55/3 2608/56/3 2493/57/3
s 36
f 2621/57/4 2495/58/4 2496/56/4
s 27
f 2478/58/1 2622/57/1 2497/56/1
s 38
f 2623/57/4 2480/58/4 2498/56/4
s 384
f 2499/55/5 2484/56/5 2624/57/5
s 385
f 2484/58/1 2625/57/1 2624/56/1
s 386
f 2611/57/2 2626/58/2 2625/56/2
s 46
f 2500/55/3 2614/56/3 2486/57/3
s 176
f 2614/57/2 2629/58/2 2628/56/2
s 46
f 2487/55/3 2627/56/3 2500/57/3
s 176
f 2627/57/2 2630/58/2 2629/56/2
s 51
f 2631/57/4 2491/58/4 2504/56/4
s 40
f 2494/58/1 2632/57/1 2505/56/1
s 387
f 2514/55/5 2496/56/5 2506/57/5
s 388
f 2633/55/3 2621/56/3 2496/57/3
s 389
f 2621/57/2 2636/58/2 2635/56/2
s 390
f 2635/57/6 2514/58/6 2506/56/6
s 387
f 2637/55/5 2633/56/5 2514/57/5
s 388
f 2638/55/3 2634/56/3 2633/57/3
s 389
f 2634/57/2 2640/58/2 2636/56/2
s 390
f 2636/57/6 2637/58/6 2514/56/6
s 387
f 2641/55/5 2638/56/5 2637/57/5
s 388
f 2642/55/3 2639/56/3 2638/57/3
s 389
f 2639/57/2 2644/58/2 2640/56/2
s 391
f 2644/57/4 2642/58/4 2641/56/4
s 390
f 2640/57/6 2641/58/6 2637/56/6
s 27
f 2497/58/1 2645/57/1 2507/56/1
s 38
f 2646/57/4 2498/58/4 2508/56/4
s 384
f 2509/55/5 2624/56/5 2647/57/5
s 385
f 2624/58/1 2648/57/1 2647/56/1
s 386
f 2625/57/2 2649/58/2 2648/56/2
s 392
f 2648/57/6 2509/58/6 2647/56/6
s 175
f 2650/55/5 2501/56/5 2510/57/5
s 176
f 2628/57/2 2652/58/2 2651/56/2
s 51
f 2654/57/4 2504/58/4 2512/56/4
s 27
f 2507/58/1 2657/57/1 2517/56/1
s 38
f 2658/57/4 2508/58/4 2518/56/4
s 155
f 2509/58/1 2659/57/1 2519/56/1
s 51
f 2664/57/4 2512/58/4 2522/56/4
s 40
f 2513/58/1 2665/57/1 2523/56/1
s 36
f 2666/57/4 2515/58/4 2524/56/4
s 39
f 2521/58/1 2671/57/1 2530/56/1
s 51
f 2672/57/4 2522/58/4 2531/56/4
s 40
f 2523/58/1 2673/57/1 2532/56/1
s 36
f 2674/57/4 2524/58/4 2533/56/4
s 155
f 2537/58/1 2685/57/1 2546/56/1
s 178
f 2686/55/5 2538/56/5 2547/57/5
s 179
f 2687/55/3 2678/56/3 2538/57/3
s 180
f 2678/57/2 2690/58/2 2689/56/2
s 51
f 2692/57/4 2540/58/4 2549/56/4
s 40
f 2541/58/1 2693/57/1 2550/56/1
s 36
f 2694/57/4 2542/58/4 2551/56/4
s 178
f 2568/55/5 2547/56/5 2556/57/5
s 180
f 2689/57/2 2699/58/2 2698/56/2
s 51
f 2701/57/4 2549/58/4 2558/56/4
s 40
f 2550/58/1 2702/57/1 2559/56/1
s 36
f 2703/57/4 2551/58/4 2560/56/4
s 27
f 2553/58/1 2704/57/1 2562/56/1
s 393
f 2564/55/5 2554/56/5 2563/57/5
s 394
f 2565/55/3 2696/56/3 2554/57/3
s 395
f 2696/57/2 2707/58/2 2706/56/2
s 396
f 2707/57/4 2565/58/4 2564/56/4
s 180
f 2699/57/2 2712/58/2 2711/56/2
s 74
f 2711/57/6 2571/58/6 2570/56/6
s 40
f 2559/58/1 2714/57/1 2573/56/1
s 397
f 2715/55/5 2560/56/5 2574/57/5
s 398
f 2561/55/3 2703/56/3 2560/57/3
s 399
f 2703/57/2 2718/58/2 2717/56/2
s 400
f 2717/57/6 2715/58/6 2574/56/6
s 397
f 2719/55/5 2561/56/5 2715/57/5
s 398
f 2720/55/3 2716/56/3 2561/57/3
s 399
f 2716/57/2 2722/58/2 2718/56/2
s 400
f 2718/57/6 2719/58/6 2715/56/6
s 397
f 2723/55/5 2720/56/5 2719/57/5
s 398
f 2724/55/3 2721/56/3 2720/57/3
s 399
f 2721/57/2 2726/58/2 2722/56/2
s 401
f 2726/57/4 2724/58/4 2723/56/4
s 400
f 2722/57/6 2723/58/6 2719/56/6
s 402
f 2567/55/3 2707/56/3 2564/57/3
s 22
f 2728/57/4 2569/58/4 2576/56/4
s 39
f 2571/58/1 2729/57/1 2577/56/1
s 41
f 2729/57/6 2578/58/6 2577/56/6
s 60
f 2579/55/3 2713/56/3 2572/57/3
f 2573/55/3 2731/56/3 2579/57/3
s 36
f 2732/57/4 2574/58/4 2582/56/4
s 41
f 2733/57/6 2582/58/6 2581/56/6
s 27
f 2575/58/1 2734/57/1 2583/56/1
s 28
f 2734/57/6 2584/58/6 2583/56/6
f 2737/57/6 2587/58/6 2586/56/6
s 182
f 2745/55/5 2580/56/5 2741/57/5
s 184
f 2743/57/2 2746/58/2 2744/56/2
s 403
f 2746/57/4 2581/58/4 2745/56/4
s 185
f 2744/57/6 2745/58/6 2741/56/6
s 20
f 2592/55/3 2749/56/3 2591/57/3
f 2598/55/3 2752/56/3 2597/57/3
s 22
f 2756/57/4 2598/58/4 2599/56/4
s 187
f 2758/55/5 2593/56/5 2610/57/5
s 404
f 2759/57/6 2758/58/6 2610/56/6
s 155
f 2612/58/1 2762/57/1 2613/56/1
s 22
f 2763/57/4 2599/58/4 2614/56/4
s 35
f 2605/55/3 2766/56/3 2602/57/3
s 189
f 2766/57/2 2769/58/2 2767/56/2
s 35
f 2608/55/3 2768/56/3 2605/57/3
s 189
f 2768/57/2 2771/58/2 2769/56/2
s 27
f 2609/58/1 2774/57/1 2622/56/1
s 38
f 2775/57/4 2610/58/4 2623/56/4
s 187
f 2625/55/5 2758/56/5 2776/57/5
s 405
f 2758/58/1 2777/57/1 2776/56/1
s 188
f 2778/57/4 2611/58/4 2625/56/4
s 155
f 2613/58/1 2779/57/1 2626/56/1
s 22
f 2780/57/4 2614/58/4 2628/56/4
s 189
f 2771/57/2 2785/58/2 2784/56/2
s 36
f 2785/57/4 2621/58/4 2635/56/4
s 27
f 2622/58/1 2786/57/1 2645/56/1
s 187
f 2787/55/5 2623/56/5 2646/57/5
s 406
f 2776/55/3 2775/56/3 2623/57/3
s 407
f 2788/57/6 2787/58/6 2646/56/6
s 155
f 2626/58/1 2791/57/1 2649/56/1
s 22
f 2792/57/4 2628/58/4 2651/56/4
s 190
f 2655/55/5 2783/56/5 2795/57/5
s 189
f 2796/57/2 2798/58/2 2797/56/2
f 2784/57/2 2799/58/2 2798/56/2
s 36
f 2799/57/4 2635/58/4 2656/56/4
s 155
f 2649/58/1 2806/57/1 2659/56/1
s 22
f 2807/57/4 2651/58/4 2661/56/4
s 39
f 2653/58/1 2808/57/1 2663/56/1
s 189
f 2793/57/2 2809/58/2 2808/56/2
s 190
f 2665/55/5 2795/56/5 2810/57/5
s 408
f 2811/57/6 2665/58/6 2810/56/6
s 189
f 2798/57/2 2813/58/2 2812/56/2
s 36
f 2813/57/4 2656/58/4 2666/56/4
s 27
f 2657/58/1 2814/57/1 2667/56/1
s 38
f 2815/57/4 2658/58/4 2668/56/4
s 155
f 2659/58/1 2820/57/1 2669/56/1
s 22
f 2821/57/4 2661/58/4 2670/56/4
s 39
f 2663/58/1 2822/57/1 2671/56/1
s 189
f 2808/57/2 2823/58/2 2822/56/2
s 27
f 2667/58/1 2828/57/1 2675/56/1
s 409
f 2829/55/5 2668/56/5 2676/57/5
s 410
f 2816/55/3 2815/56/3 2668/57/3
s 411
f 2830/57/4 2816/58/4 2829/56/4
s 412
f 2831/57/6 2829/58/6 2676/56/6
s 413
f 2677/55/5 2817/56/5 2832/57/5
s 414
f 2817/58/1 2833/57/1 2832/56/1
s 415
f 2669/55/3 2819/56/3 2817/57/3
s 416
f 2833/57/6 2677/58/6 2832/56/6
s 22
f 2835/57/4 2670/58/4 2678/56/4
s 39
f 2671/58/1 2836/57/1 2679/56/1
s 189
f 2822/57/2 2837/58/2 2836/56/2
s 417
f 2845/55/5 2829/56/5 2844/57/5
s 418
f 2829/58/1 2846/57/1 2844/56/1
s 419
f 2832/55/3 2830/56/3 2829/57/3
s 420
f 2847/57/4 2832/58/4 2845/56/4
s 155
f 2677/58/1 2848/57/1 2685/56/1
s 22
f 2849/57/4 2678/58/4 2689/56/4
s 190
f 2852/55/5 2680/56/5 2692/57/5
f 2693/55/5 2838/56/5 2852/57/5
s 206
f 2681/55/3 2839/56/3 2838/57/3
s 27
f 2683/58/1 2855/57/1 2695/56/1
s 417
f 2705/55/5 2684/56/5 2696/57/5
s 421
f 2844/55/3 2843/56/3 2684/57/3
s 422
f 2856/57/6 2705/58/6 2696/56/6
s 417
f 2709/55/5 2844/56/5 2705/57/5
s 420
f 2858/57/4 2845/58/4 2709/56/4
s 155
f 2685/58/1 2859/57/1 2697/56/1
s 22
f 2860/57/4 2689/58/4 2698/56/4
s 190
f 2863/55/5 2692/56/5 2701/57/5
s 189
f 2851/57/2 2865/58/2 2862/56/2
s 190
f 2702/55/5 2852/56/5 2863/57/5
s 189
f 2864/57/2 2866/58/2 2865/56/2
f 2853/57/2 2867/58/2 2866/56/2
s 36
f 2867/57/4 2694/58/4 2703/56/4
s 417
f 2708/55/5 2705/56/5 2707/57/5
s 423
f 2705/58/1 2870/57/1 2707/56/1
s 39
f 2700/58/1 2872/57/1 2712/56/1
s 189
f 2861/57/2 2873/58/2 2872/56/2
s 190
f 2714/55/5 2863/56/5 2731/57/5
s 27
f 2704/58/1 2876/57/1 2727/56/1
s 39
f 2712/58/1 2878/57/1 2729/56/1
s 189
f 2872/57/2 2879/58/2 2878/56/2
s 41
f 2878/57/6 2730/58/6 2729/56/6
s 189
f 2880/57/2 2882/58/2 2881/56/2
s 41
f 2881/57/6 2733/58/6 2743/56/6
s 28
f 2887/57/6 2738/58/6 2737/56/6
s 22
f 2889/57/4 2728/58/4 2739/56/4
s 28
f 2888/57/6 2739/58/6 2738/56/6
s 20
f 2751/55/3 2894/56/3 2750/57/3
s 196
f 2894/57/2 2897/58/2 2895/56/2
s 20
f 2752/55/3 2896/56/3 2751/57/3
s 196
f 2896/57/2 2899/58/2 2897/56/2
s 20
f 2755/55/3 2898/56/3 2752/57/3
s 196
f 2898/57/2 2901/58/2 2899/56/2
s 22
f 2901/57/4 2755/58/4 2756/56/4
s 196
f 2895/57/2 2905/58/2 2904/56/2
s 27
f 2757/58/1 2908/57/1 2774/56/1
s 196
f 2902/57/2 2909/58/2 2908/56/2
s 424
f 2777/55/5 2759/56/5 2775/57/5
s 196
f 2903/57/2 2910/58/2 2909/56/2
f 2904/57/2 2911/58/2 2910/56/2
s 197
f 2779/55/5 2761/56/5 2778/57/5
s 196
f 2905/57/2 2912/58/2 2911/56/2
s 425
f 2767/58/1 2914/57/1 2782/56/1
s 198
f 2769/55/3 2915/56/3 2767/57/3
s 199
f 2915/57/2 2917/58/2 2914/56/2
s 201
f 2914/57/6 2796/58/6 2782/56/6
s 27
f 2774/58/1 2920/57/1 2786/56/1
s 196
f 2908/57/2 2921/58/2 2920/56/2
f 2912/57/2 2925/58/2 2924/56/2
s 22
f 2925/57/4 2780/58/4 2792/56/4
s 426
f 2924/57/6 2792/58/6 2791/56/6
s 196
f 2922/57/2 2929/58/2 2928/56/2
s 427
f 2794/58/1 2931/57/1 2809/56/1
s 428
f 2797/55/3 2932/56/3 2794/57/3
s 429
f 2932/57/2 2934/58/2 2931/56/2
s 408
f 2931/57/6 2811/58/6 2809/56/6
s 428
f 2798/55/3 2933/56/3 2797/57/3
s 429
f 2933/57/2 2936/58/2 2934/56/2
s 430
f 2936/57/4 2798/58/4 2812/56/4
s 408
f 2934/57/6 2812/58/6 2811/56/6
s 27
f 2800/58/1 2937/57/1 2814/56/1
s 196
f 2926/57/2 2938/58/2 2937/56/2
s 202
f 2818/55/5 2801/56/5 2815/57/5
s 196
f 2927/57/2 2939/58/2 2938/56/2
f 2928/57/2 2940/58/2 2939/56/2
s 197
f 2820/55/5 2805/56/5 2819/57/5
s 196
f 2929/57/2 2941/58/2 2940/56/2
s 40
f 2812/58/1 2942/57/1 2826/56/1
s 431
f 2813/55/3 2936/56/3 2812/57/3
s 203
f 2936/57/2 2944/58/2 2942/56/2
s 36
f 2944/57/4 2813/58/4 2827/56/4
s 27
f 2814/58/1 2945/57/1 2828/56/1
s 196
f 2937/57/2 2946/58/2 2945/56/2
f 2938/57/2 2947/58/2 2946/56/2
s 432
f 2833/55/5 2818/56/5 2830/57/5
s 196
f 2939/57/2 2948/58/2 2947/56/2
s 27
f 2828/58/1 2952/57/1 2842/56/1
s 196
f 2945/57/2 2953/58/2 2952/56/2
s 433
f 2846/55/5 2831/56/5 2843/57/5
s 196
f 2946/57/2 2954/58/2 2953/56/2
f 2947/57/2 2955/58/2 2954/56/2
s 434
f 2837/58/1 2957/57/1 2851/56/1
s 206
f 2839/55/3 2958/56/3 2837/57/3
s 207
f 2958/57/2 2960/58/2 2957/56/2
s 209
f 2957/57/6 2864/58/6 2851/56/6
s 196
f 2954/57/2 2965/58/2 2964/56/2
s 435
f 2849/55/3 2956/56/3 2848/57/3
s 196
f 2956/57/2 2968/58/2 2966/56/2
s 22
f 2968/57/4 2849/58/4 2860/56/4
s 27
f 2855/58/1 2969/57/1 2868/56/1
s 196
f 2962/57/2 2970/58/2 2969/56/2
s 436
f 2870/55/5 2856/56/5 2869/57/5
s 196
f 2963/57/2 2971/58/2 2970/56/2
f 2965/57/2 2973/58/2 2972/56/2
s 437
f 2862/58/1 2975/57/1 2873/56/1
s 210
f 2865/55/3 2976/56/3 2862/57/3
s 211
f 2976/57/2 2978/58/2 2975/56/2
s 213
f 2975/57/6 2880/58/6 2873/56/6
s 27
f 2868/58/1 2981/57/1 2876/56/1
s 196
f 2969/57/2 2982/58/2 2981/56/2
f 2971/57/2 2984/58/2 2983/56/2
f 2972/57/2 2985/58/2 2984/56/2
f 2982/57/2 2989/58/2 2988/56/2
s 28
f 2988/57/6 2886/58/6 2885/56/6
s 196
f 2983/57/2 2990/58/2 2989/56/2
s 28
f 2989/57/6 2887/58/6 2886/56/6
s 196
f 2985/57/2 2992/58/2 2991/56/2
s 22
f 2992/57/4 2877/58/4 2889/56/4
s 28
f 2991/57/6 2889/58/6 2888/56/6
s 19
f 824/55/5 825/58/5 822/56/5
s 27
f 822/58/1 827/55/1 826/57/1
s 20
f 825/55/3 828/58/3 827/56/3
s 19
f 829/55/5 830/58/5 825/56/5
s 20
f 830/55/3 831/58/3 828/56/3
s 19
f 835/55/5 836/58/5 833/56/5
s 20
f 836/55/3 837/58/3 834/56/3
s 19
f 838/55/5 839/58/5 836/56/5
s 20
f 839/55/3 840/58/3 837/56/3
s 22
f 841/57/4 840/55/4 839/58/4
s 19
f 843/55/5 824/58/5 823/56/5
s 27
f 823/58/1 826/55/1 844/57/1
s 19
f 845/55/5 829/58/5 824/56/5
f 852/55/5 838/58/5 835/56/5
s 22
f 853/57/4 841/55/4 838/58/4
s 19
f 855/55/5 843/58/5 842/56/5
s 27
f 842/58/1 844/55/1 856/57/1
s 19
f 857/55/5 845/58/5 843/56/5
s 21
f 859/57/2 860/55/2 861/58/2
s 23
f 870/55/5 871/58/5 868/56/5
s 247
f 868/58/1 873/55/1 872/57/1
s 24
f 871/55/3 874/58/3 873/56/3
s 26
f 872/57/6 875/55/6 870/58/6
s 19
f 886/55/5 862/58/5 857/56/5
s 21
f 861/57/2 863/55/2 887/58/2
s 19
f 890/55/5 866/58/5 864/56/5
s 22
f 891/57/4 867/55/4 866/58/4
s 19
f 895/55/5 883/58/5 881/56/5
s 21
f 884/57/2 885/55/2 897/58/2
s 19
f 898/55/5 886/58/5 883/56/5
s 21
f 885/57/2 887/55/2 899/58/2
s 248
f 906/55/5 907/58/5 904/56/5
s 249
f 904/58/1 909/55/1 908/57/1
s 250
f 907/55/3 910/58/3 909/56/3
s 251
f 908/57/6 911/55/6 906/58/6
s 248
f 912/55/5 913/58/5 907/56/5
s 250
f 913/55/3 914/58/3 910/56/3
s 252
f 915/57/4 914/55/4 913/58/4
s 251
f 911/57/6 915/55/6 912/58/6
s 19
f 917/55/5 893/58/5 892/56/5
s 27
f 892/58/1 894/55/1 918/57/1
s 19
f 919/55/5 895/58/5 893/56/5
s 21
f 896/57/2 897/55/2 921/58/2
s 19
f 924/55/5 900/58/5 898/56/5
s 21
f 899/57/2 901/55/2 925/58/2
s 19
f 926/55/5 902/58/5 900/56/5
s 22
f 927/57/4 903/55/4 902/58/4
s 19
f 929/55/5 917/58/5 916/56/5
s 27
f 916/58/1 918/55/1 930/57/1
s 19
f 931/55/5 919/58/5 917/56/5
s 21
f 920/57/2 921/55/2 933/58/2
s 19
f 934/55/5 922/58/5 919/56/5
s 21
f 921/57/2 923/55/2 935/58/2
s 19
f 938/55/5 926/58/5 924/56/5
s 22
f 939/57/4 927/55/4 926/58/4
s 19
f 941/55/5 929/58/5 928/56/5
s 27
f 928/58/1 930/55/1 942/57/1
s 19
f 950/55/5 938/58/5 936/56/5
s 22
f 951/57/4 939/55/4 938/58/4
s 253
f 954/55/5 955/58/5 952/56/5
s 254
f 952/58/1 957/55/1 956/57/1
s 255
f 955/55/3 958/58/3 957/56/3
s 256
f 956/57/6 959/55/6 954/58/6
s 253
f 960/55/5 961/58/5 955/56/5
s 255
f 961/55/3 962/58/3 958/56/3
s 257
f 963/57/4 962/55/4 961/58/4
s 256
f 959/57/6 963/55/6 960/58/6
s 19
f 965/55/5 941/58/5 940/56/5
s 27
f 940/58/1 942/55/1 966/57/1
s 19
f 967/55/5 943/58/5 941/56/5
s 21
f 944/57/2 945/55/2 969/58/2
s 19
f 972/55/5 948/58/5 946/56/5
s 21
f 947/57/2 949/55/2 973/58/2
s 19
f 974/55/5 950/58/5 948/56/5
s 22
f 975/57/4 951/55/4 950/58/4
s 19
f 977/55/5 965/58/5 964/56/5
s 27
f 964/58/1 966/55/1 978/57/1
s 19
f 984/55/5 972/58/5 970/56/5
s 21
f 971/57/2 973/55/2 985/58/2
s 19
f 986/55/5 974/58/5 972/56/5
s 22
f 987/57/4 975/55/4 974/58/4
s 258
f 990/55/5 991/58/5 988/56/5
s 259
f 988/58/1 993/55/1 992/57/1
s 260
f 991/55/3 994/58/3 993/56/3
s 261
f 992/57/6 995/55/6 990/58/6
s 258
f 996/55/5 997/58/5 991/56/5
s 260
f 997/55/3 998/58/3 994/56/3
s 262
f 999/57/4 998/55/4 997/58/4
s 261
f 995/57/6 999/55/6 996/58/6
s 19
f 1003/55/5 979/58/5 977/56/5
s 21
f 980/57/2 981/55/2 1005/58/2
s 19
f 1006/55/5 982/58/5 979/56/5
s 21
f 981/57/2 983/55/2 1007/58/2
s 19
f 1008/55/5 984/58/5 982/56/5
s 21
f 983/57/2 985/55/2 1009/58/2
s 19
f 1010/55/5 986/58/5 984/56/5
s 22
f 1011/57/4 987/55/4 986/58/4
s 19
f 1013/55/5 1001/58/5 1000/56/5
s 27
f 1000/58/1 1002/55/1 1014/57/1
s 28
f 1014/57/6 1015/55/6 1013/58/6
s 19
f 1018/55/5 1006/58/5 1003/56/5
s 28
f 1017/57/6 1019/55/6 1018/58/6
s 27
f 827/58/1 1025/55/1 1024/57/1
s 20
f 828/55/3 1026/58/3 1025/56/3
f 831/55/3 1027/58/3 1026/56/3
f 840/55/3 1032/58/3 1029/56/3
s 22
f 1033/57/4 1032/55/4 840/58/4
s 34
f 873/55/5 1044/58/5 1042/56/5
s 39
f 1042/58/1 1046/55/1 1045/57/1
s 35
f 1044/55/3 1047/58/3 1046/56/3
s 34
f 878/55/5 1050/58/5 1048/56/5
s 35
f 1050/55/3 1051/58/3 1049/56/3
s 27
f 844/58/1 1034/55/1 1056/57/1
s 38
f 1057/57/4 1035/55/4 859/58/4
s 34
f 872/55/5 873/58/5 1043/56/5
s 39
f 1043/58/1 1045/55/1 1061/57/1
s 37
f 1063/57/2 1064/55/2 1065/58/2
s 34
f 914/55/5 879/58/5 875/56/5
s 37
f 1065/57/2 1067/55/2 1078/58/2
s 34
f 1079/55/5 1068/58/5 879/56/5
s 36
f 1080/57/4 1069/55/4 1068/58/4
s 27
f 882/58/1 1070/55/1 1081/57/1
s 38
f 1082/57/4 1071/55/4 884/58/4
s 33
f 889/58/1 1072/55/1 1083/57/1
s 22
f 1084/57/4 1073/55/4 891/58/4
s 37
f 1076/57/2 1077/55/2 1088/58/2
f 1077/57/2 1078/55/2 1089/58/2
s 251
f 1088/57/6 1089/55/6 915/58/6
s 34
f 1090/55/5 1079/58/5 914/56/5
s 36
f 1091/57/4 1080/55/4 1079/58/4
s 27
f 894/58/1 1081/55/1 1092/57/1
s 38
f 1093/57/4 1082/55/4 896/58/4
s 34
f 1097/55/5 908/58/5 1085/56/5
s 39
f 1085/58/1 1086/55/1 1098/57/1
s 34
f 1099/55/5 911/58/5 908/56/5
s 37
f 1087/57/2 1088/55/2 1101/58/2
s 263
f 1101/57/4 1088/55/4 911/58/4
s 27
f 918/58/1 1092/55/1 1106/57/1
s 38
f 1107/57/4 1093/55/4 920/58/4
s 33
f 925/58/1 1094/55/1 1108/57/1
s 22
f 1109/57/4 1095/55/4 927/58/4
s 34
f 957/55/5 1097/58/5 1096/56/5
s 39
f 1096/58/1 1098/55/1 1111/57/1
s 34
f 958/55/5 1099/58/5 1097/56/5
s 37
f 1100/57/2 1101/55/2 1113/58/2
s 263
f 1113/57/4 1101/55/4 1099/58/4
s 27
f 930/58/1 1106/55/1 1117/57/1
s 38
f 1118/57/4 1107/55/4 932/58/4
s 255
f 962/55/3 1115/58/3 1113/56/3
s 37
f 1113/57/2 1115/55/2 1125/58/2
s 34
f 1126/55/5 1114/58/5 962/56/5
s 36
f 1127/57/4 1116/55/4 1114/58/4
s 34
f 993/55/5 956/58/5 1121/56/5
s 39
f 1121/58/1 1122/55/1 1133/57/1
s 34
f 1137/55/5 1126/58/5 963/56/5
s 36
f 1138/57/4 1127/55/4 1126/58/4
s 27
f 966/58/1 1128/55/1 1139/57/1
s 38
f 1140/57/4 1129/55/4 968/58/4
s 33
f 973/58/1 1130/55/1 1141/57/1
s 22
f 1142/57/4 1131/55/4 975/58/4
s 27
f 978/58/1 1139/55/1 1150/57/1
s 38
f 1151/57/4 1140/55/4 980/58/4
s 33
f 985/58/1 1141/55/1 1152/57/1
s 22
f 1153/57/4 1142/55/4 987/58/4
s 27
f 1002/58/1 1150/55/1 1164/57/1
s 28
f 1164/57/6 1165/55/6 1015/58/6
s 61
f 1005/55/3 1166/58/3 1151/56/3
s 28
f 1165/57/6 1167/55/6 1017/58/6
s 61
f 1007/55/3 1168/58/3 1166/56/3
s 28
f 1167/57/6 1169/55/6 1019/58/6
s 61
f 1009/55/3 1152/58/3 1168/56/3
s 28
f 1169/57/6 1170/55/6 1021/58/6
s 22
f 1171/57/4 1153/55/4 1011/58/4
s 28
f 1170/57/6 1171/55/6 1023/58/6
s 27
f 1025/58/1 1173/55/1 1172/57/1
s 20
f 1026/55/3 1174/58/3 1173/56/3
f 1027/55/3 1175/58/3 1174/56/3
s 264
f 1176/57/6 1177/55/6 1037/58/6
s 20
f 1028/55/3 1178/58/3 1175/56/3
s 264
f 1177/57/6 1179/55/6 1030/58/6
s 20
f 1029/55/3 1180/58/3 1178/56/3
s 265
f 1049/55/5 1184/58/5 1183/56/5
s 266
f 1183/58/1 1186/55/1 1185/57/1
s 267
f 1184/55/3 1187/58/3 1186/56/3
s 268
f 1186/57/2 1187/55/2 1188/58/2
s 265
f 1051/55/5 1189/58/5 1184/56/5
s 267
f 1189/55/3 1190/58/3 1187/56/3
s 268
f 1187/57/2 1190/55/2 1191/58/2
s 269
f 1191/57/4 1190/55/4 1189/58/4
s 27
f 1024/58/1 1172/55/1 1192/57/1
s 38
f 1193/57/4 1176/55/4 1036/58/4
s 39
f 1046/58/1 1199/55/1 1198/57/1
s 35
f 1047/55/3 1185/58/3 1199/56/3
s 62
f 1200/57/6 1201/55/6 1064/58/6
f 1201/57/6 1202/55/6 1066/58/6
s 35
f 1054/55/3 1203/58/3 1191/56/3
s 36
f 1204/57/4 1203/55/4 1054/58/4
s 42
f 1058/55/5 1040/58/5 1039/56/5
s 43
f 1039/58/1 1194/55/1 1208/57/1
s 44
f 1194/57/2 1196/55/2 1209/58/2
s 51
f 1213/57/4 1200/55/4 1063/58/4
s 47
f 1224/55/5 1225/58/5 1221/56/5
s 48
f 1225/55/3 1226/58/3 1222/56/3
s 49
f 1222/57/2 1226/55/2 1227/58/2
s 270
f 1227/57/4 1226/55/4 1225/58/4
s 50
f 1223/57/6 1227/55/6 1224/58/6
s 27
f 1056/58/1 1205/55/1 1228/57/1
s 38
f 1229/57/4 1206/55/4 1057/58/4
s 42
f 1072/55/5 1058/58/5 1207/56/5
s 43
f 1207/58/1 1208/55/1 1231/57/1
s 44
f 1208/57/2 1209/55/2 1232/58/2
s 271
f 1231/57/6 1232/55/6 1072/58/6
s 45
f 1233/55/5 1210/58/5 1059/56/5
s 52
f 1235/57/2 1236/55/2 1237/58/2
s 45
f 1075/55/5 1061/58/5 1210/56/5
s 52
f 1236/57/2 1238/55/2 1239/58/2
s 40
f 1067/58/1 1214/55/1 1241/57/1
s 36
f 1242/57/4 1218/55/4 1069/58/4
s 27
f 1070/58/1 1228/55/1 1243/57/1
s 38
f 1244/57/4 1229/55/4 1071/58/4
s 33
f 1072/58/1 1232/55/1 1245/57/1
s 45
f 1246/55/5 1233/58/5 1073/56/5
s 52
f 1234/57/2 1237/55/2 1248/58/2
s 45
f 1086/55/5 1075/58/5 1233/56/5
s 52
f 1237/57/2 1239/55/2 1249/58/2
s 272
f 1248/57/6 1249/55/6 1086/58/6
s 51
f 1250/57/4 1240/55/4 1076/58/4
s 40
f 1078/58/1 1241/55/1 1251/57/1
s 36
f 1252/57/4 1242/55/4 1080/58/4
s 27
f 1081/58/1 1243/55/1 1253/57/1
s 38
f 1254/57/4 1244/55/4 1082/58/4
s 39
f 1086/58/1 1249/55/1 1259/57/1
s 51
f 1260/57/4 1250/55/4 1087/58/4
s 40
f 1089/58/1 1251/55/1 1261/57/1
s 36
f 1262/57/4 1252/55/4 1091/58/4
s 45
f 1266/55/5 1256/58/5 1095/56/5
s 52
f 1257/57/2 1258/55/2 1268/58/2
s 53
f 1268/57/4 1258/55/4 1256/58/4
s 40
f 1104/58/1 1261/55/1 1271/57/1
s 36
f 1272/57/4 1262/55/4 1105/58/4
s 27
f 1106/58/1 1263/55/1 1273/57/1
s 38
f 1274/57/4 1264/55/4 1107/58/4
s 40
f 1115/58/1 1271/55/1 1281/57/1
s 36
f 1282/57/4 1272/55/4 1116/58/4
s 27
f 1117/58/1 1273/55/1 1283/57/1
s 38
f 1284/57/4 1274/55/4 1118/58/4
s 45
f 1286/55/5 1276/58/5 1120/56/5
s 52
f 1277/57/2 1278/55/2 1288/58/2
s 27
f 1128/58/1 1283/55/1 1293/57/1
s 38
f 1294/57/4 1284/55/4 1129/58/4
s 33
f 1130/58/1 1285/55/1 1295/57/1
s 45
f 1296/55/5 1286/58/5 1131/56/5
s 74
f 1297/57/6 1298/55/6 1296/58/6
s 45
f 1144/55/5 1133/58/5 1286/56/5
s 74
f 1298/57/6 1299/55/6 1144/58/6
s 40
f 1136/58/1 1291/55/1 1301/57/1
s 27
f 1139/58/1 1293/55/1 1315/57/1
s 38
f 1316/57/4 1294/55/4 1140/58/4
s 33
f 1141/58/1 1295/55/1 1317/57/1
s 22
f 1318/57/4 1297/55/4 1142/58/4
s 39
f 1144/58/1 1299/55/1 1319/57/1
s 41
f 1319/57/6 1320/55/6 1157/58/6
s 60
f 1147/55/3 1301/58/3 1321/56/3
s 36
f 1322/57/4 1305/55/4 1149/58/4
s 41
f 1323/57/6 1322/55/6 1163/58/6
s 27
f 1150/58/1 1315/55/1 1324/57/1
s 28
f 1324/57/6 1325/55/6 1165/58/6
s 61
f 1152/55/3 1317/58/3 1328/56/3
s 28
f 1329/57/6 1330/55/6 1170/58/6
s 22
f 1331/57/4 1318/55/4 1153/58/4
s 28
f 1330/57/6 1331/55/6 1171/58/6
s 273
f 1333/55/5 1159/58/5 1157/56/5
s 274
f 1157/58/1 1320/55/1 1334/57/1
s 275
f 1320/57/2 1335/55/2 1336/58/2
s 276
f 1334/57/6 1336/55/6 1333/58/6
s 273
f 1337/55/5 1161/58/5 1159/56/5
s 275
f 1335/57/2 1323/55/2 1338/58/2
s 277
f 1338/57/4 1323/55/4 1161/58/4
s 276
f 1336/57/6 1338/55/6 1337/58/6
s 27
f 1173/58/1 1340/55/1 1339/57/1
s 20
f 1174/55/3 1341/58/3 1340/56/3
f 1178/55/3 1343/58/3 1342/56/3
f 1180/55/3 1344/58/3 1343/56/3
s 278
f 1345/57/6 1346/55/6 1195/58/6
s 20
f 1181/55/3 1347/58/3 1344/56/3
s 22
f 1348/57/4 1347/55/4 1181/58/4
s 27
f 1172/58/1 1339/55/1 1349/57/1
s 279
f 1350/55/5 1177/58/5 1176/56/5
s 280
f 1352/57/2 1353/55/2 1354/58/2
s 281
f 1351/57/6 1354/55/6 1350/58/6
s 279
f 1194/55/5 1179/58/5 1177/56/5
s 280
f 1353/57/2 1345/55/2 1355/58/2
s 282
f 1355/57/4 1345/55/4 1179/58/4
s 281
f 1354/57/6 1355/55/6 1194/58/6
s 283
f 1195/58/1 1346/55/1 1356/57/1
s 22
f 1357/57/4 1348/55/4 1182/58/4
s 39
f 1199/58/1 1359/55/1 1358/57/1
s 35
f 1185/55/3 1360/58/3 1359/56/3
f 1203/55/3 1366/58/3 1364/56/3
s 36
f 1367/57/4 1366/55/4 1203/58/4
s 27
f 1192/58/1 1349/55/1 1368/57/1
s 38
f 1369/57/4 1351/55/4 1193/58/4
s 283
f 1196/58/1 1356/55/1 1370/57/1
s 40
f 1202/58/1 1365/55/1 1376/57/1
s 36
f 1377/57/4 1367/55/4 1204/58/4
s 283
f 1209/58/1 1370/55/1 1380/57/1
s 22
f 1381/57/4 1372/55/4 1235/58/4
s 39
f 1238/58/1 1374/55/1 1382/57/1
s 51
f 1383/57/4 1375/55/4 1213/58/4
s 40
f 1214/58/1 1376/55/1 1384/57/1
s 69
f 1385/55/5 1219/58/5 1218/56/5
s 137
f 1219/55/3 1386/58/3 1377/56/3
s 70
f 1387/57/4 1386/55/4 1219/58/4
s 27
f 1228/58/1 1378/55/1 1388/57/1
s 64
f 1389/55/5 1390/58/5 1229/56/5
s 65
f 1390/55/3 1391/58/3 1379/56/3
s 66
f 1392/57/6 1393/55/6 1389/58/6
s 39
f 1239/58/1 1382/55/1 1398/57/1
s 51
f 1399/57/4 1383/55/4 1240/58/4
s 40
f 1241/58/1 1384/55/1 1400/57/1
s 69
f 1401/55/5 1385/58/5 1242/56/5
s 70
f 1402/57/4 1387/55/4 1385/58/4
s 22
f 1409/57/4 1397/55/4 1247/58/4
s 39
f 1249/58/1 1398/55/1 1410/57/1
s 51
f 1411/57/4 1399/55/4 1250/58/4
s 69
f 1413/55/5 1401/58/5 1252/56/5
s 70
f 1414/57/4 1402/55/4 1401/58/4
s 22
f 1420/57/4 1409/55/4 1257/58/4
s 40
f 1261/58/1 1412/55/1 1423/57/1
s 64
f 1427/55/5 1428/58/5 1264/56/5
s 107
f 1428/55/3 1429/58/3 1416/56/3
s 64
f 1430/55/5 1417/58/5 1428/56/5
s 107
f 1417/55/3 1418/58/3 1429/56/3
s 64
f 1275/55/5 1265/58/5 1417/56/5
s 22
f 1431/57/4 1420/55/4 1267/58/4
s 39
f 1269/58/1 1421/55/1 1432/57/1
s 51
f 1433/57/4 1422/55/4 1270/58/4
s 69
f 1435/55/5 1424/58/5 1272/56/5
s 70
f 1436/57/4 1425/55/4 1424/58/4
s 22
f 1446/57/4 1431/55/4 1277/58/4
s 39
f 1279/58/1 1432/55/1 1447/57/1
s 51
f 1448/57/4 1433/55/4 1280/58/4
s 40
f 1281/58/1 1434/55/1 1449/57/1
s 64
f 1453/55/5 1438/58/5 1284/56/5
s 71
f 1455/57/2 1440/55/2 1456/58/2
s 64
f 1295/55/5 1285/58/5 1439/56/5
s 71
f 1443/57/2 1445/55/2 1459/58/2
s 73
f 1288/55/3 1460/58/3 1446/56/3
s 74
f 1461/57/6 1462/55/6 1298/58/6
s 51
f 1464/57/4 1448/55/4 1290/58/4
s 40
f 1291/58/1 1449/55/1 1465/57/1
s 36
f 1466/57/4 1451/55/4 1292/58/4
s 64
f 1326/55/5 1453/58/5 1294/56/5
s 60
f 1321/55/3 1474/58/3 1464/56/3
s 41
f 1473/57/6 1475/55/6 1335/58/6
s 36
f 1477/57/4 1466/55/4 1305/58/4
s 41
f 1476/57/6 1477/55/6 1322/58/6
s 28
f 1481/57/6 1482/55/6 1330/58/6
s 22
f 1483/57/4 1471/55/4 1318/58/4
s 28
f 1482/57/6 1483/55/6 1331/58/6
s 27
f 1340/58/1 1485/55/1 1484/57/1
s 20
f 1341/55/3 1486/58/3 1485/56/3
f 1342/55/3 1487/58/3 1486/56/3
s 284
f 1488/57/6 1489/55/6 1353/58/6
s 20
f 1343/55/3 1490/58/3 1487/56/3
s 284
f 1489/57/6 1491/55/6 1345/58/6
s 20
f 1344/55/3 1492/58/3 1490/56/3
f 1347/55/3 1493/58/3 1492/56/3
s 22
f 1494/57/4 1493/55/4 1347/58/4
s 75
f 1364/55/5 1501/58/5 1496/56/5
s 77
f 1501/55/3 1502/58/3 1499/56/3
s 78
f 1499/57/2 1502/55/2 1503/58/2
s 285
f 1503/57/4 1502/55/4 1501/58/4
s 27
f 1339/58/1 1484/55/1 1504/57/1
s 38
f 1505/57/4 1488/55/4 1352/58/4
s 286
f 1356/55/5 1346/58/5 1345/56/5
s 287
f 1345/58/1 1491/55/1 1506/57/1
s 288
f 1491/57/2 1507/55/2 1508/58/2
s 22
f 1509/57/4 1494/55/4 1348/58/4
s 78
f 1500/57/2 1503/55/2 1514/58/2
s 62
f 1513/57/6 1514/55/6 1365/58/6
s 35
f 1366/55/3 1515/58/3 1503/56/3
s 36
f 1516/57/4 1515/55/4 1366/58/4
s 27
f 1349/58/1 1504/55/1 1517/57/1
s 38
f 1518/57/4 1505/55/4 1351/58/4
s 286
f 1370/55/5 1356/58/5 1355/56/5
s 287
f 1355/58/1 1506/55/1 1520/57/1
s 288
f 1506/57/2 1508/55/2 1521/58/2
s 46
f 1358/55/3 1510/58/3 1522/56/3
s 63
f 1524/57/6 1525/55/6 1374/58/6
s 51
f 1526/57/4 1512/55/4 1362/58/4
s 40
f 1365/58/1 1514/55/1 1527/57/1
s 36
f 1528/57/4 1516/55/4 1367/58/4
s 27
f 1368/58/1 1517/55/1 1529/57/1
s 38
f 1530/57/4 1518/55/4 1369/58/4
s 286
f 1380/55/5 1370/58/5 1519/56/5
s 287
f 1519/58/1 1520/55/1 1531/57/1
s 288
f 1520/57/2 1521/55/2 1532/58/2
s 22
f 1533/57/4 1523/55/4 1372/58/4
s 40
f 1376/58/1 1527/55/1 1536/57/1
s 137
f 1386/55/3 1537/58/3 1528/56/3
s 70
f 1538/57/4 1537/55/4 1386/58/4
s 27
f 1378/58/1 1529/55/1 1539/57/1
s 65
f 1395/55/3 1531/58/3 1540/56/3
s 66
f 1542/57/6 1543/55/6 1396/58/6
s 80
f 1398/55/5 1382/58/5 1546/56/5
s 81
f 1382/55/3 1534/58/3 1547/56/3
s 83
f 1554/55/5 1555/58/5 1552/56/5
s 84
f 1555/55/3 1556/58/3 1553/56/3
s 289
f 1553/57/2 1556/55/2 1558/58/2
s 290
f 1558/57/4 1556/55/4 1555/58/4
s 291
f 1557/57/6 1558/55/6 1554/58/6
s 27
f 1388/58/1 1539/55/1 1559/57/1
s 38
f 1560/57/4 1541/55/4 1392/58/4
s 80
f 1410/55/5 1398/58/5 1545/56/5
s 86
f 1565/57/2 1567/55/2 1568/58/2
s 83
f 1573/55/5 1551/58/5 1402/56/5
s 89
f 1574/57/4 1557/55/4 1551/58/4
s 85
f 1408/58/1 1561/55/1 1577/57/1
s 86
f 1561/57/2 1563/55/2 1578/58/2
s 80
f 1421/55/5 1410/58/5 1564/56/5
s 86
f 1566/57/2 1568/55/2 1581/58/2
s 27
f 1415/58/1 1575/55/1 1587/57/1
s 107
f 1429/55/3 1588/58/3 1576/56/3
f 1418/55/3 1589/58/3 1588/56/3
s 292
f 1590/57/6 1591/55/6 1442/58/6
s 107
f 1419/55/3 1577/58/3 1589/56/3
s 292
f 1591/57/6 1592/55/6 1444/58/6
s 40
f 1423/58/1 1583/55/1 1597/57/1
s 82
f 1583/57/2 1584/55/2 1598/58/2
s 83
f 1602/55/5 1603/58/5 1585/56/5
s 293
f 1603/55/3 1604/58/3 1586/56/3
s 294
f 1586/57/2 1604/55/2 1605/58/2
s 295
f 1605/57/4 1604/55/4 1603/58/4
s 91
f 1601/57/6 1605/55/6 1602/58/6
s 95
f 1444/58/1 1592/55/1 1609/57/1
s 22
f 1610/57/4 1594/55/4 1431/58/4
s 27
f 1437/58/1 1606/55/1 1617/57/1
s 296
f 1618/57/4 1608/55/4 1455/58/4
s 73
f 1460/55/3 1620/58/3 1610/56/3
s 74
f 1621/57/6 1622/55/6 1462/58/6
s 27
f 1452/58/1 1617/55/1 1627/57/1
s 297
f 1456/55/3 1628/58/3 1618/56/3
s 95
f 1459/58/1 1619/55/1 1629/57/1
s 22
f 1630/57/4 1621/55/4 1461/58/4
s 39
f 1463/58/1 1623/55/1 1631/57/1
s 41
f 1631/57/6 1632/55/6 1473/58/6
s 27
f 1467/58/1 1627/55/1 1637/57/1
s 28
f 1637/57/6 1638/55/6 1479/58/6
f 1638/57/6 1639/55/6 1480/58/6
s 298
f 1469/55/3 1641/58/3 1640/56/3
s 28
f 1639/57/6 1642/55/6 1481/58/6
s 298
f 1470/55/3 1629/58/3 1641/56/3
s 28
f 1642/57/6 1643/55/6 1482/58/6
s 97
f 1649/55/5 1476/58/5 1475/56/5
s 96
f 1634/57/2 1635/55/2 1650/58/2
s 299
f 1650/57/4 1635/55/4 1476/58/4
s 99
f 1648/57/6 1650/55/6 1649/58/6
s 27
f 1485/58/1 1652/55/1 1651/57/1
s 20
f 1486/55/3 1653/58/3 1652/56/3
f 1487/55/3 1654/58/3 1653/56/3
f 1492/55/3 1656/58/3 1655/56/3
s 300
f 1657/57/6 1658/55/6 1507/58/6
s 301
f 1667/55/5 1489/58/5 1488/56/5
s 302
f 1669/57/2 1670/55/2 1671/58/2
s 303
f 1668/57/6 1671/55/6 1667/58/6
s 301
f 1506/55/5 1491/58/5 1489/56/5
s 302
f 1670/57/2 1657/55/2 1672/58/2
s 304
f 1672/57/4 1657/55/4 1491/58/4
s 303
f 1671/57/6 1672/55/6 1506/58/6
s 40
f 1503/58/1 1662/55/1 1681/57/1
s 36
f 1682/57/4 1665/55/4 1515/58/4
s 46
f 1510/55/3 1675/58/3 1686/56/3
s 63
f 1688/57/6 1689/55/6 1525/58/6
s 40
f 1514/58/1 1681/55/1 1691/57/1
s 36
f 1692/57/4 1682/55/4 1516/58/4
s 27
f 1517/58/1 1683/55/1 1693/57/1
s 38
f 1694/57/4 1684/55/4 1518/58/4
s 40
f 1527/58/1 1691/55/1 1699/57/1
s 120
f 1699/57/6 1700/55/6 1549/58/6
s 137
f 1537/55/3 1701/58/3 1692/56/3
s 70
f 1702/57/4 1701/55/4 1537/58/4
s 27
f 1529/58/1 1693/55/1 1703/57/1
s 65
f 1540/55/3 1704/58/3 1694/56/3
s 305
f 1694/57/2 1704/55/2 1706/58/2
s 66
f 1705/57/6 1706/55/6 1542/58/6
s 65
f 1532/55/3 1695/58/3 1707/56/3
s 66
f 1708/57/6 1709/55/6 1544/58/6
f 1709/57/6 1710/55/6 1562/58/6
s 81
f 1547/55/3 1711/58/3 1696/56/3
s 66
f 1710/57/6 1712/55/6 1565/58/6
s 84
f 1553/55/3 1714/58/3 1702/56/3
s 89
f 1715/57/4 1714/55/4 1553/58/4
s 27
f 1539/58/1 1703/55/1 1716/57/1
s 105
f 1550/58/1 1713/55/1 1717/57/1
s 106
f 1713/57/2 1718/55/2 1719/58/2
s 89
f 1720/57/4 1715/55/4 1557/58/4
f 1724/57/4 1720/55/4 1574/58/4
s 107
f 1588/55/3 1727/58/3 1726/56/3
f 1589/55/3 1728/58/3 1727/56/3
s 292
f 1729/57/6 1730/55/6 1591/58/6
s 107
f 1577/55/3 1731/58/3 1728/56/3
s 292
f 1730/57/6 1732/55/6 1592/58/6
s 107
f 1578/55/3 1733/58/3 1731/56/3
s 89
f 1738/57/4 1724/55/4 1586/58/4
s 91
f 1739/57/6 1738/55/6 1601/58/6
s 92
f 1741/57/4 1729/55/4 1590/58/4
s 93
f 1742/57/6 1741/55/6 1607/58/6
s 95
f 1592/58/1 1732/55/1 1743/57/1
s 22
f 1744/57/4 1735/55/4 1594/58/4
s 27
f 1606/58/1 1740/55/1 1753/57/1
s 296
f 1754/57/4 1742/55/4 1608/58/4
s 95
f 1609/58/1 1743/55/1 1755/57/1
s 73
f 1620/55/3 1756/58/3 1744/56/3
s 74
f 1757/57/6 1758/55/6 1622/58/6
s 40
f 1614/58/1 1749/55/1 1761/57/1
s 36
f 1762/57/4 1752/55/4 1616/58/4
s 111
f 1628/55/3 1764/58/3 1754/56/3
s 306
f 1641/55/5 1765/58/5 1628/56/5
s 111
f 1765/55/3 1766/58/3 1764/56/3
s 307
f 1767/57/4 1766/55/4 1765/58/4
s 95
f 1619/58/1 1755/55/1 1768/57/1
s 22
f 1769/57/4 1757/55/4 1621/58/4
s 39
f 1623/58/1 1759/55/1 1770/57/1
s 41
f 1770/57/6 1771/55/6 1632/58/6
s 60
f 1633/55/3 1772/58/3 1760/56/3
s 308
f 1773/57/4 1772/55/4 1633/58/4
s 41
f 1771/57/6 1773/55/6 1634/58/6
s 40
f 1625/58/1 1761/55/1 1774/57/1
s 36
f 1775/57/4 1762/55/4 1626/58/4
s 28
f 1777/57/6 1778/55/6 1639/58/6
f 1778/57/6 1779/55/6 1642/58/6
s 298
f 1629/55/3 1768/58/3 1767/56/3
s 28
f 1779/57/6 1780/55/6 1643/58/6
s 22
f 1781/57/4 1769/55/4 1630/58/4
s 28
f 1780/57/6 1781/55/6 1644/58/6
s 309
f 1782/55/5 1636/58/5 1635/56/5
s 40
f 1635/58/1 1774/55/1 1783/57/1
s 310
f 1774/57/2 1775/55/2 1784/58/2
s 36
f 1784/57/4 1775/55/4 1636/58/4
s 311
f 1783/57/6 1784/55/6 1782/58/6
s 27
f 1652/58/1 1786/55/1 1785/57/1
s 20
f 1653/55/3 1787/58/3 1786/56/3
f 1654/55/3 1788/58/3 1787/56/3
s 109
f 1789/57/6 1790/55/6 1670/58/6
s 20
f 1656/55/3 1793/58/3 1791/56/3
f 1659/55/3 1794/58/3 1793/56/3
s 22
f 1795/57/4 1794/55/4 1659/58/4
s 312
f 1678/55/5 1797/58/5 1796/56/5
s 313
f 1796/58/1 1799/55/1 1798/57/1
s 314
f 1797/55/3 1800/58/3 1799/56/3
s 315
f 1799/57/2 1800/55/2 1801/58/2
s 312
f 1662/55/5 1663/58/5 1797/56/5
s 314
f 1663/55/3 1802/58/3 1800/56/3
s 315
f 1800/57/2 1802/55/2 1803/58/2
s 316
f 1803/57/4 1802/55/4 1663/58/4
s 27
f 1651/58/1 1785/55/1 1804/57/1
s 38
f 1805/57/4 1789/55/4 1669/58/4
s 317
f 1673/55/5 1658/58/5 1657/56/5
s 318
f 1657/58/1 1792/55/1 1806/57/1
s 319
f 1792/57/2 1807/55/2 1808/58/2
s 22
f 1809/57/4 1795/55/4 1660/58/4
s 39
f 1676/58/1 1811/55/1 1810/57/1
s 35
f 1677/55/3 1798/58/3 1811/56/3
s 62
f 1812/57/6 1813/55/6 1679/58/6
s 312
f 1681/55/5 1662/58/5 1678/56/5
s 62
f 1813/57/6 1814/55/6 1681/58/6
s 35
f 1665/55/3 1815/58/3 1803/56/3
s 36
f 1816/57/4 1815/55/4 1665/58/4
s 27
f 1666/58/1 1804/55/1 1817/57/1
s 38
f 1818/57/4 1805/55/4 1668/58/4
s 317
f 1685/55/5 1673/58/5 1672/56/5
s 318
f 1672/58/1 1806/55/1 1820/57/1
s 319
f 1806/57/2 1808/55/2 1821/58/2
s 46
f 1686/55/3 1822/58/3 1809/56/3
s 63
f 1823/57/6 1824/55/6 1688/58/6
s 46
f 1675/55/3 1810/58/3 1822/56/3
s 63
f 1824/57/6 1825/55/6 1689/58/6
s 51
f 1826/57/4 1812/55/4 1680/58/4
s 27
f 1683/58/1 1817/55/1 1829/57/1
s 38
f 1830/57/4 1818/55/4 1684/58/4
s 317
f 1695/55/5 1685/58/5 1819/56/5
s 318
f 1819/58/1 1820/55/1 1831/57/1
s 319
f 1820/57/2 1821/55/2 1832/58/2
s 22
f 1833/57/4 1823/55/4 1687/58/4
s 40
f 1691/58/1 1827/55/1 1836/57/1
s 120
f 1836/57/6 1837/55/6 1700/58/6
s 137
f 1701/55/3 1838/58/3 1828/56/3
s 70
f 1839/57/4 1838/55/4 1701/58/4
s 27
f 1693/58/1 1829/55/1 1840/57/1
s 38
f 1841/57/4 1830/55/4 1694/58/4
s 66
f 1844/57/6 1845/55/6 1709/58/6
s 105
f 1700/58/1 1837/55/1 1847/57/1
s 139
f 1847/57/6 1848/55/6 1718/58/6
s 84
f 1714/55/3 1849/58/3 1839/56/3
s 89
f 1850/57/4 1849/55/4 1714/58/4
s 27
f 1703/58/1 1840/55/1 1851/57/1
s 320
f 1706/55/3 1842/58/3 1841/56/3
s 321
f 1841/57/2 1842/55/2 1853/58/2
s 123
f 1718/58/1 1848/55/1 1854/57/1
s 27
f 1716/58/1 1851/55/1 1855/57/1
s 123
f 1719/58/1 1854/55/1 1856/57/1
s 27
f 1721/58/1 1855/55/1 1857/57/1
s 107
f 1728/55/3 1859/58/3 1858/56/3
s 292
f 1860/57/6 1861/55/6 1730/58/6
s 107
f 1731/55/3 1862/58/3 1859/56/3
s 292
f 1861/57/6 1863/55/6 1732/58/6
s 105
f 1722/58/1 1866/55/1 1865/57/1
s 322
f 1723/55/3 1856/58/3 1866/56/3
s 27
f 1725/58/1 1857/55/1 1870/57/1
s 92
f 1871/57/4 1860/55/4 1729/58/4
s 93
f 1872/57/6 1871/55/6 1741/58/6
s 95
f 1732/58/1 1863/55/1 1873/57/1
s 22
f 1874/57/4 1875/55/4 1735/58/4
s 40
f 1750/58/1 1881/55/1 1880/57/1
s 108
f 1737/55/3 1865/58/3 1881/56/3
s 70
f 1882/57/4 1869/55/4 1739/58/4
s 72
f 1883/57/6 1882/55/6 1751/58/6
s 27
f 1740/58/1 1870/55/1 1884/57/1
s 296
f 1885/57/4 1872/55/4 1742/58/4
s 95
f 1743/58/1 1873/55/1 1890/57/1
s 51
f 1895/57/4 1879/55/4 1748/58/4
s 22
f 1899/57/4 1892/55/4 1757/58/4
s 112
f 1774/55/5 1761/58/5 1772/56/5
s 60
f 1761/55/3 1896/58/3 1902/56/3
s 36
f 1903/57/4 1897/55/4 1762/58/4
s 41
f 1904/57/6 1903/55/6 1775/58/6
s 27
f 1763/58/1 1898/55/1 1905/57/1
s 28
f 1905/57/6 1906/55/6 1777/58/6
f 1906/57/6 1907/55/6 1778/58/6
s 22
f 1910/57/4 1899/55/4 1769/58/4
s 28
f 1909/57/6 1910/55/6 1781/58/6
s 112
f 1912/55/5 1773/58/5 1771/56/5
s 323
f 1771/58/1 1901/55/1 1913/57/1
s 113
f 1901/57/2 1914/55/2 1915/58/2
s 115
f 1913/57/6 1915/55/6 1912/58/6
s 27
f 1786/58/1 1918/55/1 1917/57/1
s 20
f 1787/55/3 1919/58/3 1918/56/3
f 1788/55/3 1920/58/3 1919/56/3
f 1794/55/3 1925/58/3 1922/56/3
s 22
f 1926/57/4 1925/55/4 1794/58/4
s 27
f 1785/58/1 1917/55/1 1927/57/1
s 117
f 1806/55/5 1792/58/5 1790/56/5
s 118
f 1931/57/2 1923/55/2 1933/58/2
s 324
f 1933/57/4 1923/55/4 1792/58/4
s 119
f 1932/57/6 1933/55/6 1806/58/6
s 325
f 1807/58/1 1924/55/1 1934/57/1
s 22
f 1935/57/4 1926/55/4 1795/58/4
s 39
f 1811/58/1 1937/55/1 1936/57/1
s 35
f 1798/55/3 1938/58/3 1937/56/3
f 1801/55/3 1939/58/3 1938/56/3
s 62
f 1940/57/6 1941/55/6 1813/58/6
s 35
f 1803/55/3 1942/58/3 1939/56/3
s 62
f 1941/57/6 1943/55/6 1814/58/6
s 27
f 1804/58/1 1927/55/1 1946/57/1
s 38
f 1947/57/4 1929/55/4 1805/58/4
s 325
f 1808/58/1 1934/55/1 1948/57/1
s 46
f 1822/55/3 1949/58/3 1935/56/3
s 63
f 1950/57/6 1951/55/6 1824/58/6
s 46
f 1810/55/3 1936/58/3 1949/56/3
s 63
f 1951/57/6 1952/55/6 1825/58/6
s 51
f 1953/57/4 1940/55/4 1812/58/4
s 325
f 1821/58/1 1948/55/1 1958/57/1
s 22
f 1959/57/4 1950/55/4 1823/58/4
s 137
f 1838/55/3 1964/58/3 1955/56/3
s 70
f 1965/57/4 1964/55/4 1838/58/4
s 27
f 1829/58/1 1956/55/1 1966/57/1
s 326
f 1842/55/5 1843/58/5 1830/56/5
s 65
f 1843/55/3 1967/58/3 1957/56/3
s 138
f 1968/57/6 1969/55/6 1842/58/6
s 65
f 1831/55/3 1970/58/3 1967/56/3
s 22
f 1973/57/4 1959/55/4 1833/58/4
s 66
f 1972/57/6 1973/55/6 1846/58/6
s 105
f 1837/58/1 1963/55/1 1974/57/1
s 139
f 1974/57/6 1975/55/6 1848/58/6
s 27
f 1851/58/1 1978/55/1 1986/57/1
s 327
f 1853/55/3 1980/58/3 1979/56/3
s 123
f 1854/58/1 1981/55/1 1987/57/1
s 27
f 1855/58/1 1986/55/1 1991/57/1
s 107
f 1862/55/3 1993/58/3 1992/56/3
s 105
f 1866/58/1 1997/55/1 1996/57/1
s 322
f 1856/55/3 1987/58/3 1997/56/3
s 328
f 1888/55/5 1861/58/5 1860/56/5
f 1873/55/5 1863/58/5 1861/56/5
s 22
f 2005/57/4 1995/55/4 1875/58/4
s 39
f 1877/58/1 2007/55/1 2006/57/1
s 94
f 1878/55/3 2008/58/3 2007/56/3
s 51
f 2009/57/4 2008/55/4 1878/58/4
s 40
f 1881/58/1 2011/55/1 2010/57/1
s 108
f 1865/55/3 1996/58/3 2011/56/3
s 329
f 1887/55/5 1871/58/5 1872/56/5
s 127
f 2001/57/2 2004/55/2 2016/58/2
s 328
f 1890/55/5 1873/58/5 1888/56/5
s 73
f 1876/55/3 2006/58/3 2017/56/3
s 74
f 2019/57/6 2020/55/6 1894/58/6
s 22
f 2025/57/4 2018/55/4 1892/58/4
s 39
f 1894/58/1 2020/55/1 2026/57/1
s 41
f 2026/57/6 2027/55/6 1901/58/6
s 60
f 1902/55/3 2028/58/3 2021/56/3
s 41
f 2027/57/6 2029/55/6 1914/58/6
s 60
f 1896/55/3 2022/58/3 2028/56/3
s 41
f 2029/57/6 2030/55/6 1904/58/6
s 36
f 2031/57/4 2023/55/4 1897/58/4
s 41
f 2030/57/6 2031/55/6 1903/58/6
s 27
f 1898/58/1 2024/55/1 2032/57/1
s 28
f 2032/57/6 2033/55/6 1906/58/6
f 2033/57/6 2034/55/6 1907/58/6
f 2035/57/6 2036/55/6 1909/58/6
s 22
f 2037/57/4 2025/55/4 1899/58/4
s 28
f 2036/57/6 2037/55/6 1910/58/6
s 20
f 1920/55/3 2041/58/3 2040/56/3
s 128
f 2042/57/6 2043/55/6 1931/58/6
s 20
f 1922/55/3 2046/58/3 2044/56/3
f 1925/55/3 2047/58/3 2046/56/3
s 22
f 2048/57/4 2047/55/4 1925/58/4
s 134
f 1934/55/5 1924/58/5 1923/56/5
s 135
f 1923/58/1 2045/55/1 2060/57/1
s 136
f 2045/57/2 2061/55/2 2062/58/2
s 22
f 2063/57/4 2048/55/4 1926/58/4
s 35
f 1944/55/3 2069/58/3 2057/56/3
s 36
f 2070/57/4 2069/55/4 1944/58/4
s 27
f 1927/58/1 2058/55/1 2071/57/1
s 38
f 2072/57/4 2059/55/4 1929/58/4
s 46
f 1949/55/3 2076/58/3 2063/56/3
s 63
f 2077/57/6 2078/55/6 1951/58/6
s 46
f 1936/55/3 2064/58/3 2076/56/3
s 63
f 2078/57/6 2079/55/6 1952/58/6
s 51
f 2080/57/4 2066/55/4 1940/58/4
s 40
f 1943/58/1 2068/55/1 2081/57/1
s 36
f 2082/57/4 2070/55/4 1945/58/4
s 134
f 1958/55/5 1948/58/5 2073/56/5
s 135
f 2073/58/1 2074/55/1 2085/57/1
s 136
f 2074/57/2 2075/55/2 2086/58/2
s 40
f 1954/58/1 2081/55/1 2090/57/1
s 120
f 2090/57/6 2091/55/6 1963/58/6
s 27
f 1956/58/1 2083/55/1 2094/57/1
s 65
f 1970/55/3 2085/58/3 2095/56/3
s 136
f 2095/57/2 2085/55/2 2098/58/2
f 2085/57/2 2086/55/2 2099/58/2
s 84
f 1976/55/3 2103/58/3 2093/56/3
s 121
f 2104/57/4 2103/55/4 1976/58/4
s 122
f 1969/58/1 2097/55/1 2107/57/1
s 123
f 1975/58/1 2102/55/1 2108/57/1
s 327
f 1980/55/3 2107/58/3 2106/56/3
s 330
f 2107/57/2 2111/55/2 2112/58/2
f 2111/57/2 2113/55/2 2114/58/2
s 123
f 1981/58/1 2108/55/1 2115/57/1
s 331
f 2118/57/2 2110/55/2 2119/58/2
s 332
f 2117/57/6 2119/55/6 2003/58/6
s 107
f 1994/55/3 2120/58/3 2114/56/3
s 22
f 2121/57/4 2120/55/4 1994/58/4
s 105
f 1997/58/1 2123/55/1 2122/57/1
s 322
f 1987/55/3 2115/58/3 2123/56/3
s 121
f 2124/57/4 2125/55/4 1990/58/4
s 91
f 2126/57/6 2124/55/6 1998/58/6
s 142
f 2130/57/2 2132/55/2 2133/58/2
s 22
f 2134/57/4 2121/55/4 1995/58/4
s 70
f 2141/57/4 2126/55/4 1999/58/4
s 72
f 2142/57/6 2141/55/6 2012/58/6
s 141
f 2004/58/1 2129/55/1 2145/57/1
s 142
f 2129/57/2 2131/55/2 2146/58/2
s 73
f 2006/55/3 2135/58/3 2147/56/3
s 74
f 2149/57/6 2150/55/6 2020/58/6
s 51
f 2151/57/4 2138/55/4 2009/58/4
s 27
f 2014/58/1 2143/55/1 2154/57/1
s 158
f 2016/55/3 2145/58/3 2144/56/3
s 22
f 2155/57/4 2148/55/4 2018/58/4
s 39
f 2020/58/1 2150/55/1 2156/57/1
s 41
f 2156/57/6 2157/55/6 2027/58/6
s 60
f 2028/55/3 2158/58/3 2151/56/3
f 2022/55/3 2152/58/3 2158/56/3
s 333
f 2158/57/2 2152/55/2 2160/58/2
s 36
f 2161/57/4 2153/55/4 2023/58/4
s 41
f 2160/57/6 2161/55/6 2031/58/6
s 27
f 2024/58/1 2154/55/1 2162/57/1
s 28
f 2162/57/6 2163/55/6 2033/58/6
f 2164/57/6 2165/55/6 2035/58/6
f 2165/57/6 2166/55/6 2036/58/6
s 22
f 2167/57/4 2155/55/4 2025/58/4
s 28
f 2166/57/6 2167/55/6 2037/58/6
s 334
f 2169/55/5 2029/58/5 2027/56/5
s 335
f 2027/58/1 2157/55/1 2170/57/1
s 333
f 2157/57/2 2159/55/2 2171/58/2
s 336
f 2170/57/6 2171/55/6 2169/58/6
s 334
f 2172/55/5 2030/58/5 2029/56/5
s 333
f 2159/57/2 2160/55/2 2173/58/2
s 337
f 2173/57/4 2160/55/4 2030/58/4
s 336
f 2171/57/6 2173/55/6 2172/58/6
s 27
f 2039/58/1 2175/55/1 2174/57/1
s 20
f 2040/55/3 2176/58/3 2175/56/3
f 2044/55/3 2178/58/3 2177/56/3
s 147
f 2190/55/5 2043/58/5 2042/56/5
s 148
f 2192/57/2 2193/55/2 2194/58/2
s 150
f 2191/57/6 2194/55/6 2190/58/6
s 155
f 2061/58/1 2181/55/1 2196/57/1
s 22
f 2197/57/4 2183/55/4 2048/58/4
s 39
f 2065/58/1 2199/55/1 2198/57/1
s 35
f 2051/55/3 2200/58/3 2199/56/3
s 27
f 2058/58/1 2189/55/1 2206/57/1
s 38
f 2207/57/4 2191/55/4 2059/58/4
s 155
f 2062/58/1 2196/55/1 2208/57/1
s 46
f 2064/55/3 2198/58/3 2209/56/3
s 63
f 2211/57/6 2212/55/6 2079/58/6
s 51
f 2213/57/4 2203/55/4 2066/58/4
s 40
f 2068/58/1 2204/55/1 2214/57/1
s 36
f 2215/57/4 2205/55/4 2070/58/4
s 27
f 2071/58/1 2206/55/1 2216/57/1
s 38
f 2217/57/4 2207/55/4 2072/58/4
s 155
f 2075/58/1 2208/55/1 2218/57/1
s 22
f 2219/57/4 2210/55/4 2077/58/4
s 39
f 2079/58/1 2212/55/1 2220/57/1
s 51
f 2221/57/4 2213/55/4 2080/58/4
s 40
f 2081/58/1 2214/55/1 2222/57/1
s 120
f 2222/57/6 2223/55/6 2091/58/6
s 27
f 2083/58/1 2216/55/1 2226/57/1
s 65
f 2095/55/3 2227/58/3 2217/56/3
s 338
f 2217/57/2 2227/55/2 2229/58/2
s 339
f 2229/57/4 2227/55/4 2095/58/4
s 138
f 2228/57/6 2229/55/6 2097/58/6
s 155
f 2086/58/1 2218/55/1 2230/57/1
s 22
f 2231/57/4 2219/55/4 2087/58/4
s 152
f 2233/55/5 2089/58/5 2088/56/5
s 39
f 2088/58/1 2220/55/1 2234/57/1
s 27
f 2094/58/1 2226/55/1 2238/57/1
s 38
f 2239/57/4 2228/55/4 2096/58/4
s 122
f 2097/58/1 2229/55/1 2240/57/1
s 340
f 2098/55/3 2241/58/3 2229/56/3
s 341
f 2229/57/2 2241/55/2 2242/58/2
s 342
f 2240/57/6 2242/55/6 2111/58/6
s 340
f 2099/55/3 2230/58/3 2241/56/3
s 341
f 2241/57/2 2230/55/2 2243/58/2
s 342
f 2242/57/6 2243/55/6 2113/58/6
s 22
f 2245/57/4 2231/55/4 2100/58/4
s 152
f 2247/55/5 2233/58/5 2232/56/5
s 39
f 2232/58/1 2234/55/1 2248/57/1
s 343
f 2108/55/5 2102/58/5 2101/56/5
s 105
f 2101/58/1 2235/55/1 2256/57/1
s 121
f 2258/57/4 2237/55/4 2104/58/4
s 27
f 2105/58/1 2238/55/1 2259/57/1
s 327
f 2107/55/3 2240/58/3 2239/56/3
s 344
f 2239/57/2 2240/55/2 2261/58/2
s 345
f 2261/57/4 2240/55/4 2107/58/4
s 346
f 2260/57/6 2261/55/6 2110/58/6
s 152
f 2265/55/5 2247/58/5 2246/56/5
s 39
f 2246/58/1 2248/55/1 2266/57/1
s 152
f 2267/55/5 2249/58/5 2247/56/5
s 153
f 2251/57/2 2254/55/2 2269/58/2
s 154
f 2269/57/4 2254/55/4 2249/58/4
s 343
f 2115/55/5 2108/58/5 2255/56/5
s 105
f 2255/58/1 2256/55/1 2270/57/1
s 121
f 2271/57/4 2258/55/4 2257/58/4
s 347
f 2110/58/1 2261/55/1 2274/57/1
s 348
f 2112/55/3 2275/58/3 2261/56/3
s 349
f 2261/57/2 2275/55/2 2276/58/2
s 350
f 2274/57/6 2276/55/6 2130/58/6
s 348
f 2114/55/3 2262/58/3 2275/56/3
s 349
f 2275/57/2 2262/55/2 2277/58/2
s 350
f 2276/57/6 2277/55/6 2132/58/6
s 22
f 2278/57/4 2263/55/4 2120/58/4
s 152
f 2137/55/5 2265/58/5 2264/56/5
s 39
f 2264/58/1 2266/55/1 2279/57/1
s 121
f 2281/57/4 2271/55/4 2125/58/4
s 91
f 2282/57/6 2281/55/6 2124/58/6
s 27
f 2116/58/1 2272/55/1 2283/57/1
s 351
f 2129/55/5 2119/58/5 2117/56/5
s 352
f 2119/55/3 2274/58/3 2273/56/3
s 353
f 2273/57/2 2274/55/2 2285/58/2
s 354
f 2285/57/4 2274/55/4 2119/58/4
s 355
f 2284/57/6 2285/55/6 2129/58/6
s 39
f 2136/58/1 2279/55/1 2288/57/1
s 51
f 2289/57/4 2290/55/4 2137/58/4
s 40
f 2140/58/1 2292/55/1 2291/57/1
s 108
f 2122/55/3 2280/58/3 2292/56/3
s 70
f 2293/57/4 2282/55/4 2126/58/4
s 72
f 2294/57/6 2293/55/6 2141/58/6
s 73
f 2147/55/3 2299/58/3 2287/56/3
s 74
f 2300/57/6 2301/55/6 2149/58/6
s 51
f 2303/57/4 2289/55/4 2138/58/4
s 40
f 2139/58/1 2291/55/1 2304/57/1
s 36
f 2305/57/4 2294/55/4 2142/58/4
s 27
f 2143/58/1 2295/55/1 2306/57/1
s 158
f 2146/55/3 2297/58/3 2307/56/3
s 22
f 2308/57/4 2300/55/4 2148/58/4
s 60
f 2158/55/3 2311/58/3 2303/56/3
s 356
f 2312/57/4 2311/55/4 2158/58/4
s 41
f 2310/57/6 2312/55/6 2159/58/6
s 28
f 2316/57/6 2317/55/6 2164/58/6
f 2318/57/6 2319/55/6 2166/58/6
s 357
f 2321/55/5 2161/58/5 2160/56/5
s 40
f 2160/58/1 2313/55/1 2322/57/1
s 358
f 2313/57/2 2314/55/2 2323/58/2
s 36
f 2323/57/4 2314/55/4 2161/58/4
s 359
f 2322/57/6 2323/55/6 2321/58/6
s 27
f 2175/58/1 2325/55/1 2324/57/1
s 20
f 2176/55/3 2326/58/3 2325/56/3
f 2177/55/3 2327/58/3 2326/56/3
s 360
f 2328/57/6 2329/55/6 2193/58/6
s 20
f 2178/55/3 2330/58/3 2327/56/3
s 360
f 2329/57/6 2331/55/6 2180/58/6
s 20
f 2182/55/3 2333/58/3 2332/56/3
s 22
f 2334/57/4 2333/55/4 2182/58/4
s 159
f 2185/55/5 2186/58/5 2336/56/5
s 161
f 2186/55/3 2341/58/3 2339/56/3
s 162
f 2339/57/2 2341/55/2 2342/58/2
s 361
f 2342/57/4 2341/55/4 2186/58/4
s 27
f 2174/58/1 2324/55/1 2343/57/1
s 38
f 2344/57/4 2328/55/4 2192/58/4
s 362
f 2196/55/5 2181/58/5 2180/56/5
s 363
f 2180/58/1 2331/55/1 2345/57/1
s 364
f 2331/57/2 2346/55/2 2347/58/2
s 39
f 2199/58/1 2350/55/1 2349/57/1
s 35
f 2200/55/3 2337/58/3 2350/56/3
s 62
f 2351/57/6 2352/55/6 2202/58/6
s 159
f 2204/55/5 2185/58/5 2201/56/5
s 62
f 2352/57/6 2353/55/6 2204/58/6
s 35
f 2188/55/3 2354/58/3 2342/56/3
s 36
f 2355/57/4 2354/55/4 2188/58/4
s 27
f 2189/58/1 2343/55/1 2356/57/1
s 38
f 2357/57/4 2344/55/4 2191/58/4
s 362
f 2208/55/5 2196/58/5 2195/56/5
s 363
f 2195/58/1 2345/55/1 2359/57/1
s 364
f 2345/57/2 2347/55/2 2360/58/2
s 46
f 2209/55/3 2361/58/3 2348/56/3
s 63
f 2362/57/6 2363/55/6 2211/58/6
s 46
f 2198/55/3 2349/58/3 2361/56/3
s 63
f 2363/57/6 2364/55/6 2212/58/6
s 51
f 2365/57/4 2351/55/4 2203/58/4
s 40
f 2204/58/1 2353/55/1 2366/57/1
s 36
f 2367/57/4 2355/55/4 2205/58/4
s 362
f 2218/55/5 2208/58/5 2358/56/5
s 363
f 2358/58/1 2359/55/1 2371/57/1
s 364
f 2359/57/2 2360/55/2 2372/58/2
s 365
f 2371/57/6 2372/55/6 2218/58/6
s 40
f 2214/58/1 2366/55/1 2376/57/1
s 137
f 2224/55/3 2377/58/3 2367/56/3
s 70
f 2378/57/4 2377/55/4 2224/58/4
s 155
f 2218/58/1 2372/55/1 2381/57/1
s 22
f 2382/57/4 2373/55/4 2219/58/4
s 39
f 2220/58/1 2374/55/1 2383/57/1
s 51
f 2384/57/4 2375/55/4 2221/58/4
s 163
f 2235/55/5 2223/58/5 2222/56/5
s 40
f 2222/58/1 2376/55/1 2386/57/1
s 84
f 2236/55/3 2387/58/3 2378/56/3
s 164
f 2378/57/2 2387/55/2 2389/58/2
s 366
f 2390/55/5 2391/58/5 2236/56/5
s 84
f 2391/55/3 2392/58/3 2387/56/3
s 164
f 2387/57/2 2392/55/2 2393/58/2
s 367
f 2393/57/4 2392/55/4 2391/58/4
s 368
f 2389/57/6 2393/55/6 2390/58/6
s 27
f 2226/58/1 2379/55/1 2394/57/1
s 38
f 2395/57/4 2380/55/4 2228/58/4
s 155
f 2230/58/1 2381/55/1 2396/57/1
s 22
f 2397/57/4 2382/55/4 2231/58/4
s 27
f 2238/58/1 2394/55/1 2404/57/1
s 38
f 2405/57/4 2395/55/4 2239/58/4
s 164
f 2402/57/2 2403/55/2 2413/58/2
s 121
f 2413/57/4 2403/55/4 2258/58/4
s 155
f 2262/58/1 2406/55/1 2416/57/1
s 22
f 2417/57/4 2407/55/4 2263/58/4
s 39
f 2266/58/1 2408/55/1 2418/57/1
s 51
f 2419/57/4 2409/55/4 2268/58/4
s 163
f 2280/55/5 2270/58/5 2410/56/5
s 40
f 2410/58/1 2411/55/1 2420/57/1
s 164
f 2412/57/2 2413/55/2 2422/58/2
s 91
f 2421/57/6 2422/55/6 2281/58/6
s 369
f 2423/55/5 2424/58/5 2271/56/5
s 370
f 2424/55/3 2425/58/3 2413/56/3
s 164
f 2413/57/2 2425/55/2 2426/58/2
s 371
f 2426/57/4 2425/55/4 2424/58/4
s 91
f 2422/57/6 2426/55/6 2423/58/6
s 27
f 2272/58/1 2414/55/1 2427/57/1
s 38
f 2428/57/4 2415/55/4 2273/58/4
s 155
f 2277/58/1 2416/55/1 2429/57/1
s 22
f 2430/57/4 2417/55/4 2278/58/4
s 39
f 2279/58/1 2418/55/1 2431/57/1
s 51
f 2432/57/4 2419/55/4 2290/58/4
s 372
f 2307/55/5 2285/58/5 2284/56/5
s 373
f 2285/55/3 2437/58/3 2428/56/3
s 374
f 2428/57/2 2437/55/2 2439/58/2
s 375
f 2439/57/4 2437/55/4 2285/58/4
s 73
f 2299/55/3 2442/58/3 2430/56/3
s 74
f 2443/57/6 2444/55/6 2301/58/6
s 73
f 2288/55/3 2431/58/3 2442/56/3
s 74
f 2444/57/6 2445/55/6 2302/58/6
s 40
f 2291/58/1 2433/55/1 2447/57/1
s 36
f 2448/57/4 2435/55/4 2294/58/4
s 22
f 2450/57/4 2443/55/4 2300/58/4
s 39
f 2302/58/1 2445/55/1 2451/57/1
s 41
f 2451/57/6 2452/55/6 2310/58/6
s 60
f 2311/55/3 2453/58/3 2446/56/3
s 165
f 2313/55/5 2304/58/5 2311/56/5
s 60
f 2304/55/3 2447/58/3 2453/56/3
s 27
f 2306/58/1 2449/55/1 2456/57/1
s 28
f 2456/57/6 2457/55/6 2316/58/6
f 2457/57/6 2458/55/6 2317/58/6
f 2458/57/6 2459/55/6 2318/58/6
f 2459/57/6 2460/55/6 2319/58/6
s 22
f 2461/57/4 2450/55/4 2308/58/4
s 28
f 2460/57/6 2461/55/6 2320/58/6
s 165
f 2463/55/5 2312/58/5 2310/56/5
s 376
f 2310/58/1 2452/55/1 2464/57/1
s 166
f 2452/57/2 2465/55/2 2466/58/2
s 168
f 2464/57/6 2466/55/6 2463/58/6
s 20
f 2332/55/3 2473/58/3 2472/56/3
s 377
f 2474/57/6 2475/55/6 2346/58/6
s 20
f 2333/55/3 2476/58/3 2473/56/3
s 22
f 2477/57/4 2476/55/4 2333/58/4
s 27
f 2324/58/1 2468/55/1 2478/57/1
s 378
f 2479/55/5 2329/58/5 2328/56/5
s 379
f 2481/57/2 2482/55/2 2483/58/2
s 380
f 2480/57/6 2483/55/6 2479/58/6
s 378
f 2345/55/5 2331/58/5 2329/56/5
s 379
f 2482/57/2 2474/55/2 2484/58/2
s 381
f 2484/57/4 2474/55/4 2331/58/4
s 380
f 2483/57/6 2484/55/6 2345/58/6
s 35
f 2340/55/3 2490/58/3 2489/56/3
s 62
f 2491/57/6 2492/55/6 2352/58/6
s 35
f 2354/55/3 2495/58/3 2493/56/3
s 36
f 2496/57/4 2495/55/4 2354/58/4
s 46
f 2361/55/3 2500/58/3 2486/56/3
s 63
f 2501/57/6 2502/55/6 2363/58/6
s 46
f 2349/55/3 2487/58/3 2500/56/3
s 63
f 2502/57/6 2503/55/6 2364/58/6
s 40
f 2353/58/1 2494/55/1 2505/57/1
s 36
f 2506/57/4 2496/55/4 2355/58/4
s 155
f 2360/58/1 2499/55/1 2509/57/1
s 22
f 2510/57/4 2501/55/4 2362/58/4
s 39
f 2364/58/1 2503/55/1 2511/57/1
s 51
f 2512/57/4 2504/55/4 2365/58/4
s 40
f 2366/58/1 2505/55/1 2513/57/1
s 137
f 2377/55/3 2514/58/3 2506/56/3
s 169
f 2506/57/2 2514/55/2 2516/58/2
s 70
f 2516/57/4 2514/55/4 2377/58/4
s 27
f 2368/58/1 2507/55/1 2517/57/1
s 38
f 2518/57/4 2508/55/4 2369/58/4
s 155
f 2372/58/1 2509/55/1 2519/57/1
s 22
f 2520/57/4 2510/55/4 2373/58/4
s 40
f 2376/58/1 2513/55/1 2523/57/1
s 27
f 2379/58/1 2517/55/1 2526/57/1
s 38
f 2527/57/4 2518/55/4 2380/58/4
s 155
f 2381/58/1 2519/55/1 2528/57/1
s 22
f 2529/57/4 2520/55/4 2382/58/4
s 39
f 2383/58/1 2521/55/1 2530/57/1
s 51
f 2531/57/4 2522/55/4 2384/58/4
s 40
f 2386/58/1 2523/55/1 2532/57/1
s 27
f 2394/58/1 2526/55/1 2535/57/1
s 38
f 2536/57/4 2527/55/4 2395/58/4
s 155
f 2396/58/1 2528/55/1 2537/57/1
s 22
f 2538/57/4 2529/55/4 2397/58/4
s 39
f 2398/58/1 2530/55/1 2539/57/1
s 51
f 2540/57/4 2531/55/4 2399/58/4
s 40
f 2401/58/1 2532/55/1 2541/57/1
s 169
f 2533/57/2 2534/55/2 2543/58/2
s 70
f 2543/57/4 2534/55/4 2402/58/4
s 27
f 2404/58/1 2535/55/1 2544/57/1
s 38
f 2545/57/4 2536/55/4 2405/58/4
s 155
f 2406/58/1 2537/55/1 2546/57/1
s 22
f 2547/57/4 2538/55/4 2407/58/4
s 39
f 2408/58/1 2539/55/1 2548/57/1
s 51
f 2549/57/4 2540/55/4 2409/58/4
s 40
f 2411/58/1 2541/55/1 2550/57/1
s 27
f 2414/58/1 2544/55/1 2553/57/1
s 38
f 2554/57/4 2545/55/4 2415/58/4
s 40
f 2420/58/1 2550/55/1 2559/57/1
s 169
f 2551/57/2 2552/55/2 2561/58/2
s 70
f 2561/57/4 2552/55/4 2421/58/4
s 72
f 2560/57/6 2561/55/6 2434/58/6
s 27
f 2427/58/1 2553/55/1 2562/57/1
s 38
f 2563/57/4 2554/55/4 2428/58/4
s 157
f 2429/55/3 2555/58/3 2566/56/3
s 73
f 2442/55/3 2568/58/3 2556/56/3
s 74
f 2569/57/6 2570/55/6 2444/58/6
s 51
f 2572/57/4 2558/55/4 2432/58/4
s 40
f 2433/58/1 2559/55/1 2573/57/1
s 36
f 2574/57/4 2560/55/4 2435/58/4
s 22
f 2576/57/4 2569/55/4 2443/58/4
s 27
f 2449/58/1 2575/55/1 2583/57/1
s 28
f 2583/57/6 2584/55/6 2457/58/6
f 2584/57/6 2585/55/6 2458/58/6
f 2585/57/6 2586/55/6 2459/58/6
s 22
f 2588/57/4 2576/55/4 2450/58/4
s 28
f 2587/57/6 2588/55/6 2461/58/6
s 20
f 2471/55/3 2592/58/3 2591/56/3
s 382
f 2593/57/6 2594/55/6 2482/58/6
s 20
f 2472/55/3 2595/58/3 2592/56/3
s 382
f 2594/57/6 2596/55/6 2474/58/6
s 171
f 2493/55/5 2606/58/5 2601/56/5
s 173
f 2606/55/3 2607/58/3 2604/56/3
s 174
f 2604/57/2 2607/55/2 2608/58/2
s 383
f 2608/57/4 2607/55/4 2606/58/4
s 27
f 2468/58/1 2589/55/1 2609/57/1
s 38
f 2610/57/4 2593/55/4 2481/58/4
s 384
f 2485/55/5 2475/58/5 2474/56/5
s 385
f 2474/58/1 2596/55/1 2611/57/1
s 386
f 2596/57/2 2612/55/2 2613/58/2
s 22
f 2614/57/4 2599/55/4 2477/58/4
s 62
f 2617/57/6 2618/55/6 2492/58/6
s 35
f 2495/55/3 2620/58/3 2608/56/3
s 36
f 2621/57/4 2620/55/4 2495/58/4
s 27
f 2478/58/1 2609/55/1 2622/57/1
s 38
f 2623/57/4 2610/55/4 2480/58/4
s 384
f 2499/55/5 2485/58/5 2484/56/5
s 385
f 2484/58/1 2611/55/1 2625/57/1
s 386
f 2611/57/2 2613/55/2 2626/58/2
s 46
f 2500/55/3 2627/58/3 2614/56/3
s 176
f 2614/57/2 2627/55/2 2629/58/2
s 46
f 2487/55/3 2615/58/3 2627/56/3
s 176
f 2627/57/2 2615/55/2 2630/58/2
s 51
f 2631/57/4 2617/55/4 2491/58/4
s 40
f 2494/58/1 2619/55/1 2632/57/1
s 387
f 2514/55/5 2633/58/5 2496/56/5
s 388
f 2633/55/3 2634/58/3 2621/56/3
s 389
f 2621/57/2 2634/55/2 2636/58/2
s 390
f 2635/57/6 2636/55/6 2514/58/6
s 387
f 2637/55/5 2638/58/5 2633/56/5
s 388
f 2638/55/3 2639/58/3 2634/56/3
s 389
f 2634/57/2 2639/55/2 2640/58/2
s 390
f 2636/57/6 2640/55/6 2637/58/6
s 387
f 2641/55/5 2642/58/5 2638/56/5
s 388
f 2642/55/3 2643/58/3 2639/56/3
s 389
f 2639/57/2 2643/55/2 2644/58/2
s 391
f 2644/57/4 2643/55/4 2642/58/4
s 390
f 2640/57/6 2644/55/6 2641/58/6
s 27
f 2497/58/1 2622/55/1 2645/57/1
s 38
f 2646/57/4 2623/55/4 2498/58/4
s 384
f 2509/55/5 2499/58/5 2624/56/5
s 385
f 2624/58/1 2625/55/1 2648/57/1
s 386
f 2625/57/2 2626/55/2 2649/58/2
s 392
f 2648/57/6 2649/55/6 2509/58/6
s 175
f 2650/55/5 2502/58/5 2501/56/5
s 176
f 2628/57/2 2629/55/2 2652/58/2
s 51
f 2654/57/4 2631/55/4 2504/58/4
s 27
f 2507/58/1 2645/55/1 2657/57/1
s 38
f 2658/57/4 2646/55/4 2508/58/4
s 155
f 2509/58/1 2649/55/1 2659/57/1
s 51
f 2664/57/4 2654/55/4 2512/58/4
s 40
f 2513/58/1 2655/55/1 2665/57/1
s 36
f 2666/57/4 2656/55/4 2515/58/4
s 39
f 2521/58/1 2663/55/1 2671/57/1
s 51
f 2672/57/4 2664/55/4 2522/58/4
s 40
f 2523/58/1 2665/55/1 2673/57/1
s 36
f 2674/57/4 2666/55/4 2524/58/4
s 155
f 2537/58/1 2677/55/1 2685/57/1
s 178
f 2686/55/5 2687/58/5 2538/56/5
s 179
f 2687/55/3 2688/58/3 2678/56/3
s 180
f 2678/57/2 2688/55/2 2690/58/2
s 51
f 2692/57/4 2680/55/4 2540/58/4
s 40
f 2541/58/1 2681/55/1 2693/57/1
s 36
f 2694/57/4 2682/55/4 2542/58/4
s 178
f 2568/55/5 2686/58/5 2547/56/5
s 180
f 2689/57/2 2690/55/2 2699/58/2
s 51
f 2701/57/4 2692/55/4 2549/58/4
s 40
f 2550/58/1 2693/55/1 2702/57/1
s 36
f 2703/57/4 2694/55/4 2551/58/4
s 27
f 2553/58/1 2695/55/1 2704/57/1
s 393
f 2564/55/5 2565/58/5 2554/56/5
s 394
f 2565/55/3 2705/58/3 2696/56/3
s 395
f 2696/57/2 2705/55/2 2707/58/2
s 396
f 2707/57/4 2705/55/4 2565/58/4
s 180
f 2699/57/2 2700/55/2 2712/58/2
s 74
f 2711/57/6 2712/55/6 2571/58/6
s 40
f 2559/58/1 2702/55/1 2714/57/1
s 397
f 2715/55/5 2561/58/5 2560/56/5
s 398
f 2561/55/3 2716/58/3 2703/56/3
s 399
f 2703/57/2 2716/55/2 2718/58/2
s 400
f 2717/57/6 2718/55/6 2715/58/6
s 397
f 2719/55/5 2720/58/5 2561/56/5
s 398
f 2720/55/3 2721/58/3 2716/56/3
s 399
f 2716/57/2 2721/55/2 2722/58/2
s 400
f 2718/57/6 2722/55/6 2719/58/6
s 397
f 2723/55/5 2724/58/5 2720/56/5
s 398
f 2724/55/3 2725/58/3 2721/56/3
s 399
f 2721/57/2 2725/55/2 2726/58/2
s 401
f 2726/57/4 2725/55/4 2724/58/4
s 400
f 2722/57/6 2726/55/6 2723/58/6
s 402
f 2567/55/3 2708/58/3 2707/56/3
s 22
f 2728/57/4 2710/55/4 2569/58/4
s 39
f 2571/58/1 2712/55/1 2729/57/1
s 41
f 2729/57/6 2730/55/6 2578/58/6
s 60
f 2579/55/3 2731/58/3 2713/56/3
f 2573/55/3 2714/58/3 2731/56/3
s 36
f 2732/57/4 2717/55/4 2574/58/4
s 41
f 2733/57/6 2732/55/6 2582/58/6
s 27
f 2575/58/1 2727/55/1 2734/57/1
s 28
f 2734/57/6 2735/55/6 2584/58/6
f 2737/57/6 2738/55/6 2587/58/6
s 182
f 2745/55/5 2581/58/5 2580/56/5
s 184
f 2743/57/2 2733/55/2 2746/58/2
s 403
f 2746/57/4 2733/55/4 2581/58/4
s 185
f 2744/57/6 2746/55/6 2745/58/6
s 20
f 2592/55/3 2750/58/3 2749/56/3
f 2598/55/3 2755/58/3 2752/56/3
s 22
f 2756/57/4 2755/55/4 2598/58/4
s 187
f 2758/55/5 2594/58/5 2593/56/5
s 404
f 2759/57/6 2760/55/6 2758/58/6
s 155
f 2612/58/1 2754/55/1 2762/57/1
s 22
f 2763/57/4 2756/55/4 2599/58/4
s 35
f 2605/55/3 2768/58/3 2766/56/3
s 189
f 2766/57/2 2768/55/2 2769/58/2
s 35
f 2608/55/3 2770/58/3 2768/56/3
s 189
f 2768/57/2 2770/55/2 2771/58/2
s 27
f 2609/58/1 2757/55/1 2774/57/1
s 38
f 2775/57/4 2759/55/4 2610/58/4
s 187
f 2625/55/5 2611/58/5 2758/56/5
s 405
f 2758/58/1 2760/55/1 2777/57/1
s 188
f 2778/57/4 2761/55/4 2611/58/4
s 155
f 2613/58/1 2762/55/1 2779/57/1
s 22
f 2780/57/4 2763/55/4 2614/58/4
s 189
f 2771/57/2 2773/55/2 2785/58/2
s 36
f 2785/57/4 2773/55/4 2621/58/4
s 27
f 2622/58/1 2774/55/1 2786/57/1
s 187
f 2787/55/5 2776/58/5 2623/56/5
s 406
f 2776/55/3 2777/58/3 2775/56/3
s 407
f 2788/57/6 2789/55/6 2787/58/6
s 155
f 2626/58/1 2779/55/1 2791/57/1
s 22
f 2792/57/4 2780/55/4 2628/58/4
s 190
f 2655/55/5 2632/58/5 2783/56/5
s 189
f 2796/57/2 2784/55/2 2798/58/2
f 2784/57/2 2785/55/2 2799/58/2
s 36
f 2799/57/4 2785/55/4 2635/58/4
s 155
f 2649/58/1 2791/55/1 2806/57/1
s 22
f 2807/57/4 2792/55/4 2651/58/4
s 39
f 2653/58/1 2793/55/1 2808/57/1
s 189
f 2793/57/2 2794/55/2 2809/58/2
s 190
f 2665/55/5 2655/58/5 2795/56/5
s 408
f 2811/57/6 2812/55/6 2665/58/6
s 189
f 2798/57/2 2799/55/2 2813/58/2
s 36
f 2813/57/4 2799/55/4 2656/58/4
s 27
f 2657/58/1 2800/55/1 2814/57/1
s 38
f 2815/57/4 2801/55/4 2658/58/4
s 155
f 2659/58/1 2806/55/1 2820/57/1
s 22
f 2821/57/4 2807/55/4 2661/58/4
s 39
f 2663/58/1 2808/55/1 2822/57/1
s 189
f 2808/57/2 2809/55/2 2823/58/2
s 27
f 2667/58/1 2814/55/1 2828/57/1
s 409
f 2829/55/5 2816/58/5 2668/56/5
s 410
f 2816/55/3 2818/58/3 2815/56/3
s 411
f 2830/57/4 2818/55/4 2816/58/4
s 412
f 2831/57/6 2830/55/6 2829/58/6
s 413
f 2677/55/5 2669/58/5 2817/56/5
s 414
f 2817/58/1 2819/55/1 2833/57/1
s 415
f 2669/55/3 2820/58/3 2819/56/3
s 416
f 2833/57/6 2834/55/6 2677/58/6
s 22
f 2835/57/4 2821/55/4 2670/58/4
s 39
f 2671/58/1 2822/55/1 2836/57/1
s 189
f 2822/57/2 2823/55/2 2837/58/2
s 417
f 2845/55/5 2832/58/5 2829/56/5
s 418
f 2829/58/1 2830/55/1 2846/57/1
s 419
f 2832/55/3 2833/58/3 2830/56/3
s 420
f 2847/57/4 2833/55/4 2832/58/4
s 155
f 2677/58/1 2834/55/1 2848/57/1
s 22
f 2849/57/4 2835/55/4 2678/58/4
s 190
f 2852/55/5 2838/58/5 2680/56/5
f 2693/55/5 2681/58/5 2838/56/5
s 206
f 2681/55/3 2840/58/3 2839/56/3
s 27
f 2683/58/1 2842/55/1 2855/57/1
s 417
f 2705/55/5 2844/58/5 2684/56/5
s 421
f 2844/55/3 2846/58/3 2843/56/3
s 422
f 2856/57/6 2857/55/6 2705/58/6
s 417
f 2709/55/5 2845/58/5 2844/56/5
s 420
f 2858/57/4 2847/55/4 2845/58/4
s 155
f 2685/58/1 2848/55/1 2859/57/1
s 22
f 2860/57/4 2849/55/4 2689/58/4
s 190
f 2863/55/5 2852/58/5 2692/56/5
s 189
f 2851/57/2 2864/55/2 2865/58/2
s 190
f 2702/55/5 2693/58/5 2852/56/5
s 189
f 2864/57/2 2853/55/2 2866/58/2
f 2853/57/2 2854/55/2 2867/58/2
s 36
f 2867/57/4 2854/55/4 2694/58/4
s 417
f 2708/55/5 2709/58/5 2705/56/5
s 423
f 2705/58/1 2857/55/1 2870/57/1
s 39
f 2700/58/1 2861/55/1 2872/57/1
s 189
f 2861/57/2 2862/55/2 2873/58/2
s 190
f 2714/55/5 2702/58/5 2863/56/5
s 27
f 2704/58/1 2868/55/1 2876/57/1
s 39
f 2712/58/1 2872/55/1 2878/57/1
s 189
f 2872/57/2 2873/55/2 2879/58/2
s 41
f 2878/57/6 2879/55/6 2730/58/6
s 189
f 2880/57/2 2874/55/2 2882/58/2
s 41
f 2881/57/6 2882/55/6 2733/58/6
s 28
f 2887/57/6 2888/55/6 2738/58/6
s 22
f 2889/57/4 2877/55/4 2728/58/4
s 28
f 2888/57/6 2889/55/6 2739/58/6
s 20
f 2751/55/3 2896/58/3 2894/56/3
s 196
f 2894/57/2 2896/55/2 2897/58/2
s 20
f 2752/55/3 2898/58/3 2896/56/3
s 196
f 2896/57/2 2898/55/2 2899/58/2
s 20
f 2755/55/3 2900/58/3 2898/56/3
s 196
f 2898/57/2 2900/55/2 2901/58/2
s 22
f 2901/57/4 2900/55/4 2755/58/4
s 196
f 2895/57/2 2897/55/2 2905/58/2
s 27
f 2757/58/1 2902/55/1 2908/57/1
s 196
f 2902/57/2 2903/55/2 2909/58/2
s 424
f 2777/55/5 2760/58/5 2759/56/5
s 196
f 2903/57/2 2904/55/2 2910/58/2
f 2904/57/2 2905/55/2 2911/58/2
s 197
f 2779/55/5 2762/58/5 2761/56/5
s 196
f 2905/57/2 2906/55/2 2912/58/2
s 425
f 2767/58/1 2915/55/1 2914/57/1
s 198
f 2769/55/3 2916/58/3 2915/56/3
s 199
f 2915/57/2 2916/55/2 2917/58/2
s 201
f 2914/57/6 2917/55/6 2796/58/6
s 27
f 2774/58/1 2908/55/1 2920/57/1
s 196
f 2908/57/2 2909/55/2 2921/58/2
f 2912/57/2 2913/55/2 2925/58/2
s 22
f 2925/57/4 2913/55/4 2780/58/4
s 426
f 2924/57/6 2925/55/6 2792/58/6
s 196
f 2922/57/2 2923/55/2 2929/58/2
s 427
f 2794/58/1 2932/55/1 2931/57/1
s 428
f 2797/55/3 2933/58/3 2932/56/3
s 429
f 2932/57/2 2933/55/2 2934/58/2
s 408
f 2931/57/6 2934/55/6 2811/58/6
s 428
f 2798/55/3 2935/58/3 2933/56/3
s 429
f 2933/57/2 2935/55/2 2936/58/2
s 430
f 2936/57/4 2935/55/4 2798/58/4
s 408
f 2934/57/6 2936/55/6 2812/58/6
s 27
f 2800/58/1 2926/55/1 2937/57/1
s 196
f 2926/57/2 2927/55/2 2938/58/2
s 202
f 2818/55/5 2804/58/5 2801/56/5
s 196
f 2927/57/2 2928/55/2 2939/58/2
f 2928/57/2 2929/55/2 2940/58/2
s 197
f 2820/55/5 2806/58/5 2805/56/5
s 196
f 2929/57/2 2930/55/2 2941/58/2
s 40
f 2812/58/1 2936/55/1 2942/57/1
s 431
f 2813/55/3 2943/58/3 2936/56/3
s 203
f 2936/57/2 2943/55/2 2944/58/2
s 36
f 2944/57/4 2943/55/4 2813/58/4
s 27
f 2814/58/1 2937/55/1 2945/57/1
s 196
f 2937/57/2 2938/55/2 2946/58/2
f 2938/57/2 2939/55/2 2947/58/2
s 432
f 2833/55/5 2819/58/5 2818/56/5
s 196
f 2939/57/2 2940/55/2 2948/58/2
s 27
f 2828/58/1 2945/55/1 2952/57/1
s 196
f 2945/57/2 2946/55/2 2953/58/2
s 433
f 2846/55/5 2830/58/5 2831/56/5
s 196
f 2946/57/2 2947/55/2 2954/58/2
f 2947/57/2 2948/55/2 2955/58/2
s 434
f 2837/58/1 2958/55/1 2957/57/1
s 206
f 2839/55/3 2959/58/3 2958/56/3
s 207
f 2958/57/2 2959/55/2 2960/58/2
s 209
f 2957/57/6 2960/55/6 2864/58/6
s 196
f 2954/57/2 2955/55/2 2965/58/2
s 435
f 2849/55/3 2967/58/3 2956/56/3
s 196
f 2956/57/2 2967/55/2 2968/58/2
s 22
f 2968/57/4 2967/55/4 2849/58/4
s 27
f 2855/58/1 2962/55/1 2969/57/1
s 196
f 2962/57/2 2963/55/2 2970/58/2
s 436
f 2870/55/5 2857/58/5 2856/56/5
s 196
f 2963/57/2 2964/55/2 2971/58/2
f 2965/57/2 2966/55/2 2973/58/2
s 437
f 2862/58/1 2976/55/1 2975/57/1
s 210
f 2865/55/3 2977/58/3 2976/56/3
s 211
f 2976/57/2 2977/55/2 2978/58/2
s 213
f 2975/57/6 2978/55/6 2880/58/6
s 27
f 2868/58/1 2969/55/1 2981/57/1
s 196
f 2969/57/2 2970/55/2 2982/58/2
f 2971/57/2 2972/55/2 2984/58/2
f 2972/57/2 2973/55/2 2985/58/2
f 2982/57/2 2983/55/2 2989/58/2
s 28
f 2988/57/6 2989/55/6 2886/58/6
s 196
f 2983/57/2 2984/55/2 2990/58/2
s 28
f 2989/57/6 2990/55/6 2887/58/6
s 196
f 2985/57/2 2986/55/2 2992/58/2
s 22
f 2992/57/4 2986/55/4 2877/58/4
s 28
f 2991/57/6 2992/55/6 2889/58/6
s 438
g __(4)__2800_64_-6816_to_2814_79_-6805_Cobblestone
usemtl Cobblestone
f 487/59/2 486/60/2 488/61/2
s 439
f 490/62/5 491/63/5 492/64/5
s 440
f 491/65/6 485/66/6 487/59/6
s 441
f 486/60/3 492/64/3 488/61/3
s 442
f 487/59/4 492/67/4 491/68/4
s 443
f 485/69/1 490/61/1 486/67/1
s 444
f 495/70/6 494/71/6 496/72/6
s 445
f 493/73/1 498/74/1 494/75/1
s 446
f 497/76/5 495/72/5 499/70/5
s 447
f 498/76/3 499/72/3 500/70/3
s 448
f 495/73/4 500/74/4 499/77/4
s 449
f 496/78/2 498/79/2 500/80/2
s 450
f 755/66/3 758/61/3 757/59/3
s 451
f 762/64/6 759/81/6 761/63/6
s 452
f 761/65/2 755/66/2 757/59/2
s 453
f 756/60/5 762/64/5 758/61/5
s 454
f 757/59/4 762/67/4 761/68/4
s 455
f 755/69/1 760/61/1 756/67/1
s 456
f 765/70/2 764/71/2 766/72/2
s 457
f 763/73/1 768/74/1 764/75/1
s 458
f 769/70/6 763/71/6 765/72/6
s 459
f 768/76/5 769/72/5 770/70/5
s 460
f 765/73/4 770/74/4 769/77/4
s 461
f 764/82/3 770/80/3 766/78/3
s 438
f 487/59/2 485/66/2 486/60/2
s 439
f 490/62/5 489/81/5 491/63/5
s 440
f 491/65/6 489/157/6 485/66/6
s 441
f 486/60/3 490/62/3 492/64/3
s 442
f 487/59/4 488/61/4 492/67/4
s 443
f 485/69/1 489/158/1 490/61/1
s 444
f 495/70/6 493/76/6 494/71/6
s 445
f 493/73/1 497/77/1 498/74/1
s 446
f 497/76/5 493/71/5 495/72/5
s 447
f 498/76/3 497/71/3 499/72/3
s 448
f 495/73/4 496/75/4 500/74/4
s 449
f 496/78/2 494/82/2 498/79/2
s 450
f 755/66/3 756/60/3 758/61/3
s 451
f 762/64/6 760/62/6 759/81/6
s 452
f 761/65/2 759/157/2 755/66/2
s 453
f 756/60/5 760/62/5 762/64/5
s 454
f 757/59/4 758/61/4 762/67/4
s 455
f 755/69/1 759/158/1 760/61/1
s 456
f 765/70/2 763/76/2 764/71/2
s 457
f 763/73/1 767/77/1 768/74/1
s 458
f 769/70/6 767/76/6 763/71/6
s 459
f 768/76/5 767/71/5 769/72/5
s 460
f 765/73/4 766/75/4 770/74/4
s 461
f 764/82/3 768/79/3 770/80/3
s 462
g __(4)__2800_64_-6816_to_2814_79_-6805_Sticky_Piston
usemtl Sticky_Piston
f 61/83/1 66/84/1 62/85/1
s 463
f 63/83/4 68/84/4 67/86/4
s 464
f 125/83/1 130/84/1 126/85/1
s 465
f 127/83/4 132/84/4 131/86/4
s 466
f 133/87/1 138/88/1 134/89/1
s 467
f 135/87/4 140/88/4 139/90/4
s 468
f 237/83/1 242/84/1 238/85/1
s 469
f 239/83/4 244/84/4 243/86/4
s 470
f 245/83/1 250/84/1 246/85/1
s 471
f 247/83/4 252/84/4 251/86/4
s 472
f 253/91/1 258/92/1 254/93/1
s 473
f 255/91/4 260/92/4 259/94/4
s 474
f 261/95/1 266/96/1 262/97/1
s 475
f 263/95/4 268/96/4 267/98/4
s 476
f 269/83/1 274/84/1 270/85/1
s 477
f 271/83/4 276/84/4 275/86/4
s 478
f 327/94/2 325/93/2 328/91/2
s 479
f 329/83/1 334/84/1 330/85/1
s 480
f 331/83/4 336/84/4 335/86/4
s 481
f 337/83/1 342/84/1 338/85/1
s 482
f 339/83/4 344/84/4 343/86/4
s 483
f 345/83/1 350/84/1 346/85/1
s 484
f 347/83/4 352/84/4 351/86/4
s 485
f 353/83/1 358/84/1 354/85/1
s 486
f 355/83/4 360/84/4 359/86/4
s 487
f 389/83/1 394/84/1 390/85/1
s 488
f 391/83/4 396/84/4 395/86/4
s 489
f 397/91/1 402/92/1 398/93/1
s 490
f 399/91/4 404/92/4 403/94/4
s 491
f 405/95/1 410/96/1 406/97/1
s 492
f 407/95/4 412/96/4 411/98/4
s 462
f 61/83/1 65/86/1 66/84/1
s 463
f 63/83/4 64/85/4 68/84/4
s 464
f 125/83/1 129/86/1 130/84/1
s 465
f 127/83/4 128/85/4 132/84/4
s 466
f 133/87/1 137/90/1 138/88/1
s 467
f 135/87/4 136/89/4 140/88/4
s 468
f 237/83/1 241/86/1 242/84/1
s 469
f 239/83/4 240/85/4 244/84/4
s 470
f 245/83/1 249/86/1 250/84/1
s 471
f 247/83/4 248/85/4 252/84/4
s 472
f 253/91/1 257/94/1 258/92/1
s 473
f 255/91/4 256/93/4 260/92/4
s 474
f 261/95/1 265/98/1 266/96/1
s 475
f 263/95/4 264/97/4 268/96/4
s 476
f 269/83/1 273/86/1 274/84/1
s 477
f 271/83/4 272/85/4 276/84/4
s 478
f 327/94/2 326/92/2 325/93/2
s 479
f 329/83/1 333/86/1 334/84/1
s 480
f 331/83/4 332/85/4 336/84/4
s 481
f 337/83/1 341/86/1 342/84/1
s 482
f 339/83/4 340/85/4 344/84/4
s 483
f 345/83/1 349/86/1 350/84/1
s 484
f 347/83/4 348/85/4 352/84/4
s 485
f 353/83/1 357/86/1 358/84/1
s 486
f 355/83/4 356/85/4 360/84/4
s 487
f 389/83/1 393/86/1 394/84/1
s 488
f 391/83/4 392/85/4 396/84/4
s 489
f 397/91/1 401/94/1 402/92/1
s 490
f 399/91/4 400/93/4 404/92/4
s 491
f 405/95/1 409/98/1 410/96/1
s 492
f 407/95/4 408/97/4 412/96/4
s 493
g __(4)__2800_64_-6816_to_2814_79_-6805_Cobblestone
usemtl Cobblestone
f 466/99/2 463/15/2 465/100/2
s 494
f 461/16/4 466/15/4 465/13/4
s 495
f 472/16/2 469/100/2 471/13/2
s 496
f 467/16/4 472/101/4 471/102/4
s 497
f 478/99/2 475/15/2 477/100/2
s 498
f 473/16/4 478/15/4 477/13/4
s 499
f 484/16/2 481/100/2 483/13/2
s 500
f 479/16/4 484/101/4 483/102/4
s 501
f 505/14/3 503/100/3 507/99/3
s 502
f 508/99/2 505/15/2 507/100/2
s 503
f 503/16/4 508/15/4 507/13/4
s 504
f 504/99/6 506/15/6 508/100/6
s 505
f 513/103/3 511/13/3 515/102/3
s 506
f 516/16/2 513/100/2 515/13/2
s 507
f 511/16/4 516/101/4 515/102/4
s 508
f 512/16/6 514/103/6 516/102/6
s 509
f 517/14/5 520/100/5 519/99/5
s 510
f 519/16/4 522/15/4 521/13/4
s 511
f 523/99/5 526/13/5 525/16/5
s 512
f 525/102/4 528/15/4 527/13/4
s 513
f 529/14/5 532/100/5 531/99/5
s 514
f 533/14/3 531/100/3 534/99/3
s 515
f 531/16/4 535/15/4 534/13/4
s 516
f 536/99/5 539/13/5 538/16/5
s 517
f 538/102/4 541/15/4 540/13/4
s 518
f 546/14/3 544/100/3 548/99/3
s 519
f 549/99/2 546/15/2 548/100/2
s 520
f 544/16/4 549/15/4 548/13/4
s 521
f 545/99/6 547/15/6 549/100/6
s 522
f 554/103/3 552/13/3 556/102/3
s 523
f 557/16/2 554/100/2 556/13/2
s 524
f 552/16/4 557/101/4 556/102/4
s 525
f 553/16/6 555/103/6 557/102/6
s 526
f 562/14/3 560/100/3 564/99/3
s 527
f 565/99/2 562/15/2 564/100/2
s 528
f 560/16/4 565/15/4 564/13/4
s 529
f 561/99/6 563/15/6 565/100/6
s 530
f 570/103/3 568/13/3 572/102/3
s 531
f 573/16/2 570/100/2 572/13/2
s 532
f 568/16/4 573/101/4 572/102/4
s 533
f 569/16/6 571/103/6 573/102/6
s 534
f 574/14/5 577/100/5 576/99/5
s 535
f 576/16/4 579/15/4 578/13/4
s 536
f 580/99/5 583/13/5 582/16/5
s 537
f 582/102/4 585/15/4 584/13/4
s 538
f 586/14/5 589/100/5 588/99/5
s 539
f 590/14/3 588/100/3 591/99/3
s 540
f 588/16/4 592/15/4 591/13/4
s 541
f 593/99/5 596/13/5 595/16/5
s 542
f 597/99/3 595/102/3 598/16/3
s 543
f 595/102/4 599/15/4 598/13/4
s 544
f 600/14/5 603/100/5 602/99/5
s 545
f 604/14/3 602/100/3 605/99/3
s 546
f 602/16/4 606/15/4 605/13/4
s 547
f 607/99/5 610/13/5 609/16/5
s 548
f 609/102/4 612/15/4 611/13/4
s 549
f 613/14/5 616/100/5 615/99/5
s 550
f 617/14/3 615/100/3 619/99/3
s 551
f 615/16/4 620/15/4 619/13/4
s 552
f 616/99/6 618/15/6 620/100/6
s 553
f 621/99/5 624/13/5 623/16/5
s 554
f 623/102/4 627/15/4 626/13/4
s 555
f 624/102/6 625/100/6 627/13/6
s 556
f 632/14/3 630/100/3 634/99/3
s 557
f 635/99/2 632/15/2 634/100/2
s 558
f 630/16/4 635/15/4 634/13/4
s 559
f 631/99/6 633/15/6 635/100/6
s 560
f 640/103/3 638/13/3 642/102/3
s 561
f 643/16/2 640/100/2 642/13/2
s 562
f 638/16/4 643/101/4 642/102/4
s 563
f 639/16/6 641/103/6 643/102/6
s 564
f 644/14/5 647/100/5 646/99/5
s 565
f 646/16/4 649/15/4 648/13/4
s 566
f 650/99/5 653/13/5 652/16/5
s 567
f 652/102/4 655/15/4 654/13/4
s 568
f 656/14/5 659/100/5 658/99/5
s 569
f 660/14/3 658/100/3 661/99/3
s 570
f 658/16/4 662/15/4 661/13/4
s 571
f 663/99/5 666/13/5 665/16/5
s 572
f 665/102/4 668/15/4 667/13/4
s 573
f 669/14/5 672/100/5 671/99/5
s 574
f 671/16/4 674/15/4 673/13/4
s 575
f 675/99/5 678/13/5 677/16/5
s 576
f 677/102/4 680/15/4 679/13/4
s 577
f 684/14/3 682/100/3 686/99/3
s 578
f 687/99/2 684/15/2 686/100/2
s 579
f 682/16/4 687/15/4 686/13/4
s 580
f 691/103/3 689/13/3 693/102/3
s 581
f 694/16/2 691/100/2 693/13/2
s 582
f 689/16/4 694/101/4 693/102/4
s 583
f 695/14/5 698/100/5 697/99/5
s 584
f 699/14/3 697/100/3 700/99/3
s 585
f 697/16/4 701/15/4 700/13/4
s 586
f 702/99/5 705/13/5 704/16/5
s 587
f 704/102/4 707/15/4 706/13/4
s 588
f 712/14/3 710/100/3 714/99/3
s 589
f 715/99/2 712/15/2 714/100/2
s 590
f 710/16/4 715/15/4 714/13/4
s 591
f 711/99/6 713/15/6 715/100/6
s 592
f 722/16/2 719/100/2 721/13/2
s 593
f 717/16/4 722/101/4 721/102/4
s 594
f 718/16/6 720/103/6 722/102/6
s 595
f 723/14/5 726/100/5 725/99/5
s 596
f 727/14/3 725/100/3 729/99/3
s 597
f 730/99/2 727/15/2 729/100/2
s 598
f 725/16/4 730/15/4 729/13/4
s 599
f 731/103/5 734/13/5 733/102/5
s 600
f 735/99/3 733/13/3 737/16/3
s 601
f 738/16/2 735/103/2 737/102/2
s 602
f 733/99/4 738/15/4 737/100/4
s 603
f 739/14/5 742/100/5 741/99/5
s 604
f 746/99/2 743/15/2 745/100/2
s 605
f 741/16/4 746/15/4 745/13/4
s 606
f 742/99/6 744/15/6 746/100/6
s 607
f 747/99/5 750/102/5 749/16/5
s 608
f 754/102/2 751/100/2 753/13/2
s 609
f 749/16/4 754/100/4 753/13/4
s 610
f 750/16/6 752/100/6 754/13/6
s 611
f 776/99/2 773/15/2 775/100/2
s 612
f 771/16/4 776/15/4 775/13/4
s 613
f 782/16/2 779/100/2 781/13/2
s 614
f 777/16/4 782/101/4 781/102/4
s 615
f 786/14/3 784/100/3 788/99/3
s 616
f 789/99/2 786/15/2 788/100/2
s 617
f 784/16/4 789/15/4 788/13/4
s 618
f 795/16/2 792/100/2 794/13/2
s 619
f 790/16/4 795/101/4 794/102/4
s 620
f 799/14/3 797/100/3 801/99/3
s 621
f 802/99/2 799/15/2 801/100/2
s 622
f 797/16/4 802/15/4 801/13/4
s 623
f 808/16/2 805/100/2 807/13/2
s 624
f 803/16/4 808/101/4 807/102/4
s 625
f 812/14/3 810/100/3 814/99/3
s 626
f 815/99/2 812/15/2 814/100/2
s 627
f 810/16/4 815/15/4 814/13/4
s 628
f 821/16/2 818/100/2 820/13/2
s 629
f 816/16/4 821/101/4 820/102/4
s 493
f 466/99/2 464/14/2 463/15/2
s 494
f 461/16/4 462/14/4 466/15/4
s 495
f 472/16/2 470/99/2 469/100/2
s 496
f 467/16/4 468/14/4 472/101/4
s 497
f 478/99/2 476/14/2 475/15/2
s 498
f 473/16/4 474/14/4 478/15/4
s 499
f 484/16/2 482/99/2 481/100/2
s 500
f 479/16/4 480/14/4 484/101/4
s 501
f 505/14/3 501/15/3 503/100/3
s 502
f 508/99/2 506/14/2 505/15/2
s 503
f 503/16/4 504/14/4 508/15/4
s 504
f 504/99/6 502/14/6 506/15/6
s 505
f 513/103/3 509/100/3 511/13/3
s 506
f 516/16/2 514/99/2 513/100/2
s 507
f 511/16/4 512/14/4 516/101/4
s 508
f 512/16/6 510/99/6 514/103/6
s 509
f 517/14/5 518/15/5 520/100/5
s 510
f 519/16/4 520/14/4 522/15/4
s 511
f 523/99/5 524/100/5 526/13/5
s 512
f 525/102/4 526/101/4 528/15/4
s 513
f 529/14/5 530/15/5 532/100/5
s 514
f 533/14/3 529/15/3 531/100/3
s 515
f 531/16/4 532/14/4 535/15/4
s 516
f 536/99/5 537/100/5 539/13/5
s 517
f 538/102/4 539/101/4 541/15/4
s 518
f 546/14/3 542/15/3 544/100/3
s 519
f 549/99/2 547/14/2 546/15/2
s 520
f 544/16/4 545/14/4 549/15/4
s 521
f 545/99/6 543/14/6 547/15/6
s 522
f 554/103/3 550/100/3 552/13/3
s 523
f 557/16/2 555/99/2 554/100/2
s 524
f 552/16/4 553/14/4 557/101/4
s 525
f 553/16/6 551/99/6 555/103/6
s 526
f 562/14/3 558/15/3 560/100/3
s 527
f 565/99/2 563/14/2 562/15/2
s 528
f 560/16/4 561/14/4 565/15/4
s 529
f 561/99/6 559/14/6 563/15/6
s 530
f 570/103/3 566/100/3 568/13/3
s 531
f 573/16/2 571/99/2 570/100/2
s 532
f 568/16/4 569/14/4 573/101/4
s 533
f 569/16/6 567/99/6 571/103/6
s 534
f 574/14/5 575/15/5 577/100/5
s 535
f 576/16/4 577/14/4 579/15/4
s 536
f 580/99/5 581/100/5 583/13/5
s 537
f 582/102/4 583/101/4 585/15/4
s 538
f 586/14/5 587/15/5 589/100/5
s 539
f 590/14/3 586/15/3 588/100/3
s 540
f 588/16/4 589/14/4 592/15/4
s 541
f 593/99/5 594/100/5 596/13/5
s 542
f 597/99/3 593/103/3 595/102/3
s 543
f 595/102/4 596/101/4 599/15/4
s 544
f 600/14/5 601/15/5 603/100/5
s 545
f 604/14/3 600/15/3 602/100/3
s 546
f 602/16/4 603/14/4 606/15/4
s 547
f 607/99/5 608/100/5 610/13/5
s 548
f 609/102/4 610/101/4 612/15/4
s 549
f 613/14/5 614/15/5 616/100/5
s 550
f 617/14/3 613/15/3 615/100/3
s 551
f 615/16/4 616/14/4 620/15/4
s 552
f 616/99/6 614/14/6 618/15/6
s 553
f 621/99/5 622/100/5 624/13/5
s 554
f 623/102/4 624/101/4 627/15/4
s 555
f 624/102/6 622/103/6 625/100/6
s 556
f 632/14/3 628/15/3 630/100/3
s 557
f 635/99/2 633/14/2 632/15/2
s 558
f 630/16/4 631/14/4 635/15/4
s 559
f 631/99/6 629/14/6 633/15/6
s 560
f 640/103/3 636/100/3 638/13/3
s 561
f 643/16/2 641/99/2 640/100/2
s 562
f 638/16/4 639/14/4 643/101/4
s 563
f 639/16/6 637/99/6 641/103/6
s 564
f 644/14/5 645/15/5 647/100/5
s 565
f 646/16/4 647/14/4 649/15/4
s 566
f 650/99/5 651/100/5 653/13/5
s 567
f 652/102/4 653/101/4 655/15/4
s 568
f 656/14/5 657/15/5 659/100/5
s 569
f 660/14/3 656/15/3 658/100/3
s 570
f 658/16/4 659/14/4 662/15/4
s 571
f 663/99/5 664/100/5 666/13/5
s 572
f 665/102/4 666/101/4 668/15/4
s 573
f 669/14/5 670/15/5 672/100/5
s 574
f 671/16/4 672/14/4 674/15/4
s 575
f 675/99/5 676/100/5 678/13/5
s 576
f 677/102/4 678/101/4 680/15/4
s 577
f 684/14/3 681/15/3 682/100/3
s 578
f 687/99/2 685/14/2 684/15/2
s 579
f 682/16/4 683/14/4 687/15/4
s 580
f 691/103/3 688/100/3 689/13/3
s 581
f 694/16/2 692/99/2 691/100/2
s 582
f 689/16/4 690/14/4 694/101/4
s 583
f 695/14/5 696/15/5 698/100/5
s 584
f 699/14/3 695/15/3 697/100/3
s 585
f 697/16/4 698/14/4 701/15/4
s 586
f 702/99/5 703/100/5 705/13/5
s 587
f 704/102/4 705/101/4 707/15/4
s 588
f 712/14/3 708/15/3 710/100/3
s 589
f 715/99/2 713/14/2 712/15/2
s 590
f 710/16/4 711/14/4 715/15/4
s 591
f 711/99/6 709/14/6 713/15/6
s 592
f 722/16/2 720/99/2 719/100/2
s 593
f 717/16/4 718/14/4 722/101/4
s 594
f 718/16/6 716/99/6 720/103/6
s 595
f 723/14/5 724/15/5 726/100/5
s 596
f 727/14/3 723/15/3 725/100/3
s 597
f 730/99/2 728/14/2 727/15/2
s 598
f 725/16/4 726/14/4 730/15/4
s 599
f 731/103/5 732/100/5 734/13/5
s 600
f 735/99/3 731/100/3 733/13/3
s 601
f 738/16/2 736/99/2 735/103/2
s 602
f 733/99/4 734/14/4 738/15/4
s 603
f 739/14/5 740/15/5 742/100/5
s 604
f 746/99/2 744/14/2 743/15/2
s 605
f 741/16/4 742/14/4 746/15/4
s 606
f 742/99/6 740/14/6 744/15/6
s 607
f 747/99/5 748/103/5 750/102/5
s 608
f 754/102/2 752/103/2 751/100/2
s 609
f 749/16/4 750/99/4 754/100/4
s 610
f 750/16/6 748/99/6 752/100/6
s 611
f 776/99/2 774/14/2 773/15/2
s 612
f 771/16/4 772/14/4 776/15/4
s 613
f 782/16/2 780/99/2 779/100/2
s 614
f 777/16/4 778/14/4 782/101/4
s 615
f 786/14/3 783/15/3 784/100/3
s 616
f 789/99/2 787/14/2 786/15/2
s 617
f 784/16/4 785/14/4 789/15/4
s 618
f 795/16/2 793/99/2 792/100/2
s 619
f 790/16/4 791/14/4 795/101/4
s 620
f 799/14/3 796/15/3 797/100/3
s 621
f 802/99/2 800/14/2 799/15/2
s 622
f 797/16/4 798/14/4 802/15/4
s 623
f 808/16/2 806/99/2 805/100/2
s 624
f 803/16/4 804/14/4 808/101/4
s 625
f 812/14/3 809/15/3 810/100/3
s 626
f 815/99/2 813/14/2 812/15/2
s 627
f 810/16/4 811/14/4 815/15/4
s 628
f 821/16/2 819/99/2 818/100/2
s 629
f 816/16/4 817/14/4 821/101/4
s 630
g __(4)__2800_64_-6816_to_2814_79_-6805_Cobblestone
usemtl Cobblestone
f 2/104/7 3/105/7 1/106/7
s 631
f 5/107/8 8/105/8 7/106/8
s 632
f 9/107/3 7/105/3 11/106/3
s 633
f 12/106/9 9/108/9 11/105/9
s 634
f 8/106/6 10/108/6 12/105/6
s 635
f 22/104/7 23/105/7 21/106/7
s 636
f 25/107/8 28/105/8 27/106/8
s 637
f 29/107/3 27/105/3 31/106/3
s 638
f 32/106/9 29/108/9 31/105/9
s 639
f 28/106/6 30/108/6 32/105/6
s 640
f 42/104/7 43/105/7 41/106/7
s 641
f 45/107/10 48/105/8 47/106/8
s 642
f 49/107/3 47/105/3 51/106/3
s 643
f 52/106/9 49/108/9 51/105/9
s 644
f 48/106/6 50/108/6 52/105/6
s 630
f 2/104/7 4/159/7 3/105/7
s 631
f 5/107/8 6/108/8 8/105/8
s 632
f 9/107/3 5/108/3 7/105/3
s 633
f 12/106/9 10/107/9 9/108/9
s 634
f 8/106/6 6/107/6 10/108/6
s 635
f 22/104/7 24/159/7 23/105/7
s 636
f 25/107/8 26/108/8 28/105/8
s 637
f 29/107/3 25/108/3 27/105/3
s 638
f 32/106/9 30/107/9 29/108/9
s 639
f 28/106/6 26/107/6 30/108/6
s 640
f 42/104/7 44/159/7 43/105/7
s 641
f 45/107/10 46/108/10 48/105/8
s 642
f 49/107/3 45/108/3 47/105/3
s 643
f 52/106/9 50/107/9 49/108/9
s 644
f 48/106/6 46/107/6 50/108/6
s 645
g __(4)__2800_64_-6816_to_2814_79_-6805_Cobblestone
usemtl Cobblestone
f 83/109/2 77/110/2 79/111/2
s 646
f 78/112/5 84/111/5 80/109/5
s 647
f 85/112/3 88/111/3 87/109/3
s 648
f 92/109/6 89/110/6 91/111/6
s 649
f 95/113/4 100/114/4 99/115/4
s 650
f 93/116/1 98/117/1 94/118/1
s 651
f 107/109/2 101/110/2 103/111/2
s 652
f 102/112/5 108/111/5 104/109/5
s 653
f 109/112/3 112/111/3 111/109/3
s 654
f 116/109/6 113/110/6 115/111/6
s 655
f 119/113/4 124/114/4 123/115/4
s 656
f 117/116/1 122/117/1 118/118/1
s 645
f 83/109/2 81/112/2 77/110/2
s 646
f 78/112/5 82/110/5 84/111/5
s 647
f 85/112/3 86/110/3 88/111/3
s 648
f 92/109/6 90/112/6 89/110/6
s 649
f 95/113/4 96/160/4 100/114/4
s 650
f 93/116/1 97/161/1 98/117/1
s 651
f 107/109/2 105/112/2 101/110/2
s 652
f 102/112/5 106/110/5 108/111/5
s 653
f 109/112/3 110/110/3 112/111/3
s 654
f 116/109/6 114/112/6 113/110/6
s 655
f 119/113/4 120/160/4 124/114/4
s 656
f 117/116/1 121/161/1 122/117/1
s 657
g __(4)__2800_64_-6816_to_2814_79_-6805_Cobblestone
usemtl Cobblestone
f 69/119/3 72/120/3 71/121/3
s 658
f 69/121/1 74/122/1 70/123/1
s 659
f 75/121/2 69/124/2 71/120/2
s 660
f 76/121/6 73/124/6 75/120/6
s 661
f 71/121/4 76/122/4 75/120/4
s 662
f 70/119/5 76/120/5 72/121/5
s 657
f 69/119/3 70/124/3 72/120/3
s 658
f 69/121/1 73/120/1 74/122/1
s 659
f 75/121/2 73/119/2 69/124/2
s 660
f 76/121/6 74/119/6 73/124/6
s 661
f 71/121/4 72/123/4 76/122/4
s 662
f 70/119/5 74/124/5 76/120/5
s 64
g __(4)__2800_64_-6816_to_2814_79_-6805_Sticky_Piston
usemtl Sticky_Piston
f 1439/125/5 1427/126/5 1438/127/5
s 71
f 1441/127/2 1443/128/2 1440/126/2
s 64
f 1457/125/5 1438/126/5 1453/127/5
s 71
f 1440/127/2 1458/128/2 1456/126/2
s 64
f 1328/125/5 1453/126/5 1326/127/5
s 71
f 1456/127/2 1469/128/2 1468/126/2
s 64
f 1439/125/5 1430/128/5 1427/126/5
s 71
f 1441/127/2 1442/125/2 1443/128/2
s 64
f 1457/125/5 1439/128/5 1438/126/5
s 71
f 1440/127/2 1443/125/2 1458/128/2
s 64
f 1328/125/5 1457/128/5 1453/126/5
s 71
f 1456/127/2 1458/125/2 1469/128/2
s 663
g __(4)__2800_64_-6816_to_2814_79_-6805_Sticky_Piston
usemtl Sticky_Piston
f 363/129/6 361/130/6 364/131/6
s 664
f 367/129/6 365/130/6 368/131/6
s 665
f 370/132/1 372/131/1 371/129/1
s 666
f 375/129/2 373/130/2 376/131/2
s 667
f 379/129/2 377/130/2 380/131/2
s 668
f 382/132/4 384/131/4 381/130/4
s 669
f 387/129/2 385/130/2 388/131/2
s 663
f 363/129/6 362/132/6 361/130/6
s 664
f 367/129/6 366/132/6 365/130/6
s 665
f 370/132/1 369/130/1 372/131/1
s 666
f 375/129/2 374/132/2 373/130/2
s 667
f 379/129/2 378/132/2 377/130/2
s 668
f 382/132/4 383/129/4 384/131/4
s 669
f 387/129/2 386/132/2 385/130/2
s 670
g __(4)__2800_64_-6816_to_2814_79_-6805_Sticky_Piston
usemtl Sticky_Piston
f 149/133/5 152/134/5 151/135/5
s 671
f 153/133/1 151/134/1 155/135/1
s 672
f 156/135/2 153/136/2 155/134/2
s 673
f 152/135/4 154/136/4 156/134/4
s 674
f 150/133/6 153/137/6 154/136/6
s 675
f 152/133/3 155/137/3 151/138/3
s 676
f 157/139/11 162/140/11 158/141/11
s 677
f 161/142/12 159/143/12 163/144/12
s 678
f 159/139/13 164/140/13 163/145/13
s 679
f 160/146/14 162/140/14 164/147/14
s 680
f 159/146/5 158/148/5 160/143/5
s 681
f 163/143/2 162/141/2 161/148/2
s 682
f 165/149/11 170/148/11 166/142/11
s 683
f 169/141/12 167/147/12 171/146/12
s 684
f 167/149/13 172/148/13 171/150/13
s 685
f 168/144/14 170/148/14 172/143/14
s 686
f 167/146/5 166/148/5 168/143/5
s 687
f 171/143/2 170/141/2 169/148/2
s 688
f 173/151/11 178/142/11 174/140/11
s 689
f 177/140/12 175/144/12 179/147/12
s 690
f 175/151/13 180/142/13 179/152/13
s 691
f 176/147/14 178/142/14 180/144/14
s 692
f 181/145/11 186/153/11 182/154/11
s 693
f 185/140/12 183/144/12 187/147/12
s 694
f 183/145/13 188/153/13 187/149/13
s 695
f 184/147/15 186/142/15 188/144/15
s 696
f 199/135/2 198/136/2 200/134/2
s 697
f 201/133/1 199/134/1 203/135/1
s 698
f 202/133/5 203/134/5 204/135/5
s 699
f 200/135/4 202/136/4 204/134/4
s 700
f 197/138/3 202/136/3 198/133/3
s 701
f 199/138/6 204/136/6 203/137/6
s 702
f 205/139/16 210/140/16 206/141/16
s 703
f 211/144/17 205/148/17 207/143/17
s 704
f 207/139/18 212/140/18 211/145/18
s 705
f 206/141/19 212/147/19 208/146/19
s 706
f 207/146/2 206/148/2 208/143/2
s 707
f 210/141/5 211/143/5 212/146/5
s 708
f 213/149/16 218/148/16 214/142/16
s 709
f 219/146/17 213/140/17 215/147/17
s 710
f 215/149/18 220/148/18 219/150/18
s 711
f 214/142/19 220/143/19 216/144/19
s 712
f 215/146/2 214/148/2 216/143/2
s 713
f 218/141/5 219/143/5 220/146/5
s 714
f 221/151/16 226/142/16 222/140/16
s 715
f 227/147/20 221/142/20 223/144/20
s 716
f 223/151/18 228/142/18 227/152/18
s 717
f 222/140/19 228/144/19 224/147/19
s 718
f 229/145/16 234/153/16 230/154/16
s 719
f 235/147/17 229/142/17 231/144/17
s 720
f 231/145/21 236/153/21 235/149/21
s 721
f 230/140/22 236/144/22 232/147/22
s 722
f 287/135/6 286/136/6 288/134/6
s 723
f 289/133/1 287/134/1 291/135/1
s 724
f 290/133/3 291/134/3 292/135/3
s 725
f 288/135/4 290/136/4 292/134/4
s 726
f 286/133/2 289/137/2 290/136/2
s 727
f 288/133/5 291/137/5 287/138/5
s 728
f 293/139/23 298/140/23 294/141/23
s 729
f 297/142/24 295/143/24 299/144/24
s 730
f 295/139/25 300/140/25 299/145/25
s 731
f 296/146/26 298/140/26 300/147/26
s 732
f 296/143/6 293/141/6 294/148/6
s 733
f 300/146/3 297/148/3 299/143/3
s 734
f 301/149/23 306/148/23 302/142/23
s 735
f 305/141/27 303/147/27 307/146/27
s 736
f 303/149/25 308/148/25 307/150/25
s 737
f 304/144/28 306/148/28 308/143/28
s 738
f 304/143/6 301/141/6 302/148/6
s 739
f 308/146/3 305/148/3 307/143/3
s 740
f 309/151/23 314/142/23 310/140/23
s 741
f 313/140/29 311/144/29 315/147/29
s 742
f 311/151/25 316/142/25 315/152/25
s 743
f 312/147/26 314/142/26 316/144/26
s 744
f 317/145/23 322/153/23 318/154/23
s 745
f 321/140/24 319/144/24 323/147/24
s 746
f 319/145/25 324/153/25 323/149/25
s 747
f 320/147/28 322/142/28 324/144/28
s 748
f 421/133/3 424/134/3 423/135/3
s 749
f 425/133/1 423/134/1 427/135/1
s 750
f 428/135/6 425/136/6 427/134/6
s 751
f 424/135/4 426/136/4 428/134/4
s 752
f 421/138/5 426/136/5 422/133/5
s 753
f 423/138/2 428/136/2 427/137/2
s 754
f 429/139/30 434/140/30 430/141/30
s 755
f 435/144/31 429/148/31 431/143/31
s 756
f 431/139/32 436/140/32 435/145/32
s 757
f 430/141/33 436/147/33 432/146/34
s 758
f 429/141/3 432/143/3 431/146/3
s 759
f 436/146/6 433/148/6 435/143/6
s 760
f 437/149/30 442/148/30 438/142/30
s 761
f 443/146/35 437/140/35 439/147/35
s 762
f 439/149/32 444/148/32 443/150/32
s 763
f 438/142/36 444/143/36 440/144/36
s 764
f 437/141/3 440/143/3 439/146/3
s 765
f 444/146/6 441/148/6 443/143/6
s 766
f 445/151/30 450/142/30 446/140/30
s 767
f 451/147/37 445/142/37 447/144/37
s 768
f 447/151/32 452/142/32 451/152/32
s 769
f 446/140/36 452/144/36 448/147/36
s 770
f 453/145/30 458/153/30 454/154/30
s 771
f 459/147/35 453/142/35 455/144/35
s 772
f 455/145/32 460/153/32 459/149/32
s 773
f 454/140/33 460/144/33 456/147/33
s 670
f 149/133/5 150/136/5 152/134/5
s 671
f 153/133/1 149/136/1 151/134/1
s 672
f 156/135/2 154/133/2 153/136/2
s 673
f 152/135/4 150/133/4 154/136/4
s 674
f 150/133/6 149/138/6 153/137/6
s 675
f 152/133/3 156/136/3 155/137/3
s 676
f 157/139/11 161/145/11 162/140/11
s 677
f 161/142/12 157/148/12 159/143/12
s 678
f 159/139/13 160/141/13 164/140/13
s 679
f 160/146/14 158/141/14 162/140/14
s 680
f 159/146/5 157/141/5 158/148/5
s 681
f 163/143/2 164/146/2 162/141/2
s 682
f 165/149/11 169/150/11 170/148/11
s 683
f 169/141/12 165/140/12 167/147/12
s 684
f 167/149/13 168/142/13 172/148/13
s 685
f 168/144/14 166/142/14 170/148/14
s 686
f 167/146/5 165/141/5 166/148/5
s 687
f 171/143/2 172/146/2 170/141/2
s 688
f 173/151/11 177/152/11 178/142/11
s 689
f 177/140/12 173/142/12 175/144/12
s 690
f 175/151/13 176/140/13 180/142/13
s 691
f 176/147/14 174/140/14 178/142/14
s 692
f 181/145/11 185/149/11 186/153/11
s 693
f 185/140/12 181/142/12 183/144/12
s 694
f 183/145/13 184/154/13 188/153/13
s 695
f 184/147/15 182/140/15 186/142/15
s 696
f 199/135/2 197/133/2 198/136/2
s 697
f 201/133/1 197/136/1 199/134/1
s 698
f 202/133/5 201/136/5 203/134/5
s 699
f 200/135/4 198/133/4 202/136/4
s 700
f 197/138/3 201/137/3 202/136/3
s 701
f 199/138/6 200/133/6 204/136/6
s 702
f 205/139/16 209/145/16 210/140/16
s 703
f 211/144/17 209/142/17 205/148/17
s 704
f 207/139/18 208/141/18 212/140/18
s 705
f 206/141/19 210/140/19 212/147/19
s 706
f 207/146/2 205/141/2 206/148/2
s 707
f 210/141/5 209/148/5 211/143/5
s 708
f 213/149/16 217/150/16 218/148/16
s 709
f 219/146/17 217/141/17 213/140/17
s 710
f 215/149/18 216/142/18 220/148/18
s 711
f 214/142/19 218/148/19 220/143/19
s 712
f 215/146/2 213/141/2 214/148/2
s 713
f 218/141/5 217/148/5 219/143/5
s 714
f 221/151/16 225/152/16 226/142/16
s 715
f 227/147/20 225/140/20 221/142/20
s 716
f 223/151/18 224/140/18 228/142/18
s 717
f 222/140/19 226/142/19 228/144/19
s 718
f 229/145/16 233/149/16 234/153/16
s 719
f 235/147/17 233/140/17 229/142/17
s 720
f 231/145/21 232/154/21 236/153/21
s 721
f 230/140/22 234/142/22 236/144/22
s 722
f 287/135/6 285/133/6 286/136/6
s 723
f 289/133/1 285/136/1 287/134/1
s 724
f 290/133/3 289/136/3 291/134/3
s 725
f 288/135/4 286/133/4 290/136/4
s 726
f 286/133/2 285/138/2 289/137/2
s 727
f 288/133/5 292/136/5 291/137/5
s 728
f 293/139/23 297/145/23 298/140/23
s 729
f 297/142/24 293/148/24 295/143/24
s 730
f 295/139/25 296/141/25 300/140/25
s 731
f 296/146/26 294/141/26 298/140/26
s 732
f 296/143/6 295/146/6 293/141/6
s 733
f 300/146/3 298/141/3 297/148/3
s 734
f 301/149/23 305/150/23 306/148/23
s 735
f 305/141/27 301/140/27 303/147/27
s 736
f 303/149/25 304/142/25 308/148/25
s 737
f 304/144/28 302/142/28 306/148/28
s 738
f 304/143/6 303/146/6 301/141/6
s 739
f 308/146/3 306/141/3 305/148/3
s 740
f 309/151/23 313/152/23 314/142/23
s 741
f 313/140/29 309/142/29 311/144/29
s 742
f 311/151/25 312/140/25 316/142/25
s 743
f 312/147/26 310/140/26 314/142/26
s 744
f 317/145/23 321/149/23 322/153/23
s 745
f 321/140/24 317/142/24 319/144/24
s 746
f 319/145/25 320/154/25 324/153/25
s 747
f 320/147/28 318/140/28 322/142/28
s 748
f 421/133/3 422/136/3 424/134/3
s 749
f 425/133/1 421/136/1 423/134/1
s 750
f 428/135/6 426/133/6 425/136/6
s 751
f 424/135/4 422/133/4 426/136/4
s 752
f 421/138/5 425/137/5 426/136/5
s 753
f 423/138/2 424/133/2 428/136/2
s 754
f 429/139/30 433/145/30 434/140/30
s 755
f 435/144/31 433/142/31 429/148/31
s 756
f 431/139/32 432/141/32 436/140/32
s 757
f 430/141/33 434/140/33 436/147/33
s 758
f 429/141/3 430/148/3 432/143/3
s 759
f 436/146/6 434/141/6 433/148/6
s 760
f 437/149/30 441/150/30 442/148/30
s 761
f 443/146/35 441/141/35 437/140/35
s 762
f 439/149/32 440/142/32 444/148/32
s 763
f 438/142/36 442/148/38 444/143/36
s 764
f 437/141/3 438/148/3 440/143/3
s 765
f 444/146/6 442/141/6 441/148/6
s 766
f 445/151/30 449/152/30 450/142/30
s 767
f 451/147/37 449/140/37 445/142/37
s 768
f 447/151/32 448/140/32 452/142/32
s 769
f 446/140/36 450/142/36 452/144/36
s 770
f 453/145/30 457/149/30 458/153/30
s 771
f 459/147/35 457/140/35 453/142/35
s 772
f 455/145/32 456/154/32 460/153/32
s 773
f 454/140/33 458/142/33 460/144/33
