# Blender 4.5.3 LTS
# www.blender.org
mtllib bs_primoulti.mtl
g torsoGeo-mesh.001_Malla
v -9.752970 0.021130 -2.414032
v -9.451908 0.395861 -2.391462
v -9.430190 0.021130 -2.410625
v -9.763616 0.384789 -2.399128
v -9.801088 0.718641 -2.297354
v -9.652047 1.029497 -2.100620
v -9.525150 0.743765 -2.290967
v -9.886681 1.004799 -2.130003
v -10.086822 0.690962 -2.292670
v -10.138347 0.976268 -2.135113
v -10.070640 0.373718 -2.386353
v -10.064678 0.021130 -2.402960
v -10.372128 0.358388 -2.365061
v -10.364038 0.021130 -2.386353
v -10.377664 0.673077 -2.273933
v -10.392568 0.947738 -2.134687
v -9.364613 1.052492 -1.979684
v -9.256877 0.831060 -2.188767
v -9.193853 0.590892 -2.302890
v -9.149568 0.315805 -2.363783
v -9.124018 0.021130 -2.378262
v -9.018412 0.566619 -2.197710
v -8.980938 0.292810 -2.272230
v -8.968589 0.021130 -2.290541
v -9.085267 0.796142 -2.072090
v -9.192576 0.980101 -1.850232
v -9.085267 0.796142 -2.072090
v -9.192576 0.980101 -1.850232
v -9.151418 0.826777 -1.544867
v -9.468514 1.239006 -1.747181
v -9.311667 1.158081 -1.610892
v -9.046667 0.499323 -1.727969
v -8.980938 0.292810 -2.272230
v -9.018412 0.566619 -2.197710
v -10.629329 0.021130 -2.372300
v -10.639548 0.344761 -2.344195
v -10.752394 0.021130 -2.366764
v -10.852889 0.267686 -2.340363
v -10.874607 0.179113 -2.444691
v -10.852889 0.267686 -2.340363
v -10.752394 0.021130 -2.366764
v -10.898880 0.021130 -2.555833
v -10.954663 0.196146 -2.455337
v -10.975955 0.021130 -2.584790
v -11.155230 0.144195 -2.405089
v -11.174818 0.021130 -2.493236
v -10.641678 0.654340 -2.249235
v -10.940185 0.310269 -2.325033
v -10.940185 0.310269 -2.325033
v -11.136919 0.226806 -2.318646
v -11.359628 0.414172 -2.225389
v -11.136919 0.226806 -2.318646
v -11.381771 0.115664 -2.308851
v -11.176947 0.530849 -2.207078
v -11.381771 0.115664 -2.308851
v -11.434149 0.021130 -2.308851
v -11.612572 0.373718 -2.213891
v -10.849483 0.662431 -2.222834
v -10.616128 0.929001 -2.128725
v -11.056437 0.677761 -2.159385
v -10.974252 0.896212 -2.074219
v -10.800087 0.923040 -2.120634
v -9.774687 1.234748 -1.871949
v -9.988880 1.202385 -1.931140
v -10.203073 1.163208 -1.972020
v -9.762764 1.643971 -1.079479
v -9.443672 1.342037 -1.317074
v -9.617556 1.469806 -1.450377
v -9.990583 1.297771 -1.863007
v -9.973976 1.517499 -1.547041
v -10.053606 1.712530 -1.185937
v -10.368296 1.567322 -1.594308
v -10.437279 1.750429 -1.241294
v -11.281701 1.726582 -1.559390
v -11.578932 1.580097 -1.687139
v -11.613849 1.773424 -1.510845
v -11.356222 1.551992 -1.709282
v -11.801641 1.559231 -1.699488
v -11.957068 1.729989 -1.535543
v -12.005188 1.486840 -1.753994
v -11.966437 1.841557 -1.325609
v -11.610442 1.873494 -1.317092
v -11.224640 1.850925 -1.333700
v -10.874607 1.971435 -0.804392
v -10.802642 1.779385 -1.289839
v -11.245080 1.995707 -0.810354
v -10.668506 1.603943 -1.628374
v -10.922727 1.716362 -1.521917
v -10.840966 1.482581 -1.807223
v -11.060696 1.627364 -1.663718
v -11.027055 1.323321 -1.868969
v -11.164172 1.454051 -1.773157
v -10.402362 1.120199 -2.009067
v -10.531387 1.374420 -1.883447
v -10.250340 1.337373 -1.872375
v -10.543736 1.054196 -2.054631
v -10.741748 1.162357 -2.015454
v -10.963606 1.124032 -1.980110
v -10.770704 1.321191 -1.920494
v -11.612145 2.005501 -0.805670
v -11.994542 1.999966 -0.792043
v -12.240246 1.630345 -1.625819
v -12.331799 1.799825 -1.331996
v -12.176371 1.327153 -1.853638
v -12.405042 1.424668 -1.775286
v -12.261110 1.124883 -1.946044
v -12.474452 1.120199 -1.921346
v -12.001781 0.021130 -2.239441
v -12.015407 0.495931 -2.164495
v -11.832726 0.413320 -2.193026
v -11.618959 0.021130 -2.283727
v -11.434149 0.021130 -2.308851
v -11.627049 1.886269 0.864438
v -11.250443 1.603919 1.283859
v -11.251721 1.866652 0.818008
v -12.012426 1.871791 0.889562
v -11.621762 1.598383 1.350714
v -12.538326 1.615866 -1.552151
v -12.723138 1.324172 -1.728870
v -12.337335 0.021130 1.957971
v -11.991378 0.582366 1.910672
v -12.354794 0.571303 1.886857
v -12.366717 1.538365 1.363085
v -11.990100 1.124441 1.704148
v -12.009689 1.573685 1.376263
v -12.394396 1.818136 0.896801
v -12.378215 1.971009 -0.794598
v -12.723989 0.554696 1.809355
v -12.732506 0.021130 1.881321
v -12.735487 1.052492 1.602828
v -12.374382 1.089539 1.681606
v -12.737616 1.469381 1.313263
v -12.750816 1.710401 0.896801
v -12.705679 1.685703 -1.350733
v -12.757630 1.884140 -0.794598
v -12.726118 0.879605 -1.924752
v -13.074874 0.533404 1.650947
v -13.092758 0.021130 1.714395
v -13.071041 0.995005 1.457194
v -13.075726 1.356535 1.168481
v -13.029736 1.249226 -1.553428
v -13.030161 0.860868 -1.736961
v -13.034420 0.444832 -1.867265
v -12.703549 0.021130 -2.082735
v -13.031013 0.021130 -1.907293
v -12.707382 0.465271 -2.047391
v -13.034846 1.523035 -1.295801
v -13.084242 1.715511 -0.764790
v -13.066357 1.552843 0.855069
v -13.419797 0.492525 1.359253
v -13.438107 0.021130 1.405242
v -13.321429 0.417153 -1.610915
v -13.325688 0.021130 -1.650091
v -13.380195 0.920485 1.202973
v -13.300990 0.821266 -1.483592
v -13.683811 0.021130 1.013478
v -13.419797 0.492525 1.359253
v -13.652725 0.452497 0.978986
v -13.438107 0.021130 1.405242
v -13.570115 0.401823 -1.239591
v -13.800062 0.021130 -0.719652
v -13.766848 0.390751 -0.718800
v -13.597368 0.021130 -1.249811
v -13.321429 0.417153 -1.610915
v -13.325688 0.021130 -1.650091
v -13.380195 0.920485 1.202973
v -13.576077 0.832763 0.910853
v -13.300990 0.821266 -1.483592
v -13.512201 0.786774 -1.177846
v -13.308228 1.306287 0.897227
v -13.308228 1.306287 0.897227
v -13.513479 1.093798 0.737966
v -13.300138 1.235599 -1.242572
v -13.300138 1.235599 -1.242572
v -13.483246 1.056325 -1.053077
v -13.356773 1.464696 -0.743499
v -13.682108 0.772296 -0.717949
v -13.547545 1.151285 -0.730298
v -13.356773 1.464696 -0.743499
v -13.824760 0.021130 0.465434
v -13.792397 0.416727 0.449679
v -13.829445 0.388622 -0.105179
v -13.855847 0.021130 -0.097514
v -13.703825 0.804233 0.424555
v -13.744705 0.794013 -0.113269
v -13.560746 1.168744 0.378991
v -13.349534 1.480026 0.360680
v -13.585871 1.211753 -0.142652
v -13.349534 1.480026 0.360680
v -13.092758 1.705717 0.356422
v -13.372529 1.528145 -0.160962
v -12.770831 1.872642 0.355144
v -13.111921 1.763629 -0.180976
v -13.372529 1.528145 -0.160962
v -13.092758 1.705717 0.356422
v -13.349534 1.480026 0.360680
v -12.401210 1.972713 0.345350
v -12.777218 1.935239 -0.211636
v -12.770831 1.872642 0.355144
v -12.012852 2.015296 0.329169
v -12.396951 2.020831 -0.225689
v -12.401210 1.972713 0.345350
v -11.627049 2.020406 0.304045
v -12.006465 2.045955 -0.238463
v -12.012852 2.015296 0.329169
v -11.251468 2.007205 0.272107
v -11.621514 2.045530 -0.260181
v -11.627049 2.020406 0.304045
v -10.895899 1.958234 0.241448
v -10.609578 1.813850 0.274657
v -10.471771 1.901599 0.160966
v -10.895899 1.958234 0.241448
v -10.916598 1.813850 0.751580
v -10.632573 1.701859 0.665137
v -11.248060 2.035735 -0.267420
v -11.251468 2.007205 0.272107
v -12.254724 0.891528 -2.042281
v -12.448050 0.851926 -2.026526
v -12.368421 0.487841 -2.135113
v -12.356071 0.021130 -2.181528
v -12.173816 0.678187 -2.113395
v -10.492637 1.928426 -0.778842
v -10.886105 2.006779 -0.289563
v -10.057557 1.822765 0.122208
v -10.093480 1.885814 -0.274656
v -9.904140 1.800251 -0.697935
v -9.598101 1.519583 -0.944890
v -9.895047 1.742738 -0.236758
v -10.118758 1.883288 -0.751589
v -10.495618 1.959512 -0.289989
v -11.299160 0.628791 -2.073367
v -11.429039 0.545754 -2.086568
v -11.608740 0.517223 -2.078051
v -11.213569 0.733119 -2.039301
v -11.154803 0.888547 -1.978833
v -11.426484 1.354832 -1.719076
v -11.584893 1.374846 -1.703746
v -11.888084 1.308416 -1.751439
v -11.743302 1.359942 -1.712263
v -11.192277 1.192165 -1.833199
v -11.289792 1.285422 -1.764640
v -11.147565 1.050789 -1.911977
v -12.009446 1.195146 -1.822127
v -12.069913 1.051215 -1.887705
v -11.765445 0.545328 -2.063147
v -11.895324 0.604092 -2.043133
v -12.065229 0.885566 -1.955838
v -12.007743 0.733545 -2.006938
v -11.599371 0.958809 -1.912829
v -9.451908 -0.353601 -2.391462
v -9.763616 -0.342529 -2.399128
v -9.801088 -0.676381 -2.297354
v -9.652047 -0.987237 -2.100620
v -9.886681 -0.962539 -2.130003
v -9.525150 -0.701505 -2.290967
v -10.086822 -0.648702 -2.292670
v -10.138347 -0.934008 -2.135113
v -10.070640 -0.331458 -2.386353
v -10.372128 -0.316128 -2.365061
v -10.377664 -0.630817 -2.273933
v -10.392568 -0.905478 -2.134687
v -9.364613 -1.010232 -1.979684
v -9.256877 -0.788800 -2.188767
v -9.193853 -0.548632 -2.302890
v -9.149568 -0.273545 -2.363783
v -8.980938 -0.250550 -2.272230
v -9.018412 -0.524359 -2.197710
v -9.085267 -0.753882 -2.072090
v -9.192576 -0.937841 -1.850232
v -9.085267 -0.753882 -2.072090
v -9.151418 -0.784517 -1.544867
v -9.192576 -0.937841 -1.850232
v -9.468514 -1.196746 -1.747181
v -9.311667 -1.115821 -1.610892
v -9.046667 -0.457063 -1.727969
v -8.980938 -0.250550 -2.272230
v -9.018412 -0.524359 -2.197710
v -10.639548 -0.302501 -2.344195
v -10.852889 -0.225426 -2.340363
v -10.874607 -0.136853 -2.444691
v -10.852889 -0.225426 -2.340363
v -10.954663 -0.153886 -2.455337
v -10.975955 0.021130 -2.584790
v -11.174818 0.021130 -2.493236
v -11.155230 -0.101935 -2.405089
v -10.641678 -0.612080 -2.249235
v -10.940185 -0.268009 -2.325033
v -10.940185 -0.268009 -2.325033
v -11.136919 -0.184546 -2.318646
v -11.381771 -0.073404 -2.308851
v -11.359628 -0.371912 -2.225389
v -11.136919 -0.184546 -2.318646
v -11.176947 -0.488589 -2.207078
v -11.381771 -0.073404 -2.308851
v -11.434149 0.021130 -2.308851
v -11.612572 -0.331458 -2.213891
v -10.849483 -0.620171 -2.222834
v -10.616128 -0.886741 -2.128725
v -11.056437 -0.635501 -2.159385
v -10.974252 -0.853952 -2.074219
v -10.800087 -0.880780 -2.120634
v -9.774687 -1.192488 -1.871949
v -9.988880 -1.160125 -1.931140
v -10.203073 -1.120948 -1.972020
v -9.617556 -1.427546 -1.450377
v -9.443672 -1.299777 -1.317074
v -9.762764 -1.601711 -1.079479
v -9.598101 -1.477323 -0.944890
v -9.990583 -1.255511 -1.863007
v -9.973976 -1.475239 -1.547041
v -10.053606 -1.670270 -1.185937
v -10.368296 -1.525062 -1.594308
v -10.437279 -1.708169 -1.241294
v -11.578932 -1.537837 -1.687139
v -11.281701 -1.684322 -1.559390
v -11.613849 -1.731164 -1.510845
v -11.356222 -1.509732 -1.709282
v -11.801641 -1.516971 -1.699488
v -11.957068 -1.687729 -1.535543
v -12.005188 -1.444580 -1.753994
v -11.610442 -1.831234 -1.317092
v -11.966437 -1.799297 -1.325609
v -11.224640 -1.808665 -1.333700
v -10.802642 -1.737125 -1.289839
v -10.874607 -1.929175 -0.804392
v -11.245080 -1.953447 -0.810354
v -10.668506 -1.561683 -1.628374
v -10.922727 -1.674102 -1.521917
v -11.060696 -1.585104 -1.663718
v -10.840966 -1.440321 -1.807223
v -11.027055 -1.281061 -1.868969
v -11.164172 -1.411791 -1.773157
v -10.402362 -1.077939 -2.009067
v -10.250340 -1.295113 -1.872375
v -10.531387 -1.332160 -1.883447
v -10.543736 -1.011936 -2.054631
v -10.741748 -1.120097 -2.015454
v -10.963606 -1.081772 -1.980110
v -10.770704 -1.278931 -1.920494
v -11.612145 -1.963241 -0.805670
v -11.994542 -1.957706 -0.792043
v -12.240246 -1.588085 -1.625819
v -12.331799 -1.757565 -1.331996
v -12.176371 -1.284893 -1.853638
v -12.405042 -1.382408 -1.775286
v -12.261110 -1.082623 -1.946044
v -12.474452 -1.077939 -1.921346
v -11.832726 -0.371060 -2.193026
v -12.015407 -0.453671 -2.164495
v -11.627049 -1.844009 0.864438
v -11.251721 -1.824392 0.818008
v -11.250443 -1.561659 1.283859
v -11.621762 -1.556123 1.350714
v -11.991378 -0.540106 1.910672
v -11.978177 0.021130 1.977101
v -12.012426 -1.829531 0.889562
v -12.009689 -1.531425 1.376263
v -12.538326 -1.573606 -1.552151
v -12.723138 -1.281912 -1.728870
v -12.366717 -1.496105 1.363085
v -11.990100 -1.082181 1.704148
v -12.374382 -1.047279 1.681606
v -12.394396 -1.775876 0.896801
v -12.378215 -1.928749 -0.794598
v -12.723989 -0.512436 1.809355
v -12.354794 -0.529043 1.886857
v -12.735487 -1.010232 1.602828
v -12.737616 -1.427121 1.313263
v -12.750816 -1.668141 0.896801
v -12.705679 -1.643443 -1.350733
v -12.757630 -1.841880 -0.794598
v -12.726118 -0.837345 -1.924752
v -13.074874 -0.491144 1.650947
v -13.071041 -0.952745 1.457194
v -13.075726 -1.314275 1.168481
v -13.029736 -1.206966 -1.553428
v -13.030161 -0.818608 -1.736961
v -13.034420 -0.402572 -1.867265
v -12.707382 -0.423011 -2.047391
v -13.034846 -1.480775 -1.295801
v -13.084242 -1.673251 -0.764790
v -13.066357 -1.510583 0.855069
v -13.419797 -0.450265 1.359253
v -13.321429 -0.374893 -1.610915
v -13.380195 -0.878225 1.202973
v -13.300990 -0.779006 -1.483592
v -13.419797 -0.450265 1.359253
v -13.652725 -0.410237 0.978986
v -13.570115 -0.359563 -1.239591
v -13.766848 -0.348491 -0.718800
v -13.321429 -0.374893 -1.610915
v -13.380195 -0.878225 1.202973
v -13.576077 -0.790503 0.910853
v -13.300990 -0.779006 -1.483592
v -13.512201 -0.744514 -1.177846
v -13.308228 -1.264027 0.897227
v -13.308228 -1.264027 0.897227
v -13.513479 -1.051538 0.737966
v -13.300138 -1.193339 -1.242572
v -13.300138 -1.193339 -1.242572
v -13.483246 -1.014065 -1.053077
v -13.356773 -1.422436 -0.743499
v -13.682108 -0.730036 -0.717949
v -13.547545 -1.109025 -0.730298
v -13.356773 -1.422436 -0.743499
v -13.792397 -0.374467 0.449679
v -13.829445 -0.346362 -0.105179
v -13.703825 -0.761973 0.424555
v -13.744705 -0.751753 -0.113269
v -13.560746 -1.126484 0.378991
v -13.349534 -1.437766 0.360680
v -13.585871 -1.169493 -0.142652
v -13.349534 -1.437766 0.360680
v -13.092758 -1.663457 0.356422
v -13.372529 -1.485885 -0.160962
v -12.770831 -1.830382 0.355144
v -13.111921 -1.721369 -0.180976
v -13.372529 -1.485885 -0.160962
v -12.401210 -1.930453 0.345350
v -12.777218 -1.892979 -0.211636
v -12.012852 -1.973036 0.329169
v -12.396951 -1.978571 -0.225689
v -11.627049 -1.978146 0.304045
v -12.006465 -2.003695 -0.238463
v -11.251468 -1.964945 0.272107
v -10.916598 -1.771590 0.751580
v -11.621514 -2.003270 -0.260181
v -10.895899 -1.915974 0.241448
v -10.632573 -1.659599 0.665137
v -10.471771 -1.859339 0.160966
v -10.609578 -1.771590 0.274657
v -11.248060 -1.993475 -0.267420
v -12.254724 -0.849268 -2.042281
v -12.448050 -0.809666 -2.026526
v -12.368421 -0.445581 -2.135113
v -12.173816 -0.635927 -2.113395
v -10.492637 -1.886166 -0.778842
v -10.886105 -1.964519 -0.289563
v -10.093480 -1.843554 -0.274656
v -10.057557 -1.780505 0.122208
v -9.904140 -1.757991 -0.697935
v -9.895047 -1.700478 -0.236758
v -9.748987 -1.622977 -0.588063
v -10.118758 -1.841028 -0.751589
v -10.495618 -1.917252 -0.289989
v -11.299160 -0.586531 -2.073367
v -11.429039 -0.503494 -2.086568
v -11.608740 -0.474963 -2.078051
v -11.213569 -0.690859 -2.039301
v -11.154803 -0.846287 -1.978833
v -11.426484 -1.312572 -1.719076
v -11.584893 -1.332586 -1.703746
v -11.888084 -1.266156 -1.751439
v -11.743302 -1.317682 -1.712263
v -11.192277 -1.149905 -1.833199
v -11.289792 -1.243162 -1.764640
v -11.147565 -1.008529 -1.911977
v -12.009446 -1.152886 -1.822127
v -12.069913 -1.008955 -1.887705
v -11.765445 -0.503068 -2.063147
v -11.895324 -0.561832 -2.043133
v -12.065229 -0.843306 -1.955838
v -12.007743 -0.691285 -2.006938
v -11.599371 -0.916549 -1.912829
v -7.754119 0.021130 -1.567056
v -7.797009 0.587050 -1.544468
v -7.312847 0.618561 -1.756953
v -7.285595 0.021130 -1.720330
v -8.134387 0.021130 -1.337107
v -7.797009 -0.544790 -1.544465
v -7.312849 -0.576301 -1.756951
v -3.305553 2.300162 -2.426252
v -3.399017 2.375565 -2.337004
v -3.399003 2.254139 -2.366820
v -3.449027 2.291362 -2.320951
v -3.369219 2.208433 -2.419647
v -3.323305 2.232657 -2.469362
v -3.323305 2.232657 -2.469362
v -3.207830 2.302963 -2.701571
v -3.210959 2.402738 -2.663961
v -3.305553 2.300162 -2.426252
v -3.907614 3.035064 -2.238840
v -3.811391 3.217385 -2.252393
v -3.828365 3.046348 -2.214193
v -3.232972 2.419048 -2.774525
v -3.209513 2.317425 -2.778342
v -3.309459 2.186064 -2.786836
v -3.464942 2.127520 -2.866928
v -3.409406 2.183129 -2.910547
v -3.294537 2.243001 -2.857434
v -3.729638 2.472163 -2.829329
v -4.024413 2.540338 -2.684194
v -4.001918 2.669814 -2.706381
v -3.517612 2.687606 -2.643123
v -3.759877 2.886739 -2.514024
v -3.694220 2.830618 -2.414855
v -3.474278 2.658803 -2.540020
v -3.452232 2.642138 -2.672249
v -3.403771 2.606783 -2.579150
v -3.668184 2.428359 -2.860463
v -3.769066 2.368571 -2.804801
v -3.454849 2.239304 -2.921123
v -3.692797 2.331041 -2.848386
v -3.531415 2.166817 -2.887317
v -3.409406 2.183129 -2.910547
v -3.294537 2.243001 -2.857434
v -3.329849 2.328736 -2.870031
v -3.730853 2.095595 -2.624657
v -3.783351 2.130325 -2.599153
v -3.622419 2.034622 -2.675945
v -3.580204 2.040235 -2.639885
v -3.730853 2.095595 -2.624657
v -3.739676 2.104360 -2.490455
v -3.783351 2.130325 -2.599153
v -3.632997 2.042160 -2.558319
v -3.687231 2.072312 -2.523477
v -3.622419 2.034622 -2.675945
v -3.566549 2.029749 -2.576454
v -3.580204 2.040235 -2.639885
v -3.567305 2.161296 -2.404420
v -3.618257 2.194018 -2.366932
v -3.512743 2.127271 -2.446697
v -3.463945 2.105811 -2.489413
v -3.456849 2.123313 -2.538887
v -3.456849 2.123313 -2.538887
v -3.496473 2.325085 -2.281855
v -3.454822 2.421062 -2.291878
v -3.548849 2.554321 -2.792337
v -3.209513 2.317425 -2.778342
v -3.232972 2.419048 -2.774525
v -3.617915 2.603487 -2.757850
v -3.886496 2.804123 -2.632773
v -3.907614 3.035064 -2.238840
v -3.835438 2.621549 -1.953110
v -3.762821 2.893801 -2.378281
v -3.399017 2.375565 -2.337004
v -2.665350 2.846861 -2.058023
v -3.014709 3.029280 -1.901364
v -2.641060 2.829944 -1.932715
v -2.690003 2.770959 -2.241888
v -3.039567 3.067549 -2.035675
v -2.367140 2.489320 -2.228581
v -2.338719 2.615744 -2.070262
v -2.302059 2.539364 -2.069303
v -2.330589 2.409582 -2.197136
v -2.394994 2.556733 -1.922285
v -2.302059 2.539364 -2.069303
v -2.369816 2.491768 -1.960070
v -2.892971 2.863348 -2.008063
v -3.014709 3.029280 -1.901364
v -3.143401 3.124089 -1.839370
v -3.056232 2.844859 -2.162081
v -3.115541 3.143797 -1.799486
v -2.752572 2.767324 -2.160665
v -2.896408 3.147304 -1.739514
v -2.756274 2.734072 -2.021417
v -2.896408 3.147304 -1.739514
v -2.795776 3.028492 -1.603281
v -2.312903 2.730187 -1.890564
v -2.384607 2.626159 -1.866327
v -2.420609 2.621771 -1.914714
v -2.391371 2.784797 -1.909550
v -2.641060 2.829944 -1.932715
v -2.816308 2.493673 -2.403996
v -2.689268 2.482119 -2.289376
v -2.673798 2.506340 -2.237716
v -2.719324 2.403077 -2.314420
v -2.406998 2.316039 -2.321664
v -2.450583 2.355056 -2.354546
v -2.420609 2.621771 -1.914714
v -2.535043 2.469615 -1.718411
v -2.606607 2.473023 -1.778293
v -2.547140 2.425628 -1.814538
v -2.606607 2.473023 -1.778293
v -2.519446 2.375318 -1.857044
v -2.547673 2.235907 -2.328014
v -2.406998 2.316039 -2.321664
v -2.498217 2.215420 -2.277431
v -2.450583 2.355056 -2.354546
v -2.815772 2.501549 -2.385151
v -2.728677 2.635215 -2.397280
v -3.277376 2.734596 -2.351872
v -2.424861 2.838822 -1.877799
v -2.707953 3.121506 -1.627863
v -2.530663 3.162857 -1.621496
v -2.257844 2.784342 -1.768450
v -2.689268 2.482119 -2.289376
v -2.752572 2.767324 -2.160665
v -2.716903 2.474749 -2.164432
v -2.719324 2.403077 -2.314420
v -2.768178 2.403600 -2.206650
v -2.430478 2.676562 -1.798327
v -2.673798 2.506340 -2.237716
v -2.312903 2.730187 -1.890564
v -3.063087 2.349044 -2.044667
v -2.863558 2.398677 -2.007012
v -2.820774 2.443133 -1.930016
v -2.404532 2.338339 -2.121053
v -2.330589 2.409582 -2.197136
v -2.406998 2.316039 -2.321664
v -2.498217 2.215420 -2.277431
v -2.594880 2.239049 -2.000544
v -2.678612 2.129412 -2.138228
v -2.594880 2.239049 -2.000544
v -2.593534 2.302794 -1.854173
v -2.646087 2.206159 -1.985252
v -2.519446 2.375318 -1.857044
v -2.727960 2.138959 -2.080639
v -2.678612 2.129412 -2.138228
v -2.547140 2.425628 -1.814538
v -2.655704 2.350675 -1.823867
v -3.063087 2.349044 -2.044667
v -3.004852 2.357364 -1.852164
v -2.535043 2.469615 -1.718411
v -3.064065 2.322629 -1.937027
v -2.916061 2.352751 -1.930685
v -2.863558 2.398677 -2.007012
v -3.060962 2.384285 -1.827588
v -2.606607 2.473023 -1.778293
v -3.064670 2.351330 -1.869266
v -2.881775 2.389860 -1.863527
v -2.820774 2.443133 -1.930016
v -2.711114 2.212852 -1.969453
v -2.775556 2.147126 -2.112825
v -2.738850 2.134343 -2.181532
v -2.738850 2.134343 -2.181532
v -2.900740 2.231554 -2.205642
v -2.896045 2.196240 -2.108369
v -2.900740 2.231554 -2.205642
v -2.869665 2.271150 -1.939036
v -2.818584 2.420317 -1.786588
v -2.666717 2.879562 -1.868097
v -2.419703 2.640008 -1.920430
v -2.599600 2.691743 -1.982929
v -2.276463 2.626648 -1.796695
v -2.236082 2.753201 -1.650453
v -2.585785 2.614885 -1.975465
v -2.444762 2.561762 -1.897409
v -2.306462 2.566884 -1.785271
v -2.704235 2.651891 -1.919042
v -2.744248 2.793275 -1.788478
v -2.599600 2.691743 -1.982929
v -2.655971 2.598655 -1.935766
v -2.585785 2.614885 -1.975465
v -2.273407 2.602065 -1.685975
v -2.333608 2.554944 -1.727701
v -2.606607 2.473023 -1.778293
v -2.945265 2.495424 -1.758080
v -3.064013 2.434087 -1.730609
v -3.566985 2.675053 -1.311794
v -3.227066 2.739086 -1.191213
v -3.388958 2.788203 -1.068321
v -2.796810 2.529524 -1.791861
v -2.796810 2.529524 -1.791861
v -2.774186 2.714793 -1.502498
v -2.300463 2.490507 -1.577129
v -2.492703 2.434780 -1.577821
v -2.349061 2.467144 -1.629801
v -2.501626 2.436894 -1.655616
v -2.507026 2.471140 -1.724636
v -2.619363 2.431518 -1.657894
v -2.670663 2.461679 -1.727775
v -2.336603 2.506371 -1.684381
v -2.267004 2.539175 -1.624789
v -2.336603 2.506371 -1.684381
v -2.267004 2.539175 -1.624789
v -2.501399 2.538293 -1.852345
v -2.585785 2.614885 -1.975465
v -2.507026 2.471140 -1.724636
v -2.670663 2.461679 -1.727775
v -2.226411 2.607983 -1.550628
v -2.274774 2.546307 -1.502290
v -2.569485 2.987367 -0.706915
v -2.281946 2.784135 -1.021163
v -2.235270 2.902865 -1.029721
v -2.226411 2.607983 -1.550628
v -2.221703 2.766446 -1.349133
v -4.628577 2.332758 -2.056402
v -4.986942 2.446404 -1.797408
v -4.864845 2.630247 -1.964020
v -4.168534 1.846885 -2.149388
v -4.227529 2.411587 -2.038405
v -4.078521 1.856736 -2.074751
v -4.172850 1.756653 -2.118153
v -4.122145 1.769108 -2.062163
v -4.310187 1.743590 -2.097464
v -4.276747 1.690327 -2.078380
v -4.486743 1.685395 -1.980072
v -4.417394 1.634188 -1.995144
v -4.480719 1.656157 -1.886727
v -4.402465 1.627111 -1.920136
v -4.244447 1.685014 -2.013600
v -4.322826 1.692633 -1.687960
v -4.398747 1.692269 -1.654390
v -4.188140 1.756032 -1.748675
v -4.063312 1.833470 -1.828031
v -4.184350 1.822377 -1.676812
v -4.309204 1.748161 -1.626241
v -4.188140 1.756032 -1.748675
v -4.322826 1.692633 -1.687960
v -4.398747 1.692269 -1.654390
v -4.358469 1.814686 -1.569145
v -4.194458 1.894808 -1.626228
v -4.498497 2.006531 -1.471421
v -4.613039 1.991749 -1.552936
v -4.275401 2.130644 -1.487591
v -4.063312 1.833470 -1.828031
v -4.072190 1.865346 -1.764572
v -4.045235 1.975423 -1.761882
v -4.018868 1.915827 -1.862767
v -4.018868 1.915827 -1.862767
v -4.111408 2.362034 -1.803977
v -4.116479 2.304977 -1.670222
v -4.111408 2.362034 -1.803977
v -3.876932 2.872284 -0.893302
v -3.764737 2.577783 -1.508305
v -3.440752 3.036795 -0.565394
v -3.098829 2.849679 -0.866825
v -3.100983 3.295157 -0.368462
v -2.798486 2.907571 -0.755520
v -2.529260 3.098756 -0.709244
v -3.079659 3.449632 -0.376546
v -2.728361 3.533555 -0.787382
v -3.164203 3.812743 -0.570224
v -4.508372 2.852985 -0.857836
v -4.206437 2.789829 -1.135916
v -4.558096 3.384409 -0.246648
v -4.148148 3.802813 0.026261
v -4.229967 3.691877 -0.031685
v -3.452232 2.642138 -2.672249
v -3.517612 2.687606 -2.643123
v -2.728677 2.635215 -2.397280
v -3.215090 2.897344 -2.361938
v -3.120319 3.017842 -2.222962
v -3.279759 2.373392 -2.144375
v -4.787935 2.127311 -1.802665
v -4.795697 2.176582 -1.910185
v -4.750367 2.118650 -1.926930
v -4.366381 2.483690 -2.106209
v -4.585265 2.268799 -2.071002
v -4.333256 2.409083 -2.117197
v -4.741664 2.071036 -1.820474
v -4.613039 1.991749 -1.552936
v -4.366381 2.483690 -2.106209
v -4.265243 2.492794 -2.024379
v -4.612416 2.858957 -2.065913
v -4.469852 2.818540 -1.981722
v -13.575830 -1.984814 0.546540
v -13.485082 -1.954276 0.576082
v -13.475004 -2.063533 0.514701
v -13.420627 -1.992359 0.559878
v -13.521318 -1.919454 0.609715
v -13.592587 -1.925204 0.609822
v -13.592587 -1.925204 0.609822
v -13.822912 -2.109503 0.638471
v -13.847820 -2.026882 0.695499
v -13.575830 -1.984814 0.546540
v -13.035021 -2.935889 0.539019
v -13.170188 -3.029547 0.478229
v -13.049165 -3.046769 0.619373
v -13.874294 -2.156334 0.729392
v -13.893060 -2.063172 0.749784
v -13.821697 -1.958787 0.854957
v -13.875171 -2.028443 0.881759
v -13.817664 -2.004186 1.007167
v -13.748009 -1.949078 1.023920
v -13.547623 -2.339974 1.042320
v -13.282797 -2.557490 1.050059
v -13.234695 -2.442000 1.087717
v -13.604228 -2.448908 0.709496
v -13.697870 -2.379710 0.711359
v -13.568772 -2.388965 0.617034
v -13.654013 -2.325861 0.622789
v -13.569465 -2.193199 1.080836
v -13.787708 -2.063859 1.024367
v -13.620544 -2.280158 1.045097
v -13.707844 -2.004671 1.066073
v -13.817664 -2.004186 1.007167
v -13.875171 -2.028443 0.881759
v -13.853876 -2.117306 0.885491
v -13.384535 -1.945370 1.013865
v -13.330479 -1.984188 1.014863
v -13.453169 -1.870169 0.999932
v -13.483158 -1.839549 0.946439
v -13.384535 -1.945370 1.013865
v -13.292361 -1.928089 0.917326
v -13.351240 -1.892386 0.921076
v -13.453169 -1.870169 0.999932
v -13.395543 -1.868103 0.921935
v -13.421753 -1.848132 0.894719
v -13.483158 -1.839549 0.946439
v -13.373419 -1.919135 0.733499
v -13.438155 -1.882540 0.743205
v -13.464794 -1.868769 0.747192
v -13.543357 -1.863797 0.774669
v -13.543357 -1.863797 0.774669
v -13.406488 -2.109791 0.499613
v -13.674633 -2.355310 0.883443
v -13.893060 -2.063172 0.749784
v -13.874294 -2.156334 0.729392
v -13.592405 -2.420089 0.880677
v -12.909482 -2.393522 0.407947
v -13.050396 -2.946102 0.467531
v -13.406488 -2.109791 0.499613
v -13.475004 -2.063533 0.514701
v -14.006432 -2.210418 -0.208081
v -13.682831 -2.523192 -0.116603
v -14.058106 -2.254538 -0.099082
v -14.273773 -1.951460 -0.179700
v -14.322710 -1.874926 0.002514
v -14.118064 -2.223799 0.085924
v -14.327389 -1.784485 -0.015421
v -14.294580 -1.871048 -0.174357
v -14.294580 -1.871048 -0.174357
v -14.141003 -1.881709 -0.252547
v -14.174728 -1.821432 -0.213622
v -14.127726 -1.930614 -0.324845
v -14.213284 -2.015115 -0.373669
v -14.122714 -1.946446 -0.266776
v -14.184910 -2.081428 -0.333642
v -14.006432 -2.210418 -0.208081
v -14.028360 -2.267071 -0.287769
v -14.160755 -2.152814 -0.503981
v -13.804440 -2.405983 -0.352562
v -14.101967 -2.177144 -0.662047
v -14.075129 -2.150303 -0.260899
v -14.197930 -2.060737 -0.516753
v -14.148266 -2.113283 -0.653518
v -14.322439 -1.742649 0.153052
v -14.308170 -1.796856 0.188709
v -14.122714 -1.946446 -0.266776
v -13.878370 -1.842981 -0.241955
v -13.903154 -1.806755 -0.324370
v -13.936492 -1.784738 -0.225935
v -13.878370 -1.842981 -0.241955
v -13.976187 -1.730442 -0.187150
v -14.210748 -1.660936 0.195014
v -14.322439 -1.742649 0.153052
v -14.199002 -1.703246 0.253745
v -14.308170 -1.796856 0.188709
v -14.044934 -2.033137 0.348258
v -14.132701 -2.146248 0.271040
v -14.101967 -2.177144 -0.662047
v -13.965549 -2.113265 -0.352142
v -14.075129 -2.150303 -0.260899
v -14.040679 -1.904247 -0.242736
v -14.148266 -2.113283 -0.653518
v -14.054995 -2.044670 -0.692747
v -14.110210 -1.976929 -0.517136
v -14.197930 -2.060737 -0.516753
v -14.213284 -2.015115 -0.373669
v -13.874991 -1.842586 -0.511214
v -13.830843 -1.846325 -0.393451
v -13.810986 -1.854327 -0.289511
v -14.216679 -1.719547 -0.017148
v -14.327389 -1.784485 -0.015421
v -14.210748 -1.660936 0.195014
v -14.322439 -1.742649 0.153052
v -13.978953 -1.648867 0.011281
v -13.963262 -1.597139 0.198411
v -13.889711 -1.644926 0.028281
v -13.897182 -1.690641 -0.133063
v -13.978953 -1.648867 0.011281
v -13.976187 -1.730442 -0.187150
v -13.881844 -1.612466 0.171112
v -13.963262 -1.597139 0.198411
v -13.936492 -1.784738 -0.225935
v -13.838872 -1.752344 -0.143359
v -13.874991 -1.842586 -0.511214
v -13.803702 -1.792588 -0.356531
v -13.767039 -1.822653 -0.505745
v -13.903154 -1.806755 -0.324370
v -13.753326 -1.869169 -0.649245
v -13.830843 -1.846325 -0.393451
v -13.878370 -1.842981 -0.241955
v -13.755067 -1.830989 -0.322778
v -13.701171 -1.854744 -0.497133
v -13.710334 -1.861868 -0.438857
v -13.810986 -1.854327 -0.289511
v -13.843759 -1.666312 0.045124
v -13.857497 -1.643927 0.216462
v -13.937097 -1.627766 0.261287
v -13.937097 -1.627766 0.261287
v -13.824610 -1.781537 0.324700
v -13.824610 -1.781537 0.324700
v -13.767048 -1.733882 0.252906
v -13.712376 -1.768189 0.077892
v -13.701144 -1.866481 -0.118082
v -13.793142 -2.295972 -0.561958
v -14.060372 -2.023422 -0.624455
v -13.959850 -2.242130 -0.696945
v -13.989513 -2.065891 -0.473507
v -14.089297 -1.989711 -0.807585
v -14.046865 -2.132720 -0.871915
v -13.989618 -1.993453 -0.475424
v -14.040935 -1.949015 -0.608997
v -14.072922 -1.929882 -0.785199
v -13.883590 -2.025302 -0.434579
v -13.989513 -2.065891 -0.473507
v -13.741444 -2.198505 -0.510909
v -13.989618 -1.993453 -0.475424
v -13.917400 -1.971465 -0.451924
v -13.990892 -2.053731 -0.970223
v -14.028694 -1.929329 -0.889133
v -14.019635 -1.894554 -0.810015
v -13.878370 -1.842981 -0.241955
v -13.701927 -1.934590 -0.201851
v -13.562045 -1.941037 -0.424369
v -12.832867 -2.222313 -0.191618
v -12.834208 -2.254775 -0.507001
v -13.018162 -2.184507 -0.451756
v -13.727901 -1.937980 -0.392071
v -13.616568 -1.989525 -0.596781
v -13.683650 -1.861431 -0.500617
v -13.721458 -1.830047 -0.514782
v -13.792614 -1.741512 -0.835118
v -13.810951 -1.782286 -0.662085
v -13.739408 -1.758961 -0.684806
v -13.721458 -1.830047 -0.514782
v -13.685093 -1.790841 -0.581323
v -13.856863 -1.774750 -0.834014
v -13.851848 -1.783000 -0.929199
v -13.770809 -1.754171 -0.904567
v -13.851848 -1.783000 -0.929199
v -13.856863 -1.774750 -0.834014
v -13.978935 -1.908125 -0.602279
v -13.989618 -1.993453 -0.475424
v -13.810951 -1.782286 -0.662085
v -12.928270 -2.418808 -1.286782
v -13.313982 -2.262574 -1.284513
v -13.334081 -2.117338 -1.224565
v -13.802128 -1.843975 -1.009464
v -13.857630 -1.980242 -1.083201
v -12.354368 -2.278817 1.023172
v -11.950157 -2.327986 1.039042
v -12.113556 -2.156100 1.029386
v -11.889467 -2.270380 0.943848
v -12.051907 -2.091816 0.951936
v -11.847780 -2.084053 0.616024
v -11.993627 -1.935459 0.678492
v -12.685318 -1.668306 0.908450
v -12.678461 -2.240812 0.784203
v -12.644161 -1.699345 1.014822
v -12.640999 -2.273589 0.905895
v -12.595520 -1.615640 1.013486
v -12.614115 -1.602182 0.940399
v -12.474510 -1.655484 1.055074
v -12.473365 -1.592833 1.038429
v -12.268971 -1.656570 1.041810
v -12.309290 -1.588374 1.037957
v -12.223592 -1.616892 0.966517
v -12.285982 -1.568154 0.968603
v -12.468073 -1.569398 0.969892
v -12.275321 -1.565646 0.720384
v -12.203031 -1.582981 0.727979
v -12.422956 -1.586156 0.696187
v -12.578994 -1.621806 0.690176
v -12.422956 -1.586156 0.696187
v -12.275321 -1.565646 0.720384
v -12.274646 -1.600424 0.650161
v -12.413406 -1.636947 0.616039
v -12.203031 -1.582981 0.727979
v -12.228872 -1.658048 0.614506
v -12.398996 -1.700277 0.557369
v -12.037127 -1.882161 0.691835
v -12.087514 -1.853802 0.561412
v -12.295263 -1.915684 0.423883
v -12.551702 -1.649382 0.629902
v -12.578994 -1.621806 0.690176
v -12.598173 -1.744787 0.585785
v -12.550116 -2.057257 0.455740
v -12.653643 -1.687199 0.678255
v -12.653643 -1.687199 0.678255
v -12.639325 -2.127365 0.545657
v -12.639325 -2.127365 0.545657
v -12.355703 -2.424440 -0.442344
v -12.737561 -2.267277 0.059372
v -12.495382 -2.430139 -0.942287
v -12.853632 -2.272053 -0.816854
v -12.622505 -2.592839 -1.352476
v -12.883492 -2.331482 -1.088362
v -12.981322 -2.510647 -1.337171
v -12.677792 -2.722296 -1.405599
v -12.677792 -2.722296 -1.405599
v -12.833315 -3.067178 -1.330826
v -13.149990 -2.827714 -1.284520
v -12.981322 -2.510647 -1.337171
v -12.219980 -2.457546 -0.049688
v -11.830120 -2.533917 -0.138262
v -11.465100 -2.888716 -0.732405
v -11.737492 -3.093799 -1.313634
v -11.933266 -3.269107 -1.472290
v -13.635621 -1.923906 -0.291581
v -13.701927 -1.934590 -0.201851
v -13.697870 -2.379710 0.711359
v -13.604228 -2.448908 0.709496
v -13.739280 -2.595328 -0.007764
v -13.775795 -2.605993 0.200179
v -13.771017 -2.539743 0.398000
v -14.132701 -2.146248 0.271040
v -13.709372 -2.394641 0.469327
v -13.526170 -2.021961 0.413859
v -12.386570 -2.212346 1.029782
v -12.617373 -2.352803 0.892411
v -12.149393 -2.096102 1.034540
v -12.090582 -2.032291 0.956559
v -12.037127 -1.882161 0.691835
v -12.617373 -2.352803 0.892411
v -12.657669 -2.321744 0.768091
v -10.609578 1.813850 0.274657
v -10.497162 1.632875 0.306593
v -10.471771 1.901599 0.160966
v -10.609578 1.813850 0.274657
v -10.632573 1.701859 0.665137
v -10.497162 1.632875 0.306593
v -10.642632 1.491053 1.103717
v -10.916005 1.579623 1.201655
v -11.247717 1.150399 1.643228
v -11.612394 1.143603 1.687115
v -11.244908 0.608342 1.854464
v -11.598342 0.603232 1.894065
v -10.609578 1.813850 0.274657
v -9.895047 1.742738 -0.236758
v -9.736065 1.454858 -0.239737
v -9.748987 1.665237 -0.588063
v -10.057557 1.822765 0.122208
v -10.013120 1.545534 0.190334
v -9.748987 1.665237 -0.588063
v -10.609578 -1.771590 0.274657
v -10.471771 -1.859339 0.160966
v -10.497162 -1.590615 0.306593
v -10.642631 -1.448793 1.103717
v -10.916005 -1.537363 1.201655
v -11.247717 -1.108139 1.643228
v -11.612394 -1.101343 1.687115
v -11.244908 -0.566082 1.854464
v -11.598342 -0.560972 1.894065
v -11.587093 0.021130 1.962166
v -9.895047 -1.700478 -0.236758
v -9.748987 -1.622977 -0.588063
v -9.736066 -1.412598 -0.239737
v -10.013120 -1.503274 0.190334
v -10.057557 -1.780505 0.122208
v -6.107294 4.946559 1.349981
v -6.037066 5.353484 1.018490
v -6.378436 5.225783 1.192980
v -5.680812 4.637649 1.201760
v -5.837134 5.043403 1.189159
v -5.877206 4.528612 1.301085
v -5.680857 4.280986 0.927504
v -5.557238 4.132128 0.732466
v -9.572454 -5.310486 -0.585114
v -10.199900 -5.113654 -0.944759
v -9.897703 -5.008159 -1.095486
v -9.542376 -4.898330 -1.170769
v -9.234124 -5.209059 -0.798194
v -9.344075 -4.685639 -1.177226
v -9.952356 -3.863720 -1.218302
v -4.432731 2.981271 -2.396880
v -4.571325 3.116618 -2.259903
v -4.389472 3.276033 -2.285305
v -4.484717 2.836536 -2.334193
v -4.226459 3.083829 -2.393926
v -4.073118 2.704965 -2.670568
v -4.400009 2.452838 -2.167045
v -4.475226 2.700576 -1.966375
v -4.585089 2.982380 -2.203360
v -4.095226 2.567806 -2.645061
v -3.982014 2.251800 -2.477300
v -3.917655 2.220924 -2.384336
v -3.288742 2.932995 -2.354823
v -3.828365 3.046348 -2.214193
v -3.811391 3.217385 -2.252393
v -3.187539 3.057157 -2.215511
v -3.659128 3.341029 -2.120439
v -3.509585 3.376534 -1.922284
v -3.106008 3.106912 -2.024852
v -3.781217 2.294430 -2.256160
v -3.603904 2.520954 -2.187454
v -3.648551 2.421919 -2.173830
v -3.454822 2.421062 -2.291878
v -3.150825 3.167054 -1.812696
v -3.458710 3.294380 -1.813437
v -3.412846 3.433965 -1.799600
v -3.117891 3.190371 -1.735612
v -3.263788 3.497361 -1.655437
v -2.896470 3.190859 -1.672667
v -3.075357 3.495440 -1.425642
v -2.718109 3.171756 -1.563354
v -2.957168 3.497541 -1.319365
v -2.540501 3.212682 -1.554782
v -2.998577 3.432303 -1.341321
v -2.801797 3.079801 -1.541647
v -2.791460 3.539464 -1.193612
v -2.336911 3.188276 -1.515943
v -3.082404 3.066418 -1.891167
v -3.458710 3.294380 -1.813437
v -3.082404 3.066418 -1.891167
v -2.801797 3.079801 -1.541647
v -2.998577 3.432303 -1.341321
v -3.215090 2.897344 -2.361938
v -3.362755 2.771152 -2.339151
v -2.795776 3.028492 -1.603281
v -2.311030 3.133118 -1.596318
v -2.230751 3.053252 -1.500136
v -2.351056 3.273873 -1.056591
v -2.239579 3.097077 -1.431113
v -2.861240 3.698244 -0.910140
v -3.252630 3.942392 -0.733853
v -3.376950 2.405113 -2.111096
v -3.783258 2.612426 -1.919609
v -3.458318 2.630112 -1.557740
v -2.957898 2.766792 -1.103233
v -2.746004 2.763990 -1.065089
v -2.486913 2.486680 -1.483303
v -2.221703 2.766446 -1.349133
v -2.273590 2.683009 -1.317682
v -2.276863 2.718020 -1.247818
v -2.224411 2.804849 -1.281072
v -2.235270 2.902865 -1.029721
v -2.529260 3.098756 -0.709244
v -4.138939 2.443429 -1.789215
v -4.302812 2.189664 -1.437269
v -3.956801 2.552694 -1.639668
v -3.079659 3.449632 -0.376546
v -3.977097 4.043024 0.014600
v -2.945265 2.495424 -1.758080
v -3.238688 2.435256 -1.778458
v -3.179234 2.584265 -1.563277
v -3.076552 2.612713 -1.680973
v -3.288742 2.932995 -2.354823
v -3.254832 2.331609 -2.036632
v -4.658582 2.043746 -1.525124
v -4.658582 2.043746 -1.525124
v -4.539195 2.060782 -1.434301
v -12.712198 -2.784154 1.051270
v -12.604706 -3.071899 0.928167
v -12.553054 -2.930869 0.933100
v -12.780903 -2.934696 1.016426
v -13.233552 -2.593944 1.058076
v -12.923309 -3.009172 0.865300
v -12.525882 -2.578670 0.745956
v -12.621262 -2.435278 0.977849
v -13.168190 -2.475790 1.093353
v -13.492865 -2.246906 1.081064
v -13.097002 -2.127568 1.000975
v -13.330479 -1.984188 1.014863
v -13.086391 -2.063374 0.904595
v -13.700528 -2.593458 0.417924
v -13.170188 -3.029547 0.478229
v -13.050396 -2.946102 0.467531
v -13.712594 -2.658847 0.215596
v -13.700528 -2.593458 0.417924
v -13.676567 -2.646435 0.003779
v -13.333869 -2.971968 0.028440
v -13.312837 -1.954236 0.725357
v -13.361381 -2.028385 0.548075
v -13.117398 -2.070254 0.706089
v -13.228441 -2.220649 0.477569
v -13.342458 -2.632663 0.885369
v -13.228441 -2.220649 0.477569
v -13.344269 -2.568496 0.601072
v -13.658819 -2.643828 -0.181706
v -13.352911 -2.970150 -0.133458
v -13.297222 -2.856745 -0.051236
v -13.574333 -2.458985 -0.560324
v -13.385439 -2.798827 -0.671728
v -13.398965 -2.876928 -0.596075
v -13.682831 -2.523192 -0.116603
v -13.620008 -2.571779 -0.102798
v -13.717691 -2.594942 -0.196092
v -13.620008 -2.571779 -0.102798
v -13.297222 -2.856745 -0.051236
v -13.589772 -2.501817 -0.357555
v -13.574725 -2.554808 -0.356071
v -13.556740 -2.414862 -0.562650
v -13.556740 -2.414862 -0.562650
v -13.525140 -2.302394 -0.658648
v -13.507442 -2.369056 -0.662310
v -13.771017 -2.539743 0.398000
v -13.613300 -2.459180 0.489799
v -13.525140 -2.302394 -0.658648
v -13.584007 -2.381544 -0.741795
v -13.507442 -2.369056 -0.662310
v -13.576057 -2.450845 -0.735832
v -13.644423 -2.395117 -0.912265
v -13.633669 -2.467891 -0.906902
v -13.754961 -2.360861 -1.072255
v -13.695233 -2.418200 -1.096020
v -13.795793 -2.272448 -1.140476
v -13.343153 -2.659208 -1.252389
v -13.396858 -2.800007 -1.149252
v -13.721624 -2.300681 -1.183776
v -13.226233 -2.972053 -1.172320
v -12.919979 -2.362906 0.354431
v -13.408703 -2.086846 0.418817
v -13.456290 -1.974028 0.126494
v -13.473197 -2.050349 -0.064514
v -13.090592 -2.172405 -0.692931
v -13.070444 -2.177816 -0.045673
v -13.052651 -2.146493 0.146599
v -13.122471 -2.176762 -0.856658
v -13.802128 -1.843975 -1.009464
v -13.741654 -1.808377 -0.967769
v -13.857630 -1.980242 -1.083201
v -13.888483 -1.904199 -1.005762
v -13.867920 -1.882073 -1.049743
v -13.884372 -1.956434 -1.113336
v -13.313982 -2.262574 -1.284513
v -12.252027 -1.972498 0.378305
v -12.634876 -2.344325 0.241640
v -11.933266 -3.269107 -1.472290
v -12.121281 -3.535112 -1.389938
v -13.438268 -2.062265 -0.234821
v -13.479362 -1.958531 0.326250
v -11.993627 -1.935459 0.678492
v -12.040981 -1.905789 0.540040
v -8.997698 0.021130 -1.788861
v -8.968589 0.021130 -2.290541
v -9.311667 1.158081 -1.610892
v -9.372987 1.151268 -1.140357
v -9.179948 0.560215 -1.230189
v -9.059016 0.021130 -1.373689
v -9.523156 1.250040 -0.634896
v -9.598101 1.519583 -0.944890
v -10.057557 1.822765 0.122208
v -10.013120 1.545534 0.190334
v -10.461658 1.318597 0.956810
v -10.493595 1.562165 0.611898
v -10.909360 0.021130 1.848502
v -10.620328 0.581923 1.666196
v -10.917284 0.600668 1.791839
v -11.245334 0.021130 1.923447
v -10.910304 1.141865 1.582737
v -8.997698 0.021130 -1.788861
v -9.311667 -1.115821 -1.610892
v -9.372986 -1.109008 -1.140357
v -9.059016 0.021130 -1.373689
v -9.179948 -0.517955 -1.230189
v -9.523157 -1.207780 -0.634896
v -9.598101 -1.477323 -0.944890
v -10.057557 -1.780505 0.122208
v -10.013120 -1.503274 0.190334
v -10.632573 -1.659599 0.665137
v -10.461658 -1.276337 0.956810
v -10.642631 -1.448793 1.103717
v -10.497162 -1.590615 0.306593
v -10.493594 -1.519905 0.611898
v -10.609578 -1.771590 0.274657
v -10.620327 -0.539663 1.666195
v -10.630019 0.021130 1.714793
v -10.917284 -0.558408 1.791839
v -10.910303 -1.099605 1.582737
v -6.550148 4.235204 -0.862418
v -6.280995 3.936696 -0.488345
v -6.571007 4.269967 -0.767688
v -6.810890 4.659077 -0.795983
v -6.628435 4.748812 -0.965102
v -7.076317 4.982231 -0.510176
v -6.717371 5.212187 -0.749868
v -6.305054 5.557515 0.690680
v -7.003644 5.425344 0.435645
v -6.674703 5.362739 0.895885
v -6.367604 4.737927 1.411491
v -6.367604 4.737927 1.411491
v -6.109442 4.334678 1.380975
v -5.849016 4.181917 1.000679
v -5.895644 3.930956 0.540796
v -6.023250 3.975508 1.086460
v -6.361363 3.900072 -0.476040
v -6.039117 3.827495 -0.003416
v -6.051178 3.878273 0.022763
v -5.895644 3.930956 0.540796
v -5.792253 4.039216 0.503344
v -6.138306 3.631722 0.016997
v -6.356489 3.731604 -0.507720
v -6.279022 4.529255 -1.177164
v -6.100107 5.080914 -1.035354
v -5.407281 3.585315 -1.570765
v -5.265891 4.428732 -1.287968
v -5.029441 4.183990 -1.382883
v -5.582236 3.875013 -1.437881
v -6.757685 5.511920 -0.330370
v -5.903504 5.458797 -0.683848
v -4.934529 4.758400 -1.003340
v -4.667634 4.508884 -1.089572
v -5.631168 4.757990 -1.173592
v -5.349005 5.119189 -0.874198
v -4.395710 4.634911 -0.726649
v -4.669626 4.914492 -0.607936
v -5.704728 5.642190 -0.181004
v -6.578885 5.656825 0.213491
v -5.546532 5.532814 0.320493
v -5.102679 5.303129 -0.441232
v -4.541326 4.853566 -0.170689
v -4.243461 4.581993 -0.357557
v -4.507334 4.655476 0.128800
v -4.210050 4.394581 -0.065027
v -5.428694 5.292395 0.719232
v -4.978979 5.235390 0.040112
v -4.523089 4.380141 0.336276
v -4.239099 4.161690 0.117280
v -5.351455 4.950541 0.930946
v -4.913969 4.680259 0.637202
v -4.931416 5.001513 0.397644
v -5.368240 4.535235 0.967237
v -4.412659 3.854083 0.090211
v -5.028943 4.261768 0.639578
v -4.728956 3.520995 -0.102621
v -4.678208 4.006628 0.320950
v -4.961251 3.660565 0.120045
v -5.279083 3.896841 0.431875
v -5.813210 3.840665 0.365712
v -5.584152 3.569225 0.110417
v -5.303913 3.317958 -0.190495
v -6.116366 3.595715 -0.078560
v -5.584152 3.569225 0.110417
v -5.813210 3.840665 0.365712
v -6.339010 3.612575 -0.602322
v -5.859421 3.305748 -0.306962
v -5.519063 2.802094 -1.633864
v -5.788086 2.929545 -1.508443
v -6.386637 3.958602 -1.011013
v -6.047453 3.257857 -0.806839
v -6.060995 3.638968 -1.173428
v -5.904120 4.217487 -1.301451
v -7.953096 1.583288 -1.250858
v -7.422161 1.782408 -1.497154
v -7.366386 1.238117 -1.668360
v -7.855347 1.091226 -1.443974
v -8.389970 1.319169 -0.966197
v -8.231651 0.960484 -1.179518
v -8.597446 1.706388 -0.666589
v -8.081738 1.972369 -1.015038
v -6.823364 0.678157 -1.899972
v -6.867754 0.021130 -1.827183
v -9.479867 0.647092 1.997967
v -9.860832 1.221510 1.569991
v -9.852739 0.630049 1.736483
v -9.811009 0.021130 1.752237
v -9.457154 0.021130 1.976218
v -7.728026 0.675622 2.472763
v -7.020084 1.311696 2.321136
v -7.747235 1.403948 2.486605
v -8.417734 0.021130 2.352215
v -7.713123 0.021130 2.411016
v -8.432652 0.681636 2.404205
v -8.972148 0.021130 2.190830
v -9.010046 0.667096 2.229155
v -8.499391 1.424000 2.433007
v -9.070456 1.377540 2.225023
v -9.484980 1.333946 1.921324
v -10.151855 -4.184664 0.175754
v -9.630938 -3.980374 -0.681303
v -9.764793 -3.911515 -0.193327
v -10.315491 -4.254520 -0.209938
v -10.009001 -4.102490 -0.315405
v -10.492570 -4.559289 0.140940
v -10.462688 -4.340726 -0.128273
v -10.459258 -5.155701 -0.741249
v -9.879397 -5.271513 -0.401555
v -10.128788 -5.131253 -0.229438
v -9.309836 -5.288487 -0.199644
v -8.967422 -5.210208 -0.477598
v -9.309836 -5.288487 -0.199644
v -9.074006 -4.924102 -0.941047
v -9.089261 -4.522984 -1.053622
v -8.796982 -4.896969 -0.731780
v -9.290930 -4.151295 -1.012544
v -9.487692 -3.997479 -0.750659
v -9.089261 -4.522984 -1.053622
v -9.064010 -4.070289 -1.076509
v -9.435326 -3.791666 -0.975354
v -10.784334 -4.480685 0.429502
v -10.714853 -4.828929 -0.046399
v -11.048394 -4.883989 0.072041
v -10.776073 -4.972985 -0.217067
v -11.574961 -3.578175 0.678396
v -11.648306 -4.254660 0.113022
v -11.383104 -3.830804 0.600804
v -11.847219 -3.995960 0.160291
v -11.820044 -4.414462 -0.387598
v -12.035862 -4.142541 -0.372527
v -11.524590 -4.771902 -0.395362
v -12.090542 -4.099331 -0.847059
v -11.857850 -4.397204 -0.882931
v -11.175743 -5.120279 -0.859133
v -10.692158 -5.130974 -0.461150
v -10.978240 -4.939519 -1.217955
v -11.551425 -4.782000 -0.901200
v -11.543832 -3.963841 -1.455501
v -11.725614 -4.202577 -1.268959
v -12.012076 -3.913707 -1.204134
v -11.848233 -3.658664 -1.395338
v -10.710287 -4.705037 -1.445947
v -11.388086 -4.588480 -1.289607
v -11.150017 -4.324121 -1.494045
v -11.352262 -3.685031 -1.527134
v -11.678335 -3.405275 -1.450065
v -10.435711 -4.436954 -1.536699
v -10.908602 -4.027954 -1.585799
v -10.153135 -4.134028 -1.489647
v -11.493767 -3.182029 -1.244119
v -10.676167 -3.720094 -1.442048
v -9.370605 -4.307875 -1.090705
v -10.488409 -3.469419 -1.089221
v -9.875914 -3.645048 -0.810455
v -10.376986 -3.274357 -0.604970
v -9.875914 -3.645048 -0.810455
v -9.370605 -4.307875 -1.090705
v -9.895426 -3.496526 -0.274786
v -10.376986 -3.274357 -0.604970
v -10.098140 -3.603366 0.258894
v -10.373841 -3.162461 -0.066355
v -11.138056 -3.080596 0.994953
v -10.528359 -3.242707 0.457827
v -10.971508 -2.651731 0.824440
v -11.256883 -2.551570 0.770760
v -11.415640 -2.902575 1.027165
v -10.434692 -3.983383 0.520968
v -10.795536 -3.652364 0.665525
v -11.362408 -4.581924 0.092233
v -11.101023 -4.187446 0.496549
v -7.947131 -1.538705 -1.252775
v -7.366390 -1.195857 -1.668355
v -7.417444 -1.734293 -1.497177
v -8.386930 -1.275555 -0.966196
v -7.855349 -1.048966 -1.443970
v -8.231651 -0.918224 -1.179517
v -8.555383 -1.677363 -0.683865
v -8.172463 -0.520936 -1.279584
v -6.823366 -0.635897 -1.899970
v -9.479866 -0.604832 1.997966
v -9.852738 -0.587789 1.736481
v -7.727913 -0.633662 2.472759
v -7.098552 0.021130 2.281105
v -7.713123 0.021130 2.411016
v -8.417734 0.021130 2.352215
v -8.432766 -0.639324 2.404203
v -7.718347 -1.323300 2.468076
v -9.010045 -0.624836 2.229153
v -9.860829 -1.179250 1.569987
v -9.484976 -1.291686 1.921318
v -3.966779 3.165519 -2.310848
v -4.064528 3.417480 -2.220976
v -3.807164 3.540491 -2.056316
v -3.581949 3.633417 -1.830432
v -4.044080 2.277082 -2.434247
v -4.400009 2.452838 -2.167045
v -4.317761 2.583156 -1.854526
v -4.475226 2.700576 -1.966375
v -4.044080 2.277082 -2.434247
v -4.237075 2.358922 -2.108581
v -3.977630 2.250971 -2.345262
v -3.831166 2.319633 -2.214951
v -4.059080 2.421574 -1.993717
v -3.835438 2.621549 -1.953110
v -3.697632 2.451808 -2.126467
v -3.664212 2.555169 -2.137770
v -3.890497 2.522573 -1.885425
v -4.180497 2.590909 -1.738306
v -3.783258 2.612426 -1.919609
v -3.773968 2.576042 -1.827992
v -3.955838 2.853199 -2.597433
v -3.835438 2.621549 -1.953110
v -3.783258 2.612426 -1.919609
v -3.664212 2.555169 -2.137770
v -3.603904 2.520954 -2.187454
v -3.388941 3.703263 -1.613671
v -3.178189 3.746256 -1.318630
v -3.020896 3.749931 -1.114140
v -2.573053 3.485090 -1.064696
v -3.186780 2.407340 -1.859336
v -3.110454 2.546776 -1.722376
v -2.862375 2.474605 -1.721287
v -3.068276 2.548728 -1.499207
v -2.859189 2.605429 -1.473292
v -3.070408 2.580391 -1.421757
v -2.853699 2.632273 -1.394072
v -3.398303 2.694456 -1.440917
v -3.458710 3.294380 -1.813437
v -2.998577 3.432303 -1.341321
v -3.532620 2.512836 -1.715842
v -2.498546 2.729954 -1.038654
v -2.774186 2.714793 -1.502498
v -2.957898 2.766792 -1.103233
v -2.832379 2.820847 -1.153609
v -2.774755 2.726054 -1.438689
v -2.672029 2.634703 -1.274644
v -2.832379 2.820847 -1.153609
v -2.774755 2.726054 -1.438689
v -2.832379 2.820847 -1.153609
v -2.478383 2.641851 -1.243626
v -2.669664 2.486685 -1.511235
v -2.667222 2.593874 -1.348206
v -2.478444 2.604775 -1.313188
v -2.774186 2.714793 -1.502498
v -2.733239 2.601017 -1.620605
v -2.733239 2.601017 -1.620605
v -2.774186 2.714793 -1.502498
v -2.654427 2.436473 -1.601469
v -2.707161 2.479749 -1.698687
v -2.707161 2.479749 -1.698687
v -2.224411 2.804849 -1.281072
v -4.578045 2.934031 -2.052607
v -4.244008 2.745625 -1.843481
v -4.138026 2.387751 -1.638357
v -5.239012 3.560670 -1.665015
v -4.560826 3.580901 -1.951495
v -4.772619 3.350981 -2.038621
v -3.735956 3.961999 -1.417859
v -4.124603 3.807114 -1.766747
v -5.382174 3.245090 -1.746879
v -5.407281 3.585315 -1.570765
v -4.866559 4.095657 -1.465991
v -4.477386 4.386102 -1.161577
v -3.432755 3.995317 -1.009537
v -4.191709 4.507836 -0.797143
v -4.233478 2.759103 -1.279603
v -5.098462 3.151497 -0.416398
v -4.941596 3.037883 -0.544062
v -4.412659 3.854083 0.090211
v -4.728956 3.520995 -0.102621
v -4.239099 4.161690 0.117280
v -3.977097 4.043024 0.014600
v -3.953195 4.289301 -0.204741
v -4.210050 4.394581 -0.065027
v -4.239099 4.161690 0.117280
v -4.020790 4.453170 -0.449869
v -5.029441 4.183990 -1.382883
v -4.667634 4.508884 -1.089572
v -3.076552 2.612713 -1.680973
v -3.827580 2.942585 -2.467259
v -3.191540 2.616684 -1.524070
v -4.243461 4.581993 -0.357557
v -4.395710 4.634911 -0.726649
v -3.347392 2.364363 -2.006140
v -3.783258 2.612426 -1.919609
v -3.376950 2.405113 -2.111096
v -3.268843 2.434947 -1.834252
v -3.180833 2.574205 -1.695824
v -3.412824 2.728718 -1.572111
v -3.160449 2.641858 -1.655593
v -3.412824 2.728718 -1.572111
v -3.160449 2.641858 -1.655593
v -3.279759 2.373392 -2.144375
v -4.138939 2.443429 -1.789215
v -13.016429 -3.232535 0.537413
v -12.773537 -3.192556 0.803753
v -13.293367 -3.036997 0.266986
v -13.166096 -3.245126 0.228309
v -13.247139 -3.218213 -0.094819
v -13.009982 -2.169399 0.995492
v -12.621262 -2.435278 0.977849
v -12.528621 -2.455587 0.620215
v -12.660172 -2.322036 0.842185
v -13.009982 -2.169399 0.995492
v -13.040672 -2.106520 0.694791
v -13.004777 -2.108062 0.899385
v -13.049165 -3.046769 0.619373
v -13.331773 -2.704303 0.689471
v -13.035021 -2.935889 0.539019
v -13.301418 -2.631834 0.598362
v -13.372017 -2.651747 0.696560
v -12.909482 -2.393522 0.407947
v -13.148883 -2.261833 0.464724
v -13.102776 -2.174328 0.508794
v -12.813667 -2.326545 0.416917
v -12.813667 -2.326545 0.416917
v -12.858720 -2.324520 0.293231
v -12.919979 -2.362906 0.354431
v -12.909482 -2.393522 0.407947
v -13.304676 -2.680003 0.889443
v -12.909482 -2.393522 0.407947
v -13.148883 -2.261833 0.464724
v -13.400975 -2.954879 -0.342165
v -13.284140 -3.183071 -0.381736
v -13.410180 -2.847120 -0.732828
v -13.281953 -3.116585 -0.720338
v -13.423777 -2.857121 -0.929958
v -13.271819 -3.061366 -0.950402
v -13.385439 -2.798827 -0.671728
v -13.390540 -1.970552 -0.374353
v -13.587122 -1.903189 -0.497578
v -13.630507 -1.901983 -0.357563
v -13.558514 -1.865556 -0.552100
v -13.305998 -2.018004 -0.404256
v -13.082670 -2.185100 -0.188073
v -13.297222 -2.856745 -0.051236
v -13.385439 -2.798827 -0.671728
v -13.175138 -2.143644 -1.044742
v -13.727901 -1.937980 -0.392071
v -13.616568 -1.989525 -0.596781
v -13.090592 -2.172405 -0.692931
v -13.190962 -2.200557 -0.752206
v -13.590919 -1.950263 -0.634584
v -13.590919 -1.950263 -0.634584
v -13.190962 -2.200557 -0.752206
v -13.492565 -1.904220 -0.753812
v -13.190962 -2.200557 -0.752206
v -13.682715 -1.852711 -0.894415
v -13.636207 -1.853468 -0.688588
v -13.646514 -1.865232 -0.586642
v -13.688253 -1.824283 -0.756783
v -13.768843 -1.845744 -0.832823
v -13.616568 -1.989525 -0.596781
v -13.653673 -1.992427 -0.533319
v -13.653673 -1.992427 -0.533319
v -13.616568 -1.989525 -0.596781
v -13.685643 -1.762528 -0.722437
v -13.630450 -1.809390 -0.575773
v -13.683650 -1.861431 -0.500617
v -13.884372 -1.956434 -1.113336
v -12.538947 -2.570167 0.567896
v -12.616552 -2.213064 0.525358
v -12.521847 -2.139435 0.418792
v -11.763685 -3.536402 0.672029
v -12.333654 -3.296875 0.795306
v -12.485838 -3.453923 0.529650
v -12.911556 -3.481376 -0.445710
v -12.756733 -3.521192 0.085977
v -11.574961 -3.578175 0.678396
v -11.656293 -3.307106 0.893829
v -12.013075 -3.893795 0.168700
v -12.214045 -3.997015 -0.378732
v -12.932696 -3.351596 -0.926797
v -12.276484 -3.944910 -0.859241
v -12.264393 -2.468935 0.093194
v -11.680211 -3.031124 -1.188348
v -11.295231 -2.728656 -0.192646
v -11.493767 -3.182029 -1.244119
v -11.270780 -3.005795 -0.805724
v -11.678335 -3.405275 -1.450065
v -12.895768 -3.222600 -1.204504
v -11.848233 -3.658664 -1.395338
v -11.678335 -3.405275 -1.450065
v -12.228196 -3.759497 -1.212822
v -11.847219 -3.995960 0.160291
v -12.035862 -4.142541 -0.372527
v -13.487234 -2.095904 -0.136974
v -13.331773 -2.704303 0.689471
v -13.367309 -2.094462 -0.222142
v -13.487234 -2.095904 -0.136974
v -12.012076 -3.913707 -1.204134
v -12.090542 -4.099331 -0.847059
v -13.410041 -1.997032 0.341262
v -12.919979 -2.362906 0.354431
v -13.408703 -2.086846 0.418817
v -13.388922 -2.006976 0.141134
v -13.403350 -2.082122 -0.056928
v -13.155069 -2.245076 -0.085004
v -13.419259 -2.133010 -0.123619
v -13.419259 -2.133010 -0.123619
v -13.155069 -2.245076 -0.085004
v -13.526170 -2.021961 0.413859
v -10.210000 1.602191 0.510979
v -10.497162 1.632875 0.306593
v -10.493595 1.562165 0.611898
v -10.461658 1.318597 0.956810
v -10.309216 1.565571 0.690249
v -10.210000 1.602191 0.510979
v -10.013120 1.545534 0.190334
v -10.497162 1.632875 0.306593
v -9.443672 1.342037 -1.317074
v -9.336080 0.976651 -0.990440
v -10.412689 0.021130 1.465236
v -10.426475 0.571295 1.430343
v -10.620328 0.581923 1.666196
v -10.630019 0.021130 1.714793
v -10.437654 1.013696 1.227610
v -10.631560 1.100578 1.481844
v -10.642632 1.491053 1.103717
v -10.631560 1.100578 1.481844
v -10.210000 -1.559931 0.510979
v -10.493594 -1.519905 0.611898
v -10.497162 -1.590615 0.306593
v -10.309216 -1.523311 0.690248
v -10.461658 -1.276337 0.956810
v -10.210000 -1.559931 0.510979
v -10.497162 -1.590615 0.306593
v -10.013120 -1.503274 0.190334
v -9.443672 -1.299777 -1.317074
v -9.336080 -0.934391 -0.990439
v -10.620327 -0.539663 1.666195
v -10.426476 -0.529035 1.430343
v -10.631560 -1.058318 1.481843
v -10.437654 -0.971436 1.227610
v -10.631560 -1.058318 1.481843
v -8.586387 4.177307 -0.126457
v -8.322473 4.589511 0.245787
v -8.202163 4.309581 -0.220573
v -8.688433 4.407909 0.327249
v -8.697734 4.473647 0.841901
v -8.334276 4.663500 0.833322
v -8.673875 4.369807 1.266218
v -8.311227 4.495070 1.363162
v -7.968750 4.676197 0.199855
v -7.853224 4.393144 -0.251725
v -8.005686 4.768525 0.775465
v -7.925631 4.504000 1.428600
v -8.207970 4.123708 1.843708
v -7.764672 4.128935 1.831779
v -6.679348 4.077319 -0.755855
v -7.030415 4.472424 -0.717230
v -7.041699 3.707792 -0.683129
v -7.341331 4.197821 -0.635116
v -7.292310 4.795523 -0.416613
v -7.552800 4.581881 -0.318614
v -7.171031 5.239693 -0.092051
v -7.672044 4.874867 0.114763
v -7.853224 4.393144 -0.251725
v -7.968750 4.676197 0.199855
v -7.414776 5.067492 0.008522
v -7.646700 5.008854 0.667172
v -8.005686 4.768525 0.775465
v -7.331257 5.215780 0.564346
v -7.925631 4.504000 1.428600
v -7.462065 4.842537 1.205214
v -6.997456 5.137765 1.008194
v -6.641026 4.978797 1.293419
v -7.181574 4.555569 1.580936
v -6.641026 4.978797 1.293419
v -6.888769 4.234710 1.737939
v -7.577300 3.620883 2.062591
v -7.086114 3.423488 1.833418
v -6.553755 3.876040 1.637061
v -6.387928 3.601407 1.236746
v -6.772223 3.270363 1.352635
v -6.337767 3.417446 0.710458
v -6.665322 3.132327 0.806431
v -5.792253 4.039216 0.503344
v -6.020562 3.754796 0.610996
v -7.306168 2.987985 -0.307941
v -6.720739 3.342134 -0.418471
v -6.802166 3.014191 0.238141
v -6.451418 3.299665 0.124320
v -6.337767 3.417446 0.710458
v -6.665322 3.132327 0.806431
v -6.020562 3.754796 0.610996
v -7.674219 3.952213 -0.549107
v -8.129305 3.677290 2.135831
v -5.098462 3.151497 -0.416398
v -5.098462 3.151497 -0.416398
v -5.559402 2.967128 -0.612948
v -5.372150 2.688054 -0.861520
v -5.303913 3.317958 -0.190495
v -5.713104 2.551470 -1.198159
v -5.420316 2.530900 -1.271844
v -7.840408 3.029627 -0.594866
v -7.810262 2.863106 -0.545326
v -7.306780 2.844125 -0.218475
v -6.866758 2.899517 0.276171
v -6.721213 3.019045 0.817644
v -6.721213 3.019045 0.817644
v -6.799165 3.100464 1.386607
v -7.146082 3.122385 1.892351
v -7.612198 3.190358 2.162354
v -8.125377 3.263450 2.246534
v -8.698409 3.252125 2.153547
v -8.683423 3.686960 1.982998
v -8.874010 2.845866 -0.237602
v -8.856307 3.204715 -0.264768
v -8.391968 3.104883 -0.534494
v -8.367089 2.837704 -0.504799
v -6.602235 2.896988 0.804843
v -6.779604 2.784862 0.237119
v -6.866758 2.899517 0.276171
v -6.721213 3.019045 0.817644
v -6.620805 2.937456 1.341566
v -6.799165 3.100464 1.386607
v -7.306780 2.844125 -0.218475
v -7.186914 2.751622 -0.402211
v -6.389792 2.741102 0.756372
v -6.490066 2.666523 0.167234
v -6.612498 2.638737 -0.494661
v -5.832791 2.484586 -0.018513
v -6.849792 2.621906 -0.761664
v -6.455153 2.342101 -1.169270
v -5.901139 2.449920 -0.496628
v -6.348857 2.692834 1.239129
v -5.285808 2.134894 0.479243
v -5.241419 2.255401 -0.010437
v -5.921068 2.490819 0.606192
v -7.810262 2.863106 -0.545326
v -7.693817 2.739307 -0.711877
v -7.928647 3.433599 -0.649820
v -7.448735 3.338246 -0.553847
v -7.674219 3.952213 -0.549107
v -8.063807 3.909956 -0.513115
v -8.410027 3.491164 -0.517953
v -6.288632 1.298593 -1.718161
v -5.835052 1.878330 -1.403845
v -5.827812 1.298290 -1.666632
v -6.238597 1.911386 -1.465192
v -5.860764 2.253599 -1.055452
v -5.153039 1.782762 -1.261972
v -5.159078 1.253507 -1.511987
v -5.207837 2.202606 -0.469474
v -5.169695 2.032250 -0.909356
v -6.786743 1.333055 -1.838231
v -6.238597 1.911386 -1.465192
v -6.288632 1.298593 -1.718161
v -6.809027 1.941273 -1.656436
v -6.455153 2.342101 -1.169270
v -7.030117 2.339138 -1.360652
v -7.529531 2.180511 -1.255481
v -6.849792 2.621906 -0.761664
v -7.351866 2.590953 -0.999413
v -8.321092 2.612382 -0.571606
v -8.228922 2.323435 -0.768076
v -7.643035 2.520874 -0.954499
v -9.347850 1.776061 0.319885
v -9.668509 1.559633 0.252939
v -9.632745 1.853878 0.746898
v -9.889786 1.672451 0.648945
v -8.367089 2.837704 -0.504799
v -8.885450 1.261040 -0.438721
v -8.718726 0.976475 -0.723041
v -9.037299 0.951968 -0.830773
v -8.885450 1.261040 -0.438721
v -8.718726 0.976475 -0.723041
v -9.205708 1.196252 -0.513113
v -9.320799 2.051680 0.306774
v -9.469370 2.175309 0.790734
v -9.138229 1.503873 -0.066331
v -9.420678 1.423795 -0.135838
v -8.740289 2.113432 -0.413125
v -9.501305 2.522636 0.799151
v -8.874010 2.845866 -0.237602
v -8.848433 2.467731 -0.242929
v -9.009059 1.951956 -0.122555
v -9.275118 2.866716 0.198178
v -9.501910 2.941849 0.741678
v -9.252226 2.457327 0.226019
v -8.459069 3.861158 -0.403372
v -9.275118 2.866716 0.198178
v -9.216187 3.297554 0.133362
v -8.789112 3.547893 -0.280685
v -9.073446 3.676866 0.053495
v -9.501910 2.941849 0.741678
v -9.411154 3.393554 0.642591
v -8.986307 4.149484 0.412639
v -8.879105 3.975212 -0.015158
v -9.228633 3.819130 0.520701
v -9.398376 3.499142 1.187153
v -9.501159 3.069845 1.334877
v -8.971625 4.228995 0.854917
v -9.196198 3.937907 0.990897
v -9.149570 3.604916 1.655709
v -9.183589 3.172722 1.825352
v -9.020022 3.993479 1.402384
v -8.675699 4.071124 1.692652
v -8.900537 4.226796 1.170418
v -8.747010 3.800755 -0.239752
v -10.039948 1.634955 1.027053
v -9.632745 1.853878 0.746898
v -9.819961 1.820636 1.224656
v -9.889786 1.672451 0.648945
v -5.928109 2.385269 1.072579
v -5.351808 1.944960 0.966315
v -9.469370 2.175309 0.790734
v -9.575118 2.191949 1.339206
v -9.501305 2.522636 0.799151
v -9.501910 2.941849 0.741678
v -9.501159 3.069845 1.334877
v -9.569242 2.665678 1.452608
v -8.901036 0.547441 -1.079450
v -8.571029 0.549570 -0.925731
v -8.571029 0.549570 -0.925731
v -8.172463 0.563196 -1.279585
v -6.401805 0.693925 -1.865895
v -6.555631 0.021138 -1.874014
v -5.809952 0.665484 -1.805859
v -6.401805 0.693925 -1.865895
v -5.816753 0.021181 -1.867583
v -5.151865 0.633489 -1.656368
v -5.150892 0.021179 -1.702809
v -6.555631 0.021138 -1.874014
v -8.847810 0.021130 -1.185053
v -8.505877 0.021130 -1.031759
v -8.505877 0.021130 -1.031759
v -9.059016 0.021130 -1.373689
v -9.179948 0.560215 -1.230189
v -9.336080 0.976651 -0.990440
v -9.523156 1.250040 -0.634896
v -9.736065 1.454858 -0.239737
v -8.125377 3.263450 2.246534
v -8.687302 2.817872 2.259365
v -8.022351 2.812262 2.379720
v -8.698409 3.252125 2.153547
v -8.654276 2.189105 2.408371
v -7.913453 2.193128 2.479624
v -6.406584 2.413789 1.588881
v -5.854050 2.059208 1.280937
v -6.354671 1.828127 1.714234
v -5.884490 1.668261 1.447415
v -7.145772 2.083141 2.316224
v -5.509346 0.593438 1.556404
v -5.917330 0.021140 1.641130
v -5.521223 0.021146 1.592997
v -5.902322 0.612167 1.640250
v -5.457265 1.152114 1.453370
v -5.890883 1.198109 1.577257
v -5.406839 1.559647 1.290753
v -6.365389 1.236007 1.820837
v -6.399882 0.021130 1.865975
v -6.386487 0.635576 1.896147
v -6.800905 0.655599 2.120150
v -6.753382 1.269151 2.049891
v -7.032016 0.663679 2.332592
v -6.753382 1.269151 2.049891
v -6.800905 0.655599 2.120150
v -6.884790 0.021130 2.122704
v -6.884790 0.021130 2.122704
v -7.098552 0.021130 2.281105
v -10.114618 1.080565 1.366872
v -10.437654 1.013696 1.227610
v -10.133778 0.582358 1.545715
v -10.426475 0.571295 1.430343
v -10.110359 0.021130 1.570413
v -10.412689 0.021130 1.465236
v -7.425089 2.749053 2.267032
v -7.612198 3.190358 2.162354
v -6.832031 2.785829 1.796237
v -6.824622 2.003925 1.995064
v -6.824622 2.003925 1.995064
v -7.146082 3.122385 1.892351
v -7.171291 2.697555 2.072751
v -7.171291 2.697555 2.072751
v -9.183589 3.172722 1.825352
v -9.233059 2.766982 1.931564
v -9.555545 1.986479 1.738427
v -9.234894 2.115762 2.132158
v -9.889750 -3.116612 0.552154
v -9.878091 -3.467310 0.954696
v -9.731088 -2.916130 0.841920
v -9.688764 -3.242665 1.221915
v -9.463948 -3.592366 1.505425
v -9.613638 -3.865913 1.271815
v -9.150509 -3.818940 1.670140
v -9.174986 -4.130539 1.473267
v -9.960722 -3.707594 0.658914
v -9.961004 -3.367774 0.285181
v -9.724623 -4.070813 0.994340
v -9.132238 -4.391684 1.189269
v -8.599760 -4.263475 1.566605
v -8.569822 -4.519603 1.194605
v -9.849739 -3.785260 -0.651283
v -10.170271 -3.863039 -0.349337
v -9.528216 -3.267540 -0.702025
v -9.951577 -3.417182 -0.299387
v -10.310356 -4.010798 -0.070577
v -10.126308 -3.672460 0.076737
v -10.488752 -4.534210 -0.009937
v -10.148387 -3.982153 0.411087
v -9.961004 -3.367774 0.285181
v -9.960722 -3.707594 0.658914
v -10.330556 -4.253459 0.186444
v -10.389378 -4.879062 -0.028175
v -9.967047 -4.351041 0.677311
v -9.724623 -4.070813 0.994340
v -10.171023 -4.614514 0.353742
v -9.132238 -4.391684 1.189269
v -9.529214 -4.686432 0.751639
v -9.871407 -4.972134 0.218863
v -9.581500 -5.208947 0.009601
v -9.063324 -4.930108 0.647216
v -9.581500 -5.208947 0.009601
v -8.674656 -5.019253 0.425890
v -7.958241 -4.296142 1.232224
v -7.740222 -4.246968 0.787839
v -8.371063 -4.929246 0.047556
v -8.305071 -4.613558 -0.328030
v -7.752317 -4.108761 0.226426
v -8.416622 -4.240437 -0.673648
v -7.937346 -3.880687 -0.275485
v -8.850811 -4.498250 -0.960525
v -8.377701 -2.998639 -0.541587
v -8.155403 -3.491779 -0.557318
v -9.011928 -3.384711 -0.946507
v -8.643605 -3.800364 -0.904141
v -8.416622 -4.240437 -0.673648
v -7.937346 -3.880687 -0.275485
v -8.850811 -4.498250 -0.960525
v -9.716815 -3.083792 -0.117521
v -8.129444 -4.062320 1.683267
v -11.185455 -5.091905 -0.379382
v -11.151559 -3.379900 -1.331338
v -10.967880 -3.179209 -0.932227
v -11.270780 -3.005795 -0.805724
v -11.110617 -2.837024 -0.261896
v -10.814291 -2.997571 -0.397648
v -11.110617 -2.837024 -0.261896
v -10.812708 -2.804798 0.200513
v -10.814291 -2.997571 -0.397648
v -11.091722 -2.605850 0.350987
v -8.162602 -2.732801 -0.503451
v -8.607250 -2.712125 -0.413789
v -8.005833 -2.947400 -0.482247
v -7.920796 -3.378678 -0.448430
v -7.735527 -3.728872 -0.161883
v -7.735527 -3.728872 -0.161883
v -7.470790 -3.841506 0.451232
v -7.372818 -3.657288 1.230560
v -7.616390 -3.612005 1.640044
v -7.935804 -3.534461 1.901469
v -8.386334 -3.257006 2.082370
v -8.461076 -3.679456 1.961761
v -8.791671 -2.630102 -0.006318
v -8.820622 -2.604435 -0.081503
v -8.970752 -2.703143 0.246564
v -8.449257 -2.661878 -0.334611
v -7.570334 -3.251394 -0.416550
v -7.334305 -3.531495 -0.020492
v -7.920796 -3.378678 -0.448430
v -7.735527 -3.728872 -0.161883
v -7.334305 -3.531495 -0.020492
v -6.994949 -3.442098 0.694100
v -7.735527 -3.728872 -0.161883
v -7.470790 -3.841506 0.451232
v -7.505764 -2.849437 -0.577418
v -8.005833 -2.947400 -0.482247
v -6.793351 -3.232423 0.151872
v -6.928199 -3.072719 -0.323040
v -6.697759 -2.749269 -0.634984
v -5.880518 -2.513988 -0.018849
v -6.878612 -2.655187 -0.831105
v -6.438526 -2.304719 -1.179937
v -5.867654 -2.392739 -0.514526
v -6.484902 -2.963856 0.858769
v -6.793351 -3.232423 0.151872
v -5.245080 -2.213129 -0.010778
v -5.289165 -2.092625 0.478931
v -5.943944 -2.634511 0.542453
v -8.162602 -2.732801 -0.503451
v -7.790700 -2.712239 -0.726302
v -9.230815 -2.695927 -0.182141
v -9.053944 -2.939476 -0.489650
v -9.716815 -3.083792 -0.117521
v -9.671791 -2.854347 0.171584
v -9.259013 -2.596786 0.207916
v -6.288674 -1.256294 -1.718165
v -5.836065 -1.835672 -1.403940
v -6.238829 -1.868986 -1.465214
v -5.828224 -1.255790 -1.666670
v -5.863031 -2.210604 -1.055663
v -5.155580 -1.740452 -1.262209
v -5.160729 -1.211162 -1.512141
v -5.211411 -2.160320 -0.469807
v -5.172799 -1.989962 -0.909645
v -6.786746 -1.290795 -1.838227
v -6.238829 -1.868986 -1.465214
v -6.806560 -1.895080 -1.656430
v -6.288674 -1.256294 -1.718165
v -7.010266 -2.303274 -1.371134
v -6.438526 -2.304719 -1.179937
v -7.504716 -2.143874 -1.267217
v -6.878612 -2.655187 -0.831105
v -7.351035 -2.578372 -1.027338
v -8.274961 -2.555088 -0.530024
v -8.050009 -1.938228 -1.029628
v -8.167130 -2.297655 -0.777183
v -7.628613 -2.499241 -0.973279
v -9.340488 -1.731577 0.314252
v -9.632737 -1.811618 0.746894
v -9.668507 -1.517373 0.252939
v -9.889784 -1.630191 0.648944
v -8.449257 -2.661878 -0.334611
v -8.875772 -1.229335 -0.441155
v -8.718730 -0.934305 -0.723041
v -8.875772 -1.229335 -0.441155
v -9.037298 -0.909708 -0.830773
v -8.718730 -0.934305 -0.723041
v -9.203331 -1.163115 -0.513113
v -9.215994 -2.004806 0.291447
v -9.457972 -2.121996 0.803806
v -9.089258 -1.491679 -0.088998
v -9.420677 -1.381535 -0.135838
v -8.638370 -2.096269 -0.431223
v -9.195846 -2.351728 0.972513
v -8.709275 -2.396032 -0.179528
v -8.791671 -2.630102 -0.006318
v -8.922157 -1.935292 -0.153263
v -9.073383 -2.606215 0.471482
v -9.044815 -2.334320 0.342851
v -9.169535 -2.644214 1.055262
v -9.578332 -2.711452 0.484984
v -9.073383 -2.606215 0.471482
v -9.137645 -2.803242 0.645792
v -9.239450 -2.663779 0.530483
v -9.276374 -2.820710 0.880373
v -9.169535 -2.644214 1.055262
v -9.195063 -2.917519 1.138141
v -9.449881 -3.091115 1.348600
v -9.507774 -2.818528 0.989360
v -9.261008 -3.053943 1.275136
v -9.104486 -3.098817 1.596493
v -9.100937 -2.805949 1.598133
v -9.291532 -3.383756 1.604478
v -9.149312 -3.306318 1.612171
v -8.853216 -3.339325 1.909238
v -8.813924 -3.015397 1.944090
v -8.942576 -3.550775 1.825863
v -8.730311 -3.885757 1.825245
v -9.126541 -3.593121 1.724799
v -9.450984 -2.697514 0.707984
v -9.632737 -1.811618 0.746894
v -9.819951 -1.778376 1.224649
v -10.039945 -1.592695 1.027053
v -9.889784 -1.630191 0.648944
v -5.943944 -2.634511 0.542453
v -5.861163 -2.338401 1.017267
v -5.354095 -1.902670 0.966102
v -5.289165 -2.092625 0.478931
v -9.457972 -2.121996 0.803806
v -9.575106 -2.149689 1.339194
v -9.169535 -2.644214 1.055262
v -9.100937 -2.805949 1.598133
v -9.195846 -2.351728 0.972513
v -9.161904 -2.484412 1.603360
v -8.901036 -0.505181 -1.079450
v -8.571028 -0.507310 -0.925730
v -8.571028 -0.507310 -0.925730
v -6.401822 -0.651632 -1.865896
v -6.401822 -0.651632 -1.865896
v -5.810132 -0.623018 -1.805875
v -5.152484 -0.591160 -1.656425
v -9.179948 -0.517955 -1.230189
v -9.336080 -0.934391 -0.990439
v -9.523157 -1.207780 -0.634896
v -9.736066 -1.412598 -0.239737
v -7.935804 -3.534461 1.901469
v -7.809668 -2.891162 2.162483
v -8.380989 -2.794417 2.170308
v -8.386334 -3.257006 2.082370
v -8.483017 -2.031479 2.341268
v -7.770262 -2.060969 2.392344
v -6.384058 -2.458324 1.440683
v -5.854674 -2.016796 1.280879
v -6.344143 -1.778148 1.705835
v -5.884730 -1.625926 1.447392
v -7.067818 -1.988769 2.253548
v -7.019711 -1.268837 2.321131
v -8.446564 -1.327219 2.403274
v -5.509451 -0.551154 1.556394
v -5.902355 -0.569878 1.640247
v -5.457581 -1.109831 1.453341
v -5.890987 -1.155804 1.577248
v -5.407674 -1.517360 1.290675
v -6.365389 -1.193747 1.820837
v -6.386487 -0.593316 1.896147
v -6.800906 -0.613339 2.120150
v -6.753245 -1.226467 2.049889
v -6.753245 -1.226467 2.049889
v -7.032017 -0.621419 2.332592
v -6.800906 -0.613339 2.120150
v -6.884790 0.021130 2.122704
v -10.114616 -1.038305 1.366871
v -10.437654 -0.971436 1.227610
v -10.133778 -0.540098 1.545715
v -10.426476 -0.529035 1.430343
v -9.037526 -1.313699 2.207898
v -7.316923 -2.885279 1.992287
v -7.616390 -3.612005 1.640044
v -6.881172 -3.036833 1.424646
v -6.773113 -1.924659 1.954411
v -6.773113 -1.924659 1.954411
v -7.372818 -3.657288 1.230560
v -7.109691 -2.846992 1.793193
v -7.109691 -2.846992 1.793193
v -8.813924 -3.015397 1.944090
v -8.877090 -2.643991 1.975502
v -9.533675 -1.851245 1.719876
v -9.111384 -1.925517 2.091888
v -3.827580 2.942585 -2.467259
v -3.966779 3.165519 -2.310848
v -3.982014 2.251800 -2.477300
v -3.890497 2.522573 -1.885425
v -3.835438 2.621549 -1.953110
v -3.412824 2.728718 -1.572111
v -4.960602 2.373374 -1.694917
v -4.779242 2.226344 -1.402963
v -4.687328 2.977408 -2.086886
v -4.978214 2.692924 -1.958493
v -4.224330 2.657437 -1.753411
v -5.049109 2.458763 -1.811923
v -5.016367 2.380634 -1.666789
v -4.839504 2.290704 -1.343527
v -4.224330 2.657437 -1.753411
v -4.186179 2.552851 -1.564332
v -4.365125 2.344736 -1.273669
v -4.695249 2.301927 -1.221638
v -4.839504 2.290704 -1.343527
v -4.779242 2.226344 -1.402963
v -4.638189 2.221207 -1.301096
v -4.365125 2.344736 -1.273669
v -4.426793 2.469728 -1.166018
v -4.173337 2.688954 -1.501928
v -4.244008 2.745625 -1.843481
v -4.224330 2.657437 -1.753411
v -4.555794 2.672337 -0.992955
v -5.194711 2.537357 -0.984194
v -5.274404 2.481644 -1.280180
v -5.274404 2.481644 -1.280180
v -5.323373 2.505024 -1.440063
v -5.428776 2.735119 -1.681045
v -5.519063 2.802094 -1.633864
v -5.420316 2.530900 -1.271844
v -5.161983 2.700966 -0.858588
v -5.372150 2.688054 -0.861520
v -5.420316 2.530900 -1.271844
v -3.759877 2.886739 -2.514024
v -4.224330 2.657437 -1.753411
v -12.525882 -2.578670 0.745956
v -12.731319 -2.295492 0.634143
v -12.553621 -2.395433 0.475718
v -13.097002 -2.127568 1.000975
v -13.176785 -2.137933 0.525830
v -12.919979 -2.362906 0.354431
v -13.155069 -2.245076 -0.085004
v -12.132347 -2.550867 1.060138
v -12.401379 -2.770712 0.923720
v -12.445856 -2.838747 0.852675
v -12.466884 -2.684089 0.786989
v -12.359575 -2.926303 0.934333
v -12.030184 -2.668290 1.087966
v -12.516522 -2.455888 0.486714
v -11.867853 -2.422520 1.077729
v -11.808432 -2.307318 0.964940
v -11.760944 -2.134061 0.616911
v -12.516522 -2.455888 0.486714
v -12.094620 -2.118539 0.252060
v -12.442394 -2.308102 0.343805
v -11.895395 -2.039101 0.458318
v -11.847780 -2.084053 0.616024
v -11.800686 -2.111222 0.428563
v -11.760944 -2.134061 0.616911
v -12.094620 -2.118539 0.252060
v -11.989067 -2.224943 0.194208
v -12.400440 -2.434371 0.276190
v -12.516522 -2.455888 0.486714
v -12.538947 -2.570167 0.567896
v -11.816449 -2.413417 0.072257
v -11.284044 -2.448941 0.414991
v -11.374085 -2.460975 0.725327
v -11.374085 -2.460975 0.725327
v -11.425792 -2.523391 0.874671
v -11.505748 -2.818031 1.046684
v -11.415640 -2.902575 1.027165
v -11.256883 -2.551570 0.770760
v -11.270986 -2.572608 0.231792
v -11.091722 -2.605850 0.350987
v -11.256883 -2.551570 0.770760
v -11.110617 -2.837024 -0.261896
v -13.372017 -2.651747 0.696560
v -12.516522 -2.455888 0.486714
v -12.616552 -2.213064 0.525358
vn -0.0006 -0.0000 -1.0000
vn 0.0682 0.1618 -0.9845
vn 0.0740 -0.0000 -0.9973
vn -0.0162 0.1655 -0.9861
vn -0.0230 0.4051 -0.9140
vn 0.1176 0.6809 -0.7228
vn 0.0836 0.4650 -0.8813
vn -0.0043 0.6155 -0.7881
vn -0.0614 0.4018 -0.9137
vn -0.0486 0.5699 -0.8203
vn -0.0620 0.2035 -0.9771
vn -0.0516 -0.0000 -0.9987
vn -0.0779 0.1574 -0.9845
vn -0.0542 -0.0000 -0.9985
vn -0.0835 0.3738 -0.9238
vn -0.0410 0.5446 -0.8377
vn 0.3655 0.7467 -0.5558
vn 0.3313 0.6091 -0.7205
vn 0.3452 0.3874 -0.8548
vn 0.3175 0.1696 -0.9330
vn 0.3674 -0.0000 -0.9301
vn 0.5042 0.3626 -0.7838
vn 0.4895 0.1529 -0.8585
vn 0.4915 -0.0000 -0.8709
vn 0.5370 0.6249 -0.5666
vn 0.5846 0.7482 -0.3137
vn 0.9487 0.3013 0.0960
vn 0.8951 0.4349 0.0977
vn 0.9287 0.3337 0.1615
vn 0.4130 0.7985 -0.4380
vn 0.6296 0.7426 -0.2284
vn 0.9776 0.1571 0.1403
vn 0.9939 0.0824 0.0731
vn 0.9812 0.1737 0.0839
vn -0.0599 -0.0000 -0.9982
vn -0.0793 0.1894 -0.9787
vn -0.0471 -0.0000 -0.9989
vn -0.0663 0.1344 -0.9887
vn 0.4761 0.5606 -0.6776
vn 0.5451 0.5797 -0.6056
vn 0.8230 -0.0000 -0.5681
vn 0.5036 -0.0000 -0.8639
vn -0.0433 0.6729 -0.7385
vn -0.1332 0.5988 -0.7898
vn -0.3499 0.6376 -0.6863
vn -0.4293 0.4952 -0.7553
vn -0.0963 0.3424 -0.9346
vn -0.1408 0.3041 -0.9422
vn 0.0502 0.7479 -0.6619
vn -0.3384 0.7190 -0.6071
vn -0.1942 0.4744 -0.8586
vn -0.1487 0.3088 -0.9394
vn -0.1418 0.2058 -0.9683
vn -0.2458 0.4648 -0.8506
vn -0.4357 0.5438 -0.7173
vn -0.5517 0.3057 -0.7760
vn -0.0743 0.5051 -0.8598
vn -0.1825 0.3561 -0.9165
vn -0.0444 0.4485 -0.8927
vn -0.3080 0.4415 -0.8427
vn -0.3593 0.3992 -0.8435
vn -0.1691 0.4036 -0.8992
vn 0.1609 0.7582 -0.6318
vn 0.0444 0.6511 -0.7577
vn 0.0302 0.5849 -0.8106
vn 0.5041 0.8435 -0.1855
vn 0.6501 0.7503 -0.1201
vn 0.4333 0.8328 -0.3446
vn 0.1315 0.6675 -0.7329
vn 0.1963 0.8297 -0.5225
vn 0.2229 0.8998 -0.3750
vn 0.1564 0.8407 -0.5184
vn 0.1388 0.9124 -0.3851
vn 0.0250 0.7504 -0.6605
vn -0.0164 0.3488 -0.9370
vn -0.0264 0.7917 -0.6104
vn -0.1081 0.3440 -0.9327
vn 0.0676 0.4144 -0.9076
vn -0.0620 0.7647 -0.6414
vn 0.0910 0.4748 -0.8753
vn -0.0862 0.9151 -0.3938
vn 0.0011 0.9313 -0.3643
vn 0.1005 0.9120 -0.3977
vn 0.1148 0.9691 -0.2182
vn 0.1668 0.9175 -0.3610
vn 0.0505 0.9848 -0.1660
vn 0.1499 0.8430 -0.5166
vn 0.1355 0.8528 -0.5043
vn -0.0051 0.6745 -0.7382
vn -0.0111 0.7084 -0.7057
vn -0.2375 0.4433 -0.8643
vn -0.1953 0.4143 -0.8890
vn 0.0446 0.5279 -0.8481
vn 0.0848 0.6163 -0.7829
vn 0.1192 0.6635 -0.7386
vn 0.0297 0.5084 -0.8606
vn -0.0509 0.4664 -0.8831
vn -0.3204 0.3938 -0.8616
vn -0.1084 0.5061 -0.8556
vn -0.0081 0.9857 -0.1683
vn -0.0491 0.9809 -0.1884
vn -0.1048 0.7391 -0.6653
vn -0.1563 0.8979 -0.4115
vn 0.1450 0.4003 -0.9048
vn -0.1726 0.5516 -0.8160
vn 0.1376 0.3698 -0.9189
vn -0.2167 0.3931 -0.8936
vn -0.1122 -0.0000 -0.9937
vn 0.1029 0.3793 -0.9195
vn 0.0261 0.4338 -0.9006
vn -0.1230 -0.0000 -0.9924
vn -0.1347 -0.0000 -0.9909
vn 0.0415 0.9265 0.3740
vn 0.1481 0.7748 0.6147
vn 0.1422 0.9215 0.3613
vn -0.0688 0.9099 0.4091
vn 0.0494 0.7440 0.6664
vn -0.2776 0.7362 -0.6173
vn -0.4076 0.5284 -0.7448
vn -0.1312 -0.0000 0.9914
vn -0.0268 0.2238 0.9743
vn -0.1597 0.2689 0.9498
vn -0.1423 0.7248 0.6741
vn -0.0378 0.4746 0.8794
vn -0.0385 0.7076 0.7056
vn -0.2007 0.8877 0.4143
vn -0.1526 0.9662 -0.2078
vn -0.3116 0.2447 0.9182
vn -0.3452 -0.0000 0.9385
vn -0.3344 0.4529 0.8265
vn -0.1576 0.4662 0.8705
vn -0.3163 0.6939 0.6469
vn -0.3590 0.8539 0.3768
vn -0.3702 0.7902 -0.4885
vn -0.3450 0.9124 -0.2205
vn -0.4221 0.3184 -0.8488
vn -0.5360 0.2274 0.8130
vn -0.5859 -0.0000 0.8104
vn -0.5084 0.4153 0.7544
vn -0.5407 0.6232 0.5650
vn -0.5798 0.4579 -0.6739
vn -0.5765 0.2818 -0.7670
vn -0.5804 0.1614 -0.7981
vn -0.4127 -0.0000 -0.9109
vn -0.6035 -0.0000 -0.7974
vn -0.3728 0.1728 -0.9117
vn -0.5750 0.6917 -0.4370
vn -0.5513 0.8127 -0.1889
vn -0.5485 0.7683 0.3298
vn -0.6526 0.1777 0.7366
vn -0.6670 -0.0000 0.7451
vn -0.6630 0.1347 -0.7364
vn -0.6576 -0.0000 -0.7534
vn -0.6552 0.4091 0.6351
vn -0.6831 0.2885 -0.6709
vn -0.9000 -0.0000 0.4359
vn -0.8471 0.1477 0.5105
vn -0.9115 0.1727 0.3733
vn -0.8472 -0.0000 0.5313
vn -0.8814 0.1426 -0.4504
vn -0.9739 -0.0000 -0.2270
vn -0.9557 0.1591 -0.2475
vn -0.8695 -0.0000 -0.4939
vn -0.8259 0.1167 -0.5517
vn -0.8274 -0.0000 -0.5616
vn -0.8275 0.3256 0.4575
vn -0.8806 0.3375 0.3326
vn -0.8113 0.2413 -0.5325
vn -0.8691 0.2474 -0.4284
vn -0.6624 0.6363 0.3955
vn -0.7925 0.4993 0.3503
vn -0.8438 0.4694 0.2599
vn -0.7056 0.4917 -0.5103
vn -0.8143 0.3725 -0.4452
vn -0.8603 0.3744 -0.3461
vn -0.6874 0.6934 -0.2161
vn -0.9440 0.2545 -0.2100
vn -0.8979 0.4016 -0.1803
vn -0.8326 0.5145 -0.2050
vn -0.9827 -0.0000 0.1854
vn -0.9763 0.1568 0.1491
vn -0.9874 0.1552 -0.0301
vn -1.0000 -0.0000 0.0096
vn -0.9443 0.2976 0.1404
vn -0.9524 0.3044 -0.0177
vn -0.8838 0.4495 0.1298
vn -0.8096 0.5645 0.1607
vn -0.8731 0.4876 -0.0066
vn -0.6489 0.7125 0.2668
vn -0.5417 0.7952 0.2725
vn -0.8290 0.5592 0.0026
vn -0.3828 0.8797 0.2820
vn -0.5706 0.8212 0.0056
vn -0.6663 0.7449 0.0346
vn -0.5958 0.7962 0.1050
vn -0.6561 0.7483 0.0979
vn -0.1873 0.9453 0.2671
vn -0.3485 0.9373 0.0021
vn -0.3887 0.9150 0.1084
vn -0.0379 0.9693 0.2428
vn -0.1500 0.9886 -0.0097
vn -0.1932 0.9769 0.0909
vn 0.0456 0.9702 0.2381
vn -0.0356 0.9992 -0.0175
vn -0.0592 0.9962 0.0633
vn 0.1361 0.9569 0.2566
vn 0.0123 0.9998 -0.0145
vn 0.0109 0.9988 0.0477
vn 0.1593 0.9516 0.2627
vn 0.2254 0.6199 0.7516
vn 0.1813 0.9499 0.2548
vn 0.3307 0.9035 0.2727
vn 0.3123 0.8848 0.3457
vn 0.4238 0.8503 0.3121
vn 0.0633 0.9980 -0.0034
vn 0.0691 0.9963 0.0504
vn 0.1361 0.3690 -0.9194
vn -0.2152 0.2802 -0.9355
vn -0.1653 0.1696 -0.9716
vn -0.2306 -0.0000 -0.9730
vn 0.1299 0.3606 -0.9236
vn 0.1255 0.9704 -0.2061
vn 0.1048 0.9945 0.0054
vn 0.3938 0.9127 0.1094
vn 0.3509 0.9342 0.0649
vn 0.5515 0.8337 -0.0279
vn 0.6512 0.7562 -0.0639
vn 0.5880 0.8044 0.0845
vn 0.2427 0.9513 -0.1899
vn 0.1443 0.9893 0.0195
vn -0.2465 0.5042 -0.8276
vn -0.1675 0.5435 -0.8225
vn -0.0548 0.5293 -0.8466
vn -0.2731 0.4733 -0.8375
vn -0.2972 0.4187 -0.8581
vn -0.1051 0.2469 -0.9633
vn -0.0161 0.2704 -0.9626
vn 0.2131 0.2724 -0.9383
vn 0.0795 0.2446 -0.9664
vn -0.3168 0.3572 -0.8787
vn -0.2185 0.3024 -0.9278
vn -0.3060 0.3846 -0.8709
vn 0.2408 0.3229 -0.9153
vn 0.2481 0.3573 -0.9004
vn 0.0545 0.5523 -0.8319
vn 0.1521 0.4999 -0.8526
vn 0.2505 0.3893 -0.8864
vn 0.2325 0.4250 -0.8748
vn -0.0272 0.4019 -0.9153
vn 0.0682 -0.1618 -0.9845
vn -0.0162 -0.1655 -0.9861
vn -0.0230 -0.4051 -0.9140
vn 0.1176 -0.6809 -0.7228
vn -0.0043 -0.6155 -0.7881
vn 0.0836 -0.4650 -0.8813
vn -0.0614 -0.4018 -0.9137
vn -0.0486 -0.5699 -0.8203
vn -0.0620 -0.2035 -0.9771
vn -0.0779 -0.1574 -0.9845
vn -0.0835 -0.3738 -0.9238
vn -0.0410 -0.5446 -0.8377
vn 0.3655 -0.7467 -0.5558
vn 0.3313 -0.6091 -0.7205
vn 0.3452 -0.3874 -0.8548
vn 0.3175 -0.1696 -0.9330
vn 0.4895 -0.1529 -0.8585
vn 0.5042 -0.3626 -0.7838
vn 0.5370 -0.6249 -0.5666
vn 0.5846 -0.7482 -0.3137
vn 0.9487 -0.3013 0.0960
vn 0.9287 -0.3337 0.1615
vn 0.8951 -0.4349 0.0977
vn 0.4130 -0.7985 -0.4380
vn 0.6296 -0.7426 -0.2284
vn 0.9776 -0.1571 0.1403
vn 0.9939 -0.0824 0.0731
vn 0.9812 -0.1737 0.0839
vn -0.0793 -0.1894 -0.9787
vn -0.0663 -0.1344 -0.9887
vn 0.4761 -0.5606 -0.6776
vn 0.5451 -0.5797 -0.6056
vn -0.0433 -0.6729 -0.7385
vn -0.1332 -0.5988 -0.7898
vn -0.4293 -0.4952 -0.7553
vn -0.3499 -0.6376 -0.6863
vn -0.0963 -0.3424 -0.9346
vn -0.1408 -0.3041 -0.9422
vn 0.0502 -0.7480 -0.6618
vn -0.3384 -0.7190 -0.6071
vn -0.1418 -0.2058 -0.9683
vn -0.1942 -0.4744 -0.8586
vn -0.1486 -0.3088 -0.9394
vn -0.2458 -0.4648 -0.8506
vn -0.4357 -0.5438 -0.7173
vn -0.5517 -0.3057 -0.7760
vn -0.0743 -0.5051 -0.8598
vn -0.1825 -0.3561 -0.9165
vn -0.0444 -0.4485 -0.8927
vn -0.3080 -0.4415 -0.8427
vn -0.3593 -0.3992 -0.8435
vn -0.1691 -0.4036 -0.8992
vn 0.1609 -0.7582 -0.6318
vn 0.0444 -0.6511 -0.7577
vn 0.0302 -0.5849 -0.8105
vn 0.4333 -0.8328 -0.3446
vn 0.6501 -0.7503 -0.1201
vn 0.5041 -0.8435 -0.1855
vn 0.6512 -0.7562 -0.0639
vn 0.1315 -0.6675 -0.7329
vn 0.1963 -0.8297 -0.5225
vn 0.2229 -0.8998 -0.3750
vn 0.1564 -0.8407 -0.5184
vn 0.1388 -0.9124 -0.3851
vn -0.0164 -0.3488 -0.9370
vn 0.0250 -0.7504 -0.6605
vn -0.0264 -0.7917 -0.6104
vn -0.1080 -0.3440 -0.9327
vn 0.0676 -0.4144 -0.9076
vn -0.0620 -0.7647 -0.6414
vn 0.0910 -0.4748 -0.8753
vn 0.0011 -0.9313 -0.3643
vn -0.0862 -0.9151 -0.3939
vn 0.1005 -0.9120 -0.3977
vn 0.1668 -0.9175 -0.3610
vn 0.1148 -0.9691 -0.2182
vn 0.0505 -0.9848 -0.1660
vn 0.1499 -0.8430 -0.5166
vn 0.1355 -0.8528 -0.5043
vn -0.0111 -0.7084 -0.7057
vn -0.0051 -0.6745 -0.7382
vn -0.2375 -0.4433 -0.8643
vn -0.1953 -0.4143 -0.8890
vn 0.0446 -0.5279 -0.8481
vn 0.1192 -0.6635 -0.7386
vn 0.0848 -0.6163 -0.7829
vn 0.0298 -0.5083 -0.8607
vn -0.0509 -0.4664 -0.8831
vn -0.3204 -0.3938 -0.8616
vn -0.1084 -0.5061 -0.8556
vn -0.0081 -0.9857 -0.1683
vn -0.0491 -0.9809 -0.1884
vn -0.1048 -0.7391 -0.6653
vn -0.1563 -0.8979 -0.4115
vn 0.1450 -0.4003 -0.9048
vn -0.1726 -0.5516 -0.8160
vn 0.1376 -0.3698 -0.9189
vn -0.2167 -0.3931 -0.8936
vn 0.0261 -0.4338 -0.9006
vn 0.1029 -0.3793 -0.9195
vn 0.0416 -0.9265 0.3739
vn 0.1422 -0.9215 0.3613
vn 0.1481 -0.7748 0.6147
vn 0.0494 -0.7440 0.6664
vn -0.0268 -0.2238 0.9743
vn -0.0075 -0.0000 1.0000
vn -0.0688 -0.9099 0.4091
vn -0.0386 -0.7076 0.7056
vn -0.2775 -0.7362 -0.6173
vn -0.4076 -0.5284 -0.7448
vn -0.1423 -0.7248 0.6741
vn -0.0378 -0.4746 0.8794
vn -0.1576 -0.4662 0.8705
vn -0.2007 -0.8877 0.4143
vn -0.1526 -0.9662 -0.2078
vn -0.3117 -0.2447 0.9181
vn -0.1597 -0.2689 0.9498
vn -0.3344 -0.4529 0.8265
vn -0.3163 -0.6939 0.6469
vn -0.3590 -0.8539 0.3768
vn -0.3702 -0.7902 -0.4885
vn -0.3449 -0.9124 -0.2205
vn -0.4223 -0.3184 -0.8487
vn -0.5360 -0.2274 0.8130
vn -0.5084 -0.4153 0.7544
vn -0.5407 -0.6232 0.5650
vn -0.5798 -0.4579 -0.6739
vn -0.5765 -0.2818 -0.7670
vn -0.5804 -0.1614 -0.7981
vn -0.3728 -0.1728 -0.9117
vn -0.5750 -0.6917 -0.4370
vn -0.5513 -0.8127 -0.1889
vn -0.5485 -0.7683 0.3298
vn -0.6525 -0.1777 0.7367
vn -0.6630 -0.1347 -0.7364
vn -0.6552 -0.4091 0.6351
vn -0.6831 -0.2885 -0.6709
vn -0.8471 -0.1476 0.5105
vn -0.9115 -0.1727 0.3733
vn -0.8814 -0.1426 -0.4504
vn -0.9557 -0.1591 -0.2475
vn -0.8259 -0.1167 -0.5517
vn -0.8275 -0.3256 0.4575
vn -0.8806 -0.3375 0.3326
vn -0.8113 -0.2413 -0.5325
vn -0.8691 -0.2474 -0.4284
vn -0.6624 -0.6363 0.3955
vn -0.7925 -0.4993 0.3503
vn -0.8438 -0.4694 0.2599
vn -0.7056 -0.4917 -0.5103
vn -0.8143 -0.3725 -0.4452
vn -0.8603 -0.3744 -0.3461
vn -0.6875 -0.6933 -0.2160
vn -0.9440 -0.2545 -0.2100
vn -0.8979 -0.4016 -0.1803
vn -0.8326 -0.5145 -0.2050
vn -0.9763 -0.1568 0.1491
vn -0.9874 -0.1552 -0.0301
vn -0.9443 -0.2976 0.1404
vn -0.9524 -0.3044 -0.0177
vn -0.8838 -0.4495 0.1298
vn -0.8096 -0.5645 0.1607
vn -0.8731 -0.4876 -0.0066
vn -0.6535 -0.7269 0.2112
vn -0.5764 -0.7988 0.1726
vn -0.8290 -0.5592 0.0026
vn -0.3873 -0.9009 0.1959
vn -0.5706 -0.8212 0.0056
vn -0.6663 -0.7449 0.0346
vn -0.1906 -0.9627 0.1923
vn -0.3485 -0.9373 0.0021
vn -0.0487 -0.9869 0.1537
vn -0.1500 -0.9886 -0.0097
vn 0.0284 -0.9892 0.1436
vn -0.0356 -0.9992 -0.0175
vn 0.1031 -0.9826 0.1544
vn 0.3123 -0.8849 0.3457
vn 0.0123 -0.9998 -0.0145
vn 0.2359 -0.9340 0.2682
vn 0.4238 -0.8503 0.3121
vn 0.1813 -0.9499 0.2548
vn 0.3301 -0.7777 0.5349
vn 0.0632 -0.9980 -0.0034
vn 0.1361 -0.3690 -0.9194
vn -0.2152 -0.2802 -0.9355
vn -0.1653 -0.1696 -0.9716
vn 0.1299 -0.3606 -0.9236
vn 0.1255 -0.9704 -0.2061
vn 0.1048 -0.9945 0.0054
vn 0.3509 -0.9342 0.0649
vn 0.3938 -0.9127 0.1094
vn 0.5515 -0.8337 -0.0279
vn 0.5880 -0.8044 0.0845
vn 0.6435 -0.7648 0.0311
vn 0.2427 -0.9513 -0.1899
vn 0.1443 -0.9893 0.0195
vn -0.2465 -0.5042 -0.8276
vn -0.1675 -0.5436 -0.8225
vn -0.0548 -0.5293 -0.8466
vn -0.2731 -0.4733 -0.8375
vn -0.2972 -0.4187 -0.8581
vn -0.1051 -0.2469 -0.9633
vn -0.0161 -0.2705 -0.9626
vn 0.2131 -0.2724 -0.9383
vn 0.0795 -0.2446 -0.9664
vn -0.3168 -0.3572 -0.8787
vn -0.2185 -0.3024 -0.9278
vn -0.3060 -0.3846 -0.8709
vn 0.2408 -0.3229 -0.9153
vn 0.2481 -0.3573 -0.9004
vn 0.0545 -0.5523 -0.8319
vn 0.1521 -0.4999 -0.8526
vn 0.2505 -0.3893 -0.8864
vn 0.2325 -0.4250 -0.8748
vn -0.0273 -0.4019 -0.9153
vn -0.4121 -0.0000 -0.9111
vn -0.5153 0.0651 -0.8546
vn -0.3399 0.0158 -0.9403
vn -0.2794 -0.0000 -0.9602
vn -0.5780 -0.0000 -0.8161
vn -0.5153 -0.0651 -0.8546
vn -0.3399 -0.0158 -0.9403
vn 0.6566 -0.3437 0.6714
vn 0.5702 -0.1823 0.8010
vn 0.4207 -0.4724 0.7745
vn 0.3837 -0.4260 0.8193
vn 0.5529 -0.6750 0.4886
vn 0.7008 -0.6288 0.3370
vn 0.8116 -0.5400 0.2230
vn 0.9691 -0.2406 0.0537
vn 0.9364 0.2477 0.2487
vn 0.9194 0.0551 0.3896
vn 0.3409 -0.3303 -0.8801
vn 0.3514 0.2780 -0.8940
vn 0.2730 -0.4321 -0.8595
vn 0.8917 0.4466 -0.0734
vn 0.9269 -0.3453 -0.1468
vn 0.6339 -0.7586 -0.1504
vn 0.2036 -0.8969 -0.3926
vn 0.5296 -0.7425 -0.4102
vn 0.6752 -0.6374 -0.3714
vn -0.2721 0.2448 -0.9306
vn -0.5571 -0.3075 -0.7714
vn -0.2909 0.2379 -0.9267
vn 0.6023 0.7982 -0.0091
vn 0.6440 0.7649 -0.0119
vn 0.6977 0.6775 0.2329
vn 0.6662 0.7061 0.2400
vn 0.6270 0.7780 -0.0397
vn 0.7186 0.6642 0.2058
vn -0.2010 0.2527 -0.9464
vn -0.5722 -0.2783 -0.7714
vn 0.0084 0.0291 -0.9995
vn -0.5198 -0.2773 -0.8080
vn -0.2829 -0.5466 -0.7882
vn 0.0497 -0.2683 -0.9620
vn 0.4504 0.0943 -0.8878
vn 0.3597 0.2820 -0.8894
vn -0.6033 -0.4960 -0.6245
vn -0.6264 -0.4854 -0.6100
vn -0.2405 -0.7703 -0.5906
vn 0.3378 -0.8885 -0.3107
vn -0.5064 -0.8621 0.0157
vn -0.3291 -0.8747 0.3557
vn -0.5268 -0.8495 0.0296
vn -0.1830 -0.9241 0.3356
vn -0.2396 -0.8796 0.4109
vn -0.2621 -0.9649 -0.0145
vn 0.3359 -0.9396 0.0661
vn 0.4339 -0.8711 -0.2298
vn 0.0667 -0.7171 0.6937
vn 0.0330 -0.7165 0.6969
vn 0.1269 -0.7445 0.6555
vn 0.4446 -0.8317 0.3325
vn 0.6998 -0.7044 -0.1185
vn 0.5108 -0.8592 0.0306
vn 0.3566 -0.4060 0.8414
vn 0.5348 -0.1501 0.8315
vn 0.1332 0.5728 -0.8088
vn 0.6079 0.1566 -0.7784
vn 0.4139 0.4432 -0.7952
vn 0.0750 0.6163 -0.7840
vn 0.0529 0.6205 -0.7824
vn 0.8373 0.5021 0.2166
vn 0.7437 0.4980 0.4460
vn 0.7356 0.6469 0.2011
vn 0.7484 0.4717 0.4662
vn 0.5257 0.8428 -0.1155
vn 0.4982 0.8610 0.1021
vn 0.5726 0.8102 0.1258
vn 0.4639 0.7113 -0.5280
vn 0.4907 0.8611 -0.1333
vn 0.6932 0.3639 -0.6222
vn 0.7834 0.6162 -0.0807
vn 0.8412 0.3122 -0.4416
vn 0.8388 0.1825 -0.5130
vn 0.7450 0.0946 0.6603
vn 0.8867 -0.1601 0.4338
vn 0.7933 -0.3130 0.5223
vn -0.3197 -0.7061 0.6319
vn -0.0217 -0.5547 0.8317
vn 0.8110 0.3352 0.4796
vn -0.8563 0.0066 -0.5165
vn 0.3598 0.7201 -0.5933
vn 0.1447 0.5754 -0.8050
vn 0.1535 0.7944 -0.5877
vn 0.9909 0.0921 0.0981
vn 0.8694 0.4304 -0.2426
vn 0.9152 0.3591 -0.1830
vn 0.0209 -0.7153 -0.6985
vn 0.6403 -0.6924 0.3326
vn 0.4395 -0.5035 -0.7439
vn -0.4199 -0.8346 -0.3566
vn -0.1680 -0.9697 0.1774
vn 0.2472 0.5807 0.7757
vn 0.5456 0.3975 -0.7378
vn -0.7594 0.1455 0.6341
vn -0.6752 -0.7345 0.0686
vn 0.7540 0.1671 -0.6353
vn 0.6137 0.3026 -0.7292
vn 0.7019 0.3575 0.6161
vn -0.8227 0.5427 0.1693
vn 0.3349 -0.8292 -0.4475
vn 0.5996 -0.0298 0.7997
vn 0.5562 0.0643 0.8285
vn 0.6971 -0.4583 0.5514
vn 0.1026 -0.6486 -0.7542
vn 0.3430 -0.5402 -0.7684
vn 0.2446 -0.7918 -0.5596
vn 0.1018 -0.2674 -0.9582
vn -0.1834 -0.3055 -0.9344
vn -0.0343 -0.0846 -0.9958
vn -0.2301 -0.2500 -0.9405
vn 0.3333 0.4336 -0.8372
vn -0.4172 0.6274 -0.6575
vn 0.0377 0.6977 -0.7154
vn 0.8193 0.2054 -0.5353
vn 0.9682 -0.1532 0.1977
vn 0.9732 0.2162 0.0788
vn 0.8723 -0.3900 0.2951
vn 0.7158 0.2575 0.6490
vn 0.8379 0.5398 0.0816
vn -0.1880 0.3675 0.9108
vn -0.8856 0.1319 0.4453
vn -0.1704 0.9313 0.3219
vn -0.6790 0.7342 0.0042
vn 0.4771 -0.8654 0.1529
vn 0.9070 -0.3799 0.1820
vn 0.7268 -0.6366 0.2580
vn 0.7779 -0.5965 0.1976
vn 0.7402 -0.6692 0.0652
vn 0.6388 -0.7420 0.2036
vn 0.5797 -0.7619 0.2887
vn 0.3255 -0.9284 -0.1791
vn 0.2825 -0.9352 -0.2135
vn 0.5708 -0.7709 0.2826
vn 0.3422 -0.6854 0.6428
vn 0.3517 -0.8557 0.3796
vn 0.5422 -0.5438 0.6406
vn -0.0846 -0.9067 0.4133
vn 0.1078 -0.9617 0.2520
vn 0.2713 -0.4025 0.8743
vn -0.0044 -0.5310 0.8473
vn -0.2403 -0.7275 -0.6426
vn -0.0346 0.9031 -0.4280
vn 0.3099 -0.5801 -0.7533
vn -0.7591 -0.5947 0.2648
vn 0.3964 -0.9164 0.0549
vn 0.5089 -0.8460 -0.1593
vn -0.0056 0.6801 -0.7331
vn 0.3172 -0.7532 -0.5762
vn -0.7209 -0.6329 0.2826
vn 0.4837 -0.8043 0.3451
vn 0.7206 -0.6848 0.1086
vn -0.1297 -0.8012 0.5841
vn -0.3744 -0.9141 0.1559
vn -0.3330 -0.9428 -0.0151
vn -0.1184 -0.6955 -0.7087
vn -0.2383 -0.4846 -0.8417
vn -0.3309 -0.9338 0.1363
vn -0.3971 -0.8783 -0.2661
vn -0.1870 -0.7924 0.5807
vn 0.0501 -0.3818 0.9229
vn -0.3492 0.4897 -0.7989
vn 0.4673 -0.0699 -0.8813
vn 0.4005 0.3547 -0.8448
vn 0.8573 -0.1869 -0.4797
vn 0.9896 -0.0358 -0.1391
vn 0.3328 -0.1416 -0.9323
vn 0.3097 -0.7203 -0.6207
vn 0.5543 -0.7629 -0.3328
vn -0.7903 -0.1050 -0.6037
vn -0.9230 0.0379 -0.3829
vn -0.6062 0.0987 -0.7892
vn -0.3970 -0.6801 -0.6164
vn -0.4704 -0.1847 -0.8629
vn 0.8690 -0.4266 -0.2506
vn 0.4478 -0.8267 -0.3407
vn 0.1203 -0.3885 0.9136
vn 0.1757 -0.1178 0.9774
vn -0.0314 -0.8608 0.5079
vn 0.1127 -0.9394 0.3237
vn -0.0306 -0.9282 0.3708
vn -0.0180 -0.9124 0.4088
vn 0.7725 -0.5793 0.2599
vn 0.9813 -0.1924 0.0013
vn 0.9993 -0.0155 0.0332
vn 0.5691 -0.8041 0.1719
vn 0.0889 -0.9683 0.2335
vn 0.3927 -0.8868 -0.2437
vn 0.1444 -0.9570 -0.2518
vn 0.1478 -0.8723 -0.4660
vn -0.1273 -0.9754 -0.1800
vn -0.2272 -0.9449 -0.2355
vn 0.4596 -0.7673 -0.4473
vn 0.7257 -0.6602 -0.1935
vn 0.5963 -0.5441 -0.5903
vn 0.8167 -0.3571 -0.4532
vn 0.1019 -0.8894 -0.4457
vn -0.0463 -0.8637 -0.5018
vn 0.1918 -0.8399 -0.5078
vn -0.4896 -0.7149 -0.4992
vn 0.8404 -0.5069 0.1919
vn 0.6086 -0.6741 0.4186
vn 0.4223 -0.4253 0.8005
vn 0.5864 -0.6521 0.4804
vn 0.8101 -0.3056 0.5004
vn 0.9742 -0.0928 -0.2056
vn 0.9995 0.0222 -0.0215
vn -0.4323 -0.0663 -0.8993
vn -0.3826 -0.6766 -0.6292
vn -0.3740 -0.2693 -0.8875
vn 0.2343 -0.0584 -0.9704
vn 0.7459 0.3284 -0.5795
vn 0.8702 -0.1518 -0.4686
vn 0.3915 -0.5968 -0.7004
vn 0.7067 -0.6732 -0.2175
vn -0.2894 -0.3166 -0.9034
vn 0.0842 -0.7646 -0.6390
vn -0.7004 -0.4686 -0.5384
vn -0.2311 -0.8697 -0.4361
vn -0.5419 -0.8328 0.1129
vn 0.1257 -0.9881 0.0889
vn 0.4400 -0.8943 -0.0816
vn 0.1114 -0.9749 0.1929
vn -0.3478 -0.9000 0.2628
vn 0.4830 -0.8681 0.1143
vn 0.7463 -0.6655 -0.0065
vn 0.6084 -0.5046 0.6126
vn 0.4338 -0.5881 0.6826
vn 0.6026 -0.6311 0.4886
vn 0.4123 -0.7207 0.5574
vn 0.0265 -0.6277 0.7780
vn 0.1192 -0.4752 0.8717
vn 0.6003 -0.3049 0.7394
vn -0.0557 -0.5696 0.8200
vn -0.3476 -0.6211 0.7024
vn 0.5832 -0.2374 0.7769
vn 0.7849 -0.5027 0.3623
vn 0.7631 -0.4067 0.5023
vn 0.8919 -0.0363 0.4507
vn 0.9473 -0.1470 0.2848
vn 0.9627 -0.1384 -0.2326
vn 0.9661 0.2235 0.1296
vn 0.9057 0.0367 0.4222
vn 0.8932 0.2932 -0.3410
vn -0.0202 -0.8869 0.4614
vn 0.0202 -0.9329 0.3596
vn 0.0015 -0.7597 0.6503
vn -0.0209 -0.9108 0.4124
vn 0.2771 -0.3509 0.8945
vn 0.0310 -0.8019 0.5966
vn 0.5553 -0.1514 0.8177
vn 0.6195 0.4588 0.6370
vn 0.6719 0.5830 0.4568
vn 0.6243 0.6173 0.4787
vn 0.1481 -0.7526 0.6416
vn 0.0964 -0.9430 0.3186
vn 0.0660 -0.6850 0.7255
vn 0.1864 -0.3587 0.9146
vn 0.0723 -0.5602 0.8252
vn 0.2454 0.6746 -0.6962
vn 0.1946 0.7015 -0.6855
vn 0.4423 0.5940 -0.6720
vn 0.2936 0.6304 -0.7186
vn 0.3552 0.7317 -0.5818
vn -0.3510 -0.4600 -0.8156
vn -0.7975 -0.6031 -0.0167
vn -0.7527 -0.3722 -0.5430
vn -0.7571 -0.4356 -0.4869
vn -0.1958 0.0207 -0.9804
vn -0.3644 -0.0888 -0.9270
vn 0.3072 0.2232 -0.9251
vn -0.8053 -0.5928 0.0052
vn -0.7377 -0.6364 0.2255
vn 0.5371 0.4047 -0.7401
vn 0.6987 0.4405 -0.5637
vn 0.1433 -0.0005 -0.9897
vn 0.6105 0.1317 -0.7810
vn 0.0409 0.6176 -0.7855
vn 0.2193 0.7150 -0.6638
vn 0.0996 0.4851 -0.8687
vn 0.2591 0.6719 -0.6938
vn 0.0763 0.8620 -0.5012
vn -0.0697 0.8387 -0.5401
vn -0.4672 0.7152 -0.5198
vn -0.5807 0.0520 -0.8125
vn -0.7251 0.4418 -0.5283
vn -0.4465 0.2494 -0.8593
vn -0.8096 0.4981 0.3107
vn -0.8347 -0.1903 0.5168
vn -0.7854 -0.2866 0.5486
vn -0.7661 -0.2271 -0.6012
vn -0.8348 0.4533 -0.3124
vn -0.6004 0.7992 -0.0290
vn -0.7749 0.6266 0.0825
vn -0.6872 0.6910 0.2243
vn -0.3989 0.8013 0.4459
vn -0.4030 -0.5012 0.7657
vn -0.4303 -0.4447 0.7856
vn -0.0509 0.0059 0.9987
vn -0.5102 -0.6048 -0.6115
vn -0.5699 -0.5509 -0.6097
vn -0.3949 -0.4467 -0.8028
vn -0.4637 -0.3885 -0.7963
vn -0.0682 -0.0174 0.9975
vn -0.6302 -0.2308 0.7413
vn -0.4776 -0.4612 0.7478
vn -0.2450 0.2957 0.9233
vn -0.6326 0.0151 0.7743
vn -0.8962 -0.2368 0.3751
vn -0.8485 -0.3836 0.3646
vn 0.0795 0.2044 0.9757
vn 0.1232 0.1716 0.9774
vn -0.0288 0.4412 0.8970
vn -0.2588 0.8320 0.4907
vn 0.5006 0.6803 0.5353
vn 0.5264 0.8229 0.2136
vn 0.4929 0.8607 0.1272
vn 0.5094 0.7682 0.3878
vn 0.4925 0.8570 0.1515
vn 0.3789 0.9240 -0.0519
vn 0.2240 0.9692 0.1023
vn 0.4391 0.8412 -0.3157
vn 0.4199 0.8490 -0.3207
vn 0.2786 0.9213 -0.2712
vn -0.0212 0.9718 -0.2348
vn -0.3543 0.9338 -0.0489
vn 0.1295 0.4557 -0.8806
vn -0.6613 -0.6641 0.3488
vn -0.9560 -0.2273 0.1853
vn -0.8507 -0.4797 0.2150
vn -0.5919 -0.7315 0.3384
vn -0.9360 0.2634 0.2333
vn -0.7650 0.6310 0.1287
vn -0.2757 -0.2200 -0.9357
vn -0.3101 -0.1412 -0.9402
vn -0.5327 -0.5582 -0.6361
vn -0.4511 -0.6570 -0.6040
vn -0.6412 -0.6520 -0.4047
vn -0.7703 -0.3625 -0.5246
vn -0.9597 -0.2776 0.0442
vn -0.7948 -0.6069 0.0039
vn -0.9963 -0.0633 -0.0583
vn -0.9737 -0.1634 -0.1586
vn -0.4822 0.4759 -0.7355
vn -0.2696 0.2472 -0.9307
vn -0.3350 0.6160 -0.7130
vn -0.5686 0.8212 -0.0472
vn -0.9626 -0.0190 0.2702
vn -0.6809 0.4939 0.5407
vn -0.8316 -0.3245 0.4507
vn -0.6815 -0.3799 0.6254
vn -0.6957 -0.6739 0.2486
vn -0.7992 -0.5999 -0.0377
vn -0.1726 -0.1713 -0.9700
vn -0.6828 -0.6787 -0.2706
vn 0.6252 0.7041 -0.3366
vn -0.9212 -0.3826 -0.0703
vn -0.8550 -0.4787 -0.1995
vn -0.9908 -0.1005 0.0905
vn -0.9414 -0.2786 0.1904
vn -0.2770 0.0088 -0.9608
vn -0.3847 0.7968 0.4659
vn -0.4580 0.8694 0.1853
vn -0.0465 0.3446 -0.9376
vn -0.0101 0.2558 -0.9667
vn -0.2142 0.7271 -0.6522
vn -0.4241 0.6925 0.5836
vn -0.6486 0.4342 0.6251
vn -0.4250 0.4855 0.7640
vn -0.5858 0.0791 0.8066
vn -0.3256 0.0593 0.9436
vn -0.5324 -0.1385 0.8351
vn 0.8488 0.3331 -0.4107
vn -0.0916 -0.0763 -0.9929
vn -0.0409 -0.9066 -0.4199
vn 0.5672 -0.3446 -0.7480
vn 0.4799 0.5533 -0.6808
vn 0.0655 -0.2189 -0.9735
vn -0.5904 0.7233 -0.3581
vn -0.6397 0.6679 -0.3803
vn -0.6300 0.7326 -0.2576
vn 0.4995 0.4168 -0.7594
vn 0.4329 -0.8992 0.0640
vn -0.2417 -0.3138 -0.9182
vn -0.3944 0.8433 -0.3650
vn -0.4776 0.8050 -0.3519
vn -0.3385 0.9098 -0.2402
vn -0.5108 0.8352 -0.2039
vn -0.2377 0.9309 -0.2773
vn -0.2533 0.9234 0.2883
vn -0.2319 0.9099 0.3439
vn 0.2467 0.9354 -0.2533
vn 0.2391 0.8447 -0.4789
vn -0.0211 0.9606 -0.2772
vn 0.0372 0.7862 -0.6169
vn 0.4393 0.8983 -0.0121
vn 0.1953 0.9802 0.0336
vn 0.3445 0.5955 -0.7258
vn 0.5610 0.6440 -0.5201
vn -0.7197 0.4072 -0.5623
vn 0.1163 0.9874 0.1069
vn 0.2547 0.9524 -0.1675
vn -0.1087 0.9891 0.0997
vn 0.1643 -0.1615 -0.9731
vn -0.3125 -0.9495 -0.0273
vn 0.1863 0.8459 0.4997
vn 0.4667 0.8393 0.2787
vn 0.9834 0.0097 -0.1813
vn -0.2033 -0.9450 -0.2564
vn -0.5286 -0.7988 -0.2871
vn 0.6046 0.7783 -0.1696
vn 0.5848 0.7322 0.3492
vn 0.4047 0.7786 0.4797
vn -0.1867 0.4767 0.8590
vn -0.1597 0.2297 0.9601
vn 0.3582 0.6406 0.6792
vn 0.5559 0.7636 0.3286
vn 0.6332 0.7602 -0.1454
vn 0.6275 0.6691 -0.3982
vn -0.2297 -0.8048 0.5473
vn -0.9433 -0.1651 0.2881
vn -0.6701 -0.7177 0.1896
vn -0.8688 -0.3978 0.2948
vn -0.9827 -0.0207 -0.1838
vn -0.8704 -0.4274 -0.2444
vn -0.9069 0.0751 0.4146
vn -0.7921 0.5144 0.3287
vn -0.8108 0.5847 0.0281
vn 0.0052 -0.0311 0.9995
vn -0.2205 -0.2649 0.9387
vn 0.2734 -0.3196 0.9072
vn -0.3399 0.0696 0.9379
vn -0.2698 0.5871 0.7632
vn -0.7445 0.0736 -0.6635
vn -0.6977 0.5217 -0.4910
vn -0.5523 0.8335 -0.0154
vn 0.4239 0.5758 -0.6991
vn 0.5722 0.6016 -0.5574
vn 0.1957 -0.0126 0.9806
vn 0.2711 0.9626 -0.0028
vn 0.3502 0.9325 -0.0887
vn 0.3800 0.9246 -0.0247
vn -0.5380 0.5926 -0.5994
vn -0.6127 0.2182 -0.7596
vn 0.1855 0.1633 0.9690
vn -0.1334 0.5343 0.8347
vn -0.1705 0.9854 -0.0001
vn -0.2590 0.9208 0.2916
vn -0.0295 0.9761 0.2151
vn 0.1017 0.8348 0.5411
vn 0.1116 0.9028 0.4153
vn -0.4590 0.8880 0.0273
vn -0.2488 0.8982 -0.3623
vn 0.3035 0.8777 -0.3708
vn -0.6328 0.6558 -0.4116
vn -0.6190 0.7831 -0.0600
vn -0.5369 0.7716 0.3411
vn -0.4496 0.7594 0.4702
vn -0.4880 0.8053 0.3365
vn 0.2370 0.6078 -0.7579
vn 0.0826 0.4118 -0.9075
vn 0.2240 0.7391 -0.6352
vn -0.6029 0.4745 -0.6414
vn -0.9670 0.1174 -0.2261
vn -0.1935 -0.1213 0.9736
vn 0.1656 0.4126 0.8958
vn 0.2793 0.1923 0.9408
vn 0.4100 0.7264 0.5515
vn 0.6525 0.4619 0.6007
vn 0.5874 0.6601 0.4681
vn 0.7403 0.5054 0.4432
vn -0.9084 0.4095 0.0845
vn -0.9916 -0.1286 0.0153
vn -0.6615 0.0564 0.7479
vn -0.8146 -0.2331 0.5311
vn -0.4748 0.6412 0.6029
vn -0.4768 0.8757 0.0760
vn -0.1050 0.1157 0.9877
vn -0.1403 0.6784 0.7212
vn 0.4355 0.1457 0.8883
vn 0.2555 0.6679 0.6990
vn 0.7222 0.5991 0.3457
vn 0.2376 0.9617 0.1367
vn -0.1346 0.9827 0.1271
vn 0.2037 0.9754 0.0841
vn 0.5560 0.8163 0.1569
vn -0.1301 0.9901 -0.0524
vn -0.4543 0.8811 -0.1316
vn -0.1134 0.8579 -0.5011
vn 0.1127 0.8909 -0.4399
vn 0.1131 0.7891 -0.6038
vn -0.0861 0.7576 -0.6470
vn 0.5326 0.6779 -0.5067
vn 0.4325 0.6051 -0.6685
vn -0.0656 0.5691 -0.8197
vn 0.7560 0.6112 -0.2345
vn 0.5778 0.6636 -0.4752
vn -0.0284 0.5066 -0.8617
vn -0.2954 0.6969 -0.6535
vn -0.3415 0.7873 -0.5133
vn -0.5276 0.3638 -0.7677
vn -0.5161 0.2642 -0.8147
vn -0.6191 0.4933 -0.6111
vn -0.9058 0.3945 -0.1547
vn -0.7408 0.0717 -0.6679
vn -0.9743 -0.0626 -0.2166
vn 0.3433 0.9348 -0.0916
vn 0.3482 0.9352 0.0650
vn 0.3968 0.8670 -0.3014
vn 0.3371 0.9298 -0.1476
vn 0.2705 0.6059 -0.7481
vn 0.4144 0.8521 -0.3198
vn 0.1029 0.3996 -0.9109
vn 0.1042 0.3392 -0.9349
vn -0.2096 -0.0928 -0.9734
vn -0.3095 -0.2858 -0.9069
vn -0.3514 -0.2337 -0.9066
vn -0.2193 -0.0468 -0.9745
vn 0.1728 0.9849 -0.0108
vn 0.2964 0.8956 -0.3317
vn 0.3766 0.8456 -0.3783
vn 0.3769 0.5989 -0.7066
vn 0.2430 0.3890 -0.8886
vn 0.5141 0.8187 0.2558
vn 0.4102 0.7808 0.4712
vn -0.6816 -0.7077 0.1861
vn -0.6137 -0.7705 0.1725
vn -0.5700 -0.7122 -0.4098
vn -0.6850 -0.7267 0.0505
vn -0.7081 -0.6675 0.2302
vn -0.8272 -0.5331 0.1777
vn -0.2856 -0.0314 0.9578
vn -0.0596 0.1723 0.9832
vn -0.2005 -0.1364 0.9701
vn -0.3884 -0.2065 0.8980
vn 0.3987 0.1390 0.9065
vn 0.7569 0.3355 0.5609
vn 0.8391 0.4323 0.3301
vn -0.8922 -0.4010 0.2077
vn -0.9381 -0.3434 -0.0458
vn 0.4163 0.4025 0.8153
vn 0.2879 0.3803 0.8789
vn 0.2950 0.4336 0.8515
vn 0.8152 0.5423 0.2035
vn 0.7647 0.5945 0.2484
vn 0.7745 0.6077 0.1756
vn 0.4124 0.7271 0.5488
vn 0.2789 0.7472 0.6032
vn 0.1476 0.5369 0.8306
vn 0.0561 0.4806 0.8752
vn 0.1398 0.2561 0.9565
vn 0.0581 0.2634 0.9629
vn 0.4075 0.8712 0.2739
vn 0.8572 0.3814 0.3459
vn 0.8398 0.4501 0.3035
vn 0.8622 0.4546 0.2233
vn 0.9044 0.2328 0.3575
vn 0.8562 0.3364 0.3920
vn 0.6436 0.7648 0.0310
vn 0.4163 -0.4025 0.8153
vn 0.2950 -0.4336 0.8515
vn 0.2879 -0.3803 0.8789
vn 0.4124 -0.7271 0.5488
vn 0.2789 -0.7472 0.6032
vn 0.1476 -0.5369 0.8306
vn 0.0561 -0.4806 0.8752
vn 0.1398 -0.2561 0.9565
vn 0.0581 -0.2634 0.9629
vn 0.0740 -0.0000 0.9973
vn 0.8572 -0.3814 0.3459
vn 0.8622 -0.4546 0.2233
vn 0.8398 -0.4501 0.3036
vn 0.8562 -0.3364 0.3920
vn 0.9044 -0.2328 0.3575
vn 0.2206 0.3349 0.9161
vn 0.2293 0.7477 0.6232
vn -0.1093 0.6526 0.7498
vn 0.5777 -0.0643 0.8137
vn 0.4491 0.4107 0.7935
vn 0.4705 -0.2109 0.8568
vn 0.4668 -0.6164 0.6342
vn 0.0589 -0.7093 0.7025
vn 0.0007 -0.9698 -0.2440
vn -0.0135 -0.8619 -0.5070
vn 0.0557 -0.6759 -0.7349
vn 0.1624 -0.4878 -0.8577
vn 0.2852 -0.8164 -0.5021
vn 0.3442 -0.1275 -0.9302
vn 0.4976 0.5359 -0.6821
vn -0.4948 0.2084 -0.8437
vn -0.6877 0.0086 -0.7259
vn -0.2578 0.5049 -0.8238
vn -0.8234 -0.2306 -0.5185
vn -0.0265 0.5138 -0.8575
vn -0.3859 0.2630 -0.8843
vn -0.8307 -0.3821 -0.4049
vn -0.8805 0.1186 0.4590
vn -0.9617 -0.2631 -0.0773
vn -0.6137 -0.3134 -0.7247
vn -0.6327 -0.5005 -0.5909
vn -0.3144 -0.8891 0.3326
vn -0.1995 -0.0512 -0.9786
vn -0.3704 -0.2853 -0.8840
vn -0.2836 -0.1821 -0.9415
vn 0.3273 0.7394 -0.5884
vn 0.3525 0.6100 -0.7096
vn 0.6409 0.5879 -0.4936
vn 0.5122 0.8525 -0.1041
vn 0.0508 -0.7568 0.6516
vn 0.5350 -0.1327 0.8344
vn 0.4171 -0.4283 0.8016
vn 0.7098 0.5288 0.4654
vn 0.4848 0.6063 -0.6304
vn 0.0839 0.1870 -0.9788
vn 0.5544 0.3168 -0.7696
vn 0.3773 0.6182 -0.6896
vn 0.5610 0.5217 -0.6428
vn 0.6923 0.6012 -0.3992
vn 0.6831 0.4800 -0.5505
vn -0.3191 0.5740 -0.7541
vn 0.3620 0.5457 -0.7557
vn 0.0918 0.7802 -0.6187
vn 0.8291 0.5438 -0.1300
vn 0.8519 0.4798 -0.2098
vn 0.4140 0.7894 -0.4533
vn 0.5946 0.7436 -0.3058
vn 0.2885 0.7030 -0.6500
vn 0.5649 0.7911 0.2346
vn 0.5271 0.8358 0.1536
vn -0.6164 0.4052 -0.6752
vn -0.3467 0.3586 -0.8667
vn -0.1157 -0.0262 -0.9929
vn -0.3400 -0.2636 -0.9027
vn -0.8432 0.2852 -0.4557
vn 0.4738 0.6499 -0.5943
vn 0.9316 0.3012 -0.2033
vn 0.8103 0.5390 0.2300
vn 0.9399 0.3404 -0.0259
vn 0.5765 0.8170 -0.0127
vn 0.5749 0.8131 0.0913
vn -0.4648 -0.4474 -0.7640
vn -0.5205 -0.4823 -0.7046
vn 0.3601 -0.7855 0.5033
vn 0.0673 -0.9806 0.1844
vn -0.2160 -0.9197 0.3279
vn 0.0976 -0.8448 0.5261
vn 0.8580 -0.4259 0.2871
vn 0.6286 -0.6564 0.4171
vn 0.5845 -0.7348 0.3441
vn 0.9982 0.0551 0.0226
vn 0.9367 0.2389 0.2561
vn 0.7130 0.3806 0.5889
vn 0.8467 0.3939 -0.3576
vn 0.5900 -0.3228 0.7401
vn -0.1324 -0.9702 0.2031
vn 0.4401 -0.0140 0.8978
vn 0.5674 0.5049 0.6504
vn -0.1163 0.5708 -0.8128
vn -0.9429 -0.2042 -0.2633
vn -0.9508 -0.2900 -0.1092
vn -0.6491 -0.4378 -0.6220
vn 0.2465 0.6336 -0.7333
vn -0.3420 -0.9351 0.0931
vn -0.7422 -0.6521 0.1545
vn -0.3739 -0.6808 0.6299
vn -0.1429 -0.6489 0.7473
vn 0.3624 -0.0755 0.9289
vn 0.0951 -0.3377 0.9364
vn 0.6789 0.0622 0.7316
vn -0.1248 -0.4820 0.8672
vn -0.3834 -0.4555 0.8034
vn -0.5611 -0.6215 0.5467
vn 0.9820 -0.0693 0.1756
vn 0.5226 0.0472 0.8513
vn -0.0062 0.0272 0.9996
vn -0.0370 -0.0497 0.9981
vn 0.1511 0.1856 0.9709
vn 0.4691 0.6861 0.5561
vn 0.5197 0.8258 0.2190
vn -0.3028 -0.2270 0.9256
vn -0.0038 0.1325 0.9912
vn 0.0358 0.0894 0.9954
vn -0.6468 -0.7587 0.0781
vn -0.6486 -0.7137 0.2646
vn -0.5510 -0.7030 -0.4497
vn -0.8701 -0.4794 -0.1147
vn 0.4615 0.8347 -0.3005
vn 0.2919 0.6519 -0.6999
vn 0.4361 0.8587 -0.2690
vn 0.1390 0.4387 -0.8878
vn -0.6721 -0.6482 0.3580
vn -0.2684 -0.2404 -0.9328
vn -0.4534 -0.3780 -0.8072
vn -0.6990 -0.7000 0.1467
vn -0.9096 -0.3415 0.2366
vn -0.5101 -0.3762 0.7735
vn -0.9610 -0.0190 -0.2758
vn -0.7824 -0.2286 -0.5793
vn -0.9572 -0.2727 -0.0971
vn -0.5962 -0.4771 0.6457
vn -0.5300 -0.4801 0.6990
vn -0.6634 -0.7475 -0.0325
vn -0.4170 -0.6316 -0.6536
vn -0.3994 -0.5090 -0.7625
vn -0.7088 -0.4925 -0.5050
vn -0.8637 -0.3663 -0.3462
vn -0.9384 -0.2887 -0.1900
vn -0.9701 0.0779 -0.2300
vn -0.6978 -0.2127 -0.6840
vn -0.7451 -0.1765 -0.6432
vn -0.4396 -0.2230 0.8701
vn -0.1198 -0.0505 0.9915
vn 0.0573 -0.4545 0.8889
vn -0.6091 -0.5572 0.5643
vn -0.6675 -0.1728 0.7242
vn -0.8248 -0.2120 0.5241
vn -0.7838 -0.5106 0.3535
vn -0.9017 -0.3398 0.2672
vn -0.6883 -0.7231 -0.0578
vn -0.7249 -0.5850 -0.3639
vn -0.6735 -0.3850 -0.6310
vn -0.3965 -0.2345 -0.8876
vn -0.6315 -0.5016 -0.5913
vn -0.4759 -0.1682 -0.8633
vn -0.5883 -0.5747 -0.5689
vn 0.1719 0.1307 0.9764
vn 0.0851 0.1253 0.9885
vn 0.5424 0.8167 -0.1970
vn 0.5314 0.6977 -0.4804
vn 0.2227 0.9695 -0.1026
vn 0.1731 0.9591 -0.2240
vn 0.2931 0.9286 0.2274
vn 0.4307 0.9014 0.0442
vn 0.2691 0.5097 -0.8172
vn 0.7942 0.0803 -0.6024
vn -0.7177 -0.4601 0.5227
vn -0.7805 -0.0980 0.6175
vn -0.5052 0.7815 -0.3662
vn -0.9421 -0.2031 -0.2669
vn -0.2258 -0.0368 -0.9735
vn -0.0352 0.5409 -0.8403
vn 0.3088 0.9373 0.1614
vn -0.1293 -0.1859 -0.9740
vn -0.2704 -0.3911 -0.8797
vn 0.3279 0.8137 0.4799
vn 0.4719 0.8017 0.3668
vn 0.7115 0.6947 -0.1052
vn 0.5886 0.7349 -0.3368
vn 0.9928 0.0716 0.0964
vn 0.9983 -0.0000 0.0579
vn 0.8863 0.4481 0.1168
vn 0.8922 0.4219 0.1612
vn 0.9534 0.1771 0.2441
vn 0.9743 0.1173 0.1923
vn 0.8823 0.4268 0.1985
vn 0.8759 0.4524 0.1676
vn 0.2211 0.3660 0.9040
vn 0.2707 0.2704 0.9239
vn 0.7634 0.5366 0.3595
vn 0.7324 0.6335 0.2495
vn 0.3498 -0.0000 0.9368
vn 0.4060 0.1616 0.8995
vn 0.2924 0.2206 0.9305
vn 0.1737 -0.0000 0.9848
vn 0.2807 0.5023 0.8179
vn 0.9928 -0.0716 0.0964
vn 0.8863 -0.4481 0.1168
vn 0.8922 -0.4219 0.1612
vn 0.9743 -0.1173 0.1923
vn 0.9534 -0.1771 0.2441
vn 0.8823 -0.4268 0.1985
vn 0.8759 -0.4524 0.1676
vn 0.2211 -0.3660 0.9040
vn 0.2707 -0.2704 0.9239
vn 0.7647 -0.5945 0.2484
vn 0.7634 -0.5366 0.3595
vn 0.7803 -0.4891 0.3898
vn 0.7745 -0.6077 0.1756
vn 0.7324 -0.6335 0.2495
vn 0.8152 -0.5423 0.2035
vn 0.4060 -0.1616 0.8995
vn 0.4318 -0.0000 0.9020
vn 0.2924 -0.2206 0.9305
vn 0.2807 -0.5023 0.8179
vn -0.8643 -0.3622 -0.3490
vn 0.4726 0.7894 -0.3918
vn -0.5071 -0.5616 -0.6538
vn -0.5269 -0.0745 -0.8466
vn -0.5520 0.1166 -0.8256
vn -0.6235 0.3985 -0.6726
vn -0.4438 0.5527 -0.7054
vn -0.0442 0.9359 0.3494
vn -0.4325 0.8883 0.1541
vn -0.2848 0.8086 0.5149
vn 0.0247 0.2830 0.9588
vn 0.1981 0.3299 0.9230
vn 0.5461 -0.1393 0.8260
vn 0.6739 -0.5383 0.5060
vn 0.7689 -0.5963 0.2308
vn 0.7569 -0.5031 0.4172
vn -0.7679 0.2260 0.5994
vn 0.8943 -0.0389 -0.4458
vn 0.0841 0.8030 0.5900
vn 0.7712 -0.6279 -0.1052
vn 0.2567 -0.9507 0.1738
vn 0.7662 -0.5996 -0.2313
vn 0.5888 -0.4269 -0.6864
vn -0.3874 0.1180 -0.9143
vn -0.0945 0.5732 -0.8139
vn -0.3146 0.2686 -0.9104
vn 0.0743 0.4198 -0.9046
vn 0.1156 0.4587 -0.8810
vn -0.3163 0.1726 -0.9328
vn -0.3642 0.8491 -0.3825
vn 0.0753 0.8081 -0.5842
vn 0.3276 0.6200 -0.7129
vn 0.3346 0.6067 -0.7211
vn 0.0304 0.4148 -0.9094
vn 0.2725 0.6718 -0.6887
vn 0.5648 0.7399 -0.3654
vn 0.5723 0.7477 -0.3368
vn 0.1840 0.9761 -0.1153
vn -0.2805 0.9597 0.0177
vn 0.3675 0.9009 0.2311
vn 0.4790 0.8354 -0.2698
vn 0.7005 0.7051 0.1099
vn 0.7155 0.6797 0.1612
vn 0.7326 0.5291 0.4282
vn 0.7382 0.4575 0.4957
vn 0.5200 0.6787 0.5186
vn 0.6206 0.7700 0.1480
vn 0.6601 0.1142 0.7424
vn 0.6145 0.0078 0.7889
vn 0.5810 0.3023 0.7557
vn 0.6576 0.1622 0.7357
vn 0.6853 0.5663 0.4578
vn 0.5366 -0.2454 0.8073
vn 0.3976 -0.4283 0.8115
vn 0.4409 -0.3801 0.8131
vn 0.2426 -0.6760 0.6959
vn 0.4017 -0.4501 0.7976
vn 0.2039 -0.6844 0.7001
vn 0.1438 -0.6936 0.7059
vn -0.0911 -0.7179 0.6901
vn 0.0392 -0.7183 0.6946
vn 0.1198 -0.7384 0.6636
vn -0.6829 -0.4901 0.5417
vn -0.2091 -0.7688 0.6043
vn -0.6895 -0.3931 0.6083
vn -0.8657 -0.4923 0.0904
vn -0.4037 -0.7797 0.4786
vn -0.5599 -0.3154 -0.7662
vn -0.6770 -0.3508 -0.6470
vn -0.7319 -0.3037 -0.6100
vn -0.8174 -0.5759 0.0132
vn -0.6870 -0.1341 -0.7142
vn -0.3144 0.0521 -0.9479
vn -0.5515 0.2442 -0.7976
vn -0.3898 0.3309 -0.8594
vn -0.3813 0.1718 -0.9083
vn -0.5231 0.1559 -0.8379
vn -0.6622 0.1832 -0.7266
vn -0.6334 0.1212 -0.7643
vn -0.6996 0.1878 -0.6894
vn -0.5568 0.3019 -0.7738
vn -0.1435 0.0191 -0.9895
vn -0.2226 -0.0000 -0.9749
vn -0.5472 0.0460 0.8357
vn -0.7257 0.2441 0.6433
vn -0.5953 0.1351 0.7921
vn -0.5470 -0.0000 0.8371
vn -0.4607 -0.0000 0.8875
vn 0.0808 -0.0582 0.9950
vn 0.5011 0.0452 0.8642
vn 0.0783 0.0023 0.9969
vn -0.1535 -0.0861 0.9844
vn 0.0623 -0.0923 0.9938
vn -0.1858 -0.0632 0.9806
vn -0.3248 -0.0000 0.9458
vn -0.3964 -0.0304 0.9176
vn -0.1994 -0.0283 0.9795
vn -0.5071 0.0120 0.8618
vn -0.6075 0.0721 0.7911
vn 0.7123 -0.5497 0.4363
vn -0.5790 -0.6831 -0.4450
vn 0.9157 -0.1196 0.3837
vn 0.1396 -0.6592 -0.7389
vn 0.1727 -0.9168 -0.3602
vn 0.6766 -0.7060 0.2092
vn -0.7886 -0.3837 -0.4806
vn -0.0975 -0.9922 -0.0779
vn -0.2043 -0.9709 0.1246
vn -0.3620 -0.8530 0.3760
vn -0.0171 -0.9941 0.1074
vn 0.4246 -0.8751 -0.2321
vn 0.1357 -0.9661 0.2194
vn 0.4734 -0.4821 -0.7372
vn 0.4588 -0.1264 -0.8795
vn 0.6198 -0.4906 -0.6125
vn -0.6501 -0.1874 -0.7364
vn 0.7902 0.6075 -0.0807
vn 0.1949 0.0655 -0.9786
vn 0.0735 0.0268 -0.9969
vn -0.4697 0.0710 -0.8799
vn 0.0985 -0.5713 0.8148
vn 0.5699 -0.7050 0.4222
vn -0.1399 -0.7922 0.5940
vn 0.2597 -0.8280 0.4969
vn -0.3175 -0.5182 0.7941
vn -0.5988 -0.5610 0.5715
vn -0.2169 -0.4611 0.8604
vn -0.6271 -0.5805 0.5194
vn -0.7490 -0.6214 0.2300
vn -0.7565 -0.6128 0.2286
vn -0.7115 -0.6582 0.2461
vn -0.7650 -0.6010 -0.2316
vn -0.7640 -0.5965 -0.2458
vn -0.3270 -0.9220 -0.2073
vn -0.0493 -0.9046 0.4233
vn -0.1970 -0.7285 -0.6561
vn -0.6800 -0.6781 -0.2790
vn -0.3609 -0.2347 -0.9026
vn -0.5758 -0.4428 -0.6873
vn -0.5610 -0.3950 -0.7275
vn -0.3332 -0.1305 -0.9338
vn -0.0143 -0.4924 -0.8702
vn -0.4773 -0.5016 -0.7215
vn -0.2458 -0.2792 -0.9282
vn -0.0514 0.1619 -0.9855
vn 0.0203 0.2875 -0.9576
vn 0.1746 -0.2306 -0.9573
vn 0.0239 0.0795 -0.9965
vn 0.3628 0.1826 -0.9138
vn 0.2393 0.6349 -0.7346
vn 0.2532 0.4964 -0.8303
vn 0.3760 0.3353 -0.8638
vn 0.3575 0.7607 -0.5418
vn 0.4652 0.7577 -0.4577
vn 0.3698 0.8293 -0.4190
vn 0.6500 0.7276 -0.2193
vn 0.5928 0.6891 -0.4167
vn 0.7327 0.6678 0.1312
vn 0.5072 0.8408 -0.1893
vn 0.7348 0.2745 0.6203
vn 0.6121 0.7888 0.0558
vn 0.3454 -0.0482 0.9372
vn 0.7090 0.3490 0.6128
vn 0.5111 0.6894 0.5134
vn 0.2218 0.7003 0.6785
vn 0.1432 -0.0282 0.9893
vn 0.4186 -0.1959 0.8868
vn 0.2525 -0.2214 0.9419
vn -0.5219 -0.5598 0.6436
vn -0.1455 -0.4015 0.9042
vn -0.5530 -0.2480 -0.7954
vn -0.3815 -0.1743 -0.9078
vn -0.3902 -0.3272 -0.8606
vn -0.6639 -0.1945 -0.7220
vn -0.5236 -0.1576 -0.8373
vn -0.6336 -0.1235 -0.7637
vn -0.7020 -0.2324 -0.6732
vn -0.6243 -0.0715 -0.7779
vn -0.1435 -0.0191 -0.9895
vn -0.5472 -0.0460 0.8357
vn -0.5953 -0.1351 0.7921
vn 0.0769 0.0487 0.9958
vn 0.3375 0.1058 0.9354
vn 0.0623 0.0923 0.9938
vn -0.1535 0.0862 0.9844
vn -0.1904 0.0392 0.9809
vn 0.0607 -0.0556 0.9966
vn -0.3899 0.0120 0.9208
vn -0.7182 -0.2585 0.6460
vn -0.5849 -0.1216 0.8019
vn 0.2261 0.3071 -0.9244
vn 0.0945 0.5698 -0.8163
vn 0.3481 0.6420 -0.6831
vn 0.4242 0.6369 -0.6438
vn -0.6216 -0.5239 -0.5823
vn -0.5944 -0.7524 0.2839
vn -0.6446 -0.4131 0.6433
vn -0.6811 -0.3316 0.6528
vn -0.3792 -0.9253 0.0037
vn -0.3247 -0.8704 0.3701
vn -0.2225 -0.9379 0.2663
vn 0.1320 -0.8081 0.5741
vn 0.0420 -0.8379 0.5442
vn 0.7343 -0.0862 0.6733
vn 0.5389 -0.4595 0.7060
vn 0.6419 -0.1415 0.7536
vn 0.2751 -0.9566 0.0961
vn -0.2262 -0.9069 0.3556
vn 0.4321 -0.7212 -0.5415
vn -0.0531 -0.9933 -0.1023
vn 0.0463 0.6476 -0.7605
vn 0.4878 -0.4533 -0.7460
vn 0.4121 -0.4821 -0.7732
vn 0.7076 0.5367 0.4597
vn 0.6945 0.5462 0.4683
vn 0.5328 0.6119 -0.5846
vn 0.5275 0.7066 -0.4717
vn 0.5191 0.7571 -0.3965
vn 0.6252 0.7804 -0.0135
vn -0.1184 -0.7839 0.6095
vn 0.0047 -0.5832 0.8123
vn 0.5022 -0.7693 0.3950
vn -0.1607 -0.8951 0.4160
vn 0.5290 -0.7945 0.2980
vn -0.0827 -0.9038 0.4199
vn 0.5054 -0.7870 0.3539
vn 0.0771 -0.9904 0.1148
vn 0.8133 -0.2136 -0.5413
vn 0.6602 -0.1731 -0.7308
vn -0.0206 -0.9709 0.2385
vn 0.0660 -0.8642 0.4989
vn 0.7934 -0.5650 0.2264
vn 0.5043 -0.7006 0.5047
vn 0.5628 -0.6713 0.4823
vn 0.7986 -0.5578 0.2260
vn -0.4016 -0.8296 0.3879
vn 0.0043 -0.9758 0.2188
vn -0.7007 -0.6990 0.1429
vn -0.7970 -0.5873 0.1412
vn 0.0983 -0.7910 -0.6039
vn -0.0931 -0.9673 0.2361
vn -0.0955 -0.9947 0.0373
vn 0.0938 -0.8920 0.4423
vn -0.5614 -0.7365 0.3773
vn -0.4995 -0.7610 0.4141
vn 0.1588 -0.8443 0.5118
vn -0.8652 -0.4765 0.1561
vn -0.8979 -0.4105 0.1589
vn -0.9799 -0.1554 -0.1248
vn -0.9783 -0.1497 -0.1435
vn -0.5309 -0.8292 0.1748
vn -0.8815 -0.3665 -0.2978
vn -0.6298 -0.7762 0.0295
vn 0.8890 -0.4123 0.1992
vn -0.0379 -0.5398 -0.8410
vn -0.7868 0.0955 0.6098
vn 0.9312 0.1489 0.3327
vn -0.3579 0.4816 -0.8000
vn -0.2208 0.6399 -0.7360
vn -0.4596 0.3312 -0.8241
vn 0.3155 0.8310 -0.4582
vn 0.0883 0.7700 -0.6319
vn -0.6703 0.1750 -0.7212
vn -0.5094 0.3858 -0.7692
vn -0.0889 0.6221 -0.7779
vn 0.2268 0.7664 -0.6010
vn 0.4363 0.8529 -0.2869
vn 0.4274 0.8366 -0.3427
vn 0.2997 -0.8616 0.4096
vn 0.0591 -0.7014 0.7103
vn 0.1110 -0.7189 0.6862
vn 0.1240 -0.4800 0.8685
vn 0.1209 -0.6452 0.7544
vn 0.2433 -0.1801 0.9531
vn 0.3374 -0.0989 0.9362
vn 0.5744 0.6819 0.4528
vn 0.5506 0.6396 0.5365
vn 0.5019 0.4935 0.7104
vn 0.5581 0.8203 0.1247
vn -0.1789 0.5407 -0.8220
vn 0.1965 0.7388 -0.6447
vn 0.0411 -0.5466 0.8364
vn 0.0975 0.7014 -0.7060
vn -0.5347 -0.8443 -0.0349
vn 0.5446 0.8221 0.1660
vn 0.4361 0.8695 -0.2318
vn -0.3741 -0.9243 0.0758
vn -0.5148 -0.8131 -0.2720
vn -0.4443 -0.8703 -0.2126
vn -0.0659 -0.8425 0.5347
vn 0.1323 -0.5769 0.8060
vn 0.2909 -0.2764 0.9159
vn 0.0824 -0.5383 0.8387
vn -0.4119 -0.8975 -0.1573
vn -0.3853 -0.8850 -0.2614
vn -0.3678 -0.8939 -0.2561
vn 0.9525 0.2966 0.0685
vn -0.6188 -0.6409 0.4542
vn -0.3048 -0.7093 0.6356
vn -0.7443 -0.6206 0.2467
vn -0.7319 -0.6549 0.1882
vn -0.7732 -0.6276 0.0916
vn 0.1481 0.2186 0.9645
vn 0.7461 0.5787 0.3292
vn 0.9241 0.3554 0.1408
vn 0.6800 0.7191 0.1432
vn 0.4634 0.7436 0.4820
vn 0.4250 0.8694 -0.2520
vn 0.5092 0.8348 0.2092
vn -0.6415 -0.3948 -0.6577
vn -0.6641 -0.4422 -0.6029
vn -0.5608 -0.3266 -0.7608
vn -0.5319 -0.3189 -0.7844
vn -0.6225 -0.4924 -0.6082
vn -0.0490 0.3767 -0.9250
vn 0.0575 0.4372 -0.8975
vn 0.1714 0.7029 -0.6904
vn -0.1325 0.3154 -0.9396
vn 0.0230 0.9993 0.0282
vn 0.1897 0.8883 0.4182
vn -0.4772 0.8101 0.3405
vn -0.5278 0.6885 0.4974
vn -0.6934 -0.6365 0.3376
vn -0.3447 -0.1705 -0.9231
vn -0.3105 -0.2139 -0.9262
vn -0.9022 -0.4311 0.0103
vn -0.8302 -0.5568 -0.0279
vn -0.9235 -0.3526 0.1515
vn -0.7849 -0.6047 -0.1351
vn -0.8147 -0.5682 -0.1160
vn -0.7526 -0.6229 -0.2136
vn -0.7048 -0.2616 0.6594
vn 0.3457 0.8988 0.2694
vn -0.4578 0.8861 0.0725
vn -0.7439 -0.0530 -0.6662
vn -0.2154 0.9699 -0.1140
vn 0.4633 0.8635 0.1990
vn 0.1465 0.9733 0.1769
vn -0.9218 0.3710 0.1126
vn -0.9426 0.3018 0.1431
vn 0.4803 0.8563 -0.1897
vn -0.4092 0.1784 -0.8949
vn -0.7637 0.6059 -0.2229
vn 0.2281 0.6714 -0.7051
vn 0.2375 0.6690 -0.7043
vn -0.3992 0.7073 -0.5834
vn 0.4366 0.5470 0.7143
vn 0.5768 0.5994 0.5551
vn 0.5390 0.8291 0.1483
vn 0.3393 0.9381 -0.0689
vn -0.2865 0.9576 0.0303
vn 0.4056 0.9117 -0.0652
vn 0.5741 0.8148 -0.0805
vn 0.2700 0.9449 -0.1854
vn 0.4981 0.8515 0.1638
vn 0.9885 0.0259 -0.1488
vn 0.8818 -0.0504 -0.4689
vn 0.8903 0.1500 -0.4299
vn 0.8179 0.2817 0.5016
vn 0.8851 0.1046 0.4535
vn 0.6357 -0.2032 0.7447
vn 0.7241 -0.1568 0.6716
vn 0.6955 0.7107 -0.1059
vn 0.8490 0.4483 0.2797
vn 0.5550 0.4985 0.6659
vn -0.7272 0.4864 -0.4843
vn 0.8196 0.2486 0.5163
vn -0.9256 -0.2624 -0.2726
vn -0.5791 0.0943 -0.8098
vn -0.2027 -0.7092 0.6753
vn -0.1188 -0.6107 0.7829
vn -0.3008 -0.8113 0.5014
vn -0.5950 -0.8010 -0.0659
vn -0.5000 -0.8383 0.2173
vn -0.0503 -0.6506 0.7578
vn 0.1023 -0.4987 0.8607
vn -0.4227 -0.7711 0.4761
vn -0.5961 -0.7932 0.1242
vn -0.6059 -0.7482 -0.2703
vn -0.6250 -0.7514 -0.2115
vn 0.0137 0.9821 -0.1878
vn 0.4292 0.7501 -0.5031
vn 0.3358 0.8754 -0.3476
vn 0.4190 0.6945 -0.5848
vn 0.3393 0.8352 -0.4327
vn 0.3460 0.4309 -0.8335
vn -0.5004 -0.5833 -0.6398
vn -0.1732 -0.3536 -0.9192
vn -0.0203 -0.1980 -0.9800
vn -0.4487 -0.6039 -0.6588
vn -0.3632 -0.7250 0.5853
vn -0.6024 -0.7742 0.1944
vn 0.5499 0.6550 -0.5183
vn -0.6918 -0.6726 0.2627
vn 0.2873 0.8028 0.5224
vn 0.3621 0.8037 0.4722
vn -0.4068 -0.6081 -0.6817
vn -0.5838 -0.7524 -0.3051
vn 0.4505 0.7797 0.4349
vn 0.3856 0.5491 0.7415
vn 0.3814 0.6083 0.6961
vn 0.4226 0.8987 -0.1170
vn 0.3589 0.7491 -0.5568
vn 0.3059 0.4874 -0.8179
vn 0.4168 0.6925 -0.5889
vn 0.3124 0.8171 0.4845
vn 0.2416 0.8144 0.5277
vn 0.3021 0.6710 0.6771
vn -0.1278 0.9805 0.1493
vn -0.0569 0.9725 0.2259
vn -0.1364 0.9354 0.3262
vn -0.4552 0.6649 0.5923
vn -0.2989 0.9251 0.2343
vn 0.0253 0.9870 -0.1588
vn 0.0144 0.9799 -0.1991
vn 0.1593 0.9843 -0.0761
vn 0.8826 0.4507 0.1335
vn 0.9237 0.3126 0.2213
vn 0.7641 -0.0000 0.6451
vn 0.7832 0.1860 0.5933
vn 0.7637 0.1127 0.6356
vn 0.7541 -0.0000 0.6567
vn 0.7929 0.3881 0.4698
vn 0.7866 0.3169 0.5299
vn 0.7803 0.4891 0.3898
vn 0.3700 0.4433 0.8165
vn -0.1278 -0.9805 0.1493
vn -0.1364 -0.9354 0.3262
vn -0.0569 -0.9725 0.2259
vn -0.2989 -0.9251 0.2343
vn -0.4552 -0.6649 0.5923
vn 0.0253 -0.9870 -0.1589
vn 0.1593 -0.9843 -0.0761
vn 0.0144 -0.9799 -0.1991
vn 0.8827 -0.4507 0.1335
vn 0.9237 -0.3126 0.2213
vn 0.7637 -0.1127 0.6356
vn 0.7832 -0.1860 0.5933
vn 0.7866 -0.3169 0.5299
vn 0.7929 -0.3881 0.4699
vn 0.3700 -0.4433 0.8164
vn -0.5228 0.6065 -0.5990
vn -0.3863 0.8688 -0.3100
vn -0.2972 0.6597 -0.6902
vn -0.5794 0.7581 -0.2993
vn -0.5742 0.8184 0.0220
vn -0.3794 0.9174 0.1202
vn -0.4901 0.7972 0.3526
vn -0.2583 0.8457 0.4670
vn -0.2587 0.8635 -0.4329
vn -0.1970 0.6267 -0.7540
vn -0.2346 0.9671 0.0984
vn -0.0680 0.8208 0.5671
vn -0.1558 0.6588 0.7360
vn 0.0128 0.5622 0.8269
vn 0.1394 -0.2071 -0.9683
vn -0.3920 0.1155 -0.9127
vn -0.0246 -0.2298 -0.9729
vn -0.4150 0.2288 -0.8806
vn -0.6015 0.4385 -0.6677
vn -0.5501 0.4859 -0.6792
vn -0.6802 0.6789 -0.2765
vn -0.6089 0.6925 -0.3868
vn -0.5102 0.5127 -0.6905
vn -0.5902 0.7519 -0.2938
vn -0.6520 0.6863 -0.3222
vn -0.5182 0.8472 0.1171
vn -0.5272 0.8417 0.1167
vn -0.4956 0.8576 0.1375
vn -0.3105 0.7718 0.5549
vn -0.3136 0.7946 0.5200
vn -0.2990 0.7794 0.5506
vn -0.1483 0.6447 0.7499
vn -0.0838 0.6238 0.7771
vn -0.1971 0.5459 0.8144
vn 0.2477 0.2567 0.9342
vn 0.2776 0.2400 0.9302
vn 0.6154 -0.1382 0.7760
vn 0.5820 -0.2358 0.7782
vn 0.6875 -0.5718 0.4477
vn 0.8454 -0.3579 0.3965
vn 0.7121 -0.6376 0.2939
vn 0.7475 -0.5957 0.2939
vn 0.0254 -0.7811 0.6239
vn 0.7868 -0.5582 0.2635
vn 0.4811 -0.5135 -0.7106
vn 0.4277 -0.6730 -0.6035
vn 0.6468 -0.7290 -0.2240
vn 0.6570 -0.7427 -0.1292
vn 0.6839 -0.7295 0.0045
vn 0.8123 -0.5775 -0.0812
vn 0.7624 -0.6469 -0.0193
vn -0.3180 0.0750 -0.9451
vn -0.0545 0.4121 0.9095
vn 0.1545 -0.7359 0.6593
vn 0.0211 -0.7512 0.6598
vn -0.2930 -0.7287 0.6190
vn -0.2037 -0.8120 0.5469
vn -0.0574 -0.7801 0.6230
vn -0.5390 -0.8418 0.0285
vn -0.2462 -0.9215 -0.3004
vn 0.1139 -0.2190 -0.9691
vn 0.3279 -0.3044 -0.8943
vn 0.6141 -0.4168 -0.6702
vn 0.7943 -0.4955 -0.3516
vn 0.8827 -0.4492 -0.1381
vn 0.9148 -0.3252 0.2396
vn 0.9032 -0.0742 0.4227
vn 0.6262 0.0657 0.7769
vn 0.3614 0.1822 0.9144
vn 0.0590 0.2401 0.9689
vn -0.3983 0.3214 0.8591
vn -0.4324 0.4729 0.7677
vn -0.5885 -0.0518 -0.8069
vn -0.6518 0.0251 -0.7579
vn -0.3682 -0.0486 -0.9285
vn -0.2300 -0.1628 -0.9595
vn 0.6520 0.7384 -0.1722
vn 0.4392 0.8476 -0.2978
vn 0.6406 0.6621 -0.3889
vn 0.6822 0.7228 -0.1101
vn 0.7062 0.6781 0.2037
vn 0.6974 0.6332 0.3355
vn 0.3424 0.8819 -0.3242
vn 0.1872 0.9419 -0.2790
vn 0.5139 0.8544 -0.0762
vn 0.3321 0.9391 -0.0881
vn 0.2467 0.9496 -0.1934
vn 0.3252 0.9456 -0.0064
vn 0.2342 0.9348 -0.2670
vn 0.2478 0.8408 -0.4813
vn 0.2882 0.9296 -0.2297
vn 0.6740 0.6833 0.2809
vn 0.4578 0.8613 0.2204
vn 0.3589 0.9292 0.0879
vn 0.4722 0.8740 0.1147
vn 0.0008 0.7507 -0.6606
vn -0.0809 0.8084 -0.5831
vn -0.0602 0.0501 -0.9969
vn 0.1591 -0.2693 -0.9498
vn -0.0130 0.2919 -0.9564
vn -0.2127 0.3792 -0.9005
vn -0.3922 0.1545 -0.9068
vn 0.1226 0.3037 -0.9449
vn 0.1859 0.5130 -0.8380
vn 0.1844 0.3344 -0.9242
vn 0.1916 0.5656 -0.8021
vn 0.2665 0.8018 -0.5349
vn 0.2744 0.5786 -0.7680
vn 0.2315 0.2854 -0.9300
vn 0.3436 0.9230 -0.1733
vn 0.3480 0.8565 -0.3812
vn -0.0041 0.2293 -0.9734
vn 0.2840 0.4275 -0.8582
vn 0.2432 0.2713 -0.9313
vn 0.0467 0.4863 -0.8725
vn 0.2245 0.7329 -0.6422
vn -0.0746 0.6921 -0.7179
vn -0.3842 0.4792 -0.7891
vn 0.1250 0.9114 -0.3920
vn -0.0788 0.8190 -0.5684
vn -0.3783 0.3472 -0.8581
vn -0.5198 0.3525 -0.7782
vn -0.3324 0.5887 -0.7368
vn -0.6551 0.4506 -0.6065
vn -0.1834 0.9120 -0.3668
vn -0.6600 0.5845 -0.4720
vn -0.1686 0.9303 -0.3257
vn -0.2972 0.2140 -0.9305
vn -0.7385 0.1709 -0.6522
vn -0.6934 0.1580 -0.7030
vn 0.2591 0.6929 -0.6729
vn 0.0387 0.7935 -0.6074
vn 0.2527 0.6118 -0.7496
vn 0.1314 0.8451 -0.5183
vn -0.8575 0.1106 -0.5025
vn -0.9329 0.1529 -0.3261
vn -0.4555 0.5812 -0.6743
vn 0.0220 0.8905 -0.4544
vn -0.6810 0.1738 -0.7113
vn -0.9327 -0.0671 -0.3543
vn -0.5927 0.0089 -0.8054
vn -0.6852 0.0677 -0.7253
vn -0.7788 0.1061 -0.6182
vn -0.8500 -0.0609 -0.5232
vn -0.9242 -0.0532 -0.3783
vn -0.8422 0.0027 -0.5392
vn -0.4005 0.3870 -0.8306
vn -0.8142 0.0217 -0.5802
vn -0.8383 0.1216 -0.5315
vn -0.6177 0.1277 -0.7760
vn -0.7964 0.2797 -0.5362
vn -0.9666 0.1493 -0.2084
vn -0.9423 0.2666 -0.2024
vn -0.7193 0.6409 -0.2679
vn -0.7108 0.4716 -0.5219
vn -0.8606 0.4557 -0.2273
vn -0.9190 0.3617 0.1566
vn -0.9176 0.2761 0.2859
vn -0.7470 0.6648 0.0082
vn -0.8427 0.5304 0.0921
vn -0.7209 0.4024 0.5642
vn -0.7167 0.3027 0.6282
vn -0.6955 0.5770 0.4281
vn -0.4684 0.6616 0.5856
vn -0.6532 0.7013 0.2856
vn -0.5869 0.3099 -0.7480
vn -0.6152 0.7330 0.2902
vn -0.6587 0.7253 -0.2002
vn -0.8451 0.5249 0.1013
vn -0.3471 0.9376 -0.0231
vn 0.6262 0.6820 0.3778
vn 0.5617 0.6692 0.4865
vn -0.9372 0.2639 -0.2280
vn -0.9704 0.2348 -0.0561
vn -0.9941 0.0120 -0.1077
vn -1.0000 -0.0012 0.0015
vn -0.9803 0.1490 0.1300
vn -0.9507 0.1536 0.2694
vn 0.4295 0.4075 -0.8059
vn 0.3947 0.3184 -0.8619
vn -0.6682 0.0890 -0.7386
vn -0.6243 0.0715 -0.7779
vn 0.1342 0.0906 -0.9868
vn -0.0337 -0.0000 -0.9994
vn 0.1685 0.1767 -0.9697
vn 0.0745 0.1073 -0.9914
vn 0.1456 -0.0000 -0.9893
vn 0.2307 0.1296 -0.9644
vn 0.2402 -0.0001 -0.9707
vn 0.0087 -0.0000 -1.0000
vn 0.5040 -0.0000 -0.8637
vn 0.4091 -0.0000 -0.9125
vn -0.6502 -0.0000 -0.7598
vn 0.5818 -0.0000 -0.8133
vn 0.4355 0.4920 -0.7538
vn 0.3557 0.7499 -0.5578
vn 0.2772 0.8752 -0.3964
vn 0.1259 0.9555 -0.2666
vn -0.0519 0.2626 0.9635
vn -0.3603 0.2126 0.9083
vn 0.0238 0.2441 0.9694
vn -0.3733 0.2105 0.9035
vn -0.3084 0.1131 0.9445
vn 0.0607 0.0979 0.9933
vn 0.6208 0.3881 0.6812
vn 0.5354 0.4040 0.7417
vn 0.5463 0.1884 0.8161
vn 0.4515 0.2506 0.8563
vn 0.4688 0.1794 0.8649
vn 0.1813 0.0719 0.9808
vn 0.2528 -0.0000 0.9675
vn 0.1206 -0.0000 0.9927
vn 0.3467 0.0460 0.9368
vn 0.2640 0.1938 0.9448
vn 0.3889 0.1807 0.9034
vn 0.3912 0.3559 0.8487
vn 0.4918 0.1269 0.8614
vn 0.4573 -0.0000 0.8893
vn 0.4699 0.0332 0.8821
vn 0.4832 0.0100 0.8754
vn 0.5211 0.1074 0.8467
vn 0.5259 -0.0456 0.8493
vn 0.7034 0.0524 0.7088
vn 0.6760 -0.0272 0.7364
vn 0.4679 -0.0000 0.8838
vn 0.6326 -0.1057 0.7672
vn 0.3375 -0.1058 0.9354
vn -0.5584 0.3963 0.7288
vn -0.4045 0.4329 0.8056
vn -0.4552 0.1566 0.8765
vn -0.3649 0.2194 0.9048
vn -0.4262 -0.0000 0.9046
vn -0.3485 -0.0000 0.9373
vn 0.3778 0.2882 0.8799
vn 0.3748 0.3311 0.8660
vn 0.6515 0.4103 0.6381
vn 0.5675 0.1860 0.8021
vn 0.7162 0.1696 0.6770
vn 0.5979 0.3807 0.7054
vn 0.5535 0.2687 0.7883
vn 0.3872 0.3670 0.8458
vn 0.6431 0.3346 0.6888
vn -0.6985 0.2455 0.6722
vn -0.6598 0.2454 0.7102
vn -0.8367 0.1750 0.5190
vn -0.6281 0.1008 0.7715
vn -0.9195 0.3890 0.0571
vn -0.9061 0.0432 0.4209
vn -0.7409 0.5875 0.3254
vn -0.7570 0.2797 0.5905
vn -0.6746 -0.0098 0.7381
vn -0.7033 -0.3032 0.6430
vn -0.4985 -0.3114 0.8090
vn -0.4391 -0.5814 0.6850
vn -0.9702 0.0260 0.2411
vn -0.9372 0.3397 -0.0787
vn -0.7534 -0.3962 0.5248
vn -0.3462 -0.7419 0.5742
vn -0.0593 -0.7181 0.6934
vn 0.0901 -0.8215 0.5630
vn -0.6474 -0.0352 -0.7614
vn -0.8113 0.2784 -0.5141
vn -0.4925 0.6103 -0.6205
vn -0.8257 0.5044 -0.2526
vn -0.9135 0.4060 0.0277
vn -0.8968 0.4326 0.0926
vn -0.6481 0.0749 0.7578
vn -0.8806 0.2132 0.4232
vn -0.8798 0.4657 0.0949
vn -0.8576 0.1380 0.4955
vn -0.8591 0.1573 0.4870
vn -0.5710 -0.5725 0.5884
vn -0.6919 -0.2438 0.6796
vn -0.6715 -0.2224 0.7068
vn -0.6790 -0.3467 0.6471
vn -0.3378 -0.5975 0.7273
vn -0.3976 -0.6060 0.6890
vn -0.3620 -0.7377 0.5699
vn -0.2067 -0.9398 0.2720
vn -0.1133 -0.8163 0.5664
vn -0.1947 -0.8410 0.5048
vn 0.3139 -0.9008 0.2999
vn 0.5348 -0.7353 0.4163
vn 0.7765 -0.6297 0.0240
vn 0.6668 -0.7327 -0.1363
vn 0.7625 -0.4650 -0.4499
vn 0.7480 -0.5556 -0.3631
vn 0.7058 -0.3386 -0.6223
vn 0.7872 -0.3898 -0.4779
vn 0.5070 -0.3764 -0.7754
vn 0.1210 0.2396 -0.9633
vn 0.5506 0.0361 -0.8340
vn 0.0658 0.4036 -0.9126
vn 0.4921 0.0410 -0.8696
vn 0.6286 -0.1040 -0.7707
vn 0.5783 -0.2450 -0.7782
vn 0.4582 -0.0688 -0.8862
vn -0.6098 0.7222 -0.3264
vn 0.3575 -0.6048 0.7116
vn -0.3118 -0.9237 0.2225
vn 0.2402 0.6377 -0.7319
vn 0.3240 0.8173 -0.4764
vn 0.3077 0.8315 -0.4626
vn 0.3119 0.8714 -0.3788
vn 0.3193 0.8649 -0.3872
vn 0.3740 0.8762 -0.3040
vn 0.6082 0.7882 -0.0937
vn 0.4388 0.8645 -0.2454
vn 0.4758 0.8775 -0.0600
vn 0.0967 0.2032 -0.9743
vn -0.1120 0.7230 -0.6817
vn 0.1551 -0.0109 -0.9878
vn 0.4065 -0.1396 -0.9029
vn 0.6199 -0.2738 -0.7354
vn 0.6900 -0.5289 -0.4942
vn 0.8186 -0.5593 -0.1308
vn 0.7139 -0.6211 0.3234
vn 0.5283 -0.6150 0.5854
vn 0.3332 -0.5116 0.7920
vn -0.1137 -0.2442 0.9630
vn -0.0145 -0.3554 0.9346
vn 0.1021 0.9734 0.2052
vn 0.0391 0.9991 -0.0142
vn -0.2268 0.9738 0.0132
vn 0.0004 0.9080 -0.4190
vn 0.1659 -0.5438 -0.8227
vn 0.5141 -0.5039 -0.6941
vn 0.2803 -0.3840 -0.8798
vn 0.4721 -0.3951 -0.7881
vn 0.4999 -0.8599 -0.1032
vn 0.6156 -0.7879 0.0135
vn 0.5847 -0.7690 -0.2586
vn 0.7313 -0.6460 -0.2188
vn -0.0717 -0.6099 -0.7892
vn -0.0280 -0.2045 -0.9785
vn 0.5465 -0.7015 -0.4574
vn 0.4142 -0.8063 -0.4222
vn 0.3076 -0.8230 -0.4775
vn 0.4697 -0.8737 -0.1270
vn 0.1308 -0.8413 -0.5246
vn 0.2602 -0.7538 -0.6034
vn 0.3773 -0.8850 -0.2728
vn 0.6761 -0.7151 0.1777
vn 0.4797 -0.8658 0.1423
vn 0.4252 -0.9004 0.0920
vn 0.5217 -0.8474 0.0984
vn 0.5814 -0.7989 -0.1540
vn -0.3628 -0.4644 -0.8079
vn -0.3252 -0.7104 -0.6241
vn -0.3673 0.8044 -0.4669
vn -0.2254 0.6846 -0.6932
vn -0.6984 0.5662 -0.4378
vn -0.7121 0.6620 -0.2339
vn -0.2157 0.9763 -0.0178
vn 0.1228 -0.3037 -0.9448
vn 0.1862 -0.5133 -0.8377
vn 0.2001 -0.5596 -0.8043
vn 0.1846 -0.3345 -0.9242
vn 0.3079 -0.7746 -0.5525
vn 0.2744 -0.5788 -0.7679
vn 0.2317 -0.2855 -0.9300
vn 0.3666 -0.9113 -0.1872
vn 0.3495 -0.8554 -0.3823
vn -0.0049 -0.2303 -0.9731
vn 0.2839 -0.4171 -0.8634
vn 0.0441 -0.4749 -0.8790
vn 0.2433 -0.2713 -0.9312
vn -0.0684 -0.6468 -0.7596
vn 0.2423 -0.6781 -0.6939
vn -0.3909 -0.4538 -0.8008
vn 0.1222 -0.8271 -0.5486
vn -0.1359 -0.7349 -0.6644
vn -0.5472 -0.4240 -0.7217
vn -0.5633 -0.3208 -0.7614
vn -0.5564 -0.4074 -0.7242
vn -0.3882 -0.5227 -0.7590
vn -0.5934 -0.5561 -0.5819
vn -0.6050 -0.6243 -0.4943
vn -0.1815 -0.9126 -0.3664
vn -0.1686 -0.9303 -0.3257
vn -0.6599 -0.2223 -0.7177
vn -0.7377 -0.2009 -0.6445
vn -0.6930 -0.1630 -0.7023
vn 0.0420 -0.7709 -0.6356
vn 0.2612 -0.6856 -0.6795
vn 0.2548 -0.6033 -0.7557
vn 0.1122 -0.8370 -0.5355
vn -0.7444 -0.4641 -0.4801
vn -0.5918 -0.6785 -0.4352
vn -0.4904 -0.5620 -0.6660
vn -0.0197 -0.8896 -0.4564
vn -0.6823 -0.3254 -0.6546
vn -0.8966 -0.3508 -0.2702
vn -0.7459 -0.3007 -0.5944
vn -0.7758 -0.1571 -0.6111
vn -0.7682 -0.2797 -0.5759
vn -0.9412 -0.0849 -0.3271
vn -0.8616 -0.3043 -0.4062
vn -0.9761 -0.1358 -0.1696
vn -0.5855 0.8103 0.0256
vn -0.9115 0.0549 -0.4077
vn -0.3846 0.8979 0.2142
vn 0.3050 0.8983 0.3163
vn 0.2474 0.8915 0.3796
vn -0.9951 0.0983 -0.0129
vn -0.8089 0.4747 0.3469
vn -0.3474 0.6057 0.7159
vn -0.2104 0.8346 0.5091
vn -0.1197 0.7687 0.6283
vn -0.8772 0.1099 0.4674
vn -0.9123 -0.0100 0.4094
vn -0.4557 0.3789 0.8055
vn -0.5342 0.3848 0.7527
vn -0.5233 -0.0532 0.8505
vn -0.6222 -0.0035 0.7829
vn -0.4757 -0.0680 0.8770
vn -0.2717 -0.4301 0.8609
vn -0.4720 0.0044 0.8816
vn -0.1620 0.9401 0.2998
vn -0.6396 -0.7452 -0.1888
vn -0.8326 -0.5380 0.1316
vn -0.6152 -0.7330 0.2902
vn -0.3471 -0.9376 -0.0231
vn 0.4375 -0.7961 0.4182
vn 0.6057 -0.6425 0.4693
vn 0.5896 -0.6267 0.5095
vn 0.6160 -0.7026 0.3561
vn -0.7009 -0.6812 -0.2115
vn -0.7691 -0.6370 0.0520
vn -0.9924 -0.0587 0.1079
vn -0.9403 -0.1186 0.3190
vn -0.7743 -0.6273 -0.0839
vn -0.8432 -0.4365 0.3137
vn 0.4295 -0.4075 -0.8059
vn 0.3947 -0.3184 -0.8619
vn -0.6682 -0.0890 -0.7386
vn 0.1342 -0.0906 -0.9868
vn 0.0747 -0.1073 -0.9914
vn 0.1686 -0.1767 -0.9697
vn 0.2308 -0.1297 -0.9643
vn 0.4355 -0.4920 -0.7538
vn 0.3528 -0.7463 -0.5644
vn 0.2585 -0.8787 -0.4013
vn 0.1259 -0.9555 -0.2666
vn 0.3412 -0.3499 0.8725
vn 0.1466 -0.3572 0.9225
vn -0.1893 -0.2317 0.9542
vn 0.0453 -0.1909 0.9806
vn -0.2546 -0.1892 0.9484
vn 0.0720 -0.2006 0.9770
vn 0.5455 -0.5133 0.6625
vn 0.5094 -0.4193 0.7515
vn 0.5325 -0.2385 0.8121
vn 0.4496 -0.2518 0.8570
vn 0.4608 -0.2454 0.8529
vn 0.4874 -0.0593 0.8712
vn -0.1962 -0.0425 0.9796
vn 0.1813 -0.0719 0.9808
vn 0.3468 -0.0461 0.9368
vn 0.2642 -0.1940 0.9448
vn 0.3890 -0.1808 0.9033
vn 0.3917 -0.3562 0.8483
vn 0.4913 -0.1287 0.8614
vn 0.4700 -0.0332 0.8821
vn 0.4832 -0.0099 0.8754
vn 0.5192 -0.1110 0.8474
vn 0.7036 -0.0510 0.7088
vn 0.5259 0.0457 0.8493
vn 0.6760 0.0272 0.7364
vn 0.6326 0.1057 0.7672
vn -0.5584 -0.3963 0.7288
vn -0.4045 -0.4329 0.8056
vn -0.4552 -0.1566 0.8765
vn -0.3649 -0.2194 0.9048
vn -0.4642 -0.0883 0.8813
vn 0.4503 -0.4119 0.7922
vn 0.5446 -0.4477 0.7092
vn 0.6150 -0.6225 0.4841
vn 0.5569 -0.2802 0.7819
vn 0.7155 -0.2146 0.6649
vn 0.7355 -0.6279 0.2546
vn 0.6494 -0.4635 0.6029
vn 0.5799 -0.6118 0.5380
vn 0.6748 -0.4329 0.5977
vn -0.5600 -0.1583 0.8132
vn -0.5990 -0.2720 0.7531
vn -0.7353 -0.3224 0.5961
vn -0.5500 -0.1993 0.8110
vn 0.6983 0.7158 -0.0085
vn 0.8777 0.4641 0.1196
vn -0.4370 -0.8992 0.0223
vn 0.7800 -0.0059 0.6258
vn 0.3265 -0.6506 -0.6857
vn 0.8757 -0.4347 -0.2104
vn -0.5885 -0.7901 -0.1716
vn -0.7356 -0.6655 0.1265
vn -0.2742 -0.2784 -0.9205
vn -0.3530 -0.2167 -0.9102
vn 0.2151 -0.6739 -0.7068
vn 0.4500 -0.0243 -0.8927
vn 0.1328 -0.5731 -0.8086
vn -0.3534 -0.6942 -0.6270
vn -0.3638 -0.9021 -0.2322
vn -0.5602 -0.8282 0.0150
vn 0.4769 0.1435 -0.8672
vn 0.7898 0.4639 -0.4012
vn 0.9465 0.1313 0.2948
vn 0.8786 -0.2315 0.4176
vn -0.0510 -0.7446 0.6656
vn -0.3259 -0.8256 0.4605
vn -0.3817 -0.7463 0.5453
vn -0.0157 -0.6994 0.7145
vn 0.2026 -0.6038 0.7710
vn 0.5949 -0.4207 0.6849
vn 0.6991 0.7110 -0.0756
vn -0.7318 0.3755 0.5688
vn 0.9668 0.1386 -0.2146
vn 0.3223 -0.6018 0.7308
vn -0.1759 -0.7986 0.5756
vn -0.3026 -0.8853 0.3531
vn -0.3739 -0.9272 -0.0228
vn -0.5515 -0.8003 -0.2354
vn -0.6181 -0.3785 -0.6890
vn -0.6909 -0.3637 -0.6248
vn -0.5248 -0.8333 -0.1739
vn 0.0936 -0.6542 0.7505
vn -0.1026 -0.7216 0.6847
vn -0.3379 -0.8969 0.2854
vn 0.1696 0.7186 -0.6744
vn 0.9296 0.3682 0.0161
vn 0.9778 0.1716 0.1205
vn 0.4841 0.8607 -0.1572
vn 0.4312 0.8943 0.1193
vn 0.4282 0.7359 0.5245
vn 0.2307 0.6787 -0.6972
vn -0.9055 0.2665 0.3301
vn -0.6261 0.7796 0.0139
vn -0.2021 0.0186 0.9792
vn -0.6657 -0.1519 0.7306
vn -0.4908 0.3083 0.8149
vn -0.9694 -0.1492 0.1949
vn -0.3060 -0.0836 0.9483
vn -0.1710 -0.1202 0.9779
vn -0.9348 -0.1678 0.3130
vn -0.7195 0.4905 0.4917
vn -0.7149 0.3635 0.5973
vn 0.1737 0.3214 0.9309
vn 0.3772 0.7100 0.5946
vn 0.4588 0.7555 0.4677
vn -0.9092 -0.1995 0.3654
vn -0.8805 -0.4032 -0.2491
vn -0.4164 0.3702 -0.8304
vn -0.5279 -0.0042 -0.8493
vn 0.4582 0.7931 -0.4012
vn 0.6047 0.7963 -0.0156
vn 0.5000 0.8094 -0.3080
vn 0.5909 0.8063 -0.0269
vn 0.3367 0.7207 -0.6061
vn -0.0307 0.6264 -0.7789
vn -0.1870 0.8490 -0.4942
vn -0.8307 -0.2754 -0.4838
vn 0.9685 -0.2127 0.1297
vn 0.2241 0.7975 -0.5601
vn 0.5634 0.8123 -0.1507
vn 0.5964 0.7975 0.0913
vn 0.4832 0.7440 0.4615
vn 0.4909 0.5158 0.7021
vn 0.2089 0.0112 0.9779
vn 0.2797 -0.0110 0.9600
vn 0.4962 0.5750 0.6505
vn 0.3783 0.8195 -0.4305
vn 0.5095 0.8136 -0.2800
vn 0.5721 0.7985 0.1875
vn 0.3767 0.8580 -0.3492
vn -0.7043 -0.6870 0.1786
vn -0.7585 -0.2145 -0.6153
vn -0.7485 -0.0760 -0.6587
vt 0.244280 0.080766
vt 0.220781 0.059267
vt 0.244280 0.059082
vt 0.222380 0.080828
vt 0.201280 0.083627
vt 0.175597 0.074338
vt 0.198974 0.063849
vt 0.179873 0.091193
vt 0.203187 0.102205
vt 0.182303 0.108049
vt 0.223272 0.100144
vt 0.244280 0.099836
vt 0.224195 0.122013
vt 0.244280 0.121951
vt 0.204172 0.123397
vt 0.184886 0.126903
vt 0.170276 0.055606
vt 0.186670 0.048409
vt 0.207186 0.041704
vt 0.224687 0.038720
vt 0.244280 0.037398
vt 0.205986 0.030200
vt 0.224687 0.026725
vt 0.244280 0.024602
vt 0.182795 0.037920
vt 0.163479 0.044718
vt 0.161633 0.039704
vt 0.149576 0.065726
vt 0.143486 0.054222
vt 0.200327 0.022357
vt 0.244280 0.142344
vt 0.224872 0.143113
vt 0.244280 0.149264
vt 0.229178 0.155601
vt 0.235699 0.158000
vt 0.244280 0.158523
vt 0.234591 0.164705
vt 0.244280 0.165905
vt 0.236775 0.180115
vt 0.244280 0.180822
vt 0.205094 0.143759
vt 0.226379 0.163813
vt 0.230900 0.179500
vt 0.219581 0.195125
vt 0.238897 0.196909
vt 0.212199 0.182114
vt 0.244280 0.200200
vt 0.222288 0.213210
vt 0.204172 0.159199
vt 0.186270 0.143420
vt 0.202480 0.174301
vt 0.187685 0.169903
vt 0.186886 0.157508
vt 0.156897 0.083904
vt 0.162187 0.101436
vt 0.166585 0.115923
vt 0.101378 0.092024
vt 0.122878 0.064711
vt 0.126784 0.078398
vt 0.154774 0.101805
vt 0.130998 0.107926
vt 0.105592 0.113708
vt 0.132075 0.133701
vt 0.107192 0.139022
vt 0.126692 0.193525
vt 0.139272 0.212718
vt 0.123094 0.215302
vt 0.141179 0.197801
vt 0.141272 0.227513
vt 0.126600 0.237817
vt 0.147300 0.241108
vt 0.111898 0.238001
vt 0.109683 0.215210
vt 0.110483 0.190203
vt 0.076280 0.167227
vt 0.108791 0.162798
vt 0.075788 0.190019
vt 0.132690 0.153324
vt 0.124478 0.170211
vt 0.147300 0.163505
vt 0.135181 0.178700
vt 0.158373 0.175101
vt 0.148377 0.184821
vt 0.171291 0.130810
vt 0.153698 0.141606
vt 0.154374 0.123397
vt 0.176674 0.139914
vt 0.170584 0.155108
vt 0.172399 0.170026
vt 0.159173 0.158000
vt 0.076095 0.214102
vt 0.076587 0.239601
vt 0.135581 0.256425
vt 0.113497 0.262023
vt 0.159173 0.252611
vt 0.151483 0.267621
vt 0.172983 0.258425
vt 0.172675 0.273004
vt 0.244280 0.241200
vt 0.214476 0.241815
vt 0.219981 0.228897
vt 0.244280 0.215025
vt 0.517380 0.214102
vt 0.547492 0.190019
vt 0.516396 0.190019
vt 0.517872 0.239601
vt 0.550291 0.214102
vt 0.133397 0.276418
vt 0.155082 0.289921
vt 0.653392 0.264422
vt 0.619189 0.239601
vt 0.618789 0.264422
vt 0.551183 0.264422
vt 0.584402 0.239601
vt 0.551491 0.239601
vt 0.518395 0.264422
vt 0.078987 0.264422
vt 0.617774 0.290321
vt 0.653392 0.290321
vt 0.582895 0.290321
vt 0.584587 0.264422
vt 0.550476 0.290321
vt 0.519995 0.290321
vt 0.120079 0.287522
vt 0.082770 0.290321
vt 0.186670 0.291520
vt 0.615683 0.315511
vt 0.653392 0.315511
vt 0.579573 0.315511
vt 0.546785 0.315511
vt 0.152498 0.315511
vt 0.182672 0.315511
vt 0.213891 0.315511
vt 0.244280 0.290013
vt 0.244280 0.315511
vt 0.213891 0.290105
vt 0.126385 0.315511
vt 0.087199 0.315511
vt 0.520671 0.315511
vt 0.612792 0.341810
vt 0.653392 0.341810
vt 0.213891 0.341810
vt 0.244280 0.341810
vt 0.574098 0.341810
vt 0.178181 0.341810
vt 0.765690 0.168919
vt 0.732779 0.141421
vt 0.736992 0.170426
vt 0.765690 0.139514
vt 0.740191 0.317111
vt 0.765690 0.280724
vt 0.741698 0.281124
vt 0.765690 0.316926
vt 0.738100 0.346208
vt 0.765690 0.347715
vt 0.702697 0.152002
vt 0.711187 0.174209
vt 0.709679 0.337811
vt 0.714201 0.313727
vt 0.531898 0.341810
vt 0.675200 0.172425
vt 0.693193 0.185313
vt 0.139395 0.341810
vt 0.681690 0.320525
vt 0.696084 0.305423
vt 0.093474 0.341810
vt 0.716477 0.281708
vt 0.690302 0.283308
vt 0.666280 0.285922
vt 0.765690 0.204998
vt 0.739976 0.205705
vt 0.741975 0.241415
vt 0.765690 0.240923
vt 0.714201 0.206905
vt 0.715277 0.242123
vt 0.688579 0.209519
vt 0.663881 0.209519
vt 0.686180 0.244307
vt 0.483885 0.341810
vt 0.483885 0.315511
vt 0.661174 0.245814
vt 0.483885 0.290321
vt 0.044876 0.315511
vt 0.047183 0.341810
vt 0.004675 0.315511
vt 0.004675 0.341810
vt 0.483885 0.264422
vt 0.043676 0.290321
vt 0.004675 0.290321
vt 0.483885 0.239601
vt 0.042077 0.264422
vt 0.004675 0.264422
vt 0.483885 0.214102
vt 0.041093 0.239601
vt 0.004675 0.239601
vt 0.483885 0.190019
vt 0.040970 0.214102
vt 0.004675 0.214102
vt 0.004675 0.166612
vt 0.004675 0.145697
vt 0.010396 0.138099
vt 0.483885 0.166612
vt 0.514181 0.166612
vt 0.510183 0.145697
vt 0.041677 0.190019
vt 0.004675 0.190019
vt 0.188793 0.258209
vt 0.190884 0.271712
vt 0.214875 0.265899
vt 0.244280 0.265499
vt 0.202788 0.252611
vt 0.073696 0.141913
vt 0.042077 0.166612
vt 0.016794 0.106818
vt 0.040570 0.112816
vt 0.073296 0.101713
vt 0.096273 0.076614
vt 0.041370 0.096822
vt 0.074496 0.117215
vt 0.040570 0.141606
vt 0.203280 0.192110
vt 0.208601 0.200907
vt 0.210477 0.213426
vt 0.196390 0.186697
vt 0.186086 0.183621
vt 0.153390 0.202507
vt 0.151975 0.212903
vt 0.157573 0.232711
vt 0.153390 0.223207
vt 0.165386 0.186912
vt 0.158373 0.193617
vt 0.175290 0.183621
vt 0.166093 0.240616
vt 0.175874 0.244522
vt 0.208785 0.224222
vt 0.204971 0.233018
vt 0.186886 0.244214
vt 0.196697 0.240400
vt 0.181288 0.213303
vt 0.267871 0.059267
vt 0.266180 0.080828
vt 0.287372 0.083627
vt 0.313086 0.074338
vt 0.308810 0.091193
vt 0.289679 0.063849
vt 0.285496 0.102205
vt 0.306350 0.108049
vt 0.265380 0.100144
vt 0.264488 0.122013
vt 0.284481 0.123397
vt 0.303797 0.126903
vt 0.318376 0.055606
vt 0.301982 0.048409
vt 0.281497 0.041704
vt 0.263996 0.038720
vt 0.263873 0.026725
vt 0.282697 0.030200
vt 0.305888 0.037920
vt 0.325174 0.044718
vt 0.327019 0.039704
vt 0.339076 0.065726
vt 0.345074 0.054222
vt 0.288356 0.022357
vt 0.263781 0.143113
vt 0.259474 0.155601
vt 0.252985 0.158000
vt 0.254000 0.164705
vt 0.251785 0.180115
vt 0.283589 0.143759
vt 0.262273 0.163813
vt 0.257783 0.179500
vt 0.249786 0.196909
vt 0.269071 0.195125
vt 0.276484 0.182114
vt 0.266395 0.213210
vt 0.284481 0.159199
vt 0.302382 0.143420
vt 0.286172 0.174301
vt 0.300875 0.169903
vt 0.301798 0.157508
vt 0.331787 0.083904
vt 0.326373 0.101436
vt 0.321975 0.115923
vt 0.361899 0.078398
vt 0.365774 0.064711
vt 0.387182 0.092024
vt 0.392380 0.076614
vt 0.333878 0.101805
vt 0.357685 0.107926
vt 0.382999 0.113708
vt 0.356578 0.133701
vt 0.381491 0.139022
vt 0.349380 0.212718
vt 0.361991 0.193525
vt 0.365590 0.215302
vt 0.347473 0.197801
vt 0.347381 0.227513
vt 0.362083 0.237817
vt 0.341383 0.241108
vt 0.379000 0.215210
vt 0.376693 0.238001
vt 0.378077 0.190203
vt 0.379892 0.162798
vt 0.412373 0.167227
vt 0.412895 0.190019
vt 0.355993 0.153324
vt 0.364175 0.170211
vt 0.353471 0.178700
vt 0.341383 0.163505
vt 0.330279 0.175101
vt 0.340276 0.184821
vt 0.317392 0.130810
vt 0.334278 0.123397
vt 0.334985 0.141606
vt 0.311978 0.139914
vt 0.318099 0.155108
vt 0.316192 0.170026
vt 0.329480 0.158000
vt 0.412588 0.214102
vt 0.412096 0.239601
vt 0.353071 0.256425
vt 0.375094 0.262023
vt 0.329480 0.252611
vt 0.337077 0.267621
vt 0.315577 0.258425
vt 0.315977 0.273004
vt 0.268671 0.228897
vt 0.274085 0.241815
vt 0.653392 0.239601
vt 0.355286 0.276418
vt 0.333601 0.289921
vt 0.409697 0.264422
vt 0.368573 0.287522
vt 0.405883 0.290321
vt 0.301982 0.291520
vt 0.336185 0.315511
vt 0.305888 0.315511
vt 0.274792 0.315511
vt 0.274792 0.290105
vt 0.362298 0.315511
vt 0.401392 0.315511
vt 0.274792 0.341810
vt 0.310471 0.341810
vt 0.798478 0.141421
vt 0.794387 0.170426
vt 0.791188 0.317111
vt 0.789681 0.281124
vt 0.793280 0.346208
vt 0.828682 0.152002
vt 0.820101 0.174209
vt 0.821700 0.337811
vt 0.817179 0.313727
vt 0.856180 0.172425
vt 0.838186 0.185313
vt 0.349288 0.341810
vt 0.849690 0.320525
vt 0.835203 0.305423
vt 0.395179 0.341810
vt 0.814902 0.281708
vt 0.841078 0.283308
vt 0.864977 0.285922
vt 0.791373 0.205705
vt 0.789373 0.241415
vt 0.817179 0.206905
vt 0.816102 0.242123
vt 0.842800 0.209519
vt 0.867499 0.209519
vt 0.845076 0.244307
vt 0.870082 0.245814
vt 0.443684 0.315511
vt 0.441500 0.341810
vt 0.444976 0.290321
vt 0.446575 0.264422
vt 0.447590 0.239601
vt 0.447683 0.214102
vt 0.478287 0.138099
vt 0.483885 0.145697
vt 0.446883 0.190019
vt 0.299891 0.258209
vt 0.297799 0.271712
vt 0.273777 0.265899
vt 0.285896 0.252611
vt 0.414987 0.141913
vt 0.446483 0.166612
vt 0.448083 0.112816
vt 0.471889 0.106818
vt 0.415387 0.101713
vt 0.447283 0.096822
vt 0.420093 0.087103
vt 0.414187 0.117215
vt 0.448083 0.141606
vt 0.285373 0.192110
vt 0.279990 0.200907
vt 0.278175 0.213426
vt 0.292293 0.186697
vt 0.302597 0.183621
vt 0.335293 0.202507
vt 0.336585 0.212903
vt 0.331079 0.232711
vt 0.335293 0.223207
vt 0.323297 0.186912
vt 0.330279 0.193617
vt 0.313393 0.183621
vt 0.322590 0.240616
vt 0.312778 0.244522
vt 0.279898 0.224222
vt 0.283681 0.233018
vt 0.301798 0.244214
vt 0.291986 0.240400
vt 0.307395 0.213303
vt 0.630293 0.490309
vt 0.603687 0.490924
vt 0.601596 0.463427
vt 0.630293 0.464411
vt 0.630293 0.513624
vt 0.656899 0.490924
vt 0.658990 0.463427
vt 0.876480 0.321017
vt 0.882078 0.319602
vt 0.878879 0.324124
vt 0.882078 0.323016
vt 0.875496 0.326123
vt 0.872389 0.324616
vt 0.844276 0.124012
vt 0.849075 0.125704
vt 0.855688 0.121798
vt 0.853381 0.118014
vt 0.909576 0.117799
vt 0.915081 0.108110
vt 0.909576 0.114723
vt 0.855688 0.125119
vt 0.851197 0.127611
vt 0.847783 0.135823
vt 0.849290 0.148526
vt 0.851381 0.145912
vt 0.850982 0.135823
vt 0.869098 0.148311
vt 0.888783 0.153201
vt 0.888783 0.148311
vt 0.869098 0.123612
vt 0.888783 0.123612
vt 0.888783 0.120106
vt 0.869098 0.120106
vt 0.865100 0.123612
vt 0.865100 0.120106
vt 0.865100 0.148311
vt 0.869098 0.153201
vt 0.855688 0.147111
vt 0.865100 0.153201
vt 0.855688 0.152217
vt 0.855688 0.135823
vt 0.865100 0.160122
vt 0.869098 0.160122
vt 0.854396 0.158615
vt 0.845476 0.153417
vt 0.882078 0.347500
vt 0.885984 0.343224
vt 0.885984 0.347500
vt 0.878879 0.342517
vt 0.882078 0.343224
vt 0.876080 0.346300
vt 0.875496 0.341102
vt 0.872574 0.343101
vt 0.882078 0.333320
vt 0.885984 0.333320
vt 0.878879 0.333320
vt 0.874881 0.333320
vt 0.870882 0.333320
vt 0.841293 0.135823
vt 0.885984 0.323016
vt 0.885984 0.319602
vt 0.865100 0.135823
vt 0.869098 0.135823
vt 0.888783 0.135823
vt 0.898903 0.116999
vt 0.893397 0.120106
vt 0.865100 0.116999
vt 0.864577 0.085811
vt 0.888783 0.080797
vt 0.864577 0.080797
vt 0.864577 0.096207
vt 0.888783 0.085811
vt 0.844399 0.096207
vt 0.844399 0.085811
vt 0.840401 0.087103
vt 0.838402 0.096207
vt 0.838186 0.083412
vt 0.836002 0.085903
vt 0.864577 0.075599
vt 0.888783 0.075599
vt 0.864577 0.063726
vt 0.888783 0.063726
vt 0.864577 0.052623
vt 0.888783 0.052623
vt 0.864577 0.048409
vt 0.888783 0.046410
vt 0.844276 0.072616
vt 0.840001 0.074522
vt 0.844399 0.080797
vt 0.849782 0.075599
vt 0.849782 0.063726
vt 0.849782 0.052623
vt 0.843077 0.063726
vt 0.844276 0.055914
vt 0.840493 0.104911
vt 0.844399 0.108110
vt 0.836587 0.075015
vt 0.839201 0.079505
vt 0.834495 0.081597
vt 0.830774 0.084919
vt 0.844399 0.112201
vt 0.836587 0.107403
vt 0.864577 0.112201
vt 0.864577 0.108110
vt 0.888783 0.112201
vt 0.875403 0.027217
vt 0.888783 0.039397
vt 0.888783 0.027217
vt 0.875403 0.016021
vt 0.849782 0.049301
vt 0.840585 0.053515
vt 0.838279 0.063726
vt 0.834895 0.063726
vt 0.837079 0.051208
vt 0.849782 0.047117
vt 0.833603 0.096207
vt 0.829174 0.096207
vt 0.833296 0.109402
vt 0.867683 0.307207
vt 0.873496 0.300102
vt 0.872789 0.306315
vt 0.869375 0.297426
vt 0.873496 0.312928
vt 0.869190 0.315604
vt 0.872697 0.294012
vt 0.877680 0.297210
vt 0.871897 0.278725
vt 0.876388 0.285123
vt 0.873496 0.288721
vt 0.875803 0.278725
vt 0.876388 0.272819
vt 0.873773 0.269405
vt 0.879986 0.287798
vt 0.877680 0.292504
vt 0.879986 0.278725
vt 0.879986 0.270297
vt 0.878295 0.266514
vt 0.877680 0.306315
vt 0.877680 0.315204
vt 0.877680 0.319202
vt 0.842400 0.115707
vt 0.864577 0.115707
vt 0.885892 0.315204
vt 0.885892 0.319202
vt 0.885892 0.306315
vt 0.885892 0.297210
vt 0.875403 0.039397
vt 0.868883 0.027217
vt 0.868883 0.039212
vt 0.868483 0.016421
vt 0.875403 0.010823
vt 0.861101 0.038013
vt 0.859994 0.027217
vt 0.861286 0.018297
vt 0.866391 0.043518
vt 0.875403 0.044226
vt 0.858302 0.041304
vt 0.867191 0.011899
vt 0.858487 0.014514
vt 0.885892 0.292504
vt 0.885892 0.278725
vt 0.928984 0.290413
vt 0.920187 0.278725
vt 0.928984 0.278725
vt 0.885892 0.264515
vt 0.864577 0.046902
vt 0.881893 0.046410
vt 0.888875 0.242215
vt 0.888875 0.251227
vt 0.885800 0.244707
vt 0.885092 0.251227
vt 0.881186 0.251227
vt 0.885800 0.257902
vt 0.882386 0.260424
vt 0.882201 0.243107
vt 0.886292 0.238001
vt 0.854580 0.011007
vt 0.864792 0.004425
vt 0.854580 0.027217
vt 0.851597 0.027217
vt 0.854580 0.044626
vt 0.892597 0.235418
vt 0.892597 0.240523
vt 0.928984 0.240523
vt 0.920187 0.240523
vt 0.920187 0.235418
vt 0.875403 0.003502
vt 0.888783 0.003502
vt 0.952083 0.188327
vt 0.966201 0.175409
vt 0.952083 0.175409
vt 0.940088 0.212626
vt 0.933874 0.194909
vt 0.933874 0.212626
vt 0.941687 0.217424
vt 0.935474 0.220900
vt 0.952083 0.212626
vt 0.952083 0.221115
vt 0.965678 0.212626
vt 0.962080 0.218224
vt 0.971491 0.212626
vt 0.964786 0.222222
vt 0.952083 0.225606
vt 0.970784 0.227113
vt 0.980104 0.212626
vt 0.952083 0.231511
vt 0.930276 0.224714
vt 0.955097 0.396928
vt 0.968600 0.395421
vt 0.955097 0.402926
vt 0.972476 0.401111
vt 0.979581 0.391022
vt 0.974198 0.389115
vt 0.955097 0.389115
vt 0.974198 0.376012
vt 0.980688 0.376012
vt 0.955097 0.376012
vt 0.938088 0.400803
vt 0.940795 0.395421
vt 0.937996 0.389115
vt 0.932982 0.390807
vt 0.926677 0.212626
vt 0.931875 0.376012
vt 0.937996 0.376012
vt 0.926677 0.194909
vt 0.950391 0.287798
vt 0.928984 0.306315
vt 0.950391 0.262208
vt 0.928984 0.263500
vt 0.950391 0.240523
vt 0.928984 0.251227
vt 0.928984 0.235418
vt 0.949376 0.003502
vt 0.928000 0.010823
vt 0.949376 0.010823
vt 0.968385 0.310406
vt 0.950391 0.312620
vt 0.982380 0.278909
vt 0.982380 0.247013
vt 0.982380 0.256917
vt 0.888783 0.108110
vt 0.888783 0.096207
vt 0.888783 0.115707
vt 0.971491 0.188327
vt 0.966201 0.188327
vt 0.966201 0.194909
vt 0.940088 0.188327
vt 0.952083 0.194909
vt 0.940088 0.194909
vt 0.971491 0.194909
vt 0.980104 0.194909
vt 0.933874 0.188327
vt 0.940088 0.175409
vt 0.933874 0.175409
vt 0.915081 0.123612
vt 0.869098 0.116999
vt 0.864792 0.046317
vt 0.971491 0.175409
vt 0.980104 0.175409
vt 0.980104 0.188327
vt 0.950391 0.235418
vt 0.928000 0.003502
vt 0.982380 0.235418
vt 0.885892 0.288106
vt 0.004675 0.127826
vt 0.483885 0.127826
vt 0.542387 0.145697
vt 0.544386 0.166612
vt 0.581972 0.190019
vt 0.583479 0.214102
vt 0.617190 0.190019
vt 0.617990 0.214102
vt 0.050997 0.085011
vt 0.068590 0.087103
vt 0.008089 0.100421
vt 0.653392 0.214102
vt 0.437686 0.085011
vt 0.480594 0.100421
vt 0.072589 0.739326
vt 0.093074 0.725423
vt 0.092397 0.739818
vt 0.048782 0.727515
vt 0.071789 0.725300
vt 0.049797 0.740925
vt 0.026882 0.729606
vt 0.026698 0.701709
vt 0.915081 0.148311
vt 0.928000 0.149326
vt 0.928000 0.135823
vt 0.915081 0.153201
vt 0.915081 0.135823
vt 0.893397 0.148311
vt 0.906377 0.160122
vt 0.920587 0.160922
vt 0.924985 0.155108
vt 0.893397 0.153201
vt 0.888783 0.160122
vt 0.900502 0.343224
vt 0.893397 0.108110
vt 0.893397 0.096207
vt 0.915081 0.096207
vt 0.915081 0.085811
vt 0.893397 0.085811
vt 0.900502 0.333320
vt 0.900502 0.319602
vt 0.900502 0.323016
vt 0.893397 0.075599
vt 0.909576 0.080797
vt 0.915081 0.075599
vt 0.893397 0.063726
vt 0.915081 0.063726
vt 0.893397 0.052623
vt 0.915081 0.052623
vt 0.893397 0.039397
vt 0.915081 0.039397
vt 0.893397 0.027217
vt 0.909576 0.046410
vt 0.893397 0.046410
vt 0.915081 0.027217
vt 0.893397 0.016021
vt 0.893397 0.080797
vt 0.893397 0.112201
vt 0.888783 0.016021
vt 0.888783 0.010823
vt 0.915081 0.010823
vt 0.893397 0.010823
vt 0.928000 0.016021
vt 0.949376 0.016021
vt 0.893397 0.115707
vt 0.898903 0.115707
vt 0.920187 0.297210
vt 0.920187 0.269098
vt 0.920187 0.260209
vt 0.892597 0.251227
vt 0.900502 0.235418
vt 0.900502 0.240523
vt 0.906500 0.240523
vt 0.893397 0.003502
vt 0.915081 0.003502
vt 0.926677 0.188327
vt 0.955097 0.369399
vt 0.928984 0.316711
vt 0.980596 0.003502
vt 0.900502 0.288106
vt 0.900502 0.292504
vt 0.900502 0.315204
vt 0.980688 0.369399
vt 0.974198 0.369399
vt 0.888783 0.116999
vt 0.915081 0.016021
vt 0.900502 0.306315
vt 0.900502 0.297210
vt 0.920187 0.306315
vt 0.980596 0.010823
vt 0.229701 0.015805
vt 0.123893 0.057298
vt 0.154282 0.030200
vt 0.210200 0.004702
vt 0.092582 0.066925
vt 0.541187 0.127826
vt 0.508276 0.127826
vt 0.653392 0.166612
vt 0.615283 0.145697
vt 0.616575 0.166612
vt 0.653392 0.190019
vt 0.580188 0.166612
vt 0.258982 0.015805
vt 0.364790 0.057298
vt 0.278483 0.004702
vt 0.334401 0.030200
vt 0.396102 0.066925
vt 0.653392 0.145697
vt 0.244680 0.720717
vt 0.270394 0.735327
vt 0.244495 0.734528
vt 0.218597 0.737819
vt 0.217182 0.722901
vt 0.192299 0.744124
vt 0.190884 0.726100
vt 0.115496 0.727300
vt 0.139488 0.744801
vt 0.112697 0.742217
vt 0.072681 0.753813
vt 0.049982 0.755013
vt 0.028174 0.743817
vt 0.003291 0.743109
vt 0.028082 0.756827
vt 0.272393 0.722225
vt 0.295277 0.739910
vt 0.297676 0.726408
vt 0.321298 0.743109
vt 0.321298 0.727207
vt 0.294477 0.752214
vt 0.269071 0.749814
vt 0.218689 0.701709
vt 0.191899 0.701709
vt 0.221181 0.640008
vt 0.192883 0.655818
vt 0.192699 0.640008
vt 0.220473 0.655818
vt 0.167293 0.729114
vt 0.166893 0.701709
vt 0.166093 0.655818
vt 0.164678 0.640008
vt 0.192791 0.677718
vt 0.166985 0.677718
vt 0.138473 0.640008
vt 0.140072 0.655818
vt 0.141671 0.701709
vt 0.140872 0.728622
vt 0.117496 0.701709
vt 0.141579 0.677718
vt 0.115189 0.655818
vt 0.114973 0.640008
vt 0.094981 0.655818
vt 0.094089 0.640008
vt 0.094181 0.701709
vt 0.117280 0.677718
vt 0.075388 0.655818
vt 0.076280 0.640008
vt 0.073081 0.701709
vt 0.073788 0.677718
vt 0.094888 0.677718
vt 0.050689 0.701709
vt 0.056687 0.640008
vt 0.051796 0.677718
vt 0.030481 0.640008
vt 0.053888 0.655818
vt 0.029189 0.655818
vt 0.027590 0.677718
vt 0.003291 0.701709
vt 0.003291 0.677718
vt 0.003291 0.655818
vt 0.296876 0.701709
vt 0.321298 0.677718
vt 0.321298 0.701709
vt 0.271901 0.701709
vt 0.296692 0.677718
vt 0.248494 0.640008
vt 0.248586 0.655818
vt 0.245787 0.701709
vt 0.272301 0.677718
vt 0.246679 0.677718
vt 0.219797 0.677718
vt 0.549184 0.500921
vt 0.539372 0.470224
vt 0.568777 0.466226
vt 0.576374 0.494308
vt 0.560595 0.529218
vt 0.582372 0.518607
vt 0.536296 0.542506
vt 0.525900 0.508702
vt 0.597690 0.437006
vt 0.630293 0.441712
vt 0.216875 0.554101
vt 0.238282 0.581999
vt 0.215675 0.574709
vt 0.190577 0.573817
vt 0.190577 0.553517
vt 0.221888 0.466410
vt 0.254399 0.436913
vt 0.252492 0.468502
vt 0.190577 0.499506
vt 0.190577 0.465026
vt 0.220596 0.501413
vt 0.190577 0.527619
vt 0.218782 0.529710
vt 0.250801 0.504827
vt 0.249078 0.534109
vt 0.245695 0.559023
vt 0.003291 0.727207
vt 0.273777 0.655818
vt 0.275192 0.640008
vt 0.711402 0.500921
vt 0.691901 0.466226
vt 0.721275 0.470224
vt 0.700083 0.529218
vt 0.684273 0.494308
vt 0.678275 0.518607
vt 0.724289 0.542506
vt 0.655884 0.514823
vt 0.662989 0.437006
vt 0.164278 0.554101
vt 0.165386 0.574709
vt 0.159296 0.466410
vt 0.190577 0.437405
vt 0.160495 0.501413
vt 0.128599 0.468502
vt 0.162279 0.529710
vt 0.142779 0.581999
vt 0.135397 0.559023
vt 0.928000 0.116415
vt 0.928000 0.096207
vt 0.928000 0.081412
vt 0.893397 0.160122
vt 0.920187 0.347500
vt 0.928984 0.343224
vt 0.928984 0.347500
vt 0.906500 0.347500
vt 0.920187 0.343224
vt 0.906500 0.343224
vt 0.906500 0.333320
vt 0.920187 0.333320
vt 0.916189 0.319602
vt 0.906500 0.323016
vt 0.906500 0.319602
vt 0.920187 0.323016
vt 0.928984 0.333320
vt 0.916189 0.319202
vt 0.920187 0.315204
vt 0.893397 0.135823
vt 0.893397 0.116999
vt 0.928000 0.063726
vt 0.928000 0.046410
vt 0.928000 0.027217
vt 0.885892 0.269098
vt 0.900502 0.278725
vt 0.900502 0.269098
vt 0.906500 0.278725
vt 0.906500 0.269098
vt 0.920187 0.288106
vt 0.920187 0.251227
vt 0.900502 0.264422
vt 0.916189 0.264422
vt 0.906500 0.264422
vt 0.906500 0.260209
vt 0.906500 0.251227
vt 0.892597 0.260209
vt 0.900502 0.260209
vt 0.900502 0.251227
vt 0.892597 0.264115
vt 0.875403 0.046102
vt 0.888875 0.259501
vt 0.886292 0.263623
vt 0.906500 0.235418
vt 0.932398 0.165597
vt 0.925385 0.165997
vt 0.937996 0.369399
vt 0.980596 0.119614
vt 0.949376 0.121705
vt 0.945101 0.145820
vt 0.949376 0.063726
vt 0.949376 0.096207
vt 0.976382 0.137607
vt 0.997574 0.120198
vt 0.980596 0.096207
vt 0.980596 0.063726
vt 0.949376 0.027217
vt 0.980596 0.027217
vt 0.947900 0.327599
vt 0.997574 0.300625
vt 0.982380 0.302808
vt 0.997574 0.253011
vt 0.997574 0.276203
vt 0.997574 0.235418
vt 0.997574 0.010823
vt 0.997574 0.003502
vt 0.980596 0.016021
vt 0.997574 0.096207
vt 0.997574 0.063726
vt 0.893397 0.123612
vt 0.906500 0.288106
vt 0.997574 0.016021
vt 0.997574 0.027217
vt 0.906500 0.315204
vt 0.906500 0.319202
vt 0.906500 0.306315
vt 0.906500 0.297210
vt 0.916681 0.292504
vt 0.906500 0.292504
vt 0.900502 0.319202
vt 0.931875 0.369399
vt 0.245172 0.631212
vt 0.239574 0.634503
vt 0.238098 0.628105
vt 0.236990 0.621707
vt 0.244495 0.625921
vt 0.549799 0.638624
vt 0.555090 0.627121
vt 0.561580 0.635610
vt 0.123770 0.048009
vt 0.653392 0.127826
vt 0.610792 0.127826
vt 0.572991 0.127826
vt 0.578497 0.145697
vt 0.136289 0.631212
vt 0.143394 0.628105
vt 0.141887 0.634503
vt 0.136996 0.625921
vt 0.144470 0.621707
vt 0.710787 0.638624
vt 0.698976 0.635610
vt 0.705496 0.627121
vt 0.364882 0.048009
vt 0.188393 0.825910
vt 0.167293 0.809300
vt 0.191099 0.807301
vt 0.167293 0.828124
vt 0.146593 0.832707
vt 0.142379 0.814806
vt 0.130383 0.840212
vt 0.121279 0.825910
vt 0.167600 0.792322
vt 0.193191 0.790600
vt 0.140995 0.798812
vt 0.111190 0.812499
vt 0.098087 0.839105
vt 0.087691 0.823326
vt 0.244895 0.749107
vt 0.218290 0.752921
vt 0.245080 0.775405
vt 0.218782 0.773221
vt 0.192883 0.757104
vt 0.192976 0.773529
vt 0.167477 0.746616
vt 0.167385 0.775221
vt 0.167600 0.759903
vt 0.140779 0.778419
vt 0.139887 0.760918
vt 0.113897 0.784202
vt 0.113589 0.758304
vt 0.090890 0.755013
vt 0.089598 0.788016
vt 0.069698 0.789215
vt 0.065176 0.833507
vt 0.046475 0.818928
vt 0.048690 0.785801
vt 0.027190 0.781003
vt 0.025683 0.804810
vt 0.003291 0.776328
vt 0.003291 0.796505
vt 0.003291 0.754705
vt 0.268886 0.809516
vt 0.269071 0.776605
vt 0.296384 0.794906
vt 0.295092 0.774421
vt 0.321298 0.776328
vt 0.321298 0.796505
vt 0.321298 0.754705
vt 0.219397 0.793429
vt 0.080371 0.852116
vt 0.003291 0.640008
vt 0.321298 0.640008
vt 0.296876 0.655818
vt 0.296476 0.640008
vt 0.321298 0.655818
vt 0.252892 0.829109
vt 0.264673 0.837321
vt 0.277376 0.816405
vt 0.297891 0.801119
vt 0.321298 0.803026
vt 0.003291 0.803026
vt 0.022884 0.812622
vt 0.039770 0.830923
vt 0.053796 0.847317
vt 0.068898 0.863804
vt 0.089875 0.882012
vt 0.100486 0.867710
vt 0.230685 0.877122
vt 0.218874 0.862512
vt 0.236591 0.847102
vt 0.250401 0.857621
vt 0.376878 0.426025
vt 0.411481 0.435621
vt 0.408189 0.446202
vt 0.376878 0.436606
vt 0.351287 0.425902
vt 0.351287 0.437405
vt 0.438578 0.468102
vt 0.448482 0.457214
vt 0.376878 0.408924
vt 0.412680 0.413814
vt 0.448298 0.421627
vt 0.412096 0.385917
vt 0.466876 0.439312
vt 0.488376 0.419627
vt 0.445099 0.388008
vt 0.349872 0.408124
vt 0.376878 0.354328
vt 0.409297 0.354328
vt 0.376878 0.385209
vt 0.461893 0.496615
vt 0.472689 0.486526
vt 0.234591 0.818620
vt 0.248986 0.802411
vt 0.213184 0.810408
vt 0.221396 0.835414
vt 0.557489 0.409108
vt 0.513382 0.386809
vt 0.552291 0.385424
vt 0.518980 0.408308
vt 0.480686 0.389115
vt 0.505077 0.354328
vt 0.546078 0.354328
vt 0.441777 0.354328
vt 0.474780 0.354328
vt 0.562072 0.435314
vt 0.528792 0.438113
vt 0.504893 0.449616
vt 0.515596 0.476899
vt 0.485484 0.466810
vt 0.484377 0.522913
vt 0.503478 0.517099
vt 0.492282 0.483912
vt 0.522702 0.609527
vt 0.539280 0.617524
vt 0.517995 0.638624
vt 0.534297 0.638624
vt 0.470198 0.528111
vt 0.555982 0.565728
vt 0.576682 0.552410
vt 0.585479 0.567819
vt 0.566593 0.579507
vt 0.507599 0.604514
vt 0.503478 0.638624
vt 0.537096 0.584429
vt 0.549892 0.596916
vt 0.511782 0.550626
vt 0.489883 0.638624
vt 0.473089 0.561422
vt 0.492190 0.559915
vt 0.516796 0.573817
vt 0.472874 0.598823
vt 0.470474 0.638624
vt 0.490498 0.598823
vt 0.206294 0.827509
vt 0.205679 0.893608
vt 0.197989 0.874600
vt 0.208601 0.849101
vt 0.191899 0.857621
vt 0.176090 0.900928
vt 0.173783 0.882504
vt 0.168677 0.845626
vt 0.187685 0.842304
vt 0.171076 0.863004
vt 0.148100 0.884627
vt 0.145178 0.902405
vt 0.150591 0.848302
vt 0.150376 0.864203
vt 0.123770 0.879521
vt 0.115773 0.895915
vt 0.130998 0.862512
vt 0.113589 0.853715
vt 0.137673 0.849901
vt 0.200173 0.840704
vt 0.252185 0.611127
vt 0.268394 0.620016
vt 0.264580 0.598608
vt 0.256491 0.626413
vt 0.347781 0.383917
vt 0.336985 0.354328
vt 0.284173 0.615710
vt 0.280974 0.589319
vt 0.300075 0.614418
vt 0.319975 0.614418
vt 0.319299 0.578216
vt 0.299891 0.578216
vt 0.607901 0.560714
vt 0.602980 0.542506
vt 0.604702 0.514823
vt 0.594583 0.415413
vt 0.630293 0.425102
vt 0.592799 0.384625
vt 0.630293 0.386224
vt 0.590584 0.354328
vt 0.630293 0.354328
vt 0.630293 0.558715
vt 0.630293 0.538999
vt 0.630293 0.573909
vt 0.610300 0.575909
vt 0.591784 0.584429
vt 0.576190 0.596609
vt 0.564286 0.612818
vt 0.321175 0.486003
vt 0.303674 0.512824
vt 0.304473 0.477914
vt 0.320283 0.516915
vt 0.278791 0.509010
vt 0.280974 0.472900
vt 0.322282 0.409508
vt 0.323174 0.380718
vt 0.292078 0.403326
vt 0.295984 0.376904
vt 0.283281 0.441804
vt 0.230685 0.354328
vt 0.190577 0.368907
vt 0.190577 0.354328
vt 0.228593 0.369215
vt 0.270670 0.354328
vt 0.265595 0.372321
vt 0.301490 0.354328
vt 0.260182 0.398620
vt 0.190577 0.394806
vt 0.226071 0.395698
vt 0.224287 0.418828
vt 0.256491 0.419812
vt 0.223580 0.436114
vt 0.190577 0.421503
vt 0.232684 0.599715
vt 0.227394 0.613310
vt 0.212692 0.594517
vt 0.210877 0.607805
vt 0.190577 0.593225
vt 0.190577 0.606605
vt 0.307180 0.454015
vt 0.322590 0.467425
vt 0.323882 0.429808
vt 0.286388 0.423626
vt 0.328495 0.446418
vt 0.310779 0.440112
vt 0.319084 0.548226
vt 0.301674 0.546104
vt 0.272700 0.571418
vt 0.276699 0.539922
vt 0.849075 0.435621
vt 0.883677 0.426025
vt 0.852396 0.446202
vt 0.883677 0.436606
vt 0.004183 0.426025
vt 0.029774 0.425902
vt 0.004183 0.436606
vt 0.029774 0.437405
vt 0.812073 0.457214
vt 0.821977 0.468102
vt 0.883677 0.408924
vt 0.847998 0.413814
vt 0.812288 0.421627
vt 0.848490 0.385917
vt 0.793679 0.439312
vt 0.772180 0.419627
vt 0.815487 0.388008
vt 0.031189 0.408124
vt 0.004183 0.408924
vt 0.851381 0.354328
vt 0.883677 0.354328
vt 0.883677 0.385209
vt 0.798693 0.496615
vt 0.787989 0.486526
vt 0.703097 0.409108
vt 0.747173 0.386809
vt 0.741698 0.408308
vt 0.708295 0.385424
vt 0.779900 0.389115
vt 0.755478 0.354328
vt 0.714601 0.354328
vt 0.818778 0.354328
vt 0.785775 0.354328
vt 0.698576 0.435314
vt 0.731794 0.438113
vt 0.755693 0.449616
vt 0.745082 0.476899
vt 0.775102 0.466810
vt 0.776301 0.522913
vt 0.734778 0.508702
vt 0.757077 0.517099
vt 0.768273 0.483912
vt 0.737884 0.609527
vt 0.742590 0.638624
vt 0.721398 0.617524
vt 0.726381 0.638624
vt 0.790481 0.528111
vt 0.704574 0.565728
vt 0.683873 0.552410
vt 0.675077 0.567819
vt 0.693993 0.579507
vt 0.752987 0.604514
vt 0.757077 0.638624
vt 0.723490 0.584429
vt 0.710694 0.596916
vt 0.748773 0.550626
vt 0.770673 0.638624
vt 0.768489 0.559915
vt 0.787497 0.561422
vt 0.743790 0.573817
vt 0.787682 0.598823
vt 0.770180 0.598823
vt 0.790081 0.638624
vt 0.112790 0.620016
vt 0.116481 0.598608
vt 0.128876 0.611127
vt 0.124693 0.625121
vt 0.004183 0.385209
vt 0.033372 0.383917
vt 0.044076 0.354328
vt 0.004183 0.354328
vt 0.096888 0.615710
vt 0.100087 0.589319
vt 0.061085 0.614418
vt 0.061793 0.578216
vt 0.080986 0.614418
vt 0.081170 0.578216
vt 0.652777 0.560714
vt 0.657575 0.542506
vt 0.665972 0.415413
vt 0.667787 0.384625
vt 0.670002 0.354328
vt 0.650378 0.575909
vt 0.668894 0.584429
vt 0.684396 0.596609
vt 0.696300 0.612818
vt 0.059886 0.486003
vt 0.076680 0.477914
vt 0.077479 0.512824
vt 0.060778 0.516915
vt 0.102270 0.509010
vt 0.100179 0.472900
vt 0.058871 0.409508
vt 0.057979 0.380718
vt 0.089075 0.403326
vt 0.085200 0.376904
vt 0.097872 0.441804
vt 0.126692 0.436913
vt 0.130291 0.504827
vt 0.150376 0.354328
vt 0.152590 0.369215
vt 0.110483 0.354328
vt 0.115589 0.372321
vt 0.079571 0.354328
vt 0.120879 0.398620
vt 0.155082 0.395698
vt 0.156897 0.418828
vt 0.124693 0.419812
vt 0.157573 0.436114
vt 0.148377 0.599715
vt 0.153790 0.613310
vt 0.168400 0.594517
vt 0.170184 0.607805
vt 0.131983 0.534109
vt 0.073973 0.454015
vt 0.058471 0.467425
vt 0.057271 0.429808
vt 0.094673 0.423626
vt 0.052688 0.446418
vt 0.070282 0.440112
vt 0.062070 0.548226
vt 0.079386 0.546104
vt 0.108391 0.571418
vt 0.104485 0.539922
vt 0.900502 0.347500
vt 0.940088 0.165597
vt 0.952083 0.165597
vt 0.926677 0.175409
vt 0.966201 0.165597
vt 0.971491 0.165597
vt 0.980104 0.165597
vt 0.937996 0.356112
vt 0.955097 0.356112
vt 0.974198 0.350699
vt 0.980688 0.350699
vt 0.980688 0.356112
vt 0.974198 0.356112
vt 0.955097 0.350699
vt 0.937996 0.350699
vt 0.931875 0.350699
vt 0.931875 0.356112
vt 0.963802 0.331106
vt 0.981980 0.334920
vt 0.985394 0.346608
vt 0.985579 0.161106
vt 0.981795 0.155508
vt 0.976997 0.148803
vt 0.997574 0.143913
vt 0.997574 0.157323
vt 0.981703 0.319910
vt 0.997574 0.322924
vt 0.997574 0.346608
s 1
g mixamorig:Head
g torsoGeo-mesh.001_primo_texmat
usemtl primo_texmat
f 1/1/1 2/2/2 3/3/3
f 2/2/2 1/1/1 4/4/4
f 5/5/5 6/6/6 7/7/7
f 4/4/4 7/7/7 2/2/2
f 4/4/4 5/5/5 7/7/7
f 6/6/6 5/5/5 8/8/8
f 9/9/9 8/8/8 5/5/5
f 8/8/8 9/9/9 10/10/10
f 11/11/11 9/9/9 5/5/5
f 11/11/11 5/5/5 4/4/4
f 12/12/12 4/4/4 1/1/1
f 4/4/4 12/12/12 11/11/11
f 12/12/12 13/13/13 11/11/11
f 13/13/13 12/12/12 14/14/14
f 15/15/15 11/11/11 13/13/13
f 11/11/11 15/15/15 9/9/9
f 15/15/15 10/10/10 9/9/9
f 15/15/15 16/16/16 10/10/10
f 17/17/17 7/7/7 6/6/6
f 7/7/7 17/17/17 18/18/18
f 19/19/19 2/2/2 7/7/7
f 7/7/7 18/18/18 19/19/19
f 2/2/2 19/19/19 20/20/20
f 3/3/3 2/2/2 20/20/20
f 3/3/3 20/20/20 21/21/21
f 20/20/20 19/19/19 22/22/22
f 21/21/21 20/20/20 23/23/23
f 20/20/20 22/22/22 23/23/23
f 21/21/21 23/23/23 24/24/24
f 25/25/25 19/19/19 18/18/18
f 17/17/17 25/25/25 18/18/18
f 19/19/19 25/25/25 22/22/22
f 25/25/25 17/17/17 26/26/26
s 2
f 27/25/27 28/26/28 29/27/29
s 1
f 6/6/6 30/28/30 17/17/17
f 30/28/30 26/26/26 17/17/17
f 26/26/26 30/28/30 31/29/31
s 2
f 27/25/27 29/27/29 32/30/32
f 33/23/33 34/22/34 32/30/32
s 1
f 35/31/35 13/13/13 14/14/14
f 36/32/36 13/13/13 35/31/35
f 37/33/37 36/32/36 35/31/35
f 36/32/36 37/33/37 38/34/38
s 3
f 39/35/39 40/34/40 41/33/41
f 39/35/39 41/33/41 42/36/42
f 42/36/42 43/37/43 39/35/39
f 43/37/43 42/36/42 44/38/44
f 45/39/45 43/37/43 44/38/44
f 46/40/46 45/39/45 44/38/44
s 1
f 13/13/13 47/41/47 15/15/15
f 47/41/47 13/13/13 36/32/36
f 48/42/48 36/32/36 38/34/38
s 3
f 49/42/49 39/35/39 43/37/43
f 39/35/39 49/42/49 40/34/40
f 43/37/43 50/43/50 49/42/49
f 50/43/50 43/37/43 45/39/45
s 1
f 51/44/51 52/43/52 53/45/53
f 52/43/52 54/46/54 48/42/48
f 54/46/54 52/43/52 51/44/51
s 3
f 50/43/50 45/39/45 55/45/55
f 46/40/46 55/45/55 45/39/45
f 55/45/55 46/40/46 56/47/56
s 1
f 57/48/57 51/44/51 53/45/53
f 58/49/58 36/32/36 48/42/48
f 36/32/36 58/49/58 47/41/47
f 15/15/15 59/50/59 16/16/16
f 59/50/59 15/15/15 47/41/47
f 48/42/48 60/51/60 58/49/58
f 60/51/60 48/42/48 54/46/54
f 61/52/61 58/49/58 60/51/60
f 58/49/58 61/52/61 62/53/62
f 62/53/62 47/41/47 58/49/58
f 47/41/47 62/53/62 59/50/59
f 63/54/63 6/6/6 8/8/8
f 30/28/30 6/6/6 63/54/63
f 10/10/10 64/55/64 8/8/8
f 8/8/8 64/55/64 63/54/63
f 64/55/64 10/10/10 65/56/65
f 16/16/16 65/56/65 10/10/10
f 66/57/66 67/58/67 68/59/68
f 68/59/68 31/29/31 30/28/30
f 63/54/63 68/59/68 30/28/30
f 65/56/65 69/60/69 64/55/64
f 69/60/69 63/54/63 64/55/64
f 70/61/70 63/54/63 69/60/69
f 68/59/68 63/54/63 70/61/70
f 68/59/68 71/62/71 66/57/66
f 71/62/71 68/59/68 70/61/70
f 72/63/72 71/62/71 70/61/70
f 71/62/71 72/63/72 73/64/73
f 74/65/74 75/66/75 76/67/76
f 75/66/75 74/65/74 77/68/77
f 76/67/76 75/66/75 78/69/78
f 79/70/79 76/67/76 78/69/78
f 78/69/78 80/71/80 79/70/79
f 76/67/76 79/70/79 81/72/81
f 76/67/76 81/72/81 82/73/82
f 82/73/82 74/65/74 76/67/76
f 74/65/74 82/73/82 83/74/83
f 83/74/83 84/75/84 85/76/85
f 84/75/84 83/74/83 86/77/86
f 82/73/82 86/77/86 83/74/83
f 73/64/73 87/78/87 85/76/85
f 87/78/87 73/64/73 72/63/72
f 88/79/88 85/76/85 87/78/87
f 88/79/88 83/74/83 85/76/85
f 89/80/89 88/79/88 87/78/87
f 83/74/83 88/79/88 90/81/90
f 74/65/74 83/74/83 90/81/90
f 88/79/88 89/80/89 90/81/90
f 90/81/90 89/80/89 91/82/91
f 74/65/74 92/83/92 77/68/77
f 92/83/92 74/65/74 90/81/90
f 90/81/90 91/82/91 92/83/92
f 65/56/65 16/16/16 93/84/93
f 94/85/94 89/80/89 87/78/87
f 72/63/72 94/85/94 87/78/87
f 94/85/94 72/63/72 95/86/95
f 95/86/95 69/60/69 65/56/65
f 70/61/70 95/86/95 72/63/72
f 93/84/93 94/85/94 95/86/95
f 95/86/95 70/61/70 69/60/69
f 93/84/93 95/86/95 65/56/65
f 96/87/96 94/85/94 93/84/93
f 59/50/59 96/87/96 16/16/16
f 96/87/96 93/84/93 16/16/16
f 94/85/94 96/87/96 97/88/97
f 96/87/96 59/50/59 97/88/97
f 62/53/62 97/88/97 59/50/59
f 98/89/98 62/53/62 61/52/61
f 62/53/62 98/89/98 97/88/97
f 91/82/91 89/80/89 99/90/99
f 98/89/98 91/82/91 99/90/99
f 98/89/98 99/90/99 97/88/97
f 97/88/97 99/90/99 94/85/94
f 99/90/99 89/80/89 94/85/94
f 81/72/81 100/91/100 82/73/82
f 86/77/86 82/73/82 100/91/100
f 100/91/100 81/72/81 101/92/101
f 102/93/102 81/72/81 79/70/79
f 102/93/102 79/70/79 80/71/80
f 103/94/103 101/92/101 81/72/81
f 81/72/81 102/93/102 103/94/103
f 102/93/102 80/71/80 104/95/104
f 104/95/104 105/96/105 102/93/102
f 106/97/106 105/96/105 104/95/104
f 105/96/105 106/97/106 107/98/107
f 108/99/108 109/100/109 110/101/110
f 53/45/53 111/102/111 57/48/57
f 110/101/110 111/102/111 108/99/108
f 111/102/111 110/101/110 57/48/57
f 111/102/111 53/45/53 112/47/112
f 113/103/113 114/104/114 115/105/115
f 116/106/116 117/107/117 113/103/113
f 118/108/118 102/93/102 105/96/105
f 103/94/103 102/93/102 118/108/118
f 119/109/119 105/96/105 107/98/107
f 119/109/119 118/108/118 105/96/105
f 120/110/120 121/111/121 122/112/122
f 123/113/123 124/114/124 125/115/125
f 116/106/116 123/113/123 125/115/125
f 116/106/116 126/116/126 123/113/123
f 101/92/101 103/94/103 127/117/127
f 128/118/128 120/110/120 122/112/122
f 120/110/120 128/118/128 129/119/129
f 122/112/122 130/120/130 128/118/128
f 130/120/130 122/112/122 131/121/131
f 132/122/132 131/121/131 123/113/123
f 126/116/126 132/122/132 123/113/123
f 131/121/131 132/122/132 130/120/130
f 126/116/126 133/123/133 132/122/132
f 134/124/134 118/108/118 119/109/119
f 134/124/134 127/117/127 103/94/103
f 103/94/103 118/108/118 134/124/134
f 127/117/127 134/124/134 135/125/135
f 136/126/136 119/109/119 107/98/107
f 128/118/128 137/127/137 129/119/129
f 129/119/129 137/127/137 138/128/138
f 139/129/139 128/118/128 130/120/130
f 128/118/128 139/129/139 137/127/137
f 130/120/130 140/130/140 139/129/139
f 130/120/130 132/122/132 140/130/140
f 132/122/132 133/123/133 140/130/140
f 141/131/141 119/109/119 136/126/136
f 142/132/142 141/131/141 136/126/136
f 141/131/141 134/124/134 119/109/119
f 143/133/143 144/134/144 145/135/145
f 142/132/142 146/136/146 143/133/143
f 146/136/146 142/132/142 136/126/136
f 144/134/144 143/133/143 146/136/146
f 135/125/135 134/124/134 147/137/147
f 134/124/134 141/131/141 147/137/147
f 147/137/147 148/138/148 135/125/135
f 149/139/149 140/130/140 133/123/133
f 150/140/150 138/128/138 137/127/137
f 138/128/138 150/140/150 151/141/151
f 145/135/145 152/142/152 143/133/143
f 152/142/152 145/135/145 153/143/153
f 154/144/154 137/127/137 139/129/139
f 140/130/140 154/144/154 139/129/139
f 137/127/137 154/144/154 150/140/150
f 155/145/155 143/133/143 152/142/152
f 143/133/143 155/145/155 142/132/142
f 141/131/141 142/132/142 155/145/155
s 4
f 156/146/156 157/147/157 158/148/158
f 157/147/157 156/146/156 159/149/159
f 160/150/160 161/151/161 162/152/162
f 161/151/161 160/150/160 163/153/163
f 164/154/164 163/153/163 160/150/160
f 163/153/163 164/154/164 165/155/165
f 166/156/166 158/148/158 157/147/157
f 158/148/158 166/156/166 167/157/167
f 164/154/164 160/150/160 168/158/168
f 160/150/160 162/152/162 169/159/169
f 168/158/168 160/150/160 169/159/169
s 1
f 154/144/154 140/130/140 170/160/170
f 170/160/170 140/130/140 149/139/149
s 4
f 166/156/166 171/161/171 167/157/167
f 167/157/167 171/161/171 172/162/172
s 1
f 147/137/147 141/131/141 173/163/173
f 173/163/173 141/131/141 155/145/155
s 4
f 174/164/174 168/158/168 169/159/169
f 175/165/175 174/164/174 169/159/169
s 1
f 176/166/176 147/137/147 173/163/173
f 147/137/147 176/166/176 148/138/148
s 4
f 169/159/169 162/152/162 177/167/177
f 177/167/177 175/165/175 169/159/169
f 175/165/175 177/167/177 178/168/178
f 179/169/179 175/165/175 178/168/178
f 179/169/179 174/164/174 175/165/175
f 158/148/158 180/170/180 156/146/156
f 180/170/180 158/148/158 181/171/181
f 181/171/181 158/148/158 167/157/167
f 162/152/162 182/172/182 177/167/177
f 161/151/161 182/172/182 162/152/162
f 181/171/181 183/173/183 180/170/180
f 182/172/182 161/151/161 183/173/183
f 183/173/183 181/171/181 182/172/182
f 184/174/184 182/172/182 181/171/181
f 184/174/184 181/171/181 167/157/167
f 184/174/184 167/157/167 172/162/172
f 182/172/182 184/174/184 185/175/185
f 177/167/177 182/172/182 185/175/185
f 177/167/177 185/175/185 178/168/178
f 186/176/186 184/174/184 172/162/172
f 185/175/185 184/174/184 186/176/186
f 187/177/187 172/162/172 171/161/171
f 172/162/172 187/177/187 186/176/186
f 178/168/178 185/175/185 188/178/188
f 188/178/188 185/175/185 186/176/186
f 188/178/188 179/169/179 178/168/178
f 187/177/187 188/178/188 186/176/186
s 1
f 149/139/149 189/179/189 170/160/170
f 189/179/189 149/139/149 190/180/190
s 4
f 188/178/188 187/177/187 191/181/191
f 179/169/179 188/178/188 191/181/191
s 1
f 192/182/192 149/139/149 133/123/133
f 149/139/149 192/182/192 190/180/190
f 176/166/176 193/183/193 148/138/148
f 193/183/193 176/166/176 194/184/194
f 194/184/194 195/185/195 193/183/193
f 195/185/195 194/184/194 196/186/196
f 116/106/116 197/187/197 126/116/126
f 197/187/197 192/182/192 133/123/133
f 197/187/197 133/123/133 126/116/126
f 148/138/148 198/188/198 135/125/135
f 198/188/198 148/138/148 193/183/193
f 199/189/199 193/183/193 195/185/195
f 193/183/193 199/189/199 198/188/198
f 200/190/200 116/106/116 113/103/113
f 197/187/197 116/106/116 200/190/200
f 135/125/135 201/191/201 127/117/127
f 201/191/201 135/125/135 198/188/198
f 198/188/198 202/192/202 201/191/201
f 202/192/202 198/188/198 199/189/199
f 203/193/203 200/190/200 113/103/113
f 101/92/101 127/117/127 204/194/204
f 127/117/127 201/191/201 204/194/204
f 205/195/205 201/191/201 202/192/202
f 201/191/201 205/195/205 204/194/204
f 203/193/203 115/105/115 206/196/206
f 101/92/101 204/194/204 207/197/207
f 100/91/100 101/92/101 207/197/207
f 204/194/204 208/198/208 207/197/207
f 208/198/208 204/194/204 205/195/205
f 209/199/209 210/200/210 211/201/211
f 212/202/212 213/203/213 214/204/214
f 206/196/206 213/203/213 212/202/212
f 100/91/100 215/205/215 86/77/86
f 215/205/215 100/91/100 207/197/207
f 209/199/209 215/205/215 216/206/216
f 207/197/207 216/206/216 215/205/215
f 216/206/216 207/197/207 208/198/208
f 217/207/217 107/98/107 106/97/106
f 136/126/136 107/98/107 218/208/218
f 146/136/146 136/126/136 218/208/218
f 107/98/107 217/207/217 218/208/218
f 219/209/219 109/100/109 108/99/108
f 219/209/219 146/136/146 218/208/218
f 108/99/108 220/210/220 219/209/219
f 220/210/220 146/136/146 219/209/219
f 146/136/146 220/210/220 144/134/144
f 221/211/221 109/100/109 219/209/219
f 219/209/219 218/208/218 221/211/221
f 218/208/218 217/207/217 221/211/221
f 85/76/85 84/75/84 222/212/222
f 73/64/73 85/76/85 222/212/222
f 86/77/86 215/205/215 223/213/223
f 215/205/215 209/199/209 223/213/223
f 84/75/84 86/77/86 223/213/223
f 84/75/84 223/213/223 222/212/222
f 211/201/211 223/213/223 209/199/209
f 211/201/211 224/214/224 225/215/225
f 226/216/226 227/217/227 66/57/66
f 226/216/226 225/215/225 228/218/228
f 226/216/226 229/219/229 225/215/225
f 66/57/66 229/219/229 226/216/226
f 71/62/71 229/219/229 66/57/66
f 229/219/229 73/64/73 222/212/222
f 73/64/73 229/219/229 71/62/71
f 223/213/223 211/201/211 230/220/230
f 229/219/229 230/220/230 225/215/225
f 222/212/222 223/213/223 230/220/230
f 230/220/230 229/219/229 222/212/222
f 51/44/51 231/221/231 54/46/54
f 51/44/51 57/48/57 232/222/232
f 231/221/231 51/44/51 232/222/232
f 232/222/232 57/48/57 233/223/233
f 234/224/234 54/46/54 231/221/231
f 60/51/60 54/46/54 234/224/234
f 235/225/235 60/51/60 234/224/234
f 61/52/61 60/51/60 235/225/235
f 236/226/236 75/66/75 77/68/77
f 75/66/75 236/226/236 237/227/237
f 238/228/238 104/95/104 80/71/80
f 78/69/78 238/228/238 80/71/80
f 239/229/239 75/66/75 237/227/237
f 78/69/78 75/66/75 239/229/239
f 238/228/238 78/69/78 239/229/239
f 240/230/240 92/83/92 91/82/91
f 98/89/98 240/230/240 91/82/91
f 92/83/92 240/230/240 241/231/241
f 241/231/241 77/68/77 92/83/92
f 77/68/77 241/231/241 236/226/236
f 242/232/242 61/52/61 235/225/235
f 61/52/61 242/232/242 98/89/98
f 240/230/240 98/89/98 242/232/242
f 243/233/243 106/97/106 104/95/104
f 104/95/104 238/228/238 243/233/243
f 106/97/106 243/233/243 244/234/244
f 106/97/106 244/234/244 217/207/217
f 57/48/57 245/235/245 233/223/233
f 245/235/245 57/48/57 110/101/110
f 246/236/246 110/101/110 109/100/109
f 245/235/245 110/101/110 246/236/246
f 217/207/217 244/234/244 247/237/247
f 221/211/221 217/207/217 247/237/247
f 248/238/248 109/100/109 221/211/221
f 109/100/109 248/238/248 246/236/246
f 221/211/221 247/237/247 248/238/248
f 242/232/242 235/225/235 249/239/249
f 231/221/231 232/222/232 249/239/249
f 232/222/232 233/223/233 249/239/249
f 234/224/234 231/221/231 249/239/249
f 235/225/235 234/224/234 249/239/249
f 237/227/237 236/226/236 249/239/249
f 238/228/238 239/229/239 249/239/249
f 239/229/239 237/227/237 249/239/249
f 241/231/241 240/230/240 249/239/249
f 236/226/236 241/231/241 249/239/249
f 248/238/248 247/237/247 249/239/249
f 240/230/240 242/232/242 249/239/249
f 243/233/243 238/228/238 249/239/249
f 244/234/244 243/233/243 249/239/249
f 245/235/245 246/236/246 249/239/249
f 247/237/247 244/234/244 249/239/249
f 233/223/233 245/235/245 249/239/249
f 246/236/246 248/238/248 249/239/249
f 250/240/250 1/1/1 3/3/3
f 1/1/1 250/240/250 251/241/251
f 251/241/251 12/12/12 1/1/1
f 252/242/252 253/243/253 254/244/254
f 255/245/255 251/241/251 250/240/250
f 253/243/253 252/242/252 255/245/255
f 251/241/251 255/245/255 252/242/252
f 254/244/254 256/246/256 252/242/252
f 256/246/256 254/244/254 257/247/257
f 252/242/252 258/248/258 251/241/251
f 12/12/12 251/241/251 258/248/258
f 258/248/258 252/242/252 256/246/256
f 12/12/12 259/249/259 14/14/14
f 35/31/35 14/14/14 259/249/259
f 259/249/259 12/12/12 258/248/258
f 260/250/260 258/248/258 256/246/256
f 257/247/257 260/250/260 256/246/256
f 260/250/260 259/249/259 258/248/258
f 260/250/260 257/247/257 261/251/261
f 255/245/255 262/252/262 253/243/253
f 262/252/262 255/245/255 263/253/263
f 255/245/255 264/254/264 263/253/263
f 264/254/264 255/245/255 250/240/250
f 265/255/265 3/3/3 21/21/21
f 250/240/250 265/255/265 264/254/264
f 3/3/3 265/255/265 250/240/250
f 266/256/266 21/21/21 24/24/24
f 21/21/21 266/256/266 265/255/265
f 266/256/266 267/257/267 265/255/265
f 264/254/264 265/255/265 267/257/267
f 268/258/268 262/252/262 263/253/263
f 264/254/264 268/258/268 263/253/263
f 268/258/268 264/254/264 267/257/267
f 268/258/268 269/259/269 262/252/262
s 5
f 270/258/270 271/260/271 272/259/272
s 1
f 269/259/269 273/261/273 262/252/262
f 262/252/262 273/261/273 253/243/253
f 273/261/273 269/259/269 274/262/274
s 5
f 270/258/270 275/263/275 271/260/271
f 276/256/276 275/263/275 277/257/277
s 1
f 278/264/278 35/31/35 259/249/259
f 278/264/278 37/33/37 35/31/35
f 37/33/37 278/264/278 279/265/279
s 3
f 280/266/280 42/36/42 41/33/41
f 280/266/280 41/33/41 281/265/281
f 282/267/282 42/36/42 280/266/280
f 282/267/282 283/38/283 42/36/42
f 284/40/284 283/38/283 285/268/285
f 285/268/285 283/38/283 282/267/282
s 1
f 259/249/259 286/269/286 278/264/278
f 286/269/286 259/249/259 260/250/260
f 287/270/287 279/265/279 278/264/278
s 3
f 280/266/280 288/270/288 282/267/282
f 288/270/288 280/266/280 281/265/281
f 282/267/282 289/271/289 285/268/285
f 289/271/289 282/267/282 288/270/288
s 1
f 290/272/290 111/102/111 112/47/112
f 291/273/291 290/272/290 292/271/292
f 292/271/292 293/274/293 291/273/291
f 293/274/293 292/271/292 287/270/287
s 3
f 289/271/289 294/272/294 285/268/285
f 284/40/284 285/268/285 294/272/294
f 295/47/295 284/40/284 294/272/294
s 1
f 111/102/111 290/272/290 296/275/296
f 296/275/296 290/272/290 291/273/291
f 278/264/278 297/276/297 287/270/287
f 297/276/297 278/264/278 286/269/286
f 298/277/298 260/250/260 261/251/261
f 298/277/298 286/269/286 260/250/260
f 299/278/299 287/270/287 297/276/297
f 287/270/287 299/278/299 293/274/293
f 297/276/297 300/279/300 299/278/299
f 286/269/286 301/280/301 297/276/297
f 301/280/301 286/269/286 298/277/298
f 300/279/300 297/276/297 301/280/301
f 273/261/273 302/281/302 253/243/253
f 302/281/302 254/244/254 253/243/253
f 254/244/254 302/281/302 303/282/303
f 303/282/303 257/247/257 254/244/254
f 304/283/304 261/251/261 257/247/257
f 257/247/257 303/282/303 304/283/304
f 273/261/273 305/284/305 302/281/302
f 305/284/305 274/262/274 306/285/306
f 307/286/307 306/285/306 308/287/308
f 309/288/309 303/282/303 302/281/302
f 304/283/304 303/282/303 309/288/309
f 310/289/310 309/288/309 302/281/302
f 305/284/305 310/289/310 302/281/302
f 311/290/311 305/284/305 307/286/307
f 305/284/305 311/290/311 310/289/310
f 312/291/312 310/289/310 311/290/311
f 311/290/311 313/292/313 312/291/312
f 314/293/314 315/294/315 316/295/316
f 315/294/315 314/293/314 317/296/317
f 316/295/316 318/297/318 314/293/314
f 319/298/319 318/297/318 316/295/316
f 318/297/318 319/298/319 320/299/320
f 316/295/316 315/294/315 321/300/321
f 321/300/321 322/301/322 316/295/316
f 319/298/319 316/295/316 322/301/322
f 315/294/315 323/302/323 321/300/321
f 323/302/323 324/303/324 325/304/325
f 321/300/321 323/302/323 326/305/326
f 323/302/323 325/304/325 326/305/326
f 327/306/327 313/292/313 324/303/324
f 313/292/313 327/306/327 312/291/312
f 328/307/328 324/303/324 323/302/323
f 328/307/328 327/306/327 324/303/324
f 323/302/323 329/308/329 328/307/328
f 329/308/329 323/302/323 315/294/315
f 330/309/330 327/306/327 328/307/328
f 328/307/328 329/308/329 330/309/330
f 329/308/329 331/310/331 330/309/330
f 329/308/329 332/311/332 331/310/331
f 332/311/332 315/294/315 317/296/317
f 315/294/315 332/311/332 329/308/329
f 261/251/261 304/283/304 333/312/333
f 310/289/310 312/291/312 334/313/334
f 334/313/334 333/312/333 304/283/304
f 334/313/334 304/283/304 309/288/309
f 334/313/334 309/288/309 310/289/310
f 335/314/335 312/291/312 327/306/327
f 312/291/312 335/314/335 334/313/334
f 335/314/335 327/306/327 330/309/330
f 333/312/333 334/313/334 335/314/335
f 336/315/336 261/251/261 333/312/333
f 298/277/298 261/251/261 336/315/336
f 335/314/335 336/315/336 333/312/333
f 336/315/336 337/316/337 298/277/298
f 336/315/336 335/314/335 337/316/337
f 337/316/337 301/280/301 298/277/298
f 338/317/338 301/280/301 337/316/337
f 301/280/301 338/317/338 300/279/300
f 337/316/337 335/314/335 339/318/339
f 338/317/338 337/316/337 339/318/339
f 338/317/338 339/318/339 331/310/331
f 331/310/331 339/318/339 330/309/330
f 339/318/339 335/314/335 330/309/330
f 322/301/322 321/300/321 340/319/340
f 321/300/321 326/305/326 340/319/340
f 322/301/322 340/319/340 341/320/341
f 322/301/322 342/321/342 319/298/319
f 342/321/342 320/299/320 319/298/319
f 342/321/342 322/301/322 343/322/343
f 343/322/343 322/301/322 341/320/341
f 342/321/342 344/323/344 320/299/320
f 344/323/344 342/321/342 345/324/345
f 345/324/345 346/325/346 344/323/344
f 346/325/346 345/324/345 347/326/347
f 348/327/348 111/102/111 296/275/296
f 348/327/348 108/99/108 111/102/111
f 108/99/108 348/327/348 349/328/349
f 350/103/350 351/105/351 352/104/352
f 350/103/350 352/104/352 353/107/353
f 120/110/120 354/111/354 355/329/355
f 356/106/356 353/107/353 357/115/357
f 358/330/358 345/324/345 342/321/342
f 343/322/343 358/330/358 342/321/342
f 359/331/359 347/326/347 345/324/345
f 359/331/359 345/324/345 358/330/358
f 360/113/360 361/114/361 362/121/362
f 360/113/360 356/106/356 357/115/357
f 356/106/356 360/113/360 363/116/363
f 343/322/343 341/320/341 364/332/364
f 120/110/120 365/118/365 366/112/366
f 365/118/365 120/110/120 129/119/129
f 366/112/366 367/120/367 362/121/362
f 367/120/367 366/112/366 365/118/365
f 362/121/362 368/122/368 360/113/360
f 368/122/368 362/121/362 367/120/367
f 368/122/368 363/116/363 360/113/360
f 363/116/363 368/122/368 369/123/369
f 370/333/370 359/331/359 358/330/358
f 343/322/343 370/333/370 358/330/358
f 370/333/370 343/322/343 364/332/364
f 370/333/370 364/332/364 371/334/371
f 372/335/372 347/326/347 359/331/359
f 129/119/129 138/128/138 373/127/373
f 365/118/365 129/119/129 373/127/373
f 365/118/365 374/129/374 367/120/367
f 374/129/374 365/118/365 373/127/373
f 369/123/369 368/122/368 375/130/375
f 375/130/375 367/120/367 374/129/374
f 367/120/367 375/130/375 368/122/368
f 376/336/376 372/335/372 359/331/359
f 377/337/377 372/335/372 376/336/376
f 370/333/370 376/336/376 359/331/359
f 144/134/144 378/338/378 145/135/145
f 379/339/379 377/337/377 378/338/378
f 378/338/378 144/134/144 379/339/379
f 377/337/377 379/339/379 372/335/372
f 220/210/220 379/339/379 144/134/144
f 376/336/376 370/333/370 380/340/380
f 370/333/370 371/334/371 380/340/380
f 380/340/380 371/334/371 381/341/381
f 382/139/382 369/123/369 375/130/375
f 383/140/383 138/128/138 151/141/151
f 138/128/138 383/140/383 373/127/373
f 384/342/384 145/135/145 378/338/378
f 145/135/145 384/342/384 153/143/153
f 385/144/385 373/127/373 383/140/383
f 373/127/373 385/144/385 374/129/374
f 385/144/385 375/130/375 374/129/374
f 386/343/386 378/338/378 377/337/377
f 378/338/378 386/343/386 384/342/384
f 377/337/377 376/336/376 386/343/386
s 4
f 156/146/156 387/344/387 159/149/159
f 387/344/387 156/146/156 388/345/388
f 180/170/180 388/345/388 156/146/156
f 389/346/389 161/151/161 163/153/163
f 161/151/161 389/346/389 390/347/390
f 163/153/163 391/348/391 389/346/389
f 391/348/391 163/153/163 165/155/165
f 388/345/388 392/349/392 387/344/387
f 392/349/392 388/345/388 393/350/393
f 391/348/391 394/351/394 389/346/389
f 389/346/389 395/352/395 390/347/390
f 394/351/394 395/352/395 389/346/389
s 1
f 396/160/396 382/139/382 375/130/375
f 375/130/375 385/144/385 396/160/396
s 4
f 397/353/397 392/349/392 393/350/393
f 397/353/397 393/350/393 398/354/398
s 1
f 380/340/380 399/355/399 376/336/376
f 399/355/399 386/343/386 376/336/376
s 4
f 394/351/394 400/356/400 395/352/395
f 395/352/395 400/356/400 401/357/401
s 1
f 380/340/380 402/358/402 399/355/399
f 402/358/402 380/340/380 381/341/381
s 4
f 401/357/401 403/359/403 395/352/395
f 395/352/395 403/359/403 390/347/390
f 403/359/403 401/357/401 404/360/404
f 401/357/401 405/361/405 404/360/404
f 405/361/405 401/357/401 400/356/400
f 406/362/406 393/350/393 388/345/388
f 388/345/388 180/170/180 406/362/406
f 183/173/183 406/362/406 180/170/180
f 390/347/390 403/359/403 407/363/407
f 406/362/406 183/173/183 407/363/407
f 407/363/407 161/151/161 390/347/390
f 161/151/161 407/363/407 183/173/183
f 407/363/407 408/364/408 406/362/406
f 393/350/393 408/364/408 398/354/398
f 408/364/408 393/350/393 406/362/406
f 403/359/403 409/365/409 407/363/407
f 404/360/404 409/365/409 403/359/403
f 408/364/408 407/363/407 409/365/409
f 410/366/410 398/354/398 408/364/408
f 409/365/409 410/366/410 408/364/408
f 411/367/411 397/353/397 398/354/398
f 411/367/411 398/354/398 410/366/410
f 412/368/412 410/366/410 409/365/409
f 409/365/409 404/360/404 412/368/412
f 412/368/412 411/367/411 410/366/410
f 405/361/405 412/368/412 404/360/404
s 1
f 413/179/413 382/139/382 396/160/396
f 413/179/413 414/180/414 382/139/382
s 4
f 415/369/415 411/367/411 412/368/412
f 412/368/412 405/361/405 415/369/415
s 1
f 382/139/382 416/182/416 369/123/369
f 416/182/416 382/139/382 414/180/414
f 417/370/417 416/182/416 414/180/414
f 417/370/417 402/358/402 381/341/381
f 414/180/414 418/371/418 417/370/417
f 402/358/402 417/370/417 418/371/418
f 418/371/418 414/180/414 413/179/413
f 419/187/419 356/106/356 363/116/363
f 419/187/419 369/123/369 416/182/416
f 369/123/369 419/187/419 363/116/363
f 420/372/420 419/187/419 416/182/416
f 417/370/417 420/372/420 416/182/416
f 371/334/371 420/372/420 381/341/381
f 381/341/381 420/372/420 417/370/417
f 421/190/421 350/103/350 356/106/356
f 356/106/356 419/187/419 421/190/421
f 422/373/422 421/190/421 419/187/419
f 419/187/419 420/372/420 422/373/422
f 371/334/371 422/373/422 420/372/420
f 422/373/422 371/334/371 364/332/364
f 423/193/423 350/103/350 421/190/421
f 423/193/423 351/105/351 350/103/350
f 364/332/364 424/374/424 422/373/422
f 424/374/424 423/193/423 421/190/421
f 341/320/341 424/374/424 364/332/364
f 421/190/421 422/373/422 424/374/424
f 425/196/425 426/203/426 351/105/351
f 427/375/427 425/196/425 423/193/423
f 340/319/340 427/375/427 341/320/341
f 341/320/341 427/375/427 424/374/424
f 424/374/424 427/375/427 423/193/423
f 428/202/428 429/204/429 426/203/426
f 425/196/425 428/202/428 426/203/426
f 428/202/428 430/376/430 431/377/431
f 340/319/340 326/305/326 432/378/432
f 340/319/340 432/378/432 427/375/427
f 432/378/432 428/202/428 425/196/425
f 427/375/427 432/378/432 425/196/425
f 347/326/347 433/379/433 346/325/346
f 372/335/372 434/380/434 347/326/347
f 433/379/433 347/326/347 434/380/434
f 379/339/379 434/380/434 372/335/372
f 435/381/435 434/380/434 379/339/379
f 108/99/108 435/381/435 220/210/220
f 435/381/435 108/99/108 349/328/349
f 379/339/379 220/210/220 435/381/435
f 434/380/434 436/382/436 433/379/433
f 436/382/436 434/380/434 435/381/435
f 436/382/436 435/381/435 349/328/349
f 437/383/437 324/303/324 313/292/313
f 324/303/324 437/383/437 325/304/325
f 325/304/325 437/383/437 438/384/438
f 438/384/438 326/305/326 325/304/325
f 326/305/326 438/384/438 432/378/432
f 432/378/432 438/384/438 428/202/428
f 438/384/438 430/376/430 428/202/428
f 430/376/430 439/385/439 440/386/440
f 441/387/441 442/388/442 439/385/439
f 441/387/441 308/287/308 443/389/443
f 313/292/313 444/390/444 437/383/437
f 441/387/441 439/385/439 444/390/444
f 307/286/307 444/390/444 311/290/311
f 307/286/307 441/387/441 444/390/444
f 313/292/313 311/290/311 444/390/444
f 437/383/437 445/391/445 438/384/438
f 430/376/430 438/384/438 445/391/445
f 444/390/444 445/391/445 437/383/437
f 445/391/445 444/390/444 439/385/439
f 446/392/446 291/273/291 293/274/293
f 291/273/291 446/392/446 447/393/447
f 296/275/296 291/273/291 447/393/447
f 296/275/296 447/393/447 448/394/448
f 299/278/299 449/395/449 293/274/293
f 449/395/449 446/392/446 293/274/293
f 450/396/450 449/395/449 299/278/299
f 450/396/450 299/278/299 300/279/300
f 314/293/314 451/397/451 317/296/317
f 451/397/451 314/293/314 452/398/452
f 453/399/453 318/297/318 320/299/320
f 344/323/344 453/399/453 320/299/320
f 318/297/318 454/400/454 314/293/314
f 318/297/318 453/399/453 454/400/454
f 454/400/454 452/398/452 314/293/314
f 332/311/332 455/401/455 331/310/331
f 455/401/455 338/317/338 331/310/331
f 455/401/455 332/311/332 456/402/456
f 456/402/456 317/296/317 451/397/451
f 317/296/317 456/402/456 332/311/332
f 300/279/300 457/403/457 450/396/450
f 457/403/457 300/279/300 338/317/338
f 338/317/338 455/401/455 457/403/457
f 453/399/453 344/323/344 458/404/458
f 346/325/346 458/404/458 344/323/344
f 458/404/458 346/325/346 459/405/459
f 346/325/346 433/379/433 459/405/459
f 296/275/296 460/406/460 348/327/348
f 460/406/460 296/275/296 448/394/448
f 461/407/461 349/328/349 348/327/348
f 460/406/460 461/407/461 348/327/348
f 433/379/433 462/408/462 459/405/459
f 433/379/433 436/382/436 462/408/462
f 463/409/463 436/382/436 349/328/349
f 463/409/463 462/408/462 436/382/436
f 349/328/349 461/407/461 463/409/463
f 446/392/446 464/410/464 447/393/447
f 455/401/455 464/410/464 457/403/457
f 450/396/450 464/410/464 449/395/449
f 452/398/452 464/410/464 451/397/451
f 453/399/453 464/410/464 454/400/454
f 454/400/454 464/410/464 452/398/452
f 456/402/456 464/410/464 455/401/455
f 462/408/462 464/410/464 459/405/459
f 451/397/451 464/410/464 456/402/456
f 448/394/448 464/410/464 460/406/460
f 461/407/461 464/410/464 463/409/463
f 463/409/463 464/410/464 462/408/462
f 457/403/457 464/410/464 450/396/450
f 458/404/458 464/410/464 453/399/453
f 460/406/460 464/410/464 461/407/461
f 459/405/459 464/410/464 458/404/458
f 447/393/447 464/410/464 448/394/448
f 449/395/449 464/410/464 446/392/446
s 6
g mixamorig:Spine2
f 465/411/465 466/412/466 467/413/467
g mixamorig:Spine1
f 465/411/465 467/413/467 468/414/468
g mixamorig:Spine2
f 469/415/469 466/412/466 465/411/465
f 469/415/469 465/411/465 470/416/470
f 465/411/465 471/417/471 470/416/470
s 7
g mixamorig:RightHandIndex2
f 472/418/472 473/419/473 474/420/474
f 473/419/473 475/421/475 474/420/474
f 472/418/472 474/420/474 476/422/476
f 476/422/476 477/423/477 472/418/472
s 8
g mixamorig:RightHandIndex3
f 478/424/478 479/425/479 480/426/480
g mixamorig:RightHandIndex2
f 478/424/478 480/426/480 481/427/481
g mixamorig:RightHand
f 482/428/482 483/429/483 484/430/484
g mixamorig:RightHandIndex3
f 485/431/485 480/426/480 479/425/479
f 485/431/485 479/425/479 486/432/486
f 479/425/479 487/433/487 486/432/486
f 478/424/478 487/433/487 479/425/479
f 487/433/487 488/434/488 489/435/489
f 487/433/487 489/435/489 490/436/490
f 486/432/486 487/433/487 490/436/490
g mixamorig:RightHandIndex2
f 491/437/491 492/438/492 493/439/493
g mixamorig:RightHandIndex1
f 494/440/494 495/441/495 496/442/496
g mixamorig:RightHandIndex2
f 494/440/494 497/443/497 498/444/498
g mixamorig:RightHandIndex3
f 485/431/485 499/445/499 480/426/480
g mixamorig:RightHandIndex2
f 499/445/499 485/431/485 498/444/498
f 500/446/500 501/447/501 491/437/491
f 502/448/502 503/449/503 500/446/500
g mixamorig:RightHandIndex3
f 503/449/503 502/448/502 504/450/504
f 504/450/504 505/435/505 488/434/488
f 505/435/505 504/450/504 502/448/502
f 502/448/502 506/436/506 505/435/505
f 506/436/506 502/448/502 507/451/507
f 500/446/500 507/451/507 502/448/502
g mixamorig:RightHandIndex2
f 503/449/503 508/452/508 509/453/509
f 503/449/503 504/450/504 510/454/510
f 508/452/508 503/449/503 510/454/510
g mixamorig:RightHandIndex3
f 504/450/504 488/434/488 511/455/511
f 510/454/510 504/450/504 511/455/511
s 7
g mixamorig:RightHandIndex2
f 512/456/512 513/457/513 514/458/514
f 512/456/512 515/459/515 516/460/516
f 517/461/517 515/459/515 512/456/512
f 515/459/515 517/461/517 518/462/518
f 518/462/518 517/461/517 519/463/519
f 516/460/516 520/464/520 513/457/513
f 474/420/474 475/421/475 520/464/520
f 520/464/520 475/421/475 521/465/521
f 515/459/515 522/466/522 516/460/516
f 516/460/516 522/466/522 520/464/520
f 474/420/474 522/466/522 476/422/476
f 522/466/522 474/420/474 520/464/520
f 523/467/523 476/422/476 522/466/522
f 523/467/523 515/459/515 518/462/518
f 515/459/515 523/467/523 522/466/522
f 523/467/523 518/462/518 524/468/524
f 524/468/524 477/423/477 476/422/476
f 518/462/518 519/463/519 524/468/524
f 476/422/476 523/467/523 524/468/524
s 8
g mixamorig:RightHandIndex3
f 525/469/525 487/433/487 478/424/478
f 525/469/525 488/434/488 487/433/487
f 511/455/511 488/434/488 525/469/525
s 7
g mixamorig:RightHandIndex2
f 475/421/475 526/470/526 521/465/521
f 475/421/475 527/471/527 526/470/526
s 8
f 507/451/507 500/446/500 528/472/528
f 491/437/491 528/472/528 500/446/500
g mixamorig:RightHandIndex3
f 507/451/507 529/432/529 506/436/506
f 507/451/507 530/431/530 529/432/529
f 528/472/528 530/431/530 507/451/507
g mixamorig:RightHandIndex2
f 528/472/528 491/437/491 531/473/531
g mixamorig:RightHandIndex1
f 531/473/531 493/439/493 532/474/532
f 533/428/533 534/475/534 535/476/535
g mixamorig:RightHandIndex2
f 536/477/536 480/426/480 499/445/499
f 480/426/480 536/477/536 481/427/481
g mixamorig:RightHandMiddle2
f 537/478/537 538/479/538 539/480/539
f 540/481/540 541/482/541 537/478/537
g mixamorig:RightHandMiddle3
f 542/483/542 540/481/540 543/484/543
g mixamorig:RightHandMiddle2
f 539/480/539 543/484/543 537/478/537
f 540/481/540 537/478/537 543/484/543
g mixamorig:RightHandMiddle3
f 542/483/542 543/484/543 544/485/544
f 542/483/542 544/485/544 545/486/545
f 546/487/546 547/485/547 543/484/543
f 547/485/547 546/487/546 548/488/548
g mixamorig:RightHandMiddle1
f 549/489/549 550/479/550 551/490/551
g mixamorig:RightHandRing1
f 552/491/552 551/490/551 553/492/553
f 554/493/554 553/492/553 555/494/555
f 556/495/556 557/494/557 558/496/558
g mixamorig:RightHandMiddle3
f 559/497/559 560/498/560 561/499/561
g mixamorig:RightHandMiddle2
f 562/500/562 563/480/563 549/489/549
f 563/480/563 562/500/562 561/499/561
g mixamorig:RightHandMiddle3
f 561/499/561 562/500/562 559/497/559
g mixamorig:RightHandMiddle2
f 562/500/562 564/501/564 559/497/559
g mixamorig:RightHandRing1
f 564/501/564 549/489/549 552/491/552
g mixamorig:RightHandMiddle2
f 549/489/549 564/501/564 562/500/562
g mixamorig:RightHandRing3
f 552/491/552 565/502/565 564/501/564
f 565/502/565 552/491/552 554/493/554
f 559/497/559 564/501/564 566/503/566
f 564/501/564 565/502/565 567/504/567
f 564/501/564 567/504/567 566/503/566
g mixamorig:RightHandMiddle3
f 568/505/568 542/483/542 545/486/545
f 569/506/569 542/483/542 568/505/568
f 543/484/543 570/499/570 546/487/546
f 543/484/543 539/480/539 570/499/570
g mixamorig:RightHandMiddle2
f 571/507/571 561/499/561 560/498/560
f 572/508/572 561/499/561 571/507/571
g mixamorig:RightHandMiddle3
f 573/509/573 546/487/546 570/499/570
g mixamorig:RightHandMiddle2
f 570/499/570 574/508/574 573/509/573
f 575/510/575 546/487/546 573/509/573
g mixamorig:RightHandMiddle3
f 575/510/575 548/488/548 546/487/546
s 9
f 576/511/576 577/505/577 578/512/578
f 577/505/577 576/511/576 579/506/579
f 580/513/580 579/506/579 576/511/576
f 579/506/579 580/513/580 581/514/581
g mixamorig:RightHandMiddle2
f 580/513/580 582/515/582 581/514/581
s 8
g mixamorig:RightHandRing1
f 583/516/583 584/517/584 585/518/585
g mixamorig:RightHandRing3
f 583/516/583 585/518/585 586/519/586
f 556/495/556 587/502/587 588/493/588
f 587/502/587 556/495/556 589/520/589
f 589/520/589 590/504/590 587/502/587
f 590/504/590 589/520/589 591/521/591
f 592/522/592 590/504/590 591/521/591
f 592/522/592 593/503/593 590/504/590
g mixamorig:RightHandMiddle2
f 594/497/594 592/522/592 560/498/560
f 592/522/592 594/497/594 593/503/593
f 595/523/595 560/498/560 592/522/592
f 560/498/560 595/523/595 571/507/571
g mixamorig:RightHandRing2
f 595/523/595 592/522/592 591/521/591
g mixamorig:RightHandRing3
f 596/524/596 591/521/591 589/520/589
g mixamorig:RightHandRing2
f 595/523/595 591/521/591 596/524/596
f 597/525/597 589/520/589 556/495/556
f 589/520/589 597/525/597 596/524/596
g mixamorig:RightHandMiddle3
f 575/510/575 598/526/598 548/488/548
f 598/526/598 547/485/547 548/488/548
f 598/526/598 599/486/599 547/485/547
f 600/505/600 599/486/599 598/526/598
f 598/526/598 601/512/601 600/505/600
f 598/526/598 575/510/575 602/527/602
f 602/527/602 601/512/601 598/526/598
s 9
f 578/512/578 603/528/603 576/511/576
s 8
f 601/512/601 602/527/602 603/528/604
s 7
g mixamorig:RightHandMiddle2
f 604/529/605 605/530/606 606/531/607
f 605/530/606 604/529/605 607/532/608
f 608/533/609 604/529/605 606/531/607
g mixamorig:RightHandMiddle3
f 609/534/610 604/529/605 608/533/609
g mixamorig:RightHandMiddle2
f 607/532/608 610/535/611 605/530/606
f 605/530/606 610/535/611 611/536/612
g mixamorig:RightHandRing2
f 612/537/613 613/538/614 614/539/615
f 613/538/614 612/537/613 615/540/616
f 612/537/613 616/541/617 615/540/616
f 616/541/617 612/537/613 617/542/618
f 613/538/614 615/540/616 618/543/619
g mixamorig:RightHandMiddle2
f 613/538/614 619/544/620 614/539/615
f 618/543/619 619/544/620 613/538/614
g mixamorig:RightHandRing2
f 618/543/619 615/540/616 620/545/621
f 615/540/616 616/541/617 620/545/621
f 621/546/622 620/545/621 616/541/617
f 617/542/618 622/547/623 616/541/617
f 622/547/623 621/546/622 616/541/617
g mixamorig:RightHandMiddle2
f 623/548/624 608/533/609 606/531/607
f 611/536/612 623/548/624 605/530/606
f 606/531/607 605/530/606 623/548/624
f 608/533/609 623/548/624 624/549/625
g mixamorig:RightHandMiddle3
f 624/549/625 625/550/626 608/533/609
f 608/533/609 625/550/626 609/534/610
s 9
f 580/513/580 576/511/576 626/551/627
f 626/551/627 576/511/576 603/528/603
g mixamorig:RightHandMiddle2
f 580/513/580 626/551/627 627/552/628
s 7
f 624/549/625 628/553/629 629/554/630
f 624/549/625 629/554/630 625/550/626
f 623/548/624 611/536/612 630/555/631
f 611/536/612 631/556/632 630/555/631
s 8
g mixamorig:RightHandRing3
f 632/557/633 583/516/583 633/558/634
f 634/559/635 632/557/633 633/558/634
f 633/558/634 583/516/583 635/560/636
f 583/516/583 586/519/586 635/560/636
f 635/560/636 586/519/586 636/561/637
f 634/559/635 633/558/634 637/562/638
f 637/562/638 633/558/634 638/563/639
f 639/564/640 633/558/634 635/560/636
f 633/558/634 639/564/640 638/563/639
g mixamorig:RightHandRing2
f 640/565/641 641/566/642 642/559/643
f 643/567/644 640/565/641 644/562/645
g mixamorig:RightHandRing3
f 640/565/641 642/559/643 644/562/645
f 636/561/637 645/568/646 635/560/636
f 635/560/636 645/568/646 639/564/640
f 645/568/646 646/569/647 639/564/640
s 7
g mixamorig:RightHandMiddle2
f 647/544/648 611/536/612 610/535/611
f 611/536/612 648/570/649 631/556/632
g mixamorig:RightHandRing2
f 620/545/621 621/546/622 649/571/650
g mixamorig:RightHand
f 650/572/651 651/573/652 652/574/653
g mixamorig:RightHandRing2
f 622/547/623 653/575/654 621/546/622
s 8
f 556/495/556 654/576/655 597/525/597
f 556/495/556 655/577/656 654/576/655
s 7
f 656/578/657 657/579/658 658/580/659
f 658/580/659 659/581/660 660/582/661
f 660/582/661 661/583/662 662/584/663
f 660/582/661 663/585/664 658/580/659
f 663/585/664 664/586/665 658/580/659
f 664/586/665 656/578/657 658/580/659
s 8
g mixamorig:RightHandRing3
f 665/587/666 646/569/647 645/568/646
g mixamorig:RightHandRing2
f 665/587/666 645/568/646 666/588/667
g mixamorig:RightHandRing3
f 638/563/639 639/564/640 667/589/668
f 667/589/668 639/564/640 646/569/647
f 667/589/668 643/567/644 668/562/669
f 668/562/669 638/563/639 667/589/668
f 669/590/670 667/589/668 646/569/647
g mixamorig:RightHandRing2
f 643/567/644 669/590/670 670/591/671
f 669/590/670 646/569/647 665/587/666
f 669/590/670 643/567/644 667/589/668
s 7
f 656/578/657 671/592/672 672/593/673
f 673/594/674 674/595/675 675/596/676
s 8
f 645/568/646 676/597/677 666/588/667
f 636/561/637 677/598/678 676/597/677
g mixamorig:RightHandThumb2
f 678/599/679 679/600/680 680/601/681
g mixamorig:RightHandThumb3
f 681/602/682 682/603/683 683/604/684
f 683/604/684 684/605/685 681/602/682
f 684/605/685 683/604/684 685/606/686
f 686/607/687 681/602/682 684/605/685
f 686/607/687 684/605/685 687/608/688
f 688/609/689 686/607/687 689/610/690
f 689/610/690 686/607/687 687/608/688
f 689/610/690 690/611/691 688/609/689
f 690/611/691 689/610/690 691/612/692
f 692/613/693 691/612/692 689/610/690
f 685/606/686 692/613/693 684/605/685
f 687/608/688 684/605/685 692/613/693
f 689/610/690 687/608/688 692/613/693
f 691/612/692 693/614/694 690/611/691
f 690/611/691 693/614/694 694/615/695
f 691/612/692 695/616/696 693/614/694
f 692/613/693 695/616/696 691/612/692
f 696/617/697 695/616/696 692/613/693
f 696/617/697 685/606/686 683/604/684
f 685/606/686 696/617/697 692/613/693
s 7
f 697/618/698 698/619/699 699/620/700
f 700/621/701 699/620/700 698/619/699
f 701/622/702 700/621/701 698/619/699
f 701/622/702 698/619/699 702/623/703
f 703/624/704 702/623/703 698/619/699
f 698/619/699 697/618/698 703/624/704
g mixamorig:RightHandThumb2
f 702/623/703 704/625/705 705/626/706
g mixamorig:RightHandThumb3
f 703/624/704 706/627/707 702/623/703
f 699/620/700 707/628/708 708/629/709
f 708/629/709 703/624/704 697/618/698
f 699/620/700 708/629/709 697/618/698
f 703/624/704 708/629/709 709/630/710
f 709/630/710 706/627/707 703/624/704
f 710/631/711 709/630/710 708/629/709
f 710/631/711 708/629/709 707/628/708
s 8
f 683/604/684 711/632/712 696/617/697
s 7
g mixamorig:RightHandThumb2
f 709/630/710 712/633/713 713/634/714
g mixamorig:RightHandThumb3
f 710/631/711 712/633/713 709/630/710
s 8
f 683/604/684 714/635/715 711/632/712
s 7
g mixamorig:RightHand
f 715/636/716 716/637/717 650/572/651
f 717/638/718 652/574/653 718/639/719
f 719/640/720 720/641/721 673/594/674
f 719/640/720 673/594/674 721/642/722
s 8
f 722/643/723 723/644/724 724/645/725
s 7
f 715/636/716 725/646/726 726/647/727
f 715/636/716 727/648/728 725/646/726
g mixamorig:RightForeArm
f 717/638/718 728/649/729 729/650/730
s 8
g mixamorig:RightHandIndex2
f 530/431/530 528/472/528 730/444/731
f 531/473/531 730/444/731 528/472/528
f 730/444/731 531/473/531 731/440/732
f 531/473/531 532/474/532 731/440/732
g mixamorig:RightHandMiddle3
f 540/481/540 542/483/542 732/514/733
f 569/506/569 732/514/733 542/483/542
g mixamorig:RightHandMiddle1
f 540/481/540 733/651/734 734/652/735
f 540/481/540 734/652/735 541/482/541
s 9
g mixamorig:RightHandMiddle2
f 580/513/580 735/653/736 582/515/582
s 8
g mixamorig:RightHandThumb2
f 736/654/737 737/655/738 738/656/739
f 739/657/740 740/658/741 678/599/679
f 737/655/738 678/599/679 740/658/741
f 740/658/741 739/657/740 741/659/742
f 688/609/689 738/656/739 740/658/741
g mixamorig:RightHandThumb3
f 740/658/741 686/607/687 688/609/689
g mixamorig:RightHandThumb2
f 741/659/742 681/602/682 740/658/741
g mixamorig:RightHandThumb3
f 740/658/741 681/602/682 686/607/687
g mixamorig:RightHandThumb2
f 740/658/741 738/656/739 737/655/738
f 736/654/737 738/656/739 742/660/743
g mixamorig:RightHandThumb3
f 742/660/743 688/609/689 690/611/691
g mixamorig:RightHandThumb2
f 738/656/739 688/609/689 742/660/743
f 742/660/743 690/611/691 743/661/744
f 744/657/745 745/662/746 741/659/742
f 744/657/745 746/663/747 747/664/748
s 10
g mixamorig:LeftHandIndex2
f 748/418/749 749/420/750 750/419/751
f 750/419/751 749/420/750 751/421/752
f 748/418/749 752/422/753 749/420/750
g mixamorig:LeftHandIndex3
f 752/422/753 748/418/749 753/423/754
s 11
f 754/424/755 755/426/756 756/425/757
f 757/427/758 755/426/756 754/424/755
g mixamorig:LeftHandIndex1
f 758/428/759 759/429/760 760/665/761
g mixamorig:LeftHandIndex3
f 761/431/762 756/425/757 755/426/756
f 756/425/757 761/431/762 762/432/763
f 763/433/764 762/432/763 764/436/765
f 763/433/764 756/425/757 762/432/763
f 754/424/755 756/425/757 763/433/764
f 764/436/765 765/435/766 763/433/764
f 766/434/767 763/433/764 765/435/766
g mixamorig:LeftHandIndex2
f 767/437/768 768/439/769 769/438/770
f 770/440/771 771/444/772 772/443/773
g mixamorig:LeftHandIndex3
f 771/444/772 761/431/762 773/445/774
f 761/431/762 755/426/756 773/445/774
f 774/449/775 775/448/776 776/446/777
f 774/449/775 777/450/778 775/448/776
f 777/450/778 778/435/779 775/448/776
f 778/435/779 777/450/778 766/434/767
f 779/436/780 775/448/776 778/435/779
f 775/448/776 779/436/780 780/451/781
f 780/451/781 776/446/777 775/448/776
g mixamorig:LeftHandIndex2
f 781/452/782 774/449/775 782/453/783
g mixamorig:LeftHandIndex3
f 774/449/775 783/454/784 777/450/778
g mixamorig:LeftHandIndex2
f 783/454/784 774/449/775 781/452/782
g mixamorig:LeftHandIndex3
f 784/455/785 777/450/778 783/454/784
f 777/450/778 784/455/785 766/434/767
s 10
g mixamorig:LeftHandIndex2
f 785/456/786 786/457/787 787/460/788
f 788/461/789 785/456/786 789/459/790
f 785/456/786 787/460/788 789/459/790
g mixamorig:LeftHandIndex3
f 790/462/791 788/461/789 789/459/790
f 790/462/791 791/463/792 788/461/789
g mixamorig:LeftHandIndex2
f 792/464/793 787/460/788 786/457/787
f 792/464/793 751/421/752 749/420/750
f 787/460/788 793/466/794 789/459/790
f 792/464/793 749/420/750 793/466/794
f 787/460/788 792/464/793 793/466/794
f 752/422/753 793/466/794 749/420/750
f 794/467/795 789/459/790 793/466/794
f 789/459/790 794/467/795 790/462/791
f 793/466/794 752/422/753 794/467/795
g mixamorig:LeftHandIndex3
f 790/462/791 795/468/796 791/463/792
f 794/467/795 795/468/796 790/462/791
f 752/422/753 795/468/796 794/467/795
f 795/468/796 752/422/753 753/423/754
s 11
f 766/434/767 784/455/785 796/469/797
f 763/433/764 796/469/797 754/424/755
f 796/469/797 763/433/764 766/434/767
s 10
g mixamorig:LeftHandIndex2
f 751/421/752 797/471/798 750/419/751
s 11
f 776/446/777 798/472/799 767/437/768
g mixamorig:LeftHandIndex3
f 776/446/777 780/451/781 798/472/799
f 780/451/781 779/436/780 799/432/800
f 780/451/781 799/432/800 800/431/801
f 798/472/799 780/451/781 800/431/801
g mixamorig:LeftHandIndex2
f 798/472/799 801/473/802 767/437/768
g mixamorig:LeftHandIndex1
f 758/428/759 802/475/803 803/430/804
g mixamorig:LeftHandIndex2
f 773/445/774 804/666/805 772/443/773
f 755/426/756 805/477/806 773/445/774
g mixamorig:LeftHandIndex3
f 805/477/806 755/426/756 757/427/758
g mixamorig:LeftHandMiddle2
f 806/480/807 807/479/808 808/478/809
f 808/478/809 809/484/810 806/480/807
g mixamorig:LeftHandMiddle3
f 810/483/811 809/484/810 811/481/812
g mixamorig:LeftHandMiddle2
f 811/481/812 809/484/810 808/478/809
g mixamorig:LeftHandMiddle3
f 812/486/813 813/485/814 810/483/811
f 813/485/814 809/484/810 810/483/811
f 814/485/815 815/487/816 809/484/810
f 815/487/816 814/485/815 816/488/817
f 817/498/818 818/497/819 819/499/820
f 819/499/820 818/497/819 820/500/821
g mixamorig:LeftHandMiddle2
f 821/480/822 819/499/820 820/500/821
f 821/480/822 820/500/821 822/489/823
f 823/501/824 820/500/821 818/497/819
f 822/489/823 820/500/821 823/501/824
f 823/501/824 824/491/825 822/489/823
f 824/491/825 823/501/824 825/502/826
f 824/491/825 825/502/826 826/493/827
f 818/497/819 827/503/828 823/501/824
f 823/501/824 828/504/829 825/502/826
f 823/501/824 827/503/828 828/504/829
g mixamorig:LeftHandMiddle3
f 810/483/811 829/505/830 812/486/813
f 829/505/830 810/483/811 830/506/831
g mixamorig:LeftHandMiddle2
f 831/499/832 806/480/807 809/484/810
g mixamorig:LeftHandMiddle3
f 809/484/810 815/487/816 831/499/832
g mixamorig:LeftHandMiddle2
f 819/499/820 832/508/833 833/507/834
f 833/507/834 817/498/818 819/499/820
f 834/509/835 831/499/832 815/487/816
f 831/499/832 834/509/835 835/508/836
f 834/509/835 815/487/816 836/510/837
g mixamorig:LeftHandMiddle3
f 816/488/817 836/510/837 815/487/816
s 12
f 837/512/838 838/505/839 839/511/840
f 839/511/840 838/505/839 840/506/841
f 841/513/842 839/511/840 840/506/841
f 841/513/842 840/506/841 842/514/843
s 11
g mixamorig:LeftHandRing3
f 843/502/844 844/495/845 845/493/846
f 844/495/845 843/502/844 846/520/847
g mixamorig:LeftHandMiddle2
f 847/504/848 846/520/847 843/502/844
f 846/520/847 847/504/848 848/521/849
f 849/522/850 848/521/849 847/504/848
f 849/522/850 847/504/848 850/503/851
f 849/522/850 850/503/851 851/497/852
f 817/498/818 849/522/850 851/497/852
f 852/523/853 849/522/850 817/498/818
f 852/523/853 848/521/849 849/522/850
f 817/498/818 833/507/834 852/523/853
f 853/524/854 846/520/847 848/521/849
f 848/521/849 852/523/853 853/524/854
g mixamorig:LeftHandRing2
f 846/520/847 853/524/854 854/525/855
f 846/520/847 854/525/855 844/495/845
g mixamorig:LeftHandMiddle3
f 855/526/856 816/488/817 814/485/815
f 855/526/856 836/510/837 816/488/817
f 855/526/856 814/485/815 856/486/857
f 857/512/858 855/526/856 858/505/859
f 858/505/859 855/526/856 856/486/857
f 855/526/856 859/527/860 836/510/837
f 859/527/860 855/526/856 857/512/858
s 12
f 839/511/840 860/528/861 837/512/838
s 11
f 857/512/858 860/528/862 859/527/860
s 10
g mixamorig:LeftHandMiddle2
f 861/531/863 862/530/864 863/529/865
f 862/530/864 864/532/866 863/529/865
g mixamorig:LeftHandMiddle3
f 865/533/867 861/531/863 863/529/865
f 865/533/867 863/529/865 866/534/868
g mixamorig:LeftHandMiddle2
f 864/532/866 862/530/864 867/535/869
f 862/530/864 868/536/870 867/535/869
f 869/537/871 870/538/872 871/540/873
f 870/538/872 869/537/871 872/539/874
f 871/540/873 873/541/875 869/537/871
f 873/541/875 874/542/876 869/537/871
f 870/538/872 872/539/874 875/544/877
f 876/543/878 871/540/873 870/538/872
f 870/538/872 875/544/877 876/543/878
f 877/545/879 873/541/875 871/540/873
f 876/543/878 877/545/879 871/540/873
f 877/545/879 878/546/880 873/541/875
f 874/542/876 873/541/875 879/547/881
f 879/547/881 873/541/875 878/546/880
f 862/530/864 861/531/863 880/548/882
f 880/548/882 861/531/863 865/533/867
f 880/548/882 868/536/870 862/530/864
f 881/549/883 880/548/882 865/533/867
g mixamorig:LeftHandMiddle3
f 865/533/867 866/534/868 882/550/884
f 865/533/867 882/550/884 881/549/883
s 12
f 841/513/842 883/551/885 839/511/840
f 860/528/861 839/511/840 883/551/885
g mixamorig:LeftHandMiddle2
f 883/551/885 841/513/842 884/552/886
s 10
f 882/550/884 885/554/887 881/549/883
f 881/549/883 885/554/887 886/553/888
f 880/548/882 886/553/888 887/555/889
f 868/536/870 887/555/889 888/556/890
s 11
g mixamorig:LeftHandRing2
f 889/557/891 890/558/892 891/516/893
g mixamorig:LeftHandRing3
f 892/559/894 890/558/892 889/557/891
g mixamorig:LeftHandRing2
f 891/516/893 893/560/895 894/519/896
g mixamorig:LeftHandRing3
f 890/558/892 893/560/895 891/516/893
f 890/558/892 892/559/894 895/562/897
f 895/562/897 896/563/898 890/558/892
f 890/558/892 897/564/899 893/560/895
f 896/563/898 897/564/899 890/558/892
g mixamorig:LeftHandRing2
f 898/565/900 899/559/901 900/566/902
g mixamorig:LeftHandRing3
f 899/559/901 898/565/900 901/562/903
g mixamorig:LeftHandRing2
f 901/562/903 898/565/900 902/567/904
f 903/561/905 893/560/895 904/568/906
g mixamorig:LeftHandRing3
f 893/560/895 897/564/899 904/568/906
f 905/569/907 904/568/906 897/564/899
s 10
g mixamorig:LeftHandMiddle2
f 906/544/908 867/535/869 868/536/870
f 868/536/870 907/570/909 906/544/908
f 877/545/879 908/571/910 878/546/880
g mixamorig:LeftHand
f 909/572/911 910/574/912 911/573/913
s 11
g mixamorig:LeftHandRing2
f 844/495/845 854/525/855 912/576/914
f 844/495/845 912/576/914 913/577/915
f 898/565/900 914/667/916 915/591/917
s 10
f 916/580/918 917/582/919 918/581/920
f 917/582/919 919/584/921 920/583/922
f 917/582/919 920/583/922 918/581/920
f 917/582/919 916/580/918 921/585/923
f 916/580/918 922/586/924 921/585/923
f 922/586/924 916/580/918 923/578/925
s 11
f 924/588/926 904/568/906 925/587/927
f 905/569/907 925/587/927 904/568/906
g mixamorig:LeftHandRing3
f 926/589/928 905/569/907 897/564/899
f 926/589/928 897/564/899 896/563/898
f 902/567/904 926/589/928 927/562/929
f 927/562/929 926/589/928 896/563/898
g mixamorig:LeftHandRing2
f 928/590/930 902/567/904 915/591/917
f 902/567/904 928/590/930 926/589/928
f 928/590/930 905/569/907 926/589/928
f 905/569/907 928/590/930 925/587/927
s 10
g mixamorig:LeftHand
f 929/594/931 930/596/932 931/595/933
s 11
g mixamorig:LeftHandRing2
f 904/568/906 932/597/934 903/561/905
f 903/561/905 932/597/934 933/598/935
g mixamorig:LeftHandThumb2
f 934/599/936 935/600/937 936/655/938
f 936/655/938 935/600/937 937/668/939
f 938/654/940 939/669/941 940/670/942
g mixamorig:LeftHandThumb3
f 941/604/943 942/603/944 943/602/945
g mixamorig:LeftHandThumb2
f 944/659/946 943/602/945 942/603/944
g mixamorig:LeftHandThumb3
f 945/605/947 941/604/943 943/602/945
f 941/604/943 945/605/947 946/606/948
f 943/602/945 947/607/949 945/605/947
f 948/608/950 945/605/947 947/607/949
f 947/607/949 949/609/951 950/610/952
f 947/607/949 950/610/952 948/608/950
f 951/611/953 950/610/952 949/609/951
f 950/610/952 951/611/953 952/612/954
f 950/610/952 953/613/955 948/608/950
f 953/613/955 950/610/952 952/612/954
f 945/605/947 948/608/950 953/613/955
f 945/605/947 953/613/955 946/606/948
f 954/614/956 952/612/954 951/611/953
f 951/611/953 955/615/957 954/614/956
f 952/612/954 954/614/956 956/616/958
f 956/616/958 953/613/955 952/612/954
f 953/613/955 957/617/959 946/606/948
f 946/606/948 957/617/959 941/604/943
f 957/617/959 953/613/955 956/616/958
s 10
f 958/620/960 959/621/961 960/619/962
f 958/620/960 960/619/962 961/618/963
f 962/622/964 960/619/962 959/621/961
f 962/622/964 963/623/965 960/619/962
g mixamorig:LeftHandThumb2
f 964/624/966 960/619/962 963/623/965
g mixamorig:LeftHandThumb3
f 960/619/962 964/624/966 961/618/963
g mixamorig:LeftHandThumb2
f 962/622/964 965/626/967 963/623/965
f 963/623/965 965/626/967 966/625/968
f 963/623/965 967/627/969 964/624/966
g mixamorig:LeftHandThumb3
f 968/629/970 958/620/960 961/618/963
f 969/628/971 958/620/960 968/629/970
f 964/624/966 968/629/970 961/618/963
f 964/624/966 970/630/972 968/629/970
g mixamorig:LeftHandThumb2
f 970/630/972 967/627/969 971/634/973
g mixamorig:LeftHandThumb3
f 968/629/970 972/631/974 969/628/971
f 972/631/974 968/629/970 970/630/972
s 11
f 941/604/943 957/617/959 973/632/975
s 10
g mixamorig:LeftHandThumb2
f 970/630/972 971/634/973 974/633/976
s 11
g mixamorig:LeftHandThumb3
f 941/604/943 973/632/975 975/635/977
s 10
g mixamorig:LeftHand
f 976/636/978 909/572/911 977/637/979
f 978/638/980 979/639/981 910/574/912
f 980/640/982 929/594/931 981/641/983
f 980/640/982 982/642/984 929/594/931
f 983/671/985 982/642/984 980/640/982
s 11
f 984/643/986 985/645/987 986/644/988
f 984/643/986 986/644/988 987/672/989
s 10
f 976/636/978 988/647/990 989/646/991
f 976/636/978 989/646/991 990/648/992
f 976/636/978 990/648/992 978/638/980
f 978/638/980 991/649/993 980/640/982
g mixamorig:LeftForeArm
f 980/640/982 991/649/993 992/673/994
g mixamorig:LeftHandMiddle2
f 877/545/879 993/674/995 908/571/910
f 876/543/878 994/570/996 993/674/995
s 11
g mixamorig:LeftHandIndex3
f 798/472/799 800/431/801 995/444/997
g mixamorig:LeftHandIndex2
f 798/472/799 995/444/997 801/473/802
f 801/473/802 995/444/997 996/440/998
g mixamorig:LeftHandMiddle1
f 811/481/812 997/482/999 998/652/1000
g mixamorig:LeftHandMiddle2
f 811/481/812 999/651/1001 1000/514/1002
g mixamorig:LeftHandMiddle3
f 1000/514/1002 830/506/831 810/483/811
g mixamorig:LeftHandMiddle2
f 1000/514/1002 810/483/811 811/481/812
s 12
f 841/513/842 1001/515/1003 1002/653/1004
s 11
g mixamorig:LeftHandThumb3
f 1003/658/1005 949/609/951 947/607/949
g mixamorig:LeftHandThumb2
f 1003/658/1005 943/602/945 944/659/946
f 1004/657/1006 1003/658/1005 944/659/946
f 1003/658/1005 1004/657/1006 934/599/936
g mixamorig:LeftHandThumb3
f 943/602/945 1003/658/1005 947/607/949
g mixamorig:LeftHandThumb2
f 934/599/936 936/655/938 1003/658/1005
f 1005/656/1007 1003/658/1005 936/655/938
f 949/609/951 1003/658/1005 1005/656/1007
f 938/654/940 1005/656/1007 936/655/938
f 949/609/951 1005/656/1007 1006/660/1008
g mixamorig:LeftHandThumb3
f 1006/660/1008 951/611/953 949/609/951
g mixamorig:LeftHandThumb2
f 1005/656/1007 938/654/940 1006/660/1008
f 1006/660/1008 940/670/942 1007/661/1009
f 951/611/953 1006/660/1008 1007/661/1009
f 1008/657/1010 944/659/946 1009/662/1011
s 1
g mixamorig:Head
f 67/58/67 66/57/66 227/217/227
f 31/29/31 68/59/68 67/58/67
s 13
f 1010/200/1012 1011/675/1013 1012/201/1014
s 14
f 1013/377/1015 1014/204/1016 1015/676/1017
s 1
f 213/203/213 1016/677/1018 214/204/214
f 115/105/115 1017/678/1019 213/203/213
f 117/107/117 1018/679/1020 114/104/114
f 1019/680/1021 1020/681/1022 1018/679/1020
f 1021/682/1023 124/114/124 121/111/121
f 124/114/124 1021/682/1023 1019/680/1021
f 1019/680/1021 125/115/125 124/114/124
f 1019/680/1021 117/107/117 125/115/125
f 117/107/117 116/106/116 125/115/125
f 121/111/121 120/110/120 355/329/355
f 121/111/121 131/121/131 122/112/122
f 124/114/124 131/121/131 121/111/121
f 124/114/124 123/113/123 131/121/131
f 115/105/115 203/193/203 113/103/113
f 213/203/213 206/196/206 115/105/115
f 1022/377/1024 212/202/212 214/204/214
s 2
f 1023/218/1025 1024/683/1026 1025/684/1027
f 1023/218/1025 1026/214/1028 1027/685/1029
s 1
f 225/215/225 224/214/224 228/218/228
f 228/218/228 1028/684/1030 226/216/226
f 225/215/225 230/220/230 211/201/211
f 306/285/306 307/286/307 305/284/305
f 274/262/274 305/284/305 273/261/273
s 15
f 1029/377/1031 1030/376/1032 1031/676/1033
s 1
f 426/203/426 1032/677/1034 1033/678/1035
f 351/105/351 1033/678/1035 352/104/352
f 353/107/353 1034/679/1036 1035/680/1037
f 1035/680/1037 1036/681/1038 1037/682/1039
f 354/111/354 1038/686/1040 355/329/355
f 1037/682/1039 361/114/361 1035/680/1037
f 361/114/361 1037/682/1039 354/111/354
f 357/115/357 1035/680/1037 361/114/361
f 1035/680/1037 357/115/357 353/107/353
f 353/107/353 356/106/356 350/103/350
f 354/111/354 120/110/120 366/112/366
f 354/111/354 366/112/366 362/121/362
f 361/114/361 354/111/354 362/121/362
f 361/114/361 360/113/360 357/115/357
f 351/105/351 423/193/423 425/196/425
s 5
f 1039/388/1041 1040/389/1042 1041/687/1043
f 1039/388/1041 1042/688/1044 1043/386/1045
s 1
f 439/385/439 442/388/442 440/386/440
f 442/388/442 441/387/441 443/389/443
f 439/385/439 430/376/430 445/391/445
s 16
g mixamorig:RightArm
f 1044/689/1046 1045/690/1047 1046/691/1048
f 1044/689/1046 1047/692/1049 1048/693/1050
f 1047/692/1049 1044/689/1046 1049/694/1051
f 1047/692/1049 1050/695/1052 1051/696/1053
s 17
g mixamorig:LeftArm
f 1052/689/1054 1053/690/1055 1054/693/1056
f 1055/692/1057 1052/689/1054 1054/693/1056
f 1052/689/1054 1055/692/1057 1056/694/1058
f 1055/692/1057 1057/695/1059 1056/694/1058
g mixamorig:LeftForeArm
f 1055/692/1057 1058/696/1060 1057/695/1059
s 8
g mixamorig:RightHand
f 1059/697/1061 1060/698/1062 1061/699/1063
f 1062/700/1064 1060/698/1062 1059/697/1061
f 1059/697/1061 1061/699/1063 1063/701/1065
f 1059/697/1061 1064/702/1066 1062/700/1064
f 1062/700/1064 1065/703/1067 1066/704/1068
f 1062/700/1064 1066/704/1068 1067/705/1069
g mixamorig:RightHandIndex1
f 493/439/493 1068/706/1070 1064/702/1066
g mixamorig:RightHandIndex2
f 497/443/497 499/445/499 498/444/498
f 501/447/501 1069/707/1071 492/438/492
f 509/453/509 501/447/501 503/449/503
f 501/447/501 500/446/500 503/449/503
s 7
f 514/458/514 513/457/513 1070/708/1072
f 513/457/513 512/456/512 516/460/516
s 9
g mixamorig:RightHand
f 1071/709/1073 1072/430/1074 1073/429/1075
s 8
f 1074/710/1076 483/429/483 1075/711/1077
g mixamorig:RightHandMiddle1
f 1074/710/1076 1076/712/1078 1077/713/1079
s 7
g mixamorig:RightHandIndex2
f 521/465/521 513/457/513 520/464/520
f 527/471/527 475/421/475 473/419/473
f 521/465/521 526/470/526 1078/714/1080
f 526/470/526 1079/715/1081 1080/716/1082
s 8
f 493/439/493 531/473/531 491/437/491
f 497/443/497 1081/666/1083 499/445/499
f 1081/666/1083 536/477/536 499/445/499
g mixamorig:RightHand
f 1082/717/1084 1083/718/1085 1084/719/1086
g mixamorig:RightHandMiddle1
f 538/479/538 537/478/537 541/482/541
g mixamorig:RightHand
f 1085/720/1087 1084/719/1086 1086/721/1088
f 1087/722/1089 1086/721/1088 1088/723/1090
g mixamorig:RightHandRing1
f 1089/724/1091 1090/725/1092 1091/726/1093
f 1087/722/1089 1092/727/1094 1093/728/1095
g mixamorig:RightHandRing2
f 1091/726/1093 1094/729/1096 1095/730/1097
g mixamorig:RightHandMiddle1
f 1082/717/1084 550/479/550 1096/731/1098
g mixamorig:RightHandMiddle2
f 550/479/550 549/489/549 563/480/563
g mixamorig:RightHandMiddle1
f 550/479/550 1082/717/1084 551/490/551
f 1077/713/1079 1097/718/1099 1098/731/1100
f 541/482/541 1098/731/1100 538/479/538
f 1098/731/1100 541/482/541 1077/713/1079
g mixamorig:RightHandRing1
f 553/492/553 1082/717/1084 1085/720/1087
f 1082/717/1084 553/492/553 551/490/551
f 551/490/551 552/491/552 549/489/549
f 553/492/553 554/493/554 552/491/552
f 1085/720/1087 555/494/555 553/492/553
f 555/494/555 1085/720/1087 1087/722/1089
f 1099/728/1101 1100/727/1102 1089/724/1091
g mixamorig:RightHandRing2
f 557/494/557 556/495/556 588/493/588
g mixamorig:RightHandRing1
f 1087/722/1089 1093/728/1095 558/496/558
f 558/496/558 557/494/557 1087/722/1089
s 9
g mixamorig:RightHandMiddle1
f 1101/651/1103 1102/732/1104 1071/709/1073
g mixamorig:RightHandMiddle2
f 1101/651/1103 581/514/581 582/515/582
g mixamorig:RightHandMiddle1
f 1102/732/1104 1101/651/1103 582/515/582
s 8
g mixamorig:RightHandRing1
f 1099/728/1101 1089/724/1091 584/517/584
f 584/517/584 632/557/633 1103/496/1105
f 1103/496/1105 1099/728/1101 584/517/584
g mixamorig:RightHandRing2
f 641/566/642 1103/496/1105 632/557/633
f 584/517/584 583/516/583 632/557/633
g mixamorig:RightHandRing1
f 585/518/585 584/517/584 1089/724/1091
f 1089/724/1091 1091/726/1093 585/518/585
g mixamorig:RightHandRing2
f 1091/726/1093 1104/733/1106 585/518/585
f 1104/733/1106 1091/726/1093 1095/730/1097
f 1104/733/1106 586/519/586 585/518/585
f 1105/734/1107 586/519/586 1104/733/1106
f 1095/730/1097 1105/734/1107 1104/733/1106
g mixamorig:RightHandRing3
f 586/519/586 1105/734/1107 636/561/637
g mixamorig:RightHandRing2
f 1095/730/1097 1106/735/1108 1107/736/1109
f 1105/734/1107 1095/730/1097 1107/736/1109
g mixamorig:RightHand
f 724/645/725 1108/737/1110 1109/738/1111
s 9
g mixamorig:RightHandMiddle1
f 1102/732/1104 1110/739/1112 1111/740/1113
s 7
g mixamorig:RightHandMiddle2
f 628/553/629 624/549/625 623/548/624
f 628/553/629 623/548/624 630/555/631
s 8
g mixamorig:RightHandRing2
f 641/566/642 632/557/633 642/559/643
s 7
g mixamorig:RightHandMiddle2
f 648/570/649 611/536/612 647/544/648
g mixamorig:RightHandMiddle1
f 716/637/717 1112/741/1114 650/572/651
g mixamorig:RightHand
f 652/574/653 1113/742/1115 718/639/719
f 718/639/719 1114/743/1116 720/641/721
g mixamorig:RightHandRing2
f 672/593/673 1115/744/1117 656/578/657
s 8
f 670/591/671 640/565/641 643/567/644
s 7
f 659/581/660 658/580/659 657/579/658
f 671/592/672 656/578/657 664/586/665
f 1116/745/1118 672/593/673 671/592/672
f 672/593/673 1116/745/1118 1117/746/1119
f 1116/745/1118 1118/747/1120 1117/746/1119
f 721/642/722 673/594/674 675/596/676
s 8
g mixamorig:RightHandRing3
f 676/597/677 645/568/646 636/561/637
g mixamorig:RightHandRing2
f 1105/734/1107 677/598/678 636/561/637
f 1105/734/1107 1119/748/1121 677/598/678
f 1107/736/1109 1120/749/1122 1119/748/1121
f 1121/672/1123 1120/749/1122 1106/735/1108
g mixamorig:RightHandThumb2
f 682/603/683 681/602/682 741/659/742
s 7
g mixamorig:RightHandThumb3
f 705/626/706 701/622/702 702/623/703
s 8
g mixamorig:RightHandThumb2
f 745/662/746 682/603/683 741/659/742
f 745/662/746 1122/750/1124 682/603/683
s 7
f 704/625/705 706/627/707 1123/751/1125
g mixamorig:RightHand
f 716/637/717 726/647/727 1124/752/1126
f 716/637/717 715/636/716 726/647/727
f 652/574/653 715/636/716 650/572/651
f 652/574/653 717/638/718 715/636/716
f 721/642/722 1125/671/1127 719/640/720
s 8
f 724/645/725 1126/753/1128 722/643/723
s 7
g mixamorig:RightHandMiddle2
f 1127/570/1129 619/544/620 618/543/619
g mixamorig:RightHandRing1
f 1127/570/1129 618/543/619 1128/674/1130
g mixamorig:RightHandMiddle1
f 1127/570/1129 1129/754/1131 1130/755/1132
s 8
g mixamorig:RightHandMiddle2
f 733/651/734 540/481/540 732/514/733
g mixamorig:RightHandMiddle1
f 734/652/735 1131/709/1133 1074/710/1076
f 1074/710/1076 1077/713/1079 734/652/735
f 1077/713/1079 541/482/541 734/652/735
f 1131/709/1133 734/652/735 733/651/734
s 9
g mixamorig:RightHandMiddle2
f 582/515/582 735/653/736 1110/739/1112
s 7
f 628/553/629 1132/756/1134 629/554/630
s 8
g mixamorig:RightHandThumb2
f 1133/670/1135 736/654/737 742/660/743
g mixamorig:RightHandThumb3
f 743/661/744 690/611/691 694/615/695
g mixamorig:RightHandThumb2
f 1133/670/1135 742/660/743 743/661/744
s 7
f 704/625/705 1134/757/1136 705/626/706
f 1134/757/1136 704/625/705 1135/758/1137
s 11
g mixamorig:LeftHand
f 1136/700/1138 1137/698/1139 1138/705/1140
g mixamorig:LeftHandIndex1
f 1139/697/1141 1140/702/1142 1141/701/1143
f 1136/700/1138 1140/702/1142 1139/697/1141
f 1136/700/1138 1142/704/1144 1143/703/1145
f 768/439/769 1140/702/1142 1144/706/1146
g mixamorig:LeftHandIndex2
f 772/443/773 771/444/772 773/445/774
f 1145/447/1147 769/438/770 1146/707/1148
f 782/453/783 774/449/775 1145/447/1147
f 1145/447/1147 776/446/777 767/437/768
f 1145/447/1147 774/449/775 776/446/777
s 10
f 1147/458/1149 1148/708/1150 786/457/787
f 786/457/787 785/456/786 1147/458/1149
s 12
g mixamorig:LeftHandIndex1
f 1149/709/1151 1150/429/1152 1151/430/1153
s 11
g mixamorig:LeftHandMiddle1
f 1152/710/1154 759/429/760 1153/709/1155
f 1152/710/1154 1154/713/1156 1155/712/1157
s 10
g mixamorig:LeftHandIndex2
f 786/457/787 1148/708/1150 1156/465/1158
f 786/457/787 1156/465/1158 792/464/793
f 1156/465/1158 751/421/752 792/464/793
f 797/471/798 751/421/752 1157/470/1159
f 1156/465/1158 1158/714/1160 1157/470/1159
f 1156/465/1158 1157/470/1159 751/421/752
f 1157/470/1159 1159/715/1161 797/471/798
s 11
f 768/439/769 767/437/768 801/473/802
f 768/439/769 801/473/802 1160/474/1162
f 768/439/769 1160/474/1162 1140/702/1142
f 772/443/773 1161/759/1163 1162/442/1164
f 804/666/805 773/445/774 805/477/806
g mixamorig:LeftHand
f 1163/717/1165 1164/719/1166 1165/718/1167
g mixamorig:LeftHandMiddle1
f 997/482/999 808/478/809 807/479/808
g mixamorig:LeftHand
f 1166/722/1168 1167/727/1169 1168/723/1170
g mixamorig:LeftHandMiddle2
f 997/482/999 811/481/812 808/478/809
g mixamorig:LeftHandMiddle1
f 1169/479/1171 1163/717/1165 1170/731/1172
g mixamorig:LeftHandMiddle2
f 1169/479/1171 821/480/822 822/489/823
g mixamorig:LeftHandMiddle1
f 1163/717/1165 1169/479/1171 1171/490/1173
f 1169/479/1171 822/489/823 1171/490/1173
f 997/482/999 807/479/808 1172/731/1174
f 1172/731/1174 1154/713/1156 997/482/999
f 1172/731/1174 1173/718/1175 1154/713/1156
f 1171/490/1173 1174/492/1176 1163/717/1165
f 1163/717/1165 1174/492/1176 1175/720/1177
f 1171/490/1173 824/491/825 1174/492/1176
g mixamorig:LeftHandMiddle2
f 1171/490/1173 822/489/823 824/491/825
g mixamorig:LeftHandRing3
f 1174/492/1176 824/491/825 826/493/827
g mixamorig:LeftHand
f 1174/492/1176 826/493/827 1176/494/1178
f 1174/492/1176 1176/494/1178 1175/720/1177
f 1175/720/1177 1176/494/1178 1166/722/1168
g mixamorig:LeftHandRing3
f 1177/494/1179 845/493/846 844/495/845
g mixamorig:LeftHand
f 1166/722/1168 1178/496/1180 1179/728/1181
f 1177/494/1179 844/495/845 1178/496/1180
f 1177/494/1179 1178/496/1180 1166/722/1168
s 12
g mixamorig:LeftHandMiddle2
f 1001/515/1003 841/513/842 842/514/843
f 1001/515/1003 842/514/843 1180/651/1182
f 1001/515/1003 1180/651/1182 1181/732/1183
g mixamorig:LeftHandMiddle1
f 1180/651/1182 1149/709/1151 1181/732/1183
s 11
g mixamorig:LeftHandRing1
f 1182/496/1184 900/566/902 889/557/891
g mixamorig:LeftHand
f 1182/496/1184 1183/517/1185 1184/728/1186
g mixamorig:LeftHandRing1
f 1182/496/1184 889/557/891 1183/517/1185
g mixamorig:LeftHand
f 1184/728/1186 1183/517/1185 1185/724/1187
g mixamorig:LeftHandRing1
f 1183/517/1185 889/557/891 891/516/893
g mixamorig:LeftHand
f 1183/517/1185 1186/518/1188 1185/724/1187
f 1185/724/1187 1186/518/1188 1187/726/1189
g mixamorig:LeftHandRing1
f 1183/517/1185 891/516/893 1186/518/1188
g mixamorig:LeftHandRing2
f 1186/518/1188 891/516/893 894/519/896
g mixamorig:LeftHandRing1
f 1186/518/1188 1188/733/1190 1187/726/1189
f 1187/726/1189 1188/733/1190 1189/730/1191
f 1186/518/1188 894/519/896 1188/733/1190
f 1190/734/1192 1189/730/1191 1188/733/1190
g mixamorig:LeftHandRing2
f 894/519/896 1190/734/1192 1188/733/1190
f 1190/734/1192 894/519/896 903/561/905
g mixamorig:LeftHand
f 1189/730/1191 1191/735/1193 1192/760/1194
g mixamorig:LeftHandRing1
f 1189/730/1191 1190/734/1192 1193/736/1195
g mixamorig:LeftHand
f 985/645/987 1194/737/1196 986/644/988
s 12
g mixamorig:LeftHandMiddle2
f 1181/732/1183 1195/740/1197 1196/739/1198
s 10
f 886/553/888 880/548/882 881/549/883
f 887/555/889 868/536/870 880/548/882
f 888/556/890 1197/761/1199 1198/762/1200
s 11
g mixamorig:LeftHandRing2
f 894/519/896 893/560/895 903/561/905
f 900/566/902 899/559/901 889/557/891
s 10
g mixamorig:LeftHandMiddle2
f 907/570/909 868/536/870 888/556/890
f 888/556/890 1198/762/1200 907/570/909
g mixamorig:LeftHand
f 910/574/912 1199/742/1201 911/573/913
f 977/637/979 909/572/911 1200/741/1202
g mixamorig:LeftHandMiddle1
f 977/637/979 1200/741/1202 1201/763/1203
g mixamorig:LeftHand
f 910/574/912 979/639/981 1199/742/1201
f 979/639/981 981/641/983 1202/743/1204
s 11
g mixamorig:LeftHandRing1
f 1178/496/1180 844/495/845 913/577/915
g mixamorig:LeftHandRing2
f 915/591/917 902/567/904 898/565/900
s 10
f 1203/592/1205 923/578/925 1204/593/1206
f 1203/592/1205 922/586/924 923/578/925
f 1204/593/1206 1205/745/1207 1203/592/1205
g mixamorig:LeftHandRing1
f 1205/745/1207 1206/746/1208 1207/747/1209
g mixamorig:LeftHandRing2
f 1205/745/1207 1204/593/1206 1206/746/1208
g mixamorig:LeftHand
f 982/642/984 930/596/932 929/594/931
s 11
g mixamorig:LeftHandRing2
f 932/597/934 904/568/906 924/588/926
f 1190/734/1192 903/561/905 933/598/935
g mixamorig:LeftHandRing1
f 1190/734/1192 933/598/935 1208/748/1210
f 1193/736/1195 1208/748/1210 1209/749/1211
g mixamorig:LeftHand
f 987/672/989 1191/735/1193 1209/749/1211
g mixamorig:LeftHandThumb2
f 942/603/944 941/604/943 975/635/977
f 1009/662/1011 944/659/946 942/603/944
s 10
f 966/625/968 1210/751/1212 967/627/969
g mixamorig:LeftHand
f 977/637/979 1211/752/1213 988/647/990
f 910/574/912 909/572/911 976/636/978
f 977/637/979 988/647/990 976/636/978
f 910/574/912 976/636/978 978/638/980
s 11
g mixamorig:LeftForeArm
f 985/645/987 1212/753/1214 1213/764/1215
s 10
g mixamorig:LeftHandMiddle2
f 994/570/996 876/543/878 875/544/877
f 994/570/996 1214/754/1216 993/674/995
s 11
g mixamorig:LeftHandMiddle1
f 998/652/1000 1154/713/1156 1152/710/1154
f 1153/709/1155 998/652/1000 1152/710/1154
f 998/652/1000 1153/709/1155 999/651/1001
f 1154/713/1156 998/652/1000 997/482/999
g mixamorig:LeftHandMiddle2
f 999/651/1001 811/481/812 998/652/1000
s 12
f 1001/515/1003 1196/739/1198 1002/653/1004
s 10
f 885/554/887 1215/756/1217 886/553/888
f 887/555/889 1215/756/1217 1197/761/1199
s 11
g mixamorig:LeftHandThumb2
f 940/670/942 1006/660/1008 938/654/940
f 1007/661/1009 955/615/957 951/611/953
s 10
f 966/625/968 1216/757/1218 1217/758/1219
f 1216/757/1218 966/625/968 965/626/967
s 2
g mixamorig:Head
f 1218/765/1220 1219/24/1221 33/23/33
f 29/27/29 28/26/28 1220/29/1222
f 29/27/29 1220/29/1222 1221/766/1223
f 32/30/32 1218/765/1220 33/23/33
f 32/30/32 34/22/34 27/25/27
f 32/30/32 29/27/29 1222/767/1224
f 32/30/32 1222/767/1224 1223/768/1225
f 1025/684/1027 1024/683/1026 1224/769/1226
f 1225/217/1227 1025/684/1027 1224/769/1226
f 1225/217/1227 1224/769/1226 1221/766/1223
s 13
f 1226/214/1228 1011/675/1013 1227/685/1229
f 1011/675/1013 1226/214/1228 1012/201/1014
s 14
f 1014/204/1016 1228/770/1230 1229/771/1231
f 1014/204/1016 1229/771/1231 1015/676/1017
s 1
f 1230/772/1232 1231/773/1233 1232/774/1234
f 1230/772/1232 1232/774/1234 1233/775/1235
f 1020/681/1022 1233/775/1235 1232/774/1234
f 1020/681/1022 1234/776/1236 1018/679/1020
f 1017/678/1019 1018/679/1020 1234/776/1236
f 1018/679/1020 1017/678/1019 114/104/114
f 1017/678/1019 115/105/115 114/104/114
f 114/104/114 113/103/113 117/107/117
f 1018/679/1020 117/107/117 1019/680/1021
f 1020/681/1022 1019/680/1021 1021/682/1023
f 1038/686/1040 1020/681/1022 1021/682/1023
f 1020/681/1022 1038/686/1040 1233/775/1235
f 1038/686/1040 1021/682/1023 121/111/121
f 1038/686/1040 121/111/121 355/329/355
f 227/217/227 226/216/226 1028/684/1030
s 5
f 1235/777/1237 276/256/276 1219/24/1221
f 271/260/271 1236/262/1238 272/259/272
f 271/260/271 1237/778/1239 1236/262/1238
f 275/263/275 276/256/276 1235/777/1237
f 275/263/275 270/258/270 277/257/277
f 275/263/275 1238/779/1240 1239/780/1241
f 275/263/275 1239/780/1241 271/260/271
f 1040/389/1042 1240/781/1242 1041/687/1043
f 1241/287/1243 1240/781/1242 1040/389/1042
f 1241/287/1243 1237/778/1239 1240/781/1242
s 15
f 1031/676/1033 1242/386/1244 1243/688/1245
f 1242/386/1244 1031/676/1033 1030/376/1032
s 14
f 1244/204/1246 1245/770/1247 1246/677/1248
f 1244/204/1246 1247/676/1249 1248/771/1250
f 1247/676/1249 1244/204/1246 1249/377/1251
s 1
f 1230/772/1232 1250/773/1252 1251/782/1253
f 1252/774/1254 1230/772/1232 1233/775/1235
f 1036/681/1038 1253/776/1255 1252/774/1254
f 1038/686/1040 1036/681/1038 1233/775/1235
f 1252/774/1254 1233/775/1235 1036/681/1038
f 1033/678/1035 1253/776/1255 1034/679/1036
f 1033/678/1035 1034/679/1036 352/104/352
f 1033/678/1035 351/105/351 426/203/426
f 1034/679/1036 353/107/353 352/104/352
f 1036/681/1038 1035/680/1037 1034/679/1036
f 1036/681/1038 1038/686/1040 1037/682/1039
f 1038/686/1040 354/111/354 1037/682/1039
f 429/204/429 428/202/428 431/377/431
f 308/287/308 441/387/441 307/286/307
s 16
g mixamorig:RightArm
f 1254/783/1256 1255/784/1257 1256/785/1258
f 1254/783/1256 1257/786/1259 1258/787/1260
f 1258/787/1260 1259/788/1261 1260/789/1262
f 1261/790/1263 1262/791/1264 1263/792/1265
f 1046/691/1048 1261/790/1263 1263/792/1265
f 1261/790/1263 1046/691/1048 1045/690/1047
f 1045/690/1047 1044/689/1046 1048/693/1050
f 1046/691/1048 1264/793/1266 1044/689/1046
f 1049/694/1051 1044/689/1046 1264/793/1266
f 1049/694/1051 1265/793/1267 1266/794/1268
f 1267/795/1269 1049/694/1051 1266/794/1268
f 1049/694/1051 1267/795/1269 1050/695/1052
f 1049/694/1051 1050/695/1052 1047/692/1049
f 1268/796/1270 1267/795/1269 1269/797/1271
f 1268/796/1270 1050/695/1052 1267/795/1269
f 1270/798/1272 1271/799/1273 1255/784/1257
f 1271/799/1273 1270/798/1272 1272/800/1274
f 1273/801/1275 1272/800/1274 1274/802/1276
f 1271/799/1273 1273/801/1275 1275/803/1277
f 1271/799/1273 1276/804/1278 1255/784/1257
g mixamorig:RightForeArm
f 1277/805/1279 1254/783/1256 1258/787/1260
f 1277/805/1279 1260/789/1262 1278/806/1280
f 1279/807/1281 1280/808/1282 1281/809/1283
f 1280/808/1282 1279/807/1281 1282/810/1284
f 1278/806/1280 1283/811/1285 1284/812/1286
f 1285/813/1287 1281/809/1283 1280/808/1282
f 1281/809/1283 1285/813/1287 1286/814/1288
f 1282/810/1284 1287/815/1289 1280/808/1282
f 1280/808/1282 1288/816/1290 1285/813/1287
f 1285/813/1287 1289/817/1291 1286/814/1288
f 1289/817/1291 1285/813/1287 1290/818/1292
g mixamorig:RightArm
f 1261/790/1263 1291/819/1293 1292/820/1294
f 1291/819/1293 1283/811/1285 1292/820/1294
g mixamorig:RightForeArm
f 1291/819/1293 1261/790/1263 1293/821/1295
g mixamorig:RightArm
f 1045/690/1047 1293/821/1295 1261/790/1263
g mixamorig:RightForeArm
f 1293/821/1295 1294/822/1296 1291/819/1293
f 1289/817/1291 1295/823/1297 1296/824/1298
f 1297/825/1299 1296/824/1298 1295/823/1297
f 1296/824/1298 1297/825/1299 1298/826/1300
f 1299/827/1301 1300/828/1302 1293/821/1295
f 1293/821/1295 1045/690/1047 1299/827/1301
f 1301/829/1303 1298/826/1300 1297/825/1299
f 1298/826/1300 1301/829/1303 1302/830/1304
f 1045/690/1047 1303/831/1305 1299/827/1301
g mixamorig:RightArm
f 1048/693/1050 1303/831/1305 1045/690/1047
g mixamorig:RightForeArm
f 1299/827/1301 1304/832/1306 1305/833/1307
f 1299/827/1301 1303/831/1305 1304/832/1306
f 1048/693/1050 1306/834/1308 1303/831/1305
g mixamorig:RightArm
f 1048/693/1050 1047/692/1049 1306/834/1308
g mixamorig:RightForeArm
f 1301/829/1303 1307/835/1309 1302/830/1304
f 1303/831/1305 1306/834/1308 1308/836/1310
f 1303/831/1305 1308/836/1310 1304/832/1306
f 1051/696/1053 1306/834/1308 1047/692/1049
f 1309/837/1311 1310/838/1312 1311/839/1313
f 1306/834/1308 1312/840/1314 1308/836/1310
f 1313/841/1315 1312/840/1314 1051/696/1053
f 1313/841/1315 1314/842/1316 1312/840/1314
f 1315/843/1317 1312/840/1314 1314/842/1316
f 1316/844/1318 1272/800/1274 1270/798/1272
f 1316/844/1318 1317/845/1319 1318/846/1320
f 1319/847/1321 1320/848/1322 1316/844/1318
f 1319/847/1321 1316/844/1318 1270/798/1272
f 1254/783/1256 1319/847/1321 1270/798/1272
g mixamorig:RightHandThumb1
f 1282/810/1284 1321/849/1323 1322/850/1324
g mixamorig:RightForeArm
f 1323/851/1325 1324/852/1326 1319/847/1321
f 1319/847/1321 1254/783/1256 1323/851/1325
f 1254/783/1256 1277/805/1279 1323/851/1325
f 1282/810/1284 1322/850/1324 1325/853/1327
f 1322/850/1324 1324/852/1326 1325/853/1327
f 1323/851/1325 1277/805/1279 1326/854/1328
f 1277/805/1279 1287/815/1289 1326/854/1328
s 6
g mixamorig:Spine1
f 1327/855/1329 1328/856/1330 1329/857/1331
g mixamorig:Spine2
f 1330/858/1332 1331/859/1333 1327/855/1329
f 1331/859/1333 1330/858/1332 1332/860/1334
f 1327/855/1329 1333/861/1335 1334/862/1336
f 466/412/466 1332/860/1334 1330/858/1332
f 1330/858/1332 1329/857/1331 467/413/467
f 466/412/466 1330/858/1332 467/413/467
g mixamorig:Spine1
f 467/413/467 1329/857/1331 1335/863/1337
f 467/413/467 1336/864/1338 468/414/468
s 18
g mixamorig:Head
f 1337/865/1339 1338/866/1340 1339/867/1341
g mixamorig:Spine2
f 1337/865/1339 1340/868/1342 1341/869/1343
f 1342/870/1344 1343/871/1345 1344/872/1346
f 1342/870/1344 1345/873/1347 1346/874/1348
f 1345/873/1347 1342/870/1344 1347/875/1349
f 1342/870/1344 1344/872/1346 1347/875/1349
f 1347/875/1349 1348/876/1350 1345/873/1347
f 1349/877/1351 1341/869/1343 1348/876/1350
f 1348/876/1350 1347/875/1349 1349/877/1351
f 1349/877/1351 1350/878/1352 1351/879/1353
g mixamorig:Neck
f 1337/865/1339 1352/880/1354 1338/866/1340
g mixamorig:Spine2
f 1349/877/1351 1352/880/1354 1337/865/1339
s 17
g mixamorig:LeftForeArm
f 1353/783/1355 1354/784/1356 1355/798/1357
f 1353/783/1355 1356/786/1358 1357/785/1359
f 1353/783/1355 1358/787/1360 1356/786/1358
f 1358/787/1360 1359/788/1361 1356/786/1358
g mixamorig:LeftArm
f 1360/790/1362 1361/691/1363 1362/792/1364
f 1361/691/1363 1360/790/1362 1053/690/1055
f 1053/690/1055 1052/689/1054 1361/691/1363
f 1361/691/1363 1052/689/1054 1363/793/1365
f 1056/694/1058 1363/793/1365 1052/689/1054
f 1056/694/1058 1364/794/1366 1365/793/1367
f 1366/795/1368 1364/794/1366 1056/694/1058
f 1366/795/1368 1056/694/1058 1057/695/1059
f 1367/796/1369 1368/797/1370 1366/795/1368
f 1367/796/1369 1366/795/1368 1057/695/1059
g mixamorig:LeftForeArm
f 1369/799/1371 1355/798/1357 1354/784/1356
f 1355/798/1357 1369/799/1371 1370/800/1372
g mixamorig:LeftArm
f 1371/801/1373 1370/800/1372 1369/799/1371
f 1371/801/1373 1369/799/1371 1372/803/1374
f 1369/799/1371 1354/784/1356 1373/804/1375
g mixamorig:LeftForeArm
f 1374/805/1376 1358/787/1360 1353/783/1355
f 1374/805/1376 1375/789/1377 1358/787/1360
f 1376/806/1378 1377/811/1379 1375/789/1377
f 1378/807/1380 1379/808/1381 1380/810/1382
f 1379/808/1381 1378/807/1380 1381/809/1383
f 1382/813/1384 1379/808/1381 1381/809/1383
f 1381/809/1383 1383/814/1385 1382/813/1384
f 1379/808/1381 1382/813/1384 1384/816/1386
f 1385/817/1387 1382/813/1384 1383/814/1385
f 1382/813/1384 1385/817/1387 1386/818/1388
f 1387/819/1389 1360/790/1362 1388/820/1390
f 1389/821/1391 1053/690/1055 1360/790/1362
f 1360/790/1362 1387/819/1389 1389/821/1391
f 1389/821/1391 1387/819/1389 1390/822/1392
f 1391/825/1393 1392/823/1394 1393/824/1395
f 1391/825/1393 1393/824/1395 1394/826/1396
f 1053/690/1055 1389/821/1391 1395/827/1397
f 1395/827/1397 1396/828/1398 1397/833/1399
f 1398/829/1400 1391/825/1393 1394/826/1396
f 1398/829/1400 1394/826/1396 1399/830/1401
f 1054/693/1056 1053/690/1055 1400/831/1402
f 1053/690/1055 1395/827/1397 1400/831/1402
f 1395/827/1397 1401/832/1403 1400/831/1402
f 1402/834/1404 1054/693/1056 1400/831/1402
f 1054/693/1056 1402/834/1404 1055/692/1057
f 1398/829/1400 1399/830/1401 1403/835/1405
f 1400/831/1402 1404/836/1406 1402/834/1404
f 1058/696/1060 1055/692/1057 1402/834/1404
f 1057/695/1059 1058/696/1060 1405/881/1407
f 1402/834/1404 1404/836/1406 1406/840/1408
f 1058/696/1060 1402/834/1404 1406/840/1408
f 1058/696/1060 1406/840/1408 1407/841/1409
f 1407/841/1409 1406/840/1408 1408/842/1410
f 1409/846/1411 1370/800/1372 1410/802/1412
f 1411/844/1413 1355/798/1357 1370/800/1372
f 1411/844/1413 1409/846/1411 1412/845/1414
f 1413/847/1415 1411/844/1413 1414/848/1416
f 1413/847/1415 1353/783/1355 1355/798/1357
f 1355/798/1357 1411/844/1413 1413/847/1415
g mixamorig:LeftHandThumb1
f 1415/850/1417 1416/852/1418 1417/882/1419
f 1415/850/1417 1418/883/1420 1419/849/1421
f 1380/810/1382 1419/849/1421 1378/807/1380
g mixamorig:LeftForeArm
f 1413/847/1415 1420/851/1422 1353/783/1355
f 1420/851/1422 1374/805/1376 1353/783/1355
f 1380/810/1382 1421/853/1423 1415/850/1417
f 1380/810/1382 1422/815/1424 1423/854/1425
f 1374/805/1376 1423/854/1425 1422/815/1424
f 1420/851/1422 1423/854/1425 1374/805/1376
s 6
g mixamorig:Spine2
f 1424/884/1426 1425/885/1427 1426/886/1428
f 1427/887/1429 1428/888/1430 1424/884/1426
f 1428/888/1430 1427/887/1429 1429/889/1431
f 1424/884/1426 1430/890/1432 1427/887/1429
f 470/416/470 1429/889/1431 1431/891/1433
g mixamorig:Spine1
f 471/417/471 465/411/465 468/414/468
f 471/417/471 468/414/468 1336/864/1338
g mixamorig:Spine2
f 471/417/471 1428/888/1430 470/416/470
f 1428/888/1430 471/417/471 1425/885/1427
g mixamorig:Spine1
f 471/417/471 1336/864/1338 1432/892/1434
s 18
g mixamorig:Neck
f 1433/893/1435 1340/868/1342 1434/894/1436
g mixamorig:Spine2
f 1433/893/1435 1341/869/1343 1340/868/1342
f 1435/895/1437 1436/896/1438 1437/874/1439
f 1435/895/1437 1437/874/1439 1438/873/1440
f 1435/895/1437 1438/873/1440 1439/897/1441
f 1439/897/1441 1438/873/1440 1348/876/1350
f 1439/897/1441 1440/898/1442 1435/895/1437
f 1439/897/1441 1348/876/1350 1441/899/1443
f 1441/899/1443 1341/869/1343 1433/893/1435
g mixamorig:Neck
f 1433/893/1435 1442/900/1444 1443/901/1445
g mixamorig:Spine2
f 1441/899/1443 1433/893/1435 1443/901/1445
s 8
g mixamorig:RightHand
f 1444/665/1446 1063/701/1065 1445/902/1447
f 1445/902/1447 483/429/483 1444/665/1446
f 1445/902/1447 1075/711/1077 483/429/483
f 1075/711/1077 1445/902/1447 1446/903/1448
f 1446/903/1448 1447/904/1449 1076/712/1078
f 1446/903/1448 1076/712/1078 1075/711/1077
f 1084/719/1086 1076/712/1078 1447/904/1449
f 1063/701/1065 1064/702/1066 1059/697/1061
g mixamorig:RightHandIndex1
f 1068/706/1070 1062/700/1064 1064/702/1066
f 1068/706/1070 1065/703/1067 1062/700/1064
f 1065/703/1067 1068/706/1070 1448/905/1450
s 7
g mixamorig:RightHand
f 1449/906/1451 1450/907/1452 1451/908/1453
g mixamorig:RightHandIndex1
f 1449/906/1451 1452/909/1454 1453/910/1455
f 1453/910/1455 1452/909/1454 1454/911/1456
f 1453/910/1455 1455/912/1457 1456/913/1458
s 8
g mixamorig:RightHand
f 483/429/483 482/428/482 1444/665/1446
g mixamorig:RightHandIndex1
f 1068/706/1070 493/439/493 492/438/492
f 492/438/492 1448/905/1450 1068/706/1070
g mixamorig:RightHandIndex2
f 492/438/492 491/437/491 501/447/501
g mixamorig:RightHandIndex1
f 535/476/535 496/442/496 495/441/495
g mixamorig:RightHandIndex2
f 496/442/496 497/443/497 494/440/494
s 9
g mixamorig:RightHandMiddle1
f 1072/430/1074 1071/709/1073 1102/732/1104
s 8
f 1076/712/1078 1074/710/1076 1075/711/1077
f 483/429/483 1074/710/1076 1131/709/1133
s 7
g mixamorig:RightHandIndex1
f 1457/914/1459 1458/915/1460 1459/916/1461
f 1460/917/1462 1456/913/1458 1458/915/1460
f 1460/917/1462 1461/918/1463 1456/913/1458
f 1460/917/1462 1462/919/1464 1463/920/1465
f 1124/752/1126 1460/917/1462 1463/920/1465
s 8
f 1064/702/1066 532/474/532 493/439/493
f 1064/702/1066 1063/701/1065 1464/921/1466
g mixamorig:RightHand
f 1465/475/1467 482/428/482 484/430/484
g mixamorig:RightHandIndex1
f 484/430/484 1466/740/1468 1465/475/1467
f 535/476/535 1467/922/1469 496/442/496
f 535/476/535 534/475/534 1467/922/1469
g mixamorig:RightHandIndex2
f 496/442/496 1468/759/1470 497/443/497
f 496/442/496 1467/922/1469 1468/759/1470
g mixamorig:RightHandMiddle1
f 1083/718/1085 1082/717/1084 1096/731/1098
g mixamorig:RightHandRing1
f 1084/719/1086 1085/720/1087 1082/717/1084
g mixamorig:RightHand
f 1447/904/1449 1469/923/1471 1084/719/1086
f 1084/719/1086 1469/923/1471 1086/721/1088
f 1094/729/1096 1091/726/1093 1090/725/1092
f 1090/725/1092 1088/723/1090 1470/924/1472
f 1092/727/1094 1087/722/1089 1088/723/1090
f 1090/725/1092 1470/924/1472 1471/925/1473
f 1090/725/1092 1471/925/1473 1094/729/1096
f 1471/925/1473 1108/737/1110 1094/729/1096
g mixamorig:RightHandRing2
f 1472/760/1474 1095/730/1097 1094/729/1096
g mixamorig:RightHandMiddle1
f 1097/718/1099 1077/713/1079 1076/712/1078
g mixamorig:RightHand
f 1090/725/1092 1089/724/1091 1100/727/1102
g mixamorig:RightHandRing2
f 1106/735/1108 1095/730/1097 1472/760/1474
g mixamorig:RightHand
f 1472/760/1474 1108/737/1110 723/644/724
f 723/644/724 1106/735/1108 1472/760/1474
s 9
g mixamorig:RightHandMiddle1
f 1110/739/1112 1102/732/1104 582/515/582
s 7
g mixamorig:RightHandMiddle2
f 1473/761/1475 630/555/631 631/556/632
f 1473/761/1475 631/556/632 1474/762/1476
f 1474/762/1476 631/556/632 648/570/649
g mixamorig:RightHandRing2
f 1475/926/1477 649/571/650 621/546/622
f 649/571/650 1475/926/1477 1476/927/1478
f 1476/927/1478 1475/926/1477 1477/928/1479
g mixamorig:RightHandRing1
f 1476/927/1478 1477/928/1479 1478/929/1480
g mixamorig:RightHandRing2
f 1478/929/1480 1477/928/1479 1479/930/1481
g mixamorig:RightHandRing1
f 1478/929/1480 1479/930/1481 651/573/652
f 1113/742/1115 651/573/652 1479/930/1481
g mixamorig:RightHandMiddle1
f 651/573/652 650/572/651 1480/931/1482
f 1112/741/1114 1480/931/1482 650/572/651
s 8
g mixamorig:RightHand
f 1076/712/1078 1084/719/1086 1481/718/1483
f 1088/723/1090 1090/725/1092 1482/727/1484
s 7
f 1113/742/1115 652/574/653 651/573/652
g mixamorig:RightHandMiddle1
f 1112/741/1114 716/637/717 1483/763/1485
f 1483/763/1485 1124/752/1126 1463/920/1465
f 1124/752/1126 1483/763/1485 716/637/717
g mixamorig:RightHand
f 1113/742/1115 1114/743/1116 718/639/719
g mixamorig:RightHandRing2
f 1114/743/1116 1484/932/1486 720/641/721
f 1484/932/1486 674/595/675 720/641/721
f 720/641/721 674/595/675 673/594/674
f 1475/926/1477 621/546/622 653/575/654
f 1485/933/1487 1475/926/1477 653/575/654
f 1475/926/1477 1485/933/1487 1477/928/1479
g mixamorig:RightHandRing1
f 1486/742/1488 1479/930/1481 1487/934/1489
g mixamorig:RightHandRing2
f 1488/935/1490 1487/934/1489 1479/930/1481
f 1488/935/1490 1479/930/1481 1477/928/1479
f 1488/935/1490 1477/928/1479 1485/933/1487
g mixamorig:RightHandRing1
f 1489/936/1491 1114/743/1492 1490/934/1493
g mixamorig:RightHandRing2
f 1491/935/1494 1489/936/1491 1490/934/1493
s 19
g mixamorig:RightHandRing1
f 1492/934/1495 1114/743/1496 1113/742/1497
s 7
g mixamorig:RightHandRing2
f 1114/743/1116 1493/937/1498 1484/932/1486
f 1114/743/1116 1489/936/1491 1493/937/1498
f 1493/937/1498 1118/747/1120 1484/932/1486
f 1484/932/1486 1118/747/1120 674/595/675
s 8
f 655/577/656 556/495/556 558/496/558
s 7
f 1494/938/1499 1115/744/1117 1495/939/1500
f 1489/936/1491 1491/935/1494 1495/939/1500
f 1496/940/1501 1118/747/1120 1493/937/1498
f 1489/936/1491 1496/940/1501 1493/937/1498
f 1495/939/1500 1115/744/1117 1496/940/1501
f 1495/939/1500 1496/940/1501 1489/936/1491
f 1494/938/1499 1495/939/1500 1497/933/1502
f 1497/933/1502 1495/939/1500 1491/935/1494
f 1494/938/1499 1497/933/1502 1498/941/1503
s 8
f 1499/942/1504 641/566/642 640/565/641
f 1500/577/1505 1103/496/1105 641/566/642
f 1499/942/1504 1500/577/1505 641/566/642
s 7
f 1115/744/1117 672/593/673 1496/940/1501
f 1496/940/1501 672/593/673 1117/746/1119
f 1118/747/1120 1496/940/1501 1117/746/1119
f 1494/938/1499 657/579/658 1115/744/1117
f 1494/938/1499 1501/943/1506 657/579/658
f 1494/938/1499 1498/941/1503 1501/943/1506
f 657/579/658 656/578/657 1115/744/1117
s 8
f 1502/667/1507 1499/942/1504 640/565/641
f 1502/667/1507 640/565/641 670/591/671
s 7
f 1501/943/1506 1498/941/1503 1503/944/1508
f 657/579/658 1501/943/1506 661/583/662
f 1503/944/1508 661/583/662 1501/943/1506
f 661/583/662 1503/944/1508 662/584/663
f 661/583/662 659/581/660 657/579/658
f 661/583/662 660/582/661 659/581/660
f 1118/747/1120 1116/745/1118 1504/945/1509
f 674/595/675 1118/747/1120 1504/945/1509
f 1504/945/1509 675/596/676 674/595/675
s 8
f 1120/749/1122 1107/736/1109 1106/735/1108
f 1119/748/1121 1105/734/1107 1107/736/1109
g mixamorig:RightHand
f 723/644/724 1121/672/1123 1106/735/1108
f 1505/946/1510 1060/698/1062 1067/705/1069
g mixamorig:RightHandThumb1
f 1505/946/1510 1506/947/1511 747/664/748
g mixamorig:RightHand
f 1067/705/1069 1506/947/1511 1505/946/1510
s 7
g mixamorig:RightHandThumb2
f 706/627/707 704/625/705 702/623/703
f 706/627/707 709/630/710 713/634/714
s 8
f 714/635/715 683/604/684 682/603/683
f 714/635/715 682/603/683 1122/750/1124
s 7
f 713/634/714 1123/751/1125 706/627/707
f 713/634/714 712/633/713 1507/948/1512
s 8
g mixamorig:RightHand
f 1508/949/1513 1509/950/1514 1510/951/1515
f 1447/904/1449 1511/952/1516 1469/923/1471
f 1445/902/1447 1512/953/1517 1446/903/1448
f 1446/903/1448 1512/953/1517 1447/904/1449
g mixamorig:RightHandThumb1
f 1508/949/1513 1513/954/1518 1514/955/1519
g mixamorig:RightHand
f 1515/956/1520 1512/953/1517 1509/950/1514
f 1516/957/1521 1517/958/1522 1511/952/1516
f 1516/957/1521 1511/952/1516 1512/953/1517
f 1518/959/1523 1109/738/1111 1517/958/1522
s 7
f 726/647/727 1519/960/1524 1124/752/1126
f 720/641/721 717/638/718 718/639/719
f 720/641/721 719/640/720 717/638/718
s 8
f 723/644/724 722/643/723 1121/672/1123
s 7
f 727/648/728 715/636/716 717/638/718
g mixamorig:RightForeArm
f 727/648/728 717/638/718 729/650/730
g mixamorig:RightHand
f 728/649/729 717/638/718 719/640/720
g mixamorig:RightForeArm
f 727/648/728 1520/961/1525 1521/962/1526
f 727/648/728 1521/962/1526 725/646/726
f 728/649/729 1522/963/1527 729/650/730
f 727/648/728 1522/963/1527 1523/964/1528
f 1522/963/1527 727/648/728 729/650/730
f 1522/963/1527 728/649/729 1524/965/1529
g mixamorig:RightHand
f 1525/673/1530 719/640/720 1125/671/1127
g mixamorig:RightForeArm
f 1524/965/1529 728/649/729 1525/673/1530
f 728/649/729 719/640/720 1525/673/1530
s 8
f 1126/753/1128 724/645/725 1526/764/1531
f 1527/966/1532 1126/753/1128 1526/764/1531
f 1528/967/1533 1126/753/1128 1527/966/1532
f 1526/764/1531 1109/738/1111 1529/968/1534
f 1529/968/1534 1527/966/1532 1526/764/1531
f 1530/969/1535 1508/949/1513 1514/955/1519
f 1508/949/1513 1530/969/1535 1515/956/1520
f 1531/970/1536 1516/957/1521 1515/956/1520
f 1530/969/1535 1531/970/1536 1515/956/1520
f 1531/970/1536 1518/959/1523 1516/957/1521
s 7
g mixamorig:RightHandMiddle1
f 1474/762/1476 648/570/649 1532/755/1537
g mixamorig:RightHandRing2
f 1128/674/1130 618/543/619 620/545/621
f 1128/674/1130 620/545/621 649/571/650
g mixamorig:RightHandRing1
f 1128/674/1130 649/571/650 1129/754/1131
s 8
g mixamorig:RightHand
f 1444/665/1446 1533/971/1538 1063/701/1065
s 7
g mixamorig:RightHandRing1
f 1476/927/1478 1478/929/1480 1534/972/1539
s 8
g mixamorig:RightForeArm
f 1527/966/1532 1529/968/1534 1535/973/1540
f 1518/959/1523 1531/970/1536 1536/974/1541
f 1529/968/1534 1536/974/1541 1535/973/1540
f 1536/974/1541 1529/968/1534 1518/959/1523
s 7
g mixamorig:RightHandIndex1
f 1537/975/1542 1463/920/1465 1538/919/1543
g mixamorig:RightHandMiddle1
f 1537/975/1542 1538/919/1543 1539/976/1544
f 1540/977/1545 1112/741/1114 1483/763/1485
f 1540/977/1545 1463/920/1465 1537/975/1542
f 1537/975/1542 1473/761/1475 1540/977/1545
f 1112/741/1114 1540/977/1545 1541/978/1546
f 1541/978/1546 1540/977/1545 1473/761/1475
f 1473/761/1475 1474/762/1476 1541/978/1546
f 1112/741/1114 1541/978/1546 1542/979/1547
f 1474/762/1476 1532/755/1537 1543/980/1548
f 1542/979/1547 1541/978/1546 1543/980/1548
f 1543/980/1548 1541/978/1546 1474/762/1476
f 1544/979/1549 1534/972/1539 1480/931/1482
f 1544/979/1549 1545/980/1550 1534/972/1539
f 1130/755/1132 1534/972/1539 1545/980/1550
s 9
g mixamorig:RightHandMiddle2
f 735/653/736 580/513/580 627/552/628
s 7
g mixamorig:RightHandMiddle1
f 1473/761/1475 1537/975/1542 1132/756/1134
g mixamorig:RightHandMiddle2
f 1132/756/1134 628/553/629 630/555/631
f 1132/756/1134 630/555/631 1473/761/1475
g mixamorig:RightHandMiddle1
f 1546/981/1551 1537/975/1542 1539/976/1544
g mixamorig:RightHandMiddle2
f 1546/981/1551 629/554/630 1132/756/1134
f 1537/975/1542 1546/981/1551 1132/756/1134
g mixamorig:RightHandThumb2
f 1547/982/1552 1507/948/1512 712/633/713
s 11
g mixamorig:LeftHand
f 1548/902/1553 1549/699/1554 1141/701/1143
f 1548/902/1553 1141/701/1143 760/665/761
f 1548/902/1553 760/665/761 759/429/760
f 1550/711/1555 1548/902/1553 759/429/760
f 1548/902/1553 1550/711/1555 1551/903/1556
f 1155/712/1157 1551/903/1556 1550/711/1555
f 1551/903/1556 1155/712/1157 1552/904/1557
f 1164/719/1166 1552/904/1557 1155/712/1157
f 1141/701/1143 1549/699/1554 1139/697/1141
g mixamorig:LeftHandIndex1
f 1140/702/1142 1136/700/1138 1144/706/1146
f 1144/706/1146 1136/700/1138 1143/703/1145
f 1143/703/1145 1553/905/1558 1144/706/1146
s 10
f 1554/906/1559 1555/907/1560 1556/910/1561
f 1556/910/1561 1557/909/1562 1554/906/1559
f 1556/910/1561 1558/912/1563 1559/911/1564
s 11
f 1560/665/1565 1561/971/1566 1562/428/1567
f 759/429/760 758/428/759 803/430/804
g mixamorig:LeftHandIndex2
f 1144/706/1146 1553/905/1558 769/438/770
f 769/438/770 768/439/769 1144/706/1146
f 769/438/770 1145/447/1147 767/437/768
f 1563/476/1568 1564/441/1569 1162/442/1164
f 1162/442/1164 770/440/771 772/443/773
s 12
g mixamorig:LeftHandIndex1
f 1151/430/1153 1181/732/1183 1149/709/1151
s 11
g mixamorig:LeftHand
f 1550/711/1555 1152/710/1154 1155/712/1157
f 759/429/760 1152/710/1154 1550/711/1555
s 10
g mixamorig:LeftHandIndex1
f 1565/914/1570 1566/916/1571 1567/915/1572
f 1565/914/1570 1567/915/1572 1568/917/1573
f 1569/917/1574 1570/920/1575 1571/919/1576
f 1569/917/1574 1571/919/1576 1572/914/1577
f 1211/752/1213 1570/920/1575 1569/917/1574
s 11
f 1141/701/1143 1140/702/1142 1573/921/1578
f 1574/475/1579 1562/428/1567 1563/476/1568
f 1563/476/1568 1575/922/1580 1574/475/1579
g mixamorig:LeftHandIndex2
f 1162/442/1164 1161/759/1163 1575/922/1580
g mixamorig:LeftHandMiddle1
f 1165/718/1167 1170/731/1172 1163/717/1165
g mixamorig:LeftHand
f 1164/719/1166 1163/717/1165 1175/720/1177
f 1164/719/1166 1175/720/1177 1576/721/1581
f 1552/904/1557 1164/719/1166 1577/923/1582
f 1164/719/1166 1576/721/1581 1577/923/1582
f 1168/723/1170 1577/923/1582 1576/721/1581
f 1578/725/1583 1579/924/1584 1168/723/1170
f 1578/725/1583 1185/724/1187 1187/726/1189
f 1578/725/1583 1187/726/1189 1580/729/1585
f 1167/727/1169 1166/722/1168 1179/728/1181
f 1578/725/1583 1581/925/1586 1579/924/1584
f 1581/925/1586 1578/725/1583 1580/729/1585
f 1580/729/1585 1194/737/1196 1581/925/1586
f 1580/729/1585 1189/730/1191 1192/760/1194
f 1580/729/1585 1187/726/1189 1189/730/1191
f 1155/712/1157 1154/713/1156 1173/718/1175
f 1582/727/1587 1185/724/1187 1578/725/1583
f 1582/727/1587 1184/728/1186 1185/724/1187
f 1191/735/1193 1189/730/1191 1193/736/1195
f 986/644/988 1192/760/1194 1191/735/1193
s 12
g mixamorig:LeftHandMiddle2
f 1196/739/1198 1001/515/1003 1181/732/1183
s 10
f 1197/761/1199 888/556/890 887/555/889
g mixamorig:LeftHandRing1
f 1583/927/1588 1584/928/1589 1585/926/1590
g mixamorig:LeftHandRing2
f 908/571/910 1585/926/1590 878/546/880
f 1583/927/1588 1585/926/1590 908/571/910
g mixamorig:LeftHand
f 911/573/913 1199/742/1201 1586/930/1591
g mixamorig:LeftHandRing1
f 1587/929/1592 1584/928/1589 1583/927/1588
f 1587/929/1592 1586/930/1591 1584/928/1589
f 911/573/913 1586/930/1591 1587/929/1592
g mixamorig:LeftHandMiddle1
f 1200/741/1202 909/572/911 1588/931/1593
s 11
g mixamorig:LeftHand
f 1155/712/1157 1589/718/1594 1164/719/1166
f 1168/723/1170 1590/727/1595 1578/725/1583
s 10
f 1201/763/1203 1211/752/1213 977/637/979
g mixamorig:LeftHandIndex1
f 1211/752/1213 1201/763/1203 1570/920/1575
g mixamorig:LeftHand
f 1199/742/1201 979/639/981 1202/743/1204
f 1202/743/1204 981/641/983 1591/932/1596
f 981/641/983 929/594/931 931/595/933
f 981/641/983 931/595/933 1591/932/1596
g mixamorig:LeftHandRing2
f 1592/575/1597 879/547/881 878/546/880
f 1592/575/1597 878/546/880 1585/926/1590
g mixamorig:LeftHandRing1
f 1593/933/1598 1585/926/1590 1584/928/1589
g mixamorig:LeftHandRing2
f 1585/926/1590 1593/933/1598 1592/575/1597
g mixamorig:LeftHand
f 1586/930/1591 1594/742/1599 1595/934/1600
g mixamorig:LeftHandRing1
f 1595/934/1600 1596/935/1601 1586/930/1591
f 1596/935/1601 1584/928/1589 1586/930/1591
f 1593/933/1598 1584/928/1589 1596/935/1601
f 1597/935/1602 1598/934/1603 1599/936/1604
g mixamorig:LeftHand
f 1202/743/1605 1599/936/1604 1598/934/1603
s 20
f 1600/934/1606 1199/742/1607 1202/743/1608
s 10
g mixamorig:LeftHandRing1
f 1202/743/1204 1601/937/1609 1599/936/1604
g mixamorig:LeftHand
f 1601/937/1609 1202/743/1204 1591/932/1596
g mixamorig:LeftHandRing1
f 1591/932/1596 1207/747/1209 1601/937/1609
g mixamorig:LeftHand
f 1591/932/1596 931/595/933 1207/747/1209
g mixamorig:LeftHandRing1
f 1597/935/1602 1599/936/1604 1602/939/1610
g mixamorig:LeftHandRing2
f 1603/938/1611 1602/939/1610 1604/744/1612
g mixamorig:LeftHandRing1
f 1207/747/1209 1605/940/1613 1601/937/1609
f 1602/939/1610 1605/940/1613 1604/744/1612
f 1599/936/1604 1601/937/1609 1605/940/1613
f 1605/940/1613 1602/939/1610 1599/936/1604
f 1602/939/1610 1606/933/1614 1597/935/1602
f 1603/938/1611 1606/933/1614 1602/939/1610
f 1606/933/1614 1603/938/1611 1607/941/1615
s 11
g mixamorig:LeftHandRing2
f 1608/942/1616 898/565/900 900/566/902
g mixamorig:LeftHandRing1
f 1609/577/1617 900/566/902 1182/496/1184
g mixamorig:LeftHandRing2
f 1608/942/1616 900/566/902 1609/577/1617
s 10
f 1604/744/1612 1605/940/1613 1204/593/1206
g mixamorig:LeftHandRing1
f 1605/940/1613 1207/747/1209 1206/746/1208
f 1605/940/1613 1206/746/1208 1204/593/1206
g mixamorig:LeftHandRing2
f 1603/938/1611 1604/744/1612 1610/579/1618
f 1603/938/1611 1610/579/1618 1611/943/1619
f 1603/938/1611 1611/943/1619 1607/941/1615
f 1604/744/1612 923/578/925 1610/579/1618
f 1604/744/1612 1204/593/1206 923/578/925
s 11
f 914/667/916 898/565/900 1608/942/1616
s 10
f 1611/943/1619 1612/944/1620 1607/941/1615
f 1611/943/1619 1610/579/1618 920/583/922
f 1612/944/1620 1611/943/1619 920/583/922
f 1612/944/1620 920/583/922 919/584/921
f 920/583/922 1610/579/1618 918/581/920
f 1610/579/1618 923/578/925 916/580/918
f 1610/579/1618 916/580/918 918/581/920
g mixamorig:LeftHandRing1
f 931/595/933 1613/945/1621 1207/747/1209
f 1207/747/1209 1613/945/1621 1205/745/1207
g mixamorig:LeftHand
f 930/596/932 1613/945/1621 931/595/933
s 11
f 1209/749/1211 1191/735/1193 1193/736/1195
g mixamorig:LeftHandRing1
f 1208/748/1210 1193/736/1195 1190/734/1192
g mixamorig:LeftHand
f 986/644/988 1191/735/1193 987/672/989
g mixamorig:LeftHandThumb1
f 1138/705/1140 1614/947/1622 1142/704/1144
s 10
g mixamorig:LeftHandThumb2
f 967/627/969 963/623/965 966/625/968
f 967/627/969 970/630/972 964/624/966
f 974/633/976 972/631/974 970/630/972
s 11
f 1615/750/1623 942/603/944 975/635/977
f 1615/750/1623 1009/662/1011 942/603/944
s 10
f 971/634/973 1210/751/1212 1616/948/1624
s 11
g mixamorig:LeftHand
f 1617/949/1625 1618/951/1626 1619/950/1627
f 1552/904/1557 1577/923/1582 1620/952/1628
f 1548/902/1553 1551/903/1556 1621/953/1629
f 1551/903/1556 1552/904/1557 1621/953/1629
g mixamorig:LeftHandThumb1
f 1617/949/1625 1622/955/1630 1623/954/1631
g mixamorig:LeftForeArm
f 1617/949/1625 1619/950/1627 1624/956/1632
g mixamorig:LeftHand
f 1624/956/1632 1619/950/1627 1621/953/1629
f 1625/957/1633 1621/953/1629 1620/952/1628
g mixamorig:LeftForeArm
f 1625/957/1633 1626/958/1634 1627/959/1635
s 10
g mixamorig:LeftHand
f 988/647/990 1211/752/1213 1628/960/1636
f 981/641/983 979/639/981 978/638/980
f 981/641/983 978/638/980 980/640/982
g mixamorig:LeftForeArm
f 1629/650/1637 978/638/980 990/648/992
f 991/649/993 978/638/980 1629/650/1637
f 990/648/992 989/646/991 1630/962/1638
f 991/649/993 1629/650/1637 1631/963/1639
f 990/648/992 1631/963/1639 1629/650/1637
f 1631/963/1639 990/648/992 1632/964/1640
f 1631/963/1639 1633/965/1641 991/649/993
g mixamorig:LeftHand
f 992/673/994 983/671/985 980/640/982
g mixamorig:LeftForeArm
f 1633/965/1641 992/673/994 991/649/993
s 11
g mixamorig:LeftHand
f 1212/753/1214 985/645/987 984/643/986
f 1213/764/1215 1634/738/1642 985/645/987
g mixamorig:LeftForeArm
f 1635/966/1643 1213/764/1215 1212/753/1214
f 1636/967/1644 1635/966/1643 1212/753/1214
f 1637/968/1645 1634/738/1642 1213/764/1215
f 1635/966/1643 1637/968/1645 1213/764/1215
f 1627/959/1635 1634/738/1642 1637/968/1645
f 1617/949/1625 1624/956/1632 1638/969/1646
f 1638/969/1646 1622/955/1630 1617/949/1625
f 1624/956/1632 1639/970/1647 1638/969/1646
f 1639/970/1647 1624/956/1632 1625/957/1633
f 1627/959/1635 1639/970/1647 1625/957/1633
s 10
g mixamorig:LeftHandMiddle1
f 1640/755/1648 907/570/909 1198/762/1200
g mixamorig:LeftHandMiddle2
f 993/674/995 877/545/879 876/543/878
f 993/674/995 1214/754/1216 908/571/910
s 11
g mixamorig:LeftHandIndex1
f 1141/701/1143 1573/921/1578 1641/971/1649
f 760/665/761 1141/701/1143 1641/971/1649
s 10
g mixamorig:LeftHandMiddle1
f 1583/927/1588 1642/972/1650 1587/929/1592
f 1643/755/1651 1642/972/1650 1214/754/1216
s 11
g mixamorig:LeftForeArm
f 1637/968/1645 1635/966/1643 1644/973/1652
f 1639/970/1647 1627/959/1635 1645/974/1653
f 1637/968/1645 1645/974/1653 1627/959/1635
f 1645/974/1653 1637/968/1645 1644/973/1652
s 10
g mixamorig:LeftHandIndex1
f 1646/975/1654 1647/919/1655 1570/920/1575
f 1648/976/1656 1647/919/1655 1646/975/1654
g mixamorig:LeftHandMiddle1
f 1649/977/1657 1570/920/1575 1201/763/1203
f 1200/741/1202 1649/977/1657 1201/763/1203
f 1197/761/1199 1646/975/1654 1649/977/1657
f 1650/978/1658 1197/761/1199 1649/977/1657
f 1197/761/1199 1650/978/1658 1198/762/1200
f 1649/977/1657 1200/741/1202 1650/978/1658
f 1651/979/1659 1650/978/1658 1200/741/1202
f 1652/980/1660 1198/762/1200 1650/978/1658
f 1651/979/1659 1652/980/1660 1650/978/1658
f 1198/762/1200 1652/980/1660 1640/755/1648
f 1653/980/1661 1654/979/1662 1642/972/1650
s 12
g mixamorig:LeftHandMiddle2
f 1002/653/1004 884/552/886 841/513/842
s 10
f 1215/756/1217 887/555/889 886/553/888
f 1646/975/1654 1197/761/1199 1215/756/1217
f 1215/756/1217 885/554/887 1655/981/1663
f 1655/981/1663 1648/976/1656 1646/975/1654
f 1215/756/1217 1655/981/1663 1646/975/1654
s 18
g mixamorig:Head
f 1656/983/1664 1657/984/1665 1658/985/1666
f 1658/985/1666 1659/986/1667 1660/987/1668
f 1660/987/1668 1656/983/1664 1658/985/1666
s 6
f 1661/988/1669 1662/989/1670 1663/990/1671
s 2
f 1221/766/1223 1220/29/1222 1664/58/1672
f 1223/768/1225 1218/765/1220 32/30/32
f 1221/766/1223 1664/58/1672 1225/217/1227
f 1665/991/1673 1222/767/1224 29/27/29
f 1224/769/1226 1665/991/1673 1221/766/1223
f 1665/991/1673 29/27/29 1221/766/1223
s 14
f 1666/992/1674 1667/993/1675 1668/773/1676
f 1666/992/1674 1668/773/1676 1669/782/1677
f 1667/993/1675 1670/994/1678 1671/995/1679
f 1667/993/1675 1671/995/1679 1668/773/1676
f 1672/677/1680 1671/995/1679 1670/994/1678
f 1670/994/1678 1228/770/1230 1672/677/1680
f 1228/770/1230 1014/204/1016 1672/677/1680
s 1
f 1016/677/1018 213/203/213 1017/678/1019
f 1234/776/1236 1016/677/1018 1017/678/1019
f 1016/677/1018 1234/776/1236 1673/995/1681
f 1231/773/1233 1230/772/1232 1251/782/1253
f 1231/773/1233 1673/995/1681 1232/774/1234
f 1234/776/1236 1232/774/1234 1673/995/1681
f 1234/776/1236 1020/681/1022 1232/774/1234
s 2
f 1027/685/1029 1024/683/1026 1023/218/1025
s 18
f 1674/996/1682 1675/997/1683 1676/998/1684
f 1677/999/1685 1675/997/1683 1674/996/1682
f 1675/997/1683 1677/999/1685 1678/1000/1686
s 6
f 1679/1001/1687 1680/1002/1688 1681/1003/1689
s 5
f 1237/778/1239 1682/285/1690 1236/262/1238
f 1238/779/1240 275/263/275 1235/777/1237
f 1237/778/1239 1241/287/1243 1682/285/1690
f 1237/778/1239 271/260/271 1683/1004/1691
f 1683/1004/1691 271/260/271 1239/780/1241
f 1240/781/1242 1237/778/1239 1683/1004/1691
s 14
f 1669/782/1677 1684/773/1692 1666/992/1674
f 1685/993/1693 1666/992/1674 1684/773/1692
f 1684/773/1692 1686/995/1694 1685/993/1693
f 1685/993/1693 1686/995/1694 1687/994/1695
f 1686/995/1694 1246/677/1248 1687/994/1695
f 1687/994/1695 1246/677/1248 1245/770/1247
f 1245/770/1247 1244/204/1246 1248/771/1250
s 1
f 1032/677/1034 426/203/426 429/204/429
f 1032/677/1034 1688/995/1696 1253/776/1255
f 1253/776/1255 1033/678/1035 1032/677/1034
f 1688/995/1696 1252/774/1254 1253/776/1255
f 1250/773/1252 1230/772/1232 1252/774/1254
f 1688/995/1696 1250/773/1252 1252/774/1254
f 1253/776/1255 1036/681/1038 1034/679/1036
s 5
f 1042/688/1044 1039/388/1041 1041/687/1043
s 16
g mixamorig:RightArm
f 1689/1005/1697 1690/1006/1698 1691/1007/1699
f 1690/1006/1698 1689/1005/1697 1692/1008/1700
f 1693/1009/1701 1690/1006/1698 1692/1008/1700
f 1690/1006/1698 1693/1009/1701 1694/1010/1702
f 1693/1009/1701 1695/1011/1703 1694/1010/1702
f 1694/1010/1702 1695/1011/1703 1696/1012/1704
f 1691/1007/1699 1690/1006/1698 1697/1013/1705
f 1697/1013/1705 1698/1014/1706 1691/1007/1699
f 1690/1006/1698 1699/1015/1707 1697/1013/1705
f 1694/1010/1702 1696/1012/1704 1699/1015/1707
f 1699/1015/1707 1690/1006/1698 1694/1010/1702
f 1696/1012/1704 1700/1016/1708 1699/1015/1707
f 1701/1017/1709 1700/1016/1708 1696/1012/1704
f 1700/1016/1708 1701/1017/1709 1702/1018/1710
f 1255/784/1257 1254/783/1256 1270/798/1272
f 1257/786/1259 1254/783/1256 1256/785/1258
f 1257/786/1259 1256/785/1258 1703/1019/1711
f 1256/785/1258 1255/784/1257 1703/1019/1711
f 1257/786/1259 1703/1019/1711 1704/1020/1712
f 1705/1021/1713 1704/1020/1712 1703/1019/1711
f 1704/1020/1712 1705/1021/1713 1706/1022/1714
f 1259/788/1261 1258/787/1260 1257/786/1259
f 1257/786/1259 1704/1020/1712 1259/788/1261
f 1706/1022/1714 1707/1023/1715 1704/1020/1712
f 1259/788/1261 1704/1020/1712 1707/1023/1715
f 1707/1023/1715 1706/1022/1714 1708/1024/1716
f 1709/1025/1717 1260/789/1262 1259/788/1261
f 1260/789/1262 1709/1025/1717 1283/811/1285
f 1710/1026/1718 1707/1023/1715 1708/1024/1716
f 1706/1022/1714 1711/1014/1719 1708/1024/1716
f 1710/1026/1718 1708/1024/1716 1711/1014/1719
f 1711/1014/1719 1712/1013/1720 1710/1026/1718
f 1713/1027/1721 1259/788/1261 1707/1023/1715
f 1707/1023/1715 1710/1026/1718 1713/1027/1721
f 1259/788/1261 1713/1027/1721 1709/1025/1717
f 1709/1025/1717 1292/820/1294 1283/811/1285
f 1713/1027/1721 1262/791/1264 1709/1025/1717
f 1292/820/1294 1709/1025/1717 1262/791/1264
f 1710/1026/1718 1712/1013/1720 1714/1028/1722
f 1712/1013/1720 1715/1015/1723 1714/1028/1722
f 1710/1026/1718 1716/1029/1724 1713/1027/1721
f 1716/1029/1724 1710/1026/1718 1714/1028/1722
f 1262/791/1264 1713/1027/1721 1716/1029/1724
f 1262/791/1264 1261/790/1263 1292/820/1294
f 1717/1016/1725 1714/1028/1722 1715/1015/1723
f 1718/1030/1726 1716/1029/1724 1714/1028/1722
f 1714/1028/1722 1717/1016/1725 1718/1030/1726
f 1719/1031/1727 1263/792/1265 1262/791/1264
f 1716/1029/1724 1718/1030/1726 1719/1031/1727
f 1716/1029/1724 1719/1031/1727 1262/791/1264
f 1720/1032/1728 1263/792/1265 1719/1031/1727
f 1721/1033/1729 1719/1031/1727 1718/1030/1726
f 1719/1031/1727 1721/1033/1729 1720/1032/1728
f 1721/1033/1729 1717/1016/1725 1702/1018/1710
f 1717/1016/1725 1721/1033/1729 1718/1030/1726
f 1722/1032/1730 1046/691/1048 1263/792/1265
f 1264/793/1266 1046/691/1048 1722/1032/1730
f 1721/1033/1729 1265/793/1267 1720/1032/1728
f 1265/793/1267 1721/1033/1729 1723/1034/1731
f 1702/1018/1710 1723/1034/1731 1721/1033/1729
f 1723/1034/1731 1702/1018/1710 1724/1035/1732
f 1723/1034/1731 1724/1035/1732 1725/1036/1733
f 1725/1036/1733 1726/1037/1734 1723/1034/1731
f 1723/1034/1731 1266/794/1268 1265/793/1267
f 1726/1037/1734 1266/794/1268 1723/1034/1731
f 1725/1036/1733 1727/1038/1735 1726/1037/1734
f 1727/1038/1735 1725/1036/1733 1728/1039/1736
f 1726/1037/1734 1269/797/1271 1266/794/1268
f 1269/797/1271 1726/1037/1734 1727/1038/1735
f 1266/794/1268 1269/797/1271 1267/795/1269
f 1729/1040/1737 1269/797/1271 1727/1038/1735
f 1729/1040/1737 1727/1038/1735 1730/1041/1738
f 1730/1041/1738 1727/1038/1735 1728/1039/1736
f 1731/881/1739 1050/695/1052 1268/796/1270
f 1269/797/1271 1732/1042/1740 1268/796/1270
f 1269/797/1271 1729/1040/1737 1732/1042/1740
f 1733/1043/1741 1734/1044/1742 1735/1045/1743
f 1735/1045/1743 1734/1044/1742 1736/1046/1744
f 1737/1047/1745 1735/1045/1743 1736/1046/1744
f 1735/1045/1743 1737/1047/1745 1738/1048/1746
f 1272/800/1274 1273/801/1275 1271/799/1273
f 1736/1046/1744 1739/1049/1747 1737/1047/1745
f 1734/1044/1742 1275/803/1277 1736/1046/1744
f 1275/803/1277 1273/801/1275 1739/1049/1747
f 1739/1049/1747 1736/1046/1744 1275/803/1277
f 1275/803/1277 1734/1044/1742 1276/804/1278
f 1276/804/1278 1703/1019/1711 1255/784/1257
f 1705/1021/1713 1276/804/1278 1734/1044/1742
f 1276/804/1278 1705/1021/1713 1703/1019/1711
f 1276/804/1278 1271/799/1273 1275/803/1277
f 1705/1021/1713 1740/1050/1748 1706/1022/1714
f 1711/1014/1719 1706/1022/1714 1740/1050/1748
f 1702/1018/1710 1741/1051/1749 1724/1035/1732
f 1741/1051/1749 1702/1018/1710 1701/1017/1709
g mixamorig:RightForeArm
f 1260/789/1262 1277/805/1279 1258/787/1260
f 1283/811/1285 1278/806/1280 1260/789/1262
f 1287/815/1289 1277/805/1279 1278/806/1280
f 1284/812/1286 1287/815/1289 1278/806/1280
f 1288/816/1290 1280/808/1282 1287/815/1289
f 1287/815/1289 1284/812/1286 1288/816/1290
f 1288/816/1290 1290/818/1292 1285/813/1287
f 1283/811/1285 1291/819/1293 1284/812/1286
f 1284/812/1286 1294/822/1296 1288/816/1290
f 1290/818/1292 1288/816/1290 1294/822/1296
f 1294/822/1296 1284/812/1286 1291/819/1293
f 1295/823/1297 1289/817/1291 1290/818/1292
f 1294/822/1296 1300/828/1302 1290/818/1292
f 1300/828/1302 1295/823/1297 1290/818/1292
f 1294/822/1296 1293/821/1295 1300/828/1302
f 1305/833/1307 1295/823/1297 1300/828/1302
f 1300/828/1302 1299/827/1301 1305/833/1307
f 1295/823/1297 1305/833/1307 1297/825/1299
f 1305/833/1307 1301/829/1303 1297/825/1299
f 1304/832/1306 1301/829/1303 1305/833/1307
f 1304/832/1306 1310/838/1312 1301/829/1303
f 1310/838/1312 1307/835/1309 1301/829/1303
f 1304/832/1306 1308/836/1310 1310/838/1312
g mixamorig:RightArm
f 1731/881/1739 1051/696/1053 1050/695/1052
g mixamorig:RightForeArm
f 1310/838/1312 1309/837/1311 1307/835/1309
f 1308/836/1310 1311/839/1313 1310/838/1312
f 1312/840/1314 1306/834/1308 1051/696/1053
f 1311/839/1313 1308/836/1310 1312/840/1314
f 1312/840/1314 1315/843/1317 1311/839/1313
f 1742/1052/1750 1309/837/1311 1311/839/1313
f 1311/839/1313 1315/843/1317 1742/1052/1750
f 1731/881/1739 1313/841/1315 1051/696/1053
g mixamorig:RightHandThumb1
f 1743/1053/1751 1744/1054/1752 1745/1055/1753
g mixamorig:RightForeArm
f 1744/1054/1752 1743/1053/1751 1746/1056/1754
f 1272/800/1274 1316/844/1318 1318/846/1320
g mixamorig:RightArm
f 1272/800/1274 1318/846/1320 1274/802/1276
g mixamorig:RightForeArm
f 1744/1054/1752 1746/1056/1754 1320/848/1322
f 1320/848/1322 1317/845/1319 1316/844/1318
f 1320/848/1322 1746/1056/1754 1317/845/1319
g mixamorig:RightHandThumb1
f 1745/1055/1753 1744/1054/1752 1747/882/1755
f 1747/882/1755 1748/883/1756 1745/1055/1753
g mixamorig:RightForeArm
f 1747/882/1755 1744/1054/1752 1324/852/1326
f 1324/852/1326 1320/848/1322 1319/847/1321
f 1324/852/1326 1744/1054/1752 1320/848/1322
g mixamorig:RightHandThumb1
f 1321/849/1323 1282/810/1284 1279/807/1281
f 1321/849/1323 1748/883/1756 1322/850/1324
f 1748/883/1756 1747/882/1755 1322/850/1324
f 1324/852/1326 1322/850/1324 1747/882/1755
g mixamorig:RightForeArm
f 1324/852/1326 1323/851/1325 1325/853/1327
f 1287/815/1289 1282/810/1284 1326/854/1328
f 1326/854/1328 1325/853/1327 1323/851/1325
f 1325/853/1327 1326/854/1328 1282/810/1284
g mixamorig:RightArm
f 1749/1057/1757 1733/1043/1741 1750/1058/1758
f 1750/1058/1758 1733/1043/1741 1751/1059/1759
f 1733/1043/1741 1752/1060/1760 1751/1059/1759
f 1752/1060/1760 1733/1043/1741 1735/1045/1743
f 1738/1048/1746 1752/1060/1760 1735/1045/1743
f 1752/1060/1760 1738/1048/1746 1753/1061/1761
f 1728/1039/1736 1754/1062/1762 1730/1041/1738
f 1754/1062/1762 1728/1039/1736 1755/1063/1763
f 1728/1039/1736 1725/1036/1733 1755/1063/1763
f 1725/1036/1733 1756/1064/1764 1755/1063/1763
f 1724/1035/1732 1756/1064/1764 1725/1036/1733
f 1756/1064/1764 1724/1035/1732 1757/1065/1765
f 1724/1035/1732 1758/1066/1766 1757/1065/1765
f 1758/1066/1766 1724/1035/1732 1741/1051/1749
f 1741/1051/1749 1759/1067/1767 1758/1066/1766
f 1741/1051/1749 1701/1017/1709 1760/1068/1768
f 1759/1067/1767 1741/1051/1749 1760/1068/1768
f 1761/1069/1769 1762/1070/1770 1763/1071/1771
f 1761/1069/1769 1763/1071/1771 1764/1072/1772
f 1764/1072/1772 1749/1057/1757 1750/1058/1758
f 1764/1072/1772 1763/1071/1771 1749/1057/1757
s 6
f 1765/1073/1773 1766/1074/1774 1767/1075/1775
f 1767/1075/1775 1768/1076/1776 1765/1073/1773
f 1768/1076/1776 1769/1077/1777 1765/1073/1773
f 1768/1076/1776 1770/1078/1778 1769/1077/1777
f 1766/1074/1774 1771/1079/1779 1767/1075/1775
f 1771/1079/1779 1766/1074/1774 1772/1080/1780
f 1766/1074/1774 1765/1073/1773 1773/1081/1781
f 1766/1074/1774 1773/1081/1781 1774/1082/1782
f 1772/1080/1780 1766/1074/1774 1775/1083/1783
f 1766/1074/1774 1774/1082/1782 1775/1083/1783
g mixamorig:Hips
f 1776/1084/1784 1775/1083/1783 1774/1082/1782
g mixamorig:RightShoulder
f 1775/1083/1783 1777/1085/1785 1772/1080/1780
g mixamorig:Spine1
f 1775/1083/1783 1778/1086/1786 1777/1085/1785
g mixamorig:Hips
f 1775/1083/1783 1776/1084/1784 1779/1087/1787
g mixamorig:RightArm
f 1765/1073/1773 1780/1088/1788 1773/1081/1781
f 1765/1073/1773 1769/1077/1777 1780/1088/1788
g mixamorig:Hips
f 1776/1084/1784 1781/1089/1789 1782/1090/1790
f 1776/1084/1784 1783/1091/1791 1781/1089/1789
g mixamorig:RightArm
f 1774/1082/1782 1773/1081/1781 1783/1091/1791
g mixamorig:Hips
f 1776/1084/1784 1774/1082/1782 1783/1091/1791
g mixamorig:RightArm
f 1784/1092/1792 1771/1079/1779 1772/1080/1780
f 1772/1080/1780 1785/1093/1793 1784/1092/1792
s 16
f 1763/1071/1771 1786/1094/1794 1749/1057/1757
f 1733/1043/1741 1749/1057/1757 1787/1095/1795
f 1734/1044/1742 1733/1043/1741 1787/1095/1795
f 1734/1044/1742 1787/1095/1795 1705/1021/1713
f 1705/1021/1713 1787/1095/1795 1740/1050/1748
f 1786/1094/1794 1787/1095/1795 1749/1057/1757
f 1787/1095/1795 1786/1094/1794 1788/1050/1796
f 1789/1096/1797 1691/1007/1699 1698/1014/1706
f 1698/1014/1706 1788/1050/1796 1789/1096/1797
f 1786/1094/1794 1789/1096/1797 1788/1050/1796
f 1763/1071/1771 1790/1097/1798 1786/1094/1794
f 1790/1097/1798 1789/1096/1797 1786/1094/1794
s 6
g mixamorig:Spine
f 1791/1098/1799 1792/1099/1800 1793/1100/1801
f 1792/1099/1800 1791/1098/1799 1794/1101/1802
g mixamorig:Spine1
f 1778/1086/1786 1795/1102/1803 1794/1101/1802
g mixamorig:Spine
f 1794/1101/1802 1795/1102/1803 1792/1099/1800
g mixamorig:Spine1
f 1795/1102/1803 1778/1086/1786 1775/1083/1783
g mixamorig:Hips
f 1795/1102/1803 1775/1083/1783 1779/1087/1787
f 1795/1102/1803 1796/1103/1804 1792/1099/1800
g mixamorig:Spine
f 1793/1100/1801 1792/1099/1800 1796/1103/1804
g mixamorig:Hips
f 1793/1100/1801 1796/1103/1804 1797/1104/1805
f 1798/1105/1806 1776/1084/1784 1782/1090/1790
f 1779/1087/1787 1776/1084/1784 1798/1105/1806
f 1799/1106/1807 1779/1087/1787 1798/1105/1806
f 1779/1087/1787 1799/1106/1807 1795/1102/1803
f 1796/1103/1804 1795/1102/1803 1799/1106/1807
g mixamorig:Spine
f 1800/1107/1808 1801/1101/1809 1802/1098/1810
g mixamorig:Spine1
f 1801/1101/1809 1800/1107/1808 1803/1108/1811
f 1801/1101/1809 1803/1108/1811 1804/1086/1812
f 1805/1109/1813 1804/1086/1812 1803/1108/1811
f 1800/1107/1808 1328/856/1330 1803/1108/1811
f 1328/856/1330 1805/1109/1813 1803/1108/1811
f 1328/856/1330 1800/1107/1808 1329/857/1331
g mixamorig:Spine2
f 1329/857/1331 1330/858/1332 1327/855/1329
g mixamorig:Spine1
f 1805/1109/1813 1328/856/1330 1806/1110/1814
f 1804/1086/1812 1805/1109/1813 1807/1085/1815
f 1806/1110/1814 1808/1111/1816 1805/1109/1813
g mixamorig:RightShoulder
f 1772/1080/1780 1807/1085/1815 1808/1111/1816
f 1772/1080/1780 1808/1111/1816 1785/1093/1793
g mixamorig:Spine1
f 1807/1085/1815 1805/1109/1813 1808/1111/1816
g mixamorig:RightShoulder
f 1784/1092/1792 1785/1093/1793 1809/1112/1817
g mixamorig:Spine1
f 1328/856/1330 1334/862/1336 1806/1110/1814
g mixamorig:RightShoulder
f 1810/1113/1818 1806/1110/1814 1334/862/1336
g mixamorig:Spine1
f 1334/862/1336 1328/856/1330 1327/855/1329
f 1808/1111/1816 1806/1110/1814 1811/1114/1819
g mixamorig:RightShoulder
f 1811/1114/1819 1785/1093/1793 1808/1111/1816
f 1809/1112/1817 1785/1093/1793 1811/1114/1819
f 1811/1114/1819 1810/1113/1818 1809/1112/1817
f 1806/1110/1814 1810/1113/1818 1811/1114/1819
g mixamorig:Neck
f 1812/1115/1820 1813/1116/1821 1814/1117/1822
g mixamorig:Head
f 1815/1118/1823 1662/989/1670 1661/988/1669
f 1813/1116/1821 1662/989/1670 1815/1118/1823
f 1814/1117/1822 1813/1116/1821 1815/1118/1823
g mixamorig:RightArm
f 1809/1112/1817 1816/1119/1824 1784/1092/1792
g mixamorig:Spine2
f 1817/1120/1825 1331/859/1333 1818/1121/1826
f 1332/860/1334 1818/1121/1826 1331/859/1333
f 1817/1120/1825 1333/861/1335 1331/859/1333
f 1333/861/1335 1327/855/1329 1331/859/1333
f 1819/1122/1827 1820/1120/1828 1821/1121/1829
f 1820/1120/1828 1819/1122/1827 1822/1123/1830
g mixamorig:Neck
f 1814/1117/1822 1823/1124/1831 1812/1115/1820
f 1823/1124/1831 1814/1117/1822 1824/1125/1832
g mixamorig:Spine2
f 1825/1126/1833 1820/1120/1828 1822/1123/1830
g mixamorig:RightShoulder
f 1825/1126/1833 1333/861/1335 1817/1120/1825
g mixamorig:Spine2
f 1822/1123/1830 1826/1127/1834 1825/1126/1833
g mixamorig:Neck
f 1812/1115/1820 1826/1127/1834 1813/1116/1821
f 1825/1126/1833 1826/1127/1834 1812/1115/1820
g mixamorig:RightShoulder
f 1827/1128/1835 1334/862/1336 1333/861/1335
f 1334/862/1336 1827/1128/1835 1810/1113/1818
f 1828/1129/1836 1823/1124/1831 1824/1125/1832
f 1809/1112/1817 1829/1130/1837 1816/1119/1824
f 1830/1131/1838 1810/1113/1818 1827/1128/1835
f 1829/1130/1837 1809/1112/1817 1830/1131/1838
f 1810/1113/1818 1830/1131/1838 1809/1112/1817
f 1333/861/1335 1825/1126/1833 1831/1132/1839
f 1831/1132/1839 1830/1131/1838 1827/1128/1835
f 1831/1132/1839 1827/1128/1835 1333/861/1335
f 1812/1115/1820 1831/1132/1839 1825/1126/1833
f 1831/1132/1839 1812/1115/1820 1823/1124/1831
f 1830/1131/1838 1832/1133/1840 1829/1130/1837
f 1832/1133/1840 1828/1129/1836 1833/1134/1841
f 1832/1133/1840 1830/1131/1838 1834/1135/1842
f 1828/1129/1836 1832/1133/1840 1834/1135/1842
f 1823/1124/1831 1828/1129/1836 1834/1135/1842
f 1830/1131/1838 1831/1132/1839 1834/1135/1842
f 1831/1132/1839 1823/1124/1831 1834/1135/1842
s 16
g mixamorig:RightArm
f 1691/1007/1699 1835/1136/1843 1689/1005/1697
f 1789/1096/1797 1790/1097/1798 1835/1136/1843
f 1835/1136/1843 1691/1007/1699 1789/1096/1797
f 1836/1137/1844 1762/1070/1770 1761/1069/1769
f 1762/1070/1770 1836/1137/1844 1837/1138/1845
f 1763/1071/1771 1838/1139/1846 1790/1097/1798
f 1838/1139/1846 1763/1071/1771 1762/1070/1770
f 1838/1139/1846 1762/1070/1770 1837/1138/1845
f 1838/1139/1846 1837/1138/1845 1839/1140/1847
f 1840/1141/1848 1837/1138/1845 1836/1137/1844
f 1837/1138/1845 1840/1141/1848 1841/1142/1849
f 1841/1142/1849 1839/1140/1847 1837/1138/1845
f 1842/1143/1850 1693/1009/1701 1692/1008/1700
f 1689/1005/1697 1842/1143/1850 1692/1008/1700
f 1842/1143/1850 1689/1005/1697 1843/1144/1851
f 1839/1140/1847 1841/1142/1849 1844/1145/1852
f 1843/1144/1851 1844/1145/1852 1842/1143/1850
f 1844/1145/1852 1843/1144/1851 1839/1140/1847
f 1840/1141/1848 1845/1146/1853 1841/1142/1849
f 1845/1146/1853 1840/1141/1848 1846/1147/1854
f 1844/1145/1852 1847/1148/1855 1842/1143/1850
f 1693/1009/1701 1842/1143/1850 1847/1148/1855
f 1848/1149/1856 1841/1142/1849 1845/1146/1853
f 1847/1148/1855 1844/1145/1852 1848/1149/1856
f 1841/1142/1849 1848/1149/1856 1844/1145/1852
f 1849/1150/1857 1759/1067/1767 1760/1068/1768
f 1845/1146/1853 1846/1147/1854 1849/1150/1857
f 1759/1067/1767 1849/1150/1857 1850/1151/1858
f 1846/1147/1854 1850/1151/1858 1849/1150/1857
f 1845/1146/1853 1851/1152/1859 1848/1149/1856
f 1851/1152/1859 1845/1146/1853 1849/1150/1857
f 1760/1068/1768 1851/1152/1859 1849/1150/1857
f 1701/1017/1709 1852/1153/1860 1760/1068/1768
f 1696/1012/1704 1695/1011/1703 1852/1153/1860
f 1851/1152/1859 1760/1068/1768 1852/1153/1860
f 1701/1017/1709 1696/1012/1704 1852/1153/1860
f 1853/1154/1861 1852/1153/1860 1695/1011/1703
f 1847/1148/1855 1853/1154/1861 1693/1009/1701
f 1852/1153/1860 1853/1154/1861 1851/1152/1859
f 1695/1011/1703 1693/1009/1701 1853/1154/1861
f 1848/1149/1856 1851/1152/1859 1853/1154/1861
f 1847/1148/1855 1848/1149/1856 1853/1154/1861
f 1839/1140/1847 1843/1144/1851 1854/1155/1862
f 1854/1155/1862 1838/1139/1846 1839/1140/1847
f 1854/1155/1862 1843/1144/1851 1689/1005/1697
f 1854/1155/1862 1689/1005/1697 1835/1136/1843
f 1854/1155/1862 1790/1097/1798 1838/1139/1846
f 1790/1097/1798 1854/1155/1862 1835/1136/1843
s 18
g mixamorig:Head
f 1659/986/1667 1855/1156/1863 1660/987/1668
f 1856/1157/1864 1855/1156/1863 1857/1158/1865
f 1855/1156/1863 1858/1159/1866 1660/987/1668
f 1858/1159/1866 1656/983/1664 1660/987/1668
f 1855/1156/1863 1856/1157/1864 1858/1159/1866
s 6
g mixamorig:RightArm
f 1773/1081/1781 1780/1088/1788 1859/1160/1867
f 1783/1091/1791 1773/1081/1781 1859/1160/1867
g mixamorig:Hips
f 1783/1091/1791 1860/1161/1868 1781/1089/1789
f 1860/1161/1868 1783/1091/1791 1859/1160/1867
s 18
g mixamorig:Neck
f 1861/1162/1869 1856/1157/1864 1857/1158/1865
f 1861/1162/1869 1857/1158/1865 1862/1163/1870
f 1861/1162/1869 1862/1163/1870 1863/1164/1871
g mixamorig:RightShoulder
f 1864/1165/1872 1863/1164/1871 1865/1166/1873
f 1863/1164/1871 1866/1167/1874 1865/1166/1873
f 1863/1164/1871 1862/1163/1870 1866/1167/1874
s 6
g mixamorig:Spine2
f 1821/1121/1829 1867/1168/1875 1819/1122/1827
f 1867/1168/1875 1821/1121/1829 1868/1169/1876
f 1332/860/1334 1869/1169/1877 1818/1121/1826
f 1869/1169/1877 1332/860/1334 1870/1170/1878
f 1332/860/1334 466/412/466 1870/1170/1878
g mixamorig:Spine1
f 1329/857/1331 1800/1107/1808 1335/863/1337
f 1336/864/1338 467/413/467 1335/863/1337
f 1800/1107/1808 1871/1171/1879 1335/863/1337
g mixamorig:Spine
f 1871/1171/1879 1800/1107/1808 1802/1098/1810
g mixamorig:Spine1
f 1872/1172/1880 1335/863/1337 1871/1171/1879
f 1335/863/1337 1872/1172/1880 1336/864/1338
g mixamorig:Spine
f 1793/1100/1801 1797/1104/1805 1873/1173/1881
f 1791/1098/1799 1793/1100/1801 1873/1173/1881
f 1874/1171/1882 1791/1098/1799 1873/1173/1881
f 1874/1171/1882 1873/1173/1881 1875/1174/1883
f 1876/1175/1884 1875/1174/1883 1873/1173/1881
g mixamorig:Hips
f 1873/1173/1881 1797/1104/1805 1876/1175/1884
f 1875/1174/1883 1876/1175/1884 1877/1176/1885
g mixamorig:Spine
f 1878/1172/1886 1874/1171/1882 1875/1174/1883
g mixamorig:Spine2
f 1868/1169/1876 1879/1177/1887 1867/1168/1875
f 1879/1177/1887 1868/1169/1876 1880/1178/1888
f 1869/1169/1877 1870/1170/1878 1881/1178/1889
f 1870/1170/1878 466/412/466 469/415/469
f 1881/1178/1889 1870/1170/1878 469/415/469
g mixamorig:Neck
f 1882/1179/1890 1867/1168/1875 1879/1177/1887
f 1882/1179/1890 1883/1180/1891 1867/1168/1875
g mixamorig:Spine2
f 1883/1180/1891 1819/1122/1827 1867/1168/1875
g mixamorig:Neck
f 1883/1180/1891 1884/1181/1892 1819/1122/1827
g mixamorig:Spine2
f 1884/1181/1892 1822/1123/1830 1819/1122/1827
f 1822/1123/1830 1884/1181/1892 1885/1182/1893
f 1822/1123/1830 1885/1182/1893 1826/1127/1834
g mixamorig:Neck
f 1813/1116/1821 1826/1127/1834 1886/1183/1894
f 1826/1127/1834 1885/1182/1893 1886/1183/1894
g mixamorig:Head
f 1886/1183/1894 1662/989/1670 1813/1116/1821
s 18
g mixamorig:RightArm
f 1887/1184/1895 1888/1185/1896 1889/1186/1897
f 1888/1185/1896 1887/1184/1895 1890/1187/1898
g mixamorig:RightShoulder
f 1891/1188/1899 1889/1186/1897 1888/1185/1896
f 1889/1186/1897 1891/1188/1899 1892/1189/1900
s 6
g mixamorig:Spine1
f 1893/1190/1901 1859/1160/1867 1780/1088/1788
f 1860/1161/1868 1859/1160/1867 1894/1191/1902
f 1859/1160/1867 1893/1190/1901 1894/1191/1902
f 1895/1192/1903 1894/1191/1902 1893/1190/1901
f 1894/1191/1902 1895/1192/1903 1896/1193/1904
s 18
g mixamorig:RightShoulder
f 1344/872/1346 1897/1194/1905 1892/1189/1900
g mixamorig:Spine2
f 1897/1194/1905 1344/872/1346 1343/871/1345
g mixamorig:RightShoulder
f 1892/1189/1900 1891/1188/1899 1350/878/1352
f 1344/872/1346 1892/1189/1900 1350/878/1352
s 6
g mixamorig:Spine
f 1898/1195/1906 1899/1196/1907 1900/1197/1908
f 1899/1196/1907 1898/1195/1906 1901/1198/1909
f 1902/1199/1910 1901/1198/1909 1898/1195/1906
f 1901/1198/1909 1902/1199/1910 1903/1200/1911
g mixamorig:Hips
f 1894/1191/1902 1904/1201/1912 1860/1161/1868
g mixamorig:Spine
f 1904/1201/1912 1896/1193/1904 1903/1200/1911
f 1902/1199/1910 1904/1201/1912 1903/1200/1911
f 1896/1193/1904 1904/1201/1912 1894/1191/1902
g mixamorig:Spine1
f 1896/1193/1904 1895/1192/1903 1905/1202/1913
f 1903/1200/1911 1896/1193/1904 1905/1202/1913
f 1901/1198/1909 1906/1203/1914 1899/1196/1907
f 1907/1204/1915 1903/1200/1911 1905/1202/1913
f 1903/1200/1911 1907/1204/1915 1901/1198/1909
f 1906/1203/1914 1901/1198/1909 1907/1204/1915
f 1907/1204/1915 1908/1205/1916 1906/1203/1914
f 1905/1202/1913 1908/1205/1916 1907/1204/1915
f 1895/1192/1903 1909/1206/1917 1905/1202/1913
f 1908/1205/1916 1905/1202/1913 1909/1206/1917
s 18
g mixamorig:Spine2
f 1910/1207/1918 1911/1206/1919 1343/871/1345
f 1911/1206/1919 1910/1207/1918 1912/1205/1920
s 6
g mixamorig:Spine1
f 1906/1203/1914 1908/1205/1916 1913/1208/1921
s 18
g mixamorig:Spine2
f 1914/1208/1922 1912/1205/1920 1910/1207/1918
f 1914/1208/1922 1910/1207/1918 1915/896/1923
g mixamorig:Head
f 1855/1156/1863 1338/866/1340 1857/1158/1865
f 1916/1209/1924 1855/1156/1863 1659/986/1667
f 1338/866/1340 1855/1156/1863 1916/1209/1924
f 1659/986/1667 1917/1210/1925 1916/1209/1924
f 1339/867/1341 1338/866/1340 1916/1209/1924
f 1339/867/1341 1916/1209/1924 1918/1211/1926
f 1917/1210/1925 1918/1211/1926 1916/1209/1924
f 1918/1211/1926 1917/1210/1925 1919/1212/1927
f 1340/868/1342 1339/867/1341 1918/1211/1926
f 1340/868/1342 1918/1211/1926 1920/1213/1928
f 1921/1214/1929 1918/1211/1926 1919/1212/1927
f 1918/1211/1926 1921/1214/1929 1920/1213/1928
g mixamorig:Neck
f 1340/868/1342 1337/865/1339 1339/867/1341
g mixamorig:Spine2
f 1915/896/1923 1910/1207/1918 1342/870/1344
f 1343/871/1345 1342/870/1344 1910/1207/1918
f 1915/896/1923 1342/870/1344 1346/874/1348
f 1344/872/1346 1350/878/1352 1347/875/1349
f 1341/869/1343 1349/877/1351 1337/865/1339
f 1350/878/1352 1349/877/1351 1347/875/1349
g mixamorig:RightShoulder
f 1891/1188/1899 1351/879/1353 1350/878/1352
f 1922/1215/1930 1892/1189/1900 1897/1194/1905
f 1892/1189/1900 1922/1215/1930 1889/1186/1897
g mixamorig:RightArm
f 1889/1186/1897 1923/1216/1931 1887/1184/1895
f 1923/1216/1931 1889/1186/1897 1922/1215/1930
s 6
f 1770/1078/1778 1924/1217/1932 1769/1077/1777
f 1924/1217/1932 1780/1088/1788 1769/1077/1777
g mixamorig:Spine1
f 1780/1088/1788 1924/1217/1932 1893/1190/1901
f 1909/1206/1917 1895/1192/1903 1925/1218/1933
f 1893/1190/1901 1924/1217/1932 1925/1218/1933
f 1895/1192/1903 1893/1190/1901 1925/1218/1933
s 18
g mixamorig:Spine2
f 1911/1206/1919 1926/1218/1934 1343/871/1345
g mixamorig:Spine1
f 1926/1218/1934 1897/1194/1905 1343/871/1345
s 6
g mixamorig:RightArm
f 1770/1078/1778 1927/1219/1935 1924/1217/1932
g mixamorig:Spine1
f 1925/1218/1933 1924/1217/1932 1928/1220/1936
g mixamorig:RightArm
f 1928/1220/1936 1924/1217/1932 1927/1219/1935
f 1927/1219/1935 1923/1216/1937 1928/1220/1936
s 18
f 1923/1216/1931 1922/1215/1930 1929/1220/1938
g mixamorig:RightShoulder
f 1922/1215/1930 1897/1194/1905 1929/1220/1938
g mixamorig:Spine1
f 1926/1218/1934 1929/1220/1938 1897/1194/1905
g mixamorig:RightArm
f 1890/1187/1898 1930/1221/1939 1888/1185/1896
g mixamorig:RightShoulder
f 1866/1167/1874 1930/1221/1939 1865/1166/1873
f 1888/1185/1896 1930/1221/1939 1931/1222/1940
f 1931/1222/1940 1891/1188/1899 1888/1185/1896
f 1930/1221/1939 1866/1167/1874 1931/1222/1940
g mixamorig:Neck
f 1866/1167/1874 1862/1163/1870 1932/1223/1941
f 1862/1163/1870 1857/1158/1865 1932/1223/1941
g mixamorig:Head
f 1338/866/1340 1932/1223/1941 1857/1158/1865
g mixamorig:RightShoulder
f 1866/1167/1874 1932/1223/1941 1931/1222/1940
f 1891/1188/1899 1931/1222/1940 1933/1224/1942
f 1351/879/1353 1891/1188/1899 1933/1224/1942
f 1933/1224/1942 1931/1222/1940 1932/1223/1941
f 1932/1223/1941 1351/879/1353 1933/1224/1942
g mixamorig:Spine2
f 1352/880/1354 1349/877/1351 1351/879/1353
g mixamorig:Neck
f 1932/1223/1941 1338/866/1340 1352/880/1354
g mixamorig:Spine2
f 1351/879/1353 1932/1223/1941 1352/880/1354
s 17
g mixamorig:LeftArm
f 1934/1007/1943 1935/1006/1944 1936/1005/1945
f 1935/1006/1944 1937/1008/1946 1936/1005/1945
f 1935/1006/1944 1938/1009/1947 1937/1008/1946
f 1938/1009/1947 1935/1006/1944 1939/1010/1948
f 1938/1009/1947 1939/1010/1948 1940/1011/1949
f 1939/1010/1948 1941/1012/1950 1940/1011/1949
f 1934/1007/1943 1942/1013/1951 1935/1006/1944
f 1943/1014/1952 1942/1013/1951 1934/1007/1943
f 1935/1006/1944 1942/1013/1951 1944/1015/1953
f 1935/1006/1944 1944/1015/1953 1939/1010/1948
f 1944/1015/1953 1941/1012/1950 1939/1010/1948
f 1941/1012/1950 1944/1015/1953 1945/1016/1954
f 1945/1016/1954 1946/1017/1955 1941/1012/1950
f 1945/1016/1954 1947/1018/1956 1946/1017/1955
g mixamorig:LeftForeArm
f 1354/784/1356 1353/783/1355 1357/785/1359
g mixamorig:LeftArm
f 1356/786/1358 1948/1019/1957 1357/785/1359
f 1354/784/1356 1357/785/1359 1948/1019/1957
f 1948/1019/1957 1356/786/1358 1949/1020/1958
f 1948/1019/1957 1949/1020/1958 1950/1021/1959
f 1949/1020/1958 1951/1022/1960 1950/1021/1959
f 1356/786/1358 1359/788/1361 1949/1020/1958
f 1949/1020/1958 1952/1023/1961 1951/1022/1960
f 1359/788/1361 1952/1023/1961 1949/1020/1958
g mixamorig:LeftForeArm
f 1359/788/1361 1358/787/1360 1375/789/1377
g mixamorig:LeftArm
f 1952/1023/1961 1953/1024/1962 1951/1022/1960
f 1375/789/1377 1954/1025/1963 1359/788/1361
g mixamorig:LeftForeArm
f 1954/1025/1963 1375/789/1377 1377/811/1379
g mixamorig:LeftArm
f 1952/1023/1961 1955/1026/1964 1953/1024/1962
f 1956/1014/1965 1951/1022/1960 1953/1024/1962
f 1953/1024/1962 1955/1026/1964 1956/1014/1965
f 1956/1014/1965 1955/1026/1964 1957/1013/1966
f 1955/1026/1964 1952/1023/1961 1958/1027/1967
f 1359/788/1361 1958/1027/1967 1952/1023/1961
f 1958/1027/1967 1359/788/1361 1954/1025/1963
f 1954/1025/1963 1377/811/1379 1388/820/1390
f 1954/1025/1963 1388/820/1390 1959/791/1968
f 1959/791/1968 1958/1027/1967 1954/1025/1963
f 1955/1026/1964 1960/1028/1969 1957/1013/1966
f 1957/1013/1966 1960/1028/1969 1961/1015/1970
f 1955/1026/1964 1962/1029/1971 1960/1028/1969
f 1958/1027/1967 1959/791/1968 1962/1029/1971
f 1962/1029/1971 1955/1026/1964 1958/1027/1967
f 1959/791/1968 1388/820/1390 1360/790/1362
f 1362/792/1364 1959/791/1968 1360/790/1362
f 1960/1028/1969 1963/1016/1972 1961/1015/1970
f 1960/1028/1969 1962/1029/1971 1964/1030/1973
f 1963/1016/1972 1960/1028/1969 1964/1030/1973
f 1962/1029/1971 1965/1031/1974 1964/1030/1973
f 1965/1031/1974 1959/791/1968 1362/792/1364
f 1962/1029/1971 1959/791/1968 1965/1031/1974
f 1966/1032/1975 1362/792/1364 1361/691/1363
f 1963/1016/1972 1967/1033/1976 1947/1018/1956
f 1964/1030/1973 1965/1031/1974 1967/1033/1976
f 1967/1033/1976 1963/1016/1972 1964/1030/1973
f 1965/1031/1974 1968/1032/1977 1967/1033/1976
f 1968/1032/1977 1965/1031/1974 1362/792/1364
f 1363/793/1365 1966/1032/1975 1361/691/1363
f 1365/793/1367 1967/1033/1976 1968/1032/1977
f 1967/1033/1976 1365/793/1367 1969/1034/1978
f 1969/1034/1978 1947/1018/1956 1967/1033/1976
f 1947/1018/1956 1969/1034/1978 1970/1035/1979
f 1970/1035/1979 1969/1034/1978 1971/1036/1980
f 1971/1036/1980 1969/1034/1978 1972/1037/1981
f 1969/1034/1978 1365/793/1367 1364/794/1366
f 1972/1037/1981 1969/1034/1978 1364/794/1366
f 1973/1038/1982 1971/1036/1980 1972/1037/1981
f 1971/1036/1980 1973/1038/1982 1974/1039/1983
f 1972/1037/1981 1364/794/1366 1368/797/1370
f 1364/794/1366 1366/795/1368 1368/797/1370
f 1973/1038/1982 1972/1037/1981 1368/797/1370
f 1368/797/1370 1975/1040/1984 1973/1038/1982
f 1976/1041/1985 1974/1039/1983 1973/1038/1982
f 1975/1040/1984 1976/1041/1985 1973/1038/1982
f 1405/881/1407 1367/796/1369 1057/695/1059
f 1368/797/1370 1367/796/1369 1977/1042/1986
f 1975/1040/1984 1368/797/1370 1977/1042/1986
f 1978/1043/1987 1979/1045/1988 1980/1044/1989
f 1979/1045/1988 1981/1046/1990 1980/1044/1989
f 1979/1045/1988 1982/1047/1991 1981/1046/1990
f 1982/1047/1991 1979/1045/1988 1983/1048/1992
f 1370/800/1372 1371/801/1373 1410/802/1412
f 1984/1049/1993 1981/1046/1990 1982/1047/1991
f 1981/1046/1990 1984/1049/1993 1372/803/1374
f 1372/803/1374 1980/1044/1989 1981/1046/1990
f 1372/803/1374 1984/1049/1993 1371/801/1373
f 1373/804/1375 1950/1021/1959 1980/1044/1989
f 1980/1044/1989 1372/803/1374 1373/804/1375
f 1354/784/1356 1948/1019/1957 1373/804/1375
f 1373/804/1375 1372/803/1374 1369/799/1371
f 1950/1021/1959 1373/804/1375 1948/1019/1957
f 1951/1022/1960 1956/1014/1965 1985/1050/1994
f 1985/1050/1994 1950/1021/1959 1951/1022/1960
f 1986/1051/1995 1946/1017/1955 1947/1018/1956
f 1947/1018/1956 1970/1035/1979 1986/1051/1995
g mixamorig:LeftForeArm
f 1375/789/1377 1374/805/1376 1376/806/1378
f 1377/811/1379 1376/806/1378 1987/812/1996
f 1422/815/1424 1376/806/1378 1374/805/1376
f 1422/815/1424 1987/812/1996 1376/806/1378
f 1422/815/1424 1380/810/1382 1379/808/1381
f 1987/812/1996 1422/815/1424 1384/816/1386
f 1384/816/1386 1422/815/1424 1379/808/1381
f 1386/818/1388 1384/816/1386 1382/813/1384
f 1377/811/1379 1387/819/1389 1388/820/1390
f 1377/811/1379 1987/812/1996 1387/819/1389
f 1384/816/1386 1386/818/1388 1390/822/1392
f 1987/812/1996 1390/822/1392 1387/819/1389
f 1390/822/1392 1987/812/1996 1384/816/1386
f 1392/823/1394 1386/818/1388 1385/817/1387
f 1392/823/1394 1385/817/1387 1393/824/1395
f 1390/822/1392 1396/828/1398 1389/821/1391
f 1390/822/1392 1386/818/1388 1396/828/1398
f 1396/828/1398 1386/818/1388 1392/823/1394
f 1396/828/1398 1395/827/1397 1389/821/1391
f 1397/833/1399 1396/828/1398 1392/823/1394
f 1397/833/1399 1392/823/1394 1391/825/1393
f 1397/833/1399 1391/825/1393 1398/829/1400
f 1401/832/1403 1395/827/1397 1397/833/1399
f 1401/832/1403 1397/833/1399 1398/829/1400
f 1988/838/1997 1401/832/1403 1398/829/1400
f 1988/838/1997 1398/829/1400 1403/835/1405
f 1401/832/1403 1988/838/1997 1404/836/1406
f 1404/836/1406 1400/831/1402 1401/832/1403
f 1404/836/1406 1988/838/1997 1989/839/1998
f 1989/839/1998 1988/838/1997 1990/837/1999
f 1988/838/1997 1403/835/1405 1990/837/1999
f 1406/840/1408 1404/836/1406 1989/839/1998
f 1991/1052/2000 1989/839/1998 1990/837/1999
f 1406/840/1408 1989/839/1998 1992/843/2001
f 1989/839/1998 1991/1052/2000 1992/843/2001
f 1405/881/1407 1058/696/1060 1407/841/1409
f 1408/842/1410 1406/840/1408 1992/843/2001
f 1993/1053/2002 1994/1054/2003 1995/1056/2004
g mixamorig:LeftHandThumb1
f 1994/1054/2003 1993/1053/2002 1996/1055/2005
g mixamorig:LeftForeArm
f 1370/800/1372 1409/846/1411 1411/844/1413
f 1994/1054/2003 1414/848/1416 1995/1056/2004
f 1414/848/1416 1412/845/1414 1995/1056/2004
f 1414/848/1416 1411/844/1413 1412/845/1414
g mixamorig:LeftHandThumb1
f 1996/1055/2005 1417/882/1419 1994/1054/2003
f 1417/882/1419 1996/1055/2005 1418/883/1420
g mixamorig:LeftForeArm
f 1416/852/1418 1414/848/1416 1994/1054/2003
f 1416/852/1418 1413/847/1415 1414/848/1416
g mixamorig:LeftHandThumb1
f 1417/882/1419 1416/852/1418 1994/1054/2003
f 1418/883/1420 1415/850/1417 1417/882/1419
f 1419/849/1421 1380/810/1382 1415/850/1417
g mixamorig:LeftForeArm
f 1416/852/1418 1420/851/1422 1413/847/1415
f 1416/852/1418 1421/853/1423 1420/851/1422
f 1416/852/1418 1415/850/1417 1421/853/1423
f 1423/854/1425 1420/851/1422 1421/853/1423
f 1421/853/1423 1380/810/1382 1423/854/1425
g mixamorig:LeftArm
f 1997/1058/2006 1978/1043/1987 1998/1057/2007
f 1978/1043/1987 1997/1058/2006 1999/1059/2008
f 1978/1043/1987 2000/1060/2009 1979/1045/1988
f 2000/1060/2009 1978/1043/1987 1999/1059/2008
f 2000/1060/2009 1983/1048/1992 1979/1045/1988
f 1983/1048/1992 2000/1060/2009 2001/1061/2010
f 1974/1039/1983 1976/1041/1985 2002/1062/2011
f 2003/1063/2012 1971/1036/1980 1974/1039/1983
f 2002/1062/2011 2003/1063/2012 1974/1039/1983
f 2004/1064/2013 1970/1035/1979 1971/1036/1980
f 1971/1036/1980 2003/1063/2012 2004/1064/2013
f 1970/1035/1979 2004/1064/2013 2005/1065/2014
f 1970/1035/1979 2006/1066/2015 1986/1051/1995
f 2006/1066/2015 1970/1035/1979 2005/1065/2014
f 1986/1051/1995 2006/1066/2015 2007/1067/2016
f 1986/1051/1995 2007/1067/2016 2008/1068/2017
f 1986/1051/1995 2008/1068/2017 1946/1017/1955
f 2009/1069/2018 2010/1071/2019 2011/1070/2020
f 2012/1072/2021 1998/1057/2007 2010/1071/2019
g mixamorig:LeftShoulder
f 2010/1071/2019 2009/1069/2018 2012/1072/2021
g mixamorig:LeftArm
f 1998/1057/2007 2012/1072/2021 1997/1058/2006
s 6
f 2013/1225/2022 2014/1226/2023 2015/1227/2024
f 2015/1227/2024 2014/1226/2023 2016/1228/2025
f 2017/1229/2026 2018/1230/2027 2019/1231/2028
f 2019/1231/2028 2018/1230/2027 2020/1232/2029
f 2021/1233/2030 2013/1225/2022 2022/1234/2031
f 2015/1227/2024 2022/1234/2031 2013/1225/2022
g mixamorig:LeftShoulder
f 2014/1226/2023 2013/1225/2022 2023/1235/2032
f 2024/1236/2033 2023/1235/2032 2013/1225/2022
f 2021/1233/2030 2025/1237/2034 2013/1225/2022
f 2013/1225/2022 2025/1237/2034 2024/1236/2033
f 2026/1238/2035 2024/1236/2033 2025/1237/2034
f 2025/1237/2034 2021/1233/2030 2027/1239/2036
g mixamorig:Spine1
f 2025/1237/2034 2027/1239/2036 2028/1240/2037
g mixamorig:Hips
f 2025/1237/2034 2029/1241/2038 2026/1238/2035
g mixamorig:LeftShoulder
f 2017/1229/2026 2030/1242/2039 2018/1230/2027
f 2030/1242/2039 2017/1229/2026 2031/1243/2040
g mixamorig:Hips
f 2026/1238/2035 2032/1244/2041 2033/1245/2042
f 2026/1238/2035 2033/1245/2042 2034/1246/2043
g mixamorig:LeftShoulder
f 2024/1236/2033 2034/1246/2043 2023/1235/2032
f 2026/1238/2035 2034/1246/2043 2024/1236/2033
g mixamorig:LeftArm
f 2022/1234/2031 2035/1247/2044 2021/1233/2030
g mixamorig:LeftShoulder
f 2021/1233/2030 2035/1247/2044 2036/1248/2045
s 17
g mixamorig:LeftArm
f 2037/1094/2046 2010/1071/2019 1998/1057/2007
f 1998/1057/2007 1978/1043/1987 2038/1095/2047
f 1950/1021/1959 2038/1095/2047 1980/1044/1989
f 1978/1043/1987 1980/1044/1989 2038/1095/2047
f 1950/1021/1959 1985/1050/1994 2038/1095/2047
f 2037/1094/2046 1998/1057/2007 2038/1095/2047
f 2038/1095/2047 2039/1050/2048 2037/1094/2046
f 2040/1096/2049 1943/1014/1952 1934/1007/1943
f 2037/1094/2046 2039/1050/2048 2040/1096/2049
f 2039/1050/2048 1943/1014/1952 2040/1096/2049
f 2010/1071/2019 2037/1094/2046 2041/1097/2050
f 2041/1097/2050 2037/1094/2046 2040/1096/2049
s 6
g mixamorig:Spine
f 2042/1249/2051 2043/1250/2052 2044/1251/2053
f 2043/1250/2052 2042/1249/2051 2045/1252/2054
g mixamorig:Spine1
f 2046/1253/2055 2025/1237/2034 2028/1240/2037
g mixamorig:Hips
f 2025/1237/2034 2046/1253/2055 2029/1241/2038
g mixamorig:Spine1
f 2028/1240/2037 2044/1251/2053 2046/1253/2055
g mixamorig:Spine
f 2044/1251/2053 2043/1250/2052 2046/1253/2055
g mixamorig:Hips
f 2045/1252/2054 2047/1254/2056 2043/1250/2052
f 2047/1254/2056 2046/1253/2055 2043/1250/2052
f 2047/1254/2056 2045/1252/2054 2048/1255/2057
f 2029/1241/2038 2049/1256/2058 2026/1238/2035
f 2049/1256/2058 2032/1244/2041 2026/1238/2035
f 2050/1257/2059 2029/1241/2038 2046/1253/2055
f 2046/1253/2055 2047/1254/2056 2050/1257/2059
f 2029/1241/2038 2050/1257/2059 2049/1256/2058
g mixamorig:Spine1
f 2051/1258/2060 2052/1251/2061 2053/1259/2062
g mixamorig:Spine
f 2052/1251/2061 2051/1258/2060 2054/1249/2063
g mixamorig:Spine1
f 2055/1260/2064 2053/1259/2062 2056/1240/2065
f 2053/1259/2062 2052/1251/2061 2056/1240/2065
f 1426/886/1428 2053/1259/2062 2055/1260/2064
f 2051/1258/2060 2053/1259/2062 1426/886/1428
f 1426/886/1428 1425/885/1427 2051/1258/2060
g mixamorig:Spine2
f 1425/885/1427 1424/884/1426 1428/888/1430
g mixamorig:Spine1
f 1426/886/1428 2055/1260/2064 2057/1261/2066
f 2056/1240/2065 2058/1239/2067 2055/1260/2064
g mixamorig:LeftShoulder
f 2021/1233/2030 2059/1262/2068 2058/1239/2067
f 2059/1262/2068 2021/1233/2030 2036/1248/2045
g mixamorig:Spine1
f 2058/1239/2067 2059/1262/2068 2055/1260/2064
f 2057/1261/2066 2055/1260/2064 2059/1262/2068
g mixamorig:LeftShoulder
f 2035/1247/2044 2060/1263/2069 2036/1248/2045
g mixamorig:Spine2
f 2061/1264/2070 1426/886/1428 2057/1261/2066
f 2057/1261/2066 2062/1265/2071 2061/1264/2070
f 1426/886/1428 2061/1264/2070 1424/884/1426
g mixamorig:LeftShoulder
f 2063/1266/2072 2059/1262/2068 2036/1248/2045
f 2060/1263/2069 2063/1266/2072 2036/1248/2045
g mixamorig:Spine2
f 2063/1266/2072 2060/1263/2069 2062/1265/2071
f 2057/1261/2066 2059/1262/2068 2063/1266/2072
f 2062/1265/2071 2057/1261/2066 2063/1266/2072
g mixamorig:Head
f 2064/1267/2073 2065/1268/2074 2066/1269/2075
f 2067/1270/2076 1679/1001/1687 1681/1003/1689
f 2066/1269/2075 2067/1270/2076 1681/1003/1689
f 2065/1268/2074 2067/1270/2076 2066/1269/2075
g mixamorig:LeftShoulder
f 2060/1263/2069 2035/1247/2044 2068/1271/2077
g mixamorig:Spine2
f 2069/1272/2078 1427/887/1429 1430/890/1432
f 1430/890/1432 1424/884/1426 2061/1264/2070
f 2069/1272/2078 2070/1273/2079 1427/887/1429
f 1429/889/1431 1427/887/1429 2070/1273/2079
f 2071/1272/2080 2072/1274/2081 2073/1273/2082
f 2072/1274/2081 2071/1272/2080 2074/1275/2083
g mixamorig:Neck
f 2075/1276/2084 2065/1268/2074 2064/1267/2073
f 2065/1268/2074 2075/1276/2084 2076/1277/2085
g mixamorig:Spine2
f 2077/1278/2086 2074/1275/2083 2071/1272/2080
f 1430/890/1432 2077/1278/2086 2069/1272/2078
g mixamorig:Head
f 2064/1267/2073 2066/1269/2075 2078/1279/2087
g mixamorig:Spine2
f 2077/1278/2086 2064/1267/2073 2078/1279/2087
f 2074/1275/2083 2077/1278/2086 2078/1279/2087
f 2079/1280/2088 2061/1264/2070 2062/1265/2071
f 2061/1264/2070 2079/1280/2088 1430/890/1432
g mixamorig:LeftShoulder
f 2080/1281/2089 2076/1277/2085 2075/1276/2084
f 2062/1265/2071 2081/1282/2090 2079/1280/2088
f 2081/1282/2090 2062/1265/2071 2060/1263/2069
f 2081/1282/2090 2060/1263/2069 2082/1283/2091
f 2082/1283/2091 2060/1263/2069 2068/1271/2077
f 2064/1267/2073 2083/1284/2092 2075/1276/2084
g mixamorig:Spine2
f 2083/1284/2092 2064/1267/2073 2077/1278/2086
f 2077/1278/2086 1430/890/1432 2083/1284/2092
f 2083/1284/2092 1430/890/1432 2079/1280/2088
g mixamorig:LeftShoulder
f 2083/1284/2092 2079/1280/2088 2081/1282/2090
f 2081/1282/2090 2082/1283/2091 2084/1285/2093
f 2084/1285/2093 2080/1281/2089 2085/1286/2094
f 2081/1282/2090 2084/1285/2093 2085/1286/2094
f 2081/1282/2090 2085/1286/2094 2083/1284/2092
f 2075/1276/2084 2085/1286/2094 2080/1281/2089
f 2083/1284/2092 2085/1286/2094 2075/1276/2084
f 2080/1281/2089 2084/1285/2093 2086/1287/2095
s 17
g mixamorig:LeftArm
f 1934/1007/1943 1936/1005/1945 2087/1136/2096
f 2041/1097/2050 2040/1096/2049 2087/1136/2096
f 2087/1136/2096 2040/1096/2049 1934/1007/1943
g mixamorig:LeftShoulder
f 2011/1070/2020 2088/1137/2097 2009/1069/2018
f 2088/1137/2097 2011/1070/2020 2089/1138/2098
g mixamorig:LeftArm
f 2010/1071/2019 2090/1139/2099 2011/1070/2020
f 2090/1139/2099 2089/1138/2098 2011/1070/2020
f 2090/1139/2099 2010/1071/2019 2041/1097/2050
f 2089/1138/2098 2090/1139/2099 2091/1140/2100
g mixamorig:LeftShoulder
f 2089/1138/2098 2092/1141/2101 2088/1137/2097
f 2092/1141/2101 2089/1138/2098 2093/1142/2102
g mixamorig:LeftArm
f 2091/1140/2100 2093/1142/2102 2089/1138/2098
f 2094/1143/2103 1936/1005/1945 1937/1008/1946
f 1938/1009/1947 2094/1143/2103 1937/1008/1946
f 1936/1005/1945 2094/1143/2103 2095/1144/2104
f 2095/1144/2104 2096/1145/2105 2091/1140/2100
f 2096/1145/2105 2095/1144/2104 2094/1143/2103
f 2093/1142/2102 2091/1140/2100 2096/1145/2105
g mixamorig:LeftShoulder
f 2092/1141/2101 2093/1142/2102 2097/1146/2106
f 2092/1141/2101 2097/1146/2106 2098/1147/2107
g mixamorig:LeftArm
f 2096/1145/2105 2094/1143/2103 2099/1148/2108
f 2094/1143/2103 1938/1009/1947 2099/1148/2108
f 2096/1145/2105 2099/1148/2108 2100/1149/2109
f 2093/1142/2102 2096/1145/2105 2100/1149/2109
g mixamorig:LeftShoulder
f 2093/1142/2102 2100/1149/2109 2097/1146/2106
f 2007/1067/2016 2101/1150/2110 2008/1068/2017
f 2097/1146/2106 2101/1150/2110 2098/1147/2107
f 2098/1147/2107 2101/1150/2110 2102/1151/2111
f 2101/1150/2110 2007/1067/2016 2102/1151/2111
g mixamorig:LeftArm
f 2097/1146/2106 2103/1152/2112 2101/1150/2110
f 2097/1146/2106 2100/1149/2109 2103/1152/2112
f 2103/1152/2112 2008/1068/2017 2101/1150/2110
f 1946/1017/1955 2104/1153/2113 1941/1012/1950
f 2008/1068/2017 2103/1152/2112 2104/1153/2113
f 1946/1017/1955 2008/1068/2017 2104/1153/2113
f 1941/1012/1950 2104/1153/2113 1940/1011/1949
f 1938/1009/1947 2105/1154/2114 2099/1148/2108
f 1938/1009/1947 1940/1011/1949 2105/1154/2114
f 2104/1153/2113 2105/1154/2114 1940/1011/1949
f 2099/1148/2108 2105/1154/2114 2100/1149/2109
f 2103/1152/2112 2100/1149/2109 2105/1154/2114
f 2105/1154/2114 2104/1153/2113 2103/1152/2112
f 2106/1155/2115 1936/1005/1945 2095/1144/2104
f 2087/1136/2096 1936/1005/1945 2106/1155/2115
f 2106/1155/2115 2091/1140/2100 2090/1139/2099
f 2091/1140/2100 2106/1155/2115 2095/1144/2104
f 2106/1155/2115 2041/1097/2050 2087/1136/2096
f 2041/1097/2050 2106/1155/2115 2090/1139/2099
s 18
g mixamorig:Head
f 2107/1288/2116 2108/1289/2117 2109/1290/2118
f 1678/1000/1686 1677/999/1685 2109/1290/2118
f 2107/1288/2116 2109/1290/2118 2110/1291/2119
f 2109/1290/2118 1677/999/1685 2110/1291/2119
f 2110/1291/2119 1677/999/1685 1674/996/1682
s 6
g mixamorig:LeftShoulder
f 2111/1292/2120 2112/1293/2121 2031/1243/2040
f 2030/1242/2039 2031/1243/2040 2112/1293/2121
g mixamorig:Hips
f 2111/1292/2120 2113/1294/2122 2112/1293/2121
f 2113/1294/2122 2111/1292/2120 2114/1295/2123
s 18
g mixamorig:Neck
f 2115/1296/2124 2108/1289/2117 2107/1288/2116
f 2108/1289/2117 2115/1296/2124 2116/1297/2125
g mixamorig:LeftShoulder
f 2117/1298/2126 2118/1299/2127 2119/1300/2128
g mixamorig:Neck
f 2115/1296/2124 2119/1300/2128 2116/1297/2125
g mixamorig:LeftShoulder
f 2119/1300/2128 2118/1299/2127 2120/1301/2129
f 2119/1300/2128 2120/1301/2129 2116/1297/2125
s 6
g mixamorig:Spine2
f 2121/1302/2130 2073/1273/2082 2072/1274/2081
g mixamorig:Neck
f 2121/1302/2130 1882/1179/1890 1879/1177/1887
g mixamorig:Spine2
f 2122/1303/2131 1879/1177/1887 1880/1178/1888
f 2073/1273/2082 2121/1302/2130 2122/1303/2131
f 1879/1177/1887 2122/1303/2131 2121/1302/2130
f 1429/889/1431 2070/1273/2079 2123/1303/2132
f 2123/1303/2132 1431/891/1433 1429/889/1431
f 2123/1303/2132 1881/1178/1889 1431/891/1433
f 1881/1178/1889 469/415/469 1431/891/1433
f 1429/889/1431 470/416/470 1428/888/1430
f 1431/891/1433 469/415/469 470/416/470
g mixamorig:Spine1
f 1432/892/1434 1425/885/1427 471/417/471
f 1425/885/1427 1432/892/1434 2051/1258/2060
f 1432/892/1434 1336/864/1338 1872/1172/1880
g mixamorig:Spine
f 2051/1258/2060 2124/1304/2133 2054/1249/2063
g mixamorig:Spine1
f 2051/1258/2060 1432/892/1434 2124/1304/2133
f 1432/892/1434 1872/1172/1880 2124/1304/2133
g mixamorig:Spine
f 1878/1172/1886 1875/1174/1883 2125/1304/2134
f 2125/1304/2134 2126/1305/2135 2042/1249/2051
f 2045/1252/2054 2126/1305/2135 2048/1255/2057
f 2042/1249/2051 2126/1305/2135 2045/1252/2054
f 2125/1304/2134 1875/1174/1883 2126/1305/2135
g mixamorig:Hips
f 2127/1306/2136 1875/1174/1883 1877/1176/1885
g mixamorig:Spine
f 1875/1174/1883 2127/1306/2136 2126/1305/2135
g mixamorig:Hips
f 2126/1305/2135 2127/1306/2136 2048/1255/2057
g mixamorig:Spine2
f 2121/1302/2130 2072/1274/2081 2128/1307/2137
g mixamorig:Neck
f 1882/1179/1890 2121/1302/2130 2128/1307/2137
g mixamorig:Spine2
f 2072/1274/2081 2074/1275/2083 2129/1308/2138
g mixamorig:Neck
f 2129/1308/2138 2128/1307/2137 2072/1274/2081
g mixamorig:Spine2
f 2074/1275/2083 2078/1279/2087 2130/1309/2139
f 2074/1275/2083 2130/1309/2139 2129/1308/2138
g mixamorig:Head
f 2078/1279/2087 2131/1310/2140 2130/1309/2139
f 2066/1269/2075 2131/1310/2140 2078/1279/2087
f 2131/1310/2140 2066/1269/2075 1681/1003/1689
s 18
g mixamorig:LeftShoulder
f 2132/1311/2141 2133/1312/2142 2134/1313/2143
f 2132/1311/2141 2134/1313/2143 2135/1314/2144
f 2133/1312/2142 2136/1315/2145 2134/1313/2143
f 2133/1312/2142 2137/1316/2146 2136/1315/2145
s 6
g mixamorig:Spine1
f 2112/1293/2121 2138/1317/2147 2030/1242/2039
f 2138/1317/2147 2112/1293/2121 2139/1318/2148
g mixamorig:Spine
f 2113/1294/2122 2139/1318/2148 2112/1293/2121
g mixamorig:Spine1
f 2140/1319/2149 2138/1317/2147 2139/1318/2148
f 2141/1320/2150 2140/1319/2149 2139/1318/2148
s 18
g mixamorig:Spine2
f 2142/1321/2151 1440/898/1442 2137/1316/2146
f 2142/1321/2151 2143/1322/2152 1440/898/1442
f 1440/898/1442 2144/1323/2153 2137/1316/2146
g mixamorig:LeftShoulder
f 2137/1316/2146 2144/1323/2153 2136/1315/2145
s 6
g mixamorig:Spine
f 1899/1196/1907 2145/1324/2154 1900/1197/1908
g mixamorig:Spine1
f 2146/1325/2155 1899/1196/1907 1906/1203/1914
g mixamorig:Spine
f 2145/1324/2154 1899/1196/1907 2146/1325/2155
f 2146/1325/2155 2147/1326/2156 2145/1324/2154
f 2147/1326/2156 2146/1325/2155 2148/1327/2157
f 2148/1327/2157 2149/1328/2158 2147/1326/2156
f 2141/1320/2150 2139/1318/2148 2149/1328/2158
f 2139/1318/2148 2113/1294/2122 2149/1328/2158
f 2149/1328/2158 2148/1327/2157 2141/1320/2150
f 2148/1327/2157 2150/1329/2159 2141/1320/2150
g mixamorig:Spine1
f 2141/1320/2150 2150/1329/2159 2140/1319/2149
f 2146/1325/2155 1906/1203/1914 2151/1330/2160
f 2151/1330/2160 2148/1327/2157 2146/1325/2155
f 2148/1327/2157 2151/1330/2160 2150/1329/2159
f 2152/1331/2161 2150/1329/2159 2151/1330/2160
f 2151/1330/2160 1906/1203/1914 2152/1331/2161
f 1906/1203/1914 1913/1208/1921 2152/1331/2161
f 2140/1319/2149 2150/1329/2159 2153/1332/2162
f 2150/1329/2159 2152/1331/2161 2153/1332/2162
s 18
g mixamorig:Spine2
f 2154/1332/2163 2155/1333/2164 2143/1322/2152
f 2155/1333/2164 2154/1332/2163 2156/1331/2165
f 2156/1331/2165 2157/1208/2166 2155/1333/2164
f 1436/896/1438 2155/1333/2164 2157/1208/2166
g mixamorig:Head
f 2109/1290/2118 2158/1334/2167 1678/1000/1686
f 2158/1334/2167 2109/1290/2118 1442/900/1444
f 1442/900/1444 2109/1290/2118 2108/1289/2117
f 1678/1000/1686 2158/1334/2167 2159/1335/2168
f 1442/900/1444 1434/894/1436 2158/1334/2167
f 2158/1334/2167 1434/894/1436 2160/1336/2169
f 2160/1336/2169 1920/1213/1928 1921/1214/1929
f 1340/868/1342 2160/1336/2169 1434/894/1436
f 2160/1336/2169 1340/868/1342 1920/1213/1928
f 2160/1336/2169 2159/1335/2168 2158/1334/2167
f 2159/1335/2168 2160/1336/2169 2161/1337/2170
f 2160/1336/2169 1921/1214/1929 2161/1337/2170
g mixamorig:Neck
f 1442/900/1444 1433/893/1435 1434/894/1436
g mixamorig:Spine2
f 1436/896/1438 1435/895/1437 2155/1333/2164
f 2143/1322/2152 1435/895/1437 1440/898/1442
f 2143/1322/2152 2155/1333/2164 1435/895/1437
f 1440/898/1442 1439/897/1441 2144/1323/2153
f 1341/869/1343 1441/899/1443 1348/876/1350
f 2144/1323/2153 1439/897/1441 1441/899/1443
f 2136/1315/2145 2144/1323/2153 2162/1338/2171
f 2144/1323/2153 1441/899/1443 2162/1338/2171
g mixamorig:LeftShoulder
f 2163/1339/2172 2137/1316/2146 2133/1312/2142
f 2163/1339/2172 2142/1321/2151 2137/1316/2146
f 2164/1340/2173 2133/1312/2142 2132/1311/2141
f 2164/1340/2173 2163/1339/2172 2133/1312/2142
s 6
g mixamorig:Spine1
f 2165/1341/2174 2030/1242/2039 2138/1317/2147
g mixamorig:LeftShoulder
f 2030/1242/2039 2165/1341/2174 2018/1230/2027
f 2018/1230/2027 2165/1341/2174 2020/1232/2029
g mixamorig:Spine1
f 2140/1319/2149 2166/1342/2175 2138/1317/2147
f 2153/1332/2162 2166/1342/2175 2140/1319/2149
f 2138/1317/2147 2166/1342/2175 2165/1341/2174
s 18
g mixamorig:Spine2
f 2167/1342/2176 2143/1322/2152 2142/1321/2151
f 2143/1322/2152 2167/1342/2176 2154/1332/2163
s 6
g mixamorig:LeftArm
f 2168/1343/2177 2020/1232/2029 2165/1341/2174
g mixamorig:LeftShoulder
f 2169/1344/2178 2168/1343/2177 2165/1341/2174
f 2168/1343/2177 2169/1344/2178 2164/1340/2179
g mixamorig:Spine1
f 2166/1342/2175 2169/1344/2178 2165/1341/2174
s 18
g mixamorig:LeftShoulder
f 2170/1344/2180 2142/1321/2151 2163/1339/2172
g mixamorig:Spine1
f 2170/1344/2180 2167/1342/2176 2142/1321/2151
g mixamorig:LeftShoulder
f 2164/1340/2173 2170/1344/2180 2163/1339/2172
f 2171/1345/2181 2120/1301/2129 2118/1299/2127
f 2135/1314/2144 2134/1313/2143 2171/1345/2181
f 2120/1301/2129 2171/1345/2181 2172/1346/2182
f 2134/1313/2143 2172/1346/2182 2171/1345/2181
f 2136/1315/2145 2172/1346/2182 2134/1313/2143
f 2120/1301/2129 2173/1347/2183 2116/1297/2125
g mixamorig:Neck
f 2116/1297/2125 2173/1347/2183 2108/1289/2117
g mixamorig:LeftShoulder
f 2173/1347/2183 2120/1301/2129 2172/1346/2182
g mixamorig:Neck
f 2173/1347/2183 1442/900/1444 2108/1289/2117
g mixamorig:LeftShoulder
f 2136/1315/2145 2162/1338/2171 2174/1348/2184
f 2162/1338/2171 2173/1347/2183 2174/1348/2184
f 2172/1346/2182 2136/1315/2145 2174/1348/2184
f 2173/1347/2183 2172/1346/2182 2174/1348/2184
g mixamorig:Spine2
f 2162/1338/2171 1441/899/1443 1443/901/1445
f 2173/1347/2183 2162/1338/2171 1443/901/1445
g mixamorig:Neck
f 1442/900/1444 2173/1347/2183 1443/901/1445
s 8
g mixamorig:RightHand
f 1061/699/1063 1445/902/1447 1063/701/1065
f 1060/698/1062 1062/700/1064 1067/705/1069
s 7
g mixamorig:RightHandIndex1
f 1450/907/1452 1449/906/1451 1453/910/1455
f 1456/913/1458 1450/907/1452 1453/910/1455
f 1450/907/1452 1456/913/1458 1461/918/1463
f 1455/912/1457 1453/910/1455 1454/911/1456
s 8
g mixamorig:RightHand
f 2175/971/2185 2176/665/2186 533/428/533
g mixamorig:RightHandIndex1
f 2175/971/2185 533/428/533 535/476/535
f 2175/971/2185 535/476/535 495/441/495
g mixamorig:RightHandIndex2
f 1448/905/1450 492/438/492 1069/707/1071
f 1069/707/1071 501/447/501 509/453/509
s 7
f 1454/911/1456 1452/909/1454 2177/1349/2187
f 2177/1349/2187 1070/708/1072 1454/911/1456
f 1454/911/1456 1078/714/1080 1455/912/1457
f 1078/714/1080 1454/911/1456 1070/708/1072
f 2177/1349/2187 514/458/514 1070/708/1072
f 1070/708/1072 521/465/521 1078/714/1080
f 1070/708/1072 513/457/513 521/465/521
f 1079/715/1081 526/470/526 527/471/527
f 1078/714/1080 526/470/526 1080/716/1082
f 1080/716/1082 1455/912/1457 1078/714/1080
f 1459/916/1461 1080/716/1082 1079/715/1081
f 1080/716/1082 1459/916/1461 1458/915/1460
g mixamorig:RightHandIndex1
f 1456/913/1458 1455/912/1457 1458/915/1460
g mixamorig:RightHandIndex2
f 1455/912/1457 1080/716/1082 1458/915/1460
g mixamorig:RightHandIndex1
f 1458/915/1460 1457/914/1459 2178/917/2188
f 1462/919/1464 1460/917/1462 2179/914/2189
g mixamorig:RightHand
f 1461/918/1463 1460/917/1462 1124/752/1126
s 8
g mixamorig:RightHandIndex1
f 532/474/532 1064/702/1066 1464/921/1466
g mixamorig:RightHandIndex2
f 1468/759/1470 1081/666/1083 497/443/497
g mixamorig:RightHandRing1
f 1086/721/1088 1087/722/1089 1085/720/1087
g mixamorig:RightHand
f 1469/923/1471 1088/723/1090 1086/721/1088
f 1469/923/1471 1470/924/1472 1088/723/1090
f 1108/737/1110 1472/760/1474 1094/729/1096
f 1470/924/1472 1517/958/1522 1471/925/1473
f 1517/958/1522 1108/737/1110 1471/925/1473
f 1108/737/1110 1517/958/1522 1109/738/1111
f 1108/737/1110 724/645/725 723/644/724
s 9
g mixamorig:RightHandIndex1
f 1111/740/1113 1072/430/1074 1102/732/1104
s 7
g mixamorig:RightHandMiddle1
f 1480/931/1482 1478/929/1480 651/573/652
f 1480/931/1482 1112/741/1114 2180/979/2190
s 8
g mixamorig:RightHandThumb2
f 679/600/680 678/599/679 737/655/738
f 680/601/681 746/663/747 678/599/679
f 746/663/747 739/657/740 678/599/679
f 679/600/680 737/655/738 2181/668/2191
f 2181/668/2191 737/655/738 736/654/737
f 2182/669/2192 2181/668/2191 736/654/737
f 2182/669/2192 736/654/737 1133/670/1135
g mixamorig:RightHandThumb1
f 747/664/748 746/663/747 1505/946/1510
f 2183/1350/2193 1060/698/1062 1505/946/1510
f 746/663/747 2183/1350/2193 1505/946/1510
f 2184/1351/2194 746/663/747 680/601/681
f 746/663/747 2184/1351/2194 2183/1350/2193
g mixamorig:RightHand
f 1506/947/1511 1067/705/1069 1066/704/1068
s 21
g mixamorig:RightHandThumb2
f 2185/1352/2195 747/664/2196 1506/947/2197
s 8
g mixamorig:RightHandThumb1
f 680/601/681 2186/1353/2198 2184/1351/2194
f 2186/1353/2198 680/601/681 679/600/680
f 2187/1354/2199 2186/1353/2198 679/600/680
g mixamorig:RightHandThumb2
f 2187/1354/2199 679/600/680 2181/668/2191
f 2188/1355/2200 2187/1354/2199 2181/668/2191
f 2181/668/2191 2182/669/2192 2188/1355/2200
f 747/664/2201 2189/1352/2202 745/662/746
f 2189/1352/2202 1122/750/1124 745/662/746
s 7
f 1123/751/1125 713/634/714 1507/948/1512
f 1123/751/1125 1507/948/1512 2190/1356/2203
f 1123/751/1125 2190/1356/2203 2191/1357/2204
f 2192/1358/2205 2193/1359/2206 2194/1360/2207
f 2192/1358/2205 2194/1360/2207 2195/1361/2208
f 2196/1357/2209 2192/1358/2205 2195/1361/2208
f 2195/1361/2208 1123/751/1125 2196/1357/2209
f 2192/1358/2205 2196/1357/2209 2197/1362/2210
f 2191/1357/2204 2198/1363/2211 2197/1362/2210
g mixamorig:RightHand
f 2198/1363/2211 1450/907/1452 1461/918/1463
g mixamorig:RightHandThumb2
f 2198/1363/2211 2191/1357/2204 2190/1356/2203
g mixamorig:RightHand
f 1450/907/1452 2199/1364/2212 1451/908/1453
g mixamorig:RightHandThumb2
f 2199/1364/2212 1450/907/1452 2198/1363/2211
f 2199/1364/2212 2198/1363/2211 2200/1365/2213
f 2198/1363/2211 2190/1356/2203 2200/1365/2213
g mixamorig:RightHandThumb1
f 2197/1362/2210 2198/1363/2211 1519/960/1524
g mixamorig:RightHand
f 1519/960/1524 1461/918/1463 1124/752/1126
g mixamorig:RightHandThumb1
f 1519/960/1524 2198/1363/2211 1461/918/1463
f 2201/1366/2214 2192/1358/2205 2197/1362/2210
f 2197/1362/2210 1519/960/1524 2201/1366/2214
f 2192/1358/2205 2201/1366/2214 2202/1367/2215
f 2192/1358/2205 2203/1368/2216 2193/1359/2206
f 2203/1368/2216 2192/1358/2205 2202/1367/2215
s 8
f 2204/1369/2217 2187/1354/2199 2188/1355/2200
f 2187/1354/2199 2204/1369/2217 2205/1370/2218
f 2187/1354/2199 2205/1370/2218 2186/1353/2198
f 2206/1371/2219 2184/1351/2194 2186/1353/2198
f 2206/1371/2219 2186/1353/2198 2205/1370/2218
f 2184/1351/2194 2206/1371/2219 1513/954/1518
f 1510/951/1515 2184/1351/2194 1513/954/1518
g mixamorig:RightHand
f 1510/951/1515 1061/699/1063 1060/698/1062
g mixamorig:RightHandThumb1
f 2184/1351/2194 1510/951/1515 2183/1350/2193
g mixamorig:RightHand
f 1060/698/1062 2183/1350/2193 1510/951/1515
f 1509/950/1514 1061/699/1063 1510/951/1515
f 1509/950/1514 1445/902/1447 1061/699/1063
g mixamorig:RightHandThumb1
f 1510/951/1515 1513/954/1518 1508/949/1513
g mixamorig:RightHand
f 1511/952/1516 1470/924/1472 1469/923/1471
f 1470/924/1472 1511/952/1516 1517/958/1522
f 1512/953/1517 1445/902/1447 1509/950/1514
f 1511/952/1516 1447/904/1449 1512/953/1517
g mixamorig:RightHandThumb1
f 2205/1370/2218 2207/1372/2220 2206/1371/2219
f 2207/1372/2220 1513/954/1518 2206/1371/2219
f 1513/954/1518 2207/1372/2220 1514/955/1519
f 2205/1370/2218 2208/1373/2221 2207/1372/2220
f 2208/1373/2221 2205/1370/2218 2204/1369/2217
g mixamorig:RightForeArm
f 1509/950/1514 1508/949/1513 1515/956/1520
f 1512/953/1517 1515/956/1520 1516/957/1521
f 1517/958/1522 1516/957/1521 1518/959/1523
s 7
g mixamorig:RightHandThumb1
f 2201/1366/2214 1519/960/1524 726/647/727
g mixamorig:RightHand
f 2201/1366/2214 726/647/727 725/646/726
g mixamorig:RightHandThumb1
f 2202/1367/2215 2201/1366/2214 2209/1374/2222
f 725/646/726 2209/1374/2222 2201/1366/2214
f 2202/1367/2215 2209/1374/2222 2210/1375/2223
f 2210/1375/2223 2211/1376/2224 2202/1367/2215
f 2211/1376/2224 2203/1368/2216 2202/1367/2215
f 2209/1374/2222 1520/961/1525 2210/1375/2223
g mixamorig:RightForeArm
f 1520/961/1525 727/648/728 1523/964/1528
g mixamorig:RightHandThumb1
f 1521/962/1526 2209/1374/2222 725/646/726
f 1520/961/1525 2209/1374/2222 1521/962/1526
s 8
g mixamorig:RightHand
f 1109/738/1111 1526/764/1531 724/645/725
g mixamorig:RightForeArm
f 1109/738/1111 1518/959/1523 1529/968/1534
s 7
g mixamorig:RightHandRing1
f 1129/754/1131 1127/570/1129 1128/674/1130
f 1129/754/1131 649/571/650 1476/927/1478
s 8
g mixamorig:RightHandIndex1
f 1464/921/1466 2212/441/2225 532/474/532
f 2212/441/2225 731/440/732 532/474/532
f 1464/921/1466 1533/971/1538 2212/441/2225
f 1464/921/1466 1063/701/1065 1533/971/1538
s 7
g mixamorig:RightHandMiddle1
f 1534/972/1539 1130/755/1132 1129/754/1131
g mixamorig:RightHandRing1
f 1129/754/1131 1476/927/1478 1534/972/1539
g mixamorig:RightHandMiddle1
f 1534/972/1539 1478/929/1480 1480/931/1482
f 1463/920/1465 1540/977/1545 1483/763/1485
s 8
g mixamorig:RightHandThumb2
f 747/664/748 745/662/746 744/657/745
s 7
f 2194/1360/2207 1135/758/1137 2195/1361/2208
f 1123/751/1125 2195/1361/2208 1135/758/1137
f 1123/751/1125 1135/758/1137 704/625/705
f 1135/758/1137 2194/1360/2207 1134/757/1136
f 2190/1356/2203 1507/948/1512 1547/982/1552
f 2213/1365/2226 2190/1356/2203 1547/982/1552
s 11
g mixamorig:LeftHand
f 1137/698/1139 1136/700/1138 1139/697/1141
f 1137/698/1139 1139/697/1141 1549/699/1554
f 1142/704/1144 1136/700/1138 1138/705/1140
s 10
g mixamorig:LeftHandIndex1
f 1555/907/1560 1554/906/1559 2214/908/2227
f 1557/909/1562 1556/910/1561 1559/911/1564
f 1555/907/1560 2215/913/2228 1556/910/1561
f 1555/907/1560 2216/918/2229 2215/913/2228
f 1558/912/1563 1556/910/1561 2215/913/2228
s 11
f 1561/971/1566 1563/476/1568 1562/428/1567
f 1561/971/1566 1564/441/1569 1563/476/1568
g mixamorig:LeftHandIndex2
f 1564/441/1569 770/440/771 1162/442/1164
f 1146/707/1148 769/438/770 1553/905/1558
f 1146/707/1148 782/453/783 1145/447/1147
s 10
f 1559/911/1564 2217/1349/2230 1557/909/1562
f 2217/1349/2230 1559/911/1564 1148/708/1150
f 1158/714/1160 1559/911/1564 1558/912/1563
f 1559/911/1564 1158/714/1160 1148/708/1150
f 1148/708/1150 1147/458/1149 2217/1349/2230
f 1158/714/1160 1156/465/1158 1148/708/1150
f 1158/714/1160 2218/716/2231 1157/470/1159
f 1159/715/1161 1157/470/1159 2218/716/2231
f 1558/912/1563 2218/716/2231 1158/714/1160
f 2218/716/2231 1566/916/1571 1159/715/1161
f 1566/916/1571 2218/716/2231 1567/915/1572
g mixamorig:LeftHandIndex1
f 2215/913/2228 1567/915/1572 1558/912/1563
g mixamorig:LeftHandIndex2
f 1558/912/1563 1567/915/1572 2218/716/2231
g mixamorig:LeftHandIndex1
f 2216/918/2229 1569/917/1574 2215/913/2228
f 1567/915/1572 2215/913/2228 1569/917/1574
f 2216/918/2229 1211/752/1213 1569/917/1574
s 11
f 1160/474/1162 1573/921/1578 1140/702/1142
f 2219/740/2232 803/430/804 802/475/803
g mixamorig:LeftHandIndex2
f 1575/922/1580 1563/476/1568 1162/442/1164
f 1161/759/1163 772/443/773 804/666/805
g mixamorig:LeftHand
f 1576/721/1581 1175/720/1177 1166/722/1168
f 1576/721/1581 1166/722/1168 1168/723/1170
f 1577/923/1582 1168/723/1170 1579/924/1584
f 1194/737/1196 1580/729/1585 1192/760/1194
f 1579/924/1584 1581/925/1586 1626/958/1634
f 1626/958/1634 1581/925/1586 1194/737/1196
f 1194/737/1196 1634/738/1642 1626/958/1634
f 1194/737/1196 1192/760/1194 986/644/988
f 1634/738/1642 1194/737/1196 985/645/987
s 12
g mixamorig:LeftHandIndex1
f 1195/740/1197 1181/732/1183 1151/430/1153
s 10
g mixamorig:LeftHandMiddle1
f 1588/931/1593 911/573/913 1587/929/1592
f 1588/931/1593 2220/979/2233 1200/741/1202
g mixamorig:LeftHand
f 1588/931/1593 909/572/911 911/573/913
s 11
g mixamorig:LeftHandThumb1
f 935/600/937 934/599/936 2221/601/2234
f 2221/601/2234 934/599/936 2222/663/2235
g mixamorig:LeftHandThumb2
f 2222/663/2235 934/599/936 1004/657/1006
f 937/668/939 938/654/940 936/655/938
f 939/669/941 938/654/940 937/668/939
g mixamorig:LeftHand
f 1137/698/1139 2223/946/2236 1138/705/1140
g mixamorig:LeftHandThumb1
f 2224/664/2237 2223/946/2236 2222/663/2235
f 2222/663/2235 2223/946/2236 2225/1350/2238
f 1137/698/1139 2225/1350/2238 2223/946/2236
f 2226/1351/2239 2222/663/2235 2225/1350/2238
f 2222/663/2235 2226/1351/2239 2221/601/2234
f 1614/947/1622 1138/705/1140 2223/946/2236
f 1614/947/1622 2223/946/2236 2224/664/2237
s 22
f 2224/664/2240 2227/1352/2241 1614/947/2242
s 11
f 935/600/937 2221/601/2234 2228/1353/2243
f 2228/1353/2243 2221/601/2234 2226/1351/2239
f 935/600/937 2228/1353/2243 2229/1354/2244
f 2229/1354/2244 937/668/939 935/600/937
f 939/669/941 937/668/939 2230/1355/2245
f 2230/1355/2245 937/668/939 2229/1354/2244
g mixamorig:LeftHandThumb2
f 2224/664/2246 1009/662/1011 2231/1352/2247
f 2231/1352/2247 1009/662/1011 1615/750/1623
s 10
f 1210/751/1212 971/634/973 967/627/969
f 2232/1357/2248 2233/1356/2249 1210/751/1212
f 1616/948/1624 1210/751/1212 2233/1356/2249
f 1616/948/1624 974/633/976 971/634/973
f 2234/1361/2250 2235/1360/2251 2236/1358/2252
g mixamorig:LeftHandThumb1
f 2236/1358/2252 2235/1360/2251 2237/1359/2253
f 2236/1358/2252 2238/1357/2254 2234/1361/2250
g mixamorig:LeftHandThumb2
f 1210/751/1212 2234/1361/2250 2238/1357/2254
g mixamorig:LeftHandThumb1
f 2238/1357/2254 2236/1358/2252 2239/1362/2255
f 2232/1357/2248 2240/1363/2256 2233/1356/2249
f 2239/1362/2255 2240/1363/2256 2232/1357/2248
f 2240/1363/2256 2216/918/2229 1555/907/1560
f 2240/1363/2256 2241/1365/2257 2233/1356/2249
f 2242/1364/2258 2240/1363/2256 1555/907/1560
f 2242/1364/2258 1555/907/1560 2214/908/2227
f 2241/1365/2257 2240/1363/2256 2242/1364/2258
f 2239/1362/2255 1628/960/1636 2240/1363/2256
g mixamorig:LeftHand
f 1628/960/1636 1211/752/1213 2216/918/2229
g mixamorig:LeftHandThumb1
f 1628/960/1636 2216/918/2229 2240/1363/2256
f 2239/1362/2255 2236/1358/2252 2243/1366/2259
f 1628/960/1636 2239/1362/2255 2243/1366/2259
f 2236/1358/2252 2244/1367/2260 2243/1366/2259
f 2245/1368/2261 2236/1358/2252 2237/1359/2253
f 2236/1358/2252 2245/1368/2261 2244/1367/2260
s 11
f 2246/1369/2262 2230/1355/2245 2229/1354/2244
f 2228/1353/2243 2247/1370/2263 2229/1354/2244
f 2246/1369/2262 2229/1354/2244 2247/1370/2263
f 2247/1370/2263 2228/1353/2243 2248/1371/2264
f 2226/1351/2239 2248/1371/2264 2228/1353/2243
f 2248/1371/2264 2226/1351/2239 1623/954/1631
f 2226/1351/2239 1618/951/1626 1623/954/1631
g mixamorig:LeftHand
f 1549/699/1554 1618/951/1626 1137/698/1139
f 1137/698/1139 1618/951/1626 2225/1350/2238
g mixamorig:LeftHandThumb1
f 1618/951/1626 2226/1351/2239 2225/1350/2238
g mixamorig:LeftHand
f 1619/950/1627 1549/699/1554 1548/902/1553
f 1619/950/1627 1618/951/1626 1549/699/1554
g mixamorig:LeftHandThumb1
f 1623/954/1631 1618/951/1626 1617/949/1625
g mixamorig:LeftHand
f 1579/924/1584 1626/958/1634 1620/952/1628
f 1620/952/1628 1577/923/1582 1579/924/1584
f 1620/952/1628 1621/953/1629 1552/904/1557
f 1621/953/1629 1619/950/1627 1548/902/1553
g mixamorig:LeftHandThumb1
f 1623/954/1631 2249/1372/2265 2248/1371/2264
f 2247/1370/2263 2248/1371/2264 2249/1372/2265
f 1623/954/1631 1622/955/1630 2249/1372/2265
f 2247/1370/2263 2249/1372/2265 2250/1373/2266
f 2250/1373/2266 2246/1369/2262 2247/1370/2263
g mixamorig:LeftForeArm
f 1621/953/1629 1625/957/1633 1624/956/1632
g mixamorig:LeftHand
f 1626/958/1634 1625/957/1633 1620/952/1628
f 1634/738/1642 1627/959/1635 1626/958/1634
s 10
g mixamorig:LeftHandThumb1
f 2243/1366/2259 988/647/990 1628/960/1636
g mixamorig:LeftHand
f 989/646/991 988/647/990 2243/1366/2259
g mixamorig:LeftHandThumb1
f 2243/1366/2259 2251/1374/2267 989/646/991
f 2251/1374/2267 2243/1366/2259 2244/1367/2260
f 2244/1367/2260 2252/1375/2268 2251/1374/2267
f 2252/1375/2268 2244/1367/2260 2253/1376/2269
f 2253/1376/2269 2244/1367/2260 2245/1368/2261
f 2252/1375/2268 2254/961/2270 2251/1374/2267
g mixamorig:LeftForeArm
f 2254/961/2270 1632/964/1640 990/648/992
g mixamorig:LeftHandThumb1
f 2254/961/2270 1630/962/1638 2251/1374/2267
f 1630/962/1638 989/646/991 2251/1374/2267
g mixamorig:LeftForeArm
f 2254/961/2270 990/648/992 1630/962/1638
g mixamorig:LeftHandMiddle1
f 1214/754/1216 1583/927/1588 908/571/910
f 1214/754/1216 994/570/996 1643/755/1651
s 11
g mixamorig:LeftHandIndex2
f 1160/474/1162 801/473/802 996/440/998
f 1160/474/1162 996/440/998 2255/441/2271
g mixamorig:LeftHandIndex1
f 2255/441/2271 1573/921/1578 1160/474/1162
f 1573/921/1578 2255/441/2271 1641/971/1649
s 10
g mixamorig:LeftHandMiddle1
f 1642/972/1650 1588/931/1593 1587/929/1592
f 1642/972/1650 1583/927/1588 1214/754/1216
f 1570/920/1575 1649/977/1657 1646/975/1654
f 1588/931/1593 1642/972/1650 1654/979/1662
f 1642/972/1650 1643/755/1651 1653/980/1661
s 11
g mixamorig:LeftHandThumb2
f 2224/664/2237 1008/657/1010 1009/662/1011
g mixamorig:LeftHandThumb1
f 2222/663/2235 1008/657/1010 2224/664/2237
s 10
g mixamorig:LeftHandThumb2
f 1210/751/1212 966/625/968 1217/758/1219
f 2234/1361/2250 1210/751/1212 1217/758/1219
f 1217/758/1219 2235/1360/2251 2234/1361/2250
f 2235/1360/2251 1217/758/1219 1216/757/1218
f 2256/1365/2272 2257/982/2273 2233/1356/2249
f 1616/948/1624 2257/982/2273 974/633/976
f 2233/1356/2249 2257/982/2273 1616/948/1624
g legsGeo-mesh.001_Malla
v -2.552659 0.915945 -0.978429
v -2.561425 1.390549 -1.030276
v -2.337450 0.955627 -0.993584
v -2.357161 0.809277 -0.925592
v -2.477733 0.682078 -0.806717
v -2.353526 1.381379 -1.029629
v -2.131525 0.993982 -0.998087
v -2.114760 1.370636 -1.024024
v -1.918037 1.172999 -1.013304
v -2.343836 1.626220 -0.948410
v -2.547684 1.779095 -0.878925
v -2.440680 1.766779 -0.888968
v -1.833654 1.164420 -1.111176
v -1.272603 1.548549 -0.813575
v -1.277802 1.149600 -0.876334
v -1.809543 1.607665 -1.028527
v -2.061273 1.390347 -1.135731
v -2.333785 1.685550 -1.052401
v -1.277799 1.862548 -0.623822
v -1.776004 1.924890 -0.802733
v -1.754426 2.189191 -0.445870
v -1.755377 2.287676 -0.037651
v -1.276610 2.114444 -0.292212
v -1.772363 2.200494 0.385823
v -1.801126 1.990355 0.756769
v -1.348237 2.149274 0.501894
v -1.390639 1.932557 0.846605
v -1.430210 1.537493 1.061945
v -1.830574 1.575552 0.980758
v -2.176064 1.597151 0.933943
v -2.197247 1.132526 0.983268
v -1.843101 1.082224 1.019927
v -1.451299 1.063525 1.106663
v -1.836895 0.591799 0.902417
v -1.434361 0.594325 0.982132
v -1.833133 0.244618 0.557299
v -1.389232 0.272247 0.636134
v -1.808292 0.118420 0.091022
v -1.785753 0.129267 -0.391700
v -1.287991 0.160168 -0.256656
v -1.808292 0.118420 0.091022
v -1.265783 0.712229 -0.819629
v -1.816882 0.707467 -1.011355
v -2.084423 0.956234 -1.106092
v -2.319116 1.998301 -0.862958
v -2.259493 2.221983 -0.464940
v -2.495382 2.193979 -0.433925
v -2.213494 2.292797 -0.046169
v -2.167607 1.985765 0.706497
v -2.177961 2.207952 0.369904
v -2.197043 0.655454 0.915137
v -2.238190 0.320970 0.606170
v -2.265797 0.178786 0.161794
v -2.447535 1.847409 -0.986445
v -2.549428 2.021557 -0.847308
v -0.926630 1.841002 0.862777
v -0.896091 2.049525 0.562817
v -0.962364 1.488202 1.046086
v -0.062351 0.805516 0.717331
v -0.064667 1.076805 0.807650
v -0.275330 1.069774 0.919868
v -0.062493 1.379181 0.801564
v -0.058337 1.611769 0.687289
v -0.272695 1.405156 0.904306
v -0.257270 1.846659 0.511457
v -0.259860 1.681568 0.762102
v -0.052998 1.739255 0.474673
v -0.265869 1.903292 0.230491
v -0.054815 1.829196 -0.059505
v -0.050871 1.799077 0.205661
v -1.833654 1.164420 -1.111176
v -2.114760 1.370636 -1.024024
v -2.061273 1.390347 -1.135731
v -1.918037 1.172999 -1.013304
v -2.343836 1.626220 -0.948410
v -2.333785 1.685550 -1.052401
v -2.131525 0.993982 -0.998087
v -1.833654 1.164420 -1.111176
v -2.084423 0.956234 -1.106092
v -1.918037 1.172999 -1.013304
v -2.349760 0.718832 -1.025404
v -2.357161 0.809277 -0.925592
v -2.440680 1.766779 -0.888968
v -2.447535 1.847409 -0.986445
v 0.002166 1.713455 0.199545
v -0.008664 0.680160 0.515076
v -0.003825 0.553371 0.205880
v 0.003185 1.757584 -0.059014
v -0.000555 0.496741 -0.118077
v -0.001062 1.651825 0.468025
v -0.010302 0.850355 0.655386
v -0.004450 1.554462 0.636736
v -0.009739 1.088580 0.718457
v -0.007429 1.358652 0.714688
v -0.062351 0.805516 0.717331
v -0.061339 0.592677 0.532430
v -0.008664 0.680160 0.515076
v -0.010302 0.850355 0.655386
v -0.064667 1.076805 0.807650
v -0.007429 1.358652 0.714688
v -0.009739 1.088580 0.718457
v -0.004450 1.554462 0.636736
v -0.062493 1.379181 0.801564
v -0.058337 1.611769 0.687289
v -0.001062 1.651825 0.468025
v -0.052998 1.739255 0.474673
v -0.050871 1.799077 0.205661
v 0.002166 1.713455 0.199545
v -0.054815 1.829196 -0.059505
v 0.003185 1.757584 -0.059014
v -2.568728 -0.879529 -0.996160
v -2.491986 -0.644697 -0.831622
v -2.385001 -0.771050 -0.964745
v -2.370796 -0.917279 -1.034090
v -2.189019 -0.961157 -1.033368
v -2.384789 -1.347332 -1.053271
v -2.010001 -1.142956 -1.070595
v -2.162110 -1.336468 -1.061355
v -2.367030 -1.592130 -0.971535
v -2.583138 -1.352900 -1.055262
v -1.930099 -1.131905 -1.175621
v -1.302579 -1.510874 -0.871137
v -1.879248 -1.572937 -1.087734
v -2.124191 -1.357226 -1.173771
v -2.360772 -1.650108 -1.080446
v -1.827361 -1.889095 -0.862055
v -1.303914 -1.824153 -0.680023
v -1.777053 -2.151524 -0.501430
v -1.294718 -2.075085 -0.347983
v -1.751508 -2.248509 -0.088748
v -1.752716 -2.160572 0.340926
v -1.343148 -2.107625 0.460743
v -1.771184 -1.949689 0.714640
v -1.376320 -1.889706 0.810261
v -1.784817 -1.534586 0.937813
v -1.411053 -1.494419 1.029794
v -2.151549 -1.094202 0.950852
v -2.131377 -1.559821 0.905084
v -1.802594 -1.040835 0.979768
v -1.420317 -1.019970 1.072170
v -1.804639 -0.551192 0.862554
v -1.407407 -0.552095 0.946733
v -1.800225 -0.205349 0.512134
v -1.370759 -0.232027 0.594745
v -1.793330 -0.081218 0.038097
v -1.328838 -0.103941 0.138010
v -1.808021 -0.094316 -0.451842
v -1.793330 -0.081218 0.038097
v -1.294184 -0.122540 -0.314693
v -1.288320 -0.674784 -0.873484
v -1.306964 -1.112062 -0.932251
v -2.151910 -0.923506 -1.144491
v -1.881113 -0.673375 -1.069332
v -2.335456 -1.962595 -0.890532
v -2.263872 -2.185735 -0.494481
v -2.204712 -2.256264 -0.076154
v -2.135221 -1.948451 0.674947
v -2.172597 -0.617192 0.882480
v -2.210377 -0.282817 0.574690
v -2.252720 -0.140898 0.129904
v -2.464805 -1.811421 -1.011534
v -2.561031 -1.985151 -0.870568
v -2.496447 -2.156953 -0.459699
v -0.921420 -1.802984 0.831053
v -0.946923 -1.449560 1.014866
v -0.953754 -1.025424 1.059961
v -0.054593 -0.773097 0.669253
v -0.264919 -1.036929 0.872552
v -0.056977 -1.044665 0.759060
v -0.056483 -1.347194 0.752704
v -0.264672 -1.372415 0.856817
v -0.055048 -1.579753 0.638500
v -0.255657 -1.648899 0.714508
v -0.052758 -1.706849 0.426363
v -0.257323 -1.813816 0.464213
v -0.058579 -1.795666 -0.105497
v -0.053285 -1.766359 0.158180
v -0.269130 -1.869921 0.183980
v -0.000201 -1.724163 -0.105220
v -0.000199 -0.485078 -0.388700
v -0.000202 -0.462131 -0.162112
v -1.930099 -1.131905 -1.175621
v -2.162110 -1.336468 -1.061355
v -2.010001 -1.142956 -1.070595
v -2.124191 -1.357226 -1.173771
v -2.367030 -1.592130 -0.971535
v -2.360772 -1.650108 -1.080446
v -1.930099 -1.131905 -1.175621
v -2.189019 -0.961157 -1.033368
v -2.151910 -0.923506 -1.144491
v -2.010001 -1.142956 -1.070595
v -2.455220 -1.731064 -0.913395
v -2.464805 -1.811421 -1.011534
v -0.001186 -0.519850 0.159830
v 0.000230 -1.680766 0.152005
v -0.003093 -0.647477 0.467488
v -0.000423 -1.619517 0.419530
v -0.003724 -0.817887 0.607149
v -0.001505 -1.522526 0.587799
v -0.003456 -1.056497 0.669768
v -0.002556 -1.326570 0.665754
v -0.003093 -0.647477 0.467488
v -0.001186 -0.519850 0.159830
v -0.055039 -0.559840 0.485126
v -0.003724 -0.817887 0.607149
v -0.054593 -0.773097 0.669253
v -0.056977 -1.044665 0.759060
v -0.003456 -1.056497 0.669768
v -0.002556 -1.326570 0.665754
v -0.001505 -1.522526 0.587799
v -0.056483 -1.347194 0.752704
v -0.055048 -1.579753 0.638500
v -0.000423 -1.619517 0.419530
v -0.052758 -1.706849 0.426363
v 0.000230 -1.680766 0.152005
v -0.053285 -1.766359 0.158180
v -0.000201 -1.724163 -0.105220
v -0.058579 -1.795666 -0.105497
v -0.000199 -1.725370 -0.393374
v -4.122060 0.020320 -1.367472
v -3.767653 -0.431315 -1.083491
v -4.132576 -0.448390 -1.345837
v -2.568728 -0.879529 -0.996160
v -2.821851 -1.351956 -1.127396
v -2.810620 -0.876687 -1.059674
v -2.752073 -0.465275 -0.746771
v -3.704903 0.472759 -1.083552
v -3.704394 0.020182 -1.107235
v -4.478721 0.020553 1.490011
v -4.155113 0.456581 1.445817
v -4.474813 0.468566 1.474923
v -4.132062 0.938915 1.384572
v -4.468581 0.969117 1.401006
v -2.552659 0.915945 -0.978429
v -2.736420 0.507055 -0.716932
v -2.793664 0.917113 -1.035948
v -2.804196 1.392269 -1.103212
v -2.561425 1.390549 -1.030276
v -2.540661 0.519111 -0.655766
v -2.528019 1.918155 -0.767986
v -1.299854 2.217643 0.082277
v -1.338670 0.142667 0.190486
v -1.338670 0.142667 0.190486
v -1.266492 0.380885 -0.619028
v -1.800265 0.353530 -0.795057
v -2.349760 0.718832 -1.025404
v -2.452299 2.251347 -0.010216
v -2.417439 2.170504 0.384409
v -2.265797 0.178786 0.161794
v -2.473274 0.379980 0.619569
v -2.499211 0.233569 0.192288
v -2.284405 0.190353 -0.368141
v -2.556699 0.245702 -0.324519
v -2.499211 0.233569 0.192288
v -2.298184 0.395462 -0.785172
v -2.549548 0.425781 -0.713913
v -2.490283 0.575681 -0.900627
v -0.817980 0.425016 -0.491464
v -0.861091 2.025140 -0.157587
v -0.871576 2.107243 0.188703
v -0.853548 1.805880 -0.464912
v -0.855516 1.521543 -0.632775
v -0.833176 0.240073 -0.156903
v -0.885689 0.214001 0.242829
v -0.565114 0.285022 0.252348
v -0.538837 0.303212 -0.134541
v -0.544829 1.932389 -0.099113
v -0.544175 2.005582 0.223374
v -0.978094 1.064219 1.093741
v -0.959990 0.633742 0.977786
v -0.930023 0.334343 0.656873
v -0.885689 0.214001 0.242829
v -0.548564 1.946824 0.551708
v -0.565577 1.757193 0.823104
v -0.591086 1.444915 0.993595
v -0.601245 1.066999 1.026403
v -0.592976 0.681602 0.915377
v -0.579305 0.406922 0.631054
v -0.264779 0.485689 0.588262
v -0.565114 0.285022 0.252348
v -0.274344 0.376723 0.226591
v -0.061339 0.592677 0.532430
v -0.059435 0.469524 0.210489
v -0.270609 0.733348 0.830331
v -0.287090 1.876318 -0.073037
v -0.860807 1.153345 -0.716321
v -0.841307 0.731229 -0.676287
v -0.562406 1.764904 -0.380746
v -0.289937 1.859726 -0.368385
v -0.778094 1.509201 -0.618675
v -0.525488 1.721410 -0.610812
v -0.778094 1.509201 -0.618675
v -0.682960 1.502526 -0.786660
v -0.257532 1.705287 -0.916514
v -0.478752 1.512381 -0.990158
v -0.276088 1.811526 -0.650221
v -0.239802 1.529415 -1.122490
v -0.057666 1.828860 -0.354783
v -0.059949 1.815343 -0.638817
v -0.059435 0.469524 0.210489
v -0.286732 0.379463 -0.122879
v -0.059550 0.425008 -0.121190
v -0.739816 0.725869 -0.656360
v -0.059680 0.485886 -0.649663
v -0.259191 0.406170 -0.378594
v -0.239538 0.468022 -0.648014
v -0.059808 1.714079 -0.902778
v -0.000047 0.551701 -0.649525
v 0.000790 1.761400 -0.351691
v 0.000013 0.521356 -0.347464
v -0.000043 1.756400 -0.636344
v -0.059397 1.531749 -1.097756
v -0.000047 0.649121 -0.877342
v -0.000039 1.656784 -0.897419
v -0.000048 0.800258 -1.032747
v -0.000040 1.507156 -1.056671
v -0.860807 1.153345 -0.716321
v -0.733633 1.269323 -0.871712
v -0.724839 1.018434 -0.876659
v -0.000046 1.037951 -1.125500
v -0.000044 1.253248 -1.139521
v -0.253274 1.272346 -1.222376
v -0.059676 1.265338 -1.205476
v -0.249290 1.023665 -1.214538
v -0.059679 1.022563 -1.191729
v -0.517636 1.271934 -1.080433
v -0.516949 1.020358 -1.072875
v -0.632368 0.739790 -0.818261
v -0.739816 0.725869 -0.656360
v -0.229919 0.765913 -1.103097
v -0.058856 0.765499 -1.068746
v -0.486022 0.521387 -0.633188
v -0.225522 0.570797 -0.887925
v -0.059680 0.584270 -0.879264
v -0.459242 0.757789 -0.980126
v -2.494818 2.070927 -0.477435
v -2.438501 2.145107 0.085473
v -2.452299 2.251347 -0.010216
v -2.495382 2.193979 -0.433925
v -2.556699 0.245702 -0.324519
v -2.499211 0.233569 0.192288
v -2.542201 0.339501 -0.287467
v -2.500039 0.305947 0.207360
v -2.477733 0.682078 -0.806717
v -2.490283 0.575681 -0.900627
v -2.540661 0.519111 -0.655766
v -2.549548 0.425781 -0.713913
v -2.549428 2.021557 -0.847308
v -2.528019 1.918155 -0.767986
v -0.059435 0.469524 0.210489
v -0.003825 0.553371 0.205880
v -0.057666 1.828860 -0.354783
v 0.000790 1.761400 -0.351691
v -0.059949 1.815343 -0.638817
v -0.000043 1.756400 -0.636344
v -0.059435 0.469524 0.210489
v -0.059550 0.425008 -0.121190
v -0.000555 0.496741 -0.118077
v -0.000047 0.551701 -0.649525
v 0.000013 0.521356 -0.347464
v -0.059680 0.485886 -0.649663
v -0.058306 0.449187 -0.354793
v -0.000039 1.656784 -0.897419
v -0.059808 1.714079 -0.902778
v -0.059397 1.531749 -1.097756
v -0.000040 1.507156 -1.056671
v -0.059680 0.584270 -0.879264
v -0.000047 0.649121 -0.877342
v -0.058856 0.765499 -1.068746
v -0.000048 0.800258 -1.032747
v -0.059676 1.265338 -1.205476
v -0.000044 1.253248 -1.139521
v -0.059679 1.022563 -1.191729
v -0.000046 1.037951 -1.125500
v -2.553020 -0.479985 -0.682767
v -2.560850 -1.741641 -0.903451
v -2.455220 -1.731064 -0.913395
v -2.537531 -1.881105 -0.792275
v -1.305749 -2.177188 0.032441
v -1.328838 -0.103941 0.138010
v -1.853840 -0.319952 -0.856517
v -1.285286 -0.343798 -0.677714
v -2.380426 -0.681526 -1.060786
v -2.443008 -2.214185 -0.036252
v -2.400696 -2.133764 0.360885
v -2.158555 -2.171194 0.340110
v -2.381912 -1.897243 0.656436
v -2.252720 -0.140898 0.129904
v -2.448190 -0.340466 0.588570
v -2.561102 -0.207780 -0.347635
v -2.487898 -0.194303 0.163581
v -2.292218 -0.154610 -0.393407
v -2.317456 -0.360173 -0.811110
v -2.563787 -0.388416 -0.737653
v -2.507805 -0.538919 -0.924249
v -0.819489 -0.388676 -0.532320
v -0.844570 -0.694739 -0.717099
v -0.872397 -1.988544 -0.195832
v -0.880621 -2.070334 0.149471
v -0.863672 -1.769481 -0.505577
v -0.861650 -1.485182 -0.673545
v -0.831440 -0.203462 -0.197537
v -0.878038 -0.177089 0.205053
v -0.559503 -0.249732 0.209299
v -0.551756 -1.897675 -0.142878
v -0.549290 -1.971244 0.178916
v -0.900141 -2.012064 0.530318
v -0.938707 -0.595582 0.944289
v -0.915539 -0.296697 0.622273
v -0.878038 -0.177089 0.205053
v -0.548984 -1.912686 0.506848
v -0.559700 -1.723032 0.778229
v -0.579253 -1.410486 0.949161
v -0.585913 -1.032366 0.982319
v -0.577432 -0.646872 0.871473
v -0.567973 -0.372027 0.587491
v -0.559503 -0.249732 0.209299
v -0.256599 -0.452181 0.542181
v -0.270301 -0.342599 0.181658
v -0.055039 -0.559840 0.485126
v -0.056352 -0.435770 0.164616
v -0.259816 -0.700271 0.783443
v -0.291996 -1.842368 -0.118233
v -0.864228 -1.116969 -0.757088
v -0.568373 -1.729617 -0.423480
v -0.293957 -1.824710 -0.411646
v -0.782689 -1.473036 -0.659819
v -0.527672 -1.685390 -0.652248
v -0.782689 -1.473036 -0.659819
v -0.683883 -1.466213 -0.827577
v -0.257680 -1.668759 -0.957302
v -0.478891 -1.475992 -1.030949
v -0.276230 -1.775107 -0.691002
v -0.239953 -1.492885 -1.163281
v -0.059555 -1.793382 -0.397221
v -0.060101 -1.778953 -0.679600
v -0.270301 -0.342599 0.181658
v -0.537622 -0.267806 -0.177111
v -0.056352 -0.435770 0.164616
v -0.285973 -0.344536 -0.166339
v -0.741606 -0.689659 -0.697454
v -0.059826 -0.449496 -0.690450
v -0.259470 -0.370212 -0.420165
v -0.058455 -0.412798 -0.395572
v -0.059964 -1.677688 -0.943565
v -0.000196 -1.720010 -0.677126
v -0.000194 -0.515311 -0.690313
v -0.000199 -1.725370 -0.393374
v -0.059552 -1.495360 -1.138547
v -0.000191 -0.612730 -0.918137
v -0.000196 -1.620394 -0.938205
v -0.000191 -0.763869 -1.073546
v -0.000196 -1.470768 -1.097461
v -0.864228 -1.116969 -0.757088
v -0.724973 -0.982046 -0.917447
v -0.733767 -1.232798 -0.912500
v -0.000193 -1.001563 -1.166298
v -0.000195 -1.216723 -1.180316
v -0.253418 -1.235819 -1.263173
v -0.059826 -1.228812 -1.246272
v -0.249430 -0.987271 -1.255338
v -0.059823 -0.986037 -1.232529
v -0.517774 -1.235545 -1.121226
v -0.517087 -0.983832 -1.113668
v -0.741606 -0.689659 -0.697454
v -0.632505 -0.703265 -0.859049
v -0.230054 -0.729520 -1.143898
v -0.058996 -0.729108 -1.109546
v -0.486306 -0.485067 -0.674094
v -0.225664 -0.534407 -0.928716
v -0.239681 -0.431495 -0.688800
v -0.059821 -0.547879 -0.920060
v -0.459381 -0.721264 -1.020917
v -2.385001 -0.771050 -0.964745
v -2.380426 -0.681526 -1.060786
v -2.496447 -2.156953 -0.459699
v -2.443008 -2.214185 -0.036252
v -2.496647 -2.032881 -0.504899
v -2.427365 -2.107274 0.058930
v -2.545772 -0.300422 -0.313335
v -2.488769 -0.265790 0.177395
v -2.487898 -0.194303 0.163581
v -2.563787 -0.388416 -0.737653
v -2.561102 -0.207780 -0.347635
v -2.507805 -0.538919 -0.924249
v -2.553020 -0.479985 -0.682767
v -2.491986 -0.644697 -0.831622
v -2.561031 -1.985151 -0.870568
v -2.537531 -1.881105 -0.792275
v -0.056352 -0.435770 0.164616
v -0.059555 -1.793382 -0.397221
v -0.000196 -1.720010 -0.677126
v -0.060101 -1.778953 -0.679600
v -0.056352 -0.435770 0.164616
v -0.001186 -0.519850 0.159830
v -0.000202 -0.462131 -0.162112
v -0.059826 -0.449496 -0.690450
v -0.058455 -0.412798 -0.395572
v -0.000199 -0.485078 -0.388700
v -0.000196 -1.620394 -0.938205
v -0.059964 -1.677688 -0.943565
v -0.059552 -1.495360 -1.138547
v -0.000196 -1.470768 -1.097461
v -0.000194 -0.515311 -0.690313
v -0.059821 -0.547879 -0.920060
v -0.000191 -0.612730 -0.918137
v -0.058996 -0.729108 -1.109546
v -0.000191 -0.763869 -1.073546
v -0.059826 -1.228812 -1.246272
v -0.000195 -1.216723 -1.180316
v -0.059823 -0.986037 -1.232529
v -0.000193 -1.001563 -1.166298
v -4.048335 -1.921144 0.923955
v -4.421394 -1.448537 1.247947
v -4.386200 -1.950830 0.930459
v -4.064756 -2.191015 0.289196
v -4.305459 -2.195194 0.301057
v -4.264708 -2.158492 -0.396057
v -3.820487 -0.858138 -1.054564
v -3.692269 -1.889028 0.859582
v -3.756579 -2.183156 0.264837
v -4.061421 -1.415892 1.230670
v -3.289640 -0.838318 1.036018
v -3.300701 -0.405695 0.817189
v -3.545212 -0.375631 0.909449
v -3.590162 -0.861808 1.135106
v -3.286406 -1.344439 1.017578
v -3.702521 -1.380118 1.155082
v -3.372893 -2.159353 0.227218
v -3.287276 -1.861646 0.770317
v -2.912056 -2.084901 -0.457177
v -3.466002 -2.100280 -0.420820
v -3.037323 -1.359419 -1.104085
v -3.023335 -0.871819 -1.033363
v -2.791670 -1.800770 -0.960999
v -3.014292 -1.821676 -0.952009
v -2.694555 -2.059165 -0.485110
v -2.575413 -2.116335 0.088942
v -2.804218 -2.128601 0.143881
v -2.954587 -0.452600 -0.724649
v -2.903184 -0.283143 -0.276132
v -2.697310 -0.285825 -0.302586
v -2.851796 -0.272900 0.259373
v -2.628582 -0.268687 0.230599
v -2.545772 -0.300422 -0.313335
v -2.488769 -0.265790 0.177395
v -2.583138 -1.352900 -1.055262
v -2.496647 -2.032881 -0.504899
v -2.427365 -2.107274 0.058930
v -2.388803 -1.854880 0.573004
v -2.503612 -1.856559 0.592389
v -4.089137 1.959776 0.921154
v -4.414719 1.988857 0.920301
v -4.448145 1.487220 1.239952
v -4.320107 2.233435 0.290000
v -4.081604 2.230016 0.284797
v -4.252470 2.195720 -0.415797
v -4.120101 0.488609 -1.349553
v -3.742755 0.900103 -1.053863
v -3.815634 1.919050 -0.893857
v -4.172470 1.933927 -0.944982
v -4.154246 1.427149 -1.188280
v -3.807158 2.157847 -0.381780
v -3.731698 1.929196 0.869087
v -3.775058 2.223506 0.271766
v -4.096469 1.454935 1.229086
v -3.744560 1.420076 1.163466
v -3.502560 1.903955 -0.891704
v -3.316435 0.878597 1.050838
v -3.569316 0.416235 0.920320
v -3.324352 0.446899 0.835048
v -3.321955 1.385203 1.036611
v -3.625465 0.902038 1.145579
v -3.459766 2.142145 -0.403755
v -2.911025 2.125102 -0.434547
v -3.388639 2.200421 0.244595
v -2.816977 2.168427 0.167815
v -3.015445 1.401014 -1.079502
v -2.777468 1.840776 -0.935145
v -2.997432 1.863221 -0.926052
v -2.693196 2.097926 -0.461521
v -2.587255 2.155086 0.114509
v -2.999280 0.914069 -1.006781
v -2.894251 0.326959 -0.241679
v -2.933175 0.496017 -0.692711
v -2.691548 0.327704 -0.271370
v -2.640567 0.310204 0.262280
v -2.862652 0.315907 0.291463
v -2.542201 0.339501 -0.287467
v -2.500039 0.305947 0.207360
v -2.494818 2.070927 -0.477435
v -2.438501 2.145107 0.085473
v -2.526414 1.895162 0.617504
v -2.411659 1.893064 0.599521
v -2.413288 1.555993 0.879543
v -2.427664 1.137083 0.948723
v -2.408020 1.934802 0.682231
v -2.446707 0.702197 0.905709
v -0.274344 0.376723 0.226591
v -0.557407 0.473496 -0.452029
v -0.058306 0.449187 -0.354793
v -2.427664 1.137083 0.948723
v -2.413288 1.555993 0.879543
v -2.417491 1.328564 0.835873
v -2.417439 2.170504 0.384409
v -2.411659 1.893064 0.599521
v -2.440223 0.819676 0.799488
v -2.472200 0.447935 0.592767
v -2.446707 0.702197 0.905709
v -2.473274 0.379980 0.619569
v -2.500039 0.305947 0.207360
v -2.499211 0.233569 0.192288
v -2.408020 1.934802 0.682231
v -0.003825 0.553371 0.205880
v -2.380770 -1.518621 0.855928
v -2.395393 -1.099765 0.927161
v -2.418269 -0.664447 0.882835
v -2.487898 -0.194303 0.163581
v -0.059007 -0.390401 -0.165278
v -0.558466 -0.437595 -0.493965
v -2.395393 -1.099765 0.927161
v -2.386700 -1.289547 0.807224
v -2.380770 -1.518621 0.855928
v -2.400696 -2.133764 0.360885
v -2.388803 -1.854880 0.573004
v -2.417845 -0.782193 0.782015
v -2.418269 -0.664447 0.882835
v -2.448994 -0.407998 0.562685
v -2.448190 -0.340466 0.588570
v -2.487898 -0.194303 0.163581
v -2.488769 -0.265790 0.177395
v -2.381912 -1.897243 0.656436
v -0.059007 -0.390401 -0.165278
v -3.593509 0.021457 -0.746914
v -3.651837 -0.398993 -0.745051
v -3.827687 0.019892 1.350901
v -4.166788 0.020141 1.461417
v -3.784361 -0.404712 1.330712
v -4.158341 -0.416138 1.445372
v -4.475445 -0.427565 1.474867
v -4.106089 -0.899582 1.386081
v -4.451456 -0.929576 1.406155
v -3.743694 -0.864798 1.275383
v -3.500036 -0.217561 -0.271397
v -3.494513 0.022502 -0.273842
v -4.157352 -0.891871 -1.286486
v -3.851838 -1.385024 -1.074350
v -4.176480 -1.387392 -1.180617
v -3.851527 -1.878062 -0.894687
v -4.199208 -1.894909 -0.933092
v -3.817098 -2.117060 -0.385975
v -3.590162 -0.861808 1.135106
v -3.545212 -0.375631 0.909449
v -3.568220 0.020763 0.926774
v -3.472999 -0.236345 0.356457
v -3.484221 0.022217 0.342956
v -3.484221 0.022217 0.342956
v -3.472999 -0.236345 0.356457
v -3.536429 -1.860936 -0.909684
v -3.542776 -1.370515 -1.062217
v -3.504387 -0.874117 -1.009173
v -3.430134 -0.431040 -0.722678
v -3.651837 -0.398993 -0.745051
v -3.500036 -0.217561 -0.271397
v -3.343812 -0.250434 -0.252044
v -3.472999 -0.236345 0.356457
v -3.317362 -0.261135 0.321809
v -3.317362 -0.261135 0.321809
v -3.472999 -0.236345 0.356457
v -2.803420 -0.411041 0.655412
v -2.851796 -0.272900 0.259373
v -2.765706 -0.810460 0.863962
v -2.735540 -1.309834 0.861812
v -2.727475 -1.855027 0.638590
v -2.628582 -0.268687 0.230599
v -2.576619 -0.404524 0.602838
v -2.536712 -0.797529 0.797020
v -2.502235 -1.297246 0.805621
v -2.448994 -0.407998 0.562685
v -2.488769 -0.265790 0.177395
v -2.417845 -0.782193 0.782015
v -2.386700 -1.289547 0.807224
v -3.598666 0.442003 -0.733712
v -3.806009 0.444507 1.334394
v -3.769215 0.904588 1.280303
v -3.495304 0.262328 -0.264010
v -4.128058 0.931466 -1.295846
v -3.797797 1.426233 -1.074844
v -3.625465 0.902038 1.145579
v -3.569316 0.416235 0.920320
v -3.479896 0.280549 0.362310
v -3.479896 0.280549 0.362310
v -3.502582 1.413235 -1.046778
v -3.598666 0.442003 -0.733712
v -3.463760 0.916914 -0.994097
v -3.387587 0.475149 -0.700920
v -3.495304 0.262328 -0.264010
v -3.333631 0.295686 -0.234659
v -3.479896 0.280549 0.362310
v -3.326088 0.306692 0.334028
v -3.326088 0.306692 0.334028
v -3.479896 0.280549 0.362310
v -2.826170 0.452267 0.681110
v -2.862652 0.315907 0.291463
v -2.783829 0.848098 0.872407
v -2.764770 1.349463 0.884441
v -3.317199 1.902365 0.788834
v -2.751300 1.894304 0.661370
v -2.640567 0.310204 0.262280
v -2.599375 0.445046 0.630777
v -2.556391 0.834700 0.809028
v -2.530088 1.335951 0.829053
v -2.472200 0.447935 0.592767
v -2.500039 0.305947 0.207360
v -2.440223 0.819676 0.799488
v -2.417491 1.328564 0.835873
vn -0.0347 -0.4813 -0.8758
vn 0.0439 0.1738 -0.9838
vn 0.0025 -0.2263 -0.9741
vn -0.0204 -0.5000 -0.8658
vn -0.1308 -0.6127 -0.7794
vn 0.0168 0.0800 -0.9967
vn 0.0036 -0.1588 -0.9873
vn -0.0076 0.0426 -0.9991
vn -0.0140 -0.0681 -0.9976
vn -0.0074 0.3375 -0.9413
vn 0.1138 0.4630 -0.8790
vn -0.0280 0.4932 -0.8695
vn 0.3121 -0.0117 -0.9500
vn 0.3870 0.3135 -0.8672
vn 0.3775 0.0520 -0.9245
vn 0.2703 0.3741 -0.8871
vn 0.1661 0.2699 -0.9485
vn 0.1576 0.4835 -0.8610
vn 0.3405 0.6355 -0.6930
vn 0.2272 0.6714 -0.7054
vn 0.1657 0.8900 -0.4247
vn 0.0916 0.9951 -0.0377
vn 0.2828 0.8671 -0.4100
vn 0.0100 0.9387 0.3445
vn -0.0562 0.7458 0.6638
vn 0.1008 0.9162 0.3879
vn -0.0037 0.6419 0.7668
vn -0.0570 0.2862 0.9565
vn -0.1482 0.3282 0.9329
vn -0.2004 0.3447 0.9171
vn -0.1446 0.0142 0.9894
vn -0.1473 -0.0594 0.9873
vn -0.0738 -0.1024 0.9920
vn -0.1089 -0.4607 0.8809
vn -0.0605 -0.5578 0.8278
vn -0.0983 -0.8351 0.5412
vn 0.0303 -0.8687 0.4945
vn -0.0523 -0.9595 0.2768
vn 0.0103 -0.9575 -0.2884
vn 0.1642 -0.9590 -0.2310
vn -0.0153 -0.9996 -0.0242
vn 0.3289 -0.2851 -0.9003
vn 0.1847 -0.3745 -0.9087
vn 0.0764 -0.2803 -0.9569
vn 0.0911 0.7369 -0.6698
vn -0.0292 0.9365 -0.3495
vn -0.0746 0.9429 -0.3245
vn -0.0669 0.9978 0.0041
vn -0.1119 0.6947 0.7105
vn -0.0781 0.9176 0.3897
vn -0.0658 -0.4431 0.8940
vn -0.1341 -0.8355 0.5329
vn -0.1649 -0.9861 -0.0204
vn 0.1116 0.5689 -0.8148
vn 0.0424 0.8020 -0.5958
vn 0.1466 0.6473 0.7480
vn 0.2158 0.8796 0.4239
vn 0.1148 0.2793 0.9533
vn 0.5138 -0.3536 0.7816
vn 0.4695 -0.1326 0.8729
vn 0.4223 -0.1074 0.9001
vn 0.4589 0.1504 0.8757
vn 0.4638 0.5885 0.6623
vn 0.3749 0.2323 0.8975
vn 0.4108 0.8472 0.3368
vn 0.3607 0.6126 0.7033
vn 0.4734 0.8370 0.2746
vn 0.3821 0.9214 0.0714
vn 0.2842 0.9588 -0.0036
vn 0.4451 0.8834 0.1464
vn -0.6143 -0.6457 -0.4536
vn -0.6804 -0.5883 -0.4370
vn -0.6715 -0.6090 -0.4221
vn -0.6119 -0.6347 -0.4719
vn -0.7744 -0.5103 -0.3739
vn -0.7961 -0.4919 -0.3526
vn -0.6180 0.6176 -0.4865
vn -0.5641 0.6379 -0.5243
vn -0.5946 0.6242 -0.5067
vn -0.5630 0.6255 -0.5402
vn -0.7500 0.4712 -0.4642
vn -0.7254 0.5026 -0.4704
vn -0.8646 -0.4128 -0.2863
vn -0.8839 -0.3904 -0.2577
vn 1.0000 -0.0059 0.0069
vn 0.9998 -0.0058 0.0177
vn 0.9999 -0.0042 0.0130
vn 1.0000 -0.0028 -0.0014
vn 1.0000 -0.0033 0.0062
vn 0.9999 -0.0075 0.0124
vn 0.9998 -0.0070 0.0197
vn 0.9998 -0.0079 0.0160
vn 0.9998 -0.0078 0.0202
vn 0.9998 -0.0083 0.0173
vn 0.8176 -0.3092 0.4858
vn 0.8319 -0.4705 0.2943
vn 0.8344 -0.4096 0.3687
vn 0.8352 -0.2241 0.5023
vn 0.8430 -0.0777 0.5323
vn 0.8521 0.0637 0.5195
vn 0.8535 -0.0678 0.5167
vn 0.8310 0.3183 0.4562
vn 0.8341 0.1493 0.5311
vn 0.8223 0.4123 0.3922
vn 0.8366 0.4905 0.2439
vn 0.8479 0.4971 0.1843
vn 0.8263 0.5557 0.0921
vn 0.8516 0.5120 0.1121
vn 0.7700 0.6378 0.0188
vn 0.8027 0.5943 0.0505
vn -0.1260 0.4846 -0.8656
vn -0.1719 0.5997 -0.7816
vn -0.1001 0.5031 -0.8584
vn -0.0252 0.2217 -0.9748
vn -0.0146 0.1481 -0.9889
vn -0.0049 -0.0966 -0.9953
vn -0.1409 0.0636 -0.9880
vn -0.0814 -0.0523 -0.9953
vn -0.0219 -0.3393 -0.9404
vn 0.0347 -0.1821 -0.9827
vn 0.2678 0.0142 -0.9634
vn 0.3813 -0.3120 -0.8702
vn 0.2343 -0.3701 -0.8990
vn 0.1053 -0.2596 -0.9600
vn 0.1171 -0.4797 -0.8696
vn 0.2085 -0.6693 -0.7132
vn 0.3407 -0.6313 -0.6967
vn 0.1590 -0.8890 -0.4294
vn 0.2866 -0.8642 -0.4135
vn 0.0978 -0.9943 -0.0428
vn 0.0221 -0.9399 0.3406
vn 0.1001 -0.9184 0.3828
vn -0.0497 -0.7470 0.6630
vn -0.0218 -0.6474 0.7619
vn -0.1495 -0.3297 0.9322
vn -0.0760 -0.2869 0.9549
vn -0.1075 -0.0161 0.9941
vn -0.1632 -0.3447 0.9244
vn -0.1494 0.0574 0.9871
vn -0.0829 0.1072 0.9908
vn -0.1008 0.4686 0.8777
vn -0.0643 0.5639 0.8233
vn -0.0803 0.8408 0.5354
vn 0.0288 0.8736 0.4857
vn -0.0485 0.9611 0.2720
vn 0.0663 0.9582 0.2785
vn -0.0029 0.9555 -0.2949
vn -0.0129 0.9996 -0.0247
vn 0.1661 0.9568 -0.2387
vn 0.3249 0.2784 -0.9038
vn 0.3693 -0.0512 -0.9279
vn 0.0188 0.2678 -0.9633
vn 0.1554 0.3664 -0.9174
vn 0.0689 -0.7398 -0.6693
vn -0.0417 -0.9375 -0.3455
vn -0.0649 -0.9979 0.0078
vn -0.0863 -0.6962 0.7126
vn -0.0427 0.4502 0.8919
vn -0.1186 0.8364 0.5351
vn -0.1611 0.9868 -0.0174
vn 0.1003 -0.5671 -0.8175
vn 0.0287 -0.8011 -0.5978
vn -0.0851 -0.9427 -0.3225
vn 0.1507 -0.6500 0.7449
vn 0.1279 -0.2775 0.9522
vn 0.1323 0.0836 0.9877
vn 0.5235 0.3495 0.7770
vn 0.4334 0.1044 0.8951
vn 0.4788 0.1292 0.8684
vn 0.4667 -0.1532 0.8710
vn 0.3838 -0.2352 0.8929
vn 0.4672 -0.5911 0.6575
vn 0.3648 -0.6157 0.6984
vn 0.4719 -0.8394 0.2697
vn 0.4099 -0.8498 0.3314
vn 0.2814 -0.9595 -0.0078
vn 0.4419 -0.8857 0.1420
vn 0.3782 -0.9233 0.0666
vn 1.0000 0.0005 -0.0005
vn 1.0000 -0.0000 -0.0000
vn 1.0000 0.0001 0.0015
vn -0.7064 0.5574 -0.4363
vn -0.7499 0.5482 -0.3703
vn -0.7015 0.5286 -0.4781
vn -0.7486 0.5619 -0.3519
vn -0.8141 0.4892 -0.3130
vn -0.8322 0.4693 -0.2952
vn -0.6509 -0.5595 -0.5131
vn -0.6874 -0.5797 -0.4376
vn -0.6701 -0.5868 -0.4546
vn -0.6490 -0.5266 -0.5491
vn -0.8807 0.4041 -0.2473
vn -0.8978 0.3804 -0.2219
vn 1.0000 0.0006 0.0042
vn 1.0000 0.0017 0.0002
vn 1.0000 0.0016 0.0064
vn 1.0000 0.0027 0.0030
vn 1.0000 0.0025 0.0072
vn 1.0000 0.0030 0.0049
vn 1.0000 0.0030 0.0069
vn 1.0000 0.0033 0.0053
vn 0.8397 0.4054 0.3612
vn 0.8431 0.4988 0.2008
vn 0.8370 0.4665 0.2862
vn 0.8415 0.2195 0.4937
vn 0.8240 0.3053 0.4774
vn 0.8493 0.0729 0.5228
vn 0.8597 0.0635 0.5069
vn 0.8575 -0.0682 0.5100
vn 0.8341 -0.3225 0.4475
vn 0.8390 -0.1542 0.5218
vn 0.8241 -0.4175 0.3828
vn 0.8365 -0.4948 0.2355
vn 0.8471 -0.5015 0.1758
vn 0.8500 -0.5161 0.1057
vn 0.8242 -0.5598 0.0857
vn 0.8004 -0.5975 0.0482
vn 0.7677 -0.6406 0.0167
vn 0.7606 -0.6492 -0.0058
vn 0.5456 -0.0241 -0.8377
vn 0.7940 -0.1215 -0.5957
vn 0.5797 -0.1018 -0.8085
vn 0.2584 0.2878 -0.9222
vn 0.1271 -0.0617 -0.9900
vn 0.0366 0.3336 -0.9420
vn 0.0851 0.7656 -0.6376
vn 0.7975 0.0644 -0.5998
vn 0.7968 -0.0535 -0.6019
vn 0.0922 -0.0005 0.9957
vn 0.1931 0.0693 0.9787
vn 0.0841 0.1006 0.9914
vn 0.1656 0.1893 0.9679
vn 0.0638 0.2402 0.9686
vn 0.2365 -0.2947 -0.9259
vn 0.0697 -0.7727 -0.6309
vn 0.0155 -0.3400 -0.9403
vn 0.1221 0.0638 -0.9905
vn 0.2860 0.1080 -0.9521
vn 0.0644 -0.7901 -0.6096
vn 0.1250 0.7535 -0.6454
vn 0.1971 0.9801 -0.0243
vn 0.0688 -0.9555 0.2868
vn 0.1103 -0.9935 -0.0264
vn 0.2567 -0.6921 -0.6746
vn 0.0806 -0.7198 -0.6895
vn -0.0345 -0.5250 -0.8504
vn -0.1503 0.9886 -0.0094
vn -0.1175 0.9247 0.3620
vn -0.1582 -0.9339 0.3205
vn -0.1546 -0.8489 0.5055
vn -0.1749 -0.9281 0.3286
vn -0.1769 -0.9470 -0.2680
vn -0.2267 -0.9549 -0.1919
vn -0.2147 -0.9766 -0.0079
vn -0.1374 -0.7524 -0.6442
vn -0.2493 -0.8314 -0.4966
vn -0.1891 -0.6637 -0.7237
vn 0.2437 -0.6731 -0.6982
vn 0.3107 0.8725 -0.3771
vn 0.2730 0.9620 0.0114
vn 0.3180 0.6236 -0.7142
vn 0.3145 0.3100 -0.8972
vn 0.2235 -0.9416 -0.2519
vn 0.1876 -0.9817 -0.0326
vn 0.2428 -0.9696 -0.0306
vn 0.2655 -0.9416 -0.2069
vn 0.2831 0.8998 -0.3321
vn 0.3138 0.9495 -0.0004
vn 0.1160 -0.0824 0.9898
vn 0.1109 -0.5058 0.8555
vn 0.1551 -0.8501 0.5033
vn 0.1718 -0.9394 0.2968
vn 0.3045 0.8782 0.3689
vn 0.2511 0.6286 0.7361
vn 0.2300 0.2692 0.9352
vn 0.2511 -0.0976 0.9630
vn 0.2384 -0.5217 0.8191
vn 0.2351 -0.8530 0.4659
vn 0.3671 -0.7952 0.4827
vn 0.2580 -0.9206 0.2931
vn 0.4054 -0.8706 0.2788
vn 0.4939 -0.7313 0.4704
vn 0.3949 -0.8573 0.3303
vn 0.4172 -0.4368 0.7970
vn 0.1516 0.9763 -0.1542
vn 0.3030 0.0279 -0.9526
vn 0.2448 -0.2937 -0.9240
vn -0.0207 0.8872 -0.4610
vn -0.1255 0.9843 -0.1238
vn 0.2501 0.4070 -0.8785
vn -0.4713 0.8167 -0.3330
vn -0.6964 0.6147 -0.3703
vn -0.6981 0.4882 -0.5237
vn -0.2021 0.8135 -0.5452
vn -0.5090 0.5542 -0.6586
vn -0.1538 0.9435 -0.2936
vn -0.1216 0.5355 -0.8357
vn 0.1558 0.9871 -0.0367
vn 0.0432 0.9799 -0.1946
vn 0.2966 -0.9534 0.0557
vn 0.2033 -0.9741 -0.0993
vn 0.1965 -0.9804 0.0146
vn 0.1872 -0.3753 -0.9078
vn 0.1256 -0.9512 -0.2819
vn -0.0016 -0.9830 -0.1837
vn -0.0646 -0.9475 -0.3132
vn 0.0006 0.8781 -0.4785
vn 1.0000 -0.0003 -0.0004
vn 1.0000 -0.0004 -0.0053
vn 1.0000 -0.0018 0.0003
vn 1.0000 -0.0000 -0.0017
vn 0.0734 0.6368 -0.7676
vn -0.8479 0.0889 -0.5227
vn -0.7559 0.1790 -0.6298
vn -0.7469 -0.1818 -0.6396
vn -0.2955 0.1733 -0.9395
vn 0.1074 0.1641 -0.9806
vn -0.1781 -0.2257 -0.9578
vn 0.1368 -0.2938 -0.9460
vn -0.6184 0.1801 -0.7649
vn -0.5640 -0.2056 -0.7998
vn -0.6129 -0.5257 -0.5899
vn -0.6925 -0.5468 -0.4705
vn -0.0682 -0.5565 -0.8280
vn 0.1368 -0.6357 -0.7597
vn -0.3622 -0.8349 -0.4145
vn -0.0753 -0.8331 -0.5479
vn 0.0961 -0.8303 -0.5489
vn -0.4427 -0.5712 -0.6912
vn -0.9901 -0.0536 0.1300
vn -0.9963 -0.0244 0.0824
vn -0.9944 -0.0455 0.0954
vn -0.9901 -0.0510 0.1304
vn -0.9895 0.1229 0.0764
vn -0.9943 0.0319 0.1018
vn -0.9949 0.0724 0.0706
vn -0.9961 -0.0287 0.0829
vn -0.8802 0.3563 -0.3137
vn -0.9220 0.3011 -0.2434
vn -0.9820 0.1674 -0.0875
vn -0.9895 0.1421 -0.0268
vn -0.9834 -0.1793 0.0268
vn -0.9597 -0.2649 -0.0943
vn 0.8203 -0.5326 0.2086
vn 0.8393 -0.5022 0.2082
vn 0.7391 0.6733 -0.0200
vn 0.7630 0.6463 -0.0067
vn 0.6919 0.6968 -0.1891
vn 0.7177 0.6884 -0.1051
vn 0.8001 -0.5925 0.0943
vn 0.7720 -0.6355 0.0123
vn 0.7914 -0.6111 0.0154
vn 0.7248 -0.6569 -0.2078
vn 0.7661 -0.6388 -0.0713
vn 0.7478 -0.6485 -0.1424
vn 0.7769 -0.6258 -0.0688
vn 0.6532 0.6388 -0.4065
vn 0.6508 0.6408 -0.4073
vn 0.6222 0.4896 -0.6109
vn 0.6717 0.3648 -0.6448
vn 0.6907 -0.6236 -0.3661
vn 0.6689 -0.5903 -0.4517
vn 0.6406 -0.4853 -0.5951
vn 0.6829 -0.3784 -0.6248
vn 0.7104 0.1557 -0.6864
vn 0.7484 0.0423 -0.6619
vn 0.7226 -0.1658 -0.6711
vn 0.7518 -0.1429 -0.6437
vn 0.0799 0.7837 -0.6159
vn 0.1096 -0.4600 -0.8811
vn -0.0340 -0.4931 -0.8693
vn 0.1141 -0.7550 -0.6457
vn 0.1984 -0.9797 -0.0282
vn 0.1145 0.9929 -0.0320
vn 0.0512 0.7198 -0.6923
vn 0.2595 0.6833 -0.6825
vn -0.0764 0.5230 -0.8489
vn -0.1538 -0.9881 -0.0069
vn -0.1068 -0.9242 0.3667
vn -0.0617 -0.9172 0.3935
vn -0.1775 -0.6444 0.7438
vn -0.1449 0.9349 0.3239
vn -0.1497 0.8531 0.4998
vn -0.2231 0.9560 -0.1904
vn -0.2079 0.9782 -0.0041
vn -0.1919 0.9470 -0.2575
vn -0.1678 0.7607 -0.6271
vn -0.2505 0.8327 -0.4938
vn -0.2124 0.6738 -0.7077
vn 0.2479 0.6717 -0.6981
vn 0.2494 0.2928 -0.9231
vn 0.3062 -0.8751 -0.3747
vn 0.2648 -0.9642 0.0101
vn 0.3160 -0.6275 -0.7116
vn 0.3131 -0.3131 -0.8966
vn 0.2282 0.9407 -0.2511
vn 0.1926 0.9806 -0.0368
vn 0.2476 0.9683 -0.0331
vn 0.2734 -0.9014 -0.3357
vn 0.3065 -0.9518 -0.0050
vn 0.2093 -0.8812 0.4238
vn 0.1259 0.5063 0.8531
vn 0.1639 0.8503 0.5002
vn 0.1757 0.9402 0.2920
vn 0.3051 -0.8807 0.3624
vn 0.2634 -0.6312 0.7296
vn 0.2502 -0.2707 0.9296
vn 0.2735 0.0948 0.9572
vn 0.2599 0.5196 0.8139
vn 0.2487 0.8516 0.4615
vn 0.2670 0.9188 0.2908
vn 0.3759 0.7929 0.4797
vn 0.4106 0.8688 0.2766
vn 0.5012 0.7284 0.4672
vn 0.3989 0.8557 0.3296
vn 0.4289 0.4336 0.7925
vn 0.1477 -0.9763 -0.1580
vn 0.3110 -0.0296 -0.9500
vn -0.0255 -0.8847 -0.4654
vn -0.1249 -0.9836 -0.1298
vn 0.2408 -0.4103 -0.8796
vn -0.4667 -0.8161 -0.3409
vn -0.6904 -0.6132 -0.3839
vn -0.6934 -0.4870 -0.5311
vn -0.2012 -0.8133 -0.5459
vn -0.5078 -0.5538 -0.6598
vn -0.1510 -0.9427 -0.2975
vn -0.1217 -0.5355 -0.8357
vn 0.1561 -0.9869 -0.0401
vn 0.0436 -0.9795 -0.1968
vn 0.3311 0.9433 -0.0229
vn 0.2681 0.9405 -0.2087
vn 0.2990 0.9526 0.0554
vn 0.2043 0.9740 -0.0983
vn 0.1835 0.3753 -0.9086
vn 0.1257 0.9513 -0.2816
vn -0.0027 0.9833 -0.1818
vn 0.2109 0.9727 -0.0972
vn 0.0002 -0.8780 -0.4786
vn 0.0729 -0.6367 -0.7676
vn -0.8409 -0.0885 -0.5340
vn -0.7433 0.1821 -0.6437
vn -0.7518 -0.1780 -0.6349
vn -0.2954 -0.1733 -0.9395
vn 0.1073 -0.1641 -0.9806
vn -0.1781 0.2257 -0.9578
vn 0.1367 0.2939 -0.9460
vn -0.6182 -0.1799 -0.7651
vn -0.5640 0.2056 -0.7997
vn -0.6893 0.5466 -0.4755
vn -0.6109 0.5260 -0.5917
vn -0.0681 0.5566 -0.8280
vn 0.1368 0.6357 -0.7597
vn -0.3608 0.8352 -0.4150
vn -0.0751 0.8331 -0.5480
vn -0.0644 0.9476 -0.3128
vn 0.0961 0.8305 -0.5486
vn -0.4426 0.5713 -0.6912
vn -0.7787 -0.4629 -0.4234
vn -0.8008 -0.4313 -0.4157
vn -0.9863 0.0554 0.1555
vn -0.9922 0.0443 0.1167
vn -0.9859 0.0578 0.1568
vn -0.9945 0.0257 0.1015
vn -0.9923 -0.0740 0.0991
vn -0.9930 0.0339 0.1130
vn -0.9909 -0.0279 0.1314
vn -0.9892 -0.1469 -0.0011
vn -0.9866 -0.1244 0.1054
vn -0.9336 -0.2948 -0.2037
vn -0.9824 -0.1753 -0.0643
vn -0.8990 -0.3428 -0.2726
vn -0.9827 0.1768 0.0554
vn -0.9623 0.2637 -0.0670
vn 0.8242 0.5293 0.2015
vn 0.7369 -0.6758 -0.0193
vn 0.7176 -0.6886 -0.1043
vn 0.6920 -0.6970 -0.1879
vn 0.8028 0.5894 0.0904
vn 0.8345 0.5419 0.0997
vn 0.7925 0.6097 0.0145
vn 0.7478 0.6486 -0.1422
vn 0.7777 0.6249 -0.0679
vn 0.7668 0.6381 -0.0704
vn 0.6532 -0.6388 -0.4064
vn 0.6508 -0.6408 -0.4073
vn 0.6222 -0.4896 -0.6109
vn 0.6717 -0.3647 -0.6448
vn 0.7248 0.6569 -0.2076
vn 0.6907 0.6236 -0.3661
vn 0.6690 0.5903 -0.4517
vn 0.6407 0.4853 -0.5950
vn 0.6831 0.3784 -0.6247
vn 0.7104 -0.1557 -0.6864
vn 0.7484 -0.0422 -0.6619
vn 0.7227 0.1658 -0.6710
vn 0.7520 0.1428 -0.6435
vn 0.1175 -0.7528 0.6477
vn 0.0727 -0.4452 0.8925
vn 0.0794 -0.7625 0.6421
vn 0.0635 -0.9830 0.1722
vn 0.0539 -0.9691 0.2406
vn 0.0743 -0.9657 -0.2489
vn 0.4715 0.0451 -0.8807
vn 0.1706 -0.7524 0.6362
vn 0.0537 -0.9907 0.1249
vn 0.1490 -0.3929 0.9074
vn 0.3058 0.2046 0.9299
vn 0.2556 0.7500 0.6100
vn 0.3006 0.6296 0.7164
vn 0.3034 0.1126 0.9462
vn 0.3088 -0.1866 0.9326
vn 0.3449 -0.2952 0.8910
vn 0.0898 -0.9770 0.1933
vn 0.2134 -0.6442 0.7345
vn 0.0468 -0.9570 -0.2863
vn 0.0252 -0.9609 -0.2756
vn -0.0770 -0.0945 -0.9925
vn -0.0749 0.3815 -0.9213
vn 0.1284 -0.6001 -0.7896
vn -0.0107 -0.6466 -0.7628
vn 0.0695 -0.9515 -0.2995
vn 0.0980 -0.9804 0.1711
vn 0.1019 -0.9752 0.1965
vn 0.0005 0.7931 -0.6091
vn 0.0253 0.9823 -0.1855
vn 0.0487 0.9746 -0.2186
vn 0.0065 0.9997 -0.0238
vn 0.0077 0.9988 -0.0481
vn 0.0308 0.9811 -0.1912
vn -0.0454 0.9968 -0.0651
vn 0.2871 -0.1008 -0.9526
vn 0.0708 -0.9646 -0.2540
vn 0.0804 -0.9661 0.2455
vn 0.1300 -0.6917 0.7104
vn 0.1179 -0.6727 0.7305
vn 0.0972 0.7547 0.6488
vn 0.0668 0.7656 0.6398
vn 0.0574 0.4518 0.8903
vn 0.0451 0.9692 0.2419
vn 0.0541 0.9832 0.1742
vn 0.0793 0.9655 -0.2481
vn 0.5376 0.0786 -0.8395
vn 0.4787 -0.0506 -0.8765
vn 0.1149 0.6952 -0.7095
vn 0.1295 0.7021 -0.7002
vn 0.2467 0.3349 -0.9094
vn 0.0556 0.9648 -0.2569
vn 0.1504 0.7532 0.6404
vn 0.0485 0.9906 0.1279
vn 0.1306 0.3972 0.9084
vn 0.3229 0.2996 0.8978
vn 0.0204 0.6708 -0.7414
vn 0.2954 -0.2054 0.9330
vn 0.2838 -0.6292 0.7236
vn 0.2483 -0.7480 0.6155
vn 0.2922 0.1859 0.9381
vn 0.2818 -0.1109 0.9530
vn 0.0315 0.9617 -0.2721
vn 0.0532 0.9569 -0.2856
vn 0.0865 0.9765 0.1972
vn 0.1040 0.9743 0.1996
vn -0.0714 0.0945 -0.9930
vn 0.1319 0.6015 -0.7879
vn -0.0013 0.6484 -0.7613
vn 0.0774 0.9510 -0.2994
vn 0.1014 0.9796 0.1734
vn -0.0744 -0.3881 -0.9186
vn 0.0210 -0.9833 -0.1808
vn 0.0017 -0.7981 -0.6026
vn 0.0311 -0.9760 -0.2157
vn -0.0015 -0.9989 -0.0471
vn 0.0007 -0.9997 -0.0244
vn 0.0034 -0.9803 -0.1976
vn -0.0548 -0.9965 -0.0629
vn 0.0793 0.9643 -0.2528
vn 0.0822 0.9662 0.2442
vn 0.1119 0.6709 0.7331
vn 0.1238 0.6934 0.7098
vn -0.2282 0.2404 0.9435
vn -0.1474 0.0386 0.9883
vn -0.1999 0.6443 0.7382
vn -0.1208 -0.3932 0.9115
vn 0.3277 -0.9446 -0.0211
vn 0.0107 -0.8814 -0.4723
vn 0.2120 -0.9722 -0.0992
vn -0.9990 0.0373 -0.0238
vn -0.9997 0.0238 0.0010
vn -0.9994 0.0307 -0.0148
vn -0.9979 -0.0008 0.0644
vn -0.9992 0.0194 0.0360
vn -0.9985 0.0550 -0.0019
vn -0.9982 0.0398 0.0458
vn -0.9981 0.0609 0.0135
vn -0.9977 0.0155 0.0653
vn -0.9979 0.0110 0.0641
vn -0.9973 -0.0259 0.0694
vn -0.9992 0.0202 0.0338
vn 0.8315 -0.5458 0.1038
vn -0.1932 -0.2407 0.9512
vn -0.0957 -0.0379 0.9947
vn -0.0889 0.3945 0.9146
vn -0.1629 0.9282 0.3345
vn 0.1980 0.9800 0.0185
vn 0.0105 0.8808 -0.4735
vn -0.9987 -0.0489 0.0126
vn -0.9993 -0.0359 0.0110
vn -0.9992 -0.0245 0.0328
vn -0.9964 0.0073 0.0844
vn -0.9973 -0.0215 0.0699
vn -0.9976 -0.0497 0.0477
vn -0.9973 -0.0465 0.0566
vn -0.9967 -0.0230 0.0780
vn -0.9952 -0.0003 0.0980
vn -0.9941 0.0322 0.1040
vn -0.9951 -0.0042 0.0985
vn -0.9972 -0.0238 0.0703
vn 0.7730 0.6343 0.0109
vn 0.9646 -0.0520 -0.2587
vn 0.9464 -0.1367 -0.2926
vn 0.7077 0.0110 0.7065
vn 0.2358 0.0030 0.9718
vn 0.5832 0.0081 0.8123
vn 0.1889 -0.0658 0.9798
vn 0.0876 -0.0946 0.9917
vn 0.1786 -0.1795 0.9674
vn 0.0734 -0.2305 0.9703
vn 0.4618 -0.1075 0.8805
vn 0.9912 -0.0367 -0.1274
vn 0.9938 -0.0080 -0.1107
vn 0.4996 -0.1183 -0.8582
vn 0.2103 -0.1996 -0.9570
vn 0.2505 -0.3288 -0.9106
vn 0.0896 -0.6963 -0.7122
vn 0.1114 -0.7080 -0.6974
vn 0.0483 -0.9641 -0.2612
vn 0.7478 0.0008 0.6639
vn 0.9078 0.0744 0.4127
vn 0.9563 0.0214 0.2915
vn 0.9885 0.0457 0.1445
vn 0.9897 0.0118 0.1424
vn 0.9997 0.0078 -0.0251
vn 0.9983 0.0411 -0.0418
vn -0.0048 -0.6654 -0.7464
vn 0.0030 -0.0807 -0.9967
vn 0.0644 0.4070 -0.9111
vn 0.1273 0.7974 -0.5899
vn 0.1674 0.6708 -0.7225
vn 0.2074 0.9441 -0.2563
vn 0.1337 0.9753 -0.1757
vn 0.1764 0.9842 0.0144
vn 0.0893 0.9960 0.0023
vn 0.1213 0.9495 0.2894
vn 0.2144 0.9400 0.2653
vn 0.1454 0.7900 0.5956
vn 0.0443 0.9449 0.3243
vn 0.2690 0.2431 0.9320
vn 0.2713 -0.1967 0.9422
vn 0.1741 -0.6599 0.7309
vn 0.0809 0.9406 0.3298
vn 0.1374 0.7054 0.6954
vn 0.1427 0.2527 0.9570
vn 0.1659 -0.1729 0.9709
vn 0.1842 0.8420 0.5070
vn 0.1079 0.9362 0.3344
vn 0.1587 0.3431 0.9258
vn 0.0766 -0.1720 0.9821
vn 0.9645 0.0417 -0.2607
vn 0.5846 0.0047 0.8113
vn 0.4636 0.1155 0.8785
vn 0.9937 0.0021 -0.1125
vn 0.4644 0.1143 -0.8782
vn 0.2302 0.2066 -0.9510
vn 0.7531 0.0116 0.6578
vn 0.9062 -0.0342 0.4214
vn 0.9887 -0.0107 0.1498
vn 0.9996 -0.0149 -0.0242
vn 0.0392 0.0852 -0.9956
vn 0.2165 -0.6743 -0.7060
vn 0.1128 -0.4067 -0.9066
vn 0.1477 -0.8009 -0.5802
vn 0.2199 -0.9432 -0.2490
vn 0.1395 -0.9755 -0.1702
vn 0.1843 -0.9827 0.0200
vn 0.0932 -0.9956 0.0052
vn 0.1149 -0.9516 0.2852
vn 0.2122 -0.9416 0.2615
vn 0.1365 -0.7819 0.6083
vn 0.0325 -0.9443 0.3275
vn 0.2629 -0.2427 0.9338
vn 0.2676 0.1878 0.9450
vn 0.1991 0.6429 0.7396
vn 0.1694 0.6579 0.7338
vn 0.0763 -0.9399 0.3328
vn 0.1356 -0.6935 0.7076
vn 0.1153 -0.2472 0.9621
vn 0.1402 0.1622 0.9767
vn 0.1780 -0.8367 0.5180
vn 0.1035 -0.9357 0.3373
vn 0.1197 -0.3362 0.9342
vn 0.0317 0.1609 0.9865
vt 0.903178 0.856206
vt 0.869283 0.856206
vt 0.900379 0.843011
vt 0.911083 0.843011
vt 0.921694 0.850024
vt 0.869190 0.843719
vt 0.897795 0.832523
vt 0.869283 0.832523
vt 0.883893 0.823018
vt 0.850889 0.842827
vt 0.839878 0.856206
vt 0.840278 0.848609
vt 0.879587 0.795828
vt 0.848398 0.764517
vt 0.879587 0.764517
vt 0.848398 0.795828
vt 0.866976 0.808101
vt 0.848398 0.826802
vt 0.818194 0.764517
vt 0.818194 0.795828
vt 0.790973 0.795828
vt 0.766489 0.795828
vt 0.790973 0.764517
vt 0.739699 0.795828
vt 0.713401 0.795828
vt 0.739699 0.764517
vt 0.713401 0.764517
vt 0.679383 0.764517
vt 0.679383 0.795828
vt 0.679383 0.825725
vt 0.647702 0.825725
vt 0.647702 0.795828
vt 0.647702 0.764517
vt 0.615498 0.795828
vt 0.615498 0.764517
vt 0.585694 0.795828
vt 0.585694 0.764517
vt 0.549984 0.795828
vt 0.965278 0.795828
vt 0.965278 0.764517
vt 0.992899 0.795828
vt 0.909083 0.764517
vt 0.909083 0.795828
vt 0.894074 0.809116
vt 0.818194 0.825725
vt 0.790973 0.825725
vt 0.790973 0.840920
vt 0.766489 0.825725
vt 0.713401 0.825725
vt 0.739699 0.825725
vt 0.615498 0.825725
vt 0.585694 0.825725
vt 0.992899 0.825725
vt 0.834895 0.835629
vt 0.818194 0.840920
vt 0.713401 0.734128
vt 0.739699 0.734128
vt 0.679383 0.734128
vt 0.615498 0.681624
vt 0.647702 0.681624
vt 0.647702 0.696419
vt 0.679383 0.681624
vt 0.713401 0.681624
vt 0.679383 0.696419
vt 0.739699 0.696419
vt 0.713401 0.696419
vt 0.739699 0.681624
vt 0.766489 0.696419
vt 0.790973 0.681624
vt 0.766489 0.681624
vt 0.871097 0.814314
vt 0.880294 0.803518
vt 0.857994 0.829601
vt 0.889675 0.815514
vt 0.909083 0.824802
vt 0.904685 0.830708
vt 0.841600 0.840304
vt 0.607778 0.659817
vt 0.590892 0.604329
vt 0.607378 0.597409
vt 0.621588 0.662123
vt 0.624572 0.594210
vt 0.593476 0.656618
vt 0.583387 0.613526
vt 0.584494 0.651420
vt 0.580096 0.626321
vt 0.580280 0.640808
vt 0.585694 0.681624
vt 0.585694 0.676211
vt 0.615498 0.676211
vt 0.679383 0.676211
vt 0.647702 0.676211
vt 0.713401 0.676211
vt 0.739699 0.676211
vt 0.766489 0.676211
vt 0.790973 0.676211
vt 0.549984 0.764517
vt 0.647702 0.734128
vt 0.636783 0.595409
vt 0.549984 0.676211
vt 0.805491 0.676211
vt 0.952575 0.996401
vt 0.926400 0.964013
vt 0.925078 0.996401
vt 0.870697 0.871216
vt 0.902778 0.871216
vt 0.932982 0.871309
vt 0.953990 0.969519
vt 0.596182 0.996401
vt 0.622173 0.978408
vt 0.622480 0.996401
vt 0.650901 0.976316
vt 0.652193 0.996401
vt 0.933382 0.856329
vt 0.824684 0.856206
vt 0.766489 0.764517
vt 0.992899 0.764517
vt 0.937904 0.764517
vt 0.937904 0.795828
vt 0.766489 0.840920
vt 0.739699 0.840920
vt 0.549984 0.825725
vt 0.585694 0.840920
vt 0.549984 0.840920
vt 0.965278 0.825725
vt 0.965278 0.840920
vt 0.992899 0.840920
vt 0.937904 0.825725
vt 0.937904 0.840920
vt 0.924186 0.834922
vt 0.937904 0.734128
vt 0.790973 0.734128
vt 0.766489 0.734128
vt 0.818194 0.734128
vt 0.848398 0.734128
vt 0.965278 0.734128
vt 0.992899 0.734128
vt 0.992899 0.714504
vt 0.965278 0.714504
vt 0.790973 0.714504
vt 0.766489 0.714504
vt 0.615498 0.734128
vt 0.585694 0.734128
vt 0.549984 0.734128
vt 0.739699 0.714504
vt 0.713401 0.714504
vt 0.679383 0.714504
vt 0.647702 0.714504
vt 0.615498 0.714504
vt 0.585694 0.714504
vt 0.585694 0.696419
vt 0.549984 0.714504
vt 0.549984 0.696419
vt 0.549984 0.681624
vt 0.615498 0.696419
vt 0.790973 0.696419
vt 0.879587 0.734128
vt 0.909083 0.734128
vt 0.810689 0.714504
vt 0.808290 0.696911
vt 0.848398 0.726408
vt 0.825975 0.707799
vt 0.847998 0.714720
vt 0.837786 0.683900
vt 0.852181 0.696511
vt 0.821085 0.690821
vt 0.853381 0.678917
vt 0.805275 0.681409
vt 0.817302 0.677502
vt 0.992899 0.681624
vt 0.965278 0.696419
vt 0.965278 0.681624
vt 0.909083 0.724808
vt 0.935689 0.678302
vt 0.947592 0.695219
vt 0.933290 0.690113
vt 0.834188 0.671720
vt 0.652992 0.597009
vt 0.637091 0.662216
vt 0.652377 0.661908
vt 0.850982 0.667506
vt 0.665296 0.602299
vt 0.666372 0.656525
vt 0.673693 0.610419
vt 0.674984 0.648405
vt 0.869898 0.716627
vt 0.887891 0.716504
vt 0.678675 0.623214
vt 0.679383 0.634810
vt 0.870790 0.678210
vt 0.870882 0.665907
vt 0.885185 0.678610
vt 0.886692 0.666522
vt 0.870175 0.697403
vt 0.885892 0.698110
vt 0.905577 0.712413
vt 0.900594 0.680301
vt 0.903885 0.669505
vt 0.928000 0.706507
vt 0.917880 0.684700
vt 0.920279 0.674027
vt 0.902101 0.697311
vt 0.797801 0.847102
vt 0.761876 0.847102
vt 0.965278 0.847102
vt 0.992899 0.847102
vt 0.920402 0.841719
vt 0.937904 0.847102
vt 0.818194 0.847102
vt 0.816594 0.672120
vt 0.965278 0.676211
vt 0.935689 0.672520
vt 0.952883 0.676211
vt 0.951899 0.681808
vt 0.834803 0.666306
vt 0.850182 0.662800
vt 0.919295 0.668306
vt 0.904193 0.664615
vt 0.870882 0.660309
vt 0.887184 0.660924
vt 0.713401 0.840920
vt 0.992899 0.696419
vt 0.992899 0.676211
vt 0.718292 0.974625
vt 0.684089 0.996401
vt 0.719091 0.996401
vt 0.760276 0.976808
vt 0.759477 0.996401
vt 0.801092 0.996401
vt 0.900502 0.959030
vt 0.718784 0.950910
vt 0.761384 0.954017
vt 0.682797 0.974225
vt 0.645980 0.920214
vt 0.611777 0.916523
vt 0.613899 0.930302
vt 0.647794 0.940606
vt 0.680675 0.922828
vt 0.681290 0.950818
vt 0.761076 0.926119
vt 0.719491 0.923505
vt 0.801984 0.886226
vt 0.803676 0.929410
vt 0.869498 0.886226
vt 0.902101 0.886318
vt 0.840401 0.871216
vt 0.838894 0.886226
vt 0.803584 0.871124
vt 0.762583 0.871124
vt 0.760984 0.886011
vt 0.932275 0.886318
vt 0.962602 0.886411
vt 0.963095 0.871309
vt 0.996990 0.886411
vt 0.996990 0.871309
vt 0.964694 0.856329
vt 0.996990 0.856329
vt 0.805398 0.856114
vt 0.766797 0.856114
vt 0.724782 0.856114
vt 0.723090 0.870909
vt 0.837202 0.962906
vt 0.836002 0.996401
vt 0.869283 0.996401
vt 0.802876 0.959522
vt 0.838586 0.931902
vt 0.679383 0.840920
vt 0.647702 0.840920
vt 0.615498 0.840920
vt 0.937904 0.714504
vt 0.662681 0.847102
vt 0.713401 0.847102
vt 0.621373 0.847102
vt 0.585694 0.847102
vt 0.549984 0.847102
vt 0.956297 0.951525
vt 0.932275 0.939807
vt 0.596674 0.965520
vt 0.597197 0.981207
vt 0.621681 0.958815
vt 0.648502 0.953309
vt 0.959496 0.921013
vt 0.965586 0.940729
vt 0.898995 0.996401
vt 0.868883 0.962814
vt 0.593199 0.948327
vt 0.575974 0.927626
vt 0.575974 0.945312
vt 0.996990 0.946204
vt 0.996990 0.928518
vt 0.869098 0.932025
vt 0.900687 0.929410
vt 0.930799 0.923105
vt 0.960603 0.913816
vt 0.996990 0.917722
vt 0.575974 0.916923
vt 0.608393 0.885826
vt 0.575974 0.885826
vt 0.643088 0.885919
vt 0.679998 0.885919
vt 0.720598 0.886011
vt 0.575974 0.870816
vt 0.607778 0.870816
vt 0.641889 0.870909
vt 0.679875 0.870909
vt 0.607594 0.855930
vt 0.575974 0.855806
vt 0.640997 0.855930
vt 0.679783 0.855930
s 1
g mixamorig:RightUpLeg
g legsGeo-mesh.001_primo_texmat
usemtl primo_texmat
f 2258/1377/2274 2259/1378/2275 2260/1379/2276
f 2258/1377/2274 2261/1380/2277 2262/1381/2278
f 2258/1377/2274 2260/1379/2276 2261/1380/2277
f 2260/1379/2276 2263/1382/2279 2264/1383/2280
f 2260/1379/2276 2264/1383/2280 2261/1380/2277
f 2265/1384/2281 2264/1383/2280 2263/1382/2279
f 2264/1383/2280 2265/1384/2281 2266/1385/2282
f 2267/1386/2283 2265/1384/2281 2263/1382/2279
f 2267/1386/2283 2263/1382/2279 2259/1378/2275
f 2267/1386/2283 2268/1387/2284 2269/1388/2285
s 2
g mixamorig:RightLeg
f 2270/1389/2286 2271/1390/2287 2272/1391/2288
g mixamorig:RightUpLeg
f 2273/1392/2289 2270/1389/2286 2274/1393/2290
f 2274/1393/2290 2275/1394/2291 2273/1392/2289
g mixamorig:RightLeg
f 2273/1392/2289 2276/1395/2292 2271/1390/2287
g mixamorig:RightUpLeg
f 2275/1394/2291 2277/1396/2293 2273/1392/2289
g mixamorig:RightLeg
f 2278/1397/2294 2279/1398/2295 2280/1399/2296
f 2281/1400/2297 2282/1401/2298 2283/1402/2299
f 2283/1402/2299 2282/1401/2298 2284/1403/2300
f 2285/1404/2301 2284/1403/2300 2286/1405/2302
f 2284/1403/2300 2282/1401/2298 2286/1405/2302
g mixamorig:RightUpLeg
f 2286/1405/2302 2287/1406/2303 2288/1407/2304
f 2289/1408/2305 2286/1405/2302 2288/1407/2304
g mixamorig:RightLeg
f 2285/1404/2301 2286/1405/2302 2289/1408/2305
f 2290/1409/2306 2285/1404/2301 2289/1408/2305
f 2291/1410/2307 2290/1409/2306 2289/1408/2305
f 2290/1409/2306 2291/1410/2307 2292/1411/2308
f 2293/1412/2309 2292/1411/2308 2291/1410/2307
f 2292/1411/2308 2293/1412/2309 2294/1413/2310
f 2295/1414/2311 2294/1413/2310 2293/1412/2309
f 2296/1415/2312 2297/1416/2313 2298/1417/2314
g mixamorig:RightUpLeg
f 2270/1389/2286 2299/1418/2315 2300/1419/2316
f 2301/1420/2317 2270/1389/2286 2300/1419/2316
f 2302/1421/2318 2277/1396/2293 2275/1394/2291
f 2277/1396/2293 2303/1422/2319 2278/1397/2294
f 2302/1421/2318 2303/1422/2319 2277/1396/2293
f 2302/1421/2318 2304/1423/2320 2303/1422/2319
f 2278/1397/2294 2305/1424/2321 2279/1398/2295
f 2286/1405/2302 2306/1425/2322 2287/1406/2303
f 2281/1400/2297 2306/1425/2322 2282/1401/2298
f 2281/1400/2297 2307/1426/2323 2306/1425/2322
f 2289/1408/2305 2288/1407/2304 2308/1427/2324
f 2291/1410/2307 2308/1427/2324 2293/1412/2309
f 2291/1410/2307 2289/1408/2305 2308/1427/2324
f 2295/1414/2311 2293/1412/2309 2309/1428/2325
f 2296/1415/2312 2298/1417/2314 2310/1429/2326
f 2302/1421/2318 2275/1394/2291 2311/1430/2327
f 2311/1430/2327 2312/1431/2328 2302/1421/2318
g mixamorig:RightLeg
f 2283/1402/2299 2313/1432/2329 2314/1433/2330
f 2285/1404/2301 2313/1432/2329 2284/1403/2300
f 2290/1409/2306 2315/1434/2331 2285/1404/2301
g mixamorig:RightFoot
f 2316/1435/2332 2317/1436/2333 2318/1437/2334
f 2319/1438/2335 2318/1437/2334 2317/1436/2333
f 2320/1439/2336 2321/1440/2337 2319/1438/2335
f 2320/1439/2336 2322/1441/2338 2323/1442/2339
f 2324/1443/2340 2325/1444/2341 2322/1441/2338
f 2326/1445/2342 2325/1444/2341 2327/1446/2343
s 3
g mixamorig:RightUpLeg
f 2328/1389/2344 2329/1447/2345 2330/1393/2346
f 2329/1447/2345 2328/1389/2344 2331/1448/2347
f 2332/1449/2348 2330/1393/2346 2329/1447/2345
f 2330/1393/2346 2332/1449/2348 2333/1394/2349
s 4
f 2334/1450/2350 2335/1389/2351 2336/1420/2352
f 2335/1389/2351 2334/1450/2350 2337/1448/2353
f 2336/1420/2352 2338/1451/2354 2339/1452/2355
s 3
f 2340/1453/2356 2341/1430/2357 2333/1394/2349
f 2333/1394/2349 2332/1449/2348 2340/1453/2356
s 5
g mixamorig:RightFoot
f 2342/1454/2358 2343/1455/2359 2344/1456/2360
f 2345/1457/2361 2344/1456/2360 2346/1458/2362
f 2343/1455/2359 2342/1454/2358 2347/1459/2363
f 2343/1455/2359 2347/1459/2363 2348/1460/2364
f 2348/1460/2364 2347/1459/2363 2349/1461/2365
f 2348/1460/2364 2349/1461/2365 2350/1462/2366
f 2350/1462/2366 2349/1461/2365 2351/1463/2367
s 6
f 2352/1435/2368 2353/1464/2369 2354/1465/2370
f 2352/1435/2368 2354/1465/2370 2355/1466/2371
f 2355/1466/2371 2356/1436/2372 2352/1435/2368
f 2357/1467/2373 2356/1436/2372 2358/1468/2374
f 2359/1469/2375 2360/1438/2376 2357/1467/2373
f 2360/1438/2376 2359/1469/2375 2361/1439/2377
f 2359/1469/2375 2362/1470/2378 2361/1439/2377
f 2363/1443/2379 2361/1439/2377 2362/1470/2378
f 2364/1446/2380 2363/1443/2379 2365/1471/2381
f 2363/1443/2379 2362/1470/2378 2365/1471/2381
f 2366/1445/2382 2364/1446/2380 2367/1472/2383
f 2364/1446/2380 2365/1471/2381 2367/1472/2383
s 1
g mixamorig:LeftUpLeg
f 2368/1377/2384 2369/1381/2385 2370/1380/2386
f 2368/1377/2384 2370/1380/2386 2371/1379/2387
f 2371/1379/2387 2370/1380/2386 2372/1383/2388
f 2372/1383/2388 2373/1382/2389 2371/1379/2387
f 2372/1383/2388 2374/1385/2390 2375/1384/2391
f 2376/1386/2392 2377/1378/2393 2373/1382/2389
f 2376/1386/2392 2373/1382/2389 2375/1384/2391
s 7
f 2378/1389/2394 2379/1390/2395 2380/1392/2396
f 2380/1392/2396 2381/1393/2397 2378/1389/2394
f 2381/1393/2397 2380/1392/2396 2382/1394/2398
f 2383/1396/2399 2382/1394/2398 2380/1392/2396
f 2380/1392/2396 2384/1395/2400 2383/1396/2399
f 2383/1396/2399 2384/1395/2400 2385/1397/2401
f 2385/1397/2401 2386/1399/2402 2387/1398/2403
f 2388/1400/2404 2389/1402/2405 2390/1401/2406
g mixamorig:LeftLeg
f 2389/1402/2405 2391/1403/2407 2390/1401/2406
f 2391/1403/2407 2392/1405/2408 2390/1401/2406
f 2392/1405/2408 2391/1403/2407 2393/1404/2409
g mixamorig:LeftUpLeg
f 2392/1405/2408 2394/1407/2410 2395/1406/2411
g mixamorig:LeftLeg
f 2393/1404/2409 2396/1408/2412 2392/1405/2408
g mixamorig:LeftUpLeg
f 2396/1408/2412 2394/1407/2410 2392/1405/2408
g mixamorig:LeftLeg
f 2397/1409/2413 2396/1408/2412 2393/1404/2409
f 2397/1409/2413 2398/1410/2414 2396/1408/2412
f 2398/1410/2414 2397/1409/2413 2399/1411/2415
f 2399/1411/2415 2400/1412/2416 2398/1410/2414
f 2400/1412/2416 2399/1411/2415 2401/1413/2417
f 2402/1414/2418 2401/1413/2417 2403/1473/2419
g mixamorig:LeftUpLeg
f 2404/1415/2420 2405/1417/2421 2406/1416/2422
g mixamorig:LeftToeBase
f 2378/1389/2394 2407/1418/2423 2408/1391/2424
g mixamorig:LeftUpLeg
f 2409/1420/2425 2410/1419/2426 2378/1389/2394
f 2382/1394/2398 2383/1396/2399 2411/1421/2427
f 2383/1396/2399 2385/1397/2401 2412/1422/2428
f 2411/1421/2427 2383/1396/2399 2412/1422/2428
f 2385/1397/2401 2387/1398/2403 2413/1424/2429
f 2390/1401/2406 2414/1425/2430 2388/1400/2404
f 2392/1405/2408 2414/1425/2430 2390/1401/2406
f 2400/1412/2416 2415/1427/2431 2398/1410/2414
f 2398/1410/2414 2415/1427/2431 2396/1408/2412
f 2396/1408/2412 2415/1427/2431 2394/1407/2410
f 2400/1412/2416 2416/1428/2432 2415/1427/2431
f 2402/1414/2418 2416/1428/2432 2400/1412/2416
f 2404/1415/2420 2417/1429/2433 2405/1417/2421
f 2411/1421/2427 2418/1430/2434 2382/1394/2398
f 2418/1430/2434 2411/1421/2427 2419/1431/2435
f 2411/1421/2427 2420/1423/2436 2419/1431/2435
g mixamorig:LeftFoot
f 2389/1402/2405 2421/1432/2437 2391/1403/2407
f 2393/1404/2409 2421/1432/2437 2422/1434/2438
f 2397/1409/2413 2422/1434/2438 2423/1474/2439
f 2424/1435/2440 2425/1437/2441 2426/1436/2442
f 2427/1438/2443 2426/1436/2442 2425/1437/2441
f 2427/1438/2443 2425/1437/2441 2428/1440/2444
f 2429/1439/2445 2428/1440/2444 2430/1442/2446
f 2431/1443/2447 2429/1439/2445 2432/1441/2448
f 2433/1445/2449 2434/1446/2450 2435/1444/2451
s 8
g mixamorig:LeftToeBase
f 2436/1457/2452 2437/1475/2453 2438/1458/2454
s 9
g mixamorig:LeftUpLeg
f 2439/1389/2455 2440/1447/2456 2441/1448/2457
f 2440/1447/2456 2439/1389/2455 2442/1393/2458
f 2442/1393/2458 2443/1449/2459 2440/1447/2456
f 2443/1449/2459 2442/1393/2458 2444/1394/2460
s 10
f 2445/1389/2461 2446/1450/2462 2447/1420/2463
f 2446/1450/2462 2445/1389/2461 2448/1448/2464
s 9
f 2449/1453/2465 2443/1449/2459 2444/1394/2460
f 2450/1430/2466 2449/1453/2465 2444/1394/2460
s 8
g mixamorig:LeftToeBase
f 2436/1457/2452 2438/1458/2454 2451/1456/2467
g mixamorig:LeftFoot
f 2436/1457/2452 2451/1456/2467 2452/1454/2468
f 2452/1454/2468 2451/1456/2467 2453/1455/2469
f 2452/1454/2468 2453/1455/2469 2454/1459/2470
f 2454/1459/2470 2453/1455/2469 2455/1460/2471
f 2454/1459/2470 2455/1460/2471 2456/1461/2472
f 2456/1461/2472 2455/1460/2471 2457/1462/2473
f 2456/1461/2472 2457/1462/2473 2458/1463/2474
s 11
f 2459/1465/2475 2460/1476/2476 2461/1464/2477
f 2462/1466/2478 2459/1465/2475 2463/1435/2479
f 2462/1466/2478 2464/1436/2480 2465/1468/2481
f 2466/1467/2482 2465/1468/2481 2464/1436/2480
f 2467/1469/2483 2466/1467/2482 2468/1438/2484
f 2468/1438/2484 2469/1439/2485 2467/1469/2483
f 2469/1439/2485 2470/1470/2486 2467/1469/2483
f 2469/1439/2485 2471/1443/2487 2470/1470/2486
f 2471/1443/2487 2472/1471/2488 2470/1470/2486
f 2472/1471/2488 2471/1443/2487 2473/1446/2489
f 2473/1446/2489 2474/1472/2490 2472/1471/2488
f 2474/1472/2490 2473/1446/2489 2475/1445/2491
g mixamorig:LeftToeBase
f 2475/1445/2491 2476/1477/2492 2474/1472/2490
s 1
g mixamorig:Hips
f 2477/1478/2493 2478/1479/2494 2479/1480/2495
g mixamorig:LeftUpLeg
f 2480/1377/2496 2481/1481/2497 2482/1482/2498
f 2480/1377/2496 2482/1482/2498 2483/1483/2499
g mixamorig:Hips
f 2477/1478/2493 2484/1479/2500 2485/1484/2501
f 2486/1485/2502 2487/1486/2503 2488/1487/2504
f 2488/1487/2504 2489/1488/2505 2490/1489/2506
g mixamorig:RightUpLeg
f 2491/1377/2507 2492/1483/2508 2493/1482/2509
f 2491/1377/2507 2494/1481/2510 2495/1378/2511
f 2496/1490/2512 2258/1377/2274 2262/1381/2278
f 2263/1382/2279 2260/1379/2276 2259/1378/2275
f 2268/1387/2284 2497/1491/2513 2269/1388/2285
f 2259/1378/2275 2268/1387/2284 2267/1386/2283
s 2
f 2271/1390/2287 2270/1389/2286 2273/1392/2289
f 2276/1395/2292 2273/1392/2289 2277/1396/2293
g mixamorig:RightLeg
f 2276/1395/2292 2277/1396/2293 2278/1397/2294
f 2276/1395/2292 2278/1397/2294 2280/1399/2296
f 2280/1399/2296 2279/1398/2295 2498/1492/2514
f 2279/1398/2295 2281/1400/2297 2498/1492/2514
f 2498/1492/2514 2281/1400/2297 2283/1402/2299
f 2294/1413/2310 2295/1414/2311 2499/1473/2515
f 2297/1416/2313 2500/1493/2516 2298/1417/2314
f 2501/1494/2517 2297/1416/2313 2296/1415/2312
f 2502/1495/2518 2501/1494/2517 2296/1415/2312
g mixamorig:RightFoot
f 2299/1418/2315 2270/1389/2286 2272/1391/2288
g mixamorig:RightLeg
f 2501/1494/2517 2300/1419/2316 2299/1418/2315
g mixamorig:RightUpLeg
f 2300/1419/2316 2501/1494/2517 2502/1495/2518
f 2502/1495/2518 2503/1451/2519 2300/1419/2316
f 2300/1419/2316 2503/1451/2519 2301/1420/2317
f 2304/1423/2320 2504/1496/2520 2303/1422/2319
f 2303/1422/2319 2305/1424/2321 2278/1397/2294
f 2303/1422/2319 2504/1496/2520 2305/1424/2321
f 2305/1424/2321 2505/1497/2521 2307/1426/2323
f 2279/1398/2295 2305/1424/2321 2307/1426/2323
f 2279/1398/2295 2307/1426/2323 2281/1400/2297
f 2506/1498/2522 2295/1414/2311 2309/1428/2325
f 2506/1498/2522 2309/1428/2325 2507/1499/2523
f 2506/1498/2522 2507/1499/2523 2508/1500/2524
f 2502/1495/2518 2296/1415/2312 2509/1501/2525
f 2510/1502/2526 2509/1501/2525 2511/1503/2527
f 2509/1501/2525 2310/1429/2326 2511/1503/2527
f 2509/1501/2525 2296/1415/2312 2310/1429/2326
f 2503/1451/2519 2502/1495/2518 2512/1504/2528
f 2512/1504/2528 2502/1495/2518 2509/1501/2525
f 2509/1501/2525 2513/1505/2529 2512/1504/2528
f 2513/1505/2529 2509/1501/2525 2510/1502/2526
f 2514/1506/2530 2503/1451/2519 2512/1504/2528
f 2513/1505/2529 2514/1506/2530 2512/1504/2528
g mixamorig:RightToeBase
f 2299/1418/2315 2515/1507/2531 2501/1494/2517
g mixamorig:RightLeg
f 2516/1508/2532 2280/1399/2296 2498/1492/2514
f 2498/1492/2514 2283/1402/2299 2517/1509/2533
g mixamorig:RightFoot
f 2516/1508/2532 2498/1492/2514 2517/1509/2533
f 2518/1510/2534 2280/1399/2296 2516/1508/2532
f 2518/1510/2534 2271/1390/2287 2276/1395/2292
f 2518/1510/2534 2276/1395/2292 2280/1399/2296
f 2271/1390/2287 2518/1510/2534 2519/1511/2535
g mixamorig:RightToeBase
f 2519/1511/2535 2272/1391/2288 2271/1390/2287
g mixamorig:RightFoot
f 2297/1416/2313 2515/1507/2531 2520/1512/2536
g mixamorig:RightLeg
f 2297/1416/2313 2521/1513/2537 2500/1493/2516
g mixamorig:RightFoot
f 2521/1513/2537 2297/1416/2313 2520/1512/2536
f 2520/1512/2536 2522/1514/2538 2521/1513/2537
f 2522/1514/2538 2520/1512/2536 2523/1515/2539
f 2516/1508/2532 2517/1509/2533 2524/1516/2540
f 2524/1516/2540 2517/1509/2533 2525/1517/2541
g mixamorig:RightUpLeg
f 2304/1423/2320 2302/1421/2318 2312/1431/2328
g mixamorig:RightLeg
f 2517/1509/2533 2283/1402/2299 2314/1433/2330
f 2313/1432/2329 2283/1402/2299 2284/1403/2300
f 2313/1432/2329 2285/1404/2301 2315/1434/2331
f 2315/1434/2331 2290/1409/2306 2526/1474/2542
f 2294/1413/2310 2527/1518/2543 2292/1411/2308
f 2527/1518/2543 2526/1474/2542 2290/1409/2306
f 2527/1518/2543 2290/1409/2306 2292/1411/2308
f 2499/1473/2515 2528/1519/2544 2294/1413/2310
f 2294/1413/2310 2528/1519/2544 2527/1518/2543
f 2528/1519/2544 2499/1473/2515 2529/1520/2545
g mixamorig:RightFoot
f 2517/1509/2533 2530/1521/2546 2525/1517/2541
f 2530/1521/2546 2517/1509/2533 2314/1433/2330
f 2531/1522/2547 2313/1432/2329 2315/1434/2331
f 2314/1433/2330 2531/1522/2547 2530/1521/2546
f 2531/1522/2547 2314/1433/2330 2313/1432/2329
f 2532/1523/2548 2315/1434/2331 2526/1474/2542
f 2532/1523/2548 2531/1522/2547 2315/1434/2331
f 2533/1524/2549 2532/1523/2548 2526/1474/2542
f 2528/1519/2544 2534/1525/2550 2527/1518/2543
f 2526/1474/2542 2534/1525/2550 2533/1524/2549
f 2534/1525/2550 2526/1474/2542 2527/1518/2543
f 2529/1520/2545 2535/1526/2551 2528/1519/2544
f 2528/1519/2544 2535/1526/2551 2534/1525/2550
f 2536/1527/2552 2534/1525/2550 2535/1526/2551
f 2537/1528/2553 2535/1526/2551 2529/1520/2545
f 2537/1528/2553 2536/1527/2552 2535/1526/2551
f 2538/1529/2554 2536/1527/2552 2537/1528/2553
f 2538/1529/2554 2539/1464/2555 2536/1527/2552
f 2539/1464/2555 2538/1529/2554 2540/1530/2556
f 2541/1531/2557 2533/1524/2549 2534/1525/2550
f 2541/1531/2557 2536/1527/2552 2539/1464/2555
f 2534/1525/2550 2536/1527/2552 2541/1531/2557
f 2539/1464/2555 2316/1435/2332 2541/1531/2557
f 2533/1524/2549 2541/1531/2557 2318/1437/2334
f 2318/1437/2334 2541/1531/2557 2316/1435/2332
f 2533/1524/2549 2321/1440/2337 2532/1523/2548
f 2318/1437/2334 2319/1438/2335 2321/1440/2337
f 2321/1440/2337 2533/1524/2549 2318/1437/2334
f 2323/1442/2339 2532/1523/2548 2321/1440/2337
f 2321/1440/2337 2320/1439/2336 2323/1442/2339
f 2532/1523/2548 2323/1442/2339 2531/1522/2547
f 2323/1442/2339 2530/1521/2546 2531/1522/2547
f 2530/1521/2546 2323/1442/2339 2322/1441/2338
f 2322/1441/2338 2525/1517/2541 2530/1521/2546
f 2322/1441/2338 2320/1439/2336 2324/1443/2340
f 2525/1517/2541 2322/1441/2338 2325/1444/2341
f 2325/1444/2341 2324/1443/2340 2327/1446/2343
f 2542/1532/2558 2525/1517/2541 2325/1444/2341
f 2524/1516/2540 2525/1517/2541 2542/1532/2558
g mixamorig:RightToeBase
f 2272/1391/2288 2519/1511/2535 2543/1533/2559
f 2299/1418/2315 2543/1533/2559 2544/1534/2560
f 2272/1391/2288 2543/1533/2559 2299/1418/2315
g mixamorig:RightFoot
f 2524/1516/2540 2542/1532/2558 2545/1535/2561
f 2545/1535/2561 2518/1510/2534 2516/1508/2532
f 2545/1535/2561 2516/1508/2532 2524/1516/2540
f 2545/1535/2561 2542/1532/2558 2546/1536/2562
g mixamorig:RightToeBase
f 2543/1533/2559 2519/1511/2535 2547/1537/2563
g mixamorig:RightFoot
f 2518/1510/2534 2547/1537/2563 2519/1511/2535
f 2518/1510/2534 2545/1535/2561 2547/1537/2563
f 2548/1538/2564 2545/1535/2561 2546/1536/2562
g mixamorig:RightToeBase
f 2549/1537/2565 2548/1538/2564 2550/1539/2566
f 2548/1538/2564 2549/1537/2565 2545/1535/2561
f 2551/1540/2567 2552/1541/2568 2548/1538/2564
f 2548/1538/2564 2553/1542/2569 2551/1540/2567
f 2548/1538/2564 2546/1536/2562 2553/1542/2569
f 2554/1543/2570 2552/1541/2568 2551/1540/2567
g mixamorig:RightFoot
f 2542/1532/2558 2325/1444/2341 2326/1445/2342
f 2555/1544/2571 2546/1536/2562 2542/1532/2558
f 2555/1544/2571 2542/1532/2558 2326/1445/2342
g mixamorig:RightToeBase
f 2556/1545/2572 2553/1542/2569 2546/1536/2562
f 2556/1545/2572 2546/1536/2562 2555/1544/2571
g mixamorig:RightFoot
f 2557/1546/2573 2558/1547/2574 2559/1548/2575
g mixamorig:RightToeBase
f 2560/1549/2576 2544/1534/2560 2543/1533/2559
f 2561/1550/2577 2562/1551/2578 2563/1552/2579
f 2564/1553/2580 2551/1540/2567 2553/1542/2569
f 2564/1553/2580 2553/1542/2569 2556/1545/2572
s 5
f 2565/1554/2581 2566/1555/2582 2567/1475/2583
f 2566/1555/2582 2565/1554/2581 2568/1556/2584
s 2
f 2554/1543/2570 2551/1540/2567 2569/1557/2585
f 2569/1557/2585 2551/1540/2567 2564/1553/2580
s 5
f 2568/1556/2584 2565/1554/2581 2570/1558/2453
f 2568/1556/2584 2570/1558/2453 2571/1559/2453
f 2571/1559/2453 2570/1558/2453 2572/1560/2453
f 2571/1559/2453 2572/1560/2453 2573/1561/2453
s 2
f 2574/1533/2586 2550/1539/2566 2575/1562/2587
f 2574/1533/2586 2575/1562/2587 2576/1563/2588
s 5
f 2577/1564/2453 2573/1561/2453 2572/1560/2453
f 2573/1561/2453 2577/1564/2453 2578/1565/2453
s 2
f 2579/1566/2589 2552/1541/2568 2554/1543/2570
f 2554/1543/2570 2569/1557/2585 2580/1567/2590
f 2579/1566/2589 2554/1543/2570 2580/1567/2590
f 2581/1568/2591 2579/1566/2589 2580/1567/2590
f 2581/1568/2591 2580/1567/2590 2582/1569/2592
f 2583/1570/2593 2576/1563/2588 2575/1562/2587
f 2552/1541/2568 2579/1566/2589 2583/1570/2593
f 2583/1570/2593 2550/1539/2566 2552/1541/2568
f 2584/1571/2594 2579/1566/2589 2581/1568/2591
f 2579/1566/2589 2584/1571/2594 2583/1570/2593
f 2584/1571/2594 2585/1572/2595 2576/1563/2588
f 2586/1549/2596 2574/1533/2586 2576/1563/2588
f 2587/1573/2597 2581/1568/2591 2582/1569/2592
f 2587/1573/2597 2582/1569/2592 2588/1574/2598
f 2586/1549/2596 2585/1572/2595 2589/1575/2599
f 2587/1573/2597 2588/1574/2598 2590/1576/2600
f 2590/1576/2600 2561/1550/2577 2563/1552/2579
f 2590/1576/2600 2563/1552/2579 2589/1575/2599
f 2561/1550/2577 2590/1576/2600 2591/1577/2601
f 2588/1574/2598 2591/1577/2601 2590/1576/2600
f 2592/1578/2602 2587/1573/2597 2590/1576/2600
f 2581/1568/2591 2592/1578/2602 2584/1571/2594
f 2585/1572/2595 2584/1571/2594 2592/1578/2602
f 2592/1578/2602 2581/1568/2591 2587/1573/2597
s 4
g mixamorig:RightUpLeg
f 2339/1452/2355 2334/1450/2350 2336/1420/2352
s 3
f 2593/1579/2603 2594/1580/2604 2595/1496/2605
f 2593/1579/2603 2595/1496/2605 2596/1423/2606
s 4
f 2597/1502/2607 2598/1503/2608 2599/1581/2609
f 2599/1581/2609 2598/1503/2608 2600/1582/2610
f 2338/1451/2354 2601/1583/2611 2339/1452/2355
f 2602/1506/2612 2603/1584/2613 2601/1583/2611
f 2601/1583/2611 2338/1451/2354 2602/1506/2612
f 2603/1584/2613 2602/1506/2612 2604/1505/2614
f 2599/1581/2609 2603/1584/2613 2604/1505/2614
f 2604/1505/2614 2597/1502/2607 2599/1581/2609
s 3
f 2605/1431/2615 2606/1585/2616 2593/1579/2603
f 2593/1579/2603 2596/1423/2606 2605/1431/2615
f 2606/1585/2616 2605/1431/2615 2341/1430/2357
f 2606/1585/2616 2341/1430/2357 2340/1453/2356
s 5
g mixamorig:RightFoot
f 2344/1456/2360 2345/1457/2361 2342/1454/2358
s 6
f 2353/1464/2369 2607/1530/2617 2608/1476/2618
f 2608/1476/2618 2354/1465/2370 2353/1464/2369
f 2356/1436/2372 2355/1466/2371 2358/1468/2374
f 2356/1436/2372 2357/1467/2373 2360/1438/2376
f 2609/1544/2619 2366/1445/2382 2610/1477/2620
f 2610/1477/2620 2366/1445/2382 2367/1472/2383
g mixamorig:RightToeBase
f 2611/1545/2621 2609/1544/2619 2612/1586/2622
f 2612/1586/2622 2609/1544/2619 2610/1477/2620
f 2613/1546/2623 2614/1548/2624 2615/1587/2625
f 2616/1588/2626 2617/1589/2627 2618/1550/2628
f 2618/1550/2628 2617/1589/2627 2619/1590/2629
f 2620/1591/2630 2611/1545/2621 2612/1586/2622
f 2611/1545/2621 2620/1591/2630 2621/1553/2631
f 2622/1557/2632 2621/1553/2631 2620/1591/2630
f 2620/1591/2630 2623/1592/2633 2622/1557/2632
f 2618/1550/2628 2624/1577/2634 2616/1588/2626
f 2625/1593/2635 2616/1588/2626 2624/1577/2634
f 2624/1577/2634 2626/1574/2636 2625/1593/2635
f 2625/1593/2635 2626/1574/2636 2627/1594/2637
f 2623/1592/2633 2628/1567/2638 2622/1557/2632
f 2628/1567/2638 2623/1592/2633 2629/1595/2639
f 2626/1574/2636 2630/1569/2640 2627/1594/2637
f 2630/1569/2640 2628/1567/2638 2629/1595/2639
f 2630/1569/2640 2629/1595/2639 2631/1596/2641
f 2627/1594/2637 2630/1569/2640 2631/1596/2641
s 1
g mixamorig:LeftUpLeg
f 2632/1490/2642 2369/1381/2385 2368/1377/2384
f 2377/1378/2393 2368/1377/2384 2371/1379/2387
f 2377/1378/2393 2371/1379/2387 2373/1382/2389
f 2633/1387/2643 2634/1388/2644 2635/1491/2645
f 2373/1382/2389 2372/1383/2388 2375/1384/2391
f 2633/1387/2643 2377/1378/2393 2376/1386/2392
f 2633/1387/2643 2376/1386/2392 2634/1388/2644
s 7
f 2379/1390/2395 2378/1389/2394 2408/1391/2424
f 2384/1395/2400 2380/1392/2396 2379/1390/2395
f 2386/1399/2402 2385/1397/2401 2384/1395/2400
f 2386/1399/2402 2636/1492/2646 2387/1398/2403
f 2387/1398/2403 2636/1492/2646 2388/1400/2404
g mixamorig:LeftLeg
f 2636/1492/2646 2389/1402/2405 2388/1400/2404
g mixamorig:LeftUpLeg
f 2401/1413/2417 2402/1414/2418 2400/1412/2416
g mixamorig:LeftLeg
f 2406/1416/2422 2405/1417/2421 2637/1493/2647
g mixamorig:LeftUpLeg
f 2638/1495/2648 2404/1415/2420 2639/1494/2649
f 2639/1494/2649 2404/1415/2420 2406/1416/2422
g mixamorig:LeftToeBase
f 2410/1419/2426 2639/1494/2649 2407/1418/2423
g mixamorig:LeftUpLeg
f 2639/1494/2649 2410/1419/2426 2638/1495/2648
f 2407/1418/2423 2378/1389/2394 2410/1419/2426
f 2640/1451/2650 2638/1495/2648 2410/1419/2426
f 2410/1419/2426 2409/1420/2425 2640/1451/2650
f 2412/1422/2428 2385/1397/2401 2413/1424/2429
f 2412/1422/2428 2413/1424/2429 2641/1496/2651
f 2420/1423/2436 2411/1421/2427 2412/1422/2428
f 2412/1422/2428 2641/1496/2651 2420/1423/2436
f 2413/1424/2429 2642/1497/2652 2641/1496/2651
f 2387/1398/2403 2643/1426/2653 2413/1424/2429
f 2643/1426/2653 2387/1398/2403 2388/1400/2404
f 2643/1426/2653 2414/1425/2430 2644/1597/2654
f 2643/1426/2653 2388/1400/2404 2414/1425/2430
f 2645/1498/2655 2646/1499/2656 2416/1428/2432
f 2645/1498/2655 2416/1428/2432 2402/1414/2418
f 2647/1502/2657 2648/1503/2658 2649/1501/2659
f 2638/1495/2648 2649/1501/2659 2404/1415/2420
f 2649/1501/2659 2417/1429/2433 2404/1415/2420
f 2649/1501/2659 2648/1503/2658 2417/1429/2433
f 2650/1504/2660 2649/1501/2659 2638/1495/2648
f 2638/1495/2648 2640/1451/2650 2650/1504/2660
f 2649/1501/2659 2651/1505/2661 2647/1502/2657
f 2651/1505/2661 2649/1501/2659 2650/1504/2660
f 2651/1505/2661 2650/1504/2660 2652/1506/2662
f 2652/1506/2662 2650/1504/2660 2640/1451/2650
g mixamorig:LeftToeBase
f 2407/1418/2423 2653/1507/2663 2654/1534/2664
g mixamorig:LeftFoot
f 2655/1508/2665 2636/1492/2646 2386/1399/2402
f 2636/1492/2646 2655/1508/2665 2656/1509/2666
f 2636/1492/2646 2656/1509/2666 2389/1402/2405
f 2386/1399/2402 2657/1510/2667 2655/1508/2665
f 2657/1510/2667 2386/1399/2402 2384/1395/2400
g mixamorig:LeftToeBase
f 2379/1390/2395 2657/1510/2667 2384/1395/2400
f 2657/1510/2667 2379/1390/2395 2658/1511/2668
f 2408/1391/2424 2658/1511/2668 2379/1390/2395
g mixamorig:LeftFoot
f 2659/1512/2669 2406/1416/2422 2660/1513/2670
f 2406/1416/2422 2637/1493/2647 2660/1513/2670
f 2659/1512/2669 2660/1513/2670 2661/1514/2671
f 2655/1508/2665 2662/1516/2672 2656/1509/2666
f 2662/1516/2672 2663/1517/2673 2656/1509/2666
f 2656/1509/2666 2664/1433/2674 2389/1402/2405
f 2421/1432/2437 2389/1402/2405 2664/1433/2674
f 2421/1432/2437 2393/1404/2409 2391/1403/2407
f 2422/1434/2438 2397/1409/2413 2393/1404/2409
f 2423/1474/2439 2665/1518/2675 2397/1409/2413
f 2665/1518/2675 2401/1413/2417 2399/1411/2415
f 2665/1518/2675 2399/1411/2415 2397/1409/2413
f 2403/1473/2419 2401/1413/2417 2666/1519/2676
f 2401/1413/2417 2665/1518/2675 2666/1519/2676
f 2667/1520/2677 2403/1473/2419 2666/1519/2676
f 2656/1509/2666 2668/1521/2678 2664/1433/2674
f 2668/1521/2678 2656/1509/2666 2663/1517/2673
f 2669/1522/2679 2422/1434/2438 2421/1432/2437
f 2669/1522/2679 2664/1433/2674 2668/1521/2678
f 2664/1433/2674 2669/1522/2679 2421/1432/2437
f 2670/1523/2680 2423/1474/2439 2422/1434/2438
f 2422/1434/2438 2669/1522/2679 2670/1523/2680
f 2671/1524/2681 2423/1474/2439 2670/1523/2680
f 2423/1474/2439 2672/1525/2682 2665/1518/2675
f 2672/1525/2682 2666/1519/2676 2665/1518/2675
f 2672/1525/2682 2423/1474/2439 2671/1524/2681
f 2667/1520/2677 2666/1519/2676 2673/1526/2683
f 2666/1519/2676 2672/1525/2682 2673/1526/2683
f 2674/1528/2684 2667/1520/2677 2673/1526/2683
f 2674/1528/2684 2673/1526/2683 2675/1527/2685
f 2672/1525/2682 2675/1527/2685 2673/1526/2683
f 2676/1529/2686 2674/1528/2684 2675/1527/2685
f 2677/1464/2687 2676/1529/2686 2675/1527/2685
f 2676/1529/2686 2677/1464/2687 2678/1530/2688
f 2671/1524/2681 2679/1531/2689 2672/1525/2682
f 2675/1527/2685 2672/1525/2682 2679/1531/2689
f 2679/1531/2689 2677/1464/2687 2675/1527/2685
f 2677/1464/2687 2679/1531/2689 2424/1435/2440
f 2425/1437/2441 2424/1435/2440 2679/1531/2689
f 2679/1531/2689 2671/1524/2681 2425/1437/2441
f 2428/1440/2444 2425/1437/2441 2671/1524/2681
f 2428/1440/2444 2671/1524/2681 2670/1523/2680
f 2428/1440/2444 2429/1439/2445 2427/1438/2443
f 2430/1442/2446 2428/1440/2444 2670/1523/2680
f 2668/1521/2678 2430/1442/2446 2669/1522/2679
f 2670/1523/2680 2669/1522/2679 2430/1442/2446
f 2432/1441/2448 2429/1439/2445 2430/1442/2446
f 2430/1442/2446 2668/1521/2678 2432/1441/2448
f 2663/1517/2673 2432/1441/2448 2668/1521/2678
f 2435/1444/2451 2431/1443/2447 2432/1441/2448
f 2432/1441/2448 2663/1517/2673 2435/1444/2451
f 2435/1444/2451 2434/1446/2450 2431/1443/2447
f 2662/1516/2672 2680/1532/2690 2663/1517/2673
f 2680/1532/2690 2435/1444/2451 2663/1517/2673
g mixamorig:LeftToeBase
f 2407/1418/2423 2654/1534/2664 2681/1533/2691
f 2658/1511/2668 2408/1391/2424 2681/1533/2691
f 2408/1391/2424 2407/1418/2423 2681/1533/2691
g mixamorig:LeftFoot
f 2655/1508/2665 2682/1535/2692 2662/1516/2672
f 2662/1516/2672 2682/1535/2692 2680/1532/2690
f 2682/1535/2692 2655/1508/2665 2657/1510/2667
g mixamorig:LeftToeBase
f 2682/1535/2692 2683/1536/2693 2680/1532/2690
f 2657/1510/2667 2658/1511/2668 2684/1537/2694
f 2681/1533/2691 2684/1537/2694 2658/1511/2668
f 2657/1510/2667 2684/1537/2694 2682/1535/2692
f 2685/1538/2695 2683/1536/2693 2682/1535/2692
f 2682/1535/2692 2686/1537/2696 2685/1538/2695
f 2686/1537/2696 2687/1539/2697 2685/1538/2695
f 2688/1540/2698 2685/1538/2695 2689/1541/2699
f 2685/1538/2695 2690/1542/2700 2683/1536/2693
f 2685/1538/2695 2688/1540/2698 2690/1542/2700
f 2691/1543/2701 2688/1540/2698 2689/1541/2699
g mixamorig:LeftFoot
f 2680/1532/2690 2433/1445/2449 2435/1444/2451
g mixamorig:LeftToeBase
f 2692/1544/2702 2680/1532/2690 2683/1536/2693
f 2680/1532/2690 2692/1544/2702 2433/1445/2449
f 2683/1536/2693 2693/1545/2703 2692/1544/2702
f 2693/1545/2703 2683/1536/2693 2690/1542/2700
g mixamorig:LeftFoot
f 2694/1598/2704 2695/1515/2705 2661/1514/2671
f 2696/1546/2706 2697/1547/2707 2694/1598/2704
g mixamorig:LeftToeBase
f 2654/1534/2664 2653/1507/2663 2698/1549/2708
f 2698/1549/2708 2681/1533/2691 2654/1534/2664
f 2699/1550/2709 2700/1551/2710 2701/1590/2711
f 2690/1542/2700 2702/1553/2712 2693/1545/2703
f 2702/1553/2712 2690/1542/2700 2688/1540/2698
s 8
f 2703/1556/2453 2704/1554/2453 2705/1555/2453
s 7
f 2706/1557/2713 2702/1553/2712 2688/1540/2698
f 2691/1543/2701 2706/1557/2713 2688/1540/2698
s 8
f 2704/1554/2453 2703/1556/2453 2707/1558/2453
f 2707/1558/2453 2703/1556/2453 2708/1559/2453
f 2707/1558/2453 2708/1559/2453 2709/1560/2453
f 2709/1560/2453 2708/1559/2453 2710/1561/2453
s 7
f 2711/1533/2714 2687/1539/2697 2686/1537/2696
f 2711/1533/2714 2712/1563/2715 2713/1562/2716
s 8
f 2710/1561/2453 2714/1564/2453 2709/1560/2453
f 2714/1564/2453 2710/1561/2453 2715/1565/2453
s 7
f 2689/1541/2699 2716/1566/2717 2691/1543/2701
f 2691/1543/2701 2717/1567/2718 2706/1557/2713
f 2716/1566/2717 2717/1567/2718 2691/1543/2701
f 2718/1568/2719 2717/1567/2718 2716/1566/2717
f 2717/1567/2718 2718/1568/2719 2719/1569/2720
f 2720/1570/2721 2687/1539/2697 2713/1562/2716
f 2716/1566/2717 2689/1541/2699 2720/1570/2721
f 2721/1571/2722 2716/1566/2717 2720/1570/2721
f 2720/1570/2721 2712/1563/2715 2721/1571/2722
f 2716/1566/2717 2721/1571/2722 2718/1568/2719
f 2722/1549/2723 2712/1563/2715 2711/1533/2714
f 2723/1572/2724 2721/1571/2722 2712/1563/2715
f 2724/1573/2725 2719/1569/2720 2718/1568/2719
f 2719/1569/2720 2724/1573/2725 2725/1574/2726
f 2722/1549/2723 2726/1575/2727 2723/1572/2724
f 2724/1573/2725 2727/1576/2728 2725/1574/2726
f 2727/1576/2728 2726/1575/2727 2728/1552/2729
f 2727/1576/2728 2728/1552/2729 2699/1550/2709
f 2725/1574/2726 2727/1576/2728 2729/1577/2730
f 2729/1577/2730 2727/1576/2728 2699/1550/2709
f 2718/1568/2719 2730/1578/2731 2724/1573/2725
f 2730/1578/2731 2718/1568/2719 2721/1571/2722
f 2730/1578/2731 2727/1576/2728 2724/1573/2725
f 2721/1571/2722 2723/1572/2724 2730/1578/2731
s 10
g mixamorig:LeftUpLeg
f 2731/1452/2732 2447/1420/2463 2446/1450/2462
f 2732/1451/2733 2447/1420/2463 2731/1452/2732
s 9
f 2733/1423/2734 2734/1496/2735 2735/1579/2736
f 2735/1579/2736 2734/1496/2735 2736/1580/2737
s 10
f 2737/1581/2738 2738/1582/2739 2739/1503/2740
f 2740/1505/2741 2737/1581/2738 2741/1502/2742
f 2742/1506/2743 2743/1584/2744 2740/1505/2741
f 2737/1581/2738 2740/1505/2741 2743/1584/2744
f 2743/1584/2744 2742/1506/2743 2744/1583/2745
f 2744/1583/2745 2742/1506/2743 2732/1451/2733
f 2732/1451/2733 2731/1452/2732 2744/1583/2745
s 9
f 2735/1579/2736 2745/1431/2746 2733/1423/2734
f 2745/1431/2746 2735/1579/2736 2746/1585/2747
f 2745/1431/2746 2746/1585/2747 2450/1430/2466
f 2746/1585/2747 2449/1453/2465 2450/1430/2466
s 11
g mixamorig:LeftFoot
f 2747/1530/2748 2461/1464/2477 2460/1476/2476
f 2461/1464/2477 2463/1435/2479 2459/1465/2475
f 2464/1436/2480 2462/1466/2478 2463/1435/2479
f 2464/1436/2480 2468/1438/2484 2466/1467/2482
g mixamorig:LeftToeBase
f 2476/1477/2492 2475/1445/2491 2748/1544/2749
f 2748/1544/2749 2749/1586/2750 2476/1477/2492
f 2749/1586/2750 2748/1544/2749 2750/1545/2751
f 2751/1546/2752 2752/1599/2753 2753/1587/2754
f 2754/1550/2755 2755/1590/2756 2756/1589/2757
f 2750/1545/2751 2757/1591/2758 2749/1586/2750
f 2757/1591/2758 2750/1545/2751 2758/1553/2759
f 2758/1553/2759 2759/1557/2760 2757/1591/2758
f 2757/1591/2758 2759/1557/2760 2760/1592/2761
f 2761/1588/2762 2762/1577/2763 2754/1550/2755
f 2762/1577/2763 2761/1588/2762 2763/1593/2764
f 2764/1574/2765 2762/1577/2763 2763/1593/2764
f 2763/1593/2764 2765/1594/2766 2764/1574/2765
f 2766/1567/2767 2760/1592/2761 2759/1557/2760
f 2760/1592/2761 2766/1567/2767 2767/1595/2768
f 2768/1569/2769 2764/1574/2765 2765/1594/2766
f 2768/1569/2769 2767/1595/2768 2766/1567/2767
f 2767/1595/2768 2768/1569/2769 2769/1596/2770
f 2765/1594/2766 2769/1596/2770 2768/1569/2769
s 1
g mixamorig:Hips
f 2770/1600/2771 2771/1601/2772 2772/1602/2773
f 2773/1603/2774 2770/1600/2771 2774/1604/2775
f 2770/1600/2771 2772/1602/2773 2774/1604/2775
f 2773/1603/2774 2774/1604/2775 2775/1605/2776
f 2479/1480/2495 2478/1479/2494 2776/1606/2777
f 2777/1607/2778 2773/1603/2774 2778/1608/2779
f 2773/1603/2774 2777/1607/2778 2770/1600/2771
f 2777/1607/2778 2779/1609/2780 2770/1600/2771
f 2780/1610/2781 2781/1611/2782 2782/1612/2783
f 2780/1610/2781 2782/1612/2783 2783/1613/2784
f 2784/1614/2785 2783/1613/2784 2785/1615/2786
g mixamorig:LeftUpLeg
f 2784/1614/2785 2780/1610/2781 2783/1613/2784
f 2777/1607/2778 2786/1616/2787 2787/1617/2788
f 2788/1618/2789 2786/1616/2787 2789/1619/2790
f 2482/1482/2498 2790/1620/2791 2791/1621/2792
f 2792/1622/2793 2633/1387/2643 2635/1491/2645
f 2633/1387/2643 2792/1622/2793 2377/1378/2393
f 2792/1622/2793 2790/1620/2791 2481/1481/2497
f 2788/1618/2789 2793/1623/2794 2792/1622/2793
f 2635/1491/2645 2794/1624/2795 2792/1622/2793
f 2792/1622/2793 2794/1624/2795 2788/1618/2789
f 2794/1624/2795 2795/1625/2796 2796/1626/2797
f 2483/1483/2499 2791/1621/2792 2797/1627/2798
f 2632/1490/2642 2368/1377/2384 2483/1483/2499
f 2483/1483/2499 2797/1627/2798 2798/1628/2799
f 2483/1483/2499 2798/1628/2799 2799/1629/2800
f 2632/1490/2642 2483/1483/2499 2799/1629/2800
f 2799/1629/2800 2800/1630/2801 2801/1631/2802
f 2632/1490/2642 2799/1629/2800 2802/1632/2803
f 2799/1629/2800 2801/1631/2802 2802/1632/2803
f 2802/1632/2803 2801/1631/2802 2803/1633/2804
f 2481/1481/2497 2804/1378/2805 2792/1622/2793
f 2481/1481/2497 2480/1377/2496 2804/1378/2805
f 2635/1491/2645 2805/1634/2806 2794/1624/2795
f 2805/1634/2806 2806/1635/2807 2795/1625/2796
f 2806/1635/2807 2807/1636/2808 2808/1637/2809
g mixamorig:Hips
f 2809/1600/2810 2810/1602/2811 2811/1601/2812
f 2809/1600/2810 2812/1604/2813 2810/1602/2811
f 2812/1604/2813 2809/1600/2810 2813/1603/2814
f 2813/1603/2814 2814/1605/2815 2812/1604/2813
f 2815/1480/2816 2816/1606/2817 2484/1479/2500
f 2814/1605/2815 2817/1638/2818 2818/1639/2819
f 2817/1638/2818 2819/1640/2820 2818/1639/2819
f 2814/1605/2815 2813/1603/2814 2820/1641/2821
f 2817/1638/2818 2814/1605/2815 2820/1641/2821
f 2813/1603/2814 2809/1600/2810 2821/1607/2822
f 2821/1607/2822 2822/1608/2823 2813/1603/2814
f 2821/1607/2822 2823/1609/2824 2824/1615/2825
f 2825/1642/2826 2817/1638/2818 2820/1641/2821
f 2826/1610/2827 2827/1612/2828 2828/1611/2829
f 2829/1614/2830 2830/1613/2831 2826/1610/2827
f 2825/1642/2826 2820/1641/2821 2831/1619/2832
g mixamorig:RightUpLeg
f 2832/1618/2833 2831/1619/2832 2833/1616/2834
f 2832/1618/2833 2833/1616/2834 2834/1626/2835
f 2494/1481/2510 2493/1482/2509 2835/1620/2836
f 2836/1622/2837 2497/1491/2513 2268/1387/2284
f 2268/1387/2284 2259/1378/2275 2836/1622/2837
f 2836/1622/2837 2835/1620/2836 2837/1623/2838
f 2836/1622/2837 2832/1618/2833 2838/1624/2839
f 2832/1618/2833 2834/1626/2835 2838/1624/2839
f 2497/1491/2513 2836/1622/2837 2838/1624/2839
f 2838/1624/2839 2834/1626/2835 2839/1625/2840
f 2492/1483/2508 2840/1621/2841 2493/1482/2509
f 2496/1490/2512 2492/1483/2508 2258/1377/2274
f 2492/1483/2508 2841/1628/2842 2842/1627/2843
f 2496/1490/2512 2843/1629/2844 2492/1483/2508
f 2843/1629/2844 2844/1631/2845 2845/1630/2846
f 2843/1629/2844 2496/1490/2512 2846/1632/2847
f 2846/1632/2847 2847/1633/2848 2844/1631/2845
f 2494/1481/2510 2491/1377/2507 2493/1482/2509
f 2494/1481/2510 2836/1622/2837 2495/1378/2511
f 2838/1624/2839 2839/1625/2840 2848/1634/2849
f 2497/1491/2513 2838/1624/2839 2848/1634/2849
f 2848/1634/2849 2839/1625/2840 2849/1635/2850
f 2849/1635/2850 2850/1637/2851 2851/1636/2852
s 2
f 2288/1407/2304 2287/1406/2303 2852/1643/2853
f 2288/1407/2304 2852/1643/2853 2853/1644/2854
f 2505/1497/2521 2305/1424/2321 2504/1496/2520
f 2854/1597/2855 2852/1643/2853 2287/1406/2303
f 2505/1497/2521 2854/1597/2855 2307/1426/2323
f 2306/1425/2322 2307/1426/2323 2854/1597/2855
f 2287/1406/2303 2306/1425/2322 2854/1597/2855
f 2306/1425/2322 2286/1405/2302 2282/1401/2298
f 2853/1644/2854 2855/1645/2856 2288/1407/2304
f 2308/1427/2324 2288/1407/2304 2855/1645/2856
f 2309/1428/2325 2308/1427/2324 2855/1645/2856
f 2309/1428/2325 2293/1412/2309 2308/1427/2324
f 2309/1428/2325 2855/1645/2856 2507/1499/2523
g mixamorig:RightFoot
f 2515/1507/2531 2297/1416/2313 2501/1494/2517
g mixamorig:RightToeBase
f 2515/1507/2531 2299/1418/2315 2544/1534/2560
f 2550/1539/2566 2548/1538/2564 2552/1541/2568
s 5
f 2567/1475/2583 2566/1555/2582 2345/1457/2361
f 2567/1475/2583 2345/1457/2361 2346/1458/2362
s 2
g mixamorig:RightFoot
f 2523/1515/2539 2558/1547/2574 2856/1598/2857
f 2523/1515/2539 2856/1598/2857 2522/1514/2538
f 2558/1547/2574 2557/1546/2573 2856/1598/2857
g mixamorig:RightToeBase
f 2515/1507/2531 2857/1646/2858 2520/1512/2536
g mixamorig:RightFoot
f 2857/1646/2858 2523/1515/2539 2520/1512/2536
g mixamorig:RightToeBase
f 2857/1646/2858 2558/1547/2574 2523/1515/2539
f 2515/1507/2531 2544/1534/2560 2560/1549/2576
f 2857/1646/2858 2515/1507/2531 2560/1549/2576
f 2558/1547/2574 2858/1590/2859 2559/1548/2575
f 2558/1547/2574 2857/1646/2858 2562/1551/2578
f 2858/1590/2859 2558/1547/2574 2562/1551/2578
f 2562/1551/2578 2561/1550/2577 2858/1590/2859
f 2550/1539/2566 2574/1533/2586 2549/1537/2565
f 2550/1539/2566 2583/1570/2593 2575/1562/2587
f 2576/1563/2588 2583/1570/2593 2584/1571/2594
f 2576/1563/2588 2585/1572/2595 2586/1549/2596
f 2562/1551/2578 2857/1646/2858 2589/1575/2599
f 2857/1646/2858 2586/1549/2596 2589/1575/2599
f 2563/1552/2579 2562/1551/2578 2589/1575/2599
f 2589/1575/2599 2592/1578/2602 2590/1576/2600
f 2589/1575/2599 2585/1572/2595 2592/1578/2602
s 3
g mixamorig:RightUpLeg
f 2859/1644/2860 2860/1643/2861 2861/1647/2862
f 2862/1497/2863 2595/1496/2605 2594/1580/2604
f 2860/1643/2861 2863/1648/2864 2861/1647/2862
f 2862/1497/2863 2594/1580/2604 2863/1648/2864
f 2859/1644/2860 2861/1647/2862 2864/1649/2865
f 2864/1649/2865 2865/1650/2866 2866/1645/2867
f 2864/1649/2865 2866/1645/2867 2859/1644/2860
f 2867/1499/2868 2866/1645/2867 2865/1650/2866
f 2865/1650/2866 2868/1651/2869 2867/1499/2868
f 2869/1500/2870 2867/1499/2868 2868/1651/2869
f 2860/1643/2861 2870/1597/2871 2863/1648/2864
f 2863/1648/2864 2870/1597/2871 2862/1497/2863
s 6
g mixamorig:RightToeBase
f 2617/1589/2627 2615/1587/2625 2619/1590/2629
f 2615/1587/2625 2614/1548/2624 2619/1590/2629
g mixamorig:RightFoot
f 2615/1587/2625 2871/1599/2872 2613/1546/2623
s 7
g mixamorig:LeftUpLeg
f 2394/1407/2410 2872/1643/2873 2395/1406/2411
f 2872/1643/2873 2394/1407/2410 2873/1644/2874
f 2642/1497/2652 2413/1424/2429 2643/1426/2653
f 2644/1597/2654 2395/1406/2411 2872/1643/2873
f 2642/1497/2652 2643/1426/2653 2644/1597/2654
f 2414/1425/2430 2392/1405/2408 2395/1406/2411
f 2395/1406/2411 2644/1597/2654 2414/1425/2430
f 2394/1407/2410 2874/1645/2875 2873/1644/2874
f 2394/1407/2410 2415/1427/2431 2874/1645/2875
f 2646/1499/2656 2874/1645/2875 2416/1428/2432
f 2415/1427/2431 2416/1428/2432 2874/1645/2875
f 2875/1500/2876 2646/1499/2656 2645/1498/2655
g mixamorig:LeftToeBase
f 2653/1507/2663 2639/1494/2649 2406/1416/2422
f 2653/1507/2663 2407/1418/2423 2639/1494/2649
f 2653/1507/2663 2406/1416/2422 2659/1512/2669
g mixamorig:LeftFoot
f 2695/1515/2705 2659/1512/2669 2661/1514/2671
g mixamorig:LeftToeBase
f 2687/1539/2697 2689/1541/2699 2685/1538/2695
s 8
f 2437/1475/2453 2436/1457/2452 2705/1555/2453
s 7
g mixamorig:LeftFoot
f 2695/1515/2705 2694/1598/2704 2697/1547/2707
g mixamorig:LeftToeBase
f 2697/1547/2707 2696/1546/2706 2876/1548/2877
f 2877/1646/2878 2695/1515/2705 2697/1547/2707
f 2653/1507/2663 2659/1512/2669 2877/1646/2878
f 2877/1646/2878 2659/1512/2669 2695/1515/2705
f 2877/1646/2878 2698/1549/2708 2653/1507/2663
f 2701/1590/2711 2697/1547/2707 2876/1548/2877
f 2697/1547/2707 2701/1590/2711 2700/1551/2710
f 2877/1646/2878 2697/1547/2707 2700/1551/2710
f 2700/1551/2710 2699/1550/2709 2728/1552/2729
s 8
f 2437/1475/2453 2705/1555/2453 2704/1554/2453
s 7
f 2687/1539/2697 2711/1533/2714 2713/1562/2716
f 2712/1563/2715 2720/1570/2721 2713/1562/2716
f 2687/1539/2697 2720/1570/2721 2689/1541/2699
f 2712/1563/2715 2722/1549/2723 2723/1572/2724
f 2726/1575/2727 2722/1549/2723 2877/1646/2878
f 2728/1552/2729 2726/1575/2727 2700/1551/2710
f 2700/1551/2710 2726/1575/2727 2877/1646/2878
f 2726/1575/2727 2730/1578/2731 2723/1572/2724
f 2726/1575/2727 2727/1576/2728 2730/1578/2731
s 9
g mixamorig:LeftUpLeg
f 2878/1644/2879 2879/1647/2880 2880/1643/2881
f 2881/1497/2882 2736/1580/2737 2734/1496/2735
f 2881/1497/2882 2882/1648/2883 2736/1580/2737
f 2880/1643/2881 2879/1647/2880 2882/1648/2883
f 2878/1644/2879 2883/1649/2884 2879/1647/2880
f 2883/1649/2884 2878/1644/2879 2884/1645/2885
f 2884/1645/2885 2885/1650/2886 2883/1649/2884
f 2884/1645/2885 2886/1499/2887 2885/1650/2886
f 2886/1499/2887 2887/1500/2888 2888/1651/2889
f 2886/1499/2887 2888/1651/2889 2885/1650/2886
s 10
f 2739/1503/2740 2741/1502/2742 2737/1581/2738
s 9
f 2880/1643/2881 2882/1648/2883 2889/1597/2890
f 2882/1648/2883 2881/1497/2882 2889/1597/2890
s 11
g mixamorig:LeftToeBase
f 2755/1590/2756 2753/1587/2754 2756/1589/2757
f 2753/1587/2754 2755/1590/2756 2890/1548/2891
f 2890/1548/2891 2751/1546/2752 2753/1587/2754
f 2756/1589/2757 2761/1588/2762 2754/1550/2755
s 1
g mixamorig:Hips
f 2478/1479/2494 2477/1478/2493 2485/1484/2501
f 2891/1652/2892 2478/1479/2494 2485/1484/2501
f 2478/1479/2494 2891/1652/2892 2892/1653/2893
f 2893/1654/2894 2894/1655/2895 2895/1656/2896
f 2895/1656/2896 2894/1655/2895 2896/1486/2897
f 2896/1486/2897 2894/1655/2895 2486/1485/2502
f 2896/1486/2897 2486/1485/2502 2897/1487/2898
f 2898/1488/2899 2896/1486/2897 2897/1487/2898
f 2898/1488/2899 2897/1487/2898 2899/1489/2900
f 2900/1657/2901 2895/1656/2896 2896/1486/2897
f 2900/1657/2901 2896/1486/2897 2898/1488/2899
f 2899/1489/2900 2779/1609/2780 2898/1488/2899
f 2779/1609/2780 2899/1489/2900 2771/1601/2772
f 2771/1601/2772 2770/1600/2771 2779/1609/2780
f 2901/1658/2902 2892/1653/2893 2891/1652/2892
f 2891/1652/2892 2902/1659/2903 2901/1658/2902
f 2903/1660/2904 2479/1480/2495 2776/1606/2777
f 2903/1660/2904 2904/1661/2905 2905/1640/2906
f 2905/1640/2906 2906/1638/2907 2907/1639/2908
f 2775/1605/2776 2906/1638/2907 2908/1641/2909
f 2775/1605/2776 2908/1641/2909 2773/1603/2774
f 2778/1608/2779 2773/1603/2774 2908/1641/2909
f 2779/1609/2780 2777/1607/2778 2785/1615/2786
f 2785/1615/2786 2898/1488/2899 2779/1609/2780
f 2785/1615/2786 2900/1657/2901 2898/1488/2899
f 2909/1613/2910 2900/1657/2901 2785/1615/2786
f 2909/1613/2910 2895/1656/2896 2900/1657/2901
f 2909/1613/2910 2910/1612/2911 2895/1656/2896
f 2910/1612/2911 2893/1654/2894 2895/1656/2896
f 2910/1612/2911 2911/1662/2912 2893/1654/2894
f 2912/1663/2913 2911/1662/2912 2910/1612/2911
f 2913/1664/2914 2911/1662/2912 2912/1663/2913
f 2902/1659/2903 2914/1665/2915 2901/1658/2902
f 2901/1658/2902 2914/1665/2915 2915/1666/2916
f 2916/1642/2917 2908/1641/2909 2906/1638/2907
g mixamorig:LeftUpLeg
f 2916/1642/2917 2904/1661/2905 2917/1667/2918
f 2791/1621/2792 2917/1667/2918 2918/1668/2919
f 2797/1627/2798 2918/1668/2919 2919/1669/2920
g mixamorig:Hips
f 2920/1653/2921 2921/1658/2922 2919/1669/2920
f 2797/1627/2798 2919/1669/2920 2922/1670/2923
f 2921/1658/2922 2923/1666/2924 2922/1670/2923
f 2922/1670/2923 2923/1666/2924 2924/1671/2925
f 2781/1611/2782 2925/1672/2926 2926/1663/2927
f 2926/1663/2927 2782/1612/2783 2781/1611/2782
g mixamorig:LeftUpLeg
f 2925/1672/2926 2927/1673/2928 2928/1674/2929
f 2929/1675/2930 2781/1611/2782 2780/1610/2781
f 2930/1676/2931 2780/1610/2781 2784/1614/2785
f 2929/1675/2930 2780/1610/2781 2930/1676/2931
f 2787/1617/2788 2785/1615/2786 2777/1607/2778
f 2785/1615/2786 2787/1617/2788 2784/1614/2785
f 2787/1617/2788 2930/1676/2931 2784/1614/2785
f 2930/1676/2931 2787/1617/2788 2931/1677/2932
f 2786/1616/2787 2777/1607/2778 2778/1608/2779
f 2787/1617/2788 2796/1626/2797 2931/1677/2932
f 2796/1626/2797 2787/1617/2788 2786/1616/2787
f 2789/1619/2790 2778/1608/2779 2908/1641/2909
f 2778/1608/2779 2789/1619/2790 2786/1616/2787
f 2908/1641/2909 2916/1642/2917 2789/1619/2790
f 2786/1616/2787 2788/1618/2789 2796/1626/2797
f 2789/1619/2790 2793/1623/2794 2788/1618/2789
f 2793/1623/2794 2789/1619/2790 2916/1642/2917
f 2793/1623/2794 2917/1667/2918 2790/1620/2791
f 2797/1627/2798 2922/1670/2923 2798/1628/2799
g mixamorig:Hips
f 2922/1670/2923 2924/1671/2925 2798/1628/2799
g mixamorig:LeftUpLeg
f 2798/1628/2799 2924/1671/2925 2800/1630/2801
f 2790/1620/2791 2482/1482/2498 2481/1481/2497
f 2790/1620/2791 2792/1622/2793 2793/1623/2794
f 2796/1626/2797 2788/1618/2789 2794/1624/2795
f 2795/1625/2796 2931/1677/2932 2796/1626/2797
f 2928/1674/2929 2927/1673/2928 2932/1678/2933
f 2932/1678/2933 2927/1673/2928 2933/1679/2934
f 2791/1621/2792 2483/1483/2499 2482/1482/2498
f 2798/1628/2799 2800/1630/2801 2799/1629/2800
f 2934/1680/2935 2927/1673/2928 2929/1675/2930
f 2934/1680/2935 2933/1679/2934 2927/1673/2928
f 2935/1681/2936 2934/1680/2935 2929/1675/2930
f 2935/1681/2936 2929/1675/2930 2930/1676/2931
f 2931/1677/2932 2935/1681/2936 2930/1676/2931
f 2931/1677/2932 2795/1625/2796 2808/1637/2809
f 2935/1681/2936 2931/1677/2932 2808/1637/2809
f 2936/1682/2937 2932/1678/2933 2933/1679/2934
f 2932/1678/2933 2936/1682/2937 2937/1683/2938
f 2938/1684/2939 2933/1679/2934 2934/1680/2935
f 2938/1684/2939 2936/1682/2937 2933/1679/2934
f 2795/1625/2796 2794/1624/2795 2805/1634/2806
f 2808/1637/2809 2795/1625/2796 2806/1635/2807
f 2939/1685/2940 2934/1680/2935 2935/1681/2936
f 2939/1685/2940 2808/1637/2809 2807/1636/2808
f 2808/1637/2809 2939/1685/2940 2935/1681/2936
f 2939/1685/2940 2938/1684/2939 2934/1680/2935
g mixamorig:Hips
f 2484/1479/2500 2891/1652/2892 2485/1484/2501
f 2484/1479/2500 2477/1478/2493 2815/1480/2816
f 2891/1652/2892 2484/1479/2500 2940/1653/2941
f 2893/1654/2894 2941/1656/2942 2894/1655/2895
f 2487/1486/2503 2486/1485/2502 2894/1655/2895
f 2941/1656/2942 2487/1486/2503 2894/1655/2895
f 2489/1488/2505 2488/1487/2504 2487/1486/2503
f 2942/1657/2943 2487/1486/2503 2941/1656/2942
f 2487/1486/2503 2942/1657/2943 2489/1488/2505
f 2489/1488/2505 2823/1609/2824 2490/1489/2506
f 2823/1609/2824 2811/1601/2812 2490/1489/2506
f 2823/1609/2824 2809/1600/2810 2811/1601/2812
f 2943/1658/2944 2914/1665/2915 2902/1659/2903
f 2891/1652/2892 2943/1658/2944 2902/1659/2903
f 2943/1658/2944 2891/1652/2892 2940/1653/2941
f 2944/1660/2945 2816/1606/2817 2815/1480/2816
f 2944/1660/2945 2819/1640/2820 2945/1661/2946
f 2944/1660/2945 2945/1661/2946 2816/1606/2817
f 2819/1640/2820 2817/1638/2818 2945/1661/2946
f 2822/1608/2823 2820/1641/2821 2813/1603/2814
f 2823/1609/2824 2821/1607/2822 2809/1600/2810
f 2824/1615/2825 2489/1488/2505 2942/1657/2943
f 2489/1488/2505 2824/1615/2825 2823/1609/2824
f 2946/1613/2947 2824/1615/2825 2942/1657/2943
f 2942/1657/2943 2941/1656/2942 2946/1613/2947
f 2893/1654/2894 2947/1612/2948 2941/1656/2942
f 2947/1612/2948 2946/1613/2947 2941/1656/2942
f 2947/1612/2948 2893/1654/2894 2911/1662/2912
f 2911/1662/2912 2913/1664/2914 2948/1663/2949
f 2948/1663/2949 2947/1612/2948 2911/1662/2912
f 2914/1665/2915 2943/1658/2944 2949/1666/2950
f 2945/1661/2946 2817/1638/2818 2825/1642/2826
f 2945/1661/2946 2825/1642/2826 2950/1667/2951
g mixamorig:RightUpLeg
f 2840/1621/2841 2950/1667/2951 2835/1620/2836
g mixamorig:Hips
f 2951/1653/2952 2816/1606/2817 2952/1668/2953
f 2951/1653/2952 2952/1668/2953 2953/1669/2954
g mixamorig:RightUpLeg
f 2842/1627/2843 2952/1668/2953 2840/1621/2841
g mixamorig:Hips
f 2954/1658/2955 2953/1669/2954 2955/1670/2956
f 2842/1627/2843 2955/1670/2956 2953/1669/2954
f 2955/1670/2956 2956/1666/2957 2954/1658/2955
f 2956/1666/2957 2955/1670/2956 2957/1671/2958
f 2958/1672/2959 2828/1611/2829 2959/1663/2960
f 2959/1663/2960 2828/1611/2829 2827/1612/2828
f 2958/1672/2959 2960/1673/2961 2828/1611/2829
f 2958/1672/2959 2961/1674/2962 2960/1673/2961
f 2827/1612/2828 2826/1610/2827 2830/1613/2831
f 2962/1675/2963 2826/1610/2827 2828/1611/2829
f 2830/1613/2831 2829/1614/2830 2824/1615/2825
g mixamorig:RightUpLeg
f 2962/1675/2963 2963/1676/2964 2826/1610/2827
f 2963/1676/2964 2829/1614/2830 2826/1610/2827
f 2963/1676/2964 2964/1617/2965 2829/1614/2830
g mixamorig:Hips
f 2964/1617/2965 2824/1615/2825 2829/1614/2830
f 2824/1615/2825 2964/1617/2965 2821/1607/2822
g mixamorig:RightUpLeg
f 2963/1676/2964 2965/1677/2966 2964/1617/2965
g mixamorig:Hips
f 2833/1616/2834 2822/1608/2823 2821/1607/2822
g mixamorig:RightUpLeg
f 2833/1616/2834 2821/1607/2822 2964/1617/2965
f 2834/1626/2835 2964/1617/2965 2965/1677/2966
f 2834/1626/2835 2833/1616/2834 2964/1617/2965
g mixamorig:Hips
f 2831/1619/2832 2820/1641/2821 2822/1608/2823
f 2831/1619/2832 2822/1608/2823 2833/1616/2834
g mixamorig:RightUpLeg
f 2837/1623/2838 2825/1642/2826 2831/1619/2832
f 2837/1623/2838 2950/1667/2951 2825/1642/2826
f 2837/1623/2838 2831/1619/2832 2832/1618/2833
g mixamorig:Hips
f 2955/1670/2956 2841/1628/2842 2957/1671/2958
f 2955/1670/2956 2842/1627/2843 2841/1628/2842
f 2841/1628/2842 2845/1630/2846 2957/1671/2958
g mixamorig:RightUpLeg
f 2840/1621/2841 2835/1620/2836 2493/1482/2509
f 2837/1623/2838 2832/1618/2833 2836/1622/2837
f 2835/1620/2836 2836/1622/2837 2494/1481/2510
f 2834/1626/2835 2965/1677/2966 2839/1625/2840
f 2961/1674/2962 2966/1678/2967 2960/1673/2961
f 2966/1678/2967 2967/1679/2968 2960/1673/2961
f 2840/1621/2841 2492/1483/2508 2842/1627/2843
f 2841/1628/2842 2492/1483/2508 2843/1629/2844
f 2845/1630/2846 2841/1628/2842 2843/1629/2844
f 2968/1680/2969 2960/1673/2961 2967/1679/2968
f 2969/1681/2970 2965/1677/2966 2963/1676/2964
f 2968/1680/2969 2969/1681/2970 2962/1675/2963
f 2963/1676/2964 2962/1675/2963 2969/1681/2970
f 2839/1625/2840 2965/1677/2966 2850/1637/2851
f 2969/1681/2970 2850/1637/2851 2965/1677/2966
f 2966/1678/2967 2970/1682/2971 2967/1679/2968
f 2970/1682/2971 2966/1678/2967 2971/1683/2972
f 2844/1631/2845 2843/1629/2844 2846/1632/2847
f 2967/1679/2968 2972/1684/2973 2968/1680/2969
f 2972/1684/2973 2967/1679/2968 2970/1682/2971
f 2839/1625/2840 2850/1637/2851 2849/1635/2850
f 2973/1685/2974 2968/1680/2969 2972/1684/2973
f 2968/1680/2969 2973/1685/2974 2969/1681/2970
f 2850/1637/2851 2973/1685/2974 2851/1636/2852
f 2973/1685/2974 2850/1637/2851 2969/1681/2970
g mixamorig:Hips
f 2776/1606/2777 2478/1479/2494 2892/1653/2893
f 2904/1661/2905 2903/1660/2904 2776/1606/2777
f 2906/1638/2907 2905/1640/2906 2904/1661/2905
f 2906/1638/2907 2775/1605/2776 2907/1639/2908
f 2904/1661/2905 2916/1642/2917 2906/1638/2907
f 2776/1606/2777 2917/1667/2918 2904/1661/2905
f 2917/1667/2918 2776/1606/2777 2918/1668/2919
g mixamorig:LeftUpLeg
f 2917/1667/2918 2791/1621/2792 2790/1620/2791
g mixamorig:Hips
f 2919/1669/2920 2918/1668/2919 2920/1653/2921
f 2776/1606/2777 2920/1653/2921 2918/1668/2919
g mixamorig:LeftUpLeg
f 2918/1668/2919 2797/1627/2798 2791/1621/2792
g mixamorig:Hips
f 2919/1669/2920 2921/1658/2922 2922/1670/2923
f 2927/1673/2928 2925/1672/2926 2781/1611/2782
g mixamorig:LeftUpLeg
f 2927/1673/2928 2781/1611/2782 2929/1675/2930
f 2917/1667/2918 2793/1623/2794 2916/1642/2917
g mixamorig:Hips
f 2816/1606/2817 2940/1653/2941 2484/1479/2500
f 2816/1606/2817 2945/1661/2946 2950/1667/2951
f 2816/1606/2817 2950/1667/2951 2952/1668/2953
g mixamorig:RightUpLeg
f 2950/1667/2951 2840/1621/2841 2952/1668/2953
g mixamorig:Hips
f 2952/1668/2953 2842/1627/2843 2953/1669/2954
f 2953/1669/2954 2954/1658/2955 2951/1653/2952
g mixamorig:RightUpLeg
f 2960/1673/2961 2962/1675/2963 2828/1611/2829
f 2950/1667/2951 2837/1623/2838 2835/1620/2836
f 2960/1673/2961 2968/1680/2969 2962/1675/2963
g beltGeo-mesh.001_Malla
v -3.673804 0.367004 -2.025708
v -3.888533 0.652607 -1.681501
v -3.736058 0.352445 -1.672304
v -3.621087 0.019604 -2.023602
v -3.683506 0.019628 -1.669840
v -3.736603 -0.313100 -1.672354
v -3.674374 -0.327886 -2.025761
v -3.889570 -0.613011 -1.681598
v -3.827530 -0.640603 -2.034111
v -3.819671 0.326363 -1.611476
v -3.961315 0.602685 -1.621210
v -4.751582 0.020512 -1.781634
v -3.770833 0.019695 -1.608832
v -3.819671 0.326363 -1.611476
v -3.888533 0.652607 -1.681501
v -3.961315 0.602685 -1.621210
v -3.770833 0.019695 -1.608832
v -3.736058 0.352445 -1.672304
v -3.683506 0.019628 -1.669840
v -3.736603 -0.313100 -1.672354
v -3.820115 -0.286886 -1.611499
v -3.673804 0.367004 -2.025708
v -3.872845 0.639102 -2.122020
v -3.826448 0.680151 -2.034009
v -3.621087 0.019604 -2.023602
v -3.731094 0.345537 -2.113392
v -3.682272 0.019661 -2.111106
v -3.731628 -0.306135 -2.113442
v -3.674374 -0.327886 -2.025761
v -3.873917 -0.599473 -2.122145
v -3.731094 0.345537 -2.113392
v -4.072944 0.482054 -2.167411
v -3.872845 0.639102 -2.122020
v -3.682272 0.019661 -2.111106
v -3.967833 0.262849 -2.157826
v -3.968231 -0.223229 -2.157863
v -3.931571 0.019868 -2.154822
v -3.731628 -0.306135 -2.113442
v -4.073638 -0.442075 -2.167450
v -4.083282 0.293675 -1.611828
v -3.904893 0.650298 -1.545797
v -3.893983 0.291734 -1.569124
v -4.081550 0.019950 -1.615050
v -3.891953 0.019791 -1.571657
v -3.891953 0.019791 -1.571657
v -3.893983 0.291734 -1.569124
v -3.858713 0.285292 -1.483200
v -3.855787 0.019755 -1.486264
v -4.101294 0.019971 -1.670185
v -5.109033 0.303593 -1.858615
v -4.102848 0.295475 -1.667141
v -4.527640 0.451723 1.629833
v -4.355236 0.897434 1.575309
v -4.527772 0.903068 1.590353
v -4.299002 0.020186 1.548166
v -4.137881 0.017753 0.005261
v -4.297135 0.434716 1.526443
v -4.527640 0.451723 1.629833
v -4.527772 0.903068 1.590353
v -4.554162 0.455510 1.682302
v -4.102848 0.295475 -1.667141
v -4.093062 0.654013 -1.589367
v -4.083282 0.293675 -1.611828
v -4.101294 0.019971 -1.670185
v -4.081550 0.019950 -1.615050
v -4.529154 0.020434 1.651507
v -4.357391 -0.406262 1.611609
v -4.358050 0.020259 1.634429
v -4.083731 -0.253771 -1.611869
v -3.905926 -0.610697 -1.545893
v -4.094101 -0.614274 -1.589464
v -3.894429 -0.252148 -1.569165
v -3.859206 -0.245780 -1.483261
v -3.894429 -0.252148 -1.569165
v -4.358050 0.020259 1.634429
v -4.297815 -0.394953 1.526413
v -4.299002 0.020186 1.548166
v -4.554672 -0.414951 1.682253
v -5.329287 -0.434720 1.745900
v -4.555963 -0.872757 1.642003
v -4.555655 0.020461 1.704332
v -5.326353 0.020938 1.764938
v -4.297815 -0.394953 1.526413
v -4.529154 0.020434 1.651507
v -4.554672 -0.414951 1.682253
v -4.528171 -0.411409 1.629784
v -4.555655 0.020461 1.704332
v -4.528934 -0.862644 1.590246
v -4.083731 -0.253771 -1.611869
v -4.103299 -0.255530 -1.667183
v -4.094101 -0.614274 -1.589464
v -4.543326 0.433450 1.815160
v -5.326353 0.020938 1.764938
v -4.555655 0.020461 1.704332
v -4.358050 0.020259 1.634429
v -4.356997 0.449092 1.765151
v -4.507385 0.436431 1.771940
v -4.529154 0.020434 1.651507
v -4.507385 0.436431 1.771940
v -4.598227 0.628590 1.884474
v -4.543326 0.433450 1.815160
v -4.555655 0.020461 1.704332
v -4.529154 0.020434 1.651507
v -4.135847 -0.763088 -1.809837
v -4.204103 -1.154947 -1.500829
v -4.154531 -1.213055 -1.706537
v -4.185248 -1.224924 -1.748130
v -4.166381 -0.770339 -1.852673
v -3.826448 0.680151 -2.034009
v -4.125597 0.890062 -1.701040
v -4.127023 -0.850253 -1.701174
v -4.362365 -1.046528 -2.086713
v -4.065109 -0.888146 -2.052947
v -4.181321 0.821629 -1.640929
v -3.820115 -0.286886 -1.611499
v -3.962271 -0.563157 -1.621299
v -4.182635 -0.781737 -1.641052
v -4.125597 0.890062 -1.701040
v -4.181321 0.821629 -1.640929
v -3.889570 -0.613011 -1.681598
v -3.962271 -0.563157 -1.621299
v -4.127023 -0.850253 -1.701174
v -4.182635 -0.781737 -1.641052
v -4.458713 -0.921645 -1.674469
v -4.424278 -1.002057 -1.735657
v -4.093015 0.871737 -2.140848
v -4.063621 0.928086 -2.052807
v -3.827530 -0.640603 -2.034111
v -4.094411 -0.831913 -2.140980
v -3.873917 -0.599473 -2.122145
v -4.237648 -0.615712 -2.185098
v -4.094411 -0.831913 -2.140980
v -4.046997 0.019959 -2.104664
v -4.077952 0.227009 -2.107493
v -4.078230 -0.187035 -2.107495
v -4.046997 0.019959 -2.104664
v -4.228288 0.171827 -2.207982
v -4.077952 0.227009 -2.107493
v -4.228473 -0.131770 -2.207973
v -4.205824 0.020097 -2.205504
v -4.387986 0.114159 -2.276067
v -4.388140 -0.073832 -2.276082
v -4.374435 0.020240 -2.274152
v -4.511674 1.702669 1.302995
v -4.332388 1.357608 1.457762
v -4.322159 1.710498 1.298564
v -4.077814 2.146083 -0.884972
v -4.291318 2.284671 -0.632426
v -4.113812 2.272776 -0.599234
v -4.040765 1.915603 -1.114401
v -4.252598 2.154657 -0.922288
v -4.179036 1.647206 -1.310941
v -4.005538 1.639482 -1.263364
v -4.214734 1.922899 -1.155474
v -4.142814 1.358170 -1.421413
v -3.961055 1.350092 -1.375187
v -4.116082 0.994265 -1.525846
v -3.927381 0.987704 -1.481742
v -4.093062 0.654013 -1.589367
v -4.333695 2.387072 -0.312323
v -4.155221 2.374862 -0.281644
v -4.275965 2.246766 0.792982
v -4.429417 2.343568 0.556737
v -4.462111 2.241717 0.792428
v -4.305335 1.944848 1.147183
v -4.481132 2.111301 0.991256
v -4.492657 1.937350 1.154172
v -4.294125 2.115148 0.988406
v -3.904893 0.650298 -1.545797
v -3.869986 0.635494 -1.458801
v -3.897592 0.963324 -1.393456
v -3.927381 0.987704 -1.481742
v -3.935481 1.314705 -1.286071
v -3.961055 1.350092 -1.375187
v -3.974498 1.590033 -1.177835
v -4.005538 1.639482 -1.263364
v -4.006839 1.854833 -1.035714
v -4.077814 2.146083 -0.884972
v -4.040765 1.915603 -1.114401
v -4.113812 2.272776 -0.599234
v -4.037748 2.073059 -0.823055
v -4.070431 2.194091 -0.556682
v -4.155221 2.374862 -0.281644
v -4.111356 2.292875 -0.255947
v -4.189475 2.411709 0.011250
v -4.144230 2.328865 0.022449
v -4.215932 2.403472 0.286727
v -4.166045 2.318371 0.283372
v -4.247608 2.347298 0.560089
v -4.190820 2.264926 0.542405
v -4.275965 2.246766 0.792982
v -4.216281 2.168926 0.760910
v -4.294125 2.115148 0.988406
v -4.230901 2.048209 0.940221
v -4.239863 1.893218 1.085992
v -4.305335 1.944848 1.147183
v -4.253221 1.673440 1.228842
v -4.322159 1.710498 1.298564
v -4.271028 1.331072 1.381730
v -4.332388 1.357608 1.457762
v -4.548840 1.372293 1.514791
v -5.321105 1.370325 1.564733
v -5.324703 0.938498 1.700061
v -4.554819 0.913238 1.642108
v -5.329205 0.476250 1.745943
v -4.554162 0.455510 1.682302
v -5.320302 1.716936 1.387245
v -4.369612 2.417973 -0.013255
v -4.189475 2.411709 0.011250
v -4.247608 2.347298 0.560089
v -4.398031 2.403177 0.272926
v -4.215932 2.403472 0.286727
v -4.037748 2.073059 -0.823055
v -4.070431 2.194091 -0.556682
v -4.111356 2.292875 -0.255947
v -4.144230 2.328865 0.022449
v -4.166045 2.318371 0.283372
v -4.190820 2.264926 0.542405
v -4.216281 2.168926 0.760910
v -4.230901 2.048209 0.940221
v -4.239863 1.893218 1.085992
v -4.253221 1.673440 1.228842
v -4.271028 1.331072 1.381730
v -4.554819 0.913238 1.642108
v -4.517601 1.353512 1.467236
v -4.548840 1.372293 1.514791
v -4.511674 1.702669 1.302995
v -4.540883 1.727901 1.347948
v -4.492657 1.937350 1.154172
v -4.481132 2.111301 0.991256
v -4.523579 1.969394 1.193798
v -4.179036 1.647206 -1.310941
v -4.142814 1.358170 -1.421413
v -4.198405 1.670702 -1.361273
v -4.116082 0.994265 -1.525846
v -4.161414 1.374176 -1.474569
v -4.135041 1.005297 -1.580423
v -4.112624 0.659724 -1.644501
v -4.528171 -0.411409 1.629784
v -4.483078 -1.665046 1.311862
v -4.306276 -1.319269 1.462069
v -4.502719 -1.314391 1.471609
v -4.305748 -2.246830 -0.619691
v -4.104353 -2.107633 -0.875862
v -4.129822 -2.234388 -0.590165
v -4.077844 -1.876824 -1.104759
v -4.276220 -2.116779 -0.909190
v -4.242943 -1.884655 -1.143756
v -4.207288 -1.608434 -1.301160
v -4.047683 -1.600499 -1.254225
v -4.166253 -1.319190 -1.414443
v -4.120562 -0.954589 -1.525123
v -4.008275 -1.310956 -1.366446
v -3.959245 -0.948317 -1.476528
v -4.412087 -2.306128 0.566902
v -4.246621 -2.209334 0.800421
v -4.436542 -2.204506 0.803794
v -4.224648 -2.309725 0.567569
v -4.259986 -2.077622 0.995673
v -4.452645 -2.074017 1.001871
v -4.269065 -1.907290 1.154053
v -4.463045 -1.899870 1.163957
v -4.287587 -1.672687 1.304731
v -3.905926 -0.610697 -1.545893
v -3.887420 -0.595992 -1.456540
v -3.938742 -0.923904 -1.387370
v -3.959245 -0.948317 -1.476528
v -3.981668 -1.275384 -1.278430
v -4.008275 -1.310956 -1.366446
v -4.019303 -1.551071 -1.169149
v -4.047683 -1.600499 -1.254225
v -4.077844 -1.876824 -1.104759
v -4.043896 -1.816056 -1.027115
v -4.183053 -2.373894 0.019592
v -4.159121 -2.336851 -0.273057
v -4.114651 -2.254733 -0.248427
v -4.136993 -2.290787 0.029926
v -4.200941 -2.365752 0.294431
v -4.149818 -2.280417 0.290302
v -4.224648 -2.309725 0.567569
v -4.166347 -2.227116 0.549012
v -4.246621 -2.209334 0.800421
v -4.185055 -2.131279 0.767551
v -4.259986 -2.077622 0.995673
v -4.195325 -2.010613 0.946581
v -4.269065 -1.907290 1.154053
v -4.202053 -1.855605 1.091997
v -4.287587 -1.672687 1.304731
v -4.233900 -1.293381 1.387129
v -4.215617 -1.635891 1.234433
v -4.336306 -0.858518 1.578755
v -4.306276 -1.319269 1.462069
v -4.357391 -0.406262 1.611609
v -4.264933 -0.838725 1.498765
v -5.325022 -0.896975 1.700031
v -4.537395 -1.332871 1.518329
v -5.321779 -1.328808 1.564671
v -4.363774 -2.400404 -0.315548
v -5.231989 -2.454933 -0.097547
v -5.206709 -2.411176 -0.429239
v -4.519760 -1.689692 1.354804
v -5.323671 -1.917865 1.242514
v -4.499413 -1.931464 1.202105
v -5.321619 -1.675601 1.387122
v -4.447028 -2.355115 0.576366
v -5.263263 -2.429856 0.245000
v -4.418217 -2.416696 0.285571
v -4.393809 -2.430879 -0.009215
v -4.328780 -2.295507 -0.643062
v -4.179166 -1.334797 -1.469473
v -5.098654 -1.002557 -1.772595
v -4.136719 -0.965327 -1.580596
v -5.096274 -0.637975 -1.834838
v -4.113672 -0.619946 -1.644599
v -5.109436 -0.261981 -1.858654
v -4.103299 -0.255530 -1.667183
v -5.318935 -2.114713 1.058741
v -4.488573 -2.114564 1.030930
v -4.528934 -0.862644 1.590246
v -4.336306 -0.858518 1.578755
v -4.365024 -2.380495 -0.000766
v -4.159121 -2.336851 -0.273057
v -4.183053 -2.373894 0.019592
v -4.385322 -2.366033 0.284980
v -4.200941 -2.365752 0.294431
v -4.136993 -2.290787 0.029926
v -4.149818 -2.280417 0.290302
v -4.166347 -2.227116 0.549012
v -4.185055 -2.131279 0.767551
v -4.195325 -2.010613 0.946581
v -4.202053 -1.855605 1.091997
v -4.215617 -1.635891 1.234433
v -4.233900 -1.293381 1.387129
v -4.555963 -0.872757 1.642003
v -4.502719 -1.314391 1.471609
v -4.537395 -1.332871 1.518329
v -4.483078 -1.665046 1.311862
v -4.519760 -1.689692 1.354804
v -4.463045 -1.899870 1.163957
v -4.499413 -1.931464 1.202105
v -4.452645 -2.074017 1.001871
v -4.488573 -2.114564 1.030930
v -4.472182 -2.250624 0.822502
v -4.436542 -2.204506 0.803794
v -4.412087 -2.306128 0.566902
v -4.447028 -2.355115 0.576366
v -4.418217 -2.416696 0.285571
v -4.385322 -2.366033 0.284980
v -4.365024 -2.380495 -0.000766
v -4.393809 -2.430879 -0.009215
v -4.338324 -2.349765 -0.298977
v -4.363774 -2.400404 -0.315548
v -4.305748 -2.246830 -0.619691
v -4.328780 -2.295507 -0.643062
v -4.166253 -1.319190 -1.414443
v -4.222363 -1.631706 -1.353053
v -4.179166 -1.334797 -1.469473
v -4.120562 -0.954589 -1.525123
v -4.136719 -0.965327 -1.580596
v -4.113672 -0.619946 -1.644599
v -4.508636 0.929625 1.869047
v -4.692700 1.167881 1.690468
v -4.699579 1.058710 1.915264
v -4.485902 1.055127 1.652964
v -4.355530 0.897776 1.575284
v -4.375823 0.786331 1.811235
v -4.717477 1.005387 1.957620
v -4.536883 0.891402 1.915256
v -4.409832 0.748840 1.857833
v -4.356997 0.449092 1.765151
v -4.306835 0.438001 1.699344
v -4.358050 0.020259 1.634429
v -4.299002 0.020186 1.548166
v -4.563946 0.658627 1.849468
v -4.504457 1.026563 1.597175
v -4.355530 0.897776 1.575284
v -4.925283 0.024493 1.576943
v -4.485902 1.055127 1.652964
v -4.355530 0.897776 1.575284
v -4.504457 1.026563 1.597175
v -4.692700 1.167881 1.690468
v -4.187885 1.195102 -1.505708
v -4.134439 0.803795 -1.809665
v -4.152450 1.253780 -1.706322
v -4.472373 -1.536845 -1.423032
v -4.651044 -1.581718 -1.436035
v -4.616827 -1.662072 -1.629324
v -4.333992 -1.444140 -1.434431
v -4.438116 -1.614757 -1.617076
v -4.299553 -1.517608 -1.630435
v -4.207250 -1.380000 -1.663127
v -4.249478 -1.313679 -1.462102
v -4.172094 -0.725725 -1.604410
v -4.238030 -1.394021 -1.704035
v -5.012610 -1.254469 -1.884876
v -4.992796 -0.785296 -1.995460
v -4.320188 -1.518121 -1.674542
v -4.975317 -1.435534 -1.819591
v -4.519156 -1.447691 -1.865904
v -4.495525 -1.479553 -1.770933
v -4.589743 -1.507908 -1.792783
v -4.478200 -1.335810 -1.895189
v -4.436698 -1.398298 -1.803983
v -4.456106 -1.427635 -1.693894
v -4.550848 -1.493744 -1.686807
v -4.662719 -1.493650 -1.706724
v -4.449846 -1.602295 -1.664917
v -4.611900 -1.638976 -1.678966
v -4.320188 -1.518121 -1.674542
v -4.238030 -1.394021 -1.704035
v -5.743143 -0.311873 -2.026171
v -5.534300 -0.639323 -2.335126
v -5.596320 -0.611829 -1.982405
v -5.793683 0.020860 -2.042024
v -5.680906 -0.326480 -2.379604
v -5.731182 0.021016 -2.395563
v -5.680529 0.368404 -2.379542
v -4.360683 1.086976 -2.086580
v -4.422604 1.042359 -1.735500
v -5.548968 -0.562081 -1.901001
v -5.335167 -0.780846 -1.844441
v -5.685414 -0.285758 -1.940474
v -5.732234 0.020833 -1.954492
v -4.457171 0.962172 -1.674325
v -4.458713 -0.921645 -1.674469
v -5.743143 -0.311873 -2.026171
v -5.596320 -0.611829 -1.982405
v -5.548968 -0.562081 -1.901001
v -5.685414 -0.285758 -1.940474
v -5.793683 0.020860 -2.042024
v -5.732234 0.020833 -1.954492
v -5.685243 0.327474 -1.940438
v -5.742938 0.353662 -2.026131
v -4.422604 1.042359 -1.735500
v -4.457171 0.962172 -1.674325
v -4.751572 -1.054074 -1.786696
v -5.597153 -0.304776 -2.442389
v -5.534300 -0.639323 -2.335126
v -5.680906 -0.326480 -2.379604
v -5.731182 0.021016 -2.395563
v -5.643685 0.021047 -2.456745
v -5.680529 0.368404 -2.379542
v -5.643685 0.021047 -2.456745
v -5.359531 -0.222150 -2.403262
v -5.597153 -0.304776 -2.442389
v -5.394602 0.020993 -2.412852
v -5.359080 0.263921 -2.403165
v -5.273001 -0.186088 -2.318214
v -5.272659 0.227951 -2.318156
v -5.303283 0.020949 -2.326027
v -4.168151 0.413653 -2.116903
v -4.308227 0.561907 -2.133188
v -4.168796 -0.373712 -2.116964
v -4.443341 -0.726878 -2.212313
v -4.309247 -0.521571 -2.133334
v -5.303283 0.020949 -2.326027
v -5.097442 -0.131056 -2.361256
v -5.273001 -0.186088 -2.318214
v -5.097306 0.172541 -2.361271
v -5.119466 0.020844 -2.366616
v -5.272659 0.227951 -2.318156
v -4.168151 0.413653 -2.116903
v -4.293627 0.308830 -2.215973
v -4.395451 0.417583 -2.229657
v -4.078230 -0.187035 -2.107495
v -4.294035 -0.268663 -2.215986
v -4.168796 -0.373712 -2.116964
v -4.396035 -0.377246 -2.229686
v -4.309247 -0.521571 -2.133334
v -4.523899 -0.446851 -2.248685
v -4.937704 0.020714 -2.373379
v -4.924005 -0.073381 -2.370506
v -4.923935 0.114611 -2.370527
v -4.884028 0.199414 -2.362163
v -5.032920 0.309439 -2.346467
v -4.428356 0.199030 -2.281785
v -4.490770 0.266482 -2.291137
v -4.428581 -0.158635 -2.281779
v -4.491241 -0.225811 -2.291209
v -4.653136 0.020474 -2.340307
v -4.822003 0.266763 -2.349497
v -5.356278 1.353064 1.519886
v -5.526530 0.937618 1.670686
v -5.360752 0.929776 1.653435
v -5.523821 1.356313 1.536088
v -4.517601 1.353512 1.467236
v -5.532282 0.478398 1.717277
v -5.365672 0.473056 1.698989
v -5.354758 1.693680 1.344757
v -5.523309 1.695656 1.358590
v -5.355343 1.929848 1.203558
v -5.524883 1.933121 1.219902
v -5.430440 2.463609 -0.114417
v -5.461581 2.431416 0.230799
v -5.292191 2.422703 0.236658
v -5.488890 2.355465 0.564090
v -5.319116 2.349069 0.559631
v -4.355236 0.897434 1.575309
v -4.288467 0.877185 1.495198
v -4.356795 0.446373 1.611663
v -4.297135 0.434716 1.526443
v -5.532282 0.478398 1.717277
v -5.578738 0.920206 1.578761
v -5.584393 0.470933 1.623727
v -5.526530 0.937618 1.670686
v -5.523821 1.356313 1.536088
v -5.578288 1.327505 1.449114
v -5.523309 1.695656 1.358590
v -5.579580 1.654227 1.280329
v -5.581360 1.878184 1.150354
v -5.524883 1.933121 1.219902
v -5.519514 2.126163 1.039266
v -5.574900 2.056479 0.981990
v -5.506210 2.250154 0.824447
v -5.559210 2.167991 0.782809
v -5.488890 2.355465 0.564090
v -5.539475 2.265691 0.536696
v -5.509951 2.338224 0.216382
v -5.461581 2.431416 0.230799
v -5.478276 2.370415 -0.115668
v -5.430440 2.463609 -0.114417
v -5.406469 2.426976 -0.445765
v -5.453950 2.336450 -0.433849
v -5.389318 2.321298 -0.788321
v -5.435667 2.235958 -0.760763
v -5.382123 0.020804 -1.786271
v -5.323307 0.304492 -1.863074
v -5.328412 0.020799 -1.871109
v -5.406469 2.426976 -0.445765
v -5.222250 2.302315 -0.757729
v -5.389318 2.321298 -0.788321
v -4.235808 1.956326 -1.198140
v -5.138933 1.988023 -1.349843
v -5.160727 2.197354 -1.086063
v -4.275797 2.199108 -0.953218
v -5.123890 1.718933 -1.544970
v -5.156369 0.020834 -1.823419
v -5.323307 0.304492 -1.863074
v -5.151126 0.302691 -1.816120
v -5.336426 2.244128 0.815005
v -5.506210 2.250154 0.824447
v -5.349678 2.118736 1.026625
v -5.519514 2.126163 1.039266
v -4.510908 2.152375 1.022188
v -5.303917 2.287355 0.839566
v -5.316197 2.156061 1.058997
v -4.523579 1.969394 1.193798
v -4.356795 0.446373 1.611663
v -5.584393 0.470933 1.623727
v -5.463667 0.020805 -0.115319
v -5.582821 0.020972 1.641154
v -5.578738 0.920206 1.578761
v -5.578288 1.327505 1.449114
v -5.579580 1.654227 1.280329
v -5.581360 1.878184 1.150354
v -5.574900 2.056479 0.981990
v -5.559210 2.167991 0.782809
v -5.539475 2.265691 0.536696
v -5.509951 2.338224 0.216382
v -5.478276 2.370415 -0.115668
v -5.453950 2.336450 -0.433849
v -5.435667 2.235958 -0.760763
v -3.855787 0.019755 -1.486264
v -3.858713 0.285292 -1.483200
v -3.869986 0.635494 -1.458801
v -3.935481 1.314705 -1.286071
v -3.974498 1.590033 -1.177835
v -4.006839 1.854833 -1.035714
v -4.288467 0.877185 1.495198
v -4.462111 2.241717 0.792428
v -4.510908 2.152375 1.022188
v -4.493016 2.288079 0.812688
v -4.235808 1.956326 -1.198140
v -4.275797 2.199108 -0.953218
v -4.252598 2.154657 -0.922288
v -4.214734 1.922899 -1.155474
v -5.156369 0.020834 -1.823419
v -5.109033 0.303593 -1.858615
v -5.114397 0.020809 -1.865926
v -5.355343 1.929848 1.203558
v -5.316197 2.156061 1.058997
v -5.349678 2.118736 1.026625
v -5.320302 1.716936 1.387245
v -5.321603 1.959380 1.242708
v -5.354758 1.693680 1.344757
v -5.356278 1.353064 1.519886
v -5.321105 1.370325 1.564733
v -5.324703 0.938498 1.700061
v -5.360752 0.929776 1.653435
v -5.329205 0.476250 1.745943
v -5.365672 0.473056 1.698989
v -5.356943 -1.311722 1.519857
v -5.361026 -0.888237 1.653408
v -5.526731 -0.896217 1.670667
v -5.524215 -1.314723 1.536051
v -5.532448 -0.436832 1.717298
v -5.365739 -0.431510 1.698948
v -5.434360 -2.421864 -0.114790
v -5.243842 -2.365439 -0.420341
v -5.266810 -2.406706 -0.096652
v -4.338324 -2.349765 -0.298977
v -5.357321 -1.888471 1.203373
v -5.524127 -1.654031 1.358513
v -5.526467 -1.891644 1.219781
v -5.355950 -1.652136 1.344645
v -5.465437 -2.389495 0.230426
v -5.322905 -2.307683 0.559295
v -5.492563 -2.313778 0.563747
v -5.296127 -2.381276 0.236291
v -4.104353 -2.107633 -0.875862
v -4.063806 -2.034450 -0.815158
v -4.129822 -2.234388 -0.590165
v -4.086285 -2.155727 -0.548590
v -5.584467 -0.429529 1.623720
v -5.530176 0.020967 1.735238
v -5.582821 0.020972 1.641154
v -5.532448 -0.436832 1.717298
v -5.578822 -0.878785 1.578719
v -5.526731 -0.896217 1.670667
v -5.524215 -1.314723 1.536051
v -5.578530 -1.286062 1.449058
v -5.524127 -1.654031 1.358513
v -5.580357 -1.612609 1.280285
v -5.582657 -1.836648 1.150230
v -5.526467 -1.891644 1.219781
v -5.577069 -2.014803 0.981763
v -5.521859 -2.084368 1.039021
v -5.509340 -2.208512 0.824155
v -5.562169 -2.126097 0.782533
v -5.492563 -2.313778 0.563747
v -5.542928 -2.223707 0.536356
v -5.465437 -2.389495 0.230426
v -5.513727 -2.296262 0.216029
v -5.482203 -2.328666 -0.116026
v -5.434360 -2.421864 -0.114790
v -5.457712 -2.294480 -0.434200
v -5.410407 -2.385079 -0.446133
v -5.323402 -0.262857 -1.863083
v -5.377287 -0.259117 -1.777713
v -5.530176 0.020967 1.735238
v -5.362636 0.020946 1.717985
v -4.296705 -2.160991 -0.941743
v -5.164110 -2.155766 -1.086379
v -4.259842 -1.917651 -1.188308
v -5.126191 -1.677314 -1.545171
v -4.222363 -1.631706 -1.353053
v -5.114381 -1.382483 -1.665601
v -5.339718 -2.202579 0.814720
v -5.509340 -2.208512 0.824155
v -5.352402 -2.077374 1.026395
v -5.521859 -2.084368 1.039021
v -5.290678 -2.354450 0.576532
v -5.187954 -2.304276 -0.772664
v -5.114397 0.020809 -1.865926
v -4.472182 -2.250624 0.822502
v -5.307214 -2.245821 0.839258
v -5.584467 -0.429529 1.623720
v -5.578822 -0.878785 1.578719
v -5.578530 -1.286062 1.449058
v -5.580357 -1.612609 1.280285
v -5.582657 -1.836648 1.150230
v -5.577069 -2.014803 0.981763
v -5.562169 -2.126097 0.782533
v -5.542928 -2.223707 0.536356
v -5.513727 -2.296262 0.216029
v -5.482203 -2.328666 -0.116026
v -5.457712 -2.294480 -0.434200
v -3.859206 -0.245780 -1.483261
v -3.887420 -0.595992 -1.456540
v -4.063806 -2.034450 -0.815158
v -4.086285 -2.155727 -0.548590
v -4.114651 -2.254733 -0.248427
v -4.264933 -0.838725 1.498765
v -4.276220 -2.116779 -0.909190
v -4.296705 -2.160991 -0.941743
v -4.259842 -1.917651 -1.188308
v -4.242943 -1.884655 -1.143756
v -4.207288 -1.608434 -1.301160
v -5.109436 -0.261981 -1.858654
v -5.151327 -0.261239 -1.816119
v -5.266810 -2.406706 -0.096652
v -5.206709 -2.411176 -0.429239
v -5.231989 -2.454933 -0.097547
v -5.296127 -2.381276 0.236291
v -5.263263 -2.429856 0.245000
v -5.322905 -2.307683 0.559295
v -5.290678 -2.354450 0.576532
v -5.339718 -2.202579 0.814720
v -5.307214 -2.245821 0.839258
v -5.352402 -2.077374 1.026395
v -5.318935 -2.114713 1.058741
v -5.357321 -1.888471 1.203373
v -5.323671 -1.917865 1.242514
v -5.355950 -1.652136 1.344645
v -5.321619 -1.675601 1.387122
v -5.356943 -1.311722 1.519857
v -5.321779 -1.328808 1.564671
v -5.361026 -0.888237 1.653408
v -5.325022 -0.896975 1.700031
v -5.329287 -0.434720 1.745900
v -5.365739 -0.431510 1.698948
v -5.362636 0.020946 1.717985
v -5.326353 0.020938 1.764938
v -5.526886 0.937974 1.670686
v -5.584833 0.471296 1.623931
v -5.515686 0.765099 1.882507
v -5.588034 0.488725 1.791649
v -5.417071 1.083091 1.719602
v -5.402045 0.953979 1.937146
v -5.217077 1.177139 1.726935
v -5.202279 1.082497 1.955266
v -4.961035 1.218954 1.715361
v -4.297378 0.435079 1.526468
v -5.338734 0.444941 1.876636
v -4.598227 0.628590 1.884474
v -5.290487 0.651416 1.940490
v -4.674022 0.744976 1.926306
v -5.219365 0.769143 1.970582
v -4.789488 0.817428 1.955236
v -5.113222 0.831694 1.980871
v -4.954138 0.848326 1.974828
v -4.908493 0.398697 2.049011
v -5.038468 0.361062 2.005224
v -4.906937 0.270812 1.965236
v -5.040186 0.249561 1.878619
v -4.911583 0.209097 1.832909
v -5.134717 0.359337 1.901891
v -4.993840 0.520401 2.052571
v -5.126854 0.495388 1.966454
v -5.059102 0.626795 1.979652
v -4.834892 0.528117 2.043647
v -4.923541 0.661378 2.001112
v -4.788580 0.639591 1.964330
v -4.781056 0.373166 1.990819
v -4.710541 0.515391 1.942982
v -4.697083 0.380203 1.877171
v -4.782956 0.261831 1.864035
v -4.998577 0.230344 1.723884
v -4.839706 0.237858 1.714992
v -5.183343 0.465366 1.818508
v -5.129827 0.316837 1.764616
v -5.138766 0.619724 1.862768
v -5.013190 0.720337 1.882901
v -4.722392 0.639537 1.839478
v -4.853920 0.728009 1.873778
v -4.713542 0.336651 1.741317
v -4.668567 0.489745 1.789494
v -5.582821 0.020972 1.641154
v -5.530176 0.020967 1.735238
v -5.531728 0.472177 1.857249
v -5.471831 0.729357 1.934650
v -5.361132 0.913775 1.978408
v -5.175968 1.023976 1.993680
v -4.945862 1.048042 1.984086
v -4.946000 1.115088 1.945673
v -4.409832 0.748840 1.857833
v -4.536883 0.891402 1.915256
v -4.647314 0.786574 1.895006
v -5.175968 1.023976 1.993680
v -5.251399 0.810419 1.943191
v -5.128506 0.882922 1.954551
v -5.361132 0.913775 1.978408
v -5.471831 0.729357 1.934650
v -5.330865 0.678815 1.909720
v -5.381423 0.461667 1.843022
v -5.531728 0.472177 1.857249
v -5.530176 0.020967 1.735238
v -5.362636 0.020946 1.717985
v -4.563946 0.658627 1.849468
v -4.674022 0.744976 1.926306
v -5.113222 0.831694 1.980871
v -4.954138 0.848326 1.974828
v -4.954471 0.900969 1.947798
v -5.219365 0.769143 1.970582
v -5.251399 0.810419 1.943191
v -5.128506 0.882922 1.954551
v -5.290487 0.651416 1.940490
v -5.330865 0.678815 1.909720
v -5.381423 0.461667 1.843022
v -5.338734 0.444941 1.876636
v -5.326353 0.020938 1.764938
v -5.362636 0.020946 1.717985
v -5.584833 0.471296 1.623931
v -5.526886 0.937974 1.670686
v -5.395647 1.054114 1.659868
v -5.206396 1.143342 1.666821
v -4.962907 1.185895 1.656696
v -4.297378 0.435079 1.526468
v -4.299002 0.020186 1.548166
v -5.582821 0.020972 1.641154
v -5.526886 0.937974 1.670686
v -5.417071 1.083091 1.719602
v -5.395647 1.054114 1.659868
v -5.217077 1.177139 1.726935
v -5.206396 1.143342 1.666821
v -4.961035 1.218954 1.715361
v -4.962907 1.185895 1.656696
v -5.016382 1.467565 -1.790239
v -5.089388 1.226975 -1.655273
v -5.051348 1.398572 -1.592655
v -5.054084 1.287434 -1.855528
v -4.931907 1.608706 -1.723176
v -4.966339 1.532959 -1.528258
v -4.793890 1.689838 -1.666410
v -4.828008 1.610202 -1.472759
v -4.614141 1.703586 -1.629088
v -4.648350 1.623209 -1.435768
v -4.469891 1.578090 -1.422812
v -4.435370 1.655926 -1.616800
v -4.331462 1.485091 -1.434165
v -4.296970 1.558554 -1.630173
v -4.204892 1.420802 -1.662888
v -4.240043 1.354142 -1.464788
v -4.170807 0.766471 -1.604273
v -5.010649 1.296652 -1.884692
v -4.973116 1.477670 -1.819404
v -4.235714 1.434901 -1.703816
v -4.183146 1.265706 -1.747912
v -4.991636 0.827471 -1.995352
v -4.165024 0.811114 -1.852525
v -4.317601 1.559107 -1.674281
v -4.898744 1.602254 -1.760677
v -4.447186 1.643516 -1.664667
v -4.770859 1.671529 -1.710899
v -4.609251 1.680490 -1.678734
v -4.563696 1.416513 -1.927192
v -4.562965 1.307687 -1.931498
v -4.657101 1.377285 -1.927016
v -4.572109 1.217163 -1.880816
v -4.661998 1.260259 -1.899813
v -4.731657 1.334123 -1.874907
v -4.628623 1.489149 -1.885417
v -4.727122 1.439763 -1.855513
v -4.683231 1.520978 -1.804260
v -4.516681 1.489034 -1.865651
v -4.587237 1.549378 -1.792547
v -4.492998 1.520843 -1.770676
v -4.476045 1.377134 -1.895007
v -4.434374 1.439519 -1.803764
v -4.423546 1.333846 -1.820465
v -4.480765 1.260108 -1.867804
v -4.529379 1.184733 -1.795779
v -4.641248 1.184826 -1.815517
v -4.734849 1.252468 -1.812638
v -4.775278 1.361207 -1.786536
v -4.746661 1.469116 -1.745241
v -4.660166 1.535204 -1.706466
v -4.548297 1.535110 -1.686549
v -4.453733 1.468871 -1.693670
v -4.413161 1.360904 -1.722694
v -4.441998 1.252243 -1.761094
v -5.035043 0.821453 -1.965295
v -5.071274 0.783228 -1.760065
v -4.973116 1.477670 -1.819404
v -4.898744 1.602254 -1.760677
v -4.770859 1.671529 -1.710899
v -4.609251 1.680490 -1.678734
v -4.447186 1.643516 -1.664667
v -4.317601 1.559107 -1.674281
v -4.235714 1.434901 -1.703816
v -5.018489 -1.425364 -1.790419
v -5.091025 -1.184706 -1.655426
v -5.055970 -1.245188 -1.855703
v -5.053314 -1.356365 -1.592839
v -4.934465 -1.566678 -1.723415
v -4.968648 -1.490894 -1.528475
v -4.796770 -1.648099 -1.666715
v -4.830595 -1.568383 -1.473002
v -4.901382 -1.560300 -1.760942
v -4.449846 -1.602295 -1.664917
v -4.773562 -1.629771 -1.711153
v -4.611900 -1.638976 -1.678966
v -4.565912 -1.375041 -1.927379
v -4.659252 -1.335659 -1.927196
v -4.564934 -1.266197 -1.931640
v -4.664029 -1.218650 -1.900004
v -4.573930 -1.175668 -1.880946
v -4.733806 -1.292404 -1.875108
v -4.630957 -1.447576 -1.885616
v -4.729373 -1.398032 -1.855703
v -4.685760 -1.479373 -1.804516
v -4.425697 -1.292641 -1.820668
v -4.482863 -1.218820 -1.868022
v -4.643156 -1.143265 -1.815697
v -4.531285 -1.143358 -1.795958
v -4.777327 -1.319389 -1.786691
v -4.736866 -1.210753 -1.812828
v -4.749032 -1.427392 -1.745463
v -4.444015 -1.211016 -1.761284
v -4.415358 -1.319731 -1.722902
v -5.036069 -0.779207 -1.965370
v -5.072219 -0.740970 -1.760153
v -4.975317 -1.435534 -1.819591
v -4.901382 -1.560300 -1.760942
v -4.773562 -1.629771 -1.711153
v -5.076407 -1.001531 -1.850725
v -4.689725 -1.100873 -2.137250
v -4.751572 -1.054074 -1.786696
v -5.014564 -1.046000 -2.201614
v -5.367133 -0.849308 -1.919882
v -5.305025 -0.887151 -2.271447
v -5.742938 0.353662 -2.026131
v -5.533602 0.681414 -2.335062
v -5.595877 0.653759 -1.982363
v -5.303947 0.929068 -2.271372
v -5.366128 0.890992 -1.919768
v -5.012925 1.087520 -2.201460
v -5.074898 1.042901 -1.850564
v -4.687889 1.141849 -2.137078
v -4.749812 1.095098 -1.786531
v -4.063621 0.928086 -2.052807
v -4.424278 -1.002057 -1.735657
v -5.064694 -0.921139 -1.781329
v -4.762706 -0.969590 -1.722308
v -5.685243 0.327474 -1.940438
v -5.548517 0.603750 -1.900941
v -5.334268 0.822478 -1.844338
v -5.063394 0.962676 -1.781207
v -4.761085 1.010622 -1.722156
v -4.762706 -0.969590 -1.722308
v -5.076407 -1.001531 -1.850725
v -5.064694 -0.921139 -1.781329
v -5.367133 -0.849308 -1.919882
v -5.335167 -0.780846 -1.844441
v -5.548517 0.603750 -1.900941
v -5.595877 0.653759 -1.982363
v -5.334268 0.822478 -1.844338
v -5.366128 0.890992 -1.919768
v -5.063394 0.962676 -1.781207
v -5.074898 1.042901 -1.850564
v -4.749812 1.095098 -1.786531
v -4.761085 1.010622 -1.722156
v -4.689725 -1.100873 -2.137250
v -4.976995 -0.980041 -2.280222
v -4.674910 -1.031517 -2.220836
v -5.014564 -1.046000 -2.201614
v -5.247368 -0.831003 -2.344256
v -5.305025 -0.887151 -2.271447
v -5.460590 -0.598248 -2.401964
v -5.596841 0.346887 -2.442359
v -5.459975 0.640310 -2.401934
v -5.533602 0.681414 -2.335062
v -5.303947 0.929068 -2.271372
v -5.246082 0.872649 -2.344082
v -5.012925 1.087520 -2.201460
v -4.975438 1.021512 -2.280076
v -4.687889 1.141849 -2.137078
v -4.673187 1.072480 -2.220674
v -4.369099 1.021006 -2.173198
v -4.360683 1.086976 -2.086580
v -4.065109 -0.888146 -2.052947
v -4.362365 -1.046528 -2.086713
v -4.370739 -0.980548 -2.173353
v -4.976995 -0.980041 -2.280222
v -4.895195 -0.726490 -2.291947
v -4.669890 -0.765095 -2.248738
v -4.674910 -1.031517 -2.220836
v -5.247368 -0.831003 -2.344256
v -5.097431 -0.614994 -2.336567
v -5.460590 -0.598248 -2.401964
v -5.257241 -0.441140 -2.376067
v -5.596841 0.346887 -2.442359
v -5.256568 0.482991 -2.375977
v -5.459975 0.640310 -2.401934
v -5.096521 0.656653 -2.336482
v -5.246082 0.872649 -2.344082
v -4.893980 0.767828 -2.291832
v -4.975438 1.021512 -2.280076
v -4.668533 0.805866 -2.248585
v -4.673187 1.072480 -2.220674
v -4.369099 1.021006 -2.173198
v -4.442050 0.767451 -2.212166
v -4.093015 0.871737 -2.140848
v -4.236478 0.655935 -2.184937
v -4.370739 -0.980548 -2.173353
v -4.680110 -0.648953 -2.189681
v -4.873681 -0.616055 -2.226278
v -5.047570 -0.520950 -2.263465
v -5.185100 -0.372884 -2.295997
v -5.184571 0.414470 -2.295948
v -5.046775 0.562529 -2.263391
v -4.872721 0.657358 -2.226214
v -4.679013 0.689922 -2.189579
v -4.484468 0.657035 -2.157751
v -4.485579 -0.616400 -2.157881
v -4.806398 -0.446622 -2.298508
v -4.680110 -0.648953 -2.189681
v -4.873681 -0.616055 -2.226278
v -4.665631 -0.470757 -2.272225
v -4.933203 -0.376800 -2.324320
v -5.047570 -0.520950 -2.263465
v -5.185100 -0.372884 -2.295997
v -5.033416 -0.268053 -2.346539
v -5.184571 0.414470 -2.295948
v -4.932513 0.418027 -2.324229
v -5.046775 0.562529 -2.263391
v -4.872721 0.657358 -2.226214
v -4.805707 0.487645 -2.298470
v -4.679013 0.689922 -2.189579
v -4.664754 0.511530 -2.272117
v -4.484468 0.657035 -2.157751
v -4.523202 0.487402 -2.248645
v -4.308227 0.561907 -2.133188
v -4.485579 -0.616400 -2.157881
v -4.744111 -0.268812 -2.334388
v -4.657047 -0.283831 -2.318598
v -4.822400 -0.225532 -2.349534
v -4.884308 -0.158252 -2.362190
v -4.743711 0.309737 -2.334378
v -4.656550 0.324603 -2.318552
v -4.569592 0.309592 -2.303793
v -4.569996 -0.268959 -2.303804
v -5.239852 2.406844 -0.419973
v -5.262833 2.448314 -0.096282
v -5.179708 1.956925 -1.318544
v -5.367003 2.173135 -1.099411
v -5.199737 2.157544 -1.064014
v -5.347007 1.971259 -1.359102
v -5.323749 1.421478 -1.674456
v -5.166005 1.697591 -1.507958
v -5.155082 1.408783 -1.626271
v -5.334012 1.710898 -1.555499
v -5.367003 2.173135 -1.099411
v -5.413716 2.095613 -1.053713
v -5.347007 1.971259 -1.359102
v -5.396101 1.906691 -1.295776
v -5.334012 1.710898 -1.555499
v -5.384972 1.662714 -1.479562
v -5.323749 1.421478 -1.674456
v -5.376303 1.389297 -1.591586
v -5.310166 1.042850 -1.778899
v -5.363813 1.023993 -1.694429
v -5.309981 0.678774 -1.839243
v -5.363890 0.669184 -1.753874
v -5.377196 0.300765 -1.777704
v -5.310166 1.042850 -1.778899
v -5.139907 1.033508 -1.731588
v -5.309981 0.678774 -1.839243
v -5.137884 0.674596 -1.792619
v -5.227933 2.496306 -0.097168
v -4.358999 2.437807 -0.328759
v -5.202644 2.452522 -0.428862
v -4.397488 2.468309 -0.021110
v -4.198405 1.670702 -1.361273
v -5.112369 1.424052 -1.665397
v -4.161414 1.374176 -1.474569
v -5.328412 0.020799 -1.871109
v -5.321603 1.959380 1.242708
v -4.540883 1.727901 1.347948
v -4.429611 2.454209 0.273989
v -5.259247 2.471406 0.245375
v -4.461740 2.393051 0.567159
v -5.286789 2.395780 0.576877
v -5.184146 2.345859 -0.772310
v -4.314452 2.333395 -0.655838
v -5.097378 1.044155 -1.772493
v -4.135041 1.005297 -1.580423
v -5.095624 0.679388 -1.834796
v -4.112624 0.659724 -1.644501
v -4.493016 2.288079 0.812688
v -5.413716 2.095613 -1.053713
v -5.396101 1.906691 -1.295776
v -5.384972 1.662714 -1.479562
v -5.376303 1.389297 -1.591586
v -5.363813 1.023993 -1.694429
v -5.363890 0.669184 -1.753874
v -5.377196 0.300765 -1.777704
v -5.382123 0.020804 -1.786271
v -3.897592 0.963324 -1.393456
v -4.429417 2.343568 0.556737
v -4.461740 2.393051 0.567159
v -4.398031 2.403177 0.272926
v -4.429611 2.454209 0.273989
v -4.369612 2.417973 -0.013255
v -4.397488 2.468309 -0.021110
v -4.333695 2.387072 -0.312323
v -4.358999 2.437807 -0.328759
v -4.291318 2.284671 -0.632426
v -4.314452 2.333395 -0.655838
v -5.151126 0.302691 -1.816120
v -5.137884 0.674596 -1.792619
v -5.095624 0.679388 -1.834796
v -5.139907 1.033508 -1.731588
v -5.097378 1.044155 -1.772493
v -5.155082 1.408783 -1.626271
v -5.112369 1.424052 -1.665397
v -5.166005 1.697591 -1.507958
v -5.123890 1.718933 -1.544970
v -5.179708 1.956925 -1.318544
v -5.138933 1.988023 -1.349843
v -5.160727 2.197354 -1.086063
v -5.199737 2.157544 -1.064014
v -5.222250 2.302315 -0.757729
v -5.184146 2.345859 -0.772310
v -5.239852 2.406844 -0.419973
v -5.202644 2.452522 -0.428862
v -5.262833 2.448314 -0.096282
v -5.227933 2.496306 -0.097168
v -5.292191 2.422703 0.236658
v -5.259247 2.471406 0.245375
v -5.319116 2.349069 0.559631
v -5.286789 2.395780 0.576877
v -5.336426 2.244128 0.815005
v -5.303917 2.287355 0.839566
v -5.410407 -2.385079 -0.446133
v -5.182489 -1.915459 -1.318804
v -5.370086 -2.131252 -1.099699
v -5.349484 -1.929370 -1.359322
v -5.202921 -2.115867 -1.064304
v -5.335971 -1.669210 -1.555666
v -5.168375 -1.656150 -1.508195
v -5.325448 -1.379848 -1.674631
v -5.156950 -1.367318 -1.626446
v -5.392903 -2.279572 -0.788656
v -5.439023 -2.193998 -0.761076
v -5.370086 -2.131252 -1.099699
v -5.416564 -2.053864 -1.053979
v -5.349484 -1.929370 -1.359322
v -5.398530 -1.864999 -1.296013
v -5.335971 -1.669210 -1.555666
v -5.386708 -1.621001 -1.479711
v -5.325448 -1.379848 -1.674631
v -5.377864 -1.347458 -1.591746
v -5.311343 -1.001026 -1.779009
v -5.364836 -0.982154 -1.694525
v -5.310527 -0.636983 -1.839275
v -5.364316 -0.627352 -1.753878
v -5.392903 -2.279572 -0.788656
v -5.225975 -2.260850 -0.758077
v -5.311343 -1.001026 -1.779009
v -5.141292 -0.992069 -1.731736
v -5.138586 -0.633152 -1.792684
v -5.310527 -0.636983 -1.839275
v -5.141818 -1.946610 -1.350112
v -5.151327 -0.261239 -1.816119
v -5.323402 -0.262857 -1.863083
v -5.439023 -2.193998 -0.761076
v -5.416564 -2.053864 -1.053979
v -5.398530 -1.864999 -1.296013
v -5.386708 -1.621001 -1.479711
v -5.377864 -1.347458 -1.591746
v -5.364836 -0.982154 -1.694525
v -5.364316 -0.627352 -1.753878
v -5.377287 -0.259117 -1.777713
v -3.938742 -0.923904 -1.387370
v -3.981668 -1.275384 -1.278430
v -4.019303 -1.551071 -1.169149
v -4.043896 -1.816056 -1.027115
v -5.138586 -0.633152 -1.792684
v -5.096274 -0.637975 -1.834838
v -5.141292 -0.992069 -1.731736
v -5.098654 -1.002557 -1.772595
v -5.114381 -1.382483 -1.665601
v -5.156950 -1.367318 -1.626446
v -5.168375 -1.656150 -1.508195
v -5.126191 -1.677314 -1.545171
v -5.182489 -1.915459 -1.318804
v -5.141818 -1.946610 -1.350112
v -5.202921 -2.115867 -1.064304
v -5.164110 -2.155766 -1.086379
v -5.225975 -2.260850 -0.758077
v -5.187954 -2.304276 -0.772664
v -5.243842 -2.365439 -0.420341
v -4.717477 1.005387 1.957620
v -4.776369 0.867762 1.926814
v -4.945862 1.048042 1.984086
v -4.954471 0.900969 1.947798
v -4.647314 0.786574 1.895006
v -4.789488 0.817428 1.955236
v -4.776369 0.867762 1.926814
v -4.703843 1.138168 1.633706
v -4.703843 1.138168 1.633706
vn 0.9197 0.3482 0.1815
vn 0.8249 0.5353 0.1815
vn 0.9510 0.2541 0.1759
vn 0.9843 -0.0008 0.1768
vn 0.9848 -0.0008 0.1738
vn 0.9506 -0.2556 0.1760
vn 0.9191 -0.3497 0.1818
vn 0.8241 -0.5366 0.1815
vn 0.7648 -0.6158 0.1896
vn -0.1687 -0.0342 0.9851
vn -0.1582 -0.0569 0.9858
vn -0.1736 -0.0000 0.9848
vn -0.1735 0.0001 0.9848
vn 0.5228 0.2208 0.8233
vn 0.4588 0.3358 0.8226
vn 0.4095 0.3869 0.8262
vn 0.5706 -0.0005 0.8212
vn 0.5494 0.1590 0.8203
vn 0.5727 -0.0005 0.8198
vn 0.5493 -0.1601 0.8201
vn 0.5228 -0.2218 0.8231
vn 0.7761 0.2734 -0.5683
vn 0.7086 0.4130 -0.5722
vn 0.6665 0.4825 -0.5683
vn 0.8214 -0.0006 -0.5704
vn 0.7971 0.1951 -0.5714
vn 0.8195 -0.0006 -0.5730
vn 0.7967 -0.1963 -0.5716
vn 0.7754 -0.2745 -0.5686
vn 0.7078 -0.4139 -0.5725
vn 0.1757 0.0386 -0.9837
vn -0.0532 -0.1210 -0.9912
vn 0.1749 0.0686 -0.9822
vn 0.1753 -0.0001 -0.9845
vn -0.0979 -0.0724 -0.9926
vn -0.0978 0.0726 -0.9925
vn -0.2152 0.0002 -0.9766
vn 0.1756 -0.0388 -0.9837
vn -0.0528 0.1214 -0.9912
vn 0.2223 0.0499 -0.9737
vn 0.2242 0.1112 -0.9682
vn 0.2212 0.0312 -0.9747
vn 0.2216 -0.0001 -0.9751
vn 0.2231 -0.0001 -0.9748
vn 0.9231 -0.0008 -0.3844
vn 0.9270 0.0394 -0.3730
vn 0.9239 0.0270 -0.3816
vn 0.9208 -0.0008 -0.3900
vn 0.1883 -0.0001 -0.9821
vn 0.1887 0.0388 -0.9813
vn 0.1871 0.0390 -0.9816
vn 0.1000 0.0826 0.9916
vn 0.0846 0.1707 0.9817
vn 0.0912 0.1741 0.9805
vn 0.9946 -0.0008 0.1039
vn 0.9918 0.0001 0.1280
vn 0.9943 -0.0069 0.1060
vn 0.8929 0.0395 0.4485
vn 0.8909 0.0597 0.4504
vn 0.8909 0.0404 0.4524
vn 0.9428 0.0337 -0.3316
vn 0.9431 0.0834 -0.3218
vn 0.9423 0.0217 -0.3341
vn 0.9422 -0.0007 -0.3351
vn 0.9415 -0.0007 -0.3371
vn 0.1031 -0.0514 0.9933
vn 0.1046 -0.0544 0.9930
vn 0.0991 -0.0530 0.9937
vn 0.2222 -0.0501 -0.9737
vn 0.2240 -0.1257 -0.9665
vn 0.2357 -0.1662 -0.9575
vn 0.2212 -0.0314 -0.9747
vn 0.9238 -0.0504 -0.3796
vn 0.9319 -0.0599 -0.3576
vn 0.8229 -0.0282 0.5675
vn 0.8208 0.0004 0.5712
vn 0.8249 -0.0272 0.5647
vn 0.0817 -0.0600 0.9949
vn 0.0815 -0.0758 0.9938
vn 0.0810 -0.1465 0.9859
vn 0.0783 -0.0503 0.9957
vn 0.0806 -0.0462 0.9957
vn 0.9928 0.0367 0.1143
vn 0.8933 -0.0207 0.4490
vn 0.8922 -0.0311 0.4505
vn 0.8930 -0.0307 0.4490
vn 0.8936 -0.0207 0.4483
vn 0.8904 -0.0432 0.4532
vn 0.9423 -0.0233 -0.3341
vn 0.9427 -0.0352 -0.3317
vn 0.9437 -0.0850 -0.3196
vn 0.0717 -0.2766 0.9583
vn 0.0732 -0.2564 0.9638
vn 0.0755 -0.2605 0.9625
vn 0.0813 -0.2863 0.9547
vn 0.0822 -0.2934 0.9525
vn 0.0772 -0.2952 0.9523
vn 0.0950 -0.2814 0.9549
vn 0.7931 -0.1067 0.5997
vn 0.7193 0.0291 0.6941
vn 0.7684 -0.1002 0.6321
vn 0.8256 -0.1826 0.5339
vn 0.8802 -0.1739 0.4417
vn 0.9757 -0.0970 -0.1963
vn 0.9689 -0.0601 0.2401
vn 0.9755 -0.2120 -0.0591
vn 0.5789 -0.2840 -0.7644
vn 0.5336 -0.2105 -0.8191
vn 0.7657 0.6145 0.1898
vn 0.5747 0.7969 0.1863
vn 0.5735 -0.7978 0.1859
vn 0.3427 -0.9236 0.1718
vn 0.5811 -0.7919 0.1876
vn -0.1525 -0.0647 0.9862
vn -0.1686 0.0343 0.9851
vn -0.1581 0.0569 0.9858
vn -0.1524 0.0647 0.9862
vn 0.3092 0.4792 0.8215
vn 0.2441 0.5147 0.8219
vn 0.4587 -0.3369 0.8223
vn 0.4092 -0.3878 0.8259
vn 0.3086 -0.4799 0.8213
vn 0.2430 -0.5151 0.8220
vn 0.0413 -0.5921 0.8048
vn 0.1146 -0.5747 0.8103
vn 0.5314 0.6209 -0.5763
vn 0.5302 0.6226 -0.5755
vn 0.6658 -0.4836 -0.5682
vn 0.5306 -0.6219 -0.5760
vn 0.1748 -0.0686 -0.9822
vn 0.0366 0.1052 -0.9938
vn 0.1729 -0.0902 -0.9808
vn -0.3986 0.0003 -0.9171
vn -0.3812 -0.1191 -0.9168
vn -0.3812 0.1198 -0.9167
vn 0.5372 -0.0003 -0.8435
vn 0.4462 0.0983 -0.8895
vn 0.5122 0.1521 -0.8453
vn 0.4460 -0.0989 -0.8895
vn 0.4324 -0.0003 -0.9017
vn 0.3142 0.0476 -0.9482
vn 0.3141 -0.0480 -0.9482
vn 0.3049 -0.0002 -0.9524
vn 0.0126 0.4582 0.8888
vn 0.0291 0.3615 0.9319
vn 0.0034 0.4969 0.8678
vn 0.1518 0.8580 -0.4907
vn 0.1260 0.9254 -0.3574
vn 0.1232 0.9390 -0.3211
vn 0.2112 0.6088 -0.7647
vn 0.1674 0.7868 -0.5941
vn 0.2454 0.4531 -0.8570
vn 0.2553 0.4122 -0.8746
vn 0.2061 0.6104 -0.7648
vn 0.2485 0.3466 -0.9045
vn 0.2426 0.3202 -0.9158
vn 0.2327 0.2578 -0.9378
vn 0.2275 0.2290 -0.9465
vn 0.2274 0.1525 -0.9618
vn 0.1049 0.9683 -0.2266
vn 0.0843 0.9826 -0.1656
vn -0.0269 0.8922 0.4508
vn -0.0248 0.9435 0.3306
vn -0.0191 0.8652 0.5011
vn 0.0019 0.6373 0.7706
vn -0.0036 0.7395 0.6732
vn 0.0026 0.5902 0.8072
vn -0.0131 0.7867 0.6172
vn 0.9331 0.1085 -0.3428
vn 0.9280 0.0868 -0.3622
vn 0.9450 0.1495 -0.2908
vn 0.9500 0.1548 -0.2712
vn 0.9613 0.1748 -0.2129
vn 0.9591 0.1963 -0.2041
vn 0.9524 0.2207 -0.2104
vn 0.9482 0.2362 -0.2123
vn 0.9401 0.2783 -0.1970
vn 0.9202 0.3590 -0.1564
vn 0.9416 0.2757 -0.1931
vn 0.8903 0.4497 -0.0721
vn 0.9090 0.3996 -0.1183
vn 0.8900 0.4534 -0.0482
vn 0.8792 0.4763 -0.0118
vn 0.8816 0.4717 0.0191
vn 0.8706 0.4885 0.0590
vn 0.8703 0.4863 0.0774
vn 0.8578 0.4971 0.1305
vn 0.8491 0.5038 0.1589
vn 0.8285 0.5081 0.2355
vn 0.8209 0.5040 0.2686
vn 0.8073 0.4839 0.3377
vn 0.8048 0.4741 0.3571
vn 0.7929 0.4434 0.4180
vn 0.7862 0.4268 0.4469
vn 0.7671 0.3502 0.5376
vn 0.7755 0.3703 0.5114
vn 0.7529 0.2817 0.5947
vn 0.7624 0.2761 0.5852
vn 0.7884 0.1744 0.5900
vn 0.7951 0.1719 0.5817
vn 0.0597 0.3619 0.9303
vn 0.0588 0.3779 0.9240
vn 0.0735 0.2213 0.9724
vn 0.0812 0.1506 0.9852
vn 0.0809 0.0925 0.9924
vn 0.0838 0.0873 0.9926
vn 0.0439 0.4639 0.8848
vn 0.0399 0.9987 -0.0328
vn 0.0404 0.9983 -0.0418
vn -0.0226 0.9632 0.2677
vn -0.0151 0.9884 0.1509
vn 0.0018 0.9954 0.0960
vn 0.9916 0.0037 0.1290
vn 0.9919 0.0021 0.1272
vn 0.9921 0.0028 0.1253
vn 0.9950 0.0020 0.1003
vn 0.9960 0.0014 0.0894
vn 0.9945 -0.0016 0.1046
vn 0.9950 0.0012 0.1000
vn 0.9967 0.0087 0.0803
vn 0.9965 0.0063 0.0831
vn 0.9955 -0.0010 0.0952
vn 0.9946 -0.0080 0.1039
vn 0.8856 0.0861 0.4565
vn 0.8576 0.1560 0.4901
vn 0.8502 0.1840 0.4933
vn 0.8721 0.1962 0.4483
vn 0.8667 0.2110 0.4520
vn 0.8555 0.2653 0.4447
vn 0.8639 0.3340 0.3769
vn 0.8515 0.2984 0.4312
vn 0.9386 0.2370 -0.2506
vn 0.9428 0.1957 -0.2699
vn 0.9371 0.2395 -0.2540
vn 0.9448 0.1416 -0.2954
vn 0.9435 0.1740 -0.2820
vn 0.9426 0.1313 -0.3071
vn 0.9419 0.0831 -0.3256
vn 0.0986 -0.0674 0.9928
vn 0.0226 -0.4516 0.8919
vn 0.0290 -0.3560 0.9340
vn 0.0483 -0.3020 0.9521
vn 0.1231 -0.9240 -0.3621
vn 0.1472 -0.8562 -0.4952
vn 0.1209 -0.9378 -0.3255
vn 0.2140 -0.6099 -0.7630
vn 0.1619 -0.7839 -0.5995
vn 0.2092 -0.6114 -0.7632
vn 0.2607 -0.4576 -0.8501
vn 0.2769 -0.4146 -0.8668
vn 0.2868 -0.3610 -0.8874
vn 0.2888 -0.2724 -0.9178
vn 0.2885 -0.3321 -0.8980
vn 0.2777 -0.2447 -0.9290
vn -0.0178 -0.9433 0.3316
vn -0.0165 -0.8919 0.4519
vn -0.0076 -0.8651 0.5015
vn -0.0170 -0.9627 0.2700
vn -0.0010 -0.7852 0.6193
vn 0.0086 -0.7375 0.6753
vn 0.0143 -0.6350 0.7724
vn 0.0147 -0.5869 0.8095
vn 0.0164 -0.4936 0.8695
vn 0.9762 -0.1281 -0.1751
vn 0.9733 -0.1072 -0.2030
vn 0.9675 -0.1776 -0.1801
vn 0.9668 -0.1870 -0.1742
vn 0.9588 -0.1919 -0.2093
vn 0.9552 -0.2132 -0.2054
vn 0.9593 -0.1970 -0.2021
vn 0.9558 -0.2120 -0.2039
vn 0.9429 -0.2589 -0.2097
vn 0.9419 -0.2604 -0.2121
vn 0.8708 -0.4909 0.0289
vn 0.8804 -0.4722 -0.0448
vn 0.8834 -0.4685 -0.0143
vn 0.8705 -0.4899 0.0471
vn 0.8560 -0.5063 0.1043
vn 0.8473 -0.5142 0.1331
vn 0.8259 -0.5213 0.2149
vn 0.8184 -0.5183 0.2484
vn 0.8031 -0.5001 0.3239
vn 0.8005 -0.4909 0.3439
vn 0.7893 -0.4547 0.4126
vn 0.7828 -0.4380 0.4420
vn 0.7712 -0.3738 0.5152
vn 0.7617 -0.3552 0.5419
vn 0.7472 -0.2811 0.6022
vn 0.7368 -0.1821 0.6511
vn 0.7404 -0.2881 0.6073
vn 0.7520 -0.0745 0.6549
vn 0.7379 -0.1806 0.6503
vn 0.8129 -0.0081 0.5823
vn 0.7581 -0.0437 0.6507
vn 0.0716 -0.2197 0.9729
vn 0.0536 -0.3570 0.9326
vn 0.0526 -0.3781 0.9243
vn 0.0419 -0.9841 -0.1725
vn 0.0262 -0.9993 -0.0255
vn 0.0454 -0.9692 -0.2420
vn 0.0293 -0.4865 0.8732
vn 0.0280 -0.5792 0.8147
vn 0.0271 -0.6337 0.7731
vn 0.0352 -0.4631 0.8856
vn 0.0006 -0.9611 0.2762
vn 0.0059 -0.9859 0.1672
vn 0.0127 -0.9935 0.1127
vn 0.0309 -0.9993 -0.0208
vn 0.0595 -0.9416 -0.3315
vn 0.2057 -0.3226 -0.9239
vn 0.2034 -0.2437 -0.9483
vn 0.1960 -0.2227 -0.9550
vn 0.1936 -0.1378 -0.9713
vn 0.1896 -0.1044 -0.9763
vn 0.1887 -0.0388 -0.9813
vn 0.1870 -0.0393 -0.9816
vn 0.0227 -0.7478 0.6635
vn 0.0156 -0.7976 0.6030
vn 0.0623 -0.1678 0.9839
vn 0.0618 -0.1668 0.9840
vn 0.0416 -0.9985 -0.0347
vn 0.0835 -0.9821 -0.1688
vn 0.0410 -0.9982 -0.0429
vn -0.0094 -0.9884 0.1517
vn 0.0067 -0.9953 0.0961
vn 0.9979 0.0011 0.0647
vn 0.9984 0.0018 0.0562
vn 0.9974 0.0049 0.0726
vn 0.9975 0.0030 0.0701
vn 0.9985 -0.0028 0.0548
vn 0.9980 0.0024 0.0631
vn 0.9968 0.0117 0.0788
vn 0.9954 0.0248 0.0927
vn 0.8843 -0.0702 0.4616
vn 0.8275 -0.1427 0.5429
vn 0.8167 -0.1731 0.5505
vn 0.8076 -0.2331 0.5416
vn 0.8003 -0.2478 0.5459
vn 0.8052 -0.3100 0.5056
vn 0.8011 -0.3426 0.4907
vn 0.8107 -0.4041 0.4237
vn 0.8036 -0.4384 0.4025
vn 0.8030 -0.4985 0.3268
vn 0.8111 -0.4747 0.3417
vn 0.8134 -0.5189 0.2627
vn 0.8114 -0.5368 0.2312
vn 0.8364 -0.5332 0.1266
vn 0.8304 -0.5346 0.1567
vn 0.8573 -0.5100 0.0700
vn 0.8679 -0.4940 0.0531
vn 0.8880 -0.4598 0.0088
vn 0.8967 -0.4423 -0.0180
vn 0.9110 -0.4091 -0.0512
vn 0.9140 -0.3999 -0.0685
vn 0.9648 -0.2017 -0.1686
vn 0.9582 -0.2188 -0.1844
vn 0.9665 -0.1802 -0.1829
vn 0.9575 -0.1576 -0.2415
vn 0.9548 -0.1470 -0.2584
vn 0.9417 -0.0847 -0.3256
vn 0.6260 0.5581 0.5447
vn 0.4313 0.7913 0.4334
vn 0.3391 0.6990 0.6297
vn 0.6561 0.6206 0.4295
vn 0.8724 0.3964 0.2860
vn 0.8561 0.2132 0.4707
vn 0.3928 0.5098 0.7654
vn 0.6001 0.3795 0.7042
vn 0.7471 0.1320 0.6515
vn 0.7945 -0.0873 0.6009
vn 0.9163 -0.0499 0.3973
vn 0.7886 -0.1877 0.5856
vn 0.9431 -0.0973 0.3178
vn 0.0959 -0.2880 0.9528
vn -0.1160 0.0687 -0.9909
vn -0.1145 0.0727 -0.9908
vn -0.0757 0.0479 -0.9960
vn 0.4273 0.7392 -0.5206
vn 0.5136 0.6824 -0.5202
vn 0.4043 0.7600 -0.5089
vn 0.2729 0.8233 -0.4977
vn 0.9770 0.0825 0.1969
vn 0.9746 0.0864 -0.2065
vn 0.9721 0.2199 -0.0821
vn 0.3174 -0.8578 0.4042
vn 0.0265 -0.9214 0.3877
vn 0.0895 -0.9960 0.0032
vn 0.6987 -0.6170 0.3621
vn 0.4675 -0.8825 0.0519
vn 0.7148 -0.6986 0.0305
vn 0.8737 -0.4736 -0.1111
vn 0.9089 -0.2961 0.2938
vn 0.9834 -0.0301 0.1790
vn 0.1649 -0.3104 -0.9362
vn -0.2221 -0.3188 -0.9214
vn -0.2210 -0.2133 -0.9517
vn 0.1631 -0.3416 -0.9256
vn 0.1636 -0.3245 -0.9316
vn 0.4273 -0.6536 -0.6246
vn 0.5682 -0.8158 -0.1076
vn 0.0409 -0.9707 -0.2368
vn 0.6429 -0.1071 -0.7585
vn 0.8740 -0.4007 -0.2750
vn 0.7995 -0.5915 0.1043
vn 0.2856 -0.9479 0.1408
vn -0.3184 -0.9474 0.0338
vn 0.3346 -0.8771 -0.3445
vn 0.1343 -0.9035 -0.4070
vn 0.6378 -0.6994 -0.3226
vn 0.7733 -0.4763 -0.4186
vn -0.9253 -0.3512 -0.1428
vn -0.8406 -0.5300 -0.1119
vn -0.7810 -0.6191 -0.0822
vn -0.9853 0.0004 -0.1706
vn -0.9551 -0.2494 -0.1602
vn -0.9847 0.0006 -0.1741
vn -0.9548 0.2503 -0.1603
vn 0.3441 0.9230 0.1723
vn 0.2378 0.9571 0.1657
vn -0.1883 0.0569 0.9805
vn -0.1940 0.0646 0.9789
vn -0.1785 0.0341 0.9834
vn -0.1585 -0.0627 0.9854
vn -0.1584 0.0629 0.9854
vn -0.7736 -0.2209 0.5939
vn -0.6688 -0.3866 0.6350
vn -0.7120 -0.3388 0.6150
vn -0.7963 -0.1609 0.5831
vn -0.8170 0.0002 0.5766
vn -0.8185 0.0002 0.5746
vn -0.7962 0.1614 0.5831
vn -0.7734 0.2213 0.5941
vn 0.1159 0.5748 0.8100
vn 0.0426 0.5924 0.8045
vn -0.1012 -0.6129 0.7837
vn -0.5350 -0.2730 -0.7995
vn -0.4686 -0.4155 -0.7796
vn -0.5528 -0.1965 -0.8098
vn -0.5730 0.0003 -0.8195
vn -0.5766 0.0004 -0.8170
vn -0.5532 0.1972 -0.8094
vn 0.1713 -0.0000 -0.9852
vn 0.4311 0.0720 -0.8994
vn 0.1714 -0.0387 -0.9844
vn 0.5360 -0.0003 -0.8442
vn 0.4311 -0.0725 -0.8994
vn 0.6717 0.1189 -0.7313
vn 0.6716 -0.1199 -0.7311
vn 0.6891 -0.0005 -0.7247
vn -0.3119 -0.2504 -0.9165
vn -0.1726 -0.3708 -0.9125
vn -0.3115 0.2513 -0.9164
vn 0.0669 0.1745 -0.9824
vn -0.1719 0.3714 -0.9124
vn -0.2169 0.0002 -0.9762
vn -0.1152 -0.0978 -0.9885
vn -0.1930 -0.1523 -0.9693
vn -0.1151 0.0983 -0.9885
vn -0.0978 -0.0000 -0.9952
vn -0.1928 0.1529 -0.9692
vn 0.4525 0.2681 -0.8505
vn 0.4054 0.1915 -0.8939
vn 0.3410 0.2674 -0.9012
vn 0.5120 -0.1528 -0.8453
vn 0.4051 -0.1920 -0.8939
vn 0.4521 -0.2688 -0.8505
vn 0.3406 -0.2679 -0.9012
vn 0.3632 -0.3588 -0.8599
vn 0.2584 -0.3177 -0.9123
vn 0.0393 -0.0001 -0.9992
vn 0.0291 -0.0472 -0.9985
vn 0.0292 0.0473 -0.9985
vn 0.0494 0.0978 -0.9940
vn -0.0749 0.1926 -0.9784
vn 0.2940 0.0979 -0.9508
vn 0.2622 0.1374 -0.9552
vn 0.2938 -0.0983 -0.9508
vn 0.2620 -0.1376 -0.9552
vn 0.1736 -0.0001 -0.9848
vn 0.0811 0.1382 -0.9871
vn 0.1019 0.3534 0.9299
vn 0.1065 0.2347 0.9662
vn 0.1112 0.1655 0.9799
vn 0.0903 0.4082 0.9084
vn 0.0548 0.3123 0.9484
vn 0.1097 0.0982 0.9891
vn 0.1117 0.0974 0.9890
vn 0.0829 0.4765 0.8753
vn 0.0823 0.4923 0.8665
vn 0.0845 0.5678 0.8188
vn 0.0871 0.6240 0.7765
vn 0.0922 0.9957 -0.0096
vn 0.0443 0.9821 0.1829
vn 0.0573 0.9891 0.1357
vn 0.0472 0.9430 0.3293
vn 0.0434 0.9594 0.2785
vn 0.7776 0.0991 0.6208
vn 0.7804 0.0704 0.6213
vn 0.8115 0.0290 0.5836
vn 0.8205 0.0243 0.5711
vn -0.8735 0.0596 0.4832
vn -0.8705 0.1077 0.4802
vn -0.8741 0.0593 0.4822
vn -0.8731 0.1077 0.4755
vn -0.8632 0.1840 0.4701
vn -0.8542 0.2134 0.4742
vn -0.8463 0.2543 0.4680
vn -0.8440 0.2540 0.4724
vn -0.8441 0.3076 0.4392
vn -0.8463 0.3432 0.4074
vn -0.8515 0.4299 0.3004
vn -0.8549 0.4282 0.2931
vn -0.8585 0.4779 0.1858
vn -0.8701 0.4702 0.1475
vn -0.8737 0.4768 0.0968
vn -0.8821 0.4675 0.0575
vn -0.8870 0.4617 -0.0088
vn -0.8850 0.4657 -0.0043
vn -0.8862 0.4568 -0.0767
vn -0.8867 0.4561 -0.0759
vn -0.8837 0.4478 -0.1364
vn -0.8852 0.4374 -0.1584
vn -0.8841 0.4203 -0.2041
vn -0.8864 0.4029 -0.2282
vn -0.8456 0.0001 -0.5339
vn -0.8457 0.0477 -0.5315
vn -0.8449 0.0001 -0.5349
vn 0.1513 0.9629 -0.2233
vn 0.1651 0.9306 -0.3267
vn 0.1694 0.9135 -0.3699
vn 0.1465 0.6538 -0.7423
vn 0.1434 0.6901 -0.7093
vn 0.0990 0.8081 -0.5806
vn 0.0781 0.8549 -0.5129
vn 0.1831 0.4919 -0.8512
vn 0.2655 -0.0000 -0.9641
vn 0.2645 0.0315 -0.9639
vn 0.2630 0.0412 -0.9639
vn 0.0526 0.9037 0.4248
vn 0.0627 0.8832 0.4648
vn 0.0761 0.7776 0.6241
vn 0.0804 0.7788 0.6221
vn 0.0273 0.7988 0.6010
vn 0.0189 0.8760 0.4820
vn 0.0337 0.7467 0.6643
vn 0.0394 0.6355 0.7711
vn 0.1079 0.0795 0.9910
vn -0.9976 -0.0003 -0.0692
vn -0.9978 0.0006 -0.0656
vn -0.9977 0.0001 -0.0677
vn -0.9979 -0.0060 -0.0646
vn -0.9983 -0.0233 -0.0537
vn -0.9984 -0.0313 -0.0463
vn -0.9982 -0.0274 -0.0526
vn -0.9973 -0.0154 -0.0724
vn -0.9965 -0.0093 -0.0837
vn -0.9960 -0.0079 -0.0885
vn -0.9955 -0.0064 -0.0944
vn -0.9963 -0.0062 -0.0856
vn -0.9979 -0.0048 -0.0652
vn -0.9980 -0.0057 -0.0627
vn 0.9826 -0.0009 0.1858
vn 0.9823 0.0135 0.1867
vn 0.9807 0.0316 0.1928
vn 0.9782 0.0486 0.2020
vn 0.9815 0.0391 0.1876
vn 0.9878 0.0170 0.1545
vn 0.9942 -0.0119 0.1073
vn 0.8516 0.4091 0.3278
vn 0.8578 0.3691 0.3578
vn 0.8427 0.4365 0.3153
vn 0.9245 0.3174 -0.2111
vn 0.9136 0.3843 -0.1329
vn 0.9150 0.3817 -0.1309
vn 0.9304 0.2878 -0.2271
vn -0.7116 0.0005 -0.7026
vn -0.7098 0.0506 -0.7026
vn -0.7116 0.0006 -0.7026
vn -0.8235 0.3466 0.4492
vn -0.8258 0.4378 0.3554
vn -0.8309 0.4686 0.3001
vn -0.8143 0.2811 0.5078
vn -0.8238 0.3458 0.4491
vn -0.8148 0.2821 0.5064
vn -0.8097 0.2419 0.5346
vn -0.8027 0.2154 0.5562
vn -0.7961 0.1277 0.5916
vn -0.7980 0.1278 0.5889
vn -0.7928 0.0684 0.6056
vn -0.7902 0.0693 0.6090
vn 0.1017 -0.3536 0.9299
vn 0.1114 -0.1655 0.9799
vn 0.1065 -0.2348 0.9662
vn 0.0900 -0.4086 0.9083
vn 0.1101 -0.0787 0.9908
vn 0.1083 -0.0599 0.9923
vn 0.0904 -0.9959 -0.0097
vn 0.1304 -0.9771 -0.1684
vn 0.0920 -0.9956 -0.0179
vn 0.1034 -0.9675 -0.2309
vn 0.0847 -0.5678 0.8188
vn 0.0824 -0.4924 0.8664
vn 0.0866 -0.6246 0.7761
vn 0.0828 -0.4767 0.8752
vn 0.0418 -0.9823 0.1826
vn 0.0413 -0.9596 0.2783
vn 0.0459 -0.9432 0.3291
vn 0.0552 -0.9892 0.1354
vn 0.9211 -0.3426 -0.1847
vn 0.9113 -0.3845 -0.1474
vn 0.8933 -0.4378 -0.1015
vn 0.8933 -0.4425 -0.0783
vn -0.8740 -0.0299 0.4850
vn -0.8735 -0.0152 0.4865
vn -0.8726 -0.0157 0.4883
vn -0.8743 -0.0446 0.4834
vn -0.8710 -0.1074 0.4794
vn -0.8736 -0.1071 0.4746
vn -0.8638 -0.1831 0.4694
vn -0.8545 -0.2125 0.4740
vn -0.8468 -0.2526 0.4680
vn -0.8441 -0.2527 0.4729
vn -0.8450 -0.3047 0.4394
vn -0.8474 -0.3405 0.4074
vn -0.8558 -0.4256 0.2940
vn -0.8520 -0.4275 0.3022
vn -0.8597 -0.4754 0.1871
vn -0.8716 -0.4673 0.1482
vn -0.8751 -0.4742 0.0968
vn -0.8833 -0.4653 0.0577
vn -0.8855 -0.4645 -0.0040
vn -0.8874 -0.4609 -0.0080
vn -0.8865 -0.4563 -0.0767
vn -0.8867 -0.4562 -0.0758
vn -0.8861 -0.4354 -0.1588
vn -0.8842 -0.4466 -0.1368
vn -0.8459 -0.0470 -0.5313
vn -0.8456 -0.0474 -0.5317
vn 0.1064 -0.0410 0.9935
vn 0.1023 -0.0425 0.9938
vn 0.0846 -0.8568 -0.5086
vn 0.1047 -0.8072 -0.5809
vn 0.1554 -0.6565 -0.7382
vn 0.1944 -0.4911 -0.8491
vn 0.2077 -0.4254 -0.8808
vn 0.2106 -0.3420 -0.9158
vn 0.0518 -0.9039 0.4246
vn 0.0617 -0.8834 0.4645
vn 0.0751 -0.7780 0.6237
vn 0.0785 -0.7795 0.6215
vn 0.0007 -0.9434 0.3317
vn 0.0630 -0.9250 -0.3747
vn 0.1897 -0.0001 -0.9818
vn 0.0021 -0.8965 0.4430
vn 0.0090 -0.8765 0.4813
vn -0.9976 0.0004 -0.0692
vn -0.9979 0.0062 -0.0645
vn -0.9983 0.0242 -0.0531
vn -0.9984 0.0327 -0.0452
vn -0.9983 0.0296 -0.0504
vn -0.9974 0.0179 -0.0699
vn -0.9966 0.0115 -0.0818
vn -0.9961 0.0098 -0.0876
vn -0.9955 0.0081 -0.0940
vn -0.9963 0.0079 -0.0856
vn -0.9978 0.0065 -0.0658
vn 0.9809 -0.0391 0.1906
vn 0.9750 -0.0879 0.2039
vn 0.9960 0.0003 0.0892
vn 0.9960 0.0009 0.0891
vn 0.9962 0.0004 0.0872
vn 0.9922 0.0509 0.1136
vn 0.9321 -0.3430 -0.1160
vn 0.9316 -0.3431 -0.1203
vn 0.9483 -0.2737 -0.1608
vn 0.9538 -0.2448 -0.1740
vn 0.9592 -0.2172 -0.1812
vn -0.7109 -0.0498 -0.7015
vn -0.7120 -0.0497 -0.7004
vn -0.8002 -0.5915 -0.0993
vn -0.7887 -0.5921 -0.1655
vn -0.8144 -0.5765 -0.0662
vn -0.8232 -0.5677 -0.0012
vn -0.8302 -0.5568 0.0266
vn -0.8353 -0.5422 0.0909
vn -0.8353 -0.5349 0.1276
vn -0.8364 -0.5145 0.1890
vn -0.8301 -0.5111 0.2230
vn -0.8311 -0.4674 0.3013
vn -0.8260 -0.4364 0.3568
vn -0.8239 -0.3445 0.4500
vn -0.8241 -0.3439 0.4502
vn -0.8164 -0.2796 0.5053
vn -0.8151 -0.2791 0.5076
vn -0.8098 -0.2410 0.5349
vn -0.8026 -0.2145 0.5567
vn -0.7981 -0.1273 0.5890
vn -0.7964 -0.1271 0.5912
vn -0.7921 -0.0442 0.6087
vn -0.7906 -0.0446 0.6107
vn -0.7908 -0.0204 0.6118
vn -0.7911 -0.0204 0.6113
vn -0.8944 0.3393 0.2915
vn -0.9919 0.1246 0.0254
vn -0.8635 0.2044 0.4610
vn -0.9106 -0.0176 0.4129
vn -0.6149 0.6588 0.4335
vn -0.6295 0.5418 0.5570
vn -0.3547 0.8365 0.4177
vn -0.2637 0.7116 0.6512
vn 0.0577 0.9098 0.4109
vn 0.9921 0.0969 0.0795
vn 0.0687 -0.2927 0.9537
vn 0.0675 -0.3081 0.9489
vn 0.0663 -0.2971 0.9525
vn 0.0659 -0.2869 0.9557
vn 0.0650 -0.2765 0.9588
vn 0.0647 -0.2708 0.9605
vn 0.0644 -0.2670 0.9616
vn 0.0644 -0.2666 0.9617
vn 0.0675 -0.3063 0.9495
vn -0.4384 -0.4336 0.7873
vn 0.0726 -0.7528 0.6542
vn -0.4584 -0.8307 0.3158
vn 0.0549 -0.9887 0.1392
vn -0.8145 -0.4305 0.3890
vn -0.2658 0.1190 0.9567
vn -0.7822 0.0419 0.6216
vn -0.5301 0.5200 0.6698
vn 0.3585 0.1491 0.9215
vn 0.0118 0.6520 0.7581
vn 0.5501 0.5720 0.6084
vn 0.5626 -0.3863 0.7309
vn 0.8395 0.1198 0.5299
vn 0.8902 -0.3496 0.2922
vn 0.5674 -0.7821 0.2574
vn -0.2815 -0.9564 -0.0773
vn 0.3603 -0.9259 -0.1134
vn -0.9576 -0.1074 0.2672
vn -0.7647 -0.6402 0.0729
vn -0.8046 0.4220 0.4177
vn -0.3181 0.8091 0.4942
vn 0.8026 0.4992 0.3265
vn 0.2934 0.8382 0.4597
vn 0.8251 -0.5646 -0.0177
vn 0.9876 -0.0144 0.1561
vn -0.9666 -0.0882 0.2406
vn -0.8175 -0.1676 0.5511
vn -0.7670 -0.0940 0.6347
vn -0.7366 0.0676 0.6729
vn -0.5033 0.3205 0.8025
vn -0.1248 0.4887 0.8635
vn 0.1337 0.5203 0.8434
vn 0.0665 0.7009 0.7101
vn 0.1118 -0.2794 0.9536
vn 0.0901 -0.2728 0.9578
vn 0.0789 -0.2621 0.9618
vn 0.0649 -0.2494 0.9662
vn 0.0640 -0.2627 0.9628
vn 0.0621 -0.2458 0.9673
vn 0.0655 -0.2588 0.9637
vn 0.0637 -0.2891 0.9552
vn 0.0629 -0.2948 0.9535
vn 0.0747 -0.2840 0.9559
vn 0.0709 -0.2810 0.9571
vn 0.0858 -0.2639 0.9607
vn 0.0987 -0.2677 0.9584
vn 0.6769 0.0835 0.7313
vn 0.5769 0.2188 0.7870
vn -0.1567 0.4129 0.8972
vn 0.1207 0.4526 0.8835
vn 0.0537 0.4555 0.8886
vn -0.4715 0.2027 0.8583
vn -0.3865 0.2853 0.8771
vn -0.1565 0.4140 0.8967
vn -0.6124 -0.0179 0.7903
vn -0.5831 0.0524 0.8107
vn -0.6805 -0.1475 0.7177
vn -0.6472 -0.1495 0.7475
vn -0.7174 -0.2075 0.6651
vn -0.7748 -0.2029 0.5987
vn -0.0502 0.0309 -0.9983
vn -0.0560 0.0653 -0.9963
vn -0.0550 0.0552 -0.9970
vn -0.0270 0.0733 -0.9969
vn -0.0646 0.0663 -0.9957
vn -0.0918 0.0180 -0.9956
vn -0.0462 -0.0520 -0.9976
vn -0.0969 -0.0385 -0.9945
vn -0.5920 0.6211 -0.5136
vn -0.4768 0.7115 -0.5162
vn -0.4362 0.7388 -0.5137
vn -0.2897 0.8109 -0.5084
vn -0.2291 0.8357 -0.4990
vn -0.0240 0.8694 -0.4936
vn -0.0277 0.8712 -0.4901
vn -0.8118 0.4266 -0.3988
vn -0.9835 0.1220 -0.1338
vn -0.9042 0.4271 -0.0043
vn -0.7983 0.2071 -0.5656
vn -0.6689 0.7038 -0.2394
vn -0.6679 0.7247 0.1696
vn -0.3335 0.9386 -0.0885
vn -0.2823 0.9033 0.3229
vn 0.0910 0.9958 0.0035
vn 0.0282 0.9212 0.3880
vn 0.3186 0.8571 0.4049
vn 0.4689 0.8817 0.0521
vn 0.6939 0.6252 0.3572
vn 0.7160 0.6975 0.0305
vn 0.8708 0.4769 -0.1194
vn 0.9063 0.3275 0.2671
vn 0.9847 -0.0008 0.1742
vn -0.2212 0.3192 -0.9215
vn 0.1642 0.3245 -0.9315
vn 0.1654 0.3102 -0.9362
vn 0.5792 0.2832 -0.7644
vn -0.2200 0.2139 -0.9517
vn 0.5337 0.2098 -0.8192
vn 0.1637 0.3415 -0.9255
vn 0.1629 0.3517 -0.9218
vn 0.1627 0.3596 -0.9188
vn 0.1624 0.3617 -0.9180
vn 0.1625 0.3631 -0.9175
vn 0.1660 0.3011 -0.9390
vn 0.1689 -0.2340 -0.9575
vn -0.3449 0.1069 -0.9325
vn 0.1189 -0.7247 -0.6788
vn -0.3853 -0.4904 -0.7817
vn -0.7544 -0.1194 -0.6455
vn -0.1880 0.6538 -0.7329
vn -0.7268 0.4009 -0.5577
vn -0.4972 0.8157 -0.2957
vn 0.4286 0.6529 -0.6245
vn 0.0424 0.9707 -0.2365
vn 0.5697 0.8148 -0.1074
vn 0.6429 0.1062 -0.7585
vn 0.8747 0.3992 -0.2750
vn 0.9297 -0.1201 -0.3482
vn 0.6280 -0.4913 -0.6035
vn 0.3976 -0.8222 -0.4073
vn -0.2364 -0.8214 -0.5190
vn -0.7209 -0.4742 -0.5054
vn -0.9240 0.0742 -0.3751
vn -0.7863 0.5922 -0.1763
vn -0.3169 0.9479 0.0340
vn 0.2872 0.9474 0.1411
vn 0.8006 0.5900 0.1045
vn 0.9968 0.0726 -0.0334
vn 0.8496 -0.4755 -0.2281
vn -0.9101 0.0595 -0.4100
vn -0.9848 0.0008 -0.1737
vn -0.5573 0.5319 -0.6376
vn -0.3828 0.7727 -0.5063
vn -0.0758 0.8994 -0.4304
vn 0.1358 0.9033 -0.4069
vn 0.3361 0.8766 -0.3443
vn 0.6389 0.6983 -0.3227
vn 0.7738 0.4750 -0.4191
vn -0.8128 -0.4249 -0.3985
vn -0.9837 -0.1204 -0.1334
vn -0.7992 -0.2055 -0.5649
vn -0.9052 -0.4249 -0.0040
vn -0.6709 -0.7019 -0.2392
vn -0.6696 -0.7230 0.1700
vn -0.3351 -0.9380 -0.0888
vn -0.2840 -0.9027 0.3231
vn 0.1623 -0.3519 -0.9219
vn 0.1621 -0.3601 -0.9187
vn 0.1619 -0.3622 -0.9179
vn 0.1619 -0.3639 -0.9172
vn 0.1655 -0.3011 -0.9391
vn -0.3448 -0.1063 -0.9326
vn 0.1696 0.2339 -0.9574
vn -0.3842 0.4910 -0.7818
vn 0.1205 0.7246 -0.6786
vn -0.7545 0.1203 -0.6452
vn -0.1890 -0.6531 -0.7333
vn -0.7276 -0.3992 -0.5579
vn -0.4987 -0.8145 -0.2964
vn 0.9299 0.1188 -0.3481
vn 0.6289 0.4904 -0.6033
vn -0.2349 0.8220 -0.5188
vn 0.3992 0.8215 -0.4071
vn -0.9244 -0.0726 -0.3744
vn -0.7204 0.4753 -0.5051
vn -0.7878 -0.5900 -0.1767
vn 0.8503 0.4742 -0.2283
vn 0.9967 -0.0742 -0.0334
vn -0.9106 -0.0576 -0.4093
vn -0.9848 0.0008 -0.1736
vn -0.5593 -0.5304 -0.6370
vn -0.3848 -0.7716 -0.5066
vn -0.0765 -0.8989 -0.4314
vn -0.2798 -0.9572 0.0742
vn -0.0228 -0.9919 0.1249
vn -0.0235 -0.9915 0.1282
vn -0.3824 -0.9230 0.0439
vn -0.5600 -0.8285 -0.0040
vn -0.6455 -0.7628 -0.0386
vn -0.9251 0.3516 -0.1436
vn -0.8401 0.5308 -0.1121
vn -0.7804 0.6199 -0.0822
vn -0.6443 0.7638 -0.0381
vn -0.5588 0.8293 -0.0034
vn -0.3808 0.9236 0.0446
vn -0.2785 0.9576 0.0742
vn -0.0214 0.9918 0.1258
vn -0.0218 0.9915 0.1284
vn 0.5823 0.7909 0.1881
vn 0.2362 -0.9576 0.1648
vn -0.1884 0.0629 0.9801
vn -0.1733 0.0608 0.9830
vn -0.1785 -0.0341 0.9834
vn -0.1883 -0.0568 0.9805
vn -0.1940 -0.0644 0.9789
vn -0.1883 -0.0628 0.9801
vn -0.1734 -0.0607 0.9830
vn -0.1746 -0.6130 0.7706
vn -0.3168 -0.5914 0.7416
vn -0.3853 -0.5744 0.7222
vn -0.5119 -0.5128 0.6893
vn -0.5701 -0.4805 0.6664
vn -0.7114 0.3391 0.6155
vn -0.6681 0.3870 0.6355
vn -0.5694 0.4810 0.6667
vn -0.5112 0.5137 0.6890
vn -0.3845 0.5755 0.7218
vn -0.3159 0.5924 0.7411
vn -0.1001 0.6132 0.7836
vn -0.1737 0.6134 0.7704
vn 0.1096 -0.7725 -0.6255
vn -0.0761 -0.7471 -0.6603
vn 0.1092 -0.7744 -0.6232
vn -0.1442 -0.7197 -0.6791
vn -0.2771 -0.6466 -0.7107
vn -0.3302 -0.5960 -0.7320
vn -0.4333 -0.4822 -0.7614
vn -0.5355 0.2737 -0.7989
vn -0.4322 0.4826 -0.7617
vn -0.4688 0.4161 -0.7792
vn -0.3282 0.5959 -0.7329
vn -0.2750 0.6463 -0.7118
vn -0.1428 0.7195 -0.6796
vn -0.0750 0.7473 -0.6603
vn 0.1109 0.7724 -0.6254
vn 0.1105 0.7743 -0.6231
vn 0.2974 0.7468 -0.5948
vn 0.3677 0.7190 -0.5898
vn 0.5295 -0.6239 -0.5748
vn 0.3665 -0.7198 -0.5896
vn 0.2960 -0.7473 -0.5949
vn 0.1739 -0.1027 -0.9794
vn 0.2446 0.1810 -0.9526
vn 0.1590 0.1435 -0.9768
vn 0.1725 -0.1058 -0.9793
vn 0.1730 -0.0900 -0.9808
vn 0.3247 0.1591 -0.9323
vn 0.1720 -0.0684 -0.9827
vn 0.3890 0.1212 -0.9132
vn 0.1715 0.0385 -0.9844
vn 0.3888 -0.1215 -0.9133
vn 0.1721 0.0682 -0.9827
vn 0.3244 -0.1594 -0.9324
vn 0.1730 0.0901 -0.9808
vn 0.2442 -0.1814 -0.9526
vn 0.1738 0.1025 -0.9794
vn 0.1588 -0.1438 -0.9768
vn 0.1727 0.1055 -0.9793
vn 0.1717 0.1025 -0.9798
vn 0.0667 -0.1746 -0.9824
vn 0.0363 -0.1050 -0.9938
vn 0.1715 -0.1028 -0.9798
vn 0.1842 0.4598 -0.8687
vn 0.3506 0.4307 -0.8316
vn 0.4963 0.3581 -0.7908
vn 0.6065 0.2506 -0.7545
vn 0.6063 -0.2512 -0.7545
vn 0.4957 -0.3588 -0.7909
vn 0.3498 -0.4312 -0.8317
vn 0.1834 -0.4603 -0.8686
vn 0.0123 -0.4443 -0.8958
vn 0.0129 0.4442 -0.8958
vn 0.0771 -0.3413 -0.9368
vn 0.1364 -0.4249 -0.8949
vn 0.0213 -0.3969 -0.9176
vn 0.1670 -0.3358 -0.9270
vn -0.0128 -0.2858 -0.9582
vn -0.0611 -0.3467 -0.9360
vn -0.1351 -0.2695 -0.9535
vn -0.0752 -0.1922 -0.9785
vn -0.1345 0.2696 -0.9535
vn -0.0124 0.2858 -0.9582
vn -0.0604 0.3464 -0.9362
vn 0.0220 0.3966 -0.9177
vn 0.0777 0.3411 -0.9368
vn 0.1373 0.4244 -0.8950
vn 0.1677 0.3355 -0.9270
vn 0.2545 0.4115 -0.8751
vn 0.2588 0.3173 -0.9123
vn 0.3637 0.3581 -0.8599
vn 0.2539 -0.4121 -0.8751
vn 0.1228 -0.1779 -0.9764
vn 0.1764 -0.1757 -0.9685
vn 0.0811 -0.1381 -0.9871
vn 0.0493 -0.0976 -0.9940
vn 0.1232 0.1779 -0.9763
vn 0.1766 0.1756 -0.9685
vn 0.2218 0.1642 -0.9612
vn 0.2216 -0.1643 -0.9612
vn 0.1324 0.9768 -0.1683
vn 0.0928 0.9955 -0.0179
vn 0.2296 0.6881 -0.6884
vn 0.1942 0.8213 -0.5364
vn 0.1831 0.8601 -0.4761
vn 0.2255 0.6920 -0.6858
vn 0.2819 0.3374 -0.8981
vn 0.2765 0.4442 -0.8522
vn 0.2789 0.3030 -0.9113
vn 0.2622 0.5180 -0.8142
vn -0.8847 0.3740 -0.2783
vn -0.8835 0.3558 -0.3046
vn -0.8794 0.3151 -0.3570
vn -0.8754 0.2930 -0.3844
vn -0.8708 0.2336 -0.4326
vn -0.8664 0.2020 -0.4566
vn -0.8614 0.1473 -0.4862
vn -0.8567 0.1310 -0.4990
vn -0.8526 0.1031 -0.5123
vn -0.8487 0.0966 -0.5199
vn -0.8479 0.0792 -0.5242
vn -0.8463 0.0722 -0.5278
vn -0.8456 0.0479 -0.5317
vn 0.2761 0.2310 -0.9329
vn 0.2689 0.1973 -0.9428
vn 0.2652 0.1062 -0.9583
vn 0.2624 0.1075 -0.9590
vn 0.0306 0.9992 -0.0243
vn 0.0424 0.9839 -0.1737
vn 0.0460 0.9696 -0.2405
vn 0.0356 0.9991 -0.0212
vn 0.1984 0.4191 -0.8860
vn 0.2014 0.3410 -0.9182
vn 0.2012 0.3097 -0.9293
vn 0.2671 -0.0000 -0.9637
vn 0.0393 0.5788 0.8146
vn 0.0403 0.4910 0.8702
vn 0.0201 0.9937 0.1105
vn 0.0124 0.9857 0.1681
vn 0.0088 0.9613 0.2755
vn 0.0086 0.9428 0.3333
vn 0.0607 0.9254 -0.3741
vn 0.0574 0.9416 -0.3319
vn 0.2005 0.2412 -0.9496
vn 0.1964 0.2137 -0.9569
vn 0.1939 0.1376 -0.9713
vn 0.1897 0.1043 -0.9763
vn 0.0124 0.8970 0.4419
vn -0.9976 -0.0072 -0.0690
vn -0.9980 -0.0039 -0.0633
vn -0.9981 -0.0032 -0.0615
vn -0.9976 -0.0096 -0.0679
vn -0.9979 -0.0020 -0.0644
vn -0.9984 0.0244 -0.0512
vn -0.9985 0.0289 -0.0471
vn -0.9988 0.0002 -0.0487
vn 0.9789 0.0459 0.1993
vn 0.8365 0.4776 0.2685
vn 0.8336 0.4983 0.2383
vn 0.8414 0.5131 0.1700
vn 0.8463 0.5137 0.1414
vn 0.8614 0.4990 0.0945
vn 0.8711 0.4848 0.0784
vn 0.8859 0.4626 0.0335
vn 0.8948 0.4464 0.0074
vn 0.9072 0.4197 -0.0277
vn 0.9098 0.4126 -0.0463
vn -0.7101 0.0505 -0.7023
vn -0.7092 0.0846 -0.6999
vn -0.7070 0.1001 -0.7001
vn -0.7057 0.1320 -0.6961
vn -0.7023 0.1501 -0.6959
vn -0.7018 0.1939 -0.6855
vn -0.7025 0.2201 -0.6768
vn -0.7086 0.2945 -0.6412
vn -0.7174 0.3373 -0.6096
vn -0.7267 0.4246 -0.5399
vn -0.7395 0.4570 -0.4942
vn -0.7592 0.5386 -0.3653
vn -0.7495 0.5199 -0.4097
vn -0.7649 0.5750 -0.2904
vn -0.7706 0.5830 -0.2576
vn -0.7764 0.5995 -0.1947
vn -0.7874 0.5938 -0.1655
vn -0.7985 0.5938 -0.0993
vn -0.8131 0.5783 -0.0662
vn -0.8226 0.5686 -0.0013
vn -0.8299 0.5572 0.0265
vn -0.8345 0.5434 0.0906
vn -0.8344 0.5363 0.1269
vn -0.8359 0.5158 0.1876
vn -0.8299 0.5120 0.2216
vn 0.1490 -0.9632 -0.2236
vn 0.2285 -0.6885 -0.6883
vn 0.1930 -0.8217 -0.5363
vn 0.2241 -0.6925 -0.6857
vn 0.1821 -0.8602 -0.4762
vn 0.2616 -0.5185 -0.8141
vn 0.2764 -0.4444 -0.8521
vn 0.2816 -0.3377 -0.8982
vn 0.2787 -0.3032 -0.9113
vn -0.8853 -0.4177 -0.2044
vn -0.8874 -0.4003 -0.2286
vn -0.8855 -0.3716 -0.2787
vn -0.8839 -0.3543 -0.3053
vn -0.8795 -0.3139 -0.3578
vn -0.8756 -0.2916 -0.3851
vn -0.8714 -0.2319 -0.4323
vn -0.8674 -0.2001 -0.4557
vn -0.8621 -0.1461 -0.4852
vn -0.8574 -0.1296 -0.4981
vn -0.8533 -0.1015 -0.5115
vn -0.8495 -0.0949 -0.5189
vn -0.8484 -0.0777 -0.5235
vn -0.8468 -0.0711 -0.5272
vn 0.1683 -0.9137 -0.3700
vn 0.1634 -0.9308 -0.3269
vn 0.2759 -0.2313 -0.9330
vn 0.2686 -0.1976 -0.9428
vn 0.2622 -0.1078 -0.9590
vn 0.2651 -0.1065 -0.9583
vn 0.1526 -0.6890 -0.7085
vn 0.2631 -0.0414 -0.9639
vn 0.2647 -0.0317 -0.9638
vn -0.9980 0.0074 -0.0635
vn -0.9975 0.0090 -0.0701
vn -0.9979 0.0056 -0.0640
vn -0.9981 0.0046 -0.0619
vn -0.9976 0.0107 -0.0679
vn -0.9979 0.0036 -0.0647
vn -0.9984 -0.0231 -0.0514
vn -0.9985 -0.0284 -0.0471
vn 0.9772 -0.0823 0.1955
vn 0.9821 -0.0589 0.1787
vn 0.9880 -0.0376 0.1500
vn 0.9938 -0.0114 0.1106
vn -0.7092 -0.0836 -0.7000
vn -0.7060 -0.0993 -0.7012
vn -0.7045 -0.1312 -0.6975
vn -0.7016 -0.1490 -0.6968
vn -0.7028 -0.2189 -0.6769
vn -0.7021 -0.1926 -0.6856
vn -0.7080 -0.2939 -0.6421
vn -0.7167 -0.3367 -0.6107
vn -0.7270 -0.4235 -0.5405
vn -0.7410 -0.4550 -0.4938
vn -0.7514 -0.5174 -0.4095
vn -0.7608 -0.5364 -0.3654
vn -0.7655 -0.5738 -0.2910
vn -0.7709 -0.5822 -0.2584
vn -0.7770 -0.5986 -0.1949
vn 0.0706 -0.2501 0.9657
vn 0.0718 -0.2460 0.9666
vn 0.0660 -0.2439 0.9675
vn 0.0657 -0.2427 0.9679
vn 0.5056 0.2896 0.8128
vn 0.3512 0.3874 0.8524
vn 0.2699 0.4205 0.8662
vn -0.1070 0.0718 -0.9917
vn 0.1990 0.8493 -0.4889
vt 0.873989 0.485819
vt 0.841201 0.477821
vt 0.867283 0.464411
vt 0.896288 0.482527
vt 0.896288 0.460720
vt 0.925385 0.464411
vt 0.918680 0.485819
vt 0.951499 0.477821
vt 0.938888 0.496215
vt 0.983087 0.481020
vt 0.972076 0.475422
vt 0.995298 0.443311
vt 0.995298 0.482927
vt 0.865376 0.458505
vt 0.837694 0.472900
vt 0.896288 0.454107
vt 0.927292 0.458505
vt 0.856580 0.500306
vt 0.853781 0.496215
vt 0.875496 0.490924
vt 0.896288 0.487910
vt 0.917204 0.490924
vt 0.935997 0.500306
vt 0.866299 0.513009
vt 0.880602 0.506119
vt 0.912098 0.506119
vt 0.896288 0.503720
vt 0.926400 0.513009
vt 0.018486 0.922428
vt 0.039985 0.912001
vt 0.018393 0.912001
vt 0.001784 0.922428
vt 0.001784 0.912001
vt 0.018270 0.906311
vt 0.001784 0.906311
vt 0.001784 0.925812
vt 0.018178 0.977024
vt 0.018486 0.925812
vt 0.365374 0.922428
vt 0.338184 0.912001
vt 0.338492 0.922428
vt 0.468383 0.873400
vt 0.468383 0.937223
vt 0.455372 0.874507
vt 0.365590 0.925812
vt 0.039985 0.922428
vt 0.391088 0.922428
vt 0.365282 0.912001
vt 0.391088 0.912001
vt 0.365374 0.906311
vt 0.391088 0.906311
vt 0.365097 0.977024
vt 0.338799 0.925812
vt 0.391088 0.925812
vt 0.391088 0.977024
vt 0.427536 0.795675
vt 0.403914 0.843596
vt 0.403914 0.795675
vt 0.403914 0.782110
vt 0.429382 0.782110
vt 0.427505 0.791922
vt 0.403914 0.791922
vt 0.438302 0.800504
vt 0.345474 0.837721
vt 0.355193 0.866203
vt 0.343475 0.863711
vt 0.340491 0.863527
vt 0.342183 0.837721
vt 0.820193 0.498214
vt 0.972476 0.498214
vt 0.965278 0.531217
vt 0.954974 0.511809
vt 0.963279 0.466718
vt 0.815395 0.494615
vt 0.954974 0.472900
vt 0.977274 0.494615
vt 0.991792 0.522113
vt 0.986102 0.524020
vt 0.841600 0.514700
vt 0.837694 0.511809
vt 0.950976 0.514700
vt 0.937688 0.523928
vt 0.896288 0.511624
vt 0.882785 0.513101
vt 0.909791 0.513101
vt 0.886476 0.524420
vt 0.906192 0.524420
vt 0.896288 0.523405
vt 0.890198 0.535400
vt 0.902501 0.535400
vt 0.896288 0.534201
vt 0.288295 0.922428
vt 0.309887 0.912001
vt 0.286788 0.912001
vt 0.139488 0.912001
vt 0.157973 0.922428
vt 0.157881 0.912001
vt 0.120479 0.912001
vt 0.139488 0.922428
vt 0.101594 0.922428
vt 0.101870 0.912001
vt 0.120172 0.922428
vt 0.083170 0.922428
vt 0.083293 0.912001
vt 0.060686 0.922428
vt 0.060686 0.912001
vt 0.177689 0.922428
vt 0.177689 0.912001
vt 0.242773 0.912001
vt 0.228870 0.922428
vt 0.244096 0.922428
vt 0.270178 0.912001
vt 0.257998 0.922428
vt 0.271993 0.922428
vt 0.256583 0.912001
vt 0.039985 0.906311
vt 0.060778 0.906311
vt 0.083477 0.906311
vt 0.101870 0.906311
vt 0.120571 0.906311
vt 0.139580 0.906311
vt 0.157789 0.906311
vt 0.177689 0.906311
vt 0.195190 0.912001
vt 0.195190 0.906311
vt 0.211400 0.912001
vt 0.211492 0.906311
vt 0.227886 0.912001
vt 0.227978 0.906311
vt 0.242896 0.906311
vt 0.256276 0.906311
vt 0.269471 0.906311
vt 0.285773 0.906311
vt 0.308995 0.906311
vt 0.311271 0.925812
vt 0.313301 0.977024
vt 0.338799 0.977024
vt 0.291494 0.977024
vt 0.195190 0.922428
vt 0.211892 0.922428
vt 0.404375 0.969919
vt 0.400684 0.959123
vt 0.397578 0.946912
vt 0.396501 0.935624
vt 0.396778 0.925012
vt 0.398501 0.914524
vt 0.401484 0.905727
vt 0.405298 0.898406
vt 0.410096 0.892501
vt 0.416894 0.886811
vt 0.427598 0.880628
vt 0.310994 0.922428
vt 0.288695 0.925812
vt 0.272393 0.925812
vt 0.101194 0.925812
vt 0.082770 0.925812
vt 0.060378 0.925812
vt 0.039893 0.925812
vt 0.337877 0.906311
vt 0.177597 0.925812
vt 0.194790 0.977024
vt 0.176489 0.977024
vt 0.276084 0.977024
vt 0.228870 0.925812
vt 0.213676 0.977024
vt 0.211892 0.925812
vt 0.195098 0.925812
vt 0.157973 0.925812
vt 0.060870 0.977024
vt 0.039770 0.977024
vt 0.261474 0.977024
vt 0.258183 0.925812
vt 0.244096 0.925812
vt 0.455526 0.796536
vt 0.474288 0.803672
vt 0.461432 0.807486
vt 0.467583 0.790230
vt 0.459125 0.778788
vt 0.448421 0.788416
vt 0.458386 0.808531
vt 0.453127 0.798412
vt 0.446114 0.790538
vt 0.429166 0.779373
vt 0.403914 0.779373
vt 0.439932 0.797981
vt 0.529222 0.841135
vt 0.523624 0.847594
vt 0.485146 0.822926
vt 0.469982 0.788047
vt 0.331294 0.896130
vt 0.317392 0.899206
vt 0.316684 0.887303
vt 0.342583 0.889117
vt 0.326773 0.885211
vt 0.334801 0.880321
vt 0.340399 0.873000
vt 0.350580 0.878813
vt 0.358392 0.837721
vt 0.337692 0.872508
vt 0.292078 0.864419
vt 0.291094 0.837721
vt 0.333078 0.878906
vt 0.294877 0.874200
vt 0.378200 0.871524
vt 0.377801 0.866418
vt 0.383398 0.868325
vt 0.373587 0.875830
vt 0.372479 0.869709
vt 0.372879 0.863219
vt 0.381799 0.862112
vt 0.389581 0.866603
vt 0.325789 0.882904
vt 0.316592 0.884504
vt 0.925385 0.641023
vt 0.938888 0.609220
vt 0.951499 0.627613
vt 0.896288 0.645299
vt 0.918680 0.619616
vt 0.896288 0.622999
vt 0.873989 0.619616
vt 0.827390 0.531217
vt 0.806475 0.524020
vt 0.972076 0.411323
vt 0.963279 0.420119
vt 0.983087 0.405725
vt 0.995298 0.403818
vt 0.957681 0.455614
vt 0.954974 0.632503
vt 0.927292 0.646929
vt 0.896288 0.652004
vt 0.865376 0.646929
vt 0.867283 0.641023
vt 0.800877 0.522113
vt 0.990900 0.552717
vt 0.917204 0.614510
vt 0.896288 0.617617
vt 0.912098 0.599408
vt 0.896288 0.601715
vt 0.880602 0.599408
vt 0.909791 0.592303
vt 0.882785 0.592303
vt 0.896288 0.593810
vt 0.870574 0.518914
vt 0.860793 0.528111
vt 0.922094 0.518914
vt 0.944978 0.537523
vt 0.931783 0.528111
vt 0.906192 0.581015
vt 0.886476 0.581015
vt 0.896288 0.581999
vt 0.877680 0.528511
vt 0.870574 0.535124
vt 0.914989 0.528511
vt 0.922002 0.535124
vt 0.926585 0.543428
vt 0.896288 0.571018
vt 0.902501 0.570003
vt 0.890198 0.570003
vt 0.884692 0.567512
vt 0.877680 0.576924
vt 0.884692 0.537923
vt 0.880386 0.541921
vt 0.907976 0.537923
vt 0.912282 0.541921
vt 0.896288 0.552717
vt 0.880386 0.563513
vt 0.313393 0.980407
vt 0.338492 0.990404
vt 0.338799 0.980407
vt 0.313578 0.990404
vt 0.364790 0.990404
vt 0.365097 0.980407
vt 0.291586 0.980407
vt 0.291893 0.990404
vt 0.276084 0.980407
vt 0.276576 0.990404
vt 0.194391 0.990404
vt 0.213891 0.990404
vt 0.213584 0.980407
vt 0.232992 0.990404
vt 0.232284 0.980407
vt 0.338277 0.996401
vt 0.364698 0.996401
vt 0.313178 0.996401
vt 0.291678 0.996401
vt 0.276484 0.996401
vt 0.262181 0.990404
vt 0.262181 0.996401
vt 0.248586 0.990404
vt 0.248771 0.996401
vt 0.233176 0.996401
vt 0.213891 0.996401
vt 0.194298 0.996401
vt 0.175782 0.990404
vt 0.175474 0.996401
vt 0.155697 0.990404
vt 0.155482 0.996401
vt 0.001784 0.996401
vt 0.018178 0.990404
vt 0.001784 0.990404
vt 0.156497 0.980407
vt 0.120079 0.925812
vt 0.119095 0.977024
vt 0.137488 0.977024
vt 0.139580 0.925812
vt 0.100794 0.977024
vt 0.001784 0.980407
vt 0.018178 0.980407
vt 0.247694 0.980407
vt 0.261474 0.980407
vt 0.247786 0.977024
vt 0.538880 0.853715
vt 0.553490 0.927104
vt 0.553490 0.853223
vt 0.524178 0.855530
vt 0.510890 0.861005
vt 0.500187 0.868110
vt 0.492897 0.873615
vt 0.487084 0.880720
vt 0.483485 0.889117
vt 0.480286 0.899514
vt 0.477887 0.913016
vt 0.476872 0.927104
vt 0.477979 0.940514
vt 0.481301 0.954324
vt 0.468383 0.997509
vt 0.460078 0.997109
vt 0.449190 0.996001
vt 0.427998 0.988927
vt 0.419478 0.984406
vt 0.411173 0.978623
vt 0.441685 0.875922
vt 0.001784 0.977024
vt 0.176489 0.980407
vt 0.194790 0.980407
vt 0.391088 0.990404
vt 0.391088 0.996401
vt 0.018178 0.996401
vt 0.391088 0.980407
vt 0.083170 0.977024
vt 0.232377 0.977024
vt 0.156589 0.977024
vt 0.461309 0.859620
vt 0.432088 0.869002
vt 0.447314 0.852638
vt 0.431996 0.860236
vt 0.468936 0.849501
vt 0.456387 0.844764
vt 0.474965 0.836706
vt 0.462231 0.833907
vt 0.477303 0.820527
vt 0.429966 0.770268
vt 0.428213 0.843596
vt 0.439624 0.839997
vt 0.444238 0.805087
vt 0.445560 0.835937
vt 0.447652 0.811730
vt 0.448359 0.830001
vt 0.448882 0.821081
vt 0.379031 0.804287
vt 0.373802 0.805056
vt 0.376355 0.799273
vt 0.370080 0.799581
vt 0.373802 0.794444
vt 0.368604 0.805917
vt 0.378508 0.809823
vt 0.372418 0.811453
vt 0.377862 0.815144
vt 0.383891 0.806932
vt 0.383891 0.813422
vt 0.388689 0.809393
vt 0.382568 0.800411
vt 0.388658 0.802810
vt 0.386197 0.796567
vt 0.380107 0.794260
vt 0.367743 0.793122
vt 0.376047 0.788693
vt 0.365497 0.811453
vt 0.363683 0.801888
vt 0.372510 0.818405
vt 0.381922 0.819912
vt 0.394379 0.806778
vt 0.390381 0.815452
vt 0.385613 0.790230
vt 0.392534 0.797089
vt 0.403914 0.860236
vt 0.403914 0.857006
vt 0.430674 0.857006
vt 0.444914 0.849778
vt 0.454203 0.842796
vt 0.459186 0.832707
vt 0.460078 0.820650
vt 0.463769 0.820589
vt 0.446668 0.803456
vt 0.447960 0.837629
vt 0.451281 0.830585
vt 0.441039 0.842611
vt 0.428920 0.847287
vt 0.403914 0.847287
vt 0.451927 0.820958
vt 0.504862 0.793952
vt 0.525377 0.796413
vt 0.530422 0.802165
vt 0.534359 0.810377
vt 0.536235 0.821019
vt 0.503324 0.850516
vt 0.485146 0.850485
vt 0.485146 0.793860
vt 0.471797 0.851316
vt 0.478318 0.837659
vt 0.480625 0.820373
vt 0.292386 0.874907
vt 0.277499 0.867125
vt 0.282297 0.880720
vt 0.289187 0.864819
vt 0.298291 0.882412
vt 0.290971 0.891301
vt 0.306473 0.886411
vt 0.303089 0.897607
vt 0.299675 0.880720
vt 0.307272 0.884104
vt 0.378477 0.876722
vt 0.375678 0.881428
vt 0.381676 0.880505
vt 0.373187 0.885826
vt 0.379092 0.886226
vt 0.384875 0.884319
vt 0.383183 0.874415
vt 0.387489 0.878506
vt 0.387797 0.872324
vt 0.368696 0.874815
vt 0.369896 0.880813
vt 0.367374 0.886811
vt 0.375094 0.891301
vt 0.384075 0.890225
vt 0.390873 0.884012
vt 0.392995 0.874999
vt 0.365989 0.869402
vt 0.363898 0.878414
vt 0.287895 0.837721
vt 0.274977 0.837721
vt 0.986102 0.581414
vt 0.968877 0.552717
vt 0.965278 0.574217
vt 0.972476 0.607128
vt 0.954974 0.593625
vt 0.853781 0.609220
vt 0.841201 0.627613
vt 0.837694 0.593625
vt 0.820193 0.607128
vt 0.827390 0.574217
vt 0.806475 0.581414
vt 0.823792 0.552717
vt 0.801800 0.552717
vt 0.957681 0.431100
vt 0.955774 0.443403
vt 0.996775 0.552717
vt 0.991792 0.583321
vt 0.977274 0.610819
vt 0.837694 0.632503
vt 0.815395 0.610819
vt 0.800877 0.583321
vt 0.795802 0.552717
vt 0.960695 0.572710
vt 0.963987 0.552717
vt 0.950976 0.590703
vt 0.935997 0.605129
vt 0.875496 0.614510
vt 0.856580 0.605129
vt 0.841600 0.590703
vt 0.831973 0.572710
vt 0.828682 0.552717
vt 0.831973 0.532724
vt 0.960695 0.532724
vt 0.944978 0.567912
vt 0.947500 0.552717
vt 0.937688 0.581507
vt 0.926400 0.592426
vt 0.866299 0.592426
vt 0.854980 0.581507
vt 0.847691 0.567912
vt 0.845076 0.552717
vt 0.847691 0.537523
vt 0.854980 0.523928
vt 0.940303 0.552717
vt 0.938088 0.565728
vt 0.931783 0.577324
vt 0.922094 0.586520
vt 0.870574 0.586520
vt 0.860793 0.577324
vt 0.854488 0.565728
vt 0.852396 0.552717
vt 0.854488 0.539706
vt 0.938088 0.539706
vt 0.926585 0.562006
vt 0.928092 0.552717
vt 0.922002 0.570311
vt 0.914989 0.576924
vt 0.870574 0.570311
vt 0.866084 0.562006
vt 0.864577 0.552717
vt 0.866084 0.543428
vt 0.914989 0.558407
vt 0.915973 0.552717
vt 0.912282 0.563513
vt 0.907976 0.567512
vt 0.877680 0.558407
vt 0.876695 0.552717
vt 0.877680 0.547027
vt 0.914989 0.547027
vt 0.118972 0.980407
vt 0.136596 0.990404
vt 0.137396 0.980407
vt 0.118388 0.990404
vt 0.083077 0.990404
vt 0.100794 0.980407
vt 0.082985 0.980407
vt 0.100486 0.990404
vt 0.136381 0.996401
vt 0.118388 0.996401
vt 0.100486 0.996401
vt 0.083170 0.996401
vt 0.060778 0.990404
vt 0.060870 0.996401
vt 0.039678 0.990404
vt 0.039893 0.996401
vt 0.060686 0.980407
vt 0.039770 0.980407
vt 0.485792 0.966720
vt 0.491974 0.976901
vt 0.500002 0.984713
vt 0.508891 0.989419
vt 0.520794 0.993818
vt 0.532390 0.996217
vt 0.544386 0.997201
vt 0.553490 0.997324
vt 0.438978 0.993202
vt 0.450543 0.810992
vt 0.534143 0.832338
vt 0.477272 0.802411
s 1
g mixamorig:Hips
g beltGeo-mesh.001_primo_texmat
usemtl primo_texmat
f 2974/1686/2975 2975/1687/2976 2976/1688/2977
f 2976/1688/2977 2977/1689/2978 2974/1686/2975
f 2977/1689/2978 2976/1688/2977 2978/1690/2979
f 2979/1691/2980 2977/1689/2978 2978/1690/2979
f 2977/1689/2978 2979/1691/2980 2980/1692/2981
f 2980/1692/2981 2981/1693/2982 2982/1694/2983
s 2
f 2983/1695/2984 2984/1696/2985 2985/1697/2986
f 2986/1698/2987 2983/1695/2984 2985/1697/2986
s 3
f 2987/1699/2988 2988/1687/2989 2989/1700/2990
f 2990/1701/2991 2991/1688/2992 2987/1699/2988
f 2991/1688/2992 2990/1701/2991 2992/1690/2993
f 2990/1701/2991 2993/1691/2994 2992/1690/2993
f 2993/1691/2994 2990/1701/2991 2994/1702/2995
s 4
f 2995/1686/2996 2996/1703/2997 2997/1704/2998
f 2998/1689/2999 2999/1705/3000 2995/1686/2996
f 2999/1705/3000 2998/1689/2999 3000/1706/3001
f 2998/1689/2999 3001/1707/3002 3000/1706/3001
f 3001/1707/3002 2998/1689/2999 3002/1692/3003
f 3002/1692/3003 3003/1708/3004 3001/1707/3002
s 5
f 3004/1705/3005 3005/1709/3006 3006/1703/3007
f 3007/1706/3008 3008/1710/3009 3004/1705/3005
f 3007/1706/3008 3009/1711/3010 3010/1712/3011
f 3011/1707/3012 3012/1713/3013 3009/1711/3010
s 6
f 3013/1714/3014 3014/1715/3015 3015/1716/3016
f 3016/1717/3017 3015/1716/3016 3017/1718/3018
s 7
f 3018/1718/3019 3019/1716/3020 3020/1719/3021
f 3018/1718/3019 3020/1719/3021 3021/1720/3022
s 8
f 3022/1721/3023 3023/1722/3024 3024/1723/3025
s 6
f 3025/1724/3026 3026/1725/3027 3027/1726/3028
s 9
f 3028/1727/3029 3029/1728/3030 3030/1729/3031
s 10
f 3031/1724/3032 3032/1726/3033 3033/1730/3034
f 3034/1723/3035 3035/1731/3036 3036/1714/3037
f 3037/1721/3038 3034/1723/3035 3036/1714/3037
f 3037/1721/3038 3036/1714/3037 3038/1717/3039
s 6
f 3039/1732/3040 3040/1733/3041 3041/1734/3042
f 3042/1714/3043 3043/1715/3044 3044/1731/3045
f 3016/1717/3017 3045/1716/3046 3042/1714/3043
s 7
f 3018/1718/3019 3046/1719/3047 3047/1716/3048
f 3048/1734/3049 3049/1735/3050 3050/1736/3051
s 8
f 3051/1730/3052 3052/1737/3053 3053/1738/3054
f 3054/1739/3055 3055/1740/3056 3051/1730/3052
g mixamorig:Spine
f 3051/1730/3052 3055/1740/3056 3052/1737/3053
s 9
g mixamorig:Hips
f 3028/1727/3029 3056/1729/3057 3029/1728/3030
s 10
f 3057/1732/3058 3058/1730/3059 3059/1724/3060
f 3058/1730/3059 3057/1732/3058 3060/1739/3061
f 3058/1730/3059 3061/1726/3062 3059/1724/3060
f 3062/1714/3063 3037/1721/3038 3038/1717/3039
f 3037/1721/3038 3062/1714/3063 3063/1723/3064
f 3062/1714/3063 3064/1731/3065 3063/1723/3064
s 11
f 3065/1741/3066 3066/1742/3067 3067/1743/3068
s 12
f 3068/1744/3069 3069/1745/3070 3070/1746/3071
f 3068/1744/3069 3070/1746/3071 3071/1747/3072
s 13
f 3072/1746/3073 3073/1748/3074 3074/1741/3075
f 3074/1741/3075 3075/1743/3076 3072/1746/3073
f 3076/1747/3077 3072/1746/3073 3075/1743/3076
s 14
f 3077/1749/3078 3078/1750/3079 3079/1751/3080
f 3077/1749/3078 3080/1752/3081 3081/1753/3082
s 1
f 3082/1704/3083 3083/1754/3084 2975/1687/2976
f 3082/1704/3083 2975/1687/2976 2974/1686/2975
f 2981/1693/2982 2980/1692/2981 2979/1691/2980
f 2982/1694/2983 2981/1693/2982 3084/1755/3085
f 3084/1755/3085 3085/1756/3086 3086/1757/3087
s 2
f 2984/1696/2985 3087/1758/3088 2985/1697/2986
f 3088/1695/3089 2986/1698/2987 2985/1697/2986
f 3089/1696/3090 3088/1695/3089 2985/1697/2986
f 3090/1758/3091 3089/1696/3090 2985/1697/2986
s 3
f 2989/1700/2990 3091/1754/3092 3092/1759/3093
f 2988/1687/2989 2987/1699/2988 2991/1688/2992
f 2994/1702/2995 3093/1693/3094 2993/1691/2994
f 3093/1693/3094 2994/1702/2995 3094/1760/3095
f 3094/1760/3095 3095/1755/3096 3093/1693/3094
f 3095/1755/3096 3094/1760/3095 3096/1761/3097
f 3096/1761/3097 3097/1762/3098 3098/1763/3099
f 3096/1761/3097 3098/1763/3099 3095/1755/3096
s 4
f 2997/1704/2998 3099/1764/3100 3100/1765/3101
f 3003/1708/3004 3002/1692/3003 3101/1694/3102
f 3101/1694/3102 3102/1766/3103 3003/1708/3004
s 5
f 3103/1708/3104 3104/1767/3105 3012/1713/3013
f 3103/1708/3104 3105/1766/3106 3104/1767/3105
f 3106/1768/3107 3107/1769/3108 3010/1712/3011
f 3010/1712/3011 3009/1711/3010 3108/1770/3109
s 15
f 3109/1768/3110 3110/1771/3111 3111/1769/3112
f 3109/1768/3110 3112/1772/3113 3113/1773/3114
f 3113/1773/3114 3114/1774/3115 3110/1771/3111
f 3113/1773/3114 3115/1775/3116 3116/1776/3117
s 6
f 3117/1777/3118 3118/1778/3119 3119/1779/3120
f 3120/1780/3121 3121/1781/3122 3122/1782/3123
f 3123/1783/3124 3124/1784/3125 3120/1780/3121
f 3125/1785/3126 3123/1783/3124 3126/1786/3127
f 3123/1783/3124 3125/1785/3126 3127/1787/3128
f 3128/1788/3129 3125/1785/3126 3126/1786/3127
f 3128/1788/3129 3126/1786/3127 3129/1789/3130
f 3130/1790/3131 3128/1788/3129 3129/1789/3130
f 3130/1790/3131 3129/1789/3130 3131/1791/3132
f 3132/1731/3133 3130/1790/3131 3131/1791/3132
f 3132/1731/3133 3131/1791/3132 3014/1715/3015
f 3122/1782/3123 3133/1792/3134 3134/1793/3135
f 3014/1715/3015 3013/1714/3014 3132/1731/3133
f 3015/1716/3016 3016/1717/3017 3013/1714/3014
f 3135/1794/3136 3136/1795/3137 3137/1796/3138
f 3138/1797/3139 3139/1798/3140 3140/1799/3141
f 3138/1797/3139 3140/1799/3141 3119/1779/3120
f 3141/1800/3142 3137/1796/3138 3139/1798/3140
s 7
f 3019/1716/3020 3142/1715/3143 3143/1801/3144
f 3019/1716/3020 3143/1801/3144 3020/1719/3021
f 3142/1715/3143 3144/1802/3145 3143/1801/3144
f 3145/1791/3146 3146/1803/3147 3144/1802/3145
f 3147/1789/3148 3148/1804/3149 3146/1803/3147
f 3149/1786/3150 3150/1805/3151 3148/1804/3149
f 3151/1780/3152 3150/1805/3151 3152/1783/3153
f 3153/1782/3154 3154/1806/3155 3151/1780/3152
f 3154/1806/3155 3153/1782/3154 3155/1807/3156
f 3156/1793/3157 3155/1807/3156 3153/1782/3154
f 3155/1807/3156 3156/1793/3157 3157/1808/3158
f 3156/1793/3157 3158/1809/3159 3157/1808/3158
f 3157/1808/3158 3158/1809/3159 3159/1810/3160
f 3160/1811/3161 3159/1810/3160 3158/1809/3159
f 3159/1810/3160 3160/1811/3161 3161/1812/3162
f 3160/1811/3161 3162/1813/3163 3161/1812/3162
f 3162/1813/3163 3163/1814/3164 3161/1812/3162
f 3162/1813/3163 3164/1794/3165 3163/1814/3164
f 3165/1815/3166 3163/1814/3164 3164/1794/3165
f 3166/1800/3167 3165/1815/3166 3164/1794/3165
f 3165/1815/3166 3166/1800/3167 3167/1816/3168
f 3168/1817/3169 3167/1816/3168 3169/1797/3170
f 3166/1800/3167 3169/1797/3170 3167/1816/3168
f 3170/1818/3171 3168/1817/3169 3171/1779/3172
f 3172/1819/3173 3171/1779/3172 3173/1778/3174
s 8
g mixamorig:Spine
f 3174/1820/3175 3175/1821/3176 3176/1822/3177
g mixamorig:Hips
f 3177/1738/3178 3178/1737/3179 3179/1730/3180
f 3174/1820/3175 3180/1823/3181 3175/1821/3176
s 6
f 3134/1793/3135 3181/1824/3182 3182/1809/3183
f 3183/1813/3184 3184/1825/3185 3136/1795/3137
f 3185/1811/3186 3181/1824/3182 3184/1825/3185
s 9
f 3186/1826/3187 3187/1827/3188 3029/1728/3030
f 3187/1827/3188 3188/1828/3189 3029/1728/3030
f 3188/1828/3189 3189/1829/3190 3029/1728/3030
f 3189/1829/3190 3190/1830/3191 3029/1728/3030
f 3190/1830/3191 3191/1831/3192 3029/1728/3030
f 3192/1832/3193 3029/1728/3030 3191/1831/3192
f 3192/1832/3193 3193/1833/3194 3029/1728/3030
f 3194/1834/3195 3029/1728/3030 3193/1833/3194
f 3195/1835/3196 3029/1728/3030 3194/1834/3195
f 3196/1836/3197 3029/1728/3030 3195/1835/3196
s 10
f 3197/1738/3198 3033/1730/3034 3032/1726/3033
f 3198/1837/3199 3197/1738/3198 3032/1726/3033
f 3197/1738/3198 3198/1837/3199 3199/1820/3200
f 3200/1777/3201 3199/1820/3200 3198/1837/3199
f 3199/1820/3200 3200/1777/3201 3201/1838/3202
f 3202/1799/3203 3201/1838/3202 3200/1777/3201
f 3202/1799/3203 3203/1798/3204 3204/1839/3205
f 3205/1785/3206 3206/1788/3207 3207/1840/3208
f 3208/1790/3209 3209/1841/3210 3206/1788/3207
f 3208/1790/3209 3035/1731/3036 3210/1842/3211
f 3035/1731/3036 3034/1723/3035 3211/1843/3212
s 6
f 3040/1733/3041 3039/1732/3040 3212/1724/3213
f 3213/1777/3214 3214/1778/3215 3215/1837/3216
f 3216/1781/3217 3217/1780/3218 3218/1782/3219
f 3219/1783/3220 3220/1784/3221 3221/1787/3222
f 3222/1785/3223 3219/1783/3220 3221/1787/3222
f 3219/1783/3220 3222/1785/3223 3223/1786/3224
f 3224/1788/3225 3223/1786/3224 3222/1785/3223
f 3225/1790/3226 3226/1789/3227 3224/1788/3225
f 3223/1786/3224 3224/1788/3225 3226/1789/3227
f 3226/1789/3227 3225/1790/3226 3227/1791/3228
f 3044/1731/3045 3227/1791/3228 3225/1790/3226
f 3227/1791/3228 3044/1731/3045 3043/1715/3044
f 3043/1715/3044 3042/1714/3043 3045/1716/3046
f 3045/1716/3046 3016/1717/3017 3017/1718/3018
f 3228/1795/3229 3229/1794/3230 3230/1796/3231
f 3229/1794/3230 3228/1795/3229 3231/1813/3232
f 3230/1796/3231 3232/1800/3233 3233/1798/3234
f 3229/1794/3230 3232/1800/3233 3230/1796/3231
f 3234/1797/3235 3233/1798/3234 3232/1800/3233
f 3233/1798/3234 3234/1797/3235 3235/1799/3236
f 3235/1799/3236 3236/1779/3237 3213/1777/3214
s 7
f 3237/1715/3238 3047/1716/3048 3238/1801/3239
f 3237/1715/3238 3239/1802/3240 3240/1791/3241
f 3240/1791/3241 3239/1802/3240 3241/1803/3242
f 3242/1789/3243 3240/1791/3241 3241/1803/3242
f 3242/1789/3243 3243/1804/3244 3244/1786/3245
f 3245/1783/3246 3244/1786/3245 3246/1805/3247
f 3247/1809/3248 3248/1793/3249 3249/1808/3250
f 3250/1810/3251 3251/1811/3252 3247/1809/3248
f 3251/1811/3252 3250/1810/3251 3252/1812/3253
f 3252/1812/3253 3253/1813/3254 3251/1811/3252
f 3253/1813/3254 3252/1812/3253 3254/1814/3255
f 3254/1814/3255 3255/1794/3256 3253/1813/3254
f 3255/1794/3256 3254/1814/3255 3256/1815/3257
f 3257/1800/3258 3255/1794/3256 3256/1815/3257
f 3257/1800/3258 3256/1815/3257 3258/1816/3259
f 3259/1797/3260 3257/1800/3258 3258/1816/3259
f 3259/1797/3260 3258/1816/3259 3260/1817/3261
f 3260/1817/3261 3261/1779/3262 3259/1797/3260
f 3262/1819/3263 3261/1779/3262 3263/1818/3264
f 3262/1819/3263 3264/1725/3265 3265/1778/3266
f 3266/1733/3267 3267/1844/3268 3049/1735/3050
s 8
f 3053/1738/3054 3268/1822/3269 3269/1820/3270
g mixamorig:Spine
f 3269/1820/3270 3268/1822/3269 3270/1821/3271
f 3053/1738/3054 3052/1737/3053 3268/1822/3269
g mixamorig:Hips
f 3271/1845/3272 3272/1846/3273 3273/1847/3274
f 3274/1838/3275 3275/1848/3276 3276/1839/3277
f 3269/1820/3270 3277/1823/3278 3274/1838/3275
f 3278/1849/3279 3279/1850/3280 3280/1851/3281
f 3280/1851/3281 3272/1846/3273 3281/1852/3282
f 3271/1845/3272 3273/1847/3274 3282/1853/3283
f 3283/1841/3284 3284/1854/3285 3285/1842/3286
f 3285/1842/3286 3286/1855/3287 3287/1843/3288
f 3287/1843/3288 3288/1722/3289 3289/1723/3290
f 3276/1839/3277 3290/1856/3291 3291/1857/3292
s 6
f 3292/1726/3293 3215/1837/3216 3293/1725/3294
f 3294/1824/3295 3295/1793/3296 3296/1809/3297
f 3297/1825/3298 3231/1813/3232 3228/1795/3229
f 3231/1813/3232 3297/1825/3298 3298/1811/3299
f 3296/1809/3297 3298/1811/3299 3294/1824/3295
f 3294/1824/3295 3298/1811/3299 3297/1825/3298
s 9
f 3299/1829/3300 3029/1728/3030 3300/1830/3301
f 3300/1830/3301 3029/1728/3030 3301/1831/3302
f 3302/1832/3303 3301/1831/3302 3029/1728/3030
f 3302/1832/3303 3029/1728/3030 3303/1833/3304
f 3304/1834/3305 3303/1833/3304 3029/1728/3030
f 3305/1835/3306 3304/1834/3305 3029/1728/3030
f 3306/1836/3307 3305/1835/3306 3029/1728/3030
s 10
f 3061/1726/3062 3058/1730/3059 3307/1738/3308
f 3307/1738/3308 3308/1837/3309 3061/1726/3062
f 3308/1837/3309 3307/1738/3308 3309/1820/3310
f 3309/1820/3310 3310/1777/3311 3308/1837/3309
f 3310/1777/3311 3309/1820/3310 3311/1838/3312
f 3312/1799/3313 3310/1777/3311 3311/1838/3312
f 3311/1838/3312 3313/1839/3314 3312/1799/3313
f 3313/1839/3314 3314/1798/3315 3312/1799/3313
f 3314/1798/3315 3313/1839/3314 3315/1857/3316
f 3315/1857/3316 3316/1858/3317 3317/1796/3318
f 3315/1857/3316 3317/1796/3318 3314/1798/3315
f 3316/1858/3317 3318/1795/3319 3317/1796/3318
f 3318/1795/3319 3316/1858/3317 3319/1849/3320
f 3319/1849/3320 3320/1851/3321 3321/1825/3322
f 3321/1825/3322 3318/1795/3319 3319/1849/3320
f 3320/1851/3321 3322/1824/3323 3321/1825/3322
f 3322/1824/3323 3320/1851/3321 3323/1852/3324
f 3323/1852/3324 3324/1792/3325 3322/1824/3323
f 3324/1792/3325 3323/1852/3324 3325/1845/3326
f 3326/1781/3327 3324/1792/3325 3325/1845/3326
f 3326/1781/3327 3325/1845/3326 3327/1853/3328
f 3328/1788/3329 3329/1840/3330 3330/1841/3331
f 3330/1841/3331 3331/1790/3332 3328/1788/3329
f 3331/1790/3332 3330/1841/3331 3332/1842/3333
f 3332/1842/3333 3064/1731/3065 3331/1790/3332
f 3064/1731/3065 3332/1842/3333 3333/1843/3334
f 3333/1843/3334 3063/1723/3064 3064/1731/3065
s 16
f 3334/1859/3335 3335/1860/3336 3336/1861/3337
f 3337/1862/3338 3334/1859/3335 3338/1863/3339
f 3334/1859/3335 3339/1864/3340 3338/1863/3339
f 3334/1859/3335 3340/1865/3341 3341/1866/3342
f 3339/1864/3340 3341/1866/3342 3342/1867/3343
f 3342/1867/3343 3343/1745/3344 3339/1864/3340
f 3339/1864/3340 3343/1745/3344 3344/1868/3345
f 3344/1868/3345 3345/1744/3346 3346/1869/3347
f 3343/1745/3344 3345/1744/3346 3344/1868/3345
s 12
f 3069/1745/3070 3347/1870/3348 3070/1746/3071
s 17
f 3348/1871/3349 3349/1872/3350 3350/1873/3351
s 18
f 3351/1862/3352 3352/1863/3353 3353/1874/3354
f 3353/1874/3354 3354/1860/3355 3351/1862/3352
s 19
f 3355/1750/3356 3356/1749/3357 3357/1751/3358
s 14
f 3358/1875/3359 3359/1876/3360 3360/1877/3361
f 3361/1878/3362 3358/1875/3359 3362/1879/3363
f 3363/1880/3364 3361/1878/3362 3362/1879/3363
f 3364/1881/3365 3361/1878/3362 3363/1880/3364
f 3361/1878/3362 3364/1881/3365 3365/1882/3366
f 3079/1751/3080 3365/1882/3366 3364/1881/3365
f 3365/1882/3366 3079/1751/3080 3078/1750/3079
f 3078/1750/3079 3077/1749/3078 3366/1883/3367
f 3364/1881/3365 3080/1752/3081 3079/1751/3080
f 3080/1752/3081 3077/1749/3078 3079/1751/3080
f 3367/1884/3368 3368/1885/3369 3080/1752/3081
f 3080/1752/3081 3368/1885/3369 3369/1886/3370
f 3370/1887/3371 3371/1888/3372 3367/1884/3368
s 20
f 3372/1889/3373 3373/1890/3374 3374/1891/3375
f 3372/1889/3373 3375/1892/3376 3376/1893/3377
f 3372/1889/3373 3376/1893/3377 3373/1890/3374
f 3377/1894/3378 3373/1890/3374 3376/1893/3377
f 3373/1890/3374 3377/1894/3378 3378/1895/3379
f 3378/1895/3379 3379/1896/3380 3374/1891/3375
f 3378/1895/3379 3374/1891/3375 3373/1890/3374
s 14
f 3380/1897/3381 3360/1877/3361 3381/1898/3382
f 3362/1879/3363 3382/1887/3383 3363/1880/3364
f 3382/1887/3383 3362/1879/3363 3380/1897/3381
f 3382/1887/3383 3364/1881/3365 3363/1880/3364
f 3364/1881/3365 3382/1887/3383 3383/1884/3384
f 3080/1752/3081 3364/1881/3365 3383/1884/3384
s 1
g mixamorig:Spine
f 3384/1899/3385 3385/1900/3386 3386/1901/3387
f 3387/1902/3388 3388/1903/3389 3384/1899/3385
f 3388/1903/3389 3387/1902/3388 3389/1904/3390
f 3387/1902/3388 3390/1905/3391 3389/1904/3390
g mixamorig:Hips
f 3083/1754/3084 3391/1906/3392 3392/1907/3393
s 2
f 3393/1908/3394 3394/1909/3395 2985/1697/2986
f 3395/1910/3396 3393/1908/3394 2985/1697/2986
g mixamorig:Spine
f 3396/1911/2986 3395/1910/3396 2985/1697/2986
g mixamorig:Hips
f 3087/1758/3088 3397/1912/3397 2985/1697/2986
f 3398/1912/3398 3090/1758/3091 2985/1697/2986
s 3
g mixamorig:Spine
f 3399/1899/3399 3400/1901/3400 3401/1913/3401
f 3401/1913/3401 3402/1914/3402 3399/1899/3399
f 3402/1914/3402 3403/1902/3403 3399/1899/3399
f 3403/1902/3403 3402/1914/3402 3404/1915/3404
f 3403/1902/3403 3405/1916/3405 3406/1917/3406
g mixamorig:Hips
f 3092/1759/3093 3407/1907/3407 3408/1918/3408
f 3091/1754/3092 2989/1700/2990 2988/1687/2989
f 3097/1762/3098 3409/1919/3409 3098/1763/3099
s 4
f 3410/1920/3410 3411/1900/3411 3412/1903/3412
g mixamorig:Spine
f 3412/1903/3412 3413/1904/3413 3414/1921/3414
g mixamorig:Hips
f 3412/1903/3412 3414/1921/3414 3410/1920/3410
g mixamorig:Spine
f 3413/1904/3413 3415/1905/3415 3414/1921/3414
s 5
g mixamorig:Hips
f 3416/1921/3416 3417/1922/3417 3418/1920/3418
f 3417/1922/3417 3416/1921/3416 3419/1923/3419
f 3416/1921/3416 3420/1924/3420 3419/1923/3419
f 3005/1709/3006 3004/1705/3005 3008/1710/3009
f 3008/1710/3009 3007/1706/3008 3010/1712/3011
f 3009/1711/3010 3007/1706/3008 3011/1707/3012
f 3012/1713/3013 3011/1707/3012 3103/1708/3104
f 3419/1923/3419 3421/1925/3421 3417/1922/3417
f 3419/1923/3419 3422/1926/3422 3423/1927/3423
f 3008/1710/3009 3424/1928/3424 3005/1709/3006
f 3424/1928/3424 3425/1929/3425 3005/1709/3006
f 3424/1928/3424 3008/1710/3009 3107/1769/3108
f 3107/1769/3108 3008/1710/3009 3010/1712/3011
f 3108/1770/3109 3106/1768/3107 3010/1712/3011
f 3009/1711/3010 3426/1930/3426 3108/1770/3109
f 3426/1930/3426 3009/1711/3010 3012/1713/3013
f 3104/1767/3105 3427/1931/3427 3428/1932/3428
f 3012/1713/3013 3428/1932/3428 3426/1930/3426
f 3012/1713/3013 3104/1767/3105 3428/1932/3428
s 15
f 3429/1927/3429 3430/1933/3430 3431/1925/3431
f 3429/1927/3429 3432/1934/3432 3433/1935/3433
f 3429/1927/3429 3434/1926/3434 3432/1934/3432
f 3435/1928/3435 3436/1936/3436 3437/1937/3437
f 3111/1769/3112 3436/1936/3436 3435/1928/3435
f 3436/1936/3436 3111/1769/3112 3110/1771/3111
f 3110/1771/3111 3109/1768/3110 3113/1773/3114
f 3112/1772/3113 3109/1768/3110 3438/1770/3438
f 3112/1772/3113 3438/1770/3438 3439/1938/3439
f 3438/1770/3438 3440/1930/3440 3439/1938/3439
f 3440/1930/3440 3441/1939/3441 3439/1938/3439
f 3442/1932/3442 3441/1939/3441 3440/1930/3440
f 3442/1932/3442 3443/1940/3443 3441/1939/3441
f 3433/1935/3433 3444/1941/3444 3445/1942/3445
f 3433/1935/3433 3446/1943/3446 3444/1941/3444
f 3446/1943/3446 3433/1935/3433 3432/1934/3432
f 3432/1934/3432 3447/1944/3447 3446/1943/3446
f 3447/1944/3447 3432/1934/3432 3448/1945/3448
f 3110/1771/3111 3449/1946/3449 3436/1936/3436
f 3436/1936/3436 3449/1946/3449 3450/1947/3450
f 3114/1774/3115 3113/1773/3114 3116/1776/3117
f 3112/1772/3113 3451/1948/3451 3115/1775/3116
f 3439/1938/3439 3441/1939/3441 3452/1949/3452
f 3439/1938/3439 3452/1949/3452 3451/1948/3451
f 3446/1943/3446 3447/1944/3447 3453/1950/3453
f 3447/1944/3447 3454/1951/3454 3453/1950/3453
f 3114/1774/3115 3116/1776/3117 3453/1950/3453
f 3116/1776/3117 3115/1775/3116 3453/1950/3453
f 3444/1941/3444 3446/1943/3446 3453/1950/3453
s 21
g mixamorig:Spine
f 3455/1952/3455 3456/1953/3456 3457/1954/3457
f 3456/1953/3456 3455/1952/3455 3458/1955/3458
s 6
g mixamorig:Hips
f 3118/1778/3119 3117/1777/3118 3459/1837/3459
s 21
g mixamorig:Spine
f 3460/1956/3460 3457/1954/3457 3456/1953/3456
f 3457/1954/3457 3460/1956/3460 3461/1957/3461
f 3455/1952/3455 3462/1958/3462 3458/1955/3458
f 3463/1959/3463 3458/1955/3458 3462/1958/3462
g mixamorig:Hips
f 3462/1958/3462 3464/1960/3464 3463/1959/3463
f 3464/1960/3464 3465/1961/3465 3463/1959/3463
s 6
f 3119/1779/3120 3140/1799/3141 3117/1777/3118
f 3137/1796/3138 3141/1800/3142 3135/1794/3136
f 3139/1798/3140 3138/1797/3139 3141/1800/3142
s 21
f 3466/1962/3466 3467/1963/3467 3468/1964/3468
f 3467/1963/3467 3469/1965/3469 3470/1966/3470
s 7
f 3146/1803/3147 3145/1791/3146 3147/1789/3148
f 3148/1804/3149 3147/1789/3148 3149/1786/3150
f 3150/1805/3151 3149/1786/3150 3152/1783/3153
f 3150/1805/3151 3151/1780/3152 3154/1806/3155
f 3171/1779/3172 3168/1817/3169 3169/1797/3170
f 3171/1779/3172 3172/1819/3173 3170/1818/3171
f 3173/1778/3174 3471/1725/3471 3172/1819/3173
f 3472/1844/3472 3172/1819/3173 3471/1725/3471
f 3471/1725/3471 3473/1733/3473 3472/1844/3472
f 3474/1735/3474 3472/1844/3472 3473/1733/3473
s 22
g mixamorig:Spine
f 3475/1956/3475 3476/1967/3476 3477/1968/3477
f 3476/1967/3476 3475/1956/3475 3478/1953/3478
f 3479/1955/3479 3476/1967/3476 3478/1953/3478
f 3476/1967/3476 3479/1955/3479 3480/1969/3480
f 3479/1955/3479 3481/1959/3481 3480/1969/3480
f 3480/1969/3480 3481/1959/3481 3482/1970/3482
f 3481/1959/3481 3483/1971/3483 3482/1970/3482
f 3483/1971/3483 3481/1959/3481 3484/1961/3484
g mixamorig:Hips
f 3484/1961/3484 3485/1972/3485 3486/1973/3486
f 3484/1961/3484 3486/1973/3486 3483/1971/3483
f 3487/1974/3487 3486/1973/3486 3485/1972/3485
f 3486/1973/3486 3487/1974/3487 3488/1975/3488
f 3489/1965/3489 3488/1975/3488 3487/1974/3487
f 3488/1975/3488 3489/1965/3489 3490/1976/3490
f 3491/1977/3491 3490/1976/3490 3492/1963/3492
f 3492/1963/3492 3490/1976/3490 3489/1965/3489
f 3492/1963/3492 3493/1978/3493 3491/1977/3491
f 3493/1978/3493 3492/1963/3492 3494/1962/3494
f 3495/1979/3495 3493/1978/3493 3494/1962/3494
f 3493/1978/3493 3495/1979/3495 3496/1980/3496
f 3496/1980/3496 3497/1981/3497 3498/1982/3498
g mixamorig:Spine
f 3499/1983/3499 3500/1984/3500 3501/1985/3501
s 8
g mixamorig:Hips
f 3176/1822/3177 3177/1738/3178 3174/1820/3175
s 21
f 3502/1979/3502 3503/1986/3503 3504/1981/3504
s 8
g mixamorig:Spine
f 3178/1737/3179 3177/1738/3178 3176/1822/3177
g mixamorig:Hips
f 3505/1987/3505 3506/1988/3506 3507/1989/3507
f 3505/1987/3505 3507/1989/3507 3508/1990/3508
f 3505/1987/3505 3509/1991/3509 3506/1988/3506
s 21
g mixamorig:Spine
f 3510/1992/3510 3511/1984/3511 3512/1993/3512
g mixamorig:Hips
f 3469/1965/3469 3513/1994/3513 3470/1966/3470
f 3514/1974/3514 3515/1995/3515 3513/1994/3513
f 3465/1961/3465 3515/1995/3515 3516/1972/3516
s 8
f 3517/1857/3517 3518/1996/3518 3519/1856/3519
f 3517/1857/3517 3519/1856/3519 3520/1839/3520
s 6
f 3026/1725/3027 3118/1778/3119 3459/1837/3459
f 3026/1725/3027 3459/1837/3459 3027/1726/3028
f 3026/1725/3027 3025/1724/3026 3521/1733/3521
s 23
g mixamorig:Spine
f 3522/1997/3522 3523/1998/3523 3524/1999/3524
f 3522/1997/3522 3525/2000/3525 3523/1998/3523
f 3526/2001/3526 3523/1998/3523 3525/2000/3525
f 3527/2002/3527 3523/1998/3523 3526/2001/3526
f 3527/2002/3527 3528/2003/3528 3523/1998/3523
f 3528/2003/3528 3529/2004/3529 3523/1998/3523
g mixamorig:Hips
f 3530/2005/3530 3523/1998/3523 3529/2004/3529
f 3530/2005/3530 3531/2006/3531 3523/1998/3523
f 3531/2006/3531 3532/2007/3532 3523/1998/3523
f 3532/2007/3532 3533/2008/3533 3523/1998/3523
f 3533/2008/3533 3534/2009/3534 3523/1998/3523
f 3534/2009/3534 3535/2010/3535 3523/1998/3523
s 9
f 3536/2011/3536 3537/2012/3537 3029/1728/3030
f 3537/2012/3537 3538/2013/3538 3029/1728/3030
f 3539/2014/3539 3540/2015/3540 3029/1728/3030
f 3540/2015/3540 3541/2016/3541 3029/1728/3030
f 3541/2016/3541 3186/1826/3187 3029/1728/3030
f 3542/2017/3542 3029/1728/3030 3196/1836/3197
f 3030/1729/3031 3029/1728/3030 3542/2017/3542
s 10
f 3543/1796/3543 3544/1857/3544 3203/1798/3204
f 3544/1857/3544 3543/1796/3543 3545/1858/3545
f 3546/1987/3546 3547/1990/3547 3548/1784/3548
f 3549/1787/3549 3207/1840/3208 3546/1987/3546
f 3207/1840/3208 3549/1787/3549 3205/1785/3206
f 3207/1840/3208 3206/1788/3207 3209/1841/3210
f 3209/1841/3210 3208/1790/3209 3210/1842/3211
f 3211/1843/3212 3210/1842/3211 3035/1731/3036
s 24
f 3550/1992/3550 3551/1722/3551 3552/2018/3552
f 3553/1960/3553 3554/1856/3554 3555/1995/3555
f 3553/1960/3553 3556/1823/3556 3557/1848/3557
f 3556/1823/3556 3553/1960/3553 3558/1958/3558
g mixamorig:Spine
f 3559/1952/3559 3556/1823/3556 3558/1958/3558
f 3556/1823/3556 3559/1952/3559 3560/1821/3560
f 3561/1822/3561 3560/1821/3560 3562/1954/3562
f 3562/1954/3562 3560/1821/3560 3559/1952/3559
f 3562/1954/3562 3563/1737/3563 3561/1822/3561
f 3563/1737/3563 3562/1954/3562 3564/1957/3564
s 21
f 3565/1952/3565 3566/1954/3566 3567/1953/3567
f 3565/1952/3565 3567/1953/3567 3568/1955/3568
s 6
g mixamorig:Hips
f 3214/1778/3215 3213/1777/3214 3236/1779/3237
f 3217/1780/3218 3216/1781/3217 3220/1784/3221
f 3220/1784/3221 3219/1783/3220 3217/1780/3218
s 21
g mixamorig:Spine
f 3566/1954/3566 3569/1956/3569 3567/1953/3567
f 3569/1956/3569 3566/1954/3566 3570/1957/3570
g mixamorig:Hips
f 3571/1962/3571 3572/2019/3572 3573/2020/3573
s 6
f 3218/1782/3219 3574/1792/3574 3216/1781/3217
f 3218/1782/3219 3295/1793/3296 3574/1792/3574
s 21
g mixamorig:Spine
f 3575/1960/3575 3576/1959/3576 3577/1961/3577
f 3576/1959/3576 3575/1960/3575 3578/1958/3578
f 3578/1958/3578 3568/1955/3568 3576/1959/3576
f 3568/1955/3568 3578/1958/3578 3565/1952/3565
s 6
g mixamorig:Hips
f 3236/1779/3237 3235/1799/3236 3234/1797/3235
s 21
f 3579/1963/3579 3580/1966/3580 3581/1965/3581
f 3580/1966/3580 3579/1963/3579 3582/1964/3582
f 3571/1962/3571 3582/1964/3582 3579/1963/3579
f 3582/1964/3582 3571/1962/3571 3573/2020/3573
s 7
f 3046/1719/3047 3018/1718/3019 3021/1720/3022
f 3046/1719/3047 3238/1801/3239 3047/1716/3048
f 3583/1780/3583 3246/1805/3247 3584/1806/3584
f 3584/1806/3584 3585/1782/3585 3583/1780/3583
f 3585/1782/3585 3584/1806/3584 3586/1807/3586
f 3586/1807/3586 3248/1793/3249 3585/1782/3585
f 3248/1793/3249 3586/1807/3586 3249/1808/3250
f 3249/1808/3250 3250/1810/3251 3247/1809/3248
f 3261/1779/3262 3260/1817/3261 3263/1818/3264
f 3261/1779/3262 3262/1819/3263 3265/1778/3266
f 3264/1725/3265 3262/1819/3263 3267/1844/3268
f 3267/1844/3268 3266/1733/3267 3264/1725/3265
f 3049/1735/3050 3048/1734/3049 3266/1733/3267
s 22
g mixamorig:Spine
f 3587/1968/3587 3588/2021/3588 3589/2022/3589
f 3588/2021/3588 3587/1968/3587 3590/1956/3590
f 3591/1967/3591 3590/1956/3590 3587/1968/3587
f 3590/1956/3590 3591/1967/3591 3592/1953/3592
f 3591/1967/3591 3593/1955/3593 3592/1953/3592
f 3593/1955/3593 3591/1967/3591 3594/1969/3594
f 3595/1959/3595 3593/1955/3593 3594/1969/3594
f 3594/1969/3594 3596/1970/3596 3595/1959/3595
f 3597/1971/3597 3595/1959/3595 3596/1970/3596
f 3595/1959/3595 3597/1971/3597 3598/1961/3598
f 3597/1971/3597 3599/1973/3599 3598/1961/3598
g mixamorig:Hips
f 3600/1972/3600 3598/1961/3598 3599/1973/3599
f 3599/1973/3599 3601/1974/3601 3600/1972/3600
f 3601/1974/3601 3599/1973/3599 3602/1975/3602
f 3603/1965/3603 3601/1974/3601 3602/1975/3602
f 3603/1965/3603 3602/1975/3602 3604/1976/3604
f 3604/1976/3604 3605/1963/3605 3603/1965/3603
f 3605/1963/3605 3604/1976/3604 3606/1977/3606
f 3607/1978/3607 3605/1963/3605 3606/1977/3606
f 3605/1963/3605 3607/1978/3607 3608/1962/3608
f 3607/1978/3607 3609/1980/3609 3610/1979/3610
g mixamorig:Spine
f 3499/1983/3499 3611/1984/3611 3612/2023/3612
s 21
f 3570/1957/3570 3613/2021/3613 3569/1956/3569
f 3613/2021/3613 3570/1957/3570 3614/2024/3614
s 8
g mixamorig:Hips
f 3615/1990/3615 3616/1989/3616 3617/1987/3617
f 3617/1987/3617 3618/1991/3618 3619/1840/3619
f 3619/1840/3619 3620/2025/3620 3283/1841/3284
s 21
f 3581/1965/3581 3580/1966/3580 3621/1994/3621
f 3581/1965/3581 3621/1994/3621 3622/1974/3622
s 8
f 3275/1848/3276 3274/1838/3275 3277/1823/3278
f 3277/1823/3278 3269/1820/3270 3270/1821/3271
s 21
f 3621/1994/3621 3623/1995/3623 3622/1974/3622
f 3577/1961/3577 3623/1995/3623 3575/1960/3575
f 3622/1974/3622 3623/1995/3623 3624/1972/3624
f 3623/1995/3623 3577/1961/3577 3624/1972/3624
s 8
f 3279/1850/3280 3278/1849/3279 3625/2026/3625
f 3282/1853/3283 3626/2027/3626 3615/1990/3615
f 3627/2018/3627 3022/1721/3023 3288/1722/3289
f 3625/2026/3625 3278/1849/3279 3628/1858/3628
f 3625/2026/3625 3628/1858/3628 3629/1996/3629
f 3290/1856/3291 3276/1839/3277 3275/1848/3276
f 3629/1996/3629 3628/1858/3628 3291/1857/3292
f 3629/1996/3629 3291/1857/3292 3290/1856/3291
s 6
f 3214/1778/3215 3293/1725/3294 3215/1837/3216
f 3293/1725/3294 3212/1724/3213 3292/1726/3293
f 3293/1725/3294 3040/1733/3041 3212/1724/3213
f 3295/1793/3296 3294/1824/3295 3574/1792/3574
s 23
g mixamorig:Spine
f 3630/1997/3630 3524/1999/3524 3523/1998/3523
f 3630/1997/3630 3523/1998/3523 3631/2000/3631
f 3632/2001/3632 3631/2000/3631 3523/1998/3523
f 3633/2002/3633 3632/2001/3632 3523/1998/3523
f 3633/2002/3633 3523/1998/3523 3634/2003/3634
f 3634/2003/3634 3523/1998/3523 3635/2004/3635
g mixamorig:Hips
f 3636/2005/3636 3635/2004/3635 3523/1998/3523
f 3636/2005/3636 3523/1998/3523 3637/2006/3637
f 3637/2006/3637 3523/1998/3523 3638/2007/3638
f 3638/2007/3638 3523/1998/3523 3639/2008/3639
f 3639/2008/3639 3523/1998/3523 3640/2009/3640
s 9
f 3536/2011/3536 3029/1728/3030 3641/2012/3641
f 3641/2012/3641 3029/1728/3030 3642/2013/3642
f 3643/1826/3643 3029/1728/3030 3644/1827/3644
f 3644/1827/3644 3029/1728/3030 3645/1828/3645
f 3645/1828/3645 3029/1728/3030 3299/1829/3300
f 3646/2017/3646 3306/1836/3307 3029/1728/3030
f 3056/1729/3057 3646/2017/3646 3029/1728/3030
s 10
f 3327/1853/3328 3647/1784/3647 3326/1781/3327
f 3647/1784/3647 3327/1853/3328 3648/1990/3648
f 3648/1990/3648 3649/1987/3649 3647/1784/3647
f 3647/1784/3647 3649/1987/3649 3650/1787/3650
f 3649/1987/3649 3329/1840/3330 3650/1787/3650
f 3650/1787/3650 3329/1840/3330 3651/1785/3651
f 3329/1840/3330 3328/1788/3329 3651/1785/3651
s 24
f 3550/1992/3550 3652/1722/3652 3653/1993/3653
f 3654/2020/3654 3655/1847/3655 3656/1846/3656
f 3657/1964/3657 3654/2020/3654 3656/1846/3656
f 3658/1850/3658 3659/1966/3659 3657/1964/3657
f 3659/1966/3659 3658/1850/3658 3660/2026/3660
f 3660/2026/3660 3661/1994/3661 3659/1966/3659
f 3661/1994/3661 3660/2026/3660 3662/1996/3662
f 3662/1996/3662 3663/1995/3663 3661/1994/3661
f 3663/1995/3663 3662/1996/3662 3664/1856/3664
f 3664/1856/3664 3665/1960/3665 3663/1995/3663
f 3665/1960/3665 3664/1856/3664 3666/1848/3666
g mixamorig:Spine
f 3667/1958/3667 3665/1960/3665 3668/1823/3668
g mixamorig:Hips
f 3668/1823/3668 3665/1960/3665 3666/1848/3666
g mixamorig:Spine
f 3668/1823/3668 3669/1952/3669 3667/1958/3667
f 3669/1952/3669 3668/1823/3668 3670/1821/3670
f 3670/1821/3670 3671/1954/3671 3669/1952/3669
f 3671/1954/3671 3670/1821/3670 3672/1822/3672
f 3672/1822/3672 3673/1737/3673 3671/1954/3671
f 3674/1957/3674 3671/1954/3671 3673/1737/3673
f 3673/1737/3673 3675/2024/3675 3674/1957/3674
f 3675/2024/3675 3673/1737/3673 3676/1740/3676
s 16
f 3677/2028/3677 3678/2029/3678 3679/2030/3679
f 3678/2029/3678 3680/2031/3680 3679/2030/3679
f 3681/2032/3681 3677/2028/3677 3682/2033/3682
f 3682/2033/3682 3677/2028/3677 3679/2030/3679
f 3682/2033/3682 3683/2034/3683 3681/2032/3681
f 3683/2034/3683 3682/2033/3682 3684/2035/3684
f 3684/2035/3684 3685/2036/3685 3683/2034/3683
g mixamorig:Hips
f 3686/2037/3686 3338/1863/3339 3339/1864/3340
f 3686/2037/3686 3339/1864/3340 3344/1868/3345
f 3686/2037/3686 3344/1868/3345 3346/1869/3347
s 11
f 3687/2038/3687 3065/1741/3066 3688/1748/3688
g mixamorig:Spine
f 3688/1748/3688 3689/2039/3689 3687/2038/3687
f 3066/1742/3067 3065/1741/3066 3687/2038/3687
g mixamorig:Hips
f 3689/2039/3689 3688/1748/3688 3690/2040/3690
g mixamorig:Spine
f 3689/2039/3689 3690/2040/3690 3691/2041/3691
g mixamorig:Hips
f 3691/2041/3691 3690/2040/3690 3692/2042/3692
g mixamorig:Spine
f 3691/2041/3691 3692/2042/3692 3693/2043/3693
f 3693/2043/3693 3692/2042/3692 3694/2044/3694
s 25
f 3695/2045/3695 3696/2046/3696 3697/2047/3697
f 3697/2047/3697 3696/2046/3696 3698/2048/3698
f 3697/2047/3697 3698/2048/3698 3699/2049/3699
f 3696/2046/3696 3700/2050/3700 3698/2048/3698
f 3695/2045/3695 3701/2051/3701 3696/2046/3696
f 3696/2046/3696 3702/2052/3702 3700/2050/3700
f 3696/2046/3696 3701/2051/3701 3702/2052/3702
f 3701/2051/3701 3703/2053/3703 3702/2052/3702
f 3695/2045/3695 3704/2054/3704 3701/2051/3701
f 3701/2051/3701 3704/2054/3704 3705/2055/3705
f 3701/2051/3701 3705/2055/3705 3703/2053/3703
g mixamorig:Hips
f 3704/2054/3704 3706/2056/3706 3705/2055/3705
f 3695/2045/3695 3707/2057/3707 3704/2054/3704
f 3695/2045/3695 3697/2047/3697 3707/2057/3707
f 3704/2054/3704 3707/2057/3707 3708/2058/3708
f 3704/2054/3704 3708/2058/3708 3706/2056/3706
f 3707/2057/3707 3709/2059/3709 3708/2058/3708
f 3697/2047/3697 3699/2049/3699 3710/2060/3710
f 3707/2057/3707 3710/2060/3710 3709/2059/3709
f 3707/2057/3707 3697/2047/3697 3710/2060/3710
g mixamorig:Spine
f 3711/2061/3711 3699/2049/3699 3698/2048/3698
f 3699/2049/3699 3711/2061/3711 3712/2062/3712
g mixamorig:Hips
f 3712/2062/3712 3710/2060/3710 3699/2049/3699
g mixamorig:Spine
f 3713/2063/3713 3700/2050/3700 3702/2052/3702
f 3700/2050/3700 3713/2063/3713 3714/2064/3714
f 3714/2064/3714 3698/2048/3698 3700/2050/3700
f 3714/2064/3714 3711/2061/3711 3698/2048/3698
f 3715/2065/3715 3713/2063/3713 3702/2052/3702
f 3715/2065/3715 3702/2052/3702 3703/2053/3703
f 3703/2053/3703 3716/2066/3716 3715/2065/3715
g mixamorig:Hips
f 3717/2067/3717 3706/2056/3706 3708/2058/3708
f 3706/2056/3706 3717/2067/3717 3718/2068/3718
f 3712/2062/3712 3719/2069/3719 3710/2060/3710
f 3719/2069/3719 3709/2059/3709 3710/2060/3710
f 3709/2059/3709 3719/2069/3719 3720/2070/3720
f 3720/2070/3720 3708/2058/3708 3709/2059/3709
f 3720/2070/3720 3717/2067/3717 3708/2058/3708
s 16
g mixamorig:Spine
f 3680/2031/3680 3678/2029/3678 3721/2071/3721
f 3680/2031/3680 3721/2071/3721 3722/2072/3722
f 3680/2031/3680 3722/2072/3722 3723/2073/3723
f 3724/2074/3724 3680/2031/3680 3723/2073/3723
f 3680/2031/3680 3724/2074/3724 3679/2030/3679
f 3679/2030/3679 3725/2075/3725 3682/2033/3682
f 3725/2075/3725 3679/2030/3679 3724/2074/3724
f 3725/2075/3725 3684/2035/3684 3682/2033/3682
f 3684/2035/3684 3725/2075/3725 3726/2076/3726
f 3726/2076/3726 3727/2077/3727 3728/2078/3728
g mixamorig:Hips
f 3341/1866/3342 3339/1864/3340 3334/1859/3335
s 12
f 3347/1870/3348 3069/1745/3070 3729/1867/3729
f 3730/1866/3730 3347/1870/3348 3729/1867/3729
f 3347/1870/3348 3730/1866/3730 3731/2079/3731
g mixamorig:Spine
f 3732/2076/3732 3733/2080/3733 3734/2081/3734
f 3733/2080/3733 3732/2076/3732 3735/2075/3735
f 3736/2074/3736 3733/2080/3733 3735/2075/3735
f 3733/2080/3733 3736/2074/3736 3737/2082/3737
f 3736/2074/3736 3738/2083/3738 3737/2082/3737
f 3738/2083/3738 3736/2074/3736 3739/2073/3739
f 3740/2072/3740 3738/2083/3738 3739/2073/3739
f 3738/2083/3738 3740/2072/3740 3741/2084/3741
s 13
g mixamorig:Hips
f 3073/1748/3074 3072/1746/3073 3742/1870/3742
f 3742/1870/3742 3743/2040/3743 3073/1748/3074
g mixamorig:Spine
f 3744/2043/3744 3745/2044/3745 3746/2085/3746
f 3747/2041/3747 3744/2043/3744 3748/2080/3748
f 3749/2081/3749 3748/2080/3748 3744/2043/3744
f 3750/2039/3750 3747/2041/3747 3751/2082/3751
f 3748/2080/3748 3751/2082/3751 3747/2041/3747
f 3752/2083/3752 3750/2039/3750 3751/2082/3751
f 3750/2039/3750 3752/2083/3752 3753/2038/3753
f 3754/1742/3754 3753/2038/3753 3752/2083/3752
f 3752/2083/3752 3755/2084/3755 3754/1742/3754
s 17
f 3756/2086/3756 3757/2087/3757 3350/1873/3351
f 3757/2087/3757 3758/2088/3758 3350/1873/3351
f 3758/2088/3758 3759/2089/3759 3350/1873/3351
f 3759/2089/3759 3760/2090/3760 3350/1873/3351
g mixamorig:Hips
f 3349/1872/3350 3761/2091/3761 3350/1873/3351
f 3761/2091/3761 3762/2092/3762 3350/1873/3351
g mixamorig:Spine
f 3763/2093/3763 3756/2086/3756 3350/1873/3351
s 18
f 3764/2028/3764 3765/2032/3765 3766/2094/3766
f 3767/2034/3767 3766/2094/3766 3765/2032/3765
f 3766/2094/3766 3767/2034/3767 3768/2095/3768
f 3768/2095/3768 3769/2036/3769 3770/2096/3770
s 19
g mixamorig:Hips
f 3771/2097/3771 3772/2098/3772 3773/2099/3773
f 3772/2098/3772 3771/2097/3771 3774/2100/3774
f 3771/2097/3771 3773/2099/3773 3775/2101/3775
f 3776/2102/3776 3775/2101/3775 3773/2099/3773
f 3776/2102/3776 3777/2103/3777 3775/2101/3775
f 3777/2103/3777 3776/2102/3776 3778/2104/3778
f 3777/2103/3777 3778/2104/3778 3779/1877/3779
f 3779/1877/3779 3778/2104/3778 3780/1876/3780
f 3781/1875/3781 3779/1877/3779 3780/1876/3780
f 3779/1877/3779 3781/1875/3781 3782/1879/3782
f 3783/1878/3783 3782/1879/3782 3781/1875/3781
f 3782/1879/3782 3783/1878/3783 3784/1880/3784
f 3784/1880/3784 3783/1878/3783 3785/1881/3785
f 3783/1878/3783 3786/1882/3786 3785/1881/3785
f 3786/1882/3786 3357/1751/3358 3785/1881/3785
f 3357/1751/3358 3786/1882/3786 3355/1750/3356
f 3356/1749/3357 3355/1750/3356 3787/1883/3787
f 3774/2100/3774 3771/2097/3771 3788/1885/3788
f 3789/1888/3789 3790/1884/3790 3788/1885/3788
f 3788/1885/3788 3790/1884/3790 3791/1752/3791
f 3791/1752/3791 3785/1881/3785 3357/1751/3358
f 3356/1749/3357 3791/1752/3791 3357/1751/3358
f 3788/1885/3788 3791/1752/3791 3792/1886/3792
f 3792/1886/3792 3774/2100/3774 3788/1885/3788
f 3791/1752/3791 3356/1749/3357 3793/1753/3793
f 3792/1886/3792 3791/1752/3791 3793/1753/3793
f 3789/1888/3789 3794/1887/3794 3790/1884/3790
f 3794/1887/3794 3789/1888/3789 3795/2105/3795
f 3794/1887/3794 3795/2105/3795 3796/1897/3796
f 3796/1897/3796 3795/2105/3795 3797/2106/3797
f 3797/2106/3797 3798/1898/3798 3796/1897/3796
s 26
f 3799/2107/3799 3800/2108/3800 3801/2109/3801
f 3800/2108/3800 3802/2110/3802 3803/2111/3803
f 3800/2108/3800 3803/2111/3803 3801/2109/3801
f 3801/2109/3801 3803/2111/3803 3804/2112/3804
f 3799/2107/3799 3801/2109/3801 3805/2113/3805
f 3801/2109/3801 3806/2114/3806 3805/2113/3805
f 3801/2109/3801 3804/2112/3804 3806/2114/3806
f 3805/2113/3805 3806/2114/3806 3807/2115/3807
f 3799/2107/3799 3805/2113/3805 3808/1889/3808
f 3805/2113/3805 3807/2115/3807 3809/1891/3809
f 3805/2113/3805 3809/1891/3809 3808/1889/3808
f 3808/1889/3808 3809/1891/3809 3810/1890/3810
f 3799/2107/3799 3811/1892/3811 3800/2108/3800
f 3799/2107/3799 3808/1889/3808 3811/1892/3811
f 3808/1889/3808 3812/1893/3812 3811/1892/3811
f 3808/1889/3808 3810/1890/3810 3812/1893/3812
f 3811/1892/3811 3812/1893/3812 3813/2116/3813
f 3811/1892/3811 3814/2117/3814 3800/2108/3800
f 3800/2108/3800 3814/2117/3814 3802/2110/3802
f 3811/1892/3811 3813/2116/3813 3814/2117/3814
f 3815/2118/3815 3802/2110/3802 3814/2117/3814
f 3816/2119/3816 3803/2111/3803 3802/2110/3802
f 3802/2110/3802 3815/2118/3815 3816/2119/3816
f 3817/2120/3817 3803/2111/3803 3816/2119/3816
f 3817/2120/3817 3804/2112/3804 3803/2111/3803
f 3818/2121/3818 3806/2114/3806 3804/2112/3804
f 3804/2112/3804 3817/2120/3817 3818/2121/3818
f 3819/2122/3819 3806/2114/3806 3818/2121/3818
f 3819/2122/3819 3807/2115/3807 3806/2114/3806
f 3820/1896/3820 3809/1891/3809 3807/2115/3807
f 3807/2115/3807 3819/2122/3819 3820/1896/3820
f 3821/1895/3821 3809/1891/3809 3820/1896/3820
f 3821/1895/3821 3810/1890/3810 3809/1891/3809
f 3822/1894/3822 3812/1893/3812 3810/1890/3810
f 3810/1890/3810 3821/1895/3821 3822/1894/3822
f 3823/2123/3823 3813/2116/3813 3812/1893/3812
f 3823/2123/3823 3812/1893/3812 3822/1894/3822
f 3813/2116/3813 3823/2123/3823 3824/2124/3824
f 3815/2118/3815 3814/2117/3814 3824/2124/3824
f 3824/2124/3824 3814/2117/3814 3813/2116/3813
s 19
f 3825/2125/3825 3772/2098/3772 3774/2100/3774
f 3774/2100/3774 3792/1886/3792 3825/2125/3825
f 3772/2098/3772 3825/2125/3825 3826/2126/3826
f 3827/1888/3827 3788/1885/3788 3771/2097/3771
f 3775/2101/3775 3827/1888/3827 3771/2097/3771
f 3827/1888/3827 3775/2101/3775 3828/2105/3828
f 3777/2103/3777 3828/2105/3828 3775/2101/3775
f 3779/1877/3779 3829/2106/3829 3777/2103/3777
f 3828/2105/3828 3777/2103/3777 3829/2106/3829
f 3829/2106/3829 3779/1877/3779 3830/1898/3830
f 3779/1877/3779 3831/1897/3831 3830/1898/3830
f 3831/1897/3831 3779/1877/3779 3782/1879/3782
f 3782/1879/3782 3832/1887/3832 3831/1897/3831
f 3832/1887/3832 3782/1879/3782 3784/1880/3784
f 3785/1881/3785 3832/1887/3832 3784/1880/3784
f 3785/1881/3785 3791/1752/3791 3833/1884/3833
f 3832/1887/3832 3785/1881/3785 3833/1884/3833
s 14
f 3834/2097/3834 3835/2098/3835 3836/2100/3836
f 3835/2098/3835 3834/2097/3834 3837/2099/3837
f 3838/2101/3838 3837/2099/3837 3834/2097/3834
f 3838/2101/3838 3839/2102/3839 3837/2099/3837
f 3840/2103/3840 3839/2102/3839 3838/2101/3838
f 3840/2103/3840 3841/2104/3841 3839/2102/3839
f 3360/1877/3361 3841/2104/3841 3840/2103/3840
f 3360/1877/3361 3359/1876/3360 3841/2104/3841
f 3360/1877/3361 3362/1879/3363 3358/1875/3359
f 3834/2097/3834 3836/2100/3836 3368/1885/3369
f 3368/1885/3369 3367/1884/3368 3371/1888/3372
f 3836/2100/3836 3369/1886/3370 3368/1885/3369
f 3369/1886/3370 3081/1753/3082 3080/1752/3081
f 3371/1888/3372 3370/1887/3371 3842/2105/3842
f 3842/2105/3842 3370/1887/3371 3843/1897/3843
f 3842/2105/3842 3843/1897/3843 3844/2106/3844
f 3844/2106/3844 3843/1897/3843 3845/1898/3845
s 20
f 3846/2107/3846 3847/2109/3847 3848/2108/3848
f 3848/2108/3848 3847/2109/3847 3849/2111/3849
f 3848/2108/3848 3849/2111/3849 3850/2110/3850
f 3847/2109/3847 3851/2112/3851 3849/2111/3849
f 3846/2107/3846 3852/2113/3852 3847/2109/3847
f 3847/2109/3847 3852/2113/3852 3853/2114/3853
f 3847/2109/3847 3853/2114/3853 3851/2112/3851
f 3852/2113/3852 3854/2115/3854 3853/2114/3853
f 3846/2107/3846 3372/1889/3373 3852/2113/3852
f 3852/2113/3852 3372/1889/3373 3374/1891/3375
f 3852/2113/3852 3374/1891/3375 3854/2115/3854
f 3846/2107/3846 3375/1892/3376 3372/1889/3373
f 3846/2107/3846 3848/2108/3848 3375/1892/3376
f 3375/1892/3376 3855/2116/3855 3376/1893/3377
f 3375/1892/3376 3848/2108/3848 3856/2117/3856
f 3848/2108/3848 3850/2110/3850 3856/2117/3856
f 3375/1892/3376 3856/2117/3856 3855/2116/3855
f 3857/2119/3857 3850/2110/3850 3849/2111/3849
f 3858/2118/3858 3856/2117/3856 3850/2110/3850
f 3850/2110/3850 3857/2119/3857 3858/2118/3858
f 3859/2121/3859 3851/2112/3851 3853/2114/3853
f 3860/2120/3860 3849/2111/3849 3851/2112/3851
f 3860/2120/3860 3857/2119/3857 3849/2111/3849
f 3851/2112/3851 3859/2121/3859 3860/2120/3860
f 3379/1896/3380 3854/2115/3854 3374/1891/3375
f 3861/2122/3861 3853/2114/3853 3854/2115/3854
f 3861/2122/3861 3859/2121/3859 3853/2114/3853
f 3854/2115/3854 3379/1896/3380 3861/2122/3861
f 3858/2118/3858 3862/2124/3862 3856/2117/3856
f 3862/2124/3862 3855/2116/3855 3856/2117/3856
f 3855/2116/3855 3862/2124/3862 3863/2123/3863
f 3863/2123/3863 3377/1894/3378 3376/1893/3377
f 3863/2123/3863 3376/1893/3377 3855/2116/3855
s 14
f 3835/2098/3835 3864/2125/3864 3836/2100/3836
f 3369/1886/3370 3836/2100/3836 3864/2125/3864
f 3864/2125/3864 3835/2098/3835 3865/2126/3865
f 3866/1888/3866 3838/2101/3838 3834/2097/3834
f 3834/2097/3834 3368/1885/3369 3866/1888/3866
f 3838/2101/3838 3866/1888/3866 3867/2105/3867
f 3867/2105/3867 3840/2103/3840 3838/2101/3838
f 3868/2106/3868 3360/1877/3361 3840/2103/3840
f 3840/2103/3840 3867/2105/3867 3868/2106/3868
f 3360/1877/3361 3868/2106/3868 3381/1898/3382
f 3360/1877/3361 3380/1897/3381 3362/1879/3363
s 1
f 3869/2127/3869 3870/2128/3870 3871/1919/3871
f 3870/2128/3870 3869/2127/3869 3872/2129/3872
f 3873/2130/3873 3872/2129/3872 3869/2127/3869
f 3872/2129/3872 3873/2130/3873 3874/2131/3874
f 3386/1901/3387 3874/2131/3874 3873/2130/3873
f 3874/2131/3874 3386/1901/3387 3385/1900/3386
g mixamorig:Spine
f 3385/1900/3386 3384/1899/3385 3388/1903/3389
f 3390/1905/3391 3387/1902/3388 3875/1917/3875
f 3876/2132/3876 3390/1905/3391 3875/1917/3875
f 3876/2132/3876 3875/1917/3875 3877/2133/3877
g mixamorig:Hips
f 3877/2133/3877 3878/2134/3878 3876/2132/3876
f 3878/2134/3878 3877/2133/3877 3879/2135/3879
f 3879/2135/3879 3880/2136/3880 3878/2134/3878
f 3880/2136/3880 3879/2135/3879 3881/2137/3881
f 3881/2137/3881 3882/2138/3882 3880/2136/3880
f 3882/2138/3882 3881/2137/3881 3883/2139/3883
f 3882/2138/3882 3883/2139/3883 3392/1907/3393
f 3391/1906/3392 3882/2138/3882 3392/1907/3393
f 3391/1906/3392 3083/1754/3084 3884/1765/3884
f 3884/1765/3884 3083/1754/3084 3082/1704/3083
f 3086/1757/3087 2982/1694/2983 3084/1755/3085
f 3085/1756/3086 3084/1755/3085 3885/1763/3885
f 3870/2128/3870 3885/1763/3885 3871/1919/3871
f 3885/1763/3885 3870/2128/3870 3085/1756/3086
s 2
f 3886/2140/3886 3887/2141/3887 2985/1697/2986
f 3394/1909/3395 3886/2140/3886 2985/1697/2986
g mixamorig:Spine
f 3888/1910/3888 3396/1911/2986 2985/1697/2986
g mixamorig:Hips
f 3889/1908/3889 3888/1910/3888 2985/1697/2986
f 3890/1909/3890 3889/1908/3889 2985/1697/2986
f 3891/2140/3891 3890/1909/3890 2985/1697/2986
f 3892/2141/3892 3891/2140/3891 2985/1697/2986
f 3397/1912/3397 3892/2141/3892 2985/1697/2986
f 3887/2141/3887 3398/1912/3398 2985/1697/2986
s 3
f 3893/2142/3893 3894/2127/3894 3409/1919/3409
f 3894/2127/3894 3893/2142/3893 3895/2143/3895
f 3896/2130/3896 3894/2127/3894 3895/2143/3895
f 3896/2130/3896 3895/2143/3895 3897/2144/3897
f 3897/2144/3897 3400/1901/3400 3896/2130/3896
g mixamorig:Spine
f 3400/1901/3400 3897/2144/3897 3401/1913/3401
f 3405/1916/3405 3403/1902/3403 3404/1915/3404
f 3405/1916/3405 3898/2145/3898 3406/1917/3406
f 3899/2133/3899 3406/1917/3406 3898/2145/3898
f 3898/2145/3898 3900/2146/3900 3899/2133/3899
g mixamorig:Hips
f 3901/2135/3901 3899/2133/3899 3900/2146/3900
f 3900/2146/3900 3902/2147/3902 3901/2135/3901
f 3903/2137/3903 3901/2135/3901 3902/2147/3902
f 3904/2139/3904 3903/2137/3903 3905/2148/3905
f 3903/2137/3903 3902/2147/3902 3905/2148/3905
f 3408/1918/3408 3904/2139/3904 3905/2148/3905
f 3904/2139/3904 3408/1918/3408 3407/1907/3407
f 3407/1907/3407 3092/1759/3093 3091/1754/3092
f 3409/1919/3409 3097/1762/3098 3893/2142/3893
s 4
f 3906/2128/3906 3907/2149/3907 3908/2150/3908
f 3907/2149/3907 3906/2128/3906 3909/2129/3909
f 3909/2129/3909 3910/2151/3910 3907/2149/3907
f 3910/2151/3910 3909/2129/3909 3911/2131/3911
f 3912/2152/3912 3910/2151/3910 3911/2131/3911
f 3911/2131/3911 3411/1900/3411 3912/2152/3912
f 3411/1900/3411 3410/1920/3410 3912/2152/3912
f 3913/2153/3913 3414/1921/3414 3415/1905/3415
f 3914/2154/3914 3913/2153/3913 3915/2132/3915
f 3915/2132/3915 3913/2153/3913 3415/1905/3415
f 3916/2134/3916 3914/2154/3914 3915/2132/3915
f 3914/2154/3914 3916/2134/3916 3917/2155/3917
f 3918/2136/3918 3917/2155/3917 3916/2134/3916
f 3917/2155/3917 3918/2136/3918 3919/2156/3919
f 3918/2136/3918 3920/2138/3920 3919/2156/3919
f 3921/2157/3921 3919/2156/3919 3920/2138/3920
f 3920/2138/3920 3922/2158/3922 3921/2157/3921
f 3922/2158/3922 3920/2138/3920 3923/1906/3923
f 3099/1764/3100 3922/2158/3922 3923/1906/3923
f 3099/1764/3100 3923/1906/3923 3100/1765/3101
f 3099/1764/3100 2997/1704/2998 2996/1703/2997
f 2996/1703/2997 2995/1686/2996 2999/1705/3000
f 3102/1766/3103 3101/1694/3102 3924/1757/3924
f 3925/1756/3925 3102/1766/3103 3924/1757/3924
f 3906/2128/3906 3926/2159/3926 3925/1756/3925
f 3102/1766/3103 3925/1756/3925 3926/2159/3926
f 3926/2159/3926 3906/2128/3906 3908/2150/3908
s 5
f 3927/2149/3927 3928/2160/3928 3929/2161/3929
f 3929/2161/3929 3930/2150/3930 3927/2149/3927
f 3931/2151/3931 3928/2160/3928 3927/2149/3927
f 3928/2160/3928 3931/2151/3931 3932/2162/3932
f 3933/2152/3933 3932/2162/3932 3931/2151/3931
f 3932/2162/3932 3933/2152/3933 3934/2163/3934
f 3933/2152/3933 3418/1920/3418 3934/2163/3934
f 3934/2163/3934 3418/1920/3418 3417/1922/3417
f 3420/1924/3420 3416/1921/3416 3935/2153/3935
f 3935/2153/3935 3936/2164/3936 3420/1924/3420
f 3936/2164/3936 3935/2153/3935 3937/2154/3937
f 3937/2154/3937 3938/2165/3938 3936/2164/3936
f 3938/2165/3938 3937/2154/3937 3939/2155/3939
f 3939/2155/3939 3940/2166/3940 3938/2165/3938
f 3940/2166/3940 3939/2155/3939 3941/2156/3941
f 3941/2156/3941 3942/2167/3942 3940/2166/3940
f 3942/2167/3942 3941/2156/3941 3943/2157/3943
f 3943/2157/3943 3944/2158/3944 3942/2167/3942
f 3942/2167/3942 3944/2158/3944 3945/2168/3945
f 3946/1764/3939 3945/2168/3945 3944/2158/3944
f 3945/2168/3945 3946/1764/3939 3947/2169/3946
f 3006/1703/3007 3947/2169/3946 3946/1764/3939
f 3947/2169/3946 3006/1703/3007 3005/1709/3006
f 3105/1766/3106 3427/1931/3427 3104/1767/3105
f 3427/1931/3427 3105/1766/3106 3948/2159/3947
f 3929/2161/3929 3948/2159/3947 3930/2150/3930
f 3948/2159/3947 3929/2161/3929 3427/1931/3427
f 3928/2160/3928 3949/2170/3948 3929/2161/3929
f 3949/2170/3948 3928/2160/3928 3950/2171/3949
f 3932/2162/3932 3950/2171/3949 3928/2160/3928
f 3934/2163/3934 3951/2172/3950 3932/2162/3932
f 3950/2171/3949 3932/2162/3932 3951/2172/3950
f 3934/2163/3934 3417/1922/3417 3952/2173/3951
f 3951/2172/3950 3934/2163/3934 3952/2173/3951
f 3952/2173/3951 3417/1922/3417 3421/1925/3421
f 3421/1925/3421 3419/1923/3419 3423/1927/3423
f 3422/1926/3422 3419/1923/3419 3420/1924/3420
f 3420/1924/3420 3953/2174/3952 3422/1926/3422
f 3953/2174/3952 3420/1924/3420 3936/2164/3936
f 3954/2175/3953 3936/2164/3936 3938/2165/3938
f 3936/2164/3936 3954/2175/3953 3953/2174/3952
f 3955/2176/3954 3954/2175/3953 3938/2165/3938
f 3938/2165/3938 3940/2166/3940 3955/2176/3954
f 3956/2177/3955 3940/2166/3940 3942/2167/3942
f 3940/2166/3940 3956/2177/3955 3955/2176/3954
f 3942/2167/3942 3957/2178/3956 3956/2177/3955
f 3942/2167/3942 3945/2168/3945 3957/2178/3956
f 3945/2168/3945 3425/1929/3425 3957/2178/3956
f 3947/2169/3946 3005/1709/3006 3425/1929/3425
f 3945/2168/3945 3947/2169/3946 3425/1929/3425
f 3958/2179/3957 3428/1932/3428 3427/1931/3427
f 3929/2161/3929 3958/2179/3957 3427/1931/3427
f 3958/2179/3957 3929/2161/3929 3949/2170/3948
s 15
f 3959/2180/3958 3960/2170/3959 3961/2171/3960
f 3960/2170/3959 3959/2180/3958 3962/2181/3961
f 3961/2171/3960 3963/2182/3962 3959/2180/3958
f 3961/2171/3960 3964/2172/3963 3963/2182/3962
f 3965/2173/3964 3963/2182/3962 3964/2172/3963
f 3963/2182/3962 3965/2173/3964 3966/2183/3965
f 3431/1925/3431 3966/2183/3965 3965/2173/3964
f 3966/2183/3965 3431/1925/3431 3430/1933/3430
f 3430/1933/3430 3429/1927/3429 3433/1935/3433
f 3434/1926/3434 3448/1945/3448 3432/1934/3432
f 3448/1945/3448 3434/1926/3434 3967/2174/3966
f 3967/2174/3966 3968/2184/3967 3448/1945/3448
f 3968/2184/3967 3967/2174/3966 3969/2175/3968
f 3968/2184/3967 3969/2175/3968 3970/2176/3969
f 3968/2184/3967 3970/2176/3969 3971/2185/3970
f 3972/2177/3971 3971/2185/3970 3970/2176/3969
f 3971/2185/3970 3972/2177/3971 3973/2186/3972
f 3974/2178/3973 3973/2186/3972 3972/2177/3971
f 3973/2186/3972 3974/2178/3973 3975/2187/3974
f 3974/2178/3973 3976/1929/3975 3975/2187/3974
f 3976/1929/3975 3437/1937/3437 3975/2187/3974
f 3976/1929/3975 3435/1928/3435 3437/1937/3437
f 3962/2181/3961 3977/2179/3976 3960/2170/3959
f 3977/2179/3976 3443/1940/3443 3442/1932/3442
f 3977/2179/3976 3962/2181/3961 3443/1940/3443
f 3978/2188/3977 3959/2180/3958 3963/2182/3962
f 3978/2188/3977 3962/2181/3961 3959/2180/3958
f 3962/2181/3961 3978/2188/3977 3979/2189/3978
f 3962/2181/3961 3979/2189/3978 3443/1940/3443
f 3978/2188/3977 3963/2182/3962 3980/2190/3979
f 3966/2183/3965 3980/2190/3979 3963/2182/3962
f 3980/2190/3979 3966/2183/3965 3981/2191/3980
f 3430/1933/3430 3981/2191/3980 3966/2183/3965
f 3981/2191/3980 3430/1933/3430 3445/1942/3445
f 3445/1942/3445 3430/1933/3430 3433/1935/3433
f 3448/1945/3448 3454/1951/3454 3447/1944/3447
f 3454/1951/3454 3448/1945/3448 3968/2184/3967
f 3968/2184/3967 3982/2192/3981 3454/1951/3454
f 3973/2186/3972 3982/2192/3981 3971/2185/3970
f 3968/2184/3967 3971/2185/3970 3982/2192/3981
f 3982/2192/3981 3973/2186/3972 3983/2193/3982
f 3975/2187/3974 3983/2193/3982 3973/2186/3972
f 3984/2194/3983 3975/2187/3974 3437/1937/3437
f 3983/2193/3982 3975/2187/3974 3984/2194/3983
f 3437/1937/3437 3450/1947/3450 3984/2194/3983
f 3437/1937/3437 3436/1936/3436 3450/1947/3450
f 3449/1946/3449 3110/1771/3111 3114/1774/3115
f 3115/1775/3116 3113/1773/3114 3112/1772/3113
f 3451/1948/3451 3112/1772/3113 3439/1938/3439
f 3979/2189/3978 3985/2195/3984 3443/1940/3443
f 3443/1940/3443 3985/2195/3984 3441/1939/3441
f 3441/1939/3441 3985/2195/3984 3452/1949/3452
f 3984/2194/3983 3450/1947/3450 3453/1950/3453
f 3979/2189/3978 3978/2188/3977 3453/1950/3453
f 3978/2188/3977 3980/2190/3979 3453/1950/3453
f 3980/2190/3979 3981/2191/3980 3453/1950/3453
f 3981/2191/3980 3445/1942/3445 3453/1950/3453
f 3445/1942/3445 3444/1941/3444 3453/1950/3453
f 3454/1951/3454 3982/2192/3981 3453/1950/3453
f 3982/2192/3981 3983/2193/3982 3453/1950/3453
f 3983/2193/3982 3984/2194/3983 3453/1950/3453
f 3985/2195/3984 3979/2189/3978 3453/1950/3453
f 3450/1947/3450 3449/1946/3449 3453/1950/3453
f 3449/1946/3449 3114/1774/3115 3453/1950/3453
f 3115/1775/3116 3451/1948/3451 3453/1950/3453
f 3451/1948/3451 3452/1949/3452 3453/1950/3453
f 3452/1949/3452 3985/2195/3984 3453/1950/3453
s 6
f 3121/1781/3122 3120/1780/3121 3124/1784/3125
f 3124/1784/3125 3123/1783/3124 3127/1787/3128
s 21
f 3986/2019/3985 3502/1979/3502 3466/1962/3466
f 3986/2019/3985 3466/1962/3466 3987/2020/3986
s 6
f 3133/1792/3134 3122/1782/3123 3121/1781/3122
s 21
f 3988/2196/3987 3989/2197/3988 3990/2198/3989
f 3989/2197/3988 3988/2196/3987 3991/2199/3990
f 3992/2200/3991 3993/2201/3992 3994/2202/3993
f 3993/2201/3992 3992/2200/3991 3995/2203/3994
f 3995/2203/3994 3988/2196/3987 3993/2201/3992
f 3988/2196/3987 3995/2203/3994 3991/2199/3990
s 6
f 3136/1795/3137 3135/1794/3136 3183/1813/3184
s 21
f 3468/1964/3468 3987/2020/3986 3466/1962/3466
f 3470/1966/3470 3468/1964/3468 3467/1963/3467
s 7
f 3144/1802/3145 3142/1715/3143 3145/1791/3146
s 22
f 3497/1981/3497 3496/1980/3496 3495/1979/3495
f 3497/1981/3497 3996/2197/3995 3498/1982/3498
f 3997/2204/3996 3498/1982/3498 3996/2197/3995
f 3998/2199/3997 3997/2204/3996 3996/2197/3995
f 3997/2204/3996 3998/2199/3997 3999/2205/3998
f 3998/2199/3997 4000/2203/3999 3999/2205/3998
f 3999/2205/3998 4000/2203/3999 4001/2206/4000
f 4000/2203/3999 4002/2200/4001 4001/2206/4000
f 4001/2206/4000 4002/2200/4001 4003/2207/4002
f 4002/2200/4001 4004/2208/4003 4003/2207/4002
f 4005/2209/4004 4003/2207/4002 4004/2208/4003
f 4004/2208/4003 4006/2210/4005 4005/2209/4004
f 4007/2211/4006 4005/2209/4004 4006/2210/4005
g mixamorig:Spine
f 4006/2210/4005 3500/1984/3500 4007/2211/4006
f 4008/2023/4007 4007/2211/4006 3500/1984/3500
f 3500/1984/3500 3499/1983/3499 4008/2023/4007
s 21
g mixamorig:Hips
f 3990/2198/3989 3989/2197/3988 3504/1981/3504
f 3503/1986/3503 3502/1979/3502 3986/2019/3985
f 3990/2198/3989 3504/1981/3504 3503/1986/3503
f 4009/2208/4008 3992/2200/3991 3994/2202/3993
f 4009/2208/4008 3994/2202/3993 4010/2212/4009
f 4011/2210/4010 4009/2208/4008 4010/2212/4009
f 4011/2210/4010 4010/2212/4009 4012/2213/4011
s 8
f 4013/1846/4012 4014/1845/4013 4015/1847/4014
f 4014/1845/4013 4013/1846/4012 4016/1852/4015
f 3509/1991/3509 3505/1987/3505 4017/1840/4016
f 3509/1991/3509 4017/1840/4016 4018/2025/4017
f 4018/2025/4017 4017/1840/4016 4019/1841/4018
s 21
g mixamorig:Spine
f 4012/2213/4011 3512/1993/3512 4011/2210/4010
f 3511/1984/3511 4011/2210/4010 3512/1993/3512
f 3511/1984/3511 3510/1992/3510 4020/1985/4019
g mixamorig:Hips
f 3513/1994/3513 3469/1965/3469 3514/1974/3514
s 8
f 3520/1839/3520 4021/1848/4020 4022/1838/4021
f 4022/1838/4021 3180/1823/3181 3174/1820/3175
f 4022/1838/4021 4021/1848/4020 3180/1823/3181
s 21
f 3515/1995/3515 3465/1961/3465 3464/1960/3464
f 3515/1995/3515 3514/1974/3514 3516/1972/3516
s 8
f 4013/1846/4012 4023/1851/4022 4016/1852/4015
f 4023/1851/4022 4013/1846/4012 4024/1850/4023
f 4024/1850/4023 4025/1849/4024 4023/1851/4022
f 4025/1849/4024 4024/1850/4023 4026/2026/4025
f 4027/2027/4026 3508/1990/3508 3507/1989/3507
f 3508/1990/3508 4027/2027/4026 4028/1853/4027
f 4028/1853/4027 4015/1847/4014 4014/1845/4013
f 4028/1853/4027 4027/2027/4026 4015/1847/4014
f 4018/2025/4017 4019/1841/4018 4029/1854/4028
f 4029/1854/4028 4019/1841/4018 4030/1842/4029
f 4029/1854/4028 4030/1842/4029 4031/1855/4030
f 4031/1855/4030 4030/1842/4029 4032/1843/4031
f 4031/1855/4030 4032/1843/4031 3023/1722/3024
f 3023/1722/3024 4032/1843/4031 3024/1723/3025
f 3023/1722/3024 3022/1721/3023 3627/2018/3627
f 4026/2026/4025 4033/1858/4032 4025/1849/4024
f 4033/1858/4032 4026/2026/4025 3518/1996/3518
f 3518/1996/3518 3517/1857/3517 4033/1858/4032
f 3520/1839/3520 3519/1856/3519 4021/1848/4020
s 6
f 3181/1824/3182 3134/1793/3135 3133/1792/3134
f 3181/1824/3182 3185/1811/3186 3182/1809/3183
f 3184/1825/3185 3183/1813/3184 3185/1811/3186
s 23
f 3535/2010/3535 4034/2214/4033 3523/1998/3523
f 4034/2214/4033 4035/2215/4034 3523/1998/3523
f 4035/2215/4034 4036/2216/4035 3523/1998/3523
g mixamorig:Spine
f 4037/2217/4036 3523/1998/3523 4036/2216/4035
f 4038/2218/4037 3523/1998/3523 4037/2217/4036
f 4039/2219/4038 3523/1998/3523 4038/2218/4037
f 4040/2220/4039 3523/1998/3523 4039/2219/4038
f 4040/2220/4039 4041/2221/4040 3523/1998/3523
s 9
g mixamorig:Hips
f 3538/2013/3538 4042/2222/4041 3029/1728/3030
f 4042/2222/4041 3539/2014/3539 3029/1728/3030
s 10
f 3201/1838/3202 3202/1799/3203 3204/1839/3205
f 3204/1839/3205 3203/1798/3204 3544/1857/3544
f 4043/1795/4042 3545/1858/3545 3543/1796/3543
f 3545/1858/3545 4043/1795/4042 4044/1849/4043
f 4045/1825/4044 4044/1849/4043 4043/1795/4042
f 4044/1849/4043 4045/1825/4044 4046/1851/4045
f 4047/1824/4046 4046/1851/4045 4045/1825/4044
f 4046/1851/4045 4047/1824/4046 4048/1852/4047
f 4049/1792/4048 4048/1852/4047 4047/1824/4046
f 4050/1845/4049 4048/1852/4047 4049/1792/4048
f 4051/1781/4050 4050/1845/4049 4049/1792/4048
f 4050/1845/4049 4051/1781/4050 4052/1853/4051
f 3548/1784/3548 4052/1853/4051 4051/1781/4050
f 4052/1853/4051 3548/1784/3548 3547/1990/3547
f 3548/1784/3548 3549/1787/3549 3546/1987/3546
s 24
f 3551/1722/3551 3550/1992/3550 4053/1993/4052
f 4054/2213/4053 3551/1722/3551 4053/1993/4052
f 3551/1722/3551 4054/2213/4053 4055/1855/4054
f 4056/2212/4055 4055/1855/4054 4054/2213/4053
f 4055/1855/4054 4056/2212/4055 4057/1854/4056
f 4058/2202/4057 4057/1854/4056 4056/2212/4055
f 4057/1854/4056 4058/2202/4057 4059/2025/4058
f 4060/2201/4059 4059/2025/4058 4058/2202/4057
f 4059/2025/4058 4060/2201/4059 4061/1991/4060
f 4062/2196/4061 4061/1991/4060 4060/2201/4059
f 4061/1991/4060 4062/2196/4061 4063/1988/4062
f 4064/1989/4063 4063/1988/4062 4065/2198/4064
f 4065/2198/4064 4063/1988/4062 4062/2196/4061
f 4066/1986/4065 4064/1989/4063 4065/2198/4064
f 4064/1989/4063 4066/1986/4065 4067/2027/4066
f 4068/2019/4067 4067/2027/4066 4066/1986/4065
f 4067/2027/4066 4068/2019/4067 4069/1847/4068
f 4070/2020/4069 4069/1847/4068 4068/2019/4067
f 4069/1847/4068 4070/2020/4069 4071/1846/4070
f 4072/1964/4071 4071/1846/4070 4070/2020/4069
f 4071/1846/4070 4072/1964/4071 4073/1850/4072
f 4072/1964/4071 4074/1966/4073 4073/1850/4072
f 4073/1850/4072 4074/1966/4073 4075/2026/4074
f 4076/1994/4075 4075/2026/4074 4074/1966/4073
f 4075/2026/4074 4076/1994/4075 4077/1996/4076
f 4076/1994/4075 3555/1995/3555 4077/1996/4076
f 3554/1856/3554 4077/1996/4076 3555/1995/3555
f 3554/1856/3554 3553/1960/3553 3557/1848/3557
s 21
f 3572/2019/3572 3571/1962/3571 4078/1979/4077
f 4079/2196/4078 4080/2197/4079 4081/2199/4080
f 4080/2197/4079 4079/2196/4078 4082/2198/4081
f 4079/2196/4078 4083/2203/4082 4084/2201/4083
f 4085/2200/4084 4084/2201/4083 4083/2203/4082
f 4083/2203/4082 4079/2196/4078 4081/2199/4080
f 4084/2201/4083 4085/2200/4084 4086/2202/4085
s 7
f 3239/1802/3240 3237/1715/3238 3238/1801/3239
f 3243/1804/3244 3242/1789/3243 3241/1803/3242
f 3246/1805/3247 3244/1786/3245 3243/1804/3244
f 3246/1805/3247 3583/1780/3583 3245/1783/3246
s 22
f 3610/1979/3610 3608/1962/3608 3607/1978/3607
f 4087/1981/4086 3610/1979/3610 3609/1980/3609
f 3609/1980/3609 4088/1982/4087 4087/1981/4086
f 4088/1982/4087 4089/2197/4088 4087/1981/4086
f 4089/2197/4088 4088/1982/4087 4090/2204/4089
f 4090/2204/4089 4091/2199/4090 4089/2197/4088
f 4091/2199/4090 4090/2204/4089 4092/2205/4091
f 4092/2205/4091 4093/2203/4092 4091/2199/4090
f 4093/2203/4092 4092/2205/4091 4094/2206/4093
f 4094/2206/4093 4095/2200/4094 4093/2203/4092
f 4095/2200/4094 4094/2206/4093 4096/2207/4095
f 4096/2207/4095 4097/2208/4096 4095/2200/4094
f 4097/2208/4096 4096/2207/4095 4098/2209/4097
f 4098/2209/4097 4099/2210/4098 4097/2208/4096
f 4099/2210/4098 4098/2209/4097 4100/2211/4099
g mixamorig:Spine
f 3611/1984/3611 3499/1983/3499 3501/1985/3501
f 3611/1984/3611 4099/2210/4098 4100/2211/4099
f 3611/1984/3611 4100/2211/4099 3612/2023/3612
s 21
g mixamorig:Hips
f 4082/2198/4081 4101/1981/4100 4080/2197/4079
f 4101/1981/4100 4082/2198/4081 4102/1986/4101
f 4078/1979/4077 4102/1986/4101 3572/2019/3572
f 4102/1986/4101 4078/1979/4077 4101/1981/4100
f 4103/2208/4102 4086/2202/4085 4085/2200/4084
f 4086/2202/4085 4103/2208/4102 4104/2212/4103
f 4105/2213/4104 4104/2212/4103 4106/2210/4105
f 4103/2208/4102 4106/2210/4105 4104/2212/4103
s 8
f 3272/1846/3273 3271/1845/3272 3281/1852/3282
f 4107/1988/4106 3617/1987/3617 3616/1989/3616
f 3620/2025/3620 3619/1840/3619 3618/1991/3618
f 3618/1991/3618 3617/1987/3617 4107/1988/4106
s 21
f 4106/2210/4105 4108/1993/4107 4105/2213/4104
f 4109/1984/4108 3510/1992/3510 4108/1993/4107
f 4108/1993/4107 4106/2210/4105 4109/1984/4108
g mixamorig:Spine
f 4109/1984/4108 4020/1985/4019 3510/1992/3510
s 8
g mixamorig:Hips
f 3272/1846/3273 3280/1851/3281 3279/1850/3280
f 3616/1989/3616 3615/1990/3615 3626/2027/3626
f 3626/2027/3626 3282/1853/3283 3273/1847/3274
f 3284/1854/3285 3283/1841/3284 3620/2025/3620
f 3286/1855/3287 3285/1842/3286 3284/1854/3285
f 3288/1722/3289 3287/1843/3288 3286/1855/3287
f 3288/1722/3289 3022/1721/3023 3289/1723/3290
s 23
f 3640/2009/3640 3523/1998/3523 4110/2010/4109
f 4110/2010/4109 3523/1998/3523 4111/2214/4110
f 4111/2214/4110 3523/1998/3523 4112/2215/4111
f 4112/2215/4111 3523/1998/3523 4113/2216/4112
f 4114/2217/4113 4113/2216/4112 3523/1998/3523
f 4115/2218/4114 4114/2217/4113 3523/1998/3523
g mixamorig:Spine
f 4116/2219/4115 4115/2218/4114 3523/1998/3523
f 4117/2220/4116 4116/2219/4115 3523/1998/3523
f 4117/2220/4116 3523/1998/3523 4041/2221/4040
s 9
g mixamorig:Hips
f 3642/2013/3642 3029/1728/3030 4118/2222/4117
f 4118/2222/4117 3029/1728/3030 4119/2014/4118
f 4119/2014/4118 3029/1728/3030 4120/2015/4119
f 4120/2015/4119 3029/1728/3030 4121/2016/4120
f 4121/2016/4120 3029/1728/3030 3643/1826/3643
s 24
f 3652/1722/3652 3550/1992/3550 3552/2018/3552
f 3652/1722/3652 4122/2213/4121 3653/1993/3653
f 3652/1722/3652 4123/1855/4122 4122/2213/4121
f 4123/1855/4122 4124/2212/4123 4122/2213/4121
f 4124/2212/4123 4123/1855/4122 4125/1854/4124
f 4125/1854/4124 4126/2025/4125 4127/2202/4126
f 4127/2202/4126 4124/2212/4123 4125/1854/4124
f 4126/2025/4125 4128/2201/4127 4127/2202/4126
f 4128/2201/4127 4126/2025/4125 4129/1991/4128
f 4129/1991/4128 4130/2196/4129 4128/2201/4127
f 4130/2196/4129 4129/1991/4128 4131/1988/4130
f 4131/1988/4130 4132/2198/4131 4130/2196/4129
f 4132/2198/4131 4131/1988/4130 4133/1989/4132
f 4134/1986/4133 4132/2198/4131 4133/1989/4132
f 4134/1986/4133 4133/1989/4132 4135/2027/4134
f 4135/2027/4134 4136/2019/4135 4134/1986/4133
f 4136/2019/4135 4135/2027/4134 3655/1847/3655
f 3655/1847/3655 3654/2020/3654 4136/2019/4135
f 3656/1846/3656 3658/1850/3658 3657/1964/3657
s 16
g mixamorig:Spine
f 3685/2036/3685 3684/2035/3684 3728/2078/3728
g mixamorig:Hips
f 3336/1861/3337 3685/2036/3685 3728/2078/3728
f 3685/2036/3685 3336/1861/3337 3335/1860/3336
f 3335/1860/3336 3334/1859/3335 3337/1862/3338
s 25
g mixamorig:Spine
f 3716/2066/3716 3703/2053/3703 3705/2055/3705
f 3718/2068/3718 3716/2066/3716 3705/2055/3705
g mixamorig:Hips
f 3718/2068/3718 3705/2055/3705 3706/2056/3706
s 16
g mixamorig:Spine
f 3728/2078/3728 3684/2035/3684 3726/2076/3726
g mixamorig:Hips
f 3727/2077/3727 3336/1861/3337 3728/2078/3728
f 3340/1865/3341 3334/1859/3335 3336/1861/3337
f 3336/1861/3337 3727/2077/3727 3340/1865/3341
s 12
f 4137/1865/4136 3731/2079/3731 3730/1866/3730
f 3731/2079/3731 4137/1865/4136 4138/2223/4137
f 4139/2077/4138 4138/2223/4137 4137/1865/4136
f 4138/2223/4137 4139/2077/4138 4140/2085/4139
g mixamorig:Spine
f 4140/2085/4139 4139/2077/4138 3734/2081/3734
f 4139/2077/4138 3732/2076/3732 3734/2081/3734
s 13
g mixamorig:Hips
f 3743/2040/3743 3742/1870/3742 4141/2079/4140
f 4142/2042/4141 3743/2040/3743 4141/2079/4140
f 4141/2079/4140 4143/2223/4142 4142/2042/4141
f 4143/2223/4142 3745/2044/3745 4142/2042/4141
g mixamorig:Spine
f 3745/2044/3745 4143/2223/4142 3746/2085/3746
f 3746/2085/3746 3749/2081/3749 3744/2043/3744
s 17
g mixamorig:Hips
f 3760/2090/3760 4144/2224/4143 3350/1873/3351
f 4144/2224/4143 3348/1871/3349 3350/1873/3351
s 18
g mixamorig:Spine
f 3769/2036/3769 3768/2095/3768 3767/2034/3767
g mixamorig:Hips
f 3769/2036/3769 4145/2225/4144 3770/2096/3770
f 3354/1860/3355 3353/1874/3354 4145/2225/4144
f 4145/2225/4144 3769/2036/3769 3354/1860/3355
g braceletGeo-mesh.001_Malla
v -11.623056 -3.654192 0.797399
v -11.682241 -4.400491 0.216256
v -11.389908 -3.927172 0.741453
v -11.924932 -4.121384 0.236144
v -11.878160 -4.585226 -0.356274
v -12.126545 -4.283893 -0.353819
v -11.649908 -4.859377 -0.358107
v -11.463978 -4.648501 0.205833
v -12.178711 -4.237462 -0.903250
v -11.921387 -4.569369 -0.935530
v -11.757002 -4.338791 -1.388654
v -12.072853 -4.026473 -1.322563
v -11.535149 -4.050742 -1.609543
v -11.872632 -3.733301 -1.547020
v -11.301968 -3.705441 -1.698231
v -11.226748 -4.317816 -1.642748
v -11.664333 -3.421570 -1.621225
v -11.444496 -3.114959 -1.379762
v -11.062940 -3.338919 -1.472570
v -10.951481 -3.948961 -1.747788
v -11.213501 -2.896159 -0.899462
v -10.856630 -3.096633 -1.021041
v -11.041803 -2.716682 -0.307737
v -10.701714 -2.910980 -0.458061
v -11.460326 -2.864073 1.158102
v -11.165857 -4.184548 0.692211
v -11.121813 -3.139755 1.075381
v -10.836032 -3.512341 0.922305
v -10.545500 -2.990343 0.695144
v -11.623056 -3.654192 0.797399
v -11.460326 -2.864073 1.158102
v -11.612844 -3.579329 0.734970
v -11.277750 -2.961817 -0.834826
v -11.041803 -2.716682 -0.307737
v -11.213501 -2.896159 -0.899462
v -11.444496 -3.114959 -1.379762
v -11.509183 -3.147457 -1.294235
v -11.704216 -3.395121 -1.512181
v -11.664333 -3.421570 -1.621225
v -11.872632 -3.733301 -1.547020
v -11.884327 -3.662676 -1.451414
v -12.072853 -4.026473 -1.322563
v -12.059345 -3.932777 -1.247696
v -12.178711 -4.237462 -0.903250
v -12.144707 -4.128590 -0.867745
v -12.090107 -4.174151 -0.364820
v -12.126545 -4.283893 -0.353819
v -11.895512 -4.021674 0.193051
v -11.924932 -4.121384 0.236144
v -11.463978 -4.648501 0.205833
v -11.649908 -4.859377 -0.358107
v -11.367062 -4.640216 0.139172
v -11.540074 -4.842216 -0.382715
v -10.836032 -3.512341 0.922305
v -10.489712 -3.165877 0.565684
v -10.545500 -2.990343 0.695144
v -10.769124 -3.633982 0.759312
v -11.088834 -4.214727 0.576272
v -11.165857 -4.184548 0.692211
v -10.489712 -3.165877 0.565684
v -10.914701 -4.063991 -0.636533
v -10.315742 -3.099677 -0.010981
v -11.367062 -4.640216 0.139172
v -11.088834 -4.214727 0.576272
v -10.769124 -3.633982 0.759312
v -11.895512 -4.021674 0.193051
v -11.544625 -3.467409 -0.391021
v -12.090107 -4.174151 -0.364820
v -12.144707 -4.128590 -0.867745
v -12.059345 -3.932777 -1.247696
v -11.884327 -3.662676 -1.451414
v -11.704216 -3.395121 -1.512181
v -11.509183 -3.147457 -1.294235
v -11.277750 -2.961817 -0.834826
v -11.108359 -2.782492 -0.256779
v -5.445050 3.644771 -1.703158
v -5.334080 4.544193 -1.416381
v -5.049768 4.290872 -1.512980
v -5.685338 3.918831 -1.580659
v -4.960021 4.925251 -1.088016
v -4.650911 4.653072 -1.179853
v -5.267263 5.183467 -0.994890
v -5.607847 4.776411 -1.333617
v -4.343971 4.800831 -0.749704
v -4.654243 5.106454 -0.623019
v -4.503407 5.025489 -0.101632
v -4.171630 4.734020 -0.306179
v -4.826468 5.297931 0.053726
v -4.468120 4.792091 0.260307
v -4.134964 4.513010 0.042185
v -4.477915 4.448187 0.513246
v -4.164981 4.221398 0.270115
v -4.654946 3.989145 0.495685
v -4.361712 3.835001 0.239949
v -4.777241 4.642925 0.749846
v -4.935832 4.163860 0.751259
v -4.971169 3.591572 0.264100
v -4.707943 3.449983 0.019487
v -5.236510 3.745079 0.514936
v -5.093483 3.060585 -0.320450
v -5.335814 3.230818 -0.075843
v -5.572204 3.404032 0.160904
v -5.538518 2.686934 -1.784397
v -5.856009 2.988194 -1.571359
v -5.937376 4.154214 -1.483704
v -6.120272 3.403688 -1.366375
v -6.088434 2.946097 -0.934904
v -5.049768 4.290872 -1.512980
v -5.404089 3.578259 -1.636333
v -5.445050 3.644771 -1.703158
v -4.700299 3.489301 -0.076704
v -5.093483 3.060585 -0.320450
v -5.086441 3.100182 -0.408317
v -4.364028 3.847023 0.128557
v -4.707943 3.449983 0.019487
v -4.361712 3.835001 0.239949
v -4.184298 4.173501 0.157190
v -4.164981 4.221398 0.270115
v -4.134964 4.513010 0.042185
v -4.153626 4.419716 -0.037836
v -4.171630 4.734020 -0.306179
v -4.190156 4.619963 -0.349887
v -4.343971 4.800831 -0.749704
v -4.352586 4.678566 -0.743898
v -4.639232 4.544665 -1.131619
v -4.650911 4.653072 -1.179853
v -5.017231 4.204241 -1.441750
v -5.664964 4.791835 -1.224624
v -5.361073 5.177835 -0.904649
v -5.267263 5.183467 -0.994890
v -6.112659 3.156274 -0.841882
v -6.120272 3.403688 -1.366375
v -6.088434 2.946097 -0.934904
v -6.130311 3.554273 -1.238966
v -5.607847 4.776411 -1.333617
v -5.959076 4.215407 -1.361405
v -5.937376 4.154214 -1.483704
v -6.112659 3.156274 -0.841882
v -5.914114 3.234292 -0.296862
v -5.455084 4.450223 -0.264472
v -5.664964 4.791835 -1.224624
v -5.959076 4.215407 -1.361405
v -6.130311 3.554273 -1.238966
v -5.017231 4.204241 -1.441750
v -4.639232 4.544665 -1.131619
v -4.821280 3.871732 -0.662194
v -4.352586 4.678566 -0.743898
v -4.190156 4.619963 -0.349887
v -4.153626 4.419716 -0.037836
v -4.184298 4.173501 0.157190
v -4.364028 3.847023 0.128557
v -4.700299 3.489301 -0.076704
v -5.086441 3.100182 -0.408317
v -11.683739 -4.863856 -0.948060
v -11.496765 -4.631008 -1.406211
v -10.680497 -3.573300 -1.555776
v -10.467117 -3.306116 -1.134296
v -10.344746 -3.118008 -0.603554
v -10.712057 -2.691228 0.212330
v -11.041803 -2.716682 -0.307737
v -11.048906 -2.485387 0.341687
v -10.701714 -2.910980 -0.458061
v -10.345167 -2.949538 0.043722
v -10.344746 -3.118008 -0.603554
v -10.926813 -2.588396 0.880263
v -11.272335 -2.400268 0.869681
v -11.463960 -2.868517 1.074520
v -11.272335 -2.400268 0.869681
v -11.294565 -2.494178 0.800183
v -11.048906 -2.485387 0.341687
v -11.109571 -2.544227 0.368497
v -11.041803 -2.716682 -0.307737
v -11.108359 -2.782492 -0.256779
v -11.108359 -2.782492 -0.256779
v -11.569109 -4.850769 -0.924564
v -11.683739 -4.863856 -0.948060
v -11.496765 -4.631008 -1.406211
v -11.394783 -4.639566 -1.339651
v -11.226748 -4.317816 -1.642748
v -11.140841 -4.354162 -1.556289
v -10.884181 -4.030769 -1.654962
v -10.951481 -3.948961 -1.747788
v -10.636881 -3.691012 -1.499546
v -10.680497 -3.573300 -1.555776
v -10.434692 -3.440019 -1.121012
v -10.467117 -3.306116 -1.134296
v -10.317217 -3.250478 -0.616748
v -10.344746 -3.118008 -0.603554
v -10.315742 -3.099677 -0.010981
v -10.344746 -3.118008 -0.603554
v -10.345167 -2.949538 0.043722
v -10.317217 -3.250478 -0.616748
v -11.540074 -4.842216 -0.382715
v -11.569109 -4.850769 -0.924564
v -11.394783 -4.639566 -1.339651
v -11.140841 -4.354162 -1.556289
v -10.884181 -4.030769 -1.654962
v -10.636881 -3.691012 -1.499546
v -10.434692 -3.440019 -1.121012
v -10.317217 -3.250478 -0.616748
v -11.612844 -3.579329 0.734970
v -11.109571 -2.544227 0.368497
v -11.294565 -2.494178 0.800183
v -11.463960 -2.868517 1.074520
v -4.975269 5.388516 -0.501271
v -4.784333 5.027576 0.467692
v -5.622012 2.822068 -0.563027
v -5.093483 3.060585 -0.320450
v -5.335814 3.230818 -0.075843
v -5.363234 2.597613 -0.803546
v -5.889277 3.066442 -0.316214
v -5.572204 3.404032 0.160904
v -5.754832 2.468245 -1.217563
v -5.414594 2.355828 -1.337769
v -5.538518 2.686934 -1.784397
v -5.493054 2.763449 -1.692926
v -5.414594 2.355828 -1.337769
v -5.387918 2.473359 -1.306722
v -5.363234 2.597613 -0.803546
v -5.346040 2.636505 -0.870482
v -5.093483 3.060585 -0.320450
v -5.086441 3.100182 -0.408317
v -5.095670 5.370260 -0.443051
v -4.975269 5.388516 -0.501271
v -4.826468 5.297931 0.053726
v -4.956941 5.286442 0.069230
v -4.913696 5.038814 0.453923
v -4.784333 5.027576 0.467692
v -4.894412 4.685610 0.709739
v -4.777241 4.642925 0.749846
v -5.023552 4.257677 0.714598
v -4.935832 4.163860 0.751259
v -5.292918 3.864792 0.493550
v -5.236510 3.745079 0.514936
v -5.572204 3.404032 0.160904
v -5.614730 3.528512 0.149868
v -5.914114 3.234292 -0.296862
v -5.572204 3.404032 0.160904
v -5.614730 3.528512 0.149868
v -5.889277 3.066442 -0.316214
v -5.361073 5.177835 -0.904649
v -5.095670 5.370260 -0.443051
v -4.956941 5.286442 0.069230
v -4.913696 5.038814 0.453923
v -4.894412 4.685610 0.709739
v -5.023552 4.257677 0.714598
v -5.292918 3.864792 0.493550
v -5.614730 3.528512 0.149868
v -5.404089 3.578259 -1.636333
v -5.346040 2.636505 -0.870482
v -5.387918 2.473359 -1.306722
v -5.493054 2.763449 -1.692926
vn -0.3454 -0.4829 0.8047
vn -0.5968 -0.5557 0.5788
vn -0.2546 -0.4184 0.8719
vn -0.6321 -0.5775 0.5167
vn -0.7468 -0.6243 0.2294
vn -0.7526 -0.6218 0.2167
vn -0.7427 -0.6252 0.2400
vn -0.5611 -0.5268 0.6385
vn -0.7596 -0.6048 -0.2392
vn -0.7611 -0.5984 -0.2503
vn -0.5651 -0.4427 -0.6962
vn -0.5454 -0.4056 -0.7335
vn -0.3521 -0.2373 -0.9054
vn -0.3231 -0.1500 -0.9344
vn -0.0634 0.1536 -0.9861
vn -0.3082 -0.2242 -0.9245
vn -0.0068 0.2536 -0.9673
vn 0.2298 0.6159 -0.7535
vn 0.2164 0.6345 -0.7420
vn 0.0008 0.2513 -0.9679
vn 0.3211 0.8197 -0.4743
vn 0.3157 0.8218 -0.4744
vn 0.3378 0.8642 -0.3729
vn 0.3302 0.8664 -0.3747
vn 0.1676 0.0550 0.9843
vn -0.3086 -0.4290 0.8490
vn 0.2754 -0.0750 0.9584
vn 0.1585 -0.2879 0.9444
vn 0.7033 0.4519 0.5488
vn -0.9520 0.2618 0.1585
vn -0.9677 0.2516 0.0139
vn -0.9614 0.2432 0.1288
vn -0.6965 0.7169 0.0305
vn -0.7109 0.7032 -0.0074
vn -0.6927 0.7213 -0.0010
vn -0.6161 0.7561 -0.2209
vn -0.6071 0.7845 -0.1264
vn -0.7018 0.6007 -0.3830
vn -0.7158 0.5721 -0.4003
vn -0.8346 0.3950 -0.3841
vn -0.8470 0.3829 -0.3688
vn -0.9206 0.3077 -0.2404
vn -0.9375 0.3022 -0.1726
vn -0.9591 0.2821 0.0222
vn -0.9573 0.2866 0.0381
vn -0.9364 0.3134 0.1582
vn -0.9262 0.3244 0.1924
vn -0.9204 0.3485 0.1773
vn -0.9039 0.3583 0.2337
vn 0.3711 -0.8254 0.4254
vn 0.1910 -0.9706 0.1467
vn 0.2989 -0.8929 0.3367
vn 0.1852 -0.9713 0.1494
vn 0.7306 -0.3456 0.5889
vn 0.8730 -0.1096 0.4752
vn 0.9115 -0.0199 0.4108
vn 0.6865 -0.4188 0.5944
vn 0.5129 -0.6758 0.5293
vn 0.5695 -0.6195 0.5403
vn 0.8349 -0.5397 0.1080
vn 0.8013 -0.5972 0.0348
vn 0.7882 -0.5939 0.1612
vn 0.7983 -0.6020 0.0183
vn 0.8474 -0.5280 0.0563
vn 0.8673 -0.4939 0.0618
vn -0.8200 0.5703 0.0486
vn -0.8390 0.5426 0.0419
vn -0.7831 0.6091 0.1256
vn -0.7812 0.6085 0.1396
vn -0.7809 0.6092 0.1383
vn -0.7920 0.5931 0.1446
vn -0.8184 0.5542 0.1521
vn -0.8220 0.5460 0.1621
vn -0.8224 0.5527 0.1351
vn -0.8274 0.5495 -0.1156
vn -0.2277 0.2520 -0.9405
vn 0.0680 0.4179 -0.9059
vn 0.1138 0.4593 -0.8810
vn -0.2872 0.1399 -0.9476
vn 0.3245 0.6289 -0.7065
vn 0.3346 0.6191 -0.7105
vn 0.3209 0.6385 -0.6995
vn 0.0380 0.3716 -0.9276
vn 0.5613 0.7501 -0.3496
vn 0.5667 0.7573 -0.3245
vn 0.6898 0.7131 0.1251
vn 0.7042 0.6881 0.1752
vn 0.6751 0.7334 0.0803
vn 0.7208 0.5411 0.4331
vn 0.7296 0.4694 0.4973
vn 0.6687 0.1279 0.7324
vn 0.6253 0.0269 0.7799
vn 0.4274 -0.4516 0.7832
vn 0.4216 -0.4186 0.8044
vn 0.6735 0.0435 0.7379
vn 0.4442 -0.4707 0.7623
vn 0.2291 -0.6979 0.6786
vn 0.2557 -0.6810 0.6862
vn 0.2098 -0.7177 0.6640
vn 0.1575 -0.7469 0.6460
vn 0.1299 -0.7560 0.6416
vn 0.0903 -0.7586 0.6452
vn -0.6291 -0.3929 -0.6707
vn -0.7173 -0.2464 -0.6517
vn -0.2190 0.1596 -0.9626
vn -0.6557 -0.0241 -0.7546
vn -0.7775 -0.6265 0.0543
vn 0.7126 -0.2571 -0.6528
vn 0.7956 -0.1184 -0.5942
vn 0.7598 -0.1638 -0.6292
vn 0.7636 -0.6171 -0.1901
vn 0.7759 -0.5953 -0.2088
vn 0.7767 -0.5952 -0.2060
vn 0.8033 -0.5871 -0.1001
vn 0.7782 -0.6058 -0.1655
vn 0.8506 -0.5239 -0.0452
vn 0.9439 -0.3286 -0.0337
vn 0.9515 -0.3058 -0.0333
vn 0.9870 -0.1287 -0.0958
vn 0.9864 -0.1132 -0.1188
vn 0.9711 -0.0544 -0.2324
vn 0.9501 -0.0630 -0.3056
vn 0.8787 -0.0768 -0.4712
vn 0.8694 -0.0843 -0.4868
vn 0.7886 -0.1642 -0.5925
vn 0.7691 -0.1868 -0.6112
vn 0.7493 -0.2299 -0.6210
vn -0.5926 0.6913 -0.4135
vn -0.3781 0.8614 -0.3392
vn -0.3951 0.8520 -0.3434
vn -0.9829 -0.1382 0.1220
vn -0.9920 0.0145 -0.1255
vn -0.9517 -0.2048 0.2285
vn -0.9785 0.0914 -0.1851
vn -0.6923 0.5738 -0.4375
vn -0.8509 0.3870 -0.3553
vn -0.8981 0.3078 -0.3141
vn -0.8954 0.3143 0.3153
vn -0.8922 0.3283 0.3101
vn -0.8666 0.3435 0.3619
vn -0.8648 0.3826 0.3252
vn -0.8848 0.3215 0.3374
vn -0.8908 0.2981 0.3431
vn 0.8106 -0.4369 -0.3900
vn 0.7729 -0.4901 -0.4029
vn 0.8271 -0.4052 -0.3895
vn 0.7753 -0.4907 -0.3976
vn 0.7762 -0.4883 -0.3987
vn 0.7774 -0.4661 -0.4223
vn 0.7841 -0.4237 -0.4534
vn 0.7789 -0.4215 -0.4643
vn 0.7788 -0.4393 -0.4478
vn 0.8908 -0.3852 -0.2410
vn -0.7575 -0.6007 -0.2557
vn -0.5859 -0.4708 -0.6596
vn 0.2115 0.6595 -0.7213
vn 0.3031 0.8306 -0.4671
vn 0.3417 0.8583 -0.3830
vn 0.5554 0.8294 -0.0597
vn 0.3893 0.8740 -0.2908
vn 0.4823 0.8760 0.0046
vn 0.4144 0.8734 -0.2559
vn 0.5296 0.8312 -0.1690
vn 0.4170 0.8797 -0.2287
vn 0.5636 0.5948 0.5732
vn 0.3779 0.7261 0.5744
vn -0.9447 0.3279 0.0008
vn -0.8997 0.3832 -0.2088
vn -0.8458 0.4175 -0.3321
vn -0.7285 0.6249 -0.2807
vn -0.7351 0.5928 -0.3289
vn -0.7540 0.6149 -0.2313
vn -0.7675 0.5985 -0.2295
vn -0.7076 0.7065 -0.0118
vn 0.1632 -0.9678 -0.1914
vn 0.1515 -0.9680 -0.2000
vn 0.2206 -0.8569 -0.4659
vn 0.2869 -0.8006 -0.5260
vn 0.3721 -0.6440 -0.6684
vn 0.3776 -0.6578 -0.6517
vn 0.5191 -0.4402 -0.7326
vn 0.6127 -0.2698 -0.7428
vn 0.7477 -0.0812 -0.6590
vn 0.8048 0.0481 -0.5916
vn 0.8786 0.1382 -0.4571
vn 0.9127 0.1973 -0.3578
vn 0.9303 0.2209 -0.2927
vn 0.9298 0.2224 -0.2932
vn 0.9848 0.1554 0.0779
vn 0.9796 0.1914 -0.0606
vn 0.9750 0.1258 0.1833
vn 0.9766 0.2083 -0.0542
vn 0.7756 -0.6308 -0.0229
vn 0.7717 -0.6358 -0.0167
vn 0.7625 -0.6470 0.0090
vn 0.7691 -0.6390 0.0125
vn 0.7956 -0.6058 0.0041
vn 0.7964 -0.6047 -0.0048
vn 0.7967 -0.6043 0.0111
vn 0.8006 -0.5910 0.0991
vn -0.9444 0.3278 -0.0240
vn -0.7233 0.6110 -0.3217
vn -0.8649 0.4618 -0.1969
vn -0.9490 0.3067 -0.0734
vn 0.5634 0.7709 -0.2971
vn 0.7095 0.5360 0.4575
vn -0.2366 -0.7943 0.5596
vn 0.0529 -0.7660 0.6406
vn 0.0074 -0.7911 0.6116
vn -0.1815 -0.8513 0.4924
vn -0.1718 -0.7830 0.5978
vn -0.0118 -0.8126 0.5828
vn -0.5966 -0.8025 0.0005
vn -0.3340 -0.9403 -0.0654
vn 0.9237 -0.0647 -0.3775
vn 0.9289 -0.1303 -0.3467
vn 0.9535 -0.1588 -0.2561
vn 0.9799 -0.1678 -0.1077
vn 0.9002 -0.4348 -0.0237
vn 0.9258 -0.3780 0.0073
vn 0.9033 -0.4189 -0.0932
vn 0.9095 -0.4015 -0.1080
vn -0.1737 0.9846 -0.0210
vn -0.1670 0.9853 -0.0364
vn -0.0315 0.9469 0.3201
vn -0.0340 0.9091 0.4152
vn -0.0068 0.7426 0.6697
vn -0.0051 0.7110 0.7032
vn -0.1573 0.4621 0.8728
vn -0.1990 0.2328 0.9519
vn -0.3780 0.0567 0.9241
vn -0.4411 -0.0935 0.8926
vn -0.5572 -0.0931 0.8252
vn -0.6139 -0.1604 0.7729
vn -0.6400 -0.1519 0.7532
vn -0.6390 -0.1551 0.7534
vn -0.8333 -0.1828 0.5217
vn -0.7518 -0.1794 0.6345
vn -0.7482 -0.1995 0.6328
vn -0.8769 -0.1822 0.4449
vn -0.8561 0.3993 0.3281
vn -0.8626 0.3977 0.3127
vn -0.8644 0.3867 0.3213
vn -0.8640 0.3172 0.3911
vn -0.8620 0.2654 0.4320
vn -0.8509 0.2966 0.4335
vn -0.8340 0.3359 0.4378
vn -0.8535 0.3296 0.4036
vn 0.8671 -0.1659 -0.4697
vn 0.9185 -0.3953 0.0033
vn 0.9345 -0.2716 -0.2302
vn 0.8928 -0.1438 -0.4269
vt 0.703189 0.059697
vt 0.670586 0.035521
vt 0.702390 0.035521
vt 0.670678 0.059697
vt 0.640197 0.035521
vt 0.638690 0.059697
vt 0.640997 0.011407
vt 0.670494 0.011407
vt 0.608578 0.059697
vt 0.610085 0.035521
vt 0.580988 0.035521
vt 0.581480 0.059697
vt 0.558288 0.035521
vt 0.557673 0.059697
vt 0.535774 0.035521
vt 0.557796 0.011407
vt 0.536789 0.059697
vt 0.513474 0.059697
vt 0.510183 0.035521
vt 0.533590 0.011407
vt 0.483977 0.059697
vt 0.482101 0.035521
vt 0.453373 0.059697
vt 0.453373 0.035521
vt 0.734378 0.059697
vt 0.701898 0.011407
vt 0.735393 0.035521
vt 0.733794 0.011407
vt 0.764090 0.011407
vt 0.703774 0.066525
vt 0.484777 0.066525
vt 0.514674 0.066525
vt 0.537281 0.066525
vt 0.557673 0.066525
vt 0.581695 0.066525
vt 0.608701 0.066525
vt 0.638782 0.066525
vt 0.670986 0.066525
vt 0.670894 0.004610
vt 0.641089 0.004610
vt 0.762983 0.004610
vt 0.733394 0.004610
vt 0.702082 0.004610
vt 0.449190 0.023618
vt 0.412988 0.032999
vt 0.439193 0.011100
vt 0.423691 0.064219
vt 0.439378 0.055699
vt 0.448975 0.040596
vt 0.666372 0.123612
vt 0.676676 0.096115
vt 0.683381 0.123212
vt 0.697899 0.116599
vt 0.706788 0.105311
vt 0.709095 0.092700
vt 0.707096 0.082120
vt 0.697192 0.075414
vt 0.681474 0.072708
vt 0.664896 0.073600
vt 0.582987 0.011407
vt 0.508091 0.011407
vt 0.480594 0.011407
vt 0.453373 0.011407
vt 0.453373 0.066525
vt 0.611592 0.011407
vt 0.791803 0.035521
vt 0.818778 0.059697
vt 0.790481 0.059697
vt 0.818778 0.035521
vt 0.792080 0.011407
vt 0.818778 0.011407
vt 0.764982 0.035521
vt 0.765690 0.059697
vt 0.735085 0.066525
vt 0.765874 0.066525
vt 0.790173 0.066525
vt 0.818778 0.066525
vt 0.611777 0.004610
vt 0.583387 0.004610
vt 0.557581 0.004610
vt 0.533190 0.004610
vt 0.508184 0.004610
vt 0.480778 0.004610
vt 0.453373 0.004610
vt 0.790973 0.004610
vt 0.818778 0.004610
vt 0.406682 0.065111
vt 0.391088 0.059020
vt 0.382076 0.045425
vt 0.380200 0.030723
vt 0.382783 0.017005
vt 0.393272 0.007316
vt 0.408589 0.003902
vt 0.424184 0.005625
vt 0.650501 0.116323
vt 0.650286 0.077906
vt 0.640997 0.086826
vt 0.640382 0.103220
s 1
g mixamorig:LeftForeArm
g braceletGeo-mesh.001_primo_texmat
usemtl primo_texmat
f 4146/2226/4145 4147/2227/4146 4148/2228/4147
f 4147/2227/4146 4146/2226/4145 4149/2229/4148
f 4149/2229/4148 4150/2230/4149 4147/2227/4146
f 4150/2230/4149 4149/2229/4148 4151/2231/4150
f 4147/2227/4146 4152/2232/4151 4153/2233/4152
f 4153/2233/4152 4148/2228/4147 4147/2227/4146
f 4154/2234/4153 4150/2230/4149 4151/2231/4150
f 4150/2230/4149 4155/2235/4154 4152/2232/4151
f 4150/2230/4149 4154/2234/4153 4155/2235/4154
f 4156/2236/4155 4155/2235/4154 4154/2234/4153
f 4156/2236/4155 4154/2234/4153 4157/2237/4156
f 4158/2238/4157 4156/2236/4155 4157/2237/4156
f 4158/2238/4157 4157/2237/4156 4159/2239/4158
f 4160/2240/4159 4161/2241/4160 4158/2238/4157
f 4160/2240/4159 4158/2238/4157 4159/2239/4158
f 4160/2240/4159 4159/2239/4158 4162/2242/4161
f 4163/2243/4162 4160/2240/4159 4162/2242/4161
f 4160/2240/4159 4163/2243/4162 4164/2244/4163
f 4164/2244/4163 4165/2245/4164 4160/2240/4159
f 4166/2246/4165 4164/2244/4163 4163/2243/4162
f 4164/2244/4163 4166/2246/4165 4167/2247/4166
f 4167/2247/4166 4168/2248/4167 4169/2249/4168
g mixamorig:LeftHandThumb1
f 4148/2228/4147 4170/2250/4169 4146/2226/4145
g mixamorig:LeftForeArm
f 4148/2228/4147 4153/2233/4152 4171/2251/4170
f 4172/2252/4171 4173/2253/4172 4174/2254/4173
f 4172/2252/4171 4148/2228/4147 4173/2253/4172
f 4148/2228/4147 4171/2251/4170 4173/2253/4172
s 2
g mixamorig:LeftHandThumb1
f 4175/2226/4174 4176/2250/4175 4177/2255/4176
g mixamorig:LeftForeArm
f 4178/2256/4177 4179/2248/4178 4180/2246/4179
f 4180/2246/4179 4181/2243/4180 4182/2257/4181
f 4180/2246/4179 4182/2257/4181 4178/2256/4177
f 4181/2243/4180 4183/2258/4182 4182/2257/4181
f 4183/2258/4182 4181/2243/4180 4184/2242/4183
f 4185/2239/4184 4183/2258/4182 4184/2242/4183
f 4183/2258/4182 4185/2239/4184 4186/2259/4185
f 4185/2239/4184 4187/2237/4186 4186/2259/4185
f 4186/2259/4185 4187/2237/4186 4188/2260/4187
f 4189/2234/4188 4188/2260/4187 4187/2237/4186
f 4188/2260/4187 4189/2234/4188 4190/2261/4189
f 4189/2234/4188 4191/2262/4190 4190/2261/4189
f 4192/2231/4191 4193/2263/4192 4191/2262/4190
f 4193/2263/4192 4192/2231/4191 4194/2229/4193
f 4191/2262/4190 4189/2234/4188 4192/2231/4191
s 3
f 4195/2233/4194 4196/2232/4195 4197/2264/4196
f 4197/2264/4196 4196/2232/4195 4198/2265/4197
f 4199/2253/4198 4200/2266/4199 4201/2254/4200
f 4200/2266/4199 4199/2253/4198 4202/2267/4201
f 4203/2268/4202 4195/2233/4194 4197/2264/4196
f 4199/2253/4198 4203/2268/4202 4202/2267/4201
f 4195/2233/4194 4203/2268/4202 4204/2251/4203
f 4203/2268/4202 4199/2253/4198 4204/2251/4203
s 4
f 4205/2269/4204 4206/2270/4205 4207/2271/4206
f 4208/2272/4207 4206/2270/4205 4209/2273/4208
f 4210/2274/4209 4206/2270/4205 4205/2269/4204
f 4209/2273/4208 4206/2270/4205 4210/2274/4209
s 5
f 4211/2275/4210 4212/2276/4211 4213/2277/4212
f 4213/2277/4212 4212/2276/4211 4214/2278/4213
f 4214/2278/4213 4212/2276/4211 4215/2279/4214
f 4215/2279/4214 4212/2276/4211 4216/2280/4215
f 4216/2280/4215 4212/2276/4211 4217/2281/4216
f 4217/2281/4216 4212/2276/4211 4218/2282/4217
f 4218/2282/4217 4212/2276/4211 4219/2283/4218
f 4219/2283/4218 4212/2276/4211 4220/2284/4219
s 6
g mixamorig:RightForeArm
f 4221/2226/4220 4222/2227/4221 4223/2229/4222
f 4222/2227/4221 4221/2226/4220 4224/2228/4223
f 4222/2227/4221 4225/2230/4224 4223/2229/4222
f 4225/2230/4224 4226/2231/4225 4223/2229/4222
f 4222/2227/4221 4227/2232/4226 4225/2230/4224
f 4224/2228/4223 4228/2233/4227 4222/2227/4221
f 4225/2230/4224 4229/2234/4228 4226/2231/4225
f 4229/2234/4228 4225/2230/4224 4230/2235/4229
f 4230/2235/4229 4231/2236/4230 4229/2234/4228
f 4232/2237/4231 4229/2234/4228 4231/2236/4230
f 4231/2236/4230 4230/2235/4229 4233/2285/4232
f 4234/2238/4233 4232/2237/4231 4231/2236/4230
f 4232/2237/4231 4234/2238/4233 4235/2239/4234
f 4236/2240/4235 4235/2239/4234 4234/2238/4233
f 4235/2239/4234 4236/2240/4235 4237/2242/4236
f 4236/2240/4235 4238/2244/4237 4239/2243/4238
f 4236/2240/4235 4239/2243/4238 4237/2242/4236
f 4238/2244/4237 4240/2245/4239 4241/2286/4240
f 4238/2244/4237 4242/2247/4241 4243/2246/4242
f 4243/2246/4242 4239/2243/4238 4238/2244/4237
f 4242/2247/4241 4241/2286/4240 4244/2287/4243
f 4242/2247/4241 4245/2248/4244 4243/2246/4242
f 4246/2249/4245 4244/2287/4243 4247/2288/4246
g mixamorig:RightHandThumb1
f 4224/2228/4223 4248/2250/4247 4249/2252/4248
g mixamorig:RightForeArm
f 4228/2233/4227 4224/2228/4223 4250/2251/4249
f 4251/2253/4250 4224/2228/4223 4249/2252/4248
f 4224/2228/4223 4251/2253/4250 4250/2251/4249
f 4249/2252/4248 4252/2254/4251 4251/2253/4250
s 7
f 4253/2229/4252 4254/2255/4253 4255/2226/4254
f 4256/2256/4255 4257/2248/4256 4258/2289/4257
f 4256/2256/4255 4259/2257/4258 4260/2246/4259
f 4261/2243/4260 4260/2246/4259 4259/2257/4258
f 4262/2258/4261 4261/2243/4260 4259/2257/4258
f 4261/2243/4260 4262/2258/4261 4263/2242/4262
f 4262/2258/4261 4264/2239/4263 4263/2242/4262
f 4264/2239/4263 4262/2258/4261 4265/2259/4264
f 4266/2237/4265 4264/2239/4263 4265/2259/4264
f 4265/2259/4264 4267/2260/4266 4266/2237/4265
f 4268/2234/4267 4266/2237/4265 4267/2260/4266
f 4268/2234/4267 4267/2260/4266 4269/2261/4268
f 4270/2262/4269 4268/2234/4267 4269/2261/4268
f 4271/2231/4270 4272/2263/4271 4253/2229/4252
f 4268/2234/4267 4270/2262/4269 4271/2231/4270
f 4272/2263/4271 4271/2231/4270 4270/2262/4269
s 8
f 4273/2264/4272 4274/2265/4273 4275/2232/4274
f 4276/2266/4275 4277/2253/4276 4278/2254/4277
f 4277/2253/4276 4276/2266/4275 4279/2267/4278
f 4280/2233/4279 4281/2268/4280 4273/2264/4272
f 4277/2253/4276 4279/2267/4278 4281/2268/4280
f 4282/2251/4281 4277/2253/4276 4281/2268/4280
f 4281/2268/4280 4280/2233/4279 4282/2251/4281
s 9
f 4283/2269/4282 4284/2271/4283 4285/2270/4284
f 4286/2272/4285 4287/2273/4286 4285/2270/4284
f 4288/2274/4287 4283/2269/4282 4285/2270/4284
f 4287/2273/4286 4288/2274/4287 4285/2270/4284
s 10
f 4289/2275/4288 4290/2277/4289 4291/2276/4290
f 4290/2277/4289 4292/2278/4291 4291/2276/4290
f 4292/2278/4291 4293/2279/4292 4291/2276/4290
f 4293/2279/4292 4294/2280/4293 4291/2276/4290
f 4294/2280/4293 4295/2281/4294 4291/2276/4290
f 4295/2281/4294 4296/2282/4295 4291/2276/4290
f 4296/2282/4295 4297/2283/4296 4291/2276/4290
f 4297/2283/4296 4298/2284/4297 4291/2276/4290
s 1
g mixamorig:LeftForeArm
f 4152/2232/4151 4147/2227/4146 4150/2230/4149
f 4152/2232/4151 4155/2235/4154 4299/2290/4298
f 4300/2285/4299 4299/2290/4298 4155/2235/4154
f 4300/2285/4299 4155/2235/4154 4156/2236/4155
f 4161/2241/4160 4156/2236/4155 4158/2238/4157
f 4300/2285/4299 4156/2236/4155 4161/2241/4160
f 4161/2241/4160 4160/2240/4159 4165/2245/4164
f 4165/2245/4164 4164/2244/4163 4301/2286/4300
f 4301/2286/4300 4164/2244/4163 4167/2247/4166
f 4302/2287/4301 4301/2286/4300 4167/2247/4166
f 4168/2248/4167 4167/2247/4166 4166/2246/4165
f 4302/2287/4301 4167/2247/4166 4169/2249/4168
f 4303/2288/4302 4302/2287/4301 4169/2249/4168
f 4304/2291/4303 4305/2292/4304 4306/2293/4305
f 4305/2292/4304 4304/2291/4303 4307/2294/4306
f 4308/2295/4307 4307/2294/4306 4304/2291/4303
f 4308/2295/4307 4309/2296/4308 4307/2294/4306
g mixamorig:LeftHandThumb1
f 4306/2293/4305 4310/2297/4309 4304/2291/4303
f 4310/2297/4309 4306/2293/4305 4311/2298/4310
f 4174/2254/4173 4304/2291/4303 4310/2297/4309
g mixamorig:LeftForeArm
f 4304/2291/4303 4174/2254/4173 4308/2295/4307
g mixamorig:LeftHandThumb1
f 4170/2250/4169 4310/2297/4309 4311/2298/4310
f 4170/2250/4169 4148/2228/4147 4172/2252/4171
f 4310/2297/4309 4172/2252/4171 4174/2254/4173
f 4310/2297/4309 4170/2250/4169 4172/2252/4171
s 2
g mixamorig:LeftForeArm
f 4177/2255/4176 4193/2263/4192 4194/2229/4193
f 4177/2255/4176 4194/2229/4193 4175/2226/4174
g mixamorig:LeftHandThumb1
f 4177/2255/4176 4176/2250/4175 4312/2299/4311
f 4176/2250/4175 4313/2298/4312 4312/2299/4311
f 4314/2300/4313 4312/2299/4311 4313/2298/4312
f 4313/2298/4312 4315/2293/4314 4314/2300/4313
f 4314/2300/4313 4315/2293/4314 4316/2301/4315
f 4317/2292/4316 4316/2301/4315 4315/2293/4314
g mixamorig:LeftForeArm
f 4316/2301/4315 4317/2292/4316 4318/2302/4317
f 4179/2248/4178 4178/2256/4177 4319/2289/4318
s 3
f 4320/2303/4319 4198/2265/4197 4196/2232/4195
f 4196/2232/4195 4321/2290/4320 4320/2303/4319
f 4322/2285/4321 4320/2303/4319 4321/2290/4320
f 4320/2303/4319 4322/2285/4321 4323/2304/4322
f 4322/2285/4321 4324/2241/4323 4323/2304/4322
f 4325/2305/4324 4323/2304/4322 4324/2241/4323
f 4324/2241/4323 4326/2306/4325 4325/2305/4324
f 4326/2306/4325 4324/2241/4323 4327/2245/4326
f 4328/2307/4327 4326/2306/4325 4327/2245/4326
f 4327/2245/4326 4329/2286/4328 4328/2307/4327
f 4329/2286/4328 4330/2308/4329 4328/2307/4327
f 4330/2308/4329 4329/2286/4328 4331/2287/4330
f 4331/2287/4330 4332/2309/4331 4330/2308/4329
f 4332/2309/4331 4331/2287/4330 4333/2288/4332
f 4334/2310/4333 4335/2296/4334 4336/2295/4335
f 4335/2296/4334 4334/2310/4333 4337/2311/4336
f 4201/2254/4200 4334/2310/4333 4336/2295/4335
f 4334/2310/4333 4201/2254/4200 4200/2266/4199
s 4
f 4338/2312/4337 4206/2270/4205 4208/2272/4207
f 4339/2313/4338 4206/2270/4205 4338/2312/4337
f 4340/2314/4339 4206/2270/4205 4339/2313/4338
f 4341/2315/4340 4206/2270/4205 4340/2314/4339
f 4342/2316/4341 4206/2270/4205 4341/2315/4340
f 4343/2317/4342 4206/2270/4205 4342/2316/4341
f 4344/2318/4343 4206/2270/4205 4343/2317/4342
f 4345/2319/4344 4206/2270/4205 4344/2318/4343
f 4207/2271/4206 4206/2270/4205 4345/2319/4344
s 5
f 4346/2320/4345 4212/2276/4211 4211/2275/4210
f 4220/2284/4219 4212/2276/4211 4347/2321/4346
g mixamorig:LeftHandThumb1
f 4347/2321/4346 4212/2276/4211 4348/2322/4347
f 4348/2322/4347 4212/2276/4211 4349/2323/4348
f 4349/2323/4348 4212/2276/4211 4346/2320/4345
s 6
g mixamorig:RightForeArm
f 4227/2232/4226 4222/2227/4221 4228/2233/4227
f 4227/2232/4226 4230/2235/4229 4225/2230/4224
f 4227/2232/4226 4350/2290/4349 4230/2235/4229
f 4350/2290/4349 4233/2285/4232 4230/2235/4229
f 4233/2285/4232 4351/2241/4350 4231/2236/4230
f 4351/2241/4350 4234/2238/4233 4231/2236/4230
f 4351/2241/4350 4236/2240/4235 4234/2238/4233
f 4351/2241/4350 4240/2245/4239 4236/2240/4235
f 4240/2245/4239 4238/2244/4237 4236/2240/4235
f 4241/2286/4240 4242/2247/4241 4238/2244/4237
f 4245/2248/4244 4242/2247/4241 4246/2249/4245
f 4244/2287/4243 4246/2249/4245 4242/2247/4241
f 4352/2291/4351 4353/2292/4352 4354/2294/4353
f 4353/2292/4352 4352/2291/4351 4355/2293/4354
f 4352/2291/4351 4354/2294/4353 4356/2295/4355
f 4356/2295/4355 4354/2294/4353 4357/2296/4356
g mixamorig:RightHandThumb1
f 4358/2297/4357 4355/2293/4354 4352/2291/4351
f 4355/2293/4354 4358/2297/4357 4359/2298/4358
g mixamorig:RightForeArm
f 4252/2254/4251 4352/2291/4351 4356/2295/4355
f 4352/2291/4351 4252/2254/4251 4358/2297/4357
g mixamorig:RightHandThumb1
f 4358/2297/4357 4248/2250/4247 4359/2298/4358
f 4248/2250/4247 4224/2228/4223 4221/2226/4220
f 4358/2297/4357 4252/2254/4251 4249/2252/4248
f 4248/2250/4247 4358/2297/4357 4249/2252/4248
s 7
g mixamorig:RightForeArm
f 4254/2255/4253 4253/2229/4252 4272/2263/4271
g mixamorig:RightHandThumb1
f 4254/2255/4253 4360/2250/4359 4255/2226/4254
f 4360/2250/4359 4254/2255/4253 4361/2299/4360
f 4362/2298/4361 4360/2250/4359 4361/2299/4360
f 4361/2299/4360 4363/2300/4362 4362/2298/4361
f 4364/2293/4363 4362/2298/4361 4363/2300/4362
f 4364/2293/4363 4363/2300/4362 4365/2301/4364
f 4365/2301/4364 4366/2292/4365 4364/2293/4363
g mixamorig:RightForeArm
f 4366/2292/4365 4365/2301/4364 4367/2302/4366
f 4257/2248/4256 4256/2256/4255 4260/2246/4259
s 8
f 4275/2232/4274 4280/2233/4279 4273/2264/4272
f 4368/2303/4367 4275/2232/4274 4274/2265/4273
f 4275/2232/4274 4368/2303/4367 4369/2290/4368
f 4370/2285/4369 4369/2290/4368 4368/2303/4367
f 4370/2285/4369 4368/2303/4367 4371/2304/4370
f 4371/2304/4370 4372/2305/4371 4373/2241/4372
f 4371/2304/4370 4373/2241/4372 4370/2285/4369
f 4374/2306/4373 4373/2241/4372 4372/2305/4371
f 4373/2241/4372 4374/2306/4373 4375/2245/4374
f 4376/2307/4375 4375/2245/4374 4374/2306/4373
f 4375/2245/4374 4376/2307/4375 4377/2286/4376
f 4378/2308/4377 4377/2286/4376 4376/2307/4375
f 4377/2286/4376 4378/2308/4377 4379/2287/4378
f 4380/2288/4379 4379/2287/4378 4381/2309/4380
f 4381/2309/4380 4379/2287/4378 4378/2308/4377
f 4382/2310/4381 4383/2296/4382 4384/2311/4383
f 4383/2296/4382 4382/2310/4381 4385/2295/4384
f 4382/2310/4381 4278/2254/4277 4385/2295/4384
f 4278/2254/4277 4382/2310/4381 4276/2266/4275
s 9
f 4386/2312/4385 4286/2272/4285 4285/2270/4284
f 4387/2313/4386 4386/2312/4385 4285/2270/4284
f 4388/2314/4387 4387/2313/4386 4285/2270/4284
f 4389/2315/4388 4388/2314/4387 4285/2270/4284
f 4390/2316/4389 4389/2315/4388 4285/2270/4284
f 4391/2317/4390 4390/2316/4389 4285/2270/4284
f 4392/2318/4391 4391/2317/4390 4285/2270/4284
f 4393/2319/4392 4392/2318/4391 4285/2270/4284
f 4284/2271/4283 4393/2319/4392 4285/2270/4284
s 10
f 4394/2320/4393 4289/2275/4288 4291/2276/4290
f 4298/2284/4297 4395/2321/4394 4291/2276/4290
g mixamorig:RightHandThumb1
f 4395/2321/4394 4396/2322/4395 4291/2276/4290
f 4396/2322/4395 4397/2323/4396 4291/2276/4290
f 4397/2323/4396 4394/2320/4393 4291/2276/4290
