# Blender 4.4.3
# www.blender.org
mtllib hk_arm_right1_iselda.mtl
g Object_70_Malla
v -0.021817 0.008021 -0.032771
v -0.021941 0.015026 -0.040215
v -0.023521 0.032647 -0.071718
v -0.002858 -0.012594 -0.044871
v 0.020030 0.001633 -0.031541
v -0.020365 0.012437 -0.032398
v -0.020321 0.018868 -0.038421
v -0.006644 -0.017603 -0.033049
v -0.007095 -0.011766 -0.045706
v -0.018152 0.016226 -0.031665
v -0.017944 0.022479 -0.036756
v -0.010482 -0.016289 -0.033419
v -0.011081 -0.010158 -0.046200
v 0.015704 -0.009557 -0.026956
v -0.015380 0.019181 -0.030684
v -0.014883 0.025577 -0.035092
v -0.014676 -0.007829 -0.046339
v 0.012930 -0.012729 -0.027958
v -0.011328 0.027955 -0.033467
v -0.017732 -0.004882 -0.046122
v 0.009595 -0.015281 -0.029033
v -0.007347 0.029585 -0.031934
v -0.020157 -0.001390 -0.045563
v 0.005821 -0.017131 -0.030073
v 0.005675 -0.011809 -0.042311
v -0.003210 0.030417 -0.030630
v -0.021853 0.002525 -0.044686
v 0.001765 -0.018193 -0.031036
v -0.000324 0.024306 -0.027046
v 0.001063 0.030469 -0.029568
v -0.021855 -0.006347 -0.024175
v -0.002356 -0.018310 -0.032146
v 0.003804 0.023837 -0.026324
v 0.005296 0.029688 -0.028777
v -0.022798 0.011033 -0.042237
v 0.007704 0.022829 -0.025881
v 0.009348 0.028046 -0.028238
v -0.014042 -0.014236 -0.033537
v -0.017051 -0.011620 -0.033380
v -0.019459 -0.008562 -0.032894
v -0.020839 -0.010048 -0.023312
v 0.014324 0.017724 -0.024758
v 0.015955 0.022775 -0.028186
v 0.016421 0.015260 -0.024813
v 0.018399 0.019236 -0.028619
v 0.018453 0.011166 -0.024714
v 0.020124 0.015217 -0.029372
v 0.019532 0.006591 -0.024611
v 0.019957 0.003179 -0.026078
v 0.017063 -0.009898 -0.016749
v 0.011328 0.019936 -0.024868
v 0.012946 0.025760 -0.028103
v 0.020877 0.005978 -0.030704
v 0.018778 -0.001165 -0.035418
v 0.016335 -0.004820 -0.037126
v 0.007379 0.021791 -0.025263
v 0.009373 0.028131 -0.028353
v 0.013224 -0.007860 -0.039013
v 0.009662 -0.010202 -0.040711
v 0.017049 0.013211 -0.024166
v -0.022391 0.003387 -0.032621
v 0.001467 -0.012611 -0.043711
v 0.018795 0.008847 -0.024177
v 0.021019 0.010929 -0.030388
v -0.012178 0.021482 -0.029736
v -0.008500 0.023199 -0.028816
v -0.004555 0.024177 -0.027946
v -0.022719 0.006561 -0.043500
v -0.022098 0.042115 -0.088352
v -0.023457 0.045554 -0.107124
v 0.025052 0.018227 -0.058078
v -0.022136 0.004178 -0.061155
v -0.020503 0.037074 -0.070265
v 0.022355 0.008803 -0.048345
v -0.023753 0.008196 -0.060191
v -0.016759 0.040886 -0.068884
v 0.020418 0.004370 -0.050170
v -0.024700 0.012957 -0.059650
v -0.026872 0.017642 -0.075137
v -0.012324 0.044007 -0.067484
v 0.017734 0.000457 -0.051831
v -0.024848 0.017270 -0.059904
v 0.014317 -0.002917 -0.053515
v -0.025672 0.027460 -0.072717
v -0.023749 0.022188 -0.056570
v -0.002735 0.040538 -0.046661
v -0.002272 0.047341 -0.064510
v -0.022003 0.026469 -0.054786
v 0.010348 -0.005567 -0.055152
v 0.002086 0.040747 -0.045560
v 0.002846 0.047514 -0.063254
v -0.019402 0.030596 -0.053019
v 0.007014 0.039959 -0.044720
v 0.007932 0.046802 -0.062555
v -0.016098 0.034185 -0.051309
v -0.011966 0.037250 -0.049600
v -0.007581 0.039340 -0.048077
v 0.012497 0.045206 -0.062227
v -0.021115 0.003479 -0.074986
v 0.015460 0.035544 -0.043970
v 0.012453 0.044936 -0.061523
v 0.018850 0.032061 -0.044115
v 0.016747 0.042260 -0.061242
v 0.021419 0.027879 -0.044562
v 0.020354 0.038659 -0.061049
v 0.023026 0.023289 -0.045293
v 0.023074 0.034281 -0.060809
v 0.023709 0.018420 -0.046234
v 0.024888 0.029422 -0.061039
v 0.027842 0.029286 -0.077714
v 0.024565 0.014471 -0.064438
v 0.022494 0.009623 -0.065413
v 0.019523 0.005197 -0.066789
v -0.007525 0.046127 -0.065972
v 0.015771 0.001413 -0.068301
v 0.011405 -0.001586 -0.069848
v 0.006582 -0.003713 -0.071292
v 0.011499 0.038202 -0.044213
v 0.001470 -0.004872 -0.072668
v 0.011490 0.038145 -0.044109
v -0.003680 -0.005013 -0.073976
v -0.008740 -0.004177 -0.074961
v 0.005976 -0.007382 -0.056744
v 0.001377 -0.008313 -0.058199
v -0.003320 -0.008364 -0.059374
v -0.007920 -0.007510 -0.060268
v -0.012198 -0.005795 -0.060874
v -0.013292 -0.002522 -0.075266
v -0.016069 -0.003271 -0.061153
v -0.017461 -0.000013 -0.074998
v -0.019332 -0.000071 -0.061067
v -0.026747 0.022792 -0.074245
v -0.020516 0.051342 -0.126270
v -0.020663 0.050566 -0.145790
v 0.028456 0.021857 -0.094174
v -0.026259 0.013209 -0.078308
v -0.028587 0.017266 -0.101211
v -0.018189 0.046215 -0.087463
v -0.019349 0.049870 -0.106801
v 0.024581 0.013648 -0.080930
v 0.026649 0.016961 -0.097212
v -0.029612 0.022647 -0.100252
v -0.014117 0.053619 -0.106136
v 0.021289 0.008743 -0.081925
v 0.023217 0.011616 -0.097250
v -0.028618 0.026401 -0.090503
v -0.030228 0.029181 -0.107660
v -0.009957 0.055506 -0.105484
v 0.017283 0.004663 -0.082966
v 0.018970 0.007162 -0.097858
v -0.027519 0.031876 -0.090000
v -0.029080 0.034909 -0.107670
v 0.012630 0.001401 -0.084131
v 0.014037 0.003594 -0.098548
v -0.025404 0.037020 -0.089256
v -0.026832 0.040353 -0.107442
v 0.003112 0.053885 -0.083154
v 0.008487 0.000958 -0.099489
v 0.010941 0.052112 -0.081580
v 0.008899 0.057114 -0.102269
v 0.002209 -0.002275 -0.086335
v 0.002730 -0.000553 -0.100514
v -0.003504 -0.002589 -0.087490
v -0.003106 -0.000960 -0.101491
v -0.013414 0.049646 -0.086363
v -0.008980 -0.000229 -0.102532
v -0.008057 0.052124 -0.085209
v -0.013949 -0.000022 -0.089346
v -0.002414 0.053546 -0.084084
v -0.018504 0.002715 -0.089942
v -0.014368 0.001577 -0.103624
v -0.022369 0.006288 -0.090285
v -0.019276 0.004424 -0.104578
v -0.023468 0.008194 -0.105424
v 0.013443 0.051366 -0.081372
v 0.013551 0.055636 -0.101375
v 0.015413 0.050188 -0.081127
v 0.015115 0.054684 -0.100994
v 0.018542 0.048081 -0.080385
v 0.020304 0.051454 -0.100204
v 0.024602 0.046851 -0.098749
v 0.027453 0.041998 -0.097941
v 0.028870 0.038291 -0.097309
v 0.029833 0.032808 -0.096641
v -0.006814 0.056544 -0.105054
v -0.002388 0.057594 -0.104413
v 0.007685 0.053225 -0.082347
v 0.003493 0.057830 -0.103223
v 0.011070 0.056229 -0.101654
v 0.013437 0.051327 -0.081284
v 0.022737 0.049064 -0.099171
v 0.026238 0.044410 -0.098214
v -0.026704 0.012648 -0.105462
v 0.017681 0.053238 -0.100470
v 0.022326 0.044287 -0.079800
v 0.025229 0.039769 -0.079396
v 0.027149 0.034728 -0.079185
v 0.028867 0.025870 -0.087889
v 0.007492 -0.000941 -0.085339
v -0.008844 -0.001809 -0.088633
v -0.025393 0.010559 -0.090216
v -0.015277 0.050292 -0.162559
v -0.016097 0.042986 -0.179105
v 0.028400 0.018680 -0.114613
v -0.031452 0.024165 -0.124713
v -0.032003 0.023828 -0.142549
v -0.014692 0.055399 -0.125710
v -0.014991 0.054454 -0.145630
v 0.025776 0.013692 -0.129631
v -0.031600 0.029838 -0.125544
v -0.032130 0.029813 -0.143747
v -0.008738 0.058095 -0.125271
v -0.008890 0.057145 -0.145257
v 0.020358 0.008279 -0.114498
v 0.021880 0.009319 -0.131248
v -0.030495 0.035927 -0.125980
v -0.002641 0.059534 -0.124464
v -0.005314 0.057868 -0.144695
v -0.028219 0.041475 -0.126213
v 0.003562 0.059820 -0.123482
v 0.003169 0.058801 -0.143579
v 0.015060 0.004432 -0.114890
v -0.024851 0.046660 -0.126265
v -0.025097 0.046070 -0.145668
v 0.009744 0.058924 -0.122293
v 0.009156 0.058065 -0.142429
v 0.003419 0.000116 -0.116077
v 0.004069 -0.000036 -0.131904
v -0.002673 -0.000384 -0.117020
v -0.002234 -0.000683 -0.132669
v -0.008670 0.000256 -0.118098
v -0.011338 0.056866 -0.125382
v -0.012175 0.055684 -0.145401
v -0.014356 0.002015 -0.119233
v -0.019524 0.004834 -0.120374
v -0.027748 0.013198 -0.127739
v 0.014057 0.057628 -0.121416
v 0.013445 0.056965 -0.141401
v -0.030034 0.018491 -0.122799
v -0.029487 0.015718 -0.141301
v 0.015336 0.056667 -0.120790
v 0.016766 0.056322 -0.120773
v 0.016219 0.055777 -0.140568
v -0.030675 0.018371 -0.141756
v 0.021677 0.053112 -0.119794
v 0.021264 0.052871 -0.139150
v 0.025862 0.048932 -0.118633
v 0.025515 0.048995 -0.137649
v 0.028946 0.043859 -0.117422
v 0.028760 0.044242 -0.136120
v 0.030841 0.038274 -0.116377
v 0.030868 0.038858 -0.134655
v 0.031494 0.032604 -0.115538
v 0.031765 0.033097 -0.133332
v -0.021974 0.049595 -0.126124
v 0.030669 0.025087 -0.114752
v 0.031422 0.027193 -0.132222
v 0.028979 0.019098 -0.130949
v -0.005603 0.058741 -0.124693
v 0.000356 0.059562 -0.123812
v -0.002308 0.058501 -0.144351
v 0.006467 0.059288 -0.122651
v 0.004892 0.058479 -0.143220
v 0.011534 0.058086 -0.121687
v 0.011084 0.057273 -0.141776
v 0.009354 0.001719 -0.115277
v 0.014050 0.057601 -0.121371
v 0.014699 0.056081 -0.140935
v 0.013445 0.056955 -0.141408
v 0.019155 0.054080 -0.139684
v 0.023676 0.050718 -0.138261
v 0.027357 0.046390 -0.136760
v -0.014183 0.001505 -0.134762
v 0.029984 0.041306 -0.135268
v -0.019688 0.004372 -0.136374
v 0.031302 0.035273 -0.115739
v 0.031451 0.035718 -0.133871
v -0.024023 0.008648 -0.121508
v -0.027032 0.010624 -0.153427
v 0.031696 0.029862 -0.132636
v 0.018545 0.055116 -0.120381
v 0.030711 0.023989 -0.131667
v 0.023663 0.051213 -0.119027
v 0.027141 0.046864 -0.117936
v 0.029800 0.041502 -0.116805
v -0.030947 0.035608 -0.144638
v -0.028543 0.041059 -0.145271
v 0.009413 0.001194 -0.143757
v -0.008326 -0.000139 -0.133553
v 0.017247 0.005564 -0.130648
v -0.023960 0.007896 -0.137328
v 0.031331 0.029338 -0.114736
v -0.014725 0.025201 -0.205566
v 0.023510 0.013623 -0.161292
v -0.031365 0.026346 -0.158660
v -0.030139 0.021771 -0.171736
v -0.010307 0.052465 -0.162742
v -0.030381 0.031907 -0.160040
v -0.003910 0.054305 -0.162070
v 0.014812 0.003838 -0.145115
v 0.016905 0.005239 -0.158896
v -0.028281 0.037076 -0.161002
v -0.027284 0.031423 -0.176315
v 0.000299 0.054478 -0.161478
v 0.002525 0.054643 -0.161209
v 0.007738 -0.000406 -0.159032
v -0.025243 0.041873 -0.161684
v -0.024422 0.035755 -0.177639
v 0.007952 0.054022 -0.160308
v 0.005895 0.047204 -0.177193
v 0.002873 -0.000780 -0.145543
v 0.002416 -0.002060 -0.159281
v -0.021240 0.046136 -0.162261
v -0.002707 -0.001331 -0.146362
v -0.003050 -0.002779 -0.159935
v -0.017692 0.048559 -0.162589
v -0.008564 -0.000885 -0.147511
v -0.008568 -0.002536 -0.160997
v -0.014112 0.000609 -0.148854
v -0.013906 -0.001260 -0.162371
v -0.006682 0.053482 -0.162379
v -0.019189 0.003116 -0.150376
v -0.023591 0.006539 -0.151997
v 0.012240 0.052983 -0.159267
v 0.009840 0.046316 -0.176192
v 0.014885 0.051823 -0.158436
v 0.019906 0.048961 -0.156936
v 0.016026 0.043265 -0.173889
v 0.023982 0.045141 -0.155283
v 0.020565 0.039662 -0.171649
v 0.027094 0.040517 -0.153433
v 0.023487 0.035696 -0.169596
v 0.029051 0.035343 -0.151582
v -0.026256 0.039982 -0.161543
v 0.029805 0.029869 -0.149827
v -0.022539 0.044441 -0.162171
v 0.029352 0.024327 -0.148246
v 0.027325 0.017824 -0.146513
v 0.025320 0.018098 -0.162745
v -0.010530 0.045663 -0.179247
v -0.004887 0.047207 -0.178856
v 0.000562 0.047687 -0.178169
v 0.010059 0.053274 -0.159628
v 0.008046 0.046535 -0.176516
v 0.013508 0.052149 -0.158770
v 0.009825 0.046328 -0.175984
v 0.018308 0.049852 -0.157230
v 0.018524 0.041361 -0.172734
v 0.022195 0.037531 -0.170508
v 0.024582 0.033301 -0.168489
v 0.025972 0.028615 -0.166470
v -0.022527 0.003720 -0.165537
v 0.012249 0.045347 -0.175356
v 0.021611 0.047303 -0.156293
v 0.023989 0.012298 -0.147111
v -0.031177 0.021040 -0.156700
v -0.029755 0.016546 -0.170977
v 0.025338 0.043116 -0.154491
v 0.027982 0.038197 -0.152629
v -0.029329 0.026673 -0.174040
v 0.029445 0.032780 -0.150801
v 0.012532 0.002022 -0.159195
v 0.029662 0.027127 -0.149098
v 0.026234 0.026023 -0.165659
v 0.028631 0.021482 -0.147602
v -0.020792 0.039536 -0.178569
v -0.018404 0.000811 -0.163781
v -0.025831 0.007411 -0.167337
v -0.028132 0.011366 -0.169274
v 0.025420 0.031207 -0.167528
v 0.026051 0.021423 -0.163767
v -0.010554 0.018801 -0.213111
v 0.013933 0.002518 -0.170990
v 0.013460 0.001960 -0.184170
v -0.028667 0.019624 -0.186570
v -0.027455 0.010479 -0.197651
v -0.008145 0.037786 -0.193116
v -0.010167 0.026764 -0.205855
v 0.009660 -0.000588 -0.170267
v 0.010328 -0.001399 -0.182600
v -0.027289 0.023441 -0.188499
v -0.002316 0.038728 -0.192577
v 0.005121 -0.002862 -0.170263
v 0.003631 -0.005547 -0.180875
v -0.025202 0.026778 -0.190127
v -0.024437 0.017508 -0.202028
v 0.002852 0.038484 -0.191565
v -0.000660 0.027848 -0.204327
v -0.000501 -0.006955 -0.180653
v -0.021789 0.031028 -0.191333
v -0.021828 0.020454 -0.203642
v -0.004806 -0.007702 -0.180864
v -0.017759 0.034125 -0.192311
v -0.018576 0.023046 -0.204834
v -0.013782 0.035928 -0.193085
v -0.013964 -0.003867 -0.173028
v -0.004605 0.038368 -0.192829
v -0.021513 0.000341 -0.174688
v 0.000346 0.038517 -0.192067
v -0.024981 0.003913 -0.176074
v 0.006472 0.037705 -0.190617
v 0.002228 0.027347 -0.203656
v -0.024651 -0.000189 -0.189069
v 0.008324 0.036894 -0.190002
v -0.028393 0.009830 -0.181957
v -0.025877 0.001555 -0.190229
v 0.012884 0.034747 -0.188007
v 0.007931 0.025508 -0.201010
v 0.016868 0.031496 -0.185598
v 0.009965 0.024276 -0.199830
v 0.019205 0.028476 -0.183508
v 0.014811 0.019560 -0.195507
v 0.014963 0.013131 -0.196312
v 0.021826 0.017622 -0.177497
v 0.016861 0.012052 -0.190449
v -0.019106 0.032839 -0.192070
v 0.016636 0.008736 -0.187900
v 0.017489 0.006304 -0.171866
v -0.010925 0.037130 -0.193026
v -0.005456 0.027653 -0.205460
v 0.007400 -0.003577 -0.181608
v 0.004834 0.037875 -0.190920
v 0.006482 0.037723 -0.190570
v 0.002233 0.027352 -0.203668
v -0.004242 -0.004874 -0.170553
v -0.009096 -0.004758 -0.171432
v -0.009235 -0.007762 -0.181514
v 0.012404 0.022445 -0.197986
v -0.013313 -0.007112 -0.182437
v 0.010701 0.035892 -0.189001
v 0.004196 0.026848 -0.202865
v 0.021050 0.013658 -0.175968
v 0.014788 0.033346 -0.186865
v -0.028890 0.012383 -0.183039
v -0.027147 0.004446 -0.192882
v 0.020574 0.025637 -0.181904
v 0.021630 0.021795 -0.179734
v -0.026305 0.014290 -0.200117
v -0.023081 0.029196 -0.191122
v 0.000379 -0.004267 -0.170259
v 0.015618 0.005500 -0.185461
v -0.017804 -0.002620 -0.175287
v -0.019341 -0.007481 -0.193300
v -0.023234 -0.002295 -0.188950
v -0.029190 0.015549 -0.184364
v -0.027647 0.007175 -0.195269
v -0.008339 -0.008513 -0.227596
v 0.008083 -0.004976 -0.191830
v 0.005349 -0.007053 -0.190694
v -0.024562 0.007770 -0.207418
v -0.006219 0.019550 -0.212839
v 0.002421 -0.008700 -0.190125
v 0.000866 -0.012950 -0.199072
v -0.022935 0.010722 -0.209282
v -0.002363 0.019597 -0.212108
v -0.003443 0.010597 -0.218550
v -0.001299 -0.010105 -0.189895
v -0.002123 -0.014102 -0.198802
v -0.020657 0.013338 -0.210839
v -0.018701 0.005398 -0.217247
v -0.005125 -0.010870 -0.190078
v -0.005524 -0.014845 -0.198957
v -0.016365 0.007282 -0.218296
v -0.013610 0.008801 -0.219011
v -0.008815 -0.014982 -0.199504
v -0.015929 -0.009671 -0.192977
v -0.010424 0.009933 -0.219351
v -0.006554 0.010576 -0.219147
v 0.000659 0.019085 -0.211339
v -0.001283 0.010334 -0.217964
v -0.023626 -0.003715 -0.198356
v -0.019484 -0.010683 -0.204289
v 0.002890 0.018456 -0.210425
v -0.001292 0.010325 -0.217949
v -0.024961 -0.001074 -0.200649
v 0.006830 0.016775 -0.208270
v 0.001449 0.009605 -0.216847
v -0.025576 0.001744 -0.202918
v -0.021282 -0.008583 -0.210363
v 0.004322 0.008276 -0.215175
v 0.006519 0.006655 -0.213393
v 0.006701 0.000408 -0.215027
v 0.013148 0.003455 -0.196604
v -0.017848 0.015534 -0.212035
v 0.012137 0.000495 -0.194676
v 0.009632 -0.002671 -0.205664
v -0.014431 0.017414 -0.212819
v 0.000677 0.019174 -0.211242
v -0.009057 -0.011062 -0.190707
v -0.012667 -0.010625 -0.191700
v -0.011757 -0.014609 -0.200273
v 0.011720 0.011902 -0.203518
v -0.014618 -0.013785 -0.201399
v -0.017203 -0.012530 -0.202848
v -0.020780 -0.009499 -0.207275
v 0.009931 0.014284 -0.205699
v 0.010381 -0.002421 -0.193118
v -0.022678 -0.001773 -0.212281
v 0.004041 -0.011102 -0.200026
v -0.022010 0.000704 -0.214071
v 0.010252 0.000984 -0.206395
v -0.020601 0.003178 -0.215855
v 0.008860 -0.005265 -0.203552
v 0.007097 -0.008107 -0.201767
v -0.022735 -0.004311 -0.210353
v -0.025464 0.004759 -0.205235
v -0.002633 -0.013808 -0.228282
v -0.018254 -0.004726 -0.220525
v -0.015166 -0.013080 -0.224599
v -0.003851 0.001630 -0.223324
v -0.004913 -0.007981 -0.227306
v -0.002676 -0.018122 -0.205637
v -0.000849 -0.022043 -0.212449
v -0.016741 -0.003177 -0.221894
v -0.014049 -0.011708 -0.225683
v -0.005234 -0.018675 -0.205694
v -0.002782 -0.022806 -0.212198
v -0.014711 -0.001355 -0.222955
v -0.007849 -0.018853 -0.206092
v -0.004801 -0.023288 -0.212238
v -0.012315 0.000114 -0.223612
v -0.010407 -0.018634 -0.206793
v -0.009863 0.000959 -0.223949
v -0.012813 -0.018025 -0.207766
v -0.006826 0.001493 -0.223895
v -0.014987 -0.017042 -0.208961
v -0.001820 0.001363 -0.222758
v -0.002699 -0.007974 -0.226670
v -0.002694 -0.007950 -0.226672
v -0.000691 -0.008406 -0.225807
v -0.019812 -0.010564 -0.215535
v 0.002568 -0.000124 -0.220439
v 0.001037 -0.009068 -0.224722
v -0.019770 -0.008774 -0.217310
v 0.004542 -0.001622 -0.218740
v 0.002512 -0.009971 -0.223434
v -0.015924 -0.014557 -0.223336
v 0.002845 -0.014910 -0.223853
v -0.019216 -0.006606 -0.219115
v 0.003402 -0.016559 -0.222794
v 0.004386 -0.016784 -0.218925
v 0.004070 -0.018006 -0.217111
v 0.003591 -0.018439 -0.214923
v 0.002429 -0.019806 -0.213861
v 0.000970 -0.020987 -0.213019
v -0.001821 0.001418 -0.222709
v 0.000168 0.000899 -0.221873
v -0.006935 -0.023418 -0.212489
v -0.008902 -0.023281 -0.213022
v -0.010264 -0.024148 -0.215288
v -0.011925 -0.023444 -0.216188
v -0.015180 -0.020038 -0.217421
v 0.008229 -0.000384 -0.211987
v 0.005536 -0.011402 -0.217427
v -0.000281 -0.017223 -0.205907
v 0.007100 -0.008834 -0.211698
v 0.006478 -0.010855 -0.210082
v 0.005420 -0.012713 -0.208682
v 0.003906 -0.014456 -0.207496
v 0.002004 -0.015984 -0.206585
v -0.016885 -0.015724 -0.210448
v -0.013651 -0.021921 -0.216763
v -0.014081 -0.022407 -0.221308
v -0.014391 -0.021336 -0.222723
v -0.014793 -0.019283 -0.223692
v -0.012614 -0.010491 -0.226551
v -0.010904 -0.009467 -0.227168
v -0.002732 -0.025160 -0.229631
v -0.002873 -0.034683 -0.229520
v -0.001096 -0.025287 -0.216034
v -0.001259 -0.028862 -0.219301
v -0.002636 -0.013816 -0.228277
v -0.002764 -0.019726 -0.229350
v -0.000098 -0.014456 -0.227011
v -0.005389 -0.029832 -0.219210
v 0.001652 -0.015422 -0.225531
v 0.001264 -0.021484 -0.226629
v 0.001790 -0.024401 -0.225539
v -0.009201 -0.029096 -0.220811
v -0.010154 -0.028668 -0.221842
v 0.001917 -0.026523 -0.222470
v 0.000451 -0.027914 -0.220146
v 0.002638 -0.022524 -0.223696
v -0.002725 -0.025909 -0.215770
v -0.004431 -0.026299 -0.215757
v -0.003091 -0.029585 -0.219051
v 0.002084 -0.024427 -0.219802
v -0.006166 -0.026482 -0.216017
v 0.001612 -0.023431 -0.217227
v -0.007861 -0.026427 -0.216503
v 0.000380 -0.024429 -0.216517
v -0.007104 -0.029774 -0.219734
v -0.005062 -0.019797 -0.229891
v -0.011392 -0.027244 -0.222525
v -0.011736 -0.026676 -0.223946
v -0.011866 -0.025526 -0.225453
v -0.013747 -0.018650 -0.225817
v -0.011750 -0.024614 -0.226383
v -0.011848 -0.016355 -0.227774
v -0.011092 -0.022820 -0.227857
v -0.009639 -0.014942 -0.228688
v -0.009241 -0.021190 -0.229240
v -0.007145 -0.020249 -0.229815
v -0.006893 -0.014027 -0.229054
v -0.004536 -0.013732 -0.228810
v -0.002765 -0.019747 -0.229352
v -0.000782 -0.020253 -0.228449
v -0.002871 -0.033993 -0.222088
v -0.001014 -0.025709 -0.228819
v -0.003840 -0.034005 -0.222040
v -0.001236 -0.032508 -0.228743
v -0.005104 -0.034192 -0.222552
v -0.000101 -0.031775 -0.227455
v -0.006985 -0.033593 -0.223995
v 0.000425 -0.026554 -0.227505
v -0.007728 -0.032844 -0.225382
v -0.007725 -0.032251 -0.226836
v 0.000832 -0.030580 -0.225531
v -0.007110 -0.031666 -0.228217
v -0.008078 -0.026456 -0.229059
v -0.005958 -0.031067 -0.229253
v -0.003920 -0.025302 -0.229913
v -0.003669 -0.035039 -0.229587
v -0.001582 -0.033658 -0.222427
v -0.005849 -0.034288 -0.223227
v -0.009094 -0.027688 -0.227962
v 0.000112 -0.032686 -0.223976
v -0.007144 -0.025832 -0.229569
v -0.000588 -0.033330 -0.223133
v -0.005702 -0.025558 -0.229935
v -0.002732 -0.025357 -0.229639
v -0.002873 -0.034641 -0.229521
v -0.002137 -0.034265 -0.229257
v 0.000349 -0.032481 -0.224953
v -0.003781 -0.036490 -0.224279
v -0.001353 -0.035265 -0.228457
v -0.000837 -0.035276 -0.227533
v -0.005424 -0.036992 -0.226512
v -0.000724 -0.035562 -0.226462
v -0.005636 -0.036713 -0.227288
v -0.000987 -0.035735 -0.225367
v -0.005578 -0.036331 -0.228100
v -0.004573 -0.035232 -0.229375
v -0.001700 -0.035992 -0.224531
v -0.004875 -0.037148 -0.225630
v -0.002684 -0.036268 -0.224156
v -0.005178 -0.036020 -0.228808
v -0.002670 -0.040088 -0.228855
v -0.003437 -0.040473 -0.228605
v -0.002597 -0.040199 -0.228572
v -0.003427 -0.040316 -0.228904
v -0.002959 -0.040263 -0.229095
v -0.002826 -0.040414 -0.228275
v -0.003264 -0.040498 -0.228359
v -0.003220 -0.040248 -0.229079
v -0.002961 -0.040059 -0.229080
v -0.002835 -0.040692 -0.229014
v -0.002755 -0.040740 -0.228845
v -0.002797 -0.040805 -0.228685
v -0.002965 -0.040860 -0.228595
v -0.003156 -0.040843 -0.228649
v -0.003256 -0.040792 -0.228794
v -0.003239 -0.040730 -0.228954
v -0.003145 -0.040694 -0.229052
v -0.003000 -0.040672 -0.229084
v -0.003129 -0.040843 -0.228633
v -0.002781 -0.040712 -0.228924
v -0.002941 -0.040679 -0.229105
v -0.002761 -0.040765 -0.228784
v -0.003223 -0.040814 -0.228726
v -0.002846 -0.040688 -0.229062
v -0.002874 -0.040657 -0.228391
v -0.003258 -0.040758 -0.228873
v -0.002629 -0.040514 -0.228706
v -0.002825 -0.040811 -0.228665
v -0.002971 -0.040848 -0.228598
v -0.003154 -0.040689 -0.229037
v -0.002966 -0.040671 -0.229067
v -0.022407 -0.005750 -0.014227
v 0.009113 0.015620 -0.011649
v -0.022700 -0.001628 -0.014875
v 0.012330 0.013200 -0.010779
v 0.012542 0.015270 -0.001371
v -0.023018 0.000319 -0.000259
v 0.014960 0.010314 -0.010002
v 0.015150 0.012118 -0.000559
v -0.022065 0.003064 -0.014090
v 0.017043 0.006846 -0.009325
v 0.018912 -0.001093 -0.007961
v -0.016397 0.012906 -0.015561
v 0.018609 -0.005382 -0.007421
v -0.013203 0.015447 -0.015416
v -0.010105 0.019449 -0.005441
v 0.017492 -0.009355 -0.007164
v -0.009714 0.017270 -0.015106
v -0.006221 0.020709 -0.005023
v 0.015516 -0.013207 -0.007051
v -0.005909 0.018407 -0.014631
v -0.002133 0.021205 -0.004486
v 0.012954 -0.016456 -0.007122
v 0.001940 0.020869 -0.003827
v 0.009753 -0.019190 -0.007375
v 0.001753 0.018498 -0.013352
v 0.006128 -0.021218 -0.007776
v 0.005494 0.017415 -0.012515
v 0.005817 0.019700 -0.003017
v 0.002099 -0.022518 -0.008324
v 0.009397 0.017819 -0.002196
v -0.006136 -0.022580 -0.009695
v -0.010080 -0.021384 -0.010467
v -0.013717 -0.019402 -0.011265
v 0.018285 0.002189 -0.018006
v 0.018743 0.000311 0.001379
v 0.018101 -0.003227 0.006471
v 0.016891 -0.007281 0.006825
v 0.014918 -0.011019 0.006984
v 0.017114 0.008466 0.000199
v 0.012314 -0.014236 0.006956
v 0.018329 0.004458 0.000864
v 0.009234 -0.016831 0.006743
v -0.020922 0.006443 -0.015320
v 0.005586 -0.018861 0.006400
v -0.018930 0.009967 -0.015528
v 0.001918 -0.020780 0.001238
v -0.001871 -0.022963 -0.008976
v -0.002137 -0.021227 0.000619
v -0.006214 -0.020850 -0.000039
v -0.010122 -0.019663 -0.000749
v -0.013697 -0.017737 -0.001515
v -0.001905 0.018803 -0.014015
v -0.016871 -0.016742 -0.012063
v -0.016821 -0.015146 -0.002277
v -0.019442 -0.013466 -0.012836
v -0.019395 -0.011967 -0.003008
v -0.021309 -0.009750 -0.013565
v -0.021309 -0.008318 -0.003688
v -0.022601 -0.003818 0.000320
v -0.021474 0.008435 -0.001170
v -0.019417 0.011516 -0.005901
v -0.016837 0.014771 -0.005868
v -0.013701 0.017441 -0.005720
v -0.021869 0.001798 -0.025048
v 0.005491 0.017406 -0.012551
v 0.005817 0.019698 -0.003035
v 0.004499 0.018834 0.005857
v 0.000918 0.019911 0.005116
v -0.002739 0.020200 0.004513
v -0.006435 0.019745 0.004015
v -0.010028 0.018561 0.003629
v -0.013279 0.016720 0.003379
v -0.016117 0.014277 0.003270
v -0.018435 0.011326 0.003296
v -0.020138 0.008007 0.003452
v -0.021171 0.004447 0.003729
v -0.021518 0.000675 0.004126
v -0.021152 -0.003036 0.004605
v -0.020092 -0.006598 0.005170
v -0.018345 -0.009907 0.005806
v -0.016012 -0.012781 0.006481
v -0.013174 -0.015129 0.007179
v -0.009915 -0.016879 0.007880
v -0.006423 -0.017935 0.008549
v -0.002713 -0.018267 0.009194
v 0.000916 -0.017881 0.009748
v 0.004445 -0.016758 0.010216
v 0.007749 -0.014931 0.010579
v 0.010607 -0.012522 0.010793
v 0.012988 -0.009567 0.010860
v 0.014750 -0.006222 0.010767
v 0.015837 -0.002587 0.010513
v 0.016210 0.001188 0.010107
v 0.015855 0.004944 0.009566
v 0.014780 0.008560 0.008914
v 0.013049 0.011823 0.008195
v 0.010724 0.014675 0.007430
v 0.007785 0.017096 0.006619
v -0.019634 0.011900 -0.001205
v 0.001589 -0.020189 0.005819
v -0.017080 0.015138 -0.001227
v -0.002449 -0.020619 0.005211
v -0.013921 0.017833 -0.001099
v -0.006479 -0.020239 0.004527
v -0.010364 0.019832 -0.000839
v -0.010344 -0.019065 0.003798
v -0.013812 -0.017198 0.003055
v -0.002288 0.021601 0.000138
v -0.017019 -0.014557 0.002275
v 0.001660 0.021278 0.000775
v 0.005444 0.020155 0.001536
v 0.012296 0.015647 0.003226
v -0.022652 0.004290 -0.000711
v 0.018414 0.000744 0.006159
v -0.006532 0.021091 -0.000430
v 0.005436 0.020142 0.001533
v -0.019565 -0.011415 0.001544
v -0.021467 -0.007793 0.000859
v 0.009149 0.018205 0.002378
v 0.014915 0.012450 0.004075
v 0.016833 0.008850 0.004855
v 0.018020 0.004876 0.005563
v 0.006004 0.017359 -0.022226
v 0.006011 0.017374 -0.022282
v -0.018919 -0.013805 -0.022619
v 0.002333 0.018494 -0.023069
v -0.016411 -0.016942 -0.021875
v -0.001693 0.018859 -0.023808
v -0.013351 -0.019513 -0.021087
v -0.005981 -0.022609 -0.019518
v 0.001978 -0.022576 -0.018084
v -0.018779 0.009392 -0.025453
v 0.018669 -0.001845 -0.017578
v -0.022267 -0.002228 -0.024685
v -0.009864 -0.021416 -0.020307
v -0.001996 -0.022997 -0.018756
v 0.005923 -0.021328 -0.017523
v 0.009460 -0.019369 -0.017102
v -0.005759 0.018378 -0.024425
v 0.012592 -0.016724 -0.016826
v -0.009579 0.017154 -0.024911
v 0.015178 -0.013504 -0.016721
v -0.013102 0.015204 -0.025246
v -0.016212 0.012586 -0.025428
v 0.018254 -0.005950 -0.017378
v -0.020712 0.005705 -0.025319
v 0.017197 0.006036 -0.018732
v 0.015400 0.009510 -0.019493
v 0.012930 0.012645 -0.020364
v 0.009868 0.015251 -0.021271
v 0.012233 0.052952 -0.159278
v 0.013545 0.055613 -0.101342
vn 0.5603 -0.7746 -0.2933
vn 0.5414 -0.7890 -0.2904
vn 0.6866 -0.6890 -0.2322
vn 0.3982 -0.8560 -0.3298
vn 0.3755 -0.8666 -0.3285
vn -0.9127 -0.3982 -0.0915
vn -0.9936 -0.1109 0.0233
vn -0.9525 -0.2994 -0.0562
vn 0.2148 -0.9105 -0.3532
vn 0.1893 -0.9177 -0.3493
vn -0.3591 -0.8638 -0.3533
vn -0.5413 -0.7746 -0.3271
vn -0.5891 -0.7630 -0.2660
vn 0.1666 0.4683 0.8677
vn 0.4369 0.5707 0.6952
vn 0.3709 0.6125 0.6980
vn 0.8943 0.2189 0.3904
vn 0.9515 0.1217 0.2827
vn 0.9666 0.0625 0.2487
vn 0.7983 0.2976 0.5236
vn 0.8874 0.2296 0.3998
vn -0.9603 0.2064 0.1879
vn -0.8782 0.3424 0.3340
vn -0.8850 0.3530 0.3036
vn -0.7673 0.4349 0.4713
vn -0.7887 0.4618 0.4057
vn -0.6366 0.4937 0.5924
vn -0.6724 0.5481 0.4974
vn 0.4400 0.4722 0.7639
vn 0.5559 0.4314 0.7105
vn 0.7544 0.3823 0.5336
vn -0.2380 0.4756 0.8468
vn -0.1373 0.4661 0.8740
vn -0.1025 0.6608 0.7435
vn -0.2532 0.6632 0.7043
vn -0.0424 0.4558 0.8891
vn 0.0611 0.6463 0.7606
vn 0.9891 -0.0674 0.1309
vn 0.9870 -0.1047 0.1219
vn 0.9542 -0.2991 0.0081
vn 0.8848 -0.4631 -0.0520
vn 0.8816 -0.4714 -0.0246
vn -0.4316 -0.8810 -0.1940
vn -0.6190 -0.7719 -0.1449
vn -0.5997 -0.7914 -0.1185
vn -0.7701 -0.6317 -0.0885
vn -0.7577 -0.6496 -0.0633
vn -0.8893 -0.4569 -0.0220
vn 0.5736 0.6982 0.4285
vn 0.5814 0.7506 0.3140
vn 0.4959 0.8100 0.3129
vn 0.7348 0.5545 0.3906
vn 0.7412 0.6039 0.2932
vn 0.9500 0.2247 0.2168
vn 0.9841 0.0110 0.1771
vn 0.9552 0.2220 0.1959
vn 0.9876 -0.1261 0.0930
vn 0.9899 0.0598 0.1287
vn 0.7892 -0.6029 -0.1165
vn -0.5741 0.7374 0.3560
vn -0.4034 0.8214 0.4032
vn -0.3848 0.8710 0.3055
vn 0.6686 -0.7239 -0.1702
vn 0.7856 -0.6140 -0.0763
vn 0.5246 -0.8246 -0.2118
vn 0.6633 -0.7382 -0.1224
vn -0.2391 0.8671 0.4371
vn -0.0092 0.9426 0.3338
vn -0.2015 0.9275 0.3150
vn 0.1695 0.8730 0.4573
vn 0.1962 0.9232 0.3304
vn 0.3592 -0.9020 -0.2395
vn 0.5192 -0.8396 -0.1597
vn 0.1736 -0.9642 -0.2004
vn 0.3542 -0.9163 -0.1871
vn 0.8603 0.3815 0.3382
vn 0.8755 0.4179 0.2425
vn -0.9556 -0.2926 0.0346
vn -0.9565 -0.2881 0.0461
vn -0.9890 -0.1166 0.0915
vn -0.9904 -0.0963 0.0990
vn -0.9656 -0.2569 0.0390
vn -0.9872 0.0815 0.1370
vn -0.8975 0.3719 0.2371
vn -0.7883 0.5657 0.2422
vn -0.8843 0.4147 0.2146
vn -0.8130 0.5074 0.2856
vn -0.6753 0.6889 0.2635
vn -0.7020 0.6326 0.3270
vn -0.5399 0.7914 0.2866
vn -0.4309 -0.8889 -0.1556
vn 0.2701 0.8472 0.4575
vn 0.2871 0.8992 0.3301
vn 0.8821 -0.4711 0.0020
vn 0.7809 -0.6238 -0.0324
vn 0.7855 -0.6189 0.0023
vn -0.3707 0.8975 0.2390
vn -0.2806 0.9487 0.1459
vn -0.3920 0.9097 0.1372
vn 0.6595 -0.7481 -0.0728
vn 0.6598 -0.7510 -0.0256
vn 0.1754 0.9527 0.2480
vn 0.2572 0.9323 0.2541
vn 0.2262 0.9636 0.1423
vn 0.3520 -0.9273 -0.1273
vn 0.1772 -0.9737 -0.1434
vn 0.1737 -0.9820 -0.0739
vn -0.4127 -0.9035 -0.1158
vn -0.4049 -0.9127 -0.0550
vn -0.2106 -0.9751 -0.0700
vn -0.5945 -0.7997 -0.0837
vn -0.5843 -0.8108 -0.0358
vn -0.7503 -0.6596 -0.0453
vn -0.7421 -0.6702 -0.0111
vn -0.8737 -0.4865 -0.0014
vn -0.8672 -0.4978 0.0118
vn -0.5265 0.8195 0.2265
vn -0.1914 0.9494 0.2490
vn 0.5133 -0.8570 -0.0468
vn 0.0233 0.9898 0.1407
vn 0.4905 0.8302 0.2649
vn 0.4822 0.8415 0.2436
vn 0.4765 0.8680 0.1398
vn -0.0135 -0.9889 -0.1478
vn -0.0126 -0.9971 -0.0757
vn -0.2151 -0.9671 -0.1360
vn -0.9532 -0.2991 0.0449
vn -0.9887 0.0865 0.1226
vn -0.9505 0.2896 0.1128
vn -0.9913 0.0936 0.0925
vn -0.9504 0.2725 0.1498
vn -0.8771 0.4638 0.1246
vn -0.7866 0.5855 0.1959
vn -0.6673 0.7134 0.2140
vn -0.6540 0.7447 0.1332
vn -0.7805 0.6124 0.1256
vn -0.5089 0.8500 0.1362
vn -0.0040 0.9689 0.2476
vn 0.5811 0.7758 0.2460
vn 0.5136 0.8446 0.1511
vn 0.7403 0.6307 0.2328
vn 0.7104 0.6875 0.1506
vn 0.8629 0.4604 0.2084
vn 0.7847 0.6029 0.1438
vn 0.9479 0.2661 0.1751
vn 0.9059 0.4023 0.1323
vn 0.9551 0.2690 0.1244
vn 0.9906 -0.0947 0.0984
vn 0.9923 0.0680 0.1038
vn -0.1503 0.9885 0.0171
vn -0.1067 0.9836 -0.1457
vn -0.1935 0.9725 -0.1294
vn 0.1393 0.9899 0.0247
vn 0.2653 0.9638 0.0270
vn 0.2724 0.9508 -0.1475
vn -0.4173 0.9082 0.0318
vn -0.2870 0.9463 -0.1486
vn -0.4063 0.9056 -0.1220
vn -0.9482 -0.3152 0.0399
vn -0.8939 -0.4478 0.0184
vn 0.4158 0.9090 0.0285
vn 0.4100 0.9113 0.0378
vn 0.3915 0.9111 -0.1290
vn -0.9919 -0.1176 0.0473
vn -0.9918 -0.1273 -0.0104
vn -0.9450 -0.3264 0.0195
vn 0.9016 -0.4311 0.0347
vn 0.8062 -0.5916 0.0061
vn 0.9007 -0.4340 -0.0183
vn 0.6655 -0.7463 0.0117
vn 0.6881 -0.7256 0.0056
vn 0.5970 0.8022 0.0058
vn 0.4347 0.8909 -0.1320
vn 0.6512 0.7527 -0.0972
vn 0.1774 -0.9841 -0.0090
vn -0.0119 -0.9999 -0.0079
vn 0.0013 -0.9995 0.0317
vn -0.2008 -0.9796 -0.0048
vn -0.1890 -0.9813 0.0375
vn 0.6929 0.7200 0.0391
vn 0.7789 0.6247 0.0547
vn 0.7102 0.6953 -0.1103
vn -0.3925 -0.9198 0.0007
vn -0.3763 -0.9257 0.0385
vn -0.5709 -0.8210 0.0058
vn -0.5622 -0.8260 0.0413
vn -0.7265 -0.6870 0.0160
vn -0.6915 -0.7214 0.0366
vn 0.9902 0.1334 0.0424
vn 0.9982 0.0338 0.0499
vn 0.9922 0.1104 -0.0585
vn 0.9961 -0.0747 0.0478
vn 0.9723 -0.2283 0.0511
vn 0.9945 -0.0974 -0.0396
vn 0.9535 -0.3003 -0.0249
vn -0.9959 0.0856 -0.0305
vn -0.9554 0.2909 0.0504
vn -0.9531 0.2982 -0.0527
vn -0.8820 0.4683 0.0521
vn -0.7812 0.6229 0.0411
vn -0.8756 0.4783 -0.0669
vn -0.7406 0.6704 0.0457
vn -0.7710 0.6307 -0.0878
vn -0.6772 0.7344 0.0453
vn -0.4908 0.8706 0.0331
vn -0.4846 0.8659 -0.1242
vn -0.6445 0.7562 -0.1132
vn -0.3244 0.9458 0.0132
vn -0.2338 0.9718 0.0317
vn -0.0502 0.9983 0.0293
vn 0.0467 0.9989 0.0084
vn 0.1663 0.9754 -0.1447
vn 0.0830 0.9850 -0.1510
vn 0.2964 0.9545 0.0329
vn 0.2864 0.9472 -0.1441
vn 0.5386 0.8418 0.0361
vn 0.6033 0.7968 0.0344
vn 0.6196 0.7757 -0.1197
vn 0.8407 0.5386 0.0561
vn 0.7787 0.6186 -0.1042
vn -0.9938 0.0962 0.0548
vn 0.8916 0.4507 0.0443
vn 0.9369 0.3446 0.0587
vn 0.8984 0.4307 -0.0859
vn 0.9662 0.2539 0.0446
vn 0.9711 0.2289 -0.0681
vn -0.3859 0.7590 -0.5243
vn -0.2725 0.7858 -0.5553
vn -0.3713 0.6710 -0.6418
vn 0.6630 -0.7486 -0.0038
vn 0.7770 -0.6276 -0.0483
vn 0.5427 -0.8395 0.0279
vn 0.5264 -0.8489 0.0481
vn -0.0166 0.9511 -0.3084
vn 0.0665 0.9508 -0.3025
vn 0.0691 0.8811 -0.4678
vn 0.1864 -0.9806 0.0603
vn 0.0011 -0.9970 0.0770
vn 0.0231 -0.9895 0.1430
vn 0.5262 0.7961 -0.2990
vn 0.6163 0.7327 -0.2886
vn 0.6089 0.6600 -0.4401
vn -0.2354 0.9280 -0.2888
vn -0.1153 0.8804 -0.4600
vn -0.3086 0.8417 -0.4431
vn -0.1295 0.9455 -0.2987
vn 0.2823 0.8360 -0.4706
vn 0.3699 -0.9285 0.0336
vn 0.2042 -0.9719 0.1170
vn -0.1881 -0.9779 0.0914
vn -0.1687 -0.9725 0.1608
vn 0.7125 0.6416 -0.2839
vn 0.7803 0.5681 -0.2615
vn 0.6904 0.5841 -0.4267
vn -0.3749 -0.9225 0.0920
vn -0.3588 -0.9184 0.1670
vn 0.8425 0.4719 -0.2597
vn 0.8932 0.3875 -0.2282
vn 0.8333 0.4044 -0.3770
vn -0.5519 -0.8294 0.0867
vn -0.5263 -0.8356 0.1576
vn 0.9318 0.2818 -0.2287
vn 0.9618 0.1957 -0.1917
vn 0.9164 0.2280 -0.3291
vn -0.7083 -0.7021 0.0738
vn -0.6883 -0.7123 0.1374
vn 0.9772 0.0855 -0.1941
vn 0.9881 -0.0016 -0.1535
vn 0.9612 0.0386 -0.2730
vn -0.8380 -0.5443 0.0391
vn -0.8204 -0.5635 0.0968
vn 0.9811 -0.1109 -0.1583
vn 0.9734 -0.1977 -0.1158
vn 0.9578 -0.2066 -0.1997
vn -0.9146 -0.4024 0.0387
vn 0.4234 0.8528 -0.3059
vn 0.4888 0.7459 -0.4524
vn 0.9453 -0.3031 -0.1206
vn 0.9045 -0.4204 -0.0714
vn 0.9242 -0.3434 -0.1668
vn -0.9879 -0.1506 -0.0377
vn -0.9803 -0.1970 -0.0144
vn -0.9934 0.0051 -0.1142
vn -0.9593 0.2508 -0.1295
vn -0.8874 0.3990 -0.2311
vn -0.9669 0.2025 -0.1552
vn -0.6708 0.7055 -0.2287
vn -0.5646 0.7887 -0.2433
vn -0.4842 0.7811 -0.3943
vn -0.6520 0.6673 -0.3599
vn 0.2829 0.9063 -0.3141
vn 0.2925 0.9076 -0.3012
vn 0.2899 0.8368 -0.4645
vn 0.7682 0.4981 -0.4021
vn -0.9962 0.0357 -0.0798
vn 0.8769 0.3209 -0.3579
vn 0.9417 0.1406 -0.3056
vn 0.9673 -0.0706 -0.2436
vn 0.8691 -0.4845 -0.1000
vn 0.6683 -0.7438 0.0145
vn 0.5275 -0.8443 0.0939
vn 0.6764 -0.7329 0.0737
vn 0.3690 -0.9163 0.1555
vn 0.4010 -0.8917 0.2097
vn 0.7772 0.3947 -0.4900
vn 0.7747 0.3359 -0.5357
vn 0.6860 0.4281 -0.5884
vn -0.5702 0.6737 -0.4701
vn 0.7943 -0.6074 -0.0136
vn 0.5467 -0.8238 0.1499
vn 0.2377 -0.9353 0.2623
vn 0.4933 0.6421 -0.5868
vn 0.4975 0.6537 -0.5703
vn 0.4899 0.5733 -0.6567
vn 0.4529 0.5977 -0.6615
vn 0.1985 -0.9594 0.2004
vn 0.0585 -0.9533 0.2963
vn 0.5331 0.6172 -0.5787
vn 0.6272 0.5599 -0.5414
vn 0.5947 0.5058 -0.6249
vn 0.0203 -0.9721 0.2336
vn -0.1299 -0.9405 0.3141
vn 0.8583 0.2699 -0.4364
vn -0.3538 -0.8986 0.2595
vn -0.5099 -0.8208 0.2574
vn -0.3202 -0.8974 0.3036
vn -0.6602 -0.7202 0.2133
vn -0.8131 -0.5614 0.1540
vn -0.7627 -0.6247 0.1676
vn -0.9161 0.3100 -0.2545
vn -0.8307 0.3663 -0.4192
vn -0.9190 0.2128 -0.3319
vn -0.1795 0.7181 -0.6724
vn -0.0694 0.8079 -0.5852
vn 0.0243 0.7250 -0.6883
vn 0.2678 0.7450 -0.6110
vn 0.2948 0.7454 -0.5979
vn 0.2188 0.6845 -0.6954
vn 0.6966 0.4872 -0.5267
vn -0.9577 -0.2865 0.0275
vn -0.9896 -0.1405 -0.0320
vn -0.9540 -0.2994 -0.0164
vn 0.9124 0.1355 -0.3862
vn 0.8750 0.1600 -0.4570
vn 0.9456 -0.0193 -0.3248
vn 0.9302 -0.0285 -0.3659
vn 0.9464 -0.1815 -0.2671
vn 0.9444 -0.1827 -0.2735
vn -0.8216 0.4424 -0.3596
vn -0.7636 0.5210 -0.3815
vn 0.9232 -0.3341 -0.1898
vn 0.9256 -0.3275 -0.1899
vn 0.0363 0.4098 -0.9114
vn 0.1479 0.3155 -0.9373
vn -0.1122 0.2768 -0.9544
vn 0.7064 -0.6931 0.1434
vn 0.5819 -0.7839 0.2166
vn 0.6380 -0.7201 0.2727
vn -0.1180 -0.9232 0.3658
vn -0.1361 -0.8883 0.4386
vn 0.0633 -0.8932 0.4453
vn -0.3055 -0.8871 0.3461
vn -0.3055 -0.8581 0.4127
vn 0.0270 0.6290 -0.7769
vn 0.0650 0.5214 -0.8508
vn -0.1572 0.5007 -0.8512
vn 0.2084 0.5855 -0.7834
vn 0.2251 0.5140 -0.8277
vn -0.8583 -0.5094 0.0618
vn -0.8580 -0.5107 0.0553
vn -0.7545 -0.6297 0.1846
vn 0.4934 0.4969 -0.7139
vn 0.5148 0.4204 -0.7471
vn 0.4478 0.4411 -0.7778
vn -0.9664 -0.2019 -0.1590
vn -0.9450 -0.2502 -0.2108
vn -0.9151 -0.3980 -0.0638
vn -0.9612 -0.0424 -0.2725
vn -0.9403 -0.1090 -0.3224
vn 0.9488 -0.1611 -0.2718
vn 0.9379 -0.3058 -0.1640
vn 0.9501 -0.2793 -0.1393
vn 0.8919 -0.4480 -0.0622
vn 0.9031 -0.4290 -0.0188
vn 0.8159 -0.5769 0.0387
vn -0.1672 0.6202 -0.7664
vn -0.3550 0.4590 -0.8144
vn 0.2705 0.5816 -0.7672
vn 0.4426 0.5286 -0.7243
vn 0.2604 -0.9057 0.3344
vn 0.0724 -0.9295 0.3616
vn -0.4762 -0.8054 0.3529
vn -0.6268 -0.7422 0.2373
vn -0.6281 -0.7294 0.2710
vn -0.9097 0.1261 -0.3956
vn 0.4389 -0.8554 0.2753
vn -0.7951 0.1678 -0.5828
vn -0.8857 0.0355 -0.4629
vn -0.8250 0.2711 -0.4958
vn -0.6715 0.2893 -0.6822
vn 0.8103 -0.5690 0.1398
vn -0.3721 0.5726 -0.7306
vn 0.6534 0.3787 -0.6555
vn 0.7891 0.2523 -0.5601
vn 0.7829 0.2211 -0.5816
vn 0.8749 0.0985 -0.4743
vn 0.9250 -0.0210 -0.3794
vn 0.6074 -0.6927 0.3888
vn 0.4464 -0.7662 0.4622
vn 0.4488 -0.7096 0.5432
vn 0.2586 -0.8098 0.5266
vn 0.2678 -0.7507 0.6039
vn 0.0668 -0.8403 0.5380
vn 0.0731 -0.7807 0.6206
vn 0.5004 0.3409 -0.7959
vn 0.5104 0.2603 -0.8196
vn 0.4423 0.2766 -0.8532
vn 0.6558 0.2797 -0.7012
vn 0.6458 0.2154 -0.7325
vn 0.7705 0.1490 -0.6198
vn -0.9277 -0.3155 -0.1995
vn -0.9194 -0.1698 -0.3548
vn -0.8888 -0.2574 -0.3792
vn -0.1562 0.3802 -0.9116
vn 0.2243 0.3888 -0.8936
vn 0.2775 0.3895 -0.8782
vn 0.2563 0.2995 -0.9190
vn 0.4399 0.3590 -0.8232
vn -0.1234 -0.8408 0.5271
vn -0.3071 -0.8175 0.4872
vn -0.3026 -0.7782 0.5504
vn -0.1210 -0.7924 0.5979
vn -0.4724 -0.7747 0.4203
vn 0.8561 0.0878 -0.5094
vn 0.8538 0.0479 -0.5183
vn -0.6219 -0.7108 0.3287
vn -0.4829 -0.7199 0.4985
vn -0.7493 -0.6265 0.2146
vn -0.7466 -0.6149 0.2539
vn -0.6192 -0.6775 0.3970
vn -0.9102 -0.3536 -0.2157
vn -0.8901 -0.4541 -0.0397
vn 0.7761 0.1784 -0.6048
vn 0.9588 -0.1272 -0.2541
vn 0.9570 -0.2718 -0.1018
vn 0.9715 -0.2176 -0.0935
vn 0.9258 -0.3767 0.0314
vn 0.9446 -0.3229 0.0591
vn 0.2715 -0.6886 0.6724
vn 0.0666 -0.7210 0.6897
vn 0.1823 -0.6221 0.7615
vn -0.1239 -0.7308 0.6713
vn -0.1162 -0.6521 0.7492
vn -0.3738 -0.6697 0.6416
vn -0.5975 -0.6542 0.4637
vn -0.7356 -0.6135 0.2871
vn -0.8183 -0.5641 0.1104
vn -0.8530 -0.5025 -0.1413
vn -0.8485 -0.4051 -0.3406
vn -0.7865 -0.1254 -0.6048
vn -0.7991 -0.3105 -0.5147
vn 0.6264 -0.5759 0.5253
vn 0.4685 -0.5663 0.6781
vn 0.7061 -0.4754 0.5249
vn -0.5747 0.0346 -0.8177
vn -0.6714 -0.1804 -0.7188
vn -0.3187 0.1394 -0.9376
vn -0.4243 -0.0463 -0.9043
vn 0.1784 0.2244 -0.9580
vn 0.2637 0.2083 -0.9418
vn 0.2288 0.1056 -0.9677
vn 0.0807 0.0872 -0.9929
vn -0.1582 0.0318 -0.9869
vn -0.0621 0.1923 -0.9794
vn -0.2852 -0.7150 0.6382
vn 0.4728 0.1926 -0.8599
vn 0.5622 0.0820 -0.8229
vn 0.4398 0.1014 -0.8924
vn 0.7418 0.1001 -0.6631
vn 0.7892 0.0146 -0.6140
vn 0.9184 -0.0316 -0.3944
vn 0.9603 -0.1262 -0.2490
vn 0.9073 -0.0938 -0.4100
vn 0.7181 -0.4800 0.5039
vn 0.7723 -0.0484 -0.6334
vn 0.8603 -0.1342 -0.4918
vn -0.6727 -0.2880 -0.6816
vn -0.8381 -0.3828 -0.3887
vn -0.4999 -0.1802 -0.8472
vn -0.6866 -0.2520 -0.6819
vn -0.1238 -0.0384 -0.9916
vn 0.1192 0.0076 -0.9928
vn -0.0304 -0.0781 -0.9965
vn -0.4932 -0.1171 -0.8620
vn 0.4301 0.0226 -0.9025
vn 0.4995 -0.0634 -0.8640
vn 0.3696 -0.0550 -0.9276
vn 0.5560 0.0068 -0.8312
vn 0.6636 -0.0653 -0.7452
vn 0.9606 -0.2055 -0.1873
vn 0.9570 -0.2792 0.0784
vn 0.8852 -0.3843 0.2623
vn 0.9475 -0.3180 0.0325
vn -0.3227 -0.1040 -0.9408
vn 0.2244 0.0157 -0.9744
vn 0.1002 -0.0575 -0.9933
vn -0.5592 -0.6537 0.5099
vn -0.8477 -0.5224 0.0919
vn -0.4144 -0.6761 0.6092
vn -0.7975 -0.5681 0.2030
vn -0.8811 -0.4626 -0.0982
vn -0.7817 -0.3020 -0.5456
vn -0.8421 -0.3440 -0.4155
vn -0.4349 -0.8184 -0.3757
vn -0.4166 -0.9075 -0.0541
vn 0.9648 -0.2624 -0.0182
vn 0.3584 -0.5670 0.7416
vn 0.4063 -0.9136 -0.0161
vn 0.4708 -0.8547 -0.2189
vn 0.5536 -0.7172 -0.4233
vn -0.2243 -0.9612 0.1608
vn 0.0556 -0.9933 0.1016
vn -0.3633 -0.1587 -0.9181
vn -0.0842 -0.0967 -0.9918
vn -0.2156 -0.6996 -0.6812
vn -0.9219 0.3798 -0.0768
vn -0.8493 0.5218 -0.0798
vn -0.9202 0.3780 0.1021
vn -0.8280 0.5536 -0.0892
vn -0.8378 0.5352 -0.1080
vn 0.9998 0.0150 -0.0103
vn 0.9994 -0.0094 0.0344
vn 0.9444 -0.1544 0.2903
vn -0.5367 0.8372 -0.1050
vn -0.6983 0.7078 -0.1065
vn -0.5503 0.8224 -0.1445
vn 0.9832 -0.1817 0.0183
vn 0.8861 -0.3406 0.3145
vn -0.3620 0.9257 -0.1096
vn -0.3766 0.9139 -0.1513
vn 0.8379 -0.5431 0.0544
vn 0.9280 -0.3706 0.0381
vn 0.7905 -0.5151 0.3312
vn -0.1780 0.9788 -0.1016
vn -0.1935 0.9680 -0.1599
vn 0.2999 0.9456 -0.1261
vn 0.2110 0.9711 -0.1117
vn 0.2084 0.9667 -0.1483
vn -0.4003 -0.9133 0.0751
vn -0.2053 -0.9751 0.0840
vn -0.2122 -0.9664 0.1448
vn -0.5756 -0.8153 0.0630
vn -0.4011 -0.9069 0.1289
vn -0.7227 -0.6902 0.0364
vn -0.5715 -0.8131 0.1108
vn 0.9782 0.1739 0.1137
vn 0.9780 0.2086 0.0051
vn 0.0044 0.9880 -0.1541
vn 0.0368 0.9907 -0.1306
vn 0.5599 0.8219 -0.1046
vn 0.4876 0.8632 -0.1307
vn 0.5608 0.8201 -0.1139
vn 0.6988 0.7119 -0.0699
vn 0.7118 0.6973 -0.0842
vn 0.8160 0.5763 -0.0456
vn 0.8266 0.5591 -0.0643
vn 0.9143 0.4038 -0.0309
vn 0.9206 0.3896 -0.0288
vn 0.7159 -0.6949 0.0678
vn 0.6670 -0.6613 0.3432
vn 0.5633 -0.8225 0.0781
vn 0.5160 -0.7818 0.3500
vn 0.3861 -0.9184 0.0865
vn 0.3425 -0.8721 0.3496
vn 0.1797 -0.9704 0.1615
vn -0.0041 -0.9960 0.0894
vn -0.0140 -0.9878 0.1554
vn 0.3115 0.9395 -0.1428
vn 0.4729 0.8780 -0.0742
vn 0.1619 0.9791 0.1229
vn 0.0268 0.7176 0.6959
vn 0.0925 0.6135 0.7842
vn 0.8839 0.4055 0.2330
vn 0.3471 0.4345 0.8311
vn 0.4187 0.3296 0.8462
vn 0.9407 0.2223 0.2563
vn 0.4504 0.2197 0.8654
vn 0.9583 0.0368 0.2834
vn 0.4609 0.1033 0.8814
vn 0.4510 -0.0046 0.8925
vn 0.4205 -0.1168 0.8997
vn 0.3549 -0.2172 0.9093
vn 0.1545 -0.9314 0.3296
vn 0.0971 -0.4545 0.8854
vn -0.0044 -0.4698 0.8828
vn -0.5770 -0.7751 0.2574
vn -0.4160 -0.8639 0.2838
vn -0.3395 -0.4313 0.8359
vn -0.0292 0.9940 0.1058
vn -0.2290 0.9691 0.0922
vn -0.1414 0.6136 0.7769
vn -0.9229 -0.3384 0.1838
vn -0.8367 -0.5050 0.2120
vn -0.5756 -0.2046 0.7917
vn 0.4385 0.8883 0.1362
vn 0.2113 0.5734 0.7915
vn -0.9725 -0.1578 0.1715
vn -0.6592 -0.0161 0.7518
vn -0.9896 0.0212 0.1422
vn -0.6620 0.0852 0.7447
vn -0.2450 0.6675 0.7032
vn -0.0430 -0.9468 0.3189
vn -0.1782 -0.5799 0.7950
vn -0.2705 -0.4082 0.8719
vn 0.6670 0.7224 0.1824
vn 0.2892 0.5032 0.8144
vn 0.7910 0.5764 0.2052
vn -0.8321 0.5451 0.1018
vn -0.5735 0.3806 0.7255
vn 0.1974 -0.3799 0.9037
vn -0.9735 0.1942 0.1205
vn -0.6511 0.1929 0.7341
vn -0.6316 0.2864 0.7204
vn -0.6157 -0.1210 0.7786
vn -0.9284 -0.3703 0.0306
vn -0.8420 -0.5366 0.0567
vn -0.7212 -0.6522 0.2334
vn -0.5076 -0.2888 0.8118
vn -0.7220 -0.6868 0.0835
vn -0.2336 -0.9242 0.3022
vn 0.2565 0.9559 0.1431
vn 0.2857 -0.3109 0.9065
vn -0.4017 0.9115 0.0886
vn -0.5768 0.8123 0.0870
vn -0.3476 0.5896 0.7291
vn -0.7201 0.6883 0.0876
vn -0.4384 0.5359 0.7216
vn 0.5156 0.8422 0.1574
vn -0.4196 -0.3795 0.8246
vn -0.5182 0.4847 0.7046
vn -0.7103 0.6914 -0.1317
vn 0.3284 0.7820 0.5298
vn -0.8236 -0.5442 -0.1598
vn -0.9394 -0.3423 0.0217
vn 0.1682 0.8828 0.4386
vn 0.0821 0.8641 0.4966
vn -0.6964 -0.6955 -0.1768
vn -0.8533 -0.5200 0.0391
vn -0.5415 -0.8215 -0.1790
vn -0.0925 0.8658 0.4918
vn -0.3623 -0.9132 -0.1867
vn -0.1770 -0.9682 -0.1768
vn 0.0248 -0.9852 -0.1699
vn 0.1949 -0.9766 0.0909
vn 0.2159 -0.9637 -0.1568
vn 0.3984 -0.9054 -0.1468
vn 0.5642 -0.8150 -0.1323
vn -0.9853 0.1679 0.0318
vn 0.7071 -0.6976 -0.1151
vn 0.8258 -0.5567 -0.0897
vn 0.9177 -0.3915 -0.0668
vn 0.9063 0.3708 0.2027
vn 0.7788 0.5570 0.2884
vn -0.9994 -0.0131 -0.0316
vn -0.9941 0.0886 -0.0627
vn 0.6152 0.6919 0.3779
vn -0.9796 -0.1994 -0.0265
vn -0.9751 -0.1998 -0.0965
vn 0.9755 -0.2177 -0.0311
vn 0.9995 -0.0123 0.0299
vn -0.8362 0.5132 0.1934
vn -0.9295 0.3524 0.1085
vn 0.4367 0.7841 0.4411
vn -0.2616 0.8488 0.4594
vn -0.4236 0.8000 0.4249
vn -0.5768 0.7303 0.3660
vn -0.7181 0.6327 0.2900
vn 0.4900 -0.5725 0.6574
vn 0.9578 -0.2852 0.0346
vn 0.8028 -0.0921 -0.5892
vn 0.6934 -0.0099 -0.7205
vn 0.5954 -0.0178 -0.8032
vn 0.4184 0.0495 -0.9069
vn 0.2607 -0.3761 -0.8892
vn 0.8250 -0.4801 0.2983
vn 0.5742 -0.5969 0.5603
vn 0.9363 -0.3511 -0.0094
vn 0.2458 -0.6675 0.7028
vn -0.1517 -0.6979 0.7000
vn 0.9141 -0.2332 -0.3318
vn 0.7622 -0.1471 -0.6304
vn -0.3950 -0.1415 -0.9077
vn -0.6711 -0.2306 -0.7046
vn -0.3351 -0.6397 0.6917
vn -0.5526 -0.6288 0.5470
vn 0.4828 -0.5350 0.6933
vn -0.8481 -0.5294 -0.0217
vn -0.7394 -0.5991 0.3071
vn -0.0674 -0.6237 0.7788
vn 0.1995 -0.5899 0.7824
vn 0.8731 -0.3993 0.2799
vn 0.5790 0.1584 -0.7998
vn -0.8257 -0.5473 0.1369
vn 0.4553 -0.6449 0.6138
vn 0.6308 -0.6378 0.4419
vn 0.7706 -0.5015 0.3932
vn 0.7708 -0.5464 0.3276
vn 0.8741 -0.4472 0.1894
vn -0.3474 0.2145 -0.9129
vn -0.5029 0.1497 -0.8513
vn -0.6525 0.0679 -0.7548
vn -0.7625 -0.0258 -0.6465
vn -0.8636 -0.1293 -0.4872
vn 0.7541 -0.5951 0.2777
vn 0.8593 -0.4873 0.1553
vn 0.6536 0.3146 -0.6883
vn -0.3436 0.3459 -0.8731
vn -0.5227 0.2708 -0.8084
vn -0.6756 0.1637 -0.7189
vn -0.7959 0.0566 -0.6028
vn -0.8740 -0.0405 -0.4842
vn 0.2646 -0.8695 0.4172
vn 0.4588 -0.8110 0.3629
vn -0.5228 0.3969 -0.7544
vn 0.2440 0.4655 -0.8507
vn 0.8772 -0.4664 -0.1139
vn -0.8956 -0.4352 0.0919
vn -0.9305 -0.3645 -0.0353
vn -0.8357 -0.5316 0.1376
vn -0.5507 0.4883 -0.6770
vn -0.5558 0.5875 -0.5881
vn -0.7078 0.4842 -0.5143
vn -0.6944 0.3931 -0.6028
vn -0.9754 0.0218 -0.2194
vn -0.9853 -0.1410 -0.0970
vn -0.4668 -0.8261 0.3156
vn 0.2572 0.6694 -0.6970
vn -0.9975 -0.0110 -0.0698
vn 0.8103 -0.5843 -0.0440
vn -0.7893 0.5453 -0.2822
vn 0.0489 0.7948 -0.6050
vn 0.1567 0.7859 -0.5981
vn -0.1574 0.8064 -0.5700
vn -0.7016 0.5866 -0.4045
vn -0.9754 0.1440 -0.1672
vn -0.1602 -0.9533 0.2562
vn 0.4411 0.7670 -0.4660
vn 0.3781 -0.9222 0.0811
vn -0.6124 0.6550 -0.4427
vn 0.1889 0.7873 -0.5870
vn 0.1879 0.8741 -0.4480
vn 0.9884 -0.1446 -0.0463
vn 0.9964 0.0570 -0.0621
vn -0.8544 -0.5184 0.0353
vn -0.3225 0.8988 -0.2970
vn -0.4786 0.8353 -0.2707
vn 0.5712 -0.8208 -0.0095
vn 0.5181 -0.8553 0.0086
vn 0.9270 0.3657 -0.0834
vn 0.8241 0.5577 -0.0994
vn 0.5051 0.8544 -0.1221
vn 0.1869 -0.9822 0.0174
vn 0.4138 0.8563 -0.3091
vn 0.4469 0.8430 -0.2995
vn -0.7860 0.5815 -0.2099
vn -0.7319 0.6494 -0.2064
vn -0.8798 0.4409 -0.1776
vn -0.8444 0.5064 -0.1749
vn 0.1680 0.9411 -0.2933
vn 0.1310 0.9812 -0.1416
vn 0.9569 -0.2819 0.0696
vn 0.6092 0.7818 0.1332
vn 0.2737 0.9491 0.1556
vn 0.3534 -0.9355 -0.0032
vn -0.1633 0.9762 0.1427
vn 0.8342 0.5319 0.1457
vn -0.9926 -0.0916 0.0796
vn 0.3723 0.9161 0.1488
vn 0.3520 -0.9339 -0.0628
vn 0.8913 -0.4522 0.0318
vn 0.1750 0.9840 0.0338
vn 0.2149 0.9645 0.1538
vn 0.9492 -0.3113 0.0463
vn -0.8840 0.4322 0.1780
vn -0.2278 -0.9566 -0.1819
vn 0.5136 -0.8516 -0.1050
vn -0.9482 0.2524 0.1931
vn 0.2477 0.9330 0.2609
vn -0.0234 -0.9795 -0.2001
vn -0.9909 0.0573 0.1215
vn 0.1230 0.5993 0.7910
vn -0.0438 0.8979 0.4381
vn -0.5463 0.6215 0.5615
vn -0.4139 0.6437 0.6437
vn -0.9544 0.2090 0.2130
vn -0.8775 -0.4669 -0.1100
vn -0.7597 -0.6253 -0.1786
vn -0.4223 -0.8602 -0.2860
vn 0.6184 0.4522 0.6427
vn -0.2208 -0.9221 -0.3177
vn -0.2392 -0.9428 -0.2320
vn -0.0147 -0.9429 -0.3328
vn -0.0315 -0.9674 -0.2512
vn 0.1696 -0.9522 -0.2541
vn 0.8024 -0.5722 -0.1698
vn 0.8979 -0.4320 -0.0849
vn 0.9638 -0.2665 0.0128
vn -0.9640 0.1854 0.1904
vn 0.4915 0.7614 0.4227
vn 0.7198 0.3764 0.5833
vn -0.3631 0.4982 0.7873
vn -0.4978 0.5062 0.7043
vn 0.2344 0.4953 0.8365
vn 0.0337 -0.9269 -0.3738
vn -0.1700 -0.9125 -0.3722
vn -0.9978 0.0287 0.0595
vn -0.8407 -0.4876 -0.2356
vn -0.7106 -0.6410 -0.2901
vn 0.8224 -0.5406 -0.1773
vn 0.0006 0.4793 0.8777
vn 0.7079 -0.6624 -0.2452
vn -0.6476 -0.4982 -0.5765
vn -0.2760 -0.6477 -0.7101
vn -0.5194 -0.8336 -0.1881
vn 0.0924 -0.6012 -0.7938
vn -0.2926 -0.9533 0.0752
vn 0.4145 -0.6474 -0.6396
vn 0.1220 -0.9669 0.2240
vn 0.5898 -0.7430 -0.3164
vn 0.5405 -0.8402 0.0446
vt 0.654436 0.500000
vt 0.656411 0.500000
vt 0.687436 0.500000
vt 0.623637 0.500000
vt 0.625205 0.500000
vt 0.372818 0.500000
vt 0.343926 0.500000
vt 0.375524 0.500000
vt 0.593062 0.500000
vt 0.594171 0.500000
vt 0.500654 0.500000
vt 0.471389 0.500000
vt 0.469261 0.500000
vt 0.998635 0.500000
vt 0.969106 0.500000
vt 1.000184 0.500000
vt 0.861230 0.500000
vt 0.843777 0.500000
vt 0.844343 0.500000
vt 0.879006 0.500000
vt 0.875434 0.500000
vt 0.283723 0.500000
vt 0.249423 0.500000
vt 0.250069 0.500000
vt 0.216950 0.500000
vt 0.218491 0.500000
vt 0.186603 0.500000
vt 0.186835 0.500000
vt 0.936700 0.500000
vt 0.912323 0.500000
vt 0.907197 0.500000
vt 0.095947 0.500000
vt 0.063372 0.500000
vt 0.062786 0.500000
vt 0.093715 0.500000
vt 0.031114 0.500000
vt 0.031651 0.500000
vt 0.818128 0.500000
vt 0.816850 0.500000
vt 0.783411 0.500000
vt 0.751012 0.500000
vt 0.749665 0.500000
vt 0.499102 0.500000
vt 0.467582 0.500000
vt 0.471302 0.500000
vt 0.436200 0.500000
vt 0.440553 0.500000
vt 0.404450 0.500000
vt 0.970415 0.500000
vt 0.967806 0.500000
vt 0.999516 0.500000
vt 0.940150 0.500000
vt 0.935818 0.500000
vt 0.878472 0.500000
vt 0.846732 0.500000
vt 0.871486 0.500000
vt 0.813516 0.500000
vt 0.843077 0.500000
vt 0.719578 0.500000
vt 0.151989 0.500000
vt 0.121623 0.500000
vt 0.125458 0.500000
vt 0.687797 0.500000
vt 0.718457 0.500000
vt 0.656225 0.500000
vt 0.687030 0.500000
vt 0.090600 0.500000
vt 0.061550 0.500000
vt 0.092761 0.500000
vt 0.029907 0.500000
vt 0.030404 0.500000
vt 0.624626 0.500000
vt 0.655713 0.500000
vt 0.593463 0.500000
vt 0.624490 0.500000
vt 0.909355 0.500000
vt 0.903179 0.500000
vt 0.371780 0.500000
vt 0.378143 0.500000
vt 0.341151 0.500000
vt 0.344055 0.500000
vt 0.310154 0.500000
vt 0.312841 0.500000
vt 0.246543 0.500000
vt 0.219459 0.500000
vt 0.250390 0.500000
vt 0.215146 0.500000
vt 0.187749 0.500000
vt 0.184214 0.500000
vt 0.156437 0.500000
vt 0.501738 0.500000
vt 0.000110 0.500000
vt 0.000658 0.500000
vt 0.751991 0.500000
vt 0.719602 0.500000
vt 0.718460 0.500000
vt 0.121110 0.500000
vt 0.111806 0.500000
vt 0.129232 0.500000
vt 0.687882 0.500000
vt 0.686662 0.500000
vt 0.033760 0.500000
vt 0.014465 0.500000
vt 0.026699 0.500000
vt 0.624568 0.500000
vt 0.594094 0.500000
vt 0.592477 0.500000
vt 0.498628 0.500000
vt 0.499016 0.500000
vt 0.530075 0.500000
vt 0.467455 0.500000
vt 0.467950 0.500000
vt 0.436440 0.500000
vt 0.436854 0.500000
vt 0.406337 0.500000
vt 0.407703 0.500000
vt 0.153049 0.500000
vt 0.089509 0.500000
vt 0.655388 0.500000
vt 0.055924 0.500000
vt 1.000023 0.500000
vt 0.987213 0.500000
vt 0.990187 0.500000
vt 0.561568 0.500000
vt 0.561611 0.500000
vt 0.529928 0.500000
vt 0.371280 0.500000
vt 0.310412 0.500000
vt 0.281902 0.500000
vt 0.312937 0.500000
vt 0.279193 0.500000
vt 0.250806 0.500000
vt 0.215487 0.500000
vt 0.184866 0.500000
vt 0.187115 0.500000
vt 0.218266 0.500000
vt 0.153292 0.500000
vt 0.059368 0.500000
vt 0.965804 0.500000
vt 0.973911 0.500000
vt 0.935490 0.500000
vt 0.937407 0.500000
vt 0.904991 0.500000
vt 0.920778 0.500000
vt 0.874310 0.500000
vt 0.889540 0.500000
vt 0.867801 0.500000
vt 0.813979 0.500000
vt 0.837462 0.500000
vt 0.086097 0.500000
vt 0.083004 0.500000
vt 0.098568 0.500000
vt 0.039605 0.500000
vt 0.023282 0.500000
vt 0.023412 0.500000
vt 0.130962 0.500000
vt 0.117527 0.500000
vt 0.135484 0.500000
vt 0.371722 0.500000
vt 0.387936 0.500000
vt 0.991979 0.500000
vt 0.984269 0.500000
vt 0.983728 0.500000
vt 0.341418 0.500000
vt 0.344615 0.500000
vt 0.372638 0.500000
vt 0.757355 0.500000
vt 0.722313 0.500000
vt 0.753167 0.500000
vt 0.688094 0.500000
vt 0.692490 0.500000
vt 1.000042 0.500000
vt 0.992188 0.500000
vt 0.999992 0.500000
vt 0.593392 0.500000
vt 0.561794 0.500000
vt 0.561570 0.500000
vt 0.530167 0.500000
vt 0.531284 0.500000
vt 0.939752 0.500000
vt 0.922822 0.500000
vt 0.935199 0.500000
vt 0.498607 0.500000
vt 0.500940 0.500000
vt 0.467138 0.500000
vt 0.469215 0.500000
vt 0.435579 0.500000
vt 0.441175 0.500000
vt 0.845126 0.500000
vt 0.830603 0.500000
vt 0.842165 0.500000
vt 0.813924 0.500000
vt 0.791535 0.500000
vt 0.811049 0.500000
vt 0.780054 0.500000
vt 0.313185 0.500000
vt 0.279440 0.500000
vt 0.281908 0.500000
vt 0.248630 0.500000
vt 0.217131 0.500000
vt 0.250403 0.500000
vt 0.195571 0.500000
vt 0.218738 0.500000
vt 0.184929 0.500000
vt 0.149678 0.500000
vt 0.151229 0.500000
vt 0.186305 0.500000
vt 0.117298 0.500000
vt 0.100899 0.500000
vt 0.070708 0.500000
vt 0.054918 0.500000
vt 0.045726 0.500000
vt 0.054857 0.500000
vt 0.012981 0.500000
vt 0.012387 0.500000
vt 0.973623 0.500000
vt 0.953952 0.500000
vt 0.952376 0.500000
vt 0.910605 0.500000
vt 0.921083 0.500000
vt 0.311583 0.500000
vt 0.891644 0.500000
vt 0.879030 0.500000
vt 0.889802 0.500000
vt 0.860535 0.500000
vt 0.858578 0.500000
vt 0.126016 0.500000
vt 0.108141 0.500000
vt 0.123933 0.500000
vt 0.684372 0.500000
vt 0.719886 0.500000
vt 0.659215 0.500000
vt 0.654675 0.500000
vt 0.062831 0.500000
vt 0.052071 0.500000
vt 0.054933 0.500000
vt 0.592035 0.500000
vt 0.562069 0.500000
vt 0.563218 0.500000
vt 0.962645 0.500000
vt 0.952864 0.500000
vt 0.957808 0.500000
vt 0.099822 0.500000
vt 0.086260 0.500000
vt 0.119586 0.500000
vt 0.085408 0.500000
vt 0.023923 0.500000
vt 0.625577 0.500000
vt 0.594050 0.500000
vt 0.530259 0.500000
vt 0.531786 0.500000
vt 0.940486 0.500000
vt 0.922141 0.500000
vt 0.938470 0.500000
vt 0.498643 0.500000
vt 0.499918 0.500000
vt 0.909228 0.500000
vt 0.890933 0.500000
vt 0.904639 0.500000
vt 0.466921 0.500000
vt 0.470562 0.500000
vt 0.877762 0.500000
vt 0.859712 0.500000
vt 0.873692 0.500000
vt 0.435302 0.500000
vt 0.439715 0.500000
vt 0.845974 0.500000
vt 0.828505 0.500000
vt 0.842501 0.500000
vt 0.404917 0.500000
vt 0.408934 0.500000
vt 0.814004 0.500000
vt 0.797349 0.500000
vt 0.796655 0.500000
vt 0.379937 0.500000
vt 0.984015 0.500000
vt 0.984180 0.500000
vt 0.781955 0.500000
vt 0.760113 0.500000
vt 0.776236 0.500000
vt 0.339658 0.500000
vt 0.346018 0.500000
vt 0.319559 0.500000
vt 0.278114 0.500000
vt 0.249940 0.500000
vt 0.280333 0.500000
vt 0.185194 0.500000
vt 0.162329 0.500000
vt 0.154416 0.500000
vt 0.187996 0.500000
vt 0.023545 0.500000
vt 0.011332 0.500000
vt 0.010499 0.500000
vt 0.921261 0.500000
vt 0.309936 0.500000
vt 0.889947 0.500000
vt 0.858668 0.500000
vt 0.825822 0.500000
vt 0.747257 0.500000
vt 0.687740 0.500000
vt 0.653705 0.500000
vt 0.681950 0.500000
vt 0.621279 0.500000
vt 0.623734 0.500000
vt 0.918434 0.500000
vt 0.909935 0.500000
vt 0.935488 0.500000
vt 0.153325 0.500000
vt 0.717298 0.500000
vt 0.654687 0.500000
vt 0.592617 0.500000
vt 0.999827 0.500000
vt 0.987274 0.500000
vt 0.984983 0.500000
vt 0.999998 0.500000
vt 0.590194 0.500000
vt 0.561507 0.500000
vt 0.970641 0.500000
vt 0.953707 0.500000
vt 0.953925 0.500000
vt 0.560480 0.500000
vt 0.529539 0.500000
vt 0.890883 0.500000
vt 0.495571 0.500000
vt 0.466238 0.500000
vt 0.499501 0.500000
vt 0.439328 0.500000
vt 0.407331 0.500000
vt 0.405860 0.500000
vt 0.247235 0.500000
vt 0.218585 0.500000
vt 0.249564 0.500000
vt 0.089849 0.500000
vt 0.069103 0.500000
vt 0.056020 0.500000
vt 0.023194 0.500000
vt 0.010333 0.500000
vt 0.021569 0.500000
vt 0.938044 0.500000
vt 0.347609 0.500000
vt 0.329124 0.500000
vt 0.341390 0.500000
vt 0.868776 0.500000
vt 0.877429 0.500000
vt 0.839721 0.500000
vt 0.845886 0.500000
vt 0.808895 0.500000
vt 0.809110 0.500000
vt 0.220038 0.500000
vt 0.198793 0.500000
vt 0.782140 0.500000
vt 0.778728 0.500000
vt 0.057947 0.500000
vt 0.033642 0.500000
vt 0.085317 0.500000
vt 0.687778 0.500000
vt 0.657231 0.500000
vt 0.663991 0.500000
vt 0.528619 0.500000
vt 0.529158 0.500000
vt 0.561465 0.500000
vt 0.497137 0.500000
vt 0.499600 0.500000
vt 0.056324 0.500000
vt 0.052255 0.500000
vt 0.090444 0.500000
vt 0.025386 0.500000
vt 0.021716 0.500000
vt 0.372750 0.500000
vt 0.374409 0.500000
vt 0.409729 0.500000
vt 0.980884 0.500000
vt 0.970971 0.500000
vt 0.999985 0.500000
vt 0.311318 0.500000
vt 0.313821 0.500000
vt 0.341751 0.500000
vt 0.279815 0.500000
vt 0.282165 0.500000
vt 0.814242 0.500000
vt 0.781886 0.500000
vt 0.780788 0.500000
vt 0.750868 0.500000
vt 0.747176 0.500000
vt 0.719006 0.500000
vt 0.091286 0.500000
vt 0.123461 0.500000
vt 0.000211 0.500000
vt 0.999973 0.500000
vt 0.594811 0.500000
vt 0.562015 0.500000
vt 0.468903 0.500000
vt 0.435730 0.500000
vt 0.437972 0.500000
vt 0.248305 0.500000
vt 0.628377 0.500000
vt 0.218439 0.500000
vt 0.251443 0.500000
vt 0.216725 0.500000
vt 0.186436 0.500000
vt 0.709702 0.500000
vt 0.123691 0.500000
vt 0.942583 0.500000
vt 0.904564 0.500000
vt 0.905438 0.500000
vt 0.874519 0.500000
vt 0.846190 0.500000
vt 0.656810 0.500000
vt 0.624141 0.500000
vt 0.623613 0.500000
vt 0.592781 0.500000
vt 0.592344 0.500000
vt 0.561099 0.500000
vt 0.561306 0.500000
vt 0.975253 0.500000
vt 0.967461 0.500000
vt 1.000006 0.500000
vt 0.941638 0.500000
vt 0.936341 0.500000
vt 0.905170 0.500000
vt 0.309214 0.500000
vt 0.280201 0.500000
vt 0.279783 0.500000
vt 0.092587 0.500000
vt 0.023950 0.500000
vt 0.000063 0.500000
vt 0.000030 0.500000
vt 1.000008 0.500000
vt 0.529212 0.500000
vt 0.497440 0.500000
vt 0.499285 0.500000
vt 0.529456 0.500000
vt 0.465823 0.500000
vt 0.876582 0.500000
vt 0.876352 0.500000
vt 0.434405 0.500000
vt 0.467465 0.500000
vt 0.405197 0.500000
vt 0.404193 0.500000
vt 0.436180 0.500000
vt 0.310445 0.500000
vt 0.341536 0.500000
vt 0.907537 0.500000
vt 0.811952 0.500000
vt 0.782702 0.500000
vt 0.780993 0.500000
vt 0.750861 0.500000
vt 0.750439 0.500000
vt 0.593479 0.500000
vt 0.561448 0.500000
vt 0.581662 0.500000
vt 0.529454 0.500000
vt 0.531194 0.500000
vt 0.492347 0.500000
vt 0.443452 0.500000
vt 0.404645 0.500000
vt 0.373735 0.500000
vt 0.337374 0.500000
vt 0.286640 0.500000
vt 0.234836 0.500000
vt 0.256012 0.500000
vt 0.658393 0.500000
vt 0.626172 0.500000
vt 0.672812 0.500000
vt 0.172708 0.500000
vt 0.213975 0.500000
vt 0.124574 0.500000
vt 0.151080 0.500000
vt 0.033497 0.500000
vt 0.000030 0.500000
vt 0.000007 0.500000
vt 0.051517 0.500000
vt 0.098390 0.500000
vt 0.074331 0.500000
vt 0.497764 0.500000
vt 0.999929 0.500000
vt 0.951858 0.500000
vt 1.000011 0.500000
vt 0.908266 0.500000
vt 0.887463 0.500000
vt 0.845810 0.500000
vt 0.813368 0.500000
vt 0.843400 0.500000
vt 0.671209 0.500000
vt 0.889455 0.500000
vt 0.860026 0.500000
vt 0.214070 0.500000
vt 0.254582 0.500000
vt 0.159689 0.500000
vt 0.191496 0.500000
vt 0.083043 0.500000
vt 0.033980 0.500000
vt 0.054061 0.500000
vt 0.127949 0.500000
vt 1.000292 0.500000
vt 0.959867 0.500000
vt 0.999850 0.500000
vt 0.947213 0.500000
vt 0.922723 0.500000
vt 0.804417 0.500000
vt 0.748832 0.500000
vt 0.718854 0.500000
vt 0.758455 0.500000
vt 0.124628 0.500000
vt -0.000015 0.500000
vt -0.000065 0.500000
vt 0.425950 0.500000
vt 0.343253 0.500000
vt 0.459152 0.500000
vt 0.353760 0.500000
vt 0.297084 0.500000
vt 0.206223 0.500000
vt 0.234730 0.500000
vt 0.269074 0.500000
vt 0.370244 0.500000
vt 0.773836 0.500000
vt 0.599504 0.500000
vt 0.666256 0.500000
vt 0.758497 0.500000
vt 0.852766 0.500000
vt 0.454644 0.500000
vt 0.558136 0.500000
vt 0.094115 0.500000
vt -0.000253 0.500000
vt 0.134069 0.500000
vt 0.251743 0.500000
vt 0.274513 0.500000
vt 0.249931 0.500000
vt 0.220782 0.500000
vt 0.218355 0.500000
vt 0.810423 0.500000
vt 0.813344 0.500000
vt 0.781273 0.500000
vt 0.159029 0.500000
vt 0.190853 0.500000
vt 0.155986 0.500000
vt 0.778561 0.500000
vt 0.750146 0.500000
vt 0.127876 0.500000
vt 0.124659 0.500000
vt 0.716483 0.500000
vt 0.748210 0.500000
vt 0.718512 0.500000
vt 0.095923 0.500000
vt 0.093558 0.500000
vt 0.000047 0.500000
vt 0.032421 0.500000
vt 0.030912 0.500000
vt 0.501093 0.500000
vt 0.531825 0.500000
vt 0.531160 0.500000
vt 0.470129 0.500000
vt 0.499757 0.500000
vt 0.439263 0.500000
vt 0.468477 0.500000
vt 0.844089 0.500000
vt 0.844554 0.500000
vt 0.062145 0.500000
vt 0.063006 0.500000
vt 0.966600 0.500000
vt 0.999987 0.500000
vt 0.969142 0.500000
vt 0.934001 0.500000
vt 0.938371 0.500000
vt 0.903236 0.500000
vt 0.907385 0.500000
vt 0.872134 0.500000
vt 0.876062 0.500000
vt 0.686152 0.500000
vt 0.687954 0.500000
vt 0.655267 0.500000
vt 0.657630 0.500000
vt 0.624656 0.500000
vt 0.625440 0.500000
vt 0.593906 0.500000
vt 0.563685 0.500000
vt 0.562622 0.500000
vt -0.000001 0.500000
vt 0.999987 0.500000
vt 0.030175 0.500000
vt 0.031490 0.500000
vt 0.236475 0.500000
vt 0.874825 0.500000
vt 0.905902 0.500000
vt 0.875106 0.500000
vt 0.843612 0.500000
vt 0.843777 0.500000
vt 0.812503 0.500000
vt 0.812564 0.500000
vt 0.781275 0.500000
vt 0.750031 0.500000
vt 0.718852 0.500000
vt 0.594372 0.500000
vt 0.624728 0.500000
vt 0.593547 0.500000
vt 0.469984 0.500000
vt 0.500546 0.500000
vt 0.500039 0.500000
vt 0.060533 0.500000
vt 0.093353 0.500000
vt 0.062404 0.500000
vt 0.375136 0.500000
vt 0.406604 0.500000
vt 0.406173 0.500000
vt 1.000001 0.500000
vt 0.968723 0.500000
vt 0.343908 0.500000
vt 0.343667 0.500000
vt 0.312594 0.500000
vt 0.312590 0.500000
vt 0.093752 0.500000
vt 0.563138 0.500000
vt 0.562678 0.500000
vt 0.531032 0.500000
vt 0.936996 0.500000
vt 0.936714 0.500000
vt 0.905649 0.500000
vt 0.218614 0.500000
vt 0.219319 0.500000
vt 0.656348 0.500000
vt 0.281475 0.500000
vt 0.281093 0.500000
vt 0.250310 0.500000
vt 0.374735 0.500000
vt 0.374621 0.500000
vt 0.405999 0.500000
vt 0.437842 0.500000
vt 0.437417 0.500000
vt 0.437295 0.500000
vt 0.531845 0.500000
vt 0.000003 0.500000
vt 0.687435 0.500000
vt 0.124300 0.500000
vt 0.155504 0.500000
vt 0.125534 0.500000
vt 0.187176 0.500000
vt 0.156826 0.500000
vt 0.967960 0.500000
vt 0.468621 0.500000
vt 0.188068 0.500000
vt 0.187134 0.500000
vt 0.999925 0.500000
vt 0.405376 0.500000
vt 0.376871 0.500000
vt 0.000010 0.500000
vt 0.029817 0.500000
vt 0.436524 0.500000
vt 0.408075 0.500000
vt 0.467676 0.500000
vt 0.061268 0.500000
vt 0.498723 0.500000
vt 0.530504 0.500000
vt 0.561882 0.500000
vt 0.593391 0.500000
vt 0.593035 0.500000
vt 0.625107 0.500000
vt 0.656251 0.500000
vt 0.280424 0.500000
vt 0.687625 0.500000
vt 0.719071 0.500000
vt 0.749794 0.500000
vt 0.873796 0.500000
vt 0.903773 0.500000
vt 0.311182 0.500000
vt 0.314517 0.500000
vt 0.934574 0.500000
vt 0.345703 0.500000
vt 0.343915 0.500000
vt 0.780823 0.500000
vt 0.812566 0.500000
vt 0.217603 0.500000
vt 0.249362 0.500000
vt 0.965761 0.500000
vt 0.093008 0.500000
vt 0.124047 0.500000
vt 0.155066 0.500000
vt 0.186250 0.500000
vt 0.615975 0.500000
vt 0.773936 0.500000
vt 0.873051 0.500000
vt 0.949956 0.500000
vt 0.999766 0.500000
vt 0.999108 0.500000
vt 0.007116 0.500000
vt 0.704373 0.500000
vt 0.639623 0.500000
vt 0.766153 0.500000
vt 0.576962 0.500000
vt 0.513087 0.500000
vt 0.827864 0.500000
vt 0.888054 0.500000
vt 0.112233 0.500000
vt 0.174712 0.500000
vt 0.477219 0.500000
vt 0.438045 0.500000
vt 0.622616 0.500000
vt 0.319654 0.500000
vt 0.378956 0.500000
vt 0.530112 0.500000
vt 0.568125 0.500000
vt 0.719668 0.500000
vt 0.950544 0.500000
vt 0.374014 0.500000
vt 0.625826 0.500000
vt 0.656352 0.500000
vt 0.690077 0.500000
vt 0.687107 0.500000
vt 0.718270 0.500000
vt 0.126646 0.500000
vt 0.157927 0.500000
vt 0.189093 0.500000
vt 0.220367 0.500000
vt 0.251609 0.500000
vt 0.688561 0.500000
vt 0.720093 0.500000
vt 0.936747 0.500000
vt 0.122040 0.500000
vt 0.154579 0.500000
vt 0.188394 0.500000
vt 0.217493 0.500000
vt 0.246489 0.500000
vt 0.595329 0.500000
vt 0.626709 0.500000
vt 0.155084 0.500000
vt -0.000003 0.500000
vt 0.747161 0.500000
vt 0.373109 0.500000
vt 0.341786 0.500000
vt 0.388333 0.500000
vt 0.155503 0.500000
vt 0.156193 0.500000
vt 0.187558 0.500000
vt 0.185796 0.500000
vt 0.284009 0.500000
vt 0.314381 0.500000
vt 0.466850 0.500000
vt -0.000003 0.500000
vt 0.306416 0.500000
vt 0.726098 0.500000
vt 0.218601 0.500000
vt 0.054887 0.500000
vt 0.038836 0.500000
vt 0.090603 0.500000
vt 0.185161 0.500000
vt 0.276067 0.500000
vt 0.529089 0.500000
vt 0.999648 0.500000
vt 0.624958 0.500000
vt 0.164506 0.500000
vt -0.000042 0.500000
vt -0.000026 0.500000
vt 0.796311 0.500000
vt 0.827416 0.500000
vt 0.406624 0.500000
vt 0.119541 0.500000
vt 0.147551 0.500000
vt 0.663716 0.500000
vt 0.656678 0.500000
vt 0.873237 0.500000
vt 0.904262 0.500000
vt 0.965770 0.500000
vt 0.592509 0.500000
vt 1.000000 0.500000
vt 0.992154 0.500000
vt 0.216228 0.500000
vt 0.195487 0.500000
vt 0.247013 0.500000
vt 0.226751 0.500000
vt -0.000013 0.500000
vt -0.000016 0.500000
vt 0.783478 0.500000
vt 0.956265 0.500000
vt 0.013921 0.500000
vt 0.624617 0.500000
vt 0.087697 0.500000
vt 0.904654 0.500000
vt 0.343445 0.500000
vt 0.623608 0.500000
vt 0.750643 0.500000
vt 0.000055 0.500000
vt 0.000039 0.500000
vt 0.779992 0.500000
vt 0.248538 0.500000
vt 0.530876 0.500000
vt 0.656260 0.500000
vt 0.281663 0.500000
vt 0.000122 0.500000
vt 0.562084 0.500000
vt 0.312585 0.500000
vt -0.000026 0.500000
vt 0.060777 0.500000
vt 0.155670 0.500000
vt 0.124334 0.500000
vt 0.281170 0.500000
vt 0.406949 0.500000
vt 0.438197 0.500000
vt 0.500433 0.500000
vt 0.938408 0.500000
vt 0.531622 0.500000
vt 0.530373 0.500000
vt 0.562861 0.500000
vt 0.561850 0.500000
vt 0.593280 0.500000
vt 0.719402 0.500000
vt 0.751101 0.500000
vt 0.781710 0.500000
vt 0.276936 0.500000
vt 0.999963 0.500000
vt 0.896716 0.500000
vt 0.126602 0.500000
vt 0.157009 0.500000
vt 0.964561 0.500000
vt 0.562302 0.500000
vt 0.530552 0.500000
vt 0.314715 0.500000
vt 0.411505 0.500000
vt 0.441812 0.500000
vt 0.716580 0.500000
vt 0.000267 0.500000
vt 0.685404 0.500000
vt 0.519226 0.697910
vt 0.582047 0.582812
vt 0.539218 0.852951
vt 0.706627 0.517872
vt 0.657618 0.966789
vt 0.865838 0.547109
vt 0.836623 0.965988
vt 0.974610 0.678097
vt 0.967469 0.839154
s 1
g off
g Object_70_HeadIselda
usemtl HeadIselda
f 21/1/1 59/2/2 58/3/3
f 24/4/4 25/5/5 59/2/2
f 41/6/6 68/7/7 27/8/8
f 28/9/9 62/10/10 25/5/5
f 12/11/11 38/12/12 17/13/13
f 56/14/14 52/15/15 57/16/16
f 63/17/17 48/18/18 64/19/19
f 46/20/20 63/17/17 47/21/21
f 1/22/22 6/23/23 7/24/24
f 6/23/23 10/25/25 11/26/26
f 10/25/25 15/27/27 16/28/28
f 42/29/29 44/30/30 45/31/31
f 67/32/32 29/33/33 30/34/34
f 67/32/32 30/34/34 26/35/35
f 63/17/17 64/19/19 47/21/21
f 29/33/33 33/36/36 34/37/37
f 48/18/18 49/38/38 53/39/39
f 48/18/18 53/39/39 64/19/19
f 74/40/40 77/41/41 112/42/42
f 127/43/43 129/44/44 130/45/45
f 129/44/44 131/46/46 99/47/47
f 131/46/46 72/48/48 99/47/47
f 100/49/49 103/50/50 101/51/51
f 102/52/52 105/53/53 103/50/50
f 106/54/54 108/55/55 109/56/56
f 108/55/55 71/57/57 110/58/58
f 77/41/41 81/59/59 112/42/42
f 96/60/60 97/61/61 114/62/62
f 81/59/59 83/63/63 113/64/64
f 83/63/63 89/65/65 115/66/66
f 86/67/67 91/68/68 87/69/69
f 93/70/70 94/71/71 91/68/68
f 89/65/65 123/72/72 116/73/73
f 123/72/72 119/74/74 117/75/75
f 100/49/49 102/52/52 103/50/50
f 102/52/52 104/76/76 105/53/53
f 104/76/76 106/54/54 107/77/77
f 72/48/48 75/78/78 136/79/79
f 75/78/78 78/80/80 79/81/81
f 75/78/78 79/81/81 136/79/79
f 78/80/80 82/82/82 132/83/83
f 78/80/80 132/83/83 79/81/81
f 88/84/84 73/85/85 3/86/86
f 92/87/87 76/88/88 73/85/85
f 95/89/89 96/60/60 76/88/88
f 96/60/60 114/62/62 80/90/90
f 127/43/43 130/45/45 128/91/91
f 129/44/44 99/47/47 130/45/45
f 93/70/70 118/92/92 98/93/93
f 93/70/70 98/93/93 94/71/71
f 140/94/94 144/95/95 145/96/96
f 167/97/97 185/98/98 148/99/99
f 144/95/95 149/100/100 150/101/101
f 187/102/102 159/103/103 160/104/104
f 199/105/105 161/106/106 162/107/107
f 168/108/108 171/109/109 166/110/110
f 170/111/111 173/112/112 171/109/109
f 172/113/113 174/114/114 173/112/112
f 201/115/115 193/116/116 174/114/114
f 165/117/117 167/97/97 148/99/99
f 167/97/97 169/118/118 185/98/98
f 144/95/95 150/101/101 145/96/96
f 149/100/100 154/119/119 150/101/101
f 187/102/102 160/104/104 188/120/120
f 190/121/121 177/122/122 178/123/123
f 163/124/124 166/110/110 164/125/125
f 200/126/126 168/108/108 166/110/110
f 168/108/108 170/111/111 171/109/109
f 170/111/111 172/113/113 173/112/112
f 172/113/113 201/115/115 174/114/114
f 201/115/115 136/79/79 137/127/127
f 201/115/115 137/127/127 193/116/116
f 146/128/128 152/129/129 147/130/130
f 151/131/131 156/132/132 152/129/129
f 69/133/133 138/134/134 139/135/135
f 69/133/133 139/135/135 70/136/136
f 161/106/106 163/124/124 162/107/107
f 165/117/117 148/99/99 143/137/137
f 157/138/138 187/102/102 188/120/120
f 177/122/122 179/139/139 194/140/140
f 179/139/139 195/141/141 191/142/142
f 195/141/141 196/143/143 181/144/144
f 196/143/143 197/145/145 182/146/146
f 197/145/145 110/58/58 183/147/147
f 110/58/58 198/148/148 184/149/149
f 217/150/150 261/151/151 218/152/152
f 262/153/153 225/154/154 226/155/155
f 232/156/156 213/157/157 233/158/158
f 137/127/127 239/159/159 240/160/160
f 241/161/161 242/162/162 243/163/163
f 205/164/164 206/165/165 244/166/166
f 204/167/167 209/168/168 258/169/169
f 209/168/168 214/170/170 215/171/171
f 267/172/172 241/161/161 268/173/173
f 267/172/172 268/173/173 269/174/174
f 227/175/175 229/176/176 230/177/177
f 229/176/176 231/178/178 289/179/179
f 229/176/176 289/179/179 230/177/177
f 283/180/180 247/181/181 271/182/182
f 231/178/178 234/183/183 273/184/184
f 234/183/183 235/185/185 275/186/186
f 234/183/183 275/186/186 273/184/184
f 235/185/185 278/187/187 291/188/188
f 235/185/185 291/188/188 275/186/186
f 276/189/189 253/190/190 277/191/191
f 292/192/192 256/193/193 280/194/194
f 256/193/193 204/167/167 282/195/195
f 205/164/164 211/196/196 206/165/165
f 216/197/197 286/198/198 211/196/196
f 216/197/197 219/199/199 286/198/198
f 219/199/199 223/200/200 287/201/201
f 223/200/200 255/202/202 224/203/203
f 133/204/204 207/205/205 208/206/206
f 133/204/204 208/206/206 134/207/207
f 207/205/205 232/156/156 233/158/158
f 207/205/205 233/158/158 208/206/206
f 231/178/178 273/184/184 289/179/179
f 212/208/208 259/209/209 218/152/152
f 212/208/208 218/152/152 213/157/157
f 217/150/150 260/210/210 261/151/151
f 220/211/211 262/153/153 263/212/212
f 220/211/211 263/212/212 221/213/213
f 225/154/154 264/214/214 265/215/215
f 225/154/154 265/215/215 226/155/155
f 242/162/162 281/216/216 243/163/163
f 245/217/217 283/180/180 246/218/218
f 247/181/181 284/219/219 248/220/220
f 210/221/221 216/197/197 211/196/196
f 249/222/222 285/223/223 250/224/224
f 251/225/225 276/189/189 252/226/226
f 239/159/159 244/166/166 240/160/160
f 395/227/227 419/228/228 293/229/229
f 215/171/171 301/230/230 418/231/231
f 300/232/232 362/233/233 301/230/230
f 304/234/234 305/235/235 342/236/236
f 311/237/237 314/238/238 315/239/239
f 347/240/240 327/241/241 328/242/242
f 321/243/243 341/244/244 340/245/245
f 299/246/246 342/236/236 341/244/244
f 305/235/235 310/247/247 342/236/236
f 288/248/248 311/237/237 312/249/249
f 314/238/238 317/250/250 318/251/251
f 354/252/252 329/253/253 348/254/254
f 317/250/250 319/255/255 320/256/256
f 317/250/250 320/256/256 318/251/251
f 358/257/257 331/258/258 349/259/259
f 319/255/255 322/260/260 367/261/261
f 319/255/255 367/261/261 320/256/256
f 359/262/262 333/263/263 350/264/264
f 322/260/260 323/265/265 352/266/266
f 361/267/267 335/268/268 351/269/269
f 323/265/265 279/270/270 368/271/271
f 323/265/265 368/271/271 352/266/266
f 363/272/272 337/273/273 371/274/274
f 279/270/270 244/166/166 369/275/275
f 326/276/276 347/240/240 328/242/242
f 326/276/276 328/242/242 353/277/277
f 365/278/278 338/279/279 339/280/280
f 244/166/166 356/281/281 357/282/282
f 356/281/281 296/283/283 357/282/282
f 298/284/284 303/285/285 360/286/286
f 313/287/287 316/288/288 203/289/289
f 313/287/287 203/289/289 366/290/290
f 322/260/260 352/266/266 367/261/261
f 309/291/291 343/292/292 344/293/293
f 309/291/291 344/293/293 310/247/247
f 279/270/270 369/275/275 368/271/271
f 244/166/166 357/282/282 369/275/275
f 327/241/241 354/252/252 348/254/254
f 329/253/253 358/257/257 330/294/294
f 295/295/295 360/286/286 296/283/283
f 331/258/258 359/262/262 332/296/296
f 333/263/263 361/267/267 370/297/297
f 335/268/268 363/272/272 364/298/298
f 337/273/273 365/278/278 371/274/274
f 338/279/279 294/299/299 339/280/280
f 373/300/300 379/301/301 380/302/302
f 379/301/301 383/303/303 384/304/304
f 409/305/305 428/306/306 410/307/307
f 393/308/308 395/227/227 293/229/229
f 418/231/231 373/300/300 374/309/309
f 379/301/301 384/304/304 421/310/310
f 383/303/303 389/311/311 384/304/304
f 423/312/312 404/313/313 431/314/314
f 423/312/312 431/314/314 424/315/315
f 440/316/316 392/317/317 389/311/311
f 430/318/318 407/319/319 408/320/320
f 425/321/321 427/322/322 392/317/317
f 409/305/305 411/323/323 428/306/306
f 396/324/324 442/325/325 429/326/326
f 398/327/327 400/328/328 444/329/329
f 430/318/318 408/320/320 431/314/314
f 381/330/330 386/331/331 438/332/332
f 419/228/228 378/333/333 293/229/229
f 397/334/334 420/335/335 378/333/333
f 387/336/336 422/337/337 388/338/338
f 383/303/303 440/316/316 389/311/311
f 404/313/313 430/318/318 431/314/314
f 407/319/319 433/339/339 408/320/320
f 405/340/340 434/341/341 435/342/342
f 411/323/323 436/343/343 412/344/344
f 436/343/343 437/345/345 413/346/346
f 437/345/345 414/347/347 415/348/348
f 437/345/345 415/348/348 413/346/346
f 385/349/349 439/350/350 386/331/331
f 414/347/347 432/351/351 417/352/352
f 525/353/353 511/354/354 447/355/355
f 448/356/356 449/357/357 499/358/358
f 489/359/359 465/360/360 462/361/361
f 489/359/359 490/362/362 491/363/363
f 489/359/359 491/363/363 465/360/360
f 451/364/364 468/365/365 467/366/366
f 455/367/367 456/368/368 468/365/365
f 471/369/369 495/370/370 472/371/371
f 473/372/372 477/373/373 474/374/374
f 478/375/375 505/376/376 479/377/377
f 478/375/375 506/378/378 498/379/379
f 501/380/380 483/381/381 486/382/382
f 483/381/381 485/383/383 503/384/384
f 483/381/381 503/384/384 486/382/382
f 485/383/383 497/385/385 503/384/384
f 372/386/386 467/366/366 464/387/387
f 455/367/367 469/388/388 456/368/368
f 488/389/389 473/372/372 474/374/374
f 457/390/390 461/391/391 462/361/361
f 490/362/362 493/392/392 491/363/363
f 443/393/393 494/394/394 493/392/392
f 443/393/393 472/371/371 494/394/394
f 471/369/369 479/377/377 495/370/370
f 506/378/378 450/395/395 498/379/379
f 449/357/357 452/396/396 499/358/358
f 450/395/395 502/397/397 500/398/398
f 454/399/399 460/400/400 502/397/397
f 497/385/385 504/401/401 503/384/384
f 487/402/402 372/386/386 464/387/387
f 448/356/356 499/358/358 504/401/401
f 476/403/403 496/404/404 481/405/405
f 492/406/406 413/346/346 553/407/407
f 413/346/346 415/348/348 501/380/380
f 560/408/408 555/409/409 513/410/410
f 512/411/411 517/412/412 513/410/410
f 516/413/413 520/414/414 517/412/412
f 547/415/415 530/416/416 529/417/417
f 532/418/418 533/419/419 530/416/416
f 532/418/418 536/420/420 533/419/419
f 531/421/421 534/422/422 565/423/423
f 523/424/424 525/353/353 447/355/355
f 510/425/425 527/426/426 528/427/427
f 546/428/428 547/415/415 529/417/417
f 512/411/411 516/413/413 517/412/412
f 516/413/413 519/429/429 520/414/414
f 519/429/429 522/430/430 549/431/431
f 519/429/429 549/431/431 548/432/432
f 522/430/430 524/433/433 549/431/431
f 482/434/434 553/407/407 538/435/435
f 524/433/433 526/436/436 550/437/437
f 526/436/436 561/438/438 562/439/439
f 526/436/436 562/439/439 551/440/440
f 479/377/377 564/441/441 563/442/442
f 532/418/418 535/443/443 536/420/420
f 531/421/421 565/423/423 564/441/441
f 535/443/443 482/434/434 538/435/435
f 554/444/444 556/445/445 541/446/446
f 556/445/445 557/447/447 542/448/448
f 584/449/449 585/450/450 586/451/451
f 585/450/450 588/452/452 575/453/453
f 588/452/452 592/454/454 575/453/453
f 550/437/437 551/440/440 579/455/455
f 551/440/440 562/439/439 580/456/456
f 551/440/440 580/456/456 579/455/455
f 594/457/457 563/442/442 595/458/458
f 563/442/442 564/441/441 595/458/458
f 564/441/441 565/423/423 596/459/459
f 565/423/423 597/460/460 598/461/461
f 591/462/462 571/463/463 582/464/464
f 597/460/460 599/465/465 600/466/466
f 599/465/465 601/467/467 602/468/468
f 550/437/437 579/455/455 592/454/454
f 605/469/469 507/470/470 606/471/471
f 605/469/469 606/471/471 593/472/472
f 564/441/441 596/459/459 595/458/458
f 565/423/423 598/461/461 596/459/459
f 597/460/460 600/466/466 598/461/461
f 599/465/465 602/468/468 600/466/466
f 601/467/467 603/473/473 602/468/468
f 604/474/474 593/472/472 603/473/473
f 584/449/449 586/451/451 571/463/463
f 588/452/452 590/475/475 592/454/454
f 590/475/475 550/437/437 592/454/454
f 572/476/476 607/477/477 573/478/478
f 576/479/479 538/435/435 577/480/480
f 538/435/435 540/481/481 577/480/480
f 540/481/481 583/482/482 578/483/483
f 582/464/464 571/463/463 629/484/484
f 615/485/485 578/483/483 613/486/486
f 598/461/461 626/487/487 617/488/488
f 626/487/487 620/489/489 619/490/490
f 630/491/491 622/492/492 623/493/493
f 620/489/489 621/494/494 619/490/490
f 568/495/495 633/496/496 569/497/497
f 609/498/498 615/485/485 611/499/499
f 615/485/485 613/486/486 611/499/499
f 578/483/483 618/500/500 613/486/486
f 581/501/501 627/502/502 634/503/503
f 628/504/504 630/491/491 621/494/494
f 622/492/492 631/505/505 632/506/506
f 645/507/507 649/508/508 654/509/509
f 638/510/510 640/511/511 649/508/508
f 640/511/511 651/512/512 649/508/508
f 640/511/511 642/513/513 651/512/512
f 649/508/508 673/514/514 670/515/515
f 674/516/516 672/517/517 675/518/518
f 674/516/516 669/519/519 667/520/520
f 674/516/516 675/518/518 669/519/519
f 672/517/517 666/521/521 676/522/522
f 655/523/523 652/524/524 677/525/525
f 721/526/526 687/527/527 738/528/528
f 723/529/529 738/528/528 739/530/530
f 689/531/531 713/532/532 714/533/533
f 692/534/534 690/535/535 741/536/536
f 691/537/537 714/533/533 715/538/538
f 695/539/539 692/534/534 693/540/540
f 697/541/541 694/542/542 715/538/538
f 697/541/541 715/538/538 716/543/543
f 698/544/544 695/539/539 696/545/545
f 743/546/546 703/547/547 701/548/548
f 710/549/549 709/550/550 727/551/551
f 711/552/552 710/549/549 728/553/553
f 731/554/554 711/552/552 729/555/555
f 689/531/531 712/556/556 719/557/557
f 723/529/529 721/526/526 738/528/528
f 690/535/535 723/529/529 739/530/530
f 692/534/534 741/536/536 693/540/540
f 695/539/539 693/540/540 696/545/545
f 698/544/544 696/545/545 699/558/558
f 730/559/559 699/558/558 701/548/548
f 680/560/560 706/561/561 708/562/562
f 682/563/563 708/562/562 683/564/564
f 685/565/565 682/563/563 686/566/566
f 688/567/567 685/565/565 717/568/568
f 712/556/556 688/567/567 719/557/557
f 700/569/569 697/541/541 718/570/570
f 702/571/571 700/569/569 718/570/570
f 702/571/571 718/570/570 720/572/572
f 704/573/573 702/571/571 720/572/572
f 704/573/573 720/572/572 722/574/574
f 704/573/573 722/574/574 724/575/575
f 725/576/576 724/575/575 726/577/577
f 709/550/550 726/577/577 727/551/551
f 730/559/559 698/544/544 699/558/558
f 743/546/546 701/548/548 744/578/578
f 680/560/560 705/579/579 706/561/561
f 788/580/580 746/581/581 745/582/582
f 799/583/583 774/584/584 773/585/585
f 800/586/586 773/585/585 772/587/587
f 792/588/588 772/587/587 771/589/589
f 714/533/533 792/588/588 771/589/589
f 714/533/533 771/589/589 770/590/590
f 715/538/538 714/533/533 770/590/590
f 715/538/538 770/590/590 769/591/591
f 716/543/543 715/538/538 769/591/591
f 716/543/543 769/591/591 768/592/592
f 718/570/570 716/543/543 768/592/592
f 778/593/593 765/594/594 764/595/595
f 785/596/596 784/597/597 761/598/598
f 786/599/599 793/600/600 747/601/601
f 796/602/602 795/603/603 758/604/604
f 789/605/605 745/582/582 776/606/606
f 737/607/607 796/602/602 756/608/608
f 684/609/609 756/608/608 755/610/610
f 793/600/600 748/611/611 747/601/601
f 788/580/580 786/599/599 746/581/581
f 780/612/612 763/613/613 762/614/614
f 790/615/615 776/606/606 775/616/616
f 798/617/617 775/616/616 774/584/584
f 777/618/618 738/528/528 752/619/619
f 722/574/574 720/572/572 766/620/620
f 722/574/574 766/620/620 765/594/594
f 738/528/528 791/621/621 754/622/622
f 738/528/528 754/622/622 753/623/623
f 687/527/527 791/621/621 738/528/528
f 791/621/621 684/609/609 755/610/610
f 684/609/609 737/607/607 756/608/608
f 796/602/602 757/624/624 756/608/608
f 737/607/607 736/625/625 796/602/602
f 736/625/625 734/626/626 795/603/603
f 795/603/603 787/627/627 759/628/628
f 734/626/626 732/629/629 787/627/627
f 734/626/626 787/627/627 795/603/603
f 732/629/629 729/555/555 787/627/627
f 729/555/555 728/553/553 784/597/597
f 784/597/597 782/630/630 762/614/614
f 784/597/597 762/614/614 761/598/598
f 728/553/553 727/551/551 782/630/630
f 728/553/553 782/630/630 784/597/597
f 782/630/630 780/612/612 762/614/614
f 726/577/577 780/612/612 782/630/630
f 780/612/612 778/593/593 764/595/595
f 780/612/612 764/595/595 763/613/613
f 724/575/575 778/593/593 780/612/612
f 778/593/593 722/574/574 765/594/594
f 794/631/631 788/580/580 745/582/582
f 701/548/548 788/580/580 794/631/631
f 701/548/548 786/599/599 788/580/580
f 720/572/572 718/570/570 767/632/632
f 783/633/633 781/634/634 749/635/635
f 693/540/540 781/634/634 783/633/633
f 781/634/634 779/636/636 750/637/637
f 741/536/536 779/636/636 781/634/634
f 714/533/533 713/532/532 792/588/588
f 792/588/588 800/586/586 772/587/587
f 713/532/532 719/557/557 800/586/586
f 713/532/532 800/586/586 792/588/588
f 739/530/530 738/528/528 777/618/618
f 800/586/586 799/583/583 773/585/585
f 719/557/557 717/568/568 799/583/583
f 719/557/557 799/583/583 800/586/586
f 799/583/583 798/617/617 774/584/584
f 717/568/568 686/566/566 798/617/617
f 717/568/568 798/617/617 799/583/583
f 791/621/621 755/610/610 754/622/622
f 686/566/566 683/564/564 790/615/615
f 790/615/615 797/638/638 776/606/606
f 708/562/562 797/638/638 790/615/615
f 796/602/602 758/604/604 757/624/624
f 736/625/625 795/603/603 796/602/602
f 744/578/578 701/548/548 794/631/631
f 795/603/603 759/628/628 758/604/604
f 787/627/627 760/639/639 759/628/628
f 699/558/558 793/600/600 786/599/599
f 785/596/596 761/598/598 760/639/639
f 729/555/555 784/597/597 785/596/596
f 727/551/551 726/577/577 782/630/630
f 726/577/577 724/575/575 780/612/612
f 724/575/575 722/574/574 778/593/593
f 720/572/572 767/632/632 766/620/620
f 718/570/570 768/592/592 767/632/632
f 783/633/633 749/635/635 748/611/611
f 781/634/634 750/637/637 749/635/635
f 779/636/636 751/640/640 750/637/637
f 777/618/618 752/619/619 751/640/640
f 738/528/528 753/623/623 752/619/619
f 798/617/617 790/615/615 775/616/616
f 686/566/566 790/615/615 798/617/617
f 683/564/564 708/562/562 790/615/615
f 797/638/638 789/605/605 776/606/606
f 708/562/562 789/605/605 797/638/638
f 708/562/562 706/561/561 789/605/605
f 786/599/599 747/601/601 746/581/581
f 701/548/548 699/558/558 786/599/599
f 787/627/627 785/596/596 760/639/639
f 729/555/555 785/596/596 787/627/627
f 699/558/558 696/545/545 793/600/600
f 793/600/600 783/633/633 748/611/611
f 696/545/545 783/633/633 793/600/600
f 696/545/545 693/540/540 783/633/633
f 693/540/540 741/536/536 781/634/634
f 741/536/536 740/641/641 779/636/636
f 779/636/636 777/618/618 751/640/640
f 740/641/641 739/530/530 777/618/618
f 740/641/641 777/618/618 779/636/636
f 801/642/642 705/579/579 680/560/560
f 41/6/6 803/643/643 735/644/644
f 802/645/645 804/646/646 743/546/546
f 803/643/643 805/647/647 733/648/648
f 805/647/647 807/649/649 731/554/554
f 806/650/650 698/544/544 730/559/559
f 807/649/649 813/651/651 711/552/552
f 813/651/651 808/652/652 710/549/549
f 808/652/652 814/653/653 709/550/550
f 707/654/654 704/573/573 724/575/575
f 809/655/655 704/573/573 707/654/654
f 815/656/656 702/571/571 704/573/573
f 816/657/657 700/569/569 702/571/571
f 687/527/527 742/658/658 791/621/621
f 818/659/659 697/541/541 700/569/569
f 820/660/660 50/661/661 697/541/541
f 712/556/556 825/662/662 688/567/567
f 826/663/663 685/565/565 688/567/567
f 812/664/664 681/665/665 684/609/609
f 827/666/666 682/563/563 685/565/565
f 681/665/665 679/667/667 737/607/607
f 31/668/668 679/667/667 681/665/665
f 679/667/667 735/644/644 736/625/625
f 41/6/6 735/644/644 679/667/667
f 735/644/644 733/648/648 734/626/626
f 803/643/643 733/648/648 735/644/644
f 733/648/648 731/554/554 732/629/629
f 805/647/647 731/554/554 733/648/648
f 703/547/547 730/559/559 701/548/548
f 806/650/650 730/559/559 703/547/547
f 709/550/550 725/576/576 726/577/577
f 814/653/653 725/576/576 709/550/550
f 690/535/535 740/641/641 741/536/536
f 823/669/669 811/670/670 691/537/537
f 690/535/535 739/530/530 740/641/641
f 810/671/671 723/529/529 690/535/535
f 824/672/672 721/526/526 723/529/529
f 825/662/662 826/663/663 688/567/567
f 826/663/663 827/666/666 685/565/565
f 681/665/665 737/607/607 684/609/609
f 827/666/666 828/673/673 682/563/563
f 679/667/667 736/625/625 737/607/607
f 828/673/673 801/642/642 680/560/560
f 735/644/644 734/626/626 736/625/625
f 733/648/648 732/629/629 734/626/626
f 731/554/554 729/555/555 732/629/629
f 807/649/649 711/552/552 731/554/554
f 711/552/552 728/553/553 729/555/555
f 813/651/651 710/549/549 711/552/552
f 710/549/549 727/551/551 728/553/553
f 808/652/652 709/550/550 710/549/549
f 725/576/576 707/654/654 724/575/575
f 814/653/653 809/655/655 707/654/654
f 814/653/653 707/654/654 725/576/576
f 809/655/655 815/656/656 704/573/573
f 804/646/646 703/547/547 743/546/546
f 815/656/656 816/657/657 702/571/571
f 804/646/646 806/650/650 703/547/547
f 816/657/657 818/659/659 700/569/569
f 806/650/650 817/674/674 698/544/544
f 697/541/541 716/543/543 718/570/570
f 818/659/659 820/660/660 697/541/541
f 817/674/674 819/675/675 698/544/544
f 819/675/675 695/539/539 698/544/544
f 50/661/661 694/542/542 697/541/541
f 819/675/675 821/676/676 695/539/539
f 821/676/676 692/534/534 695/539/539
f 694/542/542 691/537/537 715/538/538
f 50/661/661 691/537/537 694/542/542
f 50/661/661 823/669/669 691/537/537
f 821/676/676 822/677/677 692/534/534
f 822/677/677 690/535/535 692/534/534
f 691/537/537 689/531/531 714/533/533
f 811/670/670 689/531/531 691/537/537
f 822/677/677 810/671/671 690/535/535
f 689/531/531 719/557/557 713/532/532
f 811/670/670 712/556/556 689/531/531
f 810/671/671 824/672/672 723/529/529
f 688/567/567 717/568/568 719/557/557
f 824/672/672 742/658/658 687/527/527
f 824/672/672 687/527/527 721/526/526
f 685/565/565 686/566/566 717/568/568
f 742/658/658 684/609/609 791/621/621
f 742/658/658 812/664/664 684/609/609
f 682/563/563 683/564/564 686/566/566
f 812/664/664 31/668/668 681/665/665
f 682/563/563 680/560/560 708/562/562
f 828/673/673 680/560/560 682/563/563
f 31/668/668 41/6/6 679/667/667
f 653/678/678 654/509/509 672/517/517
f 672/517/517 676/522/522 675/518/518
f 650/679/679 653/678/678 674/516/516
f 651/512/512 655/523/523 677/525/525
f 648/680/680 650/679/679 674/516/516
f 671/681/681 674/516/516 667/520/520
f 648/680/680 674/516/516 671/681/681
f 649/508/508 651/512/512 673/514/514
f 672/517/517 654/509/509 666/521/521
f 656/682/682 648/680/680 671/681/681
f 656/682/682 671/681/681 668/683/683
f 654/509/509 649/508/508 666/521/521
f 652/524/524 678/684/684 677/525/525
f 653/678/678 672/517/517 674/516/516
f 651/512/512 677/525/525 673/514/514
f 649/508/508 670/515/515 666/521/521
f 641/685/685 644/686/686 653/678/678
f 639/687/687 653/678/678 650/679/679
f 633/496/496 648/680/680 656/682/682
f 569/497/497 633/496/496 656/682/682
f 646/688/688 635/689/689 653/678/678
f 635/689/689 654/509/509 653/678/678
f 646/688/688 653/678/678 644/686/686
f 639/687/687 641/685/685 653/678/678
f 637/690/690 639/687/687 650/679/679
f 636/691/691 637/690/690 648/680/680
f 637/690/690 650/679/679 648/680/680
f 635/689/689 645/507/507 654/509/509
f 633/496/496 636/691/691 648/680/680
f 623/493/493 632/506/506 652/524/524
f 623/493/493 652/524/524 655/523/523
f 643/692/692 623/493/493 655/523/523
f 647/693/693 655/523/523 651/512/512
f 647/693/693 643/692/692 655/523/523
f 642/513/513 647/693/693 651/512/512
f 645/507/507 638/510/510 649/508/508
f 619/490/490 647/693/693 642/513/513
f 613/486/486 618/500/500 637/690/690
f 612/694/694 625/695/695 645/507/507
f 619/490/490 621/494/494 647/693/693
f 624/696/696 646/688/688 644/686/686
f 617/488/488 619/490/490 642/513/513
f 629/484/484 644/686/686 641/685/685
f 616/697/697 617/488/488 640/511/511
f 627/502/502 629/484/484 641/685/685
f 634/503/503 627/502/502 641/685/685
f 634/503/503 641/685/685 639/687/687
f 621/494/494 643/692/692 647/693/693
f 614/698/698 616/697/697 638/510/510
f 614/698/698 638/510/510 645/507/507
f 618/500/500 639/687/687 637/690/690
f 625/695/695 614/698/698 645/507/507
f 613/486/486 637/690/690 636/691/691
f 617/488/488 642/513/513 640/511/511
f 612/694/694 645/507/507 635/689/689
f 613/486/486 636/691/691 611/499/499
f 610/699/699 612/694/694 635/689/689
f 611/499/499 636/691/691 633/496/496
f 624/696/696 608/700/700 646/688/688
f 629/484/484 624/696/696 644/686/686
f 618/500/500 634/503/503 639/687/687
f 616/697/697 640/511/511 638/510/510
f 608/700/700 610/699/699 635/689/689
f 608/700/700 635/689/689 646/688/688
f 606/471/471 631/505/505 622/492/492
f 587/701/701 629/484/484 627/502/502
f 603/473/473 630/491/491 628/504/504
f 620/489/489 628/504/504 621/494/494
f 602/468/468 628/504/504 620/489/489
f 607/477/477 615/485/485 609/498/498
f 573/478/478 607/477/477 568/495/495
f 580/456/456 614/698/698 625/695/695
f 579/455/455 625/695/695 612/694/694
f 630/491/491 623/493/493 643/692/692
f 630/491/491 643/692/692 621/494/494
f 592/454/454 612/694/694 610/699/699
f 575/453/453 610/699/699 608/700/700
f 571/463/463 586/451/451 624/696/696
f 622/492/492 632/506/506 623/493/493
f 626/487/487 619/490/490 617/488/488
f 571/463/463 624/696/696 629/484/484
f 593/472/472 622/492/492 630/491/491
f 603/473/473 593/472/472 630/491/491
f 596/459/459 617/488/488 616/697/697
f 587/701/701 582/464/464 629/484/484
f 602/468/468 603/473/473 628/504/504
f 581/501/501 587/701/701 627/502/502
f 618/500/500 581/501/501 634/503/503
f 541/446/446 581/501/501 618/500/500
f 600/466/466 602/468/468 620/489/489
f 600/466/466 620/489/489 626/487/487
f 580/456/456 594/457/457 614/698/698
f 583/482/482 541/446/446 618/500/500
f 583/482/482 618/500/500 578/483/483
f 598/461/461 600/466/466 626/487/487
f 577/480/480 578/483/483 615/485/485
f 595/458/458 596/459/459 616/697/697
f 607/477/477 577/480/480 615/485/485
f 609/498/498 611/499/499 633/496/496
f 586/451/451 608/700/700 624/696/696
f 593/472/472 606/471/471 622/492/492
f 592/454/454 579/455/455 612/694/694
f 596/459/459 598/461/461 617/488/488
f 594/457/457 616/697/697 614/698/698
f 594/457/457 595/458/458 616/697/697
f 568/495/495 609/498/498 633/496/496
f 607/477/477 609/498/498 568/495/495
f 579/455/455 580/456/456 625/695/695
f 575/453/453 592/454/454 610/699/699
f 586/451/451 575/453/453 608/700/700
f 536/420/420 538/435/435 576/479/479
f 574/702/702 576/479/479 607/477/477
f 533/419/419 576/479/479 574/702/702
f 533/419/419 536/420/420 576/479/479
f 530/416/416 533/419/419 574/702/702
f 529/417/417 530/416/416 572/476/476
f 562/439/439 552/703/703 580/456/456
f 549/431/431 550/437/437 590/475/475
f 601/467/467 604/474/474 603/473/473
f 447/355/355 604/474/474 601/467/467
f 549/431/431 590/475/475 588/452/452
f 517/412/412 520/414/414 585/450/450
f 570/704/704 584/449/449 571/463/463
f 513/410/410 584/449/449 570/704/704
f 513/410/410 517/412/412 584/449/449
f 591/462/462 570/704/704 571/463/463
f 545/705/705 513/410/410 570/704/704
f 545/705/705 570/704/704 591/462/462
f 447/355/355 511/354/354 604/474/474
f 589/706/706 591/462/462 582/464/464
f 544/707/707 545/705/705 591/462/462
f 544/707/707 591/462/462 589/706/706
f 587/701/701 589/706/706 582/464/464
f 543/708/708 544/707/707 589/706/706
f 543/708/708 589/706/706 587/701/701
f 542/448/448 587/701/701 581/501/501
f 542/448/448 543/708/708 587/701/701
f 542/448/448 581/501/501 541/446/446
f 552/703/703 594/457/457 580/456/456
f 554/444/444 541/446/446 583/482/482
f 540/481/481 554/444/444 583/482/482
f 540/481/481 578/483/483 577/480/480
f 576/479/479 577/480/480 607/477/477
f 520/414/414 548/432/432 588/452/452
f 511/354/354 528/427/427 605/469/469
f 528/427/427 507/470/470 605/469/469
f 604/474/474 605/469/469 593/472/472
f 511/354/354 605/469/469 604/474/474
f 567/709/709 447/355/355 601/467/467
f 566/710/710 567/709/709 599/465/465
f 567/709/709 601/467/467 599/465/465
f 515/711/711 566/710/710 599/465/465
f 509/712/712 515/711/711 597/460/460
f 515/711/711 599/465/465 597/460/460
f 537/713/713 509/712/712 597/460/460
f 537/713/713 597/460/460 565/423/423
f 552/703/703 563/442/442 594/457/457
f 572/476/476 574/702/702 607/477/477
f 530/416/416 574/702/702 572/476/476
f 548/432/432 549/431/431 588/452/452
f 585/450/450 575/453/453 586/451/451
f 520/414/414 588/452/452 585/450/450
f 517/412/412 585/450/450 584/449/449
f 559/714/714 560/408/408 545/705/705
f 559/714/714 545/705/705 544/707/707
f 499/358/358 560/408/408 559/714/714
f 558/715/715 559/714/714 544/707/707
f 558/715/715 544/707/707 543/708/708
f 504/401/401 559/714/714 558/715/715
f 557/447/447 558/715/715 543/708/708
f 557/447/447 543/708/708 542/448/448
f 503/384/384 558/715/715 557/447/447
f 556/445/445 542/448/448 541/446/446
f 503/384/384 557/447/447 556/445/445
f 561/438/438 495/370/370 552/703/703
f 486/382/382 556/445/445 554/444/444
f 553/407/407 554/444/444 540/481/481
f 501/380/380 554/444/444 553/407/407
f 553/407/407 540/481/481 538/435/435
f 535/443/443 538/435/435 536/420/420
f 481/405/405 482/434/434 535/443/443
f 480/716/716 481/405/405 532/418/418
f 481/405/405 535/443/443 532/418/418
f 519/429/429 548/432/432 520/414/414
f 477/373/373 480/716/716 532/418/418
f 510/425/425 528/427/427 511/354/354
f 504/401/401 499/358/358 559/714/714
f 521/717/717 447/355/355 567/709/709
f 503/384/384 504/401/401 558/715/715
f 518/718/718 567/709/709 566/710/710
f 514/719/719 518/718/718 566/710/710
f 514/719/719 566/710/710 515/711/711
f 460/400/400 518/718/718 514/719/719
f 508/720/720 514/719/719 515/711/711
f 508/720/720 515/711/711 509/712/712
f 502/397/397 514/719/719 508/720/720
f 502/397/397 460/400/400 514/719/719
f 539/721/721 509/712/712 537/713/713
f 500/398/398 502/397/397 539/721/721
f 534/422/422 539/721/721 537/713/713
f 534/422/422 537/713/713 565/423/423
f 498/379/379 539/721/721 534/422/422
f 505/376/376 498/379/379 531/421/421
f 501/380/380 486/382/382 554/444/444
f 494/394/394 472/371/371 561/438/438
f 494/394/394 561/438/438 526/436/436
f 493/392/392 494/394/394 526/436/436
f 493/392/392 526/436/436 524/433/433
f 491/363/363 493/392/392 524/433/433
f 491/363/363 524/433/433 522/430/430
f 465/360/360 522/430/430 519/429/429
f 462/361/361 519/429/429 516/413/413
f 458/722/722 462/361/361 512/411/411
f 462/361/361 516/413/413 512/411/411
f 474/374/374 547/415/415 546/428/428
f 555/409/409 512/411/411 513/410/410
f 453/723/723 458/722/722 512/411/411
f 453/723/723 512/411/411 555/409/409
f 456/368/368 527/426/426 510/425/425
f 499/358/358 453/723/723 560/408/408
f 467/366/366 525/353/353 523/424/424
f 464/387/387 467/366/366 521/717/717
f 463/724/724 464/387/387 518/718/718
f 486/382/382 503/384/384 556/445/445
f 460/400/400 463/724/724 518/718/718
f 498/379/379 500/398/398 539/721/721
f 498/379/379 534/422/422 531/421/421
f 479/377/377 531/421/421 564/441/441
f 479/377/377 505/376/376 531/421/421
f 547/415/415 532/418/418 530/416/416
f 477/373/373 532/418/418 547/415/415
f 495/370/370 479/377/377 563/442/442
f 495/370/370 563/442/442 552/703/703
f 474/374/374 477/373/373 547/415/415
f 561/438/438 552/703/703 562/439/439
f 472/371/371 495/370/370 561/438/438
f 456/368/368 470/725/725 527/426/426
f 525/353/353 510/425/425 511/354/354
f 468/365/365 510/425/425 525/353/353
f 468/365/365 456/368/368 510/425/425
f 526/436/436 551/440/440 550/437/437
f 467/366/366 468/365/365 525/353/353
f 524/433/433 550/437/437 549/431/431
f 521/717/717 523/424/424 447/355/355
f 467/366/366 523/424/424 521/717/717
f 465/360/360 491/363/363 522/430/430
f 518/718/718 521/717/717 567/709/709
f 464/387/387 521/717/717 518/718/718
f 462/361/361 465/360/360 519/429/429
f 539/721/721 508/720/720 509/712/712
f 502/397/397 508/720/720 539/721/721
f 560/408/408 513/410/410 545/705/705
f 453/723/723 555/409/409 560/408/408
f 497/385/385 448/356/356 504/401/401
f 374/309/309 448/356/356 497/385/385
f 441/726/726 374/309/309 497/385/385
f 406/727/727 435/342/342 475/728/728
f 417/352/352 441/726/726 485/383/383
f 403/729/729 406/727/727 471/369/369
f 415/348/348 417/352/352 483/381/381
f 444/329/329 472/371/371 443/393/393
f 413/346/346 501/380/380 553/407/407
f 492/406/406 553/407/407 482/434/434
f 412/344/344 413/346/346 492/406/406
f 496/404/404 482/434/434 481/405/405
f 476/403/403 481/405/405 480/716/716
f 428/306/306 496/404/404 476/403/403
f 476/403/403 480/716/716 477/373/373
f 380/302/302 421/310/310 449/357/357
f 378/333/333 420/335/335 372/386/386
f 374/309/309 380/302/302 448/356/356
f 293/229/229 378/333/333 372/386/386
f 293/229/229 372/386/386 487/402/402
f 484/730/730 487/402/402 463/724/724
f 394/731/731 293/229/229 487/402/402
f 394/731/731 487/402/402 484/730/730
f 391/732/732 394/731/731 459/733/733
f 386/331/331 391/732/732 454/399/399
f 438/332/332 386/331/331 450/395/395
f 421/310/310 452/396/396 449/357/357
f 376/734/734 438/332/332 506/378/378
f 438/332/332 450/395/395 506/378/378
f 496/404/404 492/406/406 482/434/434
f 412/344/344 492/406/406 496/404/404
f 478/375/375 498/379/379 505/376/376
f 446/735/735 376/734/734 478/375/375
f 408/320/320 410/307/307 476/403/403
f 431/314/314 408/320/320 473/372/372
f 466/736/736 443/393/393 493/392/392
f 442/325/325 443/393/393 466/736/736
f 442/325/325 398/327/327 443/393/393
f 429/326/326 442/325/325 490/362/362
f 461/391/391 489/359/359 462/361/361
f 392/317/317 489/359/359 461/391/391
f 392/317/317 427/322/322 489/359/359
f 473/372/372 476/403/403 477/373/373
f 408/320/320 476/403/403 473/372/372
f 457/390/390 462/361/361 458/722/722
f 389/311/311 392/317/317 461/391/391
f 389/311/311 461/391/391 457/390/390
f 424/315/315 431/314/314 473/372/372
f 424/315/315 473/372/372 488/389/389
f 452/396/396 457/390/390 458/722/722
f 452/396/396 458/722/722 453/723/723
f 384/304/304 457/390/390 452/396/396
f 384/304/304 389/311/311 457/390/390
f 388/338/338 469/388/388 455/367/367
f 452/396/396 453/723/723 499/358/358
f 421/310/310 384/304/304 452/396/396
f 441/726/726 497/385/385 485/383/383
f 487/402/402 464/387/387 463/724/724
f 417/352/352 485/383/383 483/381/381
f 459/733/733 484/730/730 463/724/724
f 459/733/733 463/724/724 460/400/400
f 394/731/731 484/730/730 459/733/733
f 415/348/348 483/381/381 501/380/380
f 454/399/399 459/733/733 460/400/400
f 391/732/732 459/733/733 454/399/399
f 450/395/395 454/399/399 502/397/397
f 386/331/331 454/399/399 450/395/395
f 450/395/395 500/398/398 498/379/379
f 428/306/306 412/344/344 496/404/404
f 376/734/734 506/378/378 478/375/375
f 410/307/307 428/306/306 476/403/403
f 475/728/728 478/375/375 479/377/377
f 435/342/342 446/735/735 478/375/375
f 435/342/342 478/375/375 475/728/728
f 471/369/369 475/728/728 479/377/377
f 406/727/727 475/728/728 471/369/369
f 444/329/329 471/369/369 472/371/371
f 403/729/729 471/369/369 444/329/329
f 469/388/388 470/725/725 456/368/368
f 388/338/338 402/737/737 469/388/388
f 451/364/364 455/367/367 468/365/365
f 420/335/335 388/338/338 455/367/367
f 420/335/335 455/367/367 451/364/364
f 372/386/386 451/364/364 467/366/366
f 420/335/335 451/364/364 372/386/386
f 490/362/362 466/736/736 493/392/392
f 442/325/325 466/736/736 490/362/362
f 427/322/322 429/326/326 489/359/359
f 429/326/326 490/362/362 489/359/359
f 380/302/302 449/357/357 448/356/356
f 434/341/341 445/738/738 446/735/735
f 296/283/283 445/738/738 434/341/341
f 418/231/231 374/309/309 441/726/726
f 294/299/299 355/739/739 418/231/231
f 405/340/340 435/342/342 406/727/727
f 432/351/351 441/726/726 417/352/352
f 339/280/280 441/726/726 432/351/351
f 339/280/280 294/299/299 441/726/726
f 403/729/729 369/275/275 406/727/727
f 414/347/347 417/352/352 415/348/348
f 371/274/274 432/351/351 414/347/347
f 308/740/740 439/350/350 385/349/349
f 364/298/298 414/347/347 437/345/345
f 436/343/343 413/346/346 412/344/344
f 370/297/297 437/345/345 436/343/343
f 367/261/261 442/325/325 396/324/324
f 332/296/296 436/343/343 411/323/323
f 296/283/283 360/286/286 445/738/738
f 357/282/282 434/341/341 405/340/340
f 328/242/242 348/254/254 407/319/319
f 348/254/254 433/339/339 407/319/319
f 369/275/275 357/282/282 405/340/340
f 369/275/275 405/340/340 406/727/727
f 353/277/277 430/318/318 404/313/313
f 368/271/271 369/275/275 400/328/328
f 312/249/249 440/316/316 383/303/303
f 310/247/247 344/293/293 422/337/337
f 310/247/247 422/337/337 387/336/336
f 382/741/741 399/742/742 420/335/335
f 342/236/236 399/742/742 382/741/741
f 367/261/261 352/266/266 442/325/325
f 379/301/301 421/310/310 380/302/302
f 377/743/743 397/334/334 378/333/333
f 341/244/244 397/334/334 377/743/743
f 373/300/300 380/302/302 374/309/309
f 393/308/308 293/229/229 394/731/731
f 390/744/744 394/731/731 391/732/732
f 366/290/290 203/289/289 390/744/744
f 371/274/274 339/280/280 432/351/351
f 439/350/350 391/732/732 386/331/331
f 370/297/297 351/269/269 437/345/345
f 375/745/745 438/332/332 376/734/734
f 360/286/286 303/285/285 375/745/745
f 332/296/296 350/264/264 436/343/343
f 445/738/738 376/734/734 446/735/735
f 330/294/294 349/259/259 409/305/305
f 357/282/282 296/283/283 434/341/341
f 433/339/339 410/307/307 408/320/320
f 353/277/277 328/242/242 430/318/318
f 400/328/328 403/729/729 444/329/329
f 369/275/275 403/729/729 400/328/328
f 364/298/298 371/274/274 414/347/347
f 398/327/327 444/329/329 443/393/393
f 352/266/266 368/271/271 400/328/328
f 352/266/266 400/328/328 398/327/327
f 352/266/266 398/327/327 442/325/325
f 320/256/256 367/261/261 396/324/324
f 349/259/259 411/323/323 409/305/305
f 318/251/251 320/256/256 426/746/746
f 315/239/239 318/251/251 425/321/321
f 328/242/242 407/319/319 430/318/318
f 312/249/249 315/239/239 440/316/316
f 346/747/747 404/313/313 423/312/312
f 306/748/748 312/249/249 383/303/303
f 362/233/233 306/748/748 379/301/301
f 342/236/236 310/247/247 399/742/742
f 341/244/244 342/236/236 397/334/334
f 340/245/245 341/244/244 419/228/228
f 294/299/299 418/231/231 441/726/726
f 203/289/289 340/245/245 393/308/308
f 340/245/245 395/227/227 393/308/308
f 390/744/744 416/749/749 394/731/731
f 203/289/289 416/749/749 390/744/744
f 308/740/740 366/290/290 439/350/350
f 351/269/269 364/298/298 437/345/345
f 381/330/330 385/349/349 386/331/331
f 303/285/285 308/740/740 385/349/349
f 303/285/285 385/349/349 381/330/330
f 350/264/264 370/297/297 436/343/343
f 375/745/745 381/330/330 438/332/332
f 303/285/285 381/330/330 375/745/745
f 411/323/323 412/344/344 428/306/306
f 349/259/259 332/296/296 411/323/323
f 433/339/339 409/305/305 410/307/307
f 348/254/254 330/294/294 409/305/305
f 348/254/254 409/305/305 433/339/339
f 434/341/341 446/735/735 435/342/342
f 346/747/747 353/277/277 404/313/313
f 422/337/337 401/750/750 402/737/737
f 422/337/337 402/737/737 388/338/338
f 344/293/293 325/751/751 401/750/750
f 344/293/293 401/750/750 422/337/337
f 399/742/742 388/338/338 420/335/335
f 419/228/228 377/743/743 378/333/333
f 341/244/244 377/743/743 419/228/228
f 426/746/746 396/324/324 429/326/326
f 426/746/746 429/326/326 427/322/322
f 320/256/256 396/324/324 426/746/746
f 425/321/321 426/746/746 427/322/322
f 318/251/251 426/746/746 425/321/321
f 416/749/749 393/308/308 394/731/731
f 203/289/289 393/308/308 416/749/749
f 440/316/316 425/321/321 392/317/317
f 315/239/239 425/321/321 440/316/316
f 439/350/350 390/744/744 391/732/732
f 366/290/290 390/744/744 439/350/350
f 399/742/742 387/336/336 388/338/338
f 310/247/247 387/336/336 399/742/742
f 306/748/748 383/303/303 379/301/301
f 397/334/334 382/741/741 420/335/335
f 342/236/236 382/741/741 397/334/334
f 301/230/230 362/233/233 379/301/301
f 301/230/230 379/301/301 373/300/300
f 445/738/738 375/745/745 376/734/734
f 360/286/286 375/745/745 445/738/738
f 418/231/231 301/230/230 373/300/300
f 257/752/752 365/278/278 337/273/273
f 254/753/753 363/272/272 335/268/268
f 252/226/226 361/267/267 333/263/263
f 250/224/224 359/262/262 331/258/258
f 248/220/220 358/257/257 329/253/253
f 327/241/241 348/254/254 328/242/242
f 246/218/218 354/252/252 327/241/241
f 236/754/754 240/160/160 279/270/270
f 226/155/155 265/215/215 343/292/292
f 226/155/155 343/292/292 309/291/291
f 291/188/188 279/270/270 323/265/265
f 221/213/213 263/212/212 305/235/235
f 297/755/755 321/243/243 340/245/245
f 213/157/157 321/243/243 297/755/755
f 213/157/157 218/152/152 321/243/243
f 289/179/179 273/184/184 317/250/250
f 208/206/206 233/158/158 202/756/756
f 134/207/207 208/206/206 316/288/288
f 134/207/207 316/288/288 313/287/287
f 365/278/278 339/280/280 371/274/274
f 257/752/752 282/195/195 365/278/278
f 254/753/753 280/194/194 363/272/272
f 290/757/757 222/758/758 300/232/232
f 361/267/267 351/269/269 370/297/297
f 252/226/226 277/191/191 361/267/267
f 215/171/171 290/757/757 300/232/232
f 215/171/171 300/232/232 301/230/230
f 359/262/262 350/264/264 332/296/296
f 250/224/224 274/759/759 359/262/262
f 295/295/295 298/284/284 360/286/286
f 211/196/196 298/284/284 295/295/295
f 211/196/196 286/198/198 298/284/284
f 358/257/257 349/259/259 330/294/294
f 248/220/220 272/760/760 358/257/257
f 206/165/165 211/196/196 356/281/281
f 338/279/279 355/739/739 294/299/299
f 258/169/169 355/739/739 338/279/279
f 246/218/218 271/182/182 354/252/252
f 282/195/195 338/279/279 365/278/278
f 243/163/163 270/761/761 326/276/276
f 270/761/761 347/240/240 326/276/276
f 240/160/160 244/166/166 279/270/270
f 363/272/272 371/274/274 364/298/298
f 280/194/194 337/273/273 363/272/272
f 277/191/191 335/268/268 361/267/267
f 275/186/186 291/188/188 323/265/265
f 275/186/186 323/265/265 322/260/260
f 274/759/759 333/263/263 359/262/262
f 273/184/184 275/186/186 322/260/260
f 273/184/184 322/260/260 319/255/255
f 272/760/760 331/258/258 358/257/257
f 273/184/184 319/255/255 317/250/250
f 271/182/182 329/253/253 354/252/252
f 314/238/238 318/251/251 315/239/239
f 230/177/177 289/179/179 317/250/250
f 230/177/177 317/250/250 314/238/238
f 311/237/237 315/239/239 312/249/249
f 228/762/762 230/177/177 311/237/237
f 829/763/763 345/764/764 346/747/747
f 269/174/174 345/764/764 829/763/763
f 269/174/174 268/173/173 345/764/764
f 288/248/248 312/249/249 306/748/748
f 228/762/762 311/237/237 288/248/248
f 300/232/232 288/248/248 306/748/748
f 300/232/232 306/748/748 362/233/233
f 222/758/758 288/248/248 300/232/232
f 355/739/739 215/171/171 418/231/231
f 209/168/168 215/171/171 355/739/739
f 202/756/756 340/245/245 203/289/289
f 282/195/195 258/169/169 338/279/279
f 280/194/194 257/752/752 337/273/273
f 307/765/765 336/766/766 366/290/290
f 307/765/765 366/290/290 308/740/740
f 224/203/203 134/207/207 336/766/766
f 224/203/203 336/766/766 307/765/765
f 335/268/268 364/298/298 351/269/269
f 277/191/191 254/753/753 335/268/268
f 302/767/767 334/768/768 308/740/740
f 302/767/767 308/740/740 303/285/285
f 287/201/201 224/203/203 334/768/768
f 287/201/201 334/768/768 302/767/767
f 333/263/263 370/297/297 350/264/264
f 274/759/759 252/226/226 333/263/263
f 298/284/284 302/767/767 303/285/285
f 286/198/198 287/201/201 302/767/767
f 286/198/198 302/767/767 298/284/284
f 331/258/258 332/296/296 349/259/259
f 272/760/760 250/224/224 331/258/258
f 329/253/253 330/294/294 348/254/254
f 271/182/182 248/220/220 329/253/253
f 356/281/281 295/295/295 296/283/283
f 211/196/196 295/295/295 356/281/281
f 270/761/761 246/218/218 347/240/240
f 246/218/218 327/241/241 347/240/240
f 244/166/166 206/165/165 356/281/281
f 345/764/764 326/276/276 353/277/277
f 345/764/764 353/277/277 346/747/747
f 268/173/173 243/163/163 326/276/276
f 268/173/173 326/276/276 345/764/764
f 343/292/292 324/769/769 325/751/751
f 343/292/292 325/751/751 344/293/293
f 265/215/215 238/770/770 324/769/769
f 265/215/215 324/769/769 343/292/292
f 305/235/235 309/291/291 310/247/247
f 263/212/212 226/155/155 309/291/291
f 263/212/212 309/291/291 305/235/235
f 299/246/246 304/234/234 342/236/236
f 261/151/151 221/213/213 304/234/234
f 261/151/151 304/234/234 299/246/246
f 202/756/756 297/755/755 340/245/245
f 233/158/158 297/755/755 202/756/756
f 233/158/158 213/157/157 297/755/755
f 230/177/177 314/238/238 311/237/237
f 336/766/766 313/287/287 366/290/290
f 134/207/207 313/287/287 336/766/766
f 334/768/768 307/765/765 308/740/740
f 224/203/203 307/765/765 334/768/768
f 221/213/213 305/235/235 304/234/234
f 321/243/243 299/246/246 341/244/244
f 218/152/152 299/246/246 321/243/243
f 218/152/152 261/151/151 299/246/246
f 258/169/169 209/168/168 355/739/739
f 340/245/245 419/228/228 395/227/227
f 198/148/148 135/771/771 256/193/193
f 253/190/190 292/192/192 254/753/753
f 184/149/149 292/192/192 253/190/190
f 183/147/147 276/189/189 251/225/225
f 182/146/146 285/223/223 249/222/222
f 147/130/130 216/197/197 210/221/221
f 181/144/144 284/219/219 247/181/181
f 180/772/772 191/142/142 245/217/217
f 191/142/142 283/180/180 245/217/217
f 178/123/123 194/140/140 242/162/162
f 194/140/140 281/216/216 242/162/162
f 193/116/116 240/160/160 236/754/754
f 160/104/104 189/773/773 225/154/154
f 189/773/773 264/214/214 225/154/154
f 278/187/187 279/270/270 291/188/188
f 266/774/774 288/248/248 222/758/758
f 188/120/120 262/153/153 220/211/211
f 214/170/170 222/758/758 290/757/757
f 154/119/119 222/758/758 214/170/170
f 186/775/775 260/210/210 217/150/150
f 185/98/98 259/209/209 212/208/208
f 143/137/137 148/99/99 232/156/156
f 143/137/137 232/156/156 207/205/205
f 139/135/135 207/205/205 133/204/204
f 256/193/193 282/195/195 257/752/752
f 70/136/136 139/135/135 255/202/202
f 70/136/136 255/202/202 223/200/200
f 292/192/192 280/194/194 254/753/753
f 184/149/149 198/148/148 292/192/192
f 156/132/132 70/136/136 219/199/199
f 70/136/136 223/200/200 219/199/199
f 276/189/189 277/191/191 252/226/226
f 183/147/147 184/149/149 276/189/189
f 152/129/129 156/132/132 219/199/199
f 152/129/129 219/199/199 216/197/197
f 214/170/170 290/757/757 215/171/171
f 285/223/223 274/759/759 250/224/224
f 182/146/146 183/147/147 285/223/223
f 147/130/130 152/129/129 216/197/197
f 284/219/219 272/760/760 248/220/220
f 181/144/144 192/776/776 284/219/219
f 142/777/777 147/130/130 205/164/164
f 283/180/180 271/182/182 246/218/218
f 137/127/127 142/777/777 239/159/159
f 135/771/771 204/167/167 256/193/193
f 281/216/216 270/761/761 243/163/163
f 193/116/116 137/127/127 240/160/160
f 198/148/148 256/193/193 292/192/192
f 184/149/149 253/190/190 276/189/189
f 173/112/112 278/187/187 235/185/185
f 285/223/223 251/225/225 274/759/759
f 183/147/147 251/225/225 285/223/223
f 171/109/109 235/185/185 234/183/183
f 284/219/219 249/222/222 272/760/760
f 192/776/776 249/222/222 284/219/219
f 166/110/110 234/183/183 231/178/178
f 191/142/142 247/181/181 283/180/180
f 164/125/125 166/110/110 231/178/178
f 164/125/125 231/178/178 229/176/176
f 281/216/216 245/217/217 270/761/761
f 194/140/140 180/772/772 245/217/217
f 194/140/140 245/217/217 281/216/216
f 227/175/175 230/177/177 228/762/762
f 162/107/107 229/176/176 227/175/175
f 830/763/778 178/123/123 267/172/172
f 178/123/123 241/161/161 267/172/172
f 266/774/774 228/762/762 288/248/248
f 154/119/119 158/778/779 222/758/758
f 188/120/120 160/104/104 262/153/153
f 150/101/101 154/119/119 214/170/170
f 145/96/96 150/101/101 214/170/170
f 145/96/96 214/170/170 209/168/168
f 141/779/780 145/96/96 204/167/167
f 145/96/96 209/168/168 204/167/167
f 204/167/167 258/169/169 282/195/195
f 135/771/771 141/779/780 204/167/167
f 139/135/135 143/137/137 207/205/205
f 256/193/193 257/752/752 280/194/194
f 255/202/202 134/207/207 224/203/203
f 253/190/190 254/753/753 277/191/191
f 223/200/200 224/203/203 287/201/201
f 251/225/225 252/226/226 274/759/759
f 219/199/199 287/201/201 286/198/198
f 249/222/222 250/224/224 272/760/760
f 192/776/776 182/146/146 249/222/222
f 247/181/181 248/220/220 271/182/182
f 191/142/142 181/144/144 247/181/181
f 205/164/164 210/221/221 211/196/196
f 147/130/130 210/221/221 205/164/164
f 245/217/217 246/218/218 270/761/761
f 239/159/159 205/164/164 244/166/166
f 142/777/777 205/164/164 239/159/159
f 241/161/161 243/163/163 268/173/173
f 178/123/123 242/162/162 241/161/161
f 264/214/214 237/780/781 238/770/770
f 264/214/214 238/770/770 265/215/215
f 189/773/773 176/781/782 237/780/781
f 189/773/773 237/780/781 264/214/214
f 278/187/187 236/754/754 279/270/270
f 174/114/114 236/754/754 278/187/187
f 174/114/114 193/116/116 236/754/754
f 262/153/153 226/155/155 263/212/212
f 173/112/112 174/114/114 278/187/187
f 260/210/210 221/213/213 261/151/151
f 186/775/775 188/120/120 260/210/210
f 171/109/109 173/112/112 235/185/185
f 185/98/98 186/775/775 259/209/209
f 166/110/110 171/109/109 234/183/183
f 162/107/107 164/125/125 229/176/176
f 255/202/202 133/204/204 134/207/207
f 139/135/135 133/204/204 255/202/202
f 266/774/774 227/175/175 228/762/762
f 158/778/779 162/107/107 227/175/175
f 158/778/779 227/175/175 266/774/774
f 160/104/104 225/154/154 262/153/153
f 158/778/779 266/774/774 222/758/758
f 260/210/210 220/211/211 221/213/213
f 188/120/120 220/211/211 260/210/210
f 259/209/209 217/150/150 218/152/152
f 186/775/775 217/150/150 259/209/209
f 232/156/156 212/208/208 213/157/157
f 148/99/99 212/208/208 232/156/156
f 148/99/99 185/98/98 212/208/208
f 316/288/288 202/756/756 203/289/289
f 208/206/206 202/756/756 316/288/288
f 71/57/57 198/148/148 110/58/58
f 109/56/56 110/58/58 197/145/145
f 107/77/77 197/145/145 196/143/143
f 105/53/53 107/77/77 195/141/141
f 107/77/77 196/143/143 195/141/141
f 179/139/139 191/142/142 180/772/772
f 105/53/53 195/141/141 179/139/139
f 177/122/122 194/140/140 178/123/123
f 103/50/50 179/139/139 177/122/122
f 159/103/103 189/773/773 160/104/104
f 94/71/71 98/93/93 159/103/103
f 91/68/68 187/102/102 157/138/138
f 130/45/45 99/47/47 170/111/111
f 128/91/91 130/45/45 168/108/108
f 80/90/90 114/62/62 165/117/117
f 119/74/74 163/124/124 161/106/106
f 71/57/57 111/782/783 135/771/771
f 73/85/85 76/88/88 138/134/134
f 73/85/85 138/134/134 69/133/133
f 155/783/784 69/133/133 70/136/136
f 155/783/784 70/136/136 156/132/132
f 3/86/86 69/133/133 155/783/784
f 3/86/86 73/85/85 69/133/133
f 110/58/58 184/149/149 183/147/147
f 197/145/145 183/147/147 182/146/146
f 107/77/77 109/56/56 197/145/145
f 196/143/143 192/776/776 181/144/144
f 79/81/81 132/83/83 142/777/777
f 136/79/79 79/81/81 137/127/127
f 111/782/783 140/94/94 135/771/771
f 72/48/48 136/79/79 201/115/115
f 99/47/47 201/115/115 172/113/113
f 99/47/47 172/113/113 170/111/111
f 130/45/45 170/111/111 168/108/108
f 122/784/785 168/108/108 200/126/126
f 179/139/139 180/772/772 194/140/140
f 190/121/121 178/123/123 830/763/778
f 101/51/51 177/122/122 190/121/121
f 117/75/75 119/74/74 199/105/105
f 153/785/786 158/778/779 154/119/119
f 91/68/68 94/71/71 187/102/102
f 169/118/118 157/138/138 186/775/775
f 87/69/69 157/138/138 169/118/118
f 87/69/69 91/68/68 157/138/138
f 114/62/62 169/118/118 167/97/97
f 140/94/94 145/96/96 141/779/780
f 114/62/62 167/97/97 165/117/117
f 140/94/94 141/779/780 135/771/771
f 138/134/134 165/117/117 143/137/137
f 138/134/134 143/137/137 139/135/135
f 76/88/88 80/90/90 165/117/117
f 76/88/88 165/117/117 138/134/134
f 151/131/131 155/783/784 156/132/132
f 84/786/787 3/86/86 155/783/784
f 84/786/787 155/783/784 151/131/131
f 196/143/143 182/146/146 192/776/776
f 146/128/128 151/131/131 152/129/129
f 132/83/83 84/786/787 151/131/131
f 132/83/83 151/131/131 146/128/128
f 195/141/141 181/144/144 191/142/142
f 142/777/777 146/128/128 147/130/130
f 132/83/83 146/128/128 142/777/777
f 103/50/50 105/53/53 179/139/139
f 79/81/81 142/777/777 137/127/127
f 101/51/51 103/50/50 177/122/122
f 159/103/103 175/787/788 176/781/782
f 159/103/103 176/781/782 189/773/773
f 98/93/93 175/787/788 159/103/103
f 99/47/47 72/48/48 201/115/115
f 157/138/138 188/120/120 186/775/775
f 169/118/118 186/775/775 185/98/98
f 114/62/62 87/69/69 169/118/118
f 122/784/785 128/91/91 168/108/108
f 163/124/124 200/126/126 166/110/110
f 121/788/789 122/784/785 200/126/126
f 121/788/789 200/126/126 163/124/124
f 163/124/124 164/125/125 162/107/107
f 119/74/74 121/788/789 163/124/124
f 199/105/105 162/107/107 158/778/779
f 119/74/74 161/106/106 199/105/105
f 94/71/71 159/103/103 187/102/102
f 153/785/786 199/105/105 158/778/779
f 116/73/73 117/75/75 199/105/105
f 116/73/73 199/105/105 153/785/786
f 149/100/100 153/785/786 154/119/119
f 115/66/66 116/73/73 153/785/786
f 115/66/66 153/785/786 149/100/100
f 113/64/64 115/66/66 144/95/95
f 115/66/66 149/100/100 144/95/95
f 112/42/42 113/64/64 140/94/94
f 113/64/64 144/95/95 140/94/94
f 111/782/783 112/42/42 140/94/94
f 71/57/57 135/771/771 198/148/148
f 35/789/790 132/83/83 82/82/82
f 104/76/76 107/77/77 105/53/53
f 57/16/16 52/15/15 100/49/49
f 34/37/37 37/790/791 93/70/70
f 37/790/791 118/92/92 93/70/70
f 90/791/792 93/70/70 91/68/68
f 30/34/34 34/37/37 93/70/70
f 30/34/34 93/70/70 90/791/792
f 19/792/793 22/793/794 96/60/60
f 16/28/28 19/792/793 95/89/89
f 19/792/793 96/60/60 95/89/89
f 74/40/40 111/782/783 71/57/57
f 11/26/26 16/28/28 92/87/87
f 108/55/55 110/58/58 109/56/56
f 106/54/54 109/56/56 107/77/77
f 35/789/790 2/794/795 132/83/83
f 2/794/795 84/786/787 132/83/83
f 68/7/7 35/789/790 78/80/80
f 35/789/790 82/82/82 78/80/80
f 27/8/8 68/7/7 75/78/78
f 68/7/7 78/80/80 75/78/78
f 23/795/796 27/8/8 72/48/48
f 27/8/8 75/78/78 72/48/48
f 20/796/797 23/795/796 131/46/46
f 17/13/13 20/796/797 129/44/44
f 13/797/798 17/13/13 127/43/43
f 45/31/31 106/54/54 104/76/76
f 43/798/799 104/76/76 102/52/52
f 9/799/800 13/797/798 126/800/801
f 52/15/15 102/52/52 100/49/49
f 4/801/802 9/799/800 125/802/803
f 62/10/10 4/801/802 124/803/804
f 25/5/5 62/10/10 123/72/72
f 59/2/2 25/5/5 123/72/72
f 59/2/2 123/72/72 89/65/65
f 26/35/35 30/34/34 86/67/67
f 58/3/3 59/2/2 89/65/65
f 58/3/3 89/65/65 83/63/63
f 22/793/794 26/35/35 97/61/61
f 55/804/805 58/3/3 81/59/59
f 58/3/3 83/63/63 81/59/59
f 22/793/794 97/61/61 96/60/60
f 54/805/806 81/59/59 77/41/41
f 96/60/60 80/90/90 76/88/88
f 5/806/807 54/805/806 74/40/40
f 92/87/87 95/89/89 76/88/88
f 16/28/28 95/89/89 92/87/87
f 53/39/39 74/40/40 71/57/57
f 88/84/84 92/87/87 73/85/85
f 7/24/24 11/26/26 92/87/87
f 7/24/24 92/87/87 88/84/84
f 64/19/19 53/39/39 71/57/57
f 64/19/19 71/57/57 108/55/55
f 85/807/808 88/84/84 3/86/86
f 85/807/808 3/86/86 84/786/787
f 2/794/795 7/24/24 88/84/84
f 2/794/795 88/84/84 85/807/808
f 47/21/21 64/19/19 108/55/55
f 47/21/21 108/55/55 106/54/54
f 45/31/31 47/21/21 106/54/54
f 43/798/799 45/31/31 104/76/76
f 52/15/15 43/798/799 102/52/52
f 120/808/809 100/49/49 101/51/51
f 57/16/16 100/49/49 120/808/809
f 23/795/796 72/48/48 131/46/46
f 20/796/797 131/46/46 129/44/44
f 17/13/13 129/44/44 127/43/43
f 86/67/67 90/791/792 91/68/68
f 30/34/34 90/791/792 86/67/67
f 126/800/801 127/43/43 128/91/91
f 126/800/801 128/91/91 122/784/785
f 13/797/798 127/43/43 126/800/801
f 97/61/61 86/67/67 87/69/69
f 97/61/61 87/69/69 114/62/62
f 26/35/35 86/67/67 97/61/61
f 125/802/803 126/800/801 122/784/785
f 125/802/803 122/784/785 121/788/789
f 9/799/800 126/800/801 125/802/803
f 124/803/804 125/802/803 121/788/789
f 124/803/804 121/788/789 119/74/74
f 4/801/802 125/802/803 124/803/804
f 123/72/72 124/803/804 119/74/74
f 62/10/10 124/803/804 123/72/72
f 123/72/72 117/75/75 116/73/73
f 89/65/65 116/73/73 115/66/66
f 2/794/795 85/807/808 84/786/787
f 83/63/63 115/66/66 113/64/64
f 81/59/59 113/64/64 112/42/42
f 54/805/806 55/804/805 81/59/59
f 74/40/40 112/42/42 111/782/783
f 54/805/806 77/41/41 74/40/40
f 53/39/39 5/806/807 74/40/40
f 712/556/556 811/670/670 48/18/18
f 811/670/670 49/38/38 48/18/18
f 806/650/650 804/646/646 33/36/36
f 806/650/650 33/36/36 29/33/33
f 817/674/674 806/650/650 29/33/33
f 817/674/674 29/33/33 67/32/32
f 60/809/810 47/21/21 45/31/31
f 66/810/811 67/32/32 26/35/35
f 66/810/811 26/35/35 22/793/794
f 819/675/675 67/32/32 66/810/811
f 819/675/675 817/674/674 67/32/32
f 42/29/29 45/31/31 43/798/799
f 827/666/666 44/30/30 42/29/29
f 65/811/812 66/810/811 22/793/794
f 821/676/676 66/810/811 65/811/812
f 821/676/676 819/675/675 66/810/811
f 51/812/813 43/798/799 52/15/15
f 15/27/27 65/811/812 19/792/793
f 822/677/677 65/811/812 15/27/27
f 822/677/677 821/676/676 65/811/812
f 810/671/671 822/677/677 15/27/27
f 810/671/671 15/27/27 10/25/25
f 6/23/23 11/26/26 7/24/24
f 824/672/672 810/671/671 10/25/25
f 824/672/672 10/25/25 6/23/23
f 32/813/814 8/814/815 9/799/800
f 808/652/652 8/814/815 32/813/814
f 1/22/22 7/24/24 2/794/795
f 742/658/658 824/672/672 1/22/22
f 824/672/672 6/23/23 1/22/22
f 61/815/816 1/22/22 2/794/795
f 812/664/664 742/658/658 1/22/22
f 812/664/664 1/22/22 61/815/816
f 825/662/662 63/17/17 46/20/20
f 31/668/668 61/815/816 35/789/790
f 31/668/668 812/664/664 61/815/816
f 44/30/30 60/809/810 45/31/31
f 826/663/663 60/809/810 44/30/30
f 41/6/6 31/668/668 68/7/7
f 805/647/647 803/643/643 40/816/817
f 807/649/649 805/647/647 39/817/818
f 813/651/651 807/649/649 38/12/12
f 811/670/670 823/669/669 5/806/807
f 8/814/815 12/11/11 13/797/798
f 808/652/652 12/11/11 8/814/815
f 808/652/652 813/651/651 12/11/11
f 814/653/653 808/652/652 32/813/814
f 826/663/663 825/662/662 46/20/20
f 827/666/666 826/663/663 44/30/30
f 828/673/673 827/666/666 42/29/29
f 56/14/14 51/812/813 52/15/15
f 801/642/642 828/673/673 51/812/813
f 801/642/642 51/812/813 56/14/14
f 14/818/819 55/804/805 54/805/806
f 50/661/661 820/660/660 14/818/819
f 33/36/36 36/819/820 37/790/791
f 33/36/36 37/790/791 34/37/37
f 804/646/646 36/819/820 33/36/36
f 29/33/33 34/37/37 30/34/34
f 825/662/662 712/556/556 63/17/17
f 712/556/556 48/18/18 63/17/17
f 60/809/810 46/20/20 47/21/21
f 826/663/663 46/20/20 60/809/810
f 65/811/812 22/793/794 19/792/793
f 51/812/813 42/29/29 43/798/799
f 828/673/673 42/29/29 51/812/813
f 15/27/27 19/792/793 16/28/28
f 10/25/25 16/28/28 11/26/26
f 61/815/816 2/794/795 35/789/790
f 31/668/668 35/789/790 68/7/7
f 40/816/817 41/6/6 27/8/8
f 40/816/817 27/8/8 23/795/796
f 803/643/643 41/6/6 40/816/817
f 39/817/818 40/816/817 23/795/796
f 39/817/818 23/795/796 20/796/797
f 805/647/647 40/816/817 39/817/818
f 38/12/12 39/817/818 20/796/797
f 38/12/12 20/796/797 17/13/13
f 807/649/649 39/817/818 38/12/12
f 12/11/11 17/13/13 13/797/798
f 813/651/651 38/12/12 12/11/11
f 8/814/815 13/797/798 9/799/800
f 804/646/646 802/645/645 36/819/820
f 32/813/814 9/799/800 4/801/802
f 28/9/9 32/813/814 4/801/802
f 28/9/9 4/801/802 62/10/10
f 809/655/655 32/813/814 28/9/9
f 809/655/655 814/653/653 32/813/814
f 24/4/4 28/9/9 25/5/5
f 815/656/656 809/655/655 28/9/9
f 815/656/656 28/9/9 24/4/4
f 21/1/1 24/4/4 59/2/2
f 816/657/657 24/4/4 21/1/1
f 816/657/657 815/656/656 24/4/4
f 18/820/821 21/1/1 58/3/3
f 818/659/659 21/1/1 18/820/821
f 818/659/659 816/657/657 21/1/1
f 14/818/819 18/820/821 58/3/3
f 14/818/819 58/3/3 55/804/805
f 820/660/660 18/820/821 14/818/819
f 820/660/660 818/659/659 18/820/821
f 50/661/661 14/818/819 54/805/806
f 823/669/669 54/805/806 5/806/807
f 823/669/669 50/661/661 54/805/806
f 49/38/38 5/806/807 53/39/39
f 811/670/670 5/806/807 49/38/38
s 2
f 663/821/822 664/822/823 662/823/824
f 662/823/824 664/822/823 665/824/825
f 662/823/824 665/824/825 661/825/826
f 661/825/826 665/824/825 657/826/827
f 661/825/826 657/826/827 660/827/828
f 660/827/828 657/826/827 658/828/829
f 660/827/828 658/828/829 659/829/830
s 1
f 746/581/581 747/601/601 748/611/611
f 746/581/581 748/611/611 745/582/582
f 745/582/582 748/611/611 776/606/606
f 776/606/606 748/611/611 749/635/635
f 776/606/606 749/635/635 750/637/637
f 776/606/606 750/637/637 775/616/616
f 775/616/616 750/637/637 751/640/640
f 775/616/616 751/640/640 774/584/584
f 774/584/584 751/640/640 752/619/619
f 774/584/584 752/619/619 773/585/585
f 773/585/585 752/619/619 753/623/623
f 773/585/585 753/623/623 772/587/587
f 772/587/587 753/623/623 754/622/622
f 772/587/587 754/622/622 771/589/589
f 771/589/589 754/622/622 755/610/610
f 771/589/589 755/610/610 770/590/590
f 770/590/590 755/610/610 756/608/608
f 770/590/590 756/608/608 769/591/591
f 769/591/591 756/608/608 757/624/624
f 769/591/591 757/624/624 768/592/592
f 768/592/592 757/624/624 758/604/604
f 768/592/592 758/604/604 767/632/632
f 767/632/632 758/604/604 759/628/628
f 767/632/632 759/628/628 766/620/620
f 766/620/620 759/628/628 760/639/639
f 766/620/620 760/639/639 765/594/594
f 765/594/594 760/639/639 761/598/598
f 765/594/594 761/598/598 764/595/595
f 764/595/595 761/598/598 762/614/614
f 764/595/595 762/614/614 763/613/613
