# Blender 4.4.3
# www.blender.org
mtllib Puerta_reja_puerta_izquierda.mtl
g Object_49.004_Malla
v 8.320539 1.844427 0.077549
v 8.320539 2.433117 0.077549
v 8.297763 2.433117 0.076059
v 8.297763 1.844427 0.076059
v 8.275863 2.433117 0.071646
v 8.275863 1.844427 0.071646
v 8.255679 2.433117 0.064479
v 8.255679 1.844427 0.064479
v 8.237988 2.433117 0.054835
v 8.237988 1.844427 0.054835
v 8.223469 2.433117 0.043084
v 8.223469 1.844427 0.043084
v 8.212681 2.433117 0.029677
v 8.212681 1.844427 0.029677
v 8.206038 2.433117 0.015129
v 8.206038 1.844427 0.015129
v 8.203794 2.433117 0.000000
v 8.203794 1.844427 0.000000
v 8.206038 2.433117 -0.015129
v 8.206038 1.844427 -0.015129
v 8.212681 2.433117 -0.029677
v 8.212681 1.844427 -0.029677
v 8.223469 2.433117 -0.043084
v 8.223469 1.844427 -0.043084
v 8.237988 2.433117 -0.054835
v 8.237988 1.844427 -0.054835
v 8.255679 2.433117 -0.064479
v 8.255679 1.844427 -0.064479
v 8.275863 2.433117 -0.071646
v 8.275863 1.844427 -0.071646
v 8.297763 2.433117 -0.076059
v 8.297763 1.844427 -0.076059
v 8.320539 2.433117 -0.077549
v 8.320539 1.844427 -0.077549
v 8.343315 2.433117 -0.076059
v 8.343315 1.844427 -0.076059
v 8.365215 2.433117 -0.071646
v 8.365215 1.844427 -0.071646
v 8.385399 2.433117 -0.064479
v 8.385399 1.844427 -0.064479
v 8.403090 2.433117 -0.054835
v 8.403090 1.844427 -0.054835
v 8.417609 2.433117 -0.043084
v 8.417609 1.844427 -0.043084
v 8.428397 2.433117 -0.029677
v 8.428397 1.844427 -0.029677
v 8.435040 2.433117 -0.015129
v 8.435040 1.844427 -0.015129
v 8.437284 2.433117 0.000000
v 8.437284 1.844427 0.000000
v 8.435040 2.433117 0.015129
v 8.435040 1.844427 0.015129
v 8.428397 2.433117 0.029677
v 8.428397 1.844427 0.029677
v 8.417608 2.433117 0.043084
v 8.417608 1.844427 0.043084
v 8.403090 2.433117 0.054835
v 8.403090 1.844427 0.054835
v 8.385399 2.433117 0.064479
v 8.385399 1.844427 0.064479
v 8.365215 2.433117 0.071646
v 8.365215 1.844427 0.071646
v 8.275872 5.433730 0.071646
v 8.255689 5.433730 0.064479
v 8.343314 2.433117 0.076059
v 8.343314 1.844427 0.076059
v 8.320539 2.433117 0.077549
v 8.320539 1.844427 0.077549
v 8.203794 1.825750 0.000000
v 8.206038 1.825750 0.015129
v 8.206047 5.433730 0.015129
v 8.212690 5.433730 0.029677
v 8.212748 7.383032 0.029677
v 8.206103 7.383032 0.015129
v 8.223478 5.433730 -0.043084
v 8.237997 5.433730 -0.054835
v 8.403100 5.433730 -0.054835
v 8.417619 5.433730 -0.043084
v 8.385408 5.433730 0.064479
v 8.365225 5.433730 0.071646
v 8.203803 5.433730 0.000000
v 8.320548 5.433730 -0.077549
v 8.343325 5.433730 -0.076059
v 8.435050 5.433730 0.015129
v 8.428407 5.433730 0.029677
v 8.237997 5.433730 0.054835
v 8.255689 5.433730 -0.064479
v 8.428407 5.433730 -0.029677
v 8.343325 5.433730 0.076059
v 8.206047 5.433730 -0.015129
v 8.365225 5.433730 -0.071646
v 8.417619 5.433730 0.043084
v 8.223478 5.433730 0.043084
v 8.275872 5.433730 -0.071646
v 8.435050 5.433730 -0.015129
v 8.320548 5.433730 0.077549
v 8.297772 5.433730 0.076059
v 8.320548 5.433730 0.077549
v 8.212690 5.433730 -0.029677
v 8.385408 5.433730 -0.064479
v 8.403099 5.433730 0.054835
v 8.297772 5.433730 -0.076059
v 8.437293 5.433730 0.000000
v 8.212748 7.383032 -0.029677
v 8.206103 7.383032 -0.015129
v 8.206106 7.494066 -0.015129
v 8.212749 7.494066 -0.029677
v 8.403156 7.383032 -0.054835
v 8.417675 7.383032 -0.043084
v 8.203860 7.383032 0.000000
v 8.428464 7.383032 -0.029677
v 8.435107 7.383032 -0.015129
v 8.437350 7.383032 0.000000
v 8.223536 7.383032 -0.043084
v 8.435107 7.383032 0.015129
v 8.238054 7.383032 -0.054835
v 8.428464 7.383032 0.029677
v 8.255745 7.383032 -0.064479
v 8.417675 7.383032 0.043084
v 8.275929 7.383032 -0.071646
v 8.320605 7.383032 0.077549
v 8.297830 7.383032 0.076059
v 8.403156 7.383032 0.054835
v 8.297830 7.383032 -0.076059
v 8.275929 7.383032 0.071646
v 8.385466 7.383032 0.064479
v 8.320605 7.383032 -0.077549
v 8.255745 7.383032 0.064479
v 8.365282 7.383032 0.071646
v 8.343381 7.383032 -0.076059
v 8.238054 7.383032 0.054835
v 8.343381 7.383032 0.076059
v 8.365282 7.383032 -0.071646
v 8.223536 7.383032 0.043084
v 8.320605 7.383032 0.077549
v 8.385466 7.383032 -0.064479
v 8.255749 7.494066 -0.064479
v 8.238057 7.494066 -0.054835
v 8.304700 7.552505 -0.054835
v 8.318194 7.549878 -0.064479
v 8.435110 7.494066 -0.015129
v 8.437353 7.494066 0.000000
v 8.223538 7.494066 -0.043084
v 8.435110 7.494066 0.015129
v 8.428467 7.494066 0.029677
v 8.417678 7.494066 0.043084
v 8.275932 7.494066 -0.071646
v 8.320608 7.494066 0.077549
v 8.297832 7.494066 0.076059
v 8.403159 7.494066 0.054835
v 8.297832 7.494066 -0.076059
v 8.275932 7.494066 0.071646
v 8.385468 7.494066 0.064479
v 8.320608 7.494066 -0.077549
v 8.255749 7.494066 0.064479
v 8.365285 7.494066 0.071646
v 8.343384 7.494066 -0.076059
v 8.238057 7.494066 0.054835
v 8.343384 7.494066 0.076059
v 8.365285 7.494066 -0.071646
v 8.223538 7.494066 0.043084
v 8.320608 7.494066 0.077549
v 8.385468 7.494066 -0.064479
v 8.212749 7.494066 0.029677
v 8.403159 7.494066 -0.054835
v 8.206106 7.494066 0.015129
v 8.417678 7.494066 -0.043084
v 8.203863 7.494066 0.000000
v 8.428467 7.494066 -0.029677
v 8.318194 7.549878 0.064479
v 8.304700 7.552505 0.054835
v 8.293625 7.554661 0.043084
v 8.285396 7.556263 0.029677
v 8.280328 7.557249 0.015129
v 8.278617 7.557582 0.000000
v 8.280328 7.557249 -0.015129
v 8.285396 7.556263 -0.029677
v 8.293625 7.554661 -0.043084
v 4.872476 7.480039 0.068092
v 4.891656 7.480141 0.061281
v 4.932504 7.480356 0.028206
v 4.922255 7.480304 0.040948
v 4.932699 7.376350 0.040948
v 4.942951 7.376354 0.028206
v 4.768405 7.479486 0.061282
v 4.787585 7.479588 0.068092
v 4.830032 7.479814 -0.073696
v 4.808392 7.479699 -0.072280
v 4.908463 7.480229 0.052116
v 4.808392 7.479699 0.072286
v 4.787585 7.479588 -0.068086
v 4.830032 7.479814 0.073702
v 4.768405 7.479486 -0.061276
v 4.938816 7.480391 0.014381
v 4.737801 7.479323 -0.040942
v 4.727550 7.479270 -0.028201
v 4.938816 7.480391 -0.014375
v 4.721237 7.479237 -0.014375
v 4.932504 7.480356 -0.028201
v 4.719106 7.479225 0.000003
v 4.922255 7.480304 -0.040942
v 4.721237 7.479237 0.014381
v 4.908463 7.480229 -0.052110
v 4.727550 7.479270 0.028206
v 4.891656 7.480141 -0.061276
v 4.737801 7.479323 0.040948
v 4.872476 7.480039 -0.068086
v 4.830032 7.479814 0.073702
v 4.851670 7.479928 0.072286
v 4.751598 7.479396 0.052116
v 4.851670 7.479928 -0.072280
v 4.949265 7.376359 -0.014375
v 4.951403 7.376360 0.000003
v 4.961079 6.496717 0.000003
v 4.958941 6.496716 -0.014375
v 4.778810 7.376259 -0.061276
v 4.761997 7.376249 -0.052110
v 4.949265 7.376359 0.014381
v 4.748197 7.376241 -0.040942
v 4.737943 7.376236 -0.028201
v 4.731629 7.376234 -0.014375
v 4.942951 7.376354 -0.028201
v 4.729496 7.376232 0.000003
v 4.932699 7.376350 -0.040942
v 4.731629 7.376234 0.014381
v 4.918903 7.376341 -0.052110
v 4.737943 7.376236 0.028206
v 4.902093 7.376332 -0.061276
v 4.748197 7.376241 0.040948
v 4.882907 7.376321 -0.068086
v 4.840453 7.376296 0.073702
v 4.862097 7.376308 0.072286
v 4.761997 7.376249 0.052116
v 4.862097 7.376308 -0.072280
v 4.882908 7.376321 0.068092
v 4.778810 7.376259 0.061282
v 4.840453 7.376296 -0.073696
v 4.902093 7.376332 0.061281
v 4.797994 7.376271 0.068092
v 4.818807 7.376284 -0.072280
v 4.918903 7.376341 0.052116
v 4.818807 7.376284 0.072286
v 4.797995 7.376271 -0.068086
v 4.840453 7.376296 0.073702
v 4.958941 6.496716 0.014381
v 4.973700 5.160458 0.014381
v 4.975838 5.160460 0.000003
v 4.747619 6.496593 -0.028201
v 4.741305 6.496590 -0.014375
v 4.952628 6.496711 -0.028201
v 4.739173 6.496588 0.000003
v 4.942376 6.496707 -0.040942
v 4.741305 6.496590 0.014381
v 4.928579 6.496698 -0.052110
v 4.747619 6.496593 0.028206
v 4.911769 6.496688 -0.061276
v 4.757873 6.496597 0.040948
v 4.892583 6.496678 -0.068086
v 4.850129 6.496653 0.073702
v 4.871773 6.496665 0.072286
v 4.771674 6.496606 0.052116
v 4.871773 6.496665 -0.072280
v 4.892584 6.496678 0.068092
v 4.788486 6.496616 0.061282
v 4.850129 6.496653 -0.073696
v 4.911769 6.496688 0.061281
v 4.807671 6.496627 0.068092
v 4.828483 6.496640 -0.072280
v 4.928579 6.496698 0.052116
v 4.828483 6.496640 0.072286
v 4.807671 6.496627 -0.068086
v 4.942376 6.496707 0.040948
v 4.850129 6.496653 0.073702
v 4.788486 6.496616 -0.061276
v 4.952628 6.496711 0.028206
v 4.771674 6.496606 -0.052110
v 4.757873 6.496597 -0.040942
v 4.957134 5.160449 -0.040942
v 4.967386 5.160453 -0.028201
v 4.977542 4.241968 -0.028201
v 4.967290 4.241964 -0.040942
v 4.772632 5.160340 -0.040942
v 4.762378 5.160335 -0.028201
v 4.973700 5.160458 -0.014375
v 4.756064 5.160333 -0.014375
v 4.864888 5.160395 0.073702
v 4.886531 5.160407 0.072286
v 4.753931 5.160331 0.000003
v 4.907342 5.160420 0.068092
v 4.756064 5.160333 0.014381
v 4.943338 5.160440 -0.052110
v 4.926528 5.160431 0.061281
v 4.762378 5.160335 0.028206
v 4.926528 5.160431 -0.061276
v 4.943338 5.160440 0.052116
v 4.772632 5.160340 0.040948
v 4.907342 5.160420 -0.068086
v 4.957134 5.160449 0.040948
v 4.786432 5.160348 0.052116
v 4.886531 5.160407 -0.072280
v 4.967386 5.160453 0.028206
v 4.803245 5.160358 0.061282
v 4.864888 5.160395 -0.073696
v 4.822429 5.160369 0.068092
v 4.843241 5.160382 -0.072280
v 4.843242 5.160382 0.072286
v 4.822429 5.160369 -0.068086
v 4.864888 5.160395 0.073702
v 4.803245 5.160358 -0.061276
v 4.786432 5.160348 -0.052110
v 4.917498 4.241935 -0.068086
v 4.936683 4.241946 -0.061276
v 4.945470 3.445676 -0.061276
v 4.926285 3.445666 -0.068086
v 4.764087 4.241846 0.000003
v 4.766220 4.241848 0.014381
v 4.953494 4.241955 -0.052110
v 4.772533 4.241850 0.028206
v 4.782787 4.241855 0.040948
v 4.875043 4.241910 0.073702
v 4.896687 4.241922 0.072286
v 4.796588 4.241863 0.052116
v 4.896687 4.241922 -0.072280
v 4.917498 4.241935 0.068092
v 4.813400 4.241873 0.061282
v 4.875043 4.241910 -0.073696
v 4.936683 4.241946 0.061281
v 4.832584 4.241885 0.068092
v 4.853396 4.241898 -0.072280
v 4.953494 4.241955 0.052116
v 4.853397 4.241898 0.072286
v 4.832584 4.241885 -0.068086
v 4.967290 4.241964 0.040948
v 4.875043 4.241910 0.073702
v 4.813400 4.241873 -0.061276
v 4.977542 4.241968 0.028206
v 4.796588 4.241863 -0.052110
v 4.983855 4.241973 0.014381
v 4.782787 4.241855 -0.040942
v 4.985993 4.241974 0.000003
v 4.772533 4.241850 -0.028201
v 4.983855 4.241973 -0.014375
v 4.766220 4.241848 -0.014375
v 4.862184 3.445628 -0.072280
v 4.883831 3.445640 -0.073696
v 4.894439 2.483053 -0.073696
v 4.872792 2.483040 -0.072280
v 4.883831 3.445640 0.073702
v 4.905474 3.445653 0.072286
v 4.791574 3.445585 0.040948
v 4.805375 3.445594 0.052116
v 4.905474 3.445653 -0.072280
v 4.926285 3.445666 0.068092
v 4.822187 3.445604 0.061282
v 4.945470 3.445676 0.061281
v 4.841372 3.445615 0.068092
v 4.962281 3.445686 0.052116
v 4.862185 3.445628 0.072286
v 4.841372 3.445615 -0.068086
v 4.976077 3.445695 0.040948
v 4.883831 3.445640 0.073702
v 4.822187 3.445604 -0.061276
v 4.986329 3.445699 0.028206
v 4.805375 3.445594 -0.052110
v 4.992642 3.445703 0.014381
v 4.791574 3.445585 -0.040942
v 4.994781 3.445705 0.000003
v 4.781321 3.445581 -0.028201
v 4.992642 3.445703 -0.014375
v 4.775007 3.445578 -0.014375
v 4.986329 3.445699 -0.028201
v 4.772874 3.445576 0.000003
v 4.976077 3.445695 -0.040942
v 4.775007 3.445578 0.014381
v 4.962281 3.445686 -0.052110
v 4.781321 3.445581 0.028206
v 4.815984 2.483006 -0.052110
v 4.832796 2.483016 -0.061276
v 4.838098 2.002485 -0.061276
v 4.821286 2.002475 -0.052110
v 4.956079 2.483089 0.061281
v 4.972890 2.483098 0.052116
v 4.851980 2.483027 0.068092
v 4.872793 2.483040 0.072286
v 4.851981 2.483027 -0.068086
v 4.986686 2.483107 0.040948
v 4.894439 2.483053 0.073702
v 4.996938 2.483111 0.028206
v 5.003251 2.483116 0.014381
v 4.802183 2.482998 -0.040942
v 5.005389 2.483117 0.000003
v 4.791929 2.482993 -0.028201
v 5.003251 2.483116 -0.014375
v 4.785615 2.482990 -0.014375
v 4.996938 2.483111 -0.028201
v 4.783483 2.482989 0.000003
v 4.986686 2.483107 -0.040942
v 4.785615 2.482990 0.014381
v 4.972890 2.483098 -0.052110
v 4.791929 2.482993 0.028206
v 4.956079 2.483089 -0.061276
v 4.802183 2.482998 0.040948
v 4.936893 2.483078 -0.068086
v 4.894439 2.483053 0.073702
v 4.916083 2.483065 0.072286
v 4.815984 2.483006 0.052116
v 4.916083 2.483065 -0.072280
v 4.936893 2.483078 0.068092
v 4.832796 2.483016 0.061282
v 4.790918 2.002460 -0.014375
v 4.797232 2.002462 -0.028201
v 4.799143 1.829254 -0.028201
v 4.792830 1.829251 -0.014375
v 5.002240 2.002580 0.028206
v 5.008553 2.002585 0.014381
v 4.807486 2.002467 -0.040942
v 5.010691 2.002586 0.000003
v 5.008553 2.002585 -0.014375
v 5.002240 2.002580 -0.028201
v 4.788785 2.002458 0.000003
v 4.991988 2.002576 -0.040942
v 4.790918 2.002460 0.014381
v 4.978192 2.002567 -0.052110
v 4.797232 2.002462 0.028206
v 4.961381 2.002558 -0.061276
v 4.807486 2.002467 0.040948
v 4.942196 2.002547 -0.068086
v 4.899741 2.002522 0.073702
v 4.921385 2.002534 0.072286
v 4.821286 2.002475 0.052116
v 4.921385 2.002534 -0.072280
v 4.942196 2.002547 0.068092
v 4.838098 2.002485 0.061282
v 4.899741 2.002522 -0.073696
v 4.961381 2.002558 0.061281
v 4.857283 2.002496 0.068092
v 4.878095 2.002509 -0.072280
v 4.978192 2.002567 0.052116
v 4.878096 2.002509 0.072286
v 4.857283 2.002496 -0.068086
v 4.991988 2.002576 0.040948
v 4.899741 2.002522 0.073702
v 5.012603 1.829378 0.000003
v 5.010465 1.829376 0.014381
v 5.033672 0.001843 0.014381
v 5.035810 0.001845 0.000003
v 5.010465 1.829376 -0.014375
v 5.004151 1.829371 -0.028201
v 4.790696 1.829249 0.000003
v 4.993899 1.829368 -0.040942
v 4.792830 1.829251 0.014381
v 4.980103 1.829358 -0.052110
v 4.799143 1.829254 0.028206
v 4.963293 1.829349 -0.061276
v 4.809397 1.829258 0.040948
v 4.944107 1.829338 -0.068086
v 4.901653 1.829313 0.073702
v 4.923296 1.829325 0.072286
v 4.823197 1.829266 0.052116
v 4.923296 1.829325 -0.072280
v 4.944108 1.829338 0.068092
v 4.840010 1.829277 0.061282
v 4.901653 1.829313 -0.073696
v 4.963293 1.829349 0.061281
v 4.859194 1.829288 0.068092
v 4.880006 1.829301 -0.072280
v 4.980103 1.829358 0.052116
v 4.880007 1.829301 0.072286
v 4.859194 1.829288 -0.068086
v 4.993899 1.829368 0.040948
v 4.901653 1.829313 0.073702
v 4.840010 1.829277 -0.061276
v 5.004151 1.829371 0.028206
v 4.823197 1.829266 -0.052110
v 4.809397 1.829258 -0.040942
v 8.417609 1.825750 -0.043084
v 8.428397 1.825750 -0.029677
v 8.451605 -0.001783 -0.029677
v 8.440816 -0.001783 -0.043084
v 8.343315 1.825750 -0.076059
v 8.320539 1.825750 -0.077549
v 8.428397 1.825750 0.029677
v 8.435040 1.825750 0.015129
v 8.237988 1.825750 0.054835
v 8.255679 1.825750 0.064479
v 8.255679 1.825750 -0.064479
v 8.237988 1.825750 -0.054835
v 8.343314 1.825750 0.076059
v 8.365215 1.825750 0.071646
v 8.206038 1.825750 -0.015129
v 8.365215 1.825750 -0.071646
v 8.417608 1.825750 0.043084
v 8.223469 1.825750 0.043084
v 8.275863 1.825750 -0.071646
v 8.435040 1.825750 -0.015129
v 8.297763 1.825750 0.076059
v 8.320539 1.825750 0.077549
v 8.320539 1.825750 0.077549
v 8.212681 1.825750 -0.029677
v 8.385399 1.825750 -0.064479
v 8.403090 1.825750 0.054835
v 8.212681 1.825750 0.029677
v 8.297763 1.825750 -0.076059
v 8.437284 1.825750 0.000000
v 8.275863 1.825750 0.071646
v 8.223469 1.825750 -0.043084
v 8.403090 1.825750 -0.054835
v 8.385399 1.825750 0.064479
v 4.946504 0.001792 0.072286
v 4.924860 0.001781 0.073702
v 4.903214 0.001768 0.072286
v 4.882401 0.001755 0.068092
v 4.863217 0.001743 0.061282
v 4.846405 0.001733 0.052116
v 4.832604 0.001725 0.040948
v 4.822351 0.001720 0.028206
v 4.816037 0.001718 0.014381
v 4.813904 0.001716 0.000003
v 4.816037 0.001718 -0.014375
v 4.822351 0.001720 -0.028201
v 4.832604 0.001725 -0.040942
v 4.846405 0.001733 -0.052110
v 4.863217 0.001743 -0.061276
v 4.882402 0.001755 -0.068086
v 4.903214 0.001768 -0.072280
v 4.924860 0.001780 -0.073696
v 4.946504 0.001792 -0.072280
v 4.967315 0.001805 -0.068086
v 4.986500 0.001816 -0.061276
v 5.003311 0.001825 -0.052110
v 5.017107 0.001834 -0.040942
v 5.027359 0.001838 -0.028201
v 5.033672 0.001843 -0.014375
v 5.035810 0.001845 0.000003
v 5.033672 0.001844 0.014381
v 5.027359 0.001838 0.028206
v 5.017107 0.001834 0.040948
v 5.003311 0.001825 0.052116
v 4.986500 0.001816 0.061281
v 4.967315 0.001805 0.068092
v 8.343746 -0.001781 0.077549
v 8.320971 -0.001783 0.076059
v 8.299069 -0.001783 0.071646
v 8.278886 -0.001783 0.064479
v 8.261195 -0.001783 0.054835
v 8.246676 -0.001783 0.043084
v 8.235888 -0.001783 0.029677
v 8.229244 -0.001783 0.015129
v 8.227001 -0.001783 -0.000000
v 8.229244 -0.001783 -0.015129
v 8.235888 -0.001783 -0.029677
v 8.246676 -0.001783 -0.043084
v 8.261195 -0.001783 -0.054835
v 8.278886 -0.001783 -0.064479
v 8.299069 -0.001783 -0.071646
v 8.320971 -0.001783 -0.076059
v 8.343746 -0.001783 -0.077549
v 8.366522 -0.001783 -0.076059
v 8.388423 -0.001783 -0.071646
v 8.408607 -0.001783 -0.064479
v 8.426297 -0.001783 -0.054835
v 8.440816 -0.001782 -0.043084
v 8.451605 -0.001782 -0.029677
v 8.458248 -0.001783 -0.015129
v 8.460491 -0.001783 0.000000
v 8.458248 -0.001783 0.015129
v 8.451605 -0.001783 0.029677
v 8.440816 -0.001783 0.043084
v 8.426297 -0.001783 0.054835
v 8.408607 -0.001783 0.064479
v 8.388422 -0.001783 0.071646
v 8.366522 -0.001783 0.076059
v 8.458248 -0.001782 -0.015129
v 5.033672 0.001844 -0.014375
v 8.460491 -0.001782 0.000000
v 5.027359 0.001839 -0.028201
v 8.458248 -0.001782 0.015129
v 5.017107 0.001835 -0.040942
v 8.451605 -0.001782 0.029677
v 5.003311 0.001826 -0.052110
v 8.440816 -0.001782 0.043084
v 8.320971 -0.001782 0.076059
v 8.343746 -0.001783 0.077549
v 4.986500 0.001817 -0.061276
v 8.426297 -0.001782 0.054835
v 8.299069 -0.001782 0.071646
v 4.967315 0.001806 -0.068086
v 8.408607 -0.001782 0.064479
v 8.278886 -0.001782 0.064479
v 4.946504 0.001793 -0.072280
v 8.388422 -0.001782 0.071646
v 8.261195 -0.001782 0.054835
v 4.924860 0.001781 -0.073696
v 8.366522 -0.001782 0.076059
v 8.246676 -0.001782 0.043084
v 4.903214 0.001768 -0.072280
v 8.343746 -0.001782 0.077549
v 8.235888 -0.001782 0.029677
v 4.882402 0.001756 -0.068086
v 8.229244 -0.001782 0.015129
v 4.863217 0.001744 -0.061276
v 8.227001 -0.001782 -0.000000
v 4.846405 0.001734 -0.052110
v 8.229244 -0.001782 -0.015129
v 4.832604 0.001726 -0.040942
v 8.235888 -0.001782 -0.029677
v 4.822351 0.001721 -0.028201
v 8.246676 -0.001782 -0.043084
v 4.816037 0.001719 -0.014375
v 8.261195 -0.001782 -0.054835
v 4.813904 0.001717 0.000003
v 8.278886 -0.001782 -0.064479
v 4.816037 0.001719 0.014381
v 8.299069 -0.001782 -0.071646
v 4.822351 0.001721 0.028206
v 8.320971 -0.001782 -0.076059
v 4.832604 0.001726 0.040948
v 4.924860 0.001780 0.073702
v 4.946504 0.001793 0.072286
v 8.343746 -0.001782 -0.077549
v 4.846405 0.001734 0.052116
v 4.967315 0.001806 0.068092
v 8.366522 -0.001782 -0.076059
v 4.863217 0.001744 0.061282
v 4.986500 0.001817 0.061281
v 8.388423 -0.001782 -0.071646
v 4.882401 0.001756 0.068092
v 5.003311 0.001826 0.052116
v 8.408607 -0.001782 -0.064479
v 4.903214 0.001768 0.072286
v 5.017107 0.001835 0.040948
v 8.426297 -0.001782 -0.054835
v 4.924860 0.001781 0.073702
v 5.027359 0.001839 0.028206
v 4.963474 7.627174 0.028206
v 4.954936 7.628478 0.040948
v 4.963474 7.627174 -0.028201
v 4.954936 7.628478 -0.040942
v 5.122769 7.778147 -0.040942
v 5.131308 7.776844 -0.028201
v 4.826713 7.648018 -0.061276
v 4.968736 7.626373 0.014381
v 4.970518 7.626102 0.000003
v 4.792665 7.653209 -0.028201
v 4.968736 7.626373 -0.014375
v 4.787407 7.654011 -0.014375
v 4.785629 7.654282 0.000003
v 4.787407 7.654011 0.014381
v 4.943439 7.630229 -0.052110
v 4.792665 7.653209 0.028206
v 4.929434 7.632364 -0.061276
v 4.801206 7.651906 0.040948
v 4.913449 7.634800 -0.068086
v 4.896108 7.637442 0.072286
v 4.878076 7.640191 0.073702
v 4.812705 7.650153 0.052116
v 4.896108 7.637442 -0.072280
v 4.913449 7.634800 0.068092
v 4.826713 7.648018 0.061282
v 4.878076 7.640191 -0.073696
v 4.929434 7.632364 0.061282
v 4.842699 7.645582 0.068092
v 4.860041 7.642940 -0.072280
v 4.943439 7.630229 0.052116
v 4.860041 7.642940 0.072286
v 4.842699 7.645582 -0.068086
v 4.878076 7.640191 0.073702
v 5.097267 7.782032 -0.061276
v 5.081282 7.784469 -0.068086
v 5.430074 7.942089 -0.068087
v 5.446059 7.939652 -0.061276
v 4.955240 7.803680 0.014381
v 4.953462 7.803950 0.000003
v 5.111273 7.779898 -0.052110
v 4.960498 7.802877 0.028206
v 4.969039 7.801575 0.040948
v 5.063941 7.787111 0.072286
v 5.045909 7.789860 0.073702
v 4.980538 7.799822 0.052116
v 5.063941 7.787111 -0.072280
v 5.081283 7.784469 0.068092
v 4.994546 7.797687 0.061281
v 5.045909 7.789860 -0.073696
v 5.097267 7.782032 0.061281
v 5.010531 7.795251 0.068092
v 5.027874 7.792609 -0.072280
v 5.111273 7.779898 0.052116
v 5.027874 7.792609 0.072286
v 5.010532 7.795251 -0.068086
v 5.122769 7.778147 0.040948
v 5.045909 7.789860 0.073702
v 4.994546 7.797687 -0.061276
v 5.131308 7.776844 0.028206
v 4.980538 7.799822 -0.052110
v 5.136569 7.776042 0.014381
v 4.969039 7.801575 -0.040942
v 5.138351 7.775771 0.000003
v 4.960498 7.802877 -0.028201
v 5.136569 7.776042 -0.014375
v 4.955240 7.803680 -0.014375
v 5.394701 7.947479 -0.073697
v 5.376666 7.950229 -0.072280
v 5.784116 8.063670 -0.050222
v 5.794348 8.061139 -0.051206
v 5.412733 7.944731 0.072286
v 5.394701 7.947479 0.073702
v 5.329330 7.957442 0.052116
v 5.317832 7.959194 0.040948
v 5.412733 7.944731 -0.072280
v 5.430075 7.942089 0.068092
v 5.343338 7.955307 0.061281
v 5.446059 7.939652 0.061281
v 5.359324 7.952870 0.068092
v 5.460065 7.937517 0.052116
v 5.376666 7.950229 0.072286
v 5.359324 7.952870 -0.068087
v 5.471561 7.935766 0.040948
v 5.394701 7.947479 0.073702
v 5.343338 7.955307 -0.061276
v 5.480100 7.934463 0.028206
v 5.329330 7.957442 -0.052111
v 5.485361 7.933661 0.014381
v 5.317832 7.959194 -0.040942
v 5.487144 7.933391 0.000003
v 5.309290 7.960497 -0.028201
v 5.485361 7.933661 -0.014375
v 5.304032 7.961299 -0.014375
v 5.480100 7.934463 -0.028201
v 5.302254 7.961570 0.000003
v 5.471561 7.935766 -0.040942
v 5.304032 7.961299 0.014381
v 5.460065 7.937517 -0.052111
v 5.309290 7.960497 0.028206
v 5.765206 8.068347 -0.042576
v 5.757258 8.070313 -0.036207
v 6.132800 8.148382 -0.036207
v 6.135633 8.145780 -0.042575
v 5.831432 8.051965 0.036213
v 5.823487 8.053931 0.042581
v 5.784116 8.063670 0.050227
v 5.774276 8.066104 0.047313
v 5.774276 8.066104 -0.047308
v 5.837956 8.050352 0.028453
v 5.794348 8.061139 0.051211
v 5.842799 8.049152 0.019599
v 5.845785 8.048414 0.009993
v 5.750734 8.071926 -0.028447
v 5.846797 8.048164 0.000003
v 5.745889 8.073126 -0.019594
v 5.845785 8.048414 -0.009988
v 5.742907 8.073865 -0.009987
v 5.842799 8.049152 -0.019594
v 5.741898 8.074115 0.000003
v 5.837956 8.050352 -0.028447
v 5.742907 8.073865 0.009993
v 5.831432 8.051965 -0.036207
v 5.745889 8.073126 0.019599
v 5.823487 8.053931 -0.042576
v 5.750734 8.071926 0.028453
v 5.814418 8.056174 -0.047308
v 5.804579 8.058607 0.050227
v 5.794348 8.061139 0.051211
v 5.757258 8.070313 0.036213
v 5.804579 8.058607 -0.050222
v 5.814418 8.056174 0.047313
v 5.765206 8.068347 0.042581
v 6.128749 8.152106 -0.019594
v 6.127687 8.153084 -0.009987
v 6.526921 8.170698 -0.009987
v 6.527075 8.169692 -0.019593
v 6.164358 8.119394 0.009993
v 6.163293 8.120372 0.019600
v 6.130473 8.150518 -0.028447
v 6.164720 8.119063 0.000003
v 6.164358 8.119394 -0.009987
v 6.163293 8.120372 -0.019594
v 6.127327 8.153414 0.000003
v 6.161570 8.121959 -0.028447
v 6.127687 8.153084 0.009993
v 6.159242 8.124094 -0.036207
v 6.128749 8.152106 0.019600
v 6.156411 8.126697 -0.042575
v 6.153178 8.129666 -0.047307
v 6.149669 8.132888 0.050228
v 6.146023 8.136238 0.051212
v 6.132800 8.148382 0.036213
v 6.149669 8.132888 -0.050221
v 6.153178 8.129666 0.047314
v 6.135633 8.145780 0.042582
v 6.146023 8.136238 -0.051205
v 6.156411 8.126697 0.042581
v 6.138866 8.142810 0.047314
v 6.142376 8.139588 -0.050221
v 6.159242 8.124094 0.036213
v 6.142376 8.139588 0.050228
v 6.138866 8.142810 -0.047307
v 6.161570 8.121959 0.028453
v 6.146023 8.136238 0.051212
v 6.526921 8.170698 0.009994
v 6.527075 8.169692 0.019600
v 6.875723 8.155899 0.019600
v 6.877038 8.156859 0.009994
v 6.532164 8.137002 -0.019593
v 6.532322 8.135996 -0.009987
v 6.526867 8.171039 0.000003
v 6.531913 8.138637 -0.028447
v 6.531568 8.140837 -0.036207
v 6.531152 8.143517 -0.042575
v 6.527326 8.168056 0.028453
v 6.530676 8.146577 -0.047307
v 6.530157 8.149895 0.050228
v 6.529621 8.153346 0.051212
v 6.527670 8.165856 0.036213
v 6.530157 8.149895 -0.050221
v 6.530676 8.146577 0.047314
v 6.528088 8.163176 0.042582
v 6.529621 8.153346 -0.051205
v 6.531152 8.143517 0.042582
v 6.528564 8.160116 0.047314
v 6.529084 8.156797 -0.050221
v 6.531568 8.140837 0.036213
v 6.529084 8.156797 0.050228
v 6.528564 8.160116 -0.047307
v 6.531913 8.138637 0.028453
v 6.529621 8.153346 0.051212
v 6.528088 8.163176 -0.042575
v 6.532164 8.137002 0.019600
v 6.527670 8.165856 -0.036207
v 6.532322 8.135996 0.009994
v 6.527326 8.168056 -0.028447
v 6.532377 8.135654 0.000003
v 6.870718 8.152237 0.036213
v 6.867223 8.149677 0.042582
v 7.308485 8.088690 0.048276
v 7.319021 8.090532 0.041056
v 6.841589 8.130907 -0.042575
v 6.838093 8.128348 -0.036207
v 6.873587 8.154338 0.028453
v 6.845579 8.133828 -0.047307
v 6.849905 8.136997 0.050228
v 6.854407 8.140292 0.051212
v 6.849905 8.136997 -0.050221
v 6.845580 8.133828 0.047314
v 6.854407 8.140292 -0.051205
v 6.841589 8.130907 0.042582
v 6.863234 8.146756 0.047314
v 6.858909 8.143588 -0.050221
v 6.838093 8.128348 0.036213
v 6.858909 8.143588 0.050228
v 6.863234 8.146756 -0.047307
v 6.835225 8.126247 0.028453
v 6.854407 8.140292 0.051212
v 6.867223 8.149677 -0.042575
v 6.833091 8.124687 0.019600
v 6.870718 8.152237 -0.036207
v 6.831779 8.123726 0.009994
v 6.873587 8.154338 -0.028447
v 6.831336 8.123401 0.000003
v 6.875723 8.155899 -0.019593
v 6.831779 8.123726 -0.009987
v 6.877038 8.156859 -0.009987
v 6.833091 8.124687 -0.019593
v 6.877481 8.157185 0.000003
v 6.835225 8.126247 -0.028447
v 7.283421 8.084305 0.056945
v 7.269854 8.081933 0.058061
v 7.673003 7.987395 0.067765
v 7.688838 7.990164 0.066463
v 7.269854 8.081933 -0.058054
v 7.256288 8.079560 -0.056938
v 7.231222 8.075177 0.048276
v 7.243247 8.077280 0.053641
v 7.296461 8.086586 0.053641
v 7.283421 8.084305 -0.056938
v 7.220686 8.073335 0.041056
v 7.296462 8.086586 -0.053635
v 7.212040 8.071822 0.032258
v 7.308485 8.088690 -0.048270
v 7.205615 8.070700 0.022221
v 7.319021 8.090532 -0.041049
v 7.201659 8.070007 0.011330
v 7.327668 8.092045 -0.032252
v 7.200320 8.069773 0.000003
v 7.334099 8.093168 -0.022214
v 7.201659 8.070007 -0.011323
v 7.338057 8.093860 -0.011323
v 7.205615 8.070700 -0.022214
v 7.339393 8.094093 0.000003
v 7.212040 8.071822 -0.032252
v 7.338057 8.093860 0.011330
v 7.220686 8.073335 -0.041049
v 7.334099 8.093168 0.022221
v 7.231222 8.075177 -0.048270
v 7.327668 8.092045 0.032258
v 7.243247 8.077280 -0.053635
v 7.256288 8.079560 0.056945
v 7.269854 8.081933 0.058061
v 7.740481 7.999197 -0.037643
v 7.747987 8.000508 -0.025928
v 8.024972 7.893060 -0.028348
v 8.015358 7.892204 -0.041157
v 7.718092 7.995281 -0.056338
v 7.704059 7.992826 -0.062600
v 7.598027 7.974284 0.025934
v 7.605526 7.975595 0.037649
v 7.730389 7.997431 -0.047911
v 7.593410 7.973476 0.013223
v 7.591847 7.973202 0.000003
v 7.593410 7.973476 -0.013216
v 7.752607 8.001315 -0.013216
v 7.598027 7.974284 -0.025928
v 7.754166 8.001588 0.000003
v 7.605526 7.975595 -0.037643
v 7.752607 8.001315 0.013223
v 7.615618 7.977360 -0.047911
v 7.747987 8.000508 0.025934
v 7.627914 7.979510 -0.056338
v 7.740481 7.999197 0.037650
v 7.641949 7.981964 -0.062600
v 7.657171 7.984627 0.066463
v 7.673003 7.987395 0.067765
v 7.730389 7.997431 0.047918
v 7.657171 7.984627 -0.066456
v 7.641949 7.981964 0.062607
v 7.718092 7.995281 0.056345
v 7.673003 7.987395 -0.067758
v 7.627914 7.979510 0.056345
v 7.704059 7.992826 0.062607
v 7.688838 7.990164 -0.066456
v 7.615618 7.977360 0.047918
v 8.032887 7.893765 0.000003
v 8.030890 7.893588 0.014457
v 8.304546 7.727859 0.014457
v 8.306688 7.727875 0.000003
v 7.826947 7.875401 -0.014450
v 7.824944 7.875221 0.000003
v 8.030890 7.893588 -0.014450
v 7.832862 7.875929 -0.028348
v 7.842469 7.876785 -0.041157
v 7.855397 7.877938 -0.052384
v 8.024972 7.893060 0.028355
v 7.871150 7.879344 -0.061597
v 8.015358 7.892204 0.041163
v 7.889129 7.880946 -0.068444
v 7.908629 7.882685 0.072666
v 7.928912 7.884494 0.074090
v 8.002429 7.891050 0.052390
v 7.908629 7.882685 -0.072660
v 7.889129 7.880946 0.068450
v 7.986675 7.889645 0.061604
v 7.928912 7.884494 -0.074083
v 7.871150 7.879344 0.061604
v 7.968697 7.888042 0.068450
v 7.949197 7.886302 -0.072660
v 7.855397 7.877938 0.052390
v 7.949197 7.886302 0.072666
v 7.968697 7.888042 -0.068444
v 7.842468 7.876785 0.041163
v 7.928912 7.884494 0.074090
v 7.986675 7.889645 -0.061597
v 7.832862 7.875929 0.028355
v 8.002429 7.891050 -0.052384
v 7.826947 7.875401 0.014457
v 8.195209 7.727034 0.074090
v 8.173463 7.726871 0.072666
v 8.256962 7.596829 0.072666
v 8.278708 7.596992 0.074090
v 8.116387 7.726439 -0.052384
v 8.102526 7.726335 -0.041157
v 8.298203 7.727811 0.028355
v 8.133279 7.726567 -0.061597
v 8.287897 7.727735 0.041163
v 8.152554 7.726712 -0.068444
v 8.274034 7.727630 0.052390
v 8.173463 7.726871 -0.072660
v 8.152555 7.726712 0.068450
v 8.257142 7.727502 0.061604
v 8.195209 7.727034 -0.074083
v 8.133278 7.726567 0.061604
v 8.237866 7.727357 0.068450
v 8.216958 7.727199 -0.072660
v 8.116387 7.726439 0.052390
v 8.216958 7.727199 0.072666
v 8.237866 7.727357 -0.068444
v 8.102526 7.726335 0.041163
v 8.195209 7.727034 0.074090
v 8.257142 7.727502 -0.061597
v 8.092227 7.726257 0.028355
v 8.274034 7.727630 -0.052384
v 8.085883 7.726209 0.014457
v 8.287897 7.727735 -0.041157
v 8.083735 7.726192 0.000003
v 8.298203 7.727811 -0.028348
v 8.085883 7.726209 -0.014450
v 8.304546 7.727859 -0.014450
v 8.092227 7.726257 -0.028348
v 8.307521 7.583826 0.076059
v 8.329396 7.584068 0.071646
v 8.321365 7.597315 0.068450
v 8.300457 7.597157 0.072666
v 8.357533 7.597589 0.052390
v 8.371396 7.597694 0.041163
v 8.256962 7.596829 -0.072660
v 8.236053 7.596671 -0.068444
v 8.236053 7.596671 0.068450
v 8.340641 7.597461 0.061604
v 8.278708 7.596992 -0.074083
v 8.216778 7.596526 0.061604
v 8.300457 7.597157 -0.072660
v 8.199887 7.596398 0.052390
v 8.321365 7.597315 -0.068444
v 8.186025 7.596293 0.041163
v 8.278708 7.596992 0.074090
v 8.340641 7.597461 -0.061597
v 8.175726 7.596216 0.028355
v 8.357533 7.597589 -0.052384
v 8.169382 7.596168 0.014457
v 8.371396 7.597694 -0.041157
v 8.167234 7.596151 0.000003
v 8.381702 7.597770 -0.028348
v 8.169382 7.596168 -0.014450
v 8.388046 7.597818 -0.014450
v 8.175726 7.596216 -0.028348
v 8.390187 7.597834 0.000003
v 8.186025 7.596293 -0.041157
v 8.388046 7.597818 0.014457
v 8.199887 7.596398 -0.052384
v 8.381702 7.597770 0.028355
v 8.216778 7.596526 -0.061597
v 8.202316 7.582661 -0.054835
v 8.219987 7.582857 -0.064479
v 8.284772 7.583574 0.077549
v 8.392505 7.584767 0.029677
v 8.381729 7.584648 0.043084
v 8.240147 7.583080 -0.071646
v 8.284772 7.583574 0.077549
v 8.262022 7.583322 0.076059
v 8.367227 7.584487 0.054835
v 8.262022 7.583322 -0.076059
v 8.240147 7.583080 0.071646
v 8.349556 7.584291 0.064479
v 8.284772 7.583574 -0.077549
v 8.219987 7.582857 0.064479
v 8.307521 7.583826 -0.076059
v 8.202316 7.582661 0.054835
v 8.329396 7.584068 -0.071646
v 8.187814 7.582501 0.043084
v 8.349557 7.584291 -0.064479
v 8.177038 7.582382 0.029677
v 8.367227 7.584487 -0.054835
v 8.170403 7.582308 0.015129
v 8.381729 7.584648 -0.043084
v 8.168162 7.582283 0.000000
v 8.392505 7.584767 -0.029677
v 8.170403 7.582308 -0.015129
v 8.399140 7.584840 -0.015129
v 8.177038 7.582382 -0.029677
v 8.401381 7.584865 0.000000
v 8.187814 7.582501 -0.043084
v 8.399140 7.584840 0.015129
v 6.187822 3.591796 0.058312
v 6.187822 3.640285 0.058312
v 6.171823 3.640285 0.049590
v 6.171823 3.591796 0.049590
v 5.441595 2.146393 0.058313
v 5.459848 2.146393 0.064794
v 5.459848 2.768966 0.064794
v 5.441595 2.768966 0.058313
v 6.964275 2.097903 0.070132
v 6.964275 2.146393 0.070132
v 6.943678 2.146393 0.068785
v 6.943678 2.097903 0.068785
v 6.148936 3.591796 0.026838
v 6.142928 3.591796 0.013682
v 6.143592 3.546037 0.013682
v 6.149561 3.545882 0.026838
v 5.412466 2.146393 -0.038963
v 5.402709 2.146393 -0.026838
v 5.402709 2.768966 -0.026838
v 5.412466 2.768966 -0.038963
v 6.923872 2.146393 0.064794
v 6.923872 2.097903 0.064794
v 6.158693 3.591796 0.038963
v 6.158693 3.640285 0.038963
v 6.148936 3.640285 0.026838
v 5.558909 2.146393 -0.058312
v 5.540656 2.146393 -0.064793
v 5.540656 2.768966 -0.064793
v 5.558909 2.768966 -0.058312
v 6.905619 2.146393 0.058313
v 6.905619 2.097903 0.058313
v 6.142928 3.640285 0.013682
v 5.588038 2.146393 0.038964
v 5.597795 2.146393 0.026839
v 5.597795 2.768966 0.026839
v 5.588038 2.768966 0.038964
v 6.889619 2.146393 0.049591
v 6.889619 2.097903 0.049591
v 6.140900 3.640285 -0.000000
v 6.140900 3.591796 -0.000000
v 5.558909 2.146393 0.058313
v 5.574908 2.146393 0.049591
v 5.574908 2.768966 0.049591
v 5.558909 2.768966 0.058313
v 6.876489 2.146393 0.038963
v 6.876489 2.097903 0.038963
v 6.142928 3.640285 -0.013682
v 6.142928 3.591796 -0.013682
v 5.500252 2.146393 0.070132
v 5.520850 2.146393 0.068785
v 5.520850 2.768966 0.068785
v 5.500252 2.768966 0.070132
v 6.866733 2.146393 0.026839
v 6.866733 2.097903 0.026839
v 6.148936 3.640285 -0.026839
v 6.148936 3.591796 -0.026839
v 5.394672 2.146393 0.000000
v 5.396701 2.146393 0.013682
v 5.396701 2.768966 0.013682
v 5.394672 2.768966 0.000000
v 6.860724 2.146393 0.013682
v 6.860724 2.097903 0.013682
v 6.158693 3.640285 -0.038964
v 6.158693 3.591796 -0.038964
v 5.500252 2.146393 -0.070132
v 5.479654 2.146393 -0.068784
v 5.479654 2.768966 -0.068784
v 5.500252 2.768966 -0.070132
v 6.858696 2.146393 0.000000
v 6.858696 2.097903 0.000000
v 6.171823 3.640285 -0.049591
v 6.171823 3.591796 -0.049591
v 5.605832 2.146393 0.000000
v 5.603803 2.146393 -0.013682
v 5.603803 2.768966 -0.013682
v 5.605832 2.768966 0.000000
v 6.860724 2.146393 -0.013682
v 6.860724 2.097903 -0.013682
v 6.187822 3.640285 -0.058313
v 6.187822 3.591796 -0.058313
v 5.412466 2.146393 0.038963
v 5.425596 2.146393 0.049591
v 5.425596 2.768966 0.049591
v 5.412466 2.768966 0.038963
v 6.866733 2.146393 -0.026838
v 6.866733 2.097903 -0.026838
v 6.206076 3.640285 -0.064794
v 6.206076 3.591796 -0.064794
v 5.441595 2.146393 -0.058312
v 5.425596 2.146393 -0.049591
v 5.425596 2.768966 -0.049591
v 5.441595 2.768966 -0.058312
v 6.876489 2.146393 -0.038963
v 6.876489 2.097903 -0.038963
v 6.225882 3.640285 -0.068785
v 6.225882 3.591796 -0.068785
v 5.588038 2.146393 -0.038963
v 5.574908 2.146393 -0.049591
v 5.574908 2.768966 -0.049591
v 5.588038 2.768966 -0.038963
v 6.889619 2.146393 -0.049591
v 6.889619 2.097903 -0.049591
v 6.246479 3.640285 -0.070132
v 6.246479 3.591796 -0.070132
v 5.540656 2.146393 0.064794
v 5.540656 2.768966 0.064794
v 6.905619 2.146393 -0.058312
v 6.905619 2.097903 -0.058312
v 6.267076 3.640285 -0.068785
v 6.267076 3.591796 -0.068785
v 5.479654 2.146393 0.068785
v 5.479654 2.768966 0.068785
v 6.923872 2.146393 -0.064793
v 6.923872 2.097903 -0.064793
v 6.286883 3.640285 -0.064794
v 6.286883 3.591796 -0.064794
v 5.396701 2.146393 -0.013682
v 5.396701 2.768966 -0.013682
v 6.943678 2.146393 -0.068784
v 6.943678 2.097903 -0.068784
v 6.305136 3.640285 -0.058313
v 6.305136 3.591796 -0.058313
v 5.520850 2.146393 -0.068784
v 5.520850 2.768966 -0.068784
v 6.964275 2.146393 -0.070132
v 6.964275 2.097903 -0.070132
v 6.321136 3.640285 -0.049591
v 6.321136 3.591796 -0.049591
v 5.603803 2.146393 0.013682
v 5.603803 2.768966 0.013682
v 6.984873 2.146393 -0.068784
v 6.984873 2.097903 -0.068784
v 6.334266 3.640285 -0.038964
v 6.334266 3.591796 -0.038964
v 7.004679 2.146393 -0.064793
v 7.004679 2.097903 -0.064793
v 6.344022 3.640285 -0.026839
v 6.344022 3.591796 -0.026839
v 5.402709 2.146393 0.026839
v 5.402709 2.768966 0.026839
v 7.022932 2.146393 -0.058312
v 7.022932 2.097903 -0.058312
v 6.350030 3.640285 -0.013682
v 6.350030 3.591796 -0.013682
v 5.459848 2.146393 -0.064793
v 5.459848 2.768966 -0.064793
v 7.038932 2.146393 -0.049591
v 7.038932 2.097903 -0.049591
v 6.352059 3.640285 -0.000000
v 6.352059 3.591796 -0.000000
v 5.597795 2.146393 -0.026838
v 5.597795 2.768966 -0.026838
v 7.052062 2.146393 -0.038963
v 7.052062 2.097903 -0.038963
v 6.350030 3.640285 0.013682
v 6.350030 3.591796 0.013682
v 7.061818 2.146393 -0.026838
v 7.061818 2.097903 -0.026838
v 6.344022 3.640285 0.026838
v 6.344022 3.591796 0.026838
v 7.067826 2.146393 -0.013682
v 7.067826 2.097903 -0.013682
v 6.334266 3.640285 0.038963
v 6.334266 3.591796 0.038963
v 7.069855 2.146393 0.000000
v 7.069855 2.097903 0.000000
v 6.321136 3.640285 0.049590
v 6.321136 3.591796 0.049590
v 7.067826 2.146393 0.013682
v 7.067826 2.097903 0.013682
v 6.305136 3.640285 0.058312
v 6.305136 3.591796 0.058312
v 7.061818 2.146393 0.026839
v 7.061818 2.097903 0.026839
v 6.286883 3.640285 0.064793
v 6.286883 3.591796 0.064793
v 7.052062 2.146393 0.038964
v 7.052062 2.097903 0.038964
v 6.342055 3.660500 -0.026839
v 6.348056 3.660568 -0.013682
v 7.038932 2.146393 0.049591
v 7.038932 2.097903 0.049591
v 5.500252 2.146393 0.070132
v 5.500252 2.768966 0.070132
v 7.022932 2.146393 0.058313
v 7.022932 2.097903 0.058313
v 5.479653 3.036389 0.068785
v 5.459847 3.036389 0.064794
v 7.004679 2.146393 0.064794
v 7.004679 2.097903 0.064794
v 7.052062 2.768966 -0.038963
v 7.061818 2.768966 -0.026838
v 5.479654 2.097903 -0.068784
v 5.500252 2.097903 -0.070132
v 5.481694 0.649345 -0.070131
v 5.461097 0.649345 -0.068783
v 6.984873 2.146393 0.068785
v 6.984873 2.097903 0.068785
v 5.520850 2.097903 0.068785
v 5.500252 2.097903 0.070132
v 6.964275 2.146393 0.070132
v 6.964275 2.097903 0.070132
v 6.945718 0.649345 -0.070131
v 6.925120 0.649345 -0.068783
v 6.206076 3.591796 0.064793
v 6.206076 3.640285 0.064793
v 6.267076 3.591796 0.068784
v 6.267076 3.640285 0.068784
v 6.246479 3.640285 0.070132
v 6.246479 3.591796 0.070132
v 6.225882 3.591796 0.068784
v 6.225882 3.640285 0.068784
v 6.246479 3.591796 0.070132
v 6.246479 3.640285 0.070132
v 6.284809 4.668103 0.058312
v 6.284809 4.716591 0.058312
v 6.268810 4.716591 0.049590
v 6.268810 4.668103 0.049590
v 6.239916 4.668103 0.013681
v 6.237887 4.668103 -0.000001
v 6.239588 4.308070 -0.000001
v 6.241584 4.307986 0.013681
v 6.255680 4.668103 0.038962
v 6.255680 4.716591 0.038962
v 6.245924 4.716591 0.026838
v 6.245924 4.668103 0.026838
v 6.239916 4.716591 0.013681
v 6.237887 4.716591 -0.000001
v 6.239916 4.716591 -0.013683
v 6.239916 4.668103 -0.013683
v 6.245924 4.716591 -0.026839
v 6.245924 4.668103 -0.026839
v 6.255680 4.716591 -0.038964
v 6.255680 4.668103 -0.038964
v 6.268810 4.716591 -0.049592
v 6.268810 4.668103 -0.049592
v 6.284809 4.716591 -0.058313
v 6.284809 4.668103 -0.058313
v 6.303063 4.716591 -0.064794
v 6.303063 4.668103 -0.064794
v 6.322869 4.716591 -0.068785
v 6.322869 4.668103 -0.068785
v 6.343467 4.716591 -0.070133
v 6.343467 4.668103 -0.070133
v 6.364064 4.716591 -0.068785
v 6.364064 4.668103 -0.068785
v 6.383870 4.716591 -0.064794
v 6.383870 4.668103 -0.064794
v 6.402123 4.716591 -0.058313
v 6.402123 4.668103 -0.058313
v 6.418123 4.716591 -0.049592
v 6.418123 4.668103 -0.049592
v 6.431253 4.716591 -0.038964
v 6.431253 4.668103 -0.038964
v 6.441010 4.716591 -0.026839
v 6.441010 4.668103 -0.026839
v 6.447017 4.716591 -0.013683
v 6.447017 4.668103 -0.013683
v 6.449046 4.716591 -0.000001
v 6.449046 4.668103 -0.000001
v 6.447017 4.716591 0.013681
v 6.447017 4.668103 0.013681
v 6.441010 4.716591 0.026838
v 6.441010 4.668103 0.026838
v 6.431253 4.716591 0.038963
v 6.431253 4.668103 0.038963
v 6.418123 4.716591 0.049590
v 6.418123 4.668103 0.049590
v 6.402123 4.716591 0.058312
v 6.402123 4.668103 0.058312
v 6.383870 4.716591 0.064793
v 6.383870 4.668103 0.064793
v 6.237877 5.567254 -0.000001
v 6.239905 5.567254 -0.013683
v 6.303063 4.668103 0.064793
v 6.303063 4.716591 0.064793
v 6.364064 4.668103 0.068784
v 6.364064 4.716591 0.068784
v 6.343467 4.716591 0.070131
v 6.343467 4.668103 0.070131
v 6.322869 4.668103 0.068784
v 6.322869 4.716591 0.068784
v 6.343467 4.668103 0.070131
v 6.343467 4.716591 0.070131
v 7.751719 4.443834 0.058312
v 7.751719 4.492323 0.058312
v 7.735720 4.492323 0.049590
v 7.735720 4.443834 0.049590
v 7.735715 3.687022 0.049590
v 7.751714 3.687022 0.058312
v 7.722590 4.443834 0.038963
v 7.722590 4.492323 0.038963
v 7.712833 4.492323 0.026838
v 7.712833 4.443834 0.026838
v 7.706825 4.492323 0.013681
v 7.706825 4.443834 0.013681
v 7.704797 4.492323 -0.000001
v 7.704797 4.443834 -0.000001
v 7.706825 4.492323 -0.013683
v 7.706825 4.443834 -0.013683
v 7.712833 4.492323 -0.026839
v 7.712833 4.443834 -0.026839
v 7.722590 4.492323 -0.038964
v 7.722590 4.443834 -0.038964
v 7.735720 4.492323 -0.049591
v 7.735720 4.443834 -0.049591
v 7.751719 4.492323 -0.058313
v 7.751719 4.443834 -0.058313
v 7.769973 4.492323 -0.064794
v 7.769973 4.443834 -0.064794
v 7.789779 4.492323 -0.068785
v 7.789779 4.443834 -0.068785
v 7.810376 4.492323 -0.070133
v 7.810376 4.443834 -0.070133
v 7.830974 4.492323 -0.068785
v 7.830974 4.443834 -0.068785
v 7.850780 4.492323 -0.064794
v 7.850780 4.443834 -0.064794
v 7.869033 4.492323 -0.058313
v 7.869033 4.443834 -0.058313
v 7.885033 4.492323 -0.049591
v 7.885033 4.443834 -0.049591
v 7.898163 4.492323 -0.038964
v 7.898163 4.443834 -0.038964
v 7.907919 4.492323 -0.026839
v 7.907919 4.443834 -0.026839
v 7.913927 4.492323 -0.013683
v 7.913927 4.443834 -0.013683
v 7.915956 4.492323 -0.000001
v 7.915956 4.443834 -0.000001
v 7.913927 4.492323 0.013681
v 7.913927 4.443834 0.013681
v 7.907919 4.492323 0.026838
v 7.907919 4.443834 0.026838
v 7.898163 4.492323 0.038963
v 7.898163 4.443834 0.038963
v 7.885033 4.492323 0.049590
v 7.885033 4.443834 0.049590
v 7.869033 4.492323 0.058312
v 7.869033 4.443834 0.058312
v 7.850780 4.492323 0.064793
v 7.850780 4.443834 0.064793
v 7.722973 4.815098 0.016737
v 7.721260 4.814685 -0.000001
v 7.769973 4.443834 0.064793
v 7.769973 4.492323 0.064793
v 7.830974 4.443834 0.068784
v 7.830974 4.492323 0.068784
v 7.810376 4.492323 0.070131
v 7.810376 4.443834 0.070131
v 7.789779 4.443834 0.068784
v 7.789779 4.492323 0.068784
v 7.810376 4.443834 0.070131
v 7.810376 4.492323 0.070131
v 7.659725 5.514164 0.058311
v 7.659725 5.562653 0.058311
v 7.643726 5.562653 0.049590
v 7.643726 5.514164 0.049590
v 7.620839 5.514164 0.026837
v 7.614831 5.514164 0.013681
v 7.614988 5.306061 0.013681
v 7.620986 5.305986 0.026837
v 7.630596 5.514164 0.038962
v 7.630596 5.562653 0.038962
v 7.620839 5.562653 0.026837
v 7.614831 5.562653 0.013681
v 7.612803 5.562653 -0.000001
v 7.612803 5.514164 -0.000001
v 7.614831 5.562653 -0.013683
v 7.614831 5.514164 -0.013683
v 7.620839 5.562653 -0.026839
v 7.620839 5.514164 -0.026839
v 7.630596 5.562653 -0.038964
v 7.630596 5.514164 -0.038964
v 7.643726 5.562653 -0.049592
v 7.643726 5.514164 -0.049592
v 7.659725 5.562653 -0.058314
v 7.659725 5.514164 -0.058314
v 7.677979 5.562653 -0.064795
v 7.677979 5.514164 -0.064795
v 7.697784 5.562653 -0.068785
v 7.697784 5.514164 -0.068785
v 7.718382 5.562653 -0.070133
v 7.718382 5.514164 -0.070133
v 7.738980 5.562653 -0.068785
v 7.738980 5.514164 -0.068785
v 7.758786 5.562653 -0.064795
v 7.758786 5.514164 -0.064795
v 7.777039 5.562653 -0.058314
v 7.777039 5.514164 -0.058314
v 7.793038 5.562653 -0.049592
v 7.793038 5.514164 -0.049592
v 7.806169 5.562653 -0.038964
v 7.806169 5.514164 -0.038964
v 7.815925 5.562653 -0.026839
v 7.815925 5.514164 -0.026839
v 7.821933 5.562653 -0.013683
v 7.821933 5.514164 -0.013683
v 7.823962 5.562653 -0.000001
v 7.823962 5.514164 -0.000001
v 7.821933 5.562653 0.013681
v 7.821933 5.514164 0.013681
v 7.815925 5.562653 0.026837
v 7.815925 5.514164 0.026837
v 7.806169 5.562653 0.038962
v 7.806169 5.514164 0.038962
v 7.793038 5.562653 0.049590
v 7.793038 5.514164 0.049590
v 7.777039 5.562653 0.058312
v 7.777039 5.514164 0.058312
v 7.758786 5.562653 0.064792
v 7.758786 5.514164 0.064792
v 7.677980 5.848471 -0.064795
v 7.697786 5.848471 -0.068785
v 7.677979 5.514164 0.064792
v 7.677979 5.562653 0.064792
v 7.738980 5.514164 0.068783
v 7.738980 5.562653 0.068783
v 7.718382 5.562653 0.070131
v 7.718382 5.514164 0.070131
v 7.697784 5.514164 0.068783
v 7.697784 5.562653 0.068783
v 7.718382 5.514164 0.070131
v 7.718382 5.562653 0.070131
v 6.923872 2.768966 0.064794
v 6.943678 2.768966 0.068785
v 6.943677 3.036389 0.068785
v 6.923871 3.036389 0.064794
v 6.905619 2.768966 -0.058312
v 6.923872 2.768966 -0.064793
v 6.876489 2.768966 0.038963
v 6.866733 2.768966 0.026839
v 6.964275 2.768966 0.070132
v 7.069855 2.768966 0.000000
v 7.067826 2.768966 0.013682
v 6.964275 2.768966 -0.070132
v 6.984873 2.768966 -0.068784
v 6.858696 2.768966 0.000000
v 6.860724 2.768966 -0.013682
v 7.022932 2.768966 0.058313
v 7.004679 2.768966 0.064794
v 7.022932 2.768966 -0.058312
v 7.038932 2.768966 -0.049591
v 6.876489 2.768966 -0.038963
v 6.889619 2.768966 -0.049591
v 6.905619 2.768966 0.058313
v 6.889619 2.768966 0.049591
v 7.067826 2.768966 -0.013682
v 6.943678 2.768966 -0.068784
v 6.860724 2.768966 0.013682
v 7.052062 2.768966 0.038964
v 7.038932 2.768966 0.049591
v 7.061818 2.768966 0.026839
v 7.004679 2.768966 -0.064793
v 6.866733 2.768966 -0.026838
v 6.984873 2.768966 0.068785
v 6.964275 2.768966 0.070132
v 6.876488 3.036389 0.038963
v 6.889618 3.036389 0.049591
v 6.891443 3.149106 0.049591
v 6.878634 3.149768 0.038963
v 7.038931 3.036389 0.049591
v 7.022931 3.036389 0.058313
v 6.943677 3.036389 -0.068784
v 6.964274 3.036389 -0.070132
v 6.905618 3.036389 0.058313
v 7.004678 3.036389 0.064794
v 6.984872 3.036389 -0.068784
v 6.984872 3.036389 0.068785
v 7.004678 3.036389 -0.064793
v 6.964274 3.036389 0.070132
v 7.022931 3.036389 -0.058312
v 6.866732 3.036389 0.026839
v 7.038931 3.036389 -0.049591
v 6.860723 3.036389 0.013682
v 7.052061 3.036389 -0.038963
v 6.858695 3.036389 0.000000
v 7.061817 3.036389 -0.026838
v 6.860723 3.036389 -0.013682
v 7.067825 3.036389 -0.013682
v 6.866732 3.036389 -0.026838
v 7.069854 3.036389 0.000000
v 6.876488 3.036389 -0.038963
v 7.067825 3.036389 0.013682
v 6.889618 3.036389 -0.049591
v 7.061817 3.036389 0.026839
v 6.905618 3.036389 -0.058312
v 7.052061 3.036389 0.038964
v 6.923871 3.036389 -0.064793
v 6.964274 3.036389 0.070132
v 6.869116 3.150260 -0.026838
v 6.863255 3.150564 -0.013682
v 6.933681 3.190973 -0.013682
v 6.936912 3.189810 -0.026838
v 6.984370 3.144300 0.068785
v 6.964275 3.145339 0.070132
v 7.003692 3.143301 -0.064793
v 7.021499 3.142380 -0.058312
v 6.869116 3.150260 0.026839
v 7.037107 3.141573 -0.049591
v 6.863255 3.150564 0.013682
v 7.049917 3.140911 -0.038963
v 6.861276 3.150666 0.000000
v 7.059435 3.140418 -0.026838
v 7.065296 3.140115 -0.013682
v 7.067276 3.140013 0.000000
v 6.878634 3.149768 -0.038963
v 7.065296 3.140115 0.013682
v 6.891443 3.149106 -0.049591
v 7.059435 3.140418 0.026839
v 6.907052 3.148299 -0.058312
v 7.049917 3.140911 0.038964
v 6.924859 3.147378 -0.064793
v 6.964275 3.145339 0.070132
v 6.944181 3.146379 0.068785
v 7.037107 3.141573 0.049591
v 6.944181 3.146379 -0.068784
v 6.924859 3.147378 0.064794
v 7.021499 3.142380 0.058313
v 6.964275 3.145339 -0.070132
v 6.907052 3.148299 0.058313
v 7.003692 3.143301 0.064794
v 6.984370 3.144300 -0.068784
v 6.957823 3.182281 -0.058312
v 6.949220 3.185379 -0.049591
v 7.151175 3.174378 -0.049591
v 7.150529 3.170707 -0.058312
v 7.045052 3.150877 -0.013682
v 7.046143 3.150484 0.000000
v 6.942159 3.187921 -0.038963
v 7.045052 3.150877 0.013682
v 7.041821 3.152040 0.026839
v 7.036574 3.153929 0.038964
v 6.967639 3.178747 -0.064793
v 6.989367 3.170925 0.070132
v 6.978290 3.174913 0.068785
v 7.029513 3.156471 0.049591
v 6.978290 3.174913 -0.068784
v 6.967639 3.178747 0.064794
v 7.020909 3.159569 0.058313
v 6.989367 3.170925 -0.070132
v 6.957823 3.182281 0.058313
v 7.011094 3.163103 0.064794
v 7.000443 3.166937 -0.068784
v 6.949220 3.185379 0.049591
v 7.000443 3.166937 0.068785
v 7.011094 3.163103 -0.064793
v 6.942159 3.187921 0.038963
v 6.989367 3.170925 0.070132
v 7.020910 3.159569 -0.058312
v 6.936912 3.189810 0.026839
v 7.029513 3.156471 -0.049591
v 6.933681 3.190973 0.013682
v 7.036574 3.153929 -0.038963
v 6.932590 3.191365 0.000000
v 7.041821 3.152040 -0.026838
v 7.148156 3.157248 -0.070132
v 7.148990 3.161974 -0.068784
v 7.271885 3.166384 -0.068784
v 7.282873 3.162383 -0.070132
v 7.144210 3.134867 0.026839
v 7.144605 3.137106 0.038964
v 7.149790 3.166519 -0.064793
v 7.148156 3.157248 0.070132
v 7.148990 3.161974 0.068785
v 7.145136 3.140119 0.049591
v 7.149790 3.166519 0.064794
v 7.145783 3.143790 0.058313
v 7.150529 3.170707 0.058313
v 7.146522 3.147978 0.064794
v 7.147323 3.152522 -0.068784
v 7.151175 3.174378 0.049591
v 7.147323 3.152522 0.068785
v 7.146522 3.147978 -0.064793
v 7.151707 3.177391 0.038963
v 7.148156 3.157248 0.070132
v 7.145783 3.143790 -0.058312
v 7.152102 3.179629 0.026839
v 7.145136 3.140119 -0.049590
v 7.152345 3.181008 0.013682
v 7.144605 3.137106 -0.038963
v 7.152427 3.181473 0.000000
v 7.144210 3.134867 -0.026838
v 7.152345 3.181008 -0.013682
v 7.143968 3.133489 -0.013682
v 7.152102 3.179629 -0.026838
v 7.143886 3.133024 0.000000
v 7.151707 3.177391 -0.038963
v 7.143968 3.133489 0.013682
v 7.314164 3.150990 -0.058312
v 7.304427 3.154536 -0.064793
v 7.500635 3.183526 -0.064793
v 7.514793 3.180881 -0.058312
v 7.261320 3.170231 0.064794
v 7.251582 3.173776 0.058313
v 7.314164 3.150990 0.058313
v 7.304427 3.154536 0.064794
v 7.293861 3.158383 -0.068784
v 7.243047 3.176883 0.049591
v 7.293861 3.158383 0.068785
v 7.236043 3.179434 0.038963
v 7.282873 3.162383 0.070132
v 7.230838 3.181329 0.026839
v 7.322699 3.147883 -0.049590
v 7.227633 3.182496 0.013682
v 7.329703 3.145332 -0.038963
v 7.226551 3.182890 0.000000
v 7.334908 3.143437 -0.026838
v 7.227633 3.182496 -0.013682
v 7.338113 3.142270 -0.013682
v 7.230838 3.181329 -0.026838
v 7.339195 3.141876 0.000000
v 7.236043 3.179434 -0.038963
v 7.338113 3.142270 0.013682
v 7.243047 3.176883 -0.049590
v 7.334908 3.143437 0.026839
v 7.251582 3.173776 -0.058312
v 7.329703 3.145332 0.038964
v 7.261320 3.170231 -0.064793
v 7.282873 3.162383 0.070132
v 7.271885 3.166384 0.068785
v 7.322699 3.147883 0.049591
v 7.544954 3.175244 -0.026838
v 7.537387 3.176658 -0.038963
v 7.683326 3.221869 -0.038963
v 7.686945 3.219788 -0.026838
v 7.401208 3.202106 0.038964
v 7.393641 3.203520 0.026839
v 7.527203 3.178561 -0.049590
v 7.388980 3.204391 0.013682
v 7.387407 3.204685 0.000000
v 7.388980 3.204391 -0.013682
v 7.549614 3.174373 -0.013682
v 7.393641 3.203520 -0.026838
v 7.551188 3.174079 0.000000
v 7.401208 3.202106 -0.038963
v 7.549614 3.174373 0.013682
v 7.411392 3.200203 -0.049590
v 7.544954 3.175244 0.026839
v 7.423801 3.197884 -0.058312
v 7.537387 3.176658 0.038964
v 7.437959 3.195238 -0.064793
v 7.469297 3.189382 0.070132
v 7.453321 3.192368 0.068785
v 7.527203 3.178561 0.049591
v 7.453321 3.192368 -0.068784
v 7.437959 3.195238 0.064794
v 7.514793 3.180881 0.058313
v 7.469297 3.189382 -0.070132
v 7.423801 3.197884 0.058313
v 7.500635 3.183526 0.064794
v 7.485273 3.186397 -0.068784
v 7.411392 3.200203 0.049591
v 7.485273 3.186397 0.068785
v 7.469297 3.189382 0.070132
v 7.689173 3.218507 0.013683
v 7.689925 3.218074 0.000000
v 7.716461 3.244823 0.000000
v 7.716590 3.245288 0.013683
v 7.611615 3.263106 0.000000
v 7.612368 3.262673 -0.013682
v 7.689173 3.218507 -0.013682
v 7.614596 3.261392 -0.026838
v 7.618214 3.259311 -0.038963
v 7.623084 3.256511 -0.049590
v 7.686945 3.219788 0.026839
v 7.629017 3.253099 -0.058312
v 7.683326 3.221869 0.038964
v 7.635786 3.249206 -0.064793
v 7.650770 3.240590 0.070132
v 7.643132 3.244982 0.068785
v 7.678457 3.224669 0.049591
v 7.643132 3.244982 -0.068784
v 7.635786 3.249206 0.064794
v 7.672523 3.228081 0.058313
v 7.650770 3.240590 -0.070132
v 7.629017 3.253099 0.058313
v 7.665754 3.231973 0.064794
v 7.658409 3.236197 -0.068784
v 7.623084 3.256511 0.049591
v 7.658409 3.236197 0.068785
v 7.665754 3.231973 -0.064793
v 7.618214 3.259311 0.038964
v 7.650770 3.240590 0.070132
v 7.672523 3.228081 -0.058312
v 7.614596 3.261392 0.026839
v 7.678457 3.224669 -0.049590
v 7.612368 3.262673 0.013682
v 7.724545 3.273739 0.068785
v 7.723225 3.269018 0.070132
v 7.761988 3.262696 0.070132
v 7.773806 3.266570 0.068785
v 7.728848 3.289136 -0.038963
v 7.728007 3.286127 -0.049590
v 7.716976 3.246665 0.026839
v 7.726983 3.282460 -0.058312
v 7.717601 3.248901 0.038964
v 7.725812 3.278277 -0.064793
v 7.718442 3.251910 0.049591
v 7.724545 3.273739 -0.068784
v 7.725812 3.278277 0.064794
v 7.719467 3.255576 0.058313
v 7.723225 3.269018 -0.070132
v 7.726983 3.282460 0.058313
v 7.720636 3.259759 0.064794
v 7.721906 3.264298 -0.068784
v 7.728007 3.286127 0.049591
v 7.721905 3.264298 0.068785
v 7.720636 3.259759 -0.064793
v 7.728848 3.289136 0.038964
v 7.723225 3.269018 0.070132
v 7.719467 3.255576 -0.058312
v 7.729474 3.291372 0.026839
v 7.718442 3.251910 -0.049590
v 7.729858 3.292748 0.013682
v 7.717601 3.248901 -0.038963
v 7.729988 3.293213 0.000000
v 7.716976 3.246665 -0.026838
v 7.729858 3.292748 -0.013682
v 7.716590 3.245288 -0.013682
v 7.729474 3.291372 -0.026838
v 7.804824 3.276736 0.049591
v 7.795644 3.273727 0.058313
v 7.809552 3.188048 0.044196
v 7.821676 3.188091 0.037585
v 7.711616 3.246186 0.038964
v 7.719150 3.248655 0.049591
v 7.785170 3.270294 -0.064793
v 7.773806 3.266570 -0.068784
v 7.785170 3.270294 0.064794
v 7.728331 3.251664 0.058313
v 7.761988 3.262696 -0.070132
v 7.738804 3.255097 0.064794
v 7.750169 3.258822 -0.068784
v 7.750169 3.258822 0.068785
v 7.738804 3.255097 -0.064793
v 7.812359 3.279206 0.038964
v 7.761988 3.262696 0.070132
v 7.728331 3.251664 -0.058312
v 7.817957 3.281041 0.026839
v 7.719150 3.248655 -0.049590
v 7.821404 3.282171 0.013682
v 7.711616 3.246186 -0.038963
v 7.822568 3.282552 0.000000
v 7.706018 3.244351 -0.026838
v 7.821404 3.282171 -0.013682
v 7.702570 3.243221 -0.013682
v 7.817957 3.281041 -0.026838
v 7.701406 3.242840 0.000000
v 7.812359 3.279206 -0.038963
v 7.702570 3.243221 0.013683
v 7.804824 3.276736 -0.049590
v 7.706018 3.244351 0.026839
v 7.795644 3.273727 -0.058312
v 7.843573 3.188169 0.010370
v 7.839020 3.188153 0.020341
v 7.876857 2.880183 0.025023
v 7.882457 2.880203 0.012757
v 7.734483 3.187780 0.049108
v 7.749492 3.187834 0.052132
v 7.749492 3.187834 -0.052131
v 7.734483 3.187780 -0.049107
v 7.831626 3.188127 0.029531
v 7.765101 3.187889 0.053154
v 7.720650 3.187731 -0.044195
v 7.708526 3.187688 -0.037584
v 7.698575 3.187652 -0.029530
v 7.845110 3.188175 0.000000
v 7.691182 3.187626 -0.020340
v 7.843573 3.188169 -0.010369
v 7.686629 3.187610 -0.010369
v 7.839020 3.188153 -0.020340
v 7.685091 3.187604 0.000001
v 7.831626 3.188127 -0.029530
v 7.686629 3.187610 0.010370
v 7.821676 3.188091 -0.037584
v 7.691182 3.187626 0.020341
v 7.809552 3.188048 -0.044195
v 7.698575 3.187652 0.029531
v 7.795719 3.187999 -0.049107
v 7.765101 3.187889 0.053154
v 7.780709 3.187945 0.052132
v 7.708526 3.187688 0.037585
v 7.780710 3.187945 -0.052131
v 7.795719 3.187999 0.049108
v 7.720650 3.187731 0.044196
v 7.765101 3.187889 -0.053153
v 7.876857 2.880183 -0.025020
v 7.882457 2.880203 -0.012755
v 7.889469 2.411414 -0.012754
v 7.883869 2.411431 -0.025020
v 7.716334 2.879610 -0.046233
v 7.704095 2.879567 -0.036324
v 7.884348 2.880209 0.000001
v 7.695000 2.879534 -0.025020
v 7.689399 2.879514 -0.012755
v 7.687508 2.879508 0.000001
v 7.867762 2.880150 -0.036324
v 7.689399 2.879514 0.012757
v 7.855522 2.880107 -0.046233
v 7.695000 2.879534 0.025023
v 7.840608 2.880053 -0.054364
v 7.704095 2.879567 0.036327
v 7.823592 2.879993 -0.060406
v 7.785928 2.879858 0.065385
v 7.805129 2.879927 0.064129
v 7.716334 2.879610 0.046235
v 7.805129 2.879927 -0.064127
v 7.823592 2.879993 0.060408
v 7.731249 2.879663 0.054366
v 7.785928 2.879858 -0.065383
v 7.840608 2.880053 0.054366
v 7.748265 2.879724 0.060408
v 7.766727 2.879790 -0.064127
v 7.855522 2.880107 0.046235
v 7.766727 2.879790 0.064129
v 7.748265 2.879724 -0.060406
v 7.867762 2.880150 0.036327
v 7.785928 2.879858 0.065385
v 7.731249 2.879663 -0.054364
v 7.847618 2.411540 -0.054363
v 7.862533 2.411495 -0.046232
v 7.869316 2.104915 -0.046231
v 7.854403 2.104848 -0.054363
v 7.696404 2.411998 -0.012754
v 7.694513 2.412003 0.000002
v 7.874774 2.411458 -0.036324
v 7.696404 2.411998 0.012758
v 7.702005 2.411981 0.025023
v 7.711100 2.411953 0.036327
v 7.830601 2.411592 -0.060405
v 7.792937 2.411706 0.065386
v 7.812138 2.411648 0.064130
v 7.723340 2.411916 0.046236
v 7.812138 2.411648 -0.064126
v 7.830601 2.411592 0.060409
v 7.738256 2.411871 0.054367
v 7.792937 2.411705 -0.065382
v 7.847618 2.411540 0.054367
v 7.755272 2.411819 0.060409
v 7.773735 2.411763 -0.064126
v 7.862533 2.411495 0.046236
v 7.773735 2.411763 0.064130
v 7.755272 2.411819 -0.060405
v 7.874773 2.411458 0.036327
v 7.792937 2.411706 0.065386
v 7.738256 2.411871 -0.054363
v 7.883869 2.411431 0.025023
v 7.723340 2.411916 -0.046232
v 7.889469 2.411414 0.012758
v 7.711100 2.411953 -0.036324
v 7.891360 2.411408 0.000002
v 7.702005 2.411981 -0.025020
v 7.898141 2.105042 0.000002
v 7.896250 2.105034 0.012758
v 7.877692 0.656475 0.012759
v 7.879583 0.656484 0.000003
v 7.708805 2.104203 0.025024
v 7.717899 2.104243 0.036328
v 7.837389 2.104773 -0.060405
v 7.799727 2.104606 0.065387
v 7.818927 2.104691 0.064130
v 7.730138 2.104298 0.046236
v 7.818927 2.104691 -0.064126
v 7.837389 2.104773 0.060410
v 7.745052 2.104364 0.054367
v 7.799727 2.104606 -0.065382
v 7.854403 2.104848 0.054367
v 7.762066 2.104439 0.060410
v 7.780528 2.104521 -0.064126
v 7.869316 2.104915 0.046236
v 7.780528 2.104521 0.064130
v 7.762066 2.104439 -0.060405
v 7.881556 2.104969 0.036328
v 7.799727 2.104606 0.065387
v 7.745051 2.104364 -0.054363
v 7.890650 2.105009 0.025024
v 7.730138 2.104298 -0.046231
v 7.717899 2.104243 -0.036323
v 7.708805 2.104203 -0.025019
v 7.896250 2.105034 -0.012753
v 7.703204 2.104178 -0.012753
v 7.890650 2.105009 -0.025019
v 7.701313 2.104170 0.000002
v 7.881556 2.104969 -0.036323
v 7.703204 2.104178 0.012758
v 7.043261 0.649345 -0.026837
v 7.049269 0.649345 -0.013681
v 7.104140 -0.003351 -0.013679
v 7.098132 -0.003351 -0.026835
v 7.761970 0.655962 -0.064124
v 7.781170 0.656047 -0.065381
v 7.836041 0.003351 -0.065379
v 7.816842 0.003266 -0.064122
v 6.945718 0.649345 0.070133
v 6.966315 0.649345 0.068786
v 7.877692 0.656475 -0.012752
v 6.857932 0.649345 -0.038962
v 6.848175 0.649345 -0.026837
v 7.872093 0.656451 -0.025018
v 6.925120 0.649345 0.068786
v 6.945718 0.649345 0.070133
v 6.848175 0.649345 0.026840
v 6.857932 0.649345 0.038965
v 7.862998 0.656410 -0.036322
v 7.033504 0.649345 0.038965
v 7.043261 0.649345 0.026840
v 7.850759 0.656356 -0.046230
v 7.033504 0.649345 -0.038962
v 7.835845 0.656290 -0.054362
v 6.966315 0.649345 -0.068783
v 7.818831 0.656214 -0.060404
v 6.871062 0.649345 -0.049589
v 7.800369 0.656132 -0.064124
v 6.842167 0.649345 0.013683
v 7.020374 0.649345 0.049592
v 6.905314 0.649345 0.064795
v 7.743509 0.655880 -0.060404
v 6.986121 0.649345 -0.064792
v 7.726494 0.655805 -0.054362
v 6.887061 0.649345 -0.058311
v 7.711580 0.655739 -0.046230
v 7.004375 0.649345 0.058314
v 6.840138 0.649345 0.000001
v 7.699342 0.655684 -0.036322
v 7.690247 0.655644 -0.025018
v 6.887061 0.649345 0.058314
v 7.051297 0.649345 0.000001
v 7.684647 0.655619 -0.012752
v 7.004375 0.649345 -0.058311
v 7.682755 0.655611 0.000004
v 6.905314 0.649345 -0.064792
v 7.684647 0.655619 0.012759
v 6.986121 0.649345 0.064795
v 6.842167 0.649345 -0.013681
v 7.690247 0.655644 0.025025
v 7.699341 0.655684 0.036329
v 6.871062 0.649345 0.049592
v 7.781170 0.656047 0.065388
v 7.800369 0.656132 0.064131
v 7.049269 0.649345 0.013683
v 7.711580 0.655739 0.046237
v 7.818831 0.656214 0.060411
v 7.020374 0.649345 -0.049589
v 7.726494 0.655805 0.054369
v 7.835845 0.656290 0.054368
v 7.743509 0.655880 0.060411
v 7.850759 0.656356 0.046237
v 7.761970 0.655962 0.064131
v 7.862998 0.656410 0.036329
v 7.781170 0.656047 0.065388
v 7.872093 0.656451 0.025025
v 5.433015 -0.003351 0.013686
v 5.430986 -0.003351 0.000003
v 6.290190 0.002988 0.036331
v 6.281096 0.002948 0.025027
v 7.798380 0.003184 -0.060402
v 7.106169 -0.003351 0.000004
v 7.781365 0.003109 -0.054359
v 7.104140 -0.003351 0.013686
v 7.766452 0.003043 -0.046228
v 7.098132 -0.003351 0.026842
v 7.754213 0.002988 -0.036320
v 7.088376 -0.003351 0.038967
v 6.979992 -0.003351 0.068788
v 7.000589 -0.003351 0.070135
v 7.745119 0.002948 -0.025016
v 7.075245 -0.003351 0.049594
v 6.960186 -0.003351 0.064797
v 7.739518 0.002924 -0.012750
v 7.059246 -0.003351 0.058316
v 6.941932 -0.003351 0.058316
v 7.737627 0.002915 0.000006
v 7.040993 -0.003351 0.064797
v 6.925933 -0.003351 0.049594
v 7.739518 0.002924 0.012762
v 7.021187 -0.003351 0.068788
v 6.912803 -0.003351 0.038967
v 7.745119 0.002948 0.025027
v 7.000589 -0.003351 0.070135
v 6.903047 -0.003351 0.026842
v 7.754213 0.002988 0.036331
v 7.836041 0.003351 0.065390
v 7.855240 0.003436 0.064134
v 6.897038 -0.003351 0.013686
v 7.766452 0.003043 0.046239
v 7.873703 0.003518 0.060413
v 6.895010 -0.003351 0.000003
v 7.781366 0.003109 0.054371
v 7.890717 0.003594 0.054371
v 6.897038 -0.003351 -0.013679
v 7.798380 0.003184 0.060413
v 7.905630 0.003660 0.046239
v 6.903047 -0.003351 -0.026835
v 7.816842 0.003266 0.064134
v 7.917870 0.003714 0.036331
v 6.912803 -0.003351 -0.038960
v 7.836041 0.003351 0.065390
v 7.926964 0.003754 0.025027
v 6.925933 -0.003351 -0.049587
v 7.932564 0.003779 0.012761
v 6.941932 -0.003351 -0.058309
v 7.934455 0.003788 0.000006
v 6.960186 -0.003351 -0.064790
v 7.932564 0.003779 -0.012750
v 6.979992 -0.003351 -0.068781
v 7.926964 0.003754 -0.025016
v 7.000589 -0.003351 -0.070129
v 7.917870 0.003714 -0.036320
v 7.021187 -0.003351 -0.068781
v 7.905630 0.003660 -0.046228
v 7.040993 -0.003351 -0.064790
v 7.890717 0.003594 -0.054359
v 7.059246 -0.003351 -0.058309
v 7.873703 0.003518 -0.060402
v 7.075245 -0.003351 -0.049587
v 7.855241 0.003436 -0.064122
v 7.088376 -0.003351 -0.038960
v 5.540656 2.097903 0.064794
v 5.558909 2.097903 0.058313
v 5.574908 2.097903 0.049591
v 5.588038 2.097903 0.038964
v 5.597795 2.097903 0.026839
v 5.603803 2.097903 0.013682
v 5.605832 2.097903 0.000000
v 5.603803 2.097903 -0.013682
v 5.597795 2.097903 -0.026838
v 5.588038 2.097903 -0.038963
v 5.574908 2.097903 -0.049591
v 5.558909 2.097903 -0.058312
v 5.540656 2.097903 -0.064793
v 5.520850 2.097903 -0.068784
v 5.459848 2.097903 -0.064793
v 5.441595 2.097903 -0.058312
v 5.425596 2.097903 -0.049591
v 5.412466 2.097903 -0.038963
v 5.402709 2.097903 -0.026838
v 5.396701 2.097903 -0.013682
v 5.394672 2.097903 0.000000
v 5.396701 2.097903 0.013682
v 5.402709 2.097903 0.026839
v 5.412466 2.097903 0.038963
v 5.425596 2.097903 0.049591
v 5.441595 2.097903 0.058313
v 5.459848 2.097903 0.064794
v 5.479654 2.097903 0.068785
v 5.500252 2.097903 0.070132
v 5.412465 3.036389 0.038963
v 5.425595 3.036389 0.049591
v 5.427420 3.149106 0.049591
v 5.414611 3.149768 0.038963
v 5.574907 3.036389 0.049591
v 5.558908 3.036389 0.058313
v 5.479653 3.036389 -0.068784
v 5.500251 3.036389 -0.070132
v 5.441594 3.036389 0.058313
v 5.540655 3.036389 0.064794
v 5.520849 3.036389 -0.068784
v 5.520849 3.036389 0.068785
v 5.540655 3.036389 -0.064793
v 5.500251 3.036389 0.070132
v 5.558908 3.036389 -0.058312
v 5.402708 3.036389 0.026839
v 5.574907 3.036389 -0.049591
v 5.396700 3.036389 0.013682
v 5.588037 3.036389 -0.038963
v 5.394671 3.036389 0.000000
v 5.597794 3.036389 -0.026838
v 5.396700 3.036389 -0.013682
v 5.603802 3.036389 -0.013682
v 5.402708 3.036389 -0.026838
v 5.605831 3.036389 0.000000
v 5.412465 3.036389 -0.038963
v 5.603802 3.036389 0.013682
v 5.425595 3.036389 -0.049591
v 5.597794 3.036389 0.026839
v 5.441594 3.036389 -0.058312
v 5.588037 3.036389 0.038964
v 5.459847 3.036389 -0.064793
v 5.500251 3.036389 0.070132
v 5.405092 3.150260 -0.026838
v 5.399231 3.150564 -0.013682
v 5.469658 3.190973 -0.013682
v 5.472888 3.189810 -0.026838
v 5.520347 3.144300 0.068785
v 5.500252 3.145339 0.070132
v 5.539668 3.143301 -0.064793
v 5.557476 3.142380 -0.058312
v 5.405092 3.150260 0.026839
v 5.573084 3.141573 -0.049591
v 5.399231 3.150564 0.013682
v 5.585894 3.140911 -0.038963
v 5.397252 3.150666 0.000000
v 5.595411 3.140418 -0.026838
v 5.601273 3.140115 -0.013682
v 5.603252 3.140013 0.000000
v 5.414611 3.149768 -0.038963
v 5.601273 3.140115 0.013682
v 5.427420 3.149106 -0.049591
v 5.595411 3.140418 0.026839
v 5.443028 3.148299 -0.058312
v 5.585894 3.140911 0.038964
v 5.460835 3.147378 -0.064793
v 5.500252 3.145339 0.070132
v 5.480158 3.146379 0.068785
v 5.573084 3.141573 0.049591
v 5.480158 3.146379 -0.068784
v 5.460835 3.147378 0.064794
v 5.557476 3.142380 0.058313
v 5.500252 3.145339 -0.070132
v 5.443028 3.148299 0.058313
v 5.539668 3.143301 0.064794
v 5.520347 3.144300 -0.068784
v 5.493800 3.182281 -0.058312
v 5.485196 3.185379 -0.049591
v 5.687152 3.174378 -0.049591
v 5.686505 3.170707 -0.058312
v 5.581028 3.150877 -0.013682
v 5.582119 3.150484 0.000000
v 5.478135 3.187921 -0.038963
v 5.581028 3.150877 0.013682
v 5.577797 3.152040 0.026839
v 5.572551 3.153929 0.038964
v 5.503615 3.178747 -0.064793
v 5.525343 3.170925 0.070132
v 5.514266 3.174913 0.068785
v 5.565490 3.156471 0.049591
v 5.514266 3.174913 -0.068784
v 5.503615 3.178747 0.064794
v 5.556886 3.159569 0.058313
v 5.525343 3.170925 -0.070132
v 5.493800 3.182281 0.058313
v 5.547071 3.163103 0.064794
v 5.536420 3.166937 -0.068784
v 5.485196 3.185379 0.049591
v 5.536420 3.166937 0.068785
v 5.547071 3.163103 -0.064793
v 5.478135 3.187921 0.038963
v 5.525343 3.170925 0.070132
v 5.556886 3.159569 -0.058312
v 5.472888 3.189810 0.026839
v 5.565490 3.156471 -0.049591
v 5.469658 3.190973 0.013682
v 5.572551 3.153929 -0.038963
v 5.468567 3.191365 0.000000
v 5.577797 3.152040 -0.026838
v 5.684133 3.157248 -0.070132
v 5.684966 3.161974 -0.068784
v 5.807862 3.166384 -0.068784
v 5.818850 3.162383 -0.070132
v 5.680187 3.134867 0.026839
v 5.680582 3.137106 0.038964
v 5.685767 3.166519 -0.064793
v 5.684133 3.157248 0.070132
v 5.684966 3.161974 0.068785
v 5.681113 3.140119 0.049591
v 5.685767 3.166519 0.064794
v 5.681760 3.143790 0.058313
v 5.686505 3.170707 0.058313
v 5.682498 3.147978 0.064794
v 5.683300 3.152522 -0.068784
v 5.687152 3.174378 0.049591
v 5.683300 3.152522 0.068785
v 5.682498 3.147978 -0.064793
v 5.687684 3.177391 0.038963
v 5.684133 3.157248 0.070132
v 5.681760 3.143790 -0.058312
v 5.688078 3.179629 0.026839
v 5.681113 3.140119 -0.049590
v 5.688321 3.181008 0.013682
v 5.680582 3.137106 -0.038963
v 5.688403 3.181473 0.000000
v 5.680187 3.134867 -0.026838
v 5.688321 3.181008 -0.013682
v 5.679944 3.133489 -0.013682
v 5.688078 3.179629 -0.026838
v 5.679862 3.133024 0.000000
v 5.687684 3.177391 -0.038963
v 5.679944 3.133489 0.013682
v 5.850141 3.150990 -0.058312
v 5.840403 3.154536 -0.064793
v 6.036612 3.183526 -0.064793
v 6.050770 3.180881 -0.058312
v 5.797296 3.170231 0.064794
v 5.787559 3.173776 0.058313
v 5.850141 3.150990 0.058313
v 5.840403 3.154536 0.064794
v 5.829838 3.158383 -0.068784
v 5.779024 3.176883 0.049591
v 5.829838 3.158383 0.068785
v 5.772019 3.179434 0.038963
v 5.818850 3.162383 0.070132
v 5.766815 3.181329 0.026839
v 5.858675 3.147883 -0.049590
v 5.763610 3.182496 0.013682
v 5.865680 3.145332 -0.038963
v 5.762527 3.182890 0.000000
v 5.870885 3.143437 -0.026838
v 5.763610 3.182496 -0.013682
v 5.874089 3.142270 -0.013682
v 5.766815 3.181329 -0.026838
v 5.875172 3.141876 0.000000
v 5.772019 3.179434 -0.038963
v 5.874089 3.142270 0.013682
v 5.779024 3.176883 -0.049590
v 5.870885 3.143437 0.026839
v 5.787559 3.173776 -0.058312
v 5.865680 3.145332 0.038964
v 5.797296 3.170231 -0.064793
v 5.818850 3.162383 0.070132
v 5.807862 3.166384 0.068785
v 5.858675 3.147883 0.049591
v 6.080931 3.175244 -0.026838
v 6.073363 3.176658 -0.038963
v 6.219303 3.221869 -0.038963
v 6.222921 3.219788 -0.026838
v 5.937184 3.202106 0.038964
v 5.929617 3.203520 0.026839
v 6.063179 3.178561 -0.049590
v 5.924957 3.204391 0.013682
v 5.923384 3.204685 0.000000
v 5.924957 3.204391 -0.013682
v 6.085591 3.174373 -0.013682
v 5.929617 3.203520 -0.026838
v 6.087164 3.174079 0.000000
v 5.937184 3.202106 -0.038963
v 6.085591 3.174373 0.013682
v 5.947369 3.200203 -0.049590
v 6.080931 3.175244 0.026839
v 5.959778 3.197884 -0.058312
v 6.073363 3.176658 0.038964
v 5.973936 3.195238 -0.064793
v 6.005274 3.189382 0.070132
v 5.989298 3.192368 0.068785
v 6.063179 3.178561 0.049591
v 5.989298 3.192368 -0.068784
v 5.973936 3.195238 0.064794
v 6.050770 3.180881 0.058313
v 6.005274 3.189382 -0.070132
v 5.959778 3.197884 0.058313
v 6.036612 3.183526 0.064794
v 6.021250 3.186397 -0.068784
v 5.947369 3.200203 0.049591
v 6.021250 3.186397 0.068785
v 6.005274 3.189382 0.070132
v 6.225149 3.218507 0.013683
v 6.225902 3.218074 0.000000
v 6.252437 3.244823 0.000000
v 6.252567 3.245288 0.013683
v 6.147592 3.263106 0.000000
v 6.148344 3.262673 -0.013682
v 6.225149 3.218507 -0.013682
v 6.150573 3.261392 -0.026838
v 6.154191 3.259311 -0.038963
v 6.159060 3.256511 -0.049590
v 6.222921 3.219788 0.026839
v 6.164994 3.253099 -0.058312
v 6.219303 3.221869 0.038964
v 6.171763 3.249206 -0.064793
v 6.186747 3.240590 0.070132
v 6.179109 3.244982 0.068785
v 6.214434 3.224669 0.049591
v 6.179109 3.244982 -0.068784
v 6.171763 3.249206 0.064794
v 6.208500 3.228081 0.058313
v 6.186747 3.240590 -0.070132
v 6.164994 3.253099 0.058313
v 6.201731 3.231973 0.064794
v 6.194386 3.236197 -0.068784
v 6.159060 3.256511 0.049591
v 6.194386 3.236197 0.068785
v 6.201731 3.231973 -0.064793
v 6.154191 3.259311 0.038964
v 6.186747 3.240590 0.070132
v 6.208500 3.228081 -0.058312
v 6.150573 3.261392 0.026839
v 6.214434 3.224669 -0.049590
v 6.148344 3.262673 0.013682
v 6.260521 3.273739 0.068785
v 6.259201 3.269018 0.070132
v 6.297964 3.262696 0.070132
v 6.309783 3.266570 0.068785
v 6.264825 3.289136 -0.038963
v 6.263984 3.286127 -0.049590
v 6.252953 3.246665 0.026839
v 6.262959 3.282460 -0.058312
v 6.253577 3.248901 0.038964
v 6.261789 3.278277 -0.064793
v 6.254418 3.251910 0.049591
v 6.260521 3.273739 -0.068784
v 6.261789 3.278277 0.064794
v 6.255444 3.255576 0.058313
v 6.259201 3.269018 -0.070132
v 6.262959 3.282460 0.058313
v 6.256613 3.259759 0.064794
v 6.257882 3.264298 -0.068784
v 6.263984 3.286127 0.049591
v 6.257882 3.264298 0.068785
v 6.256613 3.259759 -0.064793
v 6.264825 3.289136 0.038964
v 6.259201 3.269018 0.070132
v 6.255444 3.255576 -0.058312
v 6.265450 3.291372 0.026839
v 6.254418 3.251910 -0.049590
v 6.265835 3.292748 0.013682
v 6.253577 3.248901 -0.038963
v 6.265965 3.293213 0.000000
v 6.252953 3.246665 -0.026838
v 6.265835 3.292748 -0.013682
v 6.252567 3.245288 -0.013682
v 6.265450 3.291372 -0.026838
v 6.340801 3.276736 0.049591
v 6.331621 3.273727 0.058313
v 6.345529 3.188048 0.044196
v 6.357653 3.188091 0.037585
v 6.247593 3.246186 0.038964
v 6.255127 3.248655 0.049591
v 6.321147 3.270294 -0.064793
v 6.309783 3.266570 -0.068784
v 6.321147 3.270294 0.064794
v 6.264307 3.251664 0.058313
v 6.297964 3.262696 -0.070132
v 6.274781 3.255097 0.064794
v 6.286146 3.258822 -0.068784
v 6.286145 3.258822 0.068785
v 6.274781 3.255097 -0.064793
v 6.348335 3.279206 0.038964
v 6.297964 3.262696 0.070132
v 6.264307 3.251664 -0.058312
v 6.353934 3.281041 0.026839
v 6.255127 3.248655 -0.049590
v 6.357380 3.282171 0.013682
v 6.247593 3.246186 -0.038963
v 6.358544 3.282552 0.000000
v 6.241994 3.244351 -0.026838
v 6.357380 3.282171 -0.013682
v 6.238547 3.243221 -0.013682
v 6.353934 3.281041 -0.026838
v 6.237383 3.242840 0.000000
v 6.348335 3.279206 -0.038963
v 6.238547 3.243221 0.013683
v 6.340801 3.276736 -0.049590
v 6.241994 3.244351 0.026839
v 6.331621 3.273727 -0.058312
v 6.379549 3.188169 0.010370
v 6.374997 3.188153 0.020341
v 6.412834 2.880183 0.025023
v 6.418434 2.880203 0.012757
v 6.270459 3.187780 0.049108
v 6.285468 3.187834 0.052132
v 6.285469 3.187834 -0.052131
v 6.270460 3.187780 -0.049107
v 6.367603 3.188127 0.029531
v 6.301078 3.187889 0.053154
v 6.256627 3.187731 -0.044195
v 6.244502 3.187688 -0.037584
v 6.234552 3.187652 -0.029530
v 6.381086 3.188175 0.000000
v 6.227159 3.187626 -0.020340
v 6.379549 3.188169 -0.010369
v 6.222606 3.187610 -0.010369
v 6.374997 3.188153 -0.020340
v 6.221068 3.187604 0.000001
v 6.367603 3.188127 -0.029530
v 6.222606 3.187610 0.010370
v 6.357653 3.188091 -0.037584
v 6.227159 3.187626 0.020341
v 6.345529 3.188048 -0.044195
v 6.234552 3.187652 0.029531
v 6.331696 3.187999 -0.049107
v 6.301078 3.187889 0.053154
v 6.316686 3.187945 0.052132
v 6.244502 3.187688 0.037585
v 6.316687 3.187945 -0.052131
v 6.331696 3.187999 0.049108
v 6.256627 3.187731 0.044196
v 6.301078 3.187889 -0.053153
v 6.412834 2.880183 -0.025020
v 6.418434 2.880203 -0.012755
v 6.425446 2.411414 -0.012754
v 6.419846 2.411431 -0.025020
v 6.252311 2.879610 -0.046233
v 6.240071 2.879567 -0.036324
v 6.420325 2.880209 0.000001
v 6.230976 2.879534 -0.025020
v 6.225375 2.879514 -0.012755
v 6.223484 2.879508 0.000001
v 6.403739 2.880150 -0.036324
v 6.225375 2.879514 0.012757
v 6.391499 2.880107 -0.046233
v 6.230976 2.879534 0.025023
v 6.376584 2.880053 -0.054364
v 6.240071 2.879567 0.036327
v 6.359568 2.879993 -0.060406
v 6.321905 2.879858 0.065385
v 6.341105 2.879927 0.064129
v 6.252311 2.879610 0.046235
v 6.341105 2.879927 -0.064127
v 6.359568 2.879993 0.060408
v 6.267225 2.879663 0.054366
v 6.321905 2.879858 -0.065383
v 6.376584 2.880053 0.054366
v 6.284242 2.879724 0.060408
v 6.302704 2.879790 -0.064127
v 6.391499 2.880107 0.046235
v 6.302704 2.879790 0.064129
v 6.284242 2.879724 -0.060406
v 6.403739 2.880150 0.036327
v 6.321905 2.879858 0.065385
v 6.267225 2.879663 -0.054364
v 6.383595 2.411540 -0.054363
v 6.398509 2.411495 -0.046232
v 6.405293 2.104915 -0.046231
v 6.390380 2.104848 -0.054363
v 6.232380 2.411998 -0.012754
v 6.230490 2.412003 0.000002
v 6.410750 2.411458 -0.036324
v 6.232380 2.411998 0.012758
v 6.237982 2.411981 0.025023
v 6.247077 2.411953 0.036327
v 6.366578 2.411592 -0.060405
v 6.328914 2.411706 0.065386
v 6.348114 2.411648 0.064130
v 6.259317 2.411916 0.046236
v 6.348114 2.411648 -0.064126
v 6.366578 2.411592 0.060409
v 6.274232 2.411871 0.054367
v 6.328914 2.411705 -0.065382
v 6.383595 2.411540 0.054367
v 6.291248 2.411819 0.060409
v 6.309711 2.411763 -0.064126
v 6.398509 2.411495 0.046236
v 6.309711 2.411763 0.064130
v 6.291248 2.411819 -0.060405
v 6.410750 2.411458 0.036327
v 6.328914 2.411706 0.065386
v 6.274232 2.411871 -0.054363
v 6.419846 2.411431 0.025023
v 6.259317 2.411916 -0.046232
v 6.425446 2.411414 0.012758
v 6.247077 2.411953 -0.036324
v 6.427337 2.411408 0.000002
v 6.237982 2.411981 -0.025020
v 6.434118 2.105042 0.000002
v 6.432227 2.105034 0.012758
v 6.413669 0.656475 0.012759
v 6.415560 0.656484 0.000003
v 6.244781 2.104203 0.025024
v 6.253876 2.104243 0.036328
v 6.373365 2.104773 -0.060405
v 6.335704 2.104606 0.065387
v 6.354903 2.104691 0.064130
v 6.266114 2.104298 0.046236
v 6.354903 2.104691 -0.064126
v 6.373365 2.104773 0.060410
v 6.281029 2.104364 0.054367
v 6.335704 2.104606 -0.065382
v 6.390380 2.104848 0.054367
v 6.298043 2.104439 0.060410
v 6.316504 2.104521 -0.064126
v 6.405293 2.104915 0.046236
v 6.316504 2.104521 0.064130
v 6.298043 2.104439 -0.060405
v 6.417532 2.104969 0.036328
v 6.335704 2.104606 0.065387
v 6.281028 2.104364 -0.054363
v 6.426627 2.105009 0.025024
v 6.266115 2.104298 -0.046231
v 6.253876 2.104243 -0.036323
v 6.244781 2.104203 -0.025019
v 6.432227 2.105034 -0.012753
v 6.239181 2.104178 -0.012753
v 6.426627 2.105009 -0.025019
v 6.237290 2.104170 0.000002
v 6.417533 2.104969 -0.036323
v 6.239181 2.104178 0.012758
v 5.579237 0.649345 -0.026837
v 5.585245 0.649345 -0.013681
v 5.640117 -0.003351 -0.013679
v 5.634109 -0.003351 -0.026835
v 6.297947 0.655962 -0.064124
v 6.317146 0.656047 -0.065381
v 6.372018 0.003351 -0.065379
v 6.352818 0.003266 -0.064122
v 5.481694 0.649345 0.070133
v 5.502292 0.649345 0.068786
v 6.413669 0.656475 -0.012752
v 5.393908 0.649345 -0.038962
v 5.384151 0.649345 -0.026837
v 6.408070 0.656451 -0.025018
v 5.461097 0.649345 0.068786
v 5.481694 0.649345 0.070133
v 5.384151 0.649345 0.026840
v 5.393908 0.649345 0.038965
v 6.398975 0.656410 -0.036322
v 5.569481 0.649345 0.038965
v 5.579237 0.649345 0.026840
v 6.386735 0.656356 -0.046230
v 5.569481 0.649345 -0.038962
v 6.371822 0.656290 -0.054362
v 5.502292 0.649345 -0.068783
v 6.354807 0.656214 -0.060404
v 5.407039 0.649345 -0.049589
v 6.336346 0.656132 -0.064124
v 5.378143 0.649345 0.013683
v 5.556351 0.649345 0.049592
v 5.441291 0.649345 0.064795
v 6.279486 0.655880 -0.060404
v 5.522098 0.649345 -0.064792
v 6.262470 0.655805 -0.054362
v 5.423038 0.649345 -0.058311
v 6.247557 0.655739 -0.046230
v 5.540351 0.649345 0.058314
v 5.376115 0.649345 0.000001
v 6.235318 0.655684 -0.036322
v 6.226224 0.655644 -0.025018
v 5.423038 0.649345 0.058314
v 5.587274 0.649345 0.000001
v 6.220623 0.655619 -0.012752
v 5.540351 0.649345 -0.058311
v 6.218732 0.655611 0.000004
v 5.441291 0.649345 -0.064792
v 6.220623 0.655619 0.012759
v 5.522098 0.649345 0.064795
v 5.378143 0.649345 -0.013681
v 6.226224 0.655644 0.025025
v 6.235318 0.655684 0.036329
v 5.407039 0.649345 0.049592
v 6.317146 0.656047 0.065388
v 6.336346 0.656132 0.064131
v 5.585245 0.649345 0.013683
v 6.247557 0.655739 0.046237
v 6.354807 0.656214 0.060411
v 5.556351 0.649345 -0.049589
v 6.262471 0.655805 0.054369
v 6.371822 0.656290 0.054368
v 6.279485 0.655880 0.060411
v 6.386735 0.656356 0.046237
v 6.297947 0.655962 0.064131
v 6.398975 0.656410 0.036329
v 6.317146 0.656047 0.065388
v 6.408070 0.656451 0.025025
v 5.439023 -0.003351 0.026842
v 6.334357 0.003184 -0.060402
v 5.642146 -0.003351 0.000004
v 6.317342 0.003109 -0.054359
v 5.640117 -0.003351 0.013686
v 6.302428 0.003043 -0.046228
v 5.634109 -0.003351 0.026842
v 6.290190 0.002988 -0.036320
v 5.624352 -0.003351 0.038967
v 5.515968 -0.003351 0.068788
v 5.536566 -0.003351 0.070135
v 6.281096 0.002948 -0.025016
v 5.611222 -0.003351 0.049594
v 5.496162 -0.003351 0.064797
v 6.275495 0.002924 -0.012750
v 5.595222 -0.003351 0.058316
v 5.477909 -0.003351 0.058316
v 6.273604 0.002915 0.000006
v 5.576970 -0.003351 0.064797
v 5.461910 -0.003351 0.049594
v 6.275495 0.002924 0.012762
v 5.557163 -0.003351 0.068788
v 5.448780 -0.003351 0.038967
v 5.536566 -0.003351 0.070135
v 6.372018 0.003351 0.065390
v 6.391217 0.003436 0.064134
v 6.302428 0.003043 0.046239
v 6.409679 0.003518 0.060413
v 6.317342 0.003109 0.054371
v 6.426694 0.003594 0.054371
v 5.433015 -0.003351 -0.013679
v 6.334357 0.003184 0.060413
v 6.441607 0.003660 0.046239
v 5.439023 -0.003351 -0.026835
v 6.352818 0.003266 0.064134
v 6.453846 0.003714 0.036331
v 5.448780 -0.003351 -0.038960
v 6.372018 0.003351 0.065390
v 6.462941 0.003754 0.025027
v 5.461910 -0.003351 -0.049587
v 6.468540 0.003779 0.012761
v 5.477909 -0.003351 -0.058309
v 6.470431 0.003788 0.000006
v 5.496162 -0.003351 -0.064790
v 6.468540 0.003779 -0.012750
v 5.515968 -0.003351 -0.068781
v 6.462941 0.003754 -0.025016
v 5.536566 -0.003351 -0.070129
v 6.453846 0.003714 -0.036320
v 5.557163 -0.003351 -0.068781
v 6.441607 0.003660 -0.046228
v 5.576970 -0.003351 -0.064790
v 6.426694 0.003594 -0.054359
v 5.595222 -0.003351 -0.058309
v 6.409679 0.003518 -0.060402
v 5.611222 -0.003351 -0.049587
v 6.391217 0.003436 -0.064122
v 5.624352 -0.003351 -0.038960
v 6.343395 3.540815 0.026838
v 6.333702 3.541068 0.038963
v 6.292971 3.466261 0.038963
v 6.301950 3.465385 0.026838
v 6.188198 3.544872 -0.058313
v 6.172301 3.545287 -0.049591
v 6.143592 3.546037 -0.013682
v 6.141576 3.546090 -0.000000
v 6.226013 3.543883 -0.068785
v 6.206334 3.544398 -0.064794
v 6.349365 3.540659 -0.013682
v 6.343395 3.540815 -0.026839
v 6.246479 3.543348 0.070132
v 6.266944 3.542813 0.068784
v 6.266944 3.542813 -0.068785
v 6.246479 3.543348 -0.070132
v 6.206334 3.544398 0.064793
v 6.226013 3.543883 0.068784
v 6.320656 3.541409 0.049590
v 6.159255 3.545628 -0.038964
v 6.149561 3.545882 -0.026839
v 6.304759 3.541825 -0.058313
v 6.286623 3.542299 -0.064794
v 6.172301 3.545287 0.049590
v 6.188198 3.544872 0.058312
v 6.351381 3.540606 -0.000000
v 6.333702 3.541068 -0.038964
v 6.320656 3.541409 -0.049591
v 6.159255 3.545628 0.038963
v 6.304759 3.541825 0.058312
v 6.349365 3.540659 0.013682
v 6.286623 3.542299 0.064793
v 6.246479 3.543348 0.070132
v 6.116873 3.483444 -0.013682
v 6.122402 3.482904 -0.026839
v 6.031693 3.446251 -0.026839
v 6.027189 3.447165 -0.013682
v 6.193219 3.475994 -0.068785
v 6.174991 3.477773 -0.064794
v 6.131382 3.482028 -0.038964
v 6.280886 3.467440 0.049590
v 6.143466 3.480849 0.049590
v 6.158191 3.479412 0.058312
v 6.292971 3.466261 -0.038964
v 6.280886 3.467440 -0.049591
v 6.266161 3.468877 0.058312
v 6.158191 3.479412 -0.058313
v 6.249362 3.470516 0.064793
v 6.174991 3.477773 0.064793
v 6.266161 3.468877 -0.058313
v 6.231133 3.472295 0.068784
v 6.143466 3.480849 -0.049591
v 6.115005 3.483626 -0.000000
v 6.212176 3.474145 0.070132
v 6.193219 3.475994 0.068784
v 6.249362 3.470516 -0.064794
v 6.116873 3.483444 0.013682
v 6.212176 3.474145 0.070132
v 6.231133 3.472295 -0.068785
v 6.301950 3.465385 -0.026839
v 6.122402 3.482904 0.026838
v 6.307480 3.464845 -0.013682
v 6.212176 3.474145 -0.070132
v 6.309347 3.464663 -0.000000
v 6.131382 3.482028 0.038963
v 6.307480 3.464845 0.013682
v 6.135131 3.425293 -0.064794
v 6.148818 3.422520 -0.058313
v 5.971892 3.394139 -0.058313
v 5.963089 3.397811 -0.064794
v 6.135131 3.425293 0.064793
v 6.148818 3.422520 0.058312
v 6.060852 3.440343 0.058312
v 6.074539 3.437570 0.064793
v 6.160815 3.420089 -0.049591
v 6.120280 3.428302 0.068784
v 6.060852 3.440343 -0.058313
v 6.048855 3.442774 -0.049591
v 6.025667 3.447473 -0.000000
v 6.104836 3.431432 0.070132
v 6.089390 3.434561 0.068784
v 6.039010 3.444769 -0.038964
v 6.027189 3.447165 0.013682
v 6.104836 3.431432 0.070132
v 6.120280 3.428302 -0.068785
v 6.177977 3.416612 -0.026839
v 6.170660 3.418094 -0.038964
v 6.031693 3.446251 0.026838
v 6.182481 3.415699 -0.013682
v 6.104836 3.431432 -0.070132
v 6.184003 3.415391 -0.000000
v 6.039010 3.444769 0.038963
v 6.182481 3.415699 0.013682
v 6.089390 3.434561 -0.068785
v 6.177977 3.416612 0.026838
v 6.048855 3.442774 0.049590
v 6.170660 3.418094 0.038963
v 6.074539 3.437570 -0.064794
v 6.160815 3.420089 0.049590
v 5.896560 3.425560 0.026838
v 5.893663 3.426769 0.013682
v 5.864968 3.427856 0.013682
v 5.863891 3.426499 0.026838
v 5.907598 3.420957 -0.049591
v 5.901266 3.423598 -0.038964
v 5.892684 3.427177 -0.000000
v 5.933670 3.410082 0.068784
v 5.943604 3.405938 0.070132
v 5.953537 3.401795 -0.068785
v 5.990646 3.386317 -0.026839
v 5.985941 3.388280 -0.038964
v 5.993544 3.385108 -0.013682
v 5.943604 3.405938 -0.070132
v 5.994523 3.384700 -0.000000
v 5.901266 3.423598 0.038963
v 5.993544 3.385108 0.013682
v 5.933670 3.410082 -0.068785
v 5.990646 3.386317 0.026838
v 5.907598 3.420957 0.049590
v 5.985941 3.388280 0.038963
v 5.924118 3.414067 -0.064794
v 5.896560 3.425560 -0.026839
v 5.979609 3.390921 0.049590
v 5.915315 3.417738 0.058312
v 5.979609 3.390921 -0.049591
v 5.971892 3.394139 0.058312
v 5.915315 3.417738 -0.058313
v 5.893663 3.426769 -0.013682
v 5.963089 3.397811 0.064793
v 5.924118 3.414067 0.064793
v 5.953537 3.401795 0.068784
v 5.943604 3.405938 0.070132
v 5.850103 3.409116 -0.068785
v 5.846413 3.404462 -0.070132
v 5.692951 3.414356 -0.070132
v 5.708642 3.417421 -0.068785
v 5.827858 3.381068 -0.013682
v 5.828935 3.382426 -0.026839
v 5.842722 3.399809 -0.068785
v 5.827494 3.380610 -0.000000
v 5.862143 3.424294 0.038963
v 5.827858 3.381068 0.013682
v 5.828935 3.382426 0.026838
v 5.859791 3.421328 0.049590
v 5.830683 3.384630 0.038963
v 5.853653 3.413590 -0.064794
v 5.862143 3.424294 -0.038964
v 5.863891 3.426499 -0.026839
v 5.833035 3.387596 0.049590
v 5.856924 3.417714 0.058312
v 5.830683 3.384630 -0.038963
v 5.833035 3.387596 -0.049591
v 5.835902 3.391211 0.058312
v 5.856924 3.417714 -0.058313
v 5.864968 3.427856 -0.013682
v 5.839173 3.395334 0.064793
v 5.853653 3.413590 0.064793
v 5.835902 3.391211 -0.058313
v 5.842722 3.399809 0.068784
v 5.859791 3.421328 -0.049591
v 5.865332 3.428315 -0.000000
v 5.846413 3.404462 0.070132
v 5.850103 3.409116 0.068784
v 5.839173 3.395334 -0.064794
v 5.846413 3.404462 0.070132
v 5.737633 3.423083 0.058312
v 5.749821 3.425463 0.049590
v 5.617087 3.461472 0.049590
v 5.601225 3.460992 0.058312
v 5.618649 3.399844 0.026838
v 5.614072 3.398951 0.013682
v 5.759822 3.427416 0.038963
v 5.626081 3.401295 0.038963
v 5.723729 3.420367 -0.064794
v 5.759822 3.427416 -0.038964
v 5.767254 3.428868 -0.026839
v 5.636083 3.403249 0.049590
v 5.626081 3.401295 -0.038963
v 5.636083 3.403249 -0.049591
v 5.648270 3.405630 0.058312
v 5.737633 3.423083 -0.058313
v 5.771832 3.429762 -0.013682
v 5.662174 3.408345 0.064793
v 5.723729 3.420367 0.064793
v 5.648270 3.405630 -0.058313
v 5.677262 3.411292 0.068784
v 5.749821 3.425463 -0.049591
v 5.773377 3.430064 -0.000000
v 5.692951 3.414356 0.070132
v 5.708642 3.417421 0.068784
v 5.662174 3.408345 -0.064794
v 5.771832 3.429762 0.013682
v 5.692951 3.414356 0.070132
v 5.677262 3.411292 -0.068785
v 5.618649 3.399844 -0.026839
v 5.767254 3.428868 0.026838
v 5.614072 3.398951 -0.013682
v 5.612526 3.398649 -0.000000
v 5.617087 3.461472 -0.049591
v 5.601225 3.460992 -0.058313
v 5.572779 3.510088 -0.058313
v 5.588768 3.510219 -0.049591
v 5.456038 3.456598 -0.038963
v 5.469055 3.456992 -0.049591
v 5.484918 3.457472 0.058312
v 5.469055 3.456992 0.049591
v 5.583128 3.460444 -0.064794
v 5.639777 3.462159 -0.026839
v 5.645735 3.462339 -0.013682
v 5.503014 3.458019 0.064793
v 5.583128 3.460444 0.064793
v 5.484918 3.457472 -0.058313
v 5.522651 3.458614 0.068784
v 5.647746 3.462400 -0.000000
v 5.543071 3.459232 0.070132
v 5.563492 3.459850 0.068784
v 5.503014 3.458019 -0.064794
v 5.630105 3.461866 -0.038963
v 5.645735 3.462339 0.013682
v 5.543071 3.459232 0.070132
v 5.522651 3.458614 -0.068785
v 5.446364 3.456305 -0.026839
v 5.639777 3.462159 0.026838
v 5.440408 3.456125 -0.013682
v 5.543071 3.459232 -0.070132
v 5.438396 3.456064 -0.000000
v 5.630105 3.461866 0.038963
v 5.440408 3.456125 0.013682
v 5.563492 3.459850 -0.068785
v 5.446364 3.456305 0.026838
v 5.456038 3.456598 0.038963
v 5.514159 3.509608 0.070132
v 5.534744 3.509776 0.068784
v 5.515400 3.633965 0.068784
v 5.494823 3.634174 0.070132
v 5.617645 3.510455 -0.013682
v 5.619673 3.510471 -0.000000
v 5.514159 3.509608 0.070132
v 5.493576 3.509439 0.068784
v 5.554537 3.509938 0.064793
v 5.455541 3.509128 -0.058313
v 5.473782 3.509277 -0.064794
v 5.601890 3.510326 -0.038963
v 5.617645 3.510455 0.013682
v 5.493576 3.509439 -0.068785
v 5.416678 3.508810 -0.026839
v 5.426429 3.508890 -0.038963
v 5.611640 3.510406 0.026838
v 5.410674 3.508760 -0.013682
v 5.514159 3.509608 -0.070132
v 5.408647 3.508744 -0.000000
v 5.601890 3.510326 0.038963
v 5.410674 3.508760 0.013682
v 5.534744 3.509776 -0.068785
v 5.416678 3.508810 0.026838
v 5.588768 3.510219 0.049590
v 5.426429 3.508890 0.038963
v 5.554538 3.509938 -0.064794
v 5.611640 3.510406 -0.026839
v 5.439551 3.508997 0.049591
v 5.572779 3.510088 0.058312
v 5.439551 3.508997 -0.049591
v 5.455541 3.509128 0.058312
v 5.473782 3.509277 0.064793
v 5.391373 3.635222 -0.013682
v 5.389346 3.635243 -0.000000
v 5.407193 3.718588 -0.000000
v 5.409167 3.718481 -0.013682
v 5.454459 3.634583 -0.064794
v 5.474246 3.634382 -0.068785
v 5.397375 3.635162 -0.026839
v 5.407122 3.635063 -0.038963
v 5.598273 3.633125 0.013682
v 5.592271 3.633187 0.026838
v 5.494823 3.634174 -0.070132
v 5.582523 3.633285 0.038963
v 5.391373 3.635222 0.013682
v 5.515400 3.633965 -0.068785
v 5.397375 3.635162 0.026838
v 5.569407 3.633418 0.049590
v 5.407122 3.635063 0.038963
v 5.535187 3.633765 -0.064794
v 5.582523 3.633285 -0.038963
v 5.592271 3.633187 -0.026839
v 5.420240 3.634930 0.049591
v 5.553422 3.633580 0.058312
v 5.420240 3.634930 -0.049591
v 5.436224 3.634768 0.058312
v 5.553423 3.633580 -0.058313
v 5.598273 3.633125 -0.013682
v 5.454459 3.634583 0.064793
v 5.535187 3.633765 0.064793
v 5.436224 3.634768 -0.058313
v 5.474246 3.634382 0.068784
v 5.569407 3.633418 -0.049591
v 5.600300 3.633105 -0.000000
v 5.494823 3.634174 0.070132
v 5.415017 3.718166 -0.026839
v 5.470298 3.770738 -0.013682
v 5.475205 3.769942 -0.026839
v 5.604953 3.707940 0.026838
v 5.595453 3.708452 0.038963
v 5.509985 3.713053 -0.070132
v 5.530038 3.711974 -0.068785
v 5.582670 3.709140 0.049590
v 5.549321 3.710935 -0.064794
v 5.595453 3.708452 -0.038963
v 5.604953 3.707940 -0.026839
v 5.567093 3.709979 0.058312
v 5.424516 3.717655 -0.038963
v 5.437300 3.716966 -0.049591
v 5.409167 3.718481 0.013682
v 5.567093 3.709979 -0.058313
v 5.610803 3.707625 -0.013682
v 5.415017 3.718166 0.026838
v 5.549321 3.710935 0.064793
v 5.452877 3.716128 -0.058313
v 5.424516 3.717655 0.038963
v 5.582670 3.709140 -0.049591
v 5.612777 3.707519 -0.000000
v 5.437300 3.716966 0.049591
v 5.530038 3.711974 0.068784
v 5.470648 3.715171 -0.064794
v 5.452877 3.716128 0.058312
v 5.610803 3.707625 0.013682
v 5.470648 3.715171 0.064793
v 5.509985 3.713053 0.070132
v 5.489931 3.714133 -0.068785
v 5.489931 3.714133 0.068784
v 5.509985 3.713053 0.070132
v 5.470298 3.770738 0.013682
v 5.475205 3.769942 0.026838
v 5.628195 3.812191 0.026838
v 5.626279 3.813498 0.013682
v 5.538050 3.759746 -0.068785
v 5.554873 3.757017 -0.070132
v 5.468642 3.771007 -0.000000
v 5.634540 3.744093 0.026838
v 5.626571 3.745385 0.038963
v 5.571695 3.754288 -0.068785
v 5.615847 3.747125 0.049590
v 5.483173 3.768649 0.038963
v 5.587872 3.751664 -0.064794
v 5.626571 3.745385 -0.038963
v 5.634540 3.744093 -0.026839
v 5.493898 3.766909 0.049591
v 5.602780 3.749245 0.058312
v 5.483173 3.768649 -0.038963
v 5.493898 3.766909 -0.049591
v 5.506966 3.764789 0.058312
v 5.602780 3.749245 -0.058313
v 5.639447 3.743296 -0.013682
v 5.521873 3.762371 0.064793
v 5.587871 3.751664 0.064793
v 5.506966 3.764789 -0.058313
v 5.538050 3.759746 0.068784
v 5.615847 3.747125 -0.049591
v 5.641104 3.743028 -0.000000
v 5.554873 3.757017 0.070132
v 5.571695 3.754288 0.068784
v 5.521873 3.762371 -0.064794
v 5.639447 3.743296 0.013682
v 5.554873 3.757017 0.070132
v 5.635494 3.807209 -0.049591
v 5.631307 3.810067 -0.038963
v 5.839938 3.824868 -0.038963
v 5.839551 3.821854 -0.049591
v 5.687298 3.771855 0.038963
v 5.683111 3.774712 0.049591
v 5.631307 3.810067 0.038963
v 5.665872 3.786478 -0.068784
v 5.672187 3.782167 -0.064794
v 5.687298 3.771855 -0.038963
v 5.690410 3.769731 -0.026838
v 5.635494 3.807209 0.049591
v 5.678009 3.778195 0.058312
v 5.640596 3.803727 0.058312
v 5.678009 3.778195 -0.058313
v 5.692325 3.768424 -0.013682
v 5.646418 3.799754 0.064793
v 5.672187 3.782167 0.064793
v 5.640596 3.803727 -0.058313
v 5.652734 3.795444 0.068784
v 5.683111 3.774712 -0.049591
v 5.692972 3.767982 -0.000000
v 5.659303 3.790961 0.070132
v 5.665871 3.786478 0.068784
v 5.646418 3.799754 -0.064794
v 5.692325 3.768424 0.013682
v 5.659303 3.790961 0.070132
v 5.652734 3.795444 -0.068784
v 5.628195 3.812191 -0.026838
v 5.690410 3.769731 0.026838
v 5.626279 3.813498 -0.013682
v 5.659303 3.790961 -0.070132
v 5.625634 3.813940 -0.000000
v 5.834232 3.780484 -0.000000
v 5.834291 3.780950 -0.013682
v 5.891116 3.782238 -0.013682
v 5.890069 3.781839 -0.000000
v 5.839079 3.818182 0.058312
v 5.839551 3.821854 0.049591
v 5.836155 3.795444 -0.064794
v 5.835618 3.791254 -0.058313
v 5.834470 3.782329 -0.026838
v 5.838540 3.813992 0.064793
v 5.835618 3.791254 0.058312
v 5.836155 3.795444 0.064793
v 5.839079 3.818182 -0.058313
v 5.837955 3.809446 0.068784
v 5.835145 3.787582 -0.049591
v 5.837349 3.804718 0.070132
v 5.836740 3.799990 0.068784
v 5.838540 3.813992 -0.064794
v 5.834758 3.784568 -0.038963
v 5.834291 3.780950 0.013682
v 5.837349 3.804718 0.070132
v 5.837955 3.809446 -0.068785
v 5.840226 3.827107 -0.026838
v 5.834470 3.782329 0.026838
v 5.840403 3.828486 -0.013682
v 5.837349 3.804718 -0.070132
v 5.840465 3.828952 -0.000000
v 5.834758 3.784568 0.038963
v 5.840403 3.828486 0.013682
v 5.836740 3.799990 -0.068785
v 5.840226 3.827107 0.026838
v 5.835145 3.787582 0.049591
v 5.839938 3.824868 0.038963
v 5.955207 3.806654 -0.068785
v 5.965432 3.810550 -0.064794
v 6.105742 3.782752 -0.064794
v 6.088311 3.780592 -0.068785
v 5.944575 3.802603 0.070132
v 5.955207 3.806654 0.068784
v 5.923716 3.794658 0.064793
v 5.933941 3.798553 0.068784
v 5.974854 3.814139 -0.058313
v 5.906034 3.787921 -0.049591
v 5.899255 3.785339 -0.038963
v 5.891116 3.782238 0.013682
v 5.944575 3.802603 0.070132
v 5.994929 3.821787 -0.026839
v 5.989893 3.819868 -0.038963
v 5.894219 3.783420 0.026838
v 5.998031 3.822969 -0.013682
v 5.944575 3.802603 -0.070132
v 5.999080 3.823367 -0.000000
v 5.899255 3.785339 0.038963
v 5.998031 3.822969 0.013682
v 5.933941 3.798553 -0.068785
v 5.994929 3.821787 0.026838
v 5.906034 3.787921 0.049590
v 5.989893 3.819868 0.038963
v 5.923716 3.794657 -0.064794
v 5.894219 3.783420 -0.026839
v 5.983115 3.817286 0.049590
v 5.914293 3.791067 0.058312
v 5.983115 3.817286 -0.049591
v 5.974854 3.814139 0.058312
v 5.914294 3.791067 -0.058313
v 5.965432 3.810550 0.064793
v 5.992932 3.768772 0.038963
v 5.984346 3.767708 0.026838
v 6.070275 3.740324 0.026838
v 6.079643 3.740950 0.038963
v 6.156026 3.788984 -0.026839
v 6.147439 3.787920 -0.038963
v 5.979058 3.767053 0.013682
v 6.161313 3.789639 -0.013682
v 6.070187 3.778346 -0.070132
v 6.163099 3.789860 -0.000000
v 6.161313 3.789639 0.013682
v 6.052059 3.776099 -0.068785
v 6.156026 3.788984 0.026838
v 6.004486 3.770204 0.049590
v 6.147439 3.787920 0.038963
v 6.034629 3.773940 -0.064794
v 5.992932 3.768772 -0.038963
v 5.984346 3.767708 -0.026839
v 6.135884 3.786488 0.049590
v 6.018566 3.771949 0.058312
v 6.135885 3.786488 -0.049591
v 6.121804 3.784743 0.058312
v 6.018567 3.771949 -0.058313
v 5.979058 3.767053 -0.013682
v 6.105742 3.782752 0.064793
v 6.034630 3.773940 0.064793
v 6.121804 3.784743 -0.058313
v 6.088311 3.780592 0.068784
v 6.004486 3.770204 -0.049591
v 5.977273 3.766831 -0.000000
v 6.070187 3.778346 0.070132
v 6.052059 3.776099 0.068784
v 6.070187 3.778346 0.070132
v 6.125136 3.743992 -0.064794
v 6.144153 3.745263 -0.068785
v 6.208130 3.695631 -0.068785
v 6.188334 3.695775 -0.064794
v 6.263353 3.753232 0.013682
v 6.265302 3.753362 -0.000000
v 6.163931 3.746585 -0.070132
v 6.257584 3.752846 0.026838
v 6.092249 3.741793 0.049590
v 6.248216 3.752220 0.038963
v 6.079643 3.740950 -0.038963
v 6.070275 3.740324 -0.026839
v 6.235609 3.751377 0.049590
v 6.107611 3.742820 0.058312
v 6.248216 3.752220 -0.038963
v 6.235610 3.751377 -0.049591
v 6.220247 3.750350 0.058312
v 6.107612 3.742820 -0.058313
v 6.064507 3.739938 -0.013682
v 6.202723 3.749179 0.064793
v 6.125136 3.743992 0.064793
v 6.220247 3.750350 -0.058313
v 6.183705 3.747907 0.068784
v 6.092249 3.741793 -0.049591
v 6.062558 3.739808 -0.000000
v 6.163931 3.746585 0.070132
v 6.144154 3.745263 0.068784
v 6.202723 3.749179 -0.064794
v 6.064507 3.739938 0.013682
v 6.163931 3.746585 0.070132
v 6.183705 3.747907 -0.068785
v 6.257584 3.752846 -0.026839
v 6.263353 3.753232 -0.013682
v 6.188334 3.695775 0.064793
v 6.170090 3.695908 0.058312
v 6.186053 3.658696 0.058312
v 6.204283 3.658907 0.064793
v 6.140975 3.696119 -0.038963
v 6.131224 3.696189 -0.026839
v 6.303336 3.694939 0.049590
v 6.316460 3.694844 0.038963
v 6.154098 3.696023 0.049590
v 6.316460 3.694844 -0.038963
v 6.303336 3.694939 -0.049591
v 6.287343 3.695055 0.058312
v 6.170091 3.695907 -0.058313
v 6.125218 3.696234 -0.013682
v 6.269100 3.695188 0.064793
v 6.287343 3.695055 -0.058313
v 6.249304 3.695332 0.068784
v 6.154098 3.696023 -0.049591
v 6.123190 3.696248 -0.000000
v 6.228719 3.695481 0.070132
v 6.208130 3.695631 0.068784
v 6.269100 3.695188 -0.064794
v 6.125218 3.696234 0.013682
v 6.228719 3.695481 0.070132
v 6.249304 3.695332 -0.068785
v 6.326212 3.694773 -0.026839
v 6.131224 3.696190 0.026838
v 6.332217 3.694729 -0.013682
v 6.228719 3.695481 -0.070132
v 6.334245 3.694714 -0.000000
v 6.140975 3.696119 0.038963
v 6.332217 3.694729 0.013682
v 6.326212 3.694773 0.026838
v 6.332311 3.660387 -0.038963
v 6.319198 3.660235 -0.049591
v 6.303217 3.660050 -0.058313
v 6.265206 3.659611 0.068784
v 6.284988 3.659840 0.064793
v 6.186054 3.658696 -0.058313
v 6.170074 3.658511 -0.049591
v 6.141216 3.658178 -0.013682
v 6.139189 3.658154 -0.000000
v 6.244637 3.659373 0.070132
v 6.224065 3.659136 0.068784
v 6.284988 3.659840 -0.064794
v 6.156960 3.658360 -0.038963
v 6.141216 3.658178 0.013682
v 6.244637 3.659373 0.070132
v 6.265206 3.659611 -0.068785
v 6.147217 3.658248 0.026838
v 6.244637 3.659373 -0.070132
v 6.350083 3.660592 -0.000000
v 6.156960 3.658360 0.038963
v 6.348056 3.660568 0.013682
v 6.224064 3.659136 -0.068785
v 6.342055 3.660500 0.026838
v 6.170074 3.658511 0.049590
v 6.332311 3.660387 0.038963
v 6.204283 3.658907 -0.064794
v 6.147217 3.658247 -0.026839
v 6.319197 3.660235 0.049590
v 6.303217 3.660050 0.058312
v 7.859895 4.848081 0.071337
v 7.873400 4.851334 0.060667
v 7.879134 4.900243 0.084319
v 7.867793 4.894565 0.099149
v 7.760868 4.824226 -0.071338
v 7.776276 4.827938 -0.079267
v 7.897790 4.857209 -0.016739
v 7.899503 4.857622 -0.000001
v 7.722973 4.815098 -0.016739
v 7.728044 4.816319 -0.032834
v 7.792995 4.831965 -0.084149
v 7.810381 4.836154 -0.085798
v 7.827768 4.840342 -0.084149
v 7.844487 4.844369 -0.079267
v 7.776276 4.827938 0.079265
v 7.760868 4.824226 0.071337
v 7.897790 4.857209 0.016738
v 7.810381 4.836154 0.085796
v 7.792995 4.831965 0.084148
v 7.859895 4.848081 -0.071338
v 7.873400 4.851334 -0.060668
v 7.747363 4.820973 0.060667
v 7.736280 4.818303 0.047666
v 7.736280 4.818303 -0.047667
v 7.844487 4.844369 0.079265
v 7.728044 4.816319 0.032832
v 7.747363 4.820973 -0.060668
v 7.892719 4.855988 0.032832
v 7.884483 4.854004 -0.047667
v 7.892719 4.855988 -0.032834
v 7.827768 4.840342 0.084148
v 7.884483 4.854004 0.047666
v 7.810381 4.836154 0.085796
v 7.826217 4.873747 0.119245
v 7.840817 4.881058 0.116954
v 7.713991 4.871609 0.080888
v 7.714569 4.866048 0.082472
v 7.797579 4.859408 0.110168
v 7.784642 4.852930 0.099149
v 7.867793 4.894565 -0.099150
v 7.879134 4.900243 -0.084320
v 7.854856 4.888087 0.110168
v 7.773302 4.847251 -0.084320
v 7.784642 4.852930 -0.099150
v 7.751384 4.836277 -0.000001
v 7.752821 4.836997 -0.023264
v 7.811618 4.866437 0.116954
v 7.854856 4.888087 -0.110170
v 7.763996 4.842592 -0.066250
v 7.752821 4.836997 0.023263
v 7.826217 4.873747 0.119245
v 7.840817 4.881058 -0.116955
v 7.757080 4.839129 -0.045634
v 7.757080 4.839129 0.045633
v 7.888440 4.904903 -0.066250
v 7.895355 4.908366 -0.045634
v 7.826217 4.873747 -0.119247
v 7.899613 4.910498 -0.023264
v 7.763996 4.842592 0.066249
v 7.901051 4.911218 -0.000001
v 7.811618 4.866437 -0.116955
v 7.899613 4.910498 0.023263
v 7.773302 4.847251 0.084319
v 7.895355 4.908366 0.045633
v 7.797579 4.859408 -0.110170
v 7.888440 4.904903 0.066249
v 7.711833 4.892381 -0.031562
v 7.712107 4.889748 -0.045820
v 7.556317 4.852347 -0.029039
v 7.553946 4.853925 -0.020003
v 7.717032 4.842349 -0.045820
v 7.716664 4.845893 -0.058318
v 7.717474 4.838093 0.016089
v 7.717531 4.837545 -0.000001
v 7.714569 4.866048 0.082472
v 7.715147 4.860487 0.080888
v 7.713991 4.871609 -0.080889
v 7.713436 4.876956 -0.076196
v 7.717305 4.839715 -0.031562
v 7.717305 4.839715 0.031560
v 7.714569 4.866048 -0.082474
v 7.711665 4.894003 -0.016090
v 7.717032 4.842349 0.045819
v 7.711607 4.894551 -0.000001
v 7.715147 4.860487 -0.080889
v 7.711665 4.894003 0.016089
v 7.716664 4.845893 0.058317
v 7.711833 4.892382 0.031560
v 7.715702 4.855141 -0.076196
v 7.712107 4.889748 0.045819
v 7.716214 4.850213 0.068573
v 7.712476 4.886203 -0.058318
v 7.712476 4.886203 0.058317
v 7.716214 4.850213 -0.068574
v 7.717474 4.838093 -0.016090
v 7.712924 4.881883 0.068573
v 7.715702 4.855141 0.076194
v 7.712924 4.881883 -0.068574
v 7.713436 4.876956 0.076194
v 7.552487 4.854897 0.010196
v 7.551993 4.855226 -0.000001
v 7.382215 4.849836 -0.000000
v 7.382243 4.849443 0.011551
v 7.577646 4.838144 -0.052269
v 7.572642 4.841476 -0.051264
v 7.552487 4.854897 -0.010198
v 7.598976 4.823940 0.029038
v 7.601346 4.822363 0.020001
v 7.582651 4.834811 -0.051264
v 7.595786 4.826065 0.036958
v 7.553946 4.853926 0.020001
v 7.587463 4.831607 -0.048290
v 7.556317 4.852347 0.029038
v 7.591898 4.828654 0.043459
v 7.559508 4.850223 -0.036960
v 7.559508 4.850223 0.036958
v 7.591898 4.828654 -0.043460
v 7.602806 4.821390 -0.010198
v 7.601346 4.822363 -0.020003
v 7.563395 4.847634 0.043459
v 7.587463 4.831607 0.048289
v 7.563395 4.847634 -0.043460
v 7.567830 4.844680 0.048289
v 7.595786 4.826065 -0.036960
v 7.603300 4.821062 -0.000001
v 7.572642 4.841476 0.051263
v 7.582651 4.834811 0.051263
v 7.567830 4.844680 -0.048290
v 7.577646 4.838144 0.052267
v 7.598976 4.823940 -0.029039
v 7.602806 4.821390 0.010196
v 7.577646 4.838144 0.052267
v 7.382460 4.846387 -0.032897
v 7.382640 4.843842 -0.041870
v 7.262294 4.842172 -0.041870
v 7.266582 4.844520 -0.032897
v 7.384690 4.814897 0.041869
v 7.384870 4.812352 0.032896
v 7.382326 4.848279 0.022659
v 7.384219 4.821537 -0.054706
v 7.383947 4.825377 -0.058075
v 7.382460 4.846387 0.032896
v 7.384470 4.817998 0.049233
v 7.382640 4.843842 0.041869
v 7.384470 4.817998 -0.049234
v 7.385087 4.809296 -0.011552
v 7.385004 4.810461 -0.022660
v 7.382860 4.840740 0.049233
v 7.384219 4.821537 0.054705
v 7.382860 4.840740 -0.049234
v 7.383110 4.837201 0.054705
v 7.384690 4.814897 -0.041870
v 7.385115 4.808902 -0.000001
v 7.383382 4.833362 0.058074
v 7.383947 4.825377 0.058074
v 7.383110 4.837201 -0.054706
v 7.383665 4.829369 0.059212
v 7.384870 4.812352 -0.032897
v 7.385087 4.809296 0.011551
v 7.383665 4.829369 0.059212
v 7.383382 4.833362 -0.058075
v 7.385004 4.810461 0.022659
v 7.382326 4.848278 -0.022660
v 7.383665 4.829369 -0.059213
v 7.382243 4.849443 -0.011552
v 7.204093 4.810312 -0.011552
v 7.203429 4.809948 -0.000001
v 7.011971 4.830466 -0.000000
v 7.011904 4.830860 -0.011552
v 7.266582 4.844520 0.032896
v 7.262294 4.842172 0.041869
v 7.218754 4.818338 -0.049234
v 7.224716 4.821601 -0.054706
v 7.206056 4.811386 -0.022660
v 7.257069 4.839312 0.049233
v 7.224716 4.821601 0.054705
v 7.218754 4.818338 0.049233
v 7.257069 4.839312 -0.049234
v 7.251106 4.836049 0.054705
v 7.213529 4.815477 -0.041870
v 7.244638 4.832508 0.058074
v 7.231184 4.825142 0.058074
v 7.251106 4.836049 -0.054706
v 7.237911 4.828825 0.059212
v 7.209241 4.813130 -0.032897
v 7.204093 4.810312 0.011551
v 7.237911 4.828825 0.059212
v 7.244638 4.832508 -0.058075
v 7.206056 4.811386 0.022659
v 7.269768 4.846264 -0.022660
v 7.237911 4.828825 -0.059213
v 7.271730 4.847339 -0.011552
v 7.209241 4.813130 0.032896
v 7.272393 4.847702 -0.000000
v 7.231184 4.825142 -0.058075
v 7.271730 4.847339 0.011551
v 7.213529 4.815477 0.041869
v 7.269769 4.846264 0.022659
v 7.007211 4.858748 -0.054706
v 7.007857 4.854911 -0.058075
v 6.900482 4.844171 -0.058075
v 6.886919 4.846416 -0.054706
v 7.007211 4.858748 0.054705
v 7.007857 4.854911 0.058074
v 7.009200 4.846931 0.058074
v 7.009845 4.843093 0.054705
v 7.006617 4.862285 -0.049234
v 7.008528 4.850921 0.059212
v 7.011390 4.833914 -0.032897
v 7.010962 4.836458 -0.041870
v 7.011904 4.830860 0.011551
v 7.008528 4.850921 0.059212
v 7.011708 4.832024 -0.022660
v 7.011708 4.832024 0.022659
v 7.005666 4.867929 -0.032897
v 7.005348 4.869818 -0.022660
v 7.008528 4.850921 -0.059213
v 7.005152 4.870983 -0.011552
v 7.011390 4.833914 0.032896
v 7.005086 4.871376 -0.000000
v 7.009200 4.846931 -0.058075
v 7.005152 4.870983 0.011551
v 7.010962 4.836458 0.041869
v 7.005348 4.869819 0.022659
v 7.009845 4.843093 -0.054706
v 7.005666 4.867929 0.032896
v 7.010440 4.839557 0.049233
v 7.006095 4.865384 -0.041870
v 7.006095 4.865384 0.041869
v 7.010440 4.839557 -0.049234
v 7.006617 4.862285 0.049233
v 6.981395 4.830777 0.022659
v 6.974714 4.831883 0.032896
v 6.972348 4.780240 0.026583
v 6.979004 4.780240 0.018311
v 6.981395 4.830777 -0.022660
v 6.974714 4.831883 -0.032897
v 6.985510 4.830096 0.011551
v 6.854464 4.851788 -0.032897
v 6.847783 4.852894 -0.022660
v 6.914589 4.841835 -0.059213
v 6.843667 4.853575 -0.011552
v 6.842276 4.853806 -0.000000
v 6.928698 4.839500 -0.058075
v 6.843667 4.853575 0.011551
v 6.965722 4.833371 0.041869
v 6.847781 4.852894 0.022659
v 6.942261 4.837255 -0.054706
v 6.854464 4.851788 0.032896
v 6.954763 4.835186 0.049233
v 6.863458 4.850299 -0.041870
v 6.863458 4.850299 0.041869
v 6.954763 4.835186 -0.049234
v 6.985510 4.830096 -0.011552
v 6.874415 4.848485 0.049233
v 6.942261 4.837255 0.054705
v 6.874415 4.848485 -0.049234
v 6.886919 4.846416 0.054705
v 6.965722 4.833371 -0.041870
v 6.986901 4.829865 -0.000000
v 6.900482 4.844171 0.058074
v 6.928698 4.839500 0.058074
v 6.914589 4.841835 0.059212
v 6.914589 4.841835 0.059212
v 6.926509 4.780241 -0.046930
v 6.940021 4.780240 -0.044207
v 6.939475 3.529201 -0.044209
v 6.925963 3.529201 -0.046932
v 6.841805 4.780243 -0.009335
v 6.840419 4.780243 -0.000000
v 6.912454 4.780241 -0.047850
v 6.841805 4.780243 0.009335
v 6.963391 4.780240 0.033834
v 6.845903 4.780242 0.018311
v 6.852560 4.780242 0.026583
v 6.952475 4.780240 0.039785
v 6.861520 4.780242 -0.033835
v 6.852560 4.780242 -0.026584
v 6.861520 4.780242 0.033834
v 6.952475 4.780240 -0.039786
v 6.983104 4.780239 -0.009335
v 6.979004 4.780240 -0.018311
v 6.872435 4.780242 0.039785
v 6.940021 4.780240 0.044207
v 6.872435 4.780242 -0.039786
v 6.884890 4.780242 0.044207
v 6.963391 4.780240 -0.033835
v 6.984489 4.780240 -0.000000
v 6.898402 4.780241 0.046930
v 6.926509 4.780241 0.046930
v 6.884890 4.780242 -0.044207
v 6.912454 4.780241 0.047849
v 6.972348 4.780240 -0.026584
v 6.983104 4.780239 0.009335
v 6.912454 4.780241 0.047849
v 6.898402 4.780241 -0.046930
v 6.845905 4.780243 -0.018311
v 6.951929 3.529201 0.039783
v 6.939475 3.529201 0.044205
v 6.941956 3.472115 0.050309
v 6.955544 3.473041 0.045277
v 6.845357 3.529203 0.018309
v 6.852015 3.529203 0.026582
v 6.962845 3.529201 0.033833
v 6.860974 3.529203 -0.033836
v 6.852015 3.529203 -0.026585
v 6.860974 3.529203 0.033833
v 6.951929 3.529201 -0.039787
v 6.982557 3.529200 -0.009337
v 6.978458 3.529200 -0.018313
v 6.871888 3.529203 0.039783
v 6.871888 3.529203 -0.039787
v 6.884344 3.529202 0.044205
v 6.962845 3.529201 -0.033836
v 6.983943 3.529200 -0.000002
v 6.897856 3.529202 0.046928
v 6.925963 3.529201 0.046928
v 6.884344 3.529202 -0.044209
v 6.911908 3.529202 0.047848
v 6.971803 3.529201 -0.026585
v 6.982557 3.529200 0.009333
v 6.911908 3.529202 0.047848
v 6.897856 3.529202 -0.046932
v 6.978458 3.529200 0.018309
v 6.845359 3.529203 -0.018313
v 6.911908 3.529202 -0.047851
v 6.841259 3.529203 -0.009337
v 6.971803 3.529201 0.026582
v 6.839873 3.529203 -0.000002
v 6.841259 3.529203 0.009333
v 7.789773 3.687022 0.068784
v 7.769967 3.687022 0.064793
v 7.760268 3.588444 0.064793
v 7.779974 3.587986 0.068784
v 7.915951 3.687022 -0.000001
v 7.913921 3.687022 -0.013683
v 7.898157 3.687022 -0.038964
v 7.885027 3.687022 -0.049591
v 7.712828 3.687022 0.026838
v 7.722585 3.687022 0.038963
v 7.735715 3.687022 -0.049591
v 7.722585 3.687022 -0.038964
v 7.869028 3.687022 0.058312
v 7.885027 3.687022 0.049590
v 7.704792 3.687022 -0.000001
v 7.706820 3.687022 0.013681
v 7.769967 3.687022 -0.064794
v 7.751714 3.687022 -0.058313
v 7.913921 3.687022 0.013681
v 7.712828 3.687022 -0.026839
v 7.706820 3.687022 -0.013683
v 7.810371 3.687022 -0.070133
v 7.789773 3.687022 -0.068785
v 7.850775 3.687022 0.064793
v 7.850775 3.687022 -0.064794
v 7.830968 3.687022 -0.068785
v 7.907914 3.687022 0.026838
v 7.810371 3.687022 0.070131
v 7.869028 3.687022 -0.058313
v 7.907914 3.687022 -0.026839
v 7.830968 3.687022 0.068784
v 7.898157 3.687022 0.038963
v 7.810371 3.687022 0.070131
v 6.839279 3.465111 -0.020841
v 6.846540 3.465606 -0.030256
v 6.913580 3.419298 -0.030256
v 6.907989 3.418125 -0.020841
v 6.868222 3.467085 -0.045281
v 6.856314 3.466274 -0.038508
v 6.868222 3.467085 0.045277
v 6.881811 3.468012 0.050309
v 6.967453 3.473854 -0.038508
v 6.955544 3.473041 -0.045281
v 6.990470 3.475425 -0.000002
v 6.988958 3.475321 -0.010626
v 6.896551 3.469018 0.053408
v 6.927216 3.471110 0.053408
v 6.881811 3.468012 -0.050313
v 6.911882 3.470064 0.054455
v 6.977224 3.474521 -0.030256
v 6.988958 3.475321 0.010622
v 6.911882 3.470064 0.054455
v 6.896551 3.469018 -0.053412
v 6.984486 3.475016 -0.020841
v 6.984486 3.475016 0.020838
v 6.911882 3.470064 -0.054458
v 6.834805 3.464806 -0.010626
v 6.977224 3.474521 0.030252
v 6.833294 3.464703 -0.000002
v 6.927216 3.471110 -0.053412
v 6.834805 3.464806 0.010622
v 6.967453 3.473854 0.038505
v 6.839277 3.465111 0.020838
v 6.941956 3.472115 -0.050313
v 6.846540 3.465606 0.030253
v 6.856314 3.466274 0.038505
v 6.904545 3.417402 0.010622
v 6.903382 3.417157 -0.000002
v 7.054403 3.378367 -0.000002
v 7.055112 3.378742 0.011993
v 6.963887 3.429860 -0.054458
v 6.952084 3.427382 -0.053412
v 6.904545 3.417402 -0.010626
v 7.014194 3.440422 0.030252
v 7.019785 3.441596 0.020838
v 6.975693 3.432338 -0.053412
v 7.006672 3.438843 0.038505
v 6.907989 3.418124 0.020838
v 6.987041 3.434721 -0.050313
v 6.913580 3.419298 0.030252
v 6.997503 3.436917 0.045277
v 6.921104 3.420878 -0.038508
v 6.921104 3.420878 0.038505
v 6.997503 3.436917 -0.045281
v 7.023229 3.442318 -0.010626
v 7.019785 3.441596 -0.020841
v 6.930273 3.422803 0.045277
v 6.987041 3.434721 0.050309
v 6.930273 3.422803 -0.045281
v 6.940735 3.424999 0.050309
v 7.006672 3.438843 -0.038508
v 7.024392 3.442563 -0.000002
v 6.952084 3.427382 0.053408
v 6.975693 3.432338 0.053408
v 6.940735 3.424999 -0.050313
v 6.963888 3.429860 0.054455
v 7.014194 3.440422 -0.030256
v 7.023229 3.442318 0.010622
v 6.963888 3.429860 0.054455
v 7.060621 3.381653 -0.034160
v 7.065207 3.384077 -0.043477
v 7.249921 3.376018 -0.043477
v 7.250403 3.373377 -0.034160
v 7.117374 3.411645 0.043473
v 7.121960 3.414069 0.034156
v 7.057211 3.379851 0.023526
v 7.105407 3.405321 -0.056804
v 7.098488 3.401664 -0.060303
v 7.060621 3.381653 0.034156
v 7.111785 3.408691 0.051119
v 7.065207 3.384077 0.043473
v 7.111785 3.408691 -0.051123
v 7.127469 3.416980 -0.011997
v 7.125369 3.415870 -0.023530
v 7.070797 3.387031 0.051119
v 7.105407 3.405321 0.056800
v 7.070797 3.387031 -0.051123
v 7.077176 3.390402 0.056800
v 7.117374 3.411645 -0.043477
v 7.128178 3.417355 -0.000002
v 7.084095 3.394058 0.060299
v 7.098488 3.401664 0.060299
v 7.077176 3.390402 -0.056804
v 7.091291 3.397861 0.061480
v 7.121960 3.414069 -0.034160
v 7.127469 3.416980 0.011993
v 7.091291 3.397861 0.061480
v 7.084094 3.394058 -0.060303
v 7.125369 3.415870 0.023526
v 7.057211 3.379852 -0.023530
v 7.091291 3.397861 -0.061485
v 7.055112 3.378742 -0.011997
v 7.243419 3.411861 -0.011997
v 7.243343 3.412270 -0.000002
v 7.334636 3.419816 -0.000002
v 7.335432 3.419450 -0.011997
v 7.250403 3.373377 0.034156
v 7.249921 3.376018 0.043473
v 7.245058 3.402832 -0.051123
v 7.245723 3.399160 -0.056804
v 7.243637 3.410653 -0.023530
v 7.249339 3.379236 0.051119
v 7.245723 3.399160 0.056800
v 7.245058 3.402832 0.051119
v 7.249339 3.379236 -0.051123
v 7.248672 3.382907 0.056800
v 7.244473 3.406050 -0.043477
v 7.247950 3.386891 0.060299
v 7.246446 3.395177 0.060299
v 7.248672 3.382907 -0.056805
v 7.247198 3.391033 0.061480
v 7.243992 3.408690 -0.034160
v 7.243419 3.411861 0.011993
v 7.247198 3.391033 0.061480
v 7.247950 3.386891 -0.060303
v 7.243637 3.410653 0.023526
v 7.250757 3.371415 -0.023530
v 7.247198 3.391033 -0.061485
v 7.250977 3.370206 -0.011997
v 7.243992 3.408690 0.034156
v 7.251051 3.369797 -0.000002
v 7.246446 3.395177 -0.060303
v 7.250977 3.370206 0.011993
v 7.244473 3.406050 0.043473
v 7.250759 3.371414 0.023526
v 7.391753 3.393518 -0.056805
v 7.384005 3.397085 -0.060303
v 7.520192 3.427212 -0.060303
v 7.533210 3.424575 -0.056805
v 7.391753 3.393518 0.056800
v 7.384005 3.397085 0.060299
v 7.367887 3.404507 0.060299
v 7.360138 3.408075 0.056800
v 7.398897 3.390229 -0.051123
v 7.375947 3.400796 0.061480
v 7.341598 3.416610 -0.034160
v 7.346736 3.414245 -0.043477
v 7.335432 3.419450 0.011993
v 7.375947 3.400796 0.061480
v 7.337782 3.418368 -0.023530
v 7.337782 3.418368 0.023526
v 7.410294 3.384981 -0.034160
v 7.414109 3.383224 -0.023530
v 7.375947 3.400796 -0.061485
v 7.416461 3.382141 -0.011997
v 7.341598 3.416610 0.034156
v 7.417255 3.381775 -0.000002
v 7.367887 3.404507 -0.060303
v 7.416461 3.382141 0.011993
v 7.346736 3.414245 0.043473
v 7.414111 3.383224 0.023526
v 7.360138 3.408074 -0.056805
v 7.410294 3.384981 0.034156
v 7.352997 3.411363 0.051119
v 7.405154 3.387347 -0.043477
v 7.405154 3.387347 0.043473
v 7.352997 3.411363 -0.051123
v 7.398897 3.390229 0.051119
v 7.574721 3.416164 -0.011997
v 7.570770 3.416964 -0.023530
v 7.718823 3.465676 -0.025924
v 7.723664 3.464941 -0.013217
v 7.442534 3.442948 -0.023531
v 7.448946 3.441648 -0.034160
v 7.442534 3.442948 0.023526
v 7.438584 3.443748 0.011992
v 7.564360 3.418263 -0.034160
v 7.506653 3.429956 -0.061485
v 7.448946 3.441648 0.034156
v 7.576056 3.415893 -0.000002
v 7.493112 3.432700 -0.060303
v 7.574721 3.416164 0.011992
v 7.457577 3.439900 0.043472
v 7.570772 3.416964 0.023526
v 7.480094 3.435338 -0.056805
v 7.564360 3.418263 0.034156
v 7.468095 3.437769 0.051119
v 7.555725 3.420012 -0.043477
v 7.555725 3.420012 0.043473
v 7.468095 3.437769 -0.051123
v 7.438584 3.443748 -0.011997
v 7.545211 3.422143 0.051119
v 7.480093 3.435338 0.056800
v 7.545211 3.422143 -0.051123
v 7.533210 3.424575 0.056800
v 7.457577 3.439900 -0.043477
v 7.437249 3.444019 -0.000002
v 7.520192 3.427212 0.060299
v 7.493112 3.432700 0.060299
v 7.506653 3.429956 0.061480
v 7.506653 3.429956 0.061480
v 7.718826 3.465676 0.025920
v 7.723664 3.464941 0.013213
v 7.883523 3.543727 0.013213
v 7.877728 3.543791 0.025920
v 7.569531 3.488353 0.037631
v 7.561673 3.489547 0.025920
v 7.725301 3.464692 -0.000002
v 7.623655 3.480132 -0.066438
v 7.640249 3.477612 -0.067740
v 7.580108 3.486747 0.047895
v 7.607702 3.482556 -0.062584
v 7.710967 3.466870 0.037631
v 7.592997 3.484790 0.056320
v 7.700386 3.468476 -0.047900
v 7.710967 3.466870 -0.037635
v 7.700387 3.468476 0.047896
v 7.592997 3.484790 -0.056324
v 7.556833 3.490283 -0.013217
v 7.561673 3.489547 -0.025924
v 7.687501 3.470434 0.056320
v 7.607701 3.482556 0.062579
v 7.687501 3.470434 -0.056324
v 7.672794 3.472668 0.062579
v 7.580108 3.486747 -0.047900
v 7.555196 3.490531 -0.000002
v 7.656841 3.475091 0.066434
v 7.623655 3.480132 0.066434
v 7.672794 3.472668 -0.062584
v 7.640249 3.477612 0.067735
v 7.569530 3.488353 -0.037635
v 7.556833 3.490283 0.013213
v 7.640249 3.477612 0.067735
v 7.656841 3.475091 -0.066438
v 7.888284 3.564263 -0.026839
v 7.894262 3.564125 -0.013683
v 7.883523 3.543727 -0.013217
v 7.877726 3.543791 -0.025924
v 7.744645 3.545257 -0.062584
v 7.763750 3.545046 -0.066439
v 7.868316 3.543895 0.037631
v 7.727034 3.545451 0.056319
v 7.711598 3.545620 0.047895
v 7.855646 3.544034 -0.047900
v 7.868316 3.543895 -0.037635
v 7.855646 3.544034 0.047895
v 7.727033 3.545451 -0.056324
v 7.683724 3.545928 -0.013217
v 7.689522 3.545863 -0.025925
v 7.840213 3.544204 0.056319
v 7.744644 3.545257 0.062579
v 7.840213 3.544204 -0.056324
v 7.822600 3.544398 0.062579
v 7.711598 3.545620 -0.047900
v 7.681765 3.545949 -0.000002
v 7.803495 3.544608 0.066434
v 7.763751 3.545046 0.066434
v 7.822600 3.544398 -0.062584
v 7.783624 3.544827 0.067735
v 7.698932 3.545760 -0.037636
v 7.683724 3.545928 0.013213
v 7.783624 3.544827 0.067735
v 7.803495 3.544608 -0.066439
v 7.689522 3.545863 0.025920
v 7.783624 3.544827 -0.067740
v 7.698932 3.545760 0.037631
v 7.885483 3.543705 -0.000002
v 7.820961 3.587036 0.068784
v 7.800467 3.587511 0.070131
v 7.791235 3.566514 0.070131
v 7.811728 3.566039 0.068784
v 7.858827 3.586158 -0.058313
v 7.840666 3.586579 -0.064794
v 7.726189 3.589234 -0.049591
v 7.713125 3.589536 -0.038964
v 7.695422 3.589947 -0.000001
v 7.697440 3.589900 0.013681
v 7.800467 3.587511 0.070131
v 7.820961 3.587036 -0.068785
v 7.897517 3.585261 -0.026839
v 7.887809 3.585486 -0.038964
v 7.703418 3.589761 0.026838
v 7.903494 3.585122 -0.013683
v 7.800467 3.587511 -0.070133
v 7.905513 3.585076 -0.000001
v 7.713125 3.589536 0.038963
v 7.903494 3.585122 0.013681
v 7.779974 3.587986 -0.068785
v 7.897517 3.585261 0.026838
v 7.726189 3.589234 0.049590
v 7.887809 3.585486 0.038963
v 7.760268 3.588444 -0.064794
v 7.703418 3.589761 -0.026839
v 7.874746 3.585789 0.049590
v 7.742107 3.588865 0.058312
v 7.874746 3.585789 -0.049591
v 7.858827 3.586158 0.058312
v 7.742107 3.588865 -0.058313
v 7.697440 3.589900 -0.013683
v 7.840666 3.586579 0.064793
v 7.878577 3.564489 -0.038964
v 7.751036 3.567446 0.064793
v 7.770741 3.566989 0.068784
v 7.849595 3.565161 -0.058313
v 7.831434 3.565582 -0.064794
v 7.716956 3.568236 -0.049591
v 7.703893 3.568539 -0.038964
v 7.686190 3.568949 -0.000001
v 7.688208 3.568902 0.013681
v 7.791235 3.566514 0.070131
v 7.811728 3.566039 -0.068785
v 7.694185 3.568764 0.026838
v 7.791235 3.566514 -0.070133
v 7.896280 3.564078 -0.000001
v 7.703893 3.568539 0.038963
v 7.894262 3.564125 0.013681
v 7.770741 3.566989 -0.068785
v 7.888284 3.564263 0.026838
v 7.716956 3.568236 0.049590
v 7.878577 3.564489 0.038963
v 7.751036 3.567446 -0.064794
v 7.694185 3.568764 -0.026839
v 7.865513 3.564792 0.049590
v 7.732874 3.567867 0.058312
v 7.865513 3.564792 -0.049591
v 7.849595 3.565161 0.058312
v 7.732874 3.567867 -0.058313
v 7.688208 3.568902 -0.013683
v 7.831434 3.565582 0.064793
v 6.270010 4.306797 -0.049592
v 6.285750 4.306138 -0.058313
v 6.242002 4.216704 -0.058313
v 6.226262 4.217362 -0.049592
v 6.303708 4.305387 -0.064794
v 6.445330 4.299460 0.013681
v 6.447326 4.299376 -0.000001
v 6.247495 4.307739 -0.026839
v 6.241584 4.307986 -0.013683
v 6.343457 4.303723 -0.070133
v 6.323193 4.304571 -0.068785
v 6.383206 4.302060 0.064793
v 6.401163 4.301308 0.058312
v 6.383206 4.302060 -0.064794
v 6.363720 4.302875 -0.068785
v 6.285750 4.306138 0.058312
v 6.303708 4.305387 0.064793
v 6.439419 4.299707 0.026838
v 6.323193 4.304571 0.068784
v 6.343457 4.303723 0.070131
v 6.416903 4.300650 -0.049592
v 6.401163 4.301308 -0.058313
v 6.257093 4.307337 0.038962
v 6.270010 4.306797 0.049590
v 6.439419 4.299707 -0.026839
v 6.429821 4.300109 -0.038964
v 6.363720 4.302875 0.068784
v 6.247495 4.307739 0.026838
v 6.429821 4.300109 0.038963
v 6.445330 4.299460 -0.013683
v 6.343457 4.303723 0.070131
v 6.416903 4.300650 0.049590
v 6.257093 4.307337 -0.038964
v 6.299708 4.214289 0.070131
v 6.279444 4.215137 0.068784
v 6.176213 4.131949 0.068784
v 6.192507 4.129056 0.070131
v 6.197835 4.218552 -0.013683
v 6.195839 4.218636 -0.000001
v 6.299708 4.214289 0.070131
v 6.319972 4.213441 0.068784
v 6.259959 4.215952 0.064793
v 6.357414 4.211874 -0.058313
v 6.339457 4.212626 -0.064794
v 6.213344 4.217903 -0.038964
v 6.197835 4.218552 0.013681
v 6.319972 4.213441 -0.068785
v 6.395670 4.210273 -0.026839
v 6.386072 4.210675 -0.038964
v 6.203746 4.218305 0.026838
v 6.401581 4.210026 -0.013683
v 6.299708 4.214289 -0.070133
v 6.403577 4.209942 -0.000001
v 6.213344 4.217903 0.038962
v 6.401581 4.210026 0.013681
v 6.279444 4.215137 -0.068785
v 6.395670 4.210273 0.026838
v 6.226262 4.217362 0.049590
v 6.386072 4.210675 0.038963
v 6.259959 4.215952 -0.064794
v 6.203746 4.218305 -0.026839
v 6.373155 4.211215 0.049590
v 6.242002 4.216704 0.058312
v 6.373155 4.211215 -0.049592
v 6.357414 4.211874 0.058312
v 6.339457 4.212626 0.064793
v 6.274423 4.114509 -0.013683
v 6.276028 4.114224 -0.000001
v 6.042767 4.057823 -0.000001
v 6.042029 4.058257 -0.013683
v 6.224470 4.123380 -0.064794
v 6.208801 4.126162 -0.068785
v 6.269670 4.115353 -0.026839
v 6.261952 4.116724 -0.038964
v 6.110591 4.143601 0.013681
v 6.115344 4.142757 0.026838
v 6.192508 4.129056 -0.070133
v 6.123062 4.141387 0.038962
v 6.274423 4.114509 0.013681
v 6.176213 4.131949 -0.068785
v 6.269670 4.115353 0.026838
v 6.133449 4.139543 0.049590
v 6.261952 4.116724 0.038963
v 6.160545 4.134731 -0.064794
v 6.123062 4.141387 -0.038964
v 6.115344 4.142757 -0.026839
v 6.251565 4.118568 0.049590
v 6.146106 4.137295 0.058312
v 6.251565 4.118568 -0.049592
v 6.238909 4.120816 0.058312
v 6.146106 4.137295 -0.058313
v 6.110591 4.143601 -0.013683
v 6.224469 4.123380 0.064793
v 6.160545 4.134731 0.064793
v 6.238909 4.120816 -0.058313
v 6.208801 4.126162 0.068784
v 6.133449 4.139543 -0.049592
v 6.108987 4.143887 -0.000001
v 6.192507 4.129056 0.070131
v 6.039842 4.059542 0.026838
v 6.036290 4.061628 0.038962
v 5.812315 4.050739 0.038962
v 5.812143 4.048500 0.026837
v 5.968826 4.101266 0.026837
v 5.972378 4.099180 0.038962
v 6.042029 4.058257 0.013681
v 6.004334 4.080404 -0.070133
v 5.996837 4.084810 -0.068785
v 5.977158 4.096372 0.049590
v 5.989627 4.089046 -0.064794
v 5.972378 4.099180 -0.038964
v 5.968826 4.101266 -0.026839
v 6.031510 4.064437 0.049590
v 5.982982 4.092950 0.058312
v 6.036290 4.061628 -0.038964
v 6.031510 4.064437 -0.049592
v 6.025687 4.067859 0.058312
v 5.982982 4.092950 -0.058313
v 5.966639 4.102551 -0.013683
v 6.019042 4.071763 0.064793
v 5.989627 4.089046 0.064793
v 6.025687 4.067859 -0.058313
v 6.011832 4.075999 0.068784
v 5.977158 4.096372 -0.049592
v 5.965901 4.102986 -0.000001
v 6.004334 4.080404 0.070131
v 5.996837 4.084810 0.068783
v 6.019042 4.071763 -0.064794
v 5.966639 4.102551 0.013681
v 6.004334 4.080404 0.070131
v 6.011832 4.075999 -0.068785
v 6.039842 4.059542 -0.026839
v 5.815693 4.094670 -0.013683
v 5.815588 4.093291 -0.026839
v 5.752714 4.101704 -0.026839
v 5.755596 4.102915 -0.013683
v 5.814230 4.075624 -0.068785
v 5.814579 4.080172 -0.064794
v 5.815415 4.091051 -0.038964
v 5.812547 4.053754 0.049590
v 5.815183 4.088036 0.049590
v 5.814901 4.084363 0.058312
v 5.812315 4.050739 -0.038964
v 5.812548 4.053754 -0.049592
v 5.812830 4.057428 0.058312
v 5.814901 4.084363 -0.058314
v 5.813152 4.061619 0.064793
v 5.814579 4.080172 0.064792
v 5.812830 4.057428 -0.058314
v 5.813502 4.066166 0.068783
v 5.815183 4.088036 -0.049592
v 5.815730 4.095136 -0.000001
v 5.813866 4.070895 0.070131
v 5.814230 4.075624 0.068783
v 5.813152 4.061619 -0.064794
v 5.815693 4.094670 0.013681
v 5.813866 4.070895 0.070131
v 5.813502 4.066166 -0.068785
v 5.812143 4.048500 -0.026839
v 5.815588 4.093291 0.026837
v 5.812037 4.047120 -0.013683
v 5.813866 4.070895 -0.070133
v 5.812000 4.046654 -0.000001
v 5.815415 4.091051 0.038962
v 5.812037 4.047120 0.013681
v 5.686543 4.073909 -0.064795
v 5.677788 4.070231 -0.058314
v 5.538956 4.106422 -0.058313
v 5.556334 4.107705 -0.064794
v 5.686543 4.073909 0.064792
v 5.677788 4.070231 0.058312
v 5.734061 4.093869 0.058311
v 5.725306 4.090191 0.064792
v 5.670113 4.067008 -0.049592
v 5.696044 4.077900 0.068783
v 5.734061 4.093869 -0.058314
v 5.741735 4.097093 -0.049592
v 5.756570 4.103323 -0.000001
v 5.705925 4.082050 0.070131
v 5.715805 4.086200 0.068783
v 5.748034 4.099739 -0.038964
v 5.755596 4.102915 0.013681
v 5.705925 4.082050 0.070131
v 5.696044 4.077900 -0.068785
v 5.659134 4.062396 -0.026839
v 5.663814 4.064363 -0.038964
v 5.752714 4.101704 0.026837
v 5.656252 4.061186 -0.013683
v 5.705925 4.082050 -0.070133
v 5.655278 4.060777 -0.000001
v 5.748034 4.099739 0.038962
v 5.656252 4.061186 0.013681
v 5.715805 4.086200 -0.068785
v 5.659134 4.062396 0.026837
v 5.741735 4.097093 0.049590
v 5.663814 4.064363 0.038962
v 5.725306 4.090191 -0.064795
v 5.670113 4.067008 0.049590
v 5.687661 4.117399 0.026837
v 5.693381 4.117821 0.013681
v 5.578730 4.176708 0.013681
v 5.573010 4.176286 0.026837
v 5.665873 4.115791 -0.049592
v 5.678373 4.116714 -0.038964
v 5.695312 4.117964 -0.000001
v 5.614408 4.111991 0.068783
v 5.594798 4.110544 0.070131
v 5.575190 4.109097 -0.068785
v 5.501935 4.103689 -0.026839
v 5.511224 4.104375 -0.038964
v 5.496216 4.103267 -0.013683
v 5.594799 4.110544 -0.070133
v 5.494284 4.103125 -0.000001
v 5.678373 4.116714 0.038962
v 5.496216 4.103267 0.013681
v 5.614408 4.111991 -0.068785
v 5.501935 4.103689 0.026837
v 5.665873 4.115791 0.049590
v 5.511224 4.104375 0.038962
v 5.633264 4.113383 -0.064794
v 5.687661 4.117399 -0.026839
v 5.523724 4.105298 0.049590
v 5.650641 4.114666 0.058312
v 5.523725 4.105298 -0.049592
v 5.538956 4.106422 0.058312
v 5.650641 4.114666 -0.058314
v 5.693381 4.117821 -0.013683
v 5.556334 4.107705 0.064793
v 5.633265 4.113383 0.064793
v 5.575190 4.109097 0.068783
v 5.594798 4.110544 0.070131
v 5.499757 4.170878 -0.068785
v 5.480147 4.169431 -0.070133
v 5.384143 4.226183 -0.070133
v 5.404735 4.226292 -0.068785
v 5.381564 4.162154 -0.013683
v 5.387284 4.162576 -0.026839
v 5.460538 4.167983 -0.068785
v 5.379632 4.162012 -0.000001
v 5.563722 4.175601 0.038962
v 5.381564 4.162154 0.013681
v 5.387284 4.162576 0.026837
v 5.551222 4.174678 0.049590
v 5.396572 4.163262 0.038962
v 5.518613 4.172270 -0.064794
v 5.563722 4.175601 -0.038964
v 5.573010 4.176286 -0.026839
v 5.409073 4.164185 0.049590
v 5.535991 4.173553 0.058312
v 5.396572 4.163262 -0.038964
v 5.409073 4.164185 -0.049592
v 5.424305 4.165308 0.058312
v 5.535991 4.173553 -0.058314
v 5.578730 4.176708 -0.013683
v 5.441682 4.166592 0.064793
v 5.518613 4.172270 0.064792
v 5.424305 4.165308 -0.058314
v 5.460538 4.167983 0.068783
v 5.551222 4.174678 -0.049592
v 5.580662 4.176850 -0.000001
v 5.480147 4.169431 0.070131
v 5.499757 4.170878 0.068783
v 5.441682 4.166592 -0.064794
v 5.480147 4.169431 0.070131
v 5.442784 4.226493 0.058311
v 5.458779 4.226578 0.049590
v 5.464712 4.332107 0.049590
v 5.448742 4.332329 0.058312
v 5.286625 4.225668 0.026837
v 5.280619 4.225636 0.013681
v 5.471906 4.226647 0.038962
v 5.296379 4.225720 0.038962
v 5.424535 4.226397 -0.064794
v 5.471906 4.226647 -0.038964
v 5.481659 4.226698 -0.026839
v 5.309505 4.225790 0.049590
v 5.296379 4.225720 -0.038964
v 5.309506 4.225790 -0.049592
v 5.325501 4.225874 0.058312
v 5.442784 4.226493 -0.058314
v 5.487666 4.226731 -0.013683
v 5.343750 4.225970 0.064792
v 5.424536 4.226397 0.064792
v 5.325501 4.225874 -0.058314
v 5.363550 4.226075 0.068783
v 5.458779 4.226578 -0.049592
v 5.489694 4.226741 -0.000001
v 5.384142 4.226183 0.070131
v 5.404735 4.226292 0.068783
v 5.343750 4.225970 -0.064794
v 5.487666 4.226731 0.013681
v 5.384142 4.226183 0.070131
v 5.363550 4.226075 -0.068785
v 5.286625 4.225668 -0.026839
v 5.481659 4.226698 0.026837
v 5.280619 4.225636 -0.013683
v 5.278590 4.225626 -0.000001
v 5.464712 4.332107 -0.049592
v 5.448742 4.332329 -0.058313
v 5.454232 4.599603 -0.058313
v 5.470229 4.599655 -0.049591
v 5.302566 4.334363 -0.038964
v 5.315672 4.334180 -0.049592
v 5.331643 4.333958 0.058312
v 5.315672 4.334180 0.049590
v 5.430522 4.332582 -0.064794
v 5.487556 4.331789 -0.026839
v 5.493553 4.331706 -0.013683
v 5.349862 4.333704 0.064793
v 5.430522 4.332582 0.064793
v 5.331643 4.333958 -0.058313
v 5.369632 4.333429 0.068784
v 5.495578 4.331677 -0.000001
v 5.390192 4.333143 0.070131
v 5.410752 4.332857 0.068784
v 5.349862 4.333704 -0.064794
v 5.477818 4.331925 -0.038964
v 5.493553 4.331706 0.013681
v 5.390192 4.333143 0.070131
v 5.369632 4.333429 -0.068785
v 5.292828 4.334497 -0.026839
v 5.487556 4.331789 0.026838
v 5.286830 4.334581 -0.013683
v 5.390192 4.333143 -0.070133
v 5.284805 4.334610 -0.000001
v 5.477818 4.331925 0.038962
v 5.286830 4.334581 0.013681
v 5.410752 4.332857 -0.068785
v 5.292828 4.334497 0.026838
v 5.302566 4.334363 0.038962
v 5.395580 4.599413 0.070132
v 5.416176 4.599480 0.068784
v 5.421826 5.232069 0.068786
v 5.401229 5.232112 0.070134
v 5.499121 4.599749 -0.013682
v 5.501149 4.599755 -0.000000
v 5.395580 4.599413 0.070132
v 5.374985 4.599347 0.068784
v 5.435981 4.599544 0.064793
v 5.336930 4.599224 -0.058313
v 5.355181 4.599283 -0.064794
v 5.483358 4.599698 -0.038963
v 5.499121 4.599749 0.013682
v 5.374985 4.599347 -0.068785
v 5.298047 4.599098 -0.026839
v 5.307802 4.599130 -0.038963
v 5.493114 4.599729 0.026838
v 5.292040 4.599079 -0.013682
v 5.395581 4.599413 -0.070132
v 5.290010 4.599072 -0.000000
v 5.483358 4.599698 0.038963
v 5.292040 4.599079 0.013682
v 5.416176 4.599480 -0.068785
v 5.298047 4.599098 0.026838
v 5.470229 4.599655 0.049590
v 5.307802 4.599130 0.038963
v 5.435980 4.599545 -0.064794
v 5.493114 4.599729 -0.026839
v 5.320931 4.599173 0.049590
v 5.454232 4.599603 0.058312
v 5.320932 4.599173 -0.049591
v 5.336930 4.599224 0.058312
v 5.355181 4.599283 0.064793
v 5.297682 5.232333 -0.013680
v 5.295653 5.232337 0.000002
v 5.317394 5.771934 0.000004
v 5.319424 5.771928 -0.013678
v 5.360827 5.232199 -0.064791
v 5.380632 5.232156 -0.068782
v 5.303690 5.232320 -0.026836
v 5.313446 5.232299 -0.038961
v 5.504775 5.231894 0.013684
v 5.498768 5.231906 0.026840
v 5.401229 5.232112 -0.070130
v 5.489011 5.231927 0.038965
v 5.297682 5.232333 0.013684
v 5.421825 5.232069 -0.068782
v 5.303690 5.232320 0.026841
v 5.475882 5.231954 0.049593
v 5.313446 5.232299 0.038965
v 5.441630 5.232027 -0.064791
v 5.489011 5.231927 -0.038961
v 5.498768 5.231906 -0.026836
v 5.326576 5.232272 0.049593
v 5.459884 5.231988 0.058315
v 5.326576 5.232272 -0.049589
v 5.342575 5.232237 0.058315
v 5.459884 5.231988 -0.058310
v 5.504775 5.231894 -0.013680
v 5.360827 5.232199 0.064796
v 5.441631 5.232027 0.064796
v 5.342575 5.232237 -0.058310
v 5.380632 5.232156 0.068787
v 5.475882 5.231954 -0.049589
v 5.506804 5.231889 0.000002
v 5.401229 5.232112 0.070134
v 5.516821 5.751689 -0.012710
v 5.514365 5.753202 0.000397
v 5.522332 5.664521 0.000076
v 5.519820 5.653479 -0.013456
v 5.514500 5.623068 0.026882
v 5.505015 5.628837 0.039017
v 5.319424 5.771928 0.013686
v 5.422971 5.771709 -0.070128
v 5.443567 5.771665 -0.068780
v 5.325431 5.771916 0.026843
v 5.497610 5.771235 0.049595
v 5.335187 5.771896 0.038967
v 5.463372 5.771624 -0.064789
v 5.508553 5.731503 -0.038742
v 5.518414 5.720078 -0.026836
v 5.348317 5.771868 0.049595
v 5.481625 5.771585 0.058317
v 5.335187 5.771896 -0.038959
v 5.348317 5.771868 -0.049587
v 5.364316 5.771833 0.058317
v 5.480779 5.752858 -0.058242
v 5.382568 5.771795 0.064798
v 5.463373 5.771623 0.064798
v 5.364316 5.771833 -0.058308
v 5.402374 5.771753 0.068789
v 5.495835 5.735267 -0.049386
v 5.422970 5.771709 0.070136
v 5.443567 5.771665 0.068789
v 5.382568 5.771795 -0.064789
v 5.520792 5.638079 0.013716
v 5.422970 5.771709 0.070136
v 5.402374 5.771753 -0.068780
v 5.325431 5.771916 -0.026834
v 6.383860 5.567254 0.064793
v 6.402113 5.567254 0.058312
v 6.397106 5.739192 0.058312
v 6.380409 5.737498 0.064793
v 6.303052 5.567254 -0.064794
v 6.322858 5.567254 -0.068785
v 6.431242 5.567254 -0.038964
v 6.440999 5.567254 -0.026839
v 6.364053 5.567254 0.068784
v 6.343456 5.567254 -0.070133
v 6.364053 5.567254 -0.068785
v 6.322858 5.567254 0.068784
v 6.303052 5.567254 0.064793
v 6.440999 5.567254 0.026838
v 6.431242 5.567254 0.038963
v 6.383860 5.567254 -0.064794
v 6.402113 5.567254 -0.058313
v 6.284799 5.567254 0.058312
v 6.268800 5.567254 0.049590
v 6.447007 5.567254 -0.013683
v 6.418112 5.567254 -0.049592
v 6.343456 5.567254 0.070131
v 6.255670 5.567254 0.038962
v 6.245913 5.567254 0.026838
v 6.255670 5.567254 -0.038964
v 6.268800 5.567254 -0.049592
v 6.418112 5.567254 0.049590
v 6.239905 5.567254 0.013681
v 6.284799 5.567254 -0.058313
v 6.449036 5.567254 -0.000001
v 6.245913 5.567254 -0.026839
v 6.447007 5.567254 0.013681
v 6.343456 5.567254 0.070131
v 6.324610 5.731838 0.068784
v 6.343451 5.733748 0.070131
v 6.322693 5.765920 0.070131
v 6.308839 5.762420 0.068784
v 6.275161 5.726822 -0.049592
v 6.289795 5.728306 -0.058313
v 6.246874 5.723952 -0.000001
v 6.248730 5.724141 -0.013683
v 6.362292 5.735660 0.068784
v 6.306492 5.730000 0.064793
v 6.380409 5.737498 -0.064794
v 6.397106 5.739192 -0.058313
v 6.343451 5.733748 0.070131
v 6.263150 5.725604 -0.038964
v 6.248730 5.724141 0.013681
v 6.362292 5.735660 -0.068785
v 6.254225 5.724698 -0.026839
v 6.254225 5.724698 0.026838
v 6.423751 5.741894 -0.038964
v 6.432676 5.742800 -0.026839
v 6.343451 5.733748 -0.070133
v 6.438171 5.743357 -0.013683
v 6.263150 5.725604 0.038962
v 6.440028 5.743546 -0.000001
v 6.324610 5.731838 -0.068785
v 6.438171 5.743357 0.013681
v 6.275161 5.726822 0.049590
v 6.432676 5.742800 0.026838
v 6.306492 5.730000 -0.064794
v 6.423751 5.741894 0.038963
v 6.289795 5.728306 0.058312
v 6.411741 5.740676 -0.049592
v 6.411741 5.740676 0.049590
v 6.392346 5.783515 -0.013683
v 6.388306 5.782495 -0.026839
v 6.230720 5.801073 -0.026839
v 6.231023 5.802451 -0.013683
v 6.336548 5.769420 -0.068785
v 6.349871 5.772785 -0.064794
v 6.257082 5.749346 -0.026839
v 6.263644 5.751003 -0.038964
v 6.257082 5.749346 0.026838
v 6.253039 5.748325 0.013681
v 6.381742 5.780837 -0.038964
v 6.322693 5.765920 -0.070133
v 6.263644 5.751003 0.038962
v 6.393712 5.783861 -0.000001
v 6.308839 5.762420 -0.068785
v 6.392346 5.783515 0.013681
v 6.272476 5.753234 0.049590
v 6.388306 5.782495 0.026838
v 6.295515 5.759055 -0.064794
v 6.381742 5.780837 0.038963
v 6.283237 5.755953 0.058312
v 6.372910 5.778606 -0.049592
v 6.372910 5.778606 0.049590
v 6.283237 5.755953 -0.058313
v 6.253039 5.748325 -0.013683
v 6.362148 5.775887 0.058312
v 6.295515 5.759055 0.064793
v 6.362148 5.775887 -0.058313
v 6.349871 5.772785 0.064793
v 6.272476 5.753234 -0.049592
v 6.251675 5.747980 -0.000001
v 6.336548 5.769420 0.068784
v 6.322693 5.765920 0.070131
v 6.230720 5.801073 0.026838
v 6.231023 5.802451 0.013681
v 6.025894 5.787729 0.010758
v 6.027235 5.786689 0.021103
v 6.221371 5.758569 0.038963
v 6.220880 5.756332 0.026838
v 6.231125 5.802917 -0.000001
v 6.224761 5.773979 -0.068785
v 6.225800 5.778703 -0.070133
v 6.222034 5.761580 0.049590
v 6.223761 5.769436 -0.064794
v 6.230228 5.798835 0.038963
v 6.222841 5.765250 0.058312
v 6.229566 5.795824 -0.049591
v 6.230228 5.798835 -0.038964
v 6.229566 5.795824 0.049590
v 6.222841 5.765250 -0.058313
v 6.220576 5.754953 -0.013683
v 6.220880 5.756332 -0.026839
v 6.228758 5.792155 0.058312
v 6.223761 5.769436 0.064793
v 6.228758 5.792155 -0.058313
v 6.227838 5.787968 0.064793
v 6.222034 5.761580 -0.049591
v 6.220474 5.754488 -0.000001
v 6.226839 5.783426 0.068784
v 6.224761 5.773978 0.068784
v 6.227838 5.787968 -0.064794
v 6.225800 5.778703 0.070131
v 6.221371 5.758569 -0.038964
v 6.220576 5.754953 0.013681
v 6.225800 5.778703 0.070131
v 6.226839 5.783426 -0.068785
v 6.070772 5.752912 0.021103
v 6.068594 5.754601 0.030637
v 5.891430 5.752005 0.030637
v 5.889305 5.750311 0.021103
v 6.058019 5.762805 -0.050949
v 6.053599 5.766234 -0.054087
v 6.029412 5.784999 0.030637
v 6.062094 5.759644 0.045852
v 6.065664 5.756874 0.038994
v 6.032342 5.782726 -0.038995
v 6.029412 5.784999 -0.030638
v 6.032342 5.782726 0.038994
v 6.062094 5.759644 -0.045853
v 6.072113 5.751871 -0.010759
v 6.070772 5.752912 -0.021104
v 6.035913 5.779957 0.045852
v 6.058019 5.762805 0.050948
v 6.035913 5.779957 -0.045853
v 6.039986 5.776796 0.050948
v 6.065664 5.756874 -0.038995
v 6.072565 5.751520 -0.000001
v 6.044407 5.773367 0.054086
v 6.053601 5.766233 0.054086
v 6.039986 5.776796 -0.050949
v 6.049003 5.769800 0.055146
v 6.068594 5.754601 -0.030638
v 6.072113 5.751871 0.010758
v 6.049003 5.769800 0.055146
v 6.044407 5.773367 -0.054087
v 6.027235 5.786689 -0.021104
v 6.049003 5.769800 -0.055147
v 6.025894 5.787729 -0.010759
v 6.025440 5.788080 -0.000001
v 5.906071 5.763661 -0.054087
v 5.901754 5.760225 -0.050949
v 5.677487 5.775225 -0.050949
v 5.684651 5.778400 -0.054087
v 5.933123 5.785201 -0.010759
v 5.933564 5.785553 -0.000001
v 5.910559 5.767235 -0.055147
v 5.933123 5.785201 0.010758
v 5.894291 5.754282 0.038994
v 5.931813 5.784158 0.021103
v 5.929687 5.782465 0.030637
v 5.897778 5.757058 0.045852
v 5.926826 5.780188 -0.038995
v 5.929687 5.782465 -0.030638
v 5.926826 5.780188 0.038994
v 5.897778 5.757058 -0.045853
v 5.887996 5.749269 -0.010759
v 5.889305 5.750311 -0.021104
v 5.923341 5.777412 0.045852
v 5.901754 5.760225 0.050948
v 5.923341 5.777412 -0.045853
v 5.919363 5.774245 0.050948
v 5.894291 5.754282 -0.038995
v 5.887553 5.748918 -0.000001
v 5.915048 5.770809 0.054086
v 5.906072 5.763661 0.054086
v 5.919363 5.774245 -0.050949
v 5.910559 5.767235 0.055146
v 5.891430 5.752005 -0.030638
v 5.887996 5.749269 0.010758
v 5.910559 5.767235 0.055146
v 5.915048 5.770809 -0.054087
v 5.931813 5.784158 -0.021104
v 5.670886 5.772298 0.045852
v 5.677487 5.775225 0.050948
v 5.524323 5.808184 0.050912
v 5.530941 5.802856 0.045680
v 5.727376 5.797343 0.021103
v 5.723847 5.795779 0.030637
v 5.665100 5.769733 0.038994
v 5.719099 5.793674 -0.038995
v 5.723847 5.795779 -0.030638
v 5.719099 5.793674 0.038994
v 5.670886 5.772298 -0.045853
v 5.654651 5.765100 -0.010759
v 5.656823 5.766064 -0.021104
v 5.713314 5.791108 0.045852
v 5.713314 5.791108 -0.045853
v 5.706712 5.788181 0.050948
v 5.665100 5.769733 -0.038995
v 5.653917 5.764775 -0.000000
v 5.699549 5.785006 0.054086
v 5.684650 5.778400 0.054086
v 5.706712 5.788181 -0.050949
v 5.692100 5.781703 0.055146
v 5.660351 5.767628 -0.030638
v 5.654651 5.765100 0.010758
v 5.692100 5.781703 0.055146
v 5.699549 5.785006 -0.054087
v 5.656823 5.766064 0.021103
v 5.727376 5.797343 -0.021104
v 5.692100 5.781703 -0.055147
v 5.729549 5.798306 -0.010759
v 5.660351 5.767628 0.030637
v 5.730283 5.798632 -0.000000
v 5.729549 5.798306 0.010758
v 5.534538 5.798900 0.038787
v 5.443822 5.812183 0.045852
v 5.447928 5.809453 0.038994
v 5.541631 5.818175 -0.045357
v 5.536785 5.822313 -0.038637
v 5.520936 5.824586 0.045742
v 5.517012 5.822973 0.050934
v 5.540972 5.797690 -0.038913
v 5.543697 5.799144 -0.045676
v 5.543494 5.790483 0.000015
v 5.546714 5.791020 -0.010684
v 5.517976 5.819631 0.054086
v 5.521396 5.812228 0.054086
v 5.544243 5.814323 -0.050361
v 5.519679 5.815931 0.055146
v 5.540377 5.795719 -0.030561
v 5.544281 5.790094 0.010665
v 5.519679 5.815931 0.055146
v 5.544274 5.810986 -0.053467
v 5.540783 5.794167 -0.021060
v 5.539223 5.793272 0.020954
v 5.532641 5.825725 -0.030402
v 5.522365 5.830324 -0.021020
v 5.544067 5.807588 -0.054520
v 5.514342 5.833597 -0.010746
v 5.541539 5.793815 0.030354
v 5.511122 5.834840 -0.000000
v 5.544281 5.804057 -0.053471
v 5.511449 5.834431 0.010757
v 5.511683 5.833426 0.021103
v 5.544366 5.800854 -0.050412
v 5.513237 5.831454 0.030628
v 5.522117 5.826751 0.038866
v 5.402183 5.839869 0.010758
v 5.401662 5.840214 -0.000000
v 5.318666 5.801041 -0.000000
v 5.320250 5.801001 0.010758
v 5.409600 5.834937 -0.038995
v 5.406230 5.837178 -0.030638
v 5.406230 5.837178 0.030637
v 5.409601 5.834937 0.038994
v 5.502865 5.796006 -0.045991
v 5.478063 5.803661 -0.050371
v 5.486423 5.800020 -0.010832
v 5.505123 5.795774 -0.021582
v 5.413707 5.832206 0.045852
v 5.439135 5.815299 0.050948
v 5.413707 5.832206 -0.045853
v 5.418393 5.829091 0.050948
v 5.514360 5.791349 -0.039378
v 5.455865 5.804175 -0.000000
v 5.423477 5.825710 0.054086
v 5.434052 5.818679 0.054086
v 5.418393 5.829091 -0.050949
v 5.428765 5.822195 0.055146
v 5.516319 5.790632 -0.031079
v 5.455345 5.804521 0.010758
v 5.428765 5.822195 0.055146
v 5.423477 5.825710 -0.054087
v 5.453803 5.805547 0.021103
v 5.403726 5.838843 -0.021104
v 5.428765 5.822195 -0.055147
v 5.402183 5.839869 -0.010759
v 5.451298 5.807212 0.030637
v 5.434052 5.818680 -0.054087
v 5.403726 5.838843 0.021103
v 5.342834 5.800426 0.038994
v 5.332573 5.800688 0.030637
v 5.331725 5.789450 0.040678
v 5.345433 5.789458 0.051773
v 5.459529 5.797460 0.038994
v 5.469789 5.797198 0.030637
v 5.324948 5.800882 0.021103
v 5.432759 5.798140 -0.050949
v 5.417277 5.798534 -0.054087
v 5.447025 5.797777 0.045852
v 5.342834 5.800426 -0.038995
v 5.332573 5.800688 -0.030638
v 5.475340 5.789865 -0.048541
v 5.500368 5.793808 -0.012068
v 5.503018 5.787313 -0.023093
v 5.355337 5.800109 0.045852
v 5.432759 5.798140 0.050948
v 5.355337 5.800109 -0.045853
v 5.369604 5.799746 0.050948
v 5.497286 5.781053 -0.041527
v 5.483696 5.796844 -0.000000
v 5.385082 5.799353 0.054086
v 5.417280 5.798534 0.054086
v 5.369604 5.799746 -0.050949
v 5.401181 5.798943 0.055146
v 5.505422 5.779620 -0.032794
v 5.482110 5.796885 0.010758
v 5.401181 5.798943 0.055146
v 5.385082 5.799353 -0.054087
v 5.477415 5.797005 0.021103
v 5.324948 5.800882 -0.021104
v 5.401181 5.798943 -0.055147
v 5.320250 5.801001 -0.010759
v 5.512161 5.762354 -0.024938
v 5.478012 5.776459 -0.055153
v 5.465557 5.789531 -0.067645
v 5.362134 5.789469 0.060878
v 5.465557 5.789531 0.067644
v 5.484613 5.789544 0.060878
v 5.362134 5.789469 -0.060879
v 5.345433 5.789458 -0.051773
v 5.381192 5.789480 0.067644
v 5.494027 5.763309 -0.045393
v 5.401869 5.789493 0.071811
v 5.444879 5.789519 0.071811
v 5.381192 5.789480 -0.067645
v 5.423374 5.789506 0.073218
v 5.505054 5.759334 -0.035472
v 5.514366 5.752542 0.013413
v 5.423374 5.789506 0.073218
v 5.401869 5.789493 -0.071812
v 5.505418 5.740773 0.025531
v 5.331725 5.789450 -0.040678
v 5.321539 5.789444 -0.028020
v 5.423374 5.789506 -0.073219
v 5.315264 5.789441 -0.014284
v 5.495384 5.739090 0.036739
v 5.313148 5.789439 -0.000000
v 5.444875 5.789519 -0.071812
v 5.315264 5.789441 0.014284
v 5.501101 5.789361 0.051707
v 5.321539 5.789444 0.028019
v 7.614833 5.848471 -0.013683
v 7.612804 5.848471 -0.000001
v 7.612811 6.082785 -0.000001
v 7.614840 6.082785 -0.013683
v 7.806170 5.848471 -0.038964
v 7.815927 5.848471 -0.026839
v 7.758788 5.848471 0.064792
v 7.738981 5.848471 0.068783
v 7.718384 5.848471 -0.070133
v 7.738981 5.848471 -0.068785
v 7.697786 5.848471 0.068783
v 7.677980 5.848471 0.064792
v 7.815927 5.848471 0.026837
v 7.806170 5.848471 0.038962
v 7.758788 5.848471 -0.064795
v 7.777040 5.848471 -0.058314
v 7.659727 5.848471 0.058311
v 7.643728 5.848471 0.049590
v 7.821935 5.848471 -0.013683
v 7.793040 5.848471 -0.049592
v 7.718384 5.848471 0.070131
v 7.630598 5.848471 0.038962
v 7.620841 5.848471 0.026837
v 7.630598 5.848471 -0.038964
v 7.643728 5.848471 -0.049592
v 7.793040 5.848471 0.049590
v 7.614833 5.848471 0.013681
v 7.659727 5.848471 -0.058314
v 7.823964 5.848471 -0.000001
v 7.620841 5.848471 -0.026839
v 7.777040 5.848471 0.058312
v 7.821935 5.848471 0.013681
v 7.718384 5.848471 0.070131
v 7.612962 5.306087 -0.000001
v 7.601578 5.110335 -0.000001
v 7.603603 5.110309 0.013681
v 7.659813 5.305494 -0.058314
v 7.643839 5.305696 -0.049592
v 7.806035 5.303643 0.038962
v 7.815776 5.303519 0.026837
v 7.614988 5.306061 -0.013683
v 7.697815 5.305013 -0.068785
v 7.678039 5.305263 -0.064795
v 7.821775 5.303443 -0.013683
v 7.815776 5.303519 -0.026839
v 7.718381 5.304753 0.070131
v 7.738948 5.304492 0.068783
v 7.738948 5.304492 -0.068785
v 7.718381 5.304753 -0.070133
v 7.678039 5.305263 0.064792
v 7.697815 5.305013 0.068783
v 7.792925 5.303809 0.049590
v 7.630728 5.305863 -0.038964
v 7.620986 5.305986 -0.026839
v 7.776949 5.304011 -0.058314
v 7.758724 5.304242 -0.064795
v 7.643839 5.305696 0.049590
v 7.659813 5.305494 0.058311
v 7.823801 5.303418 -0.000001
v 7.806035 5.303643 -0.038964
v 7.792925 5.303809 -0.049592
v 7.630728 5.305863 0.038962
v 7.776949 5.304011 0.058312
v 7.821775 5.303443 0.013681
v 7.758724 5.304242 0.064792
v 7.718381 5.304753 0.070131
v 7.706997 5.109000 -0.070133
v 7.727563 5.108740 -0.068785
v 7.684412 5.063530 -0.068785
v 7.669857 5.066877 -0.070133
v 7.686431 5.109260 0.068783
v 7.706997 5.109000 0.070131
v 7.747340 5.108490 -0.064795
v 7.804392 5.107767 -0.026839
v 7.794651 5.107891 -0.038964
v 7.609602 5.110233 0.026837
v 7.810391 5.107691 -0.013683
v 7.812417 5.107665 -0.000001
v 7.619344 5.110110 0.038962
v 7.810391 5.107691 0.013681
v 7.686431 5.109260 -0.068785
v 7.804392 5.107767 0.026837
v 7.632454 5.109944 0.049590
v 7.794651 5.107891 0.038962
v 7.666655 5.109510 -0.064795
v 7.619344 5.110110 -0.038964
v 7.609602 5.110233 -0.026839
v 7.781540 5.108057 0.049590
v 7.648429 5.109741 0.058311
v 7.781540 5.108057 -0.049592
v 7.765565 5.108259 0.058312
v 7.648429 5.109741 -0.058314
v 7.603603 5.110309 -0.013683
v 7.747340 5.108490 0.064792
v 7.666655 5.109510 0.064792
v 7.765565 5.108259 -0.058314
v 7.727563 5.108740 0.068783
v 7.632454 5.109944 -0.049592
v 7.706997 5.109000 0.070131
v 7.617101 5.079007 0.049590
v 7.607821 5.081141 0.038962
v 7.466718 5.041950 0.038962
v 7.471268 5.039121 0.049590
v 7.744464 5.049722 -0.000001
v 7.743032 5.050052 -0.013683
v 7.600927 5.082726 0.026837
v 7.743032 5.050052 0.013681
v 7.655300 5.070223 -0.068785
v 7.738785 5.051028 0.026837
v 7.731892 5.052614 0.038962
v 7.641304 5.073441 -0.064795
v 7.607821 5.081141 -0.038964
v 7.600927 5.082726 -0.026839
v 7.722613 5.054747 0.049590
v 7.628406 5.076407 0.058311
v 7.731892 5.052614 -0.038964
v 7.722613 5.054747 -0.049592
v 7.711307 5.057346 0.058312
v 7.628406 5.076407 -0.058314
v 7.596681 5.083702 -0.013683
v 7.698408 5.060312 0.064792
v 7.641304 5.073441 0.064792
v 7.711307 5.057346 -0.058314
v 7.684412 5.063530 0.068783
v 7.617101 5.079007 -0.049592
v 7.595248 5.084031 -0.000001
v 7.669857 5.066877 0.070131
v 7.655300 5.070223 0.068783
v 7.698408 5.060312 -0.064795
v 7.596681 5.083702 0.013681
v 7.669857 5.066877 0.070131
v 7.738785 5.051028 -0.026839
v 7.476810 5.035675 -0.058314
v 7.483134 5.031743 -0.064795
v 7.328197 5.018080 -0.064795
v 7.327702 5.022270 -0.058314
v 7.527546 5.004129 0.038962
v 7.530926 5.002027 0.026837
v 7.489995 5.027476 -0.068785
v 7.466718 5.041950 -0.038964
v 7.463338 5.044051 -0.026839
v 7.522998 5.006958 0.049590
v 7.476810 5.035675 0.058311
v 7.527546 5.004129 -0.038964
v 7.522998 5.006958 -0.049592
v 7.517455 5.010404 0.058312
v 7.461256 5.045345 -0.013683
v 7.511131 5.014336 0.064792
v 7.483133 5.031743 0.064792
v 7.517455 5.010404 -0.058314
v 7.504269 5.018602 0.068783
v 7.471268 5.039121 -0.049592
v 7.460554 5.045783 -0.000001
v 7.497133 5.023039 0.070131
v 7.489995 5.027476 0.068783
v 7.511131 5.014336 -0.064795
v 7.461256 5.045345 0.013681
v 7.497133 5.023039 0.070131
v 7.504269 5.018602 -0.068785
v 7.530926 5.002027 -0.026839
v 7.463338 5.044051 0.026837
v 7.533008 5.000733 -0.013683
v 7.497133 5.023039 -0.070133
v 7.533710 5.000296 -0.000001
v 7.533008 5.000733 0.013681
v 7.328734 5.013534 0.068783
v 7.328197 5.018080 0.064792
v 7.151833 5.030780 0.064792
v 7.145904 5.026441 0.068783
v 7.326648 5.031196 -0.026839
v 7.326485 5.032575 -0.013683
v 7.330390 4.999530 0.064792
v 7.330885 4.995341 0.058311
v 7.327702 5.022270 0.058311
v 7.331319 4.991668 -0.049592
v 7.330885 4.995341 -0.058314
v 7.329853 5.004077 0.068783
v 7.327271 5.025942 -0.049592
v 7.326431 5.033041 -0.000001
v 7.329294 5.008805 0.070131
v 7.330390 4.999530 -0.064795
v 7.326913 5.028957 -0.038964
v 7.326485 5.032575 0.013681
v 7.329294 5.008805 0.070131
v 7.329853 5.004077 -0.068786
v 7.331938 4.986414 -0.026839
v 7.331675 4.988654 -0.038964
v 7.326648 5.031196 0.026837
v 7.332102 4.985035 -0.013683
v 7.329294 5.008805 -0.070133
v 7.332156 4.984569 -0.000001
v 7.326913 5.028957 0.038962
v 7.332102 4.985035 0.013681
v 7.328734 5.013534 -0.068786
v 7.331938 4.986414 0.026837
v 7.327271 5.025942 0.049590
v 7.331675 4.988654 0.038962
v 7.331319 4.991668 0.049590
v 7.113461 5.002692 -0.038964
v 7.110538 5.000555 -0.026839
v 6.925009 5.040874 -0.026839
v 6.930813 5.042675 -0.038964
v 7.122181 5.009075 -0.058314
v 7.127645 5.013074 -0.064795
v 7.162087 5.038284 -0.049592
v 7.166017 5.041162 -0.038964
v 7.171343 5.045061 -0.000001
v 7.170734 5.044616 0.013681
v 7.139738 5.021926 0.070131
v 7.133574 5.017414 -0.068786
v 7.168937 5.043299 0.026837
v 7.108741 4.999238 -0.013683
v 7.139738 5.021926 -0.070133
v 7.108133 4.998794 -0.000001
v 7.166017 5.041162 0.038962
v 7.108741 4.999238 0.013681
v 7.145904 5.026441 -0.068786
v 7.110538 5.000555 0.026837
v 7.162087 5.038284 0.049590
v 7.113461 5.002692 0.038962
v 7.151833 5.030780 -0.064795
v 7.168937 5.043299 -0.026840
v 7.117392 5.005569 0.049590
v 7.157296 5.034779 0.058311
v 7.117392 5.005569 -0.049592
v 7.122181 5.009075 0.058311
v 7.157296 5.034779 -0.058314
v 7.170734 5.044616 -0.013683
v 7.127645 5.013074 0.064792
v 7.133574 5.017414 0.068783
v 7.139738 5.021926 0.070131
v 6.920230 5.039390 -0.000001
v 6.921437 5.039764 0.013681
v 6.790670 5.098362 0.013681
v 6.788716 5.098237 -0.000001
v 7.044600 5.077998 0.013681
v 7.041028 5.076889 0.026837
v 6.921437 5.039764 -0.013683
v 6.970771 5.055079 -0.068786
v 6.983019 5.058881 -0.070133
v 7.035227 5.075088 0.038962
v 6.995268 5.062683 -0.068786
v 6.925009 5.040874 0.026837
v 7.027418 5.072663 0.049590
v 6.930813 5.042675 0.038962
v 7.007047 5.066340 -0.064795
v 7.035227 5.075088 -0.038964
v 7.041028 5.076889 -0.026840
v 6.938622 5.045099 0.049590
v 7.017902 5.069710 0.058311
v 6.938622 5.045099 -0.049592
v 6.948137 5.048052 0.058311
v 7.017902 5.069710 -0.058314
v 7.044600 5.077998 -0.013683
v 6.958992 5.051422 0.064792
v 7.007047 5.066340 0.064792
v 6.948137 5.048052 -0.058314
v 6.970771 5.055079 0.068783
v 7.027418 5.072663 -0.049592
v 7.045808 5.078373 -0.000001
v 6.983019 5.058881 0.070131
v 6.995268 5.062683 0.068783
v 6.958992 5.051422 -0.064795
v 6.983019 5.058881 0.070131
v 6.805851 5.099339 0.038962
v 6.818494 5.100151 0.049590
v 6.809003 5.168863 0.049590
v 6.795875 5.168892 0.038962
v 6.890383 5.104775 -0.070133
v 6.910218 5.106051 -0.068786
v 6.796455 5.098734 0.026837
v 6.974918 5.110212 0.038962
v 6.962274 5.109399 0.049589
v 6.929290 5.107278 -0.064795
v 6.974918 5.110212 -0.038964
v 6.984311 5.110816 -0.026840
v 6.946867 5.108408 0.058311
v 6.805851 5.099339 -0.038964
v 6.818494 5.100151 -0.049592
v 6.833901 5.101143 0.058311
v 6.946867 5.108408 -0.058314
v 6.990097 5.111189 -0.013683
v 6.851478 5.102273 0.064792
v 6.929290 5.107278 0.064792
v 6.833901 5.101143 -0.058314
v 6.870551 5.103499 0.068783
v 6.962274 5.109399 -0.049592
v 6.992052 5.111314 -0.000001
v 6.890383 5.104775 0.070131
v 6.910218 5.106051 0.068783
v 6.851478 5.102273 -0.064795
v 6.990097 5.111189 0.013681
v 6.890383 5.104775 0.070131
v 6.870551 5.103499 -0.068786
v 6.796455 5.098734 -0.026840
v 6.984311 5.110816 0.026837
v 6.790670 5.098362 -0.013683
v 6.843254 5.168785 0.064792
v 6.863060 5.168740 0.068783
v 6.870155 5.764201 0.068783
v 6.850382 5.763932 0.064792
v 6.958308 5.168523 0.049589
v 6.942310 5.168560 0.058311
v 6.795875 5.168892 -0.038964
v 6.809003 5.168863 -0.049592
v 6.825002 5.168826 0.058311
v 6.924057 5.168602 -0.064795
v 6.942310 5.168560 -0.058314
v 6.981193 5.168471 -0.026840
v 6.987201 5.168458 -0.013683
v 6.924057 5.168602 0.064792
v 6.825002 5.168826 -0.058314
v 6.958308 5.168523 -0.049592
v 6.989231 5.168453 -0.000001
v 6.883655 5.168693 0.070131
v 6.904252 5.168646 0.068783
v 6.843254 5.168785 -0.064795
v 6.971439 5.168494 -0.038964
v 6.987201 5.168458 0.013681
v 6.883655 5.168693 0.070131
v 6.863060 5.168740 -0.068786
v 6.786118 5.168915 -0.026840
v 6.981193 5.168471 0.026837
v 6.780110 5.168929 -0.013683
v 6.883655 5.168693 -0.070133
v 6.778081 5.168933 -0.000001
v 6.971439 5.168494 0.038962
v 6.780110 5.168929 0.013681
v 6.904252 5.168646 -0.068786
v 6.786118 5.168915 0.026837
v 6.890715 5.764480 0.070131
v 6.911277 5.764759 0.068783
v 6.872694 5.858660 0.068783
v 6.853491 5.856950 0.070131
v 6.949270 5.765275 -0.058314
v 6.965241 5.765491 -0.049592
v 6.994086 5.765884 -0.013683
v 6.996111 5.765911 -0.000001
v 6.890715 5.764480 0.070131
v 6.931048 5.765028 0.064792
v 6.832162 5.763685 -0.058314
v 6.850382 5.763932 -0.064795
v 6.978350 5.765670 -0.038964
v 6.994086 5.765884 0.013681
v 6.870155 5.764201 -0.068786
v 6.793343 5.763158 -0.026840
v 6.803083 5.763290 -0.038964
v 6.988088 5.765802 0.026837
v 6.787345 5.763077 -0.013683
v 6.890715 5.764480 -0.070133
v 6.785320 5.763049 -0.000001
v 6.978350 5.765670 0.038962
v 6.787345 5.763077 0.013681
v 6.911277 5.764759 -0.068786
v 6.793343 5.763158 0.026837
v 6.965241 5.765491 0.049589
v 6.803083 5.763290 0.038962
v 6.931049 5.765028 -0.064795
v 6.988088 5.765802 -0.026840
v 6.816189 5.763468 0.049590
v 6.949270 5.765275 0.058311
v 6.816189 5.763468 -0.049592
v 6.832162 5.763685 0.058311
v 6.756952 5.848349 -0.013683
v 6.755061 5.848180 -0.000001
v 6.668612 5.893675 -0.000001
v 6.669820 5.894049 -0.013683
v 6.815825 5.853593 -0.064795
v 6.834290 5.855238 -0.068786
v 6.762553 5.848848 -0.026840
v 6.771650 5.849658 -0.038964
v 6.950030 5.865551 0.013681
v 6.944429 5.865051 0.026837
v 6.853491 5.856950 -0.070133
v 6.935336 5.864241 0.038962
v 6.756952 5.848349 0.013681
v 6.872694 5.858660 -0.068786
v 6.762553 5.848848 0.026837
v 6.923094 5.863150 0.049589
v 6.771650 5.849658 0.038962
v 6.891160 5.860306 -0.064795
v 6.935336 5.864241 -0.038964
v 6.944429 5.865051 -0.026840
v 6.783890 5.850748 0.049590
v 6.908177 5.861822 0.058311
v 6.783890 5.850748 -0.049592
v 6.798808 5.852077 0.058311
v 6.908177 5.861822 -0.058314
v 6.950030 5.865551 -0.013683
v 6.815825 5.853593 0.064792
v 6.891160 5.860305 0.064792
v 6.798808 5.852077 -0.058314
v 6.834290 5.855238 0.068783
v 6.923094 5.863150 -0.049592
v 6.951924 5.865719 -0.000001
v 6.853491 5.856950 0.070131
v 6.673398 5.895157 0.026837
v 6.679213 5.896956 0.038962
v 6.490455 5.943940 0.038962
v 6.488597 5.941741 0.026837
v 6.789618 5.931138 0.026837
v 6.783807 5.929339 0.038962
v 6.669820 5.894049 0.013681
v 6.731509 5.913147 -0.070133
v 6.743780 5.916947 -0.068786
v 6.775985 5.926917 0.049590
v 6.755579 5.920600 -0.064795
v 6.783807 5.929339 -0.038964
v 6.789618 5.931138 -0.026840
v 6.687035 5.899378 0.049590
v 6.766454 5.923966 0.058311
v 6.679213 5.896956 -0.038964
v 6.687035 5.899378 -0.049592
v 6.696568 5.902329 0.058311
v 6.766454 5.923966 -0.058314
v 6.793196 5.932247 -0.013683
v 6.707441 5.905695 0.064792
v 6.755579 5.920600 0.064792
v 6.696568 5.902329 -0.058314
v 6.719239 5.909349 0.068783
v 6.775985 5.926917 -0.049592
v 6.794407 5.932621 -0.000001
v 6.731509 5.913147 0.070131
v 6.743780 5.916947 0.068783
v 6.707441 5.905695 -0.064795
v 6.793196 5.932247 0.013681
v 6.731509 5.913147 0.070131
v 6.719239 5.909349 -0.068786
v 6.673398 5.895157 -0.026839
v 6.526843 5.987075 -0.013683
v 6.525702 5.985721 -0.026839
v 6.189553 5.985696 -0.023572
v 6.187729 5.986833 -0.012017
v 6.511068 5.968374 -0.068785
v 6.514834 5.972839 -0.064794
v 6.523847 5.983521 -0.038964
v 6.492952 5.946900 0.049590
v 6.521350 5.980561 0.049590
v 6.518308 5.976954 0.058312
v 6.490455 5.943940 -0.038964
v 6.492952 5.946900 -0.049592
v 6.495997 5.950507 0.058312
v 6.518308 5.976954 -0.058314
v 6.499468 5.954622 0.064792
v 6.514835 5.972839 0.064792
v 6.495997 5.950507 -0.058314
v 6.503234 5.959087 0.068783
v 6.521350 5.980561 -0.049592
v 6.527232 5.987533 -0.000001
v 6.507151 5.963730 0.070131
v 6.511068 5.968374 0.068783
v 6.499468 5.954622 -0.064794
v 6.526843 5.987075 0.013681
v 6.507151 5.963730 0.070131
v 6.503233 5.959087 -0.068785
v 6.488597 5.941741 -0.026839
v 6.525702 5.985721 0.026837
v 6.487456 5.940385 -0.013683
v 6.507151 5.963730 -0.070133
v 6.487070 5.939929 -0.000001
v 6.523847 5.983521 0.038962
v 6.487456 5.940385 0.013681
v 6.231362 5.959584 -0.056906
v 6.236894 5.956129 -0.051214
v 6.098485 5.944985 -0.051214
v 6.088828 5.947923 -0.056906
v 6.231362 5.959584 0.056905
v 6.236894 5.956129 0.051213
v 6.201338 5.978335 0.051213
v 6.206870 5.974880 0.056904
v 6.241741 5.953100 -0.043554
v 6.225358 5.963334 0.060410
v 6.201338 5.978335 -0.051214
v 6.196489 5.981364 -0.043554
v 6.187117 5.987217 -0.000001
v 6.219115 5.967232 0.061593
v 6.212873 5.971131 0.060409
v 6.192509 5.983849 -0.034220
v 6.187729 5.986833 0.012016
v 6.219115 5.967232 0.061593
v 6.225357 5.963334 -0.060411
v 6.248675 5.948769 -0.023572
v 6.245721 5.950615 -0.034220
v 6.189553 5.985696 0.023570
v 6.250498 5.947631 -0.012017
v 6.219115 5.967232 -0.061595
v 6.251113 5.947247 -0.000001
v 6.192509 5.983849 0.034219
v 6.250498 5.947631 0.012016
v 6.212873 5.971131 -0.060411
v 6.248675 5.948769 0.023570
v 6.196489 5.981364 0.043553
v 6.245721 5.950615 0.034219
v 6.206869 5.974880 -0.056906
v 6.241741 5.953100 0.043553
v 6.015842 5.970129 0.023570
v 6.012660 5.971096 0.012016
v 5.943693 5.967306 0.012016
v 5.944333 5.966103 0.023570
v 6.027950 5.966445 -0.043554
v 6.021002 5.968558 -0.034220
v 6.011589 5.971423 -0.000001
v 6.056551 5.957743 0.060410
v 6.067450 5.954427 0.061593
v 6.078346 5.951112 -0.060411
v 6.119056 5.938725 -0.023572
v 6.113896 5.940296 -0.034220
v 6.122237 5.937758 -0.012017
v 6.067449 5.954427 -0.061595
v 6.123310 5.937431 -0.000001
v 6.021002 5.968558 0.034219
v 6.122237 5.937758 0.012016
v 6.056551 5.957743 -0.060411
v 6.119056 5.938725 0.023570
v 6.027950 5.966445 0.043553
v 6.113896 5.940296 0.034219
v 6.046071 5.960931 -0.056906
v 6.015842 5.970129 -0.023572
v 6.106949 5.942410 0.043553
v 6.036415 5.963870 0.051213
v 6.106949 5.942410 -0.043554
v 6.098485 5.944985 0.051213
v 6.036415 5.963870 -0.051214
v 6.012660 5.971096 -0.012017
v 6.088828 5.947923 0.056905
v 6.046073 5.960931 0.056905
v 6.078347 5.951112 0.060410
v 6.067450 5.954427 0.061593
v 5.952492 5.950698 -0.060411
v 5.954676 5.946574 -0.061594
v 5.798567 5.958332 -0.061594
v 5.803709 5.962315 -0.060411
v 5.965659 5.925843 -0.012017
v 5.965019 5.927046 -0.023571
v 5.956861 5.942451 -0.060411
v 5.965873 5.925437 -0.000001
v 5.945367 5.964150 0.034219
v 5.965659 5.925843 0.012016
v 5.965019 5.927046 0.023570
v 5.946760 5.961521 0.043553
v 5.963987 5.929000 0.034219
v 5.950392 5.954664 -0.056906
v 5.945367 5.964150 -0.034220
v 5.944333 5.966103 -0.023572
v 5.962595 5.931628 0.043553
v 5.948457 5.958318 0.051213
v 5.963987 5.929000 -0.034220
v 5.962595 5.931628 -0.043554
v 5.960899 5.934832 0.051213
v 5.948457 5.958318 -0.051214
v 5.943693 5.967306 -0.012017
v 5.958963 5.938486 0.056905
v 5.950393 5.954663 0.056905
v 5.960899 5.934832 -0.051214
v 5.956861 5.942451 0.060410
v 5.946760 5.961521 -0.043554
v 5.943480 5.967712 -0.000001
v 5.954677 5.946574 0.061593
v 5.952492 5.950698 0.060410
v 5.958963 5.938486 -0.056906
v 5.954677 5.946574 0.061593
v 5.813210 5.969675 0.051213
v 5.817204 5.972768 0.043553
v 5.724637 5.990934 0.043553
v 5.711863 5.989591 0.051213
v 5.774220 5.939471 0.023570
v 5.772721 5.938309 0.012016
v 5.820480 5.975307 0.034219
v 5.776656 5.941358 0.034219
v 5.808653 5.966146 -0.056906
v 5.820480 5.975307 -0.034220
v 5.822915 5.977193 -0.023571
v 5.779934 5.943896 0.043553
v 5.776656 5.941358 -0.034220
v 5.779934 5.943896 -0.043554
v 5.783929 5.946990 0.051213
v 5.813210 5.969675 -0.051214
v 5.824413 5.978355 -0.012017
v 5.788485 5.950520 0.056905
v 5.808653 5.966145 0.056905
v 5.783929 5.946990 -0.051214
v 5.793427 5.954350 0.060410
v 5.817204 5.972768 -0.043554
v 5.824922 5.978747 -0.000001
v 5.798568 5.958332 0.061593
v 5.803709 5.962315 0.060410
v 5.788485 5.950520 -0.056906
v 5.824413 5.978355 0.012016
v 5.798568 5.958332 0.061593
v 5.793427 5.954350 -0.060411
v 5.774220 5.939471 -0.023571
v 5.822915 5.977193 0.023570
v 5.772721 5.938309 -0.012017
v 5.772214 5.937917 -0.000001
v 5.724637 5.990934 -0.043554
v 5.711863 5.989591 -0.051214
v 5.583902 6.030486 -0.051214
v 5.597898 6.030769 -0.043554
v 5.594932 5.977290 -0.034220
v 5.605416 5.978394 -0.043554
v 5.618192 5.979736 0.051213
v 5.605416 5.978394 0.043553
v 5.697288 5.988058 -0.056906
v 5.742908 5.992857 -0.023571
v 5.747707 5.993362 -0.012017
v 5.632765 5.981270 0.056905
v 5.697287 5.988058 0.056905
v 5.618192 5.979736 -0.051214
v 5.648580 5.982934 0.060410
v 5.749327 5.993532 -0.000001
v 5.665025 5.984664 0.061593
v 5.681471 5.986394 0.060410
v 5.632765 5.981270 -0.056906
v 5.735121 5.992038 -0.034220
v 5.747707 5.993362 0.012016
v 5.665025 5.984664 0.061593
v 5.648581 5.982934 -0.060411
v 5.587141 5.976471 -0.023571
v 5.742908 5.992857 0.023570
v 5.582345 5.975966 -0.012017
v 5.665025 5.984664 -0.061594
v 5.580724 5.975796 -0.000001
v 5.735121 5.992038 0.034219
v 5.582345 5.975966 0.012016
v 5.681471 5.986394 -0.060411
v 5.587141 5.976471 0.023570
v 5.594932 5.977290 0.034219
v 5.532583 6.029448 0.061594
v 5.550602 6.029812 0.060410
v 5.499344 6.096042 0.060410
v 5.481257 6.096116 0.061594
v 5.623178 6.031282 -0.012017
v 5.624951 6.031317 -0.000000
v 5.532583 6.029448 0.061594
v 5.514564 6.029083 0.060410
v 5.567931 6.030163 0.056905
v 5.481267 6.028409 -0.051213
v 5.497235 6.028732 -0.056905
v 5.609386 6.031002 -0.034220
v 5.623178 6.031282 0.012016
v 5.514565 6.029083 -0.060410
v 5.447247 6.027720 -0.023571
v 5.455782 6.027893 -0.034220
v 5.617918 6.031175 0.023571
v 5.441990 6.027614 -0.012016
v 5.532583 6.029448 -0.061594
v 5.440215 6.027578 -0.000000
v 5.609386 6.031002 0.034219
v 5.441990 6.027614 0.012016
v 5.550602 6.029812 -0.060410
v 5.447247 6.027720 0.023571
v 5.597898 6.030769 0.043553
v 5.455782 6.027893 0.034220
v 5.567933 6.030163 -0.056905
v 5.617918 6.031175 -0.023571
v 5.467270 6.028125 0.043553
v 5.583902 6.030486 0.051213
v 5.467270 6.028125 -0.043553
v 5.481267 6.028409 0.051213
v 5.497235 6.028732 0.056905
v 5.390328 6.096486 -0.012016
v 5.388547 6.096493 0.000000
v 5.411802 6.557936 0.000000
v 5.413584 6.557936 -0.012016
v 5.445778 6.096260 -0.056905
v 5.463172 6.096189 -0.060410
v 5.395604 6.096465 -0.023571
v 5.404171 6.096429 -0.034220
v 5.572189 6.095746 0.012016
v 5.566910 6.095766 0.023571
v 5.481257 6.096116 -0.061594
v 5.558347 6.095801 0.034220
v 5.390328 6.096486 0.012016
v 5.499344 6.096042 -0.060410
v 5.395604 6.096465 0.023571
v 5.546816 6.095848 0.043553
v 5.404171 6.096429 0.034220
v 5.516739 6.095971 -0.056905
v 5.558347 6.095801 -0.034220
v 5.566910 6.095766 -0.023571
v 5.415702 6.096382 0.043553
v 5.532767 6.095905 0.051213
v 5.415702 6.096382 -0.043553
v 5.429751 6.096325 0.051213
v 5.532767 6.095905 -0.051213
v 5.572189 6.095746 -0.012016
v 5.445778 6.096260 0.056905
v 5.516738 6.095971 0.056905
v 5.429751 6.096325 -0.051213
v 5.463171 6.096189 0.060410
v 5.546816 6.095848 -0.043553
v 5.573970 6.095737 -0.000000
v 5.481257 6.096116 0.061594
v 5.570096 6.557963 0.043553
v 5.581628 6.557965 0.034220
v 5.579437 7.220236 0.034219
v 5.567904 7.220233 0.043553
v 5.590194 6.557967 0.023571
v 5.413584 6.557936 0.012016
v 5.504527 6.557952 -0.061594
v 5.522617 6.557955 -0.060410
v 5.418860 6.557938 0.023571
v 5.427429 6.557939 0.034220
v 5.540015 6.557959 -0.056905
v 5.581628 6.557965 -0.034220
v 5.590194 6.557967 -0.023571
v 5.438961 6.557941 0.043553
v 5.556046 6.557961 0.051213
v 5.427429 6.557939 -0.034220
v 5.438962 6.557941 -0.043553
v 5.453013 6.557943 0.051213
v 5.556046 6.557961 -0.051213
v 5.595473 6.557969 -0.012016
v 5.469043 6.557945 0.056905
v 5.540013 6.557958 0.056905
v 5.453013 6.557943 -0.051213
v 5.486438 6.557949 0.060410
v 5.570096 6.557963 -0.043553
v 5.597254 6.557968 -0.000000
v 5.504527 6.557952 0.061594
v 5.522617 6.557955 0.060410
v 5.469043 6.557945 -0.056905
v 5.595473 6.557969 0.012016
v 5.504527 6.557952 0.061594
v 5.486439 6.557949 -0.060410
v 5.418860 6.557938 -0.023571
v 5.553854 7.220231 -0.051213
v 5.537824 7.220228 -0.056905
v 5.565615 7.562847 -0.056905
v 5.580800 7.561667 -0.051213
v 5.425238 7.220209 0.034220
v 5.416669 7.220208 0.023571
v 5.520426 7.220225 -0.060410
v 5.579437 7.220236 -0.034220
v 5.588002 7.220237 -0.023571
v 5.436770 7.220211 0.043553
v 5.553854 7.220231 0.051213
v 5.425238 7.220209 -0.034220
v 5.436770 7.220211 -0.043553
v 5.450822 7.220212 0.051213
v 5.593283 7.220238 -0.012016
v 5.466851 7.220215 0.056905
v 5.537822 7.220228 0.056905
v 5.450822 7.220212 -0.051213
v 5.484247 7.220219 0.060410
v 5.567904 7.220233 -0.043553
v 5.595063 7.220238 -0.000000
v 5.502337 7.220222 0.061594
v 5.520426 7.220225 0.060410
v 5.466851 7.220215 -0.056905
v 5.593283 7.220238 0.012016
v 5.502337 7.220222 0.061594
v 5.484248 7.220219 -0.060410
v 5.416669 7.220208 -0.023571
v 5.588002 7.220237 0.023571
v 5.411393 7.220206 -0.012016
v 5.502337 7.220222 -0.061594
v 5.409611 7.220206 -0.000000
v 5.411393 7.220206 0.012016
v 5.549135 7.564128 0.060410
v 5.565614 7.562848 0.056905
v 5.612946 7.672639 0.056905
v 5.596467 7.673919 0.060410
v 5.613149 7.559155 -0.023571
v 5.618152 7.558768 -0.012016
v 5.498384 7.568069 0.056905
v 5.483198 7.569247 0.051213
v 5.580800 7.561667 0.051213
v 5.469888 7.570282 -0.043553
v 5.483198 7.569247 -0.051213
v 5.514862 7.566789 0.060410
v 5.594110 7.560634 -0.043553
v 5.619837 7.558636 -0.000000
v 5.531999 7.565458 0.061594
v 5.498384 7.568069 -0.056905
v 5.605036 7.559786 -0.034220
v 5.618152 7.558768 0.012016
v 5.531999 7.565458 0.061594
v 5.514863 7.566789 -0.060410
v 5.450847 7.571761 -0.023571
v 5.458963 7.571130 -0.034220
v 5.613149 7.559155 0.023571
v 5.445848 7.572149 -0.012016
v 5.531999 7.565458 -0.061594
v 5.444160 7.572279 -0.000000
v 5.605036 7.559786 0.034219
v 5.445848 7.572149 0.012016
v 5.549135 7.564128 -0.060410
v 5.450847 7.571761 0.023571
v 5.594110 7.560634 0.043553
v 5.458963 7.571130 0.034220
v 5.469888 7.570282 0.043553
v 5.506296 7.680922 -0.034220
v 5.498179 7.681552 -0.023571
v 5.671698 7.798021 -0.023572
v 5.679064 7.797016 -0.034220
v 5.530530 7.679039 -0.051214
v 5.545715 7.677860 -0.056906
v 5.641442 7.670425 -0.043554
v 5.652368 7.669577 -0.034220
v 5.667169 7.668427 -0.000001
v 5.665483 7.668560 0.012016
v 5.579330 7.675250 0.061593
v 5.562195 7.676580 -0.060411
v 5.660480 7.668947 0.023570
v 5.493181 7.681940 -0.012017
v 5.579330 7.675250 -0.061594
v 5.491492 7.682071 -0.000000
v 5.652368 7.669577 0.034219
v 5.493181 7.681940 0.012016
v 5.596467 7.673919 -0.060411
v 5.498179 7.681552 0.023570
v 5.641442 7.670425 0.043553
v 5.506296 7.680922 0.034219
v 5.612947 7.672639 -0.056906
v 5.660480 7.668947 -0.023571
v 5.517220 7.680073 0.043553
v 5.628132 7.671459 0.051213
v 5.517220 7.680073 -0.043554
v 5.530530 7.679039 0.051213
v 5.628132 7.671459 -0.051214
v 5.665483 7.668560 -0.012017
v 5.545715 7.677860 0.056905
v 5.562194 7.676580 0.060410
v 5.579330 7.675250 0.061593
v 5.665628 7.798849 -0.000001
v 5.667161 7.798640 0.012015
v 5.983055 7.918204 0.012015
v 5.981933 7.918522 -0.000001
v 5.823536 7.777306 0.012015
v 5.818995 7.777925 0.023570
v 5.667161 7.798640 -0.012017
v 5.729795 7.790095 -0.060411
v 5.745347 7.787973 -0.061595
v 5.811631 7.778930 0.034219
v 5.760900 7.785851 -0.060411
v 5.671698 7.798021 0.023570
v 5.801716 7.780282 0.043552
v 5.679064 7.797016 0.034219
v 5.775856 7.783811 -0.056906
v 5.811631 7.778930 -0.034221
v 5.818995 7.777925 -0.023572
v 5.688977 7.795663 0.043552
v 5.789637 7.781930 0.051212
v 5.688978 7.795663 -0.043554
v 5.701057 7.794014 0.051212
v 5.789637 7.781930 -0.051214
v 5.823536 7.777306 -0.012017
v 5.714839 7.792135 0.056904
v 5.775854 7.783811 0.056904
v 5.701057 7.794014 -0.051214
v 5.729795 7.790095 0.060409
v 5.801716 7.780282 -0.043554
v 5.825065 7.777097 -0.000001
v 5.745347 7.787973 0.061593
v 5.760900 7.785851 0.060409
v 5.714839 7.792135 -0.056906
v 5.745347 7.787973 0.061593
v 5.991770 7.915733 0.034219
v 5.999029 7.913676 0.043552
v 6.227095 7.955876 0.043552
v 6.221305 7.958166 0.034219
v 6.040306 7.901978 -0.061595
v 6.051694 7.898750 -0.060411
v 5.986378 7.917263 0.023570
v 6.088841 7.888221 0.034219
v 6.081581 7.890279 0.043552
v 6.062645 7.895646 -0.056906
v 6.088841 7.888221 -0.034221
v 6.094232 7.886692 -0.023572
v 6.072735 7.892786 0.051212
v 5.991770 7.915733 -0.034221
v 5.999029 7.913676 -0.043554
v 6.007874 7.911169 0.051212
v 6.072735 7.892786 -0.051214
v 6.097559 7.885751 -0.012017
v 6.017965 7.908309 0.056904
v 6.062645 7.895646 0.056904
v 6.007874 7.911169 -0.051214
v 6.028917 7.905205 0.060409
v 6.081581 7.890279 -0.043554
v 6.098677 7.885433 -0.000001
v 6.040306 7.901978 0.061593
v 6.051694 7.898750 0.060409
v 6.017965 7.908309 -0.056906
v 6.097559 7.885751 0.012015
v 6.040306 7.901978 0.061593
v 6.028918 7.905205 -0.060411
v 5.986378 7.917263 -0.023572
v 6.094232 7.886692 0.023570
v 5.983055 7.918204 -0.012017
v 6.242201 7.949903 0.056904
v 6.250937 7.946448 0.060409
v 6.425048 7.969246 0.060409
v 6.423218 7.973218 0.056904
v 6.292947 7.929836 0.043552
v 6.285891 7.932625 0.051212
v 6.221305 7.958166 -0.034221
v 6.227095 7.955876 -0.043554
v 6.234150 7.953085 0.051212
v 6.277843 7.935809 -0.056906
v 6.285891 7.932625 -0.051214
v 6.303039 7.925844 -0.023572
v 6.305694 7.924796 -0.012017
v 6.277843 7.935810 0.056904
v 6.234150 7.953085 -0.051214
v 6.292947 7.929836 -0.043554
v 6.306584 7.924442 -0.000001
v 6.260022 7.942856 0.061593
v 6.269107 7.939263 0.060409
v 6.242201 7.949903 -0.056906
v 6.298739 7.927545 -0.034221
v 6.305694 7.924796 0.012015
v 6.260022 7.942856 0.061593
v 6.250938 7.946448 -0.060411
v 6.217004 7.959868 -0.023572
v 6.303039 7.925844 0.023570
v 6.214354 7.960916 -0.012017
v 6.260022 7.942856 -0.061595
v 6.213458 7.961269 -0.000001
v 6.298739 7.927545 0.034219
v 6.214354 7.960916 0.012015
v 6.269107 7.939263 -0.060411
v 6.217004 7.959868 0.023570
v 6.426951 7.965115 0.061593
v 6.428854 7.960984 0.060409
v 6.552014 7.964054 0.060409
v 6.553628 7.968191 0.061593
v 6.432367 7.953351 -0.051214
v 6.433846 7.950142 -0.043554
v 6.436516 7.944346 -0.012017
v 6.436701 7.943940 -0.000001
v 6.426951 7.965115 0.061593
v 6.430685 7.957012 0.056904
v 6.421532 7.976879 -0.051214
v 6.423218 7.973218 -0.056906
v 6.435059 7.947508 -0.034221
v 6.436516 7.944346 0.012015
v 6.425049 7.969246 -0.060411
v 6.417944 7.984678 -0.023572
v 6.418843 7.982721 -0.034221
v 6.435957 7.945552 0.023570
v 6.417388 7.985883 -0.012017
v 6.426951 7.965115 -0.061595
v 6.417200 7.986290 -0.000001
v 6.435059 7.947508 0.034219
v 6.417388 7.985883 0.012015
v 6.428854 7.960984 -0.060411
v 6.417944 7.984678 0.023570
v 6.433846 7.950142 0.043552
v 6.418843 7.982721 0.034219
v 6.430683 7.957012 -0.056906
v 6.435957 7.945552 -0.023572
v 6.420054 7.980088 0.043552
v 6.432367 7.953351 0.051212
v 6.420054 7.980088 -0.043554
v 6.421532 7.976879 0.051212
v 6.561741 7.988991 -0.012017
v 6.561899 7.989398 -0.000001
v 6.816361 7.980958 -0.000001
v 6.815436 7.980608 -0.012017
v 6.556792 7.976307 -0.056906
v 6.555242 7.972328 -0.060411
v 6.561272 7.987784 -0.023572
v 6.560504 7.985825 -0.034221
v 6.545516 7.947390 0.012015
v 6.545983 7.948597 0.023570
v 6.553628 7.968191 -0.061595
v 6.546749 7.950556 0.034219
v 6.561741 7.988991 0.012015
v 6.552014 7.964054 -0.060411
v 6.561272 7.987784 0.023570
v 6.547778 7.953195 0.043552
v 6.560504 7.985825 0.034219
v 6.550463 7.960074 -0.056906
v 6.546749 7.950556 -0.034221
v 6.545983 7.948597 -0.023572
v 6.559475 7.983187 0.043552
v 6.549030 7.956408 0.051212
v 6.559474 7.983187 -0.043554
v 6.558221 7.979973 0.051212
v 6.549030 7.956408 -0.051214
v 6.545516 7.947390 -0.012017
v 6.556792 7.976307 0.056904
v 6.550464 7.960075 0.056904
v 6.558221 7.979973 -0.051214
v 6.555241 7.972328 0.060409
v 6.547778 7.953195 -0.043554
v 6.545354 7.946982 -0.000001
v 6.553628 7.968191 0.061593
v 6.812696 7.979573 0.023570
v 6.808242 7.977892 0.034219
v 7.065132 7.934209 0.034219
v 7.071239 7.935589 0.023570
v 6.723679 7.945956 0.023570
v 6.728130 7.947637 0.034219
v 6.815436 7.980608 0.012015
v 6.768187 7.962764 -0.061595
v 6.758790 7.959215 -0.060411
v 6.734122 7.949900 0.043552
v 6.749752 7.955801 -0.056906
v 6.728130 7.947637 -0.034221
v 6.723679 7.945956 -0.023572
v 6.802250 7.975629 0.043552
v 6.741421 7.952657 0.051212
v 6.808242 7.977892 -0.034221
v 6.802249 7.975629 -0.043554
v 6.794949 7.972872 0.051212
v 6.741421 7.952657 -0.051214
v 6.720938 7.944919 -0.012017
v 6.786622 7.969727 0.056904
v 6.749754 7.955802 0.056904
v 6.794949 7.972872 -0.051214
v 6.777585 7.966314 0.060409
v 6.734123 7.949900 -0.043554
v 6.720011 7.944571 -0.000001
v 6.768187 7.962764 0.061593
v 6.758790 7.959215 0.060409
v 6.786622 7.969727 -0.056906
v 6.720938 7.944919 0.012015
v 6.768187 7.962764 0.061593
v 6.777586 7.966314 -0.060411
v 6.812696 7.979573 -0.023572
v 6.945431 7.907125 -0.012017
v 6.949192 7.907977 -0.023572
v 7.222742 7.832999 -0.023572
v 7.217942 7.832491 -0.012018
v 6.997330 7.918868 -0.060411
v 6.984938 7.916063 -0.056906
v 6.955294 7.909357 -0.034221
v 7.056917 7.932350 0.043552
v 6.963509 7.911216 0.043552
v 6.973516 7.913480 0.051212
v 7.065132 7.934209 -0.034221
v 7.056916 7.932350 -0.043554
v 7.046907 7.930086 0.051212
v 6.973516 7.913480 -0.051214
v 7.035490 7.927502 0.056904
v 6.984941 7.916064 0.056904
v 7.046907 7.930086 -0.051214
v 7.023099 7.924698 0.060409
v 6.963510 7.911216 -0.043554
v 6.944162 7.906838 -0.000001
v 7.010214 7.921782 0.061593
v 6.997330 7.918868 0.060409
v 7.035490 7.927502 -0.056906
v 6.945431 7.907125 0.012015
v 7.010214 7.921782 0.061593
v 7.023100 7.924698 -0.060411
v 7.071239 7.935589 -0.023572
v 6.949192 7.907977 0.023570
v 7.074995 7.936440 -0.012017
v 7.010214 7.921782 -0.061595
v 7.076264 7.936727 -0.000001
v 6.955294 7.909357 0.034219
v 7.074995 7.936440 0.012015
v 7.332848 7.844604 -0.056906
v 7.347415 7.846139 -0.051214
v 7.537935 7.743832 -0.051215
v 7.523145 7.742413 -0.056907
v 7.332848 7.844604 0.056904
v 7.347415 7.846139 0.051212
v 7.253778 7.836269 0.051212
v 7.268351 7.837804 0.056904
v 7.360184 7.847485 -0.043554
v 7.317038 7.842937 0.060409
v 7.253778 7.836269 -0.051215
v 7.241008 7.834923 -0.043555
v 7.216323 7.832322 -0.000001
v 7.300597 7.841204 0.061593
v 7.284159 7.839471 0.060409
v 7.230526 7.833818 -0.034221
v 7.217942 7.832491 0.012015
v 7.300597 7.841204 0.061593
v 7.317039 7.842937 -0.060411
v 7.378457 7.849410 -0.023572
v 7.370667 7.848590 -0.034221
v 7.222742 7.832999 0.023570
v 7.383249 7.849916 -0.012018
v 7.300597 7.841204 -0.061595
v 7.384869 7.850086 -0.000001
v 7.230526 7.833818 0.034218
v 7.383249 7.849916 0.012015
v 7.284159 7.839471 -0.060411
v 7.378457 7.849410 0.023570
v 7.241008 7.834923 0.043552
v 7.370667 7.848590 0.034218
v 7.268348 7.837804 -0.056906
v 7.360186 7.847485 0.043552
v 7.411362 7.731687 0.023569
v 7.406488 7.731217 0.012015
v 7.548343 7.651992 0.012014
v 7.553611 7.652083 0.023569
v 7.429906 7.733466 -0.043555
v 7.419265 7.732444 -0.034221
v 7.404846 7.731061 -0.000002
v 7.473715 7.737669 0.060408
v 7.490403 7.739271 0.061592
v 7.507095 7.740872 -0.060412
v 7.569448 7.746855 -0.023573
v 7.561541 7.746098 -0.034221
v 7.574315 7.747323 -0.012018
v 7.490403 7.739271 -0.061595
v 7.575959 7.747479 -0.000002
v 7.419265 7.732444 0.034218
v 7.574315 7.747323 0.012015
v 7.473715 7.737669 -0.060412
v 7.569448 7.746855 0.023569
v 7.429906 7.733466 0.043552
v 7.561541 7.746098 0.034218
v 7.457662 7.736128 -0.056907
v 7.411362 7.731687 -0.023573
v 7.550900 7.745076 0.043552
v 7.442870 7.734710 0.051212
v 7.550899 7.745076 -0.043555
v 7.537935 7.743832 0.051212
v 7.442870 7.734710 -0.051215
v 7.406488 7.731217 -0.012018
v 7.523145 7.742413 0.056903
v 7.457666 7.736128 0.056903
v 7.507094 7.740872 0.060409
v 7.490403 7.739271 0.061592
v 7.621003 7.653230 -0.060412
v 7.639041 7.653537 -0.061596
v 7.725792 7.521276 -0.061595
v 7.707754 7.520968 -0.060412
v 7.729735 7.655081 -0.012018
v 7.724475 7.654992 -0.023573
v 7.657082 7.653844 -0.060412
v 7.731512 7.655111 -0.000002
v 7.562151 7.652227 0.034217
v 7.729735 7.655081 0.012014
v 7.724475 7.654992 0.023569
v 7.573654 7.652424 0.043551
v 7.715929 7.654847 0.034217
v 7.603652 7.652934 -0.056907
v 7.562151 7.652227 -0.034222
v 7.553611 7.652083 -0.023573
v 7.704427 7.654651 0.043551
v 7.587666 7.652662 0.051211
v 7.715929 7.654847 -0.034222
v 7.704426 7.654651 -0.043555
v 7.690415 7.654413 0.051211
v 7.587666 7.652662 -0.051215
v 7.548343 7.651992 -0.012019
v 7.674430 7.654140 0.056903
v 7.603656 7.652934 0.056903
v 7.690415 7.654413 -0.051215
v 7.657081 7.653845 0.060408
v 7.573654 7.652424 -0.043555
v 7.546568 7.651963 -0.000002
v 7.639041 7.653537 0.061592
v 7.621003 7.653230 0.060408
v 7.674430 7.654140 -0.056907
v 7.639041 7.653537 0.061592
v 7.674417 7.520401 0.051212
v 7.660405 7.520162 0.043552
v 7.667173 7.423779 0.043552
v 7.681221 7.423720 0.051212
v 7.811226 7.522730 0.023569
v 7.816486 7.522820 0.012015
v 7.648902 7.519966 0.034218
v 7.802680 7.522586 0.034218
v 7.690403 7.520672 -0.056907
v 7.648902 7.519966 -0.034221
v 7.640362 7.519821 -0.023572
v 7.791178 7.522389 0.043552
v 7.802680 7.522586 -0.034221
v 7.791177 7.522389 -0.043555
v 7.777166 7.522151 0.051212
v 7.674417 7.520401 -0.051215
v 7.635093 7.519730 -0.012018
v 7.761181 7.521879 0.056904
v 7.690407 7.520672 0.056904
v 7.777166 7.522151 -0.051215
v 7.743832 7.521583 0.060409
v 7.660405 7.520162 -0.043555
v 7.633319 7.519701 -0.000002
v 7.725792 7.521276 0.061592
v 7.707754 7.520968 0.060409
v 7.761181 7.521879 -0.056907
v 7.635093 7.519730 0.012015
v 7.725792 7.521276 0.061592
v 7.743833 7.521583 -0.060412
v 7.811226 7.522730 -0.023572
v 7.640362 7.519821 0.023569
v 7.816486 7.522820 -0.012018
v 7.818263 7.522850 -0.000002
v 7.667173 7.423779 -0.043554
v 7.681221 7.423720 -0.051214
v 7.659556 6.839493 -0.051209
v 7.645510 6.839411 -0.043549
v 7.809815 7.423179 -0.034221
v 7.798283 7.423227 -0.043554
v 7.784235 7.423286 0.051212
v 7.798284 7.423227 0.043552
v 7.697249 7.423651 -0.056906
v 7.647079 7.423865 -0.023572
v 7.641796 7.423885 -0.012018
v 7.768209 7.423355 0.056904
v 7.697252 7.423652 0.056904
v 7.784235 7.423286 -0.051214
v 7.750815 7.423427 0.060409
v 7.640018 7.423894 -0.000001
v 7.732728 7.423502 0.061592
v 7.714644 7.423579 0.060409
v 7.768209 7.423355 -0.056906
v 7.655641 7.423827 -0.034221
v 7.641796 7.423885 0.012015
v 7.732728 7.423502 0.061592
v 7.750816 7.423426 -0.060411
v 7.818383 7.423142 -0.023572
v 7.647079 7.423865 0.023570
v 7.823656 7.423120 -0.012017
v 7.732728 7.423502 -0.061595
v 7.825437 7.423112 -0.000001
v 7.655641 7.423827 0.034218
v 7.823656 7.423120 0.012015
v 7.714644 7.423579 -0.060411
v 7.818383 7.423142 0.023570
v 7.809815 7.423179 0.034218
v 7.711055 6.839795 0.061598
v 7.692974 6.839689 0.060414
v 7.685873 6.464418 0.060418
v 7.703908 6.464103 0.061602
v 7.620137 6.839261 -0.012012
v 7.618359 6.839252 0.000004
v 7.711055 6.839795 0.061598
v 7.729139 6.839902 0.060414
v 7.675585 6.839587 0.056909
v 7.762554 6.840098 -0.051209
v 7.746530 6.840005 -0.056901
v 7.633980 6.839343 -0.034215
v 7.620137 6.839261 0.012020
v 7.729140 6.839901 -0.060406
v 7.796696 6.840298 -0.023567
v 7.788130 6.840249 -0.034215
v 7.625419 6.839293 0.023575
v 7.801968 6.840330 -0.012012
v 7.711055 6.839795 -0.061590
v 7.803749 6.840340 0.000004
v 7.633980 6.839343 0.034224
v 7.801968 6.840330 0.012020
v 7.692974 6.839689 -0.060406
v 7.796696 6.840298 0.023575
v 7.645510 6.839411 0.043557
v 7.788130 6.840249 0.034224
v 7.675581 6.839586 -0.056901
v 7.625419 6.839293 -0.023567
v 7.776599 6.840180 0.043557
v 7.659556 6.839493 0.051217
v 7.776598 6.840180 -0.043549
v 7.762554 6.840098 0.051217
v 7.746530 6.840005 0.056909
v 7.794588 6.462516 -0.012008
v 7.796364 6.462485 0.000008
v 7.803475 6.303981 0.000010
v 7.801698 6.303951 -0.012006
v 7.739292 6.463485 -0.056897
v 7.721947 6.463787 -0.060402
v 7.789330 6.462609 -0.023562
v 7.780786 6.462758 -0.034211
v 7.613223 6.465689 0.012025
v 7.618492 6.465598 0.023579
v 7.703908 6.464103 -0.061585
v 7.627030 6.465448 0.034228
v 7.794588 6.462516 0.012025
v 7.685873 6.464418 -0.060402
v 7.789330 6.462609 0.023579
v 7.638532 6.465247 0.043562
v 7.780786 6.462758 0.034228
v 7.668525 6.464721 -0.056897
v 7.627030 6.465448 -0.034211
v 7.618492 6.465598 -0.023563
v 7.769285 6.462959 0.043562
v 7.652541 6.465002 0.051222
v 7.769284 6.462959 -0.043545
v 7.755275 6.463205 0.051222
v 7.652541 6.465002 -0.051205
v 7.613223 6.465689 -0.012008
v 7.739292 6.463485 0.056913
v 7.668529 6.464722 0.056913
v 7.755275 6.463205 -0.051205
v 7.721946 6.463788 0.060419
v 7.638532 6.465247 -0.043545
v 7.611450 6.465721 0.000008
v 7.703908 6.464103 0.061602
v 7.806177 6.082785 0.038962
v 7.815933 6.082785 0.026837
v 7.815938 6.245786 0.026837
v 7.806181 6.245786 0.038962
v 7.758794 6.082785 0.064792
v 7.738988 6.082785 0.068783
v 7.697793 6.082785 0.068783
v 7.677987 6.082785 0.064792
v 7.758794 6.082785 -0.064795
v 7.777047 6.082785 -0.058314
v 7.718390 6.082785 0.070131
v 7.630604 6.082785 -0.038964
v 7.643734 6.082785 -0.049592
v 7.614840 6.082785 0.013681
v 7.718390 6.082785 0.070131
v 7.738988 6.082785 -0.068785
v 7.620848 6.082785 -0.026839
v 7.620848 6.082785 0.026837
v 7.806177 6.082785 -0.038964
v 7.815933 6.082785 -0.026839
v 7.718390 6.082785 -0.070133
v 7.821941 6.082785 -0.013683
v 7.630604 6.082785 0.038962
v 7.823970 6.082785 -0.000001
v 7.697793 6.082785 -0.068785
v 7.821941 6.082785 0.013681
v 7.643734 6.082785 0.049590
v 7.677987 6.082785 -0.064795
v 7.659734 6.082785 0.058311
v 7.793047 6.082785 -0.049592
v 7.793047 6.082785 0.049590
v 7.659734 6.082785 -0.058314
v 7.777047 6.082785 0.058312
v 7.796440 6.303859 -0.023561
v 7.821945 6.245786 -0.013683
v 7.815938 6.245786 -0.026839
v 7.659738 6.245786 0.058311
v 7.643739 6.245786 0.049590
v 7.793051 6.245786 -0.049592
v 7.806181 6.245786 -0.038964
v 7.793051 6.245786 0.049590
v 7.659738 6.245786 -0.058314
v 7.677991 6.245786 -0.064795
v 7.614844 6.245786 -0.013683
v 7.620852 6.245786 -0.026839
v 7.777051 6.245786 0.058312
v 7.677991 6.245786 0.064792
v 7.777051 6.245786 -0.058314
v 7.758799 6.245786 0.064792
v 7.643739 6.245786 -0.049592
v 7.612815 6.245786 -0.000001
v 7.738992 6.245786 0.068783
v 7.697797 6.245786 0.068783
v 7.758799 6.245786 -0.064795
v 7.718395 6.245786 0.070131
v 7.630609 6.245786 -0.038964
v 7.614844 6.245786 0.013681
v 7.718395 6.245786 0.070131
v 7.738992 6.245786 -0.068785
v 7.620852 6.245786 0.026837
v 7.718395 6.245786 -0.070133
v 7.630609 6.245786 0.038962
v 7.823975 6.245786 -0.000001
v 7.697797 6.245786 -0.068785
v 7.821945 6.245786 0.013681
v 7.787895 6.303711 -0.034210
v 7.625595 6.300890 0.023581
v 7.634134 6.301038 0.034230
v 7.801698 6.303951 0.012026
v 7.711015 6.302374 -0.061584
v 7.692979 6.302061 -0.060400
v 7.796440 6.303859 0.023581
v 7.645636 6.301238 0.043563
v 7.787895 6.303711 0.034230
v 7.675631 6.301758 -0.056895
v 7.634134 6.301038 -0.034210
v 7.625595 6.300890 -0.023561
v 7.776394 6.303511 0.043563
v 7.659646 6.301482 0.051223
v 7.776393 6.303511 -0.043543
v 7.762383 6.303268 0.051223
v 7.659646 6.301482 -0.051203
v 7.620327 6.300798 -0.012006
v 7.746400 6.302991 0.056915
v 7.675634 6.301759 0.056915
v 7.762383 6.303268 -0.051203
v 7.729053 6.302688 0.060420
v 7.645636 6.301238 -0.043543
v 7.618553 6.300767 0.000010
v 7.711015 6.302374 0.061604
v 7.692979 6.302061 0.060420
v 7.746400 6.302991 -0.056895
v 7.620327 6.300798 0.012026
v 7.711015 6.302374 0.061604
v 7.729054 6.302688 -0.060400
v 7.668430 6.268222 -0.051203
v 7.663041 6.271689 -0.056895
v 7.679918 6.260836 -0.023561
v 7.509269 6.259284 -0.023560
v 7.510320 6.261237 -0.034209
v 7.677037 6.262690 -0.034209
v 7.629043 6.293541 -0.043543
v 7.625161 6.296035 -0.034209
v 7.619905 6.299415 0.000010
v 7.620501 6.299029 0.012026
v 7.645013 6.283274 0.060420
v 7.651097 6.279362 0.061604
v 7.657182 6.275450 -0.060400
v 7.622284 6.297887 0.023581
v 7.681692 6.259696 -0.012006
v 7.651096 6.279362 -0.061583
v 7.682290 6.259310 0.000010
v 7.625160 6.296035 0.034230
v 7.681692 6.259696 0.012027
v 7.645013 6.283274 -0.060400
v 7.679918 6.260836 0.023581
v 7.629043 6.293541 0.043563
v 7.677037 6.262690 0.034230
v 7.639157 6.287036 -0.056895
v 7.622284 6.297887 -0.023561
v 7.673156 6.265183 0.043563
v 7.633768 6.290503 0.051223
v 7.673156 6.265184 -0.043543
v 7.668430 6.268222 0.051223
v 7.633768 6.290503 -0.051203
v 7.620501 6.299029 -0.012006
v 7.663041 6.271689 0.056915
v 7.639161 6.287035 0.056915
v 7.657185 6.275451 0.060420
v 7.651097 6.279362 0.061604
v 7.508624 6.258082 0.012027
v 7.300985 6.269926 0.012028
v 7.300250 6.269553 0.000011
v 7.508405 6.257675 0.000011
v 7.530869 6.299537 0.012027
v 7.530229 6.298332 0.023581
v 7.508624 6.258082 -0.012006
v 7.517532 6.274685 -0.060400
v 7.519745 6.278808 -0.061583
v 7.529177 6.296381 0.034230
v 7.521959 6.282931 -0.060400
v 7.509269 6.259284 0.023581
v 7.527768 6.293752 0.043564
v 7.510320 6.261237 0.034230
v 7.524084 6.286896 -0.056895
v 7.529177 6.296381 -0.034209
v 7.530229 6.298332 -0.023560
v 7.511729 6.263865 0.043564
v 7.526048 6.290550 0.051224
v 7.511731 6.263865 -0.043543
v 7.513449 6.267068 0.051224
v 7.526048 6.290550 -0.051203
v 7.530869 6.299537 -0.012006
v 7.515413 6.270720 0.056916
v 7.524086 6.286895 0.056916
v 7.513449 6.267068 -0.051203
v 7.517536 6.274686 0.060421
v 7.527768 6.293751 -0.043543
v 7.531090 6.299942 0.000011
v 7.519746 6.278809 0.061604
v 7.521959 6.282931 0.060421
v 7.515413 6.270720 -0.056895
v 7.519746 6.278809 0.061604
v 7.311437 6.275235 0.043565
v 6.975415 6.314630 0.043565
v 6.967110 6.312792 0.034232
v 7.306688 6.272822 0.034231
v 7.338435 6.288956 -0.061582
v 7.345886 6.292741 -0.060399
v 7.303157 6.271029 0.023582
v 7.370188 6.305090 0.034231
v 7.365439 6.302676 0.043564
v 7.353047 6.296382 -0.056894
v 7.370188 6.305090 -0.034208
v 7.373718 6.306881 -0.023560
v 7.359652 6.299736 0.051224
v 7.306688 6.272822 -0.034208
v 7.311439 6.275237 -0.043542
v 7.317224 6.278176 0.051225
v 7.359652 6.299736 -0.051202
v 7.375889 6.307988 -0.012005
v 7.323828 6.281530 0.056916
v 7.353048 6.296381 0.056916
v 7.317224 6.278176 -0.051202
v 7.330989 6.285170 0.060421
v 7.365438 6.302676 -0.043542
v 7.376624 6.308360 0.000011
v 7.338436 6.288956 0.061605
v 7.345886 6.292741 0.060421
v 7.323829 6.281530 -0.056894
v 7.375889 6.307988 0.012028
v 7.338436 6.288956 0.061605
v 7.330985 6.285170 -0.060399
v 7.303157 6.271029 -0.023560
v 7.373718 6.306881 0.023582
v 7.300985 6.269926 -0.012005
v 7.009604 6.322194 0.060422
v 6.756198 6.400118 0.060423
v 6.740494 6.398400 0.056918
v 6.997079 6.319422 0.056917
v 7.069847 6.335524 0.043565
v 7.059728 6.333285 0.051225
v 6.967110 6.312792 -0.034207
v 6.975418 6.314630 -0.043541
v 6.985534 6.316868 0.051225
v 7.048182 6.330731 -0.056893
v 7.059728 6.333285 -0.051201
v 7.084321 6.338725 -0.023559
v 7.088122 6.339568 -0.012004
v 7.048181 6.330730 0.056917
v 6.985534 6.316868 -0.051201
v 7.069845 6.335523 -0.043541
v 7.089404 6.339850 0.000012
v 7.022630 6.325077 0.061606
v 7.035655 6.327959 0.060422
v 6.997079 6.319422 -0.056893
v 7.078151 6.337361 -0.034207
v 7.088122 6.339568 0.012028
v 7.022630 6.325077 0.061606
v 7.009600 6.322195 -0.060398
v 6.960938 6.311427 -0.023559
v 7.084321 6.338725 0.023583
v 6.957140 6.310586 -0.012004
v 7.022628 6.325077 -0.061582
v 6.955856 6.310303 0.000012
v 7.078151 6.337361 0.034232
v 6.957140 6.310586 0.012029
v 7.035655 6.327959 -0.060398
v 6.960938 6.311427 0.023583
v 6.690424 6.392925 0.012030
v 6.558829 6.477264 0.012030
v 6.557061 6.477214 0.000014
v 6.688815 6.392749 0.000013
v 6.819039 6.406991 -0.051200
v 6.831724 6.408379 -0.043540
v 6.854639 6.410886 -0.012003
v 6.856245 6.411061 0.000013
v 6.772530 6.401906 0.061607
v 6.804564 6.405409 0.056918
v 6.788859 6.403691 0.060423
v 6.726020 6.396817 -0.051200
v 6.740494 6.398400 -0.056892
v 6.842137 6.409518 -0.034206
v 6.854639 6.410886 0.012030
v 6.772530 6.401906 0.061607
v 6.756195 6.400119 -0.060397
v 6.695185 6.393445 -0.023558
v 6.702923 6.394291 -0.034206
v 6.849871 6.410363 0.023584
v 6.690424 6.392925 -0.012003
v 6.772528 6.401905 -0.061580
v 6.842137 6.409518 0.034233
v 6.788859 6.403691 -0.060397
v 6.695185 6.393445 0.023584
v 6.831726 6.408379 0.043566
v 6.702923 6.394291 0.034233
v 6.804566 6.405410 -0.056892
v 6.849871 6.410363 -0.023558
v 6.713335 6.395431 0.043566
v 6.819039 6.406991 0.051226
v 6.713338 6.395431 -0.043540
v 6.726020 6.396817 0.051226
v 6.584016 6.477974 0.043567
v 6.516358 6.607598 0.043568
v 6.504895 6.607889 0.034234
v 6.572569 6.477651 0.034233
v 6.649090 6.479814 -0.061580
v 6.667045 6.480321 -0.060396
v 6.564064 6.477411 0.023585
v 6.725615 6.481975 0.034233
v 6.714169 6.481652 0.043567
v 6.684312 6.480809 -0.056891
v 6.725615 6.481975 -0.034206
v 6.734115 6.482214 -0.023557
v 6.700222 6.481258 0.051227
v 6.572569 6.477651 -0.034206
v 6.584019 6.477974 -0.043539
v 6.597961 6.478369 0.051227
v 6.700222 6.481258 -0.051199
v 6.739359 6.482364 -0.012002
v 6.613872 6.478817 0.056919
v 6.684309 6.480809 0.056919
v 6.597961 6.478369 -0.051199
v 6.631137 6.479306 0.060424
v 6.714167 6.481652 -0.043539
v 6.741124 6.482413 0.000014
v 6.649093 6.479814 0.061608
v 6.667045 6.480321 0.060424
v 6.613872 6.478817 -0.056891
v 6.739359 6.482364 0.012030
v 6.649093 6.479814 0.061608
v 6.631135 6.479307 -0.060396
v 6.564064 6.477411 -0.023557
v 6.734115 6.482214 0.023585
v 6.558829 6.477264 -0.012002
v 6.563544 6.606394 0.060425
v 6.561509 6.861805 0.060427
v 6.544115 6.861871 0.056922
v 6.546254 6.606835 0.056920
v 6.646692 6.604277 0.043568
v 6.632726 6.604633 0.051228
v 6.504895 6.607889 -0.034205
v 6.516360 6.607597 -0.043538
v 6.530322 6.607241 0.051228
v 6.616795 6.605039 -0.056890
v 6.632726 6.604633 -0.051198
v 6.666665 6.603767 -0.023556
v 6.671918 6.603634 -0.012001
v 6.616791 6.605039 0.056920
v 6.530322 6.607241 -0.051198
v 6.646690 6.604277 -0.043538
v 6.673684 6.603589 0.000015
v 6.581526 6.605937 0.061609
v 6.599502 6.605479 0.060425
v 6.546254 6.606835 -0.056890
v 6.658154 6.603985 -0.034205
v 6.671918 6.603634 0.012031
v 6.581526 6.605937 0.061609
v 6.563544 6.606396 -0.060395
v 6.496377 6.608107 -0.023556
v 6.666665 6.603767 0.023586
v 6.491137 6.608241 -0.012001
v 6.581523 6.605937 -0.061579
v 6.489366 6.608286 0.000015
v 6.658154 6.603985 0.034234
v 6.491137 6.608241 0.012031
v 6.599502 6.605479 -0.060395
v 6.496377 6.608107 0.023586
v 6.597682 6.861668 0.060427
v 6.602001 7.275471 0.060430
v 6.583917 7.275395 0.061613
v 6.579598 6.861737 0.061610
v 6.631105 6.861539 -0.051197
v 6.645154 6.861486 -0.043537
v 6.670532 6.861389 -0.012000
v 6.672310 6.861381 0.000017
v 6.579598 6.861737 0.061610
v 6.615075 6.861601 0.056922
v 6.528088 6.861934 -0.051197
v 6.544116 6.861871 -0.056888
v 6.656686 6.861442 -0.034203
v 6.670532 6.861389 0.012033
v 6.561508 6.861806 -0.060393
v 6.493939 6.862064 -0.023554
v 6.502508 6.862031 -0.034203
v 6.665249 6.861408 0.023587
v 6.488667 6.862085 -0.012000
v 6.579596 6.861737 -0.061577
v 6.486886 6.862091 0.000017
v 6.656686 6.861442 0.034236
v 6.488667 6.862085 0.012033
v 6.597682 6.861668 -0.060393
v 6.493939 6.862064 0.023587
v 6.645155 6.861486 0.043570
v 6.502508 6.862031 0.034236
v 6.615078 6.861602 -0.056888
v 6.665249 6.861408 -0.023554
v 6.514040 6.861988 0.043570
v 6.631105 6.861539 0.051230
v 6.514042 6.861986 -0.043537
v 6.528088 6.861934 0.051230
v 6.491207 7.275004 0.000020
v 6.477026 7.514687 0.000021
v 6.478808 7.514687 -0.011995
v 6.492989 7.275012 -0.011997
v 6.548435 7.275245 -0.056885
v 6.565827 7.275319 -0.060391
v 6.498261 7.275034 -0.023551
v 6.506829 7.275070 -0.034200
v 6.674849 7.275778 0.012036
v 6.669565 7.275755 0.023590
v 6.583915 7.275395 -0.061574
v 6.661003 7.275720 0.034239
v 6.492989 7.275012 0.012036
v 6.602001 7.275471 -0.060391
v 6.498261 7.275034 0.023590
v 6.649472 7.275672 0.043573
v 6.506829 7.275070 0.034239
v 6.619396 7.275546 -0.056885
v 6.661003 7.275720 -0.034200
v 6.669565 7.275755 -0.023551
v 6.518360 7.275119 0.043573
v 6.635423 7.275612 0.051233
v 6.518363 7.275117 -0.043534
v 6.532408 7.275177 0.051233
v 6.635423 7.275612 -0.051194
v 6.674849 7.275778 -0.011997
v 6.548435 7.275245 0.056925
v 6.619392 7.275545 0.056925
v 6.532408 7.275177 -0.051194
v 6.565828 7.275318 0.060430
v 6.649470 7.275672 -0.043534
v 6.676626 7.275785 0.000020
v 6.583917 7.275395 0.061613
v 6.492651 7.514681 0.034241
v 6.492827 7.540618 0.007850
v 6.484258 7.540620 0.005414
v 6.484081 7.514683 0.023592
v 6.655414 7.514621 0.023592
v 6.646851 7.514626 0.034241
v 6.478808 7.514687 0.012038
v 6.569749 7.514653 -0.061572
v 6.587838 7.514646 -0.060389
v 6.635318 7.514630 0.043574
v 6.605237 7.514641 -0.056884
v 6.646851 7.514626 -0.034198
v 6.655414 7.514621 -0.023550
v 6.504184 7.514677 0.043574
v 6.621266 7.514634 0.051234
v 6.492651 7.514681 -0.034198
v 6.504187 7.514675 -0.043532
v 6.518234 7.514671 0.051234
v 6.621266 7.514634 -0.051192
v 6.660698 7.514620 -0.011995
v 6.534264 7.514665 0.056926
v 6.605233 7.514640 0.056926
v 6.518234 7.514671 -0.051192
v 6.551660 7.514659 0.060431
v 6.635316 7.514630 -0.043532
v 6.662476 7.514618 0.000021
v 6.569752 7.514653 0.061615
v 6.587838 7.514646 0.060431
v 6.534264 7.514665 -0.056884
v 6.660698 7.514620 0.012038
v 6.569752 7.514653 0.061615
v 6.551659 7.514660 -0.060389
v 6.484081 7.514683 -0.023550
v 6.655591 7.540558 -0.005370
v 6.765154 7.547619 -0.012257
v 6.777188 7.547616 -0.006238
v 6.660875 7.540557 -0.002727
v 6.588015 7.540583 -0.013798
v 6.605413 7.540578 -0.012996
v 6.647027 7.540562 -0.007806
v 6.504361 7.540613 0.009986
v 6.635495 7.540567 0.009986
v 6.621443 7.540571 0.011738
v 6.492827 7.540618 -0.007806
v 6.504364 7.540612 -0.009941
v 6.518411 7.540608 0.011738
v 6.621443 7.540571 -0.011694
v 6.534441 7.540602 0.013040
v 6.605410 7.540577 0.013040
v 6.518411 7.540608 -0.011694
v 6.551837 7.540596 0.013842
v 6.635492 7.540567 -0.009941
v 6.662652 7.540555 0.000022
v 6.569928 7.540590 0.014113
v 6.588015 7.540583 0.013842
v 6.534441 7.540602 -0.012996
v 6.660875 7.540557 0.002771
v 6.569928 7.540590 0.014113
v 6.551836 7.540597 -0.013798
v 6.484258 7.540620 -0.005370
v 6.655591 7.540558 0.005414
v 6.478984 7.540624 -0.002727
v 6.569926 7.540590 -0.014068
v 6.477202 7.540624 0.000022
v 6.647027 7.540562 0.007850
v 6.478984 7.540624 0.002771
v 6.452768 7.547732 -0.026657
v 6.380356 7.564338 -0.043172
v 6.439456 7.564313 -0.047973
v 6.489272 7.547717 -0.029622
v 6.489272 7.547717 0.029667
v 6.452768 7.547732 0.026701
v 6.687393 7.547648 0.026701
v 6.650882 7.547662 0.029667
v 6.420780 7.547741 -0.022667
v 6.528886 7.547704 0.031493
v 6.687393 7.547648 -0.026657
v 6.719387 7.547638 -0.022667
v 6.781236 7.547612 0.000022
v 6.570084 7.547692 0.032109
v 6.611271 7.547675 0.031492
v 6.745653 7.547628 -0.017804
v 6.777188 7.547616 0.006282
v 6.570084 7.547692 0.032109
v 6.528883 7.547707 -0.031448
v 6.374995 7.547759 -0.012257
v 6.394510 7.547754 -0.017804
v 6.765154 7.547619 0.012301
v 6.362987 7.547767 -0.006238
v 6.570078 7.547692 -0.032065
v 6.358929 7.547767 0.000022
v 6.745653 7.547628 0.017849
v 6.362987 7.547767 0.006282
v 6.611271 7.547675 -0.031448
v 6.374995 7.547759 0.012301
v 6.719392 7.547638 0.022711
v 6.394510 7.547754 0.017849
v 6.650891 7.547663 -0.029622
v 6.420774 7.547744 0.022711
v 6.905599 7.564150 0.010157
v 6.957416 7.590180 0.011718
v 6.934933 7.590185 0.022964
v 6.886116 7.564154 0.019902
v 6.812018 7.564185 -0.036711
v 6.854544 7.564169 -0.028839
v 6.912153 7.564144 0.000022
v 6.636976 7.564245 0.050973
v 6.570293 7.564272 0.051972
v 6.503588 7.564297 -0.050929
v 6.254439 7.564382 -0.019858
v 6.286035 7.564373 -0.028839
v 6.234998 7.564394 -0.010113
v 6.570283 7.564272 -0.051927
v 6.228428 7.564394 0.000022
v 6.854544 7.564169 0.028884
v 6.234998 7.564394 0.010157
v 6.636976 7.564245 -0.050929
v 6.254439 7.564382 0.019902
v 6.812026 7.564185 0.036756
v 6.286035 7.564373 0.028884
v 6.701121 7.564226 -0.047973
v 6.886117 7.564154 -0.019858
v 6.328555 7.564357 0.036756
v 6.760219 7.564201 0.043217
v 6.328567 7.564353 -0.036711
v 6.380355 7.564338 0.043217
v 6.760219 7.564201 -0.043172
v 6.905599 7.564150 -0.010113
v 6.439456 7.564313 0.048017
v 6.701108 7.564224 0.048017
v 6.503592 7.564292 0.050973
v 6.570293 7.564272 0.051972
v 6.570461 7.590322 -0.059927
v 6.570644 7.617167 -0.063936
v 6.652753 7.617134 -0.062707
v 6.647424 7.590290 -0.058775
v 6.183541 7.590462 -0.011673
v 6.205976 7.590447 -0.022919
v 6.493495 7.590349 -0.058775
v 6.175959 7.590462 0.000022
v 6.898499 7.590202 0.033328
v 6.183541 7.590462 0.011718
v 6.205976 7.590447 0.022964
v 6.849432 7.590221 0.042413
v 6.242437 7.590437 0.033329
v 6.721448 7.590268 -0.055364
v 6.898499 7.590202 -0.033284
v 6.934933 7.590185 -0.022919
v 6.291507 7.590419 0.042413
v 6.789647 7.590240 0.049869
v 6.242437 7.590437 -0.033284
v 6.291519 7.590414 -0.042368
v 6.351284 7.590397 0.049869
v 6.789647 7.590240 -0.049824
v 6.957416 7.590180 -0.011673
v 6.419486 7.590368 0.055409
v 6.721432 7.590266 0.055409
v 6.351285 7.590397 -0.049824
v 6.493499 7.590344 0.058820
v 6.849423 7.590221 -0.042368
v 6.964979 7.590173 0.000022
v 6.570472 7.590322 0.059972
v 6.647424 7.590290 0.058820
v 6.419486 7.590368 -0.055364
v 6.570472 7.590322 0.059972
v 6.868269 7.617060 0.045248
v 6.868690 7.678658 0.045248
v 6.804907 7.678678 0.053202
v 6.804486 7.617080 0.053202
v 6.181787 7.617302 0.024498
v 6.157851 7.617317 0.012500
v 6.920616 7.617040 0.035556
v 6.220686 7.617291 0.035556
v 6.731727 7.617111 -0.059067
v 6.920616 7.617040 -0.035511
v 6.959487 7.617022 -0.024453
v 6.273036 7.617271 0.045248
v 6.220686 7.617291 -0.035511
v 6.273050 7.617266 -0.045203
v 6.336811 7.617248 0.053202
v 6.804486 7.617080 -0.053157
v 6.983473 7.617016 -0.012455
v 6.409574 7.617218 0.059112
v 6.731710 7.617109 0.059112
v 6.336812 7.617248 -0.053157
v 6.488536 7.617192 0.062752
v 6.868259 7.617060 -0.045203
v 6.991542 7.617009 0.000022
v 6.570656 7.617167 0.063981
v 6.652753 7.617134 0.062752
v 6.409574 7.617218 -0.059067
v 6.983473 7.617016 0.012500
v 6.570656 7.617167 0.063981
v 6.488531 7.617198 -0.062707
v 6.181787 7.617302 -0.024453
v 6.959486 7.617022 0.024498
v 6.157851 7.617317 -0.012455
v 6.149762 7.617317 0.000022
v 6.804907 7.678678 -0.053157
v 6.787877 7.700004 -0.049251
v 6.846966 7.699986 -0.041881
v 6.868680 7.678658 -0.045203
v 6.221107 7.678889 -0.035511
v 6.273471 7.678864 -0.045203
v 6.337232 7.678846 0.053202
v 6.273457 7.678869 0.045248
v 6.732147 7.678708 -0.059067
v 6.959908 7.678619 -0.024453
v 6.983894 7.678614 -0.012455
v 6.409994 7.678815 0.059112
v 6.732131 7.678707 0.059112
v 6.337233 7.678846 -0.053157
v 6.488956 7.678790 0.062752
v 6.991963 7.678607 0.000022
v 6.571076 7.678765 0.063981
v 6.653174 7.678732 0.062752
v 6.409995 7.678815 -0.059067
v 6.921037 7.678638 -0.035511
v 6.983894 7.678614 0.012500
v 6.571076 7.678765 0.063981
v 6.488952 7.678795 -0.062707
v 6.182208 7.678900 -0.024453
v 6.959908 7.678619 0.024498
v 6.158272 7.678915 -0.012455
v 6.571065 7.678765 -0.063936
v 6.150184 7.678915 0.000022
v 6.921037 7.678638 0.035556
v 6.158272 7.678915 0.012500
v 6.653174 7.678732 -0.062707
v 6.182208 7.678900 0.024498
v 6.221107 7.678889 0.035556
v 6.647289 7.700054 0.058144
v 6.637991 7.717432 0.050950
v 6.571339 7.717459 0.051948
v 6.571221 7.700085 0.059283
v 6.953717 7.699944 -0.011539
v 6.961194 7.699938 0.000022
v 6.571221 7.700085 0.059283
v 6.495133 7.700107 0.058144
v 6.720446 7.700030 0.054772
v 6.354553 7.700160 -0.049251
v 6.421970 7.700131 -0.054727
v 6.895477 7.699966 -0.032901
v 6.953717 7.699944 0.011584
v 6.495129 7.700113 -0.058099
v 6.210915 7.700209 -0.022656
v 6.246957 7.700199 -0.032901
v 6.931492 7.699950 0.022700
v 6.188737 7.700223 -0.011539
v 6.571210 7.700085 -0.059238
v 6.181242 7.700223 0.000022
v 6.895477 7.699966 0.032946
v 6.188737 7.700223 0.011584
v 6.647289 7.700054 -0.058099
v 6.210915 7.700209 0.022700
v 6.846975 7.699986 0.041926
v 6.246957 7.700199 0.032946
v 6.720461 7.700032 -0.054727
v 6.931493 7.699950 -0.022656
v 6.295462 7.700181 0.041926
v 6.787877 7.700004 0.049296
v 6.295474 7.700176 -0.041881
v 6.354552 7.700160 0.049296
v 6.421970 7.700131 0.054772
v 6.229630 7.717581 0.000022
v 6.339458 7.740835 0.000023
v 6.343917 7.740835 -0.006856
v 6.236197 7.717581 -0.010108
v 6.440562 7.717500 -0.047950
v 6.504665 7.717484 -0.050905
v 6.255630 7.717568 -0.019849
v 6.287210 7.717559 -0.028826
v 6.906491 7.717336 0.010153
v 6.887017 7.717341 0.019893
v 6.571329 7.717459 -0.051903
v 6.855460 7.717355 0.028871
v 6.236197 7.717581 0.010153
v 6.637991 7.717432 -0.050905
v 6.255630 7.717568 0.019894
v 6.812961 7.717372 0.036739
v 6.287210 7.717559 0.028871
v 6.702107 7.717413 -0.047950
v 6.855460 7.717355 -0.028826
v 6.887018 7.717341 -0.019849
v 6.329712 7.717544 0.036739
v 6.761178 7.717388 0.043197
v 6.329723 7.717539 -0.036694
v 6.381488 7.717525 0.043197
v 6.761178 7.717388 -0.043152
v 6.906491 7.717336 -0.010108
v 6.440562 7.717500 0.047995
v 6.702094 7.717411 0.047995
v 6.381489 7.717525 -0.043152
v 6.504669 7.717479 0.050950
v 6.812953 7.717372 -0.036694
v 6.913042 7.717330 0.000022
v 6.571339 7.717459 0.051948
v 6.378558 7.740820 0.019612
v 6.451596 7.751837 0.012204
v 6.438261 7.751841 0.008413
v 6.357113 7.740826 0.013516
v 6.785856 7.740672 0.013516
v 6.764427 7.740682 0.019612
v 6.343917 7.740835 0.006901
v 6.571488 7.740752 -0.035238
v 6.616755 7.740734 -0.034560
v 6.735568 7.740693 0.024955
v 6.660293 7.740721 -0.032553
v 6.764427 7.740682 -0.019567
v 6.785856 7.740672 -0.013471
v 6.407419 7.740809 0.024955
v 6.700405 7.740704 0.029340
v 6.378558 7.740820 -0.019567
v 6.407426 7.740806 -0.024910
v 6.442577 7.740797 0.029340
v 6.700405 7.740704 -0.029295
v 6.799080 7.740668 -0.006856
v 6.482691 7.740780 0.032599
v 6.660284 7.740720 0.032598
v 6.442577 7.740797 -0.029295
v 6.526223 7.740765 0.034605
v 6.735563 7.740693 -0.024910
v 6.803528 7.740664 0.000023
v 6.571495 7.740752 0.035283
v 6.616755 7.740734 0.034605
v 6.482691 7.740780 -0.032553
v 6.799080 7.740668 0.006901
v 6.571495 7.740752 0.035283
v 6.526220 7.740768 -0.034560
v 6.357113 7.740826 -0.013471
v 6.704862 7.751745 -0.008368
v 6.633252 7.758468 -0.003857
v 6.637054 7.758467 -0.001955
v 6.713084 7.751742 -0.004255
v 6.599711 7.751783 -0.021481
v 6.626784 7.751775 -0.020234
v 6.691536 7.751750 -0.012159
v 6.469543 7.751830 0.015526
v 6.673592 7.751758 0.015526
v 6.651726 7.751764 0.018253
v 6.451596 7.751837 -0.012158
v 6.469547 7.751828 -0.015481
v 6.491405 7.751822 0.018253
v 6.651726 7.751764 -0.018208
v 6.516348 7.751812 0.020279
v 6.626778 7.751774 0.020279
v 6.491405 7.751822 -0.018208
v 6.543417 7.751802 0.021527
v 6.673588 7.751758 -0.015481
v 6.715850 7.751740 0.000023
v 6.571568 7.751794 0.021948
v 6.599711 7.751783 0.021527
v 6.516348 7.751812 -0.020234
v 6.713084 7.751742 0.004300
v 6.571568 7.751794 0.021948
v 6.543415 7.751805 -0.021481
v 6.438261 7.751841 -0.008368
v 6.704861 7.751745 0.008413
v 6.430056 7.751846 -0.004255
v 6.571564 7.751794 -0.021903
v 6.427283 7.751846 0.000023
v 6.691536 7.751750 0.012204
v 6.430056 7.751846 0.004300
v 6.534544 7.758503 -0.008408
v 6.563191 7.761248 -0.001898
v 6.565818 7.761247 -0.002111
v 6.546078 7.758499 -0.009345
v 6.546078 7.758499 0.009390
v 6.534544 7.758503 0.008453
v 6.608681 7.758477 0.008453
v 6.597145 7.758481 0.009390
v 6.524436 7.758506 -0.007147
v 6.558596 7.758494 0.009967
v 6.608681 7.758477 -0.008408
v 6.618791 7.758473 -0.007147
v 6.638334 7.758465 0.000023
v 6.571614 7.758490 0.010161
v 6.584628 7.758485 0.009967
v 6.627090 7.758470 -0.005610
v 6.637054 7.758467 0.002001
v 6.571614 7.758490 0.010161
v 6.558595 7.758495 -0.009922
v 6.509969 7.758512 -0.003857
v 6.516135 7.758511 -0.005610
v 6.633252 7.758468 0.003903
v 6.506175 7.758514 -0.001955
v 6.571612 7.758490 -0.010116
v 6.504892 7.758514 0.000023
v 6.627090 7.758470 0.005655
v 6.506175 7.758514 0.002001
v 6.584628 7.758485 -0.009922
v 6.509969 7.758512 0.003903
v 6.618792 7.758473 0.007192
v 6.516135 7.758511 0.005655
v 6.597147 7.758482 -0.009345
v 6.524434 7.758507 0.007192
v 6.585674 7.761240 -0.000861
v 6.584270 7.761240 -0.001260
v 6.582380 7.761241 -0.001610
v 6.580077 7.761242 -0.001898
v 6.577450 7.761243 -0.002111
v 6.574599 7.761244 -0.002242
v 6.571634 7.761245 -0.002287
v 6.568669 7.761246 -0.002242
v 6.565818 7.761247 -0.002111
v 6.563191 7.761248 -0.001898
v 6.560889 7.761249 -0.001610
v 6.558998 7.761250 -0.001260
v 6.557593 7.761250 -0.000861
v 6.556729 7.761250 -0.000428
v 6.556437 7.761250 0.000023
v 6.556729 7.761250 0.000473
v 6.557593 7.761250 0.000906
v 6.558998 7.761250 0.001306
v 6.560888 7.761249 0.001656
v 6.563191 7.761248 0.001943
v 6.565818 7.761247 0.002156
v 6.568669 7.761246 0.002288
v 6.571634 7.761245 0.002332
v 6.574599 7.761244 0.002288
v 6.577450 7.761243 0.002156
v 6.580077 7.761242 0.001943
v 6.582380 7.761241 0.001656
v 6.584270 7.761240 0.001306
v 6.585674 7.761240 0.000906
v 6.586540 7.761240 0.000473
v 6.586831 7.761240 0.000023
v 6.586540 7.761240 -0.000428
v 6.582380 7.761241 -0.001610
v 6.584270 7.761240 -0.001260
v 6.586831 7.761240 0.000023
v 6.586540 7.761240 0.000473
v 6.574599 7.761244 0.002288
v 6.571634 7.761245 0.002332
v 6.568669 7.761246 -0.002242
v 6.557593 7.761250 -0.000861
v 6.558998 7.761250 -0.001260
v 6.585674 7.761240 0.000906
v 6.556729 7.761250 -0.000428
v 6.571634 7.761245 -0.002287
v 6.556437 7.761250 0.000023
v 6.584270 7.761240 0.001306
v 6.556729 7.761250 0.000473
v 6.574599 7.761244 -0.002242
v 6.557593 7.761250 0.000906
v 6.582380 7.761241 0.001656
v 6.558998 7.761250 0.001306
v 6.577450 7.761243 -0.002111
v 6.585674 7.761240 -0.000861
v 6.560888 7.761249 0.001656
v 6.580077 7.761242 0.001943
v 6.560889 7.761249 -0.001610
v 6.563191 7.761248 0.001943
v 6.580077 7.761242 -0.001898
v 6.586540 7.761240 -0.000428
v 6.565818 7.761247 0.002156
v 6.577450 7.761243 0.002156
v 6.568669 7.761246 0.002288
v 6.571634 7.761245 0.002332
vn -0.0008 -0.0000 1.0000
vn -0.1310 -0.0000 0.9914
vn -0.2653 -0.0000 0.9642
vn -0.4057 -0.0000 0.9140
vn -0.5533 -0.0000 0.8330
vn -0.7050 -0.0000 0.7092
vn -0.8485 -0.0000 0.5291
vn -0.9580 -0.0000 0.2869
vn -1.0000 -0.0000 -0.0000
vn -0.9580 -0.0000 -0.2869
vn -0.8485 -0.0000 -0.5291
vn -0.7050 -0.0000 -0.7092
vn -0.5533 -0.0000 -0.8330
vn -0.4057 -0.0000 -0.9140
vn -0.2653 -0.0000 -0.9642
vn -0.1310 -0.0000 -0.9914
vn -0.0000 -0.0000 -1.0000
vn 0.1310 -0.0000 -0.9914
vn 0.2653 -0.0000 -0.9642
vn 0.4057 -0.0000 -0.9140
vn 0.5533 -0.0000 -0.8330
vn 0.7050 -0.0000 -0.7092
vn 0.8485 -0.0000 -0.5291
vn 0.9580 -0.0000 -0.2869
vn 1.0000 -0.0000 -0.0000
vn 0.9580 -0.0000 0.2869
vn 0.8485 -0.0000 0.5291
vn 0.7050 -0.0000 0.7092
vn 0.5533 -0.0000 0.8330
vn 0.4057 -0.0000 0.9140
vn 0.2653 -0.0000 0.9642
vn 0.1310 -0.0000 0.9914
vn 0.0008 -0.0000 1.0000
vn -1.0000 -0.0063 -0.0000
vn -0.9580 -0.0061 0.2866
vn -0.9571 0.0292 -0.2882
vn -0.8468 0.0306 -0.5311
vn -0.4036 0.0411 -0.9140
vn -0.5506 0.0370 -0.8340
vn -0.3968 0.6579 -0.6401
vn -0.3203 0.5299 -0.7853
vn 0.9584 -0.0420 -0.2823
vn 0.9991 -0.0422 -0.0000
vn -0.7025 0.0331 -0.7109
vn 0.9585 -0.0420 0.2821
vn -0.5506 0.0366 -0.8340
vn 0.8522 -0.0414 0.5216
vn 0.7121 -0.0406 0.7009
vn -0.2651 0.0443 -0.9632
vn -0.0063 0.0217 0.9997
vn -0.1338 0.0404 0.9902
vn 0.5575 -0.0389 0.8292
vn -0.1339 0.0404 -0.9902
vn -0.2651 0.0443 0.9632
vn 0.4081 -0.0354 0.9123
vn -0.0058 0.0220 -0.9997
vn -0.4036 0.0414 0.9140
vn 0.2644 -0.0268 0.9640
vn 0.1263 -0.0068 -0.9920
vn -0.5506 0.0366 0.8340
vn 0.1263 -0.0069 0.9920
vn 0.2644 -0.0267 -0.9640
vn -0.7025 0.0331 0.7109
vn -0.0051 0.0219 0.9997
vn 0.4081 -0.0354 -0.9123
vn -0.8468 0.0306 0.5311
vn 0.5575 -0.0389 -0.8292
vn -0.9571 0.0292 0.2882
vn 0.7121 -0.0406 -0.7009
vn -0.9996 0.0287 -0.0000
vn 0.8522 -0.0415 -0.5215
vn -0.2651 0.0442 -0.9632
vn 0.9403 -0.3082 -0.1442
vn 0.9940 0.0134 -0.1084
vn 0.8740 -0.2893 -0.3904
vn -0.5505 0.0370 0.8340
vn -0.4036 0.0411 0.9140
vn -0.3203 0.5298 0.7853
vn -0.3966 0.6582 0.6399
vn -0.7024 0.0336 0.7110
vn -0.4499 0.7524 0.4811
vn -0.8468 0.0310 0.5311
vn -0.4839 0.8152 0.3181
vn -0.9571 0.0297 0.2883
vn -0.5020 0.8507 0.1562
vn -0.9996 0.0292 -0.0000
vn -0.5081 0.8613 -0.0003
vn -0.9571 0.0297 -0.2882
vn -0.5027 0.8501 -0.1571
vn -0.8468 0.0310 -0.5310
vn -0.4850 0.8145 -0.3185
vn -0.7025 0.0336 -0.7109
vn -0.4509 0.7522 -0.4804
vn 0.8453 0.1176 0.5211
vn 0.7043 0.1060 0.7020
vn 0.7073 0.0389 0.7058
vn 0.8493 0.0466 0.5259
vn 0.9571 0.0524 -0.2849
vn 0.9999 0.0110 -0.0000
vn 0.9579 0.0106 -0.2870
vn 0.3590 -0.0714 0.9306
vn 0.9241 0.0333 0.3806
vn -0.7411 -0.0861 -0.6659
vn -0.5570 -0.0140 -0.8304
vn -0.7015 -0.0390 -0.7116
vn -0.8497 -0.1192 -0.5137
vn -0.8458 -0.0471 -0.5314
vn 0.8824 -0.1973 -0.4271
vn -0.9524 -0.1282 -0.2766
vn -0.9560 -0.0532 -0.2883
vn 0.8453 0.1174 -0.5211
vn 0.8493 0.0466 -0.5259
vn -0.9913 -0.1317 -0.0000
vn -0.9985 -0.0555 -0.0000
vn 0.7042 0.1057 -0.7021
vn 0.7073 0.0390 -0.7058
vn -0.9523 -0.1281 0.2768
vn -0.9560 -0.0532 0.2884
vn 0.5530 0.0948 -0.8278
vn 0.5567 0.0308 -0.8302
vn -0.8497 -0.1192 0.5136
vn -0.8458 -0.0471 0.5315
vn 0.4043 0.0860 -0.9106
vn 0.4096 0.0229 -0.9120
vn -0.7120 -0.1076 0.6939
vn -0.7014 -0.0390 0.7117
vn 0.2630 0.0783 -0.9616
vn 0.2696 0.0152 -0.9629
vn 0.1298 0.0667 0.9893
vn 0.0038 0.0335 0.9994
vn 0.0046 0.0005 1.0000
vn 0.1355 0.0078 0.9907
vn -0.5630 -0.0961 0.8209
vn -0.5492 -0.0305 0.8351
vn 0.1298 0.0667 -0.9893
vn 0.1355 0.0078 -0.9907
vn 0.2630 0.0783 0.9616
vn 0.2696 0.0152 0.9629
vn -0.4145 -0.0844 0.9061
vn -0.4013 -0.0222 0.9157
vn 0.0031 0.0334 -0.9994
vn 0.0046 0.0005 -1.0000
vn 0.4043 0.0860 0.9106
vn 0.4096 0.0229 0.9120
vn -0.2696 -0.0675 0.9606
vn -0.2607 -0.0143 0.9653
vn -0.1281 -0.0296 -0.9913
vn -0.1264 -0.0068 -0.9920
vn 0.5529 0.0950 0.8278
vn 0.5567 0.0308 0.8302
vn -0.1281 -0.0296 0.9913
vn -0.1264 -0.0068 0.9920
vn -0.2696 -0.0675 -0.9606
vn -0.2607 -0.0144 -0.9653
vn 0.0028 0.0335 0.9994
vn 0.0038 0.0005 1.0000
vn -0.1638 0.0570 -0.9849
vn -0.4253 -0.0173 -0.9049
vn 0.9579 0.0106 0.2870
vn 0.9999 0.0111 -0.0000
vn -0.8485 -0.0094 -0.5291
vn -0.9579 -0.0106 -0.2869
vn 0.8485 0.0094 -0.5291
vn -0.9999 -0.0110 -0.0000
vn 0.7050 0.0078 -0.7091
vn -0.9579 -0.0106 0.2868
vn 0.5533 0.0061 -0.8329
vn -0.8485 -0.0094 0.5291
vn 0.4057 0.0045 -0.9140
vn -0.7049 -0.0078 0.7092
vn 0.2653 0.0029 -0.9642
vn 0.1310 0.0014 0.9914
vn -0.5533 -0.0061 0.8330
vn 0.1310 0.0014 -0.9914
vn 0.2653 0.0029 0.9642
vn -0.4057 -0.0045 0.9140
vn 0.4057 0.0045 0.9140
vn -0.2653 -0.0029 0.9642
vn -0.1310 -0.0014 -0.9914
vn 0.5533 0.0061 0.8329
vn -0.1310 -0.0014 0.9914
vn -0.2653 -0.0029 -0.9642
vn 0.7050 0.0078 0.7091
vn -0.4057 -0.0045 -0.9140
vn 0.8485 0.0094 0.5291
vn -0.5533 -0.0061 -0.8330
vn -0.7049 -0.0078 -0.7092
vn -0.9579 -0.0106 -0.2868
vn -0.9999 -0.0111 -0.0000
vn -0.9579 -0.0106 0.2869
vn 0.5534 0.0061 -0.8329
vn 0.5534 0.0061 0.8329
vn -0.0000 -0.0000 1.0000
vn 0.9579 0.0106 -0.2871
vn 0.0007 -0.0000 1.0000
vn -0.7050 -0.0078 0.7092
vn -0.8485 -0.0101 -0.5291
vn -0.9579 -0.0114 -0.2868
vn 0.9999 0.0119 -0.0000
vn 0.9578 0.0114 0.2871
vn 0.9048 -0.3290 0.2705
vn 0.9420 -0.3356 -0.0001
vn 0.9578 0.0114 -0.2871
vn 0.8485 0.0101 -0.5291
vn -0.9999 -0.0119 -0.0000
vn 0.7050 0.0084 -0.7092
vn -0.9579 -0.0114 0.2868
vn 0.5533 0.0066 -0.8330
vn -0.8485 -0.0101 0.5291
vn 0.4056 0.0048 -0.9140
vn -0.7050 -0.0084 0.7092
vn 0.2652 0.0031 -0.9642
vn 0.0012 -0.0000 1.0000
vn 0.1309 0.0016 0.9914
vn -0.5533 -0.0066 0.8329
vn 0.1309 0.0016 -0.9914
vn 0.2652 0.0031 0.9642
vn -0.4057 -0.0048 0.9140
vn -0.0001 -0.0000 -1.0000
vn 0.4056 0.0048 0.9140
vn -0.2653 -0.0031 0.9641
vn -0.1311 -0.0016 -0.9914
vn 0.5533 0.0066 0.8330
vn -0.1311 -0.0016 0.9914
vn -0.2653 -0.0031 -0.9641
vn 0.7050 0.0084 0.7092
vn -0.0005 -0.0000 1.0000
vn -0.4057 -0.0048 -0.9140
vn 0.8485 0.0101 0.5291
vn -0.5533 -0.0066 -0.8329
vn -0.7050 -0.0084 -0.7092
vn 0.7046 0.0045 -0.7096
vn 0.8483 0.0054 -0.5295
vn 0.8066 -0.3122 -0.5019
vn 0.6752 -0.2916 -0.6775
vn 0.1303 0.0008 -0.9915
vn -0.0007 -0.0000 -1.0000
vn 0.8483 0.0054 0.5295
vn 0.9579 0.0061 0.2871
vn -0.5538 -0.0035 0.8326
vn -0.4063 -0.0026 0.9137
vn -0.4063 -0.0026 -0.9137
vn -0.5538 -0.0035 -0.8326
vn 0.1303 0.0008 0.9915
vn 0.2646 0.0017 0.9643
vn -0.9580 -0.0061 -0.2866
vn 0.2646 0.0017 -0.9643
vn 0.7046 0.0045 0.7096
vn -0.7054 -0.0045 0.7088
vn -0.2659 -0.0017 -0.9640
vn 0.9579 0.0061 -0.2871
vn -0.1316 -0.0008 0.9913
vn -0.0011 -0.0000 1.0000
vn 0.0006 -0.0000 1.0000
vn -0.8488 -0.0054 -0.5287
vn 0.4051 0.0026 -0.9143
vn 0.5528 0.0035 0.8333
vn -0.8488 -0.0054 0.5287
vn -0.1316 -0.0008 -0.9913
vn 1.0000 0.0064 -0.0000
vn -0.2659 -0.0017 0.9640
vn -0.7054 -0.0045 -0.7088
vn 0.5528 0.0035 -0.8333
vn 0.4051 0.0026 0.9143
vn 0.9048 -0.3291 -0.2703
vn 0.9047 -0.3290 -0.2706
vn 0.9420 -0.3357 -0.0001
vn 0.8067 -0.3122 -0.5018
vn 0.9048 -0.3291 0.2703
vn 0.6753 -0.2916 -0.6774
vn 0.8066 -0.3122 0.5019
vn 0.5335 -0.2724 -0.8007
vn 0.6752 -0.2916 0.6775
vn -0.1257 -0.2462 0.9610
vn 0.0047 -0.2420 0.9703
vn 0.3933 -0.2572 -0.8827
vn 0.5334 -0.2724 0.8008
vn -0.2552 -0.2559 0.9324
vn 0.2584 -0.2470 -0.9339
vn 0.3932 -0.2573 0.8827
vn -0.3894 -0.2707 0.8804
vn 0.1285 -0.2418 -0.9618
vn 0.2583 -0.2470 0.9339
vn -0.5284 -0.2905 0.7977
vn 0.0014 -0.2415 -0.9704
vn 0.1284 -0.2418 0.9618
vn -0.6684 -0.3143 0.6741
vn -0.1255 -0.2462 -0.9611
vn 0.0044 -0.2409 0.9705
vn -0.7978 -0.3390 0.4985
vn -0.2551 -0.2559 -0.9324
vn -0.8940 -0.3588 0.2682
vn -0.3892 -0.2707 -0.8805
vn -0.9304 -0.3666 -0.0001
vn -0.5282 -0.2906 -0.7979
vn -0.8940 -0.3588 -0.2682
vn -0.6683 -0.3143 -0.6742
vn -0.7978 -0.3390 -0.4985
vn -0.7977 -0.3391 -0.4987
vn -0.6684 -0.3143 -0.6741
vn -0.8940 -0.3589 -0.2683
vn -0.5284 -0.2905 -0.7978
vn -0.9304 -0.3666 0.0001
vn -0.3893 -0.2707 -0.8804
vn -0.8940 -0.3589 0.2683
vn -0.2552 -0.2559 -0.9324
vn -0.7977 -0.3391 0.4986
vn -0.1257 -0.2462 -0.9610
vn -0.6683 -0.3143 0.6742
vn 0.0045 -0.2409 0.9705
vn 0.0013 -0.2415 -0.9704
vn -0.5283 -0.2906 0.7978
vn 0.2584 -0.2470 0.9339
vn 0.1284 -0.2418 -0.9618
vn -0.3892 -0.2707 0.8805
vn 0.3933 -0.2572 0.8827
vn 0.2583 -0.2470 -0.9340
vn -0.2550 -0.2559 0.9325
vn 0.5335 -0.2724 0.8007
vn 0.3932 -0.2573 -0.8827
vn -0.1255 -0.2462 0.9611
vn 0.6753 -0.2916 0.6774
vn 0.5334 -0.2724 -0.8008
vn 0.0048 -0.2420 0.9703
vn 0.8067 -0.3122 0.5018
vn 0.7953 -0.3836 0.4693
vn 0.6800 -0.3409 0.6491
vn 0.7953 -0.3836 -0.4693
vn 0.6800 -0.3409 -0.6492
vn 0.4766 -0.7287 -0.4918
vn 0.5173 -0.7894 -0.3306
vn 0.8765 -0.4129 0.2476
vn -0.7343 0.3801 -0.5624
vn -0.8321 0.4998 -0.2402
vn -0.8572 0.5150 0.0003
vn -0.8322 0.4999 0.2401
vn 0.5470 -0.2886 -0.7858
vn -0.7620 0.4576 0.4581
vn 0.4070 -0.2279 -0.8846
vn -0.6588 0.3965 0.6394
vn 0.2650 -0.1562 -0.9515
vn 0.1240 -0.0700 0.9898
vn -0.0105 0.0232 0.9997
vn -0.5359 0.3258 0.7789
vn 0.1240 -0.0700 -0.9898
vn 0.2650 -0.1562 0.9515
vn -0.4044 0.2526 0.8790
vn -0.0109 0.0235 -0.9997
vn 0.4070 -0.2279 0.8845
vn -0.2715 0.1803 0.9454
vn -0.1408 0.1066 -0.9843
vn 0.5470 -0.2886 0.7858
vn -0.1408 0.1066 0.9843
vn -0.2715 0.1803 -0.9454
vn -0.0114 0.0238 0.9997
vn -0.5372 0.2010 -0.8192
vn 0.3374 -0.5188 -0.7855
vn 0.2363 -0.3633 -0.9012
vn 0.2004 -0.4647 -0.8625
vn 0.2655 -0.6617 -0.7012
vn -0.5527 0.8154 0.1723
vn -0.5612 0.8277 -0.0000
vn 0.4173 -0.6396 -0.6456
vn -0.5270 0.7777 0.3428
vn -0.4826 0.7131 0.5085
vn 0.1175 -0.1719 0.9781
vn 0.0021 0.0233 0.9997
vn -0.4181 0.6198 0.6641
vn 0.1175 -0.1719 -0.9781
vn 0.2363 -0.3633 0.9012
vn -0.3326 0.4972 0.8014
vn 0.0019 0.0236 -0.9997
vn 0.3374 -0.5188 0.7855
vn -0.2276 0.3493 0.9090
vn -0.1110 0.1882 -0.9758
vn 0.4172 -0.6396 0.6456
vn -0.1110 0.1882 0.9758
vn -0.2276 0.3493 -0.9089
vn 0.4766 -0.7287 0.4918
vn 0.0017 0.0239 0.9997
vn -0.3326 0.4972 -0.8014
vn 0.5173 -0.7894 0.3306
vn -0.4471 0.6429 -0.6219
vn 0.5409 -0.8245 0.1661
vn 0.5486 -0.8361 -0.0000
vn 0.5409 -0.8245 -0.1661
vn -0.5527 0.8154 -0.1723
vn -0.5074 0.8102 -0.2934
vn 0.0193 0.0522 -0.9985
vn -0.0797 0.2757 -0.9579
vn -0.0652 0.3975 -0.9153
vn 0.0195 0.0634 -0.9978
vn 0.1076 -0.1783 0.9781
vn 0.0192 0.0525 0.9984
vn -0.2835 0.8010 0.5273
vn -0.3102 0.8707 0.3816
vn 0.1076 -0.1784 -0.9781
vn 0.2004 -0.4647 0.8625
vn -0.2405 0.6889 0.6838
vn 0.2655 -0.6616 0.7013
vn -0.1737 0.5145 0.8397
vn 0.3062 -0.7829 0.5415
vn -0.0797 0.2756 0.9580
vn -0.1737 0.5145 -0.8397
vn 0.3315 -0.8589 0.3903
vn 0.0194 0.0518 0.9985
vn -0.2403 0.6884 -0.6844
vn 0.3464 -0.9038 0.2513
vn -0.2835 0.8010 -0.5273
vn 0.3543 -0.9268 0.1245
vn -0.4824 0.7134 -0.5083
vn -0.3102 0.8707 -0.3816
vn 0.3567 -0.9342 -0.0000
vn -0.3262 0.9123 -0.2474
vn 0.3542 -0.9268 -0.1245
vn -0.3347 0.9344 -0.1216
vn 0.3463 -0.9032 -0.2534
vn -0.3374 0.9414 -0.0000
vn 0.3315 -0.8590 -0.3902
vn -0.3347 0.9344 0.1216
vn 0.3065 -0.7842 -0.5395
vn -0.3262 0.9123 0.2474
vn -0.1769 0.8008 -0.5723
vn -0.2002 0.8831 -0.4243
vn -0.1180 0.9207 -0.3719
vn -0.1099 0.8469 -0.5202
vn 0.2349 -0.8616 0.4500
vn 0.2119 -0.7655 0.6075
vn -0.0652 0.3975 0.9153
vn -0.1355 0.6527 0.7454
vn -0.1356 0.6529 -0.7453
vn 0.2476 -0.9154 0.3174
vn 0.0194 0.0634 0.9978
vn 0.2548 -0.9455 0.2029
vn 0.2585 -0.9609 0.0992
vn -0.2134 0.9301 -0.2990
vn 0.2597 -0.9657 0.0001
vn -0.2209 0.9564 -0.1909
vn 0.2585 -0.9609 -0.0991
vn -0.2247 0.9699 -0.0937
vn 0.2548 -0.9456 -0.2023
vn -0.2259 0.9741 -0.0000
vn 0.2468 -0.9131 -0.3247
vn -0.2248 0.9697 0.0955
vn 0.2348 -0.8615 -0.4503
vn -0.2209 0.9562 0.1919
vn 0.2119 -0.7656 -0.6073
vn -0.2134 0.9301 0.2990
vn 0.1698 -0.5919 -0.7879
vn 0.0956 -0.2910 0.9519
vn 0.0195 0.0634 0.9978
vn -0.2002 0.8833 0.4238
vn 0.0956 -0.2910 -0.9519
vn 0.1698 -0.5919 0.7879
vn -0.1769 0.8008 0.5722
vn -0.1238 0.9789 -0.1626
vn -0.1248 0.9892 -0.0773
vn -0.0024 0.9976 -0.0693
vn -0.0024 0.9897 -0.1433
vn 0.1308 -0.9883 0.0790
vn 0.1290 -0.9785 0.1609
vn -0.1219 0.9587 -0.2568
vn 0.1314 -0.9913 -0.0000
vn 0.1307 -0.9882 -0.0801
vn 0.1291 -0.9784 -0.1615
vn -0.1251 0.9921 -0.0000
vn 0.1255 -0.9580 -0.2577
vn -0.1248 0.9891 0.0777
vn 0.1195 -0.9209 -0.3710
vn -0.1238 0.9790 0.1618
vn 0.1086 -0.8495 -0.5163
vn 0.0875 -0.7032 -0.7056
vn 0.0477 -0.3853 0.9215
vn 0.0121 0.0145 0.9998
vn -0.1180 0.9208 0.3717
vn 0.0477 -0.3853 -0.9216
vn 0.0875 -0.7032 0.7056
vn -0.1099 0.8469 0.5202
vn 0.0122 0.0142 -0.9998
vn 0.1086 -0.8496 0.5162
vn -0.0917 0.6933 0.7148
vn -0.0481 0.3729 -0.9266
vn 0.1195 -0.9208 0.3713
vn -0.0481 0.3728 0.9266
vn -0.0917 0.6933 -0.7148
vn 0.1255 -0.9582 0.2572
vn 0.0122 0.0139 0.9998
vn -0.0024 0.9976 0.0693
vn -0.0024 0.9897 0.1433
vn 0.0873 0.9844 0.1525
vn 0.0883 0.9935 0.0725
vn 0.0020 -0.9897 -0.1433
vn 0.0020 -0.9976 -0.0693
vn -0.0024 1.0000 -0.0000
vn 0.0019 -0.9737 -0.2280
vn 0.0019 -0.9432 -0.3323
vn 0.0017 -0.8823 -0.4708
vn -0.0023 0.9737 0.2280
vn 0.0011 -0.7456 -0.6664
vn 0.0003 -0.4163 0.9092
vn 0.0020 0.0025 1.0000
vn 0.0003 -0.4163 -0.9092
vn 0.0011 -0.7451 0.6670
vn -0.0022 0.8823 0.4706
vn -0.0022 0.9431 0.3324
vn 0.0020 0.0022 -1.0000
vn 0.0016 -0.8823 0.4708
vn -0.0021 0.7457 0.6663
vn -0.0014 0.4179 -0.9085
vn 0.0018 -0.9432 0.3323
vn -0.0014 0.4181 0.9084
vn -0.0021 0.7455 -0.6665
vn 0.0019 -0.9737 0.2280
vn 0.0020 0.0018 1.0000
vn -0.0022 0.8817 -0.4719
vn 0.0019 -0.9897 0.1433
vn -0.0024 0.9432 -0.3322
vn 0.0018 -0.9975 0.0711
vn -0.0024 0.9737 -0.2280
vn 0.0020 -1.0000 -0.0000
vn 0.0822 0.9349 0.3453
vn 0.0757 0.8700 0.4871
vn 0.1441 0.8263 0.5445
vn 0.1610 0.9040 0.3962
vn -0.0807 -0.8672 -0.4915
vn -0.0866 -0.9331 -0.3490
vn 0.0855 0.9675 0.2380
vn -0.0681 -0.7252 -0.6851
vn -0.0403 -0.3985 0.9163
vn -0.0160 0.0180 0.9997
vn -0.0403 -0.3985 -0.9163
vn -0.0680 -0.7242 0.6863
vn -0.0161 0.0177 -0.9997
vn -0.0806 -0.8655 0.4943
vn 0.0621 0.7334 0.6770
vn 0.0291 0.4231 -0.9056
vn -0.0866 -0.9332 0.3488
vn 0.0291 0.4231 0.9056
vn 0.0621 0.7334 -0.6770
vn -0.0894 -0.9663 0.2413
vn -0.0161 0.0173 0.9997
vn 0.0758 0.8707 -0.4859
vn -0.0908 -0.9841 0.1527
vn 0.0822 0.9348 -0.3456
vn -0.0915 -0.9931 0.0740
vn 0.0855 0.9675 -0.2381
vn -0.0918 -0.9958 -0.0000
vn 0.0874 0.9844 -0.1525
vn -0.0916 -0.9930 -0.0740
vn 0.0883 0.9934 -0.0738
vn -0.0909 -0.9841 -0.1527
vn 0.0886 0.9961 -0.0000
vn -0.0895 -0.9660 -0.2425
vn 0.0527 0.3933 0.9179
vn -0.0206 0.0454 0.9988
vn -0.0180 0.0576 0.9982
vn 0.0754 0.3211 0.9441
vn -0.0206 0.0458 -0.9987
vn -0.0796 -0.3203 -0.9440
vn -0.1633 -0.8137 0.5579
vn -0.1356 -0.6482 0.7493
vn 0.1123 0.6772 0.7271
vn 0.0527 0.3933 -0.9179
vn -0.1770 -0.8979 0.4032
vn 0.1122 0.6769 -0.7275
vn -0.1839 -0.9421 0.2804
vn 0.1442 0.8266 -0.5440
vn -0.1876 -0.9661 0.1775
vn 0.1611 0.9044 -0.3952
vn -0.1893 -0.9779 0.0885
vn 0.1704 0.9464 -0.2744
vn -0.1899 -0.9818 -0.0000
vn 0.1755 0.9690 -0.1741
vn -0.1893 -0.9781 -0.0862
vn 0.1781 0.9804 -0.0846
vn -0.1875 -0.9661 -0.1774
vn 0.1789 0.9839 -0.0000
vn -0.1839 -0.9421 -0.2803
vn 0.1782 0.9804 0.0845
vn -0.1768 -0.8971 -0.4050
vn 0.1756 0.9689 0.1741
vn -0.1634 -0.8145 -0.5567
vn 0.1705 0.9464 0.2744
vn -0.1356 -0.6482 -0.7493
vn -0.0796 -0.3203 0.9440
vn -0.0205 0.0461 0.9987
vn 0.2739 0.8949 -0.3524
vn 0.2863 0.9308 -0.2271
vn 0.4273 0.8540 -0.2969
vn 0.3993 0.8010 -0.4460
vn 0.2173 0.7311 -0.6467
vn 0.1607 0.5669 -0.8080
vn -0.3047 -0.9238 0.2318
vn -0.2935 -0.8856 0.3599
vn 0.2526 0.8334 -0.4915
vn -0.3106 -0.9437 0.1136
vn -0.3124 -0.9500 -0.0000
vn -0.3106 -0.9437 -0.1136
vn 0.2929 0.9497 -0.1112
vn -0.3047 -0.9238 -0.2317
vn 0.2949 0.9555 -0.0000
vn -0.2935 -0.8856 -0.3599
vn 0.2929 0.9497 0.1112
vn -0.2740 -0.8198 -0.5028
vn 0.2863 0.9308 0.2271
vn -0.2411 -0.7090 -0.6627
vn 0.2738 0.8949 0.3523
vn -0.1858 -0.5233 -0.8317
vn -0.1002 -0.2302 0.9680
vn 0.2525 0.8335 0.4914
vn -0.1002 -0.2304 -0.9679
vn -0.1860 -0.5237 0.8314
vn 0.2176 0.7322 0.6454
vn -0.0180 0.0576 -0.9982
vn -0.2411 -0.7089 0.6628
vn 0.1607 0.5669 0.8080
vn 0.0754 0.3211 -0.9440
vn -0.2741 -0.8198 0.5028
vn 0.4484 0.8939 -0.0001
vn 0.4431 0.8841 0.1484
vn 0.7142 0.6642 0.2208
vn 0.7327 0.6805 -0.0000
vn -0.4381 -0.8872 -0.1449
vn -0.4424 -0.8968 0.0001
vn 0.4433 0.8840 -0.1486
vn -0.4245 -0.8581 -0.2889
vn -0.3998 -0.8052 -0.4381
vn -0.3601 -0.7204 -0.5927
vn 0.4273 0.8543 0.2958
vn -0.3010 -0.5946 -0.7456
vn 0.3979 0.7989 0.4511
vn -0.2171 -0.4156 -0.8833
vn -0.1100 -0.1836 0.9768
vn -0.0073 0.0319 0.9995
vn 0.3554 0.7174 0.5992
vn -0.1100 -0.1836 -0.9768
vn -0.2171 -0.4156 0.8833
vn 0.2922 0.5961 0.7478
vn -0.0073 0.0319 -0.9995
vn -0.3009 -0.5943 0.7458
vn 0.2055 0.4299 0.8792
vn 0.0985 0.2275 -0.9688
vn -0.3602 -0.7206 0.5925
vn 0.0985 0.2276 0.9687
vn 0.2055 0.4299 -0.8792
vn -0.3996 -0.8050 0.4385
vn 0.2922 0.5961 -0.7479
vn -0.4246 -0.8584 0.2877
vn 0.3556 0.7176 -0.5988
vn -0.4381 -0.8876 0.1425
vn 0.0037 0.0289 0.9996
vn -0.1200 -0.1162 0.9859
vn -0.1236 0.0545 0.9908
vn 0.0087 0.1207 0.9927
vn -0.4813 -0.4851 -0.7301
vn -0.5754 -0.5762 -0.5804
vn 0.6611 0.6173 0.4265
vn -0.3715 -0.3783 -0.8478
vn 0.5782 0.5447 0.6074
vn -0.2496 -0.2565 -0.9338
vn 0.4757 0.4555 0.7524
vn -0.1200 -0.1161 -0.9860
vn -0.2496 -0.2565 0.9338
vn 0.3611 0.3565 0.8617
vn 0.0040 0.0292 -0.9996
vn -0.3715 -0.3783 0.8478
vn 0.2409 0.2535 0.9368
vn 0.1211 0.1480 -0.9815
vn -0.4813 -0.4851 0.7301
vn 0.1211 0.1480 0.9815
vn 0.2409 0.2535 -0.9369
vn -0.5748 -0.5755 0.5817
vn 0.0043 0.0295 0.9996
vn 0.3610 0.3565 -0.8617
vn -0.6471 -0.6453 0.4060
vn 0.4757 0.4555 -0.7525
vn -0.6932 -0.6898 0.2086
vn 0.5780 0.5446 -0.6078
vn -0.7090 -0.7052 0.0001
vn 0.6603 0.6167 -0.4285
vn -0.6934 -0.6902 -0.2069
vn 0.7142 0.6642 -0.2209
vn -0.6471 -0.6453 -0.4060
vn 0.1172 0.1469 0.9822
vn 0.2461 0.1989 0.9486
vn 0.2633 0.2654 0.9275
vn 0.1376 0.1915 0.9718
vn 0.5077 0.4142 0.7555
vn 0.6196 0.4836 0.6183
vn -0.1235 0.0548 -0.9908
vn -0.2621 -0.0053 -0.9650
vn -0.2622 -0.0054 0.9650
vn 0.3873 0.3403 0.8569
vn 0.0094 0.1208 -0.9926
vn -0.4063 -0.0618 0.9116
vn 0.1378 0.1919 -0.9717
vn -0.5543 -0.1168 0.8241
vn 0.2635 0.2658 -0.9273
vn -0.7006 -0.1702 0.6929
vn 0.0097 0.1201 0.9927
vn 0.3874 0.3407 -0.8567
vn -0.8326 -0.2179 0.5093
vn 0.5077 0.4145 -0.7552
vn -0.9284 -0.2525 0.2725
vn 0.6196 0.4839 -0.6181
vn -0.9641 -0.2656 0.0002
vn 0.7139 0.5428 -0.4424
vn -0.9284 -0.2524 -0.2726
vn 0.7784 0.5834 -0.2318
vn -0.8326 -0.2178 -0.5093
vn 0.8016 0.5979 0.0001
vn -0.7007 -0.1700 -0.6930
vn 0.7785 0.5833 0.2319
vn -0.5543 -0.1165 -0.8241
vn 0.7139 0.5426 0.4425
vn -0.4063 -0.0615 -0.9117
vn -0.5506 0.0374 -0.8339
vn -0.5453 -0.0681 -0.8355
vn -0.4022 -0.0249 -0.9152
vn -0.4037 0.0418 -0.9140
vn -0.0094 0.1003 0.9949
vn 0.7591 0.4327 0.4864
vn 0.6429 0.3774 0.6665
vn -0.2663 0.0161 -0.9637
vn -0.0100 0.0996 0.9950
vn -0.1364 0.0570 0.9890
vn 0.5122 0.3164 0.7984
vn -0.1366 0.0572 -0.9890
vn -0.2662 0.0162 0.9638
vn 0.3782 0.2559 0.8896
vn -0.0098 0.0999 -0.9949
vn -0.4019 -0.0251 0.9153
vn 0.1170 0.1469 -0.9822
vn -0.5452 -0.0682 0.8355
vn -0.5506 0.0374 0.8339
vn 0.2461 0.1990 -0.9486
vn -0.6929 -0.1126 0.7122
vn -0.7025 0.0336 0.7109
vn 0.3782 0.2560 -0.8896
vn -0.8327 -0.1546 0.5317
vn -0.8468 0.0310 0.5310
vn 0.5122 0.3166 -0.7984
vn -0.9392 -0.1863 0.2883
vn -0.9571 0.0297 0.2882
vn 0.6429 0.3776 -0.6664
vn -0.9801 -0.1987 -0.0000
vn 0.7591 0.4328 -0.4863
vn -0.9392 -0.1863 -0.2885
vn 0.8423 0.4729 -0.2587
vn -0.8327 -0.1545 -0.5318
vn 0.8730 0.4878 0.0001
vn -0.6929 -0.1125 -0.7122
vn 0.8423 0.4729 0.2588
vn -0.4064 -0.0018 0.9137
vn -0.4011 -0.0191 0.9159
vn -0.5491 -0.0262 0.8354
vn -0.5541 -0.0030 0.8325
vn -0.1303 0.0008 0.9915
vn -0.8491 -0.0058 0.5281
vn -0.9581 -0.0070 0.2864
vn -0.9445 0.1608 0.2864
vn -0.8360 0.1464 0.5289
vn -0.2646 0.0017 0.9643
vn -0.7057 -0.0044 0.7085
vn -0.7015 -0.0334 0.7119
vn -0.8460 -0.0402 0.5317
vn -0.4051 0.0026 0.9143
vn -0.9564 -0.0454 0.2885
vn -0.5528 0.0035 0.8333
vn -0.9989 -0.0475 -0.0000
vn -1.0000 -0.0074 0.0001
vn -0.7046 0.0045 0.7096
vn -0.9564 -0.0454 -0.2886
vn -0.9581 -0.0068 -0.2862
vn -0.8483 0.0054 0.5295
vn -0.8459 -0.0402 -0.5318
vn -0.8491 -0.0056 -0.5283
vn -0.9579 0.0061 0.2871
vn -0.7015 -0.0334 -0.7119
vn -0.7058 -0.0042 -0.7084
vn -1.0000 0.0064 -0.0000
vn -0.5491 -0.0262 -0.8354
vn -0.5541 -0.0027 -0.8325
vn -0.9579 0.0061 -0.2871
vn -0.4011 -0.0191 -0.9159
vn -0.4063 -0.0015 -0.9137
vn -0.8483 0.0054 -0.5295
vn -0.2605 -0.0123 -0.9654
vn -0.2657 -0.0007 -0.9640
vn -0.7046 0.0045 -0.7096
vn -0.1261 -0.0058 -0.9920
vn -0.1312 -0.0002 -0.9914
vn -0.5528 0.0035 -0.8333
vn 0.0049 0.0005 -1.0000
vn 0.0001 -0.0000 -1.0000
vn -0.4051 0.0026 -0.9143
vn 0.1359 0.0068 -0.9907
vn 0.1313 -0.0002 -0.9913
vn -0.2646 0.0017 -0.9643
vn 0.2700 0.0132 -0.9628
vn 0.2658 -0.0008 -0.9640
vn -0.1303 0.0008 -0.9915
vn 0.4101 0.0199 -0.9118
vn 0.4063 -0.0016 -0.9137
vn 0.0007 -0.0000 -1.0000
vn 0.5570 0.0268 -0.8301
vn 0.5540 -0.0028 -0.8325
vn 0.1317 -0.0008 -0.9913
vn 0.7077 0.0339 -0.7057
vn 0.7056 -0.0040 -0.7086
vn 0.2659 -0.0017 -0.9640
vn 0.8497 0.0406 -0.5257
vn 0.8489 -0.0053 -0.5285
vn 0.4063 -0.0026 -0.9137
vn 0.9575 0.0456 -0.2847
vn 0.9581 -0.0063 -0.2865
vn 0.5539 -0.0035 -0.8326
vn 0.9989 0.0475 -0.0000
vn 1.0000 -0.0066 -0.0001
vn 0.7054 -0.0045 -0.7087
vn 0.9575 0.0456 0.2847
vn 0.9581 -0.0061 0.2863
vn 0.8488 -0.0054 -0.5287
vn 0.8497 0.0406 0.5257
vn 0.8490 -0.0051 0.5284
vn 0.9580 -0.0061 -0.2866
vn 0.7077 0.0339 0.7057
vn 0.7057 -0.0038 0.7085
vn 1.0000 -0.0064 -0.0000
vn 0.5571 0.0269 0.8300
vn 0.5540 -0.0025 0.8325
vn 0.9580 -0.0061 0.2866
vn 0.4101 0.0199 0.9118
vn 0.4063 -0.0014 0.9137
vn 0.8488 -0.0054 0.5287
vn 0.2700 0.0132 0.9628
vn 0.2657 -0.0006 0.9641
vn 0.7054 -0.0045 0.7088
vn 0.8331 0.2021 -0.5150
vn 0.9342 0.2241 -0.2776
vn 0.5538 -0.0035 0.8326
vn 0.4063 -0.0026 0.9137
vn -0.1317 0.0003 0.9913
vn -0.2671 0.0012 0.9637
vn 0.2659 -0.0017 0.9640
vn -0.0050 -0.0004 -1.0000
vn -0.1359 -0.0050 -0.9907
vn 0.1317 -0.0008 0.9913
vn 0.0015 -0.0000 1.0000
vn 0.0010 -0.0000 1.0000
vn -0.2658 -0.0008 0.9640
vn -0.2604 -0.0123 0.9654
vn 0.1312 -0.0002 0.9914
vn 0.1359 0.0068 0.9907
vn 0.0050 0.0005 1.0000
vn -0.1313 -0.0002 0.9913
vn -0.1261 -0.0058 0.9920
vn 0.0041 0.0004 1.0000
vn -0.4071 -0.0005 0.9134
vn -0.5549 -0.0009 0.8319
vn -0.9584 -0.0022 0.2856
vn -1.0000 -0.0023 -0.0000
vn -0.9821 0.1883 0.0001
vn -0.9408 0.1815 0.2864
vn -0.7058 -0.0014 0.7084
vn -0.8487 -0.0019 0.5289
vn -0.9580 -0.0022 -0.2866
vn -0.8493 -0.0018 -0.5279
vn -0.7064 -0.0014 -0.7078
vn -0.5549 -0.0009 -0.8319
vn -0.4068 -0.0005 -0.9135
vn -0.2662 -0.0002 -0.9639
vn -0.1311 -0.0000 -0.9914
vn 0.1311 -0.0001 -0.9914
vn 0.2662 -0.0003 -0.9639
vn 0.4059 -0.0006 -0.9139
vn 0.5549 -0.0009 -0.8319
vn 0.7053 -0.0014 -0.7089
vn 0.8495 -0.0018 -0.5276
vn 0.9582 -0.0022 -0.2863
vn 1.0000 -0.0023 -0.0000
vn 0.9580 -0.0021 0.2866
vn 0.8494 -0.0018 0.5278
vn 0.7053 -0.0013 0.7089
vn 0.5549 -0.0009 0.8319
vn 0.4071 -0.0005 0.9134
vn 0.2654 -0.0002 0.9641
vn -0.9996 0.0282 -0.0007
vn -0.9597 0.0265 -0.2799
vn -0.2663 -0.0002 0.9639
vn 0.1311 -0.0000 0.9914
vn -0.1316 -0.0001 0.9913
vn -0.4404 -0.0102 0.8977
vn -0.5919 -0.0017 0.8060
vn -0.5494 0.0266 0.8351
vn -0.4010 0.0194 0.9159
vn -0.7394 0.0076 0.6732
vn -0.8706 0.0162 0.4917
vn -0.9648 0.0225 0.2619
vn -0.9997 0.0248 -0.0014
vn -0.9648 0.0225 -0.2619
vn -0.8706 0.0162 -0.4917
vn -0.7394 0.0076 -0.6732
vn -0.5919 -0.0017 -0.8060
vn -0.4404 -0.0102 -0.8977
vn -0.2904 -0.0169 -0.9568
vn -0.1429 -0.0211 -0.9895
vn 0.0024 -0.0223 -0.9997
vn 0.1473 -0.0205 -0.9889
vn 0.2935 -0.0161 -0.9558
vn 0.4420 -0.0095 -0.8970
vn 0.5919 -0.0016 -0.8060
vn 0.7386 0.0068 -0.6742
vn 0.8697 0.0144 -0.4933
vn 0.9646 0.0199 -0.2631
vn 0.9998 0.0219 0.0012
vn 0.9646 0.0199 0.2631
vn 0.8698 0.0144 0.4933
vn 0.7386 0.0068 0.6741
vn 0.5919 -0.0016 0.8060
vn 0.4419 -0.0095 0.8970
vn 0.2935 -0.0161 0.9558
vn -0.9318 0.3031 0.1998
vn -0.9502 0.3117 -0.0002
vn -0.2903 -0.0169 0.9568
vn 0.1473 -0.0205 0.9889
vn 0.0032 -0.0223 0.9997
vn -0.1429 -0.0211 0.9895
vn 0.0016 -0.0223 0.9997
vn -0.4057 -0.0001 0.9140
vn -0.5534 -0.0002 0.8329
vn -0.8486 -0.0003 0.5291
vn -0.9580 -0.0004 0.2868
vn -0.9573 0.0275 0.2877
vn -0.8474 0.0243 0.5305
vn -0.7051 -0.0002 0.7091
vn -1.0000 -0.0004 -0.0000
vn -0.9580 -0.0004 -0.2868
vn -0.8486 -0.0003 -0.5291
vn -0.7051 -0.0002 -0.7091
vn -0.5534 -0.0001 -0.8329
vn -0.4057 -0.0001 -0.9140
vn 0.4057 -0.0001 -0.9140
vn 0.5534 -0.0002 -0.8329
vn 0.7051 -0.0002 -0.7091
vn 0.8486 -0.0003 -0.5291
vn 0.9580 -0.0004 -0.2868
vn 1.0000 -0.0004 -0.0000
vn 0.9580 -0.0004 0.2868
vn 0.8486 -0.0003 0.5291
vn 0.7051 -0.0002 0.7091
vn 0.5533 -0.0001 0.8329
vn 0.4057 -0.0001 0.9140
vn -0.1313 0.0002 0.9913
vn -0.2669 0.0012 0.9637
vn -0.9580 -0.0000 0.2868
vn -0.7077 0.0067 0.7065
vn -0.5561 0.0045 0.8311
vn -0.5539 0.2184 0.8034
vn -0.6928 0.2485 0.6770
vn 0.5563 0.0049 0.8310
vn 0.4082 0.0029 0.9129
vn -0.1319 0.0004 -0.9913
vn -0.0001 0.0001 -1.0000
vn -0.4082 0.0026 0.9129
vn 0.2673 0.0013 0.9636
vn 0.1318 0.0003 -0.9913
vn 0.1316 0.0005 0.9913
vn 0.2672 0.0013 -0.9636
vn 0.0008 0.0001 1.0000
vn 0.4082 0.0028 -0.9129
vn -0.8502 0.0088 0.5265
vn 0.5557 0.0047 -0.8313
vn -0.9582 0.0104 0.2858
vn 0.7077 0.0072 -0.7065
vn -0.9999 0.0112 -0.0002
vn 0.8503 0.0096 -0.5261
vn -0.9585 0.0105 -0.2850
vn 0.9584 0.0115 -0.2852
vn -0.8501 0.0089 -0.5266
vn 0.9999 0.0123 0.0003
vn -0.7077 0.0067 -0.7065
vn 0.9584 0.0116 0.2853
vn -0.5562 0.0045 -0.8311
vn 0.8504 0.0097 0.5260
vn -0.4081 0.0027 -0.9129
vn 0.7063 0.0076 0.7079
vn -0.2672 0.0013 -0.9637
vn -0.0008 0.0001 1.0000
vn -0.8209 0.2763 -0.4998
vn -0.9157 0.2971 -0.2704
vn -0.2603 0.9591 -0.1117
vn -0.2588 0.9376 -0.2324
vn 0.1176 -0.0374 0.9924
vn -0.0260 0.0296 0.9992
vn 0.2779 -0.0543 -0.9591
vn 0.4556 0.0198 -0.8900
vn -0.8209 0.2763 0.4997
vn 0.6034 0.1445 -0.7843
vn -0.9161 0.2972 0.2692
vn 0.7267 0.2261 -0.6487
vn -0.9522 0.3054 -0.0007
vn 0.8375 0.2740 -0.4727
vn 0.9193 0.3024 -0.2518
vn 0.9500 0.3124 0.0002
vn -0.6925 0.2484 -0.6773
vn 0.9193 0.3025 0.2517
vn -0.5538 0.2184 -0.8035
vn 0.8375 0.2741 0.4727
vn -0.4165 0.1870 -0.8897
vn 0.7267 0.2261 0.6487
vn -0.2846 0.1510 -0.9467
vn -0.0265 0.0298 0.9992
vn -0.1571 0.1014 0.9824
vn 0.6034 0.1445 0.7842
vn -0.1571 0.1014 -0.9824
vn -0.2846 0.1510 0.9467
vn 0.4556 0.0198 0.8900
vn -0.0265 0.0298 -0.9992
vn -0.4165 0.1870 0.8897
vn 0.2779 -0.0543 0.9591
vn 0.1176 -0.0374 -0.9924
vn -0.2159 0.6865 -0.6943
vn -0.2434 0.8179 -0.5214
vn 0.0128 0.9524 -0.3045
vn 0.0131 0.9002 -0.4354
vn 0.9269 -0.0538 -0.3715
vn 0.9985 -0.0540 -0.0000
vn -0.2546 0.8949 -0.3665
vn 0.9269 -0.0538 0.3715
vn 0.8005 -0.0596 0.5963
vn 0.6795 -0.0852 0.7287
vn -0.1573 0.4886 -0.8582
vn 0.0396 0.0903 0.9951
vn -0.0598 0.2681 0.9615
vn 0.5414 -0.1651 0.8244
vn -0.0598 0.2681 -0.9615
vn -0.1573 0.4886 0.8582
vn 0.3891 -0.2745 0.8794
vn 0.0396 0.0903 -0.9951
vn -0.2159 0.6866 0.6943
vn 0.2425 -0.3236 0.9146
vn 0.0990 -0.2266 -0.9689
vn -0.2434 0.8179 0.5214
vn 0.0991 -0.2271 0.9688
vn 0.2422 -0.3230 -0.9149
vn -0.2546 0.8949 0.3665
vn 0.0395 0.0906 0.9951
vn 0.3898 -0.2742 -0.8791
vn -0.2588 0.9376 0.2324
vn 0.5420 -0.1650 -0.8241
vn -0.2601 0.9590 0.1124
vn 0.6798 -0.0851 -0.7284
vn -0.2603 0.9655 -0.0006
vn 0.8005 -0.0595 -0.5964
vn 0.0028 -0.0020 -1.0000
vn 0.0082 0.4496 -0.8932
vn -0.0365 0.4100 -0.9114
vn -0.0107 -0.0122 -0.9999
vn -0.0604 -0.9905 0.1232
vn -0.0543 -0.9788 0.1975
vn 0.0126 0.7785 -0.6275
vn 0.0027 -0.0023 1.0000
vn 0.0082 0.4496 0.8932
vn -0.0467 -0.9552 0.2923
vn 0.0126 0.7785 0.6275
vn -0.0383 -0.9054 0.4229
vn 0.0130 0.9001 0.4355
vn -0.0286 -0.7867 0.6167
vn -0.0151 -0.4603 -0.8876
vn 0.0128 0.9524 0.3045
vn -0.0151 -0.4603 0.8876
vn -0.0286 -0.7867 -0.6167
vn 0.0126 0.9781 0.2080
vn 0.0028 -0.0016 1.0000
vn -0.0383 -0.9054 -0.4229
vn 0.0125 0.9913 0.1311
vn -0.0468 -0.9552 -0.2923
vn 0.0127 0.9979 0.0633
vn -0.0543 -0.9788 -0.1976
vn 0.0129 0.9999 -0.0000
vn -0.0604 -0.9906 -0.1229
vn 0.0128 0.9979 -0.0635
vn -0.0646 -0.9961 -0.0597
vn 0.0127 0.9912 -0.1320
vn -0.0660 -0.9978 -0.0007
vn 0.0126 0.9780 -0.2081
vn -0.0644 -0.9961 0.0596
vn 0.0854 -0.8629 -0.4980
vn 0.0705 -0.7188 -0.6917
vn 0.1402 -0.6299 -0.7639
vn 0.1805 -0.7938 -0.5807
vn -0.0613 0.7356 0.6746
vn -0.0712 0.8752 0.4785
vn 0.0854 -0.8621 0.4995
vn 0.0702 -0.7160 0.6945
vn 0.0360 -0.3951 -0.9179
vn -0.0748 0.9379 0.3387
vn 0.0360 -0.3950 0.9180
vn -0.0757 0.9697 0.2323
vn -0.0108 -0.0119 0.9999
vn -0.0756 0.9864 0.1458
vn 0.0924 -0.9303 -0.3550
vn -0.0753 0.9947 0.0703
vn 0.0962 -0.9648 -0.2446
vn -0.0753 0.9972 -0.0002
vn 0.0983 -0.9832 -0.1540
vn -0.0757 0.9946 -0.0708
vn 0.0994 -0.9922 -0.0745
vn -0.0762 0.9863 -0.1463
vn 0.0998 -0.9950 0.0001
vn -0.0765 0.9695 -0.2330
vn 0.0995 -0.9922 0.0746
vn -0.0756 0.9376 -0.3395
vn 0.0984 -0.9831 0.1542
vn -0.0718 0.8747 -0.4794
vn 0.0963 -0.9648 0.2447
vn -0.0614 0.7364 -0.6737
vn -0.0107 -0.0126 0.9999
vn -0.0365 0.4099 0.9114
vn 0.0925 -0.9302 0.3552
vn 0.2253 -0.9551 -0.1925
vn 0.2169 -0.9284 -0.3017
vn 0.4575 -0.8383 -0.2966
vn 0.5036 -0.8430 -0.1892
vn -0.1854 0.9411 0.2827
vn -0.1892 0.9655 0.1790
vn 0.2035 -0.8811 -0.4269
vn -0.1909 0.9778 0.0868
vn -0.1914 0.9815 -0.0001
vn -0.1909 0.9778 -0.0870
vn 0.2298 -0.9686 -0.0948
vn -0.1891 0.9658 -0.1775
vn 0.2315 -0.9728 0.0002
vn -0.1854 0.9418 -0.2804
vn 0.2303 -0.9682 0.0972
vn -0.1781 0.8983 -0.4016
vn 0.2256 -0.9546 0.1946
vn -0.1634 0.8171 -0.5529
vn 0.2172 -0.9285 0.3012
vn -0.1334 0.6589 -0.7403
vn -0.0090 -0.0173 0.9998
vn -0.0737 0.3475 0.9348
vn 0.2035 -0.8811 0.4269
vn -0.0737 0.3474 -0.9348
vn -0.1334 0.6587 0.7404
vn 0.1806 -0.7941 0.5803
vn -0.0091 -0.0169 -0.9998
vn -0.1634 0.8171 0.5529
vn 0.1402 -0.6299 0.7639
vn 0.0692 -0.3340 -0.9400
vn -0.1781 0.8983 0.4017
vn 0.0692 -0.3340 0.9400
vn -0.0091 -0.0166 0.9998
vn 0.5346 -0.8400 0.0926
vn 0.5456 -0.8380 0.0007
vn 0.9964 0.0845 -0.0000
vn 0.9935 0.0840 0.0767
vn -0.2498 0.9683 -0.0004
vn -0.2491 0.9643 -0.0900
vn 0.5344 -0.8402 -0.0923
vn -0.2489 0.9516 -0.1802
vn -0.2471 0.9269 -0.2824
vn -0.2411 0.8811 -0.4069
vn 0.5036 -0.8429 0.1892
vn -0.2250 0.7957 -0.5624
vn 0.4576 -0.8383 0.2965
vn -0.1856 0.6308 -0.7535
vn -0.0083 0.0074 0.9999
vn -0.1023 0.3287 0.9389
vn 0.4006 -0.8141 0.4204
vn -0.1023 0.3288 -0.9389
vn -0.1856 0.6309 0.7534
vn 0.3330 -0.7514 0.5697
vn -0.0083 0.0074 -0.9999
vn -0.2251 0.7957 0.5624
vn 0.2463 -0.6140 0.7499
vn 0.1206 -0.3337 -0.9349
vn -0.2411 0.8811 0.4069
vn 0.1206 -0.3337 0.9350
vn 0.2463 -0.6140 -0.7499
vn -0.2472 0.9268 0.2826
vn -0.0084 0.0078 0.9999
vn 0.3329 -0.7514 -0.5697
vn -0.2492 0.9518 0.1787
vn 0.4007 -0.8141 -0.4204
vn -0.2501 0.9641 0.0893
vn -0.0325 0.3817 0.9237
vn -0.0203 0.0110 0.9997
vn 0.0333 -0.0021 0.9994
vn 0.1588 0.0756 0.9844
vn -0.0713 0.9655 -0.2504
vn -0.0723 0.9284 -0.3644
vn 0.9730 0.0844 0.2150
vn -0.0706 0.8558 -0.5125
vn 0.1818 -0.0028 0.9833
vn -0.0607 0.7034 -0.7082
vn -0.1512 -0.7134 0.6843
vn -0.0325 0.3817 -0.9237
vn -0.0607 0.7034 0.7082
vn 0.0237 -0.7855 0.6184
vn -0.0203 0.0113 -0.9997
vn -0.0706 0.8557 0.5126
vn 0.0802 -0.6555 0.7509
vn 0.0460 -0.3542 -0.9340
vn -0.0723 0.9284 0.3645
vn 0.0458 -0.3535 0.9343
vn 0.0802 -0.6556 -0.7509
vn -0.0713 0.9655 0.2506
vn -0.0204 0.0116 0.9997
vn 0.0237 -0.7855 -0.6184
vn -0.0700 0.9851 0.1573
vn -0.1513 -0.7135 -0.6841
vn -0.0689 0.9947 0.0760
vn 0.1805 -0.0029 -0.9836
vn -0.0686 0.9976 -0.0003
vn 0.9729 0.0843 -0.2151
vn -0.0689 0.9947 -0.0760
vn 0.9935 0.0840 -0.0767
vn -0.0700 0.9851 -0.1574
vn 0.5809 0.2729 0.7669
vn 0.4452 0.1883 0.8754
vn 0.4688 0.0150 0.8832
vn 0.6141 0.0613 0.7868
vn -0.7904 0.3082 0.5295
vn -0.6842 -0.0763 0.7253
vn 0.3007 0.1251 -0.9455
vn 0.1588 0.0756 -0.9844
vn 0.3007 0.1251 0.9455
vn -0.4249 -0.3479 0.8357
vn 0.0331 -0.0025 -0.9994
vn -0.2364 -0.3628 0.9014
vn -0.0839 -0.2483 -0.9650
vn -0.0839 -0.2483 0.9650
vn -0.2363 -0.3628 -0.9014
vn 0.6950 0.3699 0.6165
vn 0.0332 -0.0022 0.9994
vn -0.4249 -0.3479 -0.8357
vn 0.7778 0.4586 0.4298
vn -0.6844 -0.0763 -0.7251
vn 0.8260 0.5189 0.2200
vn -0.7903 0.3081 -0.5295
vn 0.8416 0.5401 0.0003
vn -0.8153 0.4600 -0.3516
vn 0.8260 0.5189 -0.2200
vn -0.8201 0.5467 -0.1689
vn 0.7778 0.4586 -0.4298
vn -0.8179 0.5754 -0.0002
vn 0.6950 0.3699 -0.6166
vn -0.8201 0.5467 0.1689
vn 0.5809 0.2729 -0.7669
vn -0.8153 0.4600 0.3516
vn 0.4452 0.1883 -0.8754
vn 0.9535 0.1659 0.2516
vn 0.8690 0.1415 0.4742
vn 0.8479 0.0608 0.5267
vn 0.9561 0.0668 0.2853
vn -0.3020 -0.0738 0.9504
vn -0.1424 -0.0823 0.9864
vn -0.1406 -0.0823 -0.9866
vn -0.3020 -0.0738 -0.9504
vn 0.7504 0.1053 0.6525
vn 0.0118 -0.0760 0.9970
vn -0.4655 -0.0459 -0.8839
vn -0.6239 -0.0000 -0.7815
vn -0.7653 0.0497 -0.6417
vn 0.9846 0.1746 0.0005
vn -0.8822 0.0889 -0.4623
vn 0.9535 0.1659 -0.2517
vn -0.9631 0.1129 -0.2441
vn 0.8690 0.1415 -0.4741
vn -0.9926 0.1211 -0.0001
vn 0.7504 0.1052 -0.6526
vn -0.9631 0.1129 0.2442
vn 0.6141 0.0613 -0.7868
vn -0.8822 0.0889 0.4624
vn 0.4682 0.0147 -0.8835
vn -0.7654 0.0497 0.6417
vn 0.3180 -0.0265 -0.9477
vn 0.0131 -0.0760 0.9970
vn 0.1654 -0.0573 0.9846
vn -0.6234 -0.0003 0.7819
vn 0.1654 -0.0573 -0.9846
vn 0.3181 -0.0265 0.9477
vn -0.4655 -0.0459 0.8839
vn 0.0125 -0.0760 -0.9970
vn 0.8479 0.0608 -0.5267
vn 0.9561 0.0668 -0.2853
vn 0.9578 0.0178 -0.2869
vn 0.8483 0.0157 -0.5292
vn -0.5511 0.0007 -0.8344
vn -0.7033 -0.0037 -0.7109
vn 0.9976 0.0691 -0.0000
vn -0.8475 -0.0075 -0.5308
vn -0.9576 -0.0104 -0.2879
vn -0.9999 -0.0114 -0.0000
vn 0.7055 0.0532 -0.7067
vn -0.9576 -0.0103 0.2880
vn 0.5547 0.0453 -0.8308
vn -0.8475 -0.0075 0.5308
vn 0.4076 0.0380 -0.9124
vn -0.7033 -0.0037 0.7109
vn 0.2675 0.0314 -0.9630
vn 0.0026 0.0199 0.9998
vn 0.1334 0.0253 0.9907
vn -0.5511 0.0007 0.8344
vn 0.1334 0.0253 -0.9907
vn 0.2675 0.0314 0.9630
vn -0.4032 0.0052 0.9151
vn 0.0025 0.0199 -0.9998
vn 0.4076 0.0380 0.9124
vn -0.2628 0.0099 0.9648
vn -0.1284 0.0147 -0.9916
vn 0.5547 0.0453 0.8308
vn -0.1284 0.0147 0.9916
vn -0.2627 0.0099 -0.9648
vn 0.7055 0.0532 0.7067
vn 0.0018 0.0198 0.9998
vn -0.4032 0.0052 -0.9151
vn 0.4054 0.0075 -0.9141
vn 0.5530 0.0103 -0.8331
vn 0.5549 0.0026 -0.8319
vn 0.4074 0.0019 -0.9132
vn -0.9579 -0.0177 -0.2866
vn -0.9998 -0.0185 -0.0000
vn 0.7048 0.0131 -0.7093
vn -0.9579 -0.0177 0.2866
vn -0.8486 -0.0157 0.5288
vn -0.7052 -0.0131 0.7088
vn 0.2649 0.0049 -0.9643
vn 0.0005 -0.0000 1.0000
vn 0.1306 0.0024 0.9914
vn -0.5536 -0.0103 0.8327
vn 0.1306 0.0024 -0.9914
vn 0.2649 0.0049 0.9643
vn -0.4060 -0.0075 0.9138
vn -0.0004 -0.0000 -1.0000
vn 0.4054 0.0075 0.9141
vn -0.2657 -0.0049 0.9641
vn -0.1314 -0.0024 -0.9913
vn 0.5530 0.0103 0.8331
vn -0.1314 -0.0024 0.9913
vn -0.2657 -0.0049 -0.9641
vn 0.7048 0.0131 0.7093
vn -0.4060 -0.0075 -0.9138
vn 0.8483 0.0157 0.5292
vn -0.5536 -0.0103 -0.8327
vn 0.9578 0.0178 0.2869
vn -0.7052 -0.0131 -0.7088
vn 0.9998 0.0186 -0.0000
vn -0.8486 -0.0157 -0.5288
vn 1.0000 0.0046 -0.0000
vn 0.9582 0.0044 0.2861
vn 0.9568 0.0338 0.2887
vn 0.9994 0.0353 -0.0000
vn -0.8479 -0.0039 0.5302
vn -0.7039 -0.0033 0.7103
vn 0.2671 0.0012 -0.9637
vn 0.0026 -0.0000 1.0000
vn 0.1328 0.0006 0.9911
vn -0.5519 -0.0026 0.8339
vn 0.1328 0.0006 -0.9911
vn 0.2671 0.0012 0.9637
vn -0.4040 -0.0019 0.9147
vn 0.0018 -0.0000 -1.0000
vn 0.4074 0.0019 0.9132
vn -0.2636 -0.0012 0.9646
vn -0.1292 -0.0006 -0.9916
vn 0.5549 0.0026 0.8319
vn -0.1292 -0.0006 0.9916
vn -0.2636 -0.0012 -0.9646
vn 0.7062 0.0033 0.7080
vn -0.4041 -0.0019 -0.9147
vn 0.8493 0.0039 0.5279
vn -0.5519 -0.0026 -0.8339
vn -0.7039 -0.0033 -0.7103
vn -0.8479 -0.0039 -0.5302
vn 0.9582 0.0044 -0.2861
vn -0.9578 -0.0044 -0.2876
vn 0.8493 0.0039 -0.5279
vn -1.0000 -0.0046 -0.0000
vn 0.7062 0.0033 -0.7080
vn -0.9578 -0.0044 0.2876
vn 0.8462 0.0299 -0.5320
vn 0.9568 0.0339 -0.2887
vn 0.9565 0.0666 -0.2840
vn 0.8492 0.0592 -0.5248
vn 0.0057 0.0006 -1.0000
vn -0.1253 -0.0086 -0.9921
vn -0.0017 -0.0002 1.0000
vn 0.1260 0.0043 0.9920
vn 0.9568 0.0338 -0.2887
vn -0.7079 -0.0249 -0.7059
vn -0.8500 -0.0297 -0.5259
vn -0.1359 -0.0050 0.9907
vn -0.0034 -0.0003 1.0000
vn -0.8500 -0.0297 0.5259
vn -0.7079 -0.0249 0.7059
vn 0.7016 0.0248 -0.7122
vn 0.7016 0.0248 0.7122
vn 0.8462 0.0299 0.5320
vn 0.5491 0.0194 -0.8355
vn 0.4010 0.0141 -0.9160
vn 0.1260 0.0043 -0.9920
vn 0.2604 0.0091 -0.9655
vn -0.5572 -0.0197 -0.8301
vn -0.9580 -0.0334 0.2847
vn 0.5491 0.0194 0.8355
vn -0.2701 -0.0097 0.9628
vn -0.2701 -0.0097 -0.9628
vn -0.4102 -0.0146 -0.9119
vn 0.4010 0.0141 0.9160
vn -0.9994 -0.0348 -0.0000
vn -0.7079 -0.0249 -0.7058
vn -0.4102 -0.0146 0.9119
vn 0.9994 0.0354 -0.0000
vn -0.9580 -0.0334 -0.2847
vn -0.9580 -0.0334 0.2848
vn 0.2604 0.0091 0.9655
vn -0.9580 -0.0334 -0.2848
vn -0.7079 -0.0249 0.7058
vn -0.5572 -0.0197 0.8301
vn 0.9568 0.0339 0.2887
vn -0.0032 -0.0003 1.0000
vn -0.2596 -0.0180 -0.9655
vn 0.9976 0.0694 -0.0000
vn -0.4002 -0.0278 -0.9160
vn 0.9565 0.0666 0.2840
vn -0.5482 -0.0382 -0.8355
vn 0.8492 0.0592 0.5248
vn -0.7005 -0.0488 -0.7120
vn 0.7077 0.0494 0.7048
vn -0.1253 -0.0086 0.9921
vn -0.0000 -0.0009 1.0000
vn -0.8448 -0.0589 -0.5318
vn 0.5574 0.0390 0.8293
vn -0.2596 -0.0180 0.9655
vn -0.9551 -0.0665 -0.2886
vn 0.4106 0.0289 0.9113
vn -0.4002 -0.0278 0.9160
vn -0.9976 -0.0695 -0.0000
vn 0.2707 0.0191 0.9625
vn -0.5482 -0.0382 0.8355
vn -0.9551 -0.0665 0.2886
vn 0.1367 0.0098 0.9906
vn -0.7005 -0.0488 0.7120
vn -0.8448 -0.0589 0.5318
vn 0.0028 0.0012 1.0000
vn -0.7004 -0.0488 0.7120
vn 0.1366 0.0098 0.9906
vn -0.9552 -0.0665 0.2885
vn 0.4106 0.0289 0.9114
vn -0.9552 -0.0665 -0.2885
vn 0.5574 0.0390 0.8294
vn -0.8449 -0.0589 -0.5317
vn -0.1252 -0.0086 0.9921
vn 0.7076 0.0494 0.7049
vn 0.8491 0.0592 0.5248
vn 0.9565 0.0666 -0.2841
vn 0.8491 0.0592 -0.5248
vn 0.7076 0.0494 -0.7049
vn 0.1366 0.0098 -0.9906
vn 0.5574 0.0390 -0.8294
vn 0.2707 0.0191 -0.9625
vn 0.4106 0.0289 -0.9114
vn 0.4106 0.0289 -0.9113
vn 0.5574 0.0390 -0.8293
vn 0.1367 0.0098 -0.9906
vn 0.7077 0.0494 -0.7048
vn -0.7074 0.0066 0.7068
vn -0.5558 0.0044 0.8313
vn -0.5539 0.2184 0.8035
vn 0.5564 0.0048 0.8309
vn 0.4083 0.0028 0.9129
vn -0.1315 0.0005 -0.9913
vn -0.4081 0.0026 0.9129
vn 0.2663 0.0015 0.9639
vn 0.2671 0.0013 -0.9637
vn 0.4084 0.0028 -0.9128
vn -0.8494 0.0086 0.5277
vn 0.5563 0.0048 -0.8309
vn -0.9584 0.0105 0.2851
vn 0.8505 0.0097 -0.5260
vn -0.9581 0.0107 -0.2862
vn 0.9585 0.0115 -0.2849
vn -0.8502 0.0088 -0.5264
vn -0.7073 0.0067 -0.7069
vn 0.9584 0.0116 0.2850
vn 0.8504 0.0096 0.5260
vn -0.4079 0.0027 -0.9130
vn 0.7079 0.0072 0.7063
vn -0.2670 0.0013 -0.9637
vn -0.8210 0.2763 -0.4996
vn -0.9163 0.2973 -0.2685
vn -0.2601 0.9590 -0.1124
vn -0.8210 0.2763 0.4996
vn 0.6034 0.1445 -0.7842
vn 0.8375 0.2741 -0.4727
vn 0.9193 0.3024 -0.2519
vn 0.9500 0.3123 -0.0000
vn -0.6927 0.2485 -0.6771
vn -0.5539 0.2184 -0.8034
vn -0.0266 0.0298 0.9992
vn -0.2158 0.6865 -0.6943
vn 0.6793 -0.0852 0.7289
vn 0.3891 -0.2744 0.8794
vn 0.0992 -0.2271 0.9688
vn -0.2546 0.8949 0.3666
vn 0.5420 -0.1649 -0.8241
vn -0.0365 0.4100 -0.9113
vn 0.0126 0.9914 0.1304
vn -0.0543 -0.9787 -0.1977
vn 0.0129 0.9978 -0.0647
vn -0.0646 -0.9961 -0.0594
vn 0.0126 0.9914 -0.1304
vn 0.1805 -0.7939 -0.5806
vn -0.0613 0.7363 0.6739
vn -0.0714 0.8737 0.4812
vn 0.0854 -0.8631 0.4978
vn 0.0705 -0.7188 0.6916
vn 0.0360 -0.3950 -0.9180
vn -0.0715 0.8738 -0.4810
vn -0.0615 0.7368 -0.6733
vn 0.2254 -0.9552 -0.1917
vn 0.2171 -0.9287 -0.3007
vn 0.2035 -0.8811 -0.4270
vn 0.2296 -0.9685 -0.0966
vn -0.1890 0.9655 -0.1792
vn -0.1854 0.9420 -0.2799
vn 0.2300 -0.9687 0.0937
vn -0.1779 0.8979 -0.4027
vn 0.2255 -0.9552 0.1916
vn -0.1634 0.8172 -0.5527
vn 0.2172 -0.9289 0.3001
vn -0.1334 0.6588 -0.7404
vn -0.1334 0.6587 0.7405
vn -0.1781 0.8980 0.4024
vn 0.5345 -0.8401 0.0922
vn 0.5454 -0.8382 0.0001
vn -0.2493 0.9643 -0.0888
vn 0.5345 -0.8401 -0.0921
vn -0.2492 0.9519 -0.1784
vn -0.1856 0.6308 -0.7534
vn -0.1856 0.6308 0.7534
vn -0.2472 0.9267 0.2830
vn -0.2493 0.9517 0.1790
vn -0.0713 0.9655 -0.2506
vn -0.1512 -0.7134 0.6842
vn 0.0460 -0.3542 -0.9341
vn -0.0699 0.9851 0.1572
vn -0.1512 -0.7135 -0.6841
vn -0.0689 0.9947 0.0758
vn -0.7905 0.3084 0.5292
vn -0.2363 -0.3627 0.9014
vn -0.2364 -0.3628 -0.9014
vn 0.8260 0.5189 0.2199
vn 0.8416 0.5401 0.0004
vn 0.8260 0.5189 -0.2199
vn 0.6950 0.3699 -0.6165
vn 0.8690 0.1415 0.4741
vn -0.1421 -0.0823 -0.9864
vn 0.9846 0.1746 -0.0000
vn 0.9535 0.1659 -0.2516
vn -0.9926 0.1211 -0.0002
vn -0.9631 0.1129 0.2441
vn -0.8822 0.0889 0.4623
vn -0.7653 0.0497 0.6417
vn 0.3181 -0.0265 -0.9477
vn -0.9576 -0.0103 0.2879
vn 0.5546 0.0453 -0.8308
vn -0.9579 -0.0177 -0.2867
vn -0.0012 -0.0000 1.0000
vn -0.4041 -0.0019 0.9147
vn 0.5548 0.0026 0.8319
vn -0.4040 -0.0019 -0.9147
vn -0.9577 -0.0044 -0.2876
vn -0.9577 -0.0044 0.2876
vn -0.7080 -0.0249 -0.7058
vn -0.4101 -0.0146 0.9119
vn -0.0036 -0.0003 1.0000
vn -0.5481 -0.0382 -0.8355
vn -0.7004 -0.0488 -0.7120
vn 0.0021 0.0011 1.0000
vn -0.8449 -0.0589 0.5318
vn -0.5481 -0.0382 0.8355
vn -0.8449 -0.0589 -0.5318
vn 0.0058 0.0006 -1.0000
vn 0.8405 -0.1776 0.5118
vn 0.7060 -0.1541 0.6912
vn 0.5750 -0.5453 0.6100
vn 0.6574 -0.6183 0.4307
vn -0.3917 0.0803 -0.9166
vn -0.5407 0.1046 -0.8347
vn -0.9443 0.1609 -0.2872
vn -0.9861 0.1662 0.0007
vn -0.1127 0.0229 -0.9934
vn -0.2481 0.0530 -0.9673
vn 0.9409 -0.1950 -0.2771
vn 0.8404 -0.1776 -0.5120
vn 0.0187 -0.0094 0.9998
vn 0.1495 -0.0419 0.9879
vn 0.1493 -0.0418 -0.9879
vn 0.0186 -0.0093 -0.9998
vn -0.2496 0.0532 0.9669
vn -0.1133 0.0230 0.9933
vn 0.5617 -0.1282 0.8174
vn -0.6928 0.1269 -0.7099
vn -0.8360 0.1465 -0.5288
vn 0.4191 -0.1011 -0.9023
vn 0.2820 -0.0725 -0.9567
vn -0.5407 0.1046 0.8347
vn -0.3919 0.0803 0.9165
vn 0.9795 -0.2016 -0.0004
vn 0.7060 -0.1541 -0.6912
vn 0.5616 -0.1282 -0.8174
vn -0.6930 0.1269 0.7097
vn 0.4191 -0.1011 0.9023
vn 0.9411 -0.1949 0.2765
vn 0.2820 -0.0725 0.9567
vn 0.0180 -0.0092 0.9998
vn -0.7446 0.6303 -0.2197
vn -0.6855 0.5901 -0.4264
vn -0.2566 0.9436 -0.2092
vn -0.2612 0.9598 -0.1022
vn -0.1169 0.1204 -0.9858
vn -0.2494 0.2593 -0.9330
vn -0.5986 0.5290 -0.6015
vn 0.4718 -0.4563 0.7545
vn -0.4928 0.4528 0.7431
vn -0.3753 0.3642 0.8524
vn 0.5758 -0.5454 -0.6091
vn 0.4718 -0.4562 -0.7545
vn 0.3561 -0.3605 0.8621
vn -0.3752 0.3641 -0.8524
vn 0.2355 -0.2646 0.9352
vn -0.2493 0.2593 0.9331
vn 0.3562 -0.3605 -0.8621
vn 0.1167 -0.1681 0.9788
vn -0.4930 0.4528 -0.7429
vn -0.7644 0.6447 0.0007
vn 0.0043 -0.0493 0.9988
vn -0.1170 0.1204 0.9858
vn 0.2355 -0.2646 -0.9352
vn -0.7436 0.6309 0.2213
vn 0.0038 -0.0487 0.9988
vn 0.1165 -0.1680 -0.9789
vn 0.6574 -0.6182 -0.4309
vn -0.6855 0.5903 0.4262
vn 0.7117 -0.6667 -0.2215
vn 0.0041 -0.0490 -0.9988
vn 0.7297 -0.6837 -0.0004
vn -0.5987 0.5293 0.6012
vn 0.7111 -0.6668 0.2230
vn 0.1568 -0.5606 -0.8131
vn 0.2094 -0.7392 -0.6401
vn 0.0820 -0.8622 -0.4999
vn 0.0677 -0.7152 -0.6956
vn 0.1565 -0.5599 0.8136
vn 0.2086 -0.7376 0.6422
vn -0.2050 0.7614 0.6151
vn -0.1599 0.5953 0.7874
vn 0.2392 -0.8439 -0.4802
vn 0.0745 -0.2943 0.9528
vn -0.2060 0.7636 -0.6119
vn -0.2317 0.8568 -0.4607
vn -0.2626 0.9649 -0.0000
vn -0.0105 -0.0312 0.9995
vn -0.0855 0.3053 0.9484
vn -0.2477 0.9123 -0.3260
vn -0.2610 0.9599 0.1022
vn -0.0105 -0.0316 0.9994
vn 0.0745 -0.2944 -0.9528
vn 0.2655 -0.9391 -0.2181
vn 0.2561 -0.9046 -0.3408
vn -0.2562 0.9434 0.2106
vn 0.2703 -0.9569 -0.1064
vn -0.0106 -0.0313 -0.9995
vn 0.2717 -0.9624 -0.0000
vn -0.2471 0.9126 0.3256
vn 0.2702 -0.9569 0.1064
vn -0.0855 0.3053 -0.9484
vn 0.2653 -0.9392 0.2180
vn -0.2316 0.8575 0.4595
vn 0.2558 -0.9048 0.3405
vn -0.1600 0.5954 -0.7874
vn 0.2389 -0.8442 0.4798
vn -0.0572 0.9880 0.1436
vn -0.0537 0.9962 0.0687
vn 0.0285 0.9977 0.0617
vn 0.0259 0.9914 0.1286
vn -0.0656 0.9370 -0.3432
vn -0.0637 0.9700 -0.2346
vn -0.0530 0.9986 -0.0009
vn -0.0339 0.4098 0.9115
vn -0.0141 -0.0165 0.9998
vn 0.0337 -0.3917 -0.9195
vn 0.0936 -0.9836 -0.1539
vn 0.0918 -0.9653 -0.2445
vn 0.0945 -0.9927 -0.0744
vn -0.0141 -0.0162 -0.9998
vn 0.0948 -0.9955 -0.0000
vn -0.0627 0.9701 0.2347
vn 0.0945 -0.9927 0.0745
vn -0.0339 0.4099 -0.9115
vn 0.0935 -0.9836 0.1540
vn -0.0654 0.9369 0.3434
vn 0.0917 -0.9653 0.2445
vn -0.0558 0.7348 -0.6760
vn -0.0605 0.9875 -0.1456
vn 0.0883 -0.9306 0.3552
vn -0.0641 0.8726 0.4841
vn 0.0884 -0.9306 -0.3552
vn 0.0818 -0.8622 0.4998
vn -0.0642 0.8728 -0.4838
vn -0.0558 0.9959 -0.0705
vn 0.0675 -0.7154 0.6955
vn -0.0557 0.7350 0.6758
vn 0.0335 -0.3919 0.9194
vn -0.0141 -0.0159 0.9998
vn 0.0086 0.4385 -0.8987
vn 0.0069 -0.0019 -1.0000
vn 0.0179 -0.0318 -0.9993
vn 0.0661 0.3787 -0.9231
vn -0.0302 -0.9972 -0.0678
vn -0.0300 -0.9891 -0.1440
vn -0.0123 -0.4359 -0.8999
vn -0.0303 -0.9995 -0.0000
vn 0.0231 0.9781 0.2066
vn -0.0299 -0.9971 0.0696
vn -0.0296 -0.9898 0.1396
vn 0.0209 0.9520 0.3054
vn -0.0289 -0.9749 0.2207
vn 0.0155 0.7702 -0.6376
vn 0.0232 0.9782 -0.2064
vn 0.0260 0.9914 -0.1279
vn -0.0277 -0.9467 0.3208
vn 0.0189 0.8974 0.4409
vn -0.0289 -0.9751 -0.2200
vn -0.0277 -0.9466 -0.3211
vn -0.0258 -0.8900 0.4552
vn 0.0189 0.8974 -0.4408
vn 0.0288 0.9977 -0.0619
vn -0.0221 -0.7620 0.6472
vn 0.0155 0.7702 0.6376
vn -0.0258 -0.8901 -0.4551
vn -0.0123 -0.4359 0.8999
vn 0.0210 0.9520 -0.3055
vn 0.0302 0.9995 -0.0005
vn 0.0068 -0.0016 1.0000
vn 0.0086 0.4385 0.8987
vn -0.0221 -0.7621 -0.6471
vn 0.0068 -0.0023 1.0000
vn 0.1301 0.8486 0.5128
vn 0.1362 0.9224 0.3614
vn 0.4609 0.5410 0.7035
vn 0.3604 0.4362 0.8245
vn -0.2021 -0.9608 0.1896
vn -0.2060 -0.9742 0.0922
vn 0.1364 0.9593 0.2474
vn -0.1948 -0.9346 0.2977
vn 0.1118 0.7000 -0.7054
vn 0.1355 0.9595 -0.2469
vn 0.1339 0.9788 -0.1549
vn -0.1836 -0.8896 0.4182
vn -0.1955 -0.9357 -0.2937
vn -0.1835 -0.8892 -0.4191
vn -0.1631 -0.8045 0.5711
vn 0.1301 0.8488 -0.5124
vn 0.1321 0.9885 -0.0734
vn -0.1260 -0.6420 0.7562
vn 0.1118 0.7002 0.7052
vn -0.1631 -0.8045 -0.5712
vn -0.0589 -0.3461 0.9364
vn 0.1357 0.9212 -0.3645
vn 0.1316 0.9913 0.0006
vn 0.0180 -0.0315 0.9993
vn 0.0661 0.3787 0.9231
vn -0.1260 -0.6420 -0.7563
vn 0.1326 0.9884 0.0747
vn 0.0179 -0.0322 0.9993
vn -0.0589 -0.3461 -0.9363
vn -0.2025 -0.9612 -0.1874
vn 0.1341 0.9786 0.1563
vn -0.2063 -0.9741 -0.0927
vn -0.2073 -0.9783 -0.0002
vn 0.4609 0.5411 -0.7034
vn 0.3605 0.4363 -0.8245
vn 0.3919 0.1338 -0.9102
vn 0.5363 0.1809 -0.8244
vn -0.5598 -0.5663 -0.6049
vn -0.4583 -0.4799 -0.7481
vn -0.3451 -0.3853 0.8559
vn -0.4584 -0.4800 0.7480
vn 0.2452 0.3129 -0.9176
vn 0.6071 0.6952 -0.3849
vn 0.6464 0.7375 -0.1957
vn -0.2267 -0.2881 0.9304
vn 0.2453 0.3129 0.9176
vn -0.3451 -0.3854 -0.8558
vn -0.1096 -0.1889 0.9759
vn 0.6596 0.7516 0.0003
vn -0.0015 -0.0628 0.9980
vn 0.1163 0.1481 0.9821
vn -0.2267 -0.2881 -0.9304
vn 0.5442 0.6286 -0.5555
vn 0.6464 0.7373 0.1963
vn -0.0010 -0.0621 0.9981
vn -0.1096 -0.1889 -0.9759
vn -0.6418 -0.6368 -0.4273
vn 0.6072 0.6954 0.3844
vn -0.6957 -0.6837 -0.2204
vn -0.0012 -0.0624 -0.9981
vn -0.7144 -0.6998 -0.0001
vn 0.5442 0.6285 0.5558
vn -0.6958 -0.6837 0.2201
vn 0.1163 0.1481 -0.9821
vn -0.6420 -0.6370 0.4268
vn -0.5598 -0.5663 0.6049
vn -0.0114 -0.0098 0.9999
vn 0.1182 0.0375 0.9923
vn 0.1144 -0.0015 0.9934
vn -0.0163 0.0006 0.9999
vn 0.9134 0.2986 -0.2766
vn 0.9507 0.3101 0.0001
vn -0.0127 -0.0102 0.9999
vn -0.1408 -0.0552 0.9885
vn 0.2524 0.0858 0.9638
vn -0.4067 -0.1379 -0.9031
vn -0.2714 -0.0975 -0.9575
vn 0.6813 0.2267 -0.6960
vn 0.9134 0.2986 0.2767
vn -0.1408 -0.0553 -0.9885
vn -0.8214 -0.2530 -0.5112
vn -0.6896 -0.2171 -0.6909
vn 0.8145 0.2681 0.5145
vn -0.9198 -0.2797 -0.2752
vn -0.0121 -0.0101 -0.9999
vn -0.9571 -0.2898 -0.0001
vn 0.6812 0.2266 0.6961
vn -0.9199 -0.2797 0.2750
vn 0.1182 0.0375 -0.9923
vn -0.8215 -0.2530 0.5111
vn 0.5363 0.1808 0.8245
vn -0.6896 -0.2171 0.6909
vn 0.2524 0.0859 -0.9638
vn 0.8146 0.2681 -0.5144
vn -0.5474 -0.1779 0.8178
vn 0.3919 0.1337 0.9103
vn -0.5474 -0.1779 -0.8178
vn -0.4067 -0.1380 0.9031
vn -0.2714 -0.0975 0.9575
vn -0.9598 0.0238 -0.2798
vn -0.9997 0.0247 -0.0002
vn -0.9104 0.4137 -0.0005
vn -0.8773 0.4003 -0.2648
vn -0.2825 0.0068 -0.9593
vn -0.1484 0.0035 -0.9889
vn -0.8554 0.0213 -0.5175
vn -0.7162 0.0179 -0.6976
vn 0.9562 -0.0043 0.2927
vn 0.8426 -0.0043 0.5385
vn -0.0172 0.0007 -0.9999
vn 0.6961 -0.0048 0.7180
vn -0.9599 0.0237 0.2795
vn 0.1143 -0.0017 -0.9934
vn -0.8552 0.0210 0.5179
vn 0.5415 -0.0048 0.8407
vn -0.7164 0.0176 0.6975
vn 0.2494 -0.0033 -0.9684
vn 0.6954 -0.0049 -0.7186
vn 0.8428 -0.0047 -0.5381
vn -0.5676 0.0138 0.8232
vn 0.3917 -0.0042 0.9201
vn -0.5678 0.0142 -0.8231
vn -0.4224 0.0103 0.9063
vn 0.3911 -0.0043 -0.9203
vn 0.9562 -0.0045 -0.2925
vn -0.2822 0.0065 0.9593
vn 0.2494 -0.0030 0.9684
vn -0.4220 0.0104 -0.9065
vn -0.1484 0.0035 0.9889
vn 0.5407 -0.0048 -0.8412
vn 1.0000 -0.0043 0.0003
vn -0.0171 0.0007 0.9999
vn -0.7889 0.3649 -0.4944
vn -0.4905 0.8568 -0.1591
vn -0.4732 0.8210 -0.3195
vn 0.8060 -0.3201 0.4980
vn 0.6787 -0.2804 0.6787
vn -0.0149 0.0235 -0.9996
vn 0.1164 -0.0552 -0.9917
vn 0.5378 -0.2345 0.8098
vn 0.2537 -0.1254 -0.9591
vn 0.6788 -0.2804 -0.6787
vn 0.8060 -0.3201 -0.4980
vn 0.3947 -0.1837 0.9002
vn -0.6672 0.3166 -0.6743
vn -0.5336 0.2642 -0.8034
vn -0.8775 0.4004 0.2639
vn 0.3946 -0.1837 -0.9003
vn 0.8985 -0.3485 -0.2670
vn -0.7889 0.3649 0.4945
vn 0.2538 -0.1254 0.9591
vn -0.3980 0.2102 -0.8930
vn -0.6677 0.3169 0.6736
vn 0.5375 -0.2345 -0.8100
vn 0.9334 -0.3588 0.0012
vn -0.5336 0.2642 0.8034
vn 0.1165 -0.0553 0.9917
vn -0.2680 0.1559 -0.9507
vn -0.3988 0.2107 0.8925
vn 0.8986 -0.3483 0.2669
vn -0.2680 0.1559 0.9507
vn -0.0145 0.0232 0.9996
vn -0.1412 0.0954 -0.9854
vn -0.1412 0.0954 0.9854
vn -0.0155 0.0238 0.9996
vn -0.4900 0.8573 0.1579
vn -0.4723 0.8221 0.3178
vn -0.1699 0.9710 0.1682
vn -0.1708 0.9818 0.0831
vn -0.1044 0.2143 -0.9712
vn 0.0027 0.0468 -0.9989
vn -0.4958 0.8684 -0.0005
vn 0.5857 -0.7320 0.3480
vn 0.5255 -0.6826 0.5078
vn 0.1197 -0.1848 -0.9755
vn 0.4477 -0.6108 0.6531
vn -0.4399 0.7595 0.4792
vn 0.2457 -0.3767 -0.8932
vn 0.5256 -0.6828 -0.5075
vn 0.5855 -0.7317 -0.3491
vn -0.3885 0.6634 0.6395
vn 0.3546 -0.5117 0.7826
vn -0.4409 0.7576 -0.4813
vn -0.3895 0.6621 -0.6403
vn -0.3140 0.5343 0.7848
vn 0.3546 -0.5118 -0.7826
vn 0.6243 -0.7603 -0.1795
vn -0.2164 0.3782 0.9001
vn 0.2457 -0.3767 0.8932
vn -0.3149 0.5326 -0.7856
vn -0.1044 0.2143 0.9712
vn 0.4478 -0.6110 -0.6528
vn 0.6380 -0.7701 0.0012
vn 0.0025 0.0471 0.9989
vn 0.1197 -0.1848 0.9755
vn -0.2163 0.3783 -0.9001
vn 0.6243 -0.7607 0.1777
vn 0.0027 0.0468 0.9989
vn -0.1639 0.9019 -0.3997
vn -0.1683 0.9461 -0.2766
vn -0.0181 0.9737 -0.2273
vn -0.0186 0.9434 -0.3312
vn 0.2352 -0.9232 0.3039
vn 0.2120 -0.8799 0.4253
vn -0.1684 0.9462 0.2763
vn 0.0720 -0.3541 -0.9324
vn 0.1373 -0.6532 -0.7447
vn 0.2353 -0.9231 -0.3041
vn 0.2527 -0.9473 -0.1969
vn -0.1639 0.9019 0.3996
vn 0.1811 -0.8018 0.5695
vn -0.1529 0.8172 0.5557
vn 0.1811 -0.8018 -0.5695
vn 0.2639 -0.9597 -0.0967
vn -0.1259 0.6495 0.7499
vn 0.1373 -0.6532 0.7446
vn -0.1529 0.8172 -0.5557
vn -0.0638 0.3409 0.9379
vn 0.2120 -0.8799 -0.4251
vn 0.2680 -0.9634 0.0013
vn 0.0156 0.0257 0.9995
vn 0.0720 -0.3541 0.9324
vn -0.1259 0.6495 -0.7498
vn 0.2635 -0.9599 0.0959
vn 0.0155 0.0264 0.9995
vn -0.0638 0.3409 -0.9379
vn -0.1705 0.9703 -0.1715
vn 0.2526 -0.9474 0.1965
vn -0.1711 0.9818 -0.0818
vn 0.0156 0.0261 -0.9995
vn -0.1710 0.9853 -0.0002
vn 0.0560 -0.9984 0.0004
vn 0.0545 -0.9962 -0.0677
vn -0.0713 -0.9950 -0.0699
vn -0.0709 -0.9975 0.0005
vn -0.0187 0.8840 0.4670
vn -0.0189 0.9434 0.3311
vn 0.0274 -0.7518 -0.6588
vn 0.0357 -0.8855 -0.4633
vn 0.0512 -0.9887 -0.1409
vn -0.0172 0.7507 0.6604
vn 0.0358 -0.8858 0.4627
vn 0.0275 -0.7518 0.6588
vn -0.0186 0.8829 -0.4692
vn -0.0102 0.4244 0.9054
vn 0.0412 -0.9434 -0.3292
vn -0.0016 0.0013 1.0000
vn 0.0141 -0.4218 0.9066
vn -0.0169 0.7485 -0.6629
vn 0.0478 -0.9740 -0.2214
vn 0.0554 -0.9961 0.0685
vn -0.0016 0.0019 1.0000
vn -0.0102 0.4244 -0.9054
vn -0.0177 0.9896 -0.1429
vn 0.0529 -0.9885 0.1414
vn -0.0174 0.9975 -0.0691
vn -0.0016 0.0016 -1.0000
vn -0.0173 0.9999 -0.0001
vn 0.0488 -0.9731 0.2253
vn -0.0175 0.9975 0.0690
vn 0.0141 -0.4218 -0.9066
vn -0.0178 0.9896 0.1427
vn 0.0424 -0.9446 0.3254
vn -0.0184 0.9737 0.2271
vn 0.0395 0.3798 -0.9242
vn 0.0821 0.6980 -0.7114
vn 0.1584 0.5794 -0.7995
vn 0.0774 0.3034 -0.9497
vn -0.0163 0.0184 0.9997
vn 0.0400 0.3804 0.9240
vn -0.0661 -0.7278 0.6826
vn -0.0405 -0.4023 0.9146
vn 0.1016 0.8498 -0.5172
vn -0.0777 -0.9347 -0.3468
vn -0.0761 -0.9687 -0.2364
vn -0.0721 -0.9949 0.0710
vn -0.0163 0.0191 0.9997
vn 0.1193 0.9797 -0.1614
vn 0.1164 0.9597 -0.2557
vn -0.0746 -0.9863 0.1468
vn 0.1208 0.9896 -0.0782
vn -0.0163 0.0188 -0.9997
vn 0.1213 0.9926 -0.0001
vn -0.0765 -0.9685 0.2369
vn 0.1209 0.9896 0.0781
vn -0.0405 -0.4024 -0.9146
vn 0.1193 0.9797 0.1612
vn -0.0779 -0.9350 0.3461
vn 0.1164 0.9598 0.2555
vn -0.0661 -0.7278 -0.6826
vn -0.0738 -0.9861 -0.1487
vn 0.1112 0.9224 0.3697
vn -0.0758 -0.8688 0.4894
vn 0.1112 0.9224 -0.3699
vn 0.1017 0.8499 0.5170
vn -0.0758 -0.8689 -0.4892
vn 0.0822 0.6982 0.7112
vn -0.2266 -0.9257 0.3028
vn -0.2314 -0.9537 0.1922
vn -0.4322 -0.8543 0.2887
vn -0.4071 -0.8005 0.4399
vn 0.2666 0.9396 -0.2148
vn 0.2562 0.9068 -0.3347
vn -0.2334 -0.9679 0.0934
vn 0.2720 0.9566 -0.1050
vn -0.0067 0.0204 -0.9998
vn 0.2736 0.9618 -0.0001
vn 0.2718 0.9566 0.1047
vn -0.0842 -0.3163 -0.9449
vn 0.2663 0.9398 0.2143
vn -0.2166 -0.8753 0.4323
vn 0.2559 0.9071 0.3341
vn -0.1565 -0.6157 -0.7723
vn -0.2263 -0.9260 -0.3021
vn -0.2311 -0.9539 -0.1916
vn 0.2381 0.8499 0.4701
vn -0.1961 -0.7832 0.5900
vn 0.2385 0.8493 -0.4709
vn 0.2083 0.7506 0.6271
vn -0.1963 -0.7844 -0.5884
vn -0.2332 -0.9680 -0.0929
vn 0.1578 0.5782 0.8005
vn -0.1566 -0.6159 0.7721
vn 0.2088 0.7508 -0.6267
vn 0.0776 0.3038 0.9496
vn -0.2164 -0.8757 -0.4316
vn -0.2339 -0.9723 0.0002
vn -0.0068 0.0201 0.9998
vn -0.0842 -0.3163 0.9449
vn -0.0066 0.0207 0.9998
vn -0.2225 -0.4243 -0.8778
vn -0.1120 -0.2009 -0.9732
vn -0.1201 -0.0853 -0.9891
vn -0.2534 -0.1928 -0.9480
vn 0.5140 0.8412 0.1679
vn 0.5223 0.8528 -0.0003
vn -0.0035 0.0337 -0.9994
vn 0.4895 0.8054 0.3342
vn -0.3677 -0.7166 0.5927
vn 0.4485 0.7442 0.4950
vn -0.4080 -0.7999 -0.4402
vn -0.4325 -0.8539 -0.2895
vn 0.3890 0.6545 0.6483
vn -0.3071 -0.5941 0.7435
vn 0.4486 0.7424 -0.4976
vn 0.3898 0.6550 -0.6473
vn 0.3108 0.5342 0.7861
vn -0.3080 -0.5941 -0.7431
vn -0.4455 -0.8837 -0.1431
vn 0.2126 0.3828 0.8990
vn -0.2221 -0.4253 0.8774
vn 0.3110 0.5343 -0.7860
vn 0.1019 0.2123 0.9719
vn -0.3681 -0.7163 -0.5927
vn -0.4495 -0.8933 0.0004
vn -0.0033 0.0340 0.9994
vn -0.1114 -0.2012 0.9732
vn 0.2129 0.3830 -0.8989
vn -0.4451 -0.8839 0.1437
vn -0.0035 0.0337 0.9994
vn 0.1018 0.2122 -0.9719
vn 0.4901 0.8046 -0.3352
vn 0.5144 0.8408 -0.1686
vn -0.2534 -0.1928 0.9479
vn -0.3853 -0.2897 0.8761
vn -0.3933 -0.0978 0.9142
vn -0.2529 -0.0630 0.9654
vn -0.6272 -0.4576 -0.6302
vn -0.7236 -0.5235 -0.4499
vn 0.5069 0.3586 0.7839
vn 0.6268 0.4349 0.6465
vn -0.5116 -0.3781 0.7716
vn 0.6268 0.4349 -0.6465
vn 0.5067 0.3586 -0.7840
vn 0.3803 0.2790 0.8818
vn -0.3852 -0.2897 -0.8762
vn -0.7889 -0.5684 -0.2333
vn 0.2535 0.1992 0.9466
vn 0.3802 0.2790 -0.8818
vn 0.1297 0.1172 0.9846
vn -0.5115 -0.3781 -0.7716
vn -0.8120 -0.5837 0.0001
vn 0.0079 0.0242 0.9997
vn -0.1202 -0.0853 0.9891
vn 0.2535 0.1992 -0.9466
vn -0.7893 -0.5678 0.2337
vn 0.0071 0.0236 0.9997
vn 0.1297 0.1172 -0.9846
vn 0.7296 0.5013 -0.4652
vn -0.7251 -0.5237 0.4472
vn 0.8004 0.5470 -0.2452
vn 0.0075 0.0240 -0.9997
vn 0.8260 0.5637 0.0001
vn -0.6277 -0.4578 0.6296
vn 0.8008 0.5470 0.2438
vn 0.7296 0.5010 0.4654
vn 0.6982 0.1726 -0.6948
vn 0.5538 0.1407 -0.8207
vn 0.4109 0.1077 -0.9053
vn 0.1422 0.0417 0.9890
vn 0.2743 0.0753 0.9587
vn -0.3933 -0.0976 -0.9142
vn -0.5399 -0.1321 -0.8313
vn -0.9334 -0.2197 -0.2836
vn -0.9735 -0.2286 -0.0001
vn 0.0128 0.0072 0.9999
vn -0.1184 -0.0279 0.9926
vn 0.2741 0.0750 -0.9588
vn -0.6888 -0.1657 -0.7057
vn -0.9335 -0.2199 0.2833
vn 0.0117 0.0070 0.9999
vn 0.1422 0.0416 -0.9890
vn -0.8284 -0.1969 0.5244
vn 0.0122 0.0071 -0.9999
vn 0.9726 0.2325 0.0001
vn -0.6890 -0.1660 0.7055
vn 0.9341 0.2242 0.2777
vn -0.1184 -0.0278 -0.9926
vn 0.8330 0.2022 0.5150
vn -0.5398 -0.1323 0.8313
vn 0.6983 0.1728 0.6947
vn -0.2530 -0.0630 -0.9654
vn -0.8283 -0.1966 -0.5246
vn 0.5536 0.1407 0.8208
vn 0.4111 0.1081 0.9051
vn 0.5699 -0.1845 0.8007
vn 0.7156 -0.1393 0.6845
vn 0.7070 0.1241 0.6962
vn 0.5506 0.0783 0.8311
vn -0.5743 -0.0356 -0.8178
vn -0.3063 -0.2150 -0.9273
vn 0.9817 -0.0068 -0.1902
vn 1.0000 0.0037 -0.0000
vn -0.9318 0.3031 -0.1997
vn -0.8788 0.2777 -0.3881
vn -0.0984 -0.2474 -0.9639
vn 0.0800 -0.2496 -0.9650
vn 0.2480 -0.2387 -0.9389
vn 0.4116 -0.2173 -0.8851
vn -0.3063 -0.2150 0.9273
vn -0.5744 -0.0356 0.8178
vn 0.9818 -0.0067 0.1900
vn 0.0795 -0.2499 0.9650
vn -0.0984 -0.2474 0.9639
vn 0.5699 -0.1845 -0.8007
vn 0.7156 -0.1393 -0.6845
vn -0.7036 0.1636 0.6916
vn -0.7981 0.2359 0.5544
vn -0.7982 0.2359 -0.5544
vn 0.4116 -0.2173 0.8851
vn -0.8788 0.2777 0.3881
vn -0.7034 0.1641 -0.6915
vn 0.9271 -0.0383 0.3729
vn 0.8373 -0.0864 -0.5398
vn 0.9271 -0.0383 -0.3728
vn 0.2478 -0.2386 0.9390
vn 0.8373 -0.0864 0.5398
vn 0.0805 -0.2492 0.9651
vn -0.0702 -0.0412 0.9967
vn 0.1388 0.0108 0.9903
vn -0.2561 0.4060 0.8773
vn -0.2723 0.1069 0.9562
vn -0.2093 -0.5574 0.8035
vn -0.3172 -0.6171 0.7201
vn 0.5512 0.0784 -0.8307
vn 0.7070 0.1241 -0.6963
vn 0.3567 0.0431 0.9332
vn -0.6556 -0.2759 -0.7029
vn -0.3161 -0.6183 -0.7196
vn -0.9986 -0.0523 -0.0002
vn -0.9806 -0.0537 -0.1886
vn -0.2275 -0.1632 0.9600
vn 0.3566 0.0431 -0.9333
vn -0.8391 -0.0886 -0.5368
vn -0.9806 -0.0537 0.1887
vn -0.0700 -0.0407 0.9967
vn 0.1388 0.0109 -0.9903
vn -0.9285 -0.0606 -0.3664
vn -0.9285 -0.0605 0.3663
vn 0.8198 0.1847 -0.5420
vn 0.8915 0.2561 -0.3737
vn -0.0691 -0.0404 -0.9968
vn 0.9281 0.3190 -0.1919
vn -0.8395 -0.0884 0.5361
vn 0.9387 0.3447 -0.0000
vn -0.2277 -0.1632 -0.9600
vn 0.9282 0.3189 0.1918
vn -0.6553 -0.2758 0.7032
vn 0.8915 0.2561 0.3736
vn -0.2096 -0.5574 -0.8034
vn 0.8198 0.1847 0.5420
vn -0.1719 0.9750 -0.1410
vn -0.1811 0.9577 -0.2234
vn -0.1390 0.9613 -0.2379
vn -0.1372 0.9793 -0.1488
vn 0.0131 -0.9725 -0.2324
vn -0.0204 -0.9385 -0.3447
vn 0.0485 -0.9966 0.0673
vn 0.0530 -0.9986 0.0002
vn -0.2722 0.1062 0.9564
vn -0.2436 -0.2949 0.9240
vn -0.2561 0.4060 -0.8773
vn -0.2426 0.7281 -0.6411
vn 0.0355 -0.9889 -0.1440
vn 0.0354 -0.9891 0.1427
vn -0.2722 0.1061 -0.9564
vn -0.1667 0.9835 -0.0696
vn 0.0138 -0.9744 0.2244
vn -0.1652 0.9863 -0.0004
vn -0.2435 -0.2949 -0.9240
vn -0.1671 0.9835 0.0688
vn -0.0204 -0.9385 0.3447
vn -0.1726 0.9746 0.1426
vn -0.1493 -0.6897 -0.7085
vn -0.1812 0.9579 0.2228
vn -0.0702 -0.8655 0.4960
vn -0.1954 0.9258 -0.3235
vn -0.1956 0.9258 0.3235
vn -0.0702 -0.8655 -0.4959
vn 0.0489 -0.9965 -0.0673
vn -0.2161 0.8638 0.4551
vn -0.1493 -0.6897 0.7085
vn -0.2160 0.8638 -0.4552
vn -0.2426 0.7281 0.6411
vn -0.1360 0.9881 0.0725
vn -0.1356 0.9908 -0.0002
vn -0.0255 0.9997 0.0001
vn -0.0253 0.9973 0.0694
vn -0.1057 -0.0492 -0.9932
vn -0.1004 0.4041 -0.9092
vn -0.1359 0.9880 -0.0731
vn 0.0875 -0.9686 0.2329
vn 0.0949 -0.9847 0.1462
vn -0.0493 -0.4867 -0.8722
vn 0.0757 -0.9394 0.3344
vn -0.1372 0.9792 0.1493
vn 0.0209 -0.7608 -0.6487
vn -0.1390 0.9616 0.2367
vn 0.0562 -0.8820 0.4679
vn -0.1409 0.9283 -0.3440
vn -0.1409 0.9283 0.3441
vn 0.0561 -0.8819 -0.4681
vn 0.0985 -0.9924 -0.0734
vn 0.0946 -0.9846 -0.1469
vn -0.1410 0.8633 0.4846
vn 0.0211 -0.7610 0.6484
vn -0.1410 0.8633 -0.4846
vn -0.1331 0.7249 0.6759
vn 0.0757 -0.9394 -0.3344
vn 0.1002 -0.9950 0.0002
vn -0.1004 0.4041 0.9092
vn -0.0493 -0.4868 0.8721
vn -0.1331 0.7249 -0.6759
vn -0.1061 -0.0486 0.9932
vn 0.0873 -0.9687 -0.2324
vn 0.0990 -0.9925 0.0719
vn -0.1059 -0.0485 0.9932
vn -0.0219 0.9747 -0.2225
vn -0.0189 0.9455 -0.3250
vn 0.0339 0.9447 -0.3262
vn 0.0340 0.9741 -0.2234
vn 0.0275 -0.9425 0.3332
vn 0.0264 -0.9735 0.2273
vn -0.0243 0.9894 0.1435
vn 0.0292 -0.7455 -0.6659
vn 0.0269 -0.4105 -0.9115
vn -0.0221 0.9743 0.2244
vn 0.0286 -0.8829 0.4688
vn -0.0190 0.9454 0.3254
vn 0.0284 -0.8820 -0.4704
vn 0.0251 -0.9973 -0.0695
vn 0.0255 -0.9893 -0.1436
vn -0.0144 0.8872 0.4611
vn 0.0294 -0.7448 0.6666
vn -0.0144 0.8872 -0.4612
vn -0.0071 0.7564 0.6540
vn 0.0271 -0.9424 -0.3332
vn 0.0250 -0.9997 -0.0000
vn 0.0050 0.4320 0.9019
vn 0.0269 -0.4104 0.9115
vn -0.0071 0.7565 -0.6540
vn 0.0170 0.0043 0.9998
vn 0.0262 -0.9732 -0.2286
vn 0.0252 -0.9973 0.0694
vn 0.0170 0.0049 0.9998
vn 0.0050 0.4320 -0.9019
vn 0.0257 -0.9893 0.1436
vn -0.0236 0.9894 -0.1434
vn 0.0170 0.0046 -0.9998
vn -0.0249 0.9973 -0.0693
vn -0.0572 -0.9959 -0.0707
vn -0.0575 -0.9983 -0.0001
vn -0.0409 -0.9992 -0.0011
vn -0.0380 -0.9971 -0.0658
vn 0.0346 0.9740 0.2238
vn 0.0346 0.9445 0.3267
vn -0.0480 -0.8802 -0.4721
vn -0.0401 -0.7448 -0.6661
vn -0.0563 -0.9877 -0.1459
vn 0.0332 0.8850 0.4644
vn -0.0401 -0.7446 0.6663
vn -0.0480 -0.8802 0.4721
vn 0.0327 0.8858 -0.4629
vn 0.0290 0.7540 0.6562
vn -0.0522 -0.9413 -0.3336
vn 0.0180 0.4232 0.9059
vn -0.0205 -0.4172 0.9086
vn 0.0285 0.7546 -0.6555
vn 0.0106 -0.0066 0.9999
vn -0.0547 -0.9718 -0.2295
vn -0.0571 -0.9959 0.0705
vn 0.0107 -0.0060 0.9999
vn 0.0180 0.4231 -0.9059
vn -0.0561 -0.9877 0.1457
vn 0.0336 0.9896 -0.1402
vn 0.0107 -0.0063 -0.9999
vn 0.0334 0.9972 -0.0676
vn -0.0546 -0.9716 0.2305
vn 0.0333 0.9994 0.0001
vn -0.0205 -0.4173 -0.9086
vn 0.0336 0.9971 0.0679
vn -0.0522 -0.9414 0.3334
vn 0.0341 0.9895 0.1405
vn -0.0046 0.7461 -0.6658
vn -0.0022 0.4208 -0.9072
vn -0.1346 0.0917 -0.9866
vn -0.2667 0.1264 -0.9554
vn -0.0046 0.7475 0.6642
vn -0.0025 0.4207 0.9072
vn -0.0024 -0.4162 0.9093
vn -0.0056 -0.7477 0.6640
vn -0.0060 0.8824 -0.4705
vn 0.0045 0.0034 1.0000
vn -0.0245 -0.9748 -0.2216
vn -0.0172 -0.9450 -0.3266
vn -0.0370 -0.9971 0.0662
vn 0.0045 0.0041 1.0000
vn -0.0323 -0.9899 -0.1379
vn -0.0300 -0.9898 0.1395
vn -0.0085 0.9736 -0.2281
vn -0.0093 0.9896 -0.1433
vn 0.0045 0.0038 -1.0000
vn -0.0097 0.9975 -0.0693
vn -0.0222 -0.9742 0.2245
vn -0.0098 1.0000 0.0001
vn -0.0025 -0.4164 -0.9092
vn -0.0097 0.9975 0.0694
vn -0.0167 -0.9449 0.3270
vn -0.0093 0.9896 0.1434
vn -0.0072 -0.7480 -0.6636
vn -0.0086 0.9736 0.2282
vn -0.0102 -0.8835 0.4682
vn -0.0075 0.9432 -0.3323
vn -0.0075 0.9431 0.3324
vn -0.0125 -0.8834 -0.4684
vn -0.0062 0.8823 0.4707
vn 0.7622 -0.4250 0.4882
vn 0.6255 -0.4264 0.6534
vn 0.7274 -0.0552 0.6840
vn 0.8640 -0.0409 0.5019
vn 0.7623 -0.4250 -0.4882
vn 0.6256 -0.4264 -0.6533
vn 0.8657 -0.4246 0.2649
vn -0.6898 0.2567 -0.6770
vn -0.8133 0.3070 -0.4943
vn -0.0200 0.0228 -0.9995
vn -0.9008 0.3454 -0.2630
vn -0.9329 0.3600 -0.0000
vn 0.0787 -0.2449 -0.9664
vn -0.9009 0.3454 0.2629
vn 0.4801 -0.4248 0.7675
vn -0.8133 0.3069 0.4944
vn 0.2052 -0.3728 -0.9050
vn -0.6898 0.2567 0.6770
vn 0.3388 -0.4123 0.8457
vn -0.5499 0.2063 -0.8094
vn -0.5499 0.2063 0.8093
vn 0.3388 -0.4123 -0.8457
vn 0.8657 -0.4246 -0.2651
vn -0.4066 0.1626 0.8990
vn 0.2051 -0.3728 0.9050
vn -0.4066 0.1626 -0.8990
vn -0.2667 0.1264 0.9555
vn 0.4801 -0.4248 -0.7675
vn 0.9053 -0.4248 -0.0000
vn -0.1346 0.0917 0.9866
vn 0.0787 -0.2449 0.9664
vn -0.0205 0.0232 0.9995
vn -0.0201 0.0231 0.9995
vn 0.1302 -0.0867 -0.9877
vn 0.2743 -0.0853 -0.9579
vn 0.2665 0.0553 -0.9622
vn 0.1314 0.0549 -0.9898
vn -0.9632 0.0079 -0.2687
vn -0.9999 0.0121 -0.0023
vn -0.0086 -0.0835 -0.9965
vn -0.9632 0.0079 0.2686
vn 0.5757 -0.0690 0.8148
vn -0.8652 -0.0028 0.5014
vn -0.7313 -0.0179 0.6818
vn 0.4227 -0.0795 0.9028
vn -0.5838 -0.0349 -0.8111
vn -0.7314 -0.0179 -0.6817
vn -0.5838 -0.0349 0.8112
vn 0.4227 -0.0795 -0.9028
vn 0.9629 -0.0300 -0.2683
vn 0.8640 -0.0409 -0.5019
vn -0.4349 -0.0514 0.8990
vn 0.2743 -0.0853 0.9579
vn -0.4349 -0.0514 -0.8990
vn -0.2895 -0.0656 0.9549
vn 0.5757 -0.0690 -0.8148
vn 0.9997 -0.0259 0.0001
vn -0.1480 -0.0764 0.9860
vn 0.1312 -0.0865 0.9876
vn -0.2894 -0.0656 -0.9549
vn -0.0091 -0.0835 0.9965
vn 0.7274 -0.0552 -0.6840
vn 0.9629 -0.0300 0.2682
vn -0.0079 -0.0835 0.9965
vn -0.1479 -0.0764 -0.9860
vn -0.8652 -0.0028 -0.5014
vn 0.4084 0.0560 0.9111
vn 0.2660 0.0556 0.9624
vn 0.2402 0.1818 0.9535
vn 0.3808 0.2341 0.8945
vn -0.8514 0.0504 0.5221
vn -0.7103 0.0503 0.7021
vn 0.5570 0.0566 0.8286
vn -0.5596 0.0506 -0.8272
vn -0.7103 0.0503 -0.7021
vn -0.5596 0.0506 0.8272
vn 0.4074 0.0557 -0.9115
vn 0.9572 0.0593 -0.2833
vn 0.8501 0.0584 -0.5233
vn -0.4118 0.0513 0.9098
vn -0.4118 0.0513 -0.9098
vn -0.2704 0.0522 0.9613
vn 0.5568 0.0566 -0.8287
vn 0.9982 0.0597 -0.0005
vn -0.1346 0.0531 0.9895
vn 0.1306 0.0548 0.9899
vn -0.2704 0.0522 -0.9613
vn -0.0027 0.0540 0.9985
vn 0.7083 0.0574 -0.7036
vn 0.9570 0.0596 0.2840
vn -0.0012 0.0540 0.9985
vn -0.1344 0.0532 -0.9895
vn 0.8501 0.0585 0.5234
vn -0.8514 0.0505 -0.5221
vn -0.0019 0.0540 -0.9985
vn -0.9575 0.0511 -0.2839
vn 0.7084 0.0574 0.7034
vn -0.9987 0.0509 0.0006
vn -0.9580 0.0508 0.2822
vn -0.1260 0.0060 0.9920
vn -0.2604 0.0126 0.9654
vn -0.2527 0.0638 0.9654
vn -0.1185 0.0282 0.9926
vn 0.9988 -0.0499 -0.0000
vn 0.9575 -0.0479 -0.2845
vn 0.7078 -0.0356 -0.7055
vn 0.5573 -0.0281 -0.8299
vn -0.8459 0.0406 0.5317
vn -0.7015 0.0338 0.7119
vn -0.5491 0.0266 -0.8353
vn -0.7015 0.0339 -0.7119
vn 0.4103 -0.0207 0.9117
vn 0.5573 -0.0280 0.8299
vn -0.9989 0.0479 -0.0000
vn -0.9564 0.0459 0.2885
vn -0.2604 0.0126 -0.9654
vn -0.4010 0.0195 -0.9159
vn 0.9575 -0.0479 0.2845
vn -0.8460 0.0407 -0.5317
vn -0.9564 0.0459 -0.2885
vn 0.0051 -0.0005 -1.0000
vn -0.1259 0.0060 -0.9920
vn 0.2702 -0.0137 0.9627
vn 0.2702 -0.0138 -0.9627
vn 0.1361 -0.0071 -0.9907
vn 0.8497 -0.0425 0.5255
vn 0.0043 -0.0005 1.0000
vn 0.4103 -0.0208 -0.9117
vn 0.8497 -0.0426 -0.5255
vn 0.1361 -0.0070 0.9907
vn 0.7078 -0.0355 0.7055
vn 0.0051 -0.0005 1.0000
vn -0.8393 -0.1910 -0.5090
vn -0.7056 -0.1670 -0.6886
vn -0.3925 -0.8110 -0.4339
vn -0.4139 -0.8651 -0.2833
vn -0.4201 -0.1148 -0.9002
vn -0.5617 -0.1413 -0.8152
vn -0.4201 -0.1148 0.9002
vn -0.2849 -0.0851 0.9548
vn 0.5245 0.2728 -0.8065
vn 0.3808 0.2341 -0.8945
vn 0.9336 0.3584 -0.0013
vn 0.8967 0.3513 -0.2692
vn -0.1558 -0.0450 0.9868
vn 0.1028 0.1066 0.9890
vn -0.2849 -0.0851 -0.9548
vn -0.0294 0.0188 0.9994
vn 0.6680 0.3048 -0.6789
vn 0.8966 0.3509 0.2700
vn -0.0287 0.0194 0.9994
vn -0.1558 -0.0450 -0.9868
vn 0.7994 0.3318 -0.5009
vn 0.7992 0.3316 0.5012
vn -0.0290 0.0191 -0.9994
vn -0.9386 -0.2088 -0.2745
vn 0.6679 0.3048 0.6790
vn -0.9764 -0.2158 0.0010
vn 0.1028 0.1066 -0.9890
vn -0.9388 -0.2086 0.2741
vn 0.5245 0.2728 0.8065
vn -0.8391 -0.1907 0.5094
vn 0.2402 0.1818 -0.9535
vn -0.7057 -0.1667 0.6886
vn -0.5617 -0.1413 0.8152
vn -0.4255 -0.8942 0.1392
vn -0.4285 -0.9035 0.0004
vn -0.1509 -0.9885 0.0001
vn -0.1510 -0.9851 0.0817
vn -0.0118 -0.0093 -0.9999
vn -0.1077 -0.2214 -0.9692
vn -0.4250 -0.8943 -0.1400
vn 0.4291 0.7839 0.4488
vn 0.4681 0.8306 0.3016
vn 0.1025 0.2643 -0.9590
vn 0.3755 0.7133 0.5918
vn -0.4145 -0.8647 0.2838
vn 0.2153 0.4684 -0.8569
vn -0.3926 -0.8099 0.4358
vn 0.3049 0.6116 0.7300
vn -0.3554 -0.7222 -0.5935
vn -0.3554 -0.7220 0.5936
vn 0.3048 0.6116 -0.7301
vn 0.4911 0.8582 -0.1493
vn 0.4680 0.8308 -0.3011
vn -0.2969 -0.5926 0.7488
vn 0.2153 0.4684 0.8569
vn -0.2968 -0.5926 -0.7488
vn -0.2124 -0.4195 0.8825
vn 0.3751 0.7131 -0.5922
vn 0.4999 0.8661 -0.0010
vn -0.1077 -0.2214 0.9692
vn 0.1025 0.2643 0.9590
vn -0.2121 -0.4196 -0.8826
vn -0.0121 -0.0096 0.9999
vn 0.4292 0.7844 -0.4478
vn 0.4922 0.8574 0.1504
vn -0.0116 -0.0090 0.9999
vn -0.1499 -0.9497 -0.2749
vn -0.1477 -0.9054 -0.3981
vn 0.0142 -0.9429 -0.3329
vn 0.0144 -0.9734 -0.2285
vn 0.1207 0.9203 0.3722
vn 0.1301 0.9572 0.2586
vn -0.1510 -0.9740 0.1689
vn 0.0801 0.7088 -0.7009
vn 0.0393 0.3973 -0.9168
vn -0.1499 -0.9496 0.2753
vn 0.1053 0.8502 0.5158
vn -0.1477 -0.9045 0.4001
vn 0.1053 0.8520 -0.5129
vn 0.1382 0.9872 -0.0798
vn 0.1350 0.9772 -0.1640
vn -0.1414 -0.8160 0.5605
vn 0.0801 0.7089 0.7007
vn -0.1414 -0.8159 -0.5607
vn -0.1231 -0.6318 0.7653
vn 0.1200 0.9193 -0.3747
vn 0.1394 0.9902 -0.0001
vn -0.0735 -0.2826 0.9564
vn 0.0392 0.3972 0.9169
vn -0.1231 -0.6318 -0.7653
vn -0.0029 0.0038 1.0000
vn 0.1294 0.9564 -0.2618
vn 0.1385 0.9871 0.0797
vn -0.0030 0.0032 1.0000
vn -0.0735 -0.2827 -0.9564
vn 0.1352 0.9768 0.1662
vn -0.1505 -0.9738 -0.1707
vn -0.0030 0.0035 -1.0000
vn -0.1507 -0.9852 -0.0815
vn -0.0190 0.9974 -0.0695
vn -0.0190 0.9998 -0.0000
vn -0.1550 0.9879 0.0001
vn -0.1542 0.9847 -0.0817
vn 0.0142 -0.9735 0.2284
vn 0.0140 -0.9429 0.3329
vn -0.0152 0.8815 -0.4719
vn -0.0119 0.7436 -0.6685
vn -0.0186 0.9894 -0.1438
vn 0.0134 -0.8818 0.4714
vn -0.0119 0.7436 0.6685
vn -0.0149 0.8800 0.4747
vn 0.0136 -0.8807 -0.4735
vn 0.0120 -0.7452 0.6668
vn -0.0168 0.9423 -0.3343
vn 0.0073 -0.4170 0.9089
vn -0.0059 0.4148 0.9099
vn 0.0121 -0.7450 -0.6670
vn -0.0032 -0.0030 1.0000
vn -0.0180 0.9733 -0.2287
vn -0.0188 0.9974 0.0696
vn -0.0032 -0.0037 1.0000
vn 0.0073 -0.4169 -0.9089
vn -0.0183 0.9894 0.1438
vn 0.0142 -0.9894 -0.1448
vn -0.0032 -0.0032 -1.0000
vn 0.0144 -0.9975 -0.0695
vn -0.0176 0.9733 0.2287
vn 0.0144 -0.9999 -0.0000
vn -0.0059 0.4150 -0.9098
vn 0.0144 -0.9975 0.0694
vn -0.0165 0.9427 0.3333
vn 0.0143 -0.9895 0.1436
vn 0.1023 -0.6755 -0.7302
vn 0.0518 -0.3606 -0.9313
vn 0.0721 -0.3541 -0.9324
vn 0.1507 -0.6033 -0.7831
vn 0.1023 -0.6755 0.7302
vn 0.0518 -0.3606 0.9313
vn -0.0562 0.3757 0.9250
vn -0.1013 0.6922 0.7145
vn 0.1250 -0.8347 -0.5363
vn -0.0116 -0.0178 0.9998
vn -0.1470 0.9528 -0.2654
vn -0.1392 0.9139 -0.3813
vn -0.1541 0.9846 0.0819
vn -0.0115 -0.0185 0.9998
vn -0.1517 0.9740 -0.1683
vn -0.1516 0.9740 0.1684
vn 0.1402 -0.9540 -0.2650
vn 0.1425 -0.9756 -0.1672
vn -0.0116 -0.0181 -0.9998
vn 0.1436 -0.9863 -0.0811
vn -0.1468 0.9529 0.2655
vn 0.1438 -0.9896 -0.0000
vn -0.0563 0.3757 -0.9250
vn 0.1435 -0.9863 0.0809
vn -0.1389 0.9140 0.3812
vn 0.1423 -0.9756 0.1671
vn -0.1015 0.6921 -0.7146
vn 0.1400 -0.9541 0.2649
vn -0.1255 0.8406 0.5269
vn 0.1354 -0.9137 -0.3832
vn 0.1352 -0.9139 0.3829
vn -0.1258 0.8405 -0.5270
vn 0.1250 -0.8350 0.5358
vn 0.2621 -0.9594 -0.1039
vn 0.2570 -0.9428 -0.2124
vn 0.3669 -0.8914 -0.2660
vn 0.3786 -0.9162 -0.1314
vn -0.2894 0.9308 -0.2233
vn -0.2787 0.8954 -0.3471
vn -0.2897 0.9306 0.2237
vn -0.2953 0.9491 0.1096
vn 0.2470 -0.9107 -0.3310
vn -0.0166 -0.0568 -0.9982
vn -0.2791 0.8952 0.3476
vn 0.2637 -0.9646 -0.0000
vn -0.0987 0.2696 -0.9579
vn 0.2622 -0.9594 0.1038
vn -0.2611 0.8351 0.4841
vn 0.2571 -0.9428 0.2124
vn -0.1802 0.5555 -0.8117
vn 0.2472 -0.9106 0.3311
vn -0.2310 0.7313 0.6418
vn 0.2298 -0.8554 -0.4641
vn 0.2300 -0.8559 0.4631
vn -0.2308 0.7309 -0.6423
vn -0.2951 0.9492 -0.1093
vn 0.2005 -0.7616 0.6163
vn -0.1802 0.5554 0.8118
vn 0.1999 -0.7601 -0.6183
vn 0.1507 -0.6032 0.7832
vn -0.2606 0.8342 -0.4860
vn -0.2970 0.9549 0.0001
vn 0.0721 -0.3540 0.9324
vn -0.0987 0.2698 0.9578
vn -0.0166 -0.0568 0.9982
vn 0.3677 -0.8923 0.2619
vn 0.3788 -0.9164 0.1290
vn 0.7350 -0.6395 0.2256
vn 0.6736 -0.5985 0.4337
vn -0.3554 0.8439 0.4019
vn -0.3721 0.8906 0.2615
vn 0.3824 -0.9240 0.0001
vn -0.1089 0.1842 -0.9768
vn -0.0141 -0.0377 -0.9992
vn -0.3270 0.7653 0.5544
vn -0.2082 0.4461 -0.8704
vn 0.3474 -0.8479 0.4004
vn -0.2807 0.6395 0.7157
vn 0.3147 -0.7752 -0.5477
vn 0.3463 -0.8462 -0.4049
vn 0.3147 -0.7752 0.5477
vn -0.2806 0.6394 -0.7159
vn -0.3805 0.9157 -0.1298
vn -0.3721 0.8909 -0.2605
vn 0.2644 -0.6617 0.7016
vn -0.2082 0.4461 0.8704
vn 0.2644 -0.6617 -0.7016
vn 0.1902 -0.4912 0.8500
vn -0.3270 0.7653 -0.5543
vn -0.3834 0.9236 -0.0001
vn 0.0895 -0.2602 0.9614
vn -0.1089 0.1842 0.9768
vn 0.1902 -0.4912 -0.8500
vn -0.0141 -0.0376 0.9992
vn -0.3553 0.8438 -0.4022
vn -0.3808 0.9153 0.1309
vn -0.0141 -0.0377 0.9992
vn 0.0895 -0.2602 -0.9614
vn 0.7805 -0.3794 -0.4968
vn 0.8687 -0.4184 -0.2653
vn 0.7351 -0.6393 -0.2257
vn 0.6740 -0.5987 -0.4328
vn -0.2584 0.1506 -0.9542
vn -0.1180 0.0439 -0.9920
vn 0.5835 -0.5390 0.6075
vn -0.3971 0.2295 0.8886
vn -0.5323 0.3011 0.7912
vn 0.4762 -0.4687 -0.7440
vn 0.5842 -0.5394 -0.6065
vn 0.4761 -0.4688 0.7440
vn -0.3971 0.2296 -0.8886
vn -0.8477 0.4687 -0.2485
vn -0.7707 0.4273 -0.4727
vn 0.3605 -0.3933 0.8458
vn -0.2584 0.1506 0.9542
vn 0.3604 -0.3931 -0.8459
vn 0.2423 -0.3137 0.9181
vn -0.5324 0.3012 -0.7911
vn -0.8752 0.4838 -0.0002
vn 0.1253 -0.2244 0.9664
vn -0.1180 0.0438 0.9920
vn 0.2424 -0.3136 -0.9181
vn 0.0103 -0.1056 0.9944
vn -0.6602 0.3686 -0.6545
vn -0.8477 0.4689 0.2482
vn 0.0092 -0.1051 0.9944
vn 0.1253 -0.2244 -0.9664
vn -0.7703 0.4271 0.4734
vn 0.0097 -0.1053 -0.9944
vn -0.6602 0.3685 0.6544
vn 0.7567 -0.6538 -0.0000
vn 0.1417 -0.0411 0.9890
vn 0.0122 -0.0070 0.9999
vn -0.0058 -0.0487 0.9988
vn 0.1215 -0.0980 0.9877
vn 0.4108 -0.1063 -0.9055
vn 0.2738 -0.0741 -0.9589
vn -0.5393 0.1351 -0.8312
vn -0.6883 0.1700 -0.7052
vn -0.9720 0.2349 -0.0000
vn -0.9321 0.2259 0.2831
vn 0.0114 -0.0068 0.9999
vn 0.1418 -0.0411 -0.9890
vn 0.8335 -0.1992 -0.5154
vn 0.6985 -0.1700 -0.6951
vn -0.8274 0.2021 0.5241
vn 0.9349 -0.2209 -0.2779
vn 0.0121 -0.0070 -0.9999
vn 0.9734 -0.2292 -0.0000
vn -0.6883 0.1701 0.7052
vn 0.9349 -0.2210 0.2779
vn -0.1184 0.0282 -0.9926
vn 0.8335 -0.1992 0.5153
vn -0.5393 0.1351 0.8312
vn 0.6985 -0.1701 0.6951
vn -0.2527 0.0638 -0.9654
vn -0.8274 0.2020 -0.5240
vn 0.5535 -0.1384 0.8212
vn -0.3929 0.0995 0.9142
vn 0.5535 -0.1384 -0.8213
vn 0.4108 -0.1064 0.9055
vn -0.3929 0.0994 -0.9142
vn -0.9321 0.2258 -0.2831
vn 0.2738 -0.0741 0.9589
vn 0.6590 -0.3258 -0.6779
vn -0.2645 0.0455 0.9633
vn -0.1339 -0.0010 0.9910
vn 0.3864 -0.2078 -0.8986
vn 0.2521 -0.1513 -0.9558
vn -0.5428 0.1414 -0.8279
vn -0.6872 0.1903 -0.7011
vn -0.9595 0.2817 -0.0001
vn -0.9216 0.2690 0.2799
vn -0.0066 -0.0481 0.9988
vn 0.1216 -0.0981 -0.9877
vn -0.8214 0.2355 0.5195
vn -0.0061 -0.0483 -0.9988
vn 0.9015 -0.4329 -0.0000
vn -0.6874 0.1904 0.7009
vn 0.8687 -0.4183 0.2652
vn -0.1338 -0.0010 -0.9910
vn 0.7806 -0.3793 0.4968
vn -0.5430 0.1415 0.8277
vn 0.6589 -0.3257 0.6780
vn -0.2644 0.0455 -0.9633
vn -0.8214 0.2354 -0.5196
vn 0.5236 -0.2667 0.8091
vn -0.4008 0.0928 0.9115
vn 0.5236 -0.2668 -0.8091
vn 0.3863 -0.2077 0.8987
vn -0.4006 0.0927 -0.9116
vn -0.9215 0.2690 -0.2800
vn 0.2521 -0.1514 0.9558
vn -0.5378 0.1129 -0.8355
vn -0.3895 0.0845 -0.9171
vn -0.3856 0.2966 -0.8737
vn -0.5107 0.3860 -0.7683
vn -0.2484 0.0545 -0.9671
vn 0.9447 -0.1777 0.2757
vn 0.9830 -0.1835 -0.0001
vn -0.8324 0.1637 -0.5294
vn -0.9410 0.1815 -0.2857
vn 0.0183 -0.0088 -0.9998
vn -0.1133 0.0230 -0.9933
vn 0.2808 -0.0671 0.9574
vn 0.4182 -0.0929 0.9036
vn 0.2810 -0.0671 -0.9574
vn 0.1484 -0.0391 -0.9881
vn -0.3906 0.0846 0.9166
vn -0.2483 0.0546 0.9672
vn 0.8425 -0.1619 0.5138
vn -0.1133 0.0231 0.9933
vn 0.0176 -0.0086 0.9998
vn 0.5616 -0.1173 -0.8190
vn 0.4181 -0.0929 -0.9036
vn -0.6908 0.1398 0.7094
vn -0.5376 0.1129 0.8356
vn 0.8426 -0.1619 -0.5136
vn 0.7084 -0.1407 -0.6916
vn 0.1486 -0.0392 0.9881
vn -0.8324 0.1637 0.5295
vn 0.7070 -0.1407 0.6930
vn 0.9447 -0.1776 -0.2759
vn 0.0182 -0.0088 0.9998
vn 0.5615 -0.1173 0.8191
vn -0.6894 0.1396 -0.7108
vn 0.0064 -0.0226 0.9997
vn -0.1213 0.0897 0.9886
vn -0.1122 0.2165 0.9698
vn -0.0064 -0.0458 0.9989
vn -0.7834 0.5759 -0.2337
vn -0.8063 0.5916 0.0002
vn 0.0071 -0.0232 0.9997
vn 0.1289 -0.1220 0.9841
vn -0.2545 0.1985 0.9465
vn 0.3770 -0.2960 -0.8777
vn 0.2518 -0.2103 -0.9446
vn -0.6248 0.4659 -0.6265
vn -0.7831 0.5752 0.2366
vn 0.1289 -0.1220 -0.9841
vn 0.7150 -0.5279 -0.4583
vn 0.6168 -0.4600 -0.6387
vn -0.7195 0.5316 0.4468
vn 0.7823 -0.5746 -0.2405
vn 0.0067 -0.0228 -0.9997
vn 0.8064 -0.5914 -0.0001
vn -0.6249 0.4660 0.6264
vn 0.7821 -0.5743 0.2420
vn -0.1213 0.0897 -0.9886
vn 0.7146 -0.5274 0.4596
vn -0.5107 0.3860 0.7682
vn 0.6169 -0.4600 0.6386
vn -0.2545 0.1985 -0.9465
vn -0.7195 0.5317 -0.4467
vn 0.5008 -0.3804 0.7775
vn -0.3856 0.2966 0.8737
vn 0.5004 -0.3802 -0.7778
vn 0.3770 -0.2960 0.8776
vn 0.2519 -0.2104 0.9446
vn 0.4454 -0.8832 -0.1468
vn 0.4498 -0.8931 -0.0002
vn 0.1456 -0.9894 -0.0001
vn 0.1453 -0.9860 -0.0815
vn 0.2047 -0.4162 -0.8860
vn 0.0965 -0.2313 -0.9681
vn 0.4312 -0.8523 -0.2962
vn 0.4046 -0.7962 -0.4499
vn -0.4769 0.8662 0.1489
vn -0.4577 0.8378 0.2976
vn -0.0064 -0.0458 -0.9989
vn -0.4249 0.7874 0.4465
vn 0.4452 -0.8834 0.1463
vn -0.1122 0.2165 -0.9698
vn 0.4306 -0.8521 0.2976
vn -0.3768 0.7102 0.5946
vn 0.4035 -0.7956 0.4518
vn -0.2238 0.4422 -0.8686
vn -0.4256 0.7871 -0.4465
vn -0.4583 0.8376 -0.2972
vn 0.3597 -0.7072 0.6087
vn -0.3108 0.5982 0.7387
vn 0.3600 -0.7073 -0.6083
vn 0.2943 -0.5806 0.7591
vn -0.3112 0.5991 -0.7377
vn -0.4773 0.8662 -0.1482
vn 0.2046 -0.4162 0.8859
vn -0.2238 0.4422 0.8686
vn 0.2944 -0.5807 -0.7590
vn 0.0965 -0.2313 0.9681
vn -0.3775 0.7096 -0.5949
vn -0.4834 0.8754 0.0004
vn -0.0062 -0.0462 0.9989
vn 0.1443 -0.9748 0.1699
vn 0.1420 -0.9527 0.2686
vn -0.0212 -0.9729 0.2303
vn -0.0212 -0.9894 0.1437
vn -0.1594 0.9722 0.1715
vn -0.1538 0.9505 0.2700
vn 0.1452 -0.9862 0.0800
vn -0.0156 -0.0222 -0.9996
vn -0.0565 0.3733 -0.9260
vn -0.1446 0.9096 0.3895
vn -0.1028 0.6860 -0.7203
vn -0.1540 0.9500 -0.2717
vn -0.1595 0.9720 -0.1728
vn 0.1375 -0.9112 0.3883
vn -0.1293 0.8347 0.5353
vn 0.1422 -0.9530 -0.2677
vn 0.1376 -0.9113 -0.3880
vn 0.1276 -0.8312 0.5412
vn -0.1293 0.8347 -0.5354
vn -0.1628 0.9832 -0.0826
vn 0.1048 -0.6697 0.7352
vn -0.1028 0.6860 0.7203
vn 0.1276 -0.8313 -0.5410
vn 0.0524 -0.3561 0.9330
vn -0.1446 0.9095 -0.3897
vn -0.1637 0.9865 0.0002
vn -0.0156 -0.0219 0.9996
vn -0.0565 0.3733 0.9260
vn 0.1048 -0.6696 -0.7353
vn -0.1625 0.9833 0.0816
vn -0.0156 -0.0225 0.9996
vn 0.0524 -0.3561 -0.9330
vn 0.1445 -0.9753 -0.1673
vn 0.0418 0.9965 -0.0719
vn 0.0398 0.9881 -0.1485
vn 0.1796 0.9691 -0.1693
vn 0.1834 0.9793 -0.0855
vn 0.0111 0.4085 -0.9127
vn 0.0221 0.7364 -0.6762
vn 0.0369 0.9713 -0.2351
vn -0.0210 -0.9412 0.3372
vn 0.0334 0.9386 0.3433
vn 0.0288 0.8750 0.4833
vn -0.0208 -0.9733 -0.2285
vn -0.0209 -0.9409 -0.3379
vn -0.0203 -0.8781 0.4780
vn 0.0288 0.8752 -0.4828
vn -0.0180 -0.7399 0.6725
vn 0.0222 0.7364 0.6762
vn -0.0202 -0.8781 -0.4780
vn -0.0107 -0.4126 0.9108
vn 0.0334 0.9387 -0.3430
vn 0.0426 0.9991 -0.0003
vn 0.0018 -0.0037 1.0000
vn 0.0111 0.4086 0.9127
vn -0.0180 -0.7398 -0.6726
vn 0.0425 0.9967 0.0698
vn 0.0018 -0.0043 1.0000
vn -0.0107 -0.4126 -0.9108
vn -0.0209 -0.9894 -0.1436
vn 0.0400 0.9880 0.1491
vn -0.0209 -0.9974 -0.0694
vn 0.0018 -0.0039 -1.0000
vn -0.0209 -0.9998 -0.0000
vn 0.0372 0.9710 0.2363
vn -0.0211 -0.9974 0.0695
vn -0.1211 -0.6634 -0.7384
vn -0.1498 -0.8237 -0.5469
vn -0.2590 -0.6628 -0.7026
vn -0.1873 -0.4881 -0.8525
vn -0.1211 -0.6635 0.7384
vn -0.1498 -0.8236 0.5470
vn 0.1486 0.8338 0.5317
vn 0.1199 0.6840 0.7196
vn -0.1634 -0.9036 -0.3961
vn -0.0610 -0.3542 0.9332
vn 0.1487 0.8339 -0.5315
vn 0.1645 0.9084 -0.3844
vn 0.1838 0.9830 -0.0002
vn 0.0115 -0.0179 0.9998
vn 0.0660 0.3696 0.9269
vn 0.1741 0.9475 -0.2683
vn 0.1821 0.9796 0.0849
vn 0.0113 -0.0186 0.9998
vn -0.0611 -0.3542 -0.9332
vn -0.1740 -0.9688 -0.1763
vn -0.1703 -0.9457 -0.2768
vn 0.1794 0.9690 0.1695
vn -0.1757 -0.9807 -0.0855
vn 0.0114 -0.0183 -0.9998
vn -0.1762 -0.9844 -0.0000
vn 0.1739 0.9479 0.2670
vn -0.1755 -0.9808 0.0855
vn 0.0660 0.3696 -0.9268
vn -0.1737 -0.9692 0.1744
vn 0.1645 0.9085 0.3842
vn -0.1700 -0.9460 0.2761
vn 0.1199 0.6840 -0.7195
vn -0.1633 -0.9038 0.3956
vn 0.3358 0.9110 0.2393
vn 0.3429 0.9321 0.1169
vn 0.4630 0.8733 0.1514
vn 0.4476 0.8420 0.3011
vn 0.2981 0.8047 -0.5134
vn 0.3219 0.8711 -0.3710
vn 0.3448 0.9387 0.0001
vn 0.1013 0.2603 0.9602
vn 0.0052 -0.0321 0.9995
vn -0.0903 -0.2586 -0.9618
vn -0.3545 -0.8986 -0.2587
vn -0.3366 -0.8547 -0.3952
vn -0.3641 -0.9227 -0.1263
vn 0.0052 -0.0321 -0.9995
vn -0.3671 -0.9302 -0.0000
vn 0.3222 0.8714 0.3699
vn -0.3642 -0.9227 0.1263
vn 0.1013 0.2604 -0.9602
vn -0.3544 -0.8988 0.2579
vn 0.2982 0.8046 0.5136
vn -0.3368 -0.8546 0.3953
vn 0.1959 0.5251 -0.8282
vn 0.3354 0.9117 -0.2375
vn -0.3070 -0.7808 0.5442
vn 0.2590 0.6968 0.6689
vn -0.3068 -0.7810 -0.5440
vn -0.2591 -0.6632 0.7022
vn 0.2589 0.6965 -0.6692
vn 0.3425 0.9323 -0.1165
vn -0.1878 -0.4891 0.8518
vn 0.1960 0.5253 0.8280
vn -0.0904 -0.2589 0.9617
vn 0.1098 0.1984 -0.9740
vn 0.0009 -0.0045 -1.0000
vn -0.0285 -0.0425 -0.9987
vn 0.0998 0.0565 -0.9934
vn -0.4917 -0.8559 -0.1603
vn -0.4716 -0.8233 -0.3159
vn -0.1083 -0.1989 -0.9740
vn -0.4981 -0.8671 -0.0001
vn 0.4190 0.7857 0.4551
vn -0.4912 -0.8562 0.1598
vn -0.4710 -0.8228 0.3181
vn 0.3739 0.6983 0.6104
vn -0.4365 -0.7649 0.4736
vn 0.2192 0.4041 -0.8881
vn 0.4183 0.7831 -0.4601
vn 0.4476 0.8419 -0.3014
vn -0.3845 -0.6772 0.6273
vn 0.3084 0.5728 0.7594
vn -0.4360 -0.7628 -0.4776
vn -0.3846 -0.6773 -0.6272
vn -0.3126 -0.5544 0.7713
vn 0.3084 0.5728 -0.7595
vn 0.4635 0.8731 -0.1513
vn -0.2193 -0.3928 0.8931
vn 0.2192 0.4041 0.8881
vn -0.3127 -0.5544 -0.7712
vn -0.1083 -0.1989 0.9740
vn 0.3740 0.6983 -0.6103
vn 0.4684 0.8835 0.0002
vn 0.0008 -0.0047 1.0000
vn 0.1098 0.1984 0.9740
vn -0.2193 -0.3928 -0.8931
vn 0.0011 -0.0041 1.0000
vn 0.3779 0.1725 0.9096
vn 0.5246 0.2032 0.8267
vn 0.5551 -0.0213 0.8315
vn 0.4077 -0.0157 0.9130
vn -0.8299 -0.2262 0.5100
vn -0.9309 -0.2406 0.2749
vn 0.6736 0.2299 0.7025
vn -0.6955 -0.2077 0.6879
vn 0.2365 0.1297 -0.9629
vn 0.6735 0.2299 -0.7025
vn 0.8135 0.2541 -0.5231
vn -0.5520 -0.1882 0.8123
vn -0.6957 -0.2078 -0.6876
vn -0.5520 -0.1882 -0.8123
vn -0.4114 -0.1681 0.8958
vn 0.3779 0.1725 -0.9096
vn 0.9199 0.2728 -0.2816
vn -0.2778 -0.1445 0.9497
vn 0.2365 0.1296 0.9629
vn -0.4113 -0.1681 -0.8959
vn -0.1512 -0.1089 0.9825
vn 0.5245 0.2032 -0.8268
vn 0.9601 0.2797 0.0002
vn -0.0285 -0.0425 0.9987
vn 0.0998 0.0565 0.9934
vn -0.2778 -0.1445 -0.9497
vn 0.9199 0.2726 0.2819
vn -0.0281 -0.0422 0.9987
vn -0.1512 -0.1089 -0.9825
vn -0.8300 -0.2263 -0.5097
vn 0.8138 0.2542 0.5226
vn -0.9310 -0.2407 -0.2742
vn -0.9692 -0.2462 -0.0001
vn 0.5551 -0.0213 -0.8315
vn 0.4077 -0.0157 -0.9130
vn 0.4063 -0.0060 -0.9137
vn 0.5538 -0.0082 -0.8326
vn -0.7039 0.0270 -0.7098
vn -0.5520 0.0211 -0.8335
vn -0.4043 0.0155 0.9145
vn -0.5520 0.0212 0.8335
vn 0.2673 -0.0103 -0.9635
vn 0.8491 -0.0325 -0.5273
vn 0.9576 -0.0366 -0.2856
vn -0.2637 0.0101 0.9646
vn 0.2673 -0.0103 0.9635
vn -0.4043 0.0155 -0.9145
vn -0.1293 0.0049 0.9916
vn 0.9993 -0.0382 -0.0000
vn 0.0011 -0.0001 1.0000
vn 0.1330 -0.0052 0.9911
vn -0.2637 0.0101 -0.9646
vn 0.7063 -0.0271 -0.7074
vn 0.9576 -0.0366 0.2856
vn 0.0020 -0.0001 1.0000
vn -0.1293 0.0049 -0.9916
vn -0.8476 0.0325 -0.5296
vn 0.8491 -0.0325 0.5273
vn -0.9572 0.0367 -0.2872
vn 0.0019 -0.0001 -1.0000
vn -0.9993 0.0383 -0.0000
vn 0.7063 -0.0271 0.7074
vn -0.9572 0.0367 0.2871
vn 0.1330 -0.0052 -0.9911
vn -0.8476 0.0325 0.5296
vn -0.7039 0.0270 0.7097
vn 0.0014 -0.0000 1.0000
vn 0.1316 -0.0019 0.9913
vn 0.1294 -0.0032 0.9916
vn 0.9580 -0.0142 -0.2865
vn 0.9999 -0.0148 -0.0000
vn -0.0002 -0.0000 1.0000
vn -0.1304 0.0019 0.9915
vn 0.2659 -0.0039 0.9640
vn -0.4052 0.0059 -0.9142
vn -0.2648 0.0038 -0.9643
vn 0.7054 -0.0105 -0.7087
vn 0.9580 -0.0142 0.2865
vn -0.1304 0.0019 -0.9915
vn -0.8483 0.0122 -0.5293
vn -0.7047 0.0101 -0.7094
vn 0.8488 -0.0126 0.5286
vn -0.9578 0.0137 -0.2870
vn 0.0006 -0.0000 -1.0000
vn -0.9999 0.0143 -0.0000
vn 0.7054 -0.0104 0.7087
vn -0.9578 0.0137 0.2871
vn 0.1316 -0.0019 -0.9913
vn -0.8483 0.0121 0.5294
vn 0.5539 -0.0082 0.8326
vn -0.7047 0.0101 0.7095
vn 0.2659 -0.0039 -0.9640
vn 0.8488 -0.0126 -0.5286
vn -0.5529 0.0079 0.8332
vn 0.4063 -0.0060 0.9137
vn -0.5529 0.0080 -0.8332
vn -0.4052 0.0058 0.9142
vn -0.2648 0.0038 0.9643
vn -0.9579 0.0235 -0.2862
vn -0.9997 0.0245 -0.0000
vn -0.9958 -0.0918 -0.0000
vn -0.9539 -0.0903 -0.2861
vn -0.2669 0.0066 -0.9637
vn -0.1326 0.0033 -0.9912
vn -0.8490 0.0208 -0.5280
vn -0.7059 0.0173 -0.7081
vn 0.9618 -0.0230 0.2726
vn 0.8489 -0.0208 0.5282
vn -0.0016 0.0001 -1.0000
vn 0.7039 -0.0174 0.7101
vn -0.9579 0.0235 0.2862
vn 0.1294 -0.0031 -0.9916
vn -0.8490 0.0208 0.5280
vn 0.5519 -0.0136 0.8338
vn -0.7059 0.0173 0.7081
vn 0.2637 -0.0065 -0.9646
vn 0.7022 -0.0169 -0.7118
vn 0.8533 -0.0204 -0.5211
vn -0.5546 0.0136 0.8320
vn 0.4042 -0.0099 0.9146
vn -0.5546 0.0136 -0.8320
vn -0.4071 0.0100 0.9133
vn 0.4056 -0.0099 -0.9140
vn 0.9624 -0.0221 -0.2706
vn -0.2668 0.0066 0.9637
vn 0.2637 -0.0065 0.9646
vn -0.4071 0.0100 -0.9133
vn -0.1326 0.0033 0.9912
vn 0.5540 -0.0133 -0.8324
vn 0.9996 -0.0228 -0.0145
vn -0.0018 0.0001 1.0000
vn 0.9781 0.1929 0.0776
vn 0.9518 0.2549 0.1706
vn 0.9996 0.0249 0.0165
vn 0.9806 -0.0051 -0.1958
vn 0.8323 0.0104 0.5543
vn 0.7389 0.0023 0.6738
vn -0.9539 -0.0902 0.2863
vn 0.0012 -0.0804 -0.9968
vn 0.1317 -0.0851 -0.9876
vn -0.8449 -0.0863 0.5279
vn 0.8418 -0.0537 0.5370
vn -0.7019 -0.0819 0.7076
vn 0.3311 -0.0458 -0.9425
vn 0.7243 0.0632 -0.6866
vn 0.9198 0.0464 -0.3897
vn -0.5506 -0.0784 0.8311
vn 0.4053 -0.0993 0.9088
vn -0.7019 -0.0821 -0.7075
vn -0.5506 -0.0786 -0.8310
vn -0.4034 -0.0763 0.9118
vn 0.4878 0.0342 -0.8723
vn -0.2634 -0.0759 0.9617
vn 0.2653 -0.0914 0.9598
vn -0.4034 -0.0766 -0.9118
vn -0.1294 -0.0772 0.9886
vn 0.5952 0.0547 -0.8017
vn 0.0005 -0.0802 0.9968
vn 0.1317 -0.0848 0.9877
vn -0.2634 -0.0762 -0.9617
vn 0.9491 0.0110 0.3149
vn 0.0020 -0.0801 0.9968
vn -0.1294 -0.0774 -0.9886
vn -0.8449 -0.0864 -0.5279
vn 0.2716 0.0029 0.9624
vn 0.4141 0.0062 0.9102
vn 0.4300 0.1596 0.8886
vn 0.2945 0.1185 0.9483
vn -0.2718 0.0031 -0.9623
vn -0.1344 0.0009 -0.9909
vn 0.7134 0.0153 -0.7006
vn 0.8538 0.0200 -0.5202
vn 0.1341 0.0009 0.9910
vn -0.0003 0.0001 -1.0000
vn 0.1343 0.0009 -0.9909
vn -0.1344 0.0009 0.9909
vn -0.2719 0.0031 0.9623
vn 0.8539 0.0201 0.5201
vn 0.7134 0.0153 0.7006
vn 0.2716 0.0029 -0.9624
vn 0.4141 0.0062 -0.9102
vn -0.4147 0.0066 0.9099
vn -0.5635 0.0114 0.8261
vn 0.9595 0.0237 -0.2806
vn 0.5627 0.0105 -0.8266
vn 0.0001 0.0002 1.0000
vn -0.7143 0.0169 0.6997
vn -0.8545 0.0223 0.5189
vn -0.7142 0.0169 -0.6997
vn -0.5634 0.0114 -0.8261
vn 0.5627 0.0105 0.8266
vn -0.9596 0.0265 0.2803
vn -0.4147 0.0067 -0.9099
vn 0.9997 0.0251 -0.0002
vn -0.8545 0.0223 -0.5190
vn 0.9595 0.0237 0.2807
vn -0.0008 0.0002 1.0000
vn -0.1216 -0.0275 0.9922
vn 0.0226 0.0167 0.9996
vn -0.0130 0.0822 0.9965
vn -0.1222 -0.1773 0.9765
vn -0.5965 -0.0208 -0.8024
vn -0.4339 -0.0473 -0.8997
vn -0.9930 0.1178 -0.0000
vn -0.9623 0.1053 -0.2506
vn 0.1606 0.0703 0.9845
vn -0.2742 -0.0498 0.9604
vn 0.2945 0.1185 -0.9483
vn 0.4300 0.1597 -0.8886
vn 0.0233 0.0169 0.9996
vn -0.7494 0.0235 -0.6616
vn -0.9623 0.1053 0.2506
vn 0.1606 0.0703 -0.9845
vn -0.8765 0.0707 -0.4762
vn -0.8765 0.0706 0.4761
vn 0.7060 0.2326 -0.6690
vn 0.8304 0.2647 -0.4902
vn 0.0233 0.0169 -0.9996
vn 0.9212 0.2881 -0.2614
vn -0.7494 0.0235 0.6617
vn 0.9549 0.2970 0.0014
vn -0.1217 -0.0275 -0.9922
vn 0.9213 0.2881 0.2614
vn -0.5965 -0.0208 0.8024
vn 0.8304 0.2646 0.4903
vn -0.2743 -0.0497 -0.9604
vn 0.7060 0.2326 0.6689
vn -0.4339 -0.0473 0.8997
vn 0.5685 0.1971 -0.7987
vn 0.5685 0.1971 0.7987
vn 0.4444 0.8837 -0.1467
vn 0.4351 0.8493 -0.2990
vn 0.0214 0.9893 -0.1445
vn 0.0224 0.9973 -0.0699
vn 0.0962 0.2284 -0.9688
vn 0.2136 0.3808 -0.8996
vn -0.8504 -0.2668 -0.4535
vn -0.7187 -0.3051 -0.6248
vn -0.8501 -0.2666 0.4542
vn -0.9409 -0.2393 0.2398
vn 0.4148 0.7853 -0.4596
vn -0.0130 0.0822 -0.9965
vn -0.7187 -0.3051 0.6248
vn 0.4469 0.8946 0.0012
vn -0.1222 -0.1773 -0.9765
vn 0.4448 0.8836 0.1463
vn -0.5689 -0.3382 0.7496
vn 0.4352 0.8492 0.2992
vn -0.2685 -0.3068 -0.9131
vn 0.4149 0.7853 0.4595
vn -0.4167 -0.3456 0.8408
vn 0.3762 0.6844 -0.6245
vn 0.3762 0.6845 0.6245
vn -0.4167 -0.3456 -0.8408
vn -0.9408 -0.2393 -0.2398
vn 0.3104 0.5444 0.7793
vn -0.2685 -0.3068 0.9131
vn 0.3104 0.5444 -0.7793
vn 0.2136 0.3808 0.8996
vn -0.5689 -0.3382 -0.7496
vn -0.9732 -0.2299 -0.0000
vn 0.0962 0.2284 0.9688
vn -0.0128 0.0826 0.9965
vn 0.0217 0.9889 0.1467
vn 0.0227 0.9973 0.0699
vn -0.0494 0.9964 0.0684
vn -0.0495 0.9889 0.1403
vn -0.0796 -0.9670 0.2422
vn -0.0858 -0.9845 0.1533
vn 0.0228 0.9997 -0.0000
vn -0.0588 -0.4151 -0.9079
vn -0.0456 -0.0026 -0.9990
vn -0.0738 -0.9342 0.3491
vn -0.0649 -0.7329 -0.6772
vn 0.0198 0.9715 0.2363
vn -0.0692 -0.8702 0.4878
vn 0.0167 0.9386 -0.3447
vn 0.0198 0.9715 -0.2362
vn 0.0167 0.9387 0.3444
vn -0.0691 -0.8705 -0.4873
vn -0.0894 -0.9933 -0.0730
vn -0.0855 -0.9843 -0.1545
vn 0.0111 0.8727 0.4881
vn -0.0650 -0.7328 0.6774
vn 0.0111 0.8727 -0.4882
vn 0.0007 0.7275 0.6861
vn -0.0737 -0.9342 -0.3489
vn -0.0926 -0.9957 -0.0009
vn -0.0169 0.3905 0.9205
vn -0.0588 -0.4151 0.9079
vn 0.0007 0.7276 -0.6860
vn -0.0456 -0.0030 0.9990
vn -0.0786 -0.9676 -0.2399
vn -0.0903 -0.9931 0.0751
vn -0.0456 -0.0023 0.9990
vn -0.0169 0.3905 -0.9205
vn 0.0157 -0.9901 0.1395
vn 0.0137 -0.9750 0.2216
vn -0.0268 -0.9735 0.2269
vn -0.0272 -0.9894 0.1426
vn -0.0093 -0.7630 -0.6463
vn -0.0363 -0.4520 -0.8913
vn -0.0498 0.9733 0.2240
vn 0.0039 -0.8910 0.4541
vn 0.0101 -0.9467 0.3220
vn -0.0503 0.9439 -0.3264
vn -0.0496 0.9725 -0.2275
vn -0.0503 0.9439 0.3265
vn 0.0041 -0.8908 -0.4544
vn 0.0168 -0.9976 -0.0676
vn 0.0157 -0.9901 -0.1396
vn -0.0507 0.8847 0.4634
vn -0.0092 -0.7631 0.6462
vn -0.0507 0.8847 -0.4634
vn -0.0494 0.7526 0.6566
vn 0.0102 -0.9466 -0.3221
vn 0.0171 -0.9999 -0.0000
vn -0.0391 0.4251 0.9043
vn -0.0363 -0.4520 0.8913
vn -0.0494 0.7526 -0.6567
vn -0.0468 -0.0131 0.9988
vn 0.0137 -0.9750 -0.2217
vn 0.0168 -0.9976 0.0675
vn -0.0469 -0.0125 0.9988
vn -0.0391 0.4251 -0.9043
vn -0.0494 0.9886 -0.1426
vn -0.0469 -0.0128 -0.9988
vn -0.0492 0.9963 -0.0701
vn -0.0493 0.9988 -0.0000
vn -0.0110 -0.4182 -0.9083
vn -0.0210 -0.7472 -0.6642
vn -0.0986 -0.7255 -0.6811
vn -0.0513 -0.3953 -0.9171
vn 0.0177 0.9975 -0.0680
vn 0.0177 0.9998 0.0001
vn 0.0084 -0.0054 -1.0000
vn 0.0178 0.9975 0.0682
vn -0.0259 -0.9433 0.3309
vn 0.0181 0.9898 0.1410
vn 0.0182 0.9740 0.2256
vn -0.0244 -0.8827 0.4694
vn 0.0178 0.9448 -0.3271
vn 0.0179 0.9744 -0.2243
vn 0.0181 0.9442 0.3289
vn -0.0243 -0.8827 -0.4693
vn -0.0275 -0.9972 -0.0689
vn -0.0272 -0.9894 -0.1426
vn 0.0172 0.8847 0.4658
vn -0.0211 -0.7472 0.6642
vn 0.0170 0.8841 -0.4669
vn 0.0143 0.7512 0.6600
vn -0.0258 -0.9433 -0.3309
vn -0.0276 -0.9996 -0.0000
vn 0.0087 0.4228 0.9062
vn -0.0111 -0.4182 0.9083
vn 0.0143 0.7509 -0.6602
vn 0.0084 -0.0057 0.9999
vn -0.0267 -0.9735 -0.2269
vn -0.0275 -0.9972 0.0689
vn 0.0084 -0.0051 1.0000
vn 0.0087 0.4228 -0.9062
vn 0.0178 0.9899 -0.1408
vn -0.1246 -0.8472 0.5164
vn -0.1031 -0.7113 0.6953
vn -0.1050 -0.7122 0.6941
vn -0.1427 -0.8431 0.5185
vn 0.1121 0.9823 0.1498
vn 0.1101 0.9619 0.2504
vn -0.1357 -0.9170 0.3751
vn 0.1006 0.9276 -0.3598
vn 0.1049 0.9595 -0.2615
vn 0.1063 0.9277 0.3579
vn -0.1241 -0.8754 -0.4672
vn -0.1532 -0.9837 -0.0945
vn -0.1524 -0.9753 -0.1601
vn 0.1013 0.8744 0.4746
vn 0.0929 0.8593 -0.5029
vn 0.0875 0.7383 0.6688
vn -0.1380 -0.9297 -0.3414
vn -0.1508 -0.9884 -0.0172
vn 0.0509 0.4028 0.9139
vn -0.0536 -0.3977 0.9159
vn 0.0781 0.7239 -0.6854
vn 0.0129 -0.0067 0.9999
vn -0.1470 -0.9592 -0.2413
vn -0.1484 -0.9854 0.0830
vn 0.0129 -0.0061 0.9999
vn 0.0452 0.4032 -0.9140
vn -0.1465 -0.9767 0.1570
vn 0.1086 0.9785 -0.1755
vn 0.0088 -0.0042 -1.0000
vn 0.1113 0.9900 -0.0870
vn -0.1419 -0.9551 0.2601
vn 0.1124 0.9937 -0.0028
vn 0.1123 0.9907 0.0765
vn -0.1561 -0.9101 0.3838
vn 0.4085 -0.2371 0.8814
vn 0.5552 -0.0915 0.8267
vn 0.1167 0.8639 -0.4899
vn 0.1184 0.9248 -0.3616
vn 0.1153 0.8981 0.4245
vn 0.0865 0.7775 0.6229
vn -0.0056 -0.9363 -0.3510
vn -0.0663 -0.8327 -0.5498
vn -0.1879 -0.9816 -0.0349
vn -0.1911 -0.9776 -0.0877
vn 0.0509 0.4301 0.9013
vn -0.0571 -0.4085 0.9110
vn 0.1051 0.7444 -0.6594
vn 0.0070 -0.0029 1.0000
vn -0.0416 -0.9926 -0.1142
vn -0.1919 -0.9772 0.0908
vn 0.0071 -0.0022 1.0000
vn 0.0626 0.4339 -0.8988
vn -0.1269 -0.9914 -0.0322
vn -0.1775 -0.9728 0.1489
vn 0.1215 0.9528 -0.2784
vn 0.1131 0.9704 -0.2134
vn 0.0003 0.0034 -1.0000
vn 0.1056 0.9879 -0.1138
vn -0.1813 -0.9490 0.2581
vn 0.1035 0.9945 -0.0128
vn -0.0555 -0.3736 -0.9259
vn 0.1071 0.9922 0.0644
vn 0.1056 0.9845 0.1403
vn -0.0789 -0.6338 -0.7694
vn 0.1002 0.9578 0.2693
vn 0.1210 0.9283 0.3516
vn -0.2101 0.9730 0.0951
vn -0.2094 0.9778 -0.0065
vn -0.7762 0.6305 -0.0001
vn -0.7496 0.6349 0.1872
vn -0.1863 0.8608 -0.4735
vn -0.1923 0.9173 -0.3486
vn -0.2064 0.9181 0.3383
vn -0.1992 0.8574 0.4746
vn 0.1352 -0.5132 -0.8475
vn 0.0267 -0.2649 -0.9639
vn 0.6634 -0.0771 0.7443
vn 0.5685 -0.5804 0.5830
vn -0.1912 0.7673 0.6122
vn 0.2661 -0.3146 0.9112
vn -0.1728 0.7487 -0.6400
vn -0.1558 0.5696 0.8070
vn 0.3257 -0.7895 -0.5202
vn 0.8570 -0.0296 0.5144
vn -0.0676 0.2877 0.9553
vn 0.1042 -0.2424 0.9646
vn -0.1383 0.5568 -0.8191
vn 0.0365 0.0697 0.9969
vn 0.3962 -0.9064 0.1461
vn 0.7996 -0.0255 0.6001
vn 0.0364 0.0701 0.9969
vn -0.0572 0.2908 -0.9551
vn 0.7196 -0.0292 0.6938
vn -0.1989 0.9499 -0.2412
vn 0.0457 0.0757 -0.9961
vn -0.2057 0.9708 -0.1232
vn 0.6300 -0.0396 0.7755
vn 0.0318 -0.2100 -0.9772
vn -0.2103 0.9569 0.2004
vn -0.4400 0.6900 0.5747
vn -0.5564 0.6727 0.4877
vn -0.6875 0.0964 0.7198
vn -0.5376 0.1040 0.8368
vn 0.6067 0.7912 0.0761
vn 0.7249 0.6882 -0.0303
vn -0.6698 0.6503 0.3584
vn 0.1135 0.1264 -0.9855
vn 0.0855 0.1710 -0.9816
vn 0.4940 0.4800 0.7250
vn -0.4400 0.6900 -0.5747
vn -0.5564 0.6728 -0.4876
vn 0.2529 0.0732 -0.9647
vn 0.7932 0.4835 0.3703
vn 0.9581 0.0950 0.2704
vn -0.3386 0.6861 0.6440
vn 0.3160 0.1754 0.9324
vn -0.3386 0.6861 -0.6439
vn -0.2531 0.6396 0.7259
vn 0.5285 -0.1213 -0.8402
vn 0.5859 0.7706 0.2508
vn -0.1675 0.5163 0.8399
vn 0.1104 0.1721 0.9789
vn -0.2531 0.6396 -0.7258
vn -0.0518 0.3132 0.9483
vn 0.9265 -0.1848 -0.3278
vn 0.6242 0.7274 0.2850
vn -0.0513 0.3143 0.9479
vn -0.1675 0.5163 -0.8398
vn 0.6143 0.6278 0.4780
vn -0.6698 0.6504 -0.3584
vn -0.0517 0.3138 -0.9481
vn -0.7495 0.6350 -0.1873
vn 0.9463 0.2000 -0.2540
vn 0.5791 0.2651 -0.7710
vn 0.3974 0.1841 -0.8990
vn -0.3925 0.1078 0.9134
vn 0.2693 0.1226 0.9552
vn 0.4099 0.1311 0.9027
vn -0.3920 0.1076 -0.9136
vn -0.5373 0.1037 -0.8370
vn -0.2543 0.1098 0.9609
vn 0.6204 0.1758 -0.7643
vn -0.1218 0.1115 0.9863
vn 0.1369 0.1173 0.9836
vn -0.2541 0.1096 -0.9610
vn 0.0075 0.1138 0.9935
vn 0.7719 0.1329 -0.6217
vn 0.8937 0.2463 0.3750
vn 0.0082 0.1142 0.9934
vn -0.1218 0.1113 -0.9863
vn 0.7631 0.2005 0.6145
vn -0.6875 0.0963 -0.7197
vn -0.8333 0.0840 -0.5464
vn 0.0075 0.1136 -0.9935
vn -0.9503 0.0697 -0.3035
vn 0.9691 0.2305 0.0878
vn -0.9980 0.0627 0.0001
vn 0.1369 0.1171 -0.9836
vn -0.9501 0.0699 0.3040
vn 0.8993 0.2387 0.3664
vn -0.8330 0.0842 0.5468
vn -0.9891 0.1471 0.0001
vn -0.9511 0.1496 0.2701
vn -0.4032 0.0116 -0.9150
vn -0.5511 0.0158 -0.8343
vn 0.7071 -0.0207 0.7068
vn 0.8497 -0.0248 0.5267
vn -0.9573 0.0274 -0.2877
vn -0.1281 0.0036 -0.9918
vn -0.2626 0.0075 -0.9649
vn 0.9580 -0.0280 -0.2853
vn 0.8497 -0.0248 -0.5268
vn 0.0030 -0.0002 1.0000
vn 0.1341 -0.0040 0.9910
vn 0.1341 -0.0040 -0.9910
vn 0.0030 -0.0002 -1.0000
vn -0.2626 0.0075 0.9649
vn -0.1281 0.0036 0.9918
vn 0.5560 -0.0163 0.8310
vn -0.7033 0.0202 -0.7106
vn -0.8474 0.0243 -0.5305
vn 0.4087 -0.0120 -0.9126
vn 0.2684 -0.0079 -0.9633
vn -0.5511 0.0158 0.8343
vn -0.4032 0.0116 0.9150
vn 0.9996 -0.0292 -0.0000
vn 0.7071 -0.0207 -0.7068
vn 0.5560 -0.0163 -0.8310
vn -0.7033 0.0202 0.7106
vn 0.4087 -0.0120 0.9126
vn 0.9580 -0.0280 0.2853
vn 0.2684 -0.0079 0.9633
vn 0.0022 -0.0001 1.0000
vn 0.0217 -0.0230 -0.9995
vn 0.1521 -0.0849 -0.9847
vn 0.1033 -0.2185 -0.9704
vn -0.0063 -0.0564 -0.9984
vn -0.1146 0.0411 0.9926
vn 0.0213 -0.0228 0.9995
vn 0.2814 -0.1338 -0.9502
vn 0.8203 -0.2715 -0.5033
vn 0.6919 -0.2415 -0.6804
vn -0.8491 0.1536 0.5055
vn 0.9168 -0.2940 -0.2701
vn 0.9531 -0.3026 -0.0003
vn -0.7094 0.1530 0.6880
vn 0.9169 -0.2940 0.2700
vn -0.1145 0.0411 -0.9926
vn 0.8209 -0.2716 0.5024
vn -0.5565 0.1434 0.8184
vn 0.6919 -0.2415 0.6804
vn -0.2569 0.0905 -0.9622
vn -0.7094 0.1530 -0.6880
vn -0.8490 0.1536 -0.5055
vn 0.5525 -0.2084 0.8071
vn -0.4042 0.1233 0.9063
vn 0.5524 -0.2083 -0.8071
vn 0.4144 -0.1732 0.8935
vn -0.4042 0.1233 -0.9063
vn -0.9509 0.1498 -0.2707
vn 0.2814 -0.1338 0.9502
vn -0.2569 0.0904 0.9622
vn 0.4144 -0.1732 -0.8935
vn 0.1522 -0.0849 0.9847
vn -0.5565 0.1435 -0.8184
vn 0.0218 -0.0231 0.9995
vn -0.4982 0.5143 0.6980
vn -0.6168 0.5433 0.5695
vn -0.1723 0.9467 0.2722
vn -0.1618 0.9055 0.3923
vn 0.4816 -0.8764 -0.0007
vn 0.4782 -0.8656 -0.1487
vn -0.7256 0.5518 0.4111
vn 0.4768 -0.8666 0.1469
vn -0.1216 0.1815 -0.9758
vn 0.4628 -0.8318 0.3066
vn 0.4350 -0.7704 0.4661
vn -0.2540 0.3546 -0.8999
vn -0.6168 0.5433 -0.5695
vn -0.7256 0.5518 -0.4111
vn 0.3884 -0.6755 0.6268
vn -0.3777 0.4556 0.8061
vn 0.4353 -0.7706 -0.4656
vn 0.3886 -0.6756 -0.6266
vn 0.3170 -0.5434 0.7773
vn -0.3777 0.4556 -0.8061
vn -0.8061 0.5502 -0.2180
vn 0.2189 -0.3826 0.8976
vn -0.2540 0.3546 0.8999
vn 0.3170 -0.5434 -0.7773
vn 0.1031 -0.2185 0.9704
vn -0.4982 0.5143 -0.6980
vn -0.8364 0.5482 -0.0000
vn -0.0061 -0.0567 0.9984
vn -0.1216 0.1815 0.9758
vn 0.2188 -0.3826 -0.8976
vn -0.8051 0.5511 0.2193
vn -0.0064 -0.0564 0.9984
vn 0.4631 -0.8319 -0.3058
vn -0.1445 0.8298 -0.5390
vn -0.1148 0.6804 -0.7238
vn -0.0053 0.7371 -0.6758
vn -0.0068 0.8762 -0.4819
vn 0.1525 -0.9509 0.2693
vn 0.1546 -0.9738 0.1665
vn -0.0623 0.3690 -0.9273
vn -0.1732 0.9475 -0.2689
vn -0.1795 0.9689 -0.1706
vn 0.1477 -0.9095 0.3886
vn -0.1445 0.8300 0.5388
vn 0.1526 -0.9513 -0.2680
vn 0.1477 -0.9093 -0.3890
vn 0.1371 -0.8294 0.5416
vn -0.1828 0.9796 -0.0828
vn 0.1128 -0.6681 0.7355
vn -0.1147 0.6803 0.7239
vn 0.1371 -0.8295 -0.5414
vn 0.0579 -0.3547 0.9332
vn -0.1618 0.9055 -0.3924
vn -0.1838 0.9830 0.0002
vn -0.0120 -0.0185 0.9998
vn -0.0622 0.3689 0.9274
vn 0.1128 -0.6681 -0.7354
vn -0.1826 0.9794 0.0863
vn -0.0119 -0.0191 0.9997
vn 0.0579 -0.3547 -0.9332
vn 0.1550 -0.9737 -0.1668
vn -0.1788 0.9690 0.1708
vn 0.1558 -0.9845 -0.0808
vn -0.0120 -0.0188 -0.9998
vn 0.1560 -0.9878 -0.0001
vn 0.1556 -0.9845 0.0806
vn -0.0024 0.4085 0.9127
vn -0.0053 0.7370 0.6758
vn 0.1053 0.6930 0.7132
vn 0.0571 0.3785 0.9238
vn -0.0084 0.9891 -0.1469
vn -0.0087 0.9975 -0.0696
vn 0.0061 -0.7390 0.6737
vn 0.0068 -0.8785 0.4777
vn -0.0068 0.8764 0.4815
vn 0.0072 -0.9408 -0.3390
vn 0.0068 -0.8776 -0.4793
vn 0.0038 -0.4121 0.9111
vn -0.0077 0.9402 -0.3404
vn -0.0086 1.0000 -0.0000
vn -0.0026 -0.0035 1.0000
vn 0.0061 -0.7390 -0.6737
vn -0.0083 0.9726 -0.2323
vn -0.0083 0.9975 0.0696
vn -0.0026 -0.0042 1.0000
vn 0.0038 -0.4121 -0.9111
vn 0.0075 -0.9896 -0.1436
vn 0.0076 -0.9735 -0.2284
vn -0.0081 0.9893 0.1455
vn 0.0075 -0.9976 -0.0694
vn -0.0028 -0.0039 -1.0000
vn 0.0074 -1.0000 -0.0000
vn -0.0076 0.9735 0.2287
vn 0.0073 -0.9976 0.0694
vn -0.0024 0.4085 -0.9128
vn 0.0072 -0.9896 0.1435
vn -0.0076 0.9400 0.3410
vn 0.0070 -0.9736 0.2284
vn 0.0071 -0.9409 0.3385
vn -0.1371 -0.9556 -0.2608
vn -0.1387 -0.9771 -0.1616
vn -0.3115 -0.9230 -0.2259
vn -0.3013 -0.8850 -0.3549
vn -0.1246 -0.8402 -0.5278
vn -0.1038 -0.6827 -0.7233
vn 0.1475 0.9131 -0.3800
vn 0.1569 0.9511 -0.2661
vn 0.1669 0.9860 -0.0002
vn 0.1661 0.9829 0.0801
vn 0.0121 -0.0172 0.9998
vn -0.0542 -0.3648 -0.9295
vn 0.1631 0.9727 0.1651
vn -0.1395 -0.9871 -0.0782
vn 0.0122 -0.0168 -0.9998
vn -0.1398 -0.9902 0.0001
vn 0.1577 0.9524 0.2608
vn -0.1397 -0.9871 0.0784
vn 0.0571 0.3785 -0.9239
vn -0.1391 -0.9770 0.1618
vn 0.1476 0.9128 0.3809
vn -0.1371 -0.9554 0.2615
vn 0.1052 0.6927 -0.7135
vn 0.1626 0.9724 -0.1675
vn -0.1337 -0.9171 0.3757
vn 0.1322 0.8399 0.5263
vn -0.1333 -0.9163 -0.3777
vn -0.1246 -0.8400 0.5281
vn 0.1322 0.8398 -0.5265
vn 0.1657 0.9829 -0.0804
vn -0.1039 -0.6828 0.7231
vn -0.0542 -0.3648 0.9295
vn 0.0123 -0.0165 0.9998
vn -0.3181 -0.9481 0.0002
vn -0.3168 -0.9420 0.1106
vn -0.8760 -0.4036 0.2641
vn -0.9093 -0.4162 0.0007
vn 0.3903 0.9125 0.1227
vn 0.3778 0.8929 0.2448
vn -0.3165 -0.9422 -0.1101
vn -0.0902 -0.2729 -0.9578
vn 0.0074 -0.0294 -0.9995
vn 0.3548 0.8566 0.3747
vn 0.1030 0.2723 -0.9567
vn -0.3121 -0.9227 0.2265
vn 0.3180 0.7950 0.5166
vn -0.3022 -0.8852 0.3536
vn 0.2002 0.5352 -0.8206
vn 0.3524 0.8559 -0.3785
vn 0.3752 0.8940 -0.2449
vn -0.2822 -0.8181 0.5010
vn 0.2701 0.6963 0.6649
vn -0.2820 -0.8180 -0.5013
vn -0.2470 -0.7061 0.6636
vn 0.2693 0.6962 -0.6654
vn 0.3896 0.9129 -0.1219
vn -0.1851 -0.5251 0.8307
vn 0.2018 0.5341 0.8210
vn -0.2468 -0.7059 -0.6639
vn -0.0902 -0.2729 0.9578
vn 0.3179 0.7950 -0.5166
vn 0.3950 0.9187 -0.0009
vn 0.0074 -0.0294 0.9995
vn 0.1027 0.2721 0.9568
vn -0.1850 -0.5250 -0.8308
vn -0.6642 -0.3284 0.6716
vn -0.5294 -0.2828 0.7999
vn -0.5617 -0.0350 0.8266
vn -0.7115 -0.0454 0.7013
vn -0.0202 -0.0516 -0.9985
vn 0.1090 0.0764 -0.9911
vn -0.7865 -0.3717 0.4931
vn 0.6759 0.2901 0.6775
vn 0.5335 0.2564 0.8060
vn 0.2487 0.1647 -0.9545
vn 0.6759 0.2901 -0.6775
vn 0.8058 0.3190 -0.4989
vn 0.3901 0.2173 0.8948
vn -0.6645 -0.3289 -0.6710
vn -0.5293 -0.2824 -0.8000
vn -0.3942 -0.2379 0.8877
vn 0.3901 0.2173 -0.8948
vn 0.9008 0.3395 -0.2707
vn -0.2639 -0.1927 0.9451
vn 0.2487 0.1647 0.9545
vn -0.3942 -0.2377 -0.8878
vn -0.1398 -0.1388 0.9804
vn 0.5335 0.2564 -0.8060
vn 0.9376 0.3477 -0.0014
vn -0.0204 -0.0519 0.9984
vn 0.1090 0.0764 0.9911
vn -0.2639 -0.1927 -0.9451
vn 0.9015 0.3400 0.2676
vn -0.0198 -0.0513 0.9985
vn -0.1398 -0.1388 -0.9804
vn -0.7869 -0.3722 -0.4922
vn 0.8058 0.3191 0.4988
vn -0.8761 -0.4043 -0.2628
vn -0.2735 -0.0158 0.9617
vn -0.1380 -0.0077 0.9904
vn -0.1142 -0.0189 0.9933
vn -0.2501 -0.0436 0.9672
vn 0.5532 0.0154 0.8329
vn 0.4043 0.0130 0.9146
vn -0.7113 -0.0453 -0.7014
vn -0.5616 -0.0349 -0.8267
vn -0.4142 -0.0250 0.9099
vn 0.2624 0.0095 -0.9649
vn 0.4044 0.0129 -0.9145
vn 0.8489 0.0181 -0.5282
vn 0.9580 0.0188 -0.2863
vn 0.2623 0.0095 0.9649
vn -0.4145 -0.0249 -0.9097
vn 0.5532 0.0154 -0.8329
vn 0.9998 0.0191 -0.0006
vn -0.0062 -0.0007 1.0000
vn 0.1258 0.0052 0.9920
vn -0.2738 -0.0158 -0.9617
vn 0.7056 0.0171 -0.7084
vn 0.9580 0.0191 0.2862
vn -0.0053 -0.0007 1.0000
vn -0.1384 -0.0077 -0.9903
vn -0.8517 -0.0551 -0.5211
vn 0.8490 0.0183 0.5280
vn -0.9573 -0.0623 -0.2823
vn -0.0058 -0.0006 -1.0000
vn -0.9979 -0.0654 0.0004
vn 0.7055 0.0172 0.7085
vn -0.9571 -0.0627 0.2829
vn 0.1261 0.0048 -0.9920
vn -0.8513 -0.0553 0.5218
vn 0.0172 0.0068 0.9998
vn 0.1485 0.0325 0.9884
vn 0.1238 0.1587 0.9795
vn 0.0085 0.0479 0.9988
vn 0.4201 0.0808 -0.9039
vn 0.5638 0.1032 -0.8194
vn 0.9475 0.1578 -0.2781
vn 0.9866 0.1634 0.0002
vn 0.0165 0.0066 0.9998
vn 0.2818 0.0573 0.9578
vn -0.3930 -0.0669 -0.9171
vn -0.2508 -0.0437 -0.9670
vn 0.7097 0.1245 -0.6934
vn 0.9478 0.1580 0.2770
vn -0.1149 -0.0190 -0.9932
vn -0.8382 -0.1280 -0.5302
vn -0.6946 -0.1094 -0.7111
vn 0.8456 0.1438 0.5141
vn -0.9468 -0.1413 -0.2892
vn 0.0168 0.0065 -0.9998
vn -0.9891 -0.1469 -0.0004
vn 0.7099 0.1246 0.6932
vn -0.9472 -0.1418 0.2875
vn 0.1485 0.0325 -0.9884
vn -0.8368 -0.1280 0.5323
vn 0.5637 0.1032 0.8195
vn -0.6945 -0.1094 0.7112
vn 0.2819 0.0573 -0.9577
vn 0.8448 0.1433 -0.5155
vn -0.5420 -0.0888 0.8357
vn 0.4200 0.0808 0.9039
vn -0.5420 -0.0888 -0.8356
vn -0.3919 -0.0668 0.9176
vn -0.7897 -0.5674 -0.2334
vn -0.8137 -0.5812 -0.0008
vn -0.3585 -0.9335 -0.0005
vn -0.3548 -0.9278 -0.1157
vn -0.2548 -0.2313 -0.9389
vn -0.1183 -0.1069 -0.9872
vn -0.7237 -0.5291 -0.4430
vn -0.6259 -0.4711 -0.6215
vn 0.7609 0.6050 0.2346
vn 0.6981 0.5582 0.4484
vn 0.0079 0.0476 -0.9988
vn 0.6035 0.4902 0.6289
vn -0.7901 -0.5673 0.2320
vn 0.1238 0.1587 -0.9795
vn -0.7239 -0.5290 0.4429
vn 0.4905 0.4104 0.7688
vn -0.6272 -0.4724 0.6193
vn 0.2446 0.2444 -0.9383
vn 0.6039 0.4907 -0.6281
vn 0.6975 0.5586 -0.4488
vn -0.5119 -0.4032 0.7586
vn 0.3685 0.3271 0.8702
vn -0.5120 -0.4034 -0.7584
vn -0.3865 -0.3242 0.8634
vn 0.3691 0.3266 -0.8701
vn 0.7606 0.6050 -0.2357
vn -0.2548 -0.2314 0.9389
vn 0.2446 0.2444 0.9383
vn -0.3865 -0.3242 -0.8634
vn -0.1183 -0.1069 0.9872
vn 0.4915 0.4110 -0.7678
vn 0.7830 0.6220 0.0004
vn 0.0076 0.0473 0.9988
vn -0.3450 -0.9090 0.2338
vn -0.3267 -0.8738 0.3602
vn -0.1332 -0.9598 0.2471
vn -0.1371 -0.9782 0.1559
vn 0.2981 0.9284 0.2218
vn 0.2890 0.8924 0.3467
vn -0.3553 -0.9277 0.1148
vn -0.0071 0.0295 -0.9995
vn 0.0887 0.2811 -0.9556
vn 0.2717 0.8292 0.4885
vn 0.1798 0.5398 -0.8224
vn 0.2884 0.8928 -0.3459
vn 0.2977 0.9287 -0.2213
vn -0.2981 -0.8156 0.4959
vn 0.2396 0.7213 0.6499
vn -0.3255 -0.8743 -0.3600
vn -0.2972 -0.8150 -0.4975
vn -0.2562 -0.7189 0.6462
vn 0.2382 0.7198 -0.6521
vn 0.3025 0.9468 -0.1095
vn -0.1933 -0.5565 0.8081
vn 0.1802 0.5403 0.8219
vn -0.2559 -0.7183 -0.6469
vn -0.1000 -0.2848 0.9533
vn 0.2710 0.8300 -0.4875
vn 0.3037 0.9528 0.0002
vn -0.0071 0.0298 0.9995
vn 0.0881 0.2812 0.9556
vn -0.1933 -0.5565 -0.8081
vn 0.3024 0.9470 0.1083
vn -0.0071 0.0295 0.9995
vn -0.1000 -0.2849 -0.9533
vn -0.3440 -0.9093 -0.2342
vn 0.1026 0.9920 -0.0737
vn 0.1020 0.9830 -0.1524
vn -0.0459 0.9885 -0.1443
vn -0.0462 0.9965 -0.0698
vn 0.0363 0.3767 -0.9256
vn 0.0754 0.7023 -0.7078
vn 0.1008 0.9632 -0.2492
vn -0.1256 -0.9225 0.3649
vn 0.0978 0.9263 0.3638
vn 0.0911 0.8545 0.5114
vn -0.1323 -0.9582 -0.2537
vn -0.1255 -0.9223 -0.3655
vn -0.1145 -0.8534 0.5086
vn 0.0912 0.8547 -0.5110
vn -0.0950 -0.7106 0.6972
vn 0.0754 0.7023 0.7079
vn -0.1145 -0.8532 -0.5088
vn -0.0611 -0.3959 0.9163
vn 0.0978 0.9265 -0.3634
vn 0.1029 0.9947 0.0001
vn -0.0283 0.0151 0.9995
vn 0.0363 0.3767 0.9256
vn -0.0956 -0.7118 -0.6958
vn 0.1029 0.9919 0.0739
vn -0.0283 0.0144 0.9995
vn -0.0611 -0.3959 -0.9163
vn -0.1363 -0.9783 -0.1561
vn 0.1022 0.9824 0.1562
vn -0.1388 -0.9874 -0.0758
vn -0.0283 0.0147 -0.9995
vn -0.1397 -0.9902 -0.0002
vn 0.1010 0.9634 0.2484
vn -0.1392 -0.9874 0.0754
vn 0.0097 -0.7531 -0.6578
vn 0.0168 -0.8849 -0.4654
vn 0.0680 -0.8754 -0.4787
vn 0.0574 -0.7371 -0.6733
vn 0.0097 -0.7531 0.6578
vn 0.0168 -0.8850 0.4653
vn -0.0432 0.8788 0.4753
vn -0.0387 0.7433 0.6679
vn 0.0199 -0.9445 -0.3279
vn -0.0046 -0.4296 0.9030
vn -0.0431 0.8797 -0.4736
vn -0.0446 0.9411 -0.3350
vn -0.0463 0.9989 -0.0000
vn -0.0046 0.0048 1.0000
vn -0.0238 0.4163 0.9089
vn -0.0455 0.9722 -0.2297
vn -0.0463 0.9965 0.0698
vn -0.0046 0.0042 1.0000
vn -0.0046 -0.4296 -0.9030
vn 0.0218 -0.9901 -0.1390
vn 0.0214 -0.9750 -0.2211
vn -0.0460 0.9884 0.1444
vn 0.0218 -0.9975 -0.0672
vn -0.0046 0.0045 -1.0000
vn 0.0218 -0.9998 -0.0001
vn -0.0456 0.9722 0.2298
vn 0.0218 -0.9975 0.0670
vn -0.0238 0.4163 -0.9089
vn 0.0216 -0.9901 0.1388
vn -0.0448 0.9411 0.3352
vn 0.0212 -0.9751 0.2209
vn -0.0387 0.7433 -0.6678
vn 0.0199 -0.9444 0.3281
vn -0.0710 0.9874 0.1413
vn -0.0712 0.9951 0.0682
vn 0.0192 0.9975 0.0679
vn 0.0179 0.9899 0.1408
vn -0.0698 0.9397 -0.3347
vn -0.0711 0.9705 -0.2304
vn -0.0715 0.9974 -0.0001
vn -0.0319 0.4128 0.9102
vn -0.0015 -0.0028 1.0000
vn 0.0318 -0.4098 -0.9116
vn 0.0760 -0.9868 -0.1432
vn 0.0747 -0.9699 -0.2319
vn 0.0763 -0.9947 -0.0692
vn -0.0016 -0.0025 -1.0000
vn 0.0763 -0.9971 -0.0000
vn -0.0709 0.9706 0.2301
vn 0.0761 -0.9947 0.0691
vn -0.0319 0.4129 -0.9102
vn 0.0755 -0.9868 0.1430
vn -0.0695 0.9392 0.3363
vn 0.0746 -0.9699 0.2318
vn -0.0561 0.7401 -0.6702
vn -0.0718 0.9871 -0.1430
vn 0.0725 -0.9383 0.3382
vn -0.0657 0.8769 0.4761
vn 0.0726 -0.9385 -0.3377
vn 0.0679 -0.8756 0.4783
vn -0.0657 0.8768 -0.4763
vn -0.0717 0.9951 -0.0685
vn 0.0574 -0.7370 0.6735
vn -0.0561 0.7400 0.6702
vn 0.0318 -0.4097 0.9116
vn -0.0016 -0.0021 1.0000
vn 0.0044 0.4164 -0.9092
vn -0.0093 -0.0035 -1.0000
vn 0.0097 -0.0113 -0.9999
vn 0.0528 0.3955 -0.9169
vn 0.0062 -0.9976 -0.0690
vn 0.0059 -0.9897 -0.1428
vn 0.0019 -0.4190 -0.9080
vn 0.0063 -1.0000 0.0001
vn 0.0158 0.9741 0.2256
vn 0.0062 -0.9976 0.0691
vn 0.0058 -0.9897 0.1429
vn 0.0132 0.9433 0.3316
vn 0.0051 -0.9738 0.2273
vn 0.0081 0.7462 -0.6657
vn 0.0157 0.9737 -0.2272
vn 0.0178 0.9898 -0.1411
vn 0.0044 -0.9432 0.3322
vn 0.0106 0.8822 0.4707
vn 0.0053 -0.9738 -0.2272
vn 0.0046 -0.9436 -0.3310
vn 0.0036 -0.8817 0.4718
vn 0.0106 0.8849 -0.4657
vn 0.0192 0.9975 -0.0683
vn 0.0030 -0.7464 0.6654
vn 0.0081 0.7462 0.6657
vn 0.0036 -0.8813 -0.4725
vn 0.0018 -0.4190 0.9080
vn 0.0132 0.9438 -0.3303
vn 0.0196 0.9998 -0.0002
vn -0.0093 -0.0032 1.0000
vn 0.0044 0.4164 0.9092
vn 0.0031 -0.7458 -0.6662
vn -0.0093 -0.0038 0.9999
vn 0.1177 0.8578 0.5004
vn 0.1289 0.9249 0.3577
vn 0.2212 0.8809 0.4185
vn 0.2012 0.7946 0.5729
vn -0.1298 -0.9790 0.1574
vn -0.1307 -0.9884 0.0771
vn 0.1354 0.9595 0.2469
vn -0.1278 -0.9597 0.2502
vn 0.0960 0.7161 -0.6913
vn 0.1355 0.9594 -0.2474
vn 0.1392 0.9780 -0.1555
vn -0.1242 -0.9245 0.3603
vn -0.1280 -0.9598 -0.2499
vn -0.1242 -0.9238 -0.3621
vn -0.1160 -0.8545 0.5063
vn 0.1177 0.8580 -0.4999
vn 0.1412 0.9871 -0.0754
vn -0.0974 -0.7066 0.7009
vn 0.0960 0.7162 0.6912
vn -0.1161 -0.8547 -0.5060
vn -0.0520 -0.3845 0.9217
vn 0.1290 0.9243 -0.3592
vn 0.1418 0.9899 -0.0001
vn 0.0097 -0.0109 0.9999
vn 0.0528 0.3956 0.9169
vn -0.0974 -0.7067 -0.7008
vn 0.1412 0.9871 0.0751
vn 0.0097 -0.0116 0.9999
vn -0.0520 -0.3845 -0.9217
vn -0.1300 -0.9786 -0.1592
vn 0.1387 0.9774 0.1598
vn -0.1309 -0.9884 -0.0770
vn -0.1311 -0.9914 -0.0000
vn 0.2212 0.8808 -0.4186
vn 0.2012 0.7946 -0.5728
vn 0.3505 0.4882 -0.7993
vn 0.4379 0.6031 -0.6667
vn -0.2592 -0.9103 -0.3227
vn -0.2421 -0.8568 -0.4552
vn -0.2132 -0.7629 0.6104
vn -0.2421 -0.8569 0.4552
vn 0.1619 0.6320 -0.7579
vn 0.2364 0.9537 -0.1857
vn 0.2388 0.9669 -0.0903
vn -0.1633 -0.5948 0.7872
vn 0.1619 0.6318 0.7580
vn -0.2132 -0.7629 -0.6104
vn -0.0808 -0.3143 0.9459
vn 0.2395 0.9709 0.0002
vn 0.0070 -0.0202 0.9998
vn 0.0876 0.3286 0.9404
vn -0.1633 -0.5947 -0.7872
vn 0.2313 0.9280 -0.2922
vn 0.2387 0.9669 0.0904
vn 0.0068 -0.0208 0.9998
vn -0.0808 -0.3143 -0.9459
vn -0.2692 -0.9406 -0.2069
vn 0.2362 0.9536 0.1864
vn -0.2747 -0.9561 -0.1018
vn 0.0069 -0.0205 -0.9998
vn -0.2763 -0.9611 -0.0001
vn 0.2313 0.9280 0.2921
vn -0.2743 -0.9560 0.1039
vn 0.0877 0.3286 -0.9404
vn -0.2691 -0.9405 0.2075
vn -0.2592 -0.9104 0.3226
vn 0.0003 -0.0511 0.9987
vn 0.1180 0.1616 0.9798
vn 0.1058 0.0297 0.9939
vn -0.0243 -0.0168 0.9996
vn 0.5808 0.7950 -0.1750
vn 0.5900 0.8074 0.0003
vn -0.0001 -0.0517 0.9987
vn -0.1089 -0.1925 0.9752
vn 0.2434 0.3460 0.9061
vn -0.3383 -0.4323 -0.8359
vn -0.2250 -0.3143 -0.9223
vn 0.5055 0.6933 -0.5136
vn 0.5810 0.7950 0.1745
vn -0.1089 -0.1925 -0.9752
vn -0.5936 -0.7030 -0.3918
vn -0.5277 -0.6328 -0.5667
vn 0.5530 0.7568 0.3484
vn -0.6343 -0.7463 -0.2017
vn 0.0001 -0.0514 -0.9987
vn -0.6484 -0.7613 -0.0002
vn 0.5055 0.6931 0.5139
vn -0.6345 -0.7465 0.2002
vn 0.1180 0.1616 -0.9798
vn -0.5937 -0.7031 0.3914
vn 0.4379 0.6032 0.6667
vn -0.5274 -0.6323 0.5675
vn 0.2434 0.3460 -0.9061
vn 0.5527 0.7566 -0.3494
vn -0.4410 -0.5406 0.7164
vn 0.3506 0.4883 0.7992
vn -0.4412 -0.5410 -0.7160
vn -0.3383 -0.4322 0.8359
vn -0.2250 -0.3143 0.9223
vn -0.9424 -0.1892 -0.2759
vn -0.9809 -0.1943 -0.0000
vn -0.9997 0.0235 -0.0000
vn -0.9574 0.0225 -0.2879
vn -0.2837 -0.0899 -0.9547
vn -0.1533 -0.0580 -0.9865
vn -0.8407 -0.1755 -0.5123
vn -0.7057 -0.1574 -0.6908
vn 0.9349 0.2088 0.2872
vn 0.8264 0.1912 0.5297
vn -0.0251 -0.0172 -0.9995
vn 0.6831 0.1674 0.7109
vn -0.9424 -0.1891 0.2759
vn 0.1058 0.0298 -0.9939
vn -0.8410 -0.1756 0.5117
vn 0.5315 0.1404 0.8353
vn -0.7056 -0.1573 0.6909
vn 0.2411 0.0733 -0.9677
vn 0.6830 0.1674 -0.7110
vn 0.8261 0.1912 -0.5300
vn -0.5618 -0.1373 0.8158
vn 0.3827 0.1097 0.9173
vn -0.5611 -0.1372 -0.8163
vn -0.4194 -0.1153 0.9004
vn 0.3828 0.1097 -0.9173
vn 0.9349 0.2089 -0.2870
vn -0.2838 -0.0899 0.9547
vn 0.2411 0.0733 0.9677
vn -0.4193 -0.1153 -0.9005
vn -0.1534 -0.0579 0.9865
vn 0.5312 0.1403 -0.8356
vn 0.9765 0.2155 0.0001
vn -0.0249 -0.0170 0.9995
vn 0.5555 -0.0130 0.8314
vn 0.7067 -0.0165 0.7073
vn 0.7064 -0.0255 0.7074
vn 0.5542 -0.0205 0.8321
vn 0.8494 -0.0198 0.5273
vn -0.9574 0.0225 0.2879
vn 0.0028 -0.0001 -1.0000
vn 0.1337 -0.0032 -0.9910
vn -0.8473 0.0199 0.5308
vn -0.7031 0.0165 0.7109
vn 0.2680 -0.0064 -0.9634
vn 0.7067 -0.0165 -0.7073
vn 0.8494 -0.0198 -0.5273
vn -0.5510 0.0129 0.8344
vn 0.4082 -0.0096 0.9128
vn -0.7031 0.0165 -0.7109
vn -0.5510 0.0129 -0.8344
vn -0.4031 0.0094 0.9151
vn 0.4082 -0.0096 -0.9128
vn 0.9580 -0.0224 -0.2858
vn -0.2626 0.0061 0.9649
vn 0.2680 -0.0064 0.9634
vn -0.4031 0.0094 -0.9151
vn -0.1282 0.0030 0.9917
vn 0.5555 -0.0130 -0.8314
vn 0.9997 -0.0233 -0.0000
vn 0.1337 -0.0032 0.9910
vn -0.2626 0.0061 -0.9649
vn 0.9580 -0.0224 0.2858
vn 0.0030 -0.0001 1.0000
vn -0.1282 0.0030 -0.9917
vn -0.8473 0.0199 -0.5308
vn 0.4056 -0.0153 -0.9139
vn 0.2637 -0.0102 -0.9646
vn 0.2577 -0.0619 -0.9642
vn 0.4002 -0.0958 -0.9114
vn -0.7117 0.0327 0.7017
vn -0.8523 0.0393 0.5216
vn 0.1278 -0.0050 -0.9918
vn 0.7063 -0.0255 -0.7074
vn 0.8493 -0.0301 -0.5271
vn -0.5613 0.0256 0.8272
vn 0.4056 -0.0153 0.9139
vn -0.7115 0.0326 -0.7019
vn -0.5614 0.0256 -0.8272
vn -0.4139 0.0187 0.9101
vn 0.9578 -0.0336 -0.2855
vn -0.2727 0.0122 0.9620
vn 0.2638 -0.0102 0.9645
vn -0.4139 0.0187 -0.9101
vn -0.1371 0.0061 0.9905
vn 0.5542 -0.0205 -0.8321
vn 0.9994 -0.0349 0.0001
vn -0.0048 0.0004 1.0000
vn 0.1277 -0.0050 0.9918
vn -0.2728 0.0122 -0.9620
vn 0.9577 -0.0335 0.2858
vn -0.0039 0.0004 1.0000
vn -0.1370 0.0061 -0.9905
vn -0.8524 0.0393 -0.5215
vn 0.8493 -0.0301 0.5270
vn -0.9584 0.0443 -0.2819
vn -0.0047 0.0004 -1.0000
vn -0.9989 0.0462 -0.0001
vn -0.9584 0.0443 0.2819
vn 0.1208 -0.0275 0.9923
vn 0.2577 -0.0619 0.9642
vn 0.2538 -0.2038 0.9455
vn 0.1199 -0.0907 0.9886
vn 0.8350 -0.1895 -0.5165
vn 0.9380 -0.2105 -0.2752
vn -0.2802 0.0730 0.9572
vn -0.4189 0.1048 0.9020
vn 0.4002 -0.0958 0.9114
vn -0.5625 0.1364 -0.8154
vn -0.4190 0.1048 -0.9019
vn -0.1455 0.0405 0.9885
vn 0.5480 -0.1290 -0.8264
vn 0.9759 -0.2184 0.0002
vn -0.0129 0.0069 0.9999
vn -0.2800 0.0730 -0.9572
vn 0.6970 -0.1609 -0.6987
vn 0.9377 -0.2107 0.2764
vn -0.0122 0.0068 0.9999
vn -0.1455 0.0405 -0.9885
vn -0.8393 0.1959 -0.5071
vn -0.7067 0.1675 -0.6873
vn 0.8347 -0.1895 0.5171
vn -0.9377 0.2168 -0.2715
vn -0.0129 0.0069 -0.9999
vn -0.9744 0.2247 -0.0002
vn 0.6971 -0.1609 0.6987
vn -0.9376 0.2168 0.2719
vn 0.1206 -0.0275 -0.9923
vn -0.8393 0.1959 0.5071
vn 0.5481 -0.1290 0.8264
vn -0.7067 0.1675 0.6874
vn -0.5625 0.1364 0.8154
vn -0.6233 0.4489 -0.6403
vn -0.7239 0.5137 -0.4606
vn -0.4463 0.8404 -0.3074
vn -0.4158 0.7824 -0.4637
vn -0.3790 0.2938 -0.8776
vn -0.2522 0.2129 -0.9440
vn 0.5106 -0.3908 -0.7659
vn 0.6242 -0.4697 -0.6243
vn 0.8045 -0.5940 -0.0000
vn 0.7818 -0.5783 0.2330
vn -0.0069 0.0284 0.9996
vn -0.1283 0.1281 -0.9834
vn 0.7182 -0.5343 0.4458
vn -0.7933 0.5586 -0.2421
vn -0.0072 0.0286 -0.9996
vn -0.8183 0.5748 -0.0000
vn 0.6244 -0.4698 0.6240
vn -0.7933 0.5586 0.2421
vn 0.1200 -0.0907 -0.9886
vn -0.7239 0.5136 0.4606
vn 0.5104 -0.3906 0.7661
vn -0.6230 0.4485 0.6409
vn 0.2536 -0.2036 -0.9456
vn 0.7181 -0.5345 -0.4457
vn -0.5050 0.3735 0.7782
vn 0.3854 -0.3022 0.8719
vn -0.5048 0.3733 -0.7783
vn -0.3789 0.2937 0.8776
vn 0.3854 -0.3022 -0.8718
vn 0.7818 -0.5784 -0.2329
vn -0.2522 0.2129 0.9440
vn -0.1284 0.1283 0.9834
vn -0.0076 0.0290 0.9996
vn -0.4686 0.8834 -0.0001
vn -0.4632 0.8730 0.1528
vn -0.2726 0.9565 0.1042
vn -0.2740 0.9617 -0.0000
vn 0.4646 -0.8727 0.1503
vn 0.4475 -0.8419 0.3014
vn -0.4632 0.8730 -0.1530
vn -0.1029 0.2132 -0.9716
vn 0.0020 0.0236 -0.9997
vn 0.4180 -0.7888 0.4507
vn 0.1103 -0.2026 -0.9730
vn -0.4463 0.8405 0.3073
vn 0.3725 -0.7056 0.6028
vn -0.4158 0.7825 0.4635
vn 0.2205 -0.4204 -0.8801
vn 0.4177 -0.7882 -0.4519
vn 0.4475 -0.8420 -0.3012
vn -0.3688 0.6940 0.6184
vn 0.3080 -0.5860 0.7495
vn -0.3685 0.6932 -0.6194
vn -0.3007 0.5673 0.7667
vn 0.3080 -0.5860 -0.7495
vn 0.4646 -0.8727 -0.1501
vn -0.2106 0.4036 0.8904
vn 0.2205 -0.4204 0.8801
vn -0.3011 0.5684 -0.7657
vn -0.1029 0.2132 0.9716
vn 0.3726 -0.7058 -0.6025
vn 0.4702 -0.8826 0.0001
vn 0.0018 0.0239 0.9997
vn 0.1104 -0.2026 0.9730
vn -0.2106 0.4035 -0.8904
vn 0.0020 0.0236 0.9997
vn -0.2589 0.9045 0.3390
vn -0.2427 0.8450 0.4765
vn -0.1429 0.9121 0.3842
vn -0.1484 0.9524 0.2664
vn 0.0085 0.0240 -0.9997
vn 0.0869 -0.3002 -0.9499
vn -0.2680 0.9387 0.2170
vn 0.2588 -0.9075 0.3309
vn 0.2413 -0.8506 0.4671
vn 0.1643 -0.5867 -0.7930
vn 0.2593 -0.9081 -0.3288
vn 0.2689 -0.9392 -0.2137
vn 0.2126 -0.7545 0.6209
vn -0.2589 0.9044 -0.3391
vn -0.2425 0.8440 -0.4784
vn -0.2132 0.7396 0.6383
vn 0.2126 -0.7543 -0.6212
vn 0.2744 -0.9561 -0.1032
vn -0.1614 0.5620 0.8112
vn 0.1644 -0.5867 0.7929
vn -0.2131 0.7395 -0.6385
vn -0.0784 0.2926 0.9530
vn 0.2414 -0.8506 -0.4671
vn 0.2761 -0.9611 -0.0000
vn 0.0085 0.0240 0.9997
vn 0.0869 -0.3002 0.9499
vn -0.1614 0.5620 -0.8112
vn 0.2743 -0.9561 0.1032
vn 0.0084 0.0244 0.9997
vn -0.0784 0.2926 -0.9530
vn -0.2680 0.9386 -0.2173
vn 0.2690 -0.9397 0.2111
vn -0.2726 0.9563 -0.1055
vn -0.1076 0.6781 0.7270
vn -0.0568 0.3627 0.9302
vn -0.0322 0.4023 0.9149
vn -0.0567 0.7294 0.6818
vn 0.1498 -0.9116 0.3829
vn 0.1360 -0.8371 0.5299
vn -0.1482 0.9521 -0.2674
vn -0.1428 0.9119 -0.3847
vn -0.1317 0.8349 0.5345
vn 0.1102 -0.6865 -0.7187
vn 0.1360 -0.8371 -0.5299
vn 0.1620 -0.9716 -0.1723
vn 0.1647 -0.9828 -0.0837
vn 0.1102 -0.6865 0.7187
vn -0.1316 0.8345 -0.5351
vn 0.1497 -0.9115 -0.3832
vn 0.1657 -0.9862 0.0001
vn 0.0039 0.0088 1.0000
vn 0.0597 -0.3707 0.9268
vn -0.1076 0.6781 -0.7270
vn 0.1577 -0.9510 -0.2661
vn 0.1651 -0.9827 0.0839
vn 0.0038 0.0094 0.9999
vn -0.0567 0.3626 -0.9302
vn -0.1510 0.9738 -0.1700
vn 0.1626 -0.9715 0.1727
vn -0.1524 0.9849 -0.0824
vn 0.0039 0.0091 -1.0000
vn -0.1529 0.9882 -0.0000
vn 0.1577 -0.9508 0.2665
vn -0.1525 0.9849 0.0823
vn 0.0597 -0.3707 -0.9268
vn -0.1512 0.9738 0.1700
vn 0.0058 0.0059 1.0000
vn 0.0309 -0.4050 0.9138
vn 0.0010 -0.4247 0.9053
vn -0.0025 0.0005 1.0000
vn 0.0718 -0.8695 -0.4887
vn 0.0790 -0.9344 -0.3474
vn 0.0875 -0.9935 -0.0732
vn 0.0880 -0.9961 0.0001
vn 0.0059 0.0052 1.0000
vn 0.0582 -0.7295 0.6815
vn -0.0660 0.8709 -0.4870
vn -0.0567 0.7293 -0.6818
vn 0.0834 -0.9672 -0.2398
vn 0.0874 -0.9936 0.0717
vn -0.0322 0.4023 -0.9149
vn -0.0721 0.9865 -0.1470
vn -0.0715 0.9697 -0.2338
vn 0.0860 -0.9850 0.1497
vn -0.0723 0.9948 -0.0711
vn 0.0058 0.0055 -1.0000
vn -0.0723 0.9974 -0.0000
vn 0.0831 -0.9685 0.2349
vn -0.0722 0.9949 0.0710
vn 0.0309 -0.4050 -0.9138
vn -0.0719 0.9865 0.1469
vn 0.0790 -0.9345 0.3471
vn -0.0712 0.9697 0.2336
vn 0.0582 -0.7295 -0.6815
vn 0.0861 -0.9849 -0.1504
vn -0.0697 0.9363 0.3443
vn 0.0718 -0.8694 0.4888
vn -0.0697 0.9359 -0.3453
vn -0.0660 0.8709 0.4869
vn 0.0059 0.9976 -0.0692
vn 0.0059 1.0000 -0.0000
vn 0.1032 0.9947 -0.0000
vn 0.1029 0.9918 -0.0754
vn 0.0027 0.7545 -0.6563
vn 0.0014 0.4273 -0.9041
vn 0.0056 0.9900 -0.1409
vn 0.0051 0.9741 -0.2259
vn 0.0070 -0.9976 0.0689
vn 0.0065 -0.9901 0.1405
vn -0.0025 0.0002 -1.0000
vn 0.0056 -0.9747 0.2235
vn 0.0058 0.9976 0.0691
vn 0.0010 -0.4247 -0.9053
vn 0.0055 0.9897 0.1429
vn 0.0045 -0.9459 0.3245
vn 0.0050 0.9745 0.2244
vn 0.0021 -0.7546 -0.6562
vn 0.0054 -0.9740 -0.2264
vn 0.0063 -0.9898 -0.1422
vn 0.0043 0.9434 0.3315
vn 0.0033 -0.8871 0.4616
vn 0.0044 0.9450 -0.3269
vn 0.0036 0.8861 0.4634
vn 0.0033 -0.8871 -0.4616
vn 0.0069 -0.9977 -0.0669
vn 0.0027 0.7544 0.6564
vn 0.0021 -0.7548 0.6560
vn 0.0036 0.8863 -0.4631
vn 0.0014 0.4273 0.9041
vn 0.0044 -0.9457 -0.3250
vn 0.0071 -1.0000 0.0001
vn -0.0025 -0.0001 1.0000
vn 0.1019 0.9822 0.1576
vn 0.1001 0.9637 0.2475
vn 0.2114 0.9283 0.3060
vn 0.2177 0.9561 0.1960
vn -0.0875 -0.9843 0.1532
vn -0.0861 -0.9661 0.2434
vn 0.1030 0.9918 0.0754
vn -0.0139 0.0171 -0.9998
vn -0.0382 -0.4017 -0.9150
vn -0.0833 -0.9320 0.3528
vn -0.0649 -0.7253 -0.6854
vn -0.0859 -0.9675 -0.2377
vn -0.0873 -0.9849 -0.1498
vn 0.0962 0.9267 0.3632
vn -0.0774 -0.8658 0.4943
vn 0.0999 0.9637 -0.2475
vn 0.0962 0.9272 -0.3621
vn 0.0895 0.8583 0.5052
vn -0.0774 -0.8658 -0.4944
vn -0.0880 -0.9934 -0.0737
vn 0.0734 0.7068 0.7036
vn -0.0649 -0.7253 0.6854
vn 0.0890 0.8556 -0.5099
vn 0.0364 0.3836 0.9228
vn -0.0833 -0.9321 -0.3526
vn -0.0882 -0.9961 0.0001
vn -0.0139 0.0167 0.9998
vn -0.0382 -0.4018 0.9149
vn 0.0732 0.7053 -0.7051
vn -0.0882 -0.9935 0.0727
vn -0.0139 0.0174 0.9998
vn 0.0364 0.3836 -0.9228
vn 0.1019 0.9825 -0.1558
vn -0.2127 -0.9727 -0.0928
vn -0.2097 -0.9590 -0.1905
vn -0.3566 -0.8984 -0.2564
vn -0.3661 -0.9221 -0.1256
vn -0.0747 -0.3314 -0.9405
vn -0.1389 -0.6347 -0.7602
vn -0.2038 -0.9322 -0.2992
vn 0.1998 0.8773 0.4364
vn -0.1933 -0.8848 0.4240
vn -0.1742 -0.7975 0.5776
vn 0.2114 0.9283 -0.3058
vn 0.1998 0.8774 -0.4362
vn 0.1783 0.7839 0.5948
vn -0.1743 -0.7975 -0.5776
vn 0.1392 0.6150 0.7761
vn -0.1389 -0.6346 0.7603
vn 0.1787 0.7856 -0.5924
vn 0.0700 0.3229 0.9438
vn -0.1933 -0.8847 -0.4241
vn -0.2136 -0.9769 -0.0000
vn -0.0064 0.0141 0.9999
vn -0.0746 -0.3312 0.9406
vn 0.1396 0.6165 -0.7749
vn -0.2127 -0.9727 0.0928
vn -0.0063 0.0147 0.9999
vn 0.0700 0.3229 -0.9438
vn 0.2178 0.9561 -0.1961
vn -0.2097 -0.9590 0.1905
vn 0.2211 0.9706 -0.0954
vn -0.0064 0.0144 -0.9999
vn 0.2221 0.9750 -0.0000
vn -0.2039 -0.9327 0.2976
vn 0.2211 0.9706 0.0953
vn 0.1892 0.4676 -0.8635
vn 0.2642 0.6420 -0.7197
vn 0.3118 0.5546 -0.7715
vn 0.2190 0.3913 -0.8938
vn 0.1891 0.4674 0.8636
vn 0.2648 0.6433 0.7183
vn -0.2663 -0.6718 0.6912
vn -0.1972 -0.4968 0.8452
vn 0.3154 0.7626 -0.5647
vn 0.0911 0.2463 0.9649
vn -0.2653 -0.6696 -0.6937
vn -0.3103 -0.7827 -0.5396
vn -0.3691 -0.9294 -0.0000
vn -0.0049 0.0279 0.9996
vn -0.1010 -0.2438 0.9645
vn -0.3391 -0.8550 -0.3925
vn -0.3661 -0.9220 0.1257
vn -0.0050 0.0279 0.9996
vn 0.0911 0.2463 -0.9649
vn 0.3690 0.8897 -0.2688
vn 0.3488 0.8418 -0.4120
vn -0.3567 -0.8985 0.2560
vn 0.3798 0.9155 -0.1326
vn -0.0049 0.0279 -0.9996
vn 0.3833 0.9236 -0.0000
vn -0.3395 -0.8554 0.3913
vn 0.3799 0.9155 0.1326
vn -0.1010 -0.2438 -0.9646
vn 0.3691 0.8897 0.2689
vn -0.3110 -0.7840 0.5372
vn 0.3489 0.8417 0.4120
vn -0.1972 -0.4969 -0.8451
vn 0.3156 0.7630 0.5641
vn -0.4567 -0.8341 0.3094
vn -0.4741 -0.8666 0.1554
vn -0.6855 -0.6982 0.2062
vn -0.6408 -0.6538 0.4024
vn -0.3778 -0.6876 -0.6200
vn -0.4258 -0.7764 -0.4647
vn -0.4800 -0.8773 0.0001
vn -0.1092 -0.1957 0.9746
vn -0.0009 0.0015 1.0000
vn 0.1084 0.1960 -0.9746
vn 0.4676 0.8261 -0.3144
vn 0.4338 0.7675 -0.4720
vn 0.4868 0.8589 -0.1590
vn -0.0007 0.0018 -1.0000
vn 0.4931 0.8700 -0.0001
vn -0.4258 -0.7764 0.4648
vn 0.4866 0.8591 0.1588
vn -0.1092 -0.1957 -0.9746
vn 0.4673 0.8257 0.3159
vn -0.3778 -0.6877 0.6199
vn 0.4336 0.7673 0.4725
vn -0.2188 -0.3958 -0.8919
vn -0.4567 -0.8333 -0.3115
vn 0.3826 0.6785 0.6271
vn -0.3097 -0.5623 0.7668
vn 0.3827 0.6787 -0.6268
vn 0.3117 0.5545 0.7716
vn -0.3097 -0.5622 -0.7668
vn -0.4744 -0.8665 -0.1553
vn 0.2190 0.3913 0.8938
vn -0.2188 -0.3959 0.8919
vn 0.1083 0.1959 0.9746
vn -0.0005 0.0021 1.0000
vn -0.1194 -0.1181 -0.9858
vn 0.0037 0.0296 -0.9996
vn 0.0172 0.0134 -0.9998
vn -0.1130 -0.0338 -0.9930
vn 0.7076 0.6714 -0.2203
vn 0.6551 0.6243 -0.4255
vn 0.1200 0.1497 -0.9814
vn 0.7259 0.6878 -0.0000
vn -0.5697 -0.5836 0.5787
vn 0.7077 0.6713 0.2202
vn 0.6547 0.6238 0.4269
vn -0.4773 -0.4920 0.7281
vn 0.5738 0.5514 0.6056
vn -0.2481 -0.2606 -0.9330
vn -0.5693 -0.5832 -0.5794
vn -0.6402 -0.6533 -0.4041
vn 0.4731 0.4619 0.7502
vn -0.3689 -0.3841 0.8464
vn 0.5739 0.5516 -0.6053
vn 0.4731 0.4622 -0.7500
vn 0.3586 0.3611 0.8608
vn -0.3690 -0.3842 -0.8463
vn -0.6852 -0.6981 -0.2076
vn 0.2392 0.2566 0.9365
vn -0.2481 -0.2606 0.9330
vn 0.3586 0.3611 -0.8608
vn 0.1200 0.1497 0.9814
vn -0.4773 -0.4920 -0.7281
vn -0.7007 -0.7134 0.0001
vn 0.0040 0.0299 0.9995
vn -0.1194 -0.1182 0.9858
vn 0.2392 0.2566 -0.9364
vn 0.0035 0.0293 0.9996
vn -0.3883 -0.1231 0.9133
vn -0.5345 -0.1634 0.8292
vn -0.5488 -0.0090 0.8359
vn -0.4006 -0.0066 0.9162
vn 0.8287 0.2261 0.5120
vn 0.9287 0.2480 0.2759
vn -0.6826 -0.2014 0.7025
vn 0.6953 0.1968 0.6913
vn -0.2477 -0.0800 -0.9655
vn -0.6826 -0.2014 -0.7025
vn -0.8202 -0.2354 -0.5213
vn 0.5521 0.1647 0.8174
vn 0.6952 0.1968 -0.6913
vn 0.5521 0.1647 -0.8174
vn 0.4111 0.1314 0.9021
vn -0.3883 -0.1231 -0.9133
vn -0.9235 -0.2606 -0.2815
vn 0.2759 0.0962 0.9563
vn -0.2477 -0.0800 0.9655
vn 0.4112 0.1314 -0.9020
vn 0.1456 0.0573 0.9877
vn -0.5345 -0.1634 -0.8292
vn -0.9628 -0.2701 -0.0000
vn 0.0172 0.0134 0.9998
vn -0.1130 -0.0337 0.9930
vn 0.2759 0.0962 -0.9563
vn -0.9235 -0.2606 0.2814
vn 0.0166 0.0132 0.9998
vn 0.1456 0.0573 -0.9877
vn 0.8287 0.2261 -0.5120
vn -0.8203 -0.2354 0.5213
vn 0.9287 0.2480 -0.2758
vn 0.9666 0.2563 -0.0000
vn -0.5488 -0.0090 -0.8359
vn -0.4007 -0.0066 -0.9162
vn -0.4067 0.0114 -0.9135
vn -0.5542 0.0154 -0.8323
vn 0.7086 0.0120 -0.7055
vn 0.5579 0.0095 -0.8298
vn 0.4109 0.0071 0.9116
vn 0.5579 0.0095 0.8298
vn -0.2599 -0.0043 -0.9656
vn -0.8463 -0.0138 -0.5325
vn -0.9571 -0.0156 -0.2892
vn 0.2708 0.0047 0.9626
vn -0.2599 -0.0043 0.9656
vn 0.4109 0.0070 -0.9116
vn 0.1366 0.0024 0.9906
vn -0.9999 -0.0163 -0.0000
vn 0.0056 0.0002 1.0000
vn -0.1255 -0.0020 0.9921
vn 0.2708 0.0047 -0.9626
vn -0.7015 -0.0115 -0.7125
vn -0.9572 -0.0156 0.2892
vn 0.0048 0.0002 1.0000
vn 0.1366 0.0024 -0.9906
vn 0.8507 0.0144 -0.5254
vn -0.8463 -0.0138 0.5325
vn 0.9586 0.0162 -0.2844
vn 0.0056 0.0002 -1.0000
vn 0.9999 0.0169 -0.0000
vn -0.7015 -0.0115 0.7125
vn 0.9586 0.0162 0.2844
vn -0.1255 -0.0020 -0.9921
vn 0.8507 0.0144 0.5254
vn 0.7086 0.0121 0.7055
vn -0.0012 0.0001 1.0000
vn -0.1320 0.0037 0.9912
vn -0.1346 -0.0017 0.9909
vn -0.0034 -0.0001 1.0000
vn -0.9577 0.0266 -0.2864
vn -0.9996 0.0277 -0.0000
vn -0.0001 -0.0000 1.0000
vn 0.1301 -0.0036 0.9915
vn -0.2663 0.0075 0.9639
vn 0.4050 -0.0114 -0.9142
vn 0.2645 -0.0075 -0.9644
vn -0.7057 0.0196 -0.7082
vn -0.9577 0.0266 0.2864
vn 0.1301 -0.0036 -0.9915
vn 0.8481 -0.0241 -0.5293
vn 0.7044 -0.0200 -0.7095
vn -0.8487 0.0236 0.5283
vn 0.9576 -0.0272 -0.2869
vn -0.0009 -0.0000 -1.0000
vn 0.9996 -0.0284 -0.0000
vn -0.7057 0.0196 0.7082
vn 0.9576 -0.0272 0.2869
vn -0.1320 0.0037 -0.9912
vn 0.8481 -0.0241 0.5293
vn -0.5542 0.0154 0.8323
vn 0.7044 -0.0199 0.7095
vn -0.2663 0.0075 -0.9639
vn -0.8487 0.0236 -0.5283
vn 0.5526 -0.0156 0.8333
vn -0.4067 0.0114 0.9135
vn 0.5526 -0.0156 -0.8333
vn 0.4050 -0.0114 0.9143
vn 0.2645 -0.0074 0.9644
vn 0.9578 0.0121 -0.2873
vn 0.9999 0.0127 -0.0000
vn 0.9997 -0.0262 -0.0000
vn 0.9581 -0.0265 -0.2850
vn 0.2628 0.0033 -0.9648
vn 0.1281 0.0016 -0.9918
vn 0.8479 0.0107 -0.5300
vn 0.7038 0.0089 -0.7103
vn -0.9585 -0.0116 0.2850
vn -0.8504 -0.0103 0.5261
vn -0.0033 -0.0001 -1.0000
vn -0.7081 -0.0086 0.7060
vn 0.9578 0.0121 0.2873
vn -0.1346 -0.0017 -0.9909
vn 0.8479 0.0107 0.5300
vn -0.5570 -0.0068 0.8305
vn 0.7038 0.0089 0.7103
vn -0.2692 -0.0034 -0.9631
vn -0.7081 -0.0087 -0.7060
vn -0.8504 -0.0104 -0.5261
vn 0.5517 0.0069 0.8340
vn -0.4096 -0.0050 0.9122
vn 0.5517 0.0069 -0.8340
vn 0.4036 0.0050 0.9149
vn -0.4097 -0.0051 -0.9122
vn -0.9585 -0.0117 -0.2850
vn 0.2628 0.0033 0.9648
vn -0.2691 -0.0033 0.9631
vn 0.4037 0.0051 -0.9149
vn 0.1281 0.0016 0.9918
vn -0.5567 -0.0069 -0.8307
vn -0.9999 -0.0121 -0.0000
vn 0.8427 0.1315 0.5220
vn 0.7026 0.1186 0.7016
vn 0.8498 -0.0283 -0.5263
vn 0.9581 -0.0275 -0.2850
vn 0.9488 0.1417 -0.2824
vn 0.8427 0.1316 -0.5221
vn -0.4001 0.0552 0.9148
vn -0.5480 0.0526 0.8348
vn 0.5536 0.1060 -0.8260
vn 0.7026 0.1188 -0.7016
vn 0.5536 0.1058 0.8260
vn -0.4000 0.0556 -0.9148
vn -0.2597 0.0592 -0.9639
vn -0.9560 0.0508 -0.2889
vn -0.8451 0.0508 -0.5322
vn 0.4078 0.0942 0.9082
vn -0.2598 0.0588 0.9639
vn 0.4078 0.0945 -0.9082
vn 0.2686 0.0844 0.9595
vn -0.5481 0.0529 -0.8347
vn -0.9987 0.0508 -0.0001
vn 0.1352 0.0761 0.9879
vn -0.1258 0.0634 0.9900
vn 0.2686 0.0847 -0.9595
vn 0.0045 0.0692 0.9976
vn -0.7004 0.0515 -0.7119
vn -0.9560 0.0507 0.2888
vn 0.0036 0.0691 0.9976
vn 0.1352 0.0764 -0.9879
vn -0.8453 0.0506 0.5319
vn 0.0046 0.0694 -0.9976
vn -0.7005 0.0511 0.7118
vn 0.9893 0.1457 -0.0001
vn -0.1257 0.0638 -0.9900
vn 0.9488 0.1417 0.2824
vn 0.7074 -0.0297 -0.7062
vn -0.8465 0.1759 0.5025
vn -0.7000 0.1849 0.6898
vn 0.9581 -0.0265 0.2851
vn 0.0162 -0.0002 -0.9999
vn -0.1176 0.1034 -0.9877
vn 0.8498 -0.0274 0.5264
vn -0.5493 0.1778 0.8165
vn 0.7074 -0.0289 0.7063
vn -0.2594 0.1521 -0.9537
vn -0.7000 0.1850 -0.6897
vn -0.8465 0.1760 -0.5024
vn 0.5567 -0.0310 0.8301
vn -0.4019 0.1680 0.9001
vn 0.7074 -0.0289 -0.7063
vn 0.5567 -0.0309 -0.8301
vn 0.4102 -0.0332 0.9114
vn -0.4020 0.1682 -0.9001
vn -0.9640 0.0255 -0.2647
vn 0.2714 -0.0345 0.9618
vn -0.2593 0.1519 0.9538
vn 0.4102 -0.0331 -0.9114
vn 0.1404 -0.0309 0.9896
vn -0.5493 0.1779 -0.8165
vn -0.9960 -0.0891 -0.0000
vn 0.0162 -0.0002 0.9999
vn -0.1176 0.1033 0.9877
vn 0.2714 -0.0344 -0.9618
vn -0.9640 0.0254 0.2646
vn 0.0154 -0.0003 0.9999
vn 0.1404 -0.0308 -0.9896
vn 0.8498 -0.0274 -0.5263
vn 0.9996 -0.0272 0.0001
vn 0.9581 -0.0275 0.2851
vn 0.8498 -0.0283 0.5264
vn 0.7073 -0.0298 0.7063
vn 0.5567 -0.0318 0.8301
vn 0.4101 -0.0339 0.9114
vn 0.2715 -0.0352 0.9618
vn 0.1405 -0.0316 0.9896
vn 0.0161 -0.0003 0.9999
vn -0.1176 0.1037 0.9876
vn -0.2594 0.1519 0.9538
vn -0.4021 0.1676 0.9002
vn -0.5494 0.1773 0.8165
vn -0.7001 0.1843 0.6899
vn -0.8466 0.1754 0.5026
vn -0.9640 0.0264 0.2646
vn -0.9960 -0.0896 -0.0000
vn -0.9640 0.0265 -0.2646
vn -0.8466 0.1754 -0.5025
vn -0.7001 0.1844 -0.6898
vn -0.5494 0.1774 -0.8165
vn -0.4021 0.1677 -0.9001
vn -0.2594 0.1520 -0.9537
vn -0.1178 0.1041 -0.9876
vn 0.0161 -0.0002 -0.9999
vn 0.1405 -0.0315 -0.9896
vn 0.2715 -0.0351 -0.9618
vn 0.4102 -0.0338 -0.9114
vn 0.5567 -0.0317 -0.8301
vn 0.1615 -0.8178 -0.5524
vn 0.1309 -0.6533 -0.7457
vn 0.1859 -0.9673 -0.1723
vn -0.0239 -0.9893 -0.1439
vn -0.0237 -0.9731 -0.2291
vn 0.1824 -0.9443 -0.2739
vn -0.1987 0.8856 -0.4198
vn -0.2535 0.9136 -0.3180
vn -0.7001 0.1845 -0.6898
vn -0.9902 0.1395 -0.0003
vn -0.7869 0.5843 0.1984
vn -0.9642 0.0254 0.2640
vn -0.1174 0.1040 0.9876
vn -0.0669 0.3653 0.9285
vn -0.0265 -0.0314 0.9992
vn 0.0162 -0.0003 0.9999
vn 0.0627 -0.3475 -0.9356
vn 0.1405 -0.0311 -0.9896
vn 0.8499 -0.0278 -0.5262
vn 0.7074 -0.0293 -0.7062
vn -0.4353 0.8636 0.2543
vn -0.8466 0.1754 0.5025
vn 0.9582 -0.0270 -0.2850
vn 0.1877 -0.9787 -0.0835
vn -0.0265 -0.0312 -0.9992
vn 0.0162 -0.0001 -0.9999
vn 0.9996 -0.0267 0.0001
vn 0.1883 -0.9821 -0.0000
vn -0.2535 0.9136 0.3180
vn -0.7001 0.1844 0.6898
vn 0.9581 -0.0270 0.2852
vn 0.1879 -0.9786 0.0835
vn -0.0670 0.3652 -0.9285
vn -0.1174 0.1041 -0.9876
vn 0.8498 -0.0279 0.5264
vn 0.1863 -0.9672 0.1724
vn -0.1991 0.8857 0.4193
vn 0.7073 -0.0294 0.7063
vn 0.1829 -0.9445 0.2729
vn -0.1241 0.6702 -0.7318
vn -0.4354 0.8635 -0.2544
vn -0.8466 0.1755 -0.5024
vn 0.1754 -0.9001 0.3988
vn -0.1638 0.8151 0.5557
vn -0.4020 0.1676 0.9002
vn 0.1754 -0.9002 -0.3986
vn 0.1614 -0.8175 0.5528
vn -0.1637 0.8150 -0.5559
vn -0.4020 0.1677 -0.9002
vn -0.7870 0.5841 -0.1988
vn -0.9641 0.0255 -0.2645
vn 0.2714 -0.0352 0.9618
vn 0.1309 -0.6532 0.7458
vn -0.1241 0.6703 0.7317
vn -0.2594 0.1515 0.9538
vn 0.1404 -0.0312 0.9896
vn 0.0627 -0.3475 0.9356
vn -0.0266 -0.0308 0.9992
vn -0.0241 -0.9973 0.0696
vn -0.0879 -0.9934 0.0739
vn -0.0881 -0.9961 -0.0000
vn -0.0241 -0.9997 -0.0000
vn 0.0299 0.9971 0.0698
vn 0.0294 0.9891 0.1442
vn -0.0240 -0.9973 -0.0696
vn -0.0114 -0.4198 -0.9076
vn 0.0040 -0.0029 -1.0000
vn 0.0281 0.9738 0.2255
vn 0.0102 0.4221 -0.9065
vn -0.0241 -0.9893 0.1439
vn 0.0266 0.9431 0.3314
vn -0.0239 -0.9731 0.2291
vn 0.0193 0.7501 -0.6610
vn 0.0277 0.9730 -0.2292
vn 0.0289 0.9891 -0.1441
vn -0.0234 -0.9429 0.3323
vn 0.0243 0.8808 0.4729
vn -0.0232 -0.9424 -0.3338
vn -0.0223 -0.8825 0.4697
vn 0.0239 0.8836 -0.4677
vn 0.0296 0.9971 -0.0697
vn -0.0196 -0.7484 0.6629
vn 0.0193 0.7502 0.6610
vn -0.0223 -0.8830 -0.4689
vn -0.0114 -0.4198 0.9075
vn 0.0265 0.9437 -0.3297
vn 0.0300 0.9996 0.0001
vn 0.0040 -0.0026 1.0000
vn 0.0102 0.4222 0.9065
vn -0.0196 -0.7482 -0.6632
vn 0.0040 -0.0033 1.0000
vn -0.0824 -0.9336 0.3486
vn -0.1915 -0.8806 0.4335
vn -0.2025 -0.9310 0.3038
vn -0.0854 -0.9664 0.2425
vn 0.0058 -0.0047 -1.0000
vn 0.0341 0.4058 -0.9133
vn -0.0870 -0.9844 0.1527
vn 0.0791 0.9677 0.2392
vn 0.0765 0.9358 0.3441
vn 0.0598 0.7320 -0.6787
vn 0.0790 0.9677 -0.2392
vn 0.0803 0.9853 -0.1507
vn 0.0712 0.8703 0.4874
vn -0.0853 -0.9668 -0.2408
vn -0.0823 -0.9334 -0.3494
vn -0.0766 -0.8682 0.4902
vn 0.0713 0.8716 -0.4850
vn 0.0809 0.9940 -0.0730
vn -0.0641 -0.7262 0.6845
vn 0.0598 0.7321 0.6786
vn -0.0767 -0.8684 -0.4899
vn -0.0343 -0.4011 0.9154
vn 0.0765 0.9356 -0.3447
vn 0.0811 0.9967 -0.0000
vn 0.0058 -0.0044 1.0000
vn 0.0341 0.4058 0.9133
vn -0.0641 -0.7265 -0.6842
vn 0.0810 0.9940 0.0729
vn 0.0058 -0.0050 1.0000
vn -0.0343 -0.4011 -0.9154
vn -0.0869 -0.9845 -0.1526
vn 0.0804 0.9853 0.1506
vn -0.0878 -0.9934 -0.0738
vn -0.0639 -0.3256 0.9433
vn -0.0961 -0.2305 0.9683
vn -0.2000 -0.4318 0.8795
vn -0.1326 -0.6168 0.7759
vn 0.1806 0.8926 0.4130
vn 0.1635 0.8089 0.5648
vn -0.2026 -0.9309 -0.3038
vn -0.1916 -0.8805 -0.4335
vn -0.1711 -0.7879 0.5915
vn 0.1314 0.6500 -0.7485
vn 0.1634 0.8083 -0.5656
vn 0.1954 0.9634 -0.1836
vn 0.1981 0.9761 -0.0894
vn 0.1315 0.6502 0.7483
vn -0.1712 -0.7881 -0.5913
vn 0.1807 0.8924 -0.4135
vn 0.1988 0.9800 -0.0000
vn 0.0121 -0.0268 0.9996
vn 0.0725 0.3430 0.9365
vn -0.1327 -0.6169 -0.7758
vn 0.1900 0.9376 -0.2913
vn 0.1980 0.9761 0.0893
vn 0.0119 -0.0275 0.9996
vn -0.0639 -0.3256 -0.9434
vn -0.2086 -0.9588 -0.1930
vn 0.1953 0.9634 0.1835
vn -0.2116 -0.9729 -0.0938
vn 0.0120 -0.0272 -0.9996
vn -0.2125 -0.9772 -0.0000
vn 0.1901 0.9382 0.2894
vn -0.2115 -0.9729 0.0938
vn 0.0725 0.3430 -0.9365
vn -0.2085 -0.9588 0.1930
vn -0.4295 -0.8912 0.1458
vn -0.7601 -0.6053 0.2363
vn -0.7829 -0.6221 0.0002
vn -0.4342 -0.9008 -0.0000
vn 0.2855 0.6318 -0.7206
vn 0.3386 0.7492 -0.5693
vn 0.4082 0.9026 -0.1364
vn 0.4121 0.9111 -0.0001
vn 0.0045 -0.0293 0.9996
vn 0.2088 0.4607 0.8626
vn 0.1061 0.2233 0.9690
vn -0.2846 -0.5998 -0.7478
vn -0.1999 -0.4316 -0.8796
vn 0.3739 0.8271 -0.4196
vn 0.4083 0.9026 0.1364
vn -0.0958 -0.2302 -0.9684
vn -0.4145 -0.8614 -0.2937
vn -0.3880 -0.8076 -0.4441
vn 0.3963 0.8758 0.2756
vn -0.4294 -0.8913 -0.1457
vn 0.0045 -0.0293 -0.9996
vn 0.3742 0.8269 0.4197
vn 0.1061 0.2234 -0.9689
vn -0.4147 -0.8612 0.2939
vn 0.3389 0.7489 0.5695
vn -0.3878 -0.8069 0.4456
vn 0.2087 0.4611 -0.8625
vn 0.3961 0.8759 -0.2756
vn -0.3456 -0.7219 0.5995
vn 0.2856 0.6314 0.7210
vn -0.3454 -0.7223 -0.5991
vn -0.2846 -0.5997 0.7479
vn -0.4905 -0.4094 0.7693
vn -0.5610 -0.1249 0.8183
vn -0.7061 -0.1486 0.6924
vn -0.6027 -0.4907 0.6293
vn -0.0053 -0.0290 -0.9996
vn 0.1200 0.1036 -0.9874
vn -0.6969 -0.5593 0.4489
vn 0.5955 0.5328 0.6013
vn 0.4928 0.4442 0.7482
vn 0.2514 0.2315 -0.9398
vn 0.5947 0.5327 -0.6022
vn 0.6758 0.6027 -0.4243
vn 0.3765 0.3436 0.8603
vn -0.6028 -0.4910 -0.6290
vn -0.4908 -0.4097 -0.7690
vn -0.3695 -0.3220 0.8716
vn 0.3772 0.3442 -0.8598
vn 0.7287 0.6485 -0.2198
vn -0.2456 -0.2317 0.9413
vn 0.2510 0.2315 0.9399
vn -0.3694 -0.3220 -0.8717
vn -0.1242 -0.1380 0.9826
vn 0.4926 0.4447 -0.7480
vn 0.7473 0.6644 -0.0002
vn -0.0056 -0.0293 0.9996
vn 0.1194 0.1036 0.9874
vn -0.2450 -0.2317 -0.9414
vn 0.7289 0.6484 0.2196
vn -0.0050 -0.0286 0.9996
vn -0.1242 -0.1380 -0.9826
vn -0.6959 -0.5590 -0.4508
vn 0.6761 0.6024 0.4242
vn -0.7600 -0.6056 -0.2359
vn -0.1490 -0.0437 0.9879
vn -0.1320 0.0002 0.9913
vn -0.2663 0.0003 0.9639
vn -0.2812 -0.0734 0.9568
vn 0.5376 0.1266 0.8337
vn 0.3896 0.0949 0.9161
vn -0.7060 -0.1486 -0.6924
vn -0.5611 -0.1249 -0.8183
vn -0.4182 -0.1000 0.9028
vn 0.2480 0.0611 -0.9668
vn 0.3897 0.0950 -0.9161
vn 0.8301 0.1829 -0.5268
vn 0.9370 0.2025 -0.2847
vn 0.2479 0.0611 0.9669
vn -0.4194 -0.1003 -0.9022
vn 0.5376 0.1266 -0.8336
vn 0.9777 0.2099 -0.0001
vn -0.0189 -0.0104 0.9998
vn 0.1128 0.0256 0.9933
vn -0.2813 -0.0734 -0.9568
vn 0.6888 0.1564 -0.7079
vn 0.9370 0.2026 0.2845
vn -0.0182 -0.0102 0.9998
vn -0.1490 -0.0437 -0.9879
vn -0.8415 -0.1701 -0.5128
vn 0.8299 0.1829 0.5271
vn -0.9433 -0.1860 -0.2750
vn -0.0192 -0.0105 -0.9998
vn -0.9814 -0.1921 -0.0000
vn 0.6886 0.1564 0.7081
vn -0.9430 -0.1861 0.2760
vn 0.1125 0.0254 -0.9933
vn -0.8419 -0.1703 0.5120
vn 0.1301 -0.0002 0.9915
vn 0.1346 0.0034 0.9909
vn 0.0037 0.0002 1.0000
vn 0.4050 -0.0008 -0.9143
vn 0.5530 -0.0012 -0.8332
vn 0.9579 -0.0024 -0.2872
vn 1.0000 -0.0025 -0.0000
vn -0.0017 -0.0000 1.0000
vn 0.2645 -0.0005 0.9644
vn -0.4068 0.0003 -0.9135
vn -0.2663 0.0003 -0.9639
vn 0.7046 -0.0016 -0.7096
vn 0.9578 -0.0024 0.2873
vn -0.1320 0.0002 -0.9913
vn -0.8491 0.0003 -0.5283
vn -0.7060 0.0004 -0.7082
vn 0.8482 -0.0021 0.5296
vn -0.9582 0.0003 -0.2863
vn -1.0000 0.0004 -0.0000
vn 0.7050 -0.0017 0.7092
vn -0.9582 0.0004 0.2862
vn 0.1301 -0.0002 -0.9915
vn -0.8491 0.0004 0.5283
vn 0.5527 -0.0013 0.8334
vn -0.7058 0.0004 0.7085
vn 0.2648 -0.0005 -0.9643
vn 0.8482 -0.0020 -0.5296
vn -0.5542 0.0004 0.8324
vn 0.4050 -0.0009 0.9143
vn -0.5542 0.0003 -0.8324
vn -0.4067 0.0004 0.9135
vn -0.9997 -0.0243 -0.0000
vn -1.0000 -0.0045 -0.0000
vn -0.9159 0.0877 -0.3918
vn -0.9573 -0.0233 -0.2881
vn -0.2618 -0.0063 -0.9651
vn -0.1274 -0.0030 -0.9918
vn -0.8470 -0.0206 -0.5312
vn -0.7025 -0.0171 -0.7115
vn 0.9581 0.0231 0.2855
vn 0.8497 0.0205 0.5269
vn 0.0036 0.0002 -1.0000
vn 0.7073 0.0171 0.7067
vn -0.9573 -0.0233 0.2881
vn 0.1346 0.0034 -0.9909
vn -0.8470 -0.0206 0.5312
vn 0.5562 0.0135 0.8310
vn -0.7026 -0.0171 0.7114
vn 0.2688 0.0066 -0.9632
vn 0.7073 0.0171 -0.7067
vn 0.8497 0.0205 -0.5269
vn -0.5503 -0.0134 0.8349
vn 0.4089 0.0100 0.9125
vn -0.5503 -0.0133 -0.8349
vn -0.4024 -0.0097 0.9154
vn 0.4090 0.0100 -0.9125
vn 0.9581 0.0231 -0.2855
vn -0.2618 -0.0063 0.9651
vn 0.2688 0.0066 0.9632
vn -0.4024 -0.0097 -0.9154
vn -0.1274 -0.0030 0.9918
vn 0.5562 0.0135 -0.8310
vn 0.9997 0.0241 -0.0000
vn 0.0028 0.0001 1.0000
vn -0.6461 0.1990 0.7369
vn -0.4983 -0.0504 0.8655
vn -0.7185 -0.1263 0.6840
vn -0.7818 0.1709 0.5997
vn 0.7683 0.2308 0.5971
vn 0.6321 0.2540 0.7320
vn -0.9161 0.0872 0.3913
vn -0.0056 0.2113 -0.9774
vn 0.1162 0.2185 -0.9689
vn 0.4978 0.2509 0.8302
vn 0.2396 0.2285 -0.9436
vn 0.6321 0.2540 -0.7321
vn 0.7688 0.2303 -0.5966
vn -0.5110 0.2051 0.8347
vn 0.3665 0.2401 0.8989
vn -0.6460 0.1991 -0.7369
vn -0.5110 0.2051 -0.8347
vn -0.3787 0.2052 0.9025
vn 0.3667 0.2401 -0.8988
vn 0.9088 0.1431 -0.3920
vn -0.2508 0.2051 0.9461
vn 0.2396 0.2285 0.9436
vn -0.3788 0.2053 -0.9024
vn -0.1268 0.2069 0.9701
vn 0.4978 0.2509 -0.8302
vn 0.9989 0.0477 -0.0000
vn -0.0052 0.2113 0.9774
vn 0.1162 0.2185 0.9689
vn -0.2508 0.2051 -0.9460
vn 0.9085 0.1436 0.3925
vn -0.1270 0.2069 -0.9701
vn -0.7812 0.1714 -0.6002
vn 0.7190 -0.1294 -0.6829
vn 0.0844 -0.9660 -0.2445
vn 0.0949 -0.9865 -0.1334
vn 0.8871 -0.3050 -0.3463
vn 0.0591 -0.0062 -0.9982
vn 0.1266 -0.0087 -0.9919
vn 0.4993 -0.0511 -0.8649
vn -0.3299 -0.0247 0.9437
vn 0.3304 -0.0250 0.9435
vn 0.2125 -0.0140 0.9771
vn -0.4979 -0.0504 -0.8658
vn -0.3298 -0.0247 -0.9437
vn -0.2123 -0.0139 0.9771
vn 0.2125 -0.0140 -0.9771
vn -0.1264 -0.0086 0.9919
vn 0.1267 -0.0087 0.9919
vn -0.2124 -0.0139 -0.9771
vn -0.0593 -0.0062 0.9982
vn 0.3304 -0.0249 -0.9435
vn 0.9087 -0.4174 0.0001
vn -0.0001 -0.0055 1.0000
vn 0.0591 -0.0062 0.9982
vn -0.1264 -0.0086 -0.9919
vn 0.8869 -0.3055 0.3465
vn 0.0002 -0.0054 1.0000
vn -0.0590 -0.0062 -0.9982
vn -0.7187 -0.1264 -0.6837
vn 0.7191 -0.1295 0.6828
vn -0.8893 -0.2961 -0.3484
vn -0.0003 -0.0055 -1.0000
vn -0.9141 -0.4055 -0.0000
vn 0.4989 -0.0512 0.8652
vn -0.8895 -0.2958 0.3482
vn -0.0449 -0.8857 -0.4622
vn -0.0812 -0.5167 -0.8523
vn -0.0513 -0.4860 -0.8725
vn -0.0298 -0.8666 -0.4980
vn -0.0298 -0.8667 0.4980
vn -0.0449 -0.8857 0.4621
vn 0.0442 -0.8860 0.4616
vn 0.0292 -0.8669 0.4977
vn -0.0595 -0.9107 -0.4088
vn -0.0148 -0.8552 0.5182
vn 0.0442 -0.8860 -0.4616
vn 0.0588 -0.9110 -0.4082
vn 0.1010 -0.9949 -0.0000
vn -0.0002 -0.8515 0.5243
vn 0.0142 -0.8553 0.5180
vn 0.0723 -0.9390 -0.3362
vn 0.0949 -0.9865 0.1334
vn -0.0003 -0.8515 0.5243
vn -0.0148 -0.8551 -0.5182
vn -0.0853 -0.9658 -0.2449
vn -0.0732 -0.9388 -0.3367
vn 0.0844 -0.9660 0.2445
vn -0.0959 -0.9864 -0.1334
vn -0.0004 -0.8515 -0.5243
vn -0.1020 -0.9948 -0.0000
vn 0.0723 -0.9390 0.3362
vn -0.0959 -0.9864 0.1334
vn 0.0142 -0.8553 -0.5180
vn -0.0853 -0.9658 0.2449
vn 0.0588 -0.9110 0.4082
vn -0.0731 -0.9387 0.3368
vn 0.0292 -0.8669 -0.4977
vn -0.0595 -0.9107 0.4088
vn 0.2845 -0.8663 0.4105
vn 0.4686 -0.6155 0.6337
vn 0.3028 -0.4432 0.8437
vn 0.2143 -0.7424 0.6348
vn 0.1159 -0.5669 -0.8156
vn 0.1590 -0.6399 -0.7518
vn 0.3343 -0.9425 -0.0000
vn 0.0244 -0.4696 0.8825
vn -0.0002 -0.4641 0.8858
vn -0.0248 -0.4693 -0.8827
vn -0.2155 -0.7406 -0.6365
vn -0.1598 -0.6382 -0.7531
vn -0.2864 -0.8652 -0.4116
vn -0.0002 -0.4641 -0.8858
vn -0.3368 -0.9416 -0.0000
vn 0.1590 -0.6399 0.7518
vn -0.2864 -0.8652 0.4116
vn 0.0244 -0.4696 -0.8825
vn -0.2155 -0.7406 0.6365
vn 0.1159 -0.5669 0.8156
vn -0.1598 -0.6382 0.7531
vn 0.0509 -0.4866 -0.8721
vn 0.2143 -0.7424 -0.6348
vn -0.1164 -0.5655 0.8165
vn 0.0808 -0.5177 0.8517
vn -0.1164 -0.5656 -0.8164
vn -0.0813 -0.5167 0.8523
vn 0.0808 -0.5177 -0.8517
vn 0.2845 -0.8663 -0.4105
vn -0.0513 -0.4860 0.8724
vn 0.0509 -0.4866 0.8721
vn -0.0248 -0.4693 0.8827
vn -0.0001 -0.2113 -0.9774
vn -0.0000 -0.0690 -0.9976
vn 0.0321 -0.0707 -0.9970
vn 0.0297 -0.2154 -0.9761
vn -0.4712 -0.6115 -0.6356
vn -0.3039 -0.4400 -0.8450
vn -0.0299 -0.2150 -0.9762
vn -0.6332 -0.7740 -0.0000
vn 0.2057 -0.3439 0.9162
vn -0.4712 -0.6115 0.6356
vn -0.3039 -0.4400 0.8450
vn 0.1429 -0.2853 0.9477
vn -0.2061 -0.3414 0.9170
vn 0.0612 -0.2275 -0.9719
vn 0.2056 -0.3439 -0.9162
vn 0.3028 -0.4432 -0.8437
vn -0.1433 -0.2836 0.9482
vn 0.0975 -0.2494 0.9635
vn -0.2061 -0.3414 -0.9170
vn -0.1433 -0.2836 -0.9482
vn -0.0978 -0.2482 0.9638
vn 0.0975 -0.2494 -0.9635
vn 0.4686 -0.6155 -0.6337
vn -0.0615 -0.2268 0.9720
vn 0.0612 -0.2275 0.9719
vn -0.0978 -0.2482 -0.9638
vn -0.0299 -0.2150 0.9762
vn 0.1429 -0.2853 -0.9477
vn 0.6283 -0.7780 -0.0000
vn -0.0001 -0.2113 0.9774
vn 0.0297 -0.2154 0.9761
vn -0.0615 -0.2268 -0.9720
vn 0.1589 -0.0959 0.9826
vn 0.1587 0.1236 0.9796
vn 0.1069 0.1102 0.9881
vn 0.1067 -0.0833 0.9908
vn -0.3714 -0.1407 0.9178
vn -0.6523 -0.1817 0.7358
vn 0.2360 -0.1154 0.9649
vn -0.2365 -0.1126 0.9651
vn 0.0665 -0.0752 -0.9949
vn 0.2359 -0.1154 -0.9649
vn 0.3696 -0.1447 -0.9179
vn -0.1594 -0.0940 0.9827
vn -0.2365 -0.1126 -0.9651
vn -0.1593 -0.0940 -0.9827
vn -0.1070 -0.0819 0.9909
vn 0.1067 -0.0833 -0.9908
vn 0.6494 -0.1881 -0.7368
vn -0.0667 -0.0744 0.9950
vn 0.0665 -0.0752 0.9949
vn -0.1070 -0.0819 -0.9909
vn -0.0322 -0.0703 0.9970
vn 0.1589 -0.0959 -0.9826
vn -0.0001 -0.0690 0.9976
vn 0.0321 -0.0707 0.9970
vn -0.0667 -0.0744 -0.9950
vn 0.6494 -0.1881 0.7368
vn -0.0322 -0.0702 -0.9970
vn -0.3713 -0.1407 -0.9178
vn 0.3696 -0.1447 0.9179
vn -0.6523 -0.1817 -0.7358
vn -0.9755 -0.2198 -0.0000
vn 0.1069 0.1102 -0.9881
vn 0.0938 0.3359 -0.9372
vn 0.1365 0.3806 -0.9146
vn 0.1587 0.1236 -0.9796
vn -0.2341 0.1453 -0.9613
vn -0.1582 0.1253 -0.9794
vn -0.1066 0.1115 0.9880
vn -0.1582 0.1254 0.9794
vn 0.0668 0.1014 -0.9926
vn 0.3673 0.1691 -0.9146
vn 0.6460 0.2061 -0.7350
vn -0.0666 0.1022 0.9925
vn 0.0668 0.1014 0.9926
vn -0.1066 0.1115 -0.9880
vn -0.0322 0.0967 0.9948
vn 0.9699 0.2434 -0.0000
vn 0.0001 0.0947 0.9955
vn 0.0324 0.0963 0.9948
vn -0.0666 0.1022 -0.9925
vn 0.2350 0.1428 -0.9615
vn 0.6460 0.2061 0.7350
vn -0.0323 0.0967 -0.9948
vn -0.3660 0.1729 -0.9144
vn 0.3673 0.1691 0.9146
vn -0.6429 0.2123 -0.7359
vn 0.0001 0.0947 -0.9955
vn -0.9676 0.2525 -0.0000
vn 0.2350 0.1428 0.9615
vn -0.6429 0.2123 0.7359
vn 0.0324 0.0963 -0.9948
vn -0.3660 0.1729 0.9144
vn -0.2341 0.1453 0.9613
vn 0.0288 0.2936 0.9555
vn 0.0258 0.4789 0.8775
vn 0.0002 0.4726 0.8813
vn 0.0001 0.2889 0.9574
vn 0.3977 0.7397 -0.5429
vn 0.4931 0.8700 -0.0000
vn -0.0285 0.2939 0.9554
vn 0.0591 0.3085 0.9494
vn -0.0935 0.3370 -0.9369
vn -0.0588 0.3092 -0.9492
vn 0.1935 0.4521 -0.8707
vn 0.3977 0.7397 0.5429
vn -0.0285 0.2939 -0.9554
vn -0.2749 0.5695 -0.7747
vn -0.1929 0.4541 -0.8698
vn 0.2759 0.5668 0.7763
vn -0.3956 0.7426 -0.5404
vn 0.0002 0.2889 -0.9574
vn -0.4897 0.8719 -0.0000
vn 0.1936 0.4521 0.8707
vn -0.3956 0.7426 0.5404
vn 0.0288 0.2936 -0.9555
vn -0.2749 0.5695 0.7747
vn 0.1365 0.3806 0.9146
vn -0.1929 0.4542 0.8698
vn 0.0591 0.3085 -0.9494
vn 0.2759 0.5668 -0.7763
vn -0.1361 0.3821 0.9140
vn 0.0938 0.3359 0.9372
vn -0.1361 0.3821 -0.9140
vn -0.0935 0.3370 0.9369
vn -0.0588 0.3092 0.9492
vn -0.2907 0.9568 -0.0000
vn -0.1768 0.9842 -0.0000
vn -0.1649 0.9599 -0.2268
vn -0.2605 0.8971 -0.3569
vn -0.0527 0.4995 -0.8647
vn -0.0255 0.4792 -0.8774
vn -0.2079 0.7813 -0.5885
vn -0.1589 0.6739 -0.7215
vn 0.2620 0.8961 0.3583
vn 0.2089 0.7800 0.5898
vn 0.0002 0.4726 -0.8813
vn 0.1597 0.6728 0.7224
vn -0.2606 0.8971 0.3569
vn 0.0258 0.4789 -0.8775
vn -0.2079 0.7813 0.5885
vn 0.1181 0.5916 0.7975
vn -0.1589 0.6740 0.7214
vn 0.0530 0.4990 -0.8650
vn 0.1596 0.6728 -0.7224
vn 0.2089 0.7800 -0.5898
vn -0.1175 0.5927 0.7968
vn 0.0832 0.5353 0.8406
vn -0.1176 0.5926 -0.7968
vn -0.0828 0.5361 0.8401
vn 0.0832 0.5353 -0.8406
vn 0.2620 0.8961 -0.3583
vn -0.0526 0.4995 0.8647
vn 0.0530 0.4990 0.8650
vn -0.0828 0.5361 -0.8401
vn -0.0255 0.4791 0.8774
vn 0.1181 0.5916 -0.7975
vn 0.2925 0.9563 -0.0000
vn -0.1170 0.8374 0.5339
vn -0.0812 0.9262 0.3682
vn -0.0945 0.9592 0.2665
vn -0.1423 0.9033 0.4047
vn 0.1433 0.9029 0.4054
vn 0.1178 0.8369 0.5345
vn -0.1649 0.9599 0.2268
vn 0.0003 0.6690 -0.7433
vn 0.0215 0.6752 -0.7373
vn 0.0920 0.7764 0.6235
vn 0.0437 0.6947 -0.7180
vn 0.1178 0.8369 -0.5345
vn 0.1433 0.9029 -0.4054
vn -0.0913 0.7769 0.6229
vn 0.0672 0.7284 0.6819
vn -0.1170 0.8373 -0.5341
vn -0.0913 0.7769 -0.6230
vn -0.0666 0.7288 0.6815
vn 0.0672 0.7284 -0.6818
vn 0.1660 0.9596 -0.2274
vn -0.0432 0.6950 0.7177
vn 0.0437 0.6947 0.7180
vn -0.0666 0.7289 -0.6814
vn -0.0210 0.6753 0.7372
vn 0.0920 0.7764 -0.6235
vn 0.1779 0.9840 -0.0000
vn 0.0002 0.6690 0.7433
vn 0.0215 0.6752 0.7373
vn -0.0432 0.6950 -0.7177
vn 0.1660 0.9596 0.2274
vn 0.0003 0.6690 0.7433
vn -0.0210 0.6754 -0.7372
vn -0.1423 0.9033 -0.4047
vn 0.0953 0.9591 -0.2667
vn 0.0645 0.9812 -0.1818
vn 0.0710 0.9928 -0.0966
vn 0.1058 0.9841 -0.1430
vn 0.0168 0.8241 -0.5661
vn 0.0335 0.8383 -0.5442
vn 0.0820 0.9260 -0.3684
vn -0.0660 0.8919 0.4475
vn 0.0667 0.8916 0.4478
vn 0.0503 0.8613 0.5056
vn -0.0812 0.9261 -0.3684
vn -0.0660 0.8918 -0.4475
vn -0.0496 0.8615 0.5054
vn 0.0503 0.8613 -0.5056
vn -0.0329 0.8383 0.5441
vn 0.0335 0.8382 0.5443
vn -0.0497 0.8615 -0.5053
vn -0.0162 0.8242 0.5660
vn 0.0667 0.8916 -0.4478
vn 0.1109 0.9938 -0.0000
vn 0.0001 0.8196 0.5730
vn 0.0168 0.8242 0.5661
vn -0.0329 0.8384 -0.5441
vn 0.1058 0.9841 0.1430
vn 0.0004 0.8196 0.5730
vn -0.0162 0.8243 -0.5660
vn -0.0945 0.9592 -0.2665
vn 0.0953 0.9590 0.2667
vn -0.1049 0.9842 -0.1429
vn 0.0003 0.8196 -0.5730
vn -0.1101 0.9939 -0.0000
vn 0.0820 0.9261 0.3684
vn -0.1049 0.9842 0.1429
vn -0.0352 0.9318 -0.3614
vn -0.0130 0.9880 -0.1537
vn -0.0081 0.9860 -0.1665
vn -0.0236 0.9188 -0.3939
vn -0.0234 0.9188 0.3940
vn -0.0351 0.9317 0.3615
vn 0.0358 0.9316 0.3617
vn 0.0241 0.9188 0.3940
vn -0.0460 0.9479 -0.3151
vn -0.0115 0.9108 0.4128
vn 0.0359 0.9317 -0.3616
vn 0.0467 0.9479 -0.3152
vn 0.0743 0.9972 -0.0000
vn 0.0002 0.9081 0.4188
vn 0.0122 0.9107 0.4128
vn 0.0564 0.9653 -0.2549
vn 0.0710 0.9928 0.0966
vn 0.0003 0.9081 0.4188
vn -0.0116 0.9108 -0.4127
vn -0.0638 0.9813 -0.1816
vn -0.0556 0.9653 -0.2550
vn 0.0645 0.9812 0.1818
vn -0.0702 0.9928 -0.0966
vn 0.0004 0.9081 -0.4188
vn -0.0736 0.9973 -0.0000
vn 0.0565 0.9653 0.2549
vn -0.0702 0.9928 0.0966
vn 0.0121 0.9107 -0.4129
vn -0.0638 0.9813 0.1816
vn 0.0467 0.9479 0.3152
vn -0.0557 0.9654 0.2547
vn 0.0241 0.9188 -0.3940
vn -0.0460 0.9480 0.3151
vn 0.0184 0.9906 -0.1352
vn 0.0223 0.9936 -0.1109
vn 0.0341 0.9994 0.0001
vn 0.0306 0.9984 0.0466
vn 0.0045 0.9848 0.1735
vn 0.0002 0.9845 0.1752
vn -0.0037 0.9848 -0.1734
vn -0.0255 0.9963 -0.0817
vn -0.0220 0.9936 -0.1112
vn 0.0261 0.9963 0.0817
vn -0.0299 0.9985 -0.0467
vn -0.0000 0.9845 -0.1754
vn -0.0332 0.9994 -0.0001
vn 0.0225 0.9936 0.1109
vn -0.0298 0.9985 0.0466
vn 0.0044 0.9848 -0.1736
vn -0.0254 0.9963 0.0817
vn 0.0185 0.9907 0.1351
vn -0.0213 0.9936 0.1110
vn 0.0094 0.9860 -0.1668
vn 0.0260 0.9963 -0.0818
vn -0.0174 0.9907 0.1351
vn 0.0134 0.9880 0.1537
vn -0.0176 0.9907 -0.1349
vn -0.0139 0.9880 0.1539
vn 0.0145 0.9880 -0.1538
vn 0.0307 0.9984 -0.0466
vn -0.0083 0.9860 0.1666
vn 0.0096 0.9860 0.1666
vn -0.0034 0.9848 0.1735
vn 0.0009 0.9845 0.1752
vn -0.1264 -0.2434 0.9617
vn 0.1277 -0.2422 0.9618
vn 0.0006 -0.2402 0.9707
vn -0.2561 -0.2514 0.9334
vn 0.2576 -0.2489 0.9336
vn -0.3906 -0.2644 0.8818
vn 0.3922 -0.2607 0.8821
vn -0.5302 -0.2825 0.7994
vn 0.5322 -0.2775 0.7999
vn -0.6711 -0.3045 0.6760
vn 0.6734 -0.2982 0.6765
vn -0.8014 -0.3276 0.5004
vn 0.8042 -0.3201 0.5008
vn -0.8986 -0.3463 0.2694
vn 0.9016 -0.3379 0.2699
vn -0.9354 -0.3536 -0.0001
vn 0.9386 -0.3449 0.0001
vn -0.8986 -0.3463 -0.2694
vn 0.9017 -0.3379 -0.2699
vn -0.8014 -0.3276 -0.5004
vn 0.8042 -0.3202 -0.5008
vn -0.6710 -0.3045 -0.6761
vn 0.6735 -0.2982 -0.6764
vn -0.5302 -0.2825 -0.7994
vn 0.5323 -0.2775 -0.7998
vn -0.3905 -0.2644 -0.8818
vn 0.3923 -0.2608 -0.8821
vn -0.2560 -0.2514 -0.9334
vn 0.2576 -0.2489 -0.9336
vn -0.1263 -0.2434 -0.9617
vn 0.1278 -0.2422 -0.9618
vn 0.0007 -0.2403 -0.9707
vn -0.1265 -0.2433 0.9617
vn 0.1276 -0.2422 0.9618
vn 0.0005 -0.2402 0.9707
vn 0.2574 -0.2490 0.9337
vn -0.2563 -0.2514 0.9333
vn 0.3921 -0.2608 0.8822
vn -0.3908 -0.2644 0.8817
vn 0.5320 -0.2775 0.8000
vn -0.5304 -0.2825 0.7993
vn 0.6733 -0.2982 0.6766
vn -0.6712 -0.3045 0.6758
vn 0.8041 -0.3202 0.5009
vn -0.8015 -0.3276 0.5003
vn 0.9016 -0.3380 0.2698
vn -0.8987 -0.3462 0.2693
vn 0.9386 -0.3450 0.0001
vn -0.9354 -0.3535 -0.0001
vn 0.9017 -0.3380 -0.2696
vn -0.8987 -0.3462 -0.2694
vn 0.8041 -0.3202 -0.5009
vn -0.8015 -0.3276 -0.5003
vn 0.6734 -0.2983 -0.6765
vn -0.6711 -0.3045 -0.6759
vn 0.5321 -0.2775 -0.7999
vn -0.5303 -0.2824 -0.7994
vn 0.3922 -0.2608 -0.8821
vn -0.3907 -0.2644 -0.8817
vn 0.2575 -0.2490 -0.9337
vn -0.2562 -0.2514 -0.9334
vn 0.1277 -0.2422 -0.9618
vn -0.1265 -0.2434 -0.9617
vn 0.0006 -0.2403 -0.9707
vn 0.0044 0.9849 0.1733
vn -0.0037 0.9848 0.1734
vn 0.0003 0.9845 0.1751
vn -0.0082 0.9860 0.1665
vn 0.0090 0.9860 0.1666
vn -0.0129 0.9880 0.1537
vn 0.0137 0.9880 0.1536
vn -0.0174 0.9907 0.1349
vn 0.0183 0.9907 0.1350
vn -0.0216 0.9936 0.1109
vn 0.0223 0.9936 0.1108
vn -0.0253 0.9963 0.0817
vn 0.0262 0.9963 0.0816
vn -0.0299 0.9985 0.0466
vn 0.0307 0.9984 0.0467
vn -0.0332 0.9994 -0.0000
vn 0.0339 0.9994 -0.0000
vn -0.0299 0.9985 -0.0466
vn 0.0307 0.9984 -0.0467
vn -0.0255 0.9963 -0.0818
vn 0.0263 0.9963 -0.0817
vn -0.0217 0.9936 -0.1112
vn 0.0223 0.9936 -0.1108
vn -0.0175 0.9907 -0.1348
vn 0.0183 0.9907 -0.1351
vn -0.0130 0.9880 -0.1536
vn 0.0138 0.9880 -0.1537
vn -0.0083 0.9860 -0.1664
vn 0.0090 0.9860 -0.1666
vn 0.0042 0.9848 -0.1734
vn 0.0005 0.9845 -0.1752
vt 1.000000 0.500000
vt 1.000000 0.000000
vt 0.968750 0.000000
vt 0.968750 0.500000
vt 0.937500 0.000000
vt 0.937500 0.500000
vt 0.906250 0.000000
vt 0.906250 0.500000
vt 0.875000 0.000000
vt 0.875000 0.500000
vt 0.843750 0.000000
vt 0.843750 0.500000
vt 0.812500 0.000000
vt 0.812500 0.500000
vt 0.781250 0.000000
vt 0.781250 0.500000
vt 0.750000 0.000000
vt 0.750000 0.500000
vt 0.718750 0.000000
vt 0.718750 0.500000
vt 0.687500 0.000000
vt 0.687500 0.500000
vt 0.656250 0.000000
vt 0.656250 0.500000
vt 0.625000 0.000000
vt 0.625000 0.500000
vt 0.593750 0.000000
vt 0.593750 0.500000
vt 0.562500 0.000000
vt 0.562500 0.500000
vt 0.531250 0.000000
vt 0.531250 0.500000
vt 0.500000 0.000000
vt 0.500000 0.500000
vt 0.468750 0.000000
vt 0.468750 0.500000
vt 0.437500 0.000000
vt 0.437500 0.500000
vt 0.406250 0.000000
vt 0.406250 0.500000
vt 0.375000 0.000000
vt 0.375000 0.500000
vt 0.343750 0.000000
vt 0.343750 0.500000
vt 0.312500 0.000000
vt 0.312500 0.500000
vt 0.281250 0.000000
vt 0.281250 0.500000
vt 0.250000 0.000000
vt 0.250000 0.500000
vt 0.218750 0.000000
vt 0.218750 0.500000
vt 0.187500 0.000000
vt 0.187500 0.500000
vt 0.156250 0.000000
vt 0.156250 0.500000
vt 0.125000 0.000000
vt 0.125000 0.500000
vt 0.093750 0.000000
vt 0.093750 0.500000
vt 0.062500 0.000000
vt 0.062500 0.500000
vt 0.031250 0.000000
vt 0.031250 0.500000
vt 0.000000 0.000000
vt 0.000000 0.500000
vt 0.203179 0.514611
vt 0.296822 0.514612
vt 0.250000 0.510000
vt 0.158156 0.528269
vt 0.341844 0.528269
vt 0.116663 0.550447
vt 0.383337 0.550447
vt 0.080295 0.580294
vt 0.419706 0.580294
vt 0.050447 0.616663
vt 0.449553 0.616663
vt 0.028269 0.658156
vt 0.471731 0.658156
vt 0.014612 0.703178
vt 0.485388 0.703178
vt 0.010000 0.750000
vt 0.490000 0.750000
vt 0.014611 0.796821
vt 0.485388 0.796822
vt 0.028269 0.841844
vt 0.471731 0.841844
vt 0.050447 0.883337
vt 0.449553 0.883337
vt 0.080294 0.919706
vt 0.419706 0.919706
vt 0.116663 0.949553
vt 0.383337 0.949553
vt 0.158156 0.971731
vt 0.341844 0.971731
vt 0.203178 0.985388
vt 0.296822 0.985388
vt 0.250000 0.990000
vt 0.796822 0.514612
vt 0.703179 0.514611
vt 0.750000 0.510000
vt 0.658156 0.528269
vt 0.841844 0.528269
vt 0.616663 0.550447
vt 0.883337 0.550447
vt 0.580295 0.580294
vt 0.919706 0.580294
vt 0.550447 0.616663
vt 0.949553 0.616663
vt 0.528269 0.658156
vt 0.971731 0.658156
vt 0.514612 0.703178
vt 0.985388 0.703178
vt 0.510000 0.750000
vt 0.990000 0.750000
vt 0.514611 0.796821
vt 0.985388 0.796822
vt 0.528269 0.841844
vt 0.971731 0.841844
vt 0.550447 0.883337
vt 0.949553 0.883337
vt 0.580294 0.919706
vt 0.919706 0.919706
vt 0.616663 0.949553
vt 0.883337 0.949553
vt 0.658156 0.971731
vt 0.841844 0.971731
vt 0.703178 0.985388
vt 0.796822 0.985388
vt 0.750000 0.990000
vt 0.000000 1.000000
s 1
g off
g Object_49.004_hk_banco_lampara.001
usemtl hk_banco_lampara.001
f 1/1/1 2/2/1 3/3/2
f 1/1/1 3/3/2 4/4/2
f 4/4/2 3/3/2 5/5/3
f 4/4/2 5/5/3 6/6/3
f 6/6/3 5/5/3 7/7/4
f 6/6/3 7/7/4 8/8/4
f 8/8/4 7/7/4 9/9/5
f 8/8/4 9/9/5 10/10/5
f 10/10/5 9/9/5 11/11/6
f 10/10/5 11/11/6 12/12/6
f 12/12/6 11/11/6 13/13/7
f 12/12/6 13/13/7 14/14/7
f 14/14/7 13/13/7 15/15/8
f 14/14/7 15/15/8 16/16/8
f 16/16/8 15/15/8 17/17/9
f 16/16/8 17/17/9 18/18/9
f 18/18/9 17/17/9 19/19/10
f 18/18/9 19/19/10 20/20/10
f 20/20/10 19/19/10 21/21/11
f 20/20/10 21/21/11 22/22/11
f 22/22/11 21/21/11 23/23/12
f 22/22/11 23/23/12 24/24/12
f 24/24/12 23/23/12 25/25/13
f 24/24/12 25/25/13 26/26/13
f 26/26/13 25/25/13 27/27/14
f 26/26/13 27/27/14 28/28/14
f 28/28/14 27/27/14 29/29/15
f 28/28/14 29/29/15 30/30/15
f 30/30/15 29/29/15 31/31/16
f 30/30/15 31/31/16 32/32/16
f 32/32/16 31/31/16 33/33/17
f 32/32/16 33/33/17 34/34/17
f 34/34/17 33/33/17 35/35/18
f 34/34/17 35/35/18 36/36/18
f 36/36/18 35/35/18 37/37/19
f 36/36/18 37/37/19 38/38/19
f 38/38/19 37/37/19 39/39/20
f 38/38/19 39/39/20 40/40/20
f 40/40/20 39/39/20 41/41/21
f 40/40/20 41/41/21 42/42/21
f 42/42/21 41/41/21 43/43/22
f 42/42/21 43/43/22 44/44/22
f 44/44/22 43/43/22 45/45/23
f 44/44/22 45/45/23 46/46/23
f 46/46/23 45/45/23 47/47/24
f 46/46/23 47/47/24 48/48/24
f 48/48/24 47/47/24 49/49/25
f 48/48/24 49/49/25 50/50/25
f 50/50/25 49/49/25 51/51/26
f 50/50/25 51/51/26 52/52/26
f 52/52/26 51/51/26 53/53/27
f 52/52/26 53/53/27 54/54/27
f 54/54/27 53/53/27 55/55/28
f 54/54/27 55/55/28 56/56/28
f 56/56/28 55/55/28 57/57/29
f 56/56/28 57/57/29 58/58/29
f 58/58/29 57/57/29 59/59/30
f 58/58/29 59/59/30 60/60/30
f 60/60/30 59/59/30 61/61/31
f 60/60/30 61/61/31 62/62/31
f 7/7/4 5/5/3 63/5/3
f 7/7/4 63/5/3 64/7/4
f 62/62/31 61/61/31 65/63/32
f 62/62/31 65/63/32 66/64/32
f 66/64/32 65/63/32 67/65/33
f 66/64/32 67/65/33 68/66/33
f 16/16/8 18/18/9 69/18/34
f 16/16/8 69/18/34 70/16/35
f 71/15/8 72/13/7 73/13/7
f 71/15/8 73/13/7 74/15/8
f 25/25/13 23/23/12 75/23/12
f 25/25/13 75/23/12 76/25/13
f 43/43/22 41/41/21 77/41/21
f 43/43/22 77/41/21 78/43/22
f 61/61/31 59/59/30 79/59/30
f 61/61/31 79/59/30 80/61/31
f 17/17/9 15/15/8 71/15/8
f 17/17/9 71/15/8 81/17/9
f 35/35/18 33/33/17 82/33/17
f 35/35/18 82/33/17 83/35/18
f 53/53/27 51/51/26 84/51/26
f 53/53/27 84/51/26 85/53/27
f 9/9/5 7/7/4 64/7/4
f 9/9/5 64/7/4 86/9/5
f 27/27/14 25/25/13 76/25/13
f 27/27/14 76/25/13 87/27/14
f 45/45/23 43/43/22 78/43/22
f 45/45/23 78/43/22 88/45/23
f 65/63/32 61/61/31 80/61/31
f 65/63/32 80/61/31 89/63/32
f 19/19/10 17/17/9 81/17/9
f 19/19/10 81/17/9 90/19/10
f 37/37/19 35/35/18 83/35/18
f 37/37/19 83/35/18 91/37/19
f 55/55/28 53/53/27 85/53/27
f 55/55/28 85/53/27 92/55/28
f 11/11/6 9/9/5 86/9/5
f 11/11/6 86/9/5 93/11/6
f 29/29/15 27/27/14 87/27/14
f 29/29/15 87/27/14 94/29/15
f 47/47/24 45/45/23 88/45/23
f 47/47/24 88/45/23 95/47/24
f 3/3/2 2/2/1 96/2/1
f 3/3/2 96/2/1 97/3/2
f 67/65/33 65/63/32 89/63/32
f 67/65/33 89/63/32 98/65/33
f 21/21/11 19/19/10 90/19/10
f 21/21/11 90/19/10 99/21/11
f 39/39/20 37/37/19 91/37/19
f 39/39/20 91/37/19 100/39/20
f 57/57/29 55/55/28 92/55/28
f 57/57/29 92/55/28 101/57/29
f 13/13/7 11/11/6 93/11/6
f 13/13/7 93/11/6 72/13/7
f 31/31/16 29/29/15 94/29/15
f 31/31/16 94/29/15 102/31/16
f 49/49/25 47/47/24 95/47/24
f 49/49/25 95/47/24 103/49/25
f 5/5/3 3/3/2 97/3/2
f 5/5/3 97/3/2 63/5/3
f 23/23/12 21/21/11 99/21/11
f 23/23/12 99/21/11 75/23/12
f 41/41/21 39/39/20 100/39/20
f 41/41/21 100/39/20 77/41/21
f 59/59/30 57/57/29 101/57/29
f 59/59/30 101/57/29 79/59/30
f 15/15/8 13/13/7 72/13/7
f 15/15/8 72/13/7 71/15/8
f 33/33/17 31/31/16 102/31/16
f 33/33/17 102/31/16 82/33/17
f 51/51/26 49/49/25 103/49/25
f 51/51/26 103/49/25 84/51/26
f 104/21/11 105/19/10 106/19/36
f 104/21/11 106/19/36 107/21/37
f 78/43/22 77/41/21 108/41/21
f 78/43/22 108/41/21 109/43/22
f 81/17/9 71/15/8 74/15/8
f 81/17/9 74/15/8 110/17/9
f 88/45/23 78/43/22 109/43/22
f 88/45/23 109/43/22 111/45/23
f 90/19/10 81/17/9 110/17/9
f 90/19/10 110/17/9 105/19/10
f 95/47/24 88/45/23 111/45/23
f 95/47/24 111/45/23 112/47/24
f 99/21/11 90/19/10 105/19/10
f 99/21/11 105/19/10 104/21/11
f 103/49/25 95/47/24 112/47/24
f 103/49/25 112/47/24 113/49/25
f 75/23/12 99/21/11 104/21/11
f 75/23/12 104/21/11 114/23/12
f 84/51/26 103/49/25 113/49/25
f 84/51/26 113/49/25 115/51/26
f 76/25/13 75/23/12 114/23/12
f 76/25/13 114/23/12 116/25/13
f 85/53/27 84/51/26 115/51/26
f 85/53/27 115/51/26 117/53/27
f 87/27/14 76/25/13 116/25/13
f 87/27/14 116/25/13 118/27/14
f 92/55/28 85/53/27 117/53/27
f 92/55/28 117/53/27 119/55/28
f 94/29/15 87/27/14 118/27/14
f 94/29/15 118/27/14 120/29/15
f 97/3/2 96/2/1 121/2/1
f 97/3/2 121/2/1 122/3/2
f 101/57/29 92/55/28 119/55/28
f 101/57/29 119/55/28 123/57/29
f 102/31/16 94/29/15 120/29/15
f 102/31/16 120/29/15 124/31/16
f 63/5/3 97/3/2 122/3/2
f 63/5/3 122/3/2 125/5/3
f 79/59/30 101/57/29 123/57/29
f 79/59/30 123/57/29 126/59/30
f 82/33/17 102/31/16 124/31/16
f 82/33/17 124/31/16 127/33/17
f 64/7/4 63/5/3 125/5/3
f 64/7/4 125/5/3 128/7/4
f 80/61/31 79/59/30 126/59/30
f 80/61/31 126/59/30 129/61/31
f 83/35/18 82/33/17 127/33/17
f 83/35/18 127/33/17 130/35/18
f 86/9/5 64/7/4 128/7/4
f 86/9/5 128/7/4 131/9/5
f 89/63/32 80/61/31 129/61/31
f 89/63/32 129/61/31 132/63/32
f 91/37/19 83/35/18 130/35/18
f 91/37/19 130/35/18 133/37/19
f 93/11/6 86/9/5 131/9/5
f 93/11/6 131/9/5 134/11/6
f 98/65/33 89/63/32 132/63/32
f 98/65/33 132/63/32 135/65/33
f 100/39/20 91/37/19 133/37/19
f 100/39/20 133/37/19 136/39/20
f 72/13/7 93/11/6 134/11/6
f 72/13/7 134/11/6 73/13/7
f 77/41/21 100/39/20 136/39/20
f 77/41/21 136/39/20 108/41/21
s 2
f 137/27/38 138/25/39 139/25/40
f 137/27/38 139/25/40 140/27/41
s 1
f 113/49/25 112/47/24 141/47/42
f 113/49/25 141/47/42 142/49/43
f 114/23/12 104/21/11 107/21/37
f 114/23/12 107/21/37 143/23/44
f 115/51/26 113/49/25 142/49/43
f 115/51/26 142/49/43 144/51/45
f 116/25/13 114/23/12 143/23/44
f 116/25/13 143/23/44 138/25/46
f 117/53/27 115/51/26 144/51/45
f 117/53/27 144/51/45 145/53/47
f 118/27/14 116/25/13 138/25/46
f 118/27/14 138/25/46 137/27/38
f 119/55/28 117/53/27 145/53/47
f 119/55/28 145/53/47 146/55/48
f 120/29/15 118/27/14 137/27/38
f 120/29/15 137/27/38 147/29/49
f 122/3/2 121/2/1 148/2/50
f 122/3/2 148/2/50 149/3/51
f 123/57/29 119/55/28 146/55/48
f 123/57/29 146/55/48 150/57/52
f 124/31/16 120/29/15 147/29/49
f 124/31/16 147/29/49 151/31/53
f 125/5/3 122/3/2 149/3/51
f 125/5/3 149/3/51 152/5/54
f 126/59/30 123/57/29 150/57/52
f 126/59/30 150/57/52 153/59/55
f 127/33/17 124/31/16 151/31/53
f 127/33/17 151/31/53 154/33/56
f 128/7/4 125/5/3 152/5/54
f 128/7/4 152/5/54 155/7/57
f 129/61/31 126/59/30 153/59/55
f 129/61/31 153/59/55 156/61/58
f 130/35/18 127/33/17 154/33/56
f 130/35/18 154/33/56 157/35/59
f 131/9/5 128/7/4 155/7/57
f 131/9/5 155/7/57 158/9/60
f 132/63/32 129/61/31 156/61/58
f 132/63/32 156/61/58 159/63/61
f 133/37/19 130/35/18 157/35/59
f 133/37/19 157/35/59 160/37/62
f 134/11/6 131/9/5 158/9/60
f 134/11/6 158/9/60 161/11/63
f 135/65/33 132/63/32 159/63/61
f 135/65/33 159/63/61 162/65/64
f 136/39/20 133/37/19 160/37/62
f 136/39/20 160/37/62 163/39/65
f 73/13/7 134/11/6 161/11/63
f 73/13/7 161/11/63 164/13/66
f 108/41/21 136/39/20 163/39/65
f 108/41/21 163/39/65 165/41/67
f 74/15/8 73/13/7 164/13/66
f 74/15/8 164/13/66 166/15/68
f 109/43/22 108/41/21 165/41/67
f 109/43/22 165/41/67 167/43/69
f 110/17/9 74/15/8 166/15/68
f 110/17/9 166/15/68 168/17/70
f 111/45/23 109/43/22 167/43/69
f 111/45/23 167/43/69 169/45/71
f 105/19/10 110/17/9 168/17/70
f 105/19/10 168/17/70 106/19/36
f 112/47/24 111/45/23 169/45/71
f 112/47/24 169/45/71 141/47/42
s 2
f 147/29/72 137/27/38 140/27/41
s 1
f 643/17/73 213/17/74 645/19/75
s 2
f 158/9/76 155/7/77 170/7/78
f 158/9/76 170/7/78 171/9/79
f 161/11/80 158/9/76 171/9/79
f 161/11/80 171/9/79 172/11/81
f 164/13/82 161/11/80 172/11/81
f 164/13/82 172/11/81 173/13/83
f 166/15/84 164/13/82 173/13/83
f 166/15/84 173/13/83 174/15/85
f 168/17/86 166/15/84 174/15/85
f 168/17/86 174/15/85 175/17/87
f 106/19/88 168/17/86 175/17/87
f 106/19/88 175/17/87 176/19/89
f 107/21/90 106/19/88 176/19/89
f 107/21/90 176/19/89 177/21/91
f 143/23/92 107/21/90 177/21/91
f 143/23/92 177/21/91 178/23/93
f 138/25/39 143/23/92 178/23/93
f 138/25/39 178/23/93 139/25/40
s 1
f 181/13/94 182/11/95 183/11/96
f 181/13/94 183/11/96 184/13/97
f 212/19/98 213/17/74 214/17/99
f 212/19/98 214/17/99 215/19/100
f 194/15/101 181/13/94 184/13/97
f 194/15/101 184/13/97 218/15/102
f 195/43/103 217/41/104 219/43/105
f 196/45/106 195/43/103 219/43/105
f 196/45/106 219/43/105 220/45/107
f 197/19/108 213/17/74 212/19/98
f 198/47/109 196/45/106 220/45/107
f 198/47/109 220/45/107 221/47/110
f 199/21/111 197/19/108 212/19/98
f 199/21/111 212/19/98 222/21/112
f 200/49/113 198/47/109 221/47/110
f 200/49/113 221/47/110 223/49/114
f 201/23/115 199/21/111 222/21/112
f 201/23/115 222/21/112 224/23/116
f 202/51/117 200/49/113 223/49/114
f 202/51/117 223/49/114 225/51/118
f 203/25/119 201/23/115 224/23/116
f 203/25/119 224/23/116 226/25/120
f 204/53/121 202/51/117 225/51/118
f 204/53/121 225/51/118 227/53/122
f 205/27/123 203/25/119 226/25/120
f 205/27/123 226/25/120 228/27/124
f 206/55/125 204/53/121 227/53/122
f 206/55/125 227/53/122 229/55/126
f 207/29/127 205/27/123 228/27/124
f 207/29/127 228/27/124 230/29/128
f 209/3/129 208/2/130 231/2/131
f 209/3/129 231/2/131 232/3/132
f 210/57/133 206/55/125 229/55/126
f 210/57/133 229/55/126 233/57/134
f 211/31/135 207/29/127 230/29/128
f 211/31/135 230/29/128 234/31/136
f 179/5/137 209/3/129 232/3/132
f 179/5/137 232/3/132 235/5/138
f 185/59/139 210/57/133 233/57/134
f 185/59/139 233/57/134 236/59/140
f 187/33/141 211/31/135 234/31/136
f 187/33/141 234/31/136 237/33/142
f 180/7/143 179/5/137 235/5/138
f 180/7/143 235/5/138 238/7/144
f 186/61/145 185/59/139 236/59/140
f 186/61/145 236/59/140 239/61/146
f 188/35/147 187/33/141 237/33/142
f 188/35/147 237/33/142 240/35/148
f 189/9/149 180/7/143 238/7/144
f 189/9/149 238/7/144 241/9/150
f 190/63/151 186/61/145 239/61/146
f 190/63/151 239/61/146 242/63/152
f 191/37/153 188/35/147 240/35/148
f 191/37/153 240/35/148 243/37/154
f 182/11/95 189/9/149 241/9/150
f 182/11/95 241/9/150 183/11/96
f 192/65/155 190/63/151 242/63/152
f 192/65/155 242/63/152 244/65/156
f 193/39/157 191/37/153 243/37/154
f 193/39/157 243/37/154 216/39/158
f 214/17/99 245/15/159 246/15/159
f 214/17/99 246/15/159 247/17/160
f 221/47/110 220/45/107 248/45/161
f 221/47/110 248/45/161 249/47/162
f 222/21/112 212/19/98 215/19/100
f 222/21/112 215/19/100 250/21/163
f 223/49/114 221/47/110 249/47/162
f 223/49/114 249/47/162 251/49/164
f 224/23/116 222/21/112 250/21/163
f 224/23/116 250/21/163 252/23/165
f 225/51/118 223/49/114 251/49/164
f 225/51/118 251/49/164 253/51/166
f 226/25/120 224/23/116 252/23/165
f 226/25/120 252/23/165 254/25/167
f 227/53/122 225/51/118 253/51/166
f 227/53/122 253/51/166 255/53/168
f 228/27/124 226/25/120 254/25/167
f 228/27/124 254/25/167 256/27/169
f 229/55/126 227/53/122 255/53/168
f 229/55/126 255/53/168 257/55/170
f 230/29/128 228/27/124 256/27/169
f 230/29/128 256/27/169 258/29/171
f 232/3/132 231/2/131 259/2/33
f 232/3/132 259/2/33 260/3/172
f 233/57/134 229/55/126 257/55/170
f 233/57/134 257/55/170 261/57/173
f 234/31/136 230/29/128 258/29/171
f 234/31/136 258/29/171 262/31/174
f 235/5/138 232/3/132 260/3/172
f 235/5/138 260/3/172 263/5/175
f 236/59/140 233/57/134 261/57/173
f 236/59/140 261/57/173 264/59/176
f 237/33/142 234/31/136 262/31/174
f 237/33/142 262/31/174 265/33/17
f 238/7/144 235/5/138 263/5/175
f 238/7/144 263/5/175 266/7/177
f 239/61/146 236/59/140 264/59/176
f 239/61/146 264/59/176 267/61/178
f 240/35/148 237/33/142 265/33/17
f 240/35/148 265/33/17 268/35/179
f 241/9/150 238/7/144 266/7/177
f 241/9/150 266/7/177 269/9/180
f 242/63/152 239/61/146 267/61/178
f 242/63/152 267/61/178 270/63/181
f 243/37/154 240/35/148 268/35/179
f 243/37/154 268/35/179 271/37/182
f 183/11/96 241/9/150 269/9/180
f 183/11/96 269/9/180 272/11/183
f 244/65/156 242/63/152 270/63/181
f 244/65/156 270/63/181 273/65/1
f 216/39/158 243/37/154 271/37/182
f 216/39/158 271/37/182 274/39/184
f 184/13/97 183/11/96 272/11/183
f 184/13/97 272/11/183 275/13/185
f 217/41/104 216/39/158 274/39/184
f 217/41/104 274/39/184 276/41/186
f 218/15/102 184/13/97 275/13/185
f 218/15/102 275/13/185 245/15/159
f 219/43/105 217/41/104 276/41/186
f 219/43/105 276/41/186 277/43/187
f 213/17/74 218/15/102 245/15/159
f 213/17/74 245/15/159 214/17/99
f 220/45/107 219/43/105 277/43/187
f 220/45/107 277/43/187 248/45/161
f 278/23/165 279/21/163 280/21/163
f 278/23/165 280/21/163 281/23/165
f 248/45/161 277/43/187 282/43/187
f 248/45/161 282/43/187 283/45/161
f 215/19/100 214/17/99 247/17/160
f 215/19/100 247/17/160 284/19/100
f 249/47/162 248/45/161 283/45/161
f 249/47/162 283/45/161 285/47/188
f 250/21/163 215/19/100 284/19/100
f 250/21/163 284/19/100 279/21/163
f 260/3/172 259/2/33 286/2/33
f 260/3/172 286/2/33 287/3/172
f 251/49/164 249/47/162 285/47/188
f 251/49/164 285/47/188 288/49/189
f 252/23/165 250/21/163 279/21/163
f 252/23/165 279/21/163 278/23/165
f 263/5/175 260/3/172 287/3/172
f 263/5/175 287/3/172 289/5/175
f 253/51/166 251/49/164 288/49/189
f 253/51/166 288/49/189 290/51/190
f 254/25/167 252/23/165 278/23/165
f 254/25/167 278/23/165 291/25/191
f 266/7/177 263/5/175 289/5/175
f 266/7/177 289/5/175 292/7/177
f 255/53/168 253/51/166 290/51/190
f 255/53/168 290/51/190 293/53/168
f 256/27/169 254/25/167 291/25/191
f 256/27/169 291/25/191 294/27/169
f 269/9/180 266/7/177 292/7/177
f 269/9/180 292/7/177 295/9/192
f 257/55/170 255/53/168 293/53/168
f 257/55/170 293/53/168 296/55/170
f 258/29/171 256/27/169 294/27/169
f 258/29/171 294/27/169 297/29/171
f 272/11/183 269/9/180 295/9/192
f 272/11/183 295/9/192 298/11/183
f 261/57/173 257/55/170 296/55/170
f 261/57/173 296/55/170 299/57/173
f 262/31/174 258/29/171 297/29/171
f 262/31/174 297/29/171 300/31/174
f 275/13/185 272/11/183 298/11/183
f 275/13/185 298/11/183 301/13/185
f 264/59/176 261/57/173 299/57/173
f 264/59/176 299/57/173 302/59/176
f 265/33/17 262/31/174 300/31/174
f 265/33/17 300/31/174 303/33/17
f 267/61/178 264/59/176 302/59/176
f 267/61/178 302/59/176 304/61/178
f 268/35/179 265/33/17 303/33/17
f 268/35/179 303/33/17 305/35/179
f 270/63/181 267/61/178 304/61/178
f 270/63/181 304/61/178 306/63/181
f 271/37/182 268/35/179 305/35/179
f 271/37/182 305/35/179 307/37/182
f 273/65/1 270/63/181 306/63/181
f 273/65/1 306/63/181 308/65/193
f 274/39/184 271/37/182 307/37/182
f 274/39/184 307/37/182 309/39/184
f 276/41/186 274/39/184 309/39/184
f 276/41/186 309/39/184 310/41/186
f 245/15/159 275/13/185 301/13/185
f 245/15/159 301/13/185 246/15/159
f 277/43/187 276/41/186 310/41/186
f 277/43/187 310/41/186 282/43/187
f 311/29/171 312/27/169 313/27/169
f 311/29/171 313/27/169 314/29/171
f 290/51/190 288/49/189 315/49/164
f 290/51/190 315/49/164 316/51/166
f 291/25/191 278/23/165 281/23/165
f 291/25/191 281/23/165 317/25/191
f 293/53/168 290/51/190 316/51/166
f 293/53/168 316/51/166 318/53/168
f 294/27/169 291/25/191 317/25/191
f 294/27/169 317/25/191 312/27/169
f 296/55/170 293/53/168 318/53/168
f 296/55/170 318/53/168 319/55/170
f 297/29/171 294/27/169 312/27/169
f 297/29/171 312/27/169 311/29/171
f 287/3/172 286/2/33 320/2/33
f 287/3/172 320/2/33 321/3/172
f 299/57/173 296/55/170 319/55/170
f 299/57/173 319/55/170 322/57/173
f 300/31/174 297/29/171 311/29/171
f 300/31/174 311/29/171 323/31/174
f 289/5/175 287/3/172 321/3/172
f 289/5/175 321/3/172 324/5/175
f 302/59/176 299/57/173 322/57/173
f 302/59/176 322/57/173 325/59/176
f 303/33/17 300/31/174 323/31/174
f 303/33/17 323/31/174 326/33/17
f 292/7/177 289/5/175 324/5/175
f 292/7/177 324/5/175 327/7/177
f 304/61/178 302/59/176 325/59/176
f 304/61/178 325/59/176 328/61/178
f 305/35/179 303/33/17 326/33/17
f 305/35/179 326/33/17 329/35/179
f 295/9/192 292/7/177 327/7/177
f 295/9/192 327/7/177 330/9/192
f 306/63/181 304/61/178 328/61/178
f 306/63/181 328/61/178 331/63/181
f 307/37/182 305/35/179 329/35/179
f 307/37/182 329/35/179 332/37/182
f 298/11/183 295/9/192 330/9/192
f 298/11/183 330/9/192 333/11/183
f 308/65/193 306/63/181 331/63/181
f 308/65/193 331/63/181 334/65/1
f 309/39/184 307/37/182 332/37/182
f 309/39/184 332/37/182 335/39/184
f 301/13/185 298/11/183 333/11/183
f 301/13/185 333/11/183 336/13/185
f 310/41/186 309/39/184 335/39/184
f 310/41/186 335/39/184 337/41/186
f 246/15/159 301/13/185 336/13/185
f 246/15/159 336/13/185 338/15/159
f 282/43/187 310/41/186 337/41/186
f 282/43/187 337/41/186 339/43/187
f 247/17/160 246/15/159 338/15/159
f 247/17/160 338/15/159 340/17/99
f 283/45/161 282/43/187 339/43/187
f 283/45/161 339/43/187 341/45/161
f 284/19/100 247/17/160 340/17/99
f 284/19/100 340/17/99 342/19/194
f 285/47/188 283/45/161 341/45/161
f 285/47/188 341/45/161 343/47/162
f 279/21/163 284/19/100 342/19/194
f 279/21/163 342/19/194 280/21/163
f 288/49/189 285/47/188 343/47/162
f 288/49/189 343/47/162 315/49/164
f 344/35/179 345/33/17 346/33/17
f 344/35/179 346/33/17 347/35/179
f 321/3/172 320/2/33 348/2/195
f 321/3/172 348/2/195 349/3/172
f 322/57/173 319/55/170 350/55/170
f 322/57/173 350/55/170 351/57/173
f 323/31/174 311/29/171 314/29/171
f 323/31/174 314/29/171 352/31/174
f 324/5/175 321/3/172 349/3/172
f 324/5/175 349/3/172 353/5/175
f 325/59/176 322/57/173 351/57/173
f 325/59/176 351/57/173 354/59/176
f 326/33/17 323/31/174 352/31/174
f 326/33/17 352/31/174 345/33/17
f 327/7/177 324/5/175 353/5/175
f 327/7/177 353/5/175 355/7/177
f 328/61/178 325/59/176 354/59/176
f 328/61/178 354/59/176 356/61/178
f 329/35/179 326/33/17 345/33/17
f 329/35/179 345/33/17 344/35/179
f 330/9/192 327/7/177 355/7/177
f 330/9/192 355/7/177 357/9/180
f 331/63/181 328/61/178 356/61/178
f 331/63/181 356/61/178 358/63/181
f 332/37/182 329/35/179 344/35/179
f 332/37/182 344/35/179 359/37/182
f 333/11/183 330/9/192 357/9/180
f 333/11/183 357/9/180 360/11/183
f 334/65/1 331/63/181 358/63/181
f 334/65/1 358/63/181 361/65/1
f 335/39/184 332/37/182 359/37/182
f 335/39/184 359/37/182 362/39/184
f 336/13/185 333/11/183 360/11/183
f 336/13/185 360/11/183 363/13/185
f 337/41/186 335/39/184 362/39/184
f 337/41/186 362/39/184 364/41/186
f 338/15/159 336/13/185 363/13/185
f 338/15/159 363/13/185 365/15/159
f 339/43/187 337/41/186 364/41/186
f 339/43/187 364/41/186 366/43/187
f 340/17/99 338/15/159 365/15/159
f 340/17/99 365/15/159 367/17/99
f 341/45/161 339/43/187 366/43/187
f 341/45/161 366/43/187 368/45/161
f 342/19/194 340/17/99 367/17/99
f 342/19/194 367/17/99 369/19/100
f 343/47/162 341/45/161 368/45/161
f 343/47/162 368/45/161 370/47/162
f 280/21/163 342/19/194 369/19/100
f 280/21/163 369/19/100 371/21/163
f 315/49/164 343/47/162 370/47/162
f 315/49/164 370/47/162 372/49/164
f 281/23/165 280/21/163 371/21/163
f 281/23/165 371/21/163 373/23/165
f 316/51/166 315/49/164 372/49/164
f 316/51/166 372/49/164 374/51/190
f 317/25/191 281/23/165 373/23/165
f 317/25/191 373/23/165 375/25/167
f 318/53/168 316/51/166 374/51/190
f 318/53/168 374/51/190 376/53/168
f 312/27/169 317/25/191 375/25/167
f 312/27/169 375/25/167 313/27/169
f 319/55/170 318/53/168 376/53/168
f 319/55/170 376/53/168 350/55/170
f 377/41/186 378/39/184 379/39/184
f 377/41/186 379/39/184 380/41/186
f 357/9/180 355/7/177 381/7/177
f 357/9/180 381/7/177 382/9/180
f 358/63/181 356/61/178 383/61/178
f 358/63/181 383/61/178 384/63/181
f 359/37/182 344/35/179 347/35/179
f 359/37/182 347/35/179 385/37/182
f 360/11/183 357/9/180 382/9/180
f 360/11/183 382/9/180 386/11/183
f 361/65/1 358/63/181 384/63/181
f 361/65/1 384/63/181 387/65/1
f 362/39/184 359/37/182 385/37/182
f 362/39/184 385/37/182 378/39/184
f 363/13/185 360/11/183 386/11/183
f 363/13/185 386/11/183 388/13/185
f 364/41/186 362/39/184 378/39/184
f 364/41/186 378/39/184 377/41/186
f 365/15/159 363/13/185 388/13/185
f 365/15/159 388/13/185 389/15/159
f 366/43/187 364/41/186 377/41/186
f 366/43/187 377/41/186 390/43/187
f 367/17/99 365/15/159 389/15/159
f 367/17/99 389/15/159 391/17/99
f 368/45/161 366/43/187 390/43/187
f 368/45/161 390/43/187 392/45/161
f 369/19/100 367/17/99 391/17/99
f 369/19/100 391/17/99 393/19/100
f 370/47/162 368/45/161 392/45/161
f 370/47/162 392/45/161 394/47/162
f 371/21/163 369/19/100 393/19/100
f 371/21/163 393/19/100 395/21/163
f 372/49/164 370/47/162 394/47/162
f 372/49/164 394/47/162 396/49/164
f 373/23/165 371/21/163 395/21/163
f 373/23/165 395/21/163 397/23/165
f 374/51/190 372/49/164 396/49/164
f 374/51/190 396/49/164 398/51/190
f 375/25/167 373/23/165 397/23/165
f 375/25/167 397/23/165 399/25/167
f 376/53/168 374/51/190 398/51/190
f 376/53/168 398/51/190 400/53/168
f 313/27/169 375/25/167 399/25/167
f 313/27/169 399/25/167 401/27/169
f 350/55/170 376/53/168 400/53/168
f 350/55/170 400/53/168 402/55/196
f 314/29/171 313/27/169 401/27/169
f 314/29/171 401/27/169 403/29/171
f 349/3/172 348/2/195 404/2/33
f 349/3/172 404/2/33 405/3/172
f 351/57/173 350/55/170 402/55/196
f 351/57/173 402/55/196 406/57/173
f 352/31/174 314/29/171 403/29/171
f 352/31/174 403/29/171 407/31/174
f 353/5/175 349/3/172 405/3/172
f 353/5/175 405/3/172 408/5/175
f 354/59/176 351/57/173 406/57/173
f 354/59/176 406/57/173 409/59/176
f 345/33/17 352/31/174 407/31/174
f 345/33/17 407/31/174 346/33/17
f 355/7/177 353/5/175 408/5/175
f 355/7/177 408/5/175 381/7/177
f 356/61/178 354/59/176 409/59/176
f 356/61/178 409/59/176 383/61/178
f 410/47/162 411/45/161 412/45/197
f 410/47/162 412/45/197 413/47/198
f 389/15/159 388/13/185 414/13/185
f 389/15/159 414/13/185 415/15/159
f 390/43/187 377/41/186 380/41/186
f 390/43/187 380/41/186 416/43/187
f 391/17/99 389/15/159 415/15/159
f 391/17/99 415/15/159 417/17/99
f 392/45/161 390/43/187 416/43/187
f 392/45/161 416/43/187 411/45/161
f 393/19/100 391/17/99 417/17/99
f 393/19/100 417/17/99 418/19/100
f 394/47/162 392/45/161 411/45/161
f 394/47/162 411/45/161 410/47/162
f 395/21/163 393/19/100 418/19/100
f 395/21/163 418/19/100 419/21/163
f 396/49/164 394/47/162 410/47/162
f 396/49/164 410/47/162 420/49/164
f 397/23/165 395/21/163 419/21/163
f 397/23/165 419/21/163 421/23/165
f 398/51/190 396/49/164 420/49/164
f 398/51/190 420/49/164 422/51/190
f 399/25/167 397/23/165 421/23/165
f 399/25/167 421/23/165 423/25/191
f 400/53/168 398/51/190 422/51/190
f 400/53/168 422/51/190 424/53/168
f 401/27/169 399/25/167 423/25/191
f 401/27/169 423/25/191 425/27/169
f 402/55/196 400/53/168 424/53/168
f 402/55/196 424/53/168 426/55/170
f 403/29/171 401/27/169 425/27/169
f 403/29/171 425/27/169 427/29/171
f 405/3/172 404/2/33 428/2/33
f 405/3/172 428/2/33 429/3/172
f 406/57/173 402/55/196 426/55/170
f 406/57/173 426/55/170 430/57/173
f 407/31/174 403/29/171 427/29/171
f 407/31/174 427/29/171 431/31/174
f 408/5/175 405/3/172 429/3/172
f 408/5/175 429/3/172 432/5/175
f 409/59/176 406/57/173 430/57/173
f 409/59/176 430/57/173 433/59/176
f 346/33/17 407/31/174 431/31/174
f 346/33/17 431/31/174 434/33/17
f 381/7/177 408/5/175 432/5/175
f 381/7/177 432/5/175 435/7/177
f 383/61/178 409/59/176 433/59/176
f 383/61/178 433/59/176 436/61/178
f 347/35/179 346/33/17 434/33/17
f 347/35/179 434/33/17 437/35/179
f 382/9/180 381/7/177 435/7/177
f 382/9/180 435/7/177 438/9/180
f 384/63/181 383/61/178 436/61/178
f 384/63/181 436/61/178 439/63/181
f 385/37/182 347/35/179 437/35/179
f 385/37/182 437/35/179 440/37/182
f 386/11/183 382/9/180 438/9/180
f 386/11/183 438/9/180 441/11/183
f 387/65/1 384/63/181 439/63/181
f 387/65/1 439/63/181 442/65/1
f 378/39/184 385/37/182 440/37/182
f 378/39/184 440/37/182 379/39/184
f 388/13/185 386/11/183 441/11/183
f 388/13/185 441/11/183 414/13/185
f 443/17/199 444/15/200 445/15/201
f 443/17/199 445/15/201 446/17/202
f 419/21/163 418/19/100 447/19/203
f 419/21/163 447/19/203 448/21/204
f 420/49/164 410/47/162 413/47/198
f 420/49/164 413/47/198 449/49/205
f 421/23/165 419/21/163 448/21/204
f 421/23/165 448/21/204 450/23/206
f 422/51/190 420/49/164 449/49/205
f 422/51/190 449/49/205 451/51/207
f 423/25/191 421/23/165 450/23/206
f 423/25/191 450/23/206 452/25/208
f 424/53/168 422/51/190 451/51/207
f 424/53/168 451/51/207 453/53/209
f 425/27/169 423/25/191 452/25/208
f 425/27/169 452/25/208 454/27/210
f 426/55/170 424/53/168 453/53/209
f 426/55/170 453/53/209 455/55/211
f 427/29/171 425/27/169 454/27/210
f 427/29/171 454/27/210 456/29/212
f 429/3/172 428/2/33 457/2/213
f 429/3/172 457/2/213 458/3/214
f 430/57/173 426/55/170 455/55/211
f 430/57/173 455/55/211 459/57/215
f 431/31/174 427/29/171 456/29/212
f 431/31/174 456/29/212 460/31/216
f 432/5/175 429/3/172 458/3/214
f 432/5/175 458/3/214 461/5/217
f 433/59/176 430/57/173 459/57/215
f 433/59/176 459/57/215 462/59/218
f 434/33/17 431/31/174 460/31/216
f 434/33/17 460/31/216 463/33/219
f 435/7/177 432/5/175 461/5/217
f 435/7/177 461/5/217 464/7/220
f 436/61/178 433/59/176 462/59/218
f 436/61/178 462/59/218 465/61/221
f 437/35/179 434/33/17 463/33/219
f 437/35/179 463/33/219 466/35/222
f 438/9/180 435/7/177 464/7/220
f 438/9/180 464/7/220 467/9/223
f 439/63/181 436/61/178 465/61/221
f 439/63/181 465/61/221 468/63/224
f 440/37/182 437/35/179 466/35/222
f 440/37/182 466/35/222 469/37/225
f 441/11/183 438/9/180 467/9/223
f 441/11/183 467/9/223 470/11/226
f 442/65/1 439/63/181 468/63/224
f 442/65/1 468/63/224 471/65/227
f 379/39/184 440/37/182 469/37/225
f 379/39/184 469/37/225 472/39/228
f 414/13/185 441/11/183 470/11/226
f 414/13/185 470/11/226 473/13/229
f 380/41/186 379/39/184 472/39/228
f 380/41/186 472/39/228 474/41/230
f 415/15/159 414/13/185 473/13/229
f 415/15/159 473/13/229 444/15/200
f 416/43/187 380/41/186 474/41/230
f 416/43/187 474/41/230 475/43/231
f 417/17/99 415/15/159 444/15/200
f 417/17/99 444/15/200 443/17/199
f 411/45/161 416/43/187 475/43/231
f 411/45/161 475/43/231 412/45/197
f 418/19/100 417/17/99 443/17/199
f 418/19/100 443/17/199 447/19/203
f 476/44/232 477/46/233 478/46/234
f 476/44/232 478/46/234 479/44/235
f 34/34/17 36/36/18 480/36/236
f 34/34/17 480/36/236 481/34/237
f 52/52/26 54/54/27 482/54/238
f 52/52/26 482/54/238 483/52/239
f 8/8/4 10/10/5 484/10/240
f 8/8/4 484/10/240 485/8/241
f 26/26/13 28/28/14 486/28/242
f 26/26/13 486/28/242 487/26/243
f 44/44/22 46/46/23 477/46/233
f 44/44/22 477/46/233 476/44/232
f 62/62/31 66/64/32 488/64/244
f 62/62/31 488/64/244 489/62/245
f 18/18/9 20/20/10 490/20/246
f 18/18/9 490/20/246 69/18/34
f 36/36/18 38/38/19 491/38/247
f 36/36/18 491/38/247 480/36/236
f 54/54/27 56/56/28 492/56/248
f 54/54/27 492/56/248 482/54/238
f 10/10/5 12/12/6 493/12/249
f 10/10/5 493/12/249 484/10/240
f 28/28/14 30/30/15 494/30/250
f 28/28/14 494/30/250 486/28/242
f 46/46/23 48/48/24 495/48/251
f 46/46/23 495/48/251 477/46/233
f 1/1/1 4/4/2 496/4/252
f 1/1/1 496/4/252 497/1/253
f 66/64/32 68/66/33 498/66/254
f 66/64/32 498/66/254 488/64/244
f 20/20/10 22/22/11 499/22/255
f 20/20/10 499/22/255 490/20/246
f 38/38/19 40/40/20 500/40/256
f 38/38/19 500/40/256 491/38/247
f 56/56/28 58/58/29 501/58/257
f 56/56/28 501/58/257 492/56/248
f 12/12/6 14/14/7 502/14/258
f 12/12/6 502/14/258 493/12/249
f 30/30/15 32/32/16 503/32/259
f 30/30/15 503/32/259 494/30/250
f 48/48/24 50/50/25 504/50/260
f 48/48/24 504/50/260 495/48/251
f 4/4/2 6/6/3 505/6/261
f 4/4/2 505/6/261 496/4/252
f 22/22/11 24/24/12 506/24/262
f 22/22/11 506/24/262 499/22/255
f 40/40/20 42/42/21 507/42/263
f 40/40/20 507/42/263 500/40/256
f 58/58/29 60/60/30 508/60/264
f 58/58/29 508/60/264 501/58/257
f 14/14/7 16/16/8 70/16/35
f 14/14/7 70/16/35 502/14/258
f 32/32/16 34/34/17 481/34/237
f 32/32/16 481/34/237 503/32/259
f 50/50/25 52/52/26 483/52/239
f 50/50/25 483/52/239 504/50/260
f 6/6/3 8/8/4 485/8/241
f 6/6/3 485/8/241 505/6/261
f 24/24/12 26/26/13 487/26/243
f 24/24/12 487/26/243 506/24/262
f 42/42/21 44/44/22 476/44/232
f 42/42/21 476/44/232 507/42/263
f 60/60/30 62/62/31 489/62/245
f 60/60/30 489/62/245 508/60/264
f 477/46/233 495/48/251 573/48/265
f 477/46/233 573/48/265 478/46/234
f 447/19/203 443/17/199 446/17/202
f 447/19/203 446/17/202 574/19/266
f 495/48/251 504/50/260 575/50/267
f 495/48/251 575/50/267 573/48/265
f 448/21/204 447/19/203 574/19/266
f 448/21/204 574/19/266 576/21/268
f 504/50/260 483/52/239 577/52/269
f 504/50/260 577/52/269 575/50/267
f 450/23/206 448/21/204 576/21/268
f 450/23/206 576/21/268 578/23/270
f 483/52/239 482/54/238 579/54/271
f 483/52/239 579/54/271 577/52/269
f 452/25/208 450/23/206 578/23/270
f 452/25/208 578/23/270 580/25/272
f 482/54/238 492/56/248 581/56/273
f 482/54/238 581/56/273 579/54/271
f 497/1/253 496/4/252 582/4/274
f 497/1/253 582/4/274 583/1/275
f 454/27/210 452/25/208 580/25/272
f 454/27/210 580/25/272 584/27/276
f 492/56/248 501/58/257 585/58/277
f 492/56/248 585/58/277 581/56/273
f 496/4/252 505/6/261 586/6/278
f 496/4/252 586/6/278 582/4/274
f 456/29/212 454/27/210 584/27/276
f 456/29/212 584/27/276 587/29/279
f 501/58/257 508/60/264 588/60/280
f 501/58/257 588/60/280 585/58/277
f 505/6/261 485/8/241 589/8/281
f 505/6/261 589/8/281 586/6/278
f 460/31/216 456/29/212 587/29/279
f 460/31/216 587/29/279 590/31/282
f 508/60/264 489/62/245 591/62/283
f 508/60/264 591/62/283 588/60/280
f 485/8/241 484/10/240 592/10/284
f 485/8/241 592/10/284 589/8/281
f 463/33/219 460/31/216 590/31/282
f 463/33/219 590/31/282 593/33/285
f 489/62/245 488/64/244 594/64/286
f 489/62/245 594/64/286 591/62/283
f 484/10/240 493/12/249 595/12/287
f 484/10/240 595/12/287 592/10/284
f 466/35/222 463/33/219 593/33/285
f 466/35/222 593/33/285 596/35/288
f 488/64/244 498/66/254 597/66/289
f 488/64/244 597/66/289 594/64/286
f 493/12/249 502/14/258 598/14/290
f 493/12/249 598/14/290 595/12/287
f 469/37/225 466/35/222 596/35/288
f 469/37/225 596/35/288 599/37/291
f 502/14/258 70/16/35 600/16/292
f 502/14/258 600/16/292 598/14/290
f 472/39/228 469/37/225 599/37/291
f 472/39/228 599/37/291 601/39/293
f 70/16/35 69/18/34 602/18/294
f 70/16/35 602/18/294 600/16/292
f 474/41/230 472/39/228 601/39/293
f 474/41/230 601/39/293 603/41/295
f 69/18/34 490/20/246 604/20/296
f 69/18/34 604/20/296 602/18/294
f 475/43/231 474/41/230 603/41/295
f 475/43/231 603/41/295 605/43/297
f 490/20/246 499/22/255 606/22/298
f 490/20/246 606/22/298 604/20/296
f 412/45/197 475/43/231 605/43/297
f 412/45/197 605/43/297 607/45/299
f 499/22/255 506/24/262 608/24/300
f 499/22/255 608/24/300 606/22/298
f 413/47/198 412/45/197 607/45/299
f 413/47/198 607/45/299 609/47/301
f 506/24/262 487/26/243 610/26/302
f 506/24/262 610/26/302 608/24/300
f 449/49/205 413/47/198 609/47/301
f 449/49/205 609/47/301 611/49/303
f 487/26/243 486/28/242 612/28/304
f 487/26/243 612/28/304 610/26/302
f 451/51/207 449/49/205 611/49/303
f 451/51/207 611/49/303 613/51/305
f 486/28/242 494/30/250 614/30/306
f 486/28/242 614/30/306 612/28/304
f 453/53/209 451/51/207 613/51/305
f 453/53/209 613/51/305 615/53/307
f 494/30/250 503/32/259 616/32/308
f 494/30/250 616/32/308 614/30/306
f 455/55/211 453/53/209 615/53/307
f 455/55/211 615/53/307 617/55/309
f 458/3/214 457/2/213 618/2/310
f 458/3/214 618/2/310 619/3/286
f 503/32/259 481/34/237 620/34/311
f 503/32/259 620/34/311 616/32/308
f 459/57/215 455/55/211 617/55/309
f 459/57/215 617/55/309 621/57/312
f 461/5/217 458/3/214 619/3/286
f 461/5/217 619/3/286 622/5/313
f 481/34/237 480/36/236 623/36/314
f 481/34/237 623/36/314 620/34/311
f 462/59/218 459/57/215 621/57/312
f 462/59/218 621/57/312 624/59/315
f 464/7/220 461/5/217 622/5/313
f 464/7/220 622/5/313 625/7/316
f 480/36/236 491/38/247 626/38/317
f 480/36/236 626/38/317 623/36/314
f 465/61/221 462/59/218 624/59/315
f 465/61/221 624/59/315 627/61/318
f 467/9/223 464/7/220 625/7/316
f 467/9/223 625/7/316 628/9/319
f 491/38/247 500/40/256 629/40/320
f 491/38/247 629/40/320 626/38/317
f 468/63/224 465/61/221 627/61/318
f 468/63/224 627/61/318 630/63/321
f 470/11/226 467/9/223 628/9/319
f 470/11/226 628/9/319 631/11/322
f 500/40/256 507/42/263 632/42/323
f 500/40/256 632/42/323 629/40/320
f 471/65/227 468/63/224 630/63/321
f 471/65/227 630/63/321 633/65/324
f 473/13/229 470/11/226 631/11/322
f 473/13/229 631/11/322 634/13/325
f 507/42/263 476/44/232 479/44/235
f 507/42/263 479/44/235 632/42/323
f 444/15/200 473/13/229 634/13/325
f 444/15/200 634/13/325 445/15/201
f 182/11/95 181/13/94 635/13/326
f 182/11/95 635/13/326 636/11/327
f 637/21/328 638/23/329 639/23/330
f 637/21/328 639/23/330 640/21/331
f 181/13/94 194/15/101 642/15/332
f 181/13/94 642/15/332 635/13/326
f 194/15/101 643/17/73 642/15/332
f 195/43/103 196/45/106 644/45/333
f 196/45/106 198/47/109 646/47/334
f 196/45/106 646/47/334 644/45/333
f 197/19/108 199/21/111 637/21/328
f 197/19/108 637/21/328 645/19/75
f 198/47/109 200/49/113 647/49/335
f 198/47/109 647/49/335 646/47/334
f 199/21/111 201/23/115 638/23/329
f 199/21/111 638/23/329 637/21/328
f 200/49/113 202/51/117 648/51/336
f 200/49/113 648/51/336 647/49/335
f 201/23/115 203/25/119 649/25/337
f 201/23/115 649/25/337 638/23/329
f 202/51/117 204/53/121 650/53/338
f 202/51/117 650/53/338 648/51/336
f 203/25/119 205/27/123 651/27/339
f 203/25/119 651/27/339 649/25/337
f 204/53/121 206/55/125 652/55/340
f 204/53/121 652/55/340 650/53/338
f 205/27/123 207/29/127 653/29/341
f 205/27/123 653/29/341 651/27/339
f 208/2/130 209/3/129 654/3/342
f 208/2/130 654/3/342 655/2/343
f 206/55/125 210/57/133 656/57/344
f 206/55/125 656/57/344 652/55/340
f 207/29/127 211/31/135 657/31/345
f 207/29/127 657/31/345 653/29/341
f 209/3/129 179/5/137 658/5/346
f 209/3/129 658/5/346 654/3/342
f 210/57/133 185/59/139 659/59/347
f 210/57/133 659/59/347 656/57/344
f 211/31/135 187/33/141 660/33/348
f 211/31/135 660/33/348 657/31/345
f 179/5/137 180/7/143 661/7/349
f 179/5/137 661/7/349 658/5/346
f 185/59/139 186/61/145 662/61/350
f 185/59/139 662/61/350 659/59/347
f 187/33/141 188/35/147 663/35/351
f 187/33/141 663/35/351 660/33/348
f 180/7/143 189/9/149 664/9/352
f 180/7/143 664/9/352 661/7/349
f 186/61/145 190/63/151 665/63/353
f 186/61/145 665/63/353 662/61/350
f 188/35/147 191/37/153 666/37/354
f 188/35/147 666/37/354 663/35/351
f 189/9/149 182/11/95 636/11/327
f 189/9/149 636/11/327 664/9/352
f 190/63/151 192/65/155 667/65/355
f 190/63/151 667/65/355 665/63/353
f 191/37/153 193/39/157 641/39/356
f 191/37/153 641/39/356 666/37/354
f 668/27/357 669/29/358 670/29/359
f 668/27/357 670/29/359 671/27/360
f 647/49/335 648/51/336 672/51/361
f 647/49/335 672/51/361 673/49/362
f 638/23/329 649/25/337 674/25/363
f 638/23/329 674/25/363 639/23/330
f 648/51/336 650/53/338 675/53/364
f 648/51/336 675/53/364 672/51/361
f 649/25/337 651/27/339 668/27/357
f 649/25/337 668/27/357 674/25/363
f 650/53/338 652/55/340 676/55/365
f 650/53/338 676/55/365 675/53/364
f 651/27/339 653/29/341 669/29/358
f 651/27/339 669/29/358 668/27/357
f 655/2/343 654/3/342 677/3/366
f 655/2/343 677/3/366 678/2/367
f 652/55/340 656/57/344 679/57/368
f 652/55/340 679/57/368 676/55/365
f 653/29/341 657/31/345 680/31/369
f 653/29/341 680/31/369 669/29/358
f 654/3/342 658/5/346 681/5/370
f 654/3/342 681/5/370 677/3/366
f 656/57/344 659/59/347 682/59/371
f 656/57/344 682/59/371 679/57/368
f 657/31/345 660/33/348 683/33/372
f 657/31/345 683/33/372 680/31/369
f 658/5/346 661/7/349 684/7/373
f 658/5/346 684/7/373 681/5/370
f 659/59/347 662/61/350 685/61/374
f 659/59/347 685/61/374 682/59/371
f 660/33/348 663/35/351 686/35/375
f 660/33/348 686/35/375 683/33/372
f 661/7/349 664/9/352 687/9/376
f 661/7/349 687/9/376 684/7/373
f 662/61/350 665/63/353 688/63/377
f 662/61/350 688/63/377 685/61/374
f 663/35/351 666/37/354 689/37/378
f 663/35/351 689/37/378 686/35/375
f 664/9/352 636/11/327 690/11/379
f 664/9/352 690/11/379 687/9/376
f 665/63/353 667/65/355 691/65/380
f 665/63/353 691/65/380 688/63/377
f 666/37/354 641/39/356 692/39/381
f 666/37/354 692/39/381 689/37/378
f 636/11/327 635/13/326 693/13/382
f 636/11/327 693/13/382 690/11/379
f 641/39/356 694/41/383 692/39/381
f 635/13/326 642/15/332 695/15/384
f 635/13/326 695/15/384 693/13/382
f 642/15/332 643/17/73 697/17/385
f 642/15/332 697/17/385 695/15/384
f 643/17/73 645/19/75 699/19/386
f 643/17/73 699/19/386 697/17/385
f 644/45/333 646/47/334 700/47/387
f 644/45/333 700/47/387 698/45/388
f 645/19/75 637/21/328 640/21/331
f 645/19/75 640/21/331 699/19/386
f 646/47/334 647/49/335 673/49/362
f 646/47/334 673/49/362 700/47/387
f 701/33/389 702/35/390 703/35/391
f 701/33/389 703/35/391 704/33/392
f 678/2/367 677/3/366 705/3/393
f 678/2/367 705/3/393 706/2/394
f 676/55/365 679/57/368 707/57/395
f 676/55/365 707/57/395 708/55/396
f 669/29/358 680/31/369 709/31/397
f 669/29/358 709/31/397 670/29/359
f 677/3/366 681/5/370 710/5/398
f 677/3/366 710/5/398 705/3/393
f 679/57/368 682/59/371 711/59/399
f 679/57/368 711/59/399 707/57/395
f 680/31/369 683/33/372 701/33/389
f 680/31/369 701/33/389 709/31/397
f 681/5/370 684/7/373 712/7/400
f 681/5/370 712/7/400 710/5/398
f 682/59/371 685/61/374 713/61/401
f 682/59/371 713/61/401 711/59/399
f 683/33/372 686/35/375 702/35/390
f 683/33/372 702/35/390 701/33/389
f 684/7/373 687/9/376 714/9/402
f 684/7/373 714/9/402 712/7/400
f 685/61/374 688/63/377 715/63/403
f 685/61/374 715/63/403 713/61/401
f 686/35/375 689/37/378 716/37/404
f 686/35/375 716/37/404 702/35/390
f 687/9/376 690/11/379 717/11/405
f 687/9/376 717/11/405 714/9/402
f 688/63/377 691/65/380 718/65/406
f 688/63/377 718/65/406 715/63/403
f 689/37/378 692/39/381 719/39/407
f 689/37/378 719/39/407 716/37/404
f 690/11/379 693/13/382 720/13/408
f 690/11/379 720/13/408 717/11/405
f 692/39/381 694/41/383 721/41/409
f 692/39/381 721/41/409 719/39/407
f 693/13/382 695/15/384 722/15/410
f 693/13/382 722/15/410 720/13/408
f 694/41/383 696/43/411 723/43/412
f 694/41/383 723/43/412 721/41/409
f 695/15/384 697/17/385 724/17/413
f 695/15/384 724/17/413 722/15/410
f 696/43/411 698/45/388 725/45/414
f 696/43/411 725/45/414 723/43/412
f 697/17/385 699/19/386 726/19/415
f 697/17/385 726/19/415 724/17/413
f 698/45/388 700/47/387 727/47/416
f 698/45/388 727/47/416 725/45/414
f 699/19/386 640/21/331 728/21/417
f 699/19/386 728/21/417 726/19/415
f 700/47/387 673/49/362 729/49/418
f 700/47/387 729/49/418 727/47/416
f 640/21/331 639/23/330 730/23/419
f 640/21/331 730/23/419 728/21/417
f 673/49/362 672/51/361 731/51/420
f 673/49/362 731/51/420 729/49/418
f 639/23/330 674/25/363 732/25/421
f 639/23/330 732/25/421 730/23/419
f 672/51/361 675/53/364 733/53/422
f 672/51/361 733/53/422 731/51/420
f 674/25/363 668/27/357 671/27/360
f 674/25/363 671/27/360 732/25/421
f 675/53/364 676/55/365 708/55/396
f 675/53/364 708/55/396 733/53/422
f 734/39/423 735/41/424 736/41/425
f 734/39/423 736/41/425 737/39/426
f 712/7/400 714/9/402 738/9/427
f 712/7/400 738/9/427 739/7/428
f 713/61/401 715/63/403 740/63/429
f 713/61/401 740/63/429 741/61/430
f 702/35/390 716/37/404 742/37/431
f 702/35/390 742/37/431 703/35/391
f 714/9/402 717/11/405 743/11/432
f 714/9/402 743/11/432 738/9/427
f 715/63/403 718/65/406 744/65/433
f 715/63/403 744/65/433 740/63/429
f 716/37/404 719/39/407 734/39/423
f 716/37/404 734/39/423 742/37/431
f 717/11/405 720/13/408 745/13/434
f 717/11/405 745/13/434 743/11/432
f 719/39/407 721/41/409 735/41/424
f 719/39/407 735/41/424 734/39/423
f 720/13/408 722/15/410 746/15/435
f 720/13/408 746/15/435 745/13/434
f 721/41/409 723/43/412 747/43/436
f 721/41/409 747/43/436 735/41/424
f 722/15/410 724/17/413 748/17/437
f 722/15/410 748/17/437 746/15/435
f 723/43/412 725/45/414 749/45/438
f 723/43/412 749/45/438 747/43/436
f 724/17/413 726/19/415 750/19/439
f 724/17/413 750/19/439 748/17/437
f 725/45/414 727/47/416 751/47/440
f 725/45/414 751/47/440 749/45/438
f 726/19/415 728/21/417 752/21/441
f 726/19/415 752/21/441 750/19/439
f 727/47/416 729/49/418 753/49/442
f 727/47/416 753/49/442 751/47/440
f 728/21/417 730/23/419 754/23/443
f 728/21/417 754/23/443 752/21/441
f 729/49/418 731/51/420 755/51/444
f 729/49/418 755/51/444 753/49/442
f 730/23/419 732/25/421 756/25/445
f 730/23/419 756/25/445 754/23/443
f 731/51/420 733/53/422 757/53/446
f 731/51/420 757/53/446 755/51/444
f 732/25/421 671/27/360 758/27/447
f 732/25/421 758/27/447 756/25/445
f 733/53/422 708/55/396 759/55/448
f 733/53/422 759/55/448 757/53/446
f 671/27/360 670/29/359 760/29/449
f 671/27/360 760/29/449 758/27/447
f 706/2/394 705/3/393 761/3/450
f 706/2/394 761/3/450 762/2/451
f 708/55/396 707/57/395 763/57/452
f 708/55/396 763/57/452 759/55/448
f 670/29/359 709/31/397 764/31/453
f 670/29/359 764/31/453 760/29/449
f 705/3/393 710/5/398 765/5/454
f 705/3/393 765/5/454 761/3/450
f 707/57/395 711/59/399 766/59/455
f 707/57/395 766/59/455 763/57/452
f 709/31/397 701/33/389 704/33/392
f 709/31/397 704/33/392 764/31/453
f 710/5/398 712/7/400 739/7/428
f 710/5/398 739/7/428 765/5/454
f 711/59/399 713/61/401 741/61/430
f 711/59/399 741/61/430 766/59/455
f 767/45/456 768/47/457 769/47/458
f 767/45/456 769/47/458 770/45/459
f 745/13/434 746/15/435 771/15/460
f 745/13/434 771/15/460 772/13/461
f 735/41/424 747/43/436 773/43/462
f 735/41/424 773/43/462 736/41/425
f 746/15/435 748/17/437 774/17/463
f 746/15/435 774/17/463 771/15/460
f 747/43/436 749/45/438 767/45/456
f 747/43/436 767/45/456 773/43/462
f 748/17/437 750/19/439 775/19/464
f 748/17/437 775/19/464 774/17/463
f 749/45/438 751/47/440 768/47/457
f 749/45/438 768/47/457 767/45/456
f 750/19/439 752/21/441 776/21/465
f 750/19/439 776/21/465 775/19/464
f 751/47/440 753/49/442 777/49/466
f 751/47/440 777/49/466 768/47/457
f 752/21/441 754/23/443 778/23/467
f 752/21/441 778/23/467 776/21/465
f 753/49/442 755/51/444 779/51/468
f 753/49/442 779/51/468 777/49/466
f 754/23/443 756/25/445 780/25/469
f 754/23/443 780/25/469 778/23/467
f 755/51/444 757/53/446 781/53/470
f 755/51/444 781/53/470 779/51/468
f 756/25/445 758/27/447 782/27/471
f 756/25/445 782/27/471 780/25/469
f 217/41/104 193/39/157 216/39/158
f 758/27/447 760/29/449 783/29/472
f 758/27/447 783/29/472 782/27/471
f 762/2/451 761/3/450 784/3/473
f 762/2/451 784/3/473 785/2/474
f 759/55/448 763/57/452 786/57/475
f 698/45/388 641/39/356 644/45/333
f 760/29/449 764/31/453 787/31/476
f 760/29/449 787/31/476 783/29/472
f 761/3/450 765/5/454 788/5/477
f 761/3/450 788/5/477 784/3/473
f 763/57/452 766/59/455 789/59/478
f 763/57/452 789/59/478 786/57/475
f 764/31/453 704/33/392 790/33/479
f 764/31/453 790/33/479 787/31/476
f 765/5/454 739/7/428 791/7/480
f 765/5/454 791/7/480 788/5/477
f 766/59/455 741/61/430 792/61/481
f 766/59/455 792/61/481 789/59/478
f 704/33/392 703/35/391 793/35/482
f 704/33/392 793/35/482 790/33/479
f 739/7/428 738/9/427 794/9/483
f 739/7/428 794/9/483 791/7/480
f 741/61/430 740/63/429 795/63/484
f 741/61/430 795/63/484 792/61/481
f 703/35/391 742/37/431 796/37/485
f 703/35/391 796/37/485 793/35/482
f 738/9/427 743/11/432 797/11/486
f 738/9/427 797/11/486 794/9/483
f 740/63/429 744/65/433 798/65/487
f 740/63/429 798/65/487 795/63/484
f 742/37/431 734/39/423 737/39/426
f 742/37/431 737/39/426 796/37/485
f 743/11/432 745/13/434 772/13/461
f 743/11/432 772/13/461 797/11/486
f 799/51/488 800/53/489 801/53/490
f 799/51/488 801/53/490 802/51/491
f 775/19/464 776/21/465 803/21/492
f 775/19/464 803/21/492 804/19/493
f 768/47/457 777/49/466 805/49/494
f 768/47/457 805/49/494 769/47/458
f 776/21/465 778/23/467 806/23/495
f 776/21/465 806/23/495 803/21/492
f 777/49/466 779/51/468 799/51/488
f 777/49/466 799/51/488 805/49/494
f 778/23/467 780/25/469 807/25/496
f 778/23/467 807/25/496 806/23/495
f 779/51/468 781/53/470 800/53/489
f 779/51/468 800/53/489 799/51/488
f 780/25/469 782/27/471 808/27/497
f 780/25/469 808/27/497 807/25/496
f 193/39/157 644/45/333 641/39/356
f 781/53/470 809/55/498 800/53/489
f 782/27/471 783/29/472 810/29/499
f 782/27/471 810/29/499 808/27/497
f 785/2/474 784/3/473 811/3/500
f 785/2/474 811/3/500 812/2/501
f 218/15/102 643/17/73 194/15/101
f 213/17/74 197/19/108 645/19/75
f 783/29/472 787/31/476 814/31/502
f 783/29/472 814/31/502 810/29/499
f 784/3/473 788/5/477 815/5/503
f 784/3/473 815/5/503 811/3/500
f 786/57/475 789/59/478 816/59/504
f 786/57/475 816/59/504 813/57/505
f 787/31/476 790/33/479 817/33/506
f 787/31/476 817/33/506 814/31/502
f 788/5/477 791/7/480 818/7/507
f 788/5/477 818/7/507 815/5/503
f 789/59/478 792/61/481 819/61/508
f 789/59/478 819/61/508 816/59/504
f 790/33/479 793/35/482 820/35/509
f 790/33/479 820/35/509 817/33/506
f 791/7/480 794/9/483 821/9/510
f 791/7/480 821/9/510 818/7/507
f 792/61/481 795/63/484 822/63/511
f 792/61/481 822/63/511 819/61/508
f 793/35/482 796/37/485 823/37/512
f 793/35/482 823/37/512 820/35/509
f 794/9/483 797/11/486 824/11/513
f 794/9/483 824/11/513 821/9/510
f 795/63/484 798/65/487 825/65/514
f 795/63/484 825/65/514 822/63/511
f 796/37/485 737/39/426 826/39/515
f 796/37/485 826/39/515 823/37/512
f 797/11/486 772/13/461 827/13/516
f 797/11/486 827/13/516 824/11/513
f 737/39/426 736/41/425 828/41/517
f 737/39/426 828/41/517 826/39/515
f 772/13/461 771/15/460 829/15/518
f 772/13/461 829/15/518 827/13/516
f 736/41/425 773/43/462 830/43/519
f 736/41/425 830/43/519 828/41/517
f 771/15/460 774/17/463 831/17/520
f 771/15/460 831/17/520 829/15/518
f 773/43/462 767/45/456 770/45/459
f 773/43/462 770/45/459 830/43/519
f 774/17/463 775/19/464 804/19/493
f 774/17/463 804/19/493 831/17/520
f 832/57/521 833/59/522 834/59/523
f 832/57/521 834/59/523 835/57/524
f 807/25/496 808/27/497 836/27/525
f 807/25/496 836/27/525 837/25/526
f 800/53/489 809/55/498 838/55/527
f 800/53/489 838/55/527 801/53/490
f 808/27/497 810/29/499 839/29/528
f 808/27/497 839/29/528 836/27/525
f 812/2/501 811/3/500 840/3/529
f 812/2/501 840/3/529 841/2/530
f 809/55/498 813/57/505 832/57/521
f 809/55/498 832/57/521 838/55/527
f 810/29/499 814/31/502 842/31/531
f 810/29/499 842/31/531 839/29/528
f 811/3/500 815/5/503 843/5/532
f 811/3/500 843/5/532 840/3/529
f 813/57/505 816/59/504 833/59/522
f 813/57/505 833/59/522 832/57/521
f 814/31/502 817/33/506 844/33/533
f 814/31/502 844/33/533 842/31/531
f 815/5/503 818/7/507 845/7/534
f 815/5/503 845/7/534 843/5/532
f 816/59/504 819/61/508 846/61/535
f 816/59/504 846/61/535 833/59/522
f 817/33/506 820/35/509 847/35/536
f 817/33/506 847/35/536 844/33/533
f 818/7/507 821/9/510 848/9/537
f 818/7/507 848/9/537 845/7/534
f 819/61/508 822/63/511 849/63/538
f 819/61/508 849/63/538 846/61/535
f 820/35/509 823/37/512 850/37/539
f 820/35/509 850/37/539 847/35/536
f 821/9/510 824/11/513 851/11/540
f 821/9/510 851/11/540 848/9/537
f 822/63/511 825/65/514 852/65/541
f 822/63/511 852/65/541 849/63/538
f 823/37/512 826/39/515 853/39/542
f 823/37/512 853/39/542 850/37/539
f 824/11/513 827/13/516 854/13/543
f 824/11/513 854/13/543 851/11/540
f 826/39/515 828/41/517 855/41/544
f 826/39/515 855/41/544 853/39/542
f 827/13/516 829/15/518 856/15/545
f 827/13/516 856/15/545 854/13/543
f 828/41/517 830/43/519 857/43/546
f 828/41/517 857/43/546 855/41/544
f 829/15/518 831/17/520 858/17/547
f 829/15/518 858/17/547 856/15/545
f 830/43/519 770/45/459 859/45/548
f 830/43/519 859/45/548 857/43/546
f 831/17/520 804/19/493 860/19/549
f 831/17/520 860/19/549 858/17/547
f 770/45/459 769/47/458 861/47/550
f 770/45/459 861/47/550 859/45/548
f 804/19/493 803/21/492 862/21/551
f 804/19/493 862/21/551 860/19/549
f 769/47/458 805/49/494 863/49/552
f 769/47/458 863/49/552 861/47/550
f 803/21/492 806/23/495 864/23/553
f 803/21/492 864/23/553 862/21/551
f 805/49/494 799/51/488 802/51/491
f 805/49/494 802/51/491 863/49/552
f 806/23/495 807/25/496 837/25/526
f 806/23/495 837/25/526 864/23/553
f 865/63/554 866/65/555 867/65/556
f 865/63/554 867/65/556 868/63/557
f 842/31/531 844/33/533 869/33/558
f 842/31/531 869/33/558 870/31/559
f 843/5/532 845/7/534 871/7/560
f 843/5/532 871/7/560 872/5/561
f 833/59/522 846/61/535 873/61/562
f 833/59/522 873/61/562 834/59/523
f 844/33/533 847/35/536 874/35/563
f 844/33/533 874/35/563 869/33/558
f 845/7/534 848/9/537 875/9/564
f 845/7/534 875/9/564 871/7/560
f 846/61/535 849/63/538 865/63/554
f 846/61/535 865/63/554 873/61/562
f 847/35/536 850/37/539 876/37/565
f 847/35/536 876/37/565 874/35/563
f 848/9/537 851/11/540 877/11/566
f 848/9/537 877/11/566 875/9/564
f 849/63/538 852/65/541 866/65/555
f 849/63/538 866/65/555 865/63/554
f 850/37/539 853/39/542 878/39/567
f 850/37/539 878/39/567 876/37/565
f 851/11/540 854/13/543 879/13/568
f 851/11/540 879/13/568 877/11/566
f 853/39/542 855/41/544 880/41/569
f 853/39/542 880/41/569 878/39/567
f 854/13/543 856/15/545 881/15/570
f 854/13/543 881/15/570 879/13/568
f 855/41/544 857/43/546 882/43/571
f 855/41/544 882/43/571 880/41/569
f 856/15/545 858/17/547 883/17/572
f 856/15/545 883/17/572 881/15/570
f 857/43/546 859/45/548 884/45/573
f 857/43/546 884/45/573 882/43/571
f 858/17/547 860/19/549 885/19/574
f 858/17/547 885/19/574 883/17/572
f 859/45/548 861/47/550 886/47/575
f 859/45/548 886/47/575 884/45/573
f 860/19/549 862/21/551 887/21/576
f 860/19/549 887/21/576 885/19/574
f 861/47/550 863/49/552 888/49/577
f 861/47/550 888/49/577 886/47/575
f 862/21/551 864/23/553 889/23/578
f 862/21/551 889/23/578 887/21/576
f 863/49/552 802/51/491 890/51/579
f 863/49/552 890/51/579 888/49/577
f 864/23/553 837/25/526 891/25/580
f 864/23/553 891/25/580 889/23/578
f 802/51/491 801/53/490 892/53/581
f 802/51/491 892/53/581 890/51/579
f 837/25/526 836/27/525 893/27/582
f 837/25/526 893/27/582 891/25/580
f 801/53/490 838/55/527 894/55/583
f 801/53/490 894/55/583 892/53/581
f 836/27/525 839/29/528 895/29/584
f 836/27/525 895/29/584 893/27/582
f 841/2/530 840/3/529 896/3/585
f 841/2/530 896/3/585 897/2/586
f 838/55/527 832/57/521 835/57/524
f 838/55/527 835/57/524 894/55/583
f 839/29/528 842/31/531 870/31/559
f 839/29/528 870/31/559 895/29/584
f 840/3/529 843/5/532 872/5/561
f 840/3/529 872/5/561 896/3/585
f 898/43/587 899/45/588 900/45/589
f 898/43/587 900/45/589 901/43/590
f 876/37/565 878/39/567 902/39/591
f 876/37/565 902/39/591 903/37/592
f 877/11/566 879/13/568 904/13/593
f 877/11/566 904/13/593 905/11/594
f 878/39/567 880/41/569 906/41/595
f 878/39/567 906/41/595 902/39/591
f 879/13/568 881/15/570 907/15/596
f 879/13/568 907/15/596 904/13/593
f 880/41/569 882/43/571 898/43/587
f 880/41/569 898/43/587 906/41/595
f 881/15/570 883/17/572 908/17/597
f 881/15/570 908/17/597 907/15/596
f 882/43/571 884/45/573 899/45/588
f 882/43/571 899/45/588 898/43/587
f 883/17/572 885/19/574 909/19/598
f 883/17/572 909/19/598 908/17/597
f 884/45/573 886/47/575 910/47/599
f 884/45/573 910/47/599 899/45/588
f 885/19/574 887/21/576 911/21/600
f 885/19/574 911/21/600 909/19/598
f 886/47/575 888/49/577 912/49/601
f 886/47/575 912/49/601 910/47/599
f 887/21/576 889/23/578 913/23/602
f 887/21/576 913/23/602 911/21/600
f 888/49/577 890/51/579 914/51/603
f 888/49/577 914/51/603 912/49/601
f 889/23/578 891/25/580 915/25/604
f 889/23/578 915/25/604 913/23/602
f 890/51/579 892/53/581 916/53/605
f 890/51/579 916/53/605 914/51/603
f 891/25/580 893/27/582 917/27/606
f 891/25/580 917/27/606 915/25/604
f 892/53/581 894/55/583 918/55/607
f 892/53/581 918/55/607 916/53/605
f 893/27/582 895/29/584 919/29/608
f 893/27/582 919/29/608 917/27/606
f 897/2/586 896/3/585 920/3/609
f 897/2/586 920/3/609 921/2/556
f 894/55/583 835/57/524 922/57/610
f 894/55/583 922/57/610 918/55/607
f 895/29/584 870/31/559 923/31/611
f 895/29/584 923/31/611 919/29/608
f 896/3/585 872/5/561 924/5/612
f 896/3/585 924/5/612 920/3/609
f 835/57/524 834/59/523 925/59/613
f 835/57/524 925/59/613 922/57/610
f 870/31/559 869/33/558 926/33/614
f 870/31/559 926/33/614 923/31/611
f 872/5/561 871/7/560 927/7/615
f 872/5/561 927/7/615 924/5/612
f 834/59/523 873/61/562 928/61/616
f 834/59/523 928/61/616 925/59/613
f 869/33/558 874/35/563 929/35/617
f 869/33/558 929/35/617 926/33/614
f 871/7/560 875/9/564 930/9/618
f 871/7/560 930/9/618 927/7/615
f 873/61/562 865/63/554 868/63/557
f 873/61/562 868/63/557 928/61/616
f 874/35/563 876/37/565 903/37/592
f 874/35/563 903/37/592 929/35/617
f 875/9/564 877/11/566 905/11/594
f 875/9/564 905/11/594 930/9/618
f 931/49/619 932/51/620 933/51/621
f 931/49/619 933/51/621 934/49/622
f 908/17/597 909/19/598 935/19/623
f 908/17/597 935/19/623 936/17/624
f 899/45/588 910/47/599 937/47/625
f 899/45/588 937/47/625 900/45/589
f 909/19/598 911/21/600 938/21/626
f 909/19/598 938/21/626 935/19/623
f 910/47/599 912/49/601 931/49/619
f 910/47/599 931/49/619 937/47/625
f 911/21/600 913/23/602 939/23/627
f 911/21/600 939/23/627 938/21/626
f 912/49/601 914/51/603 932/51/620
f 912/49/601 932/51/620 931/49/619
f 913/23/602 915/25/604 940/25/628
f 913/23/602 940/25/628 939/23/627
f 914/51/603 916/53/605 941/53/629
f 914/51/603 941/53/629 932/51/620
f 915/25/604 917/27/606 942/27/630
f 915/25/604 942/27/630 940/25/628
f 916/53/605 918/55/607 943/55/631
f 916/53/605 943/55/631 941/53/629
f 917/27/606 919/29/608 944/29/632
f 917/27/606 944/29/632 942/27/630
f 921/2/556 920/3/609 945/3/633
f 921/2/556 945/3/633 946/2/634
f 918/55/607 922/57/610 947/57/635
f 918/55/607 947/57/635 943/55/631
f 919/29/608 923/31/611 948/31/636
f 919/29/608 948/31/636 944/29/632
f 920/3/609 924/5/612 949/5/637
f 920/3/609 949/5/637 945/3/633
f 922/57/610 925/59/613 950/59/638
f 922/57/610 950/59/638 947/57/635
f 923/31/611 926/33/614 951/33/639
f 923/31/611 951/33/639 948/31/636
f 924/5/612 927/7/615 952/7/640
f 924/5/612 952/7/640 949/5/637
f 925/59/613 928/61/616 953/61/641
f 925/59/613 953/61/641 950/59/638
f 926/33/614 929/35/617 954/35/642
f 926/33/614 954/35/642 951/33/639
f 927/7/615 930/9/618 955/9/643
f 927/7/615 955/9/643 952/7/640
f 928/61/616 868/63/557 956/63/644
f 928/61/616 956/63/644 953/61/641
f 929/35/617 903/37/592 957/37/645
f 929/35/617 957/37/645 954/35/642
f 930/9/618 905/11/594 958/11/646
f 930/9/618 958/11/646 955/9/643
f 868/63/557 867/65/556 959/65/634
f 868/63/557 959/65/634 956/63/644
f 903/37/592 902/39/591 960/39/647
f 903/37/592 960/39/647 957/37/645
f 905/11/594 904/13/593 961/13/648
f 905/11/594 961/13/648 958/11/646
f 902/39/591 906/41/595 962/41/649
f 902/39/591 962/41/649 960/39/647
f 904/13/593 907/15/596 963/15/650
f 904/13/593 963/15/650 961/13/648
f 906/41/595 898/43/587 901/43/590
f 906/41/595 901/43/590 962/41/649
f 907/15/596 908/17/597 936/17/624
f 907/15/596 936/17/624 963/15/650
f 964/2/651 965/3/652 966/3/653
f 964/2/651 966/3/653 967/2/654
f 939/23/627 940/25/628 968/25/655
f 939/23/627 968/25/655 969/23/656
f 932/51/620 941/53/629 970/53/657
f 932/51/620 970/53/657 933/51/621
f 940/25/628 942/27/630 971/27/658
f 940/25/628 971/27/658 968/25/655
f 941/53/629 943/55/631 972/55/659
f 941/53/629 972/55/659 970/53/657
f 942/27/630 944/29/632 973/29/660
f 942/27/630 973/29/660 971/27/658
f 946/2/634 945/3/633 965/3/652
f 946/2/634 965/3/652 964/2/651
f 943/55/631 947/57/635 974/57/661
f 943/55/631 974/57/661 972/55/659
f 944/29/632 948/31/636 975/31/662
f 944/29/632 975/31/662 973/29/660
f 945/3/633 949/5/637 976/5/663
f 945/3/633 976/5/663 965/3/652
f 947/57/635 950/59/638 977/59/664
f 947/57/635 977/59/664 974/57/661
f 948/31/636 951/33/639 978/33/665
f 948/31/636 978/33/665 975/31/662
f 949/5/637 952/7/640 979/7/666
f 949/5/637 979/7/666 976/5/663
f 950/59/638 953/61/641 980/61/667
f 950/59/638 980/61/667 977/59/664
f 951/33/639 954/35/642 981/35/668
f 951/33/639 981/35/668 978/33/665
f 952/7/640 955/9/643 982/9/669
f 952/7/640 982/9/669 979/7/666
f 953/61/641 956/63/644 983/63/670
f 953/61/641 983/63/670 980/61/667
f 954/35/642 957/37/645 984/37/671
f 954/35/642 984/37/671 981/35/668
f 955/9/643 958/11/646 985/11/672
f 955/9/643 985/11/672 982/9/669
f 956/63/644 959/65/634 986/65/673
f 956/63/644 986/65/673 983/63/670
f 957/37/645 960/39/647 987/39/674
f 957/37/645 987/39/674 984/37/671
f 958/11/646 961/13/648 988/13/675
f 958/11/646 988/13/675 985/11/672
f 960/39/647 962/41/649 989/41/676
f 960/39/647 989/41/676 987/39/674
f 961/13/648 963/15/650 990/15/677
f 961/13/648 990/15/677 988/13/675
f 962/41/649 901/43/590 991/43/678
f 962/41/649 991/43/678 989/41/676
f 963/15/650 936/17/624 992/17/679
f 963/15/650 992/17/679 990/15/677
f 901/43/590 900/45/589 993/45/680
f 901/43/590 993/45/680 991/43/678
f 936/17/624 935/19/623 994/19/681
f 936/17/624 994/19/681 992/17/679
f 900/45/589 937/47/625 995/47/682
f 900/45/589 995/47/682 993/45/680
f 935/19/623 938/21/626 996/21/683
f 935/19/623 996/21/683 994/19/681
f 937/47/625 931/49/619 934/49/622
f 937/47/625 934/49/622 995/47/682
f 938/21/626 939/23/627 969/23/656
f 938/21/626 969/23/656 996/21/683
f 997/63/684 998/61/685 999/61/686
f 997/63/684 999/61/686 1000/63/687
f 972/55/659 974/57/661 1001/57/688
f 972/55/659 1001/57/688 1002/55/689
f 973/29/660 975/31/662 1003/31/690
f 973/29/660 1003/31/690 1004/29/691
f 965/3/652 976/5/663 1005/5/692
f 965/3/652 1005/5/692 966/3/653
f 974/57/661 977/59/664 1006/59/693
f 974/57/661 1006/59/693 1001/57/688
f 975/31/662 978/33/665 1007/33/694
f 975/31/662 1007/33/694 1003/31/690
f 976/5/663 979/7/666 1008/7/695
f 976/5/663 1008/7/695 1005/5/692
f 977/59/664 980/61/667 999/61/686
f 977/59/664 999/61/686 1006/59/693
f 978/33/665 981/35/668 1009/35/696
f 978/33/665 1009/35/696 1007/33/694
f 979/7/666 982/9/669 1010/9/697
f 979/7/666 1010/9/697 1008/7/695
f 980/61/667 983/63/670 1000/63/687
f 980/61/667 1000/63/687 999/61/686
f 981/35/668 984/37/671 1011/37/698
f 981/35/668 1011/37/698 1009/35/696
f 982/9/669 985/11/672 1012/11/699
f 982/9/669 1012/11/699 1010/9/697
f 983/63/670 986/65/673 1013/65/700
f 983/63/670 1013/65/700 1000/63/687
f 984/37/671 987/39/674 1014/39/701
f 984/37/671 1014/39/701 1011/37/698
f 985/11/672 988/13/675 1015/13/702
f 985/11/672 1015/13/702 1012/11/699
f 987/39/674 989/41/676 1016/41/703
f 987/39/674 1016/41/703 1014/39/701
f 988/13/675 990/15/677 1017/15/704
f 988/13/675 1017/15/704 1015/13/702
f 989/41/676 991/43/678 1018/43/705
f 989/41/676 1018/43/705 1016/41/703
f 990/15/677 992/17/679 1019/17/706
f 990/15/677 1019/17/706 1017/15/704
f 991/43/678 993/45/680 1020/45/707
f 991/43/678 1020/45/707 1018/43/705
f 992/17/679 994/19/681 1021/19/708
f 992/17/679 1021/19/708 1019/17/706
f 993/45/680 995/47/682 1022/47/709
f 993/45/680 1022/47/709 1020/45/707
f 994/19/681 996/21/683 1023/21/710
f 994/19/681 1023/21/710 1021/19/708
f 995/47/682 934/49/622 1024/49/711
f 995/47/682 1024/49/711 1022/47/709
f 996/21/683 969/23/656 1025/23/712
f 996/21/683 1025/23/712 1023/21/710
f 934/49/622 933/51/621 1026/51/713
f 934/49/622 1026/51/713 1024/49/711
f 969/23/656 968/25/655 1027/25/714
f 969/23/656 1027/25/714 1025/23/712
f 933/51/621 970/53/657 1028/53/715
f 933/51/621 1028/53/715 1026/51/713
f 968/25/655 971/27/658 1029/27/716
f 968/25/655 1029/27/716 1027/25/714
f 970/53/657 972/55/659 1002/55/689
f 970/53/657 1002/55/689 1028/53/715
f 971/27/658 973/29/660 1004/29/691
f 971/27/658 1004/29/691 1029/27/716
f 138/25/717 1030/25/718 1031/27/719
f 138/25/717 1031/27/719 137/27/720
f 1032/65/721 997/63/684 1000/63/687
f 1032/65/721 1000/63/687 1013/65/700
f 145/53/47 1033/53/722 1034/55/723
f 145/53/47 1034/55/723 146/55/48
f 137/27/720 1031/27/719 1035/29/724
f 137/27/720 1035/29/724 147/29/49
f 148/2/50 1036/2/725 1037/3/726
f 148/2/50 1037/3/726 149/3/51
f 146/55/48 1034/55/723 1038/57/727
f 146/55/48 1038/57/727 150/57/52
f 147/29/49 1035/29/724 1039/31/728
f 147/29/49 1039/31/728 151/31/53
f 149/3/51 1037/3/726 1040/5/729
f 149/3/51 1040/5/729 152/5/54
f 150/57/52 1038/57/727 1041/59/730
f 150/57/52 1041/59/730 153/59/55
f 151/31/53 1039/31/728 1042/33/731
f 151/31/53 1042/33/731 154/33/56
f 152/5/54 1040/5/729 1043/7/732
f 152/5/54 1043/7/732 155/7/57
f 153/59/55 1041/59/730 998/61/685
f 153/59/55 998/61/685 156/61/58
f 154/33/56 1042/33/731 1044/35/733
f 154/33/56 1044/35/733 157/35/59
f 155/7/57 1043/7/732 1045/9/734
f 155/7/57 1045/9/734 158/9/735
f 156/61/58 998/61/685 997/63/684
f 156/61/58 997/63/684 159/63/61
f 157/35/59 1044/35/733 1046/37/736
f 157/35/59 1046/37/736 160/37/62
f 158/9/735 1045/9/734 1047/11/737
f 158/9/735 1047/11/737 161/11/738
f 159/63/61 997/63/684 1032/65/721
f 159/63/61 1032/65/721 162/65/64
f 160/37/62 1046/37/736 1048/39/739
f 160/37/62 1048/39/739 163/39/65
f 161/11/738 1047/11/737 1049/13/740
f 161/11/738 1049/13/740 164/13/741
f 163/39/65 1048/39/739 1050/41/742
f 163/39/65 1050/41/742 165/41/67
f 164/13/741 1049/13/740 1051/15/743
f 164/13/741 1051/15/743 166/15/744
f 165/41/67 1050/41/742 1052/43/745
f 165/41/67 1052/43/745 167/43/69
f 166/15/744 1051/15/743 1053/17/746
f 166/15/744 1053/17/746 168/17/86
f 167/43/69 1052/43/745 1054/45/747
f 167/43/69 1054/45/747 169/45/71
f 168/17/86 1053/17/746 1055/19/748
f 168/17/86 1055/19/748 106/19/88
f 169/45/71 1054/45/747 1056/47/749
f 169/45/71 1056/47/749 141/47/42
f 106/19/88 1055/19/748 1057/21/750
f 106/19/88 1057/21/750 107/21/90
f 141/47/42 1056/47/749 1058/49/751
f 141/47/42 1058/49/751 142/49/43
f 107/21/90 1057/21/750 1059/23/752
f 107/21/90 1059/23/752 143/23/92
f 142/49/43 1058/49/751 1060/51/753
f 142/49/43 1060/51/753 144/51/45
f 143/23/92 1059/23/752 1030/25/718
f 143/23/92 1030/25/718 138/25/717
f 144/51/45 1060/51/753 1033/53/722
f 144/51/45 1033/53/722 145/53/47
f 998/61/685 1041/59/730 1006/59/693
f 998/61/685 1006/59/693 999/61/686
f 1041/59/730 1038/57/727 1001/57/688
f 1041/59/730 1001/57/688 1006/59/693
f 1038/57/727 1034/55/723 1002/55/689
f 1038/57/727 1002/55/689 1001/57/688
f 1034/55/723 1033/53/722 1028/53/715
f 1034/55/723 1028/53/715 1002/55/689
f 1033/53/722 1060/51/753 1026/51/713
f 1033/53/722 1026/51/713 1028/53/715
f 1060/51/753 1058/49/751 1024/49/711
f 1060/51/753 1024/49/711 1026/51/713
f 1058/49/751 1056/47/749 1022/47/709
f 1058/49/751 1022/47/709 1024/49/711
f 1056/47/749 1054/45/747 1020/45/707
f 1056/47/749 1020/45/707 1022/47/709
f 1054/45/747 1052/43/745 1018/43/705
f 1054/45/747 1018/43/705 1020/45/707
f 1052/43/745 1050/41/742 1016/41/703
f 1052/43/745 1016/41/703 1018/43/705
f 1050/41/742 1048/39/739 1014/39/701
f 1050/41/742 1014/39/701 1016/41/703
f 1048/39/739 1046/37/736 1011/37/698
f 1048/39/739 1011/37/698 1014/39/701
f 1046/37/736 1044/35/733 1009/35/696
f 1046/37/736 1009/35/696 1011/37/698
f 1044/35/733 1042/33/731 1007/33/694
f 1044/35/733 1007/33/694 1009/35/696
f 1042/33/731 1039/31/728 1003/31/690
f 1042/33/731 1003/31/690 1007/33/694
f 1039/31/728 1035/29/724 1004/29/691
f 1039/31/728 1004/29/691 1003/31/690
f 1035/29/724 1031/27/719 1029/27/716
f 1035/29/724 1029/27/716 1004/29/691
f 1031/27/719 1030/25/718 1027/25/714
f 1031/27/719 1027/25/714 1029/27/716
f 1030/25/718 1059/23/752 1025/23/712
f 1030/25/718 1025/23/712 1027/25/714
f 1059/23/752 1057/21/750 1023/21/710
f 1059/23/752 1023/21/710 1025/23/712
f 1057/21/750 1055/19/748 1021/19/708
f 1057/21/750 1021/19/708 1023/21/710
f 1055/19/748 1053/17/746 1019/17/706
f 1055/19/748 1019/17/706 1021/19/708
f 1053/17/746 1051/15/743 1017/15/704
f 1053/17/746 1017/15/704 1019/17/706
f 1051/15/743 1049/13/740 1015/13/702
f 1051/15/743 1015/13/702 1017/15/704
f 1049/13/740 1047/11/737 1012/11/699
f 1049/13/740 1012/11/699 1015/13/702
f 1047/11/737 1045/9/734 1010/9/697
f 1047/11/737 1010/9/697 1012/11/699
f 1045/9/734 1043/7/732 1008/7/695
f 1045/9/734 1008/7/695 1010/9/697
f 1043/7/732 1040/5/729 1005/5/692
f 1043/7/732 1005/5/692 1008/7/695
f 1040/5/729 1037/3/726 966/3/653
f 1040/5/729 966/3/653 1005/5/692
f 1037/3/726 1036/2/725 967/2/654
f 1037/3/726 967/2/654 966/3/653
s 3
f 1061/8/754 1062/7/755 1063/9/756
f 1061/8/754 1063/9/756 1064/10/757
s 4
f 1065/7/4 1066/5/3 1067/5/3
f 1065/7/4 1067/5/3 1068/7/4
s 5
f 1069/1/254 1070/2/1 1071/3/2
f 1069/1/254 1071/3/2 1072/4/758
s 3
f 1073/14/759 1074/16/760 1075/16/761
f 1073/14/759 1075/16/761 1076/14/762
s 4
f 1077/23/12 1078/21/11 1079/21/11
f 1077/23/12 1079/21/11 1080/23/12
s 5
f 1072/4/758 1071/3/2 1081/5/3
f 1072/4/758 1081/5/3 1082/6/763
s 3
f 1083/12/764 1084/11/765 1085/13/766
f 1083/12/764 1085/13/766 1073/14/759
s 4
f 1086/39/20 1087/37/19 1088/37/19
f 1086/39/20 1088/37/19 1089/39/20
s 5
f 1082/6/763 1081/5/3 1090/7/4
f 1082/6/763 1090/7/4 1091/8/767
s 3
f 1073/14/759 1085/13/766 1092/15/768
f 1073/14/759 1092/15/768 1074/16/760
s 4
f 1093/55/28 1094/53/27 1095/53/27
f 1093/55/28 1095/53/27 1096/55/28
s 5
f 1091/8/767 1090/7/4 1097/9/5
f 1091/8/767 1097/9/5 1098/10/769
s 3
f 1074/16/760 1092/15/768 1099/17/770
f 1074/16/760 1099/17/770 1100/18/771
s 4
f 1101/59/30 1102/57/29 1103/57/29
f 1101/59/30 1103/57/29 1104/59/30
s 5
f 1098/10/769 1097/9/5 1105/11/6
f 1098/10/769 1105/11/6 1106/12/772
s 3
f 1100/18/771 1099/17/770 1107/19/773
f 1100/18/771 1107/19/773 1108/20/774
s 4
f 1109/65/254 1110/63/32 1111/63/32
f 1109/65/254 1111/63/32 1112/65/33
s 5
f 1106/12/772 1105/11/6 1113/13/7
f 1106/12/772 1113/13/7 1114/14/775
s 3
f 1108/20/774 1107/19/773 1115/21/776
f 1108/20/774 1115/21/776 1116/22/777
s 4
f 1117/17/9 1118/15/8 1119/15/8
f 1117/17/9 1119/15/8 1120/17/9
s 5
f 1114/14/775 1113/13/7 1121/15/8
f 1114/14/775 1121/15/8 1122/16/778
s 3
f 1116/22/777 1115/21/776 1123/23/779
f 1116/22/777 1123/23/779 1124/24/780
s 4
f 1125/33/17 1126/31/16 1127/31/16
f 1125/33/17 1127/31/16 1128/33/17
s 5
f 1122/16/778 1121/15/8 1129/17/9
f 1122/16/778 1129/17/9 1130/18/781
s 3
f 1124/24/780 1123/23/779 1131/25/782
f 1124/24/780 1131/25/782 1132/26/783
s 4
f 1133/49/25 1134/47/24 1135/47/24
f 1133/49/25 1135/47/24 1136/49/25
s 5
f 1130/18/781 1129/17/9 1137/19/10
f 1130/18/781 1137/19/10 1138/20/784
s 3
f 1132/26/783 1131/25/782 1139/27/785
f 1132/26/783 1139/27/785 1140/28/786
s 4
f 1141/11/6 1142/9/5 1143/9/5
f 1141/11/6 1143/9/5 1144/11/6
s 5
f 1138/20/784 1137/19/10 1145/21/11
f 1138/20/784 1145/21/11 1146/22/787
s 3
f 1140/28/786 1139/27/785 1147/29/788
f 1140/28/786 1147/29/788 1148/30/789
s 4
f 1149/27/14 1150/25/13 1151/25/13
f 1149/27/14 1151/25/13 1152/27/14
s 5
f 1146/22/787 1145/21/11 1153/23/12
f 1146/22/787 1153/23/12 1154/24/790
s 3
f 1148/30/789 1147/29/788 1155/31/791
f 1148/30/789 1155/31/791 1156/32/792
s 4
f 1157/43/22 1158/41/21 1159/41/21
f 1157/43/22 1159/41/21 1160/43/22
s 5
f 1154/24/790 1153/23/12 1161/25/13
f 1154/24/790 1161/25/13 1162/26/793
s 3
f 1156/32/792 1155/31/791 1163/33/794
f 1156/32/792 1163/33/794 1164/34/795
s 4
f 1110/63/32 1165/61/31 1166/61/31
f 1110/63/32 1166/61/31 1111/63/32
s 5
f 1162/26/793 1161/25/13 1167/27/14
f 1162/26/793 1167/27/14 1168/28/796
s 3
f 1164/34/795 1163/33/794 1169/35/797
f 1164/34/795 1169/35/797 1170/36/798
s 4
f 1066/5/3 1171/3/2 1172/3/2
f 1066/5/3 1172/3/2 1067/5/3
s 5
f 1168/28/796 1167/27/14 1173/29/15
f 1168/28/796 1173/29/15 1174/30/799
s 3
f 1170/36/798 1169/35/797 1175/37/800
f 1170/36/798 1175/37/800 1176/38/801
s 4
f 1078/21/11 1177/19/10 1178/19/10
f 1078/21/11 1178/19/10 1079/21/11
s 5
f 1174/30/799 1173/29/15 1179/31/16
f 1174/30/799 1179/31/16 1180/32/802
s 3
f 1176/38/801 1175/37/800 1181/39/803
f 1176/38/801 1181/39/803 1182/40/804
s 4
f 1087/37/19 1183/35/18 1184/35/18
f 1087/37/19 1184/35/18 1088/37/19
s 5
f 1180/32/802 1179/31/16 1185/33/17
f 1180/32/802 1185/33/17 1186/34/805
s 3
f 1182/40/804 1181/39/803 1187/41/806
f 1182/40/804 1187/41/806 1188/42/807
s 4
f 1094/53/27 1189/51/26 1190/51/26
f 1094/53/27 1190/51/26 1095/53/27
s 5
f 1186/34/805 1185/33/17 1191/35/18
f 1186/34/805 1191/35/18 1192/36/808
s 3
f 1188/42/807 1187/41/806 1193/43/809
f 1188/42/807 1193/43/809 1194/44/810
s 4
f 1102/57/29 1093/55/28 1096/55/28
f 1102/57/29 1096/55/28 1103/57/29
s 5
f 1192/36/808 1191/35/18 1195/37/19
f 1192/36/808 1195/37/19 1196/38/811
s 3
f 1194/44/810 1193/43/809 1197/45/812
f 1194/44/810 1197/45/812 1198/46/813
s 4
f 1118/15/8 1199/13/7 1200/13/7
f 1118/15/8 1200/13/7 1119/15/8
s 5
f 1196/38/811 1195/37/19 1201/39/20
f 1196/38/811 1201/39/20 1202/40/814
s 3
f 1198/46/813 1197/45/812 1203/47/815
f 1198/46/813 1203/47/815 1204/48/816
s 4
f 1126/31/16 1205/29/15 1206/29/15
f 1126/31/16 1206/29/15 1127/31/16
s 5
f 1202/40/814 1201/39/20 1207/41/21
f 1202/40/814 1207/41/21 1208/42/817
s 3
f 1204/48/816 1203/47/815 1209/49/818
f 1204/48/816 1209/49/818 1210/50/819
s 4
f 1134/47/24 1211/45/23 1212/45/23
f 1134/47/24 1212/45/23 1135/47/24
s 5
f 1208/42/817 1207/41/21 1213/43/22
f 1208/42/817 1213/43/22 1214/44/820
s 3
f 1210/50/819 1209/49/818 1215/51/821
f 1210/50/819 1215/51/821 1216/52/822
s 4
f 1142/9/5 1065/7/4 1068/7/4
f 1142/9/5 1068/7/4 1143/9/5
s 5
f 1214/44/820 1213/43/22 1217/45/23
f 1214/44/820 1217/45/23 1218/46/823
s 3
f 1216/52/822 1215/51/821 1219/53/824
f 1216/52/822 1219/53/824 1220/54/825
s 4
f 1150/25/13 1077/23/12 1080/23/12
f 1150/25/13 1080/23/12 1151/25/13
s 5
f 1218/46/823 1217/45/23 1221/47/24
f 1218/46/823 1221/47/24 1222/48/826
s 3
f 1220/54/825 1219/53/824 1223/55/827
f 1220/54/825 1223/55/827 1224/56/828
s 4
f 1158/41/21 1086/39/20 1089/39/20
f 1158/41/21 1089/39/20 1159/41/21
s 5
f 1222/48/826 1221/47/24 1225/49/25
f 1222/48/826 1225/49/25 1226/50/829
s 3
f 1224/56/828 1223/55/827 1227/57/830
f 1224/56/828 1227/57/830 1228/58/831
s 4
f 1165/61/31 1101/59/30 1104/59/30
f 1165/61/31 1104/59/30 1166/61/31
s 5
f 1226/50/829 1225/49/25 1229/51/26
f 1226/50/829 1229/51/26 1230/52/832
s 3
f 1228/58/831 1227/57/830 1231/59/833
f 1228/58/831 1231/59/833 1232/60/834
s 4
f 1177/19/10 1117/17/9 1120/17/9
f 1177/19/10 1120/17/9 1178/19/10
s 5
f 1230/52/832 1229/51/26 1233/53/27
f 1230/52/832 1233/53/27 1234/54/835
s 3
f 1232/60/834 1231/59/833 1235/61/836
f 1232/60/834 1235/61/836 1236/62/837
s 4
f 1183/35/18 1125/33/17 1128/33/17
f 1183/35/18 1128/33/17 1184/35/18
s 5
f 1234/54/835 1233/53/27 1237/55/28
f 1234/54/835 1237/55/28 1238/56/838
s 3
f 1239/46/839 1240/48/840 1203/47/815
f 1239/46/839 1203/47/815 1197/45/812
s 4
f 1189/51/26 1133/49/25 1136/49/25
f 1189/51/26 1136/49/25 1190/51/26
s 5
f 1238/56/838 1237/55/28 1241/57/29
f 1238/56/838 1241/57/29 1242/58/841
s 4
f 1171/3/2 1243/2/1 1244/2/1
f 1171/3/2 1244/2/1 1172/3/2
f 1199/13/7 1141/11/6 1144/11/6
f 1199/13/7 1144/11/6 1200/13/7
s 5
f 1242/58/841 1241/57/29 1245/59/30
f 1242/58/841 1245/59/30 1246/60/842
s 4
f 1205/29/15 1149/27/14 1152/27/14
f 1205/29/15 1152/27/14 1206/29/15
f 1067/5/3 1172/3/2 1247/3/843
f 1067/5/3 1247/3/843 1248/5/844
s 5
f 1246/60/842 1245/59/30 1249/61/31
f 1246/60/842 1249/61/31 1250/62/845
f 1217/45/23 1213/43/22 1251/43/22
f 1217/45/23 1251/43/22 1252/45/23
s 4
f 1253/32/802 1254/34/805 1255/34/846
f 1253/32/802 1255/34/846 1256/32/847
s 5
f 1250/62/845 1249/61/31 1257/63/32
f 1250/62/845 1257/63/32 1258/64/848
s 3
f 1064/10/757 1063/9/756 1084/11/765
f 1064/10/757 1084/11/765 1083/12/764
s 4
f 1259/64/848 1110/63/32 1109/65/254
f 1259/64/848 1109/65/254 1260/66/849
s 5
f 1258/64/848 1257/63/32 1261/65/254
f 1258/64/848 1261/65/254 1262/66/850
f 1180/32/802 1186/34/805 1263/34/846
f 1180/32/802 1263/34/846 1264/32/847
s 3
f 1265/6/851 1266/5/852 1062/7/755
f 1265/6/851 1062/7/755 1061/8/754
f 1267/64/853 1268/63/854 1269/65/855
f 1267/64/853 1269/65/855 1270/66/33
f 1271/4/856 1272/3/857 1266/5/852
f 1271/4/856 1266/5/852 1265/6/851
f 1273/1/1 1274/2/858 1272/3/857
f 1273/1/1 1272/3/857 1271/4/856
f 1236/62/837 1235/61/836 1268/63/854
f 1236/62/837 1268/63/854 1267/64/853
s 6
f 1275/8/859 1276/7/4 1277/9/5
f 1275/8/859 1277/9/5 1278/10/860
f 1279/16/861 1280/18/862 1281/18/863
f 1279/16/861 1281/18/863 1282/16/864
f 1283/12/865 1284/11/6 1285/13/7
f 1283/12/865 1285/13/7 1286/14/866
f 1286/14/866 1285/13/7 1287/15/8
f 1286/14/866 1287/15/8 1279/16/861
f 1279/16/861 1287/15/8 1288/17/9
f 1279/16/861 1288/17/9 1280/18/862
f 1280/18/862 1288/17/9 1289/19/10
f 1280/18/862 1289/19/10 1290/20/867
f 1290/20/867 1289/19/10 1291/21/11
f 1290/20/867 1291/21/11 1292/22/868
f 1292/22/868 1291/21/11 1293/23/12
f 1292/22/868 1293/23/12 1294/24/869
f 1294/24/869 1293/23/12 1295/25/13
f 1294/24/869 1295/25/13 1296/26/870
f 1296/26/870 1295/25/13 1297/27/14
f 1296/26/870 1297/27/14 1298/28/871
f 1298/28/871 1297/27/14 1299/29/15
f 1298/28/871 1299/29/15 1300/30/872
f 1300/30/872 1299/29/15 1301/31/16
f 1300/30/872 1301/31/16 1302/32/873
f 1302/32/873 1301/31/16 1303/33/17
f 1302/32/873 1303/33/17 1304/34/17
f 1304/34/17 1303/33/17 1305/35/18
f 1304/34/17 1305/35/18 1306/36/874
f 1306/36/874 1305/35/18 1307/37/19
f 1306/36/874 1307/37/19 1308/38/875
f 1308/38/875 1307/37/19 1309/39/20
f 1308/38/875 1309/39/20 1310/40/876
f 1310/40/876 1309/39/20 1311/41/21
f 1310/40/876 1311/41/21 1312/42/877
f 1312/42/877 1311/41/21 1313/43/22
f 1312/42/877 1313/43/22 1314/44/878
f 1314/44/878 1313/43/22 1315/45/23
f 1314/44/878 1315/45/23 1316/46/879
f 1316/46/879 1315/45/23 1317/47/24
f 1316/46/879 1317/47/24 1318/48/880
f 1318/48/880 1317/47/24 1319/49/25
f 1318/48/880 1319/49/25 1320/50/881
f 1320/50/881 1319/49/25 1321/51/26
f 1320/50/881 1321/51/26 1322/52/882
f 1322/52/882 1321/51/26 1323/53/27
f 1322/52/882 1323/53/27 1324/54/883
f 1324/54/883 1323/53/27 1325/55/28
f 1324/54/883 1325/55/28 1326/56/884
f 1326/56/884 1325/55/28 1327/57/29
f 1326/56/884 1327/57/29 1328/58/885
f 1328/58/885 1327/57/29 1329/59/30
f 1328/58/885 1329/59/30 1330/60/886
f 1330/60/886 1329/59/30 1331/61/31
f 1330/60/886 1331/61/31 1332/62/887
f 1289/19/10 1288/17/9 1333/17/888
f 1289/19/10 1333/17/888 1334/19/889
f 1278/10/860 1277/9/5 1284/11/6
f 1278/10/860 1284/11/6 1283/12/865
f 1335/6/890 1336/5/3 1276/7/4
f 1335/6/890 1276/7/4 1275/8/859
f 1337/64/891 1338/63/32 1339/65/33
f 1337/64/891 1339/65/33 1340/66/33
f 1341/4/892 1342/3/2 1336/5/3
f 1341/4/892 1336/5/3 1335/6/890
f 1343/1/1 1344/2/1 1342/3/2
f 1343/1/1 1342/3/2 1341/4/892
f 1332/62/887 1331/61/31 1338/63/32
f 1332/62/887 1338/63/32 1337/64/891
s 7
f 1345/8/4 1346/7/893 1347/9/894
f 1345/8/4 1347/9/894 1348/10/5
f 1345/8/4 1348/10/5 1349/10/895
f 1345/8/4 1349/10/895 1350/8/896
f 1351/12/6 1352/11/897 1353/13/898
f 1351/12/6 1353/13/898 1354/14/7
f 1354/14/7 1353/13/898 1355/15/899
f 1354/14/7 1355/15/899 1356/16/8
f 1356/16/8 1355/15/899 1357/17/900
f 1356/16/8 1357/17/900 1358/18/9
f 1358/18/9 1357/17/900 1359/19/901
f 1358/18/9 1359/19/901 1360/20/10
f 1360/20/10 1359/19/901 1361/21/902
f 1360/20/10 1361/21/902 1362/22/11
f 1362/22/11 1361/21/902 1363/23/903
f 1362/22/11 1363/23/903 1364/24/12
f 1364/24/12 1363/23/903 1365/25/904
f 1364/24/12 1365/25/904 1366/26/13
f 1366/26/13 1365/25/904 1367/27/905
f 1366/26/13 1367/27/905 1368/28/14
f 1368/28/14 1367/27/905 1369/29/906
f 1368/28/14 1369/29/906 1370/30/15
f 1370/30/15 1369/29/906 1371/31/907
f 1370/30/15 1371/31/907 1372/32/16
f 1372/32/16 1371/31/907 1373/33/908
f 1372/32/16 1373/33/908 1374/34/17
f 1374/34/17 1373/33/908 1375/35/909
f 1374/34/17 1375/35/909 1376/36/18
f 1376/36/18 1375/35/909 1377/37/910
f 1376/36/18 1377/37/910 1378/38/19
f 1378/38/19 1377/37/910 1379/39/911
f 1378/38/19 1379/39/911 1380/40/20
f 1380/40/20 1379/39/911 1381/41/912
f 1380/40/20 1381/41/912 1382/42/21
f 1382/42/21 1381/41/912 1383/43/913
f 1382/42/21 1383/43/913 1384/44/22
f 1384/44/22 1383/43/913 1385/45/914
f 1384/44/22 1385/45/914 1386/46/23
f 1386/46/23 1385/45/914 1387/47/915
f 1386/46/23 1387/47/915 1388/48/24
f 1388/48/24 1387/47/915 1389/49/916
f 1388/48/24 1389/49/916 1390/50/25
f 1390/50/25 1389/49/916 1391/51/917
f 1390/50/25 1391/51/917 1392/52/26
f 1392/52/26 1391/51/917 1393/53/918
f 1392/52/26 1393/53/918 1394/54/27
f 1394/54/27 1393/53/918 1395/55/919
f 1394/54/27 1395/55/919 1396/56/28
f 1396/56/28 1395/55/919 1397/57/920
f 1396/56/28 1397/57/920 1398/58/29
f 1398/58/29 1397/57/920 1399/59/921
f 1398/58/29 1399/59/921 1400/60/30
f 1400/60/30 1399/59/921 1401/61/922
f 1400/60/30 1401/61/922 1402/62/31
f 1357/17/900 1355/15/899 1403/15/923
f 1357/17/900 1403/15/923 1404/17/924
f 1348/10/5 1347/9/894 1352/11/897
f 1348/10/5 1352/11/897 1351/12/6
f 1405/6/3 1406/5/925 1346/7/893
f 1405/6/3 1346/7/893 1345/8/4
f 1407/64/32 1408/63/926 1409/65/927
f 1407/64/32 1409/65/927 1410/66/33
f 1411/4/2 1412/3/928 1406/5/925
f 1411/4/2 1406/5/925 1405/6/3
f 1413/1/1 1414/2/929 1412/3/928
f 1413/1/1 1412/3/928 1411/4/2
f 1402/62/31 1401/61/922 1408/63/926
f 1402/62/31 1408/63/926 1407/64/32
s 8
f 1415/8/930 1416/7/4 1417/9/5
f 1415/8/930 1417/9/5 1418/10/931
f 1419/14/932 1420/16/933 1421/16/934
f 1419/14/932 1421/16/934 1422/14/935
f 1423/12/936 1424/11/6 1425/13/7
f 1423/12/936 1425/13/7 1419/14/932
f 1419/14/932 1425/13/7 1426/15/8
f 1419/14/932 1426/15/8 1420/16/933
f 1420/16/933 1426/15/8 1427/17/9
f 1420/16/933 1427/17/9 1428/18/937
f 1428/18/937 1427/17/9 1429/19/10
f 1428/18/937 1429/19/10 1430/20/938
f 1430/20/938 1429/19/10 1431/21/11
f 1430/20/938 1431/21/11 1432/22/939
f 1432/22/939 1431/21/11 1433/23/12
f 1432/22/939 1433/23/12 1434/24/940
f 1434/24/940 1433/23/12 1435/25/13
f 1434/24/940 1435/25/13 1436/26/941
f 1436/26/941 1435/25/13 1437/27/14
f 1436/26/941 1437/27/14 1438/28/942
f 1438/28/942 1437/27/14 1439/29/15
f 1438/28/942 1439/29/15 1440/30/15
f 1440/30/15 1439/29/15 1441/31/16
f 1440/30/15 1441/31/16 1442/32/16
f 1442/32/16 1441/31/16 1443/33/17
f 1442/32/16 1443/33/17 1444/34/17
f 1444/34/17 1443/33/17 1445/35/18
f 1444/34/17 1445/35/18 1446/36/18
f 1446/36/18 1445/35/18 1447/37/19
f 1446/36/18 1447/37/19 1448/38/19
f 1448/38/19 1447/37/19 1449/39/20
f 1448/38/19 1449/39/20 1450/40/943
f 1450/40/943 1449/39/20 1451/41/21
f 1450/40/943 1451/41/21 1452/42/944
f 1452/42/944 1451/41/21 1453/43/22
f 1452/42/944 1453/43/22 1454/44/945
f 1454/44/945 1453/43/22 1455/45/23
f 1454/44/945 1455/45/23 1456/46/946
f 1456/46/946 1455/45/23 1457/47/24
f 1456/46/946 1457/47/24 1458/48/947
f 1458/48/947 1457/47/24 1459/49/25
f 1458/48/947 1459/49/25 1460/50/948
f 1460/50/948 1459/49/25 1461/51/26
f 1460/50/948 1461/51/26 1462/52/949
f 1462/52/949 1461/51/26 1463/53/27
f 1462/52/949 1463/53/27 1464/54/950
f 1464/54/950 1463/53/27 1465/55/28
f 1464/54/950 1465/55/28 1466/56/951
f 1466/56/951 1465/55/28 1467/57/29
f 1466/56/951 1467/57/29 1468/58/952
f 1468/58/952 1467/57/29 1469/59/30
f 1468/58/952 1469/59/30 1470/60/953
f 1470/60/953 1469/59/30 1471/61/31
f 1470/60/953 1471/61/31 1472/62/31
f 1441/31/16 1439/29/15 1473/29/15
f 1441/31/16 1473/29/15 1474/31/16
f 1418/10/931 1417/9/5 1424/11/6
f 1418/10/931 1424/11/6 1423/12/936
f 1475/6/3 1476/5/3 1416/7/4
f 1475/6/3 1416/7/4 1415/8/930
f 1477/64/32 1478/63/32 1479/65/33
f 1477/64/32 1479/65/33 1480/66/195
f 1481/4/2 1482/3/2 1476/5/3
f 1481/4/2 1476/5/3 1475/6/3
f 1483/1/1 1484/2/1 1482/3/2
f 1483/1/1 1482/3/2 1481/4/2
f 1472/62/31 1471/61/31 1478/63/32
f 1472/62/31 1478/63/32 1477/64/32
s 5
f 1485/5/3 1486/3/2 1487/3/954
f 1485/5/3 1487/3/954 1488/5/955
f 1173/29/15 1167/27/14 1489/27/14
f 1173/29/15 1489/27/14 1490/29/15
f 1113/13/7 1105/11/6 1491/11/6
f 1113/13/7 1491/11/6 1492/13/7
f 1071/3/2 1070/2/1 1493/2/1
f 1071/3/2 1493/2/1 1486/3/2
f 1229/51/26 1225/49/25 1494/49/25
f 1229/51/26 1494/49/25 1495/51/26
f 1191/35/18 1185/33/17 1496/33/17
f 1191/35/18 1496/33/17 1497/35/18
f 1137/19/10 1129/17/9 1498/17/9
f 1137/19/10 1498/17/9 1499/19/10
f 1249/61/31 1245/59/30 1500/59/30
f 1249/61/31 1500/59/30 1501/61/31
f 1207/41/21 1201/39/20 1502/39/20
f 1207/41/21 1502/39/20 1503/41/21
f 1161/25/13 1153/23/12 1504/23/12
f 1161/25/13 1504/23/12 1505/25/13
f 1097/9/5 1090/7/4 1506/7/4
f 1097/9/5 1506/7/4 1507/9/5
f 1221/47/24 1217/45/23 1252/45/23
f 1221/47/24 1252/45/23 1508/47/24
f 1179/31/16 1173/29/15 1490/29/15
f 1179/31/16 1490/29/15 1509/31/16
f 1121/15/8 1113/13/7 1492/13/7
f 1121/15/8 1492/13/7 1510/15/956
f 1241/57/29 1237/55/28 1511/55/28
f 1241/57/29 1511/55/28 1512/57/29
f 1233/53/27 1229/51/26 1495/51/26
f 1233/53/27 1495/51/26 1513/53/27
f 1195/37/19 1191/35/18 1497/35/18
f 1195/37/19 1497/35/18 1514/37/19
f 1145/21/11 1137/19/10 1499/19/10
f 1145/21/11 1499/19/10 1515/21/11
f 1081/5/3 1071/3/2 1486/3/2
f 1081/5/3 1486/3/2 1485/5/3
f 1257/63/32 1249/61/31 1501/61/31
f 1257/63/32 1501/61/31 1516/63/32
f 1213/43/22 1207/41/21 1503/41/21
f 1213/43/22 1503/41/21 1251/43/22
f 1167/27/14 1161/25/13 1505/25/13
f 1167/27/14 1505/25/13 1489/27/14
f 1105/11/6 1097/9/5 1507/9/5
f 1105/11/6 1507/9/5 1491/11/6
f 1225/49/25 1221/47/24 1508/47/24
f 1225/49/25 1508/47/24 1494/49/25
f 1185/33/17 1179/31/16 1509/31/16
f 1185/33/17 1509/31/16 1496/33/17
f 1129/17/9 1121/15/8 1510/15/956
f 1129/17/9 1510/15/956 1498/17/9
f 1261/65/254 1257/63/32 1516/63/32
f 1261/65/254 1516/63/32 1517/65/195
f 1245/59/30 1241/57/29 1512/57/29
f 1245/59/30 1512/57/29 1500/59/30
f 1237/55/28 1233/53/27 1513/53/27
f 1237/55/28 1513/53/27 1511/55/28
f 1201/39/20 1195/37/19 1514/37/19
f 1201/39/20 1514/37/19 1502/39/20
f 1153/23/12 1145/21/11 1515/21/11
f 1153/23/12 1515/21/11 1504/23/12
f 1090/7/4 1081/5/3 1485/5/3
f 1090/7/4 1485/5/3 1506/7/4
f 1518/11/957 1519/9/958 1520/9/959
f 1518/11/957 1520/9/959 1521/11/960
f 1500/59/30 1512/57/29 1522/57/961
f 1500/59/30 1522/57/961 1523/59/962
f 1496/33/17 1509/31/16 1524/31/963
f 1496/33/17 1524/31/963 1525/33/964
f 1506/7/4 1485/5/3 1488/5/955
f 1506/7/4 1488/5/955 1526/7/965
f 1501/61/31 1500/59/30 1523/59/962
f 1501/61/31 1523/59/962 1527/61/966
f 1497/35/18 1496/33/17 1525/33/964
f 1497/35/18 1525/33/964 1528/35/967
f 1507/9/5 1506/7/4 1526/7/965
f 1507/9/5 1526/7/965 1519/9/958
f 1516/63/32 1501/61/31 1527/61/966
f 1516/63/32 1527/61/966 1529/63/968
f 1514/37/19 1497/35/18 1528/35/967
f 1514/37/19 1528/35/967 1530/37/969
f 1491/11/6 1507/9/5 1519/9/958
f 1491/11/6 1519/9/958 1518/11/957
f 1517/65/195 1516/63/32 1529/63/968
f 1517/65/195 1529/63/968 1531/65/970
f 1502/39/20 1514/37/19 1530/37/969
f 1502/39/20 1530/37/969 1532/39/971
f 1492/13/7 1491/11/6 1518/11/957
f 1492/13/7 1518/11/957 1533/13/972
f 1503/41/21 1502/39/20 1532/39/971
f 1503/41/21 1532/39/971 1534/41/973
f 1510/15/956 1492/13/7 1533/13/972
f 1510/15/956 1533/13/972 1535/15/974
f 1251/43/22 1503/41/21 1534/41/973
f 1251/43/22 1534/41/973 1536/43/975
f 1498/17/9 1510/15/956 1535/15/974
f 1498/17/9 1535/15/974 1537/17/976
f 1252/45/23 1251/43/22 1536/43/975
f 1252/45/23 1536/43/975 1538/45/977
f 1499/19/10 1498/17/9 1537/17/976
f 1499/19/10 1537/17/976 1539/19/978
f 1508/47/24 1252/45/23 1538/45/977
f 1508/47/24 1538/45/977 1540/47/979
f 1515/21/11 1499/19/10 1539/19/978
f 1515/21/11 1539/19/978 1541/21/980
f 1494/49/25 1508/47/24 1540/47/979
f 1494/49/25 1540/47/979 1542/49/981
f 1504/23/12 1515/21/11 1541/21/980
f 1504/23/12 1541/21/980 1543/23/982
f 1495/51/26 1494/49/25 1542/49/981
f 1495/51/26 1542/49/981 1544/51/983
f 1505/25/13 1504/23/12 1543/23/982
f 1505/25/13 1543/23/982 1545/25/984
f 1513/53/27 1495/51/26 1544/51/983
f 1513/53/27 1544/51/983 1546/53/985
f 1489/27/14 1505/25/13 1545/25/984
f 1489/27/14 1545/25/984 1547/27/986
f 1511/55/28 1513/53/27 1546/53/985
f 1511/55/28 1546/53/985 1548/55/987
f 1490/29/15 1489/27/14 1547/27/986
f 1490/29/15 1547/27/986 1549/29/988
f 1486/3/2 1493/2/1 1550/2/989
f 1486/3/2 1550/2/989 1487/3/954
f 1512/57/29 1511/55/28 1548/55/987
f 1512/57/29 1548/55/987 1522/57/961
f 1509/31/16 1490/29/15 1549/29/988
f 1509/31/16 1549/29/988 1524/31/963
f 1551/21/990 1552/19/991 1553/19/992
f 1551/21/990 1553/19/992 1554/21/993
f 1531/65/970 1529/63/968 1555/63/994
f 1531/65/970 1555/63/994 1556/65/995
f 1532/39/971 1530/37/969 1557/37/996
f 1532/39/971 1557/37/996 1558/39/997
f 1533/13/972 1518/11/957 1521/11/960
f 1533/13/972 1521/11/960 1559/13/998
f 1534/41/973 1532/39/971 1558/39/997
f 1534/41/973 1558/39/997 1560/41/999
f 1535/15/974 1533/13/972 1559/13/998
f 1535/15/974 1559/13/998 1561/15/1000
f 1536/43/975 1534/41/973 1560/41/999
f 1536/43/975 1560/41/999 1562/43/1001
f 1537/17/976 1535/15/974 1561/15/1000
f 1537/17/976 1561/15/1000 1563/17/1002
f 1538/45/977 1536/43/975 1562/43/1001
f 1538/45/977 1562/43/1001 1564/45/1003
f 1539/19/978 1537/17/976 1563/17/1002
f 1539/19/978 1563/17/1002 1552/19/991
f 1540/47/979 1538/45/977 1564/45/1003
f 1540/47/979 1564/45/1003 1565/47/1004
f 1541/21/980 1539/19/978 1552/19/991
f 1541/21/980 1552/19/991 1551/21/990
f 1542/49/981 1540/47/979 1565/47/1004
f 1542/49/981 1565/47/1004 1566/49/1005
f 1543/23/982 1541/21/980 1551/21/990
f 1543/23/982 1551/21/990 1567/23/1006
f 1544/51/983 1542/49/981 1566/49/1005
f 1544/51/983 1566/49/1005 1568/51/1007
f 1545/25/984 1543/23/982 1567/23/1006
f 1545/25/984 1567/23/1006 1569/25/1008
f 1546/53/985 1544/51/983 1568/51/1007
f 1546/53/985 1568/51/1007 1570/53/1009
f 1547/27/986 1545/25/984 1569/25/1008
f 1547/27/986 1569/25/1008 1571/27/1010
f 1548/55/987 1546/53/985 1570/53/1009
f 1548/55/987 1570/53/1009 1572/55/1011
f 1549/29/988 1547/27/986 1571/27/1010
f 1549/29/988 1571/27/1010 1573/29/1012
f 1487/3/954 1550/2/989 1574/2/1013
f 1487/3/954 1574/2/1013 1575/3/1014
f 1522/57/961 1548/55/987 1572/55/1011
f 1522/57/961 1572/55/1011 1576/57/1015
f 1524/31/963 1549/29/988 1573/29/1012
f 1524/31/963 1573/29/1012 1577/31/1016
f 1488/5/955 1487/3/954 1575/3/1014
f 1488/5/955 1575/3/1014 1578/5/1017
f 1523/59/962 1522/57/961 1576/57/1015
f 1523/59/962 1576/57/1015 1579/59/1018
f 1525/33/964 1524/31/963 1577/31/1016
f 1525/33/964 1577/31/1016 1580/33/1019
f 1526/7/965 1488/5/955 1578/5/1017
f 1526/7/965 1578/5/1017 1581/7/1020
f 1527/61/966 1523/59/962 1579/59/1018
f 1527/61/966 1579/59/1018 1582/61/1021
f 1528/35/967 1525/33/964 1580/33/1019
f 1528/35/967 1580/33/1019 1583/35/1022
f 1519/9/958 1526/7/965 1581/7/1020
f 1519/9/958 1581/7/1020 1520/9/959
f 1529/63/968 1527/61/966 1582/61/1021
f 1529/63/968 1582/61/1021 1555/63/994
f 1530/37/969 1528/35/967 1583/35/1022
f 1530/37/969 1583/35/1022 1557/37/996
f 1584/27/1023 1585/25/1024 1586/25/1025
f 1584/27/1023 1586/25/1025 1587/27/1026
f 1566/49/1005 1565/47/1004 1588/47/1027
f 1566/49/1005 1588/47/1027 1589/49/1028
f 1567/23/1006 1551/21/990 1554/21/993
f 1567/23/1006 1554/21/993 1590/23/1029
f 1568/51/1007 1566/49/1005 1589/49/1028
f 1568/51/1007 1589/49/1028 1591/51/1030
f 1569/25/1008 1567/23/1006 1590/23/1029
f 1569/25/1008 1590/23/1029 1585/25/1024
f 1570/53/1009 1568/51/1007 1591/51/1030
f 1570/53/1009 1591/51/1030 1592/53/1031
f 1571/27/1010 1569/25/1008 1585/25/1024
f 1571/27/1010 1585/25/1024 1584/27/1023
f 1572/55/1011 1570/53/1009 1592/53/1031
f 1572/55/1011 1592/53/1031 1593/55/1032
f 1573/29/1012 1571/27/1010 1584/27/1023
f 1573/29/1012 1584/27/1023 1594/29/1033
f 1575/3/1014 1574/2/1013 1595/2/1034
f 1575/3/1014 1595/2/1034 1596/3/1035
f 1576/57/1015 1572/55/1011 1593/55/1032
f 1576/57/1015 1593/55/1032 1597/57/1036
f 1577/31/1016 1573/29/1012 1594/29/1033
f 1577/31/1016 1594/29/1033 1598/31/1037
f 1578/5/1017 1575/3/1014 1596/3/1035
f 1578/5/1017 1596/3/1035 1599/5/1038
f 1579/59/1018 1576/57/1015 1597/57/1036
f 1579/59/1018 1597/57/1036 1600/59/1039
f 1580/33/1019 1577/31/1016 1598/31/1037
f 1580/33/1019 1598/31/1037 1601/33/1040
f 1581/7/1020 1578/5/1017 1599/5/1038
f 1581/7/1020 1599/5/1038 1602/7/1041
f 1582/61/1021 1579/59/1018 1600/59/1039
f 1582/61/1021 1600/59/1039 1603/61/1042
f 1583/35/1022 1580/33/1019 1601/33/1040
f 1583/35/1022 1601/33/1040 1604/35/1043
f 1520/9/959 1581/7/1020 1602/7/1041
f 1520/9/959 1602/7/1041 1605/9/1044
f 1555/63/994 1582/61/1021 1603/61/1042
f 1555/63/994 1603/61/1042 1606/63/1045
f 1557/37/996 1583/35/1022 1604/35/1043
f 1557/37/996 1604/35/1043 1607/37/1046
f 1521/11/960 1520/9/959 1605/9/1044
f 1521/11/960 1605/9/1044 1608/11/1047
f 1556/65/995 1555/63/994 1606/63/1045
f 1556/65/995 1606/63/1045 1609/65/1048
f 1558/39/997 1557/37/996 1607/37/1046
f 1558/39/997 1607/37/1046 1610/39/1049
f 1559/13/998 1521/11/960 1608/11/1047
f 1559/13/998 1608/11/1047 1611/13/1050
f 1560/41/999 1558/39/997 1610/39/1049
f 1560/41/999 1610/39/1049 1612/41/1051
f 1561/15/1000 1559/13/998 1611/13/1050
f 1561/15/1000 1611/13/1050 1613/15/1052
f 1562/43/1001 1560/41/999 1612/41/1051
f 1562/43/1001 1612/41/1051 1614/43/1053
f 1563/17/1002 1561/15/1000 1613/15/1052
f 1563/17/1002 1613/15/1052 1615/17/1054
f 1564/45/1003 1562/43/1001 1614/43/1053
f 1564/45/1003 1614/43/1053 1616/45/1055
f 1552/19/991 1563/17/1002 1615/17/1054
f 1552/19/991 1615/17/1054 1553/19/992
f 1565/47/1004 1564/45/1003 1616/45/1055
f 1565/47/1004 1616/45/1055 1588/47/1027
f 1617/33/1056 1618/31/1057 1619/31/1058
f 1617/33/1056 1619/31/1058 1620/33/1059
f 1593/55/1032 1592/53/1031 1621/53/1060
f 1593/55/1032 1621/53/1060 1622/55/1061
f 1594/29/1033 1584/27/1023 1587/27/1026
f 1594/29/1033 1587/27/1026 1623/29/1062
f 1596/3/1035 1595/2/1034 1624/2/1063
f 1596/3/1035 1624/2/1063 1625/3/1064
f 1597/57/1036 1593/55/1032 1622/55/1061
f 1597/57/1036 1622/55/1061 1626/57/1065
f 1598/31/1037 1594/29/1033 1623/29/1062
f 1598/31/1037 1623/29/1062 1618/31/1057
f 1599/5/1038 1596/3/1035 1625/3/1064
f 1599/5/1038 1625/3/1064 1627/5/1066
f 1600/59/1039 1597/57/1036 1626/57/1065
f 1600/59/1039 1626/57/1065 1628/59/1067
f 1601/33/1040 1598/31/1037 1618/31/1057
f 1601/33/1040 1618/31/1057 1617/33/1056
f 1602/7/1041 1599/5/1038 1627/5/1066
f 1602/7/1041 1627/5/1066 1629/7/1068
f 1603/61/1042 1600/59/1039 1628/59/1067
f 1603/61/1042 1628/59/1067 1630/61/1069
f 1604/35/1043 1601/33/1040 1617/33/1056
f 1604/35/1043 1617/33/1056 1631/35/1070
f 1605/9/1044 1602/7/1041 1629/7/1068
f 1605/9/1044 1629/7/1068 1632/9/1071
f 1606/63/1045 1603/61/1042 1630/61/1069
f 1606/63/1045 1630/61/1069 1633/63/1072
f 1607/37/1046 1604/35/1043 1631/35/1070
f 1607/37/1046 1631/35/1070 1634/37/1073
f 1608/11/1047 1605/9/1044 1632/9/1071
f 1608/11/1047 1632/9/1071 1635/11/1074
f 1609/65/1048 1606/63/1045 1633/63/1072
f 1609/65/1048 1633/63/1072 1636/65/1075
f 1610/39/1049 1607/37/1046 1634/37/1073
f 1610/39/1049 1634/37/1073 1637/39/1076
f 1611/13/1050 1608/11/1047 1635/11/1074
f 1611/13/1050 1635/11/1074 1638/13/1077
f 1612/41/1051 1610/39/1049 1637/39/1076
f 1612/41/1051 1637/39/1076 1639/41/1078
f 1613/15/1052 1611/13/1050 1638/13/1077
f 1613/15/1052 1638/13/1077 1640/15/1079
f 1614/43/1053 1612/41/1051 1639/41/1078
f 1614/43/1053 1639/41/1078 1641/43/1080
f 1615/17/1054 1613/15/1052 1640/15/1079
f 1615/17/1054 1640/15/1079 1642/17/1081
f 1616/45/1055 1614/43/1053 1641/43/1080
f 1616/45/1055 1641/43/1080 1643/45/1082
f 1553/19/992 1615/17/1054 1642/17/1081
f 1553/19/992 1642/17/1081 1644/19/1083
f 1588/47/1027 1616/45/1055 1643/45/1082
f 1588/47/1027 1643/45/1082 1645/47/1084
f 1554/21/993 1553/19/992 1644/19/1083
f 1554/21/993 1644/19/1083 1646/21/1085
f 1589/49/1028 1588/47/1027 1645/47/1084
f 1589/49/1028 1645/47/1084 1647/49/1086
f 1590/23/1029 1554/21/993 1646/21/1085
f 1590/23/1029 1646/21/1085 1648/23/1087
f 1591/51/1030 1589/49/1028 1647/49/1086
f 1591/51/1030 1647/49/1086 1649/51/1088
f 1585/25/1024 1590/23/1029 1648/23/1087
f 1585/25/1024 1648/23/1087 1586/25/1025
f 1592/53/1031 1591/51/1030 1649/51/1088
f 1592/53/1031 1649/51/1088 1621/53/1060
f 1650/39/1089 1651/37/1090 1652/37/1091
f 1650/39/1089 1652/37/1091 1653/39/1092
f 1629/7/1068 1627/5/1066 1654/5/1093
f 1629/7/1068 1654/5/1093 1655/7/1094
f 1630/61/1069 1628/59/1067 1656/59/1095
f 1630/61/1069 1656/59/1095 1657/61/1096
f 1631/35/1070 1617/33/1056 1620/33/1059
f 1631/35/1070 1620/33/1059 1658/35/1097
f 1632/9/1071 1629/7/1068 1655/7/1094
f 1632/9/1071 1655/7/1094 1659/9/1098
f 1633/63/1072 1630/61/1069 1657/61/1096
f 1633/63/1072 1657/61/1096 1660/63/1099
f 1634/37/1073 1631/35/1070 1658/35/1097
f 1634/37/1073 1658/35/1097 1651/37/1090
f 1635/11/1074 1632/9/1071 1659/9/1098
f 1635/11/1074 1659/9/1098 1661/11/1100
f 1636/65/1075 1633/63/1072 1660/63/1099
f 1636/65/1075 1660/63/1099 1662/65/1101
f 1637/39/1076 1634/37/1073 1651/37/1090
f 1637/39/1076 1651/37/1090 1650/39/1089
f 1638/13/1077 1635/11/1074 1661/11/1100
f 1638/13/1077 1661/11/1100 1663/13/1102
f 1639/41/1078 1637/39/1076 1650/39/1089
f 1639/41/1078 1650/39/1089 1664/41/1103
f 1640/15/1079 1638/13/1077 1663/13/1102
f 1640/15/1079 1663/13/1102 1665/15/1104
f 1641/43/1080 1639/41/1078 1664/41/1103
f 1641/43/1080 1664/41/1103 1666/43/1105
f 1642/17/1081 1640/15/1079 1665/15/1104
f 1642/17/1081 1665/15/1104 1667/17/1106
f 1643/45/1082 1641/43/1080 1666/43/1105
f 1643/45/1082 1666/43/1105 1668/45/1107
f 1644/19/1083 1642/17/1081 1667/17/1106
f 1644/19/1083 1667/17/1106 1669/19/1108
f 1645/47/1084 1643/45/1082 1668/45/1107
f 1645/47/1084 1668/45/1107 1670/47/1109
f 1646/21/1085 1644/19/1083 1669/19/1108
f 1646/21/1085 1669/19/1108 1671/21/1110
f 1647/49/1086 1645/47/1084 1670/47/1109
f 1647/49/1086 1670/47/1109 1672/49/1111
f 1648/23/1087 1646/21/1085 1671/21/1110
f 1648/23/1087 1671/21/1110 1673/23/1112
f 1649/51/1088 1647/49/1086 1672/49/1111
f 1649/51/1088 1672/49/1111 1674/51/1113
f 1586/25/1025 1648/23/1087 1673/23/1112
f 1586/25/1025 1673/23/1112 1675/25/1114
f 1621/53/1060 1649/51/1088 1674/51/1113
f 1621/53/1060 1674/51/1113 1676/53/1115
f 1587/27/1026 1586/25/1025 1675/25/1114
f 1587/27/1026 1675/25/1114 1677/27/1116
f 1622/55/1061 1621/53/1060 1676/53/1115
f 1622/55/1061 1676/53/1115 1678/55/1117
f 1623/29/1062 1587/27/1026 1677/27/1116
f 1623/29/1062 1677/27/1116 1679/29/1118
f 1625/3/1064 1624/2/1063 1680/2/1119
f 1625/3/1064 1680/2/1119 1681/3/1120
f 1626/57/1065 1622/55/1061 1678/55/1117
f 1626/57/1065 1678/55/1117 1682/57/1121
f 1618/31/1057 1623/29/1062 1679/29/1118
f 1618/31/1057 1679/29/1118 1619/31/1058
f 1627/5/1066 1625/3/1064 1681/3/1120
f 1627/5/1066 1681/3/1120 1654/5/1093
f 1628/59/1067 1626/57/1065 1682/57/1121
f 1628/59/1067 1682/57/1121 1656/59/1095
f 1683/45/1122 1684/43/1123 1685/43/1124
f 1683/45/1122 1685/43/1124 1686/45/1125
f 1663/13/1102 1661/11/1100 1687/11/1126
f 1663/13/1102 1687/11/1126 1688/13/1127
f 1664/41/1103 1650/39/1089 1653/39/1092
f 1664/41/1103 1653/39/1092 1689/41/1128
f 1665/15/1104 1663/13/1102 1688/13/1127
f 1665/15/1104 1688/13/1127 1690/15/1129
f 1666/43/1105 1664/41/1103 1689/41/1128
f 1666/43/1105 1689/41/1128 1684/43/1123
f 1667/17/1106 1665/15/1104 1690/15/1129
f 1667/17/1106 1690/15/1129 1691/17/1130
f 1668/45/1107 1666/43/1105 1684/43/1123
f 1668/45/1107 1684/43/1123 1683/45/1122
f 1669/19/1108 1667/17/1106 1691/17/1130
f 1669/19/1108 1691/17/1130 1692/19/1131
f 1670/47/1109 1668/45/1107 1683/45/1122
f 1670/47/1109 1683/45/1122 1693/47/1132
f 1671/21/1110 1669/19/1108 1692/19/1131
f 1671/21/1110 1692/19/1131 1694/21/1133
f 1672/49/1111 1670/47/1109 1693/47/1132
f 1672/49/1111 1693/47/1132 1695/49/1134
f 1673/23/1112 1671/21/1110 1694/21/1133
f 1673/23/1112 1694/21/1133 1696/23/1135
f 1674/51/1113 1672/49/1111 1695/49/1134
f 1674/51/1113 1695/49/1134 1697/51/1136
f 1675/25/1114 1673/23/1112 1696/23/1135
f 1675/25/1114 1696/23/1135 1698/25/1137
f 1676/53/1115 1674/51/1113 1697/51/1136
f 1676/53/1115 1697/51/1136 1699/53/1138
f 1677/27/1116 1675/25/1114 1698/25/1137
f 1677/27/1116 1698/25/1137 1700/27/1139
f 1678/55/1117 1676/53/1115 1699/53/1138
f 1678/55/1117 1699/53/1138 1701/55/1140
f 1679/29/1118 1677/27/1116 1700/27/1139
f 1679/29/1118 1700/27/1139 1702/29/1141
f 1681/3/1120 1680/2/1119 1703/2/1142
f 1681/3/1120 1703/2/1142 1704/3/1143
f 1682/57/1121 1678/55/1117 1701/55/1140
f 1682/57/1121 1701/55/1140 1705/57/1144
f 1619/31/1058 1679/29/1118 1702/29/1141
f 1619/31/1058 1702/29/1141 1706/31/1145
f 1654/5/1093 1681/3/1120 1704/3/1143
f 1654/5/1093 1704/3/1143 1707/5/1146
f 1656/59/1095 1682/57/1121 1705/57/1144
f 1656/59/1095 1705/57/1144 1708/59/1147
f 1620/33/1059 1619/31/1058 1706/31/1145
f 1620/33/1059 1706/31/1145 1709/33/1148
f 1655/7/1094 1654/5/1093 1707/5/1146
f 1655/7/1094 1707/5/1146 1710/7/1149
f 1657/61/1096 1656/59/1095 1708/59/1147
f 1657/61/1096 1708/59/1147 1711/61/1150
f 1658/35/1097 1620/33/1059 1709/33/1148
f 1658/35/1097 1709/33/1148 1712/35/1151
f 1659/9/1098 1655/7/1094 1710/7/1149
f 1659/9/1098 1710/7/1149 1713/9/1152
f 1660/63/1099 1657/61/1096 1711/61/1150
f 1660/63/1099 1711/61/1150 1714/63/1153
f 1651/37/1090 1658/35/1097 1712/35/1151
f 1651/37/1090 1712/35/1151 1652/37/1091
f 1661/11/1100 1659/9/1098 1713/9/1152
f 1661/11/1100 1713/9/1152 1687/11/1126
f 1662/65/1101 1660/63/1099 1714/63/1153
f 1662/65/1101 1714/63/1153 1715/65/1154
f 1716/51/1155 1717/49/1156 1718/49/1157
f 1716/51/1155 1718/49/1157 1719/51/1158
f 1692/19/1131 1691/17/1130 1720/17/1159
f 1692/19/1131 1720/17/1159 1721/19/1160
f 1693/47/1132 1683/45/1122 1686/45/1125
f 1693/47/1132 1686/45/1125 1722/47/1161
f 1694/21/1133 1692/19/1131 1721/19/1160
f 1694/21/1133 1721/19/1160 1723/21/1162
f 1695/49/1134 1693/47/1132 1722/47/1161
f 1695/49/1134 1722/47/1161 1717/49/1156
f 1696/23/1135 1694/21/1133 1723/21/1162
f 1696/23/1135 1723/21/1162 1724/23/1163
f 1697/51/1136 1695/49/1134 1717/49/1156
f 1697/51/1136 1717/49/1156 1716/51/1155
f 1698/25/1137 1696/23/1135 1724/23/1163
f 1698/25/1137 1724/23/1163 1725/25/1164
f 1699/53/1138 1697/51/1136 1716/51/1155
f 1699/53/1138 1716/51/1155 1726/53/1165
f 1700/27/1139 1698/25/1137 1725/25/1164
f 1700/27/1139 1725/25/1164 1727/27/1166
f 1701/55/1140 1699/53/1138 1726/53/1165
f 1701/55/1140 1726/53/1165 1728/55/1167
f 1702/29/1141 1700/27/1139 1727/27/1166
f 1702/29/1141 1727/27/1166 1729/29/1168
f 1704/3/1143 1703/2/1142 1730/2/1169
f 1704/3/1143 1730/2/1169 1731/3/1170
f 1705/57/1144 1701/55/1140 1728/55/1167
f 1705/57/1144 1728/55/1167 1732/57/1171
f 1706/31/1145 1702/29/1141 1729/29/1168
f 1706/31/1145 1729/29/1168 1733/31/1172
f 1707/5/1146 1704/3/1143 1731/3/1170
f 1707/5/1146 1731/3/1170 1734/5/1173
f 1708/59/1147 1705/57/1144 1732/57/1171
f 1708/59/1147 1732/57/1171 1735/59/1174
f 1709/33/1148 1706/31/1145 1733/31/1172
f 1709/33/1148 1733/31/1172 1736/33/1175
f 1710/7/1149 1707/5/1146 1734/5/1173
f 1710/7/1149 1734/5/1173 1737/7/1176
f 1711/61/1150 1708/59/1147 1735/59/1174
f 1711/61/1150 1735/59/1174 1738/61/1177
f 1712/35/1151 1709/33/1148 1736/33/1175
f 1712/35/1151 1736/33/1175 1739/35/1178
f 1713/9/1152 1710/7/1149 1737/7/1176
f 1713/9/1152 1737/7/1176 1740/9/1179
f 1714/63/1153 1711/61/1150 1738/61/1177
f 1714/63/1153 1738/61/1177 1741/63/1180
f 1652/37/1091 1712/35/1151 1739/35/1178
f 1652/37/1091 1739/35/1178 1742/37/1181
f 1687/11/1126 1713/9/1152 1740/9/1179
f 1687/11/1126 1740/9/1179 1743/11/1182
f 1715/65/1154 1714/63/1153 1741/63/1180
f 1715/65/1154 1741/63/1180 1744/65/1183
f 1653/39/1092 1652/37/1091 1742/37/1181
f 1653/39/1092 1742/37/1181 1745/39/1184
f 1688/13/1127 1687/11/1126 1743/11/1182
f 1688/13/1127 1743/11/1182 1746/13/1185
f 1689/41/1128 1653/39/1092 1745/39/1184
f 1689/41/1128 1745/39/1184 1747/41/1186
f 1690/15/1129 1688/13/1127 1746/13/1185
f 1690/15/1129 1746/13/1185 1748/15/1187
f 1684/43/1123 1689/41/1128 1747/41/1186
f 1684/43/1123 1747/41/1186 1685/43/1124
f 1691/17/1130 1690/15/1129 1748/15/1187
f 1691/17/1130 1748/15/1187 1720/17/1159
f 1749/3/1188 1750/2/1189 1751/2/1190
f 1749/3/1188 1751/2/1190 1752/3/1191
f 1725/25/1164 1724/23/1163 1753/23/1192
f 1725/25/1164 1753/23/1192 1754/25/1193
f 1726/53/1165 1716/51/1155 1719/51/1158
f 1726/53/1165 1719/51/1158 1755/53/1194
f 1727/27/1166 1725/25/1164 1754/25/1193
f 1727/27/1166 1754/25/1193 1756/27/1195
f 1728/55/1167 1726/53/1165 1755/53/1194
f 1728/55/1167 1755/53/1194 1757/55/1196
f 1729/29/1168 1727/27/1166 1756/27/1195
f 1729/29/1168 1756/27/1195 1758/29/1197
f 1731/3/1170 1730/2/1169 1750/2/1189
f 1731/3/1170 1750/2/1189 1749/3/1188
f 1732/57/1171 1728/55/1167 1757/55/1196
f 1732/57/1171 1757/55/1196 1759/57/1198
f 1733/31/1172 1729/29/1168 1758/29/1197
f 1733/31/1172 1758/29/1197 1760/31/1199
f 1734/5/1173 1731/3/1170 1749/3/1188
f 1734/5/1173 1749/3/1188 1761/5/1200
f 1735/59/1174 1732/57/1171 1759/57/1198
f 1735/59/1174 1759/57/1198 1762/59/1201
f 1736/33/1175 1733/31/1172 1760/31/1199
f 1736/33/1175 1760/31/1199 1763/33/1202
f 1737/7/1176 1734/5/1173 1761/5/1200
f 1737/7/1176 1761/5/1200 1764/7/1203
f 1738/61/1177 1735/59/1174 1762/59/1201
f 1738/61/1177 1762/59/1201 1765/61/1204
f 1739/35/1178 1736/33/1175 1763/33/1202
f 1739/35/1178 1763/33/1202 1766/35/1205
f 1740/9/1179 1737/7/1176 1764/7/1203
f 1740/9/1179 1764/7/1203 1767/9/1206
f 1741/63/1180 1738/61/1177 1765/61/1204
f 1741/63/1180 1765/61/1204 1768/63/1207
f 1742/37/1181 1739/35/1178 1766/35/1205
f 1742/37/1181 1766/35/1205 1769/37/1208
f 1743/11/1182 1740/9/1179 1767/9/1206
f 1743/11/1182 1767/9/1206 1770/11/1209
f 1744/65/1183 1741/63/1180 1768/63/1207
f 1744/65/1183 1768/63/1207 1771/65/1210
f 1745/39/1184 1742/37/1181 1769/37/1208
f 1745/39/1184 1769/37/1208 1772/39/1211
f 1746/13/1185 1743/11/1182 1770/11/1209
f 1746/13/1185 1770/11/1209 1773/13/1212
f 1747/41/1186 1745/39/1184 1772/39/1211
f 1747/41/1186 1772/39/1211 1774/41/1213
f 1748/15/1187 1746/13/1185 1773/13/1212
f 1748/15/1187 1773/13/1212 1775/15/1214
f 1685/43/1124 1747/41/1186 1774/41/1213
f 1685/43/1124 1774/41/1213 1776/43/1215
f 1720/17/1159 1748/15/1187 1775/15/1214
f 1720/17/1159 1775/15/1214 1777/17/1216
f 1686/45/1125 1685/43/1124 1776/43/1215
f 1686/45/1125 1776/43/1215 1778/45/1217
f 1721/19/1160 1720/17/1159 1777/17/1216
f 1721/19/1160 1777/17/1216 1779/19/1218
f 1722/47/1161 1686/45/1125 1778/45/1217
f 1722/47/1161 1778/45/1217 1780/47/1219
f 1723/21/1162 1721/19/1160 1779/19/1218
f 1723/21/1162 1779/19/1218 1781/21/1220
f 1717/49/1156 1722/47/1161 1780/47/1219
f 1717/49/1156 1780/47/1219 1718/49/1157
f 1724/23/1163 1723/21/1162 1781/21/1220
f 1724/23/1163 1781/21/1220 1753/23/1192
f 1782/9/1221 1783/7/1222 1784/7/1223
f 1782/9/1221 1784/7/1223 1785/9/1224
f 1759/57/1198 1757/55/1196 1786/55/1225
f 1759/57/1198 1786/55/1225 1787/57/1226
f 1760/31/1199 1758/29/1197 1788/29/1227
f 1760/31/1199 1788/29/1227 1789/31/1228
f 1761/5/1200 1749/3/1188 1752/3/1191
f 1761/5/1200 1752/3/1191 1790/5/1229
f 1762/59/1201 1759/57/1198 1787/57/1226
f 1762/59/1201 1787/57/1226 1791/59/1230
f 1763/33/1202 1760/31/1199 1789/31/1228
f 1763/33/1202 1789/31/1228 1792/33/1231
f 1764/7/1203 1761/5/1200 1790/5/1229
f 1764/7/1203 1790/5/1229 1783/7/1222
f 1765/61/1204 1762/59/1201 1791/59/1230
f 1765/61/1204 1791/59/1230 1793/61/1232
f 1766/35/1205 1763/33/1202 1792/33/1231
f 1766/35/1205 1792/33/1231 1794/35/1233
f 1767/9/1206 1764/7/1203 1783/7/1222
f 1767/9/1206 1783/7/1222 1782/9/1221
f 1768/63/1207 1765/61/1204 1793/61/1232
f 1768/63/1207 1793/61/1232 1795/63/1234
f 1769/37/1208 1766/35/1205 1794/35/1233
f 1769/37/1208 1794/35/1233 1796/37/1235
f 1770/11/1209 1767/9/1206 1782/9/1221
f 1770/11/1209 1782/9/1221 1797/11/1236
f 1771/65/1210 1768/63/1207 1795/63/1234
f 1771/65/1210 1795/63/1234 1798/65/1237
f 1772/39/1211 1769/37/1208 1796/37/1235
f 1772/39/1211 1796/37/1235 1799/39/1238
f 1773/13/1212 1770/11/1209 1797/11/1236
f 1773/13/1212 1797/11/1236 1800/13/1239
f 1774/41/1213 1772/39/1211 1799/39/1238
f 1774/41/1213 1799/39/1238 1801/41/1240
f 1775/15/1214 1773/13/1212 1800/13/1239
f 1775/15/1214 1800/13/1239 1802/15/1241
f 1776/43/1215 1774/41/1213 1801/41/1240
f 1776/43/1215 1801/41/1240 1803/43/1242
f 1777/17/1216 1775/15/1214 1802/15/1241
f 1777/17/1216 1802/15/1241 1804/17/1243
f 1778/45/1217 1776/43/1215 1803/43/1242
f 1778/45/1217 1803/43/1242 1805/45/1244
f 1779/19/1218 1777/17/1216 1804/17/1243
f 1779/19/1218 1804/17/1243 1806/19/1245
f 1780/47/1219 1778/45/1217 1805/45/1244
f 1780/47/1219 1805/45/1244 1807/47/1246
f 1781/21/1220 1779/19/1218 1806/19/1245
f 1781/21/1220 1806/19/1245 1808/21/1247
f 1718/49/1157 1780/47/1219 1807/47/1246
f 1718/49/1157 1807/47/1246 1809/49/1248
f 1753/23/1192 1781/21/1220 1808/21/1247
f 1753/23/1192 1808/21/1247 1810/23/1249
f 1719/51/1158 1718/49/1157 1809/49/1248
f 1719/51/1158 1809/49/1248 1811/51/1250
f 1754/25/1193 1753/23/1192 1810/23/1249
f 1754/25/1193 1810/23/1249 1812/25/1251
f 1755/53/1194 1719/51/1158 1811/51/1250
f 1755/53/1194 1811/51/1250 1813/53/1252
f 1756/27/1195 1754/25/1193 1812/25/1251
f 1756/27/1195 1812/25/1251 1814/27/1253
f 1757/55/1196 1755/53/1194 1813/53/1252
f 1757/55/1196 1813/53/1252 1786/55/1225
f 1758/29/1197 1756/27/1195 1814/27/1253
f 1758/29/1197 1814/27/1253 1788/29/1227
f 1815/15/1254 1816/13/1255 1817/13/1256
f 1815/15/1254 1817/13/1256 1818/15/1257
f 1795/63/1234 1793/61/1232 1819/61/1258
f 1795/63/1234 1819/61/1258 1820/63/1259
f 1796/37/1235 1794/35/1233 1821/35/1260
f 1796/37/1235 1821/35/1260 1822/37/1261
f 1797/11/1236 1782/9/1221 1785/9/1224
f 1797/11/1236 1785/9/1224 1823/11/1262
f 1798/65/1237 1795/63/1234 1820/63/1259
f 1798/65/1237 1820/63/1259 1824/65/1263
f 1799/39/1238 1796/37/1235 1822/37/1261
f 1799/39/1238 1822/37/1261 1825/39/1264
f 1800/13/1239 1797/11/1236 1823/11/1262
f 1800/13/1239 1823/11/1262 1816/13/1255
f 1801/41/1240 1799/39/1238 1825/39/1264
f 1801/41/1240 1825/39/1264 1826/41/1265
f 1802/15/1241 1800/13/1239 1816/13/1255
f 1802/15/1241 1816/13/1255 1815/15/1254
f 1803/43/1242 1801/41/1240 1826/41/1265
f 1803/43/1242 1826/41/1265 1827/43/1266
f 1804/17/1243 1802/15/1241 1815/15/1254
f 1804/17/1243 1815/15/1254 1828/17/1267
f 1805/45/1244 1803/43/1242 1827/43/1266
f 1805/45/1244 1827/43/1266 1829/45/1268
f 1806/19/1245 1804/17/1243 1828/17/1267
f 1806/19/1245 1828/17/1267 1830/19/1269
f 1807/47/1246 1805/45/1244 1829/45/1268
f 1807/47/1246 1829/45/1268 1831/47/1270
f 1808/21/1247 1806/19/1245 1830/19/1269
f 1808/21/1247 1830/19/1269 1832/21/1271
f 1809/49/1248 1807/47/1246 1831/47/1270
f 1809/49/1248 1831/47/1270 1833/49/1272
f 1810/23/1249 1808/21/1247 1832/21/1271
f 1810/23/1249 1832/21/1271 1834/23/1273
f 1811/51/1250 1809/49/1248 1833/49/1272
f 1811/51/1250 1833/49/1272 1835/51/1274
f 1812/25/1251 1810/23/1249 1834/23/1273
f 1812/25/1251 1834/23/1273 1836/25/1275
f 1813/53/1252 1811/51/1250 1835/51/1274
f 1813/53/1252 1835/51/1274 1837/53/1276
f 1814/27/1253 1812/25/1251 1836/25/1275
f 1814/27/1253 1836/25/1275 1838/27/1277
f 1786/55/1225 1813/53/1252 1837/53/1276
f 1786/55/1225 1837/53/1276 1839/55/1278
f 1788/29/1227 1814/27/1253 1838/27/1277
f 1788/29/1227 1838/27/1277 1840/29/1279
f 1752/3/1191 1751/2/1190 1841/2/1280
f 1752/3/1191 1841/2/1280 1842/3/1281
f 1787/57/1226 1786/55/1225 1839/55/1278
f 1787/57/1226 1839/55/1278 1843/57/1282
f 1789/31/1228 1788/29/1227 1840/29/1279
f 1789/31/1228 1840/29/1279 1844/31/1283
f 1790/5/1229 1752/3/1191 1842/3/1281
f 1790/5/1229 1842/3/1281 1845/5/1284
f 1791/59/1230 1787/57/1226 1843/57/1282
f 1791/59/1230 1843/57/1282 1846/59/1285
f 1792/33/1231 1789/31/1228 1844/31/1283
f 1792/33/1231 1844/31/1283 1847/33/1286
f 1783/7/1222 1790/5/1229 1845/5/1284
f 1783/7/1222 1845/5/1284 1784/7/1223
f 1793/61/1232 1791/59/1230 1846/59/1285
f 1793/61/1232 1846/59/1285 1819/61/1258
f 1794/35/1233 1792/33/1231 1847/33/1286
f 1794/35/1233 1847/33/1286 1821/35/1260
f 1848/21/1287 1849/19/1288 1850/19/1289
f 1848/21/1287 1850/19/1289 1851/21/1290
f 1827/43/1266 1826/41/1265 1852/41/1291
f 1827/43/1266 1852/41/1291 1853/43/1292
f 1828/17/1267 1815/15/1254 1818/15/1257
f 1828/17/1267 1818/15/1257 1854/17/1293
f 1829/45/1268 1827/43/1266 1853/43/1292
f 1829/45/1268 1853/43/1292 1855/45/1294
f 1830/19/1269 1828/17/1267 1854/17/1293
f 1830/19/1269 1854/17/1293 1849/19/1288
f 1831/47/1270 1829/45/1268 1855/45/1294
f 1831/47/1270 1855/45/1294 1856/47/1295
f 1832/21/1271 1830/19/1269 1849/19/1288
f 1832/21/1271 1849/19/1288 1848/21/1287
f 1833/49/1272 1831/47/1270 1856/47/1295
f 1833/49/1272 1856/47/1295 1857/49/1296
f 1834/23/1273 1832/21/1271 1848/21/1287
f 1834/23/1273 1848/21/1287 1858/23/1297
f 1835/51/1274 1833/49/1272 1857/49/1296
f 1835/51/1274 1857/49/1296 1859/51/1298
f 1836/25/1275 1834/23/1273 1858/23/1297
f 1836/25/1275 1858/23/1297 1860/25/1299
f 1837/53/1276 1835/51/1274 1859/51/1298
f 1837/53/1276 1859/51/1298 1861/53/1300
f 1838/27/1277 1836/25/1275 1860/25/1299
f 1838/27/1277 1860/25/1299 1862/27/1301
f 1839/55/1278 1837/53/1276 1861/53/1300
f 1839/55/1278 1861/53/1300 1863/55/1302
f 1840/29/1279 1838/27/1277 1862/27/1301
f 1840/29/1279 1862/27/1301 1864/29/1303
f 1842/3/1281 1841/2/1280 1865/2/1304
f 1842/3/1281 1865/2/1304 1866/3/1305
f 1843/57/1282 1839/55/1278 1863/55/1302
f 1843/57/1282 1863/55/1302 1867/57/1306
f 1844/31/1283 1840/29/1279 1864/29/1303
f 1844/31/1283 1864/29/1303 1868/31/1307
f 1845/5/1284 1842/3/1281 1866/3/1305
f 1845/5/1284 1866/3/1305 1869/5/1308
f 1846/59/1285 1843/57/1282 1867/57/1306
f 1846/59/1285 1867/57/1306 1870/59/1309
f 1847/33/1286 1844/31/1283 1868/31/1307
f 1847/33/1286 1868/31/1307 1871/33/1310
f 1784/7/1223 1845/5/1284 1869/5/1308
f 1784/7/1223 1869/5/1308 1872/7/1311
f 1819/61/1258 1846/59/1285 1870/59/1309
f 1819/61/1258 1870/59/1309 1873/61/1312
f 1821/35/1260 1847/33/1286 1871/33/1310
f 1821/35/1260 1871/33/1310 1874/35/1313
f 1785/9/1224 1784/7/1223 1872/7/1311
f 1785/9/1224 1872/7/1311 1875/9/1314
f 1820/63/1259 1819/61/1258 1873/61/1312
f 1820/63/1259 1873/61/1312 1876/63/1315
f 1822/37/1261 1821/35/1260 1874/35/1313
f 1822/37/1261 1874/35/1313 1877/37/1316
f 1823/11/1262 1785/9/1224 1875/9/1314
f 1823/11/1262 1875/9/1314 1878/11/1317
f 1824/65/1263 1820/63/1259 1876/63/1315
f 1824/65/1263 1876/63/1315 1879/65/1318
f 1825/39/1264 1822/37/1261 1877/37/1316
f 1825/39/1264 1877/37/1316 1880/39/1319
f 1816/13/1255 1823/11/1262 1878/11/1317
f 1816/13/1255 1878/11/1317 1817/13/1256
f 1826/41/1265 1825/39/1264 1880/39/1319
f 1826/41/1265 1880/39/1319 1852/41/1291
f 1881/27/1320 1882/25/1321 1883/25/1322
f 1881/27/1320 1883/25/1322 1884/27/1323
f 1857/49/1296 1856/47/1295 1885/47/1324
f 1857/49/1296 1885/47/1324 1886/49/1325
f 1858/23/1297 1848/21/1287 1851/21/1290
f 1858/23/1297 1851/21/1290 1887/23/1326
f 1859/51/1298 1857/49/1296 1886/49/1325
f 1859/51/1298 1886/49/1325 1888/51/1327
f 1860/25/1299 1858/23/1297 1887/23/1326
f 1860/25/1299 1887/23/1326 1882/25/1321
f 1861/53/1300 1859/51/1298 1888/51/1327
f 1861/53/1300 1888/51/1327 1889/53/1328
f 1862/27/1301 1860/25/1299 1882/25/1321
f 1862/27/1301 1882/25/1321 1881/27/1320
f 1863/55/1302 1861/53/1300 1889/53/1328
f 1863/55/1302 1889/53/1328 1890/55/1329
f 1864/29/1303 1862/27/1301 1881/27/1320
f 1864/29/1303 1881/27/1320 1891/29/1330
f 1866/3/1305 1865/2/1304 1892/2/1331
f 1866/3/1305 1892/2/1331 1893/3/1332
f 1867/57/1306 1863/55/1302 1890/55/1329
f 1867/57/1306 1890/55/1329 1894/57/1333
f 1868/31/1307 1864/29/1303 1891/29/1330
f 1868/31/1307 1891/29/1330 1895/31/1334
f 1869/5/1308 1866/3/1305 1893/3/1332
f 1869/5/1308 1893/3/1332 1896/5/1335
f 1870/59/1309 1867/57/1306 1894/57/1333
f 1870/59/1309 1894/57/1333 1897/59/1336
f 1871/33/1310 1868/31/1307 1895/31/1334
f 1871/33/1310 1895/31/1334 1898/33/1337
f 1872/7/1311 1869/5/1308 1896/5/1335
f 1872/7/1311 1896/5/1335 1899/7/1338
f 1873/61/1312 1870/59/1309 1897/59/1336
f 1873/61/1312 1897/59/1336 1900/61/1339
f 1874/35/1313 1871/33/1310 1898/33/1337
f 1874/35/1313 1898/33/1337 1901/35/1340
f 1875/9/1314 1872/7/1311 1899/7/1338
f 1875/9/1314 1899/7/1338 1902/9/1341
f 1876/63/1315 1873/61/1312 1900/61/1339
f 1876/63/1315 1900/61/1339 1903/63/1342
f 1877/37/1316 1874/35/1313 1901/35/1340
f 1877/37/1316 1901/35/1340 1904/37/1343
f 1878/11/1317 1875/9/1314 1902/9/1341
f 1878/11/1317 1902/9/1341 1905/11/1344
f 1879/65/1318 1876/63/1315 1903/63/1342
f 1879/65/1318 1903/63/1342 1906/65/227
f 1880/39/1319 1877/37/1316 1904/37/1343
f 1880/39/1319 1904/37/1343 1907/39/1345
f 1817/13/1256 1878/11/1317 1905/11/1344
f 1817/13/1256 1905/11/1344 1908/13/1346
f 1852/41/1291 1880/39/1319 1907/39/1345
f 1852/41/1291 1907/39/1345 1909/41/1347
f 1818/15/1257 1817/13/1256 1908/13/1346
f 1818/15/1257 1908/13/1346 1910/15/1348
f 1853/43/1292 1852/41/1291 1909/41/1347
f 1853/43/1292 1909/41/1347 1911/43/1349
f 1854/17/1293 1818/15/1257 1910/15/1348
f 1854/17/1293 1910/15/1348 1912/17/1350
f 1855/45/1294 1853/43/1292 1911/43/1349
f 1855/45/1294 1911/43/1349 1913/45/1351
f 1849/19/1288 1854/17/1293 1912/17/1350
f 1849/19/1288 1912/17/1350 1850/19/1289
f 1856/47/1295 1855/45/1294 1913/45/1351
f 1856/47/1295 1913/45/1351 1885/47/1324
f 1914/17/1352 1915/15/1353 1916/15/1354
f 1914/17/1352 1916/15/1354 1917/17/1355
f 1890/55/1329 1889/53/1328 1918/53/1356
f 1890/55/1329 1918/53/1356 1919/55/1357
f 1891/29/1330 1881/27/1320 1884/27/1323
f 1891/29/1330 1884/27/1323 1920/29/1358
f 1893/3/1332 1892/2/1331 1921/2/1359
f 1893/3/1332 1921/2/1359 1922/3/1360
f 1894/57/1333 1890/55/1329 1919/55/1357
f 1894/57/1333 1919/55/1357 1923/57/1361
f 1895/31/1334 1891/29/1330 1920/29/1358
f 1895/31/1334 1920/29/1358 1924/31/1362
f 1896/5/1335 1893/3/1332 1922/3/1360
f 1896/5/1335 1922/3/1360 1925/5/1363
f 1897/59/1336 1894/57/1333 1923/57/1361
f 1897/59/1336 1923/57/1361 1926/59/1364
f 1898/33/1337 1895/31/1334 1924/31/1362
f 1898/33/1337 1924/31/1362 1927/33/1365
f 1899/7/1338 1896/5/1335 1925/5/1363
f 1899/7/1338 1925/5/1363 1928/7/1366
f 1900/61/1339 1897/59/1336 1926/59/1364
f 1900/61/1339 1926/59/1364 1929/61/1367
f 1901/35/1340 1898/33/1337 1927/33/1365
f 1901/35/1340 1927/33/1365 1930/35/1368
f 1902/9/1341 1899/7/1338 1928/7/1366
f 1902/9/1341 1928/7/1366 1931/9/1369
f 1903/63/1342 1900/61/1339 1929/61/1367
f 1903/63/1342 1929/61/1367 1932/63/1370
f 1904/37/1343 1901/35/1340 1930/35/1368
f 1904/37/1343 1930/35/1368 1933/37/1371
f 1905/11/1344 1902/9/1341 1931/9/1369
f 1905/11/1344 1931/9/1369 1934/11/1372
f 1906/65/227 1903/63/1342 1932/63/1370
f 1906/65/227 1932/63/1370 1935/65/850
f 1907/39/1345 1904/37/1343 1933/37/1371
f 1907/39/1345 1933/37/1371 1936/39/1373
f 1908/13/1346 1905/11/1344 1934/11/1372
f 1908/13/1346 1934/11/1372 1937/13/1374
f 1909/41/1347 1907/39/1345 1936/39/1373
f 1909/41/1347 1936/39/1373 1938/41/1375
f 1910/15/1348 1908/13/1346 1937/13/1374
f 1910/15/1348 1937/13/1374 1915/15/1353
f 1911/43/1349 1909/41/1347 1938/41/1375
f 1911/43/1349 1938/41/1375 1939/43/1376
f 1912/17/1350 1910/15/1348 1915/15/1353
f 1912/17/1350 1915/15/1353 1914/17/1352
f 1913/45/1351 1911/43/1349 1939/43/1376
f 1913/45/1351 1939/43/1376 1940/45/1377
f 1850/19/1289 1912/17/1350 1914/17/1352
f 1850/19/1289 1914/17/1352 1941/19/1378
f 1885/47/1324 1913/45/1351 1940/45/1377
f 1885/47/1324 1940/45/1377 1942/47/1379
f 1851/21/1290 1850/19/1289 1941/19/1378
f 1851/21/1290 1941/19/1378 1943/21/1380
f 1886/49/1325 1885/47/1324 1942/47/1379
f 1886/49/1325 1942/47/1379 1944/49/1381
f 1887/23/1326 1851/21/1290 1943/21/1380
f 1887/23/1326 1943/21/1380 1945/23/1382
f 1888/51/1327 1886/49/1325 1944/49/1381
f 1888/51/1327 1944/49/1381 1946/51/1383
f 1882/25/1321 1887/23/1326 1945/23/1382
f 1882/25/1321 1945/23/1382 1883/25/1322
f 1889/53/1328 1888/51/1327 1946/51/1383
f 1889/53/1328 1946/51/1383 1918/53/1356
f 1947/46/1384 1948/48/1385 1949/48/1386
f 1947/46/1384 1949/48/1386 1950/46/1387
f 1951/35/847 1952/33/846 1953/33/1388
f 1951/35/847 1953/33/1388 1954/35/1389
f 1258/64/848 1262/66/850 1955/66/1390
f 1258/64/848 1955/66/1390 1956/64/1391
f 1941/19/1378 1914/17/1352 1917/17/1355
f 1941/19/1378 1917/17/1355 1957/19/1392
f 1146/22/787 1154/24/790 1958/24/1393
f 1146/22/787 1958/24/1393 1959/22/1394
f 1943/21/1380 1941/19/1378 1957/19/1392
f 1943/21/1380 1957/19/1392 1960/21/1384
f 1069/1/254 1072/4/758 1961/4/1395
f 1069/1/254 1961/4/1395 1962/1/1396
f 1106/12/772 1114/14/775 1963/14/1397
f 1106/12/772 1963/14/1397 1964/12/1398
f 1945/23/1382 1943/21/1380 1960/21/1384
f 1945/23/1382 1960/21/1384 1965/23/1399
f 1234/54/835 1238/56/838 1966/56/1400
f 1234/54/835 1966/56/1400 1967/54/1401
f 1883/25/1322 1945/23/1382 1965/23/1399
f 1883/25/1322 1965/23/1399 1968/25/1402
f 1214/44/820 1218/46/823 1947/46/1384
f 1214/44/820 1947/46/1384 1969/44/1399
f 1884/27/1323 1883/25/1322 1968/25/1402
f 1884/27/1323 1968/25/1402 1970/27/1403
f 1186/34/805 1192/36/808 1971/36/1404
f 1186/34/805 1971/36/1404 1263/34/846
f 1920/29/1358 1884/27/1323 1970/27/1403
f 1920/29/1358 1970/27/1403 1972/29/1405
f 1154/24/790 1162/26/793 1973/26/1406
f 1154/24/790 1973/26/1406 1958/24/1393
f 1924/31/1362 1920/29/1358 1972/29/1405
f 1924/31/1362 1972/29/1405 1974/31/1404
f 1114/14/775 1122/16/778 1975/16/1407
f 1114/14/775 1975/16/1407 1963/14/1397
f 1238/56/838 1242/58/841 1976/58/1408
f 1238/56/838 1976/58/1408 1966/56/1400
f 1927/33/1365 1924/31/1362 1974/31/1404
f 1927/33/1365 1974/31/1404 1952/33/846
f 1930/35/1368 1927/33/1365 1952/33/846
f 1930/35/1368 1952/33/846 1951/35/847
f 1072/4/758 1082/6/763 1977/6/1409
f 1072/4/758 1977/6/1409 1961/4/1395
f 1218/46/823 1222/48/826 1948/48/1385
f 1218/46/823 1948/48/1385 1947/46/1384
f 1933/37/1371 1930/35/1368 1951/35/847
f 1933/37/1371 1951/35/847 1978/37/1410
f 1192/36/808 1196/38/811 1979/38/1405
f 1192/36/808 1979/38/1405 1971/36/1404
f 1936/39/1373 1933/37/1371 1978/37/1410
f 1936/39/1373 1978/37/1410 1980/39/1411
f 1162/26/793 1168/28/796 1981/28/1411
f 1162/26/793 1981/28/1411 1973/26/1406
f 1938/41/1375 1936/39/1373 1980/39/1411
f 1938/41/1375 1980/39/1411 1982/41/1406
f 1242/58/841 1246/60/842 1983/60/1412
f 1242/58/841 1983/60/1412 1976/58/1408
f 1122/16/778 1130/18/781 1984/18/1413
f 1122/16/778 1984/18/1413 1975/16/1407
f 1939/43/1376 1938/41/1375 1982/41/1406
f 1939/43/1376 1982/41/1406 1985/43/1414
f 1940/45/1377 1939/43/1376 1985/43/1414
f 1940/45/1377 1985/43/1414 1986/45/1394
f 1082/6/763 1091/8/767 1987/8/1415
f 1082/6/763 1987/8/1415 1977/6/1409
f 1222/48/826 1226/50/829 1988/50/1416
f 1222/48/826 1988/50/1416 1948/48/1385
f 1942/47/1379 1940/45/1377 1986/45/1394
f 1942/47/1379 1986/45/1394 1989/47/1417
f 1196/38/811 1202/40/814 1990/40/1403
f 1196/38/811 1990/40/1403 1979/38/1405
f 1944/49/1381 1942/47/1379 1989/47/1417
f 1944/49/1381 1989/47/1417 1991/49/1413
f 1168/28/796 1174/30/799 1992/30/1410
f 1168/28/796 1992/30/1410 1981/28/1411
f 1946/51/1383 1944/49/1381 1991/49/1413
f 1946/51/1383 1991/49/1413 1993/51/1418
f 1246/60/842 1250/62/845 1994/62/1419
f 1246/60/842 1994/62/1419 1983/60/1412
f 1130/18/781 1138/20/784 1995/20/1420
f 1130/18/781 1995/20/1420 1984/18/1413
f 1918/53/1356 1946/51/1383 1993/51/1418
f 1918/53/1356 1993/51/1418 1996/53/1397
f 1919/55/1357 1918/53/1356 1996/53/1397
f 1919/55/1357 1996/53/1397 1997/55/1421
f 1091/8/767 1098/10/769 1998/10/1422
f 1091/8/767 1998/10/1422 1987/8/1415
f 1922/3/1360 1921/2/1359 1999/2/1390
f 1922/3/1360 1999/2/1390 2000/3/1391
f 1226/50/829 1230/52/832 2001/52/1423
f 1226/50/829 2001/52/1423 1988/50/1416
f 1923/57/1361 1919/55/1357 1997/55/1421
f 1923/57/1361 1997/55/1421 2002/57/1422
f 1925/5/1363 1922/3/1360 2000/3/1391
f 1925/5/1363 2000/3/1391 2003/5/1419
f 1202/40/814 1208/42/817 2004/42/1402
f 1202/40/814 2004/42/1402 1990/40/1403
f 1926/59/1364 1923/57/1361 2002/57/1422
f 1926/59/1364 2002/57/1422 2005/59/1415
f 1928/7/1366 1925/5/1363 2003/5/1419
f 1928/7/1366 2003/5/1419 2006/7/1412
f 1174/30/799 1180/32/802 1264/32/847
f 1174/30/799 1264/32/847 1992/30/1410
f 1929/61/1367 1926/59/1364 2005/59/1415
f 1929/61/1367 2005/59/1415 2007/61/1409
f 1931/9/1369 1928/7/1366 2006/7/1412
f 1931/9/1369 2006/7/1412 2008/9/1408
f 1250/62/845 1258/64/848 1956/64/1391
f 1250/62/845 1956/64/1391 1994/62/1419
f 1138/20/784 1146/22/787 1959/22/1394
f 1138/20/784 1959/22/1394 1995/20/1420
f 1932/63/1370 1929/61/1367 2007/61/1409
f 1932/63/1370 2007/61/1409 2009/63/1395
f 1934/11/1372 1931/9/1369 2008/9/1408
f 1934/11/1372 2008/9/1408 2010/11/1400
f 1935/65/850 1932/63/1370 2009/63/1395
f 1935/65/850 2009/63/1395 2011/65/1424
f 1098/10/769 1106/12/772 1964/12/1398
f 1098/10/769 1964/12/1398 1998/10/1422
f 1937/13/1374 1934/11/1372 2010/11/1400
f 1937/13/1374 2010/11/1400 2012/13/1401
f 1230/52/832 1234/54/835 1967/54/1401
f 1230/52/832 1967/54/1401 2001/52/1423
f 1915/15/1353 1937/13/1374 2012/13/1401
f 1915/15/1353 2012/13/1401 1916/15/1354
f 1208/42/817 1214/44/820 1969/44/1399
f 1208/42/817 1969/44/1399 2004/42/1402
f 1978/37/1410 1951/35/847 1954/35/1389
f 1978/37/1410 1954/35/1389 2017/37/1425
f 1948/48/1385 1988/50/1416 2018/50/1426
f 1948/48/1385 2018/50/1426 1949/48/1386
f 1980/39/1411 1978/37/1410 2017/37/1425
f 1980/39/1411 2017/37/1425 2019/39/1427
f 1988/50/1416 2001/52/1423 2020/52/1428
f 1988/50/1416 2020/52/1428 2018/50/1426
f 1982/41/1406 1980/39/1411 2019/39/1427
f 1982/41/1406 2019/39/1427 2021/41/1429
f 2001/52/1423 1967/54/1401 2022/54/1430
f 2001/52/1423 2022/54/1430 2020/52/1428
f 1985/43/1414 1982/41/1406 2021/41/1429
f 1985/43/1414 2021/41/1429 2023/43/1431
f 1967/54/1401 1966/56/1400 2024/56/1432
f 1967/54/1401 2024/56/1432 2022/54/1430
f 1962/1/1396 1961/4/1395 2025/4/1433
f 1962/1/1396 2025/4/1433 2026/1/1434
f 1986/45/1394 1985/43/1414 2023/43/1431
f 1986/45/1394 2023/43/1431 2027/45/1435
f 1966/56/1400 1976/58/1408 2028/58/1436
f 1966/56/1400 2028/58/1436 2024/56/1432
f 1961/4/1395 1977/6/1409 2029/6/1437
f 1961/4/1395 2029/6/1437 2025/4/1433
f 1989/47/1417 1986/45/1394 2027/45/1435
f 1989/47/1417 2027/45/1435 2030/47/1438
f 1976/58/1408 1983/60/1412 2031/60/1439
f 1976/58/1408 2031/60/1439 2028/58/1436
f 1977/6/1409 1987/8/1415 2032/8/1440
f 1977/6/1409 2032/8/1440 2029/6/1437
f 1991/49/1413 1989/47/1417 2030/47/1438
f 1991/49/1413 2030/47/1438 2033/49/1441
f 1983/60/1412 1994/62/1419 2034/62/1442
f 1983/60/1412 2034/62/1442 2031/60/1439
f 1987/8/1415 1998/10/1422 2035/10/1443
f 1987/8/1415 2035/10/1443 2032/8/1440
f 1993/51/1418 1991/49/1413 2033/49/1441
f 1993/51/1418 2033/49/1441 2036/51/1444
f 1994/62/1419 1956/64/1391 2037/64/1445
f 1994/62/1419 2037/64/1445 2034/62/1442
f 1998/10/1422 1964/12/1398 2038/12/1446
f 1998/10/1422 2038/12/1446 2035/10/1443
f 1996/53/1397 1993/51/1418 2036/51/1444
f 1996/53/1397 2036/51/1444 2039/53/1447
f 1956/64/1391 1955/66/1390 2040/66/1448
f 1956/64/1391 2040/66/1448 2037/64/1445
f 1964/12/1398 1963/14/1397 2041/14/1447
f 1964/12/1398 2041/14/1447 2038/12/1446
f 1997/55/1421 1996/53/1397 2039/53/1447
f 1997/55/1421 2039/53/1447 2042/55/1449
f 2000/3/1391 1999/2/1390 2043/2/1448
f 2000/3/1391 2043/2/1448 2044/3/1450
f 1963/14/1397 1975/16/1407 2045/16/1451
f 1963/14/1397 2045/16/1451 2041/14/1447
f 2002/57/1422 1997/55/1421 2042/55/1449
f 2002/57/1422 2042/55/1449 2046/57/1443
f 2003/5/1419 2000/3/1391 2044/3/1450
f 2003/5/1419 2044/3/1450 2047/5/1442
f 1975/16/1407 1984/18/1413 2048/18/1441
f 1975/16/1407 2048/18/1441 2045/16/1451
f 2005/59/1415 2002/57/1422 2046/57/1443
f 2005/59/1415 2046/57/1443 2049/59/1440
f 2006/7/1412 2003/5/1419 2047/5/1442
f 2006/7/1412 2047/5/1442 2050/7/1452
f 1984/18/1413 1995/20/1420 2051/20/1453
f 1984/18/1413 2051/20/1453 2048/18/1441
f 2007/61/1409 2005/59/1415 2049/59/1440
f 2007/61/1409 2049/59/1440 2052/61/1437
f 2008/9/1408 2006/7/1412 2050/7/1452
f 2008/9/1408 2050/7/1452 2053/9/1454
f 1995/20/1420 1959/22/1394 2054/22/1455
f 1995/20/1420 2054/22/1455 2051/20/1453
f 2009/63/1395 2007/61/1409 2052/61/1437
f 2009/63/1395 2052/61/1437 2055/63/1456
f 2010/11/1400 2008/9/1408 2053/9/1454
f 2010/11/1400 2053/9/1454 2056/11/1457
f 1959/22/1394 1958/24/1393 2057/24/1431
f 1959/22/1394 2057/24/1431 2054/22/1455
f 2011/65/1424 2009/63/1395 2055/63/1456
f 2011/65/1424 2055/63/1456 2058/65/1434
f 2012/13/1401 2010/11/1400 2056/11/1457
f 2012/13/1401 2056/11/1457 2059/13/1458
f 1958/24/1393 1973/26/1406 2060/26/1429
f 1958/24/1393 2060/26/1429 2057/24/1431
f 1916/15/1354 2012/13/1401 2059/13/1458
f 1916/15/1354 2059/13/1458 2061/15/1428
f 1973/26/1406 1981/28/1411 2062/28/1427
f 1973/26/1406 2062/28/1427 2060/26/1429
f 1917/17/1355 1916/15/1354 2061/15/1428
f 1917/17/1355 2061/15/1428 2063/17/1426
f 1981/28/1411 1992/30/1410 2064/30/1425
f 1981/28/1411 2064/30/1425 2062/28/1427
f 1957/19/1392 1917/17/1355 2063/17/1426
f 1957/19/1392 2063/17/1426 2065/19/1459
f 1992/30/1410 1264/32/847 2066/32/1389
f 1992/30/1410 2066/32/1389 2064/30/1425
f 1960/21/1384 1957/19/1392 2065/19/1459
f 1960/21/1384 2065/19/1459 2067/21/1460
f 1264/32/847 1263/34/846 2068/34/1388
f 1264/32/847 2068/34/1388 2066/32/1389
f 1965/23/1399 1960/21/1384 2067/21/1460
f 1965/23/1399 2067/21/1460 2069/23/1461
f 1263/34/846 1971/36/1404 2070/36/1462
f 1263/34/846 2070/36/1462 2068/34/1388
f 1968/25/1402 1965/23/1399 2069/23/1461
f 1968/25/1402 2069/23/1461 2071/25/1463
f 1971/36/1404 1979/38/1405 2072/38/1464
f 1971/36/1404 2072/38/1464 2070/36/1462
f 1970/27/1403 1968/25/1402 2071/25/1463
f 1970/27/1403 2071/25/1463 2073/27/1465
f 1979/38/1405 1990/40/1403 2074/40/1466
f 1979/38/1405 2074/40/1466 2072/38/1464
f 1972/29/1405 1970/27/1403 2073/27/1465
f 1972/29/1405 2073/27/1465 2075/29/1464
f 1990/40/1403 2004/42/1402 2076/42/1467
f 1990/40/1403 2076/42/1467 2074/40/1466
f 1974/31/1404 1972/29/1405 2075/29/1464
f 1974/31/1404 2075/29/1464 2077/31/1468
f 2004/42/1402 1969/44/1399 2078/44/1469
f 2004/42/1402 2078/44/1469 2076/42/1467
f 1952/33/846 1974/31/1404 2077/31/1468
f 1952/33/846 2077/31/1468 1953/33/1388
f 1969/44/1399 1947/46/1384 1950/46/1387
f 1969/44/1399 1950/46/1387 2078/44/1469
s 4
f 2079/62/845 1165/61/31 1110/63/32
f 2079/62/845 1110/63/32 1259/64/848
f 1211/45/23 1157/43/22 1160/43/22
f 1211/45/23 1160/43/22 1212/45/23
f 2080/60/842 1101/59/30 1165/61/31
f 2080/60/842 1165/61/31 2079/62/845
f 2081/58/841 1102/57/29 1101/59/30
f 2081/58/841 1101/59/30 2080/60/842
f 2082/56/838 1093/55/28 1102/57/29
f 2082/56/838 1102/57/29 2081/58/841
f 2083/54/835 1094/53/27 1093/55/28
f 2083/54/835 1093/55/28 2082/56/838
f 2084/52/832 1189/51/26 1094/53/27
f 2084/52/832 1094/53/27 2083/54/835
f 2085/50/829 1133/49/25 1189/51/26
f 2085/50/829 1189/51/26 2084/52/832
f 2086/48/826 1134/47/24 1133/49/25
f 2086/48/826 1133/49/25 2085/50/829
f 2087/46/823 1211/45/23 1134/47/24
f 2087/46/823 1134/47/24 2086/48/826
f 2088/44/820 1157/43/22 1211/45/23
f 2088/44/820 1211/45/23 2087/46/823
f 2089/42/817 1158/41/21 1157/43/22
f 2089/42/817 1157/43/22 2088/44/820
f 2090/40/814 1086/39/20 1158/41/21
f 2090/40/814 1158/41/21 2089/42/817
f 2091/38/811 1087/37/19 1086/39/20
f 2091/38/811 1086/39/20 2090/40/814
f 2092/36/808 1183/35/18 1087/37/19
f 2092/36/808 1087/37/19 2091/38/811
f 1254/34/805 1125/33/17 1183/35/18
f 1254/34/805 1183/35/18 2092/36/808
f 1253/32/802 1126/31/16 1125/33/17
f 1253/32/802 1125/33/17 1254/34/805
f 2093/30/799 1205/29/15 1126/31/16
f 2093/30/799 1126/31/16 1253/32/802
f 2094/28/796 1149/27/14 1205/29/15
f 2094/28/796 1205/29/15 2093/30/799
f 2095/26/793 1150/25/13 1149/27/14
f 2095/26/793 1149/27/14 2094/28/796
f 2096/24/790 1077/23/12 1150/25/13
f 2096/24/790 1150/25/13 2095/26/793
f 2097/22/787 1078/21/11 1077/23/12
f 2097/22/787 1077/23/12 2096/24/790
f 2098/20/784 1177/19/10 1078/21/11
f 2098/20/784 1078/21/11 2097/22/787
f 2099/18/781 1117/17/9 1177/19/10
f 2099/18/781 1177/19/10 2098/20/784
f 2100/16/778 1118/15/8 1117/17/9
f 2100/16/778 1117/17/9 2099/18/781
f 2101/14/775 1199/13/7 1118/15/8
f 2101/14/775 1118/15/8 2100/16/778
f 2102/12/772 1141/11/6 1199/13/7
f 2102/12/772 1199/13/7 2101/14/775
f 2103/10/769 1142/9/5 1141/11/6
f 2103/10/769 1141/11/6 2102/12/772
f 2104/8/767 1065/7/4 1142/9/5
f 2104/8/767 1142/9/5 2103/10/769
f 2105/6/763 1066/5/3 1065/7/4
f 2105/6/763 1065/7/4 2104/8/767
f 2106/4/758 1171/3/2 1066/5/3
f 2106/4/758 1066/5/3 2105/6/763
f 2107/1/254 1243/2/1 1171/3/2
f 2107/1/254 1171/3/2 2106/4/758
f 2108/11/1470 2109/9/1471 2110/9/1472
f 2108/11/1470 2110/9/1472 2111/11/960
f 1104/59/30 1103/57/29 2112/57/1473
f 1104/59/30 2112/57/1473 2113/59/1474
f 1128/33/17 1127/31/16 2114/31/1475
f 1128/33/17 2114/31/1475 2115/33/964
f 1068/7/4 1067/5/3 1248/5/844
f 1068/7/4 1248/5/844 2116/7/1476
f 1166/61/31 1104/59/30 2113/59/1474
f 1166/61/31 2113/59/1474 2117/61/1477
f 1184/35/18 1128/33/17 2115/33/964
f 1184/35/18 2115/33/964 2118/35/967
f 1143/9/5 1068/7/4 2116/7/1476
f 1143/9/5 2116/7/1476 2109/9/1471
f 1111/63/32 1166/61/31 2117/61/1477
f 1111/63/32 2117/61/1477 2119/63/968
f 1088/37/19 1184/35/18 2118/35/967
f 1088/37/19 2118/35/967 2120/37/1478
f 1144/11/6 1143/9/5 2109/9/1471
f 1144/11/6 2109/9/1471 2108/11/1470
f 1112/65/33 1111/63/32 2119/63/968
f 1112/65/33 2119/63/968 2121/65/970
f 1089/39/20 1088/37/19 2120/37/1478
f 1089/39/20 2120/37/1478 2122/39/1479
f 1200/13/7 1144/11/6 2108/11/1470
f 1200/13/7 2108/11/1470 2123/13/1480
f 1159/41/21 1089/39/20 2122/39/1479
f 1159/41/21 2122/39/1479 2124/41/1481
f 1119/15/8 1200/13/7 2123/13/1480
f 1119/15/8 2123/13/1480 2125/15/1482
f 1160/43/22 1159/41/21 2124/41/1481
f 1160/43/22 2124/41/1481 2126/43/975
f 1120/17/9 1119/15/8 2125/15/1482
f 1120/17/9 2125/15/1482 2127/17/976
f 1212/45/23 1160/43/22 2126/43/975
f 1212/45/23 2126/43/975 2128/45/1483
f 1178/19/10 1120/17/9 2127/17/976
f 1178/19/10 2127/17/976 2129/19/1484
f 1135/47/24 1212/45/23 2128/45/1483
f 1135/47/24 2128/45/1483 2130/47/1485
f 1079/21/11 1178/19/10 2129/19/1484
f 1079/21/11 2129/19/1484 2131/21/1486
f 1136/49/25 1135/47/24 2130/47/1485
f 1136/49/25 2130/47/1485 2132/49/981
f 1080/23/12 1079/21/11 2131/21/1486
f 1080/23/12 2131/21/1486 2133/23/1487
f 1190/51/26 1136/49/25 2132/49/981
f 1190/51/26 2132/49/981 2134/51/1488
f 1151/25/13 1080/23/12 2133/23/1487
f 1151/25/13 2133/23/1487 2135/25/984
f 1095/53/27 1190/51/26 2134/51/1488
f 1095/53/27 2134/51/1488 2136/53/1489
f 1152/27/14 1151/25/13 2135/25/984
f 1152/27/14 2135/25/984 2137/27/1490
f 1096/55/28 1095/53/27 2136/53/1489
f 1096/55/28 2136/53/1489 2138/55/1491
f 1206/29/15 1152/27/14 2137/27/1490
f 1206/29/15 2137/27/1490 2139/29/1492
f 1172/3/2 1244/2/1 2140/2/989
f 1172/3/2 2140/2/989 1247/3/843
f 1103/57/29 1096/55/28 2138/55/1491
f 1103/57/29 2138/55/1491 2112/57/1473
f 1127/31/16 1206/29/15 2139/29/1492
f 1127/31/16 2139/29/1492 2114/31/1475
f 2141/21/1493 2142/19/1494 2143/19/1495
f 2141/21/1493 2143/19/1495 2144/21/993
f 2121/65/970 2119/63/968 2145/63/994
f 2121/65/970 2145/63/994 2146/65/995
f 2122/39/1479 2120/37/1478 2147/37/996
f 2122/39/1479 2147/37/996 2148/39/997
f 2123/13/1480 2108/11/1470 2111/11/960
f 2123/13/1480 2111/11/960 2149/13/1496
f 2124/41/1481 2122/39/1479 2148/39/997
f 2124/41/1481 2148/39/997 2150/41/1497
f 2125/15/1482 2123/13/1480 2149/13/1496
f 2125/15/1482 2149/13/1496 2151/15/1000
f 2126/43/975 2124/41/1481 2150/41/1497
f 2126/43/975 2150/41/1497 2152/43/1001
f 2127/17/976 2125/15/1482 2151/15/1000
f 2127/17/976 2151/15/1000 2153/17/1002
f 2128/45/1483 2126/43/975 2152/43/1001
f 2128/45/1483 2152/43/1001 2154/45/1498
f 2129/19/1484 2127/17/976 2153/17/1002
f 2129/19/1484 2153/17/1002 2142/19/1494
f 2130/47/1485 2128/45/1483 2154/45/1498
f 2130/47/1485 2154/45/1498 2155/47/1499
f 2131/21/1486 2129/19/1484 2142/19/1494
f 2131/21/1486 2142/19/1494 2141/21/1493
f 2132/49/981 2130/47/1485 2155/47/1499
f 2132/49/981 2155/47/1499 2156/49/1500
f 2133/23/1487 2131/21/1486 2141/21/1493
f 2133/23/1487 2141/21/1493 2157/23/1501
f 2134/51/1488 2132/49/981 2156/49/1500
f 2134/51/1488 2156/49/1500 2158/51/1007
f 2135/25/984 2133/23/1487 2157/23/1501
f 2135/25/984 2157/23/1501 2159/25/1502
f 2136/53/1489 2134/51/1488 2158/51/1007
f 2136/53/1489 2158/51/1007 2160/53/1009
f 2137/27/1490 2135/25/984 2159/25/1502
f 2137/27/1490 2159/25/1502 2161/27/1010
f 2138/55/1491 2136/53/1489 2160/53/1009
f 2138/55/1491 2160/53/1009 2162/55/1011
f 2139/29/1492 2137/27/1490 2161/27/1010
f 2139/29/1492 2161/27/1010 2163/29/1012
f 1247/3/843 2140/2/989 2164/2/1503
f 1247/3/843 2164/2/1503 2165/3/1014
f 2112/57/1473 2138/55/1491 2162/55/1011
f 2112/57/1473 2162/55/1011 2166/57/1015
f 2114/31/1475 2139/29/1492 2163/29/1012
f 2114/31/1475 2163/29/1012 2167/31/1016
f 1248/5/844 1247/3/843 2165/3/1014
f 1248/5/844 2165/3/1014 2168/5/1017
f 2113/59/1474 2112/57/1473 2166/57/1015
f 2113/59/1474 2166/57/1015 2169/59/1018
f 2115/33/964 2114/31/1475 2167/31/1016
f 2115/33/964 2167/31/1016 2170/33/1019
f 2116/7/1476 1248/5/844 2168/5/1017
f 2116/7/1476 2168/5/1017 2171/7/1020
f 2117/61/1477 2113/59/1474 2169/59/1018
f 2117/61/1477 2169/59/1018 2172/61/1021
f 2118/35/967 2115/33/964 2170/33/1019
f 2118/35/967 2170/33/1019 2173/35/1022
f 2109/9/1471 2116/7/1476 2171/7/1020
f 2109/9/1471 2171/7/1020 2110/9/1472
f 2119/63/968 2117/61/1477 2172/61/1021
f 2119/63/968 2172/61/1021 2145/63/994
f 2120/37/1478 2118/35/967 2173/35/1022
f 2120/37/1478 2173/35/1022 2147/37/996
f 2174/27/1504 2175/25/1024 2176/25/1025
f 2174/27/1504 2176/25/1025 2177/27/1026
f 2156/49/1500 2155/47/1499 2178/47/1027
f 2156/49/1500 2178/47/1027 2179/49/1028
f 2157/23/1501 2141/21/1493 2144/21/993
f 2157/23/1501 2144/21/993 2180/23/1029
f 2158/51/1007 2156/49/1500 2179/49/1028
f 2158/51/1007 2179/49/1028 2181/51/1030
f 2159/25/1502 2157/23/1501 2180/23/1029
f 2159/25/1502 2180/23/1029 2175/25/1024
f 2160/53/1009 2158/51/1007 2181/51/1030
f 2160/53/1009 2181/51/1030 2182/53/1031
f 2161/27/1010 2159/25/1502 2175/25/1024
f 2161/27/1010 2175/25/1024 2174/27/1504
f 2162/55/1011 2160/53/1009 2182/53/1031
f 2162/55/1011 2182/53/1031 2183/55/1505
f 2163/29/1012 2161/27/1010 2174/27/1504
f 2163/29/1012 2174/27/1504 2184/29/1033
f 2165/3/1014 2164/2/1503 2185/2/1034
f 2165/3/1014 2185/2/1034 2186/3/1035
f 2166/57/1015 2162/55/1011 2183/55/1505
f 2166/57/1015 2183/55/1505 2187/57/1036
f 2167/31/1016 2163/29/1012 2184/29/1033
f 2167/31/1016 2184/29/1033 2188/31/1037
f 2168/5/1017 2165/3/1014 2186/3/1035
f 2168/5/1017 2186/3/1035 2189/5/1038
f 2169/59/1018 2166/57/1015 2187/57/1036
f 2169/59/1018 2187/57/1036 2190/59/1506
f 2170/33/1019 2167/31/1016 2188/31/1037
f 2170/33/1019 2188/31/1037 2191/33/1040
f 2171/7/1020 2168/5/1017 2189/5/1038
f 2171/7/1020 2189/5/1038 2192/7/1041
f 2172/61/1021 2169/59/1018 2190/59/1506
f 2172/61/1021 2190/59/1506 2193/61/1042
f 2173/35/1022 2170/33/1019 2191/33/1040
f 2173/35/1022 2191/33/1040 2194/35/1043
f 2110/9/1472 2171/7/1020 2192/7/1041
f 2110/9/1472 2192/7/1041 2195/9/1044
f 2145/63/994 2172/61/1021 2193/61/1042
f 2145/63/994 2193/61/1042 2196/63/1507
f 2147/37/996 2173/35/1022 2194/35/1043
f 2147/37/996 2194/35/1043 2197/37/1046
f 2111/11/960 2110/9/1472 2195/9/1044
f 2111/11/960 2195/9/1044 2198/11/1508
f 2146/65/995 2145/63/994 2196/63/1507
f 2146/65/995 2196/63/1507 2199/65/1048
f 2148/39/997 2147/37/996 2197/37/1046
f 2148/39/997 2197/37/1046 2200/39/1049
f 2149/13/1496 2111/11/960 2198/11/1508
f 2149/13/1496 2198/11/1508 2201/13/1050
f 2150/41/1497 2148/39/997 2200/39/1049
f 2150/41/1497 2200/39/1049 2202/41/1509
f 2151/15/1000 2149/13/1496 2201/13/1050
f 2151/15/1000 2201/13/1050 2203/15/1052
f 2152/43/1001 2150/41/1497 2202/41/1509
f 2152/43/1001 2202/41/1509 2204/43/1053
f 2153/17/1002 2151/15/1000 2203/15/1052
f 2153/17/1002 2203/15/1052 2205/17/1054
f 2154/45/1498 2152/43/1001 2204/43/1053
f 2154/45/1498 2204/43/1053 2206/45/1055
f 2142/19/1494 2153/17/1002 2205/17/1054
f 2142/19/1494 2205/17/1054 2143/19/1495
f 2155/47/1499 2154/45/1498 2206/45/1055
f 2155/47/1499 2206/45/1055 2178/47/1027
f 2207/33/1056 2208/31/1057 2209/31/1510
f 2207/33/1056 2209/31/1510 2210/33/1059
f 2183/55/1505 2182/53/1031 2211/53/1060
f 2183/55/1505 2211/53/1060 2212/55/1061
f 2184/29/1033 2174/27/1504 2177/27/1026
f 2184/29/1033 2177/27/1026 2213/29/1062
f 2186/3/1035 2185/2/1034 2214/2/1063
f 2186/3/1035 2214/2/1063 2215/3/1064
f 2187/57/1036 2183/55/1505 2212/55/1061
f 2187/57/1036 2212/55/1061 2216/57/1065
f 2188/31/1037 2184/29/1033 2213/29/1062
f 2188/31/1037 2213/29/1062 2208/31/1057
f 2189/5/1038 2186/3/1035 2215/3/1064
f 2189/5/1038 2215/3/1064 2217/5/1066
f 2190/59/1506 2187/57/1036 2216/57/1065
f 2190/59/1506 2216/57/1065 2218/59/1067
f 2191/33/1040 2188/31/1037 2208/31/1057
f 2191/33/1040 2208/31/1057 2207/33/1056
f 2192/7/1041 2189/5/1038 2217/5/1066
f 2192/7/1041 2217/5/1066 2219/7/1068
f 2193/61/1042 2190/59/1506 2218/59/1067
f 2193/61/1042 2218/59/1067 2220/61/1069
f 2194/35/1043 2191/33/1040 2207/33/1056
f 2194/35/1043 2207/33/1056 2221/35/1070
f 2195/9/1044 2192/7/1041 2219/7/1068
f 2195/9/1044 2219/7/1068 2222/9/1071
f 2196/63/1507 2193/61/1042 2220/61/1069
f 2196/63/1507 2220/61/1069 2223/63/1072
f 2197/37/1046 2194/35/1043 2221/35/1070
f 2197/37/1046 2221/35/1070 2224/37/1073
f 2198/11/1508 2195/9/1044 2222/9/1071
f 2198/11/1508 2222/9/1071 2225/11/1074
f 2199/65/1048 2196/63/1507 2223/63/1072
f 2199/65/1048 2223/63/1072 2226/65/1075
f 2200/39/1049 2197/37/1046 2224/37/1073
f 2200/39/1049 2224/37/1073 2227/39/1076
f 2201/13/1050 2198/11/1508 2225/11/1074
f 2201/13/1050 2225/11/1074 2228/13/1511
f 2202/41/1509 2200/39/1049 2227/39/1076
f 2202/41/1509 2227/39/1076 2229/41/1078
f 2203/15/1052 2201/13/1050 2228/13/1511
f 2203/15/1052 2228/13/1511 2230/15/1079
f 2204/43/1053 2202/41/1509 2229/41/1078
f 2204/43/1053 2229/41/1078 2231/43/1512
f 2205/17/1054 2203/15/1052 2230/15/1079
f 2205/17/1054 2230/15/1079 2232/17/1081
f 2206/45/1055 2204/43/1053 2231/43/1512
f 2206/45/1055 2231/43/1512 2233/45/1082
f 2143/19/1495 2205/17/1054 2232/17/1081
f 2143/19/1495 2232/17/1081 2234/19/1513
f 2178/47/1027 2206/45/1055 2233/45/1082
f 2178/47/1027 2233/45/1082 2235/47/1514
f 2144/21/993 2143/19/1495 2234/19/1513
f 2144/21/993 2234/19/1513 2236/21/1515
f 2179/49/1028 2178/47/1027 2235/47/1514
f 2179/49/1028 2235/47/1514 2237/49/1086
f 2180/23/1029 2144/21/993 2236/21/1515
f 2180/23/1029 2236/21/1515 2238/23/1087
f 2181/51/1030 2179/49/1028 2237/49/1086
f 2181/51/1030 2237/49/1086 2239/51/1088
f 2175/25/1024 2180/23/1029 2238/23/1087
f 2175/25/1024 2238/23/1087 2176/25/1025
f 2182/53/1031 2181/51/1030 2239/51/1088
f 2182/53/1031 2239/51/1088 2211/53/1060
f 2240/39/1089 2241/37/1090 2242/37/1091
f 2240/39/1089 2242/37/1091 2243/39/1516
f 2219/7/1068 2217/5/1066 2244/5/1517
f 2219/7/1068 2244/5/1517 2245/7/1518
f 2220/61/1069 2218/59/1067 2246/59/1519
f 2220/61/1069 2246/59/1519 2247/61/1520
f 2221/35/1070 2207/33/1056 2210/33/1059
f 2221/35/1070 2210/33/1059 2248/35/1521
f 2222/9/1071 2219/7/1068 2245/7/1518
f 2222/9/1071 2245/7/1518 2249/9/1098
f 2223/63/1072 2220/61/1069 2247/61/1520
f 2223/63/1072 2247/61/1520 2250/63/1099
f 2224/37/1073 2221/35/1070 2248/35/1521
f 2224/37/1073 2248/35/1521 2241/37/1090
f 2225/11/1074 2222/9/1071 2249/9/1098
f 2225/11/1074 2249/9/1098 2251/11/1100
f 2226/65/1075 2223/63/1072 2250/63/1099
f 2226/65/1075 2250/63/1099 2252/65/1101
f 2227/39/1076 2224/37/1073 2241/37/1090
f 2227/39/1076 2241/37/1090 2240/39/1089
f 2228/13/1511 2225/11/1074 2251/11/1100
f 2228/13/1511 2251/11/1100 2253/13/1102
f 2229/41/1078 2227/39/1076 2240/39/1089
f 2229/41/1078 2240/39/1089 2254/41/1103
f 2230/15/1079 2228/13/1511 2253/13/1102
f 2230/15/1079 2253/13/1102 2255/15/1104
f 2231/43/1512 2229/41/1078 2254/41/1103
f 2231/43/1512 2254/41/1103 2256/43/1105
f 2232/17/1081 2230/15/1079 2255/15/1104
f 2232/17/1081 2255/15/1104 2257/17/1106
f 2233/45/1082 2231/43/1512 2256/43/1105
f 2233/45/1082 2256/43/1105 2258/45/1107
f 2234/19/1513 2232/17/1081 2257/17/1106
f 2234/19/1513 2257/17/1106 2259/19/1108
f 2235/47/1514 2233/45/1082 2258/45/1107
f 2235/47/1514 2258/45/1107 2260/47/1109
f 2236/21/1515 2234/19/1513 2259/19/1108
f 2236/21/1515 2259/19/1108 2261/21/1110
f 2237/49/1086 2235/47/1514 2260/47/1109
f 2237/49/1086 2260/47/1109 2262/49/1111
f 2238/23/1087 2236/21/1515 2261/21/1110
f 2238/23/1087 2261/21/1110 2263/23/1112
f 2239/51/1088 2237/49/1086 2262/49/1111
f 2239/51/1088 2262/49/1111 2264/51/1113
f 2176/25/1025 2238/23/1087 2263/23/1112
f 2176/25/1025 2263/23/1112 2265/25/1114
f 2211/53/1060 2239/51/1088 2264/51/1113
f 2211/53/1060 2264/51/1113 2266/53/1115
f 2177/27/1026 2176/25/1025 2265/25/1114
f 2177/27/1026 2265/25/1114 2267/27/1522
f 2212/55/1061 2211/53/1060 2266/53/1115
f 2212/55/1061 2266/53/1115 2268/55/1117
f 2213/29/1062 2177/27/1026 2267/27/1522
f 2213/29/1062 2267/27/1522 2269/29/1523
f 2215/3/1064 2214/2/1063 2270/2/1119
f 2215/3/1064 2270/2/1119 2271/3/1120
f 2216/57/1065 2212/55/1061 2268/55/1117
f 2216/57/1065 2268/55/1117 2272/57/1121
f 2208/31/1057 2213/29/1062 2269/29/1523
f 2208/31/1057 2269/29/1523 2209/31/1510
f 2217/5/1066 2215/3/1064 2271/3/1120
f 2217/5/1066 2271/3/1120 2244/5/1517
f 2218/59/1067 2216/57/1065 2272/57/1121
f 2218/59/1067 2272/57/1121 2246/59/1519
f 2273/45/1524 2274/43/1525 2275/43/1124
f 2273/45/1524 2275/43/1124 2276/45/1125
f 2253/13/1102 2251/11/1100 2277/11/1126
f 2253/13/1102 2277/11/1126 2278/13/1127
f 2254/41/1103 2240/39/1089 2243/39/1516
f 2254/41/1103 2243/39/1516 2279/41/1526
f 2255/15/1104 2253/13/1102 2278/13/1127
f 2255/15/1104 2278/13/1127 2280/15/1129
f 2256/43/1105 2254/41/1103 2279/41/1526
f 2256/43/1105 2279/41/1526 2274/43/1525
f 2257/17/1106 2255/15/1104 2280/15/1129
f 2257/17/1106 2280/15/1129 2281/17/1130
f 2258/45/1107 2256/43/1105 2274/43/1525
f 2258/45/1107 2274/43/1525 2273/45/1524
f 2259/19/1108 2257/17/1106 2281/17/1130
f 2259/19/1108 2281/17/1130 2282/19/1131
f 2260/47/1109 2258/45/1107 2273/45/1524
f 2260/47/1109 2273/45/1524 2283/47/1527
f 2261/21/1110 2259/19/1108 2282/19/1131
f 2261/21/1110 2282/19/1131 2284/21/1528
f 2262/49/1111 2260/47/1109 2283/47/1527
f 2262/49/1111 2283/47/1527 2285/49/1134
f 2263/23/1112 2261/21/1110 2284/21/1528
f 2263/23/1112 2284/21/1528 2286/23/1529
f 2264/51/1113 2262/49/1111 2285/49/1134
f 2264/51/1113 2285/49/1134 2287/51/1530
f 2265/25/1114 2263/23/1112 2286/23/1529
f 2265/25/1114 2286/23/1529 2288/25/1531
f 2266/53/1115 2264/51/1113 2287/51/1530
f 2266/53/1115 2287/51/1530 2289/53/1532
f 2267/27/1522 2265/25/1114 2288/25/1531
f 2267/27/1522 2288/25/1531 2290/27/1533
f 2268/55/1117 2266/53/1115 2289/53/1532
f 2268/55/1117 2289/53/1532 2291/55/1534
f 2269/29/1523 2267/27/1522 2290/27/1533
f 2269/29/1523 2290/27/1533 2292/29/1535
f 2271/3/1120 2270/2/1119 2293/2/1142
f 2271/3/1120 2293/2/1142 2294/3/1143
f 2272/57/1121 2268/55/1117 2291/55/1534
f 2272/57/1121 2291/55/1534 2295/57/1144
f 2209/31/1510 2269/29/1523 2292/29/1535
f 2209/31/1510 2292/29/1535 2296/31/1145
f 2244/5/1517 2271/3/1120 2294/3/1143
f 2244/5/1517 2294/3/1143 2297/5/1536
f 2246/59/1519 2272/57/1121 2295/57/1144
f 2246/59/1519 2295/57/1144 2298/59/1147
f 2210/33/1059 2209/31/1510 2296/31/1145
f 2210/33/1059 2296/31/1145 2299/33/1148
f 2245/7/1518 2244/5/1517 2297/5/1536
f 2245/7/1518 2297/5/1536 2300/7/1149
f 2247/61/1520 2246/59/1519 2298/59/1147
f 2247/61/1520 2298/59/1147 2301/61/1150
f 2248/35/1521 2210/33/1059 2299/33/1148
f 2248/35/1521 2299/33/1148 2302/35/1151
f 2249/9/1098 2245/7/1518 2300/7/1149
f 2249/9/1098 2300/7/1149 2303/9/1537
f 2250/63/1099 2247/61/1520 2301/61/1150
f 2250/63/1099 2301/61/1150 2304/63/1153
f 2241/37/1090 2248/35/1521 2302/35/1151
f 2241/37/1090 2302/35/1151 2242/37/1091
f 2251/11/1100 2249/9/1098 2303/9/1537
f 2251/11/1100 2303/9/1537 2277/11/1126
f 2252/65/1101 2250/63/1099 2304/63/1153
f 2252/65/1101 2304/63/1153 2305/65/1154
f 2306/51/1538 2307/49/1539 2308/49/1157
f 2306/51/1538 2308/49/1157 2309/51/1158
f 2282/19/1131 2281/17/1130 2310/17/1159
f 2282/19/1131 2310/17/1159 2311/19/1540
f 2283/47/1527 2273/45/1524 2276/45/1125
f 2283/47/1527 2276/45/1125 2312/47/1541
f 2284/21/1528 2282/19/1131 2311/19/1540
f 2284/21/1528 2311/19/1540 2313/21/1542
f 2285/49/1134 2283/47/1527 2312/47/1541
f 2285/49/1134 2312/47/1541 2307/49/1539
f 2286/23/1529 2284/21/1528 2313/21/1542
f 2286/23/1529 2313/21/1542 2314/23/1163
f 2287/51/1530 2285/49/1134 2307/49/1539
f 2287/51/1530 2307/49/1539 2306/51/1538
f 2288/25/1531 2286/23/1529 2314/23/1163
f 2288/25/1531 2314/23/1163 2315/25/1164
f 2289/53/1532 2287/51/1530 2306/51/1538
f 2289/53/1532 2306/51/1538 2316/53/1165
f 2290/27/1533 2288/25/1531 2315/25/1164
f 2290/27/1533 2315/25/1164 2317/27/1166
f 2291/55/1534 2289/53/1532 2316/53/1165
f 2291/55/1534 2316/53/1165 2318/55/1167
f 2292/29/1535 2290/27/1533 2317/27/1166
f 2292/29/1535 2317/27/1166 2319/29/1543
f 2294/3/1143 2293/2/1142 2320/2/1169
f 2294/3/1143 2320/2/1169 2321/3/1170
f 2295/57/1144 2291/55/1534 2318/55/1167
f 2295/57/1144 2318/55/1167 2322/57/1171
f 2296/31/1145 2292/29/1535 2319/29/1543
f 2296/31/1145 2319/29/1543 2323/31/1172
f 2297/5/1536 2294/3/1143 2321/3/1170
f 2297/5/1536 2321/3/1170 2324/5/1544
f 2298/59/1147 2295/57/1144 2322/57/1171
f 2298/59/1147 2322/57/1171 2325/59/1174
f 2299/33/1148 2296/31/1145 2323/31/1172
f 2299/33/1148 2323/31/1172 2326/33/1175
f 2300/7/1149 2297/5/1536 2324/5/1544
f 2300/7/1149 2324/5/1544 2327/7/1176
f 2301/61/1150 2298/59/1147 2325/59/1174
f 2301/61/1150 2325/59/1174 2328/61/1177
f 2302/35/1151 2299/33/1148 2326/33/1175
f 2302/35/1151 2326/33/1175 2329/35/1178
f 2303/9/1537 2300/7/1149 2327/7/1176
f 2303/9/1537 2327/7/1176 2330/9/1179
f 2304/63/1153 2301/61/1150 2328/61/1177
f 2304/63/1153 2328/61/1177 2331/63/1180
f 2242/37/1091 2302/35/1151 2329/35/1178
f 2242/37/1091 2329/35/1178 2332/37/1181
f 2277/11/1126 2303/9/1537 2330/9/1179
f 2277/11/1126 2330/9/1179 2333/11/1545
f 2305/65/1154 2304/63/1153 2331/63/1180
f 2305/65/1154 2331/63/1180 2334/65/1183
f 2243/39/1516 2242/37/1091 2332/37/1181
f 2243/39/1516 2332/37/1181 2335/39/1184
f 2278/13/1127 2277/11/1126 2333/11/1545
f 2278/13/1127 2333/11/1545 2336/13/1546
f 2279/41/1526 2243/39/1516 2335/39/1184
f 2279/41/1526 2335/39/1184 2337/41/1186
f 2280/15/1129 2278/13/1127 2336/13/1546
f 2280/15/1129 2336/13/1546 2338/15/1187
f 2274/43/1525 2279/41/1526 2337/41/1186
f 2274/43/1525 2337/41/1186 2275/43/1124
f 2281/17/1130 2280/15/1129 2338/15/1187
f 2281/17/1130 2338/15/1187 2310/17/1159
f 2339/3/1188 2340/2/1189 2341/2/1190
f 2339/3/1188 2341/2/1190 2342/3/1191
f 2315/25/1164 2314/23/1163 2343/23/1547
f 2315/25/1164 2343/23/1547 2344/25/1193
f 2316/53/1165 2306/51/1538 2309/51/1158
f 2316/53/1165 2309/51/1158 2345/53/1194
f 2317/27/1166 2315/25/1164 2344/25/1193
f 2317/27/1166 2344/25/1193 2346/27/1195
f 2318/55/1167 2316/53/1165 2345/53/1194
f 2318/55/1167 2345/53/1194 2347/55/1196
f 2319/29/1543 2317/27/1166 2346/27/1195
f 2319/29/1543 2346/27/1195 2348/29/1197
f 2321/3/1170 2320/2/1169 2340/2/1189
f 2321/3/1170 2340/2/1189 2339/3/1188
f 2322/57/1171 2318/55/1167 2347/55/1196
f 2322/57/1171 2347/55/1196 2349/57/1548
f 2323/31/1172 2319/29/1543 2348/29/1197
f 2323/31/1172 2348/29/1197 2350/31/1199
f 2324/5/1544 2321/3/1170 2339/3/1188
f 2324/5/1544 2339/3/1188 2351/5/1200
f 2325/59/1174 2322/57/1171 2349/57/1548
f 2325/59/1174 2349/57/1548 2352/59/1201
f 2326/33/1175 2323/31/1172 2350/31/1199
f 2326/33/1175 2350/31/1199 2353/33/1202
f 2327/7/1176 2324/5/1544 2351/5/1200
f 2327/7/1176 2351/5/1200 2354/7/1203
f 2328/61/1177 2325/59/1174 2352/59/1201
f 2328/61/1177 2352/59/1201 2355/61/1204
f 2329/35/1178 2326/33/1175 2353/33/1202
f 2329/35/1178 2353/33/1202 2356/35/1549
f 2330/9/1179 2327/7/1176 2354/7/1203
f 2330/9/1179 2354/7/1203 2357/9/1206
f 2331/63/1180 2328/61/1177 2355/61/1204
f 2331/63/1180 2355/61/1204 2358/63/1207
f 2332/37/1181 2329/35/1178 2356/35/1549
f 2332/37/1181 2356/35/1549 2359/37/1208
f 2333/11/1545 2330/9/1179 2357/9/1206
f 2333/11/1545 2357/9/1206 2360/11/1209
f 2334/65/1183 2331/63/1180 2358/63/1207
f 2334/65/1183 2358/63/1207 2361/65/1210
f 2335/39/1184 2332/37/1181 2359/37/1208
f 2335/39/1184 2359/37/1208 2362/39/1211
f 2336/13/1546 2333/11/1545 2360/11/1209
f 2336/13/1546 2360/11/1209 2363/13/1550
f 2337/41/1186 2335/39/1184 2362/39/1211
f 2337/41/1186 2362/39/1211 2364/41/1551
f 2338/15/1187 2336/13/1546 2363/13/1550
f 2338/15/1187 2363/13/1550 2365/15/1552
f 2275/43/1124 2337/41/1186 2364/41/1551
f 2275/43/1124 2364/41/1551 2366/43/1215
f 2310/17/1159 2338/15/1187 2365/15/1552
f 2310/17/1159 2365/15/1552 2367/17/1216
f 2276/45/1125 2275/43/1124 2366/43/1215
f 2276/45/1125 2366/43/1215 2368/45/1217
f 2311/19/1540 2310/17/1159 2367/17/1216
f 2311/19/1540 2367/17/1216 2369/19/1218
f 2312/47/1541 2276/45/1125 2368/45/1217
f 2312/47/1541 2368/45/1217 2370/47/1219
f 2313/21/1542 2311/19/1540 2369/19/1218
f 2313/21/1542 2369/19/1218 2371/21/1220
f 2307/49/1539 2312/47/1541 2370/47/1219
f 2307/49/1539 2370/47/1219 2308/49/1157
f 2314/23/1163 2313/21/1542 2371/21/1220
f 2314/23/1163 2371/21/1220 2343/23/1547
f 2372/9/1221 2373/7/1222 2374/7/1223
f 2372/9/1221 2374/7/1223 2375/9/1224
f 2349/57/1548 2347/55/1196 2376/55/1553
f 2349/57/1548 2376/55/1553 2377/57/1226
f 2350/31/1199 2348/29/1197 2378/29/1227
f 2350/31/1199 2378/29/1227 2379/31/1228
f 2351/5/1200 2339/3/1188 2342/3/1191
f 2351/5/1200 2342/3/1191 2380/5/1229
f 2352/59/1201 2349/57/1548 2377/57/1226
f 2352/59/1201 2377/57/1226 2381/59/1230
f 2353/33/1202 2350/31/1199 2379/31/1228
f 2353/33/1202 2379/31/1228 2382/33/1231
f 2354/7/1203 2351/5/1200 2380/5/1229
f 2354/7/1203 2380/5/1229 2373/7/1222
f 2355/61/1204 2352/59/1201 2381/59/1230
f 2355/61/1204 2381/59/1230 2383/61/1554
f 2356/35/1549 2353/33/1202 2382/33/1231
f 2356/35/1549 2382/33/1231 2384/35/1233
f 2357/9/1206 2354/7/1203 2373/7/1222
f 2357/9/1206 2373/7/1222 2372/9/1221
f 2358/63/1207 2355/61/1204 2383/61/1554
f 2358/63/1207 2383/61/1554 2385/63/1234
f 2359/37/1208 2356/35/1549 2384/35/1233
f 2359/37/1208 2384/35/1233 2386/37/1555
f 2360/11/1209 2357/9/1206 2372/9/1221
f 2360/11/1209 2372/9/1221 2387/11/1236
f 2361/65/1210 2358/63/1207 2385/63/1234
f 2361/65/1210 2385/63/1234 2388/65/1237
f 2362/39/1211 2359/37/1208 2386/37/1555
f 2362/39/1211 2386/37/1555 2389/39/1238
f 2363/13/1550 2360/11/1209 2387/11/1236
f 2363/13/1550 2387/11/1236 2390/13/1239
f 2364/41/1551 2362/39/1211 2389/39/1238
f 2364/41/1551 2389/39/1238 2391/41/1240
f 2365/15/1552 2363/13/1550 2390/13/1239
f 2365/15/1552 2390/13/1239 2392/15/1556
f 2366/43/1215 2364/41/1551 2391/41/1240
f 2366/43/1215 2391/41/1240 2393/43/1242
f 2367/17/1216 2365/15/1552 2392/15/1556
f 2367/17/1216 2392/15/1556 2394/17/1557
f 2368/45/1217 2366/43/1215 2393/43/1242
f 2368/45/1217 2393/43/1242 2395/45/1244
f 2369/19/1218 2367/17/1216 2394/17/1557
f 2369/19/1218 2394/17/1557 2396/19/1558
f 2370/47/1219 2368/45/1217 2395/45/1244
f 2370/47/1219 2395/45/1244 2397/47/1246
f 2371/21/1220 2369/19/1218 2396/19/1558
f 2371/21/1220 2396/19/1558 2398/21/1247
f 2308/49/1157 2370/47/1219 2397/47/1246
f 2308/49/1157 2397/47/1246 2399/49/1248
f 2343/23/1547 2371/21/1220 2398/21/1247
f 2343/23/1547 2398/21/1247 2400/23/1559
f 2309/51/1158 2308/49/1157 2399/49/1248
f 2309/51/1158 2399/49/1248 2401/51/1250
f 2344/25/1193 2343/23/1547 2400/23/1559
f 2344/25/1193 2400/23/1559 2402/25/1251
f 2345/53/1194 2309/51/1158 2401/51/1250
f 2345/53/1194 2401/51/1250 2403/53/1252
f 2346/27/1195 2344/25/1193 2402/25/1251
f 2346/27/1195 2402/25/1251 2404/27/1253
f 2347/55/1196 2345/53/1194 2403/53/1252
f 2347/55/1196 2403/53/1252 2376/55/1553
f 2348/29/1197 2346/27/1195 2404/27/1253
f 2348/29/1197 2404/27/1253 2378/29/1227
f 2405/15/1254 2406/13/1560 2407/13/1256
f 2405/15/1254 2407/13/1256 2408/15/1257
f 2385/63/1234 2383/61/1554 2409/61/1258
f 2385/63/1234 2409/61/1258 2410/63/1259
f 2386/37/1555 2384/35/1233 2411/35/1561
f 2386/37/1555 2411/35/1561 2412/37/1261
f 2387/11/1236 2372/9/1221 2375/9/1224
f 2387/11/1236 2375/9/1224 2413/11/1262
f 2388/65/1237 2385/63/1234 2410/63/1259
f 2388/65/1237 2410/63/1259 2414/65/1263
f 2389/39/1238 2386/37/1555 2412/37/1261
f 2389/39/1238 2412/37/1261 2415/39/1264
f 2390/13/1239 2387/11/1236 2413/11/1262
f 2390/13/1239 2413/11/1262 2406/13/1560
f 2391/41/1240 2389/39/1238 2415/39/1264
f 2391/41/1240 2415/39/1264 2416/41/1265
f 2392/15/1556 2390/13/1239 2406/13/1560
f 2392/15/1556 2406/13/1560 2405/15/1254
f 2393/43/1242 2391/41/1240 2416/41/1265
f 2393/43/1242 2416/41/1265 2417/43/1266
f 2394/17/1557 2392/15/1556 2405/15/1254
f 2394/17/1557 2405/15/1254 2418/17/1562
f 2395/45/1244 2393/43/1242 2417/43/1266
f 2395/45/1244 2417/43/1266 2419/45/1268
f 2396/19/1558 2394/17/1557 2418/17/1562
f 2396/19/1558 2418/17/1562 2420/19/1563
f 2397/47/1246 2395/45/1244 2419/45/1268
f 2397/47/1246 2419/45/1268 2421/47/1270
f 2398/21/1247 2396/19/1558 2420/19/1563
f 2398/21/1247 2420/19/1563 2422/21/1271
f 2399/49/1248 2397/47/1246 2421/47/1270
f 2399/49/1248 2421/47/1270 2423/49/1564
f 2400/23/1559 2398/21/1247 2422/21/1271
f 2400/23/1559 2422/21/1271 2424/23/1273
f 2401/51/1250 2399/49/1248 2423/49/1564
f 2401/51/1250 2423/49/1564 2425/51/1565
f 2402/25/1251 2400/23/1559 2424/23/1273
f 2402/25/1251 2424/23/1273 2426/25/1275
f 2403/53/1252 2401/51/1250 2425/51/1565
f 2403/53/1252 2425/51/1565 2427/53/1566
f 2404/27/1253 2402/25/1251 2426/25/1275
f 2404/27/1253 2426/25/1275 2428/27/1277
f 2376/55/1553 2403/53/1252 2427/53/1566
f 2376/55/1553 2427/53/1566 2429/55/1567
f 2378/29/1227 2404/27/1253 2428/27/1277
f 2378/29/1227 2428/27/1277 2430/29/1568
f 2342/3/1191 2341/2/1190 2431/2/1280
f 2342/3/1191 2431/2/1280 2432/3/1281
f 2377/57/1226 2376/55/1553 2429/55/1567
f 2377/57/1226 2429/55/1567 2433/57/1282
f 2379/31/1228 2378/29/1227 2430/29/1568
f 2379/31/1228 2430/29/1568 2434/31/1283
f 2380/5/1229 2342/3/1191 2432/3/1281
f 2380/5/1229 2432/3/1281 2435/5/1284
f 2381/59/1230 2377/57/1226 2433/57/1282
f 2381/59/1230 2433/57/1282 2436/59/1285
f 2382/33/1231 2379/31/1228 2434/31/1283
f 2382/33/1231 2434/31/1283 2437/33/1286
f 2373/7/1222 2380/5/1229 2435/5/1284
f 2373/7/1222 2435/5/1284 2374/7/1223
f 2383/61/1554 2381/59/1230 2436/59/1285
f 2383/61/1554 2436/59/1285 2409/61/1258
f 2384/35/1233 2382/33/1231 2437/33/1286
f 2384/35/1233 2437/33/1286 2411/35/1561
f 2438/21/1287 2439/19/1288 2440/19/1289
f 2438/21/1287 2440/19/1289 2441/21/1290
f 2417/43/1266 2416/41/1265 2442/41/1291
f 2417/43/1266 2442/41/1291 2443/43/1292
f 2418/17/1562 2405/15/1254 2408/15/1257
f 2418/17/1562 2408/15/1257 2444/17/1293
f 2419/45/1268 2417/43/1266 2443/43/1292
f 2419/45/1268 2443/43/1292 2445/45/1294
f 2420/19/1563 2418/17/1562 2444/17/1293
f 2420/19/1563 2444/17/1293 2439/19/1288
f 2421/47/1270 2419/45/1268 2445/45/1294
f 2421/47/1270 2445/45/1294 2446/47/1295
f 2422/21/1271 2420/19/1563 2439/19/1288
f 2422/21/1271 2439/19/1288 2438/21/1287
f 2423/49/1564 2421/47/1270 2446/47/1295
f 2423/49/1564 2446/47/1295 2447/49/1296
f 2424/23/1273 2422/21/1271 2438/21/1287
f 2424/23/1273 2438/21/1287 2448/23/1297
f 2425/51/1565 2423/49/1564 2447/49/1296
f 2425/51/1565 2447/49/1296 2449/51/1569
f 2426/25/1275 2424/23/1273 2448/23/1297
f 2426/25/1275 2448/23/1297 2450/25/1570
f 2427/53/1566 2425/51/1565 2449/51/1569
f 2427/53/1566 2449/51/1569 2451/53/1300
f 2428/27/1277 2426/25/1275 2450/25/1570
f 2428/27/1277 2450/25/1570 2452/27/1301
f 2429/55/1567 2427/53/1566 2451/53/1300
f 2429/55/1567 2451/53/1300 2453/55/1302
f 2430/29/1568 2428/27/1277 2452/27/1301
f 2430/29/1568 2452/27/1301 2454/29/1303
f 2432/3/1281 2431/2/1280 2455/2/1304
f 2432/3/1281 2455/2/1304 2456/3/1305
f 2433/57/1282 2429/55/1567 2453/55/1302
f 2433/57/1282 2453/55/1302 2457/57/1306
f 2434/31/1283 2430/29/1568 2454/29/1303
f 2434/31/1283 2454/29/1303 2458/31/1307
f 2435/5/1284 2432/3/1281 2456/3/1305
f 2435/5/1284 2456/3/1305 2459/5/1308
f 2436/59/1285 2433/57/1282 2457/57/1306
f 2436/59/1285 2457/57/1306 2460/59/1309
f 2437/33/1286 2434/31/1283 2458/31/1307
f 2437/33/1286 2458/31/1307 2461/33/1310
f 2374/7/1223 2435/5/1284 2459/5/1308
f 2374/7/1223 2459/5/1308 2462/7/1311
f 2409/61/1258 2436/59/1285 2460/59/1309
f 2409/61/1258 2460/59/1309 2463/61/1312
f 2411/35/1561 2437/33/1286 2461/33/1310
f 2411/35/1561 2461/33/1310 2464/35/1313
f 2375/9/1224 2374/7/1223 2462/7/1311
f 2375/9/1224 2462/7/1311 2465/9/1314
f 2410/63/1259 2409/61/1258 2463/61/1312
f 2410/63/1259 2463/61/1312 2466/63/1315
f 2412/37/1261 2411/35/1561 2464/35/1313
f 2412/37/1261 2464/35/1313 2467/37/1316
f 2413/11/1262 2375/9/1224 2465/9/1314
f 2413/11/1262 2465/9/1314 2468/11/1317
f 2414/65/1263 2410/63/1259 2466/63/1315
f 2414/65/1263 2466/63/1315 2469/65/1318
f 2415/39/1264 2412/37/1261 2467/37/1316
f 2415/39/1264 2467/37/1316 2470/39/1319
f 2406/13/1560 2413/11/1262 2468/11/1317
f 2406/13/1560 2468/11/1317 2407/13/1256
f 2416/41/1265 2415/39/1264 2470/39/1319
f 2416/41/1265 2470/39/1319 2442/41/1291
f 2471/27/1320 2472/25/1321 2473/25/1322
f 2471/27/1320 2473/25/1322 2474/27/1323
f 2447/49/1296 2446/47/1295 2475/47/1571
f 2447/49/1296 2475/47/1571 2476/49/1325
f 2448/23/1297 2438/21/1287 2441/21/1290
f 2448/23/1297 2441/21/1290 2477/23/1326
f 2449/51/1569 2447/49/1296 2476/49/1325
f 2449/51/1569 2476/49/1325 2478/51/1327
f 2450/25/1570 2448/23/1297 2477/23/1326
f 2450/25/1570 2477/23/1326 2472/25/1321
f 2451/53/1300 2449/51/1569 2478/51/1327
f 2451/53/1300 2478/51/1327 2479/53/1328
f 2452/27/1301 2450/25/1570 2472/25/1321
f 2452/27/1301 2472/25/1321 2471/27/1320
f 2453/55/1302 2451/53/1300 2479/53/1328
f 2453/55/1302 2479/53/1328 2480/55/1329
f 2454/29/1303 2452/27/1301 2471/27/1320
f 2454/29/1303 2471/27/1320 2481/29/1330
f 2456/3/1305 2455/2/1304 2482/2/1331
f 2456/3/1305 2482/2/1331 2483/3/1332
f 2457/57/1306 2453/55/1302 2480/55/1329
f 2457/57/1306 2480/55/1329 2484/57/1333
f 2458/31/1307 2454/29/1303 2481/29/1330
f 2458/31/1307 2481/29/1330 2485/31/1334
f 2459/5/1308 2456/3/1305 2483/3/1332
f 2459/5/1308 2483/3/1332 2486/5/1335
f 2460/59/1309 2457/57/1306 2484/57/1333
f 2460/59/1309 2484/57/1333 2487/59/1336
f 2461/33/1310 2458/31/1307 2485/31/1334
f 2461/33/1310 2485/31/1334 2488/33/1337
f 2462/7/1311 2459/5/1308 2486/5/1335
f 2462/7/1311 2486/5/1335 2489/7/1338
f 2463/61/1312 2460/59/1309 2487/59/1336
f 2463/61/1312 2487/59/1336 2490/61/1339
f 2464/35/1313 2461/33/1310 2488/33/1337
f 2464/35/1313 2488/33/1337 2491/35/1340
f 2465/9/1314 2462/7/1311 2489/7/1338
f 2465/9/1314 2489/7/1338 2492/9/1341
f 2466/63/1315 2463/61/1312 2490/61/1339
f 2466/63/1315 2490/61/1339 2493/63/1342
f 2467/37/1316 2464/35/1313 2491/35/1340
f 2467/37/1316 2491/35/1340 2494/37/1343
f 2468/11/1317 2465/9/1314 2492/9/1341
f 2468/11/1317 2492/9/1341 2495/11/1344
f 2469/65/1318 2466/63/1315 2493/63/1342
f 2469/65/1318 2493/63/1342 2496/65/1572
f 2470/39/1319 2467/37/1316 2494/37/1343
f 2470/39/1319 2494/37/1343 2497/39/1345
f 2407/13/1256 2468/11/1317 2495/11/1344
f 2407/13/1256 2495/11/1344 2498/13/1346
f 2442/41/1291 2470/39/1319 2497/39/1345
f 2442/41/1291 2497/39/1345 2499/41/1347
f 2408/15/1257 2407/13/1256 2498/13/1346
f 2408/15/1257 2498/13/1346 2500/15/1348
f 2443/43/1292 2442/41/1291 2499/41/1347
f 2443/43/1292 2499/41/1347 2501/43/1349
f 2444/17/1293 2408/15/1257 2500/15/1348
f 2444/17/1293 2500/15/1348 2502/17/1350
f 2445/45/1294 2443/43/1292 2501/43/1349
f 2445/45/1294 2501/43/1349 2503/45/1351
f 2439/19/1288 2444/17/1293 2502/17/1350
f 2439/19/1288 2502/17/1350 2440/19/1289
f 2446/47/1295 2445/45/1294 2503/45/1351
f 2446/47/1295 2503/45/1351 2475/47/1571
f 2504/17/1352 2505/15/1353 2506/15/1354
f 2504/17/1352 2506/15/1354 2507/17/1355
f 2480/55/1329 2479/53/1328 2508/53/1356
f 2480/55/1329 2508/53/1356 2509/55/1357
f 2481/29/1330 2471/27/1320 2474/27/1323
f 2481/29/1330 2474/27/1323 2510/29/1358
f 2483/3/1332 2482/2/1331 2511/2/1359
f 2483/3/1332 2511/2/1359 2512/3/1360
f 2484/57/1333 2480/55/1329 2509/55/1357
f 2484/57/1333 2509/55/1357 2513/57/1361
f 2485/31/1334 2481/29/1330 2510/29/1358
f 2485/31/1334 2510/29/1358 2514/31/1362
f 2486/5/1335 2483/3/1332 2512/3/1360
f 2486/5/1335 2512/3/1360 2515/5/1363
f 2487/59/1336 2484/57/1333 2513/57/1361
f 2487/59/1336 2513/57/1361 2516/59/1573
f 2488/33/1337 2485/31/1334 2514/31/1362
f 2488/33/1337 2514/31/1362 2517/33/1365
f 2489/7/1338 2486/5/1335 2515/5/1363
f 2489/7/1338 2515/5/1363 2518/7/1366
f 2490/61/1339 2487/59/1336 2516/59/1573
f 2490/61/1339 2516/59/1573 2519/61/1367
f 2491/35/1340 2488/33/1337 2517/33/1365
f 2491/35/1340 2517/33/1365 2520/35/1368
f 2492/9/1341 2489/7/1338 2518/7/1366
f 2492/9/1341 2518/7/1366 2521/9/1574
f 2493/63/1342 2490/61/1339 2519/61/1367
f 2493/63/1342 2519/61/1367 2522/63/1370
f 2494/37/1343 2491/35/1340 2520/35/1368
f 2494/37/1343 2520/35/1368 2523/37/1371
f 2495/11/1344 2492/9/1341 2521/9/1574
f 2495/11/1344 2521/9/1574 2524/11/1372
f 2496/65/1572 2493/63/1342 2522/63/1370
f 2496/65/1572 2522/63/1370 2525/65/850
f 2497/39/1345 2494/37/1343 2523/37/1371
f 2497/39/1345 2523/37/1371 2526/39/1575
f 2498/13/1346 2495/11/1344 2524/11/1372
f 2498/13/1346 2524/11/1372 2527/13/1374
f 2499/41/1347 2497/39/1345 2526/39/1575
f 2499/41/1347 2526/39/1575 2528/41/1375
f 2500/15/1348 2498/13/1346 2527/13/1374
f 2500/15/1348 2527/13/1374 2505/15/1353
f 2501/43/1349 2499/41/1347 2528/41/1375
f 2501/43/1349 2528/41/1375 2529/43/1376
f 2502/17/1350 2500/15/1348 2505/15/1353
f 2502/17/1350 2505/15/1353 2504/17/1352
f 2503/45/1351 2501/43/1349 2529/43/1376
f 2503/45/1351 2529/43/1376 2530/45/1377
f 2440/19/1289 2502/17/1350 2504/17/1352
f 2440/19/1289 2504/17/1352 2531/19/1378
f 2475/47/1571 2503/45/1351 2530/45/1377
f 2475/47/1571 2530/45/1377 2532/47/1576
f 2441/21/1290 2440/19/1289 2531/19/1378
f 2441/21/1290 2531/19/1378 2533/21/1380
f 2476/49/1325 2475/47/1571 2532/47/1576
f 2476/49/1325 2532/47/1576 2534/49/1381
f 2477/23/1326 2441/21/1290 2533/21/1380
f 2477/23/1326 2533/21/1380 2535/23/1382
f 2478/51/1327 2476/49/1325 2534/49/1381
f 2478/51/1327 2534/49/1381 2536/51/1577
f 2472/25/1321 2477/23/1326 2535/23/1382
f 2472/25/1321 2535/23/1382 2473/25/1322
f 2479/53/1328 2478/51/1327 2536/51/1577
f 2479/53/1328 2536/51/1577 2508/53/1356
f 2537/46/1384 2538/48/1385 2539/48/1386
f 2537/46/1384 2539/48/1386 2540/46/1387
f 2541/35/847 2542/33/846 2543/33/1388
f 2541/35/847 2543/33/1388 2544/35/1389
f 1259/64/848 1260/66/849 2545/66/1390
f 1259/64/848 2545/66/1390 2546/64/1391
f 2531/19/1378 2504/17/1352 2507/17/1355
f 2531/19/1378 2507/17/1355 2547/19/1392
f 2097/22/787 2096/24/790 2548/24/1393
f 2097/22/787 2548/24/1393 2549/22/1394
f 2533/21/1380 2531/19/1378 2547/19/1392
f 2533/21/1380 2547/19/1392 2550/21/1384
f 2107/1/254 2106/4/758 2551/4/1395
f 2107/1/254 2551/4/1395 2552/1/1424
f 2102/12/772 2101/14/775 2553/14/1397
f 2102/12/772 2553/14/1397 2554/12/1398
f 2535/23/1382 2533/21/1380 2550/21/1384
f 2535/23/1382 2550/21/1384 2555/23/1399
f 2083/54/835 2082/56/838 2556/56/1400
f 2083/54/835 2556/56/1400 2557/54/1401
f 2473/25/1322 2535/23/1382 2555/23/1399
f 2473/25/1322 2555/23/1399 2558/25/1402
f 2088/44/820 2087/46/823 2537/46/1384
f 2088/44/820 2537/46/1384 2559/44/1399
f 2474/27/1323 2473/25/1322 2558/25/1402
f 2474/27/1323 2558/25/1402 2560/27/1403
f 1254/34/805 2092/36/808 2561/36/1404
f 1254/34/805 2561/36/1404 1255/34/846
f 2510/29/1358 2474/27/1323 2560/27/1403
f 2510/29/1358 2560/27/1403 2562/29/1405
f 2096/24/790 2095/26/793 2563/26/1406
f 2096/24/790 2563/26/1406 2548/24/1393
f 2514/31/1362 2510/29/1358 2562/29/1405
f 2514/31/1362 2562/29/1405 2564/31/1404
f 2101/14/775 2100/16/778 2565/16/1418
f 2101/14/775 2565/16/1418 2553/14/1397
f 2082/56/838 2081/58/841 2566/58/1408
f 2082/56/838 2566/58/1408 2556/56/1400
f 2517/33/1365 2514/31/1362 2564/31/1404
f 2517/33/1365 2564/31/1404 2542/33/846
f 2520/35/1368 2517/33/1365 2542/33/846
f 2520/35/1368 2542/33/846 2541/35/847
f 2106/4/758 2105/6/763 2567/6/1409
f 2106/4/758 2567/6/1409 2551/4/1395
f 2087/46/823 2086/48/826 2538/48/1385
f 2087/46/823 2538/48/1385 2537/46/1384
f 2523/37/1371 2520/35/1368 2541/35/847
f 2523/37/1371 2541/35/847 2568/37/1410
f 2092/36/808 2091/38/811 2569/38/1405
f 2092/36/808 2569/38/1405 2561/36/1404
f 2526/39/1575 2523/37/1371 2568/37/1410
f 2526/39/1575 2568/37/1410 2570/39/1411
f 2095/26/793 2094/28/796 2571/28/1411
f 2095/26/793 2571/28/1411 2563/26/1406
f 2528/41/1375 2526/39/1575 2570/39/1411
f 2528/41/1375 2570/39/1411 2572/41/1406
f 2081/58/841 2080/60/842 2573/60/1412
f 2081/58/841 2573/60/1412 2566/58/1408
f 2100/16/778 2099/18/781 2574/18/1413
f 2100/16/778 2574/18/1413 2565/16/1418
f 2529/43/1376 2528/41/1375 2572/41/1406
f 2529/43/1376 2572/41/1406 2575/43/1578
f 2530/45/1377 2529/43/1376 2575/43/1578
f 2530/45/1377 2575/43/1578 2576/45/1394
f 2105/6/763 2104/8/767 2577/8/1415
f 2105/6/763 2577/8/1415 2567/6/1409
f 2086/48/826 2085/50/829 2578/50/1416
f 2086/48/826 2578/50/1416 2538/48/1385
f 2532/47/1576 2530/45/1377 2576/45/1394
f 2532/47/1576 2576/45/1394 2579/47/1420
f 2091/38/811 2090/40/814 2580/40/1403
f 2091/38/811 2580/40/1403 2569/38/1405
f 2534/49/1381 2532/47/1576 2579/47/1420
f 2534/49/1381 2579/47/1420 2581/49/1413
f 2094/28/796 2093/30/799 2582/30/1410
f 2094/28/796 2582/30/1410 2571/28/1411
f 2536/51/1577 2534/49/1381 2581/49/1413
f 2536/51/1577 2581/49/1413 2583/51/1418
f 2080/60/842 2079/62/845 2584/62/1419
f 2080/60/842 2584/62/1419 2573/60/1412
f 2099/18/781 2098/20/784 2585/20/1417
f 2099/18/781 2585/20/1417 2574/18/1413
f 2508/53/1356 2536/51/1577 2583/51/1418
f 2508/53/1356 2583/51/1418 2586/53/1397
f 2509/55/1357 2508/53/1356 2586/53/1397
f 2509/55/1357 2586/53/1397 2587/55/1421
f 2104/8/767 2103/10/769 2588/10/1422
f 2104/8/767 2588/10/1422 2577/8/1415
f 2512/3/1360 2511/2/1359 2589/2/1390
f 2512/3/1360 2589/2/1390 2590/3/1391
f 2085/50/829 2084/52/832 2591/52/1423
f 2085/50/829 2591/52/1423 2578/50/1416
f 2513/57/1361 2509/55/1357 2587/55/1421
f 2513/57/1361 2587/55/1421 2592/57/1422
f 2515/5/1363 2512/3/1360 2590/3/1391
f 2515/5/1363 2590/3/1391 2593/5/1419
f 2090/40/814 2089/42/817 2594/42/1402
f 2090/40/814 2594/42/1402 2580/40/1403
f 2516/59/1573 2513/57/1361 2592/57/1422
f 2516/59/1573 2592/57/1422 2595/59/1579
f 2518/7/1366 2515/5/1363 2593/5/1419
f 2518/7/1366 2593/5/1419 2596/7/1412
f 2093/30/799 1253/32/802 1256/32/847
f 2093/30/799 1256/32/847 2582/30/1410
f 2519/61/1367 2516/59/1573 2595/59/1579
f 2519/61/1367 2595/59/1579 2597/61/1409
f 2521/9/1574 2518/7/1366 2596/7/1412
f 2521/9/1574 2596/7/1412 2598/9/1408
f 2079/62/845 1259/64/848 2546/64/1391
f 2079/62/845 2546/64/1391 2584/62/1419
f 2098/20/784 2097/22/787 2549/22/1394
f 2098/20/784 2549/22/1394 2585/20/1417
f 2522/63/1370 2519/61/1367 2597/61/1409
f 2522/63/1370 2597/61/1409 2599/63/1395
f 2524/11/1372 2521/9/1574 2598/9/1408
f 2524/11/1372 2598/9/1408 2600/11/1400
f 2525/65/850 2522/63/1370 2599/63/1395
f 2525/65/850 2599/63/1395 2601/65/1580
f 2103/10/769 2102/12/772 2554/12/1398
f 2103/10/769 2554/12/1398 2588/10/1422
f 2527/13/1374 2524/11/1372 2600/11/1400
f 2527/13/1374 2600/11/1400 2602/13/1401
f 2084/52/832 2083/54/835 2557/54/1401
f 2084/52/832 2557/54/1401 2591/52/1423
f 2505/15/1353 2527/13/1374 2602/13/1401
f 2505/15/1353 2602/13/1401 2506/15/1354
f 2089/42/817 2088/44/820 2559/44/1399
f 2089/42/817 2559/44/1399 2594/42/1402
f 2568/37/1410 2541/35/847 2544/35/1389
f 2568/37/1410 2544/35/1389 2604/37/1425
f 2538/48/1385 2578/50/1416 2605/50/1426
f 2538/48/1385 2605/50/1426 2539/48/1386
f 2570/39/1411 2568/37/1410 2604/37/1425
f 2570/39/1411 2604/37/1425 2606/39/1427
f 2578/50/1416 2591/52/1423 2607/52/1428
f 2578/50/1416 2607/52/1428 2605/50/1426
f 2572/41/1406 2570/39/1411 2606/39/1427
f 2572/41/1406 2606/39/1427 2608/41/1581
f 2591/52/1423 2557/54/1401 2609/54/1430
f 2591/52/1423 2609/54/1430 2607/52/1428
f 2575/43/1578 2572/41/1406 2608/41/1581
f 2575/43/1578 2608/41/1581 2610/43/1582
f 2557/54/1401 2556/56/1400 2611/56/1432
f 2557/54/1401 2611/56/1432 2609/54/1430
f 2552/1/1424 2551/4/1395 2612/4/1433
f 2552/1/1424 2612/4/1433 2613/1/1434
f 2576/45/1394 2575/43/1578 2610/43/1582
f 2576/45/1394 2610/43/1582 2614/45/1435
f 2556/56/1400 2566/58/1408 2615/58/1436
f 2556/56/1400 2615/58/1436 2611/56/1432
f 2551/4/1395 2567/6/1409 2616/6/1437
f 2551/4/1395 2616/6/1437 2612/4/1433
f 2579/47/1420 2576/45/1394 2614/45/1435
f 2579/47/1420 2614/45/1435 2617/47/1438
f 2566/58/1408 2573/60/1412 2618/60/1439
f 2566/58/1408 2618/60/1439 2615/58/1436
f 2567/6/1409 2577/8/1415 2619/8/1440
f 2567/6/1409 2619/8/1440 2616/6/1437
f 2581/49/1413 2579/47/1420 2617/47/1438
f 2581/49/1413 2617/47/1438 2620/49/1441
f 2573/60/1412 2584/62/1419 2621/62/1442
f 2573/60/1412 2621/62/1442 2618/60/1439
f 2577/8/1415 2588/10/1422 2622/10/1443
f 2577/8/1415 2622/10/1443 2619/8/1440
f 2583/51/1418 2581/49/1413 2620/49/1441
f 2583/51/1418 2620/49/1441 2623/51/1444
f 2584/62/1419 2546/64/1391 2624/64/1450
f 2584/62/1419 2624/64/1450 2621/62/1442
f 2588/10/1422 2554/12/1398 2625/12/1446
f 2588/10/1422 2625/12/1446 2622/10/1443
f 2586/53/1397 2583/51/1418 2623/51/1444
f 2586/53/1397 2623/51/1444 2016/53/1447
f 2546/64/1391 2545/66/1390 2626/66/1583
f 2546/64/1391 2626/66/1583 2624/64/1450
f 2554/12/1398 2553/14/1397 2603/14/1584
f 2554/12/1398 2603/14/1584 2625/12/1446
f 2587/55/1421 2586/53/1397 2016/53/1447
f 2587/55/1421 2016/53/1447 2015/55/1446
f 2590/3/1391 2589/2/1390 2627/2/1448
f 2590/3/1391 2627/2/1448 2628/3/1445
f 2553/14/1397 2565/16/1418 2013/16/1451
f 2553/14/1397 2013/16/1451 2603/14/1584
f 2592/57/1422 2587/55/1421 2015/55/1446
f 2592/57/1422 2015/55/1446 2629/57/1585
f 2593/5/1419 2590/3/1391 2628/3/1445
f 2593/5/1419 2628/3/1445 2630/5/1442
f 2565/16/1418 2574/18/1413 2014/18/1441
f 2565/16/1418 2014/18/1441 2013/16/1451
f 2595/59/1579 2592/57/1422 2629/57/1585
f 2595/59/1579 2629/57/1585 2631/59/1440
f 2596/7/1412 2593/5/1419 2630/5/1442
f 2596/7/1412 2630/5/1442 2632/7/1452
f 2574/18/1413 2585/20/1417 2633/20/1453
f 2574/18/1413 2633/20/1453 2014/18/1441
f 2597/61/1409 2595/59/1579 2631/59/1440
f 2597/61/1409 2631/59/1440 2634/61/1437
f 2598/9/1408 2596/7/1412 2632/7/1452
f 2598/9/1408 2632/7/1452 2635/9/1454
f 2585/20/1417 2549/22/1394 2636/22/1586
f 2585/20/1417 2636/22/1586 2633/20/1453
f 2599/63/1395 2597/61/1409 2634/61/1437
f 2599/63/1395 2634/61/1437 2637/63/1433
f 2600/11/1400 2598/9/1408 2635/9/1454
f 2600/11/1400 2635/9/1454 2638/11/1457
f 2549/22/1394 2548/24/1393 2639/24/1431
f 2549/22/1394 2639/24/1431 2636/22/1586
f 2601/65/1580 2599/63/1395 2637/63/1433
f 2601/65/1580 2637/63/1433 2640/65/1434
f 2602/13/1401 2600/11/1400 2638/11/1457
f 2602/13/1401 2638/11/1457 2641/13/1430
f 2548/24/1393 2563/26/1406 2642/26/1429
f 2548/24/1393 2642/26/1429 2639/24/1431
f 2506/15/1354 2602/13/1401 2641/13/1430
f 2506/15/1354 2641/13/1430 2643/15/1428
f 2563/26/1406 2571/28/1411 2644/28/1427
f 2563/26/1406 2644/28/1427 2642/26/1429
f 2507/17/1355 2506/15/1354 2643/15/1428
f 2507/17/1355 2643/15/1428 2645/17/1426
f 2571/28/1411 2582/30/1410 2646/30/1425
f 2571/28/1411 2646/30/1425 2644/28/1427
f 2547/19/1392 2507/17/1355 2645/17/1426
f 2547/19/1392 2645/17/1426 2647/19/1459
f 2582/30/1410 1256/32/847 2648/32/1389
f 2582/30/1410 2648/32/1389 2646/30/1425
f 2550/21/1384 2547/19/1392 2647/19/1459
f 2550/21/1384 2647/19/1459 2649/21/1460
f 1256/32/847 1255/34/846 2650/34/1587
f 1256/32/847 2650/34/1587 2648/32/1389
f 2555/23/1399 2550/21/1384 2649/21/1460
f 2555/23/1399 2649/21/1460 2651/23/1461
f 1255/34/846 2561/36/1404 2652/36/1468
f 1255/34/846 2652/36/1468 2650/34/1587
f 2558/25/1402 2555/23/1399 2651/23/1461
f 2558/25/1402 2651/23/1461 2653/25/1463
f 2561/36/1404 2569/38/1405 2654/38/1464
f 2561/36/1404 2654/38/1464 2652/36/1468
f 2560/27/1403 2558/25/1402 2653/25/1463
f 2560/27/1403 2653/25/1463 2655/27/1465
f 2569/38/1405 2580/40/1403 2656/40/1466
f 2569/38/1405 2656/40/1466 2654/38/1464
f 2562/29/1405 2560/27/1403 2655/27/1465
f 2562/29/1405 2655/27/1465 2657/29/1464
f 2580/40/1403 2594/42/1402 2658/42/1467
f 2580/40/1403 2658/42/1467 2656/40/1466
f 2564/31/1404 2562/29/1405 2657/29/1464
f 2564/31/1404 2657/29/1464 2659/31/1468
f 2594/42/1402 2559/44/1399 2660/44/1469
f 2594/42/1402 2660/44/1469 2658/42/1467
f 2542/33/846 2564/31/1404 2659/31/1468
f 2542/33/846 2659/31/1468 2543/33/1388
f 2559/44/1399 2537/46/1384 2540/46/1387
f 2559/44/1399 2540/46/1387 2660/44/1469
s 3
f 2661/54/1588 2662/56/1589 2663/56/1590
f 2661/54/1588 2663/56/1590 2664/54/1591
f 1132/26/783 1140/28/786 2665/28/1592
f 1132/26/783 2665/28/1592 2666/26/1593
f 1220/54/825 1224/56/828 2662/56/1589
f 1220/54/825 2662/56/1589 2661/54/1588
f 1100/18/771 1108/20/774 2667/20/1594
f 1100/18/771 2667/20/1594 2668/18/1595
f 1148/30/789 1156/32/792 2669/32/1596
f 1148/30/789 2669/32/1596 2670/30/1597
f 1198/46/813 1204/48/816 2671/48/1598
f 1198/46/813 2671/48/1598 2672/46/1599
f 1267/64/853 1270/66/33 2673/66/1600
f 1267/64/853 2673/66/1600 2674/64/1601
f 1164/34/795 1170/36/798 2675/36/1602
f 1164/34/795 2675/36/1602 2676/34/1603
f 1271/4/856 1265/6/851 2677/6/1604
f 1271/4/856 2677/6/1604 2678/4/1605
f 1224/56/828 1228/58/831 2679/58/1606
f 1224/56/828 2679/58/1606 2662/56/1589
f 1116/22/777 1124/24/780 2680/24/1607
f 1116/22/777 2680/24/1607 2681/22/1608
f 1176/38/801 1182/40/804 2682/40/1609
f 1176/38/801 2682/40/1609 2683/38/1610
f 1061/8/754 1064/10/757 2684/10/1611
f 1061/8/754 2684/10/1611 2685/8/1612
f 1204/48/816 1210/50/819 2686/50/1613
f 1204/48/816 2686/50/1613 2671/48/1598
f 1188/42/807 1194/44/810 2687/44/1614
f 1188/42/807 2687/44/1614 2688/42/1615
f 1083/12/764 1073/14/759 1076/14/762
f 1083/12/764 1076/14/762 2689/12/1616
f 1124/24/780 1132/26/783 2666/26/1593
f 1124/24/780 2666/26/1593 2680/24/1607
f 1228/58/831 1232/60/834 2690/60/1617
f 1228/58/831 2690/60/1617 2679/58/1606
f 1074/16/760 1100/18/771 2668/18/1595
f 1074/16/760 2668/18/1595 1075/16/761
f 1140/28/786 1148/30/789 2670/30/1597
f 1140/28/786 2670/30/1597 2665/28/1592
f 1210/50/819 1216/52/822 2691/52/1618
f 1210/50/819 2691/52/1618 2686/50/1613
f 1108/20/774 1116/22/777 2681/22/1608
f 1108/20/774 2681/22/1608 2667/20/1594
f 1156/32/792 1164/34/795 2676/34/1603
f 1156/32/792 2676/34/1603 2669/32/1596
f 1232/60/834 1236/62/837 2692/62/1619
f 1232/60/834 2692/62/1619 2690/60/1617
f 1170/36/798 1176/38/801 2683/38/1610
f 1170/36/798 2683/38/1610 2675/36/1602
f 1265/6/851 1061/8/754 2685/8/1612
f 1265/6/851 2685/8/1612 2677/6/1604
f 1216/52/822 1220/54/825 2661/54/1588
f 1216/52/822 2661/54/1588 2691/52/1618
f 1273/1/1 1271/4/856 2678/4/1605
f 1273/1/1 2678/4/1605 2693/1/1620
f 1182/40/804 1188/42/807 2688/42/1615
f 1182/40/804 2688/42/1615 2682/40/1609
f 1064/10/757 1083/12/764 2689/12/1616
f 1064/10/757 2689/12/1616 2684/10/1611
f 1194/44/810 1198/46/813 2672/46/1599
f 1194/44/810 2672/46/1599 2687/44/1614
f 1236/62/837 1267/64/853 2674/64/1601
f 1236/62/837 2674/64/1601 2692/62/1619
f 2694/20/1621 2695/22/1622 2696/22/1623
f 2694/20/1621 2696/22/1623 2697/20/1624
f 2670/30/1597 2669/32/1596 2698/32/1625
f 2670/30/1597 2698/32/1625 2699/30/1626
f 2681/22/1608 2680/24/1607 2700/24/1627
f 2681/22/1608 2700/24/1627 2695/22/1622
f 2662/56/1589 2679/58/1606 2701/58/1628
f 2662/56/1589 2701/58/1628 2663/56/1590
f 2685/8/1612 2684/10/1611 2702/10/1629
f 2685/8/1612 2702/10/1629 2703/8/1630
f 2688/42/1615 2687/44/1614 2704/44/1631
f 2688/42/1615 2704/44/1631 2705/42/1632
f 2679/58/1606 2690/60/1617 2706/60/1633
f 2679/58/1606 2706/60/1633 2701/58/1628
f 2665/28/1592 2670/30/1597 2699/30/1626
f 2665/28/1592 2699/30/1626 2707/28/1634
f 2667/20/1594 2681/22/1608 2695/22/1622
f 2667/20/1594 2695/22/1622 2694/20/1621
f 2690/60/1617 2692/62/1619 2708/62/1635
f 2690/60/1617 2708/62/1635 2706/60/1633
f 2677/6/1604 2685/8/1612 2703/8/1630
f 2677/6/1604 2703/8/1630 2709/6/1636
f 2682/40/1609 2688/42/1615 2705/42/1632
f 2682/40/1609 2705/42/1632 2710/40/1637
f 2692/62/1619 2674/64/1601 2711/64/1638
f 2692/62/1619 2711/64/1638 2708/62/1635
f 2666/26/1593 2665/28/1592 2707/28/1634
f 2666/26/1593 2707/28/1634 2712/26/1639
f 2668/18/1595 2667/20/1594 2694/20/1621
f 2668/18/1595 2694/20/1621 2713/18/1640
f 2674/64/1601 2673/66/1600 2714/66/1641
f 2674/64/1601 2714/66/1641 2711/64/1638
f 2678/4/1605 2677/6/1604 2709/6/1636
f 2678/4/1605 2709/6/1636 2715/4/1642
f 2683/38/1610 2682/40/1609 2710/40/1637
f 2683/38/1610 2710/40/1637 2716/38/1643
f 2680/24/1607 2666/26/1593 2712/26/1639
f 2680/24/1607 2712/26/1639 2700/24/1627
f 1075/16/761 2668/18/1595 2713/18/1640
f 1075/16/761 2713/18/1640 2717/16/1644
f 2693/1/1620 2678/4/1605 2715/4/1642
f 2693/1/1620 2715/4/1642 2718/1/1645
f 2675/36/1602 2683/38/1610 2716/38/1643
f 2675/36/1602 2716/38/1643 2719/36/1646
f 2687/44/1614 2672/46/1599 2720/46/1647
f 2687/44/1614 2720/46/1647 2704/44/1631
f 1076/14/762 1075/16/761 2717/16/1644
f 1076/14/762 2717/16/1644 2721/14/1648
f 2672/46/1599 2671/48/1598 2722/48/1649
f 2672/46/1599 2722/48/1649 2720/46/1647
f 2676/34/1603 2675/36/1602 2719/36/1646
f 2676/34/1603 2719/36/1646 2723/34/1650
f 2671/48/1598 2686/50/1613 2724/50/1651
f 2671/48/1598 2724/50/1651 2722/48/1649
f 2689/12/1616 1076/14/762 2721/14/1648
f 2689/12/1616 2721/14/1648 2725/12/1652
f 2686/50/1613 2691/52/1618 2726/52/1653
f 2686/50/1613 2726/52/1653 2724/50/1651
f 2669/32/1596 2676/34/1603 2723/34/1650
f 2669/32/1596 2723/34/1650 2698/32/1625
f 2691/52/1618 2661/54/1588 2664/54/1591
f 2691/52/1618 2664/54/1591 2726/52/1653
f 2684/10/1611 2689/12/1616 2725/12/1652
f 2684/10/1611 2725/12/1652 2702/10/1629
f 2727/38/1654 2728/40/1655 2729/40/1656
f 2727/38/1654 2729/40/1656 2730/38/1657
f 2706/60/1633 2708/62/1635 2731/62/1658
f 2706/60/1633 2731/62/1658 2732/60/1659
f 2709/6/1636 2703/8/1630 2733/8/1660
f 2709/6/1636 2733/8/1660 2734/6/1661
f 2710/40/1637 2705/42/1632 2735/42/1662
f 2710/40/1637 2735/42/1662 2728/40/1655
f 2708/62/1635 2711/64/1638 2736/64/1663
f 2708/62/1635 2736/64/1663 2731/62/1658
f 2712/26/1639 2707/28/1634 2737/28/1664
f 2712/26/1639 2737/28/1664 2738/26/1665
f 2713/18/1640 2694/20/1621 2697/20/1624
f 2713/18/1640 2697/20/1624 2739/18/1666
f 2711/64/1638 2714/66/1641 2740/66/1667
f 2711/64/1638 2740/66/1667 2736/64/1663
f 2715/4/1642 2709/6/1636 2734/6/1661
f 2715/4/1642 2734/6/1661 2741/4/1668
f 2716/38/1643 2710/40/1637 2728/40/1655
f 2716/38/1643 2728/40/1655 2727/38/1654
f 2700/24/1627 2712/26/1639 2738/26/1665
f 2700/24/1627 2738/26/1665 2742/24/1669
f 2717/16/1644 2713/18/1640 2739/18/1666
f 2717/16/1644 2739/18/1666 2743/16/1670
f 2718/1/1645 2715/4/1642 2741/4/1668
f 2718/1/1645 2741/4/1668 2744/1/1671
f 2719/36/1646 2716/38/1643 2727/38/1654
f 2719/36/1646 2727/38/1654 2745/36/1672
f 2704/44/1631 2720/46/1647 2746/46/1673
f 2704/44/1631 2746/46/1673 2747/44/1674
f 2721/14/1648 2717/16/1644 2743/16/1670
f 2721/14/1648 2743/16/1670 2748/14/1675
f 2720/46/1647 2722/48/1649 2749/48/1676
f 2720/46/1647 2749/48/1676 2746/46/1673
f 2723/34/1650 2719/36/1646 2745/36/1672
f 2723/34/1650 2745/36/1672 2750/34/1677
f 2722/48/1649 2724/50/1651 2751/50/1678
f 2722/48/1649 2751/50/1678 2749/48/1676
f 2725/12/1652 2721/14/1648 2748/14/1675
f 2725/12/1652 2748/14/1675 2752/12/1679
f 2724/50/1651 2726/52/1653 2753/52/1680
f 2724/50/1651 2753/52/1680 2751/50/1678
f 2698/32/1625 2723/34/1650 2750/34/1677
f 2698/32/1625 2750/34/1677 2754/32/1681
f 2726/52/1653 2664/54/1591 2755/54/1682
f 2726/52/1653 2755/54/1682 2753/52/1680
f 2702/10/1629 2725/12/1652 2752/12/1679
f 2702/10/1629 2752/12/1679 2756/10/1683
f 2664/54/1591 2663/56/1590 2757/56/1684
f 2664/54/1591 2757/56/1684 2755/54/1682
f 2699/30/1626 2698/32/1625 2754/32/1681
f 2699/30/1626 2754/32/1681 2758/30/1685
f 2695/22/1622 2700/24/1627 2742/24/1669
f 2695/22/1622 2742/24/1669 2696/22/1623
f 2663/56/1590 2701/58/1628 2759/58/1686
f 2663/56/1590 2759/58/1686 2757/56/1684
f 2703/8/1630 2702/10/1629 2756/10/1683
f 2703/8/1630 2756/10/1683 2733/8/1660
f 2705/42/1632 2704/44/1631 2747/44/1674
f 2705/42/1632 2747/44/1674 2735/42/1662
f 2701/58/1628 2706/60/1633 2732/60/1659
f 2701/58/1628 2732/60/1659 2759/58/1686
f 2707/28/1634 2699/30/1626 2758/30/1685
f 2707/28/1634 2758/30/1685 2737/28/1664
f 2760/14/1687 2761/16/1688 2762/16/1689
f 2760/14/1687 2762/16/1689 2763/14/1690
f 2742/24/1669 2738/26/1665 2764/26/1691
f 2742/24/1669 2764/26/1691 2765/24/1692
f 2743/16/1670 2739/18/1666 2766/18/1693
f 2743/16/1670 2766/18/1693 2761/16/1688
f 2744/1/1671 2741/4/1668 2767/4/1694
f 2744/1/1671 2767/4/1694 2768/1/1695
f 2745/36/1672 2727/38/1654 2730/38/1657
f 2745/36/1672 2730/38/1657 2769/36/1696
f 2747/44/1674 2746/46/1673 2770/46/1697
f 2747/44/1674 2770/46/1697 2771/44/1698
f 2748/14/1675 2743/16/1670 2761/16/1688
f 2748/14/1675 2761/16/1688 2760/14/1687
f 2746/46/1673 2749/48/1676 2772/48/1699
f 2746/46/1673 2772/48/1699 2770/46/1697
f 2750/34/1677 2745/36/1672 2769/36/1696
f 2750/34/1677 2769/36/1696 2773/34/1700
f 2749/48/1676 2751/50/1678 2774/50/1701
f 2749/48/1676 2774/50/1701 2772/48/1699
f 2752/12/1679 2748/14/1675 2760/14/1687
f 2752/12/1679 2760/14/1687 2775/12/1702
f 2751/50/1678 2753/52/1680 2776/52/1703
f 2751/50/1678 2776/52/1703 2774/50/1701
f 2754/32/1681 2750/34/1677 2773/34/1700
f 2754/32/1681 2773/34/1700 2777/32/1704
f 2753/52/1680 2755/54/1682 2778/54/1705
f 2753/52/1680 2778/54/1705 2776/52/1703
f 2756/10/1683 2752/12/1679 2775/12/1702
f 2756/10/1683 2775/12/1702 2779/10/1706
f 2755/54/1682 2757/56/1684 2780/56/1707
f 2755/54/1682 2780/56/1707 2778/54/1705
f 2758/30/1685 2754/32/1681 2777/32/1704
f 2758/30/1685 2777/32/1704 2781/30/1708
f 2696/22/1623 2742/24/1669 2765/24/1692
f 2696/22/1623 2765/24/1692 2782/22/1709
f 2757/56/1684 2759/58/1686 2783/58/1710
f 2757/56/1684 2783/58/1710 2780/56/1707
f 2733/8/1660 2756/10/1683 2779/10/1706
f 2733/8/1660 2779/10/1706 2784/8/1711
f 2735/42/1662 2747/44/1674 2771/44/1698
f 2735/42/1662 2771/44/1698 2785/42/1712
f 2759/58/1686 2732/60/1659 2786/60/1713
f 2759/58/1686 2786/60/1713 2783/58/1710
f 2737/28/1664 2758/30/1685 2781/30/1708
f 2737/28/1664 2781/30/1708 2787/28/1714
f 2697/20/1624 2696/22/1623 2782/22/1709
f 2697/20/1624 2782/22/1709 2788/20/1715
f 2732/60/1659 2731/62/1658 2789/62/1716
f 2732/60/1659 2789/62/1716 2786/60/1713
f 2734/6/1661 2733/8/1660 2784/8/1711
f 2734/6/1661 2784/8/1711 2790/6/1717
f 2728/40/1655 2735/42/1662 2785/42/1712
f 2728/40/1655 2785/42/1712 2729/40/1656
f 2731/62/1658 2736/64/1663 2791/64/1718
f 2731/62/1658 2791/64/1718 2789/62/1716
f 2738/26/1665 2737/28/1664 2787/28/1714
f 2738/26/1665 2787/28/1714 2764/26/1691
f 2739/18/1666 2697/20/1624 2788/20/1715
f 2739/18/1666 2788/20/1715 2766/18/1693
f 2736/64/1663 2740/66/1667 2792/66/1719
f 2736/64/1663 2792/66/1719 2791/64/1718
f 2741/4/1668 2734/6/1661 2790/6/1717
f 2741/4/1668 2790/6/1717 2767/4/1694
f 2793/32/1720 2794/34/1721 2795/34/1722
f 2793/32/1720 2795/34/1722 2796/32/1723
f 2770/46/1697 2772/48/1699 2797/48/1724
f 2770/46/1697 2797/48/1724 2798/46/1725
f 2773/34/1700 2769/36/1696 2799/36/1726
f 2773/34/1700 2799/36/1726 2794/34/1721
f 2772/48/1699 2774/50/1701 2800/50/1727
f 2772/48/1699 2800/50/1727 2797/48/1724
f 2775/12/1702 2760/14/1687 2763/14/1690
f 2775/12/1702 2763/14/1690 2801/12/1728
f 2774/50/1701 2776/52/1703 2802/52/1729
f 2774/50/1701 2802/52/1729 2800/50/1727
f 2777/32/1704 2773/34/1700 2794/34/1721
f 2777/32/1704 2794/34/1721 2793/32/1720
f 2776/52/1703 2778/54/1705 2803/54/1730
f 2776/52/1703 2803/54/1730 2802/52/1729
f 2779/10/1706 2775/12/1702 2801/12/1728
f 2779/10/1706 2801/12/1728 2804/10/1731
f 2778/54/1705 2780/56/1707 2805/56/1732
f 2778/54/1705 2805/56/1732 2803/54/1730
f 2781/30/1708 2777/32/1704 2793/32/1720
f 2781/30/1708 2793/32/1720 2806/30/1733
f 2782/22/1709 2765/24/1692 2807/24/1734
f 2782/22/1709 2807/24/1734 2808/22/1735
f 2780/56/1707 2783/58/1710 2809/58/1736
f 2780/56/1707 2809/58/1736 2805/56/1732
f 2784/8/1711 2779/10/1706 2804/10/1731
f 2784/8/1711 2804/10/1731 2810/8/1737
f 2785/42/1712 2771/44/1698 2811/44/1738
f 2785/42/1712 2811/44/1738 2812/42/1739
f 2783/58/1710 2786/60/1713 2813/60/1740
f 2783/58/1710 2813/60/1740 2809/58/1736
f 2787/28/1714 2781/30/1708 2806/30/1733
f 2787/28/1714 2806/30/1733 2814/28/1741
f 2788/20/1715 2782/22/1709 2808/22/1735
f 2788/20/1715 2808/22/1735 2815/20/1742
f 2786/60/1713 2789/62/1716 2816/62/1743
f 2786/60/1713 2816/62/1743 2813/60/1740
f 2790/6/1717 2784/8/1711 2810/8/1737
f 2790/6/1717 2810/8/1737 2817/6/1744
f 2729/40/1656 2785/42/1712 2812/42/1739
f 2729/40/1656 2812/42/1739 2818/40/1745
f 2789/62/1716 2791/64/1718 2819/64/1746
f 2789/62/1716 2819/64/1746 2816/62/1743
f 2764/26/1691 2787/28/1714 2814/28/1741
f 2764/26/1691 2814/28/1741 2820/26/1747
f 2766/18/1693 2788/20/1715 2815/20/1742
f 2766/18/1693 2815/20/1742 2821/18/1748
f 2791/64/1718 2792/66/1719 2822/66/1749
f 2791/64/1718 2822/66/1749 2819/64/1746
f 2767/4/1694 2790/6/1717 2817/6/1744
f 2767/4/1694 2817/6/1744 2823/4/1750
f 2730/38/1657 2729/40/1656 2818/40/1745
f 2730/38/1657 2818/40/1745 2824/38/1751
f 2765/24/1692 2764/26/1691 2820/26/1747
f 2765/24/1692 2820/26/1747 2807/24/1734
f 2761/16/1688 2766/18/1693 2821/18/1748
f 2761/16/1688 2821/18/1748 2762/16/1689
f 2768/1/1695 2767/4/1694 2823/4/1750
f 2768/1/1695 2823/4/1750 2825/1/1752
f 2769/36/1696 2730/38/1657 2824/38/1751
f 2769/36/1696 2824/38/1751 2799/36/1726
f 2771/44/1698 2770/46/1697 2798/46/1725
f 2771/44/1698 2798/46/1725 2811/44/1738
f 2826/8/1753 2827/10/1754 2828/10/1755
f 2826/8/1753 2828/10/1755 2829/8/1756
f 2802/52/1729 2803/54/1730 2830/54/1757
f 2802/52/1729 2830/54/1757 2831/52/1758
f 2804/10/1731 2801/12/1728 2832/12/1759
f 2804/10/1731 2832/12/1759 2827/10/1754
f 2803/54/1730 2805/56/1732 2833/56/1760
f 2803/54/1730 2833/56/1760 2830/54/1757
f 2806/30/1733 2793/32/1720 2796/32/1723
f 2806/30/1733 2796/32/1723 2834/30/1761
f 2808/22/1735 2807/24/1734 2835/24/1762
f 2808/22/1735 2835/24/1762 2836/22/1763
f 2805/56/1732 2809/58/1736 2837/58/1764
f 2805/56/1732 2837/58/1764 2833/56/1760
f 2810/8/1737 2804/10/1731 2827/10/1754
f 2810/8/1737 2827/10/1754 2826/8/1753
f 2812/42/1739 2811/44/1738 2838/44/1765
f 2812/42/1739 2838/44/1765 2839/42/1766
f 2809/58/1736 2813/60/1740 2840/60/1767
f 2809/58/1736 2840/60/1767 2837/58/1764
f 2814/28/1741 2806/30/1733 2834/30/1761
f 2814/28/1741 2834/30/1761 2841/28/1768
f 2815/20/1742 2808/22/1735 2836/22/1763
f 2815/20/1742 2836/22/1763 2842/20/1769
f 2813/60/1740 2816/62/1743 2843/62/1770
f 2813/60/1740 2843/62/1770 2840/60/1767
f 2817/6/1744 2810/8/1737 2826/8/1753
f 2817/6/1744 2826/8/1753 2844/6/1771
f 2818/40/1745 2812/42/1739 2839/42/1766
f 2818/40/1745 2839/42/1766 2845/40/1772
f 2816/62/1743 2819/64/1746 2846/64/1773
f 2816/62/1743 2846/64/1773 2843/62/1770
f 2820/26/1747 2814/28/1741 2841/28/1768
f 2820/26/1747 2841/28/1768 2847/26/1774
f 2821/18/1748 2815/20/1742 2842/20/1769
f 2821/18/1748 2842/20/1769 2848/18/1775
f 2819/64/1746 2822/66/1749 2849/66/1776
f 2819/64/1746 2849/66/1776 2846/64/1773
f 2823/4/1750 2817/6/1744 2844/6/1771
f 2823/4/1750 2844/6/1771 2850/4/1777
f 2824/38/1751 2818/40/1745 2845/40/1772
f 2824/38/1751 2845/40/1772 2851/38/1778
f 2807/24/1734 2820/26/1747 2847/26/1774
f 2807/24/1734 2847/26/1774 2835/24/1762
f 2762/16/1689 2821/18/1748 2848/18/1775
f 2762/16/1689 2848/18/1775 2852/16/1779
f 2825/1/1752 2823/4/1750 2850/4/1777
f 2825/1/1752 2850/4/1777 2853/1/1780
f 2799/36/1726 2824/38/1751 2851/38/1778
f 2799/36/1726 2851/38/1778 2854/36/1781
f 2811/44/1738 2798/46/1725 2855/46/1782
f 2811/44/1738 2855/46/1782 2838/44/1765
f 2763/14/1690 2762/16/1689 2852/16/1779
f 2763/14/1690 2852/16/1779 2856/14/1783
f 2798/46/1725 2797/48/1724 2857/48/1784
f 2798/46/1725 2857/48/1784 2855/46/1782
f 2794/34/1721 2799/36/1726 2854/36/1781
f 2794/34/1721 2854/36/1781 2795/34/1722
f 2797/48/1724 2800/50/1727 2858/50/1785
f 2797/48/1724 2858/50/1785 2857/48/1784
f 2801/12/1728 2763/14/1690 2856/14/1783
f 2801/12/1728 2856/14/1783 2832/12/1759
f 2800/50/1727 2802/52/1729 2831/52/1758
f 2800/50/1727 2831/52/1758 2858/50/1785
f 2859/26/1786 2860/28/1787 2861/28/1788
f 2859/26/1786 2861/28/1788 2862/26/1789
f 2839/42/1766 2838/44/1765 2863/44/1790
f 2839/42/1766 2863/44/1790 2864/42/1791
f 2837/58/1764 2840/60/1767 2865/60/1792
f 2837/58/1764 2865/60/1792 2866/58/1793
f 2841/28/1768 2834/30/1761 2867/30/1794
f 2841/28/1768 2867/30/1794 2860/28/1787
f 2842/20/1769 2836/22/1763 2868/22/1795
f 2842/20/1769 2868/22/1795 2869/20/1796
f 2840/60/1767 2843/62/1770 2870/62/1797
f 2840/60/1767 2870/62/1797 2865/60/1792
f 2844/6/1771 2826/8/1753 2829/8/1756
f 2844/6/1771 2829/8/1756 2871/6/1798
f 2845/40/1772 2839/42/1766 2864/42/1791
f 2845/40/1772 2864/42/1791 2872/40/1799
f 2843/62/1770 2846/64/1773 2873/64/1800
f 2843/62/1770 2873/64/1800 2870/62/1797
f 2847/26/1774 2841/28/1768 2860/28/1787
f 2847/26/1774 2860/28/1787 2859/26/1786
f 2848/18/1775 2842/20/1769 2869/20/1796
f 2848/18/1775 2869/20/1796 2874/18/1801
f 2846/64/1773 2849/66/1776 2875/66/1802
f 2846/64/1773 2875/66/1802 2873/64/1800
f 2850/4/1777 2844/6/1771 2871/6/1798
f 2850/4/1777 2871/6/1798 2876/4/1803
f 2851/38/1778 2845/40/1772 2872/40/1799
f 2851/38/1778 2872/40/1799 2877/38/1804
f 2835/24/1762 2847/26/1774 2859/26/1786
f 2835/24/1762 2859/26/1786 2878/24/1805
f 2852/16/1779 2848/18/1775 2874/18/1801
f 2852/16/1779 2874/18/1801 2879/16/1806
f 2853/1/1780 2850/4/1777 2876/4/1803
f 2853/1/1780 2876/4/1803 2880/1/1807
f 2854/36/1781 2851/38/1778 2877/38/1804
f 2854/36/1781 2877/38/1804 2881/36/1808
f 2838/44/1765 2855/46/1782 2882/46/1809
f 2838/44/1765 2882/46/1809 2863/44/1790
f 2856/14/1783 2852/16/1779 2879/16/1806
f 2856/14/1783 2879/16/1806 2883/14/1810
f 2855/46/1782 2857/48/1784 2884/48/1811
f 2855/46/1782 2884/48/1811 2882/46/1809
f 2795/34/1722 2854/36/1781 2881/36/1808
f 2795/34/1722 2881/36/1808 2885/34/1812
f 2857/48/1784 2858/50/1785 2886/50/1813
f 2857/48/1784 2886/50/1813 2884/48/1811
f 2832/12/1759 2856/14/1783 2883/14/1810
f 2832/12/1759 2883/14/1810 2887/12/1814
f 2858/50/1785 2831/52/1758 2888/52/1815
f 2858/50/1785 2888/52/1815 2886/50/1813
f 2796/32/1723 2795/34/1722 2885/34/1812
f 2796/32/1723 2885/34/1812 2889/32/1816
f 2831/52/1758 2830/54/1757 2890/54/1817
f 2831/52/1758 2890/54/1817 2888/52/1815
f 2827/10/1754 2832/12/1759 2887/12/1814
f 2827/10/1754 2887/12/1814 2828/10/1755
f 2830/54/1757 2833/56/1760 2891/56/1818
f 2830/54/1757 2891/56/1818 2890/54/1817
f 2834/30/1761 2796/32/1723 2889/32/1816
f 2834/30/1761 2889/32/1816 2867/30/1794
f 2836/22/1763 2835/24/1762 2878/24/1805
f 2836/22/1763 2878/24/1805 2868/22/1795
f 2833/56/1760 2837/58/1764 2866/58/1793
f 2833/56/1760 2866/58/1793 2891/56/1818
f 2892/1/1819 2893/4/1820 2894/4/1821
f 2892/1/1819 2894/4/1821 2895/1/1822
f 2874/18/1801 2869/20/1796 2896/20/1823
f 2874/18/1801 2896/20/1823 2897/18/1824
f 2873/64/1800 2875/66/1802 2898/66/1825
f 2873/64/1800 2898/66/1825 2899/64/1826
f 2876/4/1803 2871/6/1798 2900/6/1827
f 2876/4/1803 2900/6/1827 2893/4/1820
f 2877/38/1804 2872/40/1799 2901/40/1828
f 2877/38/1804 2901/40/1828 2902/38/1829
f 2878/24/1805 2859/26/1786 2862/26/1789
f 2878/24/1805 2862/26/1789 2903/24/1830
f 2879/16/1806 2874/18/1801 2897/18/1824
f 2879/16/1806 2897/18/1824 2904/16/1831
f 2880/1/1807 2876/4/1803 2893/4/1820
f 2880/1/1807 2893/4/1820 2892/1/1819
f 2881/36/1808 2877/38/1804 2902/38/1829
f 2881/36/1808 2902/38/1829 2905/36/1832
f 2863/44/1790 2882/46/1809 2906/46/1833
f 2863/44/1790 2906/46/1833 2907/44/1834
f 2883/14/1810 2879/16/1806 2904/16/1831
f 2883/14/1810 2904/16/1831 2908/14/1835
f 2882/46/1809 2884/48/1811 2909/48/1836
f 2882/46/1809 2909/48/1836 2906/46/1833
f 2885/34/1812 2881/36/1808 2905/36/1832
f 2885/34/1812 2905/36/1832 2910/34/1837
f 2884/48/1811 2886/50/1813 2911/50/1838
f 2884/48/1811 2911/50/1838 2909/48/1836
f 2887/12/1814 2883/14/1810 2908/14/1835
f 2887/12/1814 2908/14/1835 2912/12/1839
f 2886/50/1813 2888/52/1815 2913/52/1840
f 2886/50/1813 2913/52/1840 2911/50/1838
f 2889/32/1816 2885/34/1812 2910/34/1837
f 2889/32/1816 2910/34/1837 2914/32/1841
f 2888/52/1815 2890/54/1817 2915/54/1842
f 2888/52/1815 2915/54/1842 2913/52/1840
f 2828/10/1755 2887/12/1814 2912/12/1839
f 2828/10/1755 2912/12/1839 2916/10/1843
f 2890/54/1817 2891/56/1818 2917/56/1844
f 2890/54/1817 2917/56/1844 2915/54/1842
f 2867/30/1794 2889/32/1816 2914/32/1841
f 2867/30/1794 2914/32/1841 2918/30/1845
f 2868/22/1795 2878/24/1805 2903/24/1830
f 2868/22/1795 2903/24/1830 2919/22/1846
f 2891/56/1818 2866/58/1793 2920/58/1847
f 2891/56/1818 2920/58/1847 2917/56/1844
f 2829/8/1756 2828/10/1755 2916/10/1843
f 2829/8/1756 2916/10/1843 2921/8/1848
f 2864/42/1791 2863/44/1790 2907/44/1834
f 2864/42/1791 2907/44/1834 2922/42/1849
f 2866/58/1793 2865/60/1792 2923/60/1850
f 2866/58/1793 2923/60/1850 2920/58/1847
f 2860/28/1787 2867/30/1794 2918/30/1845
f 2860/28/1787 2918/30/1845 2861/28/1788
f 2869/20/1796 2868/22/1795 2919/22/1846
f 2869/20/1796 2919/22/1846 2896/20/1823
f 2865/60/1792 2870/62/1797 2924/62/1851
f 2865/60/1792 2924/62/1851 2923/60/1850
f 2871/6/1798 2829/8/1756 2921/8/1848
f 2871/6/1798 2921/8/1848 2900/6/1827
f 2872/40/1799 2864/42/1791 2922/42/1849
f 2872/40/1799 2922/42/1849 2901/40/1828
f 2870/62/1797 2873/64/1800 2899/64/1826
f 2870/62/1797 2899/64/1826 2924/62/1851
f 2925/48/1852 2926/50/1853 2927/50/1854
f 2925/48/1852 2927/50/1854 2928/48/1855
f 2905/36/1832 2902/38/1829 2929/38/1856
f 2905/36/1832 2929/38/1856 2930/36/1857
f 2907/44/1834 2906/46/1833 2931/46/1858
f 2907/44/1834 2931/46/1858 2932/44/1859
f 2908/14/1835 2904/16/1831 2933/16/1860
f 2908/14/1835 2933/16/1860 2934/14/1861
f 2906/46/1833 2909/48/1836 2925/48/1852
f 2906/46/1833 2925/48/1852 2931/46/1858
f 2910/34/1837 2905/36/1832 2930/36/1857
f 2910/34/1837 2930/36/1857 2935/34/1862
f 2909/48/1836 2911/50/1838 2926/50/1853
f 2909/48/1836 2926/50/1853 2925/48/1852
f 2912/12/1839 2908/14/1835 2934/14/1861
f 2912/12/1839 2934/14/1861 2936/12/1863
f 2911/50/1838 2913/52/1840 2937/52/1864
f 2911/50/1838 2937/52/1864 2926/50/1853
f 2914/32/1841 2910/34/1837 2935/34/1862
f 2914/32/1841 2935/34/1862 2938/32/1865
f 2913/52/1840 2915/54/1842 2939/54/1866
f 2913/52/1840 2939/54/1866 2937/52/1864
f 2916/10/1843 2912/12/1839 2936/12/1863
f 2916/10/1843 2936/12/1863 2940/10/1867
f 2915/54/1842 2917/56/1844 2941/56/1868
f 2915/54/1842 2941/56/1868 2939/54/1866
f 2918/30/1845 2914/32/1841 2938/32/1865
f 2918/30/1845 2938/32/1865 2942/30/1869
f 2919/22/1846 2903/24/1830 2943/24/1870
f 2919/22/1846 2943/24/1870 2944/22/1871
f 2917/56/1844 2920/58/1847 2945/58/1872
f 2917/56/1844 2945/58/1872 2941/56/1868
f 2921/8/1848 2916/10/1843 2940/10/1867
f 2921/8/1848 2940/10/1867 2946/8/1873
f 2922/42/1849 2907/44/1834 2932/44/1859
f 2922/42/1849 2932/44/1859 2947/42/1874
f 2920/58/1847 2923/60/1850 2948/60/1875
f 2920/58/1847 2948/60/1875 2945/58/1872
f 2861/28/1788 2918/30/1845 2942/30/1869
f 2861/28/1788 2942/30/1869 2949/28/1876
f 2896/20/1823 2919/22/1846 2944/22/1871
f 2896/20/1823 2944/22/1871 2950/20/1877
f 2923/60/1850 2924/62/1851 2951/62/1878
f 2923/60/1850 2951/62/1878 2948/60/1875
f 2900/6/1827 2921/8/1848 2946/8/1873
f 2900/6/1827 2946/8/1873 2952/6/1879
f 2901/40/1828 2922/42/1849 2947/42/1874
f 2901/40/1828 2947/42/1874 2953/40/1880
f 2924/62/1851 2899/64/1826 2954/64/1881
f 2924/62/1851 2954/64/1881 2951/62/1878
f 2862/26/1789 2861/28/1788 2949/28/1876
f 2862/26/1789 2949/28/1876 2955/26/1882
f 2897/18/1824 2896/20/1823 2950/20/1877
f 2897/18/1824 2950/20/1877 2956/18/1883
f 2899/64/1826 2898/66/1825 2957/66/1884
f 2899/64/1826 2957/66/1884 2954/64/1881
f 2893/4/1820 2900/6/1827 2952/6/1879
f 2893/4/1820 2952/6/1879 2894/4/1821
f 2902/38/1829 2901/40/1828 2953/40/1880
f 2902/38/1829 2953/40/1880 2929/38/1856
f 2903/24/1830 2862/26/1789 2955/26/1882
f 2903/24/1830 2955/26/1882 2943/24/1870
f 2904/16/1831 2897/18/1824 2956/18/1883
f 2904/16/1831 2956/18/1883 2933/16/1860
f 2958/46/1885 2928/48/1855 2959/48/1886
f 2958/46/1885 2959/48/1886 2960/46/1887
f 2936/12/1863 2934/14/1861 2961/14/1888
f 2936/12/1863 2961/14/1888 2962/12/1889
f 2938/32/1865 2935/34/1862 2963/34/1890
f 2938/32/1865 2963/34/1890 2964/32/1891
f 2940/10/1867 2936/12/1863 2962/12/1889
f 2940/10/1867 2962/12/1889 2965/10/1892
f 2942/30/1869 2938/32/1865 2964/32/1891
f 2942/30/1869 2964/32/1891 2966/30/1893
f 2944/22/1871 2943/24/1870 2967/24/1894
f 2944/22/1871 2967/24/1894 2968/22/1895
f 2946/8/1873 2940/10/1867 2965/10/1892
f 2946/8/1873 2965/10/1892 2969/8/1896
f 2947/42/1874 2932/44/1859 2970/44/1897
f 2947/42/1874 2970/44/1897 2971/42/1898
f 2926/50/1853 2937/52/1864 2972/52/1899
f 2926/50/1853 2972/52/1899 2927/50/1854
f 2949/28/1876 2942/30/1869 2966/30/1893
f 2949/28/1876 2966/30/1893 2973/28/1900
f 2950/20/1877 2944/22/1871 2968/22/1895
f 2950/20/1877 2968/22/1895 2974/20/1901
f 2937/52/1864 2939/54/1866 2975/54/1902
f 2937/52/1864 2975/54/1902 2972/52/1899
f 2952/6/1879 2946/8/1873 2969/8/1896
f 2952/6/1879 2969/8/1896 2976/6/1903
f 2953/40/1880 2947/42/1874 2971/42/1898
f 2953/40/1880 2971/42/1898 2977/40/1904
f 2939/54/1866 2941/56/1868 2978/56/1905
f 2939/54/1866 2978/56/1905 2975/54/1902
f 2955/26/1882 2949/28/1876 2973/28/1900
f 2955/26/1882 2973/28/1900 2979/26/1906
f 2956/18/1883 2950/20/1877 2974/20/1901
f 2956/18/1883 2974/20/1901 2980/18/1907
f 2941/56/1868 2945/58/1872 2981/58/1908
f 2941/56/1868 2981/58/1908 2978/56/1905
f 2894/4/1821 2952/6/1879 2976/6/1903
f 2894/4/1821 2976/6/1903 2982/4/1909
f 2929/38/1856 2953/40/1880 2977/40/1904
f 2929/38/1856 2977/40/1904 2983/38/1910
f 2945/58/1872 2948/60/1875 2984/60/1911
f 2945/58/1872 2984/60/1911 2981/58/1908
f 2943/24/1870 2955/26/1882 2979/26/1906
f 2943/24/1870 2979/26/1906 2967/24/1894
f 2933/16/1860 2956/18/1883 2980/18/1907
f 2933/16/1860 2980/18/1907 2985/16/1912
f 2948/60/1875 2951/62/1878 2986/62/1913
f 2948/60/1875 2986/62/1913 2984/60/1911
f 2895/1/1822 2894/4/1821 2982/4/1909
f 2895/1/1822 2982/4/1909 2987/1/1914
f 2930/36/1857 2929/38/1856 2983/38/1910
f 2930/36/1857 2983/38/1910 2988/36/1915
f 2951/62/1878 2954/64/1881 2989/64/1916
f 2951/62/1878 2989/64/1916 2986/62/1913
f 2932/44/1859 2931/46/1858 2958/46/1885
f 2932/44/1859 2958/46/1885 2970/44/1897
f 2934/14/1861 2933/16/1860 2985/16/1912
f 2934/14/1861 2985/16/1912 2961/14/1888
f 2954/64/1881 2957/66/1884 2990/66/1917
f 2954/64/1881 2990/66/1917 2989/64/1916
f 2931/46/1858 2925/48/1852 2928/48/1855
f 2931/46/1858 2928/48/1855 2958/46/1885
f 2935/34/1862 2930/36/1857 2988/36/1915
f 2935/34/1862 2988/36/1915 2963/34/1890
f 2991/52/1918 2992/54/1919 2993/54/1920
f 2991/52/1918 2993/54/1920 2994/52/1921
f 2963/34/1890 2988/36/1915 2995/36/1922
f 2963/34/1890 2995/36/1922 2996/34/1923
f 2928/48/1855 2927/50/1854 2997/50/1924
f 2928/48/1855 2997/50/1924 2959/48/1886
f 2962/12/1889 2961/14/1888 2998/14/1925
f 2962/12/1889 2998/14/1925 2999/12/1926
f 2927/50/1854 2972/52/1899 2991/52/1918
f 2927/50/1854 2991/52/1918 2997/50/1924
f 2964/32/1891 2963/34/1890 2996/34/1923
f 2964/32/1891 2996/34/1923 3000/32/1927
f 2972/52/1899 2975/54/1902 2992/54/1919
f 2972/52/1899 2992/54/1919 2991/52/1918
f 2965/10/1892 2962/12/1889 2999/12/1926
f 2965/10/1892 2999/12/1926 3001/10/1928
f 2975/54/1902 2978/56/1905 3002/56/1929
f 2975/54/1902 3002/56/1929 2992/54/1919
f 2966/30/1893 2964/32/1891 3000/32/1927
f 2966/30/1893 3000/32/1927 3003/30/1930
f 2968/22/1895 2967/24/1894 3004/24/1931
f 2968/22/1895 3004/24/1931 3005/22/1932
f 2978/56/1905 2981/58/1908 3006/58/1933
f 2978/56/1905 3006/58/1933 3002/56/1929
f 2969/8/1896 2965/10/1892 3001/10/1928
f 2969/8/1896 3001/10/1928 3007/8/1934
f 2971/42/1898 2970/44/1897 3008/44/1935
f 2971/42/1898 3008/44/1935 3009/42/1936
f 2981/58/1908 2984/60/1911 3010/60/1937
f 2981/58/1908 3010/60/1937 3006/58/1933
f 2973/28/1900 2966/30/1893 3003/30/1930
f 2973/28/1900 3003/30/1930 3011/28/1938
f 2974/20/1901 2968/22/1895 3005/22/1932
f 2974/20/1901 3005/22/1932 3012/20/1939
f 2984/60/1911 2986/62/1913 3013/62/1940
f 2984/60/1911 3013/62/1940 3010/60/1937
f 2976/6/1903 2969/8/1896 3007/8/1934
f 2976/6/1903 3007/8/1934 3014/6/1941
f 2977/40/1904 2971/42/1898 3009/42/1936
f 2977/40/1904 3009/42/1936 3015/40/1942
f 2986/62/1913 2989/64/1916 3016/64/1943
f 2986/62/1913 3016/64/1943 3013/62/1940
f 2979/26/1906 2973/28/1900 3011/28/1938
f 2979/26/1906 3011/28/1938 3017/26/1944
f 2980/18/1907 2974/20/1901 3012/20/1939
f 2980/18/1907 3012/20/1939 3018/18/1945
f 2989/64/1916 2990/66/1917 3019/66/1946
f 2989/64/1916 3019/66/1946 3016/64/1943
f 2982/4/1909 2976/6/1903 3014/6/1941
f 2982/4/1909 3014/6/1941 3020/4/1947
f 2983/38/1910 2977/40/1904 3015/40/1942
f 2983/38/1910 3015/40/1942 3021/38/1948
f 2967/24/1894 2979/26/1906 3017/26/1944
f 2967/24/1894 3017/26/1944 3004/24/1931
f 2985/16/1912 2980/18/1907 3018/18/1945
f 2985/16/1912 3018/18/1945 3022/16/1949
f 2987/1/1914 2982/4/1909 3020/4/1947
f 2987/1/1914 3020/4/1947 3023/1/1950
f 2988/36/1915 2983/38/1910 3021/38/1948
f 2988/36/1915 3021/38/1948 2995/36/1922
f 2970/44/1897 2958/46/1885 2960/46/1887
f 2970/44/1897 2960/46/1887 3008/44/1935
f 2961/14/1888 2985/16/1912 3022/16/1949
f 2961/14/1888 3022/16/1949 2998/14/1925
f 3024/42/1951 3025/44/1952 3026/44/1953
f 3024/42/1951 3026/44/1953 3027/42/1954
f 3001/10/1928 2999/12/1926 3028/12/1955
f 3001/10/1928 3028/12/1955 3029/10/1956
f 2992/54/1919 3002/56/1929 3030/56/1957
f 2992/54/1919 3030/56/1957 2993/54/1920
f 3003/30/1930 3000/32/1927 3031/32/1958
f 3003/30/1930 3031/32/1958 3032/30/1959
f 3005/22/1932 3004/24/1931 3033/24/1960
f 3005/22/1932 3033/24/1960 3034/22/1961
f 3002/56/1929 3006/58/1933 3035/58/1962
f 3002/56/1929 3035/58/1962 3030/56/1957
f 3007/8/1934 3001/10/1928 3029/10/1956
f 3007/8/1934 3029/10/1956 3036/8/1963
f 3009/42/1936 3008/44/1935 3025/44/1952
f 3009/42/1936 3025/44/1952 3024/42/1951
f 3006/58/1933 3010/60/1937 3037/60/1964
f 3006/58/1933 3037/60/1964 3035/58/1962
f 3011/28/1938 3003/30/1930 3032/30/1959
f 3011/28/1938 3032/30/1959 3038/28/1965
f 3012/20/1939 3005/22/1932 3034/22/1961
f 3012/20/1939 3034/22/1961 3039/20/1966
f 3010/60/1937 3013/62/1940 3040/62/1967
f 3010/60/1937 3040/62/1967 3037/60/1964
f 3014/6/1941 3007/8/1934 3036/8/1963
f 3014/6/1941 3036/8/1963 3041/6/1968
f 3015/40/1942 3009/42/1936 3024/42/1951
f 3015/40/1942 3024/42/1951 3042/40/1969
f 3013/62/1940 3016/64/1943 3043/64/1970
f 3013/62/1940 3043/64/1970 3040/62/1967
f 3017/26/1944 3011/28/1938 3038/28/1965
f 3017/26/1944 3038/28/1965 3044/26/1971
f 3018/18/1945 3012/20/1939 3039/20/1966
f 3018/18/1945 3039/20/1966 3045/18/1972
f 3016/64/1943 3019/66/1946 3046/66/1973
f 3016/64/1943 3046/66/1973 3043/64/1970
f 3020/4/1947 3014/6/1941 3041/6/1968
f 3020/4/1947 3041/6/1968 3047/4/1974
f 3021/38/1948 3015/40/1942 3042/40/1969
f 3021/38/1948 3042/40/1969 3048/38/1975
f 3004/24/1931 3017/26/1944 3044/26/1971
f 3004/24/1931 3044/26/1971 3033/24/1960
f 3022/16/1949 3018/18/1945 3045/18/1972
f 3022/16/1949 3045/18/1972 3049/16/1976
f 3023/1/1950 3020/4/1947 3047/4/1974
f 3023/1/1950 3047/4/1974 3050/1/1977
f 2995/36/1922 3021/38/1948 3048/38/1975
f 2995/36/1922 3048/38/1975 3051/36/1978
f 3008/44/1935 2960/46/1887 3052/46/1979
f 3008/44/1935 3052/46/1979 3025/44/1952
f 2998/14/1925 3022/16/1949 3049/16/1976
f 2998/14/1925 3049/16/1976 3053/14/1980
f 2960/46/1887 2959/48/1886 3054/48/1981
f 2960/46/1887 3054/48/1981 3052/46/1979
f 2996/34/1923 2995/36/1922 3051/36/1978
f 2996/34/1923 3051/36/1978 3055/34/1982
f 2959/48/1886 2997/50/1924 3056/50/1983
f 2959/48/1886 3056/50/1983 3054/48/1981
f 2999/12/1926 2998/14/1925 3053/14/1980
f 2999/12/1926 3053/14/1980 3028/12/1955
f 2997/50/1924 2991/52/1918 2994/52/1921
f 2997/50/1924 2994/52/1921 3056/50/1983
f 3000/32/1927 2996/34/1923 3055/34/1982
f 3000/32/1927 3055/34/1982 3031/32/1958
f 3057/18/1984 3058/20/1985 3059/20/1986
f 3057/18/1984 3059/20/1986 3060/18/1987
f 3035/58/1962 3037/60/1964 3061/60/1988
f 3035/58/1962 3061/60/1988 3062/58/1989
f 3038/28/1965 3032/30/1959 3063/30/1990
f 3038/28/1965 3063/30/1990 3064/28/1991
f 3039/20/1966 3034/22/1961 3065/22/1992
f 3039/20/1966 3065/22/1992 3058/20/1985
f 3037/60/1964 3040/62/1967 3066/62/1993
f 3037/60/1964 3066/62/1993 3061/60/1988
f 3041/6/1968 3036/8/1963 3067/8/1994
f 3041/6/1968 3067/8/1994 3068/6/1995
f 3042/40/1969 3024/42/1951 3027/42/1954
f 3042/40/1969 3027/42/1954 3069/40/1996
f 3040/62/1967 3043/64/1970 3070/64/1997
f 3040/62/1967 3070/64/1997 3066/62/1993
f 3044/26/1971 3038/28/1965 3064/28/1991
f 3044/26/1971 3064/28/1991 3071/26/1998
f 3045/18/1972 3039/20/1966 3058/20/1985
f 3045/18/1972 3058/20/1985 3057/18/1984
f 3043/64/1970 3046/66/1973 3072/66/1999
f 3043/64/1970 3072/66/1999 3070/64/1997
f 3047/4/1974 3041/6/1968 3068/6/1995
f 3047/4/1974 3068/6/1995 3073/4/2000
f 3048/38/1975 3042/40/1969 3069/40/1996
f 3048/38/1975 3069/40/1996 3074/38/2001
f 3033/24/1960 3044/26/1971 3071/26/1998
f 3033/24/1960 3071/26/1998 3075/24/2002
f 3049/16/1976 3045/18/1972 3057/18/1984
f 3049/16/1976 3057/18/1984 3076/16/2003
f 3050/1/1977 3047/4/1974 3073/4/2000
f 3050/1/1977 3073/4/2000 3077/1/2004
f 3051/36/1978 3048/38/1975 3074/38/2001
f 3051/36/1978 3074/38/2001 3078/36/2005
f 3025/44/1952 3052/46/1979 3079/46/2006
f 3025/44/1952 3079/46/2006 3026/44/1953
f 3053/14/1980 3049/16/1976 3076/16/2003
f 3053/14/1980 3076/16/2003 3080/14/2007
f 3052/46/1979 3054/48/1981 3081/48/2008
f 3052/46/1979 3081/48/2008 3079/46/2006
f 3055/34/1982 3051/36/1978 3078/36/2005
f 3055/34/1982 3078/36/2005 3082/34/2009
f 3054/48/1981 3056/50/1983 3083/50/2010
f 3054/48/1981 3083/50/2010 3081/48/2008
f 3028/12/1955 3053/14/1980 3080/14/2007
f 3028/12/1955 3080/14/2007 3084/12/2011
f 3056/50/1983 2994/52/1921 3085/52/2012
f 3056/50/1983 3085/52/2012 3083/50/2010
f 3031/32/1958 3055/34/1982 3082/34/2009
f 3031/32/1958 3082/34/2009 3086/32/2013
f 2994/52/1921 2993/54/1920 3087/54/2014
f 2994/52/1921 3087/54/2014 3085/52/2012
f 3029/10/1956 3028/12/1955 3084/12/2011
f 3029/10/1956 3084/12/2011 3088/10/2015
f 2993/54/1920 3030/56/1957 3089/56/2016
f 2993/54/1920 3089/56/2016 3087/54/2014
f 3032/30/1959 3031/32/1958 3086/32/2013
f 3032/30/1959 3086/32/2013 3063/30/1990
f 3034/22/1961 3033/24/1960 3075/24/2002
f 3034/22/1961 3075/24/2002 3065/22/1992
f 3030/56/1957 3035/58/1962 3062/58/1989
f 3030/56/1957 3062/58/1989 3089/56/2016
f 3036/8/1963 3029/10/1956 3088/10/2015
f 3036/8/1963 3088/10/2015 3067/8/1994
f 3090/36/2017 3091/38/2018 3092/38/2019
f 3090/36/2017 3092/38/2019 3093/36/2020
f 3070/64/1997 3072/66/1999 3094/66/2021
f 3070/64/1997 3094/66/2021 3095/64/2022
f 3073/4/2000 3068/6/1995 3096/6/2023
f 3073/4/2000 3096/6/2023 3097/4/2024
f 3074/38/2001 3069/40/1996 3098/40/2025
f 3074/38/2001 3098/40/2025 3091/38/2018
f 3075/24/2002 3071/26/1998 3099/26/2026
f 3075/24/2002 3099/26/2026 3100/24/2027
f 3076/16/2003 3057/18/1984 3060/18/1987
f 3076/16/2003 3060/18/1987 3101/16/2028
f 3077/1/2004 3073/4/2000 3097/4/2024
f 3077/1/2004 3097/4/2024 3102/1/2029
f 3078/36/2005 3074/38/2001 3091/38/2018
f 3078/36/2005 3091/38/2018 3090/36/2017
f 3026/44/1953 3079/46/2006 3103/46/2030
f 3026/44/1953 3103/46/2030 3104/44/2031
f 3080/14/2007 3076/16/2003 3101/16/2028
f 3080/14/2007 3101/16/2028 3105/14/2032
f 3079/46/2006 3081/48/2008 3106/48/2033
f 3079/46/2006 3106/48/2033 3103/46/2030
f 3082/34/2009 3078/36/2005 3090/36/2017
f 3082/34/2009 3090/36/2017 3107/34/2034
f 3081/48/2008 3083/50/2010 3108/50/2035
f 3081/48/2008 3108/50/2035 3106/48/2033
f 3084/12/2011 3080/14/2007 3105/14/2032
f 3084/12/2011 3105/14/2032 3109/12/2036
f 3083/50/2010 3085/52/2012 3110/52/2037
f 3083/50/2010 3110/52/2037 3108/50/2035
f 3086/32/2013 3082/34/2009 3107/34/2034
f 3086/32/2013 3107/34/2034 3111/32/2038
f 3085/52/2012 3087/54/2014 3112/54/2039
f 3085/52/2012 3112/54/2039 3110/52/2037
f 3088/10/2015 3084/12/2011 3109/12/2036
f 3088/10/2015 3109/12/2036 3113/10/2040
f 3087/54/2014 3089/56/2016 3114/56/2041
f 3087/54/2014 3114/56/2041 3112/54/2039
f 3063/30/1990 3086/32/2013 3111/32/2038
f 3063/30/1990 3111/32/2038 3115/30/2042
f 3065/22/1992 3075/24/2002 3100/24/2027
f 3065/22/1992 3100/24/2027 3116/22/2043
f 3089/56/2016 3062/58/1989 3117/58/2044
f 3089/56/2016 3117/58/2044 3114/56/2041
f 3067/8/1994 3088/10/2015 3113/10/2040
f 3067/8/1994 3113/10/2040 3118/8/2045
f 3027/42/1954 3026/44/1953 3104/44/2031
f 3027/42/1954 3104/44/2031 3119/42/2046
f 3062/58/1989 3061/60/1988 3120/60/2047
f 3062/58/1989 3120/60/2047 3117/58/2044
f 3064/28/1991 3063/30/1990 3115/30/2042
f 3064/28/1991 3115/30/2042 3121/28/2048
f 3058/20/1985 3065/22/1992 3116/22/2043
f 3058/20/1985 3116/22/2043 3059/20/1986
f 3061/60/1988 3066/62/1993 3122/62/2049
f 3061/60/1988 3122/62/2049 3120/60/2047
f 3068/6/1995 3067/8/1994 3118/8/2045
f 3068/6/1995 3118/8/2045 3096/6/2023
f 3069/40/1996 3027/42/1954 3119/42/2046
f 3069/40/1996 3119/42/2046 3098/40/2025
f 3066/62/1993 3070/64/1997 3095/64/2022
f 3066/62/1993 3095/64/2022 3122/62/2049
f 3071/26/1998 3064/28/1991 3121/28/2048
f 3071/26/1998 3121/28/2048 3099/26/2026
f 3123/12/2050 3124/14/2051 3125/14/2052
f 3123/12/2050 3125/14/2052 3126/12/2053
f 3104/44/2031 3103/46/2030 3127/46/2054
f 3104/44/2031 3127/46/2054 3128/44/2055
f 3105/14/2032 3101/16/2028 3129/16/2056
f 3105/14/2032 3129/16/2056 3124/14/2051
f 3103/46/2030 3106/48/2033 3130/48/2057
f 3103/46/2030 3130/48/2057 3127/46/2054
f 3107/34/2034 3090/36/2017 3093/36/2020
f 3107/34/2034 3093/36/2020 3131/34/2058
f 3106/48/2033 3108/50/2035 3132/50/2059
f 3106/48/2033 3132/50/2059 3130/48/2057
f 3109/12/2036 3105/14/2032 3124/14/2051
f 3109/12/2036 3124/14/2051 3123/12/2050
f 3108/50/2035 3110/52/2037 3133/52/2060
f 3108/50/2035 3133/52/2060 3132/50/2059
f 3111/32/2038 3107/34/2034 3131/34/2058
f 3111/32/2038 3131/34/2058 3134/32/2061
f 3110/52/2037 3112/54/2039 3135/54/2062
f 3110/52/2037 3135/54/2062 3133/52/2060
f 3113/10/2040 3109/12/2036 3123/12/2050
f 3113/10/2040 3123/12/2050 3136/10/2063
f 3112/54/2039 3114/56/2041 3137/56/2064
f 3112/54/2039 3137/56/2064 3135/54/2062
f 3115/30/2042 3111/32/2038 3134/32/2061
f 3115/30/2042 3134/32/2061 3138/30/2065
f 3116/22/2043 3100/24/2027 3139/24/2066
f 3116/22/2043 3139/24/2066 3140/22/2067
f 3114/56/2041 3117/58/2044 3141/58/2068
f 3114/56/2041 3141/58/2068 3137/56/2064
f 3118/8/2045 3113/10/2040 3136/10/2063
f 3118/8/2045 3136/10/2063 3142/8/2069
f 3119/42/2046 3104/44/2031 3128/44/2055
f 3119/42/2046 3128/44/2055 3143/42/2070
f 3117/58/2044 3120/60/2047 3144/60/2071
f 3117/58/2044 3144/60/2071 3141/58/2068
f 3121/28/2048 3115/30/2042 3138/30/2065
f 3121/28/2048 3138/30/2065 3145/28/2072
f 3059/20/1986 3116/22/2043 3140/22/2067
f 3059/20/1986 3140/22/2067 3146/20/2073
f 3120/60/2047 3122/62/2049 3147/62/2074
f 3120/60/2047 3147/62/2074 3144/60/2071
f 3096/6/2023 3118/8/2045 3142/8/2069
f 3096/6/2023 3142/8/2069 3148/6/2075
f 3098/40/2025 3119/42/2046 3143/42/2070
f 3098/40/2025 3143/42/2070 3149/40/2076
f 3122/62/2049 3095/64/2022 3150/64/2077
f 3122/62/2049 3150/64/2077 3147/62/2074
f 3099/26/2026 3121/28/2048 3145/28/2072
f 3099/26/2026 3145/28/2072 3151/26/2078
f 3060/18/1987 3059/20/1986 3146/20/2073
f 3060/18/1987 3146/20/2073 3152/18/2079
f 3095/64/2022 3094/66/2021 3153/66/2080
f 3095/64/2022 3153/66/2080 3150/64/2077
f 3097/4/2024 3096/6/2023 3148/6/2075
f 3097/4/2024 3148/6/2075 3154/4/2081
f 3091/38/2018 3098/40/2025 3149/40/2076
f 3091/38/2018 3149/40/2076 3092/38/2019
f 3100/24/2027 3099/26/2026 3151/26/2078
f 3100/24/2027 3151/26/2078 3139/24/2066
f 3101/16/2028 3060/18/1987 3152/18/2079
f 3101/16/2028 3152/18/2079 3129/16/2056
f 3102/1/2029 3097/4/2024 3154/4/2081
f 3102/1/2029 3154/4/2081 3155/1/2082
f 3156/30/2083 3157/32/2084 3158/32/2085
f 3156/30/2083 3158/32/2085 3159/30/2086
f 3132/50/2059 3133/52/2060 3160/52/2087
f 3132/50/2059 3160/52/2087 3161/50/2088
f 3134/32/2061 3131/34/2058 3162/34/2089
f 3134/32/2061 3162/34/2089 3157/32/2084
f 3133/52/2060 3135/54/2062 3163/54/2090
f 3133/52/2060 3163/54/2090 3160/52/2087
f 3136/10/2063 3123/12/2050 3126/12/2053
f 3136/10/2063 3126/12/2053 3164/10/2091
f 3135/54/2062 3137/56/2064 3165/56/2092
f 3135/54/2062 3165/56/2092 3163/54/2090
f 3138/30/2065 3134/32/2061 3157/32/2084
f 3138/30/2065 3157/32/2084 3156/30/2083
f 3140/22/2067 3139/24/2066 3166/24/2093
f 3140/22/2067 3166/24/2093 3167/22/2094
f 3137/56/2064 3141/58/2068 3168/58/2095
f 3137/56/2064 3168/58/2095 3165/56/2092
f 3142/8/2069 3136/10/2063 3164/10/2091
f 3142/8/2069 3164/10/2091 3169/8/2096
f 3143/42/2070 3128/44/2055 3170/44/2097
f 3143/42/2070 3170/44/2097 3171/42/2098
f 3141/58/2068 3144/60/2071 3172/60/2099
f 3141/58/2068 3172/60/2099 3168/58/2095
f 3145/28/2072 3138/30/2065 3156/30/2083
f 3145/28/2072 3156/30/2083 3173/28/2100
f 3146/20/2073 3140/22/2067 3167/22/2094
f 3146/20/2073 3167/22/2094 3174/20/2101
f 3144/60/2071 3147/62/2074 3175/62/2102
f 3144/60/2071 3175/62/2102 3172/60/2099
f 3148/6/2075 3142/8/2069 3169/8/2096
f 3148/6/2075 3169/8/2096 3176/6/2103
f 3149/40/2076 3143/42/2070 3171/42/2098
f 3149/40/2076 3171/42/2098 3177/40/2104
f 3147/62/2074 3150/64/2077 3178/64/2105
f 3147/62/2074 3178/64/2105 3175/62/2102
f 3151/26/2078 3145/28/2072 3173/28/2100
f 3151/26/2078 3173/28/2100 3179/26/2106
f 3152/18/2079 3146/20/2073 3174/20/2101
f 3152/18/2079 3174/20/2101 3180/18/2107
f 3150/64/2077 3153/66/2080 3181/66/2108
f 3150/64/2077 3181/66/2108 3178/64/2105
f 3154/4/2081 3148/6/2075 3176/6/2103
f 3154/4/2081 3176/6/2103 3182/4/2109
f 3092/38/2019 3149/40/2076 3177/40/2104
f 3092/38/2019 3177/40/2104 3183/38/2110
f 3139/24/2066 3151/26/2078 3179/26/2106
f 3139/24/2066 3179/26/2106 3166/24/2093
f 3129/16/2056 3152/18/2079 3180/18/2107
f 3129/16/2056 3180/18/2107 3184/16/2111
f 3155/1/2082 3154/4/2081 3182/4/2109
f 3155/1/2082 3182/4/2109 3185/1/2112
f 3093/36/2020 3092/38/2019 3183/38/2110
f 3093/36/2020 3183/38/2110 3186/36/2113
f 3128/44/2055 3127/46/2054 3187/46/2114
f 3128/44/2055 3187/46/2114 3170/44/2097
f 3124/14/2051 3129/16/2056 3184/16/2111
f 3124/14/2051 3184/16/2111 3125/14/2052
f 3127/46/2054 3130/48/2057 3188/48/2115
f 3127/46/2054 3188/48/2115 3187/46/2114
f 3131/34/2058 3093/36/2020 3186/36/2113
f 3131/34/2058 3186/36/2113 3162/34/2089
f 3130/48/2057 3132/50/2059 3161/50/2088
f 3130/48/2057 3161/50/2088 3188/48/2115
f 3189/6/2116 3190/8/2117 3191/8/2118
f 3189/6/2116 3191/8/2118 3192/6/2119
f 3167/22/2094 3166/24/2093 3193/24/2120
f 3167/22/2094 3193/24/2120 3194/22/2121
f 3165/56/2092 3168/58/2095 3195/58/2122
f 3165/56/2092 3195/58/2122 3196/56/2123
f 3169/8/2096 3164/10/2091 3197/10/2124
f 3169/8/2096 3197/10/2124 3190/8/2117
f 3171/42/2098 3170/44/2097 3198/44/2125
f 3171/42/2098 3198/44/2125 3199/42/2126
f 3168/58/2095 3172/60/2099 3200/60/2127
f 3168/58/2095 3200/60/2127 3195/58/2122
f 3173/28/2100 3156/30/2083 3159/30/2086
f 3173/28/2100 3159/30/2086 3201/28/2128
f 3174/20/2101 3167/22/2094 3194/22/2121
f 3174/20/2101 3194/22/2121 3202/20/2129
f 3172/60/2099 3175/62/2102 3203/62/2130
f 3172/60/2099 3203/62/2130 3200/60/2127
f 3176/6/2103 3169/8/2096 3190/8/2117
f 3176/6/2103 3190/8/2117 3189/6/2116
f 3177/40/2104 3171/42/2098 3199/42/2126
f 3177/40/2104 3199/42/2126 3204/40/2131
f 3175/62/2102 3178/64/2105 3205/64/2132
f 3175/62/2102 3205/64/2132 3203/62/2130
f 3179/26/2106 3173/28/2100 3201/28/2128
f 3179/26/2106 3201/28/2128 3206/26/2133
f 3180/18/2107 3174/20/2101 3202/20/2129
f 3180/18/2107 3202/20/2129 3207/18/2134
f 3178/64/2105 3181/66/2108 3208/66/2135
f 3178/64/2105 3208/66/2135 3205/64/2132
f 3182/4/2109 3176/6/2103 3189/6/2116
f 3182/4/2109 3189/6/2116 3209/4/2136
f 3183/38/2110 3177/40/2104 3204/40/2131
f 3183/38/2110 3204/40/2131 3210/38/2137
f 3166/24/2093 3179/26/2106 3206/26/2133
f 3166/24/2093 3206/26/2133 3193/24/2120
f 3184/16/2111 3180/18/2107 3207/18/2134
f 3184/16/2111 3207/18/2134 3211/16/2138
f 3185/1/2112 3182/4/2109 3209/4/2136
f 3185/1/2112 3209/4/2136 3212/1/2139
f 3186/36/2113 3183/38/2110 3210/38/2137
f 3186/36/2113 3210/38/2137 3213/36/2140
f 3170/44/2097 3187/46/2114 3214/46/2141
f 3170/44/2097 3214/46/2141 3198/44/2125
f 3125/14/2052 3184/16/2111 3211/16/2138
f 3125/14/2052 3211/16/2138 3215/14/2142
f 3187/46/2114 3188/48/2115 3216/48/2143
f 3187/46/2114 3216/48/2143 3214/46/2141
f 3162/34/2089 3186/36/2113 3213/36/2140
f 3162/34/2089 3213/36/2140 3217/34/2144
f 3188/48/2115 3161/50/2088 3218/50/2145
f 3188/48/2115 3218/50/2145 3216/48/2143
f 3126/12/2053 3125/14/2052 3215/14/2142
f 3126/12/2053 3215/14/2142 3219/12/2146
f 3161/50/2088 3160/52/2087 3220/52/2147
f 3161/50/2088 3220/52/2147 3218/50/2145
f 3157/32/2084 3162/34/2089 3217/34/2144
f 3157/32/2084 3217/34/2144 3158/32/2085
f 3160/52/2087 3163/54/2090 3221/54/2148
f 3160/52/2087 3221/54/2148 3220/52/2147
f 3164/10/2091 3126/12/2053 3219/12/2146
f 3164/10/2091 3219/12/2146 3197/10/2124
f 3163/54/2090 3165/56/2092 3196/56/2123
f 3163/54/2090 3196/56/2123 3221/54/2148
f 3222/44/2149 1239/46/839 1197/45/812
f 3222/44/2149 1197/45/812 1193/43/809
f 3204/40/2131 3199/42/2126 3223/42/2150
f 3204/40/2131 3223/42/2150 3224/40/2151
f 3203/62/2130 3205/64/2132 3225/64/2152
f 3203/62/2130 3225/64/2152 3226/62/2153
f 3206/26/2133 3201/28/2128 3227/28/2154
f 3206/26/2133 3227/28/2154 3228/26/2155
f 3207/18/2134 3202/20/2129 3229/20/2156
f 3207/18/2134 3229/20/2156 3230/18/2157
f 3205/64/2132 3208/66/2135 3231/66/2158
f 3205/64/2132 3231/66/2158 3225/64/2152
f 3209/4/2136 3189/6/2116 3192/6/2119
f 3209/4/2136 3192/6/2119 3232/4/2159
f 3210/38/2137 3204/40/2131 3224/40/2151
f 3210/38/2137 3224/40/2151 3233/38/2160
f 3193/24/2120 3206/26/2133 3228/26/2155
f 3193/24/2120 3228/26/2155 3234/24/2161
f 3211/16/2138 3207/18/2134 3230/18/2157
f 3211/16/2138 3230/18/2157 3235/16/2162
f 3212/1/2139 3209/4/2136 3232/4/2159
f 3212/1/2139 3232/4/2159 3236/1/2163
f 3213/36/2140 3210/38/2137 3233/38/2160
f 3213/36/2140 3233/38/2160 3237/36/2164
f 3198/44/2125 3214/46/2141 1239/46/839
f 3198/44/2125 1239/46/839 3222/44/2149
f 3215/14/2142 3211/16/2138 3235/16/2162
f 3215/14/2142 3235/16/2162 3238/14/2165
f 3214/46/2141 3216/48/2143 1240/48/840
f 3214/46/2141 1240/48/840 1239/46/839
f 3217/34/2144 3213/36/2140 3237/36/2164
f 3217/34/2144 3237/36/2164 3239/34/2166
f 3216/48/2143 3218/50/2145 3240/50/2167
f 3216/48/2143 3240/50/2167 1240/48/840
f 3219/12/2146 3215/14/2142 3238/14/2165
f 3219/12/2146 3238/14/2165 3241/12/2168
f 3218/50/2145 3220/52/2147 3242/52/2169
f 3218/50/2145 3242/52/2169 3240/50/2167
f 3158/32/2085 3217/34/2144 3239/34/2166
f 3158/32/2085 3239/34/2166 3243/32/2170
f 3220/52/2147 3221/54/2148 3244/54/2171
f 3220/52/2147 3244/54/2171 3242/52/2169
f 3197/10/2124 3219/12/2146 3241/12/2168
f 3197/10/2124 3241/12/2168 3245/10/2172
f 3221/54/2148 3196/56/2123 3246/56/2173
f 3221/54/2148 3246/56/2173 3244/54/2171
f 3159/30/2086 3158/32/2085 3243/32/2170
f 3159/30/2086 3243/32/2170 3247/30/2174
f 3194/22/2121 3193/24/2120 3234/24/2161
f 3194/22/2121 3234/24/2161 3248/22/2175
f 3196/56/2123 3195/58/2122 3249/58/2176
f 3196/56/2123 3249/58/2176 3246/56/2173
f 3190/8/2117 3197/10/2124 3245/10/2172
f 3190/8/2117 3245/10/2172 3191/8/2118
f 3199/42/2126 3198/44/2125 3222/44/2149
f 3199/42/2126 3222/44/2149 3223/42/2150
f 3195/58/2122 3200/60/2127 3250/60/2177
f 3195/58/2122 3250/60/2177 3249/58/2176
f 3201/28/2128 3159/30/2086 3247/30/2174
f 3201/28/2128 3247/30/2174 3227/28/2154
f 3202/20/2129 3194/22/2121 3248/22/2175
f 3202/20/2129 3248/22/2175 3229/20/2156
f 3200/60/2127 3203/62/2130 3226/62/2153
f 3200/60/2127 3226/62/2153 3250/60/2177
f 1240/48/840 3240/50/2167 1209/49/818
f 1240/48/840 1209/49/818 1203/47/815
f 3240/50/2167 3242/52/2169 1215/51/821
f 3240/50/2167 1215/51/821 1209/49/818
f 3242/52/2169 3244/54/2171 1219/53/824
f 3242/52/2169 1219/53/824 1215/51/821
f 3244/54/2171 3246/56/2173 1223/55/827
f 3244/54/2171 1223/55/827 1219/53/824
f 3246/56/2173 3249/58/2176 1227/57/830
f 3246/56/2173 1227/57/830 1223/55/827
f 3249/58/2176 3250/60/2177 1231/59/833
f 3249/58/2176 1231/59/833 1227/57/830
f 3250/60/2177 3226/62/2153 1235/61/836
f 3250/60/2177 1235/61/836 1231/59/833
f 3226/62/2153 3225/64/2152 1268/63/854
f 3226/62/2153 1268/63/854 1235/61/836
f 3225/64/2152 3231/66/2158 1269/65/855
f 3225/64/2152 1269/65/855 1268/63/854
f 3236/1/2163 3232/4/2159 1272/3/857
f 3236/1/2163 1272/3/857 1274/2/858
f 3232/4/2159 3192/6/2119 1266/5/852
f 3232/4/2159 1266/5/852 1272/3/857
f 3192/6/2119 3191/8/2118 1062/7/755
f 3192/6/2119 1062/7/755 1266/5/852
f 3191/8/2118 3245/10/2172 1063/9/756
f 3191/8/2118 1063/9/756 1062/7/755
f 3245/10/2172 3241/12/2168 1084/11/765
f 3245/10/2172 1084/11/765 1063/9/756
f 3241/12/2168 3238/14/2165 1085/13/766
f 3241/12/2168 1085/13/766 1084/11/765
f 3238/14/2165 3235/16/2162 1092/15/768
f 3238/14/2165 1092/15/768 1085/13/766
f 3235/16/2162 3230/18/2157 1099/17/770
f 3235/16/2162 1099/17/770 1092/15/768
f 3230/18/2157 3229/20/2156 1107/19/773
f 3230/18/2157 1107/19/773 1099/17/770
f 3229/20/2156 3248/22/2175 1115/21/776
f 3229/20/2156 1115/21/776 1107/19/773
f 3248/22/2175 3234/24/2161 1123/23/779
f 3248/22/2175 1123/23/779 1115/21/776
f 3234/24/2161 3228/26/2155 1131/25/782
f 3234/24/2161 1131/25/782 1123/23/779
f 3228/26/2155 3227/28/2154 1139/27/785
f 3228/26/2155 1139/27/785 1131/25/782
f 3227/28/2154 3247/30/2174 1147/29/788
f 3227/28/2154 1147/29/788 1139/27/785
f 3247/30/2174 3243/32/2170 1155/31/791
f 3247/30/2174 1155/31/791 1147/29/788
f 3243/32/2170 3239/34/2166 1163/33/794
f 3243/32/2170 1163/33/794 1155/31/791
f 3239/34/2166 3237/36/2164 1169/35/797
f 3239/34/2166 1169/35/797 1163/33/794
f 3237/36/2164 3233/38/2160 1175/37/800
f 3237/36/2164 1175/37/800 1169/35/797
f 3233/38/2160 3224/40/2151 1181/39/803
f 3233/38/2160 1181/39/803 1175/37/800
f 3224/40/2151 3223/42/2150 1187/41/806
f 3224/40/2151 1187/41/806 1181/39/803
f 3223/42/2150 3222/44/2149 1193/43/809
f 3223/42/2150 1193/43/809 1187/41/806
s 7
f 3251/59/2178 3252/57/2179 3253/57/2180
f 3251/59/2178 3253/57/2180 3254/59/2181
f 1369/29/906 1367/27/905 3255/27/2182
f 1369/29/906 3255/27/2182 3256/29/2183
f 1389/49/916 1387/47/915 3257/47/2184
f 1389/49/916 3257/47/2184 3258/49/2185
f 1361/21/902 1359/19/901 3259/19/2186
f 1361/21/902 3259/19/2186 3260/21/2187
f 1373/33/908 1371/31/907 3261/31/2188
f 1373/33/908 3261/31/2188 3262/33/2189
f 1399/59/921 1397/57/920 3252/57/2179
f 1399/59/921 3252/57/2179 3251/59/2178
f 1377/37/910 1375/35/909 3263/35/2190
f 1377/37/910 3263/35/2190 3264/37/2191
f 1346/7/893 1406/5/925 3265/5/2192
f 1346/7/893 3265/5/2192 3266/7/2193
f 1391/51/917 1389/49/916 3258/49/2185
f 1391/51/917 3258/49/2185 3267/51/2194
f 1412/3/928 1414/2/929 3268/2/2195
f 1412/3/928 3268/2/2195 3269/3/2196
f 1381/41/912 1379/39/911 3270/39/2197
f 1381/41/912 3270/39/2197 3271/41/2198
f 1352/11/897 1347/9/894 3272/9/2199
f 1352/11/897 3272/9/2199 3273/11/2200
f 1363/23/903 1361/21/902 3260/21/2187
f 1363/23/903 3260/21/2187 3274/23/2201
f 1401/61/922 1399/59/921 3251/59/2178
f 1401/61/922 3251/59/2178 3275/61/2202
f 1355/15/899 1353/13/898 3276/13/2203
f 1355/15/899 3276/13/2203 1403/15/923
f 1367/27/905 1365/25/904 3277/25/2204
f 1367/27/905 3277/25/2204 3255/27/2182
f 1393/53/918 1391/51/917 3267/51/2194
f 1393/53/918 3267/51/2194 3278/53/2205
f 1359/19/901 1357/17/900 1404/17/924
f 1359/19/901 1404/17/924 3259/19/2186
f 1371/31/907 1369/29/906 3256/29/2183
f 1371/31/907 3256/29/2183 3261/31/2188
f 1385/45/914 1383/43/913 3279/43/2206
f 1385/45/914 3279/43/2206 3280/45/2207
f 1408/63/926 1401/61/922 3275/61/2202
f 1408/63/926 3275/61/2202 3281/63/2208
f 1375/35/909 1373/33/908 3262/33/2189
f 1375/35/909 3262/33/2189 3263/35/2190
f 1406/5/925 1412/3/928 3269/3/2196
f 1406/5/925 3269/3/2196 3265/5/2192
f 1395/55/919 1393/53/918 3278/53/2205
f 1395/55/919 3278/53/2205 3282/55/2209
f 1379/39/911 1377/37/910 3264/37/2191
f 1379/39/911 3264/37/2191 3270/39/2197
f 1347/9/894 1346/7/893 3266/7/2193
f 1347/9/894 3266/7/2193 3272/9/2199
f 1387/47/915 1385/45/914 3280/45/2207
f 1387/47/915 3280/45/2207 3257/47/2184
f 1383/43/913 1381/41/912 3271/41/2198
f 1383/43/913 3271/41/2198 3279/43/2206
f 1409/65/927 1408/63/926 3281/63/2208
f 1409/65/927 3281/63/2208 3283/65/2210
f 1353/13/898 1352/11/897 3273/11/2200
f 1353/13/898 3273/11/2200 3276/13/2203
f 1365/25/904 1363/23/903 3274/23/2201
f 1365/25/904 3274/23/2201 3277/25/2204
f 1397/57/920 1395/55/919 3282/55/2209
f 1397/57/920 3282/55/2209 3252/57/2179
f 3284/65/2211 3285/63/2212 3286/63/2213
f 3284/65/2211 3286/63/2213 3287/65/2214
f 3266/7/2193 3265/5/2192 3288/5/2215
f 3266/7/2193 3288/5/2215 3289/7/2216
f 3271/41/2198 3270/39/2197 3290/39/2217
f 3271/41/2198 3290/39/2217 3291/41/2218
f 3275/61/2202 3251/59/2178 3254/59/2181
f 3275/61/2202 3254/59/2181 3292/61/2219
f 3255/27/2182 3277/25/2204 3293/25/2220
f 3255/27/2182 3293/25/2220 3294/27/2221
f 3259/19/2186 1404/17/924 3295/17/2222
f 3259/19/2186 3295/17/2222 3296/19/2223
f 3281/63/2208 3275/61/2202 3292/61/2219
f 3281/63/2208 3292/61/2219 3285/63/2212
f 3265/5/2192 3269/3/2196 3297/3/2224
f 3265/5/2192 3297/3/2224 3288/5/2215
f 3270/39/2197 3264/37/2191 3298/37/2225
f 3270/39/2197 3298/37/2225 3290/39/2217
f 3283/65/2210 3281/63/2208 3285/63/2212
f 3283/65/2210 3285/63/2212 3284/65/2211
f 3277/25/2204 3274/23/2201 3299/23/2226
f 3277/25/2204 3299/23/2226 3293/25/2220
f 1404/17/924 1403/15/923 3300/15/2227
f 1404/17/924 3300/15/2227 3295/17/2222
f 3269/3/2196 3268/2/2195 3301/2/2228
f 3269/3/2196 3301/2/2228 3297/3/2224
f 3264/37/2191 3263/35/2190 3302/35/2229
f 3264/37/2191 3302/35/2229 3298/37/2225
f 3274/23/2201 3260/21/2187 3303/21/2230
f 3274/23/2201 3303/21/2230 3299/23/2226
f 1403/15/923 3276/13/2203 3304/13/2231
f 1403/15/923 3304/13/2231 3300/15/2227
f 3280/45/2207 3279/43/2206 3305/43/2232
f 3280/45/2207 3305/43/2232 3306/45/2233
f 3263/35/2190 3262/33/2189 3307/33/2234
f 3263/35/2190 3307/33/2234 3302/35/2229
f 3257/47/2184 3280/45/2207 3306/45/2233
f 3257/47/2184 3306/45/2233 3308/47/2235
f 3276/13/2203 3273/11/2200 3309/11/2236
f 3276/13/2203 3309/11/2236 3304/13/2231
f 3258/49/2185 3257/47/2184 3308/47/2235
f 3258/49/2185 3308/47/2235 3310/49/2237
f 3262/33/2189 3261/31/2188 3311/31/2238
f 3262/33/2189 3311/31/2238 3307/33/2234
f 3267/51/2194 3258/49/2185 3310/49/2237
f 3267/51/2194 3310/49/2237 3312/51/2239
f 3273/11/2200 3272/9/2199 3313/9/2240
f 3273/11/2200 3313/9/2240 3309/11/2236
f 3278/53/2205 3267/51/2194 3312/51/2239
f 3278/53/2205 3312/51/2239 3314/53/2241
f 3261/31/2188 3256/29/2183 3315/29/2242
f 3261/31/2188 3315/29/2242 3311/31/2238
f 3282/55/2209 3278/53/2205 3314/53/2241
f 3282/55/2209 3314/53/2241 3316/55/2243
f 3272/9/2199 3266/7/2193 3289/7/2216
f 3272/9/2199 3289/7/2216 3313/9/2240
f 3279/43/2206 3271/41/2198 3291/41/2218
f 3279/43/2206 3291/41/2218 3305/43/2232
f 3252/57/2179 3282/55/2209 3316/55/2243
f 3252/57/2179 3316/55/2243 3253/57/2180
f 3256/29/2183 3255/27/2182 3294/27/2221
f 3256/29/2183 3294/27/2221 3315/29/2242
f 3260/21/2187 3259/19/2186 3296/19/2223
f 3260/21/2187 3296/19/2223 3303/21/2230
f 3317/45/2244 3318/43/2245 3319/43/2246
f 3317/45/2244 3319/43/2246 3320/45/2247
f 3293/25/2220 3299/23/2226 3321/23/2248
f 3293/25/2220 3321/23/2248 3322/25/2249
f 3295/17/2222 3300/15/2227 3323/15/2250
f 3295/17/2222 3323/15/2250 3324/17/2251
f 3297/3/2224 3301/2/2228 3325/2/2252
f 3297/3/2224 3325/2/2252 3326/3/2253
f 3298/37/2225 3302/35/2229 3327/35/2254
f 3298/37/2225 3327/35/2254 3328/37/2255
f 3299/23/2226 3303/21/2230 3329/21/2256
f 3299/23/2226 3329/21/2256 3321/23/2248
f 3300/15/2227 3304/13/2231 3330/13/2257
f 3300/15/2227 3330/13/2257 3323/15/2250
f 3306/45/2233 3305/43/2232 3318/43/2245
f 3306/45/2233 3318/43/2245 3317/45/2244
f 3302/35/2229 3307/33/2234 3331/33/2258
f 3302/35/2229 3331/33/2258 3327/35/2254
f 3308/47/2235 3306/45/2233 3317/45/2244
f 3308/47/2235 3317/45/2244 3332/47/2259
f 3304/13/2231 3309/11/2236 3333/11/2260
f 3304/13/2231 3333/11/2260 3330/13/2257
f 3310/49/2237 3308/47/2235 3332/47/2259
f 3310/49/2237 3332/47/2259 3334/49/2261
f 3307/33/2234 3311/31/2238 3335/31/2262
f 3307/33/2234 3335/31/2262 3331/33/2258
f 3312/51/2239 3310/49/2237 3334/49/2261
f 3312/51/2239 3334/49/2261 3336/51/2263
f 3309/11/2236 3313/9/2240 3337/9/2264
f 3309/11/2236 3337/9/2264 3333/11/2260
f 3314/53/2241 3312/51/2239 3336/51/2263
f 3314/53/2241 3336/51/2263 3338/53/2265
f 3311/31/2238 3315/29/2242 3339/29/2266
f 3311/31/2238 3339/29/2266 3335/31/2262
f 3316/55/2243 3314/53/2241 3338/53/2265
f 3316/55/2243 3338/53/2265 3340/55/2267
f 3313/9/2240 3289/7/2216 3341/7/2268
f 3313/9/2240 3341/7/2268 3337/9/2264
f 3305/43/2232 3291/41/2218 3342/41/2269
f 3305/43/2232 3342/41/2269 3318/43/2245
f 3253/57/2180 3316/55/2243 3340/55/2267
f 3253/57/2180 3340/55/2267 3343/57/2270
f 3315/29/2242 3294/27/2221 3344/27/2271
f 3315/29/2242 3344/27/2271 3339/29/2266
f 3303/21/2230 3296/19/2223 3345/19/2272
f 3303/21/2230 3345/19/2272 3329/21/2256
f 3254/59/2181 3253/57/2180 3343/57/2270
f 3254/59/2181 3343/57/2270 3346/59/2273
f 3289/7/2216 3288/5/2215 3347/5/2274
f 3289/7/2216 3347/5/2274 3341/7/2268
f 3291/41/2218 3290/39/2217 3348/39/2275
f 3291/41/2218 3348/39/2275 3342/41/2269
f 3292/61/2219 3254/59/2181 3346/59/2273
f 3292/61/2219 3346/59/2273 3349/61/2276
f 3294/27/2221 3293/25/2220 3322/25/2249
f 3294/27/2221 3322/25/2249 3344/27/2271
f 3296/19/2223 3295/17/2222 3324/17/2251
f 3296/19/2223 3324/17/2251 3345/19/2272
f 3285/63/2212 3292/61/2219 3349/61/2276
f 3285/63/2212 3349/61/2276 3286/63/2213
f 3288/5/2215 3297/3/2224 3326/3/2253
f 3288/5/2215 3326/3/2253 3347/5/2274
f 3290/39/2217 3298/37/2225 3328/37/2255
f 3290/39/2217 3328/37/2255 3348/39/2275
f 3350/51/2277 3351/49/2278 3352/49/2279
f 3350/51/2277 3352/49/2279 3353/51/2280
f 3327/35/2254 3331/33/2258 3354/33/2281
f 3327/35/2254 3354/33/2281 3355/35/2282
f 3332/47/2259 3317/45/2244 3320/45/2247
f 3332/47/2259 3320/45/2247 3356/47/2283
f 3330/13/2257 3333/11/2260 3357/11/2284
f 3330/13/2257 3357/11/2284 3358/13/2285
f 3334/49/2261 3332/47/2259 3356/47/2283
f 3334/49/2261 3356/47/2283 3351/49/2278
f 3331/33/2258 3335/31/2262 3359/31/2286
f 3331/33/2258 3359/31/2286 3354/33/2281
f 3336/51/2263 3334/49/2261 3351/49/2278
f 3336/51/2263 3351/49/2278 3350/51/2277
f 3333/11/2260 3337/9/2264 3360/9/2287
f 3333/11/2260 3360/9/2287 3357/11/2284
f 3338/53/2265 3336/51/2263 3350/51/2277
f 3338/53/2265 3350/51/2277 3361/53/2288
f 3335/31/2262 3339/29/2266 3362/29/2289
f 3335/31/2262 3362/29/2289 3359/31/2286
f 3340/55/2267 3338/53/2265 3361/53/2288
f 3340/55/2267 3361/53/2288 3363/55/2290
f 3337/9/2264 3341/7/2268 3364/7/2291
f 3337/9/2264 3364/7/2291 3360/9/2287
f 3318/43/2245 3342/41/2269 3365/41/2292
f 3318/43/2245 3365/41/2292 3319/43/2246
f 3343/57/2270 3340/55/2267 3363/55/2290
f 3343/57/2270 3363/55/2290 3366/57/2293
f 3339/29/2266 3344/27/2271 3367/27/2294
f 3339/29/2266 3367/27/2294 3362/29/2289
f 3329/21/2256 3345/19/2272 3368/19/2295
f 3329/21/2256 3368/19/2295 3369/21/2296
f 3346/59/2273 3343/57/2270 3366/57/2293
f 3346/59/2273 3366/57/2293 3370/59/2297
f 3341/7/2268 3347/5/2274 3371/5/2298
f 3341/7/2268 3371/5/2298 3364/7/2291
f 3342/41/2269 3348/39/2275 3372/39/2299
f 3342/41/2269 3372/39/2299 3365/41/2292
f 3349/61/2276 3346/59/2273 3370/59/2297
f 3349/61/2276 3370/59/2297 3373/61/2300
f 3344/27/2271 3322/25/2249 3374/25/2301
f 3344/27/2271 3374/25/2301 3367/27/2294
f 3345/19/2272 3324/17/2251 3375/17/2302
f 3345/19/2272 3375/17/2302 3368/19/2295
f 3286/63/2213 3349/61/2276 3373/61/2300
f 3286/63/2213 3373/61/2300 3376/63/2303
f 3347/5/2274 3326/3/2253 3377/3/2304
f 3347/5/2274 3377/3/2304 3371/5/2298
f 3348/39/2275 3328/37/2255 3378/37/2305
f 3348/39/2275 3378/37/2305 3372/39/2299
f 3287/65/2214 3286/63/2213 3376/63/2303
f 3287/65/2214 3376/63/2303 3379/65/2306
f 3322/25/2249 3321/23/2248 3380/23/2307
f 3322/25/2249 3380/23/2307 3374/25/2301
f 3324/17/2251 3323/15/2250 3381/15/2308
f 3324/17/2251 3381/15/2308 3375/17/2302
f 3326/3/2253 3325/2/2252 3382/2/2309
f 3326/3/2253 3382/2/2309 3377/3/2304
f 3328/37/2255 3327/35/2254 3355/35/2282
f 3328/37/2255 3355/35/2282 3378/37/2305
f 3321/23/2248 3329/21/2256 3369/21/2296
f 3321/23/2248 3369/21/2296 3380/23/2307
f 3323/15/2250 3330/13/2257 3358/13/2285
f 3323/15/2250 3358/13/2285 3381/15/2308
f 3383/43/2310 3384/41/2311 3385/41/2312
f 3383/43/2310 3385/41/2312 3386/43/2313
f 3357/11/2284 3360/9/2287 3387/9/2314
f 3357/11/2284 3387/9/2314 3388/11/2315
f 3361/53/2288 3350/51/2277 3353/51/2280
f 3361/53/2288 3353/51/2280 3389/53/2316
f 3359/31/2286 3362/29/2289 3390/29/2317
f 3359/31/2286 3390/29/2317 3391/31/2318
f 3363/55/2290 3361/53/2288 3389/53/2316
f 3363/55/2290 3389/53/2316 3392/55/2319
f 3360/9/2287 3364/7/2291 3393/7/2320
f 3360/9/2287 3393/7/2320 3387/9/2314
f 3319/43/2246 3365/41/2292 3384/41/2311
f 3319/43/2246 3384/41/2311 3383/43/2310
f 3366/57/2293 3363/55/2290 3392/55/2319
f 3366/57/2293 3392/55/2319 3394/57/2321
f 3362/29/2289 3367/27/2294 3395/27/2322
f 3362/29/2289 3395/27/2322 3390/29/2317
f 3369/21/2296 3368/19/2295 3396/19/2323
f 3369/21/2296 3396/19/2323 3397/21/2324
f 3370/59/2297 3366/57/2293 3394/57/2321
f 3370/59/2297 3394/57/2321 3398/59/2325
f 3364/7/2291 3371/5/2298 3399/5/2326
f 3364/7/2291 3399/5/2326 3393/7/2320
f 3365/41/2292 3372/39/2299 3400/39/2327
f 3365/41/2292 3400/39/2327 3384/41/2311
f 3373/61/2300 3370/59/2297 3398/59/2325
f 3373/61/2300 3398/59/2325 3401/61/2328
f 3367/27/2294 3374/25/2301 3402/25/2329
f 3367/27/2294 3402/25/2329 3395/27/2322
f 3368/19/2295 3375/17/2302 3403/17/2330
f 3368/19/2295 3403/17/2330 3396/19/2323
f 3376/63/2303 3373/61/2300 3401/61/2328
f 3376/63/2303 3401/61/2328 3404/63/2331
f 3371/5/2298 3377/3/2304 3405/3/2332
f 3371/5/2298 3405/3/2332 3399/5/2326
f 3372/39/2299 3378/37/2305 3406/37/2333
f 3372/39/2299 3406/37/2333 3400/39/2327
f 3379/65/2306 3376/63/2303 3404/63/2331
f 3379/65/2306 3404/63/2331 3407/65/2334
f 3374/25/2301 3380/23/2307 3408/23/2335
f 3374/25/2301 3408/23/2335 3402/25/2329
f 3375/17/2302 3381/15/2308 3409/15/2336
f 3375/17/2302 3409/15/2336 3403/17/2330
f 3377/3/2304 3382/2/2309 3410/2/2337
f 3377/3/2304 3410/2/2337 3405/3/2332
f 3378/37/2305 3355/35/2282 3411/35/2338
f 3378/37/2305 3411/35/2338 3406/37/2333
f 3380/23/2307 3369/21/2296 3397/21/2324
f 3380/23/2307 3397/21/2324 3408/23/2335
f 3381/15/2308 3358/13/2285 3412/13/2339
f 3381/15/2308 3412/13/2339 3409/15/2336
f 3320/45/2247 3319/43/2246 3383/43/2310
f 3320/45/2247 3383/43/2310 3413/45/2340
f 3355/35/2282 3354/33/2281 3414/33/2341
f 3355/35/2282 3414/33/2341 3411/35/2338
f 3356/47/2283 3320/45/2247 3413/45/2340
f 3356/47/2283 3413/45/2340 3415/47/2342
f 3358/13/2285 3357/11/2284 3388/11/2315
f 3358/13/2285 3388/11/2315 3412/13/2339
f 3351/49/2278 3356/47/2283 3415/47/2342
f 3351/49/2278 3415/47/2342 3352/49/2279
f 3354/33/2281 3359/31/2286 3391/31/2318
f 3354/33/2281 3391/31/2318 3414/33/2341
f 3416/19/2343 3417/17/2344 3418/17/2345
f 3416/19/2343 3418/17/2345 3419/19/2346
f 3394/57/2321 3392/55/2319 3420/55/2347
f 3394/57/2321 3420/55/2347 3421/57/2348
f 3390/29/2317 3395/27/2322 3422/27/2349
f 3390/29/2317 3422/27/2349 3423/29/2350
f 3397/21/2324 3396/19/2323 3416/19/2343
f 3397/21/2324 3416/19/2343 3424/21/2351
f 3398/59/2325 3394/57/2321 3421/57/2348
f 3398/59/2325 3421/57/2348 3425/59/2352
f 3393/7/2320 3399/5/2326 3426/5/2353
f 3393/7/2320 3426/5/2353 3427/7/2354
f 3384/41/2311 3400/39/2327 3428/39/2355
f 3384/41/2311 3428/39/2355 3385/41/2312
f 3401/61/2328 3398/59/2325 3425/59/2352
f 3401/61/2328 3425/59/2352 3429/61/2356
f 3395/27/2322 3402/25/2329 3430/25/2357
f 3395/27/2322 3430/25/2357 3422/27/2349
f 3396/19/2323 3403/17/2330 3417/17/2344
f 3396/19/2323 3417/17/2344 3416/19/2343
f 3404/63/2331 3401/61/2328 3429/61/2356
f 3404/63/2331 3429/61/2356 3431/63/2358
f 3399/5/2326 3405/3/2332 3432/3/2359
f 3399/5/2326 3432/3/2359 3426/5/2353
f 3400/39/2327 3406/37/2333 3433/37/2360
f 3400/39/2327 3433/37/2360 3428/39/2355
f 3407/65/2334 3404/63/2331 3431/63/2358
f 3407/65/2334 3431/63/2358 3434/65/2361
f 3402/25/2329 3408/23/2335 3435/23/2362
f 3402/25/2329 3435/23/2362 3430/25/2357
f 3403/17/2330 3409/15/2336 3436/15/2363
f 3403/17/2330 3436/15/2363 3417/17/2344
f 3405/3/2332 3410/2/2337 3437/2/2364
f 3405/3/2332 3437/2/2364 3432/3/2359
f 3406/37/2333 3411/35/2338 3438/35/2365
f 3406/37/2333 3438/35/2365 3433/37/2360
f 3408/23/2335 3397/21/2324 3424/21/2351
f 3408/23/2335 3424/21/2351 3435/23/2362
f 3409/15/2336 3412/13/2339 3439/13/2366
f 3409/15/2336 3439/13/2366 3436/15/2363
f 3413/45/2340 3383/43/2310 3386/43/2313
f 3413/45/2340 3386/43/2313 3440/45/2367
f 3411/35/2338 3414/33/2341 3441/33/2368
f 3411/35/2338 3441/33/2368 3438/35/2365
f 3415/47/2342 3413/45/2340 3440/45/2367
f 3415/47/2342 3440/45/2367 3442/47/2369
f 3412/13/2339 3388/11/2315 3443/11/2370
f 3412/13/2339 3443/11/2370 3439/13/2366
f 3352/49/2279 3415/47/2342 3442/47/2369
f 3352/49/2279 3442/47/2369 3444/49/2371
f 3414/33/2341 3391/31/2318 3445/31/2372
f 3414/33/2341 3445/31/2372 3441/33/2368
f 3353/51/2280 3352/49/2279 3444/49/2371
f 3353/51/2280 3444/49/2371 3446/51/2373
f 3388/11/2315 3387/9/2314 3447/9/2374
f 3388/11/2315 3447/9/2374 3443/11/2370
f 3389/53/2316 3353/51/2280 3446/51/2373
f 3389/53/2316 3446/51/2373 3448/53/2375
f 3391/31/2318 3390/29/2317 3423/29/2350
f 3391/31/2318 3423/29/2350 3445/31/2372
f 3392/55/2319 3389/53/2316 3448/53/2375
f 3392/55/2319 3448/53/2375 3420/55/2347
f 3387/9/2314 3393/7/2320 3427/7/2354
f 3387/9/2314 3427/7/2354 3447/9/2374
f 3449/37/2376 3450/35/2377 3451/35/2378
f 3449/37/2376 3451/35/2378 3452/37/2379
f 3431/63/2358 3429/61/2356 3453/61/2380
f 3431/63/2358 3453/61/2380 3454/63/2381
f 3426/5/2353 3432/3/2359 3455/3/2382
f 3426/5/2353 3455/3/2382 3456/5/2383
f 3428/39/2355 3433/37/2360 3449/37/2376
f 3428/39/2355 3449/37/2376 3457/39/2384
f 3434/65/2361 3431/63/2358 3454/63/2381
f 3434/65/2361 3454/63/2381 3458/65/2385
f 3430/25/2357 3435/23/2362 3459/23/2386
f 3430/25/2357 3459/23/2386 3460/25/2387
f 3417/17/2344 3436/15/2363 3461/15/2388
f 3417/17/2344 3461/15/2388 3418/17/2345
f 3432/3/2359 3437/2/2364 3462/2/2389
f 3432/3/2359 3462/2/2389 3455/3/2382
f 3433/37/2360 3438/35/2365 3450/35/2377
f 3433/37/2360 3450/35/2377 3449/37/2376
f 3435/23/2362 3424/21/2351 3463/21/2390
f 3435/23/2362 3463/21/2390 3459/23/2386
f 3436/15/2363 3439/13/2366 3464/13/2391
f 3436/15/2363 3464/13/2391 3461/15/2388
f 3440/45/2367 3386/43/2313 3465/43/2392
f 3440/45/2367 3465/43/2392 3466/45/2393
f 3438/35/2365 3441/33/2368 3467/33/2394
f 3438/35/2365 3467/33/2394 3450/35/2377
f 3442/47/2369 3440/45/2367 3466/45/2393
f 3442/47/2369 3466/45/2393 3468/47/2395
f 3439/13/2366 3443/11/2370 3469/11/2396
f 3439/13/2366 3469/11/2396 3464/13/2391
f 3444/49/2371 3442/47/2369 3468/47/2395
f 3444/49/2371 3468/47/2395 3470/49/2397
f 3441/33/2368 3445/31/2372 3471/31/2398
f 3441/33/2368 3471/31/2398 3467/33/2394
f 3446/51/2373 3444/49/2371 3470/49/2397
f 3446/51/2373 3470/49/2397 3472/51/2399
f 3443/11/2370 3447/9/2374 3473/9/2400
f 3443/11/2370 3473/9/2400 3469/11/2396
f 3448/53/2375 3446/51/2373 3472/51/2399
f 3448/53/2375 3472/51/2399 3474/53/2401
f 3445/31/2372 3423/29/2350 3475/29/2402
f 3445/31/2372 3475/29/2402 3471/31/2398
f 3420/55/2347 3448/53/2375 3474/53/2401
f 3420/55/2347 3474/53/2401 3476/55/2403
f 3447/9/2374 3427/7/2354 3477/7/2404
f 3447/9/2374 3477/7/2404 3473/9/2400
f 3386/43/2313 3385/41/2312 3478/41/2405
f 3386/43/2313 3478/41/2405 3465/43/2392
f 3421/57/2348 3420/55/2347 3476/55/2403
f 3421/57/2348 3476/55/2403 3479/57/2406
f 3423/29/2350 3422/27/2349 3480/27/2407
f 3423/29/2350 3480/27/2407 3475/29/2402
f 3424/21/2351 3416/19/2343 3419/19/2346
f 3424/21/2351 3419/19/2346 3463/21/2390
f 3425/59/2352 3421/57/2348 3479/57/2406
f 3425/59/2352 3479/57/2406 3481/59/2408
f 3427/7/2354 3426/5/2353 3456/5/2383
f 3427/7/2354 3456/5/2383 3477/7/2404
f 3385/41/2312 3428/39/2355 3457/39/2384
f 3385/41/2312 3457/39/2384 3478/41/2405
f 3429/61/2356 3425/59/2352 3481/59/2408
f 3429/61/2356 3481/59/2408 3453/61/2380
f 3422/27/2349 3430/25/2357 3460/25/2387
f 3422/27/2349 3460/25/2387 3480/27/2407
f 3482/13/2409 3483/11/2410 3484/11/2411
f 3482/13/2409 3484/11/2411 3485/13/2412
f 3459/23/2386 3463/21/2390 3486/21/2413
f 3459/23/2386 3486/21/2413 3487/23/2414
f 3461/15/2388 3464/13/2391 3482/13/2409
f 3461/15/2388 3482/13/2409 3488/15/2415
f 3466/45/2393 3465/43/2392 3489/43/2416
f 3466/45/2393 3489/43/2416 3490/45/2417
f 3450/35/2377 3467/33/2394 3491/33/2418
f 3450/35/2377 3491/33/2418 3451/35/2378
f 3468/47/2395 3466/45/2393 3490/45/2417
f 3468/47/2395 3490/45/2417 3492/47/2419
f 3464/13/2391 3469/11/2396 3483/11/2410
f 3464/13/2391 3483/11/2410 3482/13/2409
f 3470/49/2397 3468/47/2395 3492/47/2419
f 3470/49/2397 3492/47/2419 3493/49/2420
f 3467/33/2394 3471/31/2398 3494/31/2421
f 3467/33/2394 3494/31/2421 3491/33/2418
f 3472/51/2399 3470/49/2397 3493/49/2420
f 3472/51/2399 3493/49/2420 3495/51/2422
f 3469/11/2396 3473/9/2400 3496/9/2423
f 3469/11/2396 3496/9/2423 3483/11/2410
f 3474/53/2401 3472/51/2399 3495/51/2422
f 3474/53/2401 3495/51/2422 3497/53/2424
f 3471/31/2398 3475/29/2402 3498/29/2425
f 3471/31/2398 3498/29/2425 3494/31/2421
f 3476/55/2403 3474/53/2401 3497/53/2424
f 3476/55/2403 3497/53/2424 3499/55/2426
f 3473/9/2400 3477/7/2404 3500/7/2427
f 3473/9/2400 3500/7/2427 3496/9/2423
f 3465/43/2392 3478/41/2405 3501/41/2428
f 3465/43/2392 3501/41/2428 3489/43/2416
f 3479/57/2406 3476/55/2403 3499/55/2426
f 3479/57/2406 3499/55/2426 3502/57/2429
f 3475/29/2402 3480/27/2407 3503/27/2430
f 3475/29/2402 3503/27/2430 3498/29/2425
f 3463/21/2390 3419/19/2346 3504/19/2431
f 3463/21/2390 3504/19/2431 3486/21/2413
f 3481/59/2408 3479/57/2406 3502/57/2429
f 3481/59/2408 3502/57/2429 3505/59/2432
f 3477/7/2404 3456/5/2383 3506/5/2433
f 3477/7/2404 3506/5/2433 3500/7/2427
f 3478/41/2405 3457/39/2384 3507/39/2434
f 3478/41/2405 3507/39/2434 3501/41/2428
f 3453/61/2380 3481/59/2408 3505/59/2432
f 3453/61/2380 3505/59/2432 3508/61/2435
f 3480/27/2407 3460/25/2387 3509/25/2436
f 3480/27/2407 3509/25/2436 3503/27/2430
f 3419/19/2346 3418/17/2345 3510/17/2437
f 3419/19/2346 3510/17/2437 3504/19/2431
f 3454/63/2381 3453/61/2380 3508/61/2435
f 3454/63/2381 3508/61/2435 3511/63/2438
f 3456/5/2383 3455/3/2382 3512/3/2439
f 3456/5/2383 3512/3/2439 3506/5/2433
f 3457/39/2384 3449/37/2376 3452/37/2379
f 3457/39/2384 3452/37/2379 3507/39/2434
f 3458/65/2385 3454/63/2381 3511/63/2438
f 3458/65/2385 3511/63/2438 3513/65/2440
f 3460/25/2387 3459/23/2386 3487/23/2414
f 3460/25/2387 3487/23/2414 3509/25/2436
f 3418/17/2345 3461/15/2388 3488/15/2415
f 3418/17/2345 3488/15/2415 3510/17/2437
f 3455/3/2382 3462/2/2389 3514/2/2441
f 3455/3/2382 3514/2/2441 3512/3/2439
f 3515/31/2442 3516/29/2443 3517/29/2444
f 3515/31/2442 3517/29/2444 3518/31/2445
f 3493/49/2420 3492/47/2419 3519/47/2446
f 3493/49/2420 3519/47/2446 3520/49/2447
f 3491/33/2418 3494/31/2421 3515/31/2442
f 3491/33/2418 3515/31/2442 3521/33/2448
f 3495/51/2422 3493/49/2420 3520/49/2447
f 3495/51/2422 3520/49/2447 3522/51/2449
f 3483/11/2410 3496/9/2423 3523/9/2450
f 3483/11/2410 3523/9/2450 3484/11/2411
f 3497/53/2424 3495/51/2422 3522/51/2449
f 3497/53/2424 3522/51/2449 3524/53/2451
f 3494/31/2421 3498/29/2425 3516/29/2443
f 3494/31/2421 3516/29/2443 3515/31/2442
f 3499/55/2426 3497/53/2424 3524/53/2451
f 3499/55/2426 3524/53/2451 3525/55/2452
f 3496/9/2423 3500/7/2427 3526/7/2453
f 3496/9/2423 3526/7/2453 3523/9/2450
f 3489/43/2416 3501/41/2428 3527/41/2454
f 3489/43/2416 3527/41/2454 3528/43/2455
f 3502/57/2429 3499/55/2426 3525/55/2452
f 3502/57/2429 3525/55/2452 3529/57/2456
f 3498/29/2425 3503/27/2430 3530/27/2457
f 3498/29/2425 3530/27/2457 3516/29/2443
f 3486/21/2413 3504/19/2431 3531/19/2458
f 3486/21/2413 3531/19/2458 3532/21/2459
f 3505/59/2432 3502/57/2429 3529/57/2456
f 3505/59/2432 3529/57/2456 3533/59/2460
f 3500/7/2427 3506/5/2433 3534/5/2461
f 3500/7/2427 3534/5/2461 3526/7/2453
f 3501/41/2428 3507/39/2434 3535/39/2462
f 3501/41/2428 3535/39/2462 3527/41/2454
f 3508/61/2435 3505/59/2432 3533/59/2460
f 3508/61/2435 3533/59/2460 3536/61/2463
f 3503/27/2430 3509/25/2436 3537/25/2464
f 3503/27/2430 3537/25/2464 3530/27/2457
f 3504/19/2431 3510/17/2437 3538/17/2465
f 3504/19/2431 3538/17/2465 3531/19/2458
f 3511/63/2438 3508/61/2435 3536/61/2463
f 3511/63/2438 3536/61/2463 3539/63/2466
f 3506/5/2433 3512/3/2439 3540/3/2467
f 3506/5/2433 3540/3/2467 3534/5/2461
f 3507/39/2434 3452/37/2379 3541/37/2468
f 3507/39/2434 3541/37/2468 3535/39/2462
f 3513/65/2440 3511/63/2438 3539/63/2466
f 3513/65/2440 3539/63/2466 3542/65/2469
f 3509/25/2436 3487/23/2414 3543/23/2470
f 3509/25/2436 3543/23/2470 3537/25/2464
f 3510/17/2437 3488/15/2415 3544/15/2471
f 3510/17/2437 3544/15/2471 3538/17/2465
f 3512/3/2439 3514/2/2441 3545/2/2472
f 3512/3/2439 3545/2/2472 3540/3/2467
f 3452/37/2379 3451/35/2378 3546/35/2473
f 3452/37/2379 3546/35/2473 3541/37/2468
f 3487/23/2414 3486/21/2413 3532/21/2459
f 3487/23/2414 3532/21/2459 3543/23/2470
f 3488/15/2415 3482/13/2409 3485/13/2412
f 3488/15/2415 3485/13/2412 3544/15/2471
f 3490/45/2417 3489/43/2416 3528/43/2455
f 3490/45/2417 3528/43/2455 3547/45/2474
f 3451/35/2378 3491/33/2418 3521/33/2448
f 3451/35/2378 3521/33/2448 3546/35/2473
f 3492/47/2419 3490/45/2417 3547/45/2474
f 3492/47/2419 3547/45/2474 3519/47/2446
f 3548/7/2475 3549/5/2476 3550/5/2477
f 3548/7/2475 3550/5/2477 3551/7/2478
f 3525/55/2452 3524/53/2451 3552/53/2479
f 3525/55/2452 3552/53/2479 3553/55/2480
f 3523/9/2450 3526/7/2453 3548/7/2475
f 3523/9/2450 3548/7/2475 3554/9/2481
f 3528/43/2455 3527/41/2454 3555/41/2482
f 3528/43/2455 3555/41/2482 3556/43/2483
f 3529/57/2456 3525/55/2452 3553/55/2480
f 3529/57/2456 3553/55/2480 3557/57/2484
f 3516/29/2443 3530/27/2457 3558/27/2485
f 3516/29/2443 3558/27/2485 3517/29/2444
f 3532/21/2459 3531/19/2458 3559/19/2486
f 3532/21/2459 3559/19/2486 3560/21/2487
f 3533/59/2460 3529/57/2456 3557/57/2484
f 3533/59/2460 3557/57/2484 3561/59/2488
f 3526/7/2453 3534/5/2461 3549/5/2476
f 3526/7/2453 3549/5/2476 3548/7/2475
f 3527/41/2454 3535/39/2462 3562/39/2489
f 3527/41/2454 3562/39/2489 3555/41/2482
f 3536/61/2463 3533/59/2460 3561/59/2488
f 3536/61/2463 3561/59/2488 3563/61/2490
f 3530/27/2457 3537/25/2464 3564/25/2491
f 3530/27/2457 3564/25/2491 3558/27/2485
f 3531/19/2458 3538/17/2465 3565/17/2492
f 3531/19/2458 3565/17/2492 3559/19/2486
f 3539/63/2466 3536/61/2463 3563/61/2490
f 3539/63/2466 3563/61/2490 3566/63/2493
f 3534/5/2461 3540/3/2467 3567/3/2494
f 3534/5/2461 3567/3/2494 3549/5/2476
f 3535/39/2462 3541/37/2468 3568/37/2495
f 3535/39/2462 3568/37/2495 3562/39/2489
f 3542/65/2469 3539/63/2466 3566/63/2493
f 3542/65/2469 3566/63/2493 3569/65/2496
f 3537/25/2464 3543/23/2470 3570/23/2497
f 3537/25/2464 3570/23/2497 3564/25/2491
f 3538/17/2465 3544/15/2471 3571/15/2498
f 3538/17/2465 3571/15/2498 3565/17/2492
f 3540/3/2467 3545/2/2472 3572/2/2499
f 3540/3/2467 3572/2/2499 3567/3/2494
f 3541/37/2468 3546/35/2473 3573/35/2500
f 3541/37/2468 3573/35/2500 3568/37/2495
f 3543/23/2470 3532/21/2459 3560/21/2487
f 3543/23/2470 3560/21/2487 3570/23/2497
f 3544/15/2471 3485/13/2412 3574/13/2501
f 3544/15/2471 3574/13/2501 3571/15/2498
f 3547/45/2474 3528/43/2455 3556/43/2483
f 3547/45/2474 3556/43/2483 3575/45/2502
f 3546/35/2473 3521/33/2448 3576/33/2503
f 3546/35/2473 3576/33/2503 3573/35/2500
f 3519/47/2446 3547/45/2474 3575/45/2502
f 3519/47/2446 3575/45/2502 3577/47/2504
f 3485/13/2412 3484/11/2411 3578/11/2505
f 3485/13/2412 3578/11/2505 3574/13/2501
f 3520/49/2447 3519/47/2446 3577/47/2504
f 3520/49/2447 3577/47/2504 3579/49/2506
f 3521/33/2448 3515/31/2442 3518/31/2445
f 3521/33/2448 3518/31/2445 3576/33/2503
f 3522/51/2449 3520/49/2447 3579/49/2506
f 3522/51/2449 3579/49/2506 3580/51/2507
f 3484/11/2411 3523/9/2450 3554/9/2481
f 3484/11/2411 3554/9/2481 3578/11/2505
f 3524/53/2451 3522/51/2449 3580/51/2507
f 3524/53/2451 3580/51/2507 3552/53/2479
f 3581/4/2508 3582/6/2509 3583/6/2510
f 3581/4/2508 3583/6/2510 3584/4/2511
f 1388/48/24 1390/50/25 3585/50/2512
f 1388/48/24 3585/50/2512 3586/48/2513
f 1382/42/21 1384/44/22 3587/44/2514
f 1382/42/21 3587/44/2514 3588/42/2515
f 1351/12/6 1354/14/7 3589/14/2516
f 1351/12/6 3589/14/2516 3590/12/2517
f 1364/24/12 1366/26/13 3591/26/2518
f 1364/24/12 3591/26/2518 3592/24/2519
f 1398/58/29 1400/60/30 3593/60/2520
f 1398/58/29 3593/60/2520 3594/58/2521
f 1356/16/8 1358/18/9 3595/18/2522
f 1356/16/8 3595/18/2522 3596/16/2523
f 1368/28/14 1370/30/15 3597/30/2524
f 1368/28/14 3597/30/2524 3598/28/2525
f 1390/50/25 1392/52/26 3599/52/2526
f 1390/50/25 3599/52/2526 3585/50/2512
f 1360/20/10 1362/22/11 3600/22/2527
f 1360/20/10 3600/22/2527 3601/20/2528
f 1372/32/16 1374/34/17 3602/34/2529
f 1372/32/16 3602/34/2529 3603/32/2530
f 1400/60/30 1402/62/31 3604/62/2531
f 1400/60/30 3604/62/2531 3593/60/2520
f 1376/36/18 1378/38/19 3605/38/2532
f 1376/36/18 3605/38/2532 3606/36/2533
f 1405/6/3 1345/8/4 1350/8/896
f 1405/6/3 1350/8/896 3582/6/2509
f 1392/52/26 1394/54/27 3607/54/2534
f 1392/52/26 3607/54/2534 3599/52/2526
f 1413/1/1 1411/4/2 3581/4/2508
f 1413/1/1 3581/4/2508 3608/1/2535
f 1380/40/20 1382/42/21 3588/42/2515
f 1380/40/20 3588/42/2515 3609/40/2536
f 1348/10/5 1351/12/6 3590/12/2517
f 1348/10/5 3590/12/2517 1349/10/895
f 1384/44/22 1386/46/23 3610/46/2537
f 1384/44/22 3610/46/2537 3587/44/2514
f 1402/62/31 1407/64/32 3611/64/2538
f 1402/62/31 3611/64/2538 3604/62/2531
f 1354/14/7 1356/16/8 3596/16/2523
f 1354/14/7 3596/16/2523 3589/14/2516
f 1366/26/13 1368/28/14 3598/28/2525
f 1366/26/13 3598/28/2525 3591/26/2518
f 1394/54/27 1396/56/28 3612/56/2539
f 1394/54/27 3612/56/2539 3607/54/2534
f 1358/18/9 1360/20/10 3601/20/2528
f 1358/18/9 3601/20/2528 3595/18/2522
f 1370/30/15 1372/32/16 3603/32/2530
f 1370/30/15 3603/32/2530 3597/30/2524
f 1386/46/23 1388/48/24 3586/48/2513
f 1386/46/23 3586/48/2513 3610/46/2537
f 1407/64/32 1410/66/33 3613/66/2540
f 1407/64/32 3613/66/2540 3611/64/2538
f 1374/34/17 1376/36/18 3606/36/2533
f 1374/34/17 3606/36/2533 3602/34/2529
f 1411/4/2 1405/6/3 3582/6/2509
f 1411/4/2 3582/6/2509 3581/4/2508
f 1396/56/28 1398/58/29 3594/58/2521
f 1396/56/28 3594/58/2521 3612/56/2539
f 1362/22/11 1364/24/12 3592/24/2519
f 1362/22/11 3592/24/2519 3600/22/2527
f 1378/38/19 1380/40/20 3609/40/2536
f 1378/38/19 3609/40/2536 3605/38/2532
f 3614/45/2541 3615/43/2542 3616/43/2543
f 3614/45/2541 3616/43/2543 3617/45/2544
f 3555/41/2482 3562/39/2489 3618/39/2545
f 3555/41/2482 3618/39/2545 3619/41/2546
f 3563/61/2490 3561/59/2488 3620/59/2547
f 3563/61/2490 3620/59/2547 3621/61/2548
f 3558/27/2485 3564/25/2491 3622/25/2549
f 3558/27/2485 3622/25/2549 3623/27/2550
f 3559/19/2486 3565/17/2492 3624/17/2551
f 3559/19/2486 3624/17/2551 3625/19/2552
f 3566/63/2493 3563/61/2490 3621/61/2548
f 3566/63/2493 3621/61/2548 3626/63/2553
f 3549/5/2476 3567/3/2494 3627/3/2554
f 3549/5/2476 3627/3/2554 3550/5/2477
f 3562/39/2489 3568/37/2495 3628/37/2555
f 3562/39/2489 3628/37/2555 3618/39/2545
f 3569/65/2496 3566/63/2493 3626/63/2553
f 3569/65/2496 3626/63/2553 3629/65/2556
f 3564/25/2491 3570/23/2497 3630/23/2557
f 3564/25/2491 3630/23/2557 3622/25/2549
f 3565/17/2492 3571/15/2498 3631/15/2558
f 3565/17/2492 3631/15/2558 3624/17/2551
f 3567/3/2494 3572/2/2499 3632/2/2559
f 3567/3/2494 3632/2/2559 3627/3/2554
f 3568/37/2495 3573/35/2500 3633/35/2560
f 3568/37/2495 3633/35/2560 3628/37/2555
f 3570/23/2497 3560/21/2487 3634/21/2561
f 3570/23/2497 3634/21/2561 3630/23/2557
f 3571/15/2498 3574/13/2501 3635/13/2562
f 3571/15/2498 3635/13/2562 3631/15/2558
f 3575/45/2502 3556/43/2483 3615/43/2542
f 3575/45/2502 3615/43/2542 3614/45/2541
f 3573/35/2500 3576/33/2503 3636/33/2563
f 3573/35/2500 3636/33/2563 3633/35/2560
f 3577/47/2504 3575/45/2502 3614/45/2541
f 3577/47/2504 3614/45/2541 3637/47/2564
f 3574/13/2501 3578/11/2505 3638/11/2565
f 3574/13/2501 3638/11/2565 3635/13/2562
f 3579/49/2506 3577/47/2504 3637/47/2564
f 3579/49/2506 3637/47/2564 3639/49/2566
f 3576/33/2503 3518/31/2445 3640/31/2567
f 3576/33/2503 3640/31/2567 3636/33/2563
f 3580/51/2507 3579/49/2506 3639/49/2566
f 3580/51/2507 3639/49/2566 3641/51/2568
f 3578/11/2505 3554/9/2481 3642/9/2569
f 3578/11/2505 3642/9/2569 3638/11/2565
f 3552/53/2479 3580/51/2507 3641/51/2568
f 3552/53/2479 3641/51/2568 3643/53/2570
f 3518/31/2445 3517/29/2444 3644/29/2571
f 3518/31/2445 3644/29/2571 3640/31/2567
f 3553/55/2480 3552/53/2479 3643/53/2570
f 3553/55/2480 3643/53/2570 3645/55/2572
f 3554/9/2481 3548/7/2475 3551/7/2478
f 3554/9/2481 3551/7/2478 3642/9/2569
f 3556/43/2483 3555/41/2482 3619/41/2546
f 3556/43/2483 3619/41/2546 3615/43/2542
f 3557/57/2484 3553/55/2480 3645/55/2572
f 3557/57/2484 3645/55/2572 3646/57/2573
f 3517/29/2444 3558/27/2485 3623/27/2550
f 3517/29/2444 3623/27/2550 3644/29/2571
f 3560/21/2487 3559/19/2486 3625/19/2552
f 3560/21/2487 3625/19/2552 3634/21/2561
f 3561/59/2488 3557/57/2484 3646/57/2573
f 3561/59/2488 3646/57/2573 3620/59/2547
f 3647/51/2574 3648/49/2575 3649/49/2576
f 3647/51/2574 3649/49/2576 3650/51/2577
f 3633/35/2560 3636/33/2563 3651/33/2578
f 3633/35/2560 3651/33/2578 3652/35/2579
f 3637/47/2564 3614/45/2541 3617/45/2544
f 3637/47/2564 3617/45/2544 3653/47/2580
f 3635/13/2562 3638/11/2565 3654/11/2581
f 3635/13/2562 3654/11/2581 3655/13/2582
f 3639/49/2566 3637/47/2564 3653/47/2580
f 3639/49/2566 3653/47/2580 3648/49/2575
f 3636/33/2563 3640/31/2567 3656/31/2583
f 3636/33/2563 3656/31/2583 3651/33/2578
f 3641/51/2568 3639/49/2566 3648/49/2575
f 3641/51/2568 3648/49/2575 3647/51/2574
f 3638/11/2565 3642/9/2569 3657/9/2584
f 3638/11/2565 3657/9/2584 3654/11/2581
f 3643/53/2570 3641/51/2568 3647/51/2574
f 3643/53/2570 3647/51/2574 3658/53/2585
f 3640/31/2567 3644/29/2571 3659/29/2586
f 3640/31/2567 3659/29/2586 3656/31/2583
f 3645/55/2572 3643/53/2570 3658/53/2585
f 3645/55/2572 3658/53/2585 3660/55/2587
f 3642/9/2569 3551/7/2478 3661/7/2588
f 3642/9/2569 3661/7/2588 3657/9/2584
f 3615/43/2542 3619/41/2546 3662/41/2589
f 3615/43/2542 3662/41/2589 3616/43/2543
f 3646/57/2573 3645/55/2572 3660/55/2587
f 3646/57/2573 3660/55/2587 3663/57/2590
f 3644/29/2571 3623/27/2550 3664/27/2591
f 3644/29/2571 3664/27/2591 3659/29/2586
f 3634/21/2561 3625/19/2552 3665/19/2592
f 3634/21/2561 3665/19/2592 3666/21/2593
f 3620/59/2547 3646/57/2573 3663/57/2590
f 3620/59/2547 3663/57/2590 3667/59/2594
f 3551/7/2478 3550/5/2477 3668/5/2595
f 3551/7/2478 3668/5/2595 3661/7/2588
f 3619/41/2546 3618/39/2545 3669/39/2596
f 3619/41/2546 3669/39/2596 3662/41/2589
f 3621/61/2548 3620/59/2547 3667/59/2594
f 3621/61/2548 3667/59/2594 3670/61/2597
f 3623/27/2550 3622/25/2549 3671/25/2598
f 3623/27/2550 3671/25/2598 3664/27/2591
f 3625/19/2552 3624/17/2551 3672/17/2599
f 3625/19/2552 3672/17/2599 3665/19/2592
f 3626/63/2553 3621/61/2548 3670/61/2597
f 3626/63/2553 3670/61/2597 3673/63/2600
f 3550/5/2477 3627/3/2554 3674/3/2601
f 3550/5/2477 3674/3/2601 3668/5/2595
f 3618/39/2545 3628/37/2555 3675/37/2602
f 3618/39/2545 3675/37/2602 3669/39/2596
f 3629/65/2556 3626/63/2553 3673/63/2600
f 3629/65/2556 3673/63/2600 3676/65/2603
f 3622/25/2549 3630/23/2557 3677/23/2604
f 3622/25/2549 3677/23/2604 3671/25/2598
f 3624/17/2551 3631/15/2558 3678/15/2605
f 3624/17/2551 3678/15/2605 3672/17/2599
f 3627/3/2554 3632/2/2559 3679/2/2606
f 3627/3/2554 3679/2/2606 3674/3/2601
f 3628/37/2555 3633/35/2560 3652/35/2579
f 3628/37/2555 3652/35/2579 3675/37/2602
f 3630/23/2557 3634/21/2561 3666/21/2593
f 3630/23/2557 3666/21/2593 3677/23/2604
f 3631/15/2558 3635/13/2562 3655/13/2582
f 3631/15/2558 3655/13/2582 3678/15/2605
f 3680/43/2607 3681/41/2608 3682/41/2609
f 3680/43/2607 3682/41/2609 3683/43/2610
f 3654/11/2581 3657/9/2584 3684/9/2611
f 3654/11/2581 3684/9/2611 3685/11/2612
f 3658/53/2585 3647/51/2574 3650/51/2577
f 3658/53/2585 3650/51/2577 3686/53/2613
f 3656/31/2583 3659/29/2586 3687/29/2614
f 3656/31/2583 3687/29/2614 3688/31/2615
f 3660/55/2587 3658/53/2585 3686/53/2613
f 3660/55/2587 3686/53/2613 3689/55/2616
f 3657/9/2584 3661/7/2588 3690/7/2617
f 3657/9/2584 3690/7/2617 3684/9/2611
f 3616/43/2543 3662/41/2589 3681/41/2608
f 3616/43/2543 3681/41/2608 3680/43/2607
f 3663/57/2590 3660/55/2587 3689/55/2616
f 3663/57/2590 3689/55/2616 3691/57/2618
f 3659/29/2586 3664/27/2591 3692/27/2619
f 3659/29/2586 3692/27/2619 3687/29/2614
f 3666/21/2593 3665/19/2592 3693/19/2620
f 3666/21/2593 3693/19/2620 3694/21/2621
f 3667/59/2594 3663/57/2590 3691/57/2618
f 3667/59/2594 3691/57/2618 3695/59/2622
f 3661/7/2588 3668/5/2595 3696/5/2623
f 3661/7/2588 3696/5/2623 3690/7/2617
f 3662/41/2589 3669/39/2596 3697/39/2624
f 3662/41/2589 3697/39/2624 3681/41/2608
f 3670/61/2597 3667/59/2594 3695/59/2622
f 3670/61/2597 3695/59/2622 3698/61/2625
f 3664/27/2591 3671/25/2598 3699/25/2626
f 3664/27/2591 3699/25/2626 3692/27/2619
f 3665/19/2592 3672/17/2599 3700/17/2627
f 3665/19/2592 3700/17/2627 3693/19/2620
f 3673/63/2600 3670/61/2597 3698/61/2625
f 3673/63/2600 3698/61/2625 3701/63/2628
f 3668/5/2595 3674/3/2601 3702/3/2629
f 3668/5/2595 3702/3/2629 3696/5/2623
f 3669/39/2596 3675/37/2602 3703/37/2630
f 3669/39/2596 3703/37/2630 3697/39/2624
f 3676/65/2603 3673/63/2600 3701/63/2628
f 3676/65/2603 3701/63/2628 3704/65/2631
f 3671/25/2598 3677/23/2604 3705/23/2632
f 3671/25/2598 3705/23/2632 3699/25/2626
f 3672/17/2599 3678/15/2605 3706/15/2633
f 3672/17/2599 3706/15/2633 3700/17/2627
f 3674/3/2601 3679/2/2606 3707/2/2634
f 3674/3/2601 3707/2/2634 3702/3/2629
f 3675/37/2602 3652/35/2579 3708/35/2635
f 3675/37/2602 3708/35/2635 3703/37/2630
f 3677/23/2604 3666/21/2593 3694/21/2621
f 3677/23/2604 3694/21/2621 3705/23/2632
f 3678/15/2605 3655/13/2582 3709/13/2636
f 3678/15/2605 3709/13/2636 3706/15/2633
f 3617/45/2544 3616/43/2543 3680/43/2607
f 3617/45/2544 3680/43/2607 3710/45/2637
f 3652/35/2579 3651/33/2578 3711/33/2638
f 3652/35/2579 3711/33/2638 3708/35/2635
f 3653/47/2580 3617/45/2544 3710/45/2637
f 3653/47/2580 3710/45/2637 3712/47/2639
f 3655/13/2582 3654/11/2581 3685/11/2612
f 3655/13/2582 3685/11/2612 3709/13/2636
f 3648/49/2575 3653/47/2580 3712/47/2639
f 3648/49/2575 3712/47/2639 3649/49/2576
f 3651/33/2578 3656/31/2583 3688/31/2615
f 3651/33/2578 3688/31/2615 3711/33/2638
f 3713/19/2640 3714/17/2641 3715/17/2642
f 3713/19/2640 3715/17/2642 3716/19/2643
f 3691/57/2618 3689/55/2616 3717/55/2644
f 3691/57/2618 3717/55/2644 3718/57/2645
f 3687/29/2614 3692/27/2619 3719/27/2646
f 3687/29/2614 3719/27/2646 3720/29/2647
f 3694/21/2621 3693/19/2620 3713/19/2640
f 3694/21/2621 3713/19/2640 3721/21/2648
f 3695/59/2622 3691/57/2618 3718/57/2645
f 3695/59/2622 3718/57/2645 3722/59/2649
f 3690/7/2617 3696/5/2623 3723/5/2650
f 3690/7/2617 3723/5/2650 3724/7/2651
f 3681/41/2608 3697/39/2624 3725/39/2652
f 3681/41/2608 3725/39/2652 3682/41/2609
f 3698/61/2625 3695/59/2622 3722/59/2649
f 3698/61/2625 3722/59/2649 3726/61/2653
f 3692/27/2619 3699/25/2626 3727/25/2654
f 3692/27/2619 3727/25/2654 3719/27/2646
f 3693/19/2620 3700/17/2627 3714/17/2641
f 3693/19/2620 3714/17/2641 3713/19/2640
f 3701/63/2628 3698/61/2625 3726/61/2653
f 3701/63/2628 3726/61/2653 3728/63/2655
f 3696/5/2623 3702/3/2629 3729/3/2656
f 3696/5/2623 3729/3/2656 3723/5/2650
f 3697/39/2624 3703/37/2630 3730/37/2657
f 3697/39/2624 3730/37/2657 3725/39/2652
f 3704/65/2631 3701/63/2628 3728/63/2655
f 3704/65/2631 3728/63/2655 3731/65/2658
f 3699/25/2626 3705/23/2632 3732/23/2659
f 3699/25/2626 3732/23/2659 3727/25/2654
f 3700/17/2627 3706/15/2633 3733/15/2660
f 3700/17/2627 3733/15/2660 3714/17/2641
f 3702/3/2629 3707/2/2634 3734/2/2661
f 3702/3/2629 3734/2/2661 3729/3/2656
f 3703/37/2630 3708/35/2635 3735/35/2662
f 3703/37/2630 3735/35/2662 3730/37/2657
f 3705/23/2632 3694/21/2621 3721/21/2648
f 3705/23/2632 3721/21/2648 3732/23/2659
f 3706/15/2633 3709/13/2636 3736/13/2663
f 3706/15/2633 3736/13/2663 3733/15/2660
f 3710/45/2637 3680/43/2607 3683/43/2610
f 3710/45/2637 3683/43/2610 3737/45/2664
f 3708/35/2635 3711/33/2638 3738/33/2665
f 3708/35/2635 3738/33/2665 3735/35/2662
f 3712/47/2639 3710/45/2637 3737/45/2664
f 3712/47/2639 3737/45/2664 3739/47/2666
f 3709/13/2636 3685/11/2612 3740/11/2667
f 3709/13/2636 3740/11/2667 3736/13/2663
f 3649/49/2576 3712/47/2639 3739/47/2666
f 3649/49/2576 3739/47/2666 3741/49/2668
f 3711/33/2638 3688/31/2615 3742/31/2669
f 3711/33/2638 3742/31/2669 3738/33/2665
f 3650/51/2577 3649/49/2576 3741/49/2668
f 3650/51/2577 3741/49/2668 3743/51/2670
f 3685/11/2612 3684/9/2611 3744/9/2671
f 3685/11/2612 3744/9/2671 3740/11/2667
f 3686/53/2613 3650/51/2577 3743/51/2670
f 3686/53/2613 3743/51/2670 3745/53/2672
f 3688/31/2615 3687/29/2614 3720/29/2647
f 3688/31/2615 3720/29/2647 3742/31/2669
f 3689/55/2616 3686/53/2613 3745/53/2672
f 3689/55/2616 3745/53/2672 3717/55/2644
f 3684/9/2611 3690/7/2617 3724/7/2651
f 3684/9/2611 3724/7/2651 3744/9/2671
f 3746/37/2673 3747/35/2674 3748/35/2675
f 3746/37/2673 3748/35/2675 3749/37/2676
f 3728/63/2655 3726/61/2653 3750/61/2677
f 3728/63/2655 3750/61/2677 3751/63/2678
f 3723/5/2650 3729/3/2656 3752/3/2679
f 3723/5/2650 3752/3/2679 3753/5/2680
f 3725/39/2652 3730/37/2657 3746/37/2673
f 3725/39/2652 3746/37/2673 3754/39/2681
f 3731/65/2658 3728/63/2655 3751/63/2678
f 3731/65/2658 3751/63/2678 3755/65/2682
f 3727/25/2654 3732/23/2659 3756/23/2683
f 3727/25/2654 3756/23/2683 3757/25/2684
f 3714/17/2641 3733/15/2660 3758/15/2685
f 3714/17/2641 3758/15/2685 3715/17/2642
f 3729/3/2656 3734/2/2661 3759/2/2686
f 3729/3/2656 3759/2/2686 3752/3/2679
f 3730/37/2657 3735/35/2662 3747/35/2674
f 3730/37/2657 3747/35/2674 3746/37/2673
f 3732/23/2659 3721/21/2648 3760/21/2687
f 3732/23/2659 3760/21/2687 3756/23/2683
f 3733/15/2660 3736/13/2663 3761/13/2688
f 3733/15/2660 3761/13/2688 3758/15/2685
f 3737/45/2664 3683/43/2610 3762/43/2689
f 3737/45/2664 3762/43/2689 3763/45/2690
f 3735/35/2662 3738/33/2665 3764/33/2691
f 3735/35/2662 3764/33/2691 3747/35/2674
f 3739/47/2666 3737/45/2664 3763/45/2690
f 3739/47/2666 3763/45/2690 3765/47/2692
f 3736/13/2663 3740/11/2667 3766/11/2693
f 3736/13/2663 3766/11/2693 3761/13/2688
f 3741/49/2668 3739/47/2666 3765/47/2692
f 3741/49/2668 3765/47/2692 3767/49/2694
f 3738/33/2665 3742/31/2669 3768/31/2695
f 3738/33/2665 3768/31/2695 3764/33/2691
f 3743/51/2670 3741/49/2668 3767/49/2694
f 3743/51/2670 3767/49/2694 3769/51/2696
f 3740/11/2667 3744/9/2671 3770/9/2697
f 3740/11/2667 3770/9/2697 3766/11/2693
f 3745/53/2672 3743/51/2670 3769/51/2696
f 3745/53/2672 3769/51/2696 3771/53/2698
f 3742/31/2669 3720/29/2647 3772/29/2699
f 3742/31/2669 3772/29/2699 3768/31/2695
f 3717/55/2644 3745/53/2672 3771/53/2698
f 3717/55/2644 3771/53/2698 3773/55/2700
f 3744/9/2671 3724/7/2651 3774/7/2701
f 3744/9/2671 3774/7/2701 3770/9/2697
f 3683/43/2610 3682/41/2609 3775/41/2702
f 3683/43/2610 3775/41/2702 3762/43/2689
f 3718/57/2645 3717/55/2644 3773/55/2700
f 3718/57/2645 3773/55/2700 3776/57/2703
f 3720/29/2647 3719/27/2646 3777/27/2704
f 3720/29/2647 3777/27/2704 3772/29/2699
f 3721/21/2648 3713/19/2640 3716/19/2643
f 3721/21/2648 3716/19/2643 3760/21/2687
f 3722/59/2649 3718/57/2645 3776/57/2703
f 3722/59/2649 3776/57/2703 3778/59/2705
f 3724/7/2651 3723/5/2650 3753/5/2680
f 3724/7/2651 3753/5/2680 3774/7/2701
f 3682/41/2609 3725/39/2652 3754/39/2681
f 3682/41/2609 3754/39/2681 3775/41/2702
f 3726/61/2653 3722/59/2649 3778/59/2705
f 3726/61/2653 3778/59/2705 3750/61/2677
f 3719/27/2646 3727/25/2654 3757/25/2684
f 3719/27/2646 3757/25/2684 3777/27/2704
f 3779/47/2706 3780/45/2707 3781/45/2708
f 3779/47/2706 3781/45/2708 3782/47/2709
f 3756/23/2683 3760/21/2687 3783/21/2710
f 3756/23/2683 3783/21/2710 3784/23/2711
f 3758/15/2685 3761/13/2688 3785/13/2712
f 3758/15/2685 3785/13/2712 3786/15/2713
f 3763/45/2690 3762/43/2689 3787/43/2714
f 3763/45/2690 3787/43/2714 3780/45/2707
f 3747/35/2674 3764/33/2691 3788/33/2715
f 3747/35/2674 3788/33/2715 3748/35/2675
f 3765/47/2692 3763/45/2690 3780/45/2707
f 3765/47/2692 3780/45/2707 3779/47/2706
f 3761/13/2688 3766/11/2693 3789/11/2716
f 3761/13/2688 3789/11/2716 3785/13/2712
f 3767/49/2694 3765/47/2692 3779/47/2706
f 3767/49/2694 3779/47/2706 3790/49/2717
f 3764/33/2691 3768/31/2695 3791/31/2718
f 3764/33/2691 3791/31/2718 3788/33/2715
f 3769/51/2696 3767/49/2694 3790/49/2717
f 3769/51/2696 3790/49/2717 3792/51/2719
f 3766/11/2693 3770/9/2697 3793/9/2720
f 3766/11/2693 3793/9/2720 3789/11/2716
f 3771/53/2698 3769/51/2696 3792/51/2719
f 3771/53/2698 3792/51/2719 3794/53/2721
f 3768/31/2695 3772/29/2699 3795/29/2722
f 3768/31/2695 3795/29/2722 3791/31/2718
f 3773/55/2700 3771/53/2698 3794/53/2721
f 3773/55/2700 3794/53/2721 3796/55/2723
f 3770/9/2697 3774/7/2701 3797/7/2724
f 3770/9/2697 3797/7/2724 3793/9/2720
f 3762/43/2689 3775/41/2702 3798/41/2725
f 3762/43/2689 3798/41/2725 3787/43/2714
f 3776/57/2703 3773/55/2700 3796/55/2723
f 3776/57/2703 3796/55/2723 3799/57/2726
f 3772/29/2699 3777/27/2704 3800/27/2727
f 3772/29/2699 3800/27/2727 3795/29/2722
f 3760/21/2687 3716/19/2643 3801/19/2728
f 3760/21/2687 3801/19/2728 3783/21/2710
f 3778/59/2705 3776/57/2703 3799/57/2726
f 3778/59/2705 3799/57/2726 3802/59/2729
f 3774/7/2701 3753/5/2680 3803/5/2730
f 3774/7/2701 3803/5/2730 3797/7/2724
f 3775/41/2702 3754/39/2681 3804/39/2731
f 3775/41/2702 3804/39/2731 3798/41/2725
f 3750/61/2677 3778/59/2705 3802/59/2729
f 3750/61/2677 3802/59/2729 3805/61/2732
f 3777/27/2704 3757/25/2684 3806/25/2733
f 3777/27/2704 3806/25/2733 3800/27/2727
f 3716/19/2643 3715/17/2642 3807/17/2734
f 3716/19/2643 3807/17/2734 3801/19/2728
f 3751/63/2678 3750/61/2677 3805/61/2732
f 3751/63/2678 3805/61/2732 3808/63/2735
f 3753/5/2680 3752/3/2679 3809/3/2736
f 3753/5/2680 3809/3/2736 3803/5/2730
f 3754/39/2681 3746/37/2673 3749/37/2676
f 3754/39/2681 3749/37/2676 3804/39/2731
f 3755/65/2682 3751/63/2678 3808/63/2735
f 3755/65/2682 3808/63/2735 3810/65/2737
f 3757/25/2684 3756/23/2683 3784/23/2711
f 3757/25/2684 3784/23/2711 3806/25/2733
f 3715/17/2642 3758/15/2685 3786/15/2713
f 3715/17/2642 3786/15/2713 3807/17/2734
f 3752/3/2679 3759/2/2686 3811/2/2737
f 3752/3/2679 3811/2/2737 3809/3/2736
f 3812/53/2738 3813/51/2739 3814/51/2740
f 3812/53/2738 3814/51/2740 3815/53/2741
f 3785/13/2712 3789/11/2716 3816/11/2742
f 3785/13/2712 3816/11/2742 3817/13/2743
f 3790/49/2717 3779/47/2706 3782/47/2709
f 3790/49/2717 3782/47/2709 3818/49/2744
f 3788/33/2715 3791/31/2718 3819/31/2745
f 3788/33/2715 3819/31/2745 3820/33/2746
f 3792/51/2719 3790/49/2717 3818/49/2744
f 3792/51/2719 3818/49/2744 3813/51/2739
f 3789/11/2716 3793/9/2720 3821/9/2747
f 3789/11/2716 3821/9/2747 3816/11/2742
f 3794/53/2721 3792/51/2719 3813/51/2739
f 3794/53/2721 3813/51/2739 3812/53/2738
f 3791/31/2718 3795/29/2722 3822/29/2748
f 3791/31/2718 3822/29/2748 3819/31/2745
f 3796/55/2723 3794/53/2721 3812/53/2738
f 3796/55/2723 3812/53/2738 3823/55/2749
f 3793/9/2720 3797/7/2724 3824/7/2750
f 3793/9/2720 3824/7/2750 3821/9/2747
f 3787/43/2714 3798/41/2725 3825/41/2751
f 3787/43/2714 3825/41/2751 3826/43/2752
f 3799/57/2726 3796/55/2723 3823/55/2749
f 3799/57/2726 3823/55/2749 3827/57/2753
f 3795/29/2722 3800/27/2727 3828/27/2754
f 3795/29/2722 3828/27/2754 3822/29/2748
f 3783/21/2710 3801/19/2728 3829/19/2755
f 3783/21/2710 3829/19/2755 3830/21/2756
f 3802/59/2729 3799/57/2726 3827/57/2753
f 3802/59/2729 3827/57/2753 3831/59/2757
f 3797/7/2724 3803/5/2730 3832/5/2758
f 3797/7/2724 3832/5/2758 3824/7/2750
f 3798/41/2725 3804/39/2731 3833/39/2759
f 3798/41/2725 3833/39/2759 3825/41/2751
f 3805/61/2732 3802/59/2729 3831/59/2757
f 3805/61/2732 3831/59/2757 3834/61/2760
f 3800/27/2727 3806/25/2733 3835/25/2761
f 3800/27/2727 3835/25/2761 3828/27/2754
f 3801/19/2728 3807/17/2734 3836/17/2762
f 3801/19/2728 3836/17/2762 3829/19/2755
f 3808/63/2735 3805/61/2732 3834/61/2760
f 3808/63/2735 3834/61/2760 3837/63/2763
f 3803/5/2730 3809/3/2736 3838/3/2764
f 3803/5/2730 3838/3/2764 3832/5/2758
f 3804/39/2731 3749/37/2676 3839/37/2765
f 3804/39/2731 3839/37/2765 3833/39/2759
f 3810/65/2737 3808/63/2735 3837/63/2763
f 3810/65/2737 3837/63/2763 3840/65/2766
f 3806/25/2733 3784/23/2711 3841/23/2767
f 3806/25/2733 3841/23/2767 3835/25/2761
f 3807/17/2734 3786/15/2713 3842/15/2768
f 3807/17/2734 3842/15/2768 3836/17/2762
f 3809/3/2736 3811/2/2737 3843/2/2769
f 3809/3/2736 3843/2/2769 3838/3/2764
f 3749/37/2676 3748/35/2675 3844/35/2770
f 3749/37/2676 3844/35/2770 3839/37/2765
f 3784/23/2711 3783/21/2710 3830/21/2756
f 3784/23/2711 3830/21/2756 3841/23/2767
f 3786/15/2713 3785/13/2712 3817/13/2743
f 3786/15/2713 3817/13/2743 3842/15/2768
f 3780/45/2707 3787/43/2714 3826/43/2752
f 3780/45/2707 3826/43/2752 3781/45/2708
f 3748/35/2675 3788/33/2715 3820/33/2746
f 3748/35/2675 3820/33/2746 3844/35/2770
f 3845/46/2771 3846/48/2772 3847/47/2773
f 3845/46/2771 3847/47/2773 3848/45/2774
f 3819/31/2745 3822/29/2748 3849/29/2775
f 3819/31/2745 3849/29/2775 3850/31/2776
f 3823/55/2749 3812/53/2738 3815/53/2741
f 3823/55/2749 3815/53/2741 3851/55/2777
f 3821/9/2747 3824/7/2750 3852/7/2778
f 3821/9/2747 3852/7/2778 3853/9/2779
f 3826/43/2752 3825/41/2751 3854/41/2780
f 3826/43/2752 3854/41/2780 3855/43/2781
f 3827/57/2753 3823/55/2749 3851/55/2777
f 3827/57/2753 3851/55/2777 3856/57/2782
f 3822/29/2748 3828/27/2754 3857/27/2783
f 3822/29/2748 3857/27/2783 3849/29/2775
f 3830/21/2756 3829/19/2755 3858/19/2784
f 3830/21/2756 3858/19/2784 3859/21/2785
f 3831/59/2757 3827/57/2753 3856/57/2782
f 3831/59/2757 3856/57/2782 3860/59/2786
f 3824/7/2750 3832/5/2758 3861/5/2787
f 3824/7/2750 3861/5/2787 3852/7/2778
f 3825/41/2751 3833/39/2759 3862/39/2788
f 3825/41/2751 3862/39/2788 3854/41/2780
f 3834/61/2760 3831/59/2757 3860/59/2786
f 3834/61/2760 3860/59/2786 3863/61/2789
f 3828/27/2754 3835/25/2761 3864/25/2790
f 3828/27/2754 3864/25/2790 3857/27/2783
f 3829/19/2755 3836/17/2762 3865/17/2791
f 3829/19/2755 3865/17/2791 3858/19/2784
f 3837/63/2763 3834/61/2760 3863/61/2789
f 3837/63/2763 3863/61/2789 3866/63/2792
f 3832/5/2758 3838/3/2764 3867/3/2793
f 3832/5/2758 3867/3/2793 3861/5/2787
f 3833/39/2759 3839/37/2765 3868/37/2794
f 3833/39/2759 3868/37/2794 3862/39/2788
f 3840/65/2766 3837/63/2763 3866/63/2792
f 3840/65/2766 3866/63/2792 3869/65/2795
f 3835/25/2761 3841/23/2767 3870/23/2796
f 3835/25/2761 3870/23/2796 3864/25/2790
f 3836/17/2762 3842/15/2768 3871/15/2797
f 3836/17/2762 3871/15/2797 3865/17/2791
f 3838/3/2764 3843/2/2769 3872/2/2798
f 3838/3/2764 3872/2/2798 3867/3/2793
f 3839/37/2765 3844/35/2770 3873/35/2799
f 3839/37/2765 3873/35/2799 3868/37/2794
f 3841/23/2767 3830/21/2756 3859/21/2785
f 3841/23/2767 3859/21/2785 3870/23/2796
f 3842/15/2768 3817/13/2743 3874/13/2800
f 3842/15/2768 3874/13/2800 3871/15/2797
f 3781/45/2708 3826/43/2752 3855/43/2781
f 3781/45/2708 3855/43/2781 3848/45/2774
f 3844/35/2770 3820/33/2746 3875/33/2801
f 3844/35/2770 3875/33/2801 3873/35/2799
f 3782/47/2709 3781/45/2708 3848/45/2774
f 3782/47/2709 3848/45/2774 3847/47/2773
f 3817/13/2743 3816/11/2742 3876/11/2802
f 3817/13/2743 3876/11/2802 3874/13/2800
f 3818/49/2744 3782/47/2709 3847/47/2773
f 3818/49/2744 3847/47/2773 3877/49/2803
f 3820/33/2746 3819/31/2745 3850/31/2776
f 3820/33/2746 3850/31/2776 3875/33/2801
f 3813/51/2739 3818/49/2744 3877/49/2803
f 3813/51/2739 3877/49/2803 3814/51/2740
f 3816/11/2742 3821/9/2747 3853/9/2779
f 3816/11/2742 3853/9/2779 3876/11/2802
f 3878/64/2804 3879/66/2805 3880/66/2806
f 3878/64/2804 3880/66/2806 3881/64/2807
f 3605/38/2532 3609/40/2536 3882/40/2808
f 3605/38/2532 3882/40/2808 3883/38/2809
f 3592/24/2519 3591/26/2518 3884/26/2810
f 3592/24/2519 3884/26/2810 3885/24/2811
f 3596/16/2523 3595/18/2522 3886/18/2812
f 3596/16/2523 3886/18/2812 3887/16/2813
f 3608/1/2535 3581/4/2508 3584/4/2511
f 3608/1/2535 3584/4/2511 3888/1/2814
f 3606/36/2533 3605/38/2532 3883/38/2809
f 3606/36/2533 3883/38/2809 3889/36/2815
f 3587/44/2514 3610/46/2537 3890/46/2816
f 3587/44/2514 3890/46/2816 3891/44/2817
f 3589/14/2516 3596/16/2523 3887/16/2813
f 3589/14/2516 3887/16/2813 3892/14/2818
f 3610/46/2537 3586/48/2513 3893/48/2819
f 3610/46/2537 3893/48/2819 3890/46/2816
f 3602/34/2529 3606/36/2533 3889/36/2815
f 3602/34/2529 3889/36/2815 3894/34/2820
f 3586/48/2513 3585/50/2512 3895/50/2821
f 3586/48/2513 3895/50/2821 3893/48/2819
f 3590/12/2517 3589/14/2516 3892/14/2818
f 3590/12/2517 3892/14/2818 3896/12/2822
f 3585/50/2512 3599/52/2526 3897/52/2823
f 3585/50/2512 3897/52/2823 3895/50/2821
f 3603/32/2530 3602/34/2529 3894/34/2820
f 3603/32/2530 3894/34/2820 3898/32/2824
f 3599/52/2526 3607/54/2534 3899/54/2825
f 3599/52/2526 3899/54/2825 3897/52/2823
f 1349/10/895 3590/12/2517 3896/12/2822
f 1349/10/895 3896/12/2822 3900/10/2826
f 3607/54/2534 3612/56/2539 3901/56/2827
f 3607/54/2534 3901/56/2827 3899/54/2825
f 3597/30/2524 3603/32/2530 3898/32/2824
f 3597/30/2524 3898/32/2824 3902/30/2828
f 3600/22/2527 3592/24/2519 3885/24/2811
f 3600/22/2527 3885/24/2811 3903/22/2829
f 3612/56/2539 3594/58/2521 3904/58/2830
f 3612/56/2539 3904/58/2830 3901/56/2827
f 1350/8/896 1349/10/895 3900/10/2826
f 1350/8/896 3900/10/2826 3905/8/2831
f 3588/42/2515 3587/44/2514 3891/44/2817
f 3588/42/2515 3891/44/2817 3906/42/2832
f 3594/58/2521 3593/60/2520 3907/60/2833
f 3594/58/2521 3907/60/2833 3904/58/2830
f 3598/28/2525 3597/30/2524 3902/30/2828
f 3598/28/2525 3902/30/2828 3908/28/2834
f 3601/20/2528 3600/22/2527 3903/22/2829
f 3601/20/2528 3903/22/2829 3909/20/2835
f 3593/60/2520 3604/62/2531 3910/62/2836
f 3593/60/2520 3910/62/2836 3907/60/2833
f 3582/6/2509 1350/8/896 3905/8/2831
f 3582/6/2509 3905/8/2831 3583/6/2510
f 3609/40/2536 3588/42/2515 3906/42/2832
f 3609/40/2536 3906/42/2832 3882/40/2808
f 3604/62/2531 3611/64/2538 3878/64/2804
f 3604/62/2531 3878/64/2804 3910/62/2836
f 3591/26/2518 3598/28/2525 3908/28/2834
f 3591/26/2518 3908/28/2834 3884/26/2810
f 3595/18/2522 3601/20/2528 3909/20/2835
f 3595/18/2522 3909/20/2835 3886/18/2812
f 3611/64/2538 3613/66/2540 3879/66/2805
f 3611/64/2538 3879/66/2805 3878/64/2804
f 3911/44/2837 3845/46/2771 3848/45/2774
f 3911/44/2837 3848/45/2774 3855/43/2781
f 3584/4/2511 3583/6/2510 3912/6/2838
f 3584/4/2511 3912/6/2838 3913/4/2839
f 3883/38/2809 3882/40/2808 3914/40/2840
f 3883/38/2809 3914/40/2840 3915/38/2841
f 3885/24/2811 3884/26/2810 3916/26/2842
f 3885/24/2811 3916/26/2842 3917/24/2843
f 3887/16/2813 3886/18/2812 3918/18/2844
f 3887/16/2813 3918/18/2844 3919/16/2845
f 3888/1/2814 3584/4/2511 3913/4/2839
f 3888/1/2814 3913/4/2839 3920/1/2846
f 3889/36/2815 3883/38/2809 3915/38/2841
f 3889/36/2815 3915/38/2841 3921/36/2847
f 3891/44/2817 3890/46/2816 3845/46/2771
f 3891/44/2817 3845/46/2771 3911/44/2837
f 3892/14/2818 3887/16/2813 3919/16/2845
f 3892/14/2818 3919/16/2845 3922/14/2848
f 3890/46/2816 3893/48/2819 3846/48/2772
f 3890/46/2816 3846/48/2772 3845/46/2771
f 3894/34/2820 3889/36/2815 3921/36/2847
f 3894/34/2820 3921/36/2847 3923/34/2849
f 3893/48/2819 3895/50/2821 3924/50/2850
f 3893/48/2819 3924/50/2850 3846/48/2772
f 3896/12/2822 3892/14/2818 3922/14/2848
f 3896/12/2822 3922/14/2848 3925/12/2851
f 3895/50/2821 3897/52/2823 3926/52/2852
f 3895/50/2821 3926/52/2852 3924/50/2850
f 3898/32/2824 3894/34/2820 3923/34/2849
f 3898/32/2824 3923/34/2849 3927/32/2853
f 3897/52/2823 3899/54/2825 3928/54/2854
f 3897/52/2823 3928/54/2854 3926/52/2852
f 3900/10/2826 3896/12/2822 3925/12/2851
f 3900/10/2826 3925/12/2851 3929/10/2855
f 3899/54/2825 3901/56/2827 3930/56/2856
f 3899/54/2825 3930/56/2856 3928/54/2854
f 3902/30/2828 3898/32/2824 3927/32/2853
f 3902/30/2828 3927/32/2853 3931/30/2857
f 3903/22/2829 3885/24/2811 3917/24/2843
f 3903/22/2829 3917/24/2843 3932/22/2858
f 3901/56/2827 3904/58/2830 3933/58/2859
f 3901/56/2827 3933/58/2859 3930/56/2856
f 3905/8/2831 3900/10/2826 3929/10/2855
f 3905/8/2831 3929/10/2855 3934/8/2860
f 3906/42/2832 3891/44/2817 3911/44/2837
f 3906/42/2832 3911/44/2837 3935/42/2861
f 3904/58/2830 3907/60/2833 3936/60/2862
f 3904/58/2830 3936/60/2862 3933/58/2859
f 3908/28/2834 3902/30/2828 3931/30/2857
f 3908/28/2834 3931/30/2857 3937/28/2863
f 3909/20/2835 3903/22/2829 3932/22/2858
f 3909/20/2835 3932/22/2858 3938/20/2864
f 3907/60/2833 3910/62/2836 3939/62/2865
f 3907/60/2833 3939/62/2865 3936/60/2862
f 3583/6/2510 3905/8/2831 3934/8/2860
f 3583/6/2510 3934/8/2860 3912/6/2838
f 3882/40/2808 3906/42/2832 3935/42/2861
f 3882/40/2808 3935/42/2861 3914/40/2840
f 3910/62/2836 3878/64/2804 3881/64/2807
f 3910/62/2836 3881/64/2807 3939/62/2865
f 3884/26/2810 3908/28/2834 3937/28/2863
f 3884/26/2810 3937/28/2863 3916/26/2842
f 3886/18/2812 3909/20/2835 3938/20/2864
f 3886/18/2812 3938/20/2864 3918/18/2844
f 3846/48/2772 3924/50/2850 3877/49/2803
f 3846/48/2772 3877/49/2803 3847/47/2773
f 3924/50/2850 3926/52/2852 3814/51/2740
f 3924/50/2850 3814/51/2740 3877/49/2803
f 3926/52/2852 3928/54/2854 3815/53/2741
f 3926/52/2852 3815/53/2741 3814/51/2740
f 3928/54/2854 3930/56/2856 3851/55/2777
f 3928/54/2854 3851/55/2777 3815/53/2741
f 3930/56/2856 3933/58/2859 3856/57/2782
f 3930/56/2856 3856/57/2782 3851/55/2777
f 3933/58/2859 3936/60/2862 3860/59/2786
f 3933/58/2859 3860/59/2786 3856/57/2782
f 3936/60/2862 3939/62/2865 3863/61/2789
f 3936/60/2862 3863/61/2789 3860/59/2786
f 3939/62/2865 3881/64/2807 3866/63/2792
f 3939/62/2865 3866/63/2792 3863/61/2789
f 3881/64/2807 3880/66/2806 3869/65/2795
f 3881/64/2807 3869/65/2795 3866/63/2792
f 3920/1/2846 3913/4/2839 3867/3/2793
f 3920/1/2846 3867/3/2793 3872/2/2798
f 3913/4/2839 3912/6/2838 3861/5/2787
f 3913/4/2839 3861/5/2787 3867/3/2793
f 3912/6/2838 3934/8/2860 3852/7/2778
f 3912/6/2838 3852/7/2778 3861/5/2787
f 3934/8/2860 3929/10/2855 3853/9/2779
f 3934/8/2860 3853/9/2779 3852/7/2778
f 3929/10/2855 3925/12/2851 3876/11/2802
f 3929/10/2855 3876/11/2802 3853/9/2779
f 3925/12/2851 3922/14/2848 3874/13/2800
f 3925/12/2851 3874/13/2800 3876/11/2802
f 3922/14/2848 3919/16/2845 3871/15/2797
f 3922/14/2848 3871/15/2797 3874/13/2800
f 3919/16/2845 3918/18/2844 3865/17/2791
f 3919/16/2845 3865/17/2791 3871/15/2797
f 3918/18/2844 3938/20/2864 3858/19/2784
f 3918/18/2844 3858/19/2784 3865/17/2791
f 3938/20/2864 3932/22/2858 3859/21/2785
f 3938/20/2864 3859/21/2785 3858/19/2784
f 3932/22/2858 3917/24/2843 3870/23/2796
f 3932/22/2858 3870/23/2796 3859/21/2785
f 3917/24/2843 3916/26/2842 3864/25/2790
f 3917/24/2843 3864/25/2790 3870/23/2796
f 3916/26/2842 3937/28/2863 3857/27/2783
f 3916/26/2842 3857/27/2783 3864/25/2790
f 3937/28/2863 3931/30/2857 3849/29/2775
f 3937/28/2863 3849/29/2775 3857/27/2783
f 3931/30/2857 3927/32/2853 3850/31/2776
f 3931/30/2857 3850/31/2776 3849/29/2775
f 3927/32/2853 3923/34/2849 3875/33/2801
f 3927/32/2853 3875/33/2801 3850/31/2776
f 3923/34/2849 3921/36/2847 3873/35/2799
f 3923/34/2849 3873/35/2799 3875/33/2801
f 3921/36/2847 3915/38/2841 3868/37/2794
f 3921/36/2847 3868/37/2794 3873/35/2799
f 3915/38/2841 3914/40/2840 3862/39/2788
f 3915/38/2841 3862/39/2788 3868/37/2794
f 3914/40/2840 3935/42/2861 3854/41/2780
f 3914/40/2840 3854/41/2780 3862/39/2788
f 3935/42/2861 3911/44/2837 3855/43/2781
f 3935/42/2861 3855/43/2781 3854/41/2780
s 6
f 3940/26/2866 3941/28/2867 3942/28/2868
f 3940/26/2866 3942/28/2868 3943/26/2869
f 1298/28/871 1300/30/872 3944/30/2870
f 1298/28/871 3944/30/2870 3941/28/2867
f 1320/50/881 1322/52/882 3945/52/2871
f 1320/50/881 3945/52/2871 3946/50/2872
f 1290/20/867 1292/22/868 3947/22/2873
f 1290/20/867 3947/22/2873 3948/20/2874
f 1302/32/873 1304/34/17 3949/34/2875
f 1302/32/873 3949/34/2875 3950/32/2876
f 1330/60/886 1332/62/887 3951/62/2877
f 1330/60/886 3951/62/2877 3952/60/2878
f 1306/36/874 1308/38/875 3953/38/2879
f 1306/36/874 3953/38/2879 3954/36/2880
f 1335/6/890 1275/8/859 3955/8/2881
f 1335/6/890 3955/8/2881 3956/6/2882
f 1322/52/882 1324/54/883 3957/54/2883
f 1322/52/882 3957/54/2883 3945/52/2871
f 1343/1/1 1341/4/892 3958/4/2884
f 1343/1/1 3958/4/2884 3959/1/2885
f 1310/40/876 1312/42/877 3960/42/2886
f 1310/40/876 3960/42/2886 3961/40/2887
f 1278/10/860 1283/12/865 3962/12/2888
f 1278/10/860 3962/12/2888 3963/10/2889
f 1314/44/878 1316/46/879 3964/46/2890
f 1314/44/878 3964/46/2890 3965/44/2891
f 1332/62/887 1337/64/891 3966/64/2892
f 1332/62/887 3966/64/2892 3951/62/2877
f 1286/14/866 1279/16/861 1282/16/864
f 1286/14/866 1282/16/864 3967/14/2893
f 1296/26/870 1298/28/871 3941/28/2867
f 1296/26/870 3941/28/2867 3940/26/2866
f 1324/54/883 1326/56/884 3968/56/2894
f 1324/54/883 3968/56/2894 3957/54/2883
f 1280/18/862 1290/20/867 3948/20/2874
f 1280/18/862 3948/20/2874 1281/18/863
f 1300/30/872 1302/32/873 3950/32/2876
f 1300/30/872 3950/32/2876 3944/30/2870
f 1316/46/879 1318/48/880 3969/48/2895
f 1316/46/879 3969/48/2895 3964/46/2890
f 1337/64/891 1340/66/33 3970/66/2896
f 1337/64/891 3970/66/2896 3966/64/2892
f 1304/34/17 1306/36/874 3954/36/2880
f 1304/34/17 3954/36/2880 3949/34/2875
f 1341/4/892 1335/6/890 3956/6/2882
f 1341/4/892 3956/6/2882 3958/4/2884
f 1326/56/884 1328/58/885 3971/58/2897
f 1326/56/884 3971/58/2897 3968/56/2894
f 1292/22/868 1294/24/869 3972/24/2898
f 1292/22/868 3972/24/2898 3947/22/2873
f 1308/38/875 1310/40/876 3961/40/2887
f 1308/38/875 3961/40/2887 3953/38/2879
f 1275/8/859 1278/10/860 3963/10/2889
f 1275/8/859 3963/10/2889 3955/8/2881
f 1318/48/880 1320/50/881 3946/50/2872
f 1318/48/880 3946/50/2872 3969/48/2895
f 1312/42/877 1314/44/878 3965/44/2891
f 1312/42/877 3965/44/2891 3960/42/2886
f 1283/12/865 1286/14/866 3967/14/2893
f 1283/12/865 3967/14/2893 3962/12/2888
f 1294/24/869 1296/26/870 3940/26/2866
f 1294/24/869 3940/26/2866 3972/24/2898
f 1328/58/885 1330/60/886 3952/60/2878
f 1328/58/885 3952/60/2878 3971/58/2897
f 3973/1/2899 3974/4/2900 3975/4/2901
f 3973/1/2899 3975/4/2901 3976/1/2902
f 1281/18/863 3948/20/2874 3977/20/2903
f 1281/18/863 3977/20/2903 3978/18/2904
f 3966/64/2892 3970/66/2896 3979/66/2905
f 3966/64/2892 3979/66/2905 3980/64/2906
f 3958/4/2884 3956/6/2882 3981/6/2907
f 3958/4/2884 3981/6/2907 3974/4/2900
f 3953/38/2879 3961/40/2887 3982/40/2908
f 3953/38/2879 3982/40/2908 3983/38/2909
f 3972/24/2898 3940/26/2866 3943/26/2869
f 3972/24/2898 3943/26/2869 3984/24/2910
f 1282/16/864 1281/18/863 3978/18/2904
f 1282/16/864 3978/18/2904 3985/16/2911
f 3959/1/2885 3958/4/2884 3974/4/2900
f 3959/1/2885 3974/4/2900 3973/1/2899
f 3954/36/2880 3953/38/2879 3983/38/2909
f 3954/36/2880 3983/38/2909 3986/36/2912
f 3965/44/2891 3964/46/2890 3987/46/2913
f 3965/44/2891 3987/46/2913 3988/44/2914
f 3967/14/2893 1282/16/864 3985/16/2911
f 3967/14/2893 3985/16/2911 3989/14/2915
f 3964/46/2890 3969/48/2895 3990/48/2916
f 3964/46/2890 3990/48/2916 3987/46/2913
f 3949/34/2875 3954/36/2880 3986/36/2912
f 3949/34/2875 3986/36/2912 3991/34/2917
f 3969/48/2895 3946/50/2872 3992/50/2918
f 3969/48/2895 3992/50/2918 3990/48/2916
f 3962/12/2888 3967/14/2893 3989/14/2915
f 3962/12/2888 3989/14/2915 3993/12/2919
f 3946/50/2872 3945/52/2871 3994/52/2920
f 3946/50/2872 3994/52/2920 3992/50/2918
f 3950/32/2876 3949/34/2875 3991/34/2917
f 3950/32/2876 3991/34/2917 3995/32/2921
f 3945/52/2871 3957/54/2883 3996/54/2922
f 3945/52/2871 3996/54/2922 3994/52/2920
f 3963/10/2889 3962/12/2888 3993/12/2919
f 3963/10/2889 3993/12/2919 3997/10/2923
f 3957/54/2883 3968/56/2894 3998/56/2924
f 3957/54/2883 3998/56/2924 3996/54/2922
f 3944/30/2870 3950/32/2876 3995/32/2921
f 3944/30/2870 3995/32/2921 3999/30/2925
f 3947/22/2873 3972/24/2898 3984/24/2910
f 3947/22/2873 3984/24/2910 4000/22/2926
f 3968/56/2894 3971/58/2897 4001/58/2927
f 3968/56/2894 4001/58/2927 3998/56/2924
f 3955/8/2881 3963/10/2889 3997/10/2923
f 3955/8/2881 3997/10/2923 4002/8/2928
f 3960/42/2886 3965/44/2891 3988/44/2914
f 3960/42/2886 3988/44/2914 4003/42/2929
f 3971/58/2897 3952/60/2878 4004/60/2930
f 3971/58/2897 4004/60/2930 4001/58/2927
f 3941/28/2867 3944/30/2870 3999/30/2925
f 3941/28/2867 3999/30/2925 3942/28/2868
f 3948/20/2874 3947/22/2873 4000/22/2926
f 3948/20/2874 4000/22/2926 3977/20/2903
f 3952/60/2878 3951/62/2877 4005/62/2931
f 3952/60/2878 4005/62/2931 4004/60/2930
f 3956/6/2882 3955/8/2881 4002/8/2928
f 3956/6/2882 4002/8/2928 3981/6/2907
f 3961/40/2887 3960/42/2886 4003/42/2929
f 3961/40/2887 4003/42/2929 3982/40/2908
f 3951/62/2877 3966/64/2892 3980/64/2906
f 3951/62/2877 3980/64/2906 4005/62/2931
f 4006/48/2932 4007/50/2933 4008/50/2934
f 4006/48/2932 4008/50/2934 4009/48/2935
f 3986/36/2912 3983/38/2909 4010/38/2936
f 3986/36/2912 4010/38/2936 4011/36/2937
f 3988/44/2914 3987/46/2913 4012/46/2938
f 3988/44/2914 4012/46/2938 4013/44/2939
f 3989/14/2915 3985/16/2911 4014/16/2940
f 3989/14/2915 4014/16/2940 4015/14/2941
f 3987/46/2913 3990/48/2916 4006/48/2932
f 3987/46/2913 4006/48/2932 4012/46/2938
f 3991/34/2917 3986/36/2912 4011/36/2937
f 3991/34/2917 4011/36/2937 4016/34/2942
f 3990/48/2916 3992/50/2918 4007/50/2933
f 3990/48/2916 4007/50/2933 4006/48/2932
f 3993/12/2919 3989/14/2915 4015/14/2941
f 3993/12/2919 4015/14/2941 4017/12/2943
f 3992/50/2918 3994/52/2920 4018/52/2944
f 3992/50/2918 4018/52/2944 4007/50/2933
f 3995/32/2921 3991/34/2917 4016/34/2942
f 3995/32/2921 4016/34/2942 4019/32/2945
f 3994/52/2920 3996/54/2922 4020/54/2946
f 3994/52/2920 4020/54/2946 4018/52/2944
f 3997/10/2923 3993/12/2919 4017/12/2943
f 3997/10/2923 4017/12/2943 4021/10/2947
f 3996/54/2922 3998/56/2924 4022/56/2948
f 3996/54/2922 4022/56/2948 4020/54/2946
f 3999/30/2925 3995/32/2921 4019/32/2945
f 3999/30/2925 4019/32/2945 4023/30/2949
f 4000/22/2926 3984/24/2910 4024/24/2950
f 4000/22/2926 4024/24/2950 4025/22/2951
f 3998/56/2924 4001/58/2927 4026/58/2952
f 3998/56/2924 4026/58/2952 4022/56/2948
f 4002/8/2928 3997/10/2923 4021/10/2947
f 4002/8/2928 4021/10/2947 4027/8/2953
f 4003/42/2929 3988/44/2914 4013/44/2939
f 4003/42/2929 4013/44/2939 4028/42/2954
f 4001/58/2927 4004/60/2930 4029/60/2955
f 4001/58/2927 4029/60/2955 4026/58/2952
f 3942/28/2868 3999/30/2925 4023/30/2949
f 3942/28/2868 4023/30/2949 4030/28/2956
f 3977/20/2903 4000/22/2926 4025/22/2951
f 3977/20/2903 4025/22/2951 4031/20/2957
f 4004/60/2930 4005/62/2931 4032/62/2958
f 4004/60/2930 4032/62/2958 4029/60/2955
f 3981/6/2907 4002/8/2928 4027/8/2953
f 3981/6/2907 4027/8/2953 4033/6/2959
f 3982/40/2908 4003/42/2929 4028/42/2954
f 3982/40/2908 4028/42/2954 4034/40/2960
f 4005/62/2931 3980/64/2906 4035/64/2961
f 4005/62/2931 4035/64/2961 4032/62/2958
f 3943/26/2869 3942/28/2868 4030/28/2956
f 3943/26/2869 4030/28/2956 4036/26/2962
f 3978/18/2904 3977/20/2903 4031/20/2957
f 3978/18/2904 4031/20/2957 4037/18/2963
f 3980/64/2906 3979/66/2905 4038/66/2964
f 3980/64/2906 4038/66/2964 4035/64/2961
f 3974/4/2900 3981/6/2907 4033/6/2959
f 3974/4/2900 4033/6/2959 3975/4/2901
f 3983/38/2909 3982/40/2908 4034/40/2960
f 3983/38/2909 4034/40/2960 4010/38/2936
f 3984/24/2910 3943/26/2869 4036/26/2962
f 3984/24/2910 4036/26/2962 4024/24/2950
f 3985/16/2911 3978/18/2904 4037/18/2963
f 3985/16/2911 4037/18/2963 4014/16/2940
f 4039/54/2965 4040/56/2966 4041/56/2967
f 4039/54/2965 4041/56/2967 4042/54/2968
f 4017/12/2943 4015/14/2941 4043/14/2969
f 4017/12/2943 4043/14/2969 4044/12/2970
f 4007/50/2933 4018/52/2944 4045/52/2971
f 4007/50/2933 4045/52/2971 4008/50/2934
f 4019/32/2945 4016/34/2942 4046/34/2972
f 4019/32/2945 4046/34/2972 4047/32/2973
f 4018/52/2944 4020/54/2946 4039/54/2965
f 4018/52/2944 4039/54/2965 4045/52/2971
f 4021/10/2947 4017/12/2943 4044/12/2970
f 4021/10/2947 4044/12/2970 4048/10/2974
f 4020/54/2946 4022/56/2948 4040/56/2966
f 4020/54/2946 4040/56/2966 4039/54/2965
f 4023/30/2949 4019/32/2945 4047/32/2973
f 4023/30/2949 4047/32/2973 4049/30/2975
f 4025/22/2951 4024/24/2950 4050/24/2976
f 4025/22/2951 4050/24/2976 4051/22/2977
f 4022/56/2948 4026/58/2952 4052/58/2978
f 4022/56/2948 4052/58/2978 4040/56/2966
f 4027/8/2953 4021/10/2947 4048/10/2974
f 4027/8/2953 4048/10/2974 4053/8/2979
f 4028/42/2954 4013/44/2939 4054/44/2980
f 4028/42/2954 4054/44/2980 4055/42/2981
f 4026/58/2952 4029/60/2955 4056/60/2982
f 4026/58/2952 4056/60/2982 4052/58/2978
f 4030/28/2956 4023/30/2949 4049/30/2975
f 4030/28/2956 4049/30/2975 4057/28/2983
f 4031/20/2957 4025/22/2951 4051/22/2977
f 4031/20/2957 4051/22/2977 4058/20/2984
f 4029/60/2955 4032/62/2958 4059/62/2985
f 4029/60/2955 4059/62/2985 4056/60/2982
f 4033/6/2959 4027/8/2953 4053/8/2979
f 4033/6/2959 4053/8/2979 4060/6/2986
f 4034/40/2960 4028/42/2954 4055/42/2981
f 4034/40/2960 4055/42/2981 4061/40/2987
f 4032/62/2958 4035/64/2961 4062/64/2988
f 4032/62/2958 4062/64/2988 4059/62/2985
f 4036/26/2962 4030/28/2956 4057/28/2983
f 4036/26/2962 4057/28/2983 4063/26/2989
f 4037/18/2963 4031/20/2957 4058/20/2984
f 4037/18/2963 4058/20/2984 4064/18/2990
f 4035/64/2961 4038/66/2964 4065/66/2991
f 4035/64/2961 4065/66/2991 4062/64/2988
f 3975/4/2901 4033/6/2959 4060/6/2986
f 3975/4/2901 4060/6/2986 4066/4/2992
f 4010/38/2936 4034/40/2960 4061/40/2987
f 4010/38/2936 4061/40/2987 4067/38/2993
f 4024/24/2950 4036/26/2962 4063/26/2989
f 4024/24/2950 4063/26/2989 4050/24/2976
f 4014/16/2940 4037/18/2963 4064/18/2990
f 4014/16/2940 4064/18/2990 4068/16/2994
f 3976/1/2902 3975/4/2901 4066/4/2992
f 3976/1/2902 4066/4/2992 4069/1/2995
f 4011/36/2937 4010/38/2936 4067/38/2993
f 4011/36/2937 4067/38/2993 4070/36/2996
f 4013/44/2939 4012/46/2938 4071/46/2997
f 4013/44/2939 4071/46/2997 4054/44/2980
f 4015/14/2941 4014/16/2940 4068/16/2994
f 4015/14/2941 4068/16/2994 4043/14/2969
f 4012/46/2938 4006/48/2932 4009/48/2935
f 4012/46/2938 4009/48/2935 4071/46/2997
f 4016/34/2942 4011/36/2937 4070/36/2996
f 4016/34/2942 4070/36/2996 4046/34/2972
f 4072/20/2998 4073/22/2999 4074/22/3000
f 4072/20/2998 4074/22/3000 4075/20/3001
f 4049/30/2975 4047/32/2973 4076/32/3002
f 4049/30/2975 4076/32/3002 4077/30/3003
f 4051/22/2977 4050/24/2976 4078/24/3004
f 4051/22/2977 4078/24/3004 4073/22/2999
f 4040/56/2966 4052/58/2978 4079/58/3005
f 4040/56/2966 4079/58/3005 4041/56/2967
f 4053/8/2979 4048/10/2974 4080/10/3006
f 4053/8/2979 4080/10/3006 4081/8/3007
f 4055/42/2981 4054/44/2980 4082/44/3008
f 4055/42/2981 4082/44/3008 4083/42/3009
f 4052/58/2978 4056/60/2982 4084/60/3010
f 4052/58/2978 4084/60/3010 4079/58/3005
f 4057/28/2983 4049/30/2975 4077/30/3003
f 4057/28/2983 4077/30/3003 4085/28/3011
f 4058/20/2984 4051/22/2977 4073/22/2999
f 4058/20/2984 4073/22/2999 4072/20/2998
f 4056/60/2982 4059/62/2985 4086/62/3012
f 4056/60/2982 4086/62/3012 4084/60/3010
f 4060/6/2986 4053/8/2979 4081/8/3007
f 4060/6/2986 4081/8/3007 4087/6/3013
f 4061/40/2987 4055/42/2981 4083/42/3009
f 4061/40/2987 4083/42/3009 4088/40/3014
f 4059/62/2985 4062/64/2988 4089/64/3015
f 4059/62/2985 4089/64/3015 4086/62/3012
f 4063/26/2989 4057/28/2983 4085/28/3011
f 4063/26/2989 4085/28/3011 4090/26/3016
f 4064/18/2990 4058/20/2984 4072/20/2998
f 4064/18/2990 4072/20/2998 4091/18/3017
f 4062/64/2988 4065/66/2991 4092/66/3018
f 4062/64/2988 4092/66/3018 4089/64/3015
f 4066/4/2992 4060/6/2986 4087/6/3013
f 4066/4/2992 4087/6/3013 4093/4/3019
f 4067/38/2993 4061/40/2987 4088/40/3014
f 4067/38/2993 4088/40/3014 4094/38/3020
f 4050/24/2976 4063/26/2989 4090/26/3016
f 4050/24/2976 4090/26/3016 4078/24/3004
f 4068/16/2994 4064/18/2990 4091/18/3017
f 4068/16/2994 4091/18/3017 4095/16/3021
f 4069/1/2995 4066/4/2992 4093/4/3019
f 4069/1/2995 4093/4/3019 4096/1/3022
f 4070/36/2996 4067/38/2993 4094/38/3020
f 4070/36/2996 4094/38/3020 4097/36/3023
f 4054/44/2980 4071/46/2997 4098/46/3024
f 4054/44/2980 4098/46/3024 4082/44/3008
f 4043/14/2969 4068/16/2994 4095/16/3021
f 4043/14/2969 4095/16/3021 4099/14/3025
f 4071/46/2997 4009/48/2935 4100/48/3026
f 4071/46/2997 4100/48/3026 4098/46/3024
f 4046/34/2972 4070/36/2996 4097/36/3023
f 4046/34/2972 4097/36/3023 4101/34/3027
f 4009/48/2935 4008/50/2934 4102/50/3028
f 4009/48/2935 4102/50/3028 4100/48/3026
f 4044/12/2970 4043/14/2969 4099/14/3025
f 4044/12/2970 4099/14/3025 4103/12/3029
f 4008/50/2934 4045/52/2971 4104/52/3030
f 4008/50/2934 4104/52/3030 4102/50/3028
f 4047/32/2973 4046/34/2972 4101/34/3027
f 4047/32/2973 4101/34/3027 4076/32/3002
f 4045/52/2971 4039/54/2965 4042/54/2968
f 4045/52/2971 4042/54/2968 4104/52/3030
f 4048/10/2974 4044/12/2970 4103/12/3029
f 4048/10/2974 4103/12/3029 4080/10/3006
f 4105/38/3031 4106/40/3032 4107/40/3033
f 4105/38/3031 4107/40/3033 4108/38/3034
f 4084/60/3010 4086/62/3012 4109/62/3035
f 4084/60/3010 4109/62/3035 4110/60/3036
f 4087/6/3013 4081/8/3007 4111/8/3037
f 4087/6/3013 4111/8/3037 4112/6/3038
f 4088/40/3014 4083/42/3009 4113/42/3039
f 4088/40/3014 4113/42/3039 4106/40/3032
f 4086/62/3012 4089/64/3015 4114/64/3040
f 4086/62/3012 4114/64/3040 4109/62/3035
f 4090/26/3016 4085/28/3011 4115/28/3041
f 4090/26/3016 4115/28/3041 4116/26/3042
f 4091/18/3017 4072/20/2998 4075/20/3001
f 4091/18/3017 4075/20/3001 4117/18/3043
f 4089/64/3015 4092/66/3018 4118/66/3044
f 4089/64/3015 4118/66/3044 4114/64/3040
f 4093/4/3019 4087/6/3013 4112/6/3038
f 4093/4/3019 4112/6/3038 4119/4/3045
f 4094/38/3020 4088/40/3014 4106/40/3032
f 4094/38/3020 4106/40/3032 4105/38/3031
f 4078/24/3004 4090/26/3016 4116/26/3042
f 4078/24/3004 4116/26/3042 4120/24/3046
f 4095/16/3021 4091/18/3017 4117/18/3043
f 4095/16/3021 4117/18/3043 4121/16/3047
f 4096/1/3022 4093/4/3019 4119/4/3045
f 4096/1/3022 4119/4/3045 4122/1/3048
f 4097/36/3023 4094/38/3020 4105/38/3031
f 4097/36/3023 4105/38/3031 4123/36/3049
f 4082/44/3008 4098/46/3024 4124/46/3050
f 4082/44/3008 4124/46/3050 4125/44/3051
f 4099/14/3025 4095/16/3021 4121/16/3047
f 4099/14/3025 4121/16/3047 4126/14/3052
f 4098/46/3024 4100/48/3026 4127/48/3053
f 4098/46/3024 4127/48/3053 4124/46/3050
f 4101/34/3027 4097/36/3023 4123/36/3049
f 4101/34/3027 4123/36/3049 4128/34/3054
f 4100/48/3026 4102/50/3028 4129/50/3055
f 4100/48/3026 4129/50/3055 4127/48/3053
f 4103/12/3029 4099/14/3025 4126/14/3052
f 4103/12/3029 4126/14/3052 4130/12/3056
f 4102/50/3028 4104/52/3030 4131/52/3057
f 4102/50/3028 4131/52/3057 4129/50/3055
f 4076/32/3002 4101/34/3027 4128/34/3054
f 4076/32/3002 4128/34/3054 4132/32/3058
f 4104/52/3030 4042/54/2968 4133/54/3059
f 4104/52/3030 4133/54/3059 4131/52/3057
f 4080/10/3006 4103/12/3029 4130/12/3056
f 4080/10/3006 4130/12/3056 4134/10/3060
f 4042/54/2968 4041/56/2967 4135/56/3061
f 4042/54/2968 4135/56/3061 4133/54/3059
f 4077/30/3003 4076/32/3002 4132/32/3058
f 4077/30/3003 4132/32/3058 4136/30/3062
f 4073/22/2999 4078/24/3004 4120/24/3046
f 4073/22/2999 4120/24/3046 4074/22/3000
f 4041/56/2967 4079/58/3005 4137/58/3063
f 4041/56/2967 4137/58/3063 4135/56/3061
f 4081/8/3007 4080/10/3006 4134/10/3060
f 4081/8/3007 4134/10/3060 4111/8/3037
f 4083/42/3009 4082/44/3008 4125/44/3051
f 4083/42/3009 4125/44/3051 4113/42/3039
f 4079/58/3005 4084/60/3010 4110/60/3036
f 4079/58/3005 4110/60/3036 4137/58/3063
f 4085/28/3011 4077/30/3003 4136/30/3062
f 4085/28/3011 4136/30/3062 4115/28/3041
f 4138/14/3064 4139/16/3065 4140/16/3066
f 4138/14/3064 4140/16/3066 4141/14/3067
f 4120/24/3046 4116/26/3042 4142/26/3068
f 4120/24/3046 4142/26/3068 4143/24/3069
f 4121/16/3047 4117/18/3043 4144/18/3070
f 4121/16/3047 4144/18/3070 4139/16/3065
f 4122/1/3048 4119/4/3045 4145/4/3071
f 4122/1/3048 4145/4/3071 4146/1/3072
f 4123/36/3049 4105/38/3031 4108/38/3034
f 4123/36/3049 4108/38/3034 4147/36/3073
f 4125/44/3051 4124/46/3050 4148/46/3074
f 4125/44/3051 4148/46/3074 4149/44/3075
f 4126/14/3052 4121/16/3047 4139/16/3065
f 4126/14/3052 4139/16/3065 4138/14/3064
f 4124/46/3050 4127/48/3053 4150/48/3076
f 4124/46/3050 4150/48/3076 4148/46/3074
f 4128/34/3054 4123/36/3049 4147/36/3073
f 4128/34/3054 4147/36/3073 4151/34/3077
f 4127/48/3053 4129/50/3055 4152/50/3078
f 4127/48/3053 4152/50/3078 4150/48/3076
f 4130/12/3056 4126/14/3052 4138/14/3064
f 4130/12/3056 4138/14/3064 4153/12/3079
f 4129/50/3055 4131/52/3057 4154/52/3080
f 4129/50/3055 4154/52/3080 4152/50/3078
f 4132/32/3058 4128/34/3054 4151/34/3077
f 4132/32/3058 4151/34/3077 4155/32/3081
f 4131/52/3057 4133/54/3059 4156/54/3082
f 4131/52/3057 4156/54/3082 4154/52/3080
f 4134/10/3060 4130/12/3056 4153/12/3079
f 4134/10/3060 4153/12/3079 4157/10/3083
f 4133/54/3059 4135/56/3061 4158/56/3084
f 4133/54/3059 4158/56/3084 4156/54/3082
f 4136/30/3062 4132/32/3058 4155/32/3081
f 4136/30/3062 4155/32/3081 4159/30/3085
f 4074/22/3000 4120/24/3046 4143/24/3069
f 4074/22/3000 4143/24/3069 4160/22/3086
f 4135/56/3061 4137/58/3063 4161/58/3087
f 4135/56/3061 4161/58/3087 4158/56/3084
f 4111/8/3037 4134/10/3060 4157/10/3083
f 4111/8/3037 4157/10/3083 4162/8/3088
f 4113/42/3039 4125/44/3051 4149/44/3075
f 4113/42/3039 4149/44/3075 4163/42/3089
f 4137/58/3063 4110/60/3036 4164/60/3090
f 4137/58/3063 4164/60/3090 4161/58/3087
f 4115/28/3041 4136/30/3062 4159/30/3085
f 4115/28/3041 4159/30/3085 4165/28/3091
f 4075/20/3001 4074/22/3000 4160/22/3086
f 4075/20/3001 4160/22/3086 4166/20/3092
f 4110/60/3036 4109/62/3035 4167/62/3093
f 4110/60/3036 4167/62/3093 4164/60/3090
f 4112/6/3038 4111/8/3037 4162/8/3088
f 4112/6/3038 4162/8/3088 4168/6/3094
f 4106/40/3032 4113/42/3039 4163/42/3089
f 4106/40/3032 4163/42/3089 4107/40/3033
f 4109/62/3035 4114/64/3040 4169/64/3095
f 4109/62/3035 4169/64/3095 4167/62/3093
f 4116/26/3042 4115/28/3041 4165/28/3091
f 4116/26/3042 4165/28/3091 4142/26/3068
f 4117/18/3043 4075/20/3001 4166/20/3092
f 4117/18/3043 4166/20/3092 4144/18/3070
f 4114/64/3040 4118/66/3044 4170/66/3072
f 4114/64/3040 4170/66/3072 4169/64/3095
f 4119/4/3045 4112/6/3038 4168/6/3094
f 4119/4/3045 4168/6/3094 4145/4/3071
f 4171/32/3096 4172/34/3097 4173/34/3098
f 4171/32/3096 4173/34/3098 4174/32/3099
f 4148/46/3074 4150/48/3076 4175/48/3100
f 4148/46/3074 4175/48/3100 4176/46/3101
f 4151/34/3077 4147/36/3073 4177/36/3102
f 4151/34/3077 4177/36/3102 4172/34/3097
f 4150/48/3076 4152/50/3078 4178/50/3103
f 4150/48/3076 4178/50/3103 4175/48/3100
f 4153/12/3079 4138/14/3064 4141/14/3067
f 4153/12/3079 4141/14/3067 4179/12/3104
f 4152/50/3078 4154/52/3080 4180/52/3105
f 4152/50/3078 4180/52/3105 4178/50/3103
f 4155/32/3081 4151/34/3077 4172/34/3097
f 4155/32/3081 4172/34/3097 4171/32/3096
f 4154/52/3080 4156/54/3082 4181/54/3106
f 4154/52/3080 4181/54/3106 4180/52/3105
f 4157/10/3083 4153/12/3079 4179/12/3104
f 4157/10/3083 4179/12/3104 4182/10/3107
f 4156/54/3082 4158/56/3084 4183/56/3108
f 4156/54/3082 4183/56/3108 4181/54/3106
f 4159/30/3085 4155/32/3081 4171/32/3096
f 4159/30/3085 4171/32/3096 4184/30/3109
f 4160/22/3086 4143/24/3069 4185/24/3110
f 4160/22/3086 4185/24/3110 4186/22/3111
f 4158/56/3084 4161/58/3087 4187/58/3112
f 4158/56/3084 4187/58/3112 4183/56/3108
f 4162/8/3088 4157/10/3083 4182/10/3107
f 4162/8/3088 4182/10/3107 4188/8/3113
f 4163/42/3089 4149/44/3075 4189/44/3114
f 4163/42/3089 4189/44/3114 4190/42/3115
f 4161/58/3087 4164/60/3090 4191/60/3116
f 4161/58/3087 4191/60/3116 4187/58/3112
f 4165/28/3091 4159/30/3085 4184/30/3109
f 4165/28/3091 4184/30/3109 4192/28/3117
f 4166/20/3092 4160/22/3086 4186/22/3111
f 4166/20/3092 4186/22/3111 4193/20/3118
f 4164/60/3090 4167/62/3093 4194/62/3119
f 4164/60/3090 4194/62/3119 4191/60/3116
f 4168/6/3094 4162/8/3088 4188/8/3113
f 4168/6/3094 4188/8/3113 4195/6/3120
f 4107/40/3033 4163/42/3089 4190/42/3115
f 4107/40/3033 4190/42/3115 4196/40/3121
f 4167/62/3093 4169/64/3095 4197/64/3122
f 4167/62/3093 4197/64/3122 4194/62/3119
f 4142/26/3068 4165/28/3091 4192/28/3117
f 4142/26/3068 4192/28/3117 4198/26/3123
f 4144/18/3070 4166/20/3092 4193/20/3118
f 4144/18/3070 4193/20/3118 4199/18/3124
f 4169/64/3095 4170/66/3072 4200/66/3125
f 4169/64/3095 4200/66/3125 4197/64/3122
f 4145/4/3071 4168/6/3094 4195/6/3120
f 4145/4/3071 4195/6/3120 4201/4/3126
f 4108/38/3034 4107/40/3033 4196/40/3121
f 4108/38/3034 4196/40/3121 4202/38/3127
f 4143/24/3069 4142/26/3068 4198/26/3123
f 4143/24/3069 4198/26/3123 4185/24/3110
f 4139/16/3065 4144/18/3070 4199/18/3124
f 4139/16/3065 4199/18/3124 4140/16/3066
f 4146/1/3072 4145/4/3071 4201/4/3126
f 4146/1/3072 4201/4/3126 4203/1/3128
f 4147/36/3073 4108/38/3034 4202/38/3127
f 4147/36/3073 4202/38/3127 4177/36/3102
f 4149/44/3075 4148/46/3074 4176/46/3101
f 4149/44/3075 4176/46/3101 4189/44/3114
f 4204/8/3129 4205/10/3130 4206/10/3131
f 4204/8/3129 4206/10/3131 4207/8/3132
f 4180/52/3105 4181/54/3106 4208/54/3133
f 4180/52/3105 4208/54/3133 4209/52/3134
f 4182/10/3107 4179/12/3104 4210/12/3135
f 4182/10/3107 4210/12/3135 4205/10/3130
f 4181/54/3106 4183/56/3108 4211/56/3136
f 4181/54/3106 4211/56/3136 4208/54/3133
f 4184/30/3109 4171/32/3096 4174/32/3099
f 4184/30/3109 4174/32/3099 4212/30/3137
f 4186/22/3111 4185/24/3110 4213/24/3138
f 4186/22/3111 4213/24/3138 4214/22/3139
f 4183/56/3108 4187/58/3112 4215/58/3140
f 4183/56/3108 4215/58/3140 4211/56/3136
f 4188/8/3113 4182/10/3107 4205/10/3130
f 4188/8/3113 4205/10/3130 4204/8/3129
f 4190/42/3115 4189/44/3114 4216/44/3141
f 4190/42/3115 4216/44/3141 4217/42/3142
f 4187/58/3112 4191/60/3116 4218/60/3143
f 4187/58/3112 4218/60/3143 4215/58/3140
f 4192/28/3117 4184/30/3109 4212/30/3137
f 4192/28/3117 4212/30/3137 4219/28/3144
f 4193/20/3118 4186/22/3111 4214/22/3139
f 4193/20/3118 4214/22/3139 4220/20/3145
f 4191/60/3116 4194/62/3119 4221/62/3146
f 4191/60/3116 4221/62/3146 4218/60/3143
f 4195/6/3120 4188/8/3113 4204/8/3129
f 4195/6/3120 4204/8/3129 4222/6/3147
f 4196/40/3121 4190/42/3115 4217/42/3142
f 4196/40/3121 4217/42/3142 4223/40/3148
f 4194/62/3119 4197/64/3122 4224/64/3149
f 4194/62/3119 4224/64/3149 4221/62/3146
f 4198/26/3123 4192/28/3117 4219/28/3144
f 4198/26/3123 4219/28/3144 4225/26/3150
f 4199/18/3124 4193/20/3118 4220/20/3145
f 4199/18/3124 4220/20/3145 4226/18/3151
f 4197/64/3122 4200/66/3125 4227/66/3152
f 4197/64/3122 4227/66/3152 4224/64/3149
f 4201/4/3126 4195/6/3120 4222/6/3147
f 4201/4/3126 4222/6/3147 4228/4/3153
f 4202/38/3127 4196/40/3121 4223/40/3148
f 4202/38/3127 4223/40/3148 4229/38/3154
f 4185/24/3110 4198/26/3123 4225/26/3150
f 4185/24/3110 4225/26/3150 4213/24/3138
f 4140/16/3066 4199/18/3124 4226/18/3151
f 4140/16/3066 4226/18/3151 4230/16/3155
f 4203/1/3128 4201/4/3126 4228/4/3153
f 4203/1/3128 4228/4/3153 4231/1/3156
f 4177/36/3102 4202/38/3127 4229/38/3154
f 4177/36/3102 4229/38/3154 4232/36/3157
f 4189/44/3114 4176/46/3101 4233/46/3158
f 4189/44/3114 4233/46/3158 4216/44/3141
f 4141/14/3067 4140/16/3066 4230/16/3155
f 4141/14/3067 4230/16/3155 4234/14/3159
f 4176/46/3101 4175/48/3100 4235/48/3160
f 4176/46/3101 4235/48/3160 4233/46/3158
f 4172/34/3097 4177/36/3102 4232/36/3157
f 4172/34/3097 4232/36/3157 4173/34/3098
f 4175/48/3100 4178/50/3103 4236/50/3161
f 4175/48/3100 4236/50/3161 4235/48/3160
f 4179/12/3104 4141/14/3067 4234/14/3159
f 4179/12/3104 4234/14/3159 4210/12/3135
f 4178/50/3103 4180/52/3105 4209/52/3134
f 4178/50/3103 4209/52/3134 4236/50/3161
f 4237/26/3162 4238/28/3163 4239/28/3164
f 4237/26/3162 4239/28/3164 4240/26/3165
f 4217/42/3142 4216/44/3141 4241/44/3166
f 4217/42/3142 4241/44/3166 4242/42/3167
f 4215/58/3140 4218/60/3143 4243/60/3168
f 4215/58/3140 4243/60/3168 4244/58/3169
f 4219/28/3144 4212/30/3137 4245/30/3170
f 4219/28/3144 4245/30/3170 4238/28/3163
f 4220/20/3145 4214/22/3139 4246/22/3171
f 4220/20/3145 4246/22/3171 4247/20/3172
f 4218/60/3143 4221/62/3146 4248/62/3173
f 4218/60/3143 4248/62/3173 4243/60/3168
f 4222/6/3147 4204/8/3129 4207/8/3132
f 4222/6/3147 4207/8/3132 4249/6/3174
f 4223/40/3148 4217/42/3142 4242/42/3167
f 4223/40/3148 4242/42/3167 4250/40/3175
f 4221/62/3146 4224/64/3149 4251/64/3176
f 4221/62/3146 4251/64/3176 4248/62/3173
f 4225/26/3150 4219/28/3144 4238/28/3163
f 4225/26/3150 4238/28/3163 4237/26/3162
f 4226/18/3151 4220/20/3145 4247/20/3172
f 4226/18/3151 4247/20/3172 4252/18/3177
f 4224/64/3149 4227/66/3152 4253/66/3178
f 4224/64/3149 4253/66/3178 4251/64/3176
f 4228/4/3153 4222/6/3147 4249/6/3174
f 4228/4/3153 4249/6/3174 4254/4/3179
f 4229/38/3154 4223/40/3148 4250/40/3175
f 4229/38/3154 4250/40/3175 4255/38/3180
f 4213/24/3138 4225/26/3150 4237/26/3162
f 4213/24/3138 4237/26/3162 4256/24/3181
f 4230/16/3155 4226/18/3151 4252/18/3177
f 4230/16/3155 4252/18/3177 4257/16/3182
f 4231/1/3156 4228/4/3153 4254/4/3179
f 4231/1/3156 4254/4/3179 4258/1/3183
f 4232/36/3157 4229/38/3154 4255/38/3180
f 4232/36/3157 4255/38/3180 4259/36/3184
f 4216/44/3141 4233/46/3158 4260/46/3185
f 4216/44/3141 4260/46/3185 4241/44/3166
f 4234/14/3159 4230/16/3155 4257/16/3182
f 4234/14/3159 4257/16/3182 4261/14/3186
f 4233/46/3158 4235/48/3160 4262/48/3187
f 4233/46/3158 4262/48/3187 4260/46/3185
f 4173/34/3098 4232/36/3157 4259/36/3184
f 4173/34/3098 4259/36/3184 4263/34/3188
f 4235/48/3160 4236/50/3161 4264/50/3189
f 4235/48/3160 4264/50/3189 4262/48/3187
f 4210/12/3135 4234/14/3159 4261/14/3186
f 4210/12/3135 4261/14/3186 4265/12/3190
f 4236/50/3161 4209/52/3134 4266/52/3191
f 4236/50/3161 4266/52/3191 4264/50/3189
f 4174/32/3099 4173/34/3098 4263/34/3188
f 4174/32/3099 4263/34/3188 4267/32/3192
f 4209/52/3134 4208/54/3133 4268/54/3193
f 4209/52/3134 4268/54/3193 4266/52/3191
f 4205/10/3130 4210/12/3135 4265/12/3190
f 4205/10/3130 4265/12/3190 4206/10/3131
f 4208/54/3133 4211/56/3136 4269/56/3194
f 4208/54/3133 4269/56/3194 4268/54/3193
f 4212/30/3137 4174/32/3099 4267/32/3192
f 4212/30/3137 4267/32/3192 4245/30/3170
f 4214/22/3139 4213/24/3138 4256/24/3181
f 4214/22/3139 4256/24/3181 4246/22/3171
f 4211/56/3136 4215/58/3140 4244/58/3169
f 4211/56/3136 4244/58/3169 4269/56/3194
f 4270/1/3195 4271/4/3196 4272/4/3197
f 4270/1/3195 4272/4/3197 4273/1/989
f 4252/18/3177 4247/20/3172 4274/20/3198
f 4252/18/3177 4274/20/3198 4275/18/3199
f 4251/64/3176 4253/66/3178 4276/66/3200
f 4251/64/3176 4276/66/3200 4277/64/3201
f 4254/4/3179 4249/6/3174 4278/6/3202
f 4254/4/3179 4278/6/3202 4271/4/3196
f 4255/38/3180 4250/40/3175 4279/40/3203
f 4255/38/3180 4279/40/3203 4280/38/3204
f 4256/24/3181 4237/26/3162 4240/26/3165
f 4256/24/3181 4240/26/3165 4281/24/3205
f 4257/16/3182 4252/18/3177 4275/18/3199
f 4257/16/3182 4275/18/3199 4282/16/3206
f 4258/1/3183 4254/4/3179 4271/4/3196
f 4258/1/3183 4271/4/3196 4270/1/3195
f 4259/36/3184 4255/38/3180 4280/38/3204
f 4259/36/3184 4280/38/3204 4283/36/3207
f 4241/44/3166 4260/46/3185 4284/46/3208
f 4241/44/3166 4284/46/3208 4285/44/3209
f 4261/14/3186 4257/16/3182 4282/16/3206
f 4261/14/3186 4282/16/3206 4286/14/3210
f 4260/46/3185 4262/48/3187 4287/48/3211
f 4260/46/3185 4287/48/3211 4284/46/3208
f 4263/34/3188 4259/36/3184 4283/36/3207
f 4263/34/3188 4283/36/3207 4288/34/3212
f 4262/48/3187 4264/50/3189 4289/50/3213
f 4262/48/3187 4289/50/3213 4287/48/3211
f 4265/12/3190 4261/14/3186 4286/14/3210
f 4265/12/3190 4286/14/3210 4290/12/3214
f 4264/50/3189 4266/52/3191 4291/52/3215
f 4264/50/3189 4291/52/3215 4289/50/3213
f 4267/32/3192 4263/34/3188 4288/34/3212
f 4267/32/3192 4288/34/3212 4292/32/3216
f 4266/52/3191 4268/54/3193 4293/54/3217
f 4266/52/3191 4293/54/3217 4291/52/3215
f 4206/10/3131 4265/12/3190 4290/12/3214
f 4206/10/3131 4290/12/3214 4294/10/3218
f 4268/54/3193 4269/56/3194 4295/56/3219
f 4268/54/3193 4295/56/3219 4293/54/3217
f 4245/30/3170 4267/32/3192 4292/32/3216
f 4245/30/3170 4292/32/3216 4296/30/3220
f 4246/22/3171 4256/24/3181 4281/24/3205
f 4246/22/3171 4281/24/3205 4297/22/3221
f 4269/56/3194 4244/58/3169 4298/58/3222
f 4269/56/3194 4298/58/3222 4295/56/3219
f 4207/8/3132 4206/10/3131 4294/10/3218
f 4207/8/3132 4294/10/3218 4299/8/3223
f 4242/42/3167 4241/44/3166 4285/44/3209
f 4242/42/3167 4285/44/3209 4300/42/3224
f 4244/58/3169 4243/60/3168 4301/60/3225
f 4244/58/3169 4301/60/3225 4298/58/3222
f 4238/28/3163 4245/30/3170 4296/30/3220
f 4238/28/3163 4296/30/3220 4239/28/3164
f 4247/20/3172 4246/22/3171 4297/22/3221
f 4247/20/3172 4297/22/3221 4274/20/3198
f 4243/60/3168 4248/62/3173 4302/62/3226
f 4243/60/3168 4302/62/3226 4301/60/3225
f 4249/6/3174 4207/8/3132 4299/8/3223
f 4249/6/3174 4299/8/3223 4278/6/3202
f 4250/40/3175 4242/42/3167 4300/42/3224
f 4250/40/3175 4300/42/3224 4279/40/3203
f 4248/62/3173 4251/64/3176 4277/64/3201
f 4248/62/3173 4277/64/3201 4302/62/3226
f 4303/48/3227 4304/50/3228 4305/50/3229
f 4303/48/3227 4305/50/3229 4306/48/3230
f 4283/36/3207 4280/38/3204 4307/38/3231
f 4283/36/3207 4307/38/3231 4308/36/3232
f 4285/44/3209 4284/46/3208 4309/46/3233
f 4285/44/3209 4309/46/3233 4310/44/3234
f 4286/14/3210 4282/16/3206 4311/16/3235
f 4286/14/3210 4311/16/3235 4312/14/3236
f 4284/46/3208 4287/48/3211 4303/48/3227
f 4284/46/3208 4303/48/3227 4309/46/3233
f 4288/34/3212 4283/36/3207 4308/36/3232
f 4288/34/3212 4308/36/3232 4313/34/3237
f 4287/48/3211 4289/50/3213 4304/50/3228
f 4287/48/3211 4304/50/3228 4303/48/3227
f 4290/12/3214 4286/14/3210 4312/14/3236
f 4290/12/3214 4312/14/3236 4314/12/3238
f 4289/50/3213 4291/52/3215 4315/52/3239
f 4289/50/3213 4315/52/3239 4304/50/3228
f 4292/32/3216 4288/34/3212 4313/34/3237
f 4292/32/3216 4313/34/3237 4316/32/3240
f 4291/52/3215 4293/54/3217 4317/54/3241
f 4291/52/3215 4317/54/3241 4315/52/3239
f 4294/10/3218 4290/12/3214 4314/12/3238
f 4294/10/3218 4314/12/3238 4318/10/3242
f 4293/54/3217 4295/56/3219 4319/56/3243
f 4293/54/3217 4319/56/3243 4317/54/3241
f 4296/30/3220 4292/32/3216 4316/32/3240
f 4296/30/3220 4316/32/3240 4320/30/3244
f 4297/22/3221 4281/24/3205 4321/24/3245
f 4297/22/3221 4321/24/3245 4322/22/3246
f 4295/56/3219 4298/58/3222 4323/58/3247
f 4295/56/3219 4323/58/3247 4319/56/3243
f 4299/8/3223 4294/10/3218 4318/10/3242
f 4299/8/3223 4318/10/3242 4324/8/3248
f 4300/42/3224 4285/44/3209 4310/44/3234
f 4300/42/3224 4310/44/3234 4325/42/3249
f 4298/58/3222 4301/60/3225 4326/60/3250
f 4298/58/3222 4326/60/3250 4323/58/3247
f 4239/28/3164 4296/30/3220 4320/30/3244
f 4239/28/3164 4320/30/3244 4327/28/3251
f 4274/20/3198 4297/22/3221 4322/22/3246
f 4274/20/3198 4322/22/3246 4328/20/3252
f 4301/60/3225 4302/62/3226 4329/62/3253
f 4301/60/3225 4329/62/3253 4326/60/3250
f 4278/6/3202 4299/8/3223 4324/8/3248
f 4278/6/3202 4324/8/3248 4330/6/3254
f 4279/40/3203 4300/42/3224 4325/42/3249
f 4279/40/3203 4325/42/3249 4331/40/3255
f 4302/62/3226 4277/64/3201 4332/64/3256
f 4302/62/3226 4332/64/3256 4329/62/3253
f 4240/26/3165 4239/28/3164 4327/28/3251
f 4240/26/3165 4327/28/3251 4333/26/3257
f 4275/18/3199 4274/20/3198 4328/20/3252
f 4275/18/3199 4328/20/3252 4334/18/3258
f 4277/64/3201 4276/66/3200 4335/66/3259
f 4277/64/3201 4335/66/3259 4332/64/3256
f 4271/4/3196 4278/6/3202 4330/6/3254
f 4271/4/3196 4330/6/3254 4272/4/3197
f 4280/38/3204 4279/40/3203 4331/40/3255
f 4280/38/3204 4331/40/3255 4307/38/3231
f 4281/24/3205 4240/26/3165 4333/26/3257
f 4281/24/3205 4333/26/3257 4321/24/3245
f 4282/16/3206 4275/18/3199 4334/18/3258
f 4282/16/3206 4334/18/3258 4311/16/3235
f 4336/19/3260 4337/17/3261 4338/18/3262
f 4336/19/3260 4338/18/3262 4339/20/3263
f 4314/12/3238 4312/14/3236 4340/14/3264
f 4314/12/3238 4340/14/3264 4341/12/3265
f 4304/50/3228 4315/52/3239 4342/52/3266
f 4304/50/3228 4342/52/3266 4305/50/3229
f 4316/32/3240 4313/34/3237 4343/34/3267
f 4316/32/3240 4343/34/3267 4344/32/3268
f 4315/52/3239 4317/54/3241 4345/54/3269
f 4315/52/3239 4345/54/3269 4342/52/3266
f 4318/10/3242 4314/12/3238 4341/12/3265
f 4318/10/3242 4341/12/3265 4346/10/3270
f 4317/54/3241 4319/56/3243 4347/56/3271
f 4317/54/3241 4347/56/3271 4345/54/3269
f 4320/30/3244 4316/32/3240 4344/32/3268
f 4320/30/3244 4344/32/3268 4348/30/3272
f 4322/22/3246 4321/24/3245 4349/24/3273
f 4322/22/3246 4349/24/3273 4350/22/3274
f 4319/56/3243 4323/58/3247 4351/58/3275
f 4319/56/3243 4351/58/3275 4347/56/3271
f 4324/8/3248 4318/10/3242 4346/10/3270
f 4324/8/3248 4346/10/3270 4352/8/3276
f 4325/42/3249 4310/44/3234 4353/44/3277
f 4325/42/3249 4353/44/3277 4354/42/3278
f 4323/58/3247 4326/60/3250 4355/60/3279
f 4323/58/3247 4355/60/3279 4351/58/3275
f 4327/28/3251 4320/30/3244 4348/30/3272
f 4327/28/3251 4348/30/3272 4356/28/3280
f 4328/20/3252 4322/22/3246 4350/22/3274
f 4328/20/3252 4350/22/3274 4339/20/3263
f 4326/60/3250 4329/62/3253 4357/62/3281
f 4326/60/3250 4357/62/3281 4355/60/3279
f 4330/6/3254 4324/8/3248 4352/8/3276
f 4330/6/3254 4352/8/3276 4358/6/3282
f 4331/40/3255 4325/42/3249 4354/42/3278
f 4331/40/3255 4354/42/3278 4359/40/3283
f 4329/62/3253 4332/64/3256 4360/64/3284
f 4329/62/3253 4360/64/3284 4357/62/3281
f 4333/26/3257 4327/28/3251 4356/28/3280
f 4333/26/3257 4356/28/3280 4361/26/3285
f 4334/18/3258 4328/20/3252 4339/20/3263
f 4334/18/3258 4339/20/3263 4338/18/3262
f 4332/64/3256 4335/66/3259 4362/66/3286
f 4332/64/3256 4362/66/3286 4360/64/3284
f 4272/4/3197 4330/6/3254 4358/6/3282
f 4272/4/3197 4358/6/3282 4363/4/3287
f 4307/38/3231 4331/40/3255 4359/40/3283
f 4307/38/3231 4359/40/3283 4364/38/3288
f 4321/24/3245 4333/26/3257 4361/26/3285
f 4321/24/3245 4361/26/3285 4349/24/3273
f 4311/16/3235 4334/18/3258 4338/18/3262
f 4311/16/3235 4338/18/3262 4365/16/3289
f 4273/1/989 4272/4/3197 4363/4/3287
f 4273/1/989 4363/4/3287 4366/1/3290
f 4308/36/3232 4307/38/3231 4364/38/3288
f 4308/36/3232 4364/38/3288 4367/36/3291
f 4310/44/3234 4309/46/3233 4368/46/3292
f 4310/44/3234 4368/46/3292 4353/44/3277
f 4312/14/3236 4311/16/3235 4365/16/3289
f 4312/14/3236 4365/16/3289 4340/14/3264
f 4309/46/3233 4303/48/3227 4306/48/3230
f 4309/46/3233 4306/48/3230 4368/46/3292
f 4313/34/3237 4308/36/3232 4367/36/3291
f 4313/34/3237 4367/36/3291 4343/34/3267
f 4369/61/3293 4370/59/3294 4371/59/3295
f 4369/61/3293 4371/59/3295 4372/61/3296
f 1301/31/16 1299/29/15 4373/29/3297
f 1301/31/16 4373/29/3297 4374/31/3298
f 1315/45/23 1313/43/22 4375/43/3299
f 1315/45/23 4375/43/3299 4376/45/3300
f 1338/63/32 1331/61/31 4369/61/3293
f 1338/63/32 4369/61/3293 4377/63/3301
f 1305/35/18 1303/33/17 4378/33/3302
f 1305/35/18 4378/33/3302 4379/35/3303
f 1336/5/3 1342/3/2 4380/3/3304
f 1336/5/3 4380/3/3304 4381/5/3305
f 1325/55/28 1323/53/27 4382/53/3306
f 1325/55/28 4382/53/3306 4383/55/3307
f 1309/39/20 1307/37/19 4384/37/3308
f 1309/39/20 4384/37/3308 4385/39/3309
f 1277/9/5 1276/7/4 4386/7/3310
f 1277/9/5 4386/7/3310 4387/9/3311
f 1317/47/24 1315/45/23 4376/45/3300
f 1317/47/24 4376/45/3300 4388/47/3312
f 1313/43/22 1311/41/21 4389/41/3313
f 1313/43/22 4389/41/3313 4375/43/3299
f 1339/65/33 1338/63/32 4377/63/3301
f 1339/65/33 4377/63/3301 4390/65/3314
f 1285/13/7 1284/11/6 4391/11/3315
f 1285/13/7 4391/11/3315 4392/13/3316
f 1295/25/13 1293/23/12 4393/23/3317
f 1295/25/13 4393/23/3317 4394/25/3318
f 1327/57/29 1325/55/28 4383/55/3307
f 1327/57/29 4383/55/3307 4395/57/3319
f 1288/17/9 1287/15/8 4396/15/3320
f 1288/17/9 4396/15/3320 1333/17/888
f 1299/29/15 1297/27/14 4397/27/3321
f 1299/29/15 4397/27/3321 4373/29/3297
f 1319/49/25 1317/47/24 4388/47/3312
f 1319/49/25 4388/47/3312 4398/49/3322
f 1291/21/11 1289/19/10 1334/19/889
f 1291/21/11 1334/19/889 4399/21/3323
f 1303/33/17 1301/31/16 4374/31/3298
f 1303/33/17 4374/31/3298 4378/33/3302
f 1329/59/30 1327/57/29 4395/57/3319
f 1329/59/30 4395/57/3319 4370/59/3294
f 1307/37/19 1305/35/18 4379/35/3303
f 1307/37/19 4379/35/3303 4384/37/3308
f 1276/7/4 1336/5/3 4381/5/3305
f 1276/7/4 4381/5/3305 4386/7/3310
f 1321/51/26 1319/49/25 4398/49/3322
f 1321/51/26 4398/49/3322 4400/51/3324
f 1342/3/2 1344/2/1 4401/2/3325
f 1342/3/2 4401/2/3325 4380/3/3304
f 1311/41/21 1309/39/20 4385/39/3309
f 1311/41/21 4385/39/3309 4389/41/3313
f 1284/11/6 1277/9/5 4387/9/3311
f 1284/11/6 4387/9/3311 4391/11/3315
f 1293/23/12 1291/21/11 4399/21/3323
f 1293/23/12 4399/21/3323 4393/23/3317
f 1331/61/31 1329/59/30 4370/59/3294
f 1331/61/31 4370/59/3294 4369/61/3293
f 1287/15/8 1285/13/7 4392/13/3316
f 1287/15/8 4392/13/3316 4396/15/3320
f 1297/27/14 1295/25/13 4394/25/3318
f 1297/27/14 4394/25/3318 4397/27/3321
f 1323/53/27 1321/51/26 4400/51/3324
f 1323/53/27 4400/51/3324 4382/53/3306
f 4402/3/3326 4403/2/3327 4404/2/3328
f 4402/3/3326 4404/2/3328 4405/3/3329
f 4397/27/3321 4394/25/3318 4406/25/3330
f 4397/27/3321 4406/25/3330 4407/27/3331
f 1334/19/889 1333/17/888 4408/17/3332
f 1334/19/889 4408/17/3332 4409/19/3333
f 4377/63/3301 4369/61/3293 4372/61/3296
f 4377/63/3301 4372/61/3296 4410/63/3334
f 4381/5/3305 4380/3/3304 4402/3/3326
f 4381/5/3305 4402/3/3326 4411/5/3335
f 4385/39/3309 4384/37/3308 4412/37/3336
f 4385/39/3309 4412/37/3336 4413/39/3337
f 4390/65/3314 4377/63/3301 4410/63/3334
f 4390/65/3314 4410/63/3334 4414/65/3338
f 4394/25/3318 4393/23/3317 4415/23/3339
f 4394/25/3318 4415/23/3339 4406/25/3330
f 1333/17/888 4396/15/3320 4416/15/3340
f 1333/17/888 4416/15/3340 4408/17/3332
f 4380/3/3304 4401/2/3325 4403/2/3327
f 4380/3/3304 4403/2/3327 4402/3/3326
f 4384/37/3308 4379/35/3303 4417/35/3341
f 4384/37/3308 4417/35/3341 4412/37/3336
f 4393/23/3317 4399/21/3323 4418/21/3342
f 4393/23/3317 4418/21/3342 4415/23/3339
f 4396/15/3320 4392/13/3316 4419/13/3343
f 4396/15/3320 4419/13/3343 4416/15/3340
f 4376/45/3300 4375/43/3299 4420/43/3344
f 4376/45/3300 4420/43/3344 4421/45/3345
f 4379/35/3303 4378/33/3302 4422/33/3346
f 4379/35/3303 4422/33/3346 4417/35/3341
f 4388/47/3312 4376/45/3300 4421/45/3345
f 4388/47/3312 4421/45/3345 4423/47/3347
f 4392/13/3316 4391/11/3315 4424/11/3348
f 4392/13/3316 4424/11/3348 4419/13/3343
f 4398/49/3322 4388/47/3312 4423/47/3347
f 4398/49/3322 4423/47/3347 4425/49/3349
f 4378/33/3302 4374/31/3298 4426/31/3350
f 4378/33/3302 4426/31/3350 4422/33/3346
f 4400/51/3324 4398/49/3322 4425/49/3349
f 4400/51/3324 4425/49/3349 4427/51/3351
f 4391/11/3315 4387/9/3311 4428/9/3352
f 4391/11/3315 4428/9/3352 4424/11/3348
f 4382/53/3306 4400/51/3324 4427/51/3351
f 4382/53/3306 4427/51/3351 4429/53/3353
f 4374/31/3298 4373/29/3297 4430/29/3354
f 4374/31/3298 4430/29/3354 4426/31/3350
f 4383/55/3307 4382/53/3306 4429/53/3353
f 4383/55/3307 4429/53/3353 4431/55/3355
f 4387/9/3311 4386/7/3310 4432/7/3356
f 4387/9/3311 4432/7/3356 4428/9/3352
f 4375/43/3299 4389/41/3313 4433/41/3357
f 4375/43/3299 4433/41/3357 4420/43/3344
f 4395/57/3319 4383/55/3307 4431/55/3355
f 4395/57/3319 4431/55/3355 4434/57/3358
f 4373/29/3297 4397/27/3321 4407/27/3331
f 4373/29/3297 4407/27/3331 4430/29/3354
f 4399/21/3323 1334/19/889 4409/19/3333
f 4399/21/3323 4409/19/3333 4418/21/3342
f 4370/59/3294 4395/57/3319 4434/57/3358
f 4370/59/3294 4434/57/3358 4371/59/3295
f 4386/7/3310 4381/5/3305 4411/5/3335
f 4386/7/3310 4411/5/3335 4432/7/3356
f 4389/41/3313 4385/39/3309 4413/39/3337
f 4389/41/3313 4413/39/3337 4433/41/3357
f 4435/47/3359 4436/45/3360 4437/45/3361
f 4435/47/3359 4437/45/3361 4438/47/3362
f 4412/37/3336 4417/35/3341 4439/35/3363
f 4412/37/3336 4439/35/3363 4440/37/3364
f 4415/23/3339 4418/21/3342 4441/21/3365
f 4415/23/3339 4441/21/3365 4442/23/3366
f 4416/15/3340 4419/13/3343 4443/13/3367
f 4416/15/3340 4443/13/3367 4444/15/3368
f 4421/45/3345 4420/43/3344 4445/43/3369
f 4421/45/3345 4445/43/3369 4436/45/3360
f 4417/35/3341 4422/33/3346 4446/33/3370
f 4417/35/3341 4446/33/3370 4439/35/3363
f 4423/47/3347 4421/45/3345 4436/45/3360
f 4423/47/3347 4436/45/3360 4435/47/3359
f 4419/13/3343 4424/11/3348 4447/11/3371
f 4419/13/3343 4447/11/3371 4443/13/3367
f 4425/49/3349 4423/47/3347 4435/47/3359
f 4425/49/3349 4435/47/3359 4448/49/3372
f 4422/33/3346 4426/31/3350 4449/31/3373
f 4422/33/3346 4449/31/3373 4446/33/3370
f 4427/51/3351 4425/49/3349 4448/49/3372
f 4427/51/3351 4448/49/3372 4450/51/3374
f 4424/11/3348 4428/9/3352 4451/9/3375
f 4424/11/3348 4451/9/3375 4447/11/3371
f 4429/53/3353 4427/51/3351 4450/51/3374
f 4429/53/3353 4450/51/3374 4452/53/3376
f 4426/31/3350 4430/29/3354 4453/29/3377
f 4426/31/3350 4453/29/3377 4449/31/3373
f 4431/55/3355 4429/53/3353 4452/53/3376
f 4431/55/3355 4452/53/3376 4454/55/3378
f 4428/9/3352 4432/7/3356 4455/7/3379
f 4428/9/3352 4455/7/3379 4451/9/3375
f 4420/43/3344 4433/41/3357 4456/41/3380
f 4420/43/3344 4456/41/3380 4445/43/3369
f 4434/57/3358 4431/55/3355 4454/55/3378
f 4434/57/3358 4454/55/3378 4457/57/3381
f 4430/29/3354 4407/27/3331 4458/27/3382
f 4430/29/3354 4458/27/3382 4453/29/3377
f 4418/21/3342 4409/19/3333 4459/19/3383
f 4418/21/3342 4459/19/3383 4441/21/3365
f 4371/59/3295 4434/57/3358 4457/57/3381
f 4371/59/3295 4457/57/3381 4460/59/3384
f 4432/7/3356 4411/5/3335 4461/5/3385
f 4432/7/3356 4461/5/3385 4455/7/3379
f 4433/41/3357 4413/39/3337 4462/39/3386
f 4433/41/3357 4462/39/3386 4456/41/3380
f 4372/61/3296 4371/59/3295 4460/59/3384
f 4372/61/3296 4460/59/3384 4463/61/3387
f 4407/27/3331 4406/25/3330 4464/25/3388
f 4407/27/3331 4464/25/3388 4458/27/3382
f 4409/19/3333 4408/17/3332 4465/17/3389
f 4409/19/3333 4465/17/3389 4459/19/3383
f 4410/63/3334 4372/61/3296 4463/61/3387
f 4410/63/3334 4463/61/3387 4466/63/3390
f 4411/5/3335 4402/3/3326 4405/3/3329
f 4411/5/3335 4405/3/3329 4461/5/3385
f 4413/39/3337 4412/37/3336 4440/37/3364
f 4413/39/3337 4440/37/3364 4462/39/3386
f 4414/65/3338 4410/63/3334 4466/63/3390
f 4414/65/3338 4466/63/3390 4467/65/3391
f 4406/25/3330 4415/23/3339 4442/23/3366
f 4406/25/3330 4442/23/3366 4464/25/3388
f 4408/17/3332 4416/15/3340 4444/15/3368
f 4408/17/3332 4444/15/3368 4465/17/3389
f 4468/53/3392 4469/51/3393 4470/51/3394
f 4468/53/3392 4470/51/3394 4471/53/3395
f 4443/13/3367 4447/11/3371 4472/11/3396
f 4443/13/3367 4472/11/3396 4473/13/3397
f 4448/49/3372 4435/47/3359 4438/47/3362
f 4448/49/3372 4438/47/3362 4474/49/3398
f 4446/33/3370 4449/31/3373 4475/31/3399
f 4446/33/3370 4475/31/3399 4476/33/3400
f 4450/51/3374 4448/49/3372 4474/49/3398
f 4450/51/3374 4474/49/3398 4469/51/3393
f 4447/11/3371 4451/9/3375 4477/9/3401
f 4447/11/3371 4477/9/3401 4472/11/3396
f 4452/53/3376 4450/51/3374 4469/51/3393
f 4452/53/3376 4469/51/3393 4468/53/3392
f 4449/31/3373 4453/29/3377 4478/29/3402
f 4449/31/3373 4478/29/3402 4475/31/3399
f 4454/55/3378 4452/53/3376 4468/53/3392
f 4454/55/3378 4468/53/3392 4479/55/3403
f 4451/9/3375 4455/7/3379 4480/7/3404
f 4451/9/3375 4480/7/3404 4477/9/3401
f 4445/43/3369 4456/41/3380 4481/41/3405
f 4445/43/3369 4481/41/3405 4482/43/3406
f 4457/57/3381 4454/55/3378 4479/55/3403
f 4457/57/3381 4479/55/3403 4483/57/3407
f 4453/29/3377 4458/27/3382 4484/27/3408
f 4453/29/3377 4484/27/3408 4478/29/3402
f 4441/21/3365 4459/19/3383 4485/19/3409
f 4441/21/3365 4485/19/3409 4486/21/3410
f 4460/59/3384 4457/57/3381 4483/57/3407
f 4460/59/3384 4483/57/3407 4487/59/3411
f 4455/7/3379 4461/5/3385 4488/5/3412
f 4455/7/3379 4488/5/3412 4480/7/3404
f 4456/41/3380 4462/39/3386 4489/39/3413
f 4456/41/3380 4489/39/3413 4481/41/3405
f 4463/61/3387 4460/59/3384 4487/59/3411
f 4463/61/3387 4487/59/3411 4490/61/3414
f 4458/27/3382 4464/25/3388 4491/25/3415
f 4458/27/3382 4491/25/3415 4484/27/3408
f 4459/19/3383 4465/17/3389 4492/17/3416
f 4459/19/3383 4492/17/3416 4485/19/3409
f 4466/63/3390 4463/61/3387 4490/61/3414
f 4466/63/3390 4490/61/3414 4493/63/3417
f 4461/5/3385 4405/3/3329 4494/3/3418
f 4461/5/3385 4494/3/3418 4488/5/3412
f 4462/39/3386 4440/37/3364 4495/37/3419
f 4462/39/3386 4495/37/3419 4489/39/3413
f 4467/65/3391 4466/63/3390 4493/63/3417
f 4467/65/3391 4493/63/3417 4496/65/3420
f 4464/25/3388 4442/23/3366 4497/23/3421
f 4464/25/3388 4497/23/3421 4491/25/3415
f 4465/17/3389 4444/15/3368 4498/15/3422
f 4465/17/3389 4498/15/3422 4492/17/3416
f 4405/3/3329 4404/2/3328 4499/2/3423
f 4405/3/3329 4499/2/3423 4494/3/3418
f 4440/37/3364 4439/35/3363 4500/35/3424
f 4440/37/3364 4500/35/3424 4495/37/3419
f 4442/23/3366 4441/21/3365 4486/21/3410
f 4442/23/3366 4486/21/3410 4497/23/3421
f 4444/15/3368 4443/13/3367 4473/13/3397
f 4444/15/3368 4473/13/3397 4498/15/3422
f 4436/45/3360 4445/43/3369 4482/43/3406
f 4436/45/3360 4482/43/3406 4437/45/3361
f 4439/35/3363 4446/33/3370 4476/33/3400
f 4439/35/3363 4476/33/3400 4500/35/3424
f 4501/13/3425 4502/11/3426 4503/11/3427
f 4501/13/3425 4503/11/3427 4504/13/3428
f 4475/31/3399 4478/29/3402 4505/29/3429
f 4475/31/3399 4505/29/3429 4506/31/3430
f 4479/55/3403 4468/53/3392 4471/53/3395
f 4479/55/3403 4471/53/3395 4507/55/3431
f 4477/9/3401 4480/7/3404 4508/7/3432
f 4477/9/3401 4508/7/3432 4509/9/3433
f 4482/43/3406 4481/41/3405 4510/41/3434
f 4482/43/3406 4510/41/3434 4511/43/3435
f 4483/57/3407 4479/55/3403 4507/55/3431
f 4483/57/3407 4507/55/3431 4512/57/3436
f 4478/29/3402 4484/27/3408 4513/27/3437
f 4478/29/3402 4513/27/3437 4505/29/3429
f 4486/21/3410 4485/19/3409 4514/19/3438
f 4486/21/3410 4514/19/3438 4515/21/3439
f 4487/59/3411 4483/57/3407 4512/57/3436
f 4487/59/3411 4512/57/3436 4516/59/3440
f 4480/7/3404 4488/5/3412 4517/5/3441
f 4480/7/3404 4517/5/3441 4508/7/3432
f 4481/41/3405 4489/39/3413 4518/39/3442
f 4481/41/3405 4518/39/3442 4510/41/3434
f 4490/61/3414 4487/59/3411 4516/59/3440
f 4490/61/3414 4516/59/3440 4519/61/3443
f 4484/27/3408 4491/25/3415 4520/25/3444
f 4484/27/3408 4520/25/3444 4513/27/3437
f 4485/19/3409 4492/17/3416 4521/17/3445
f 4485/19/3409 4521/17/3445 4514/19/3438
f 4493/63/3417 4490/61/3414 4519/61/3443
f 4493/63/3417 4519/61/3443 4522/63/3446
f 4488/5/3412 4494/3/3418 4523/3/3447
f 4488/5/3412 4523/3/3447 4517/5/3441
f 4489/39/3413 4495/37/3419 4524/37/3448
f 4489/39/3413 4524/37/3448 4518/39/3442
f 4496/65/3420 4493/63/3417 4522/63/3446
f 4496/65/3420 4522/63/3446 4525/65/3449
f 4491/25/3415 4497/23/3421 4526/23/3450
f 4491/25/3415 4526/23/3450 4520/25/3444
f 4492/17/3416 4498/15/3422 4527/15/3451
f 4492/17/3416 4527/15/3451 4521/17/3445
f 4494/3/3418 4499/2/3423 4528/2/3452
f 4494/3/3418 4528/2/3452 4523/3/3447
f 4495/37/3419 4500/35/3424 4529/35/3453
f 4495/37/3419 4529/35/3453 4524/37/3448
f 4497/23/3421 4486/21/3410 4515/21/3439
f 4497/23/3421 4515/21/3439 4526/23/3450
f 4498/15/3422 4473/13/3397 4501/13/3425
f 4498/15/3422 4501/13/3425 4527/15/3451
f 4437/45/3361 4482/43/3406 4511/43/3435
f 4437/45/3361 4511/43/3435 4530/45/3454
f 4500/35/3424 4476/33/3400 4531/33/3455
f 4500/35/3424 4531/33/3455 4529/35/3453
f 4438/47/3362 4437/45/3361 4530/45/3454
f 4438/47/3362 4530/45/3454 4532/47/3456
f 4473/13/3397 4472/11/3396 4502/11/3426
f 4473/13/3397 4502/11/3426 4501/13/3425
f 4474/49/3398 4438/47/3362 4532/47/3456
f 4474/49/3398 4532/47/3456 4533/49/3457
f 4476/33/3400 4475/31/3399 4506/31/3430
f 4476/33/3400 4506/31/3430 4531/33/3455
f 4469/51/3393 4474/49/3398 4533/49/3457
f 4469/51/3393 4533/49/3457 4470/51/3394
f 4472/11/3396 4477/9/3401 4509/9/3433
f 4472/11/3396 4509/9/3433 4502/11/3426
f 4534/31/3458 4535/29/3459 4536/29/3460
f 4534/31/3458 4536/29/3460 4537/31/3461
f 4533/49/3457 4532/47/3456 4538/47/3462
f 4533/49/3457 4538/47/3462 4539/49/3463
f 4531/33/3455 4506/31/3430 4534/31/3458
f 4531/33/3455 4534/31/3458 4540/33/3464
f 4470/51/3394 4533/49/3457 4539/49/3463
f 4470/51/3394 4539/49/3463 4541/51/3465
f 4502/11/3426 4509/9/3433 4542/9/3466
f 4502/11/3426 4542/9/3466 4503/11/3427
f 4471/53/3395 4470/51/3394 4541/51/3465
f 4471/53/3395 4541/51/3465 4543/53/3467
f 4506/31/3430 4505/29/3429 4535/29/3459
f 4506/31/3430 4535/29/3459 4534/31/3458
f 4507/55/3431 4471/53/3395 4543/53/3467
f 4507/55/3431 4543/53/3467 4544/55/3468
f 4509/9/3433 4508/7/3432 4545/7/3469
f 4509/9/3433 4545/7/3469 4542/9/3466
f 4511/43/3435 4510/41/3434 4546/41/3470
f 4511/43/3435 4546/41/3470 4547/43/3471
f 4512/57/3436 4507/55/3431 4544/55/3468
f 4512/57/3436 4544/55/3468 4548/57/3472
f 4505/29/3429 4513/27/3437 4549/27/3473
f 4505/29/3429 4549/27/3473 4535/29/3459
f 4515/21/3439 4514/19/3438 4550/19/3474
f 4515/21/3439 4550/19/3474 4551/21/3475
f 4516/59/3440 4512/57/3436 4548/57/3472
f 4516/59/3440 4548/57/3472 4552/59/3476
f 4508/7/3432 4517/5/3441 4553/5/3477
f 4508/7/3432 4553/5/3477 4545/7/3469
f 4510/41/3434 4518/39/3442 4554/39/3478
f 4510/41/3434 4554/39/3478 4546/41/3470
f 4519/61/3443 4516/59/3440 4552/59/3476
f 4519/61/3443 4552/59/3476 4555/61/3479
f 4513/27/3437 4520/25/3444 4556/25/3480
f 4513/27/3437 4556/25/3480 4549/27/3473
f 4514/19/3438 4521/17/3445 4557/17/3481
f 4514/19/3438 4557/17/3481 4550/19/3474
f 4522/63/3446 4519/61/3443 4555/61/3479
f 4522/63/3446 4555/61/3479 4558/63/3482
f 4517/5/3441 4523/3/3447 4559/3/3483
f 4517/5/3441 4559/3/3483 4553/5/3477
f 4518/39/3442 4524/37/3448 4560/37/3484
f 4518/39/3442 4560/37/3484 4554/39/3478
f 4525/65/3449 4522/63/3446 4558/63/3482
f 4525/65/3449 4558/63/3482 4561/65/3485
f 4520/25/3444 4526/23/3450 4562/23/3486
f 4520/25/3444 4562/23/3486 4556/25/3480
f 4521/17/3445 4527/15/3451 4563/15/3487
f 4521/17/3445 4563/15/3487 4557/17/3481
f 4523/3/3447 4528/2/3452 4564/2/3488
f 4523/3/3447 4564/2/3488 4559/3/3483
f 4524/37/3448 4529/35/3453 4565/35/3489
f 4524/37/3448 4565/35/3489 4560/37/3484
f 4526/23/3450 4515/21/3439 4551/21/3475
f 4526/23/3450 4551/21/3475 4562/23/3486
f 4527/15/3451 4501/13/3425 4504/13/3428
f 4527/15/3451 4504/13/3428 4563/15/3487
f 4530/45/3454 4511/43/3435 4547/43/3471
f 4530/45/3454 4547/43/3471 4566/45/3490
f 4529/35/3453 4531/33/3455 4540/33/3464
f 4529/35/3453 4540/33/3464 4565/35/3489
f 4532/47/3456 4530/45/3454 4566/45/3490
f 4532/47/3456 4566/45/3490 4538/47/3462
f 4567/7/3491 4568/5/3492 4569/5/3493
f 4567/7/3491 4569/5/3493 4570/7/3494
f 4544/55/3468 4543/53/3467 4571/53/3495
f 4544/55/3468 4571/53/3495 4572/55/3496
f 4542/9/3466 4545/7/3469 4567/7/3491
f 4542/9/3466 4567/7/3491 4573/9/3497
f 4547/43/3471 4546/41/3470 4574/41/3498
f 4547/43/3471 4574/41/3498 4575/43/3499
f 4548/57/3472 4544/55/3468 4572/55/3496
f 4548/57/3472 4572/55/3496 4576/57/3500
f 4535/29/3459 4549/27/3473 4577/27/3501
f 4535/29/3459 4577/27/3501 4536/29/3460
f 4551/21/3475 4550/19/3474 4578/19/3502
f 4551/21/3475 4578/19/3502 4579/21/3503
f 4552/59/3476 4548/57/3472 4576/57/3500
f 4552/59/3476 4576/57/3500 4580/59/3504
f 4545/7/3469 4553/5/3477 4568/5/3492
f 4545/7/3469 4568/5/3492 4567/7/3491
f 4546/41/3470 4554/39/3478 4581/39/3505
f 4546/41/3470 4581/39/3505 4574/41/3498
f 4555/61/3479 4552/59/3476 4580/59/3504
f 4555/61/3479 4580/59/3504 4582/61/3506
f 4549/27/3473 4556/25/3480 4583/25/3507
f 4549/27/3473 4583/25/3507 4577/27/3501
f 4550/19/3474 4557/17/3481 4584/17/3508
f 4550/19/3474 4584/17/3508 4578/19/3502
f 4558/63/3482 4555/61/3479 4582/61/3506
f 4558/63/3482 4582/61/3506 4585/63/3509
f 4553/5/3477 4559/3/3483 4586/3/3510
f 4553/5/3477 4586/3/3510 4568/5/3492
f 4554/39/3478 4560/37/3484 4587/37/3511
f 4554/39/3478 4587/37/3511 4581/39/3505
f 4561/65/3485 4558/63/3482 4585/63/3509
f 4561/65/3485 4585/63/3509 4588/65/3512
f 4556/25/3480 4562/23/3486 4589/23/3513
f 4556/25/3480 4589/23/3513 4583/25/3507
f 4557/17/3481 4563/15/3487 4590/15/3514
f 4557/17/3481 4590/15/3514 4584/17/3508
f 4559/3/3483 4564/2/3488 4591/2/3515
f 4559/3/3483 4591/2/3515 4586/3/3510
f 4560/37/3484 4565/35/3489 4592/35/3516
f 4560/37/3484 4592/35/3516 4587/37/3511
f 4562/23/3486 4551/21/3475 4579/21/3503
f 4562/23/3486 4579/21/3503 4589/23/3513
f 4563/15/3487 4504/13/3428 4593/13/3517
f 4563/15/3487 4593/13/3517 4590/15/3514
f 4566/45/3490 4547/43/3471 4575/43/3499
f 4566/45/3490 4575/43/3499 4594/45/3518
f 4565/35/3489 4540/33/3464 4595/33/3519
f 4565/35/3489 4595/33/3519 4592/35/3516
f 4538/47/3462 4566/45/3490 4594/45/3518
f 4538/47/3462 4594/45/3518 4596/47/3520
f 4504/13/3428 4503/11/3427 4597/11/3521
f 4504/13/3428 4597/11/3521 4593/13/3517
f 4539/49/3463 4538/47/3462 4596/47/3520
f 4539/49/3463 4596/47/3520 4598/49/3522
f 4540/33/3464 4534/31/3458 4537/31/3461
f 4540/33/3464 4537/31/3461 4595/33/3519
f 4541/51/3465 4539/49/3463 4598/49/3522
f 4541/51/3465 4598/49/3522 4599/51/3523
f 4503/11/3427 4542/9/3466 4573/9/3497
f 4503/11/3427 4573/9/3497 4597/11/3521
f 4543/53/3467 4541/51/3465 4599/51/3523
f 4543/53/3467 4599/51/3523 4571/53/3495
f 4600/9/3524 4570/7/3494 4601/7/3525
f 4600/9/3524 4601/7/3525 4602/9/3526
f 4574/41/3498 4581/39/3505 4603/39/3527
f 4574/41/3498 4603/39/3527 4604/41/3528
f 4582/61/3506 4580/59/3504 4605/59/3529
f 4582/61/3506 4605/59/3529 4606/61/3530
f 4577/27/3501 4583/25/3507 4607/25/3531
f 4577/27/3501 4607/25/3531 4608/27/3532
f 4578/19/3502 4584/17/3508 4609/17/3533
f 4578/19/3502 4609/17/3533 4610/19/3534
f 4585/63/3509 4582/61/3506 4606/61/3530
f 4585/63/3509 4606/61/3530 4611/63/3535
f 4568/5/3492 4586/3/3510 4612/3/3536
f 4568/5/3492 4612/3/3536 4569/5/3493
f 4581/39/3505 4587/37/3511 4613/37/3537
f 4581/39/3505 4613/37/3537 4603/39/3527
f 4588/65/3512 4585/63/3509 4611/63/3535
f 4588/65/3512 4611/63/3535 4614/65/3538
f 4583/25/3507 4589/23/3513 4615/23/3539
f 4583/25/3507 4615/23/3539 4607/25/3531
f 4584/17/3508 4590/15/3514 4616/15/3540
f 4584/17/3508 4616/15/3540 4609/17/3533
f 4586/3/3510 4591/2/3515 4617/2/3541
f 4586/3/3510 4617/2/3541 4612/3/3536
f 4587/37/3511 4592/35/3516 4618/35/3542
f 4587/37/3511 4618/35/3542 4613/37/3537
f 4589/23/3513 4579/21/3503 4619/21/3543
f 4589/23/3513 4619/21/3543 4615/23/3539
f 4590/15/3514 4593/13/3517 4620/13/3544
f 4590/15/3514 4620/13/3544 4616/15/3540
f 4594/45/3518 4575/43/3499 4621/43/3545
f 4594/45/3518 4621/43/3545 4622/45/3546
f 4592/35/3516 4595/33/3519 4623/33/3547
f 4592/35/3516 4623/33/3547 4618/35/3542
f 4596/47/3520 4594/45/3518 4622/45/3546
f 4596/47/3520 4622/45/3546 4624/47/3548
f 4593/13/3517 4597/11/3521 4625/11/3549
f 4593/13/3517 4625/11/3549 4620/13/3544
f 4598/49/3522 4596/47/3520 4624/47/3548
f 4598/49/3522 4624/47/3548 4626/49/3550
f 4595/33/3519 4537/31/3461 4627/31/3551
f 4595/33/3519 4627/31/3551 4623/33/3547
f 4599/51/3523 4598/49/3522 4626/49/3550
f 4599/51/3523 4626/49/3550 4628/51/3552
f 4597/11/3521 4573/9/3497 4600/9/3524
f 4597/11/3521 4600/9/3524 4625/11/3549
f 4571/53/3495 4599/51/3523 4628/51/3552
f 4571/53/3495 4628/51/3552 4629/53/3553
f 4537/31/3461 4536/29/3460 4630/29/3554
f 4537/31/3461 4630/29/3554 4627/31/3551
f 4572/55/3496 4571/53/3495 4629/53/3553
f 4572/55/3496 4629/53/3553 4631/55/3555
f 4573/9/3497 4567/7/3491 4570/7/3494
f 4573/9/3497 4570/7/3494 4600/9/3524
f 4575/43/3499 4574/41/3498 4604/41/3528
f 4575/43/3499 4604/41/3528 4621/43/3545
f 4576/57/3500 4572/55/3496 4631/55/3555
f 4576/57/3500 4631/55/3555 4632/57/3556
f 4536/29/3460 4577/27/3501 4608/27/3532
f 4536/29/3460 4608/27/3532 4630/29/3554
f 4579/21/3503 4578/19/3502 4610/19/3534
f 4579/21/3503 4610/19/3534 4619/21/3543
f 4580/59/3504 4576/57/3500 4632/57/3556
f 4580/59/3504 4632/57/3556 4605/59/3529
f 4633/51/3557 4634/49/3558 4635/49/3559
f 4633/51/3557 4635/49/3559 4636/51/3560
f 4621/43/3545 4604/41/3528 4637/41/3561
f 4621/43/3545 4637/41/3561 4638/43/3562
f 4632/57/3556 4631/55/3555 4639/55/3563
f 4632/57/3556 4639/55/3563 4640/57/3564
f 4630/29/3554 4608/27/3532 4641/27/3565
f 4630/29/3554 4641/27/3565 4642/29/3566
f 4619/21/3543 4610/19/3534 4643/19/3567
f 4619/21/3543 4643/19/3567 4644/21/3568
f 4605/59/3529 4632/57/3556 4640/57/3564
f 4605/59/3529 4640/57/3564 4645/59/3569
f 4570/7/3494 4569/5/3493 4646/5/3570
f 4570/7/3494 4646/5/3570 4601/7/3525
f 4604/41/3528 4603/39/3527 4647/39/3571
f 4604/41/3528 4647/39/3571 4637/41/3561
f 4606/61/3530 4605/59/3529 4645/59/3569
f 4606/61/3530 4645/59/3569 4648/61/3572
f 4608/27/3532 4607/25/3531 4649/25/3573
f 4608/27/3532 4649/25/3573 4641/27/3565
f 4610/19/3534 4609/17/3533 4650/17/3574
f 4610/19/3534 4650/17/3574 4643/19/3567
f 4611/63/3535 4606/61/3530 4648/61/3572
f 4611/63/3535 4648/61/3572 4651/63/3575
f 4569/5/3493 4612/3/3536 4652/3/3576
f 4569/5/3493 4652/3/3576 4646/5/3570
f 4603/39/3527 4613/37/3537 4653/37/3577
f 4603/39/3527 4653/37/3577 4647/39/3571
f 4614/65/3538 4611/63/3535 4651/63/3575
f 4614/65/3538 4651/63/3575 4654/65/3578
f 4607/25/3531 4615/23/3539 4655/23/3579
f 4607/25/3531 4655/23/3579 4649/25/3573
f 4609/17/3533 4616/15/3540 4656/15/3580
f 4609/17/3533 4656/15/3580 4650/17/3574
f 4612/3/3536 4617/2/3541 4657/2/3581
f 4612/3/3536 4657/2/3581 4652/3/3576
f 4613/37/3537 4618/35/3542 4658/35/3582
f 4613/37/3537 4658/35/3582 4653/37/3577
f 4615/23/3539 4619/21/3543 4644/21/3568
f 4615/23/3539 4644/21/3568 4655/23/3579
f 4616/15/3540 4620/13/3544 4659/13/3583
f 4616/15/3540 4659/13/3583 4656/15/3580
f 4622/45/3546 4621/43/3545 4638/43/3562
f 4622/45/3546 4638/43/3562 4660/45/3584
f 4618/35/3542 4623/33/3547 4661/33/3585
f 4618/35/3542 4661/33/3585 4658/35/3582
f 4624/47/3548 4622/45/3546 4660/45/3584
f 4624/47/3548 4660/45/3584 4662/47/3586
f 4620/13/3544 4625/11/3549 4663/11/3587
f 4620/13/3544 4663/11/3587 4659/13/3583
f 4626/49/3550 4624/47/3548 4662/47/3586
f 4626/49/3550 4662/47/3586 4634/49/3558
f 4623/33/3547 4627/31/3551 4664/31/3588
f 4623/33/3547 4664/31/3588 4661/33/3585
f 4628/51/3552 4626/49/3550 4634/49/3558
f 4628/51/3552 4634/49/3558 4633/51/3557
f 4625/11/3549 4600/9/3524 4602/9/3526
f 4625/11/3549 4602/9/3526 4663/11/3587
f 4629/53/3553 4628/51/3552 4633/51/3557
f 4629/53/3553 4633/51/3557 4665/53/3589
f 4627/31/3551 4630/29/3554 4642/29/3566
f 4627/31/3551 4642/29/3566 4664/31/3588
f 4631/55/3555 4629/53/3553 4665/53/3589
f 4631/55/3555 4665/53/3589 4639/55/3563
f 4666/57/3590 4667/55/3591 4668/55/3592
f 4666/57/3590 4668/55/3592 4669/57/3593
f 4663/11/3587 4602/9/3526 4670/9/3594
f 4663/11/3587 4670/9/3594 4671/11/3595
f 4665/53/3589 4633/51/3557 4636/51/3560
f 4665/53/3589 4636/51/3560 4672/53/3596
f 4664/31/3588 4642/29/3566 4673/29/3597
f 4664/31/3588 4673/29/3597 4674/31/3598
f 4639/55/3563 4665/53/3589 4672/53/3596
f 4639/55/3563 4672/53/3596 4667/55/3591
f 4602/9/3526 4601/7/3525 4675/7/3599
f 4602/9/3526 4675/7/3599 4670/9/3594
f 4638/43/3562 4637/41/3561 4676/41/3600
f 4638/43/3562 4676/41/3600 4677/43/3601
f 4640/57/3564 4639/55/3563 4667/55/3591
f 4640/57/3564 4667/55/3591 4666/57/3590
f 4642/29/3566 4641/27/3565 4678/27/3602
f 4642/29/3566 4678/27/3602 4673/29/3597
f 4644/21/3568 4643/19/3567 4679/19/3603
f 4644/21/3568 4679/19/3603 4680/21/3604
f 4645/59/3569 4640/57/3564 4666/57/3590
f 4645/59/3569 4666/57/3590 4681/59/3605
f 4601/7/3525 4646/5/3570 4682/5/3606
f 4601/7/3525 4682/5/3606 4675/7/3599
f 4637/41/3561 4647/39/3571 4683/39/3607
f 4637/41/3561 4683/39/3607 4676/41/3600
f 4648/61/3572 4645/59/3569 4681/59/3605
f 4648/61/3572 4681/59/3605 4684/61/3608
f 4641/27/3565 4649/25/3573 4685/25/3609
f 4641/27/3565 4685/25/3609 4678/27/3602
f 4643/19/3567 4650/17/3574 4686/17/3610
f 4643/19/3567 4686/17/3610 4679/19/3603
f 4651/63/3575 4648/61/3572 4684/61/3608
f 4651/63/3575 4684/61/3608 4687/63/3611
f 4646/5/3570 4652/3/3576 4688/3/3612
f 4646/5/3570 4688/3/3612 4682/5/3606
f 4647/39/3571 4653/37/3577 4689/37/3613
f 4647/39/3571 4689/37/3613 4683/39/3607
f 4654/65/3578 4651/63/3575 4687/63/3611
f 4654/65/3578 4687/63/3611 4690/65/3614
f 4649/25/3573 4655/23/3579 4691/23/3615
f 4649/25/3573 4691/23/3615 4685/25/3609
f 4650/17/3574 4656/15/3580 4692/15/3616
f 4650/17/3574 4692/15/3616 4686/17/3610
f 4652/3/3576 4657/2/3581 4693/2/3617
f 4652/3/3576 4693/2/3617 4688/3/3612
f 4653/37/3577 4658/35/3582 4694/35/3618
f 4653/37/3577 4694/35/3618 4689/37/3613
f 4655/23/3579 4644/21/3568 4680/21/3604
f 4655/23/3579 4680/21/3604 4691/23/3615
f 4656/15/3580 4659/13/3583 4695/13/3619
f 4656/15/3580 4695/13/3619 4692/15/3616
f 4660/45/3584 4638/43/3562 4677/43/3601
f 4660/45/3584 4677/43/3601 4696/45/3620
f 4658/35/3582 4661/33/3585 4697/33/3621
f 4658/35/3582 4697/33/3621 4694/35/3618
f 4662/47/3586 4660/45/3584 4696/45/3620
f 4662/47/3586 4696/45/3620 4698/47/3622
f 4659/13/3583 4663/11/3587 4671/11/3595
f 4659/13/3583 4671/11/3595 4695/13/3619
f 4634/49/3558 4662/47/3586 4698/47/3622
f 4634/49/3558 4698/47/3622 4635/49/3559
f 4661/33/3585 4664/31/3588 4674/31/3598
f 4661/33/3585 4674/31/3598 4697/33/3621
f 4699/21/3623 4336/19/3260 4339/20/3263
f 4699/21/3623 4339/20/3263 4350/22/3274
f 4673/29/3597 4678/27/3602 4700/27/3624
f 4673/29/3597 4700/27/3624 4701/29/3625
f 4680/21/3604 4679/19/3603 4336/19/3260
f 4680/21/3604 4336/19/3260 4699/21/3623
f 4681/59/3605 4666/57/3590 4669/57/3593
f 4681/59/3605 4669/57/3593 4702/59/3626
f 4675/7/3599 4682/5/3606 4703/5/3627
f 4675/7/3599 4703/5/3627 4704/7/3628
f 4676/41/3600 4683/39/3607 4705/39/3629
f 4676/41/3600 4705/39/3629 4706/41/3630
f 4684/61/3608 4681/59/3605 4702/59/3626
f 4684/61/3608 4702/59/3626 4707/61/3631
f 4678/27/3602 4685/25/3609 4708/25/3632
f 4678/27/3602 4708/25/3632 4700/27/3624
f 4679/19/3603 4686/17/3610 4337/17/3261
f 4679/19/3603 4337/17/3261 4336/19/3260
f 4687/63/3611 4684/61/3608 4707/61/3631
f 4687/63/3611 4707/61/3631 4709/63/3633
f 4682/5/3606 4688/3/3612 4710/3/3634
f 4682/5/3606 4710/3/3634 4703/5/3627
f 4683/39/3607 4689/37/3613 4711/37/3635
f 4683/39/3607 4711/37/3635 4705/39/3629
f 4690/65/3614 4687/63/3611 4709/63/3633
f 4690/65/3614 4709/63/3633 4712/65/3636
f 4685/25/3609 4691/23/3615 4713/23/3637
f 4685/25/3609 4713/23/3637 4708/25/3632
f 4686/17/3610 4692/15/3616 4714/15/3638
f 4686/17/3610 4714/15/3638 4337/17/3261
f 4688/3/3612 4693/2/3617 4715/2/3639
f 4688/3/3612 4715/2/3639 4710/3/3634
f 4689/37/3613 4694/35/3618 4716/35/3640
f 4689/37/3613 4716/35/3640 4711/37/3635
f 4691/23/3615 4680/21/3604 4699/21/3623
f 4691/23/3615 4699/21/3623 4713/23/3637
f 4692/15/3616 4695/13/3619 4717/13/3641
f 4692/15/3616 4717/13/3641 4714/15/3638
f 4696/45/3620 4677/43/3601 4718/43/3642
f 4696/45/3620 4718/43/3642 4719/45/3643
f 4694/35/3618 4697/33/3621 4720/33/3644
f 4694/35/3618 4720/33/3644 4716/35/3640
f 4698/47/3622 4696/45/3620 4719/45/3643
f 4698/47/3622 4719/45/3643 4721/47/3645
f 4695/13/3619 4671/11/3595 4722/11/3646
f 4695/13/3619 4722/11/3646 4717/13/3641
f 4635/49/3559 4698/47/3622 4721/47/3645
f 4635/49/3559 4721/47/3645 4723/49/3647
f 4697/33/3621 4674/31/3598 4724/31/3648
f 4697/33/3621 4724/31/3648 4720/33/3644
f 4636/51/3560 4635/49/3559 4723/49/3647
f 4636/51/3560 4723/49/3647 4725/51/3649
f 4671/11/3595 4670/9/3594 4726/9/3650
f 4671/11/3595 4726/9/3650 4722/11/3646
f 4672/53/3596 4636/51/3560 4725/51/3649
f 4672/53/3596 4725/51/3649 4727/53/3651
f 4674/31/3598 4673/29/3597 4701/29/3625
f 4674/31/3598 4701/29/3625 4724/31/3648
f 4667/55/3591 4672/53/3596 4727/53/3651
f 4667/55/3591 4727/53/3651 4668/55/3592
f 4670/9/3594 4675/7/3599 4704/7/3628
f 4670/9/3594 4704/7/3628 4726/9/3650
f 4677/43/3601 4676/41/3600 4706/41/3630
f 4677/43/3601 4706/41/3630 4718/43/3642
f 4337/17/3261 4714/15/3638 4365/16/3289
f 4337/17/3261 4365/16/3289 4338/18/3262
f 4714/15/3638 4717/13/3641 4340/14/3264
f 4714/15/3638 4340/14/3264 4365/16/3289
f 4717/13/3641 4722/11/3646 4341/12/3265
f 4717/13/3641 4341/12/3265 4340/14/3264
f 4722/11/3646 4726/9/3650 4346/10/3270
f 4722/11/3646 4346/10/3270 4341/12/3265
f 4726/9/3650 4704/7/3628 4352/8/3276
f 4726/9/3650 4352/8/3276 4346/10/3270
f 4704/7/3628 4703/5/3627 4358/6/3282
f 4704/7/3628 4358/6/3282 4352/8/3276
f 4703/5/3627 4710/3/3634 4363/4/3287
f 4703/5/3627 4363/4/3287 4358/6/3282
f 4710/3/3634 4715/2/3639 4366/1/3290
f 4710/3/3634 4366/1/3290 4363/4/3287
f 4712/65/3636 4709/63/3633 4360/64/3284
f 4712/65/3636 4360/64/3284 4362/66/3286
f 4709/63/3633 4707/61/3631 4357/62/3281
f 4709/63/3633 4357/62/3281 4360/64/3284
f 4707/61/3631 4702/59/3626 4355/60/3279
f 4707/61/3631 4355/60/3279 4357/62/3281
f 4702/59/3626 4669/57/3593 4351/58/3275
f 4702/59/3626 4351/58/3275 4355/60/3279
f 4669/57/3593 4668/55/3592 4347/56/3271
f 4669/57/3593 4347/56/3271 4351/58/3275
f 4668/55/3592 4727/53/3651 4345/54/3269
f 4668/55/3592 4345/54/3269 4347/56/3271
f 4727/53/3651 4725/51/3649 4342/52/3266
f 4727/53/3651 4342/52/3266 4345/54/3269
f 4725/51/3649 4723/49/3647 4305/50/3229
f 4725/51/3649 4305/50/3229 4342/52/3266
f 4723/49/3647 4721/47/3645 4306/48/3230
f 4723/49/3647 4306/48/3230 4305/50/3229
f 4721/47/3645 4719/45/3643 4368/46/3292
f 4721/47/3645 4368/46/3292 4306/48/3230
f 4719/45/3643 4718/43/3642 4353/44/3277
f 4719/45/3643 4353/44/3277 4368/46/3292
f 4718/43/3642 4706/41/3630 4354/42/3278
f 4718/43/3642 4354/42/3278 4353/44/3277
f 4706/41/3630 4705/39/3629 4359/40/3283
f 4706/41/3630 4359/40/3283 4354/42/3278
f 4705/39/3629 4711/37/3635 4364/38/3288
f 4705/39/3629 4364/38/3288 4359/40/3283
f 4711/37/3635 4716/35/3640 4367/36/3291
f 4711/37/3635 4367/36/3291 4364/38/3288
f 4716/35/3640 4720/33/3644 4343/34/3267
f 4716/35/3640 4343/34/3267 4367/36/3291
f 4720/33/3644 4724/31/3648 4344/32/3268
f 4720/33/3644 4344/32/3268 4343/34/3267
f 4724/31/3648 4701/29/3625 4348/30/3272
f 4724/31/3648 4348/30/3272 4344/32/3268
f 4701/29/3625 4700/27/3624 4356/28/3280
f 4701/29/3625 4356/28/3280 4348/30/3272
f 4700/27/3624 4708/25/3632 4361/26/3285
f 4700/27/3624 4361/26/3285 4356/28/3280
f 4708/25/3632 4713/23/3637 4349/24/3273
f 4708/25/3632 4349/24/3273 4361/26/3285
f 4713/23/3637 4699/21/3623 4350/22/3274
f 4713/23/3637 4350/22/3274 4349/24/3273
s 8
f 4728/19/10 4729/17/9 4730/17/9
f 4728/19/10 4730/17/9 4731/19/10
f 1455/45/23 1453/43/22 4732/43/22
f 1455/45/23 4732/43/22 4733/45/23
f 1478/63/32 1471/61/31 4734/61/31
f 1478/63/32 4734/61/31 4735/63/32
f 1445/35/18 1443/33/17 4736/33/17
f 1445/35/18 4736/33/17 4737/35/18
f 1476/5/3 1482/3/2 4738/3/2
f 1476/5/3 4738/3/2 4739/5/3
f 1465/55/28 1463/53/27 4740/53/27
f 1465/55/28 4740/53/27 4741/55/28
f 1449/39/20 1447/37/19 4742/37/19
f 1449/39/20 4742/37/19 4743/39/20
f 1417/9/5 1416/7/4 4744/7/4
f 1417/9/5 4744/7/4 4745/9/5
f 1457/47/24 1455/45/23 4733/45/23
f 1457/47/24 4733/45/23 4746/47/24
f 1453/43/22 1451/41/21 4747/41/21
f 1453/43/22 4747/41/21 4732/43/22
f 1479/65/33 1478/63/32 4735/63/32
f 1479/65/33 4735/63/32 4748/65/33
f 1425/13/7 1424/11/6 4749/11/6
f 1425/13/7 4749/11/6 4750/13/7
f 1435/25/13 1433/23/12 4751/23/12
f 1435/25/13 4751/23/12 4752/25/13
f 1467/57/29 1465/55/28 4741/55/28
f 1467/57/29 4741/55/28 4753/57/29
f 1427/17/9 1426/15/8 4754/15/8
f 1427/17/9 4754/15/8 4729/17/9
f 1439/29/15 1437/27/14 4755/27/14
f 1439/29/15 4755/27/14 1473/29/15
f 1459/49/25 1457/47/24 4746/47/24
f 1459/49/25 4746/47/24 4756/49/25
f 1431/21/11 1429/19/10 4728/19/10
f 1431/21/11 4728/19/10 4757/21/11
f 1443/33/17 1441/31/16 1474/31/16
f 1443/33/17 1474/31/16 4736/33/17
f 1469/59/30 1467/57/29 4753/57/29
f 1469/59/30 4753/57/29 4758/59/30
f 1447/37/19 1445/35/18 4737/35/18
f 1447/37/19 4737/35/18 4742/37/19
f 1416/7/4 1476/5/3 4739/5/3
f 1416/7/4 4739/5/3 4744/7/4
f 1461/51/26 1459/49/25 4756/49/25
f 1461/51/26 4756/49/25 4759/51/26
f 1482/3/2 1484/2/1 4760/2/1
f 1482/3/2 4760/2/1 4738/3/2
f 1451/41/21 1449/39/20 4743/39/20
f 1451/41/21 4743/39/20 4747/41/21
f 1424/11/6 1417/9/5 4745/9/5
f 1424/11/6 4745/9/5 4749/11/6
f 1433/23/12 1431/21/11 4757/21/11
f 1433/23/12 4757/21/11 4751/23/12
f 1471/61/31 1469/59/30 4758/59/30
f 1471/61/31 4758/59/30 4734/61/31
f 1426/15/8 1425/13/7 4750/13/7
f 1426/15/8 4750/13/7 4754/15/8
f 1437/27/14 1435/25/13 4752/25/13
f 1437/27/14 4752/25/13 4755/27/14
f 1463/53/27 1461/51/26 4759/51/26
f 1463/53/27 4759/51/26 4740/53/27
f 1429/19/10 1427/17/9 4729/17/9
f 1429/19/10 4729/17/9 4728/19/10
f 1421/16/934 4761/18/70 4762/18/3652
f 1421/16/934 4762/18/3652 4763/16/3653
f 1436/26/941 1438/28/942 4764/28/3654
f 1436/26/941 4764/28/3654 4765/26/3655
f 1464/54/950 1466/56/951 4766/56/3656
f 1464/54/950 4766/56/3656 4767/54/3657
f 1428/18/937 1430/20/938 4768/20/3658
f 1428/18/937 4768/20/3658 4761/18/70
f 1440/30/15 1442/32/16 4769/32/3659
f 1440/30/15 4769/32/3659 4770/30/3660
f 1456/46/946 1458/48/947 4771/48/3661
f 1456/46/946 4771/48/3661 4772/46/3662
f 1477/64/32 1480/66/195 4773/66/3663
f 1477/64/32 4773/66/3663 4774/64/3664
f 1444/34/17 1446/36/18 4775/36/3665
f 1444/34/17 4775/36/3665 4776/34/3666
f 1481/4/2 1475/6/3 4777/6/3667
f 1481/4/2 4777/6/3667 4778/4/3668
f 1466/56/951 1468/58/952 4779/58/3669
f 1466/56/951 4779/58/3669 4766/56/3656
f 1432/22/939 1434/24/940 4780/24/3670
f 1432/22/939 4780/24/3670 4781/22/3671
f 1448/38/19 1450/40/943 4782/40/3672
f 1448/38/19 4782/40/3672 4783/38/3673
f 1415/8/930 1418/10/931 4784/10/3674
f 1415/8/930 4784/10/3674 4785/8/3675
f 1458/48/947 1460/50/948 4786/50/3676
f 1458/48/947 4786/50/3676 4771/48/3661
f 1452/42/944 1454/44/945 4787/44/3677
f 1452/42/944 4787/44/3677 4788/42/3678
f 1423/12/936 1419/14/932 1422/14/935
f 1423/12/936 1422/14/935 4789/12/3679
f 1434/24/940 1436/26/941 4765/26/3655
f 1434/24/940 4765/26/3655 4780/24/3670
f 1468/58/952 1470/60/953 4790/60/3680
f 1468/58/952 4790/60/3680 4779/58/3669
f 1420/16/933 1428/18/937 4761/18/70
f 1420/16/933 4761/18/70 1421/16/934
f 1438/28/942 1440/30/15 4770/30/3660
f 1438/28/942 4770/30/3660 4764/28/3654
f 1460/50/948 1462/52/949 4791/52/3681
f 1460/50/948 4791/52/3681 4786/50/3676
f 1430/20/938 1432/22/939 4781/22/3671
f 1430/20/938 4781/22/3671 4768/20/3658
f 1442/32/16 1444/34/17 4776/34/3666
f 1442/32/16 4776/34/3666 4769/32/3659
f 1470/60/953 1472/62/31 4792/62/3682
f 1470/60/953 4792/62/3682 4790/60/3680
f 1446/36/18 1448/38/19 4783/38/3673
f 1446/36/18 4783/38/3673 4775/36/3665
f 1475/6/3 1415/8/930 4785/8/3675
f 1475/6/3 4785/8/3675 4777/6/3667
f 1462/52/949 1464/54/950 4767/54/3657
f 1462/52/949 4767/54/3657 4791/52/3681
f 1483/1/1 1481/4/2 4778/4/3668
f 1483/1/1 4778/4/3668 4793/1/3683
f 1450/40/943 1452/42/944 4788/42/3678
f 1450/40/943 4788/42/3678 4782/40/3672
f 1418/10/931 1423/12/936 4789/12/3679
f 1418/10/931 4789/12/3679 4784/10/3674
f 1454/44/945 1456/46/946 4772/46/3662
f 1454/44/945 4772/46/3662 4787/44/3677
f 1472/62/31 1477/64/32 4774/64/3664
f 1472/62/31 4774/64/3664 4792/62/3682
f 4794/34/3684 4795/36/3685 4796/36/3686
f 4794/34/3684 4796/36/3686 4797/34/3687
f 4793/1/3683 4778/4/3668 4798/4/3688
f 4793/1/3683 4798/4/3688 4799/1/3689
f 4775/36/3665 4783/38/3673 4800/38/3690
f 4775/36/3665 4800/38/3690 4795/36/3685
f 4787/44/3677 4772/46/3662 4801/46/3691
f 4787/44/3677 4801/46/3691 4802/44/3692
f 1422/14/935 1421/16/934 4763/16/3653
f 1422/14/935 4763/16/3653 4803/14/3693
f 4772/46/3662 4771/48/3661 4804/48/3694
f 4772/46/3662 4804/48/3694 4801/46/3691
f 4776/34/3666 4775/36/3665 4795/36/3685
f 4776/34/3666 4795/36/3685 4794/34/3684
f 4771/48/3661 4786/50/3676 4805/50/3695
f 4771/48/3661 4805/50/3695 4804/48/3694
f 4789/12/3679 1422/14/935 4803/14/3693
f 4789/12/3679 4803/14/3693 4806/12/3696
f 4786/50/3676 4791/52/3681 4807/52/3697
f 4786/50/3676 4807/52/3697 4805/50/3695
f 4769/32/3659 4776/34/3666 4794/34/3684
f 4769/32/3659 4794/34/3684 4808/32/3698
f 4791/52/3681 4767/54/3657 4809/54/3699
f 4791/52/3681 4809/54/3699 4807/52/3697
f 4784/10/3674 4789/12/3679 4806/12/3696
f 4784/10/3674 4806/12/3696 4810/10/3700
f 4767/54/3657 4766/56/3656 4811/56/3701
f 4767/54/3657 4811/56/3701 4809/54/3699
f 4770/30/3660 4769/32/3659 4808/32/3698
f 4770/30/3660 4808/32/3698 4812/30/3702
f 4781/22/3671 4780/24/3670 4813/24/3703
f 4781/22/3671 4813/24/3703 4814/22/3704
f 4766/56/3656 4779/58/3669 4815/58/3705
f 4766/56/3656 4815/58/3705 4811/56/3701
f 4785/8/3675 4784/10/3674 4810/10/3700
f 4785/8/3675 4810/10/3700 4816/8/3706
f 4788/42/3678 4787/44/3677 4802/44/3692
f 4788/42/3678 4802/44/3692 4817/42/3707
f 4779/58/3669 4790/60/3680 4818/60/3708
f 4779/58/3669 4818/60/3708 4815/58/3705
f 4764/28/3654 4770/30/3660 4812/30/3702
f 4764/28/3654 4812/30/3702 4819/28/3709
f 4768/20/3658 4781/22/3671 4814/22/3704
f 4768/20/3658 4814/22/3704 4820/20/3710
f 4790/60/3680 4792/62/3682 4821/62/3711
f 4790/60/3680 4821/62/3711 4818/60/3708
f 4777/6/3667 4785/8/3675 4816/8/3706
f 4777/6/3667 4816/8/3706 4822/6/3712
f 4782/40/3672 4788/42/3678 4817/42/3707
f 4782/40/3672 4817/42/3707 4823/40/3713
f 4792/62/3682 4774/64/3664 4824/64/3714
f 4792/62/3682 4824/64/3714 4821/62/3711
f 4765/26/3655 4764/28/3654 4819/28/3709
f 4765/26/3655 4819/28/3709 4825/26/3715
f 4761/18/70 4768/20/3658 4820/20/3710
f 4761/18/70 4820/20/3710 4762/18/3652
f 4774/64/3664 4773/66/3663 4826/66/3716
f 4774/64/3664 4826/66/3716 4824/64/3714
f 4778/4/3668 4777/6/3667 4822/6/3712
f 4778/4/3668 4822/6/3712 4798/4/3688
f 4783/38/3673 4782/40/3672 4823/40/3713
f 4783/38/3673 4823/40/3713 4800/38/3690
f 4780/24/3670 4765/26/3655 4825/26/3715
f 4780/24/3670 4825/26/3715 4813/24/3703
f 4827/10/3717 4828/12/3718 4829/12/3719
f 4827/10/3717 4829/12/3719 4830/10/3720
f 4804/48/3694 4805/50/3695 4831/50/3721
f 4804/48/3694 4831/50/3721 4832/48/3722
f 4806/12/3696 4803/14/3693 4833/14/3723
f 4806/12/3696 4833/14/3723 4828/12/3718
f 4805/50/3695 4807/52/3697 4834/52/3724
f 4805/50/3695 4834/52/3724 4831/50/3721
f 4808/32/3698 4794/34/3684 4797/34/3687
f 4808/32/3698 4797/34/3687 4835/32/3725
f 4807/52/3697 4809/54/3699 4836/54/3726
f 4807/52/3697 4836/54/3726 4834/52/3724
f 4810/10/3700 4806/12/3696 4828/12/3718
f 4810/10/3700 4828/12/3718 4827/10/3717
f 4809/54/3699 4811/56/3701 4837/56/3727
f 4809/54/3699 4837/56/3727 4836/54/3726
f 4812/30/3702 4808/32/3698 4835/32/3725
f 4812/30/3702 4835/32/3725 4838/30/3728
f 4814/22/3704 4813/24/3703 4839/24/3729
f 4814/22/3704 4839/24/3729 4840/22/3730
f 4811/56/3701 4815/58/3705 4841/58/3731
f 4811/56/3701 4841/58/3731 4837/56/3727
f 4816/8/3706 4810/10/3700 4827/10/3717
f 4816/8/3706 4827/10/3717 4842/8/3732
f 4817/42/3707 4802/44/3692 4843/44/3733
f 4817/42/3707 4843/44/3733 4844/42/3734
f 4815/58/3705 4818/60/3708 4845/60/3735
f 4815/58/3705 4845/60/3735 4841/58/3731
f 4819/28/3709 4812/30/3702 4838/30/3728
f 4819/28/3709 4838/30/3728 4846/28/3736
f 4820/20/3710 4814/22/3704 4840/22/3730
f 4820/20/3710 4840/22/3730 4847/20/3737
f 4818/60/3708 4821/62/3711 4848/62/3738
f 4818/60/3708 4848/62/3738 4845/60/3735
f 4822/6/3712 4816/8/3706 4842/8/3732
f 4822/6/3712 4842/8/3732 4849/6/3739
f 4823/40/3713 4817/42/3707 4844/42/3734
f 4823/40/3713 4844/42/3734 4850/40/3740
f 4821/62/3711 4824/64/3714 4851/64/3741
f 4821/62/3711 4851/64/3741 4848/62/3738
f 4825/26/3715 4819/28/3709 4846/28/3736
f 4825/26/3715 4846/28/3736 4852/26/3742
f 4762/18/3652 4820/20/3710 4847/20/3737
f 4762/18/3652 4847/20/3737 4853/18/3743
f 4824/64/3714 4826/66/3716 4854/66/3744
f 4824/64/3714 4854/66/3744 4851/64/3741
f 4798/4/3688 4822/6/3712 4849/6/3739
f 4798/4/3688 4849/6/3739 4855/4/3745
f 4800/38/3690 4823/40/3713 4850/40/3740
f 4800/38/3690 4850/40/3740 4856/38/3746
f 4813/24/3703 4825/26/3715 4852/26/3742
f 4813/24/3703 4852/26/3742 4839/24/3729
f 4763/16/3653 4762/18/3652 4853/18/3743
f 4763/16/3653 4853/18/3743 4857/16/3747
f 4799/1/3689 4798/4/3688 4855/4/3745
f 4799/1/3689 4855/4/3745 4858/1/3748
f 4795/36/3685 4800/38/3690 4856/38/3746
f 4795/36/3685 4856/38/3746 4796/36/3686
f 4802/44/3692 4801/46/3691 4859/46/3749
f 4802/44/3692 4859/46/3749 4843/44/3733
f 4803/14/3693 4763/16/3653 4857/16/3747
f 4803/14/3693 4857/16/3747 4833/14/3723
f 4801/46/3691 4804/48/3694 4832/48/3722
f 4801/46/3691 4832/48/3722 4859/46/3749
f 4860/28/3750 4861/30/3751 4862/30/3752
f 4860/28/3750 4862/30/3752 4863/28/3753
f 4836/54/3726 4837/56/3727 4864/56/3754
f 4836/54/3726 4864/56/3754 4865/54/3755
f 4838/30/3728 4835/32/3725 4866/32/3756
f 4838/30/3728 4866/32/3756 4861/30/3751
f 4840/22/3730 4839/24/3729 4867/24/3757
f 4840/22/3730 4867/24/3757 4868/22/3758
f 4837/56/3727 4841/58/3731 4869/58/3759
f 4837/56/3727 4869/58/3759 4864/56/3754
f 4842/8/3732 4827/10/3717 4830/10/3720
f 4842/8/3732 4830/10/3720 4870/8/3760
f 4844/42/3734 4843/44/3733 4871/44/3761
f 4844/42/3734 4871/44/3761 4872/42/3762
f 4841/58/3731 4845/60/3735 4873/60/3763
f 4841/58/3731 4873/60/3763 4869/58/3759
f 4846/28/3736 4838/30/3728 4861/30/3751
f 4846/28/3736 4861/30/3751 4860/28/3750
f 4847/20/3737 4840/22/3730 4868/22/3758
f 4847/20/3737 4868/22/3758 4874/20/3764
f 4845/60/3735 4848/62/3738 4875/62/3765
f 4845/60/3735 4875/62/3765 4873/60/3763
f 4849/6/3739 4842/8/3732 4870/8/3760
f 4849/6/3739 4870/8/3760 4876/6/3766
f 4850/40/3740 4844/42/3734 4872/42/3762
f 4850/40/3740 4872/42/3762 4877/40/3767
f 4848/62/3738 4851/64/3741 4878/64/3768
f 4848/62/3738 4878/64/3768 4875/62/3765
f 4852/26/3742 4846/28/3736 4860/28/3750
f 4852/26/3742 4860/28/3750 4879/26/3769
f 4853/18/3743 4847/20/3737 4874/20/3764
f 4853/18/3743 4874/20/3764 4880/18/3770
f 4851/64/3741 4854/66/3744 4881/66/3771
f 4851/64/3741 4881/66/3771 4878/64/3768
f 4855/4/3745 4849/6/3739 4876/6/3766
f 4855/4/3745 4876/6/3766 4882/4/3772
f 4856/38/3746 4850/40/3740 4877/40/3767
f 4856/38/3746 4877/40/3767 4883/38/3773
f 4839/24/3729 4852/26/3742 4879/26/3769
f 4839/24/3729 4879/26/3769 4867/24/3757
f 4857/16/3747 4853/18/3743 4880/18/3770
f 4857/16/3747 4880/18/3770 4884/16/3774
f 4858/1/3748 4855/4/3745 4882/4/3772
f 4858/1/3748 4882/4/3772 4885/1/3775
f 4796/36/3686 4856/38/3746 4883/38/3773
f 4796/36/3686 4883/38/3773 4886/36/3776
f 4843/44/3733 4859/46/3749 4887/46/3777
f 4843/44/3733 4887/46/3777 4871/44/3761
f 4833/14/3723 4857/16/3747 4884/16/3774
f 4833/14/3723 4884/16/3774 4888/14/3778
f 4859/46/3749 4832/48/3722 4889/48/3779
f 4859/46/3749 4889/48/3779 4887/46/3777
f 4797/34/3687 4796/36/3686 4886/36/3776
f 4797/34/3687 4886/36/3776 4890/34/3780
f 4832/48/3722 4831/50/3721 4891/50/3781
f 4832/48/3722 4891/50/3781 4889/48/3779
f 4828/12/3718 4833/14/3723 4888/14/3778
f 4828/12/3718 4888/14/3778 4829/12/3719
f 4831/50/3721 4834/52/3724 4892/52/3782
f 4831/50/3721 4892/52/3782 4891/50/3781
f 4835/32/3725 4797/34/3687 4890/34/3780
f 4835/32/3725 4890/34/3780 4866/32/3756
f 4834/52/3724 4836/54/3726 4865/54/3755
f 4834/52/3724 4865/54/3755 4892/52/3782
f 4893/4/3783 4894/6/3784 4895/6/3785
f 4893/4/3783 4895/6/3785 4896/4/3786
f 4874/20/3764 4868/22/3758 4897/22/3787
f 4874/20/3764 4897/22/3787 4898/20/3788
f 4873/60/3763 4875/62/3765 4899/62/3789
f 4873/60/3763 4899/62/3789 4900/60/3790
f 4876/6/3766 4870/8/3760 4901/8/3791
f 4876/6/3766 4901/8/3791 4894/6/3784
f 4877/40/3767 4872/42/3762 4902/42/3792
f 4877/40/3767 4902/42/3792 4903/40/3793
f 4875/62/3765 4878/64/3768 4904/64/3794
f 4875/62/3765 4904/64/3794 4899/62/3789
f 4879/26/3769 4860/28/3750 4863/28/3753
f 4879/26/3769 4863/28/3753 4905/26/3795
f 4880/18/3770 4874/20/3764 4898/20/3788
f 4880/18/3770 4898/20/3788 4906/18/3796
f 4878/64/3768 4881/66/3771 4907/66/3797
f 4878/64/3768 4907/66/3797 4904/64/3794
f 4882/4/3772 4876/6/3766 4894/6/3784
f 4882/4/3772 4894/6/3784 4893/4/3783
f 4883/38/3773 4877/40/3767 4903/40/3793
f 4883/38/3773 4903/40/3793 4908/38/3798
f 4867/24/3757 4879/26/3769 4905/26/3795
f 4867/24/3757 4905/26/3795 4909/24/3799
f 4884/16/3774 4880/18/3770 4906/18/3796
f 4884/16/3774 4906/18/3796 4910/16/3800
f 4885/1/3775 4882/4/3772 4893/4/3783
f 4885/1/3775 4893/4/3783 4911/1/3801
f 4886/36/3776 4883/38/3773 4908/38/3798
f 4886/36/3776 4908/38/3798 4912/36/3802
f 4871/44/3761 4887/46/3777 4913/46/3803
f 4871/44/3761 4913/46/3803 4914/44/3804
f 4888/14/3778 4884/16/3774 4910/16/3800
f 4888/14/3778 4910/16/3800 4915/14/3805
f 4887/46/3777 4889/48/3779 4916/48/3806
f 4887/46/3777 4916/48/3806 4913/46/3803
f 4890/34/3780 4886/36/3776 4912/36/3802
f 4890/34/3780 4912/36/3802 4917/34/3807
f 4889/48/3779 4891/50/3781 4918/50/3808
f 4889/48/3779 4918/50/3808 4916/48/3806
f 4829/12/3719 4888/14/3778 4915/14/3805
f 4829/12/3719 4915/14/3805 4919/12/3809
f 4891/50/3781 4892/52/3782 4920/52/3810
f 4891/50/3781 4920/52/3810 4918/50/3808
f 4866/32/3756 4890/34/3780 4917/34/3807
f 4866/32/3756 4917/34/3807 4921/32/3811
f 4892/52/3782 4865/54/3755 4922/54/3812
f 4892/52/3782 4922/54/3812 4920/52/3810
f 4830/10/3720 4829/12/3719 4919/12/3809
f 4830/10/3720 4919/12/3809 4923/10/3813
f 4865/54/3755 4864/56/3754 4924/56/3814
f 4865/54/3755 4924/56/3814 4922/54/3812
f 4861/30/3751 4866/32/3756 4921/32/3811
f 4861/30/3751 4921/32/3811 4862/30/3752
f 4868/22/3758 4867/24/3757 4909/24/3799
f 4868/22/3758 4909/24/3799 4897/22/3787
f 4864/56/3754 4869/58/3759 4925/58/3815
f 4864/56/3754 4925/58/3815 4924/56/3814
f 4870/8/3760 4830/10/3720 4923/10/3813
f 4870/8/3760 4923/10/3813 4901/8/3791
f 4872/42/3762 4871/44/3761 4914/44/3804
f 4872/42/3762 4914/44/3804 4902/42/3792
f 4869/58/3759 4873/60/3763 4900/60/3790
f 4869/58/3759 4900/60/3790 4925/58/3815
f 4926/44/3816 4927/46/3817 4928/46/3818
f 4926/44/3816 4928/46/3818 4929/44/3819
f 4908/38/3798 4903/40/3793 4930/40/3820
f 4908/38/3798 4930/40/3820 4931/38/3821
f 4909/24/3799 4905/26/3795 4932/26/3822
f 4909/24/3799 4932/26/3822 4933/24/3823
f 4910/16/3800 4906/18/3796 4934/18/3824
f 4910/16/3800 4934/18/3824 4935/16/3825
f 4911/1/3801 4893/4/3783 4896/4/3786
f 4911/1/3801 4896/4/3786 4936/1/3826
f 4912/36/3802 4908/38/3798 4931/38/3821
f 4912/36/3802 4931/38/3821 4937/36/3827
f 4914/44/3804 4913/46/3803 4927/46/3817
f 4914/44/3804 4927/46/3817 4926/44/3816
f 4915/14/3805 4910/16/3800 4935/16/3825
f 4915/14/3805 4935/16/3825 4938/14/3828
f 4913/46/3803 4916/48/3806 4939/48/3829
f 4913/46/3803 4939/48/3829 4927/46/3817
f 4917/34/3807 4912/36/3802 4937/36/3827
f 4917/34/3807 4937/36/3827 4940/34/3830
f 4916/48/3806 4918/50/3808 4941/50/3831
f 4916/48/3806 4941/50/3831 4939/48/3829
f 4919/12/3809 4915/14/3805 4938/14/3828
f 4919/12/3809 4938/14/3828 4942/12/3832
f 4918/50/3808 4920/52/3810 4943/52/3833
f 4918/50/3808 4943/52/3833 4941/50/3831
f 4921/32/3811 4917/34/3807 4940/34/3830
f 4921/32/3811 4940/34/3830 4944/32/3834
f 4920/52/3810 4922/54/3812 4945/54/3835
f 4920/52/3810 4945/54/3835 4943/52/3833
f 4923/10/3813 4919/12/3809 4942/12/3832
f 4923/10/3813 4942/12/3832 4946/10/3836
f 4922/54/3812 4924/56/3814 4947/56/3837
f 4922/54/3812 4947/56/3837 4945/54/3835
f 4862/30/3752 4921/32/3811 4944/32/3834
f 4862/30/3752 4944/32/3834 4948/30/3838
f 4897/22/3787 4909/24/3799 4933/24/3823
f 4897/22/3787 4933/24/3823 4949/22/3839
f 4924/56/3814 4925/58/3815 4950/58/3840
f 4924/56/3814 4950/58/3840 4947/56/3837
f 4901/8/3791 4923/10/3813 4946/10/3836
f 4901/8/3791 4946/10/3836 4951/8/3841
f 4902/42/3792 4914/44/3804 4926/44/3816
f 4902/42/3792 4926/44/3816 4952/42/3842
f 4925/58/3815 4900/60/3790 4953/60/3843
f 4925/58/3815 4953/60/3843 4950/58/3840
f 4863/28/3753 4862/30/3752 4948/30/3838
f 4863/28/3753 4948/30/3838 4954/28/3844
f 4898/20/3788 4897/22/3787 4949/22/3839
f 4898/20/3788 4949/22/3839 4955/20/3845
f 4900/60/3790 4899/62/3789 4956/62/3846
f 4900/60/3790 4956/62/3846 4953/60/3843
f 4894/6/3784 4901/8/3791 4951/8/3841
f 4894/6/3784 4951/8/3841 4895/6/3785
f 4903/40/3793 4902/42/3792 4952/42/3842
f 4903/40/3793 4952/42/3842 4930/40/3820
f 4899/62/3789 4904/64/3794 4957/64/3847
f 4899/62/3789 4957/64/3847 4956/62/3846
f 4905/26/3795 4863/28/3753 4954/28/3844
f 4905/26/3795 4954/28/3844 4932/26/3822
f 4906/18/3796 4898/20/3788 4955/20/3845
f 4906/18/3796 4955/20/3845 4934/18/3824
f 4904/64/3794 4907/66/3797 4958/66/3848
f 4904/64/3794 4958/66/3848 4957/64/3847
f 4959/50/3849 4960/52/3850 4961/52/3851
f 4959/50/3849 4961/52/3851 4962/50/3852
f 4938/14/3828 4935/16/3825 4963/16/3853
f 4938/14/3828 4963/16/3853 4964/14/3854
f 4927/46/3817 4939/48/3829 4965/48/3855
f 4927/46/3817 4965/48/3855 4928/46/3818
f 4940/34/3830 4937/36/3827 4966/36/3856
f 4940/34/3830 4966/36/3856 4967/34/3857
f 4939/48/3829 4941/50/3831 4959/50/3849
f 4939/48/3829 4959/50/3849 4965/48/3855
f 4942/12/3832 4938/14/3828 4964/14/3854
f 4942/12/3832 4964/14/3854 4968/12/3858
f 4941/50/3831 4943/52/3833 4960/52/3850
f 4941/50/3831 4960/52/3850 4959/50/3849
f 4944/32/3834 4940/34/3830 4967/34/3857
f 4944/32/3834 4967/34/3857 4969/32/3859
f 4943/52/3833 4945/54/3835 4970/54/3860
f 4943/52/3833 4970/54/3860 4960/52/3850
f 4946/10/3836 4942/12/3832 4968/12/3858
f 4946/10/3836 4968/12/3858 4971/10/3861
f 4945/54/3835 4947/56/3837 4972/56/3862
f 4945/54/3835 4972/56/3862 4970/54/3860
f 4948/30/3838 4944/32/3834 4969/32/3859
f 4948/30/3838 4969/32/3859 4973/30/3863
f 4949/22/3839 4933/24/3823 4974/24/3864
f 4949/22/3839 4974/24/3864 4975/22/3865
f 4947/56/3837 4950/58/3840 4976/58/3866
f 4947/56/3837 4976/58/3866 4972/56/3862
f 4951/8/3841 4946/10/3836 4971/10/3861
f 4951/8/3841 4971/10/3861 4977/8/3867
f 4952/42/3842 4926/44/3816 4929/44/3819
f 4952/42/3842 4929/44/3819 4978/42/3868
f 4950/58/3840 4953/60/3843 4979/60/3869
f 4950/58/3840 4979/60/3869 4976/58/3866
f 4954/28/3844 4948/30/3838 4973/30/3863
f 4954/28/3844 4973/30/3863 4980/28/3870
f 4955/20/3845 4949/22/3839 4975/22/3865
f 4955/20/3845 4975/22/3865 4981/20/3871
f 4953/60/3843 4956/62/3846 4982/62/3872
f 4953/60/3843 4982/62/3872 4979/60/3869
f 4895/6/3785 4951/8/3841 4977/8/3867
f 4895/6/3785 4977/8/3867 4983/6/3873
f 4930/40/3820 4952/42/3842 4978/42/3868
f 4930/40/3820 4978/42/3868 4984/40/3874
f 4956/62/3846 4957/64/3847 4985/64/3875
f 4956/62/3846 4985/64/3875 4982/62/3872
f 4932/26/3822 4954/28/3844 4980/28/3870
f 4932/26/3822 4980/28/3870 4986/26/3876
f 4934/18/3824 4955/20/3845 4981/20/3871
f 4934/18/3824 4981/20/3871 4987/18/3877
f 4957/64/3847 4958/66/3848 4988/66/3878
f 4957/64/3847 4988/66/3878 4985/64/3875
f 4896/4/3786 4895/6/3785 4983/6/3873
f 4896/4/3786 4983/6/3873 4989/4/3879
f 4931/38/3821 4930/40/3820 4984/40/3874
f 4931/38/3821 4984/40/3874 4990/38/3880
f 4933/24/3823 4932/26/3822 4986/26/3876
f 4933/24/3823 4986/26/3876 4974/24/3864
f 4935/16/3825 4934/18/3824 4987/18/3877
f 4935/16/3825 4987/18/3877 4963/16/3853
f 4936/1/3826 4896/4/3786 4989/4/3879
f 4936/1/3826 4989/4/3879 4991/1/3878
f 4937/36/3827 4931/38/3821 4990/38/3880
f 4937/36/3827 4990/38/3880 4966/36/3856
f 4992/56/3881 4993/58/3882 4994/58/3883
f 4992/56/3881 4994/58/3883 4995/56/3884
f 4969/32/3859 4967/34/3857 4996/34/3885
f 4969/32/3859 4996/34/3885 4997/32/3886
f 4960/52/3850 4970/54/3860 4998/54/3887
f 4960/52/3850 4998/54/3887 4961/52/3851
f 4971/10/3861 4968/12/3858 4999/12/3888
f 4971/10/3861 4999/12/3888 5000/10/3889
f 4970/54/3860 4972/56/3862 4992/56/3881
f 4970/54/3860 4992/56/3881 4998/54/3887
f 4973/30/3863 4969/32/3859 4997/32/3886
f 4973/30/3863 4997/32/3886 5001/30/3890
f 4975/22/3865 4974/24/3864 5002/24/3891
f 4975/22/3865 5002/24/3891 5003/22/3892
f 4972/56/3862 4976/58/3866 4993/58/3882
f 4972/56/3862 4993/58/3882 4992/56/3881
f 4977/8/3867 4971/10/3861 5000/10/3889
f 4977/8/3867 5000/10/3889 5004/8/3893
f 4978/42/3868 4929/44/3819 5005/44/3894
f 4978/42/3868 5005/44/3894 5006/42/3895
f 4976/58/3866 4979/60/3869 5007/60/3896
f 4976/58/3866 5007/60/3896 4993/58/3882
f 4980/28/3870 4973/30/3863 5001/30/3890
f 4980/28/3870 5001/30/3890 5008/28/3897
f 4981/20/3871 4975/22/3865 5003/22/3892
f 4981/20/3871 5003/22/3892 5009/20/3898
f 4979/60/3869 4982/62/3872 5010/62/3899
f 4979/60/3869 5010/62/3899 5007/60/3896
f 4983/6/3873 4977/8/3867 5004/8/3893
f 4983/6/3873 5004/8/3893 5011/6/3900
f 4984/40/3874 4978/42/3868 5006/42/3895
f 4984/40/3874 5006/42/3895 5012/40/3901
f 4982/62/3872 4985/64/3875 5013/64/3902
f 4982/62/3872 5013/64/3902 5010/62/3899
f 4986/26/3876 4980/28/3870 5008/28/3897
f 4986/26/3876 5008/28/3897 5014/26/3903
f 4987/18/3877 4981/20/3871 5009/20/3898
f 4987/18/3877 5009/20/3898 5015/18/3904
f 4985/64/3875 4988/66/3878 5016/66/3905
f 4985/64/3875 5016/66/3905 5013/64/3902
f 4989/4/3879 4983/6/3873 5011/6/3900
f 4989/4/3879 5011/6/3900 5017/4/3906
f 4990/38/3880 4984/40/3874 5012/40/3901
f 4990/38/3880 5012/40/3901 5018/38/3907
f 4974/24/3864 4986/26/3876 5014/26/3903
f 4974/24/3864 5014/26/3903 5002/24/3891
f 4963/16/3853 4987/18/3877 5015/18/3904
f 4963/16/3853 5015/18/3904 5019/16/3908
f 4991/1/3878 4989/4/3879 5017/4/3906
f 4991/1/3878 5017/4/3906 5020/1/3909
f 4966/36/3856 4990/38/3880 5018/38/3907
f 4966/36/3856 5018/38/3907 5021/36/3910
f 4929/44/3819 4928/46/3818 5022/46/3911
f 4929/44/3819 5022/46/3911 5005/44/3894
f 4964/14/3854 4963/16/3853 5019/16/3908
f 4964/14/3854 5019/16/3908 5023/14/3912
f 4928/46/3818 4965/48/3855 5024/48/3913
f 4928/46/3818 5024/48/3913 5022/46/3911
f 4967/34/3857 4966/36/3856 5021/36/3910
f 4967/34/3857 5021/36/3910 4996/34/3885
f 4965/48/3855 4959/50/3849 4962/50/3852
f 4965/48/3855 4962/50/3852 5024/48/3913
f 4968/12/3858 4964/14/3854 5023/14/3912
f 4968/12/3858 5023/14/3912 4999/12/3888
f 5025/62/3914 5026/64/3915 5027/64/3916
f 5025/62/3914 5027/64/3916 5028/62/3917
f 5004/8/3893 5000/10/3889 5029/10/3918
f 5004/8/3893 5029/10/3918 5030/8/3919
f 5006/42/3895 5005/44/3894 5031/44/3920
f 5006/42/3895 5031/44/3920 5032/42/3921
f 4993/58/3882 5007/60/3896 5033/60/3922
f 4993/58/3882 5033/60/3922 4994/58/3883
f 5008/28/3897 5001/30/3890 5034/30/3923
f 5008/28/3897 5034/30/3923 5035/28/3924
f 5009/20/3898 5003/22/3892 5036/22/3925
f 5009/20/3898 5036/22/3925 5037/20/3926
f 5007/60/3896 5010/62/3899 5025/62/3914
f 5007/60/3896 5025/62/3914 5033/60/3922
f 5011/6/3900 5004/8/3893 5030/8/3919
f 5011/6/3900 5030/8/3919 5038/6/3927
f 5012/40/3901 5006/42/3895 5032/42/3921
f 5012/40/3901 5032/42/3921 5039/40/3928
f 5010/62/3899 5013/64/3902 5026/64/3915
f 5010/62/3899 5026/64/3915 5025/62/3914
f 5014/26/3903 5008/28/3897 5035/28/3924
f 5014/26/3903 5035/28/3924 5040/26/3929
f 5015/18/3904 5009/20/3898 5037/20/3926
f 5015/18/3904 5037/20/3926 5041/18/3930
f 5013/64/3902 5016/66/3905 5042/66/3931
f 5013/64/3902 5042/66/3931 5026/64/3915
f 5017/4/3906 5011/6/3900 5038/6/3927
f 5017/4/3906 5038/6/3927 5043/4/3932
f 5018/38/3907 5012/40/3901 5039/40/3928
f 5018/38/3907 5039/40/3928 5044/38/3933
f 5002/24/3891 5014/26/3903 5040/26/3929
f 5002/24/3891 5040/26/3929 5045/24/3934
f 5019/16/3908 5015/18/3904 5041/18/3930
f 5019/16/3908 5041/18/3930 5046/16/3935
f 5020/1/3909 5017/4/3906 5043/4/3932
f 5020/1/3909 5043/4/3932 5047/1/3936
f 5021/36/3910 5018/38/3907 5044/38/3933
f 5021/36/3910 5044/38/3933 5048/36/3937
f 5005/44/3894 5022/46/3911 5049/46/3938
f 5005/44/3894 5049/46/3938 5031/44/3920
f 5023/14/3912 5019/16/3908 5046/16/3935
f 5023/14/3912 5046/16/3935 5050/14/3939
f 5022/46/3911 5024/48/3913 5051/48/3940
f 5022/46/3911 5051/48/3940 5049/46/3938
f 4996/34/3885 5021/36/3910 5048/36/3937
f 4996/34/3885 5048/36/3937 5052/34/3941
f 5024/48/3913 4962/50/3852 5053/50/3942
f 5024/48/3913 5053/50/3942 5051/48/3940
f 4999/12/3888 5023/14/3912 5050/14/3939
f 4999/12/3888 5050/14/3939 5054/12/3943
f 4962/50/3852 4961/52/3851 5055/52/3944
f 4962/50/3852 5055/52/3944 5053/50/3942
f 4997/32/3886 4996/34/3885 5052/34/3941
f 4997/32/3886 5052/34/3941 5056/32/3945
f 4961/52/3851 4998/54/3887 5057/54/3946
f 4961/52/3851 5057/54/3946 5055/52/3944
f 5000/10/3889 4999/12/3888 5054/12/3943
f 5000/10/3889 5054/12/3943 5029/10/3918
f 4998/54/3887 4992/56/3881 4995/56/3884
f 4998/54/3887 4995/56/3884 5057/54/3946
f 5001/30/3890 4997/32/3886 5056/32/3945
f 5001/30/3890 5056/32/3945 5034/30/3923
f 5003/22/3892 5002/24/3891 5045/24/3934
f 5003/22/3892 5045/24/3934 5036/22/3925
f 5058/1/3947 5059/4/3948 5060/4/3949
f 5058/1/3947 5060/4/3949 5061/1/3950
f 5040/26/3929 5035/28/3924 5062/28/3951
f 5040/26/3929 5062/28/3951 5063/26/3952
f 5041/18/3930 5037/20/3926 5064/20/3953
f 5041/18/3930 5064/20/3953 5065/18/3954
f 5026/64/3915 5042/66/3931 5066/66/3955
f 5026/64/3915 5066/66/3955 5027/64/3916
f 5043/4/3932 5038/6/3927 5067/6/3956
f 5043/4/3932 5067/6/3956 5059/4/3948
f 5044/38/3933 5039/40/3928 5068/40/3957
f 5044/38/3933 5068/40/3957 5069/38/3958
f 5045/24/3934 5040/26/3929 5063/26/3952
f 5045/24/3934 5063/26/3952 5070/24/3959
f 5046/16/3935 5041/18/3930 5065/18/3954
f 5046/16/3935 5065/18/3954 5071/16/3960
f 5047/1/3936 5043/4/3932 5059/4/3948
f 5047/1/3936 5059/4/3948 5058/1/3947
f 5048/36/3937 5044/38/3933 5069/38/3958
f 5048/36/3937 5069/38/3958 5072/36/3961
f 5031/44/3920 5049/46/3938 5073/46/3962
f 5031/44/3920 5073/46/3962 5074/44/3963
f 5050/14/3939 5046/16/3935 5071/16/3960
f 5050/14/3939 5071/16/3960 5075/14/3964
f 5049/46/3938 5051/48/3940 5076/48/3965
f 5049/46/3938 5076/48/3965 5073/46/3962
f 5052/34/3941 5048/36/3937 5072/36/3961
f 5052/34/3941 5072/36/3961 5077/34/3966
f 5051/48/3940 5053/50/3942 5078/50/3967
f 5051/48/3940 5078/50/3967 5076/48/3965
f 5054/12/3943 5050/14/3939 5075/14/3964
f 5054/12/3943 5075/14/3964 5079/12/3968
f 5053/50/3942 5055/52/3944 5080/52/3969
f 5053/50/3942 5080/52/3969 5078/50/3967
f 5056/32/3945 5052/34/3941 5077/34/3966
f 5056/32/3945 5077/34/3966 5081/32/3970
f 5055/52/3944 5057/54/3946 5082/54/3971
f 5055/52/3944 5082/54/3971 5080/52/3969
f 5029/10/3918 5054/12/3943 5079/12/3968
f 5029/10/3918 5079/12/3968 5083/10/3972
f 5057/54/3946 4995/56/3884 5084/56/3973
f 5057/54/3946 5084/56/3973 5082/54/3971
f 5034/30/3923 5056/32/3945 5081/32/3970
f 5034/30/3923 5081/32/3970 5085/30/3974
f 5036/22/3925 5045/24/3934 5070/24/3959
f 5036/22/3925 5070/24/3959 5086/22/3975
f 4995/56/3884 4994/58/3883 5087/58/3976
f 4995/56/3884 5087/58/3976 5084/56/3973
f 5030/8/3919 5029/10/3918 5083/10/3972
f 5030/8/3919 5083/10/3972 5088/8/3977
f 5032/42/3921 5031/44/3920 5074/44/3963
f 5032/42/3921 5074/44/3963 5089/42/3978
f 4994/58/3883 5033/60/3922 5090/60/3979
f 4994/58/3883 5090/60/3979 5087/58/3976
f 5035/28/3924 5034/30/3923 5085/30/3974
f 5035/28/3924 5085/30/3974 5062/28/3951
f 5037/20/3926 5036/22/3925 5086/22/3975
f 5037/20/3926 5086/22/3975 5064/20/3953
f 5033/60/3922 5025/62/3914 5028/62/3917
f 5033/60/3922 5028/62/3917 5090/60/3979
f 5038/6/3927 5030/8/3919 5088/8/3977
f 5038/6/3927 5088/8/3977 5067/6/3956
f 5039/40/3928 5032/42/3921 5089/42/3978
f 5039/40/3928 5089/42/3978 5068/40/3957
f 5091/48/3980 5092/50/3981 5093/50/3982
f 5091/48/3980 5093/50/3982 5094/48/3983
f 5072/36/3961 5069/38/3958 5095/38/3984
f 5072/36/3961 5095/38/3984 5096/36/3985
f 5074/44/3963 5073/46/3962 5097/46/3986
f 5074/44/3963 5097/46/3986 5098/44/3987
f 5075/14/3964 5071/16/3960 5099/16/3988
f 5075/14/3964 5099/16/3988 5100/14/3989
f 5073/46/3962 5076/48/3965 5091/48/3980
f 5073/46/3962 5091/48/3980 5097/46/3986
f 5077/34/3966 5072/36/3961 5096/36/3985
f 5077/34/3966 5096/36/3985 5101/34/3990
f 5076/48/3965 5078/50/3967 5092/50/3981
f 5076/48/3965 5092/50/3981 5091/48/3980
f 5079/12/3968 5075/14/3964 5100/14/3989
f 5079/12/3968 5100/14/3989 5102/12/3991
f 5078/50/3967 5080/52/3969 5103/52/3992
f 5078/50/3967 5103/52/3992 5092/50/3981
f 5081/32/3970 5077/34/3966 5101/34/3990
f 5081/32/3970 5101/34/3990 5104/32/3993
f 5080/52/3969 5082/54/3971 5105/54/3994
f 5080/52/3969 5105/54/3994 5103/52/3992
f 5083/10/3972 5079/12/3968 5102/12/3991
f 5083/10/3972 5102/12/3991 5106/10/3995
f 5082/54/3971 5084/56/3973 5107/56/3996
f 5082/54/3971 5107/56/3996 5105/54/3994
f 5085/30/3974 5081/32/3970 5104/32/3993
f 5085/30/3974 5104/32/3993 5108/30/3997
f 5086/22/3975 5070/24/3959 5109/24/3998
f 5086/22/3975 5109/24/3998 5110/22/3999
f 5084/56/3973 5087/58/3976 5111/58/4000
f 5084/56/3973 5111/58/4000 5107/56/3996
f 5088/8/3977 5083/10/3972 5106/10/3995
f 5088/8/3977 5106/10/3995 5112/8/4001
f 5089/42/3978 5074/44/3963 5098/44/3987
f 5089/42/3978 5098/44/3987 5113/42/4002
f 5087/58/3976 5090/60/3979 5114/60/4003
f 5087/58/3976 5114/60/4003 5111/58/4000
f 5062/28/3951 5085/30/3974 5108/30/3997
f 5062/28/3951 5108/30/3997 5115/28/4004
f 5064/20/3953 5086/22/3975 5110/22/3999
f 5064/20/3953 5110/22/3999 5116/20/4005
f 5090/60/3979 5028/62/3917 5117/62/4006
f 5090/60/3979 5117/62/4006 5114/60/4003
f 5067/6/3956 5088/8/3977 5112/8/4001
f 5067/6/3956 5112/8/4001 5118/6/4007
f 5068/40/3957 5089/42/3978 5113/42/4002
f 5068/40/3957 5113/42/4002 5119/40/4008
f 5028/62/3917 5027/64/3916 5120/64/4009
f 5028/62/3917 5120/64/4009 5117/62/4006
f 5063/26/3952 5062/28/3951 5115/28/4004
f 5063/26/3952 5115/28/4004 5121/26/4010
f 5065/18/3954 5064/20/3953 5116/20/4005
f 5065/18/3954 5116/20/4005 5122/18/4011
f 5027/64/3916 5066/66/3955 5123/66/4012
f 5027/64/3916 5123/66/4012 5120/64/4009
f 5059/4/3948 5067/6/3956 5118/6/4007
f 5059/4/3948 5118/6/4007 5060/4/3949
f 5069/38/3958 5068/40/3957 5119/40/4008
f 5069/38/3958 5119/40/4008 5095/38/3984
f 5070/24/3959 5063/26/3952 5121/26/4010
f 5070/24/3959 5121/26/4010 5109/24/3998
f 5071/16/3960 5065/18/3954 5122/18/4011
f 5071/16/3960 5122/18/4011 5099/16/3988
f 5124/54/4013 5125/56/4014 5126/56/4015
f 5124/54/4013 5126/56/4015 5127/54/4016
f 5102/12/3991 5100/14/3989 5128/14/4017
f 5102/12/3991 5128/14/4017 5129/12/4018
f 5092/50/3981 5103/52/3992 5130/52/4019
f 5092/50/3981 5130/52/4019 5093/50/3982
f 5104/32/3993 5101/34/3990 5131/34/4020
f 5104/32/3993 5131/34/4020 5132/32/4021
f 5103/52/3992 5105/54/3994 5124/54/4013
f 5103/52/3992 5124/54/4013 5130/52/4019
f 5106/10/3995 5102/12/3991 5129/12/4018
f 5106/10/3995 5129/12/4018 5133/10/4022
f 5105/54/3994 5107/56/3996 5125/56/4014
f 5105/54/3994 5125/56/4014 5124/54/4013
f 5108/30/3997 5104/32/3993 5132/32/4021
f 5108/30/3997 5132/32/4021 5134/30/4023
f 5110/22/3999 5109/24/3998 5135/24/4024
f 5110/22/3999 5135/24/4024 5136/22/4025
f 5107/56/3996 5111/58/4000 5137/58/4026
f 5107/56/3996 5137/58/4026 5125/56/4014
f 5112/8/4001 5106/10/3995 5133/10/4022
f 5112/8/4001 5133/10/4022 5138/8/4027
f 5113/42/4002 5098/44/3987 5139/44/4028
f 5113/42/4002 5139/44/4028 5140/42/4029
f 5111/58/4000 5114/60/4003 5141/60/4030
f 5111/58/4000 5141/60/4030 5137/58/4026
f 5115/28/4004 5108/30/3997 5134/30/4023
f 5115/28/4004 5134/30/4023 5142/28/4031
f 5116/20/4005 5110/22/3999 5136/22/4025
f 5116/20/4005 5136/22/4025 5143/20/4032
f 5114/60/4003 5117/62/4006 5144/62/4033
f 5114/60/4003 5144/62/4033 5141/60/4030
f 5118/6/4007 5112/8/4001 5138/8/4027
f 5118/6/4007 5138/8/4027 5145/6/4034
f 5119/40/4008 5113/42/4002 5140/42/4029
f 5119/40/4008 5140/42/4029 5146/40/4035
f 5117/62/4006 5120/64/4009 5147/64/4036
f 5117/62/4006 5147/64/4036 5144/62/4033
f 5121/26/4010 5115/28/4004 5142/28/4031
f 5121/26/4010 5142/28/4031 5148/26/4037
f 5122/18/4011 5116/20/4005 5143/20/4032
f 5122/18/4011 5143/20/4032 5149/18/4038
f 5120/64/4009 5123/66/4012 5150/66/4039
f 5120/64/4009 5150/66/4039 5147/64/4036
f 5060/4/3949 5118/6/4007 5145/6/4034
f 5060/4/3949 5145/6/4034 5151/4/4040
f 5095/38/3984 5119/40/4008 5146/40/4035
f 5095/38/3984 5146/40/4035 5152/38/4041
f 5109/24/3998 5121/26/4010 5148/26/4037
f 5109/24/3998 5148/26/4037 5135/24/4024
f 5099/16/3988 5122/18/4011 5149/18/4038
f 5099/16/3988 5149/18/4038 5153/16/4042
f 5061/1/3950 5060/4/3949 5151/4/4040
f 5061/1/3950 5151/4/4040 5154/1/4043
f 5096/36/3985 5095/38/3984 5152/38/4041
f 5096/36/3985 5152/38/4041 5155/36/4044
f 5098/44/3987 5097/46/3986 5156/46/4045
f 5098/44/3987 5156/46/4045 5139/44/4028
f 5100/14/3989 5099/16/3988 5153/16/4042
f 5100/14/3989 5153/16/4042 5128/14/4017
f 5097/46/3986 5091/48/3980 5094/48/3983
f 5097/46/3986 5094/48/3983 5156/46/4045
f 5101/34/3990 5096/36/3985 5155/36/4044
f 5101/34/3990 5155/36/4044 5131/34/4020
f 5157/20/4046 5158/22/4047 5159/22/4048
f 5157/20/4046 5159/22/4048 5160/20/4049
f 5134/30/4023 5132/32/4021 5161/32/4050
f 5134/30/4023 5161/32/4050 5162/30/4051
f 5136/22/4025 5135/24/4024 5163/24/4052
f 5136/22/4025 5163/24/4052 5158/22/4047
f 5125/56/4014 5137/58/4026 5164/58/4053
f 5125/56/4014 5164/58/4053 5126/56/4015
f 5138/8/4027 5133/10/4022 5165/10/4054
f 5138/8/4027 5165/10/4054 5166/8/4055
f 5140/42/4029 5139/44/4028 5167/44/4056
f 5140/42/4029 5167/44/4056 5168/42/4057
f 5137/58/4026 5141/60/4030 5169/60/4058
f 5137/58/4026 5169/60/4058 5164/58/4053
f 5142/28/4031 5134/30/4023 5162/30/4051
f 5142/28/4031 5162/30/4051 5170/28/4059
f 5143/20/4032 5136/22/4025 5158/22/4047
f 5143/20/4032 5158/22/4047 5157/20/4046
f 5141/60/4030 5144/62/4033 5171/62/4060
f 5141/60/4030 5171/62/4060 5169/60/4058
f 5145/6/4034 5138/8/4027 5166/8/4055
f 5145/6/4034 5166/8/4055 5172/6/4061
f 5146/40/4035 5140/42/4029 5168/42/4057
f 5146/40/4035 5168/42/4057 5173/40/4062
f 5144/62/4033 5147/64/4036 5174/64/4063
f 5144/62/4033 5174/64/4063 5171/62/4060
f 5148/26/4037 5142/28/4031 5170/28/4059
f 5148/26/4037 5170/28/4059 5175/26/4064
f 5149/18/4038 5143/20/4032 5157/20/4046
f 5149/18/4038 5157/20/4046 5176/18/4065
f 5147/64/4036 5150/66/4039 5177/66/4066
f 5147/64/4036 5177/66/4066 5174/64/4063
f 5151/4/4040 5145/6/4034 5172/6/4061
f 5151/4/4040 5172/6/4061 5178/4/4067
f 5152/38/4041 5146/40/4035 5173/40/4062
f 5152/38/4041 5173/40/4062 5179/38/4068
f 5135/24/4024 5148/26/4037 5175/26/4064
f 5135/24/4024 5175/26/4064 5163/24/4052
f 5153/16/4042 5149/18/4038 5176/18/4065
f 5153/16/4042 5176/18/4065 5180/16/4069
f 5154/1/4043 5151/4/4040 5178/4/4067
f 5154/1/4043 5178/4/4067 5181/1/4070
f 5155/36/4044 5152/38/4041 5179/38/4068
f 5155/36/4044 5179/38/4068 5182/36/4071
f 5139/44/4028 5156/46/4045 5183/46/4072
f 5139/44/4028 5183/46/4072 5167/44/4056
f 5128/14/4017 5153/16/4042 5180/16/4069
f 5128/14/4017 5180/16/4069 5184/14/4073
f 5156/46/4045 5094/48/3983 5185/48/4074
f 5156/46/4045 5185/48/4074 5183/46/4072
f 5131/34/4020 5155/36/4044 5182/36/4071
f 5131/34/4020 5182/36/4071 5186/34/4075
f 5094/48/3983 5093/50/3982 5187/50/4076
f 5094/48/3983 5187/50/4076 5185/48/4074
f 5129/12/4018 5128/14/4017 5184/14/4073
f 5129/12/4018 5184/14/4073 5188/12/4077
f 5093/50/3982 5130/52/4019 5189/52/4078
f 5093/50/3982 5189/52/4078 5187/50/4076
f 5132/32/4021 5131/34/4020 5186/34/4075
f 5132/32/4021 5186/34/4075 5161/32/4050
f 5130/52/4019 5124/54/4013 5127/54/4016
f 5130/52/4019 5127/54/4016 5189/52/4078
f 5133/10/4022 5129/12/4018 5188/12/4077
f 5133/10/4022 5188/12/4077 5165/10/4054
f 5190/38/4079 5191/40/4080 5192/40/4081
f 5190/38/4079 5192/40/4081 5193/38/4082
f 5169/60/4058 5171/62/4060 5194/62/4083
f 5169/60/4058 5194/62/4083 5195/60/4084
f 5172/6/4061 5166/8/4055 5196/8/4085
f 5172/6/4061 5196/8/4085 5197/6/4086
f 5173/40/4062 5168/42/4057 5198/42/4087
f 5173/40/4062 5198/42/4087 5191/40/4080
f 5171/62/4060 5174/64/4063 5199/64/4088
f 5171/62/4060 5199/64/4088 5194/62/4083
f 5175/26/4064 5170/28/4059 5200/28/4089
f 5175/26/4064 5200/28/4089 5201/26/4090
f 5176/18/4065 5157/20/4046 5160/20/4049
f 5176/18/4065 5160/20/4049 5202/18/4091
f 5174/64/4063 5177/66/4066 5203/66/4092
f 5174/64/4063 5203/66/4092 5199/64/4088
f 5178/4/4067 5172/6/4061 5197/6/4086
f 5178/4/4067 5197/6/4086 5204/4/4093
f 5179/38/4068 5173/40/4062 5191/40/4080
f 5179/38/4068 5191/40/4080 5190/38/4079
f 5163/24/4052 5175/26/4064 5201/26/4090
f 5163/24/4052 5201/26/4090 5205/24/4094
f 5180/16/4069 5176/18/4065 5202/18/4091
f 5180/16/4069 5202/18/4091 5206/16/4095
f 5181/1/4070 5178/4/4067 5204/4/4093
f 5181/1/4070 5204/4/4093 5207/1/4096
f 5182/36/4071 5179/38/4068 5190/38/4079
f 5182/36/4071 5190/38/4079 5208/36/4097
f 5167/44/4056 5183/46/4072 5209/46/4098
f 5167/44/4056 5209/46/4098 5210/44/4099
f 5184/14/4073 5180/16/4069 5206/16/4095
f 5184/14/4073 5206/16/4095 5211/14/4100
f 5183/46/4072 5185/48/4074 5212/48/4101
f 5183/46/4072 5212/48/4101 5209/46/4098
f 5186/34/4075 5182/36/4071 5208/36/4097
f 5186/34/4075 5208/36/4097 5213/34/4102
f 5185/48/4074 5187/50/4076 5214/50/4103
f 5185/48/4074 5214/50/4103 5212/48/4101
f 5188/12/4077 5184/14/4073 5211/14/4100
f 5188/12/4077 5211/14/4100 5215/12/4104
f 5187/50/4076 5189/52/4078 5216/52/4105
f 5187/50/4076 5216/52/4105 5214/50/4103
f 5161/32/4050 5186/34/4075 5213/34/4102
f 5161/32/4050 5213/34/4102 5217/32/4106
f 5189/52/4078 5127/54/4016 5218/54/4107
f 5189/52/4078 5218/54/4107 5216/52/4105
f 5165/10/4054 5188/12/4077 5215/12/4104
f 5165/10/4054 5215/12/4104 5219/10/4108
f 5127/54/4016 5126/56/4015 5220/56/4109
f 5127/54/4016 5220/56/4109 5218/54/4107
f 5162/30/4051 5161/32/4050 5217/32/4106
f 5162/30/4051 5217/32/4106 5221/30/4110
f 5158/22/4047 5163/24/4052 5205/24/4094
f 5158/22/4047 5205/24/4094 5159/22/4048
f 5126/56/4015 5164/58/4053 5222/58/4111
f 5126/56/4015 5222/58/4111 5220/56/4109
f 5166/8/4055 5165/10/4054 5219/10/4108
f 5166/8/4055 5219/10/4108 5196/8/4085
f 5168/42/4057 5167/44/4056 5210/44/4099
f 5168/42/4057 5210/44/4099 5198/42/4087
f 5164/58/4053 5169/60/4058 5195/60/4084
f 5164/58/4053 5195/60/4084 5222/58/4111
f 5170/28/4059 5162/30/4051 5221/30/4110
f 5170/28/4059 5221/30/4110 5200/28/4089
f 5223/14/4112 5224/16/4113 5225/16/4114
f 5223/14/4112 5225/16/4114 5226/14/4115
f 5205/24/4094 5201/26/4090 5227/26/4116
f 5205/24/4094 5227/26/4116 5228/24/4117
f 5206/16/4095 5202/18/4091 5229/18/4118
f 5206/16/4095 5229/18/4118 5224/16/4113
f 5207/1/4096 5204/4/4093 5230/4/4119
f 5207/1/4096 5230/4/4119 5231/1/4120
f 5208/36/4097 5190/38/4079 5193/38/4082
f 5208/36/4097 5193/38/4082 5232/36/4121
f 5210/44/4099 5209/46/4098 5233/46/4122
f 5210/44/4099 5233/46/4122 5234/44/4123
f 5211/14/4100 5206/16/4095 5224/16/4113
f 5211/14/4100 5224/16/4113 5223/14/4112
f 5209/46/4098 5212/48/4101 5235/48/4124
f 5209/46/4098 5235/48/4124 5233/46/4122
f 5213/34/4102 5208/36/4097 5232/36/4121
f 5213/34/4102 5232/36/4121 5236/34/4125
f 5212/48/4101 5214/50/4103 5237/50/4126
f 5212/48/4101 5237/50/4126 5235/48/4124
f 5215/12/4104 5211/14/4100 5223/14/4112
f 5215/12/4104 5223/14/4112 5238/12/4127
f 5214/50/4103 5216/52/4105 5239/52/4128
f 5214/50/4103 5239/52/4128 5237/50/4126
f 5217/32/4106 5213/34/4102 5236/34/4125
f 5217/32/4106 5236/34/4125 5240/32/4129
f 5216/52/4105 5218/54/4107 5241/54/4130
f 5216/52/4105 5241/54/4130 5239/52/4128
f 5219/10/4108 5215/12/4104 5238/12/4127
f 5219/10/4108 5238/12/4127 5242/10/4131
f 5218/54/4107 5220/56/4109 5243/56/4132
f 5218/54/4107 5243/56/4132 5241/54/4130
f 5221/30/4110 5217/32/4106 5240/32/4129
f 5221/30/4110 5240/32/4129 5244/30/4133
f 5159/22/4048 5205/24/4094 5228/24/4117
f 5159/22/4048 5228/24/4117 5245/22/4134
f 5220/56/4109 5222/58/4111 5246/58/4135
f 5220/56/4109 5246/58/4135 5243/56/4132
f 5196/8/4085 5219/10/4108 5242/10/4131
f 5196/8/4085 5242/10/4131 5247/8/4136
f 5198/42/4087 5210/44/4099 5234/44/4123
f 5198/42/4087 5234/44/4123 5248/42/4137
f 5222/58/4111 5195/60/4084 5249/60/4138
f 5222/58/4111 5249/60/4138 5246/58/4135
f 5200/28/4089 5221/30/4110 5244/30/4133
f 5200/28/4089 5244/30/4133 5250/28/4139
f 5160/20/4049 5159/22/4048 5245/22/4134
f 5160/20/4049 5245/22/4134 5251/20/4140
f 5195/60/4084 5194/62/4083 5252/62/4141
f 5195/60/4084 5252/62/4141 5249/60/4138
f 5197/6/4086 5196/8/4085 5247/8/4136
f 5197/6/4086 5247/8/4136 5253/6/4142
f 5191/40/4080 5198/42/4087 5248/42/4137
f 5191/40/4080 5248/42/4137 5192/40/4081
f 5194/62/4083 5199/64/4088 5254/64/4143
f 5194/62/4083 5254/64/4143 5252/62/4141
f 5201/26/4090 5200/28/4089 5250/28/4139
f 5201/26/4090 5250/28/4139 5227/26/4116
f 5202/18/4091 5160/20/4049 5251/20/4140
f 5202/18/4091 5251/20/4140 5229/18/4118
f 5199/64/4088 5203/66/4092 5255/66/4144
f 5199/64/4088 5255/66/4144 5254/64/4143
f 5204/4/4093 5197/6/4086 5253/6/4142
f 5204/4/4093 5253/6/4142 5230/4/4119
f 5256/32/4145 5257/34/4146 5258/34/4147
f 5256/32/4145 5258/34/4147 5259/32/4148
f 5233/46/4122 5235/48/4124 5260/48/4149
f 5233/46/4122 5260/48/4149 5261/46/4150
f 5236/34/4125 5232/36/4121 5262/36/4151
f 5236/34/4125 5262/36/4151 5257/34/4146
f 5235/48/4124 5237/50/4126 5263/50/4152
f 5235/48/4124 5263/50/4152 5260/48/4149
f 5238/12/4127 5223/14/4112 5226/14/4115
f 5238/12/4127 5226/14/4115 5264/12/4153
f 5237/50/4126 5239/52/4128 5265/52/4154
f 5237/50/4126 5265/52/4154 5263/50/4152
f 5240/32/4129 5236/34/4125 5257/34/4146
f 5240/32/4129 5257/34/4146 5256/32/4145
f 5239/52/4128 5241/54/4130 5266/54/4155
f 5239/52/4128 5266/54/4155 5265/52/4154
f 5242/10/4131 5238/12/4127 5264/12/4153
f 5242/10/4131 5264/12/4153 5267/10/4156
f 5241/54/4130 5243/56/4132 5268/56/4157
f 5241/54/4130 5268/56/4157 5266/54/4155
f 5244/30/4133 5240/32/4129 5256/32/4145
f 5244/30/4133 5256/32/4145 5269/30/4158
f 5245/22/4134 5228/24/4117 5270/24/4159
f 5245/22/4134 5270/24/4159 5271/22/4160
f 5243/56/4132 5246/58/4135 5272/58/4161
f 5243/56/4132 5272/58/4161 5268/56/4157
f 5247/8/4136 5242/10/4131 5267/10/4156
f 5247/8/4136 5267/10/4156 5273/8/4162
f 5248/42/4137 5234/44/4123 5274/44/4163
f 5248/42/4137 5274/44/4163 5275/42/4164
f 5246/58/4135 5249/60/4138 5276/60/4165
f 5246/58/4135 5276/60/4165 5272/58/4161
f 5250/28/4139 5244/30/4133 5269/30/4158
f 5250/28/4139 5269/30/4158 5277/28/4166
f 5251/20/4140 5245/22/4134 5271/22/4160
f 5251/20/4140 5271/22/4160 5278/20/4167
f 5249/60/4138 5252/62/4141 5279/62/4168
f 5249/60/4138 5279/62/4168 5276/60/4165
f 5253/6/4142 5247/8/4136 5273/8/4162
f 5253/6/4142 5273/8/4162 5280/6/4169
f 5192/40/4081 5248/42/4137 5275/42/4164
f 5192/40/4081 5275/42/4164 5281/40/4170
f 5252/62/4141 5254/64/4143 5282/64/4171
f 5252/62/4141 5282/64/4171 5279/62/4168
f 5227/26/4116 5250/28/4139 5277/28/4166
f 5227/26/4116 5277/28/4166 5283/26/4172
f 5229/18/4118 5251/20/4140 5278/20/4167
f 5229/18/4118 5278/20/4167 5284/18/4173
f 5254/64/4143 5255/66/4144 5285/66/4174
f 5254/64/4143 5285/66/4174 5282/64/4171
f 5230/4/4119 5253/6/4142 5280/6/4169
f 5230/4/4119 5280/6/4169 5286/4/4175
f 5193/38/4082 5192/40/4081 5281/40/4170
f 5193/38/4082 5281/40/4170 5287/38/4176
f 5228/24/4117 5227/26/4116 5283/26/4172
f 5228/24/4117 5283/26/4172 5270/24/4159
f 5224/16/4113 5229/18/4118 5284/18/4173
f 5224/16/4113 5284/18/4173 5225/16/4114
f 5231/1/4120 5230/4/4119 5286/4/4175
f 5231/1/4120 5286/4/4175 5288/1/4177
f 5232/36/4121 5193/38/4082 5287/38/4176
f 5232/36/4121 5287/38/4176 5262/36/4151
f 5234/44/4123 5233/46/4122 5261/46/4150
f 5234/44/4123 5261/46/4150 5274/44/4163
f 5289/8/4178 5290/10/4179 5291/10/4180
f 5289/8/4178 5291/10/4180 5292/8/4181
f 5265/52/4154 5266/54/4155 5293/54/4182
f 5265/52/4154 5293/54/4182 5294/52/4183
f 5267/10/4156 5264/12/4153 5295/12/4184
f 5267/10/4156 5295/12/4184 5290/10/4179
f 5266/54/4155 5268/56/4157 5296/56/4185
f 5266/54/4155 5296/56/4185 5293/54/4182
f 5269/30/4158 5256/32/4145 5259/32/4148
f 5269/30/4158 5259/32/4148 5297/30/4186
f 5271/22/4160 5270/24/4159 5298/24/4187
f 5271/22/4160 5298/24/4187 5299/22/4188
f 5268/56/4157 5272/58/4161 5300/58/4189
f 5268/56/4157 5300/58/4189 5296/56/4185
f 5273/8/4162 5267/10/4156 5290/10/4179
f 5273/8/4162 5290/10/4179 5289/8/4178
f 5275/42/4164 5274/44/4163 5301/44/4190
f 5275/42/4164 5301/44/4190 5302/42/4191
f 5272/58/4161 5276/60/4165 5303/60/4192
f 5272/58/4161 5303/60/4192 5300/58/4189
f 5277/28/4166 5269/30/4158 5297/30/4186
f 5277/28/4166 5297/30/4186 5304/28/4193
f 5278/20/4167 5271/22/4160 5299/22/4188
f 5278/20/4167 5299/22/4188 5305/20/4194
f 5276/60/4165 5279/62/4168 5306/62/4195
f 5276/60/4165 5306/62/4195 5303/60/4192
f 5280/6/4169 5273/8/4162 5289/8/4178
f 5280/6/4169 5289/8/4178 5307/6/4196
f 5281/40/4170 5275/42/4164 5302/42/4191
f 5281/40/4170 5302/42/4191 5308/40/4197
f 5279/62/4168 5282/64/4171 5309/64/4198
f 5279/62/4168 5309/64/4198 5306/62/4195
f 5283/26/4172 5277/28/4166 5304/28/4193
f 5283/26/4172 5304/28/4193 5310/26/4199
f 5284/18/4173 5278/20/4167 5305/20/4194
f 5284/18/4173 5305/20/4194 5311/18/4200
f 5282/64/4171 5285/66/4174 5312/66/4201
f 5282/64/4171 5312/66/4201 5309/64/4198
f 5286/4/4175 5280/6/4169 5307/6/4196
f 5286/4/4175 5307/6/4196 5313/4/4202
f 5287/38/4176 5281/40/4170 5308/40/4197
f 5287/38/4176 5308/40/4197 5314/38/4203
f 5270/24/4159 5283/26/4172 5310/26/4199
f 5270/24/4159 5310/26/4199 5298/24/4187
f 5225/16/4114 5284/18/4173 5311/18/4200
f 5225/16/4114 5311/18/4200 5315/16/4204
f 5288/1/4177 5286/4/4175 5313/4/4202
f 5288/1/4177 5313/4/4202 5316/1/4205
f 5262/36/4151 5287/38/4176 5314/38/4203
f 5262/36/4151 5314/38/4203 5317/36/4206
f 5274/44/4163 5261/46/4150 5318/46/4207
f 5274/44/4163 5318/46/4207 5301/44/4190
f 5226/14/4115 5225/16/4114 5315/16/4204
f 5226/14/4115 5315/16/4204 5319/14/4208
f 5261/46/4150 5260/48/4149 5320/48/4209
f 5261/46/4150 5320/48/4209 5318/46/4207
f 5257/34/4146 5262/36/4151 5317/36/4206
f 5257/34/4146 5317/36/4206 5258/34/4147
f 5260/48/4149 5263/50/4152 5321/50/4210
f 5260/48/4149 5321/50/4210 5320/48/4209
f 5264/12/4153 5226/14/4115 5319/14/4208
f 5264/12/4153 5319/14/4208 5295/12/4184
f 5263/50/4152 5265/52/4154 5294/52/4183
f 5263/50/4152 5294/52/4183 5321/50/4210
f 5322/26/4211 5323/28/4212 5324/28/4213
f 5322/26/4211 5324/28/4213 5325/26/4214
f 5302/42/4191 5301/44/4190 5326/44/4215
f 5302/42/4191 5326/44/4215 5327/42/4216
f 5300/58/4189 5303/60/4192 5328/60/4217
f 5300/58/4189 5328/60/4217 5329/58/4218
f 5304/28/4193 5297/30/4186 5330/30/4219
f 5304/28/4193 5330/30/4219 5323/28/4212
f 5305/20/4194 5299/22/4188 5331/22/4220
f 5305/20/4194 5331/22/4220 5332/20/4221
f 5303/60/4192 5306/62/4195 5333/62/4222
f 5303/60/4192 5333/62/4222 5328/60/4217
f 5307/6/4196 5289/8/4178 5292/8/4181
f 5307/6/4196 5292/8/4181 5334/6/4223
f 5308/40/4197 5302/42/4191 5327/42/4216
f 5308/40/4197 5327/42/4216 5335/40/4224
f 5306/62/4195 5309/64/4198 5336/64/4225
f 5306/62/4195 5336/64/4225 5333/62/4222
f 5310/26/4199 5304/28/4193 5323/28/4212
f 5310/26/4199 5323/28/4212 5322/26/4211
f 5311/18/4200 5305/20/4194 5332/20/4221
f 5311/18/4200 5332/20/4221 5337/18/4226
f 5309/64/4198 5312/66/4201 5338/66/4227
f 5309/64/4198 5338/66/4227 5336/64/4225
f 5313/4/4202 5307/6/4196 5334/6/4223
f 5313/4/4202 5334/6/4223 5339/4/4228
f 5314/38/4203 5308/40/4197 5335/40/4224
f 5314/38/4203 5335/40/4224 5340/38/4229
f 5298/24/4187 5310/26/4199 5322/26/4211
f 5298/24/4187 5322/26/4211 5341/24/4230
f 5315/16/4204 5311/18/4200 5337/18/4226
f 5315/16/4204 5337/18/4226 5342/16/4231
f 5316/1/4205 5313/4/4202 5339/4/4228
f 5316/1/4205 5339/4/4228 5343/1/4232
f 5317/36/4206 5314/38/4203 5340/38/4229
f 5317/36/4206 5340/38/4229 5344/36/4233
f 5301/44/4190 5318/46/4207 5345/46/4234
f 5301/44/4190 5345/46/4234 5326/44/4215
f 5319/14/4208 5315/16/4204 5342/16/4231
f 5319/14/4208 5342/16/4231 5346/14/4235
f 5318/46/4207 5320/48/4209 5347/48/4236
f 5318/46/4207 5347/48/4236 5345/46/4234
f 5258/34/4147 5317/36/4206 5344/36/4233
f 5258/34/4147 5344/36/4233 5348/34/4237
f 5320/48/4209 5321/50/4210 5349/50/4238
f 5320/48/4209 5349/50/4238 5347/48/4236
f 5295/12/4184 5319/14/4208 5346/14/4235
f 5295/12/4184 5346/14/4235 5350/12/4239
f 5321/50/4210 5294/52/4183 5351/52/4240
f 5321/50/4210 5351/52/4240 5349/50/4238
f 5259/32/4148 5258/34/4147 5348/34/4237
f 5259/32/4148 5348/34/4237 5352/32/4241
f 5294/52/4183 5293/54/4182 5353/54/4242
f 5294/52/4183 5353/54/4242 5351/52/4240
f 5290/10/4179 5295/12/4184 5350/12/4239
f 5290/10/4179 5350/12/4239 5291/10/4180
f 5293/54/4182 5296/56/4185 5354/56/4243
f 5293/54/4182 5354/56/4243 5353/54/4242
f 5297/30/4186 5259/32/4148 5352/32/4241
f 5297/30/4186 5352/32/4241 5330/30/4219
f 5299/22/4188 5298/24/4187 5341/24/4230
f 5299/22/4188 5341/24/4230 5331/22/4220
f 5296/56/4185 5300/58/4189 5329/58/4218
f 5296/56/4185 5329/58/4218 5354/56/4243
f 5355/1/4244 5356/4/4245 5357/4/4246
f 5355/1/4244 5357/4/4246 5358/1/4247
f 5337/18/4226 5332/20/4221 5359/20/4248
f 5337/18/4226 5359/20/4248 5360/18/4249
f 5336/64/4225 5338/66/4227 5361/66/4250
f 5336/64/4225 5361/66/4250 5362/64/4251
f 5339/4/4228 5334/6/4223 5363/6/4252
f 5339/4/4228 5363/6/4252 5356/4/4245
f 5340/38/4229 5335/40/4224 5364/40/4253
f 5340/38/4229 5364/40/4253 5365/38/4254
f 5341/24/4230 5322/26/4211 5325/26/4214
f 5341/24/4230 5325/26/4214 5366/24/4255
f 5342/16/4231 5337/18/4226 5360/18/4249
f 5342/16/4231 5360/18/4249 5367/16/4256
f 5343/1/4232 5339/4/4228 5356/4/4245
f 5343/1/4232 5356/4/4245 5355/1/4244
f 5344/36/4233 5340/38/4229 5365/38/4254
f 5344/36/4233 5365/38/4254 5368/36/4257
f 5326/44/4215 5345/46/4234 5369/46/4258
f 5326/44/4215 5369/46/4258 5370/44/4259
f 5346/14/4235 5342/16/4231 5367/16/4256
f 5346/14/4235 5367/16/4256 5371/14/4260
f 5345/46/4234 5347/48/4236 5372/48/4261
f 5345/46/4234 5372/48/4261 5369/46/4258
f 5348/34/4237 5344/36/4233 5368/36/4257
f 5348/34/4237 5368/36/4257 5373/34/4262
f 5347/48/4236 5349/50/4238 5374/50/4263
f 5347/48/4236 5374/50/4263 5372/48/4261
f 5350/12/4239 5346/14/4235 5371/14/4260
f 5350/12/4239 5371/14/4260 5375/12/4264
f 5349/50/4238 5351/52/4240 5376/52/4265
f 5349/50/4238 5376/52/4265 5374/50/4263
f 5352/32/4241 5348/34/4237 5373/34/4262
f 5352/32/4241 5373/34/4262 5377/32/4266
f 5351/52/4240 5353/54/4242 5378/54/4267
f 5351/52/4240 5378/54/4267 5376/52/4265
f 5291/10/4180 5350/12/4239 5375/12/4264
f 5291/10/4180 5375/12/4264 5379/10/4268
f 5353/54/4242 5354/56/4243 5380/56/4269
f 5353/54/4242 5380/56/4269 5378/54/4267
f 5330/30/4219 5352/32/4241 5377/32/4266
f 5330/30/4219 5377/32/4266 5381/30/4270
f 5331/22/4220 5341/24/4230 5366/24/4255
f 5331/22/4220 5366/24/4255 5382/22/4271
f 5354/56/4243 5329/58/4218 5383/58/4272
f 5354/56/4243 5383/58/4272 5380/56/4269
f 5292/8/4181 5291/10/4180 5379/10/4268
f 5292/8/4181 5379/10/4268 5384/8/4273
f 5327/42/4216 5326/44/4215 5370/44/4259
f 5327/42/4216 5370/44/4259 5385/42/4274
f 5329/58/4218 5328/60/4217 5386/60/4275
f 5329/58/4218 5386/60/4275 5383/58/4272
f 5323/28/4212 5330/30/4219 5381/30/4270
f 5323/28/4212 5381/30/4270 5324/28/4213
f 5332/20/4221 5331/22/4220 5382/22/4271
f 5332/20/4221 5382/22/4271 5359/20/4248
f 5328/60/4217 5333/62/4222 5387/62/4276
f 5328/60/4217 5387/62/4276 5386/60/4275
f 5334/6/4223 5292/8/4181 5384/8/4273
f 5334/6/4223 5384/8/4273 5363/6/4252
f 5335/40/4224 5327/42/4216 5385/42/4274
f 5335/40/4224 5385/42/4274 5364/40/4253
f 5333/62/4222 5336/64/4225 5362/64/4251
f 5333/62/4222 5362/64/4251 5387/62/4276
f 5388/48/4277 5389/50/4278 5390/50/4279
f 5388/48/4277 5390/50/4279 5391/48/4280
f 5368/36/4257 5365/38/4254 5392/38/4281
f 5368/36/4257 5392/38/4281 5393/36/4282
f 5370/44/4259 5369/46/4258 5394/46/4283
f 5370/44/4259 5394/46/4283 5395/44/4284
f 5371/14/4260 5367/16/4256 5396/16/4285
f 5371/14/4260 5396/16/4285 5397/14/4286
f 5369/46/4258 5372/48/4261 5388/48/4277
f 5369/46/4258 5388/48/4277 5394/46/4283
f 5373/34/4262 5368/36/4257 5393/36/4282
f 5373/34/4262 5393/36/4282 5398/34/4287
f 5372/48/4261 5374/50/4263 5389/50/4278
f 5372/48/4261 5389/50/4278 5388/48/4277
f 5375/12/4264 5371/14/4260 5397/14/4286
f 5375/12/4264 5397/14/4286 5399/12/4288
f 5374/50/4263 5376/52/4265 5400/52/4289
f 5374/50/4263 5400/52/4289 5389/50/4278
f 5377/32/4266 5373/34/4262 5398/34/4287
f 5377/32/4266 5398/34/4287 5401/32/4290
f 5376/52/4265 5378/54/4267 5402/54/4291
f 5376/52/4265 5402/54/4291 5400/52/4289
f 5379/10/4268 5375/12/4264 5399/12/4288
f 5379/10/4268 5399/12/4288 5403/10/4292
f 5378/54/4267 5380/56/4269 5404/56/4293
f 5378/54/4267 5404/56/4293 5402/54/4291
f 5381/30/4270 5377/32/4266 5401/32/4290
f 5381/30/4270 5401/32/4290 5405/30/4294
f 5382/22/4271 5366/24/4255 5406/24/4295
f 5382/22/4271 5406/24/4295 5407/22/4296
f 5380/56/4269 5383/58/4272 5408/58/4297
f 5380/56/4269 5408/58/4297 5404/56/4293
f 5384/8/4273 5379/10/4268 5403/10/4292
f 5384/8/4273 5403/10/4292 5409/8/4298
f 5385/42/4274 5370/44/4259 5395/44/4284
f 5385/42/4274 5395/44/4284 5410/42/4299
f 5383/58/4272 5386/60/4275 5411/60/4300
f 5383/58/4272 5411/60/4300 5408/58/4297
f 5324/28/4213 5381/30/4270 5405/30/4294
f 5324/28/4213 5405/30/4294 5412/28/4301
f 5359/20/4248 5382/22/4271 5407/22/4296
f 5359/20/4248 5407/22/4296 5413/20/4302
f 5386/60/4275 5387/62/4276 5414/62/4303
f 5386/60/4275 5414/62/4303 5411/60/4300
f 5363/6/4252 5384/8/4273 5409/8/4298
f 5363/6/4252 5409/8/4298 5415/6/4304
f 5364/40/4253 5385/42/4274 5410/42/4299
f 5364/40/4253 5410/42/4299 5416/40/4305
f 5387/62/4276 5362/64/4251 5417/64/4306
f 5387/62/4276 5417/64/4306 5414/62/4303
f 5325/26/4214 5324/28/4213 5412/28/4301
f 5325/26/4214 5412/28/4301 5418/26/4307
f 5360/18/4249 5359/20/4248 5413/20/4302
f 5360/18/4249 5413/20/4302 5419/18/4308
f 5362/64/4251 5361/66/4250 5420/66/4309
f 5362/64/4251 5420/66/4309 5417/64/4306
f 5356/4/4245 5363/6/4252 5415/6/4304
f 5356/4/4245 5415/6/4304 5357/4/4246
f 5365/38/4254 5364/40/4253 5416/40/4305
f 5365/38/4254 5416/40/4305 5392/38/4281
f 5366/24/4255 5325/26/4214 5418/26/4307
f 5366/24/4255 5418/26/4307 5406/24/4295
f 5367/16/4256 5360/18/4249 5419/18/4308
f 5367/16/4256 5419/18/4308 5396/16/4285
f 5421/10/4310 5422/12/4311 5423/12/4312
f 5421/10/4310 5423/12/4312 5424/10/4313
f 5399/12/4288 5397/14/4286 5425/14/4314
f 5399/12/4288 5425/14/4314 5422/12/4311
f 5389/50/4278 5400/52/4289 5426/52/4315
f 5389/50/4278 5426/52/4315 5390/50/4279
f 5401/32/4290 5398/34/4287 5427/34/4316
f 5401/32/4290 5427/34/4316 5428/32/4317
f 5400/52/4289 5402/54/4291 5429/54/4318
f 5400/52/4289 5429/54/4318 5426/52/4315
f 5403/10/4292 5399/12/4288 5422/12/4311
f 5403/10/4292 5422/12/4311 5421/10/4310
f 5402/54/4291 5404/56/4293 5430/56/4319
f 5402/54/4291 5430/56/4319 5429/54/4318
f 5405/30/4294 5401/32/4290 5428/32/4317
f 5405/30/4294 5428/32/4317 5431/30/4320
f 5407/22/4296 5406/24/4295 5432/24/4321
f 5407/22/4296 5432/24/4321 5433/22/4322
f 5404/56/4293 5408/58/4297 5434/58/4323
f 5404/56/4293 5434/58/4323 5430/56/4319
f 5409/8/4298 5403/10/4292 5421/10/4310
f 5409/8/4298 5421/10/4310 5435/8/4324
f 5410/42/4299 5395/44/4284 5436/44/4325
f 5410/42/4299 5436/44/4325 5437/42/4326
f 5408/58/4297 5411/60/4300 5438/60/4327
f 5408/58/4297 5438/60/4327 5434/58/4323
f 5412/28/4301 5405/30/4294 5431/30/4320
f 5412/28/4301 5431/30/4320 5439/28/4328
f 5413/20/4302 5407/22/4296 5433/22/4322
f 5413/20/4302 5433/22/4322 5440/20/4329
f 5411/60/4300 5414/62/4303 5441/62/4330
f 5411/60/4300 5441/62/4330 5438/60/4327
f 5415/6/4304 5409/8/4298 5435/8/4324
f 5415/6/4304 5435/8/4324 5442/6/4331
f 5416/40/4305 5410/42/4299 5437/42/4326
f 5416/40/4305 5437/42/4326 5443/40/4332
f 5414/62/4303 5417/64/4306 5444/64/4333
f 5414/62/4303 5444/64/4333 5441/62/4330
f 5418/26/4307 5412/28/4301 5439/28/4328
f 5418/26/4307 5439/28/4328 5445/26/4334
f 5419/18/4308 5413/20/4302 5440/20/4329
f 5419/18/4308 5440/20/4329 5446/18/4335
f 5417/64/4306 5420/66/4309 5447/66/3183
f 5417/64/4306 5447/66/3183 5444/64/4333
f 5357/4/4246 5415/6/4304 5442/6/4331
f 5357/4/4246 5442/6/4331 5448/4/4336
f 5392/38/4281 5416/40/4305 5443/40/4332
f 5392/38/4281 5443/40/4332 5449/38/4337
f 5406/24/4295 5418/26/4307 5445/26/4334
f 5406/24/4295 5445/26/4334 5432/24/4321
f 5396/16/4285 5419/18/4308 5446/18/4335
f 5396/16/4285 5446/18/4335 5450/16/4338
f 5358/1/4247 5357/4/4246 5448/4/4336
f 5358/1/4247 5448/4/4336 5451/1/4339
f 5393/36/4282 5392/38/4281 5449/38/4337
f 5393/36/4282 5449/38/4337 5452/36/4340
f 5395/44/4284 5394/46/4283 5453/46/4341
f 5395/44/4284 5453/46/4341 5436/44/4325
f 5397/14/4286 5396/16/4285 5450/16/4338
f 5397/14/4286 5450/16/4338 5425/14/4314
f 5394/46/4283 5388/48/4277 5391/48/4280
f 5394/46/4283 5391/48/4280 5453/46/4341
f 5398/34/4287 5393/36/4282 5452/36/4340
f 5398/34/4287 5452/36/4340 5427/34/4316
f 5454/28/4342 5455/30/4343 5456/30/4344
f 5454/28/4342 5456/30/4344 5457/28/4345
f 5429/54/4318 5430/56/4319 5458/56/4346
f 5429/54/4318 5458/56/4346 5459/54/4347
f 5431/30/4320 5428/32/4317 5460/32/4348
f 5431/30/4320 5460/32/4348 5455/30/4343
f 5433/22/4322 5432/24/4321 5461/24/4349
f 5433/22/4322 5461/24/4349 5462/22/4350
f 5430/56/4319 5434/58/4323 5463/58/4351
f 5430/56/4319 5463/58/4351 5458/56/4346
f 5435/8/4324 5421/10/4310 5424/10/4313
f 5435/8/4324 5424/10/4313 5464/8/4352
f 5437/42/4326 5436/44/4325 5465/44/4353
f 5437/42/4326 5465/44/4353 5466/42/4354
f 5434/58/4323 5438/60/4327 5467/60/4355
f 5434/58/4323 5467/60/4355 5463/58/4351
f 5439/28/4328 5431/30/4320 5455/30/4343
f 5439/28/4328 5455/30/4343 5454/28/4342
f 5440/20/4329 5433/22/4322 5462/22/4350
f 5440/20/4329 5462/22/4350 5468/20/4356
f 5438/60/4327 5441/62/4330 5469/62/4357
f 5438/60/4327 5469/62/4357 5467/60/4355
f 5442/6/4331 5435/8/4324 5464/8/4352
f 5442/6/4331 5464/8/4352 5470/6/4358
f 5443/40/4332 5437/42/4326 5466/42/4354
f 5443/40/4332 5466/42/4354 5471/40/4359
f 5441/62/4330 5444/64/4333 5472/64/4360
f 5441/62/4330 5472/64/4360 5469/62/4357
f 5445/26/4334 5439/28/4328 5454/28/4342
f 5445/26/4334 5454/28/4342 5473/26/4361
f 5446/18/4335 5440/20/4329 5468/20/4356
f 5446/18/4335 5468/20/4356 5474/18/4362
f 5444/64/4333 5447/66/3183 5475/66/4363
f 5444/64/4333 5475/66/4363 5472/64/4360
f 5448/4/4336 5442/6/4331 5470/6/4358
f 5448/4/4336 5470/6/4358 5476/4/4364
f 5449/38/4337 5443/40/4332 5471/40/4359
f 5449/38/4337 5471/40/4359 5477/38/4365
f 5432/24/4321 5445/26/4334 5473/26/4361
f 5432/24/4321 5473/26/4361 5461/24/4349
f 5450/16/4338 5446/18/4335 5474/18/4362
f 5450/16/4338 5474/18/4362 5478/16/4366
f 5451/1/4339 5448/4/4336 5476/4/4364
f 5451/1/4339 5476/4/4364 5479/1/4367
f 5452/36/4340 5449/38/4337 5477/38/4365
f 5452/36/4340 5477/38/4365 5480/36/4368
f 5436/44/4325 5453/46/4341 5481/46/4369
f 5436/44/4325 5481/46/4369 5465/44/4353
f 5425/14/4314 5450/16/4338 5478/16/4366
f 5425/14/4314 5478/16/4366 5482/14/4370
f 5453/46/4341 5391/48/4280 5483/48/4371
f 5453/46/4341 5483/48/4371 5481/46/4369
f 5427/34/4316 5452/36/4340 5480/36/4368
f 5427/34/4316 5480/36/4368 5484/34/4372
f 5391/48/4280 5390/50/4279 5485/50/4373
f 5391/48/4280 5485/50/4373 5483/48/4371
f 5422/12/4311 5425/14/4314 5482/14/4370
f 5422/12/4311 5482/14/4370 5423/12/4312
f 5390/50/4279 5426/52/4315 5486/52/4374
f 5390/50/4279 5486/52/4374 5485/50/4373
f 5428/32/4317 5427/34/4316 5484/34/4372
f 5428/32/4317 5484/34/4372 5460/32/4348
f 5426/52/4315 5429/54/4318 5459/54/4347
f 5426/52/4315 5459/54/4347 5486/52/4374
f 5487/4/4375 5488/6/4376 5489/6/4377
f 5487/4/4375 5489/6/4377 5490/4/4378
f 5468/20/4356 5462/22/4350 5491/22/4379
f 5468/20/4356 5491/22/4379 5492/20/4380
f 5467/60/4355 5469/62/4357 5493/62/4381
f 5467/60/4355 5493/62/4381 5494/60/4382
f 5470/6/4358 5464/8/4352 5495/8/4383
f 5470/6/4358 5495/8/4383 5488/6/4376
f 5471/40/4359 5466/42/4354 5496/42/4384
f 5471/40/4359 5496/42/4384 5497/40/4385
f 5469/62/4357 5472/64/4360 5498/64/4386
f 5469/62/4357 5498/64/4386 5493/62/4381
f 5473/26/4361 5454/28/4342 5457/28/4345
f 5473/26/4361 5457/28/4345 5499/26/4387
f 5474/18/4362 5468/20/4356 5492/20/4380
f 5474/18/4362 5492/20/4380 5500/18/4388
f 5472/64/4360 5475/66/4363 5501/66/4389
f 5472/64/4360 5501/66/4389 5498/64/4386
f 5476/4/4364 5470/6/4358 5488/6/4376
f 5476/4/4364 5488/6/4376 5487/4/4375
f 5477/38/4365 5471/40/4359 5497/40/4385
f 5477/38/4365 5497/40/4385 5502/38/4390
f 5461/24/4349 5473/26/4361 5499/26/4387
f 5461/24/4349 5499/26/4387 5503/24/4391
f 5478/16/4366 5474/18/4362 5500/18/4388
f 5478/16/4366 5500/18/4388 5504/16/4392
f 5479/1/4367 5476/4/4364 5487/4/4375
f 5479/1/4367 5487/4/4375 5505/1/4393
f 5480/36/4368 5477/38/4365 5502/38/4390
f 5480/36/4368 5502/38/4390 5506/36/4394
f 5465/44/4353 5481/46/4369 5507/46/4395
f 5465/44/4353 5507/46/4395 5508/44/4396
f 5482/14/4370 5478/16/4366 5504/16/4392
f 5482/14/4370 5504/16/4392 5509/14/4397
f 5481/46/4369 5483/48/4371 5510/48/4398
f 5481/46/4369 5510/48/4398 5507/46/4395
f 5484/34/4372 5480/36/4368 5506/36/4394
f 5484/34/4372 5506/36/4394 5511/34/4399
f 5483/48/4371 5485/50/4373 5512/50/4400
f 5483/48/4371 5512/50/4400 5510/48/4398
f 5423/12/4312 5482/14/4370 5509/14/4397
f 5423/12/4312 5509/14/4397 5513/12/4401
f 5485/50/4373 5486/52/4374 5514/52/4402
f 5485/50/4373 5514/52/4402 5512/50/4400
f 5460/32/4348 5484/34/4372 5511/34/4399
f 5460/32/4348 5511/34/4399 5515/32/4403
f 5486/52/4374 5459/54/4347 5516/54/4404
f 5486/52/4374 5516/54/4404 5514/52/4402
f 5424/10/4313 5423/12/4312 5513/12/4401
f 5424/10/4313 5513/12/4401 5517/10/4405
f 5459/54/4347 5458/56/4346 5518/56/4406
f 5459/54/4347 5518/56/4406 5516/54/4404
f 5455/30/4343 5460/32/4348 5515/32/4403
f 5455/30/4343 5515/32/4403 5456/30/4344
f 5462/22/4350 5461/24/4349 5503/24/4391
f 5462/22/4350 5503/24/4391 5491/22/4379
f 5458/56/4346 5463/58/4351 5519/58/4407
f 5458/56/4346 5519/58/4407 5518/56/4406
f 5464/8/4352 5424/10/4313 5517/10/4405
f 5464/8/4352 5517/10/4405 5495/8/4383
f 5466/42/4354 5465/44/4353 5508/44/4396
f 5466/42/4354 5508/44/4396 5496/42/4384
f 5463/58/4351 5467/60/4355 5494/60/4382
f 5463/58/4351 5494/60/4382 5519/58/4407
f 5520/44/4408 5521/46/4409 5522/46/4410
f 5520/44/4408 5522/46/4410 5523/44/4411
f 5502/38/4390 5497/40/4385 5524/40/4412
f 5502/38/4390 5524/40/4412 5525/38/4413
f 5503/24/4391 5499/26/4387 5526/26/4414
f 5503/24/4391 5526/26/4414 5527/24/4415
f 5504/16/4392 5500/18/4388 5528/18/4416
f 5504/16/4392 5528/18/4416 5529/16/4417
f 5505/1/4393 5487/4/4375 5490/4/4378
f 5505/1/4393 5490/4/4378 5530/1/4418
f 5506/36/4394 5502/38/4390 5525/38/4413
f 5506/36/4394 5525/38/4413 5531/36/4419
f 5508/44/4396 5507/46/4395 5521/46/4409
f 5508/44/4396 5521/46/4409 5520/44/4408
f 5509/14/4397 5504/16/4392 5529/16/4417
f 5509/14/4397 5529/16/4417 5532/14/4420
f 5507/46/4395 5510/48/4398 5533/48/4421
f 5507/46/4395 5533/48/4421 5521/46/4409
f 5511/34/4399 5506/36/4394 5531/36/4419
f 5511/34/4399 5531/36/4419 5534/34/4422
f 5510/48/4398 5512/50/4400 5535/50/4423
f 5510/48/4398 5535/50/4423 5533/48/4421
f 5513/12/4401 5509/14/4397 5532/14/4420
f 5513/12/4401 5532/14/4420 5536/12/4424
f 5512/50/4400 5514/52/4402 5537/52/4425
f 5512/50/4400 5537/52/4425 5535/50/4423
f 5515/32/4403 5511/34/4399 5534/34/4422
f 5515/32/4403 5534/34/4422 5538/32/4426
f 5514/52/4402 5516/54/4404 5539/54/4427
f 5514/52/4402 5539/54/4427 5537/52/4425
f 5517/10/4405 5513/12/4401 5536/12/4424
f 5517/10/4405 5536/12/4424 5540/10/4428
f 5516/54/4404 5518/56/4406 5541/56/4429
f 5516/54/4404 5541/56/4429 5539/54/4427
f 5456/30/4344 5515/32/4403 5538/32/4426
f 5456/30/4344 5538/32/4426 5542/30/4430
f 5491/22/4379 5503/24/4391 5527/24/4415
f 5491/22/4379 5527/24/4415 5543/22/4431
f 5518/56/4406 5519/58/4407 5544/58/4432
f 5518/56/4406 5544/58/4432 5541/56/4429
f 5495/8/4383 5517/10/4405 5540/10/4428
f 5495/8/4383 5540/10/4428 5545/8/4433
f 5496/42/4384 5508/44/4396 5520/44/4408
f 5496/42/4384 5520/44/4408 5546/42/4434
f 5519/58/4407 5494/60/4382 5547/60/4435
f 5519/58/4407 5547/60/4435 5544/58/4432
f 5457/28/4345 5456/30/4344 5542/30/4430
f 5457/28/4345 5542/30/4430 5548/28/4436
f 5492/20/4380 5491/22/4379 5543/22/4431
f 5492/20/4380 5543/22/4431 5549/20/4437
f 5494/60/4382 5493/62/4381 5550/62/4438
f 5494/60/4382 5550/62/4438 5547/60/4435
f 5488/6/4376 5495/8/4383 5545/8/4433
f 5488/6/4376 5545/8/4433 5489/6/4377
f 5497/40/4385 5496/42/4384 5546/42/4434
f 5497/40/4385 5546/42/4434 5524/40/4412
f 5493/62/4381 5498/64/4386 5551/64/4439
f 5493/62/4381 5551/64/4439 5550/62/4438
f 5499/26/4387 5457/28/4345 5548/28/4436
f 5499/26/4387 5548/28/4436 5526/26/4414
f 5500/18/4388 5492/20/4380 5549/20/4437
f 5500/18/4388 5549/20/4437 5528/18/4416
f 5498/64/4386 5501/66/4389 5552/66/4440
f 5498/64/4386 5552/66/4440 5551/64/4439
f 5553/50/4441 5554/52/4442 5555/52/4443
f 5553/50/4441 5555/52/4443 5556/50/4444
f 5532/14/4420 5529/16/4417 5557/16/4445
f 5532/14/4420 5557/16/4445 5558/14/4446
f 5521/46/4409 5533/48/4421 5559/48/4447
f 5521/46/4409 5559/48/4447 5522/46/4410
f 5534/34/4422 5531/36/4419 5560/36/4448
f 5534/34/4422 5560/36/4448 5561/34/4449
f 5533/48/4421 5535/50/4423 5553/50/4441
f 5533/48/4421 5553/50/4441 5559/48/4447
f 5536/12/4424 5532/14/4420 5558/14/4446
f 5536/12/4424 5558/14/4446 5562/12/4450
f 5535/50/4423 5537/52/4425 5554/52/4442
f 5535/50/4423 5554/52/4442 5553/50/4441
f 5538/32/4426 5534/34/4422 5561/34/4449
f 5538/32/4426 5561/34/4449 5563/32/4451
f 5537/52/4425 5539/54/4427 5564/54/4452
f 5537/52/4425 5564/54/4452 5554/52/4442
f 5540/10/4428 5536/12/4424 5562/12/4450
f 5540/10/4428 5562/12/4450 5565/10/4453
f 5539/54/4427 5541/56/4429 5566/56/4454
f 5539/54/4427 5566/56/4454 5564/54/4452
f 5542/30/4430 5538/32/4426 5563/32/4451
f 5542/30/4430 5563/32/4451 5567/30/4455
f 5543/22/4431 5527/24/4415 5568/24/4456
f 5543/22/4431 5568/24/4456 5569/22/4457
f 5541/56/4429 5544/58/4432 5570/58/4458
f 5541/56/4429 5570/58/4458 5566/56/4454
f 5545/8/4433 5540/10/4428 5565/10/4453
f 5545/8/4433 5565/10/4453 5571/8/4459
f 5546/42/4434 5520/44/4408 5523/44/4411
f 5546/42/4434 5523/44/4411 5572/42/4460
f 5544/58/4432 5547/60/4435 5573/60/4461
f 5544/58/4432 5573/60/4461 5570/58/4458
f 5548/28/4436 5542/30/4430 5567/30/4455
f 5548/28/4436 5567/30/4455 5574/28/4462
f 5549/20/4437 5543/22/4431 5569/22/4457
f 5549/20/4437 5569/22/4457 5575/20/4463
f 5547/60/4435 5550/62/4438 5576/62/4464
f 5547/60/4435 5576/62/4464 5573/60/4461
f 5489/6/4377 5545/8/4433 5571/8/4459
f 5489/6/4377 5571/8/4459 5577/6/4465
f 5524/40/4412 5546/42/4434 5572/42/4460
f 5524/40/4412 5572/42/4460 5578/40/4466
f 5550/62/4438 5551/64/4439 5579/64/4467
f 5550/62/4438 5579/64/4467 5576/62/4464
f 5526/26/4414 5548/28/4436 5574/28/4462
f 5526/26/4414 5574/28/4462 5580/26/4468
f 5528/18/4416 5549/20/4437 5575/20/4463
f 5528/18/4416 5575/20/4463 5581/18/4469
f 5551/64/4439 5552/66/4440 5582/66/4470
f 5551/64/4439 5582/66/4470 5579/64/4467
f 5490/4/4378 5489/6/4377 5577/6/4465
f 5490/4/4378 5577/6/4465 5583/4/4471
f 5525/38/4413 5524/40/4412 5578/40/4466
f 5525/38/4413 5578/40/4466 5584/38/4472
f 5527/24/4415 5526/26/4414 5580/26/4468
f 5527/24/4415 5580/26/4468 5568/24/4456
f 5529/16/4417 5528/18/4416 5581/18/4469
f 5529/16/4417 5581/18/4469 5557/16/4445
f 5530/1/4418 5490/4/4378 5583/4/4471
f 5530/1/4418 5583/4/4471 5585/1/4473
f 5531/36/4419 5525/38/4413 5584/38/4472
f 5531/36/4419 5584/38/4472 5560/36/4448
f 5586/56/4474 5587/58/4475 5588/58/4476
f 5586/56/4474 5588/58/4476 5589/56/4477
f 5563/32/4451 5561/34/4449 5590/34/4478
f 5563/32/4451 5590/34/4478 5591/32/4479
f 5554/52/4442 5564/54/4452 5592/54/4480
f 5554/52/4442 5592/54/4480 5555/52/4443
f 5565/10/4453 5562/12/4450 5593/12/4481
f 5565/10/4453 5593/12/4481 5594/10/4482
f 5564/54/4452 5566/56/4454 5586/56/4474
f 5564/54/4452 5586/56/4474 5592/54/4480
f 5567/30/4455 5563/32/4451 5591/32/4479
f 5567/30/4455 5591/32/4479 5595/30/4483
f 5569/22/4457 5568/24/4456 5596/24/4484
f 5569/22/4457 5596/24/4484 5597/22/4485
f 5566/56/4454 5570/58/4458 5587/58/4475
f 5566/56/4454 5587/58/4475 5586/56/4474
f 5571/8/4459 5565/10/4453 5594/10/4482
f 5571/8/4459 5594/10/4482 5598/8/4486
f 5572/42/4460 5523/44/4411 5599/44/4487
f 5572/42/4460 5599/44/4487 5600/42/4488
f 5570/58/4458 5573/60/4461 5601/60/4489
f 5570/58/4458 5601/60/4489 5587/58/4475
f 5574/28/4462 5567/30/4455 5595/30/4483
f 5574/28/4462 5595/30/4483 5602/28/4490
f 5575/20/4463 5569/22/4457 5597/22/4485
f 5575/20/4463 5597/22/4485 5603/20/4491
f 5573/60/4461 5576/62/4464 5604/62/4492
f 5573/60/4461 5604/62/4492 5601/60/4489
f 5577/6/4465 5571/8/4459 5598/8/4486
f 5577/6/4465 5598/8/4486 5605/6/4493
f 5578/40/4466 5572/42/4460 5600/42/4488
f 5578/40/4466 5600/42/4488 5606/40/4494
f 5576/62/4464 5579/64/4467 5607/64/4495
f 5576/62/4464 5607/64/4495 5604/62/4492
f 5580/26/4468 5574/28/4462 5602/28/4490
f 5580/26/4468 5602/28/4490 5608/26/4496
f 5581/18/4469 5575/20/4463 5603/20/4491
f 5581/18/4469 5603/20/4491 5609/18/4497
f 5579/64/4467 5582/66/4470 5610/66/4498
f 5579/64/4467 5610/66/4498 5607/64/4495
f 5583/4/4471 5577/6/4465 5605/6/4493
f 5583/4/4471 5605/6/4493 5611/4/4499
f 5584/38/4472 5578/40/4466 5606/40/4494
f 5584/38/4472 5606/40/4494 5612/38/4500
f 5568/24/4456 5580/26/4468 5608/26/4496
f 5568/24/4456 5608/26/4496 5596/24/4484
f 5557/16/4445 5581/18/4469 5609/18/4497
f 5557/16/4445 5609/18/4497 5613/16/4501
f 5585/1/4473 5583/4/4471 5611/4/4499
f 5585/1/4473 5611/4/4499 5614/1/4502
f 5560/36/4448 5584/38/4472 5612/38/4500
f 5560/36/4448 5612/38/4500 5615/36/4503
f 5523/44/4411 5522/46/4410 5616/46/4504
f 5523/44/4411 5616/46/4504 5599/44/4487
f 5558/14/4446 5557/16/4445 5613/16/4501
f 5558/14/4446 5613/16/4501 5617/14/4505
f 5522/46/4410 5559/48/4447 5618/48/4506
f 5522/46/4410 5618/48/4506 5616/46/4504
f 5561/34/4449 5560/36/4448 5615/36/4503
f 5561/34/4449 5615/36/4503 5590/34/4478
f 5559/48/4447 5553/50/4441 5556/50/4444
f 5559/48/4447 5556/50/4444 5618/48/4506
f 5562/12/4450 5558/14/4446 5617/14/4505
f 5562/12/4450 5617/14/4505 5593/12/4481
f 5619/62/4507 5620/64/4508 5621/64/4509
f 5619/62/4507 5621/64/4509 5622/62/4510
f 5598/8/4486 5594/10/4482 5623/10/4511
f 5598/8/4486 5623/10/4511 5624/8/4512
f 5600/42/4488 5599/44/4487 5625/44/4513
f 5600/42/4488 5625/44/4513 5626/42/4514
f 5587/58/4475 5601/60/4489 5627/60/4515
f 5587/58/4475 5627/60/4515 5588/58/4476
f 5602/28/4490 5595/30/4483 5628/30/4516
f 5602/28/4490 5628/30/4516 5629/28/4517
f 5603/20/4491 5597/22/4485 5630/22/4518
f 5603/20/4491 5630/22/4518 5631/20/4519
f 5601/60/4489 5604/62/4492 5619/62/4507
f 5601/60/4489 5619/62/4507 5627/60/4515
f 5605/6/4493 5598/8/4486 5624/8/4512
f 5605/6/4493 5624/8/4512 5632/6/4520
f 5606/40/4494 5600/42/4488 5626/42/4514
f 5606/40/4494 5626/42/4514 5633/40/4521
f 5604/62/4492 5607/64/4495 5620/64/4508
f 5604/62/4492 5620/64/4508 5619/62/4507
f 5608/26/4496 5602/28/4490 5629/28/4517
f 5608/26/4496 5629/28/4517 5634/26/4522
f 5609/18/4497 5603/20/4491 5631/20/4519
f 5609/18/4497 5631/20/4519 5635/18/4523
f 5607/64/4495 5610/66/4498 5636/66/4524
f 5607/64/4495 5636/66/4524 5620/64/4508
f 5611/4/4499 5605/6/4493 5632/6/4520
f 5611/4/4499 5632/6/4520 5637/4/4525
f 5612/38/4500 5606/40/4494 5633/40/4521
f 5612/38/4500 5633/40/4521 5638/38/4526
f 5596/24/4484 5608/26/4496 5634/26/4522
f 5596/24/4484 5634/26/4522 5639/24/4527
f 5613/16/4501 5609/18/4497 5635/18/4523
f 5613/16/4501 5635/18/4523 5640/16/4528
f 5614/1/4502 5611/4/4499 5637/4/4525
f 5614/1/4502 5637/4/4525 5641/1/4529
f 5615/36/4503 5612/38/4500 5638/38/4526
f 5615/36/4503 5638/38/4526 5642/36/4530
f 5599/44/4487 5616/46/4504 5643/46/4531
f 5599/44/4487 5643/46/4531 5625/44/4513
f 5617/14/4505 5613/16/4501 5640/16/4528
f 5617/14/4505 5640/16/4528 5644/14/4532
f 5616/46/4504 5618/48/4506 5645/48/4533
f 5616/46/4504 5645/48/4533 5643/46/4531
f 5590/34/4478 5615/36/4503 5642/36/4530
f 5590/34/4478 5642/36/4530 5646/34/4534
f 5618/48/4506 5556/50/4444 5647/50/4535
f 5618/48/4506 5647/50/4535 5645/48/4533
f 5593/12/4481 5617/14/4505 5644/14/4532
f 5593/12/4481 5644/14/4532 5648/12/4536
f 5556/50/4444 5555/52/4443 5649/52/4537
f 5556/50/4444 5649/52/4537 5647/50/4535
f 5591/32/4479 5590/34/4478 5646/34/4534
f 5591/32/4479 5646/34/4534 5650/32/4538
f 5555/52/4443 5592/54/4480 5651/54/4539
f 5555/52/4443 5651/54/4539 5649/52/4537
f 5594/10/4482 5593/12/4481 5648/12/4536
f 5594/10/4482 5648/12/4536 5623/10/4511
f 5592/54/4480 5586/56/4474 5589/56/4477
f 5592/54/4480 5589/56/4477 5651/54/4539
f 5595/30/4483 5591/32/4479 5650/32/4538
f 5595/30/4483 5650/32/4538 5628/30/4516
f 5597/22/4485 5596/24/4484 5639/24/4527
f 5597/22/4485 5639/24/4527 5630/22/4518
f 5652/1/4540 5653/4/4541 5654/4/4542
f 5652/1/4540 5654/4/4542 5655/1/4543
f 5634/26/4522 5629/28/4517 5656/28/4544
f 5634/26/4522 5656/28/4544 5657/26/4545
f 5635/18/4523 5631/20/4519 5658/20/4546
f 5635/18/4523 5658/20/4546 5659/18/4547
f 5620/64/4508 5636/66/4524 5660/66/4548
f 5620/64/4508 5660/66/4548 5621/64/4509
f 5637/4/4525 5632/6/4520 5661/6/4549
f 5637/4/4525 5661/6/4549 5653/4/4541
f 5638/38/4526 5633/40/4521 5662/40/4550
f 5638/38/4526 5662/40/4550 5663/38/4551
f 5639/24/4527 5634/26/4522 5657/26/4545
f 5639/24/4527 5657/26/4545 5664/24/4552
f 5640/16/4528 5635/18/4523 5659/18/4547
f 5640/16/4528 5659/18/4547 5665/16/4553
f 5641/1/4529 5637/4/4525 5653/4/4541
f 5641/1/4529 5653/4/4541 5652/1/4540
f 5642/36/4530 5638/38/4526 5663/38/4551
f 5642/36/4530 5663/38/4551 5666/36/4554
f 5625/44/4513 5643/46/4531 5667/46/4555
f 5625/44/4513 5667/46/4555 5668/44/4556
f 5644/14/4532 5640/16/4528 5665/16/4553
f 5644/14/4532 5665/16/4553 5669/14/4557
f 5643/46/4531 5645/48/4533 5670/48/4558
f 5643/46/4531 5670/48/4558 5667/46/4555
f 5646/34/4534 5642/36/4530 5666/36/4554
f 5646/34/4534 5666/36/4554 5671/34/4559
f 5645/48/4533 5647/50/4535 5672/50/4560
f 5645/48/4533 5672/50/4560 5670/48/4558
f 5648/12/4536 5644/14/4532 5669/14/4557
f 5648/12/4536 5669/14/4557 5673/12/4561
f 5647/50/4535 5649/52/4537 5674/52/4562
f 5647/50/4535 5674/52/4562 5672/50/4560
f 5650/32/4538 5646/34/4534 5671/34/4559
f 5650/32/4538 5671/34/4559 5675/32/4563
f 5649/52/4537 5651/54/4539 5676/54/4564
f 5649/52/4537 5676/54/4564 5674/52/4562
f 5623/10/4511 5648/12/4536 5673/12/4561
f 5623/10/4511 5673/12/4561 5677/10/4565
f 5651/54/4539 5589/56/4477 5678/56/4566
f 5651/54/4539 5678/56/4566 5676/54/4564
f 5628/30/4516 5650/32/4538 5675/32/4563
f 5628/30/4516 5675/32/4563 5679/30/4567
f 5630/22/4518 5639/24/4527 5664/24/4552
f 5630/22/4518 5664/24/4552 5680/22/4568
f 5589/56/4477 5588/58/4476 5681/58/4569
f 5589/56/4477 5681/58/4569 5678/56/4566
f 5624/8/4512 5623/10/4511 5677/10/4565
f 5624/8/4512 5677/10/4565 5682/8/4570
f 5626/42/4514 5625/44/4513 5668/44/4556
f 5626/42/4514 5668/44/4556 5683/42/4571
f 5588/58/4476 5627/60/4515 5684/60/4572
f 5588/58/4476 5684/60/4572 5681/58/4569
f 5629/28/4517 5628/30/4516 5679/30/4567
f 5629/28/4517 5679/30/4567 5656/28/4544
f 5631/20/4519 5630/22/4518 5680/22/4568
f 5631/20/4519 5680/22/4568 5658/20/4546
f 5627/60/4515 5619/62/4507 5622/62/4510
f 5627/60/4515 5622/62/4510 5684/60/4572
f 5632/6/4520 5624/8/4512 5682/8/4570
f 5632/6/4520 5682/8/4570 5661/6/4549
f 5633/40/4521 5626/42/4514 5683/42/4571
f 5633/40/4521 5683/42/4571 5662/40/4550
f 5685/48/4573 5686/50/4574 5687/50/4575
f 5685/48/4573 5687/50/4575 5688/48/4576
f 5666/36/4554 5663/38/4551 5689/38/4577
f 5666/36/4554 5689/38/4577 5690/36/4578
f 5668/44/4556 5667/46/4555 5691/46/4579
f 5668/44/4556 5691/46/4579 5692/44/4580
f 5669/14/4557 5665/16/4553 5693/16/4581
f 5669/14/4557 5693/16/4581 5694/14/4582
f 5667/46/4555 5670/48/4558 5685/48/4573
f 5667/46/4555 5685/48/4573 5691/46/4579
f 5671/34/4559 5666/36/4554 5690/36/4578
f 5671/34/4559 5690/36/4578 5695/34/4583
f 5670/48/4558 5672/50/4560 5686/50/4574
f 5670/48/4558 5686/50/4574 5685/48/4573
f 5673/12/4561 5669/14/4557 5694/14/4582
f 5673/12/4561 5694/14/4582 5696/12/4584
f 5672/50/4560 5674/52/4562 5697/52/4585
f 5672/50/4560 5697/52/4585 5686/50/4574
f 5675/32/4563 5671/34/4559 5695/34/4583
f 5675/32/4563 5695/34/4583 5698/32/4586
f 5674/52/4562 5676/54/4564 5699/54/4587
f 5674/52/4562 5699/54/4587 5697/52/4585
f 5677/10/4565 5673/12/4561 5696/12/4584
f 5677/10/4565 5696/12/4584 5700/10/4588
f 5676/54/4564 5678/56/4566 5701/56/4589
f 5676/54/4564 5701/56/4589 5699/54/4587
f 5679/30/4567 5675/32/4563 5698/32/4586
f 5679/30/4567 5698/32/4586 5702/30/4590
f 5680/22/4568 5664/24/4552 5703/24/4591
f 5680/22/4568 5703/24/4591 5704/22/4592
f 5678/56/4566 5681/58/4569 5705/58/4593
f 5678/56/4566 5705/58/4593 5701/56/4589
f 5682/8/4570 5677/10/4565 5700/10/4588
f 5682/8/4570 5700/10/4588 5706/8/4594
f 5683/42/4571 5668/44/4556 5692/44/4580
f 5683/42/4571 5692/44/4580 5707/42/4595
f 5681/58/4569 5684/60/4572 5708/60/4596
f 5681/58/4569 5708/60/4596 5705/58/4593
f 5656/28/4544 5679/30/4567 5702/30/4590
f 5656/28/4544 5702/30/4590 5709/28/4597
f 5658/20/4546 5680/22/4568 5704/22/4592
f 5658/20/4546 5704/22/4592 5710/20/4598
f 5684/60/4572 5622/62/4510 5711/62/4599
f 5684/60/4572 5711/62/4599 5708/60/4596
f 5661/6/4549 5682/8/4570 5706/8/4594
f 5661/6/4549 5706/8/4594 5712/6/4600
f 5662/40/4550 5683/42/4571 5707/42/4595
f 5662/40/4550 5707/42/4595 5713/40/4601
f 5622/62/4510 5621/64/4509 5714/64/4602
f 5622/62/4510 5714/64/4602 5711/62/4599
f 5657/26/4545 5656/28/4544 5709/28/4597
f 5657/26/4545 5709/28/4597 5715/26/4603
f 5659/18/4547 5658/20/4546 5710/20/4598
f 5659/18/4547 5710/20/4598 5716/18/4604
f 5621/64/4509 5660/66/4548 5717/66/4605
f 5621/64/4509 5717/66/4605 5714/64/4602
f 5653/4/4541 5661/6/4549 5712/6/4600
f 5653/4/4541 5712/6/4600 5654/4/4542
f 5663/38/4551 5662/40/4550 5713/40/4601
f 5663/38/4551 5713/40/4601 5689/38/4577
f 5664/24/4552 5657/26/4545 5715/26/4603
f 5664/24/4552 5715/26/4603 5703/24/4591
f 5665/16/4553 5659/18/4547 5716/18/4604
f 5665/16/4553 5716/18/4604 5693/16/4581
f 5718/54/4606 5719/56/4607 5720/56/4608
f 5718/54/4606 5720/56/4608 5721/54/4609
f 5696/12/4584 5694/14/4582 5722/14/4610
f 5696/12/4584 5722/14/4610 5723/12/4611
f 5686/50/4574 5697/52/4585 5724/52/4612
f 5686/50/4574 5724/52/4612 5687/50/4575
f 5698/32/4586 5695/34/4583 5725/34/4613
f 5698/32/4586 5725/34/4613 5726/32/4614
f 5697/52/4585 5699/54/4587 5718/54/4606
f 5697/52/4585 5718/54/4606 5724/52/4612
f 5700/10/4588 5696/12/4584 5723/12/4611
f 5700/10/4588 5723/12/4611 5727/10/4615
f 5699/54/4587 5701/56/4589 5719/56/4607
f 5699/54/4587 5719/56/4607 5718/54/4606
f 5702/30/4590 5698/32/4586 5726/32/4614
f 5702/30/4590 5726/32/4614 5728/30/4616
f 5704/22/4592 5703/24/4591 5729/24/4617
f 5704/22/4592 5729/24/4617 5730/22/4618
f 5701/56/4589 5705/58/4593 5731/58/4619
f 5701/56/4589 5731/58/4619 5719/56/4607
f 5706/8/4594 5700/10/4588 5727/10/4615
f 5706/8/4594 5727/10/4615 5732/8/4620
f 5707/42/4595 5692/44/4580 5733/44/4621
f 5707/42/4595 5733/44/4621 5734/42/4622
f 5705/58/4593 5708/60/4596 5735/60/4623
f 5705/58/4593 5735/60/4623 5731/58/4619
f 5709/28/4597 5702/30/4590 5728/30/4616
f 5709/28/4597 5728/30/4616 5736/28/4624
f 5710/20/4598 5704/22/4592 5730/22/4618
f 5710/20/4598 5730/22/4618 5737/20/4625
f 5708/60/4596 5711/62/4599 5738/62/4626
f 5708/60/4596 5738/62/4626 5735/60/4623
f 5712/6/4600 5706/8/4594 5732/8/4620
f 5712/6/4600 5732/8/4620 5739/6/4627
f 5713/40/4601 5707/42/4595 5734/42/4622
f 5713/40/4601 5734/42/4622 5740/40/4628
f 5711/62/4599 5714/64/4602 5741/64/4629
f 5711/62/4599 5741/64/4629 5738/62/4626
f 5715/26/4603 5709/28/4597 5736/28/4624
f 5715/26/4603 5736/28/4624 5742/26/4630
f 5716/18/4604 5710/20/4598 5737/20/4625
f 5716/18/4604 5737/20/4625 5743/18/4631
f 5714/64/4602 5717/66/4605 5744/66/4632
f 5714/64/4602 5744/66/4632 5741/64/4629
f 5654/4/4542 5712/6/4600 5739/6/4627
f 5654/4/4542 5739/6/4627 5745/4/4633
f 5689/38/4577 5713/40/4601 5740/40/4628
f 5689/38/4577 5740/40/4628 5746/38/4634
f 5703/24/4591 5715/26/4603 5742/26/4630
f 5703/24/4591 5742/26/4630 5729/24/4617
f 5693/16/4581 5716/18/4604 5743/18/4631
f 5693/16/4581 5743/18/4631 5747/16/4635
f 5655/1/4543 5654/4/4542 5745/4/4633
f 5655/1/4543 5745/4/4633 5748/1/4636
f 5690/36/4578 5689/38/4577 5746/38/4634
f 5690/36/4578 5746/38/4634 5749/36/4637
f 5692/44/4580 5691/46/4579 5750/46/4638
f 5692/44/4580 5750/46/4638 5733/44/4621
f 5694/14/4582 5693/16/4581 5747/16/4635
f 5694/14/4582 5747/16/4635 5722/14/4610
f 5691/46/4579 5685/48/4573 5688/48/4576
f 5691/46/4579 5688/48/4576 5750/46/4638
f 5695/34/4583 5690/36/4578 5749/36/4637
f 5695/34/4583 5749/36/4637 5725/34/4613
f 5751/20/4639 5752/22/4640 5753/22/4641
f 5751/20/4639 5753/22/4641 5754/20/4642
f 5728/30/4616 5726/32/4614 5755/32/4643
f 5728/30/4616 5755/32/4643 5756/30/4644
f 5730/22/4618 5729/24/4617 5757/24/4645
f 5730/22/4618 5757/24/4645 5752/22/4640
f 5719/56/4607 5731/58/4619 5758/58/4646
f 5719/56/4607 5758/58/4646 5720/56/4608
f 5732/8/4620 5727/10/4615 5759/10/4647
f 5732/8/4620 5759/10/4647 5760/8/4648
f 5734/42/4622 5733/44/4621 5761/44/4649
f 5734/42/4622 5761/44/4649 5762/42/4650
f 5731/58/4619 5735/60/4623 5763/60/4651
f 5731/58/4619 5763/60/4651 5758/58/4646
f 5736/28/4624 5728/30/4616 5756/30/4644
f 5736/28/4624 5756/30/4644 5764/28/4652
f 5737/20/4625 5730/22/4618 5752/22/4640
f 5737/20/4625 5752/22/4640 5751/20/4639
f 5735/60/4623 5738/62/4626 5765/62/4653
f 5735/60/4623 5765/62/4653 5763/60/4651
f 5739/6/4627 5732/8/4620 5760/8/4648
f 5739/6/4627 5760/8/4648 5766/6/4654
f 5740/40/4628 5734/42/4622 5762/42/4650
f 5740/40/4628 5762/42/4650 5767/40/4655
f 5738/62/4626 5741/64/4629 5768/64/4656
f 5738/62/4626 5768/64/4656 5765/62/4653
f 5742/26/4630 5736/28/4624 5764/28/4652
f 5742/26/4630 5764/28/4652 5769/26/4657
f 5743/18/4631 5737/20/4625 5751/20/4639
f 5743/18/4631 5751/20/4639 5770/18/4658
f 5741/64/4629 5744/66/4632 5771/66/4659
f 5741/64/4629 5771/66/4659 5768/64/4656
f 5745/4/4633 5739/6/4627 5766/6/4654
f 5745/4/4633 5766/6/4654 5772/4/4660
f 5746/38/4634 5740/40/4628 5767/40/4655
f 5746/38/4634 5767/40/4655 5773/38/4661
f 5729/24/4617 5742/26/4630 5769/26/4657
f 5729/24/4617 5769/26/4657 5757/24/4645
f 5747/16/4635 5743/18/4631 5770/18/4658
f 5747/16/4635 5770/18/4658 5774/16/4662
f 5748/1/4636 5745/4/4633 5772/4/4660
f 5748/1/4636 5772/4/4660 5775/1/4663
f 5749/36/4637 5746/38/4634 5773/38/4661
f 5749/36/4637 5773/38/4661 5776/36/4664
f 5733/44/4621 5750/46/4638 5777/46/4665
f 5733/44/4621 5777/46/4665 5761/44/4649
f 5722/14/4610 5747/16/4635 5774/16/4662
f 5722/14/4610 5774/16/4662 5778/14/4666
f 5750/46/4638 5688/48/4576 5779/48/4667
f 5750/46/4638 5779/48/4667 5777/46/4665
f 5725/34/4613 5749/36/4637 5776/36/4664
f 5725/34/4613 5776/36/4664 5780/34/4668
f 5688/48/4576 5687/50/4575 5781/50/4669
f 5688/48/4576 5781/50/4669 5779/48/4667
f 5723/12/4611 5722/14/4610 5778/14/4666
f 5723/12/4611 5778/14/4666 5782/12/4670
f 5687/50/4575 5724/52/4612 5783/52/4671
f 5687/50/4575 5783/52/4671 5781/50/4669
f 5726/32/4614 5725/34/4613 5780/34/4668
f 5726/32/4614 5780/34/4668 5755/32/4643
f 5724/52/4612 5718/54/4606 5721/54/4609
f 5724/52/4612 5721/54/4609 5783/52/4671
f 5727/10/4615 5723/12/4611 5782/12/4670
f 5727/10/4615 5782/12/4670 5759/10/4647
f 5784/38/4672 5785/40/4673 5786/40/4674
f 5784/38/4672 5786/40/4674 5787/38/4675
f 5763/60/4651 5765/62/4653 5788/62/4676
f 5763/60/4651 5788/62/4676 5789/60/4677
f 5766/6/4654 5760/8/4648 5790/8/4678
f 5766/6/4654 5790/8/4678 5791/6/4679
f 5767/40/4655 5762/42/4650 5792/42/4680
f 5767/40/4655 5792/42/4680 5785/40/4673
f 5765/62/4653 5768/64/4656 5793/64/4681
f 5765/62/4653 5793/64/4681 5788/62/4676
f 5769/26/4657 5764/28/4652 5794/28/4682
f 5769/26/4657 5794/28/4682 5795/26/4683
f 5770/18/4658 5751/20/4639 5754/20/4642
f 5770/18/4658 5754/20/4642 5796/18/4684
f 5768/64/4656 5771/66/4659 5797/66/4685
f 5768/64/4656 5797/66/4685 5793/64/4681
f 5772/4/4660 5766/6/4654 5791/6/4679
f 5772/4/4660 5791/6/4679 5798/4/4686
f 5773/38/4661 5767/40/4655 5785/40/4673
f 5773/38/4661 5785/40/4673 5784/38/4672
f 5757/24/4645 5769/26/4657 5795/26/4683
f 5757/24/4645 5795/26/4683 5799/24/4687
f 5774/16/4662 5770/18/4658 5796/18/4684
f 5774/16/4662 5796/18/4684 5800/16/4688
f 5775/1/4663 5772/4/4660 5798/4/4686
f 5775/1/4663 5798/4/4686 5801/1/4689
f 5776/36/4664 5773/38/4661 5784/38/4672
f 5776/36/4664 5784/38/4672 5802/36/4690
f 5761/44/4649 5777/46/4665 5803/46/4691
f 5761/44/4649 5803/46/4691 5804/44/4692
f 5778/14/4666 5774/16/4662 5800/16/4688
f 5778/14/4666 5800/16/4688 5805/14/4693
f 5777/46/4665 5779/48/4667 5806/48/4694
f 5777/46/4665 5806/48/4694 5803/46/4691
f 5780/34/4668 5776/36/4664 5802/36/4690
f 5780/34/4668 5802/36/4690 5807/34/4695
f 5779/48/4667 5781/50/4669 5808/50/4696
f 5779/48/4667 5808/50/4696 5806/48/4694
f 5782/12/4670 5778/14/4666 5805/14/4693
f 5782/12/4670 5805/14/4693 5809/12/4697
f 5781/50/4669 5783/52/4671 5810/52/4698
f 5781/50/4669 5810/52/4698 5808/50/4696
f 5755/32/4643 5780/34/4668 5807/34/4695
f 5755/32/4643 5807/34/4695 5811/32/4699
f 5783/52/4671 5721/54/4609 5812/54/4700
f 5783/52/4671 5812/54/4700 5810/52/4698
f 5759/10/4647 5782/12/4670 5809/12/4697
f 5759/10/4647 5809/12/4697 5813/10/4701
f 5721/54/4609 5720/56/4608 5814/56/4702
f 5721/54/4609 5814/56/4702 5812/54/4700
f 5756/30/4644 5755/32/4643 5811/32/4699
f 5756/30/4644 5811/32/4699 5815/30/4703
f 5752/22/4640 5757/24/4645 5799/24/4687
f 5752/22/4640 5799/24/4687 5753/22/4641
f 5720/56/4608 5758/58/4646 5816/58/4704
f 5720/56/4608 5816/58/4704 5814/56/4702
f 5760/8/4648 5759/10/4647 5813/10/4701
f 5760/8/4648 5813/10/4701 5790/8/4678
f 5762/42/4650 5761/44/4649 5804/44/4692
f 5762/42/4650 5804/44/4692 5792/42/4680
f 5758/58/4646 5763/60/4651 5789/60/4677
f 5758/58/4646 5789/60/4677 5816/58/4704
f 5764/28/4652 5756/30/4644 5815/30/4703
f 5764/28/4652 5815/30/4703 5794/28/4682
f 5817/14/4705 5818/16/4706 5819/16/4707
f 5817/14/4705 5819/16/4707 5820/14/4708
f 5799/24/4687 5795/26/4683 5821/26/4709
f 5799/24/4687 5821/26/4709 5822/24/4710
f 5800/16/4688 5796/18/4684 5823/18/4711
f 5800/16/4688 5823/18/4711 5818/16/4706
f 5801/1/4689 5798/4/4686 5824/4/4712
f 5801/1/4689 5824/4/4712 5825/1/4713
f 5802/36/4690 5784/38/4672 5787/38/4675
f 5802/36/4690 5787/38/4675 5826/36/4714
f 5804/44/4692 5803/46/4691 5827/46/4715
f 5804/44/4692 5827/46/4715 5828/44/4716
f 5805/14/4693 5800/16/4688 5818/16/4706
f 5805/14/4693 5818/16/4706 5817/14/4705
f 5803/46/4691 5806/48/4694 5829/48/4717
f 5803/46/4691 5829/48/4717 5827/46/4715
f 5807/34/4695 5802/36/4690 5826/36/4714
f 5807/34/4695 5826/36/4714 5830/34/4718
f 5806/48/4694 5808/50/4696 5831/50/4719
f 5806/48/4694 5831/50/4719 5829/48/4717
f 5809/12/4697 5805/14/4693 5817/14/4705
f 5809/12/4697 5817/14/4705 5832/12/4720
f 5808/50/4696 5810/52/4698 5833/52/4721
f 5808/50/4696 5833/52/4721 5831/50/4719
f 5811/32/4699 5807/34/4695 5830/34/4718
f 5811/32/4699 5830/34/4718 5834/32/4722
f 5810/52/4698 5812/54/4700 5835/54/4723
f 5810/52/4698 5835/54/4723 5833/52/4721
f 5813/10/4701 5809/12/4697 5832/12/4720
f 5813/10/4701 5832/12/4720 5836/10/4724
f 5812/54/4700 5814/56/4702 5837/56/4725
f 5812/54/4700 5837/56/4725 5835/54/4723
f 5815/30/4703 5811/32/4699 5834/32/4722
f 5815/30/4703 5834/32/4722 5838/30/4726
f 5753/22/4641 5799/24/4687 5822/24/4710
f 5753/22/4641 5822/24/4710 5839/22/4727
f 5814/56/4702 5816/58/4704 5840/58/4728
f 5814/56/4702 5840/58/4728 5837/56/4725
f 5790/8/4678 5813/10/4701 5836/10/4724
f 5790/8/4678 5836/10/4724 5841/8/4729
f 5792/42/4680 5804/44/4692 5828/44/4716
f 5792/42/4680 5828/44/4716 5842/42/4730
f 5816/58/4704 5789/60/4677 5843/60/4731
f 5816/58/4704 5843/60/4731 5840/58/4728
f 5794/28/4682 5815/30/4703 5838/30/4726
f 5794/28/4682 5838/30/4726 5844/28/4732
f 5754/20/4642 5753/22/4641 5839/22/4727
f 5754/20/4642 5839/22/4727 5845/20/4733
f 5789/60/4677 5788/62/4676 5846/62/4734
f 5789/60/4677 5846/62/4734 5843/60/4731
f 5791/6/4679 5790/8/4678 5841/8/4729
f 5791/6/4679 5841/8/4729 5847/6/4735
f 5785/40/4673 5792/42/4680 5842/42/4730
f 5785/40/4673 5842/42/4730 5786/40/4674
f 5788/62/4676 5793/64/4681 5848/64/4736
f 5788/62/4676 5848/64/4736 5846/62/4734
f 5795/26/4683 5794/28/4682 5844/28/4732
f 5795/26/4683 5844/28/4732 5821/26/4709
f 5796/18/4684 5754/20/4642 5845/20/4733
f 5796/18/4684 5845/20/4733 5823/18/4711
f 5793/64/4681 5797/66/4685 5849/66/4737
f 5793/64/4681 5849/66/4737 5848/64/4736
f 5798/4/4686 5791/6/4679 5847/6/4735
f 5798/4/4686 5847/6/4735 5824/4/4712
f 5850/32/4738 5851/34/4739 5852/34/4740
f 5850/32/4738 5852/34/4740 5853/32/4741
f 5827/46/4715 5829/48/4717 5854/48/4742
f 5827/46/4715 5854/48/4742 5855/46/4743
f 5830/34/4718 5826/36/4714 5856/36/4744
f 5830/34/4718 5856/36/4744 5851/34/4739
f 5829/48/4717 5831/50/4719 5857/50/4745
f 5829/48/4717 5857/50/4745 5854/48/4742
f 5832/12/4720 5817/14/4705 5820/14/4708
f 5832/12/4720 5820/14/4708 5858/12/4746
f 5831/50/4719 5833/52/4721 5859/52/4747
f 5831/50/4719 5859/52/4747 5857/50/4745
f 5834/32/4722 5830/34/4718 5851/34/4739
f 5834/32/4722 5851/34/4739 5850/32/4738
f 5833/52/4721 5835/54/4723 5860/54/4748
f 5833/52/4721 5860/54/4748 5859/52/4747
f 5836/10/4724 5832/12/4720 5858/12/4746
f 5836/10/4724 5858/12/4746 5861/10/4749
f 5835/54/4723 5837/56/4725 5862/56/4750
f 5835/54/4723 5862/56/4750 5860/54/4748
f 5838/30/4726 5834/32/4722 5850/32/4738
f 5838/30/4726 5850/32/4738 5863/30/4751
f 5839/22/4727 5822/24/4710 5864/24/4752
f 5839/22/4727 5864/24/4752 5865/22/4753
f 5837/56/4725 5840/58/4728 5866/58/4754
f 5837/56/4725 5866/58/4754 5862/56/4750
f 5841/8/4729 5836/10/4724 5861/10/4749
f 5841/8/4729 5861/10/4749 5867/8/4755
f 5842/42/4730 5828/44/4716 5868/44/4756
f 5842/42/4730 5868/44/4756 5869/42/4757
f 5840/58/4728 5843/60/4731 5870/60/4758
f 5840/58/4728 5870/60/4758 5866/58/4754
f 5844/28/4732 5838/30/4726 5863/30/4751
f 5844/28/4732 5863/30/4751 5871/28/4759
f 5845/20/4733 5839/22/4727 5865/22/4753
f 5845/20/4733 5865/22/4753 5872/20/4760
f 5843/60/4731 5846/62/4734 5873/62/4761
f 5843/60/4731 5873/62/4761 5870/60/4758
f 5847/6/4735 5841/8/4729 5867/8/4755
f 5847/6/4735 5867/8/4755 5874/6/4762
f 5786/40/4674 5842/42/4730 5869/42/4757
f 5786/40/4674 5869/42/4757 5875/40/4763
f 5846/62/4734 5848/64/4736 5876/64/4764
f 5846/62/4734 5876/64/4764 5873/62/4761
f 5821/26/4709 5844/28/4732 5871/28/4759
f 5821/26/4709 5871/28/4759 5877/26/4765
f 5823/18/4711 5845/20/4733 5872/20/4760
f 5823/18/4711 5872/20/4760 5878/18/4766
f 5848/64/4736 5849/66/4737 5879/66/4767
f 5848/64/4736 5879/66/4767 5876/64/4764
f 5824/4/4712 5847/6/4735 5874/6/4762
f 5824/4/4712 5874/6/4762 5880/4/4768
f 5787/38/4675 5786/40/4674 5875/40/4763
f 5787/38/4675 5875/40/4763 5881/38/4769
f 5822/24/4710 5821/26/4709 5877/26/4765
f 5822/24/4710 5877/26/4765 5864/24/4752
f 5818/16/4706 5823/18/4711 5878/18/4766
f 5818/16/4706 5878/18/4766 5819/16/4707
f 5825/1/4713 5824/4/4712 5880/4/4768
f 5825/1/4713 5880/4/4768 5882/1/4770
f 5826/36/4714 5787/38/4675 5881/38/4769
f 5826/36/4714 5881/38/4769 5856/36/4744
f 5828/44/4716 5827/46/4715 5855/46/4743
f 5828/44/4716 5855/46/4743 5868/44/4756
f 5883/8/4771 5884/10/4772 5885/10/4773
f 5883/8/4771 5885/10/4773 5886/8/4774
f 5859/52/4747 5860/54/4748 5887/54/4775
f 5859/52/4747 5887/54/4775 5888/52/4776
f 5861/10/4749 5858/12/4746 5889/12/4777
f 5861/10/4749 5889/12/4777 5884/10/4772
f 5860/54/4748 5862/56/4750 5890/56/4778
f 5860/54/4748 5890/56/4778 5887/54/4775
f 5863/30/4751 5850/32/4738 5853/32/4741
f 5863/30/4751 5853/32/4741 5891/30/4779
f 5865/22/4753 5864/24/4752 5892/24/4780
f 5865/22/4753 5892/24/4780 5893/22/4781
f 5862/56/4750 5866/58/4754 5894/58/4782
f 5862/56/4750 5894/58/4782 5890/56/4778
f 5867/8/4755 5861/10/4749 5884/10/4772
f 5867/8/4755 5884/10/4772 5883/8/4771
f 5869/42/4757 5868/44/4756 5895/44/4783
f 5869/42/4757 5895/44/4783 5896/42/4784
f 5866/58/4754 5870/60/4758 5897/60/4785
f 5866/58/4754 5897/60/4785 5894/58/4782
f 5871/28/4759 5863/30/4751 5891/30/4779
f 5871/28/4759 5891/30/4779 5898/28/4786
f 5872/20/4760 5865/22/4753 5893/22/4781
f 5872/20/4760 5893/22/4781 5899/20/4787
f 5870/60/4758 5873/62/4761 5900/62/4788
f 5870/60/4758 5900/62/4788 5897/60/4785
f 5874/6/4762 5867/8/4755 5883/8/4771
f 5874/6/4762 5883/8/4771 5901/6/4789
f 5875/40/4763 5869/42/4757 5896/42/4784
f 5875/40/4763 5896/42/4784 5902/40/4790
f 5873/62/4761 5876/64/4764 5903/64/4791
f 5873/62/4761 5903/64/4791 5900/62/4788
f 5877/26/4765 5871/28/4759 5898/28/4786
f 5877/26/4765 5898/28/4786 5904/26/4792
f 5878/18/4766 5872/20/4760 5899/20/4787
f 5878/18/4766 5899/20/4787 5905/18/4793
f 5876/64/4764 5879/66/4767 5906/66/4794
f 5876/64/4764 5906/66/4794 5903/64/4791
f 5880/4/4768 5874/6/4762 5901/6/4789
f 5880/4/4768 5901/6/4789 5907/4/4795
f 5881/38/4769 5875/40/4763 5902/40/4790
f 5881/38/4769 5902/40/4790 5908/38/4796
f 5864/24/4752 5877/26/4765 5904/26/4792
f 5864/24/4752 5904/26/4792 5892/24/4780
f 5819/16/4707 5878/18/4766 5905/18/4793
f 5819/16/4707 5905/18/4793 5909/16/4797
f 5882/1/4770 5880/4/4768 5907/4/4795
f 5882/1/4770 5907/4/4795 5910/1/4798
f 5856/36/4744 5881/38/4769 5908/38/4796
f 5856/36/4744 5908/38/4796 5911/36/4799
f 5868/44/4756 5855/46/4743 5912/46/4800
f 5868/44/4756 5912/46/4800 5895/44/4783
f 5820/14/4708 5819/16/4707 5909/16/4797
f 5820/14/4708 5909/16/4797 5913/14/4801
f 5855/46/4743 5854/48/4742 5914/48/4802
f 5855/46/4743 5914/48/4802 5912/46/4800
f 5851/34/4739 5856/36/4744 5911/36/4799
f 5851/34/4739 5911/36/4799 5852/34/4740
f 5854/48/4742 5857/50/4745 5915/50/4803
f 5854/48/4742 5915/50/4803 5914/48/4802
f 5858/12/4746 5820/14/4708 5913/14/4801
f 5858/12/4746 5913/14/4801 5889/12/4777
f 5857/50/4745 5859/52/4747 5888/52/4776
f 5857/50/4745 5888/52/4776 5915/50/4803
f 5916/26/4804 5917/28/4805 5918/28/4806
f 5916/26/4804 5918/28/4806 5919/26/4807
f 5896/42/4784 5895/44/4783 5920/44/4808
f 5896/42/4784 5920/44/4808 5921/42/4809
f 5894/58/4782 5897/60/4785 5922/60/4810
f 5894/58/4782 5922/60/4810 5923/58/4811
f 5898/28/4786 5891/30/4779 5924/30/4812
f 5898/28/4786 5924/30/4812 5917/28/4805
f 5899/20/4787 5893/22/4781 5925/22/4813
f 5899/20/4787 5925/22/4813 5926/20/4814
f 5897/60/4785 5900/62/4788 5927/62/4815
f 5897/60/4785 5927/62/4815 5922/60/4810
f 5901/6/4789 5883/8/4771 5886/8/4774
f 5901/6/4789 5886/8/4774 5928/6/4816
f 5902/40/4790 5896/42/4784 5921/42/4809
f 5902/40/4790 5921/42/4809 5929/40/4817
f 5900/62/4788 5903/64/4791 5930/64/4818
f 5900/62/4788 5930/64/4818 5927/62/4815
f 5904/26/4792 5898/28/4786 5917/28/4805
f 5904/26/4792 5917/28/4805 5916/26/4804
f 5905/18/4793 5899/20/4787 5926/20/4814
f 5905/18/4793 5926/20/4814 5931/18/4819
f 5903/64/4791 5906/66/4794 5932/66/4820
f 5903/64/4791 5932/66/4820 5930/64/4818
f 5907/4/4795 5901/6/4789 5928/6/4816
f 5907/4/4795 5928/6/4816 5933/4/4821
f 5908/38/4796 5902/40/4790 5929/40/4817
f 5908/38/4796 5929/40/4817 5934/38/4822
f 5892/24/4780 5904/26/4792 5916/26/4804
f 5892/24/4780 5916/26/4804 5935/24/4823
f 5909/16/4797 5905/18/4793 5931/18/4819
f 5909/16/4797 5931/18/4819 5936/16/4824
f 5910/1/4798 5907/4/4795 5933/4/4821
f 5910/1/4798 5933/4/4821 5937/1/4825
f 5911/36/4799 5908/38/4796 5934/38/4822
f 5911/36/4799 5934/38/4822 5938/36/4826
f 5895/44/4783 5912/46/4800 5939/46/4827
f 5895/44/4783 5939/46/4827 5920/44/4808
f 5913/14/4801 5909/16/4797 5936/16/4824
f 5913/14/4801 5936/16/4824 5940/14/4828
f 5912/46/4800 5914/48/4802 5941/48/4829
f 5912/46/4800 5941/48/4829 5939/46/4827
f 5852/34/4740 5911/36/4799 5938/36/4826
f 5852/34/4740 5938/36/4826 5942/34/4830
f 5914/48/4802 5915/50/4803 5943/50/4831
f 5914/48/4802 5943/50/4831 5941/48/4829
f 5889/12/4777 5913/14/4801 5940/14/4828
f 5889/12/4777 5940/14/4828 5944/12/4832
f 5915/50/4803 5888/52/4776 5945/52/4833
f 5915/50/4803 5945/52/4833 5943/50/4831
f 5853/32/4741 5852/34/4740 5942/34/4830
f 5853/32/4741 5942/34/4830 5946/32/4834
f 5888/52/4776 5887/54/4775 5947/54/4835
f 5888/52/4776 5947/54/4835 5945/52/4833
f 5884/10/4772 5889/12/4777 5944/12/4832
f 5884/10/4772 5944/12/4832 5885/10/4773
f 5887/54/4775 5890/56/4778 5948/56/4836
f 5887/54/4775 5948/56/4836 5947/54/4835
f 5891/30/4779 5853/32/4741 5946/32/4834
f 5891/30/4779 5946/32/4834 5924/30/4812
f 5893/22/4781 5892/24/4780 5935/24/4823
f 5893/22/4781 5935/24/4823 5925/22/4813
f 5890/56/4778 5894/58/4782 5923/58/4811
f 5890/56/4778 5923/58/4811 5948/56/4836
f 5949/1/4837 5950/4/4838 5951/4/4839
f 5949/1/4837 5951/4/4839 5952/1/4840
f 5931/18/4819 5926/20/4814 5953/20/4841
f 5931/18/4819 5953/20/4841 5954/18/4842
f 5930/64/4818 5932/66/4820 5955/66/4843
f 5930/64/4818 5955/66/4843 5956/64/4844
f 5933/4/4821 5928/6/4816 5957/6/4845
f 5933/4/4821 5957/6/4845 5950/4/4838
f 5934/38/4822 5929/40/4817 5958/40/4846
f 5934/38/4822 5958/40/4846 5959/38/4847
f 5935/24/4823 5916/26/4804 5919/26/4807
f 5935/24/4823 5919/26/4807 5960/24/4848
f 5936/16/4824 5931/18/4819 5954/18/4842
f 5936/16/4824 5954/18/4842 5961/16/4849
f 5937/1/4825 5933/4/4821 5950/4/4838
f 5937/1/4825 5950/4/4838 5949/1/4837
f 5938/36/4826 5934/38/4822 5959/38/4847
f 5938/36/4826 5959/38/4847 5962/36/4850
f 5920/44/4808 5939/46/4827 5963/46/4851
f 5920/44/4808 5963/46/4851 5964/44/4852
f 5940/14/4828 5936/16/4824 5961/16/4849
f 5940/14/4828 5961/16/4849 5965/14/4853
f 5939/46/4827 5941/48/4829 5966/48/4854
f 5939/46/4827 5966/48/4854 5963/46/4851
f 5942/34/4830 5938/36/4826 5962/36/4850
f 5942/34/4830 5962/36/4850 5967/34/4855
f 5941/48/4829 5943/50/4831 5968/50/4856
f 5941/48/4829 5968/50/4856 5966/48/4854
f 5944/12/4832 5940/14/4828 5965/14/4853
f 5944/12/4832 5965/14/4853 5969/12/4857
f 5943/50/4831 5945/52/4833 5970/52/4858
f 5943/50/4831 5970/52/4858 5968/50/4856
f 5946/32/4834 5942/34/4830 5967/34/4855
f 5946/32/4834 5967/34/4855 5971/32/4859
f 5945/52/4833 5947/54/4835 5972/54/4860
f 5945/52/4833 5972/54/4860 5970/52/4858
f 5885/10/4773 5944/12/4832 5969/12/4857
f 5885/10/4773 5969/12/4857 5973/10/4861
f 5947/54/4835 5948/56/4836 5974/56/4862
f 5947/54/4835 5974/56/4862 5972/54/4860
f 5924/30/4812 5946/32/4834 5971/32/4859
f 5924/30/4812 5971/32/4859 5975/30/4863
f 5925/22/4813 5935/24/4823 5960/24/4848
f 5925/22/4813 5960/24/4848 5976/22/4864
f 5948/56/4836 5923/58/4811 5977/58/4865
f 5948/56/4836 5977/58/4865 5974/56/4862
f 5886/8/4774 5885/10/4773 5973/10/4861
f 5886/8/4774 5973/10/4861 5978/8/4866
f 5921/42/4809 5920/44/4808 5964/44/4852
f 5921/42/4809 5964/44/4852 5979/42/4867
f 5923/58/4811 5922/60/4810 5980/60/4868
f 5923/58/4811 5980/60/4868 5977/58/4865
f 5917/28/4805 5924/30/4812 5975/30/4863
f 5917/28/4805 5975/30/4863 5918/28/4806
f 5926/20/4814 5925/22/4813 5976/22/4864
f 5926/20/4814 5976/22/4864 5953/20/4841
f 5922/60/4810 5927/62/4815 5981/62/4869
f 5922/60/4810 5981/62/4869 5980/60/4868
f 5928/6/4816 5886/8/4774 5978/8/4866
f 5928/6/4816 5978/8/4866 5957/6/4845
f 5929/40/4817 5921/42/4809 5979/42/4867
f 5929/40/4817 5979/42/4867 5958/40/4846
f 5927/62/4815 5930/64/4818 5956/64/4844
f 5927/62/4815 5956/64/4844 5981/62/4869
f 5982/48/4870 5983/50/4871 5984/50/4872
f 5982/48/4870 5984/50/4872 5985/48/4873
f 5962/36/4850 5959/38/4847 5986/38/4874
f 5962/36/4850 5986/38/4874 5987/36/4875
f 5964/44/4852 5963/46/4851 5988/46/4876
f 5964/44/4852 5988/46/4876 5989/44/4877
f 5965/14/4853 5961/16/4849 5990/16/4878
f 5965/14/4853 5990/16/4878 5991/14/4879
f 5963/46/4851 5966/48/4854 5982/48/4870
f 5963/46/4851 5982/48/4870 5988/46/4876
f 5967/34/4855 5962/36/4850 5987/36/4875
f 5967/34/4855 5987/36/4875 5992/34/4880
f 5966/48/4854 5968/50/4856 5983/50/4871
f 5966/48/4854 5983/50/4871 5982/48/4870
f 5969/12/4857 5965/14/4853 5991/14/4879
f 5969/12/4857 5991/14/4879 5993/12/4881
f 5968/50/4856 5970/52/4858 5994/52/4882
f 5968/50/4856 5994/52/4882 5983/50/4871
f 5971/32/4859 5967/34/4855 5992/34/4880
f 5971/32/4859 5992/34/4880 5995/32/4883
f 5970/52/4858 5972/54/4860 5996/54/4884
f 5970/52/4858 5996/54/4884 5994/52/4882
f 5973/10/4861 5969/12/4857 5993/12/4881
f 5973/10/4861 5993/12/4881 5997/10/4885
f 5972/54/4860 5974/56/4862 5998/56/4886
f 5972/54/4860 5998/56/4886 5996/54/4884
f 5975/30/4863 5971/32/4859 5995/32/4883
f 5975/30/4863 5995/32/4883 5999/30/4887
f 5976/22/4864 5960/24/4848 6000/24/4888
f 5976/22/4864 6000/24/4888 6001/22/4889
f 5974/56/4862 5977/58/4865 6002/58/4890
f 5974/56/4862 6002/58/4890 5998/56/4886
f 5978/8/4866 5973/10/4861 5997/10/4885
f 5978/8/4866 5997/10/4885 6003/8/4891
f 5979/42/4867 5964/44/4852 5989/44/4877
f 5979/42/4867 5989/44/4877 6004/42/4892
f 5977/58/4865 5980/60/4868 6005/60/4893
f 5977/58/4865 6005/60/4893 6002/58/4890
f 5918/28/4806 5975/30/4863 5999/30/4887
f 5918/28/4806 5999/30/4887 6006/28/4894
f 5953/20/4841 5976/22/4864 6001/22/4889
f 5953/20/4841 6001/22/4889 6007/20/4895
f 5980/60/4868 5981/62/4869 6008/62/4896
f 5980/60/4868 6008/62/4896 6005/60/4893
f 5957/6/4845 5978/8/4866 6003/8/4891
f 5957/6/4845 6003/8/4891 6009/6/4897
f 5958/40/4846 5979/42/4867 6004/42/4892
f 5958/40/4846 6004/42/4892 6010/40/4898
f 5981/62/4869 5956/64/4844 6011/64/4899
f 5981/62/4869 6011/64/4899 6008/62/4896
f 5919/26/4807 5918/28/4806 6006/28/4894
f 5919/26/4807 6006/28/4894 6012/26/4900
f 5954/18/4842 5953/20/4841 6007/20/4895
f 5954/18/4842 6007/20/4895 6013/18/4901
f 5956/64/4844 5955/66/4843 6014/66/4605
f 5956/64/4844 6014/66/4605 6011/64/4899
f 5950/4/4838 5957/6/4845 6009/6/4897
f 5950/4/4838 6009/6/4897 5951/4/4839
f 5959/38/4847 5958/40/4846 6010/40/4898
f 5959/38/4847 6010/40/4898 5986/38/4874
f 5960/24/4848 5919/26/4807 6012/26/4900
f 5960/24/4848 6012/26/4900 6000/24/4888
f 5961/16/4849 5954/18/4842 6013/18/4901
f 5961/16/4849 6013/18/4901 5990/16/4878
f 6015/55/28 6016/53/27 6017/53/4902
f 6015/55/28 6017/53/4902 6018/55/4903
f 4735/63/32 4734/61/31 6019/61/31
f 4735/63/32 6019/61/31 6020/63/32
f 4739/5/3 4738/3/2 6021/3/2
f 4739/5/3 6021/3/2 6022/5/3
f 4743/39/20 4742/37/19 6023/37/19
f 4743/39/20 6023/37/19 6024/39/20
f 4748/65/33 4735/63/32 6020/63/32
f 4748/65/33 6020/63/32 6025/65/33
f 4752/25/13 4751/23/12 6026/23/12
f 4752/25/13 6026/23/12 6027/25/13
f 4729/17/9 4754/15/8 6028/15/8
f 4729/17/9 6028/15/8 4730/17/9
f 4738/3/2 4760/2/1 6029/2/1
f 4738/3/2 6029/2/1 6021/3/2
f 4742/37/19 4737/35/18 6030/35/18
f 4742/37/19 6030/35/18 6023/37/19
f 4751/23/12 4757/21/11 6031/21/11
f 4751/23/12 6031/21/11 6026/23/12
f 4754/15/8 4750/13/7 6032/13/7
f 4754/15/8 6032/13/7 6028/15/8
f 4733/45/23 4732/43/22 6033/43/22
f 4733/45/23 6033/43/22 6034/45/23
f 4737/35/18 4736/33/17 6035/33/17
f 4737/35/18 6035/33/17 6030/35/18
f 4746/47/24 4733/45/23 6034/45/23
f 4746/47/24 6034/45/23 6036/47/24
f 4750/13/7 4749/11/6 6037/11/6
f 4750/13/7 6037/11/6 6032/13/7
f 4756/49/25 4746/47/24 6036/47/24
f 4756/49/25 6036/47/24 6038/49/25
f 4736/33/17 1474/31/16 6039/31/16
f 4736/33/17 6039/31/16 6035/33/17
f 4759/51/26 4756/49/25 6038/49/25
f 4759/51/26 6038/49/25 6040/51/26
f 4749/11/6 4745/9/5 6041/9/5
f 4749/11/6 6041/9/5 6037/11/6
f 4740/53/27 4759/51/26 6040/51/26
f 4740/53/27 6040/51/26 6016/53/27
f 1474/31/16 1473/29/15 6042/29/15
f 1474/31/16 6042/29/15 6039/31/16
f 4741/55/28 4740/53/27 6016/53/27
f 4741/55/28 6016/53/27 6015/55/28
f 4745/9/5 4744/7/4 6043/7/4
f 4745/9/5 6043/7/4 6041/9/5
f 4732/43/22 4747/41/21 6044/41/21
f 4732/43/22 6044/41/21 6033/43/22
f 4753/57/29 4741/55/28 6015/55/28
f 4753/57/29 6015/55/28 6045/57/29
f 1473/29/15 4755/27/14 6046/27/14
f 1473/29/15 6046/27/14 6042/29/15
f 4757/21/11 4728/19/10 4731/19/10
f 4757/21/11 4731/19/10 6031/21/11
f 4758/59/30 4753/57/29 6045/57/29
f 4758/59/30 6045/57/29 6047/59/30
f 4744/7/4 4739/5/3 6022/5/3
f 4744/7/4 6022/5/3 6043/7/4
f 4747/41/21 4743/39/20 6024/39/20
f 4747/41/21 6024/39/20 6044/41/21
f 4734/61/31 4758/59/30 6047/59/30
f 4734/61/31 6047/59/30 6019/61/31
f 4755/27/14 4752/25/13 6027/25/13
f 4755/27/14 6027/25/13 6046/27/14
f 6048/46/4904 5985/48/4905 6049/47/4906
f 6048/46/4904 6049/47/4906 6050/45/4907
f 6041/9/5 6043/7/4 6051/7/4908
f 6041/9/5 6051/7/4908 6052/9/4909
f 6033/43/22 6044/41/21 6053/41/4910
f 6033/43/22 6053/41/4910 6054/43/4911
f 6045/57/29 6015/55/28 6018/55/4903
f 6045/57/29 6018/55/4903 6055/57/4912
f 6042/29/15 6046/27/14 6056/27/4913
f 6042/29/15 6056/27/4913 6057/29/4914
f 6031/21/11 4731/19/10 6058/19/4915
f 6031/21/11 6058/19/4915 6059/21/4916
f 6047/59/30 6045/57/29 6055/57/4912
f 6047/59/30 6055/57/4912 6060/59/4917
f 6043/7/4 6022/5/3 6061/5/4918
f 6043/7/4 6061/5/4918 6051/7/4908
f 6044/41/21 6024/39/20 6062/39/4919
f 6044/41/21 6062/39/4919 6053/41/4910
f 6019/61/31 6047/59/30 6060/59/4917
f 6019/61/31 6060/59/4917 6063/61/4920
f 6046/27/14 6027/25/13 6064/25/4921
f 6046/27/14 6064/25/4921 6056/27/4913
f 4731/19/10 4730/17/9 6065/17/4922
f 4731/19/10 6065/17/4922 6058/19/4915
f 6020/63/32 6019/61/31 6063/61/4920
f 6020/63/32 6063/61/4920 6066/63/4923
f 6022/5/3 6021/3/2 6067/3/4924
f 6022/5/3 6067/3/4924 6061/5/4918
f 6024/39/20 6023/37/19 6068/37/4925
f 6024/39/20 6068/37/4925 6062/39/4919
f 6025/65/33 6020/63/32 6066/63/4923
f 6025/65/33 6066/63/4923 6069/65/4926
f 6027/25/13 6026/23/12 6070/23/4927
f 6027/25/13 6070/23/4927 6064/25/4921
f 4730/17/9 6028/15/8 6071/15/4928
f 4730/17/9 6071/15/4928 6065/17/4922
f 6021/3/2 6029/2/1 6072/2/4929
f 6021/3/2 6072/2/4929 6067/3/4924
f 6023/37/19 6030/35/18 6073/35/4930
f 6023/37/19 6073/35/4930 6068/37/4925
f 6026/23/12 6031/21/11 6059/21/4916
f 6026/23/12 6059/21/4916 6070/23/4927
f 6028/15/8 6032/13/7 6074/13/4931
f 6028/15/8 6074/13/4931 6071/15/4928
f 6034/45/23 6033/43/22 6054/43/4911
f 6034/45/23 6054/43/4911 6050/45/4907
f 6030/35/18 6035/33/17 6075/33/4932
f 6030/35/18 6075/33/4932 6073/35/4930
f 6036/47/24 6034/45/23 6050/45/4907
f 6036/47/24 6050/45/4907 6049/47/4906
f 6032/13/7 6037/11/6 6076/11/4933
f 6032/13/7 6076/11/4933 6074/13/4931
f 6038/49/25 6036/47/24 6049/47/4906
f 6038/49/25 6049/47/4906 6077/49/4934
f 6035/33/17 6039/31/16 6078/31/4935
f 6035/33/17 6078/31/4935 6075/33/4932
f 6040/51/26 6038/49/25 6077/49/4934
f 6040/51/26 6077/49/4934 6079/51/4936
f 6037/11/6 6041/9/5 6052/9/4909
f 6037/11/6 6052/9/4909 6076/11/4933
f 6016/53/27 6040/51/26 6079/51/4936
f 6016/53/27 6079/51/4936 6017/53/4902
f 6039/31/16 6042/29/15 6057/29/4914
f 6039/31/16 6057/29/4914 6078/31/4935
f 6080/44/4937 6048/46/4904 6050/45/4907
f 6080/44/4937 6050/45/4907 6054/43/4911
f 5993/12/4881 5991/14/4879 6081/14/4938
f 5993/12/4881 6081/14/4938 6082/12/4939
f 5983/50/4871 5994/52/4882 6083/52/4940
f 5983/50/4871 6083/52/4940 5984/50/4872
f 5995/32/4883 5992/34/4880 6084/34/4941
f 5995/32/4883 6084/34/4941 6085/32/4942
f 5994/52/4882 5996/54/4884 6086/54/4943
f 5994/52/4882 6086/54/4943 6083/52/4940
f 5997/10/4885 5993/12/4881 6082/12/4939
f 5997/10/4885 6082/12/4939 6087/10/4944
f 5996/54/4884 5998/56/4886 6088/56/4945
f 5996/54/4884 6088/56/4945 6086/54/4943
f 5999/30/4887 5995/32/4883 6085/32/4942
f 5999/30/4887 6085/32/4942 6089/30/4946
f 6001/22/4889 6000/24/4888 6090/24/4947
f 6001/22/4889 6090/24/4947 6091/22/4948
f 5998/56/4886 6002/58/4890 6092/58/4949
f 5998/56/4886 6092/58/4949 6088/56/4945
f 6003/8/4891 5997/10/4885 6087/10/4944
f 6003/8/4891 6087/10/4944 6093/8/4950
f 6004/42/4892 5989/44/4877 6080/44/4951
f 6004/42/4892 6080/44/4951 6094/42/4952
f 6002/58/4890 6005/60/4893 6095/60/4953
f 6002/58/4890 6095/60/4953 6092/58/4949
f 6006/28/4894 5999/30/4887 6089/30/4946
f 6006/28/4894 6089/30/4946 6096/28/4954
f 6007/20/4895 6001/22/4889 6091/22/4948
f 6007/20/4895 6091/22/4948 6097/20/4955
f 6005/60/4893 6008/62/4896 6098/62/4956
f 6005/60/4893 6098/62/4956 6095/60/4953
f 6009/6/4897 6003/8/4891 6093/8/4950
f 6009/6/4897 6093/8/4950 6099/6/4957
f 6010/40/4898 6004/42/4892 6094/42/4952
f 6010/40/4898 6094/42/4952 6100/40/4958
f 6008/62/4896 6011/64/4899 6101/64/4959
f 6008/62/4896 6101/64/4959 6098/62/4956
f 6012/26/4900 6006/28/4894 6096/28/4954
f 6012/26/4900 6096/28/4954 6102/26/4960
f 6013/18/4901 6007/20/4895 6097/20/4955
f 6013/18/4901 6097/20/4955 6103/18/4961
f 6011/64/4899 6014/66/4605 6104/66/4962
f 6011/64/4899 6104/66/4962 6101/64/4959
f 5951/4/4839 6009/6/4897 6099/6/4957
f 5951/4/4839 6099/6/4957 6105/4/4963
f 5986/38/4874 6010/40/4898 6100/40/4958
f 5986/38/4874 6100/40/4958 6106/38/4964
f 6000/24/4888 6012/26/4900 6102/26/4960
f 6000/24/4888 6102/26/4960 6090/24/4947
f 5990/16/4878 6013/18/4901 6103/18/4961
f 5990/16/4878 6103/18/4961 6107/16/4965
f 5952/1/4840 5951/4/4839 6105/4/4963
f 5952/1/4840 6105/4/4963 6108/1/4966
f 5987/36/4875 5986/38/4874 6106/38/4964
f 5987/36/4875 6106/38/4964 6109/36/4967
f 5989/44/4877 5988/46/4876 6048/46/4968
f 5989/44/4877 6048/46/4968 6080/44/4951
f 5991/14/4879 5990/16/4878 6107/16/4965
f 5991/14/4879 6107/16/4965 6081/14/4938
f 5988/46/4876 5982/48/4870 5985/48/4873
f 5988/46/4876 5985/48/4873 6048/46/4968
f 5992/34/4880 5987/36/4875 6109/36/4967
f 5992/34/4880 6109/36/4967 6084/34/4941
f 5985/48/4905 5984/50/4969 6077/49/4934
f 5985/48/4905 6077/49/4934 6049/47/4906
f 5984/50/4969 6083/52/4970 6079/51/4936
f 5984/50/4969 6079/51/4936 6077/49/4934
f 6083/52/4970 6086/54/4971 6017/53/4902
f 6083/52/4970 6017/53/4902 6079/51/4936
f 6086/54/4971 6088/56/4972 6018/55/4903
f 6086/54/4971 6018/55/4903 6017/53/4902
f 6088/56/4972 6092/58/4973 6055/57/4912
f 6088/56/4972 6055/57/4912 6018/55/4903
f 6092/58/4973 6095/60/4974 6060/59/4917
f 6092/58/4973 6060/59/4917 6055/57/4912
f 6095/60/4974 6098/62/4975 6063/61/4920
f 6095/60/4974 6063/61/4920 6060/59/4917
f 6098/62/4975 6101/64/4976 6066/63/4923
f 6098/62/4975 6066/63/4923 6063/61/4920
f 6101/64/4976 6104/66/4977 6069/65/4926
f 6101/64/4976 6069/65/4926 6066/63/4923
f 6108/1/4962 6105/4/4978 6067/3/4924
f 6108/1/4962 6067/3/4924 6072/2/4929
f 6105/4/4978 6099/6/4979 6061/5/4918
f 6105/4/4978 6061/5/4918 6067/3/4924
f 6099/6/4979 6093/8/4980 6051/7/4908
f 6099/6/4979 6051/7/4908 6061/5/4918
f 6093/8/4980 6087/10/4981 6052/9/4909
f 6093/8/4980 6052/9/4909 6051/7/4908
f 6087/10/4981 6082/12/4982 6076/11/4933
f 6087/10/4981 6076/11/4933 6052/9/4909
f 6082/12/4982 6081/14/4983 6074/13/4931
f 6082/12/4982 6074/13/4931 6076/11/4933
f 6081/14/4983 6107/16/4984 6071/15/4928
f 6081/14/4983 6071/15/4928 6074/13/4931
f 6107/16/4984 6103/18/4985 6065/17/4922
f 6107/16/4984 6065/17/4922 6071/15/4928
f 6103/18/4985 6097/20/4986 6058/19/4915
f 6103/18/4985 6058/19/4915 6065/17/4922
f 6097/20/4986 6091/22/4987 6059/21/4916
f 6097/20/4986 6059/21/4916 6058/19/4915
f 6091/22/4987 6090/24/4988 6070/23/4927
f 6091/22/4987 6070/23/4927 6059/21/4916
f 6090/24/4988 6102/26/4989 6064/25/4921
f 6090/24/4988 6064/25/4921 6070/23/4927
f 6102/26/4989 6096/28/4990 6056/27/4913
f 6102/26/4989 6056/27/4913 6064/25/4921
f 6096/28/4990 6089/30/4991 6057/29/4914
f 6096/28/4990 6057/29/4914 6056/27/4913
f 6089/30/4991 6085/32/4992 6078/31/4935
f 6089/30/4991 6078/31/4935 6057/29/4914
f 6085/32/4992 6084/34/4993 6075/33/4932
f 6085/32/4992 6075/33/4932 6078/31/4935
f 6084/34/4993 6109/36/4994 6073/35/4930
f 6084/34/4993 6073/35/4930 6075/33/4932
f 6109/36/4994 6106/38/4995 6068/37/4925
f 6109/36/4994 6068/37/4925 6073/35/4930
f 6106/38/4995 6100/40/4996 6062/39/4919
f 6106/38/4995 6062/39/4919 6068/37/4925
f 6100/40/4996 6094/42/4997 6053/41/4910
f 6100/40/4996 6053/41/4910 6062/39/4919
f 6094/42/4997 6080/44/4937 6054/43/4911
f 6094/42/4997 6054/43/4911 6053/41/4910
s 9
f 6100/40/4996 6110/40/4998 6111/38/4999
f 6100/40/4996 6111/38/4999 6106/38/4995
f 6112/46/5000 6113/46/5001 6114/44/5002
f 6112/46/5000 6114/44/5002 6115/44/5003
f 6102/26/4989 6116/26/5004 6117/24/5005
f 6102/26/4989 6117/24/5005 6090/24/5006
f 6103/18/4985 6118/18/5007 6119/16/5008
f 6103/18/4985 6119/16/5008 6107/16/5009
f 6105/4/5010 6120/4/5011 6121/1/5012
f 6105/4/5010 6121/1/5012 6108/1/5013
f 6106/38/4995 6111/38/4999 6122/36/5014
f 6106/38/4995 6122/36/5014 6109/36/5015
f 6048/46/5016 6112/46/5000 6115/44/5003
f 6048/46/5016 6115/44/5003 6080/44/5017
f 6107/16/5009 6119/16/5008 6123/14/5018
f 6107/16/5009 6123/14/5018 6081/14/5019
f 5985/48/5020 6124/48/5021 6112/46/5000
f 5985/48/5020 6112/46/5000 6048/46/5016
f 6109/36/5015 6122/36/5014 6125/34/5022
f 6109/36/5015 6125/34/5022 6084/34/5023
f 5984/50/5024 6126/50/5025 6124/48/5021
f 5984/50/5024 6124/48/5021 5985/48/5020
f 6081/14/5019 6123/14/5018 6127/12/5026
f 6081/14/5019 6127/12/5026 6082/12/5027
f 6083/52/5028 6128/52/5029 6126/50/5025
f 6083/52/5028 6126/50/5025 5984/50/5024
f 6084/34/5023 6125/34/5022 6129/32/5030
f 6084/34/5023 6129/32/5030 6085/32/5031
f 6086/54/5032 6130/54/5033 6128/52/5029
f 6086/54/5032 6128/52/5029 6083/52/5028
f 6082/12/5027 6127/12/5026 6131/10/5034
f 6082/12/5027 6131/10/5034 6087/10/4981
f 6088/56/5035 6132/56/5036 6130/54/5033
f 6088/56/5035 6130/54/5033 6086/54/5032
f 6085/32/5031 6129/32/5030 6133/30/5037
f 6085/32/5031 6133/30/5037 6089/30/4946
f 6090/24/5006 6117/24/5005 6134/22/5038
f 6090/24/5006 6134/22/5038 6091/22/5039
f 6092/58/4973 6135/58/5040 6132/56/5036
f 6092/58/4973 6132/56/5036 6088/56/5035
f 6087/10/4981 6131/10/5034 6136/8/5041
f 6087/10/4981 6136/8/5041 6093/8/5042
f 6080/44/5017 6115/44/5003 6137/42/5043
f 6080/44/5017 6137/42/5043 6094/42/4997
f 6095/60/4974 6138/60/5044 6135/58/5040
f 6095/60/4974 6135/58/5040 6092/58/4973
f 6089/30/4946 6133/30/5037 6139/28/5045
f 6089/30/4946 6139/28/5045 6096/28/5046
f 6091/22/5039 6134/22/5038 6140/20/5047
f 6091/22/5039 6140/20/5047 6097/20/5048
f 6098/62/5049 6141/62/5050 6138/60/5044
f 6098/62/5049 6138/60/5044 6095/60/4974
f 6093/8/5042 6136/8/5041 6142/6/5051
f 6093/8/5042 6142/6/5051 6099/6/5052
f 6094/42/4997 6137/42/5043 6110/40/4998
f 6094/42/4997 6110/40/4998 6100/40/4996
f 6101/64/5053 6143/64/5054 6141/62/5050
f 6101/64/5053 6141/62/5050 6098/62/5049
f 6096/28/5046 6139/28/5045 6116/26/5004
f 6096/28/5046 6116/26/5004 6102/26/4989
f 6097/20/5048 6140/20/5047 6118/18/5007
f 6097/20/5048 6118/18/5007 6103/18/4985
f 6104/66/4962 6144/66/5055 6143/64/5054
f 6104/66/4962 6143/64/5054 6101/64/5053
f 6099/6/5052 6142/6/5051 6120/4/5011
f 6099/6/5052 6120/4/5011 6105/4/5010
f 6145/52/5056 6146/52/5057 6147/50/5058
f 6145/52/5056 6147/50/5058 6148/50/5059
f 6119/16/5008 6149/16/5060 6150/14/5061
f 6119/16/5008 6150/14/5061 6123/14/5018
f 6124/48/5021 6151/48/5062 6113/46/5001
f 6124/48/5021 6113/46/5001 6112/46/5000
f 6122/36/5014 6152/36/5063 6153/34/5064
f 6122/36/5014 6153/34/5064 6125/34/5022
f 6126/50/5025 6148/50/5059 6151/48/5062
f 6126/50/5025 6151/48/5062 6124/48/5021
f 6123/14/5018 6150/14/5061 6154/12/5065
f 6123/14/5018 6154/12/5065 6127/12/5026
f 6128/52/5029 6145/52/5056 6148/50/5059
f 6128/52/5029 6148/50/5059 6126/50/5025
f 6125/34/5022 6153/34/5064 6155/32/5066
f 6125/34/5022 6155/32/5066 6129/32/5030
f 6130/54/5033 6156/54/5067 6145/52/5056
f 6130/54/5033 6145/52/5056 6128/52/5029
f 6127/12/5026 6154/12/5065 6157/10/5068
f 6127/12/5026 6157/10/5068 6131/10/5034
f 6132/56/5036 6158/56/5069 6156/54/5067
f 6132/56/5036 6156/54/5067 6130/54/5033
f 6129/32/5030 6155/32/5066 6159/30/5070
f 6129/32/5030 6159/30/5070 6133/30/5037
f 6117/24/5005 6160/24/5071 6161/22/5072
f 6117/24/5005 6161/22/5072 6134/22/5038
f 6135/58/5040 6162/58/5073 6158/56/5069
f 6135/58/5040 6158/56/5069 6132/56/5036
f 6131/10/5034 6157/10/5068 6163/8/5074
f 6131/10/5034 6163/8/5074 6136/8/5041
f 6115/44/5003 6114/44/5002 6164/42/5075
f 6115/44/5003 6164/42/5075 6137/42/5043
f 6138/60/5044 6165/60/5076 6162/58/5073
f 6138/60/5044 6162/58/5073 6135/58/5040
f 6133/30/5037 6159/30/5070 6166/28/5077
f 6133/30/5037 6166/28/5077 6139/28/5045
f 6134/22/5038 6161/22/5072 6167/20/5078
f 6134/22/5038 6167/20/5078 6140/20/5047
f 6141/62/5050 6168/62/5079 6165/60/5076
f 6141/62/5050 6165/60/5076 6138/60/5044
f 6136/8/5041 6163/8/5074 6169/6/5080
f 6136/8/5041 6169/6/5080 6142/6/5051
f 6137/42/5043 6164/42/5075 6170/40/5081
f 6137/42/5043 6170/40/5081 6110/40/4998
f 6143/64/5054 6171/64/5082 6168/62/5079
f 6143/64/5054 6168/62/5079 6141/62/5050
f 6139/28/5045 6166/28/5077 6172/26/5083
f 6139/28/5045 6172/26/5083 6116/26/5004
f 6140/20/5047 6167/20/5078 6173/18/5084
f 6140/20/5047 6173/18/5084 6118/18/5007
f 6144/66/5055 6174/66/5085 6171/64/5082
f 6144/66/5055 6171/64/5082 6143/64/5054
f 6142/6/5051 6169/6/5080 6175/4/5086
f 6142/6/5051 6175/4/5086 6120/4/5011
f 6110/40/4998 6170/40/5081 6176/38/5087
f 6110/40/4998 6176/38/5087 6111/38/4999
f 6116/26/5004 6172/26/5083 6160/24/5071
f 6116/26/5004 6160/24/5071 6117/24/5005
f 6118/18/5007 6173/18/5084 6149/16/5060
f 6118/18/5007 6149/16/5060 6119/16/5008
f 6120/4/5011 6175/4/5086 6177/1/5088
f 6120/4/5011 6177/1/5088 6121/1/5012
f 6111/38/4999 6176/38/5087 6152/36/5063
f 6111/38/4999 6152/36/5063 6122/36/5014
f 6178/58/5089 6179/58/5090 6180/56/5091
f 6178/58/5089 6180/56/5091 6181/56/5092
f 6153/34/5064 6182/34/5093 6183/32/5094
f 6153/34/5064 6183/32/5094 6155/32/5066
f 6156/54/5067 6184/54/5095 6146/52/5057
f 6156/54/5067 6146/52/5057 6145/52/5056
f 6154/12/5065 6185/12/5096 6186/10/5097
f 6154/12/5065 6186/10/5097 6157/10/5068
f 6158/56/5069 6181/56/5092 6184/54/5095
f 6158/56/5069 6184/54/5095 6156/54/5067
f 6155/32/5066 6183/32/5094 6187/30/5098
f 6155/32/5066 6187/30/5098 6159/30/5070
f 6160/24/5071 6188/24/5099 6189/22/5100
f 6160/24/5071 6189/22/5100 6161/22/5072
f 6162/58/5073 6178/58/5089 6181/56/5092
f 6162/58/5073 6181/56/5092 6158/56/5069
f 6157/10/5068 6186/10/5097 6190/8/5101
f 6157/10/5068 6190/8/5101 6163/8/5074
f 6114/44/5002 6191/44/5102 6192/42/5103
f 6114/44/5002 6192/42/5103 6164/42/5075
f 6165/60/5076 6193/60/5104 6178/58/5089
f 6165/60/5076 6178/58/5089 6162/58/5073
f 6159/30/5070 6187/30/5098 6194/28/5105
f 6159/30/5070 6194/28/5105 6166/28/5077
f 6161/22/5072 6189/22/5100 6195/20/5106
f 6161/22/5072 6195/20/5106 6167/20/5078
f 6168/62/5079 6196/62/5107 6193/60/5104
f 6168/62/5079 6193/60/5104 6165/60/5076
f 6163/8/5074 6190/8/5101 6197/6/5108
f 6163/8/5074 6197/6/5108 6169/6/5080
f 6164/42/5075 6192/42/5103 6198/40/5109
f 6164/42/5075 6198/40/5109 6170/40/5081
f 6171/64/5082 6199/64/5110 6196/62/5107
f 6171/64/5082 6196/62/5107 6168/62/5079
f 6166/28/5077 6194/28/5105 6200/26/5111
f 6166/28/5077 6200/26/5111 6172/26/5083
f 6167/20/5078 6195/20/5106 6201/18/5112
f 6167/20/5078 6201/18/5112 6173/18/5084
f 6174/66/5085 6202/66/5113 6199/64/5110
f 6174/66/5085 6199/64/5110 6171/64/5082
f 6169/6/5080 6197/6/5108 6203/4/5114
f 6169/6/5080 6203/4/5114 6175/4/5086
f 6170/40/5081 6198/40/5109 6204/38/5115
f 6170/40/5081 6204/38/5115 6176/38/5087
f 6172/26/5083 6200/26/5111 6188/24/5099
f 6172/26/5083 6188/24/5099 6160/24/5071
f 6173/18/5084 6201/18/5112 6205/16/5116
f 6173/18/5084 6205/16/5116 6149/16/5060
f 6175/4/5086 6203/4/5114 6206/1/5117
f 6175/4/5086 6206/1/5117 6177/1/5088
f 6176/38/5087 6204/38/5115 6207/36/5118
f 6176/38/5087 6207/36/5118 6152/36/5063
f 6113/46/5001 6208/46/5119 6191/44/5102
f 6113/46/5001 6191/44/5102 6114/44/5002
f 6149/16/5060 6205/16/5116 6209/14/5120
f 6149/16/5060 6209/14/5120 6150/14/5061
f 6151/48/5062 6210/48/5121 6208/46/5119
f 6151/48/5062 6208/46/5119 6113/46/5001
f 6152/36/5063 6207/36/5118 6182/34/5093
f 6152/36/5063 6182/34/5093 6153/34/5064
f 6148/50/5059 6147/50/5058 6210/48/5121
f 6148/50/5059 6210/48/5121 6151/48/5062
f 6150/14/5061 6209/14/5120 6185/12/5096
f 6150/14/5061 6185/12/5096 6154/12/5065
f 6211/64/5122 6212/64/5123 6213/62/5124
f 6211/64/5122 6213/62/5124 6214/62/5125
f 6186/10/5097 6215/10/5126 6216/8/5127
f 6186/10/5097 6216/8/5127 6190/8/5101
f 6191/44/5102 6217/44/5128 6218/42/5129
f 6191/44/5102 6218/42/5129 6192/42/5103
f 6193/60/5104 6219/60/5130 6179/58/5090
f 6193/60/5104 6179/58/5090 6178/58/5089
f 6187/30/5098 6220/30/5131 6221/28/5132
f 6187/30/5098 6221/28/5132 6194/28/5105
f 6189/22/5100 6222/22/5133 6223/20/5134
f 6189/22/5100 6223/20/5134 6195/20/5106
f 6196/62/5107 6214/62/5125 6219/60/5130
f 6196/62/5107 6219/60/5130 6193/60/5104
f 6190/8/5101 6216/8/5127 6224/6/5135
f 6190/8/5101 6224/6/5135 6197/6/5108
f 6192/42/5103 6218/42/5129 6225/40/5136
f 6192/42/5103 6225/40/5136 6198/40/5109
f 6199/64/5110 6211/64/5122 6214/62/5125
f 6199/64/5110 6214/62/5125 6196/62/5107
f 6194/28/5105 6221/28/5132 6226/26/5137
f 6194/28/5105 6226/26/5137 6200/26/5111
f 6195/20/5106 6223/20/5134 6227/18/5138
f 6195/20/5106 6227/18/5138 6201/18/5112
f 6202/66/5113 6228/66/5139 6211/64/5122
f 6202/66/5113 6211/64/5122 6199/64/5110
f 6197/6/5108 6224/6/5135 6229/4/5140
f 6197/6/5108 6229/4/5140 6203/4/5114
f 6198/40/5109 6225/40/5136 6230/38/5141
f 6198/40/5109 6230/38/5141 6204/38/5115
f 6200/26/5111 6226/26/5137 6231/24/5142
f 6200/26/5111 6231/24/5142 6188/24/5099
f 6201/18/5112 6227/18/5138 6232/16/5143
f 6201/18/5112 6232/16/5143 6205/16/5116
f 6203/4/5114 6229/4/5140 6233/1/5144
f 6203/4/5114 6233/1/5144 6206/1/5117
f 6204/38/5115 6230/38/5141 6234/36/5145
f 6204/38/5115 6234/36/5145 6207/36/5118
f 6208/46/5119 6235/46/5146 6217/44/5128
f 6208/46/5119 6217/44/5128 6191/44/5102
f 6205/16/5116 6232/16/5143 6236/14/5147
f 6205/16/5116 6236/14/5147 6209/14/5120
f 6210/48/5121 6237/48/5148 6235/46/5146
f 6210/48/5121 6235/46/5146 6208/46/5119
f 6207/36/5118 6234/36/5145 6238/34/5149
f 6207/36/5118 6238/34/5149 6182/34/5093
f 6147/50/5058 6239/50/5150 6237/48/5148
f 6147/50/5058 6237/48/5148 6210/48/5121
f 6209/14/5120 6236/14/5147 6240/12/5151
f 6209/14/5120 6240/12/5151 6185/12/5096
f 6146/52/5057 6241/52/5152 6239/50/5150
f 6146/52/5057 6239/50/5150 6147/50/5058
f 6182/34/5093 6238/34/5149 6242/32/5153
f 6182/34/5093 6242/32/5153 6183/32/5094
f 6184/54/5095 6243/54/5154 6241/52/5152
f 6184/54/5095 6241/52/5152 6146/52/5057
f 6185/12/5096 6240/12/5151 6215/10/5126
f 6185/12/5096 6215/10/5126 6186/10/5097
f 6181/56/5092 6180/56/5091 6243/54/5154
f 6181/56/5092 6243/54/5154 6184/54/5095
f 6183/32/5094 6242/32/5153 6220/30/5131
f 6183/32/5094 6220/30/5131 6187/30/5098
f 6188/24/5099 6231/24/5142 6222/22/5133
f 6188/24/5099 6222/22/5133 6189/22/5100
f 6244/52/5155 6245/52/5156 6246/50/5157
f 6244/52/5155 6246/50/5157 6247/50/5158
f 6221/28/5132 6248/28/5159 6249/26/5160
f 6221/28/5132 6249/26/5160 6226/26/5137
f 6223/20/5134 6250/20/5161 6251/18/5162
f 6223/20/5134 6251/18/5162 6227/18/5138
f 6228/66/5139 6252/66/5163 6212/64/5123
f 6228/66/5139 6212/64/5123 6211/64/5122
f 6224/6/5135 6253/6/5164 6254/4/5165
f 6224/6/5135 6254/4/5165 6229/4/5140
f 6225/40/5136 6255/40/5166 6256/38/5167
f 6225/40/5136 6256/38/5167 6230/38/5141
f 6226/26/5137 6249/26/5160 6257/24/5168
f 6226/26/5137 6257/24/5168 6231/24/5142
f 6227/18/5138 6251/18/5162 6258/16/5169
f 6227/18/5138 6258/16/5169 6232/16/5143
f 6229/4/5140 6254/4/5165 6259/1/5163
f 6229/4/5140 6259/1/5163 6233/1/5144
f 6230/38/5141 6256/38/5167 6260/36/5170
f 6230/38/5141 6260/36/5170 6234/36/5145
f 6235/46/5146 6261/46/5171 6262/44/5172
f 6235/46/5146 6262/44/5172 6217/44/5128
f 6232/16/5143 6258/16/5169 6263/14/5173
f 6232/16/5143 6263/14/5173 6236/14/5147
f 6237/48/5148 6264/48/5174 6261/46/5171
f 6237/48/5148 6261/46/5171 6235/46/5146
f 6234/36/5145 6260/36/5170 6265/34/5175
f 6234/36/5145 6265/34/5175 6238/34/5149
f 6239/50/5150 6247/50/5158 6264/48/5174
f 6239/50/5150 6264/48/5174 6237/48/5148
f 6236/14/5147 6263/14/5173 6266/12/5176
f 6236/14/5147 6266/12/5176 6240/12/5151
f 6241/52/5152 6244/52/5155 6247/50/5158
f 6241/52/5152 6247/50/5158 6239/50/5150
f 6238/34/5149 6265/34/5175 6267/32/5177
f 6238/34/5149 6267/32/5177 6242/32/5153
f 6243/54/5154 6268/54/5178 6244/52/5155
f 6243/54/5154 6244/52/5155 6241/52/5152
f 6240/12/5151 6266/12/5176 6269/10/5179
f 6240/12/5151 6269/10/5179 6215/10/5126
f 6180/56/5091 6270/56/5180 6268/54/5178
f 6180/56/5091 6268/54/5178 6243/54/5154
f 6242/32/5153 6267/32/5177 6271/30/5181
f 6242/32/5153 6271/30/5181 6220/30/5131
f 6231/24/5142 6257/24/5168 6272/22/5182
f 6231/24/5142 6272/22/5182 6222/22/5133
f 6179/58/5090 6273/58/5183 6270/56/5180
f 6179/58/5090 6270/56/5180 6180/56/5091
f 6215/10/5126 6269/10/5179 6274/8/5184
f 6215/10/5126 6274/8/5184 6216/8/5127
f 6217/44/5128 6262/44/5172 6275/42/5185
f 6217/44/5128 6275/42/5185 6218/42/5129
f 6219/60/5130 6276/60/5186 6273/58/5183
f 6219/60/5130 6273/58/5183 6179/58/5090
f 6220/30/5131 6271/30/5181 6248/28/5159
f 6220/30/5131 6248/28/5159 6221/28/5132
f 6222/22/5133 6272/22/5182 6250/20/5161
f 6222/22/5133 6250/20/5161 6223/20/5134
f 6214/62/5125 6213/62/5124 6276/60/5186
f 6214/62/5125 6276/60/5186 6219/60/5130
f 6216/8/5127 6274/8/5184 6253/6/5164
f 6216/8/5127 6253/6/5164 6224/6/5135
f 6218/42/5129 6275/42/5185 6255/40/5166
f 6218/42/5129 6255/40/5166 6225/40/5136
f 6277/58/5187 6278/58/5188 6279/56/5189
f 6277/58/5187 6279/56/5189 6280/56/5190
f 6265/34/5175 6281/34/5191 6282/32/5192
f 6265/34/5175 6282/32/5192 6267/32/5177
f 6268/54/5178 6283/54/5193 6245/52/5156
f 6268/54/5178 6245/52/5156 6244/52/5155
f 6266/12/5176 6284/12/5194 6285/10/5195
f 6266/12/5176 6285/10/5195 6269/10/5179
f 6270/56/5180 6280/56/5190 6283/54/5193
f 6270/56/5180 6283/54/5193 6268/54/5178
f 6267/32/5177 6282/32/5192 6286/30/5196
f 6267/32/5177 6286/30/5196 6271/30/5181
f 6257/24/5168 6287/24/5197 6288/22/5198
f 6257/24/5168 6288/22/5198 6272/22/5182
f 6273/58/5183 6277/58/5187 6280/56/5190
f 6273/58/5183 6280/56/5190 6270/56/5180
f 6269/10/5179 6285/10/5195 6289/8/5199
f 6269/10/5179 6289/8/5199 6274/8/5184
f 6262/44/5172 6290/44/5200 6291/42/5201
f 6262/44/5172 6291/42/5201 6275/42/5185
f 6276/60/5186 6292/60/5202 6277/58/5187
f 6276/60/5186 6277/58/5187 6273/58/5183
f 6271/30/5181 6286/30/5196 6293/28/5203
f 6271/30/5181 6293/28/5203 6248/28/5159
f 6272/22/5182 6288/22/5198 6294/20/5204
f 6272/22/5182 6294/20/5204 6250/20/5161
f 6213/62/5124 6295/62/5205 6292/60/5202
f 6213/62/5124 6292/60/5202 6276/60/5186
f 6274/8/5184 6289/8/5199 6296/6/5206
f 6274/8/5184 6296/6/5206 6253/6/5164
f 6275/42/5185 6291/42/5201 6297/40/5207
f 6275/42/5185 6297/40/5207 6255/40/5166
f 6212/64/5123 6298/64/5208 6295/62/5205
f 6212/64/5123 6295/62/5205 6213/62/5124
f 6248/28/5159 6293/28/5203 6299/26/5209
f 6248/28/5159 6299/26/5209 6249/26/5160
f 6250/20/5161 6294/20/5204 6300/18/5210
f 6250/20/5161 6300/18/5210 6251/18/5162
f 6252/66/5163 6301/66/5211 6298/64/5208
f 6252/66/5163 6298/64/5208 6212/64/5123
f 6253/6/5164 6296/6/5206 6302/4/5212
f 6253/6/5164 6302/4/5212 6254/4/5165
f 6255/40/5166 6297/40/5207 6303/38/5213
f 6255/40/5166 6303/38/5213 6256/38/5167
f 6249/26/5160 6299/26/5209 6287/24/5197
f 6249/26/5160 6287/24/5197 6257/24/5168
f 6251/18/5162 6300/18/5210 6304/16/5214
f 6251/18/5162 6304/16/5214 6258/16/5169
f 6254/4/5165 6302/4/5212 6305/1/5215
f 6254/4/5165 6305/1/5215 6259/1/5163
f 6256/38/5167 6303/38/5213 6306/36/5216
f 6256/38/5167 6306/36/5216 6260/36/5170
f 6261/46/5171 6307/46/5217 6290/44/5200
f 6261/46/5171 6290/44/5200 6262/44/5172
f 6258/16/5169 6304/16/5214 6308/14/5218
f 6258/16/5169 6308/14/5218 6263/14/5173
f 6264/48/5174 6309/48/5219 6307/46/5217
f 6264/48/5174 6307/46/5217 6261/46/5171
f 6260/36/5170 6306/36/5216 6281/34/5191
f 6260/36/5170 6281/34/5191 6265/34/5175
f 6247/50/5158 6246/50/5157 6309/48/5219
f 6247/50/5158 6309/48/5219 6264/48/5174
f 6263/14/5173 6308/14/5218 6284/12/5194
f 6263/14/5173 6284/12/5194 6266/12/5176
f 6310/64/5220 6311/64/5221 6312/62/5222
f 6310/64/5220 6312/62/5222 6313/62/5223
f 6285/10/5195 6314/10/5224 6315/8/5225
f 6285/10/5195 6315/8/5225 6289/8/5199
f 6290/44/5200 6316/44/5226 6317/42/5227
f 6290/44/5200 6317/42/5227 6291/42/5201
f 6292/60/5202 6318/60/5228 6278/58/5188
f 6292/60/5202 6278/58/5188 6277/58/5187
f 6286/30/5196 6319/30/5229 6320/28/5230
f 6286/30/5196 6320/28/5230 6293/28/5203
f 6288/22/5198 6321/22/5231 6322/20/5232
f 6288/22/5198 6322/20/5232 6294/20/5204
f 6295/62/5205 6313/62/5223 6318/60/5228
f 6295/62/5205 6318/60/5228 6292/60/5202
f 6289/8/5199 6315/8/5225 6323/6/5233
f 6289/8/5199 6323/6/5233 6296/6/5206
f 6291/42/5201 6317/42/5227 6324/40/5234
f 6291/42/5201 6324/40/5234 6297/40/5207
f 6298/64/5208 6310/64/5220 6313/62/5223
f 6298/64/5208 6313/62/5223 6295/62/5205
f 6293/28/5203 6320/28/5230 6325/26/5235
f 6293/28/5203 6325/26/5235 6299/26/5209
f 6294/20/5204 6322/20/5232 6326/18/5236
f 6294/20/5204 6326/18/5236 6300/18/5210
f 6301/66/5211 6327/66/5237 6310/64/5220
f 6301/66/5211 6310/64/5220 6298/64/5208
f 6296/6/5206 6323/6/5233 6328/4/5238
f 6296/6/5206 6328/4/5238 6302/4/5212
f 6297/40/5207 6324/40/5234 6329/38/5239
f 6297/40/5207 6329/38/5239 6303/38/5213
f 6299/26/5209 6325/26/5235 6330/24/5240
f 6299/26/5209 6330/24/5240 6287/24/5197
f 6300/18/5210 6326/18/5236 6331/16/5241
f 6300/18/5210 6331/16/5241 6304/16/5214
f 6302/4/5212 6328/4/5238 6332/1/5242
f 6302/4/5212 6332/1/5242 6305/1/5215
f 6303/38/5213 6329/38/5239 6333/36/5243
f 6303/38/5213 6333/36/5243 6306/36/5216
f 6307/46/5217 6334/46/5244 6316/44/5226
f 6307/46/5217 6316/44/5226 6290/44/5200
f 6304/16/5214 6331/16/5241 6335/14/5245
f 6304/16/5214 6335/14/5245 6308/14/5218
f 6309/48/5219 6336/48/5246 6334/46/5244
f 6309/48/5219 6334/46/5244 6307/46/5217
f 6306/36/5216 6333/36/5243 6337/34/5247
f 6306/36/5216 6337/34/5247 6281/34/5191
f 6246/50/5157 6338/50/5248 6336/48/5246
f 6246/50/5157 6336/48/5246 6309/48/5219
f 6308/14/5218 6335/14/5245 6339/12/5249
f 6308/14/5218 6339/12/5249 6284/12/5194
f 6245/52/5156 6340/52/5250 6338/50/5248
f 6245/52/5156 6338/50/5248 6246/50/5157
f 6281/34/5191 6337/34/5247 6341/32/5251
f 6281/34/5191 6341/32/5251 6282/32/5192
f 6283/54/5193 6342/54/5252 6340/52/5250
f 6283/54/5193 6340/52/5250 6245/52/5156
f 6284/12/5194 6339/12/5249 6314/10/5224
f 6284/12/5194 6314/10/5224 6285/10/5195
f 6280/56/5190 6279/56/5189 6342/54/5252
f 6280/56/5190 6342/54/5252 6283/54/5193
f 6282/32/5192 6341/32/5251 6319/30/5229
f 6282/32/5192 6319/30/5229 6286/30/5196
f 6287/24/5197 6330/24/5240 6321/22/5231
f 6287/24/5197 6321/22/5231 6288/22/5198
f 6343/4/5253 6344/4/5254 6345/1/5255
f 6343/4/5253 6345/1/5255 6346/1/4843
f 6320/28/5230 6347/28/5256 6348/26/5257
f 6320/28/5230 6348/26/5257 6325/26/5235
f 6322/20/5232 6349/20/5258 6350/18/5259
f 6322/20/5232 6350/18/5259 6326/18/5236
f 6327/66/5237 6351/66/5260 6311/64/5221
f 6327/66/5237 6311/64/5221 6310/64/5220
f 6323/6/5233 6352/6/5261 6343/4/5253
f 6323/6/5233 6343/4/5253 6328/4/5238
f 6324/40/5234 6353/40/5262 6354/38/5263
f 6324/40/5234 6354/38/5263 6329/38/5239
f 6325/26/5235 6348/26/5257 6355/24/5264
f 6325/26/5235 6355/24/5264 6330/24/5240
f 6326/18/5236 6350/18/5259 6356/16/5265
f 6326/18/5236 6356/16/5265 6331/16/5241
f 6328/4/5238 6343/4/5253 6346/1/4843
f 6328/4/5238 6346/1/4843 6332/1/5242
f 6329/38/5239 6354/38/5263 6357/36/5266
f 6329/38/5239 6357/36/5266 6333/36/5243
f 6334/46/5244 6358/46/5267 6359/44/5268
f 6334/46/5244 6359/44/5268 6316/44/5226
f 6331/16/5241 6356/16/5265 6360/14/5269
f 6331/16/5241 6360/14/5269 6335/14/5245
f 6336/48/5246 6361/48/5270 6358/46/5267
f 6336/48/5246 6358/46/5267 6334/46/5244
f 6333/36/5243 6357/36/5266 6362/34/4855
f 6333/36/5243 6362/34/4855 6337/34/5247
f 6338/50/5248 6363/50/5271 6361/48/5270
f 6338/50/5248 6361/48/5270 6336/48/5246
f 6335/14/5245 6360/14/5269 6364/12/5272
f 6335/14/5245 6364/12/5272 6339/12/5249
f 6340/52/5250 6365/52/5273 6363/50/5271
f 6340/52/5250 6363/50/5271 6338/50/5248
f 6337/34/5247 6362/34/4855 6366/32/5274
f 6337/34/5247 6366/32/5274 6341/32/5251
f 6342/54/5252 6367/54/5275 6365/52/5273
f 6342/54/5252 6365/52/5273 6340/52/5250
f 6339/12/5249 6364/12/5272 6368/10/5276
f 6339/12/5249 6368/10/5276 6314/10/5224
f 6279/56/5189 6369/56/5277 6367/54/5275
f 6279/56/5189 6367/54/5275 6342/54/5252
f 6341/32/5251 6366/32/5274 6370/30/5278
f 6341/32/5251 6370/30/5278 6319/30/5229
f 6330/24/5240 6355/24/5264 6371/22/5279
f 6330/24/5240 6371/22/5279 6321/22/5231
f 6278/58/5188 6372/58/5280 6369/56/5277
f 6278/58/5188 6369/56/5277 6279/56/5189
f 6314/10/5224 6368/10/5276 6373/8/5281
f 6314/10/5224 6373/8/5281 6315/8/5225
f 6316/44/5226 6359/44/5268 6374/42/5282
f 6316/44/5226 6374/42/5282 6317/42/5227
f 6318/60/5228 6375/60/5283 6372/58/5280
f 6318/60/5228 6372/58/5280 6278/58/5188
f 6319/30/5229 6370/30/5278 6347/28/5256
f 6319/30/5229 6347/28/5256 6320/28/5230
f 6321/22/5231 6371/22/5279 6349/20/5258
f 6321/22/5231 6349/20/5258 6322/20/5232
f 6313/62/5223 6312/62/5222 6375/60/5283
f 6313/62/5223 6375/60/5283 6318/60/5228
f 6315/8/5225 6373/8/5281 6352/6/5261
f 6315/8/5225 6352/6/5261 6323/6/5233
f 6317/42/5227 6374/42/5282 6353/40/5262
f 6317/42/5227 6353/40/5262 6324/40/5234
f 6376/50/5284 6377/50/5285 6378/48/5286
f 6376/50/5284 6378/48/5286 6379/48/5287
f 6354/38/5263 6380/38/5288 6381/36/5289
f 6354/38/5263 6381/36/5289 6357/36/5266
f 6358/46/5267 6382/46/5290 6383/44/5291
f 6358/46/5267 6383/44/5291 6359/44/5268
f 6356/16/5265 6384/16/5292 6385/14/5293
f 6356/16/5265 6385/14/5293 6360/14/5269
f 6361/48/5270 6379/48/5287 6382/46/5290
f 6361/48/5270 6382/46/5290 6358/46/5267
f 6357/36/5266 6381/36/5289 6386/34/5294
f 6357/36/5266 6386/34/5294 6362/34/4855
f 6363/50/5271 6376/50/5284 6379/48/5287
f 6363/50/5271 6379/48/5287 6361/48/5270
f 6360/14/5269 6385/14/5293 6387/12/5295
f 6360/14/5269 6387/12/5295 6364/12/5272
f 6365/52/5273 6388/52/5296 6376/50/5284
f 6365/52/5273 6376/50/5284 6363/50/5271
f 6362/34/4855 6386/34/5294 6389/32/5297
f 6362/34/4855 6389/32/5297 6366/32/5274
f 6367/54/5275 6390/54/5298 6388/52/5296
f 6367/54/5275 6388/52/5296 6365/52/5273
f 6364/12/5272 6387/12/5295 6391/10/5299
f 6364/12/5272 6391/10/5299 6368/10/5276
f 6369/56/5277 6392/56/5300 6390/54/5298
f 6369/56/5277 6390/54/5298 6367/54/5275
f 6366/32/5274 6389/32/5297 6393/30/5301
f 6366/32/5274 6393/30/5301 6370/30/5278
f 6355/24/5264 6394/24/5302 6395/22/5303
f 6355/24/5264 6395/22/5303 6371/22/5279
f 6372/58/5280 6396/58/5304 6392/56/5300
f 6372/58/5280 6392/56/5300 6369/56/5277
f 6368/10/5276 6391/10/5299 6397/8/5305
f 6368/10/5276 6397/8/5305 6373/8/5281
f 6359/44/5268 6383/44/5291 6398/42/5306
f 6359/44/5268 6398/42/5306 6374/42/5282
f 6375/60/5283 6399/60/5307 6396/58/5304
f 6375/60/5283 6396/58/5304 6372/58/5280
f 6370/30/5278 6393/30/5301 6400/28/5308
f 6370/30/5278 6400/28/5308 6347/28/5256
f 6371/22/5279 6395/22/5303 6401/20/5309
f 6371/22/5279 6401/20/5309 6349/20/5258
f 6312/62/5222 6402/62/5310 6399/60/5307
f 6312/62/5222 6399/60/5307 6375/60/5283
f 6373/8/5281 6397/8/5305 6403/6/5311
f 6373/8/5281 6403/6/5311 6352/6/5261
f 6374/42/5282 6398/42/5306 6404/40/5312
f 6374/42/5282 6404/40/5312 6353/40/5262
f 6311/64/5221 6405/64/5313 6402/62/5310
f 6311/64/5221 6402/62/5310 6312/62/5222
f 6347/28/5256 6400/28/5308 6406/26/5314
f 6347/28/5256 6406/26/5314 6348/26/5257
f 6349/20/5258 6401/20/5309 6407/18/5315
f 6349/20/5258 6407/18/5315 6350/18/5259
f 6351/66/5260 6408/66/5316 6405/64/5313
f 6351/66/5260 6405/64/5313 6311/64/5221
f 6352/6/5261 6403/6/5311 6344/4/5254
f 6352/6/5261 6344/4/5254 6343/4/5253
f 6353/40/5262 6404/40/5312 6380/38/5288
f 6353/40/5262 6380/38/5288 6354/38/5263
f 6348/26/5257 6406/26/5314 6394/24/5302
f 6348/26/5257 6394/24/5302 6355/24/5264
f 6350/18/5259 6407/18/5315 6384/16/5292
f 6350/18/5259 6384/16/5292 6356/16/5265
f 6409/56/5317 6410/56/5318 6411/54/5319
f 6409/56/5317 6411/54/5319 6412/54/5320
f 6385/14/5293 6413/14/5321 6414/12/5322
f 6385/14/5293 6414/12/5322 6387/12/5295
f 6388/52/5296 6415/52/5323 6377/50/5285
f 6388/52/5296 6377/50/5285 6376/50/5284
f 6386/34/5294 6416/34/5324 6417/32/5325
f 6386/34/5294 6417/32/5325 6389/32/5297
f 6390/54/5298 6412/54/5320 6415/52/5323
f 6390/54/5298 6415/52/5323 6388/52/5296
f 6387/12/5295 6414/12/5322 6418/10/5326
f 6387/12/5295 6418/10/5326 6391/10/5299
f 6392/56/5300 6409/56/5317 6412/54/5320
f 6392/56/5300 6412/54/5320 6390/54/5298
f 6389/32/5297 6417/32/5325 6419/30/5327
f 6389/32/5297 6419/30/5327 6393/30/5301
f 6394/24/5302 6420/24/5328 6421/22/5329
f 6394/24/5302 6421/22/5329 6395/22/5303
f 6396/58/5304 6422/58/5330 6409/56/5317
f 6396/58/5304 6409/56/5317 6392/56/5300
f 6391/10/5299 6418/10/5326 6423/8/5331
f 6391/10/5299 6423/8/5331 6397/8/5305
f 6383/44/5291 6424/44/5332 6425/42/5333
f 6383/44/5291 6425/42/5333 6398/42/5306
f 6399/60/5307 6426/60/5334 6422/58/5330
f 6399/60/5307 6422/58/5330 6396/58/5304
f 6393/30/5301 6419/30/5327 6427/28/5335
f 6393/30/5301 6427/28/5335 6400/28/5308
f 6395/22/5303 6421/22/5329 6428/20/5336
f 6395/22/5303 6428/20/5336 6401/20/5309
f 6402/62/5310 6429/62/5337 6426/60/5334
f 6402/62/5310 6426/60/5334 6399/60/5307
f 6397/8/5305 6423/8/5331 6430/6/5338
f 6397/8/5305 6430/6/5338 6403/6/5311
f 6398/42/5306 6425/42/5333 6431/40/5339
f 6398/42/5306 6431/40/5339 6404/40/5312
f 6405/64/5313 6432/64/5340 6429/62/5337
f 6405/64/5313 6429/62/5337 6402/62/5310
f 6400/28/5308 6427/28/5335 6433/26/5341
f 6400/28/5308 6433/26/5341 6406/26/5314
f 6401/20/5309 6428/20/5336 6434/18/5342
f 6401/20/5309 6434/18/5342 6407/18/5315
f 6408/66/5316 6435/66/5343 6432/64/5340
f 6408/66/5316 6432/64/5340 6405/64/5313
f 6403/6/5311 6430/6/5338 6436/4/5344
f 6403/6/5311 6436/4/5344 6344/4/5254
f 6404/40/5312 6431/40/5339 6437/38/5345
f 6404/40/5312 6437/38/5345 6380/38/5288
f 6406/26/5314 6433/26/5341 6420/24/5328
f 6406/26/5314 6420/24/5328 6394/24/5302
f 6407/18/5315 6434/18/5342 6438/16/5346
f 6407/18/5315 6438/16/5346 6384/16/5292
f 6344/4/5254 6436/4/5344 6439/1/5343
f 6344/4/5254 6439/1/5343 6345/1/5255
f 6380/38/5288 6437/38/5345 6440/36/5347
f 6380/38/5288 6440/36/5347 6381/36/5289
f 6382/46/5290 6441/46/5348 6424/44/5332
f 6382/46/5290 6424/44/5332 6383/44/5291
f 6384/16/5292 6438/16/5346 6413/14/5321
f 6384/16/5292 6413/14/5321 6385/14/5293
f 6379/48/5287 6378/48/5286 6441/46/5348
f 6379/48/5287 6441/46/5348 6382/46/5290
f 6381/36/5289 6440/36/5347 6416/34/5324
f 6381/36/5289 6416/34/5324 6386/34/5294
f 6442/22/5349 6443/22/5350 6444/20/5351
f 6442/22/5349 6444/20/5351 6445/20/5352
f 6417/32/5325 6446/32/5353 6447/30/5354
f 6417/32/5325 6447/30/5354 6419/30/5327
f 6420/24/5328 6448/24/5355 6442/22/5349
f 6420/24/5328 6442/22/5349 6421/22/5329
f 6422/58/5330 6449/58/5356 6410/56/5318
f 6422/58/5330 6410/56/5318 6409/56/5317
f 6418/10/5326 6450/10/5357 6451/8/5358
f 6418/10/5326 6451/8/5358 6423/8/5331
f 6424/44/5332 6452/44/5359 6453/42/5360
f 6424/44/5332 6453/42/5360 6425/42/5333
f 6426/60/5334 6454/60/5361 6449/58/5356
f 6426/60/5334 6449/58/5356 6422/58/5330
f 6419/30/5327 6447/30/5354 6455/28/5362
f 6419/30/5327 6455/28/5362 6427/28/5335
f 6421/22/5329 6442/22/5349 6445/20/5352
f 6421/22/5329 6445/20/5352 6428/20/5336
f 6429/62/5337 6456/62/5363 6454/60/5361
f 6429/62/5337 6454/60/5361 6426/60/5334
f 6423/8/5331 6451/8/5358 6457/6/5364
f 6423/8/5331 6457/6/5364 6430/6/5338
f 6425/42/5333 6453/42/5360 6458/40/5365
f 6425/42/5333 6458/40/5365 6431/40/5339
f 6432/64/5340 6459/64/5366 6456/62/5363
f 6432/64/5340 6456/62/5363 6429/62/5337
f 6427/28/5335 6455/28/5362 6460/26/5367
f 6427/28/5335 6460/26/5367 6433/26/5341
f 6428/20/5336 6445/20/5352 6461/18/5368
f 6428/20/5336 6461/18/5368 6434/18/5342
f 6435/66/5343 6462/66/5369 6459/64/5366
f 6435/66/5343 6459/64/5366 6432/64/5340
f 6430/6/5338 6457/6/5364 6463/4/5370
f 6430/6/5338 6463/4/5370 6436/4/5344
f 6431/40/5339 6458/40/5365 6464/38/5371
f 6431/40/5339 6464/38/5371 6437/38/5345
f 6433/26/5341 6460/26/5367 6448/24/5355
f 6433/26/5341 6448/24/5355 6420/24/5328
f 6434/18/5342 6461/18/5368 6465/16/5372
f 6434/18/5342 6465/16/5372 6438/16/5346
f 6436/4/5344 6463/4/5370 6466/1/5373
f 6436/4/5344 6466/1/5373 6439/1/5343
f 6437/38/5345 6464/38/5371 6467/36/5374
f 6437/38/5345 6467/36/5374 6440/36/5347
f 6441/46/5348 6468/46/5375 6452/44/5359
f 6441/46/5348 6452/44/5359 6424/44/5332
f 6438/16/5346 6465/16/5372 6469/14/5376
f 6438/16/5346 6469/14/5376 6413/14/5321
f 6378/48/5286 6470/48/5377 6468/46/5375
f 6378/48/5286 6468/46/5375 6441/46/5348
f 6440/36/5347 6467/36/5374 6471/34/5378
f 6440/36/5347 6471/34/5378 6416/34/5324
f 6377/50/5285 6472/50/5379 6470/48/5377
f 6377/50/5285 6470/48/5377 6378/48/5286
f 6413/14/5321 6469/14/5376 6473/12/5380
f 6413/14/5321 6473/12/5380 6414/12/5322
f 6415/52/5323 6474/52/5381 6472/50/5379
f 6415/52/5323 6472/50/5379 6377/50/5285
f 6416/34/5324 6471/34/5378 6446/32/5353
f 6416/34/5324 6446/32/5353 6417/32/5325
f 6412/54/5320 6411/54/5319 6474/52/5381
f 6412/54/5320 6474/52/5381 6415/52/5323
f 6414/12/5322 6473/12/5380 6450/10/5357
f 6414/12/5322 6450/10/5357 6418/10/5326
f 6475/40/5382 6476/40/5383 6477/38/5384
f 6475/40/5382 6477/38/5384 6478/38/5385
f 6456/62/5363 6479/62/5386 6480/60/5387
f 6456/62/5363 6480/60/5387 6454/60/5361
f 6451/8/5358 6481/8/5388 6482/6/5389
f 6451/8/5358 6482/6/5389 6457/6/5364
f 6453/42/5360 6483/42/5390 6475/40/5382
f 6453/42/5360 6475/40/5382 6458/40/5365
f 6459/64/5366 6484/64/5391 6479/62/5386
f 6459/64/5366 6479/62/5386 6456/62/5363
f 6455/28/5362 6485/28/5392 6486/26/5393
f 6455/28/5362 6486/26/5393 6460/26/5367
f 6445/20/5352 6444/20/5351 6487/18/5394
f 6445/20/5352 6487/18/5394 6461/18/5368
f 6462/66/5369 6488/66/5395 6484/64/5391
f 6462/66/5369 6484/64/5391 6459/64/5366
f 6457/6/5364 6482/6/5389 6489/4/5396
f 6457/6/5364 6489/4/5396 6463/4/5370
f 6458/40/5365 6475/40/5382 6478/38/5385
f 6458/40/5365 6478/38/5385 6464/38/5371
f 6460/26/5367 6486/26/5393 6490/24/5397
f 6460/26/5367 6490/24/5397 6448/24/5355
f 6461/18/5368 6487/18/5394 6491/16/5398
f 6461/18/5368 6491/16/5398 6465/16/5372
f 6463/4/5370 6489/4/5396 6492/1/5399
f 6463/4/5370 6492/1/5399 6466/1/5373
f 6464/38/5371 6478/38/5385 6493/36/5400
f 6464/38/5371 6493/36/5400 6467/36/5374
f 6468/46/5375 6494/46/5401 6495/44/5402
f 6468/46/5375 6495/44/5402 6452/44/5359
f 6465/16/5372 6491/16/5398 6496/14/5403
f 6465/16/5372 6496/14/5403 6469/14/5376
f 6470/48/5377 6497/48/5404 6494/46/5401
f 6470/48/5377 6494/46/5401 6468/46/5375
f 6467/36/5374 6493/36/5400 6498/34/5405
f 6467/36/5374 6498/34/5405 6471/34/5378
f 6472/50/5379 6499/50/5406 6497/48/5404
f 6472/50/5379 6497/48/5404 6470/48/5377
f 6469/14/5376 6496/14/5403 6500/12/5407
f 6469/14/5376 6500/12/5407 6473/12/5380
f 6474/52/5381 6501/52/5408 6499/50/5406
f 6474/52/5381 6499/50/5406 6472/50/5379
f 6471/34/5378 6498/34/5405 6502/32/5409
f 6471/34/5378 6502/32/5409 6446/32/5353
f 6411/54/5319 6503/54/5410 6501/52/5408
f 6411/54/5319 6501/52/5408 6474/52/5381
f 6473/12/5380 6500/12/5407 6504/10/5411
f 6473/12/5380 6504/10/5411 6450/10/5357
f 6410/56/5318 6505/56/5412 6503/54/5410
f 6410/56/5318 6503/54/5410 6411/54/5319
f 6446/32/5353 6502/32/5409 6506/30/5413
f 6446/32/5353 6506/30/5413 6447/30/5354
f 6448/24/5355 6490/24/5397 6443/22/5350
f 6448/24/5355 6443/22/5350 6442/22/5349
f 6449/58/5356 6507/58/5414 6505/56/5412
f 6449/58/5356 6505/56/5412 6410/56/5318
f 6450/10/5357 6504/10/5411 6481/8/5388
f 6450/10/5357 6481/8/5388 6451/8/5358
f 6452/44/5359 6495/44/5402 6483/42/5390
f 6452/44/5359 6483/42/5390 6453/42/5360
f 6454/60/5361 6480/60/5387 6507/58/5414
f 6454/60/5361 6507/58/5414 6449/58/5356
f 6447/30/5354 6506/30/5413 6485/28/5392
f 6447/30/5354 6485/28/5392 6455/28/5362
f 6508/16/5415 6509/16/5416 6510/14/5417
f 6508/16/5415 6510/14/5417 6511/14/5418
f 6486/26/5393 6512/26/5419 6513/24/5420
f 6486/26/5393 6513/24/5420 6490/24/5397
f 6487/18/5394 6514/18/5421 6508/16/5415
f 6487/18/5394 6508/16/5415 6491/16/5398
f 6489/4/5396 6515/4/5422 6516/1/5423
f 6489/4/5396 6516/1/5423 6492/1/5399
f 6478/38/5385 6477/38/5384 6517/36/5424
f 6478/38/5385 6517/36/5424 6493/36/5400
f 6494/46/5401 6518/46/5425 6519/44/5426
f 6494/46/5401 6519/44/5426 6495/44/5402
f 6491/16/5398 6508/16/5415 6511/14/5418
f 6491/16/5398 6511/14/5418 6496/14/5403
f 6497/48/5404 6520/48/5427 6518/46/5425
f 6497/48/5404 6518/46/5425 6494/46/5401
f 6493/36/5400 6517/36/5424 6521/34/5428
f 6493/36/5400 6521/34/5428 6498/34/5405
f 6499/50/5406 6522/50/5429 6520/48/5427
f 6499/50/5406 6520/48/5427 6497/48/5404
f 6496/14/5403 6511/14/5418 6523/12/5430
f 6496/14/5403 6523/12/5430 6500/12/5407
f 6501/52/5408 6524/52/5431 6522/50/5429
f 6501/52/5408 6522/50/5429 6499/50/5406
f 6498/34/5405 6521/34/5428 6525/32/5432
f 6498/34/5405 6525/32/5432 6502/32/5409
f 6503/54/5410 6526/54/5433 6524/52/5431
f 6503/54/5410 6524/52/5431 6501/52/5408
f 6500/12/5407 6523/12/5430 6527/10/5434
f 6500/12/5407 6527/10/5434 6504/10/5411
f 6505/56/5412 6528/56/5435 6526/54/5433
f 6505/56/5412 6526/54/5433 6503/54/5410
f 6502/32/5409 6525/32/5432 6529/30/5436
f 6502/32/5409 6529/30/5436 6506/30/5413
f 6490/24/5397 6513/24/5420 6530/22/5437
f 6490/24/5397 6530/22/5437 6443/22/5350
f 6507/58/5414 6531/58/5438 6528/56/5435
f 6507/58/5414 6528/56/5435 6505/56/5412
f 6504/10/5411 6527/10/5434 6532/8/5439
f 6504/10/5411 6532/8/5439 6481/8/5388
f 6495/44/5402 6519/44/5426 6533/42/5440
f 6495/44/5402 6533/42/5440 6483/42/5390
f 6480/60/5387 6534/60/5441 6531/58/5438
f 6480/60/5387 6531/58/5438 6507/58/5414
f 6506/30/5413 6529/30/5436 6535/28/5442
f 6506/30/5413 6535/28/5442 6485/28/5392
f 6443/22/5350 6530/22/5437 6536/20/5443
f 6443/22/5350 6536/20/5443 6444/20/5351
f 6479/62/5386 6537/62/5444 6534/60/5441
f 6479/62/5386 6534/60/5441 6480/60/5387
f 6481/8/5388 6532/8/5439 6538/6/5445
f 6481/8/5388 6538/6/5445 6482/6/5389
f 6483/42/5390 6533/42/5440 6476/40/5383
f 6483/42/5390 6476/40/5383 6475/40/5382
f 6484/64/5391 6539/64/5446 6537/62/5444
f 6484/64/5391 6537/62/5444 6479/62/5386
f 6485/28/5392 6535/28/5442 6512/26/5419
f 6485/28/5392 6512/26/5419 6486/26/5393
f 6444/20/5351 6536/20/5443 6514/18/5421
f 6444/20/5351 6514/18/5421 6487/18/5394
f 6488/66/5395 6540/66/5423 6539/64/5446
f 6488/66/5395 6539/64/5446 6484/64/5391
f 6482/6/5389 6538/6/5445 6515/4/5422
f 6482/6/5389 6515/4/5422 6489/4/5396
f 6541/34/5447 6542/34/5448 6543/32/5449
f 6541/34/5447 6543/32/5449 6544/32/5450
f 6520/48/5427 6545/48/5451 6546/46/5452
f 6520/48/5427 6546/46/5452 6518/46/5425
f 6517/36/5424 6547/36/5453 6541/34/5447
f 6517/36/5424 6541/34/5447 6521/34/5428
f 6522/50/5429 6548/50/5454 6545/48/5451
f 6522/50/5429 6545/48/5451 6520/48/5427
f 6511/14/5418 6510/14/5417 6549/12/5455
f 6511/14/5418 6549/12/5455 6523/12/5430
f 6524/52/5431 6550/52/5456 6548/50/5454
f 6524/52/5431 6548/50/5454 6522/50/5429
f 6521/34/5428 6541/34/5447 6544/32/5450
f 6521/34/5428 6544/32/5450 6525/32/5432
f 6526/54/5433 6551/54/5457 6550/52/5456
f 6526/54/5433 6550/52/5456 6524/52/5431
f 6523/12/5430 6549/12/5455 6552/10/5458
f 6523/12/5430 6552/10/5458 6527/10/5434
f 6528/56/5435 6553/56/5459 6551/54/5457
f 6528/56/5435 6551/54/5457 6526/54/5433
f 6525/32/5432 6544/32/5450 6554/30/5460
f 6525/32/5432 6554/30/5460 6529/30/5436
f 6513/24/5420 6555/24/5461 6556/22/5462
f 6513/24/5420 6556/22/5462 6530/22/5437
f 6531/58/5438 6557/58/5463 6553/56/5459
f 6531/58/5438 6553/56/5459 6528/56/5435
f 6527/10/5434 6552/10/5458 6558/8/5464
f 6527/10/5434 6558/8/5464 6532/8/5439
f 6519/44/5426 6559/44/5465 6560/42/5466
f 6519/44/5426 6560/42/5466 6533/42/5440
f 6534/60/5441 6561/60/5467 6557/58/5463
f 6534/60/5441 6557/58/5463 6531/58/5438
f 6529/30/5436 6554/30/5460 6562/28/5468
f 6529/30/5436 6562/28/5468 6535/28/5442
f 6530/22/5437 6556/22/5462 6563/20/5469
f 6530/22/5437 6563/20/5469 6536/20/5443
f 6537/62/5444 6564/62/5470 6561/60/5467
f 6537/62/5444 6561/60/5467 6534/60/5441
f 6532/8/5439 6558/8/5464 6565/6/5471
f 6532/8/5439 6565/6/5471 6538/6/5445
f 6533/42/5440 6560/42/5466 6566/40/5472
f 6533/42/5440 6566/40/5472 6476/40/5383
f 6539/64/5446 6567/64/5473 6564/62/5470
f 6539/64/5446 6564/62/5470 6537/62/5444
f 6535/28/5442 6562/28/5468 6568/26/5474
f 6535/28/5442 6568/26/5474 6512/26/5419
f 6536/20/5443 6563/20/5469 6569/18/5475
f 6536/20/5443 6569/18/5475 6514/18/5421
f 6540/66/5423 6570/66/5476 6567/64/5473
f 6540/66/5423 6567/64/5473 6539/64/5446
f 6538/6/5445 6565/6/5471 6571/4/5477
f 6538/6/5445 6571/4/5477 6515/4/5422
f 6476/40/5383 6566/40/5472 6572/38/5478
f 6476/40/5383 6572/38/5478 6477/38/5384
f 6512/26/5419 6568/26/5474 6555/24/5461
f 6512/26/5419 6555/24/5461 6513/24/5420
f 6514/18/5421 6569/18/5475 6509/16/5416
f 6514/18/5421 6509/16/5416 6508/16/5415
f 6515/4/5422 6571/4/5477 6573/1/5476
f 6515/4/5422 6573/1/5476 6516/1/5423
f 6477/38/5384 6572/38/5478 6547/36/5453
f 6477/38/5384 6547/36/5453 6517/36/5424
f 6518/46/5425 6546/46/5452 6559/44/5465
f 6518/46/5425 6559/44/5465 6519/44/5426
f 6574/10/5479 6575/10/5480 6576/8/5481
f 6574/10/5479 6576/8/5481 6577/8/5482
f 6551/54/5457 6578/54/5483 6579/52/5484
f 6551/54/5457 6579/52/5484 6550/52/5456
f 6549/12/5455 6580/12/5485 6574/10/5479
f 6549/12/5455 6574/10/5479 6552/10/5458
f 6553/56/5459 6581/56/5486 6578/54/5483
f 6553/56/5459 6578/54/5483 6551/54/5457
f 6544/32/5450 6543/32/5449 6582/30/5487
f 6544/32/5450 6582/30/5487 6554/30/5460
f 6555/24/5461 6583/24/5488 6584/22/5489
f 6555/24/5461 6584/22/5489 6556/22/5462
f 6557/58/5463 6585/58/5490 6581/56/5486
f 6557/58/5463 6581/56/5486 6553/56/5459
f 6552/10/5458 6574/10/5479 6577/8/5482
f 6552/10/5458 6577/8/5482 6558/8/5464
f 6559/44/5465 6586/44/5491 6587/42/5492
f 6559/44/5465 6587/42/5492 6560/42/5466
f 6561/60/5467 6588/60/5493 6585/58/5490
f 6561/60/5467 6585/58/5490 6557/58/5463
f 6554/30/5460 6582/30/5487 6589/28/5494
f 6554/30/5460 6589/28/5494 6562/28/5468
f 6556/22/5462 6584/22/5489 6590/20/5495
f 6556/22/5462 6590/20/5495 6563/20/5469
f 6564/62/5470 6591/62/5496 6588/60/5493
f 6564/62/5470 6588/60/5493 6561/60/5467
f 6558/8/5464 6577/8/5482 6592/6/5497
f 6558/8/5464 6592/6/5497 6565/6/5471
f 6560/42/5466 6587/42/5492 6593/40/5498
f 6560/42/5466 6593/40/5498 6566/40/5472
f 6567/64/5473 6594/64/5499 6591/62/5496
f 6567/64/5473 6591/62/5496 6564/62/5470
f 6562/28/5468 6589/28/5494 6595/26/5500
f 6562/28/5468 6595/26/5500 6568/26/5474
f 6563/20/5469 6590/20/5495 6596/18/2821
f 6563/20/5469 6596/18/2821 6569/18/5475
f 6570/66/5476 6597/66/5501 6594/64/5499
f 6570/66/5476 6594/64/5499 6567/64/5473
f 6565/6/5471 6592/6/5497 6598/4/5502
f 6565/6/5471 6598/4/5502 6571/4/5477
f 6566/40/5472 6593/40/5498 6599/38/5503
f 6566/40/5472 6599/38/5503 6572/38/5478
f 6568/26/5474 6595/26/5500 6583/24/5488
f 6568/26/5474 6583/24/5488 6555/24/5461
f 6569/18/5475 6596/18/2821 6600/16/5504
f 6569/18/5475 6600/16/5504 6509/16/5416
f 6571/4/5477 6598/4/5502 6601/1/5501
f 6571/4/5477 6601/1/5501 6573/1/5476
f 6572/38/5478 6599/38/5503 6602/36/5505
f 6572/38/5478 6602/36/5505 6547/36/5453
f 6546/46/5452 6603/46/5506 6586/44/5491
f 6546/46/5452 6586/44/5491 6559/44/5465
f 6509/16/5416 6600/16/5504 6604/14/5507
f 6509/16/5416 6604/14/5507 6510/14/5417
f 6545/48/5451 6605/48/5508 6603/46/5506
f 6545/48/5451 6603/46/5506 6546/46/5452
f 6547/36/5453 6602/36/5505 6542/34/5448
f 6547/36/5453 6542/34/5448 6541/34/5447
f 6548/50/5454 6606/50/5509 6605/48/5508
f 6548/50/5454 6605/48/5508 6545/48/5451
f 6510/14/5417 6604/14/5507 6580/12/5485
f 6510/14/5417 6580/12/5485 6549/12/5455
f 6550/52/5456 6579/52/5484 6606/50/5509
f 6550/52/5456 6606/50/5509 6548/50/5454
f 6607/28/5510 6608/28/5511 6609/26/5512
f 6607/28/5510 6609/26/5512 6610/26/5513
f 6586/44/5491 6611/44/5514 6612/42/5515
f 6586/44/5491 6612/42/5515 6587/42/5492
f 6588/60/5493 6613/60/5516 6614/58/5517
f 6588/60/5493 6614/58/5517 6585/58/5490
f 6582/30/5487 6615/30/5518 6607/28/5510
f 6582/30/5487 6607/28/5510 6589/28/5494
f 6584/22/5489 6616/22/5519 6617/20/5520
f 6584/22/5489 6617/20/5520 6590/20/5495
f 6591/62/5496 6618/62/5521 6613/60/5516
f 6591/62/5496 6613/60/5516 6588/60/5493
f 6577/8/5482 6576/8/5481 6619/6/5522
f 6577/8/5482 6619/6/5522 6592/6/5497
f 6587/42/5492 6612/42/5515 6620/40/5523
f 6587/42/5492 6620/40/5523 6593/40/5498
f 6594/64/5499 6621/64/5524 6618/62/5521
f 6594/64/5499 6618/62/5521 6591/62/5496
f 6589/28/5494 6607/28/5510 6610/26/5513
f 6589/28/5494 6610/26/5513 6595/26/5500
f 6590/20/5495 6617/20/5520 6622/18/5525
f 6590/20/5495 6622/18/5525 6596/18/2821
f 6597/66/5501 6623/66/5526 6621/64/5524
f 6597/66/5501 6621/64/5524 6594/64/5499
f 6592/6/5497 6619/6/5522 6624/4/5527
f 6592/6/5497 6624/4/5527 6598/4/5502
f 6593/40/5498 6620/40/5523 6625/38/5528
f 6593/40/5498 6625/38/5528 6599/38/5503
f 6595/26/5500 6610/26/5513 6626/24/5529
f 6595/26/5500 6626/24/5529 6583/24/5488
f 6596/18/2821 6622/18/5525 6627/16/5530
f 6596/18/2821 6627/16/5530 6600/16/5504
f 6598/4/5502 6624/4/5527 6628/1/5526
f 6598/4/5502 6628/1/5526 6601/1/5501
f 6599/38/5503 6625/38/5528 6629/36/5531
f 6599/38/5503 6629/36/5531 6602/36/5505
f 6603/46/5506 6630/46/5532 6611/44/5514
f 6603/46/5506 6611/44/5514 6586/44/5491
f 6600/16/5504 6627/16/5530 6631/14/5533
f 6600/16/5504 6631/14/5533 6604/14/5507
f 6605/48/5508 6632/48/5534 6630/46/5532
f 6605/48/5508 6630/46/5532 6603/46/5506
f 6602/36/5505 6629/36/5531 6633/34/5535
f 6602/36/5505 6633/34/5535 6542/34/5448
f 6606/50/5509 6634/50/5536 6632/48/5534
f 6606/50/5509 6632/48/5534 6605/48/5508
f 6604/14/5507 6631/14/5533 6635/12/5537
f 6604/14/5507 6635/12/5537 6580/12/5485
f 6579/52/5484 6636/52/5538 6634/50/5536
f 6579/52/5484 6634/50/5536 6606/50/5509
f 6542/34/5448 6633/34/5535 6637/32/5539
f 6542/34/5448 6637/32/5539 6543/32/5449
f 6578/54/5483 6638/54/5540 6636/52/5538
f 6578/54/5483 6636/52/5538 6579/52/5484
f 6580/12/5485 6635/12/5537 6575/10/5480
f 6580/12/5485 6575/10/5480 6574/10/5479
f 6581/56/5486 6639/56/5541 6638/54/5540
f 6581/56/5486 6638/54/5540 6578/54/5483
f 6543/32/5449 6637/32/5539 6615/30/5518
f 6543/32/5449 6615/30/5518 6582/30/5487
f 6583/24/5488 6626/24/5529 6616/22/5519
f 6583/24/5488 6616/22/5519 6584/22/5489
f 6585/58/5490 6614/58/5517 6639/56/5541
f 6585/58/5490 6639/56/5541 6581/56/5486
f 6640/4/5542 6641/4/5543 6642/1/5544
f 6640/4/5542 6642/1/5544 6643/1/5545
f 6617/20/5520 6644/20/5546 6645/18/5547
f 6617/20/5520 6645/18/5547 6622/18/5525
f 6623/66/5526 6646/66/5545 6647/64/5548
f 6623/66/5526 6647/64/5548 6621/64/5524
f 6619/6/5522 6648/6/5549 6640/4/5542
f 6619/6/5522 6640/4/5542 6624/4/5527
f 6620/40/5523 6649/40/5550 6650/38/5551
f 6620/40/5523 6650/38/5551 6625/38/5528
f 6610/26/5513 6609/26/5512 6651/24/5552
f 6610/26/5513 6651/24/5552 6626/24/5529
f 6622/18/5525 6645/18/5547 6652/16/5553
f 6622/18/5525 6652/16/5553 6627/16/5530
f 6624/4/5527 6640/4/5542 6643/1/5545
f 6624/4/5527 6643/1/5545 6628/1/5526
f 6625/38/5528 6650/38/5551 6653/36/5554
f 6625/38/5528 6653/36/5554 6629/36/5531
f 6630/46/5532 6654/46/5555 6655/44/5556
f 6630/46/5532 6655/44/5556 6611/44/5514
f 6627/16/5530 6652/16/5553 6656/14/5557
f 6627/16/5530 6656/14/5557 6631/14/5533
f 6632/48/5534 6657/48/5558 6654/46/5555
f 6632/48/5534 6654/46/5555 6630/46/5532
f 6629/36/5531 6653/36/5554 6658/34/5559
f 6629/36/5531 6658/34/5559 6633/34/5535
f 6634/50/5536 6659/50/5560 6657/48/5558
f 6634/50/5536 6657/48/5558 6632/48/5534
f 6631/14/5533 6656/14/5557 6660/12/5561
f 6631/14/5533 6660/12/5561 6635/12/5537
f 6636/52/5538 6661/52/5562 6659/50/5560
f 6636/52/5538 6659/50/5560 6634/50/5536
f 6633/34/5535 6658/34/5559 6662/32/5563
f 6633/34/5535 6662/32/5563 6637/32/5539
f 6638/54/5540 6663/54/5564 6661/52/5562
f 6638/54/5540 6661/52/5562 6636/52/5538
f 6635/12/5537 6660/12/5561 6664/10/5565
f 6635/12/5537 6664/10/5565 6575/10/5480
f 6639/56/5541 6665/56/5566 6663/54/5564
f 6639/56/5541 6663/54/5564 6638/54/5540
f 6637/32/5539 6662/32/5563 6666/30/5567
f 6637/32/5539 6666/30/5567 6615/30/5518
f 6626/24/5529 6651/24/5552 6667/22/5568
f 6626/24/5529 6667/22/5568 6616/22/5519
f 6614/58/5517 6668/58/5569 6665/56/5566
f 6614/58/5517 6665/56/5566 6639/56/5541
f 6575/10/5480 6664/10/5565 6669/8/5570
f 6575/10/5480 6669/8/5570 6576/8/5481
f 6611/44/5514 6655/44/5556 6670/42/5571
f 6611/44/5514 6670/42/5571 6612/42/5515
f 6613/60/5516 6671/60/5572 6668/58/5569
f 6613/60/5516 6668/58/5569 6614/58/5517
f 6615/30/5518 6666/30/5567 6608/28/5511
f 6615/30/5518 6608/28/5511 6607/28/5510
f 6616/22/5519 6667/22/5568 6644/20/5546
f 6616/22/5519 6644/20/5546 6617/20/5520
f 6618/62/5521 6672/62/5573 6671/60/5572
f 6618/62/5521 6671/60/5572 6613/60/5516
f 6576/8/5481 6669/8/5570 6648/6/5549
f 6576/8/5481 6648/6/5549 6619/6/5522
f 6612/42/5515 6670/42/5571 6649/40/5550
f 6612/42/5515 6649/40/5550 6620/40/5523
f 6621/64/5524 6647/64/5548 6672/62/5573
f 6621/64/5524 6672/62/5573 6618/62/5521
f 6673/50/5574 6674/50/5575 6675/48/5576
f 6673/50/5574 6675/48/5576 6676/48/5577
f 6650/38/5551 6677/38/5578 6678/36/5579
f 6650/38/5551 6678/36/5579 6653/36/5554
f 6654/46/5555 6679/46/5580 6680/44/5581
f 6654/46/5555 6680/44/5581 6655/44/5556
f 6652/16/5553 6681/16/5582 6682/14/5583
f 6652/16/5553 6682/14/5583 6656/14/5557
f 6657/48/5558 6676/48/5577 6679/46/5580
f 6657/48/5558 6679/46/5580 6654/46/5555
f 6653/36/5554 6678/36/5579 6683/34/5584
f 6653/36/5554 6683/34/5584 6658/34/5559
f 6659/50/5560 6673/50/5574 6676/48/5577
f 6659/50/5560 6676/48/5577 6657/48/5558
f 6656/14/5557 6682/14/5583 6684/12/5585
f 6656/14/5557 6684/12/5585 6660/12/5561
f 6661/52/5562 6685/52/5586 6673/50/5574
f 6661/52/5562 6673/50/5574 6659/50/5560
f 6658/34/5559 6683/34/5584 6686/32/5587
f 6658/34/5559 6686/32/5587 6662/32/5563
f 6663/54/5564 6687/54/5588 6685/52/5586
f 6663/54/5564 6685/52/5586 6661/52/5562
f 6660/12/5561 6684/12/5585 6688/10/5589
f 6660/12/5561 6688/10/5589 6664/10/5565
f 6665/56/5566 6689/56/5590 6687/54/5588
f 6665/56/5566 6687/54/5588 6663/54/5564
f 6662/32/5563 6686/32/5587 6690/30/5591
f 6662/32/5563 6690/30/5591 6666/30/5567
f 6651/24/5552 6691/24/5592 6692/22/5593
f 6651/24/5552 6692/22/5593 6667/22/5568
f 6668/58/5569 6693/58/5594 6689/56/5590
f 6668/58/5569 6689/56/5590 6665/56/5566
f 6664/10/5565 6688/10/5589 6694/8/5595
f 6664/10/5565 6694/8/5595 6669/8/5570
f 6655/44/5556 6680/44/5581 6695/42/5596
f 6655/44/5556 6695/42/5596 6670/42/5571
f 6671/60/5572 6696/60/5597 6693/58/5594
f 6671/60/5572 6693/58/5594 6668/58/5569
f 6666/30/5567 6690/30/5591 6697/28/5598
f 6666/30/5567 6697/28/5598 6608/28/5511
f 6667/22/5568 6692/22/5593 6698/20/5599
f 6667/22/5568 6698/20/5599 6644/20/5546
f 6672/62/5573 6699/62/5600 6696/60/5597
f 6672/62/5573 6696/60/5597 6671/60/5572
f 6669/8/5570 6694/8/5595 6700/6/5601
f 6669/8/5570 6700/6/5601 6648/6/5549
f 6670/42/5571 6695/42/5596 6701/40/5602
f 6670/42/5571 6701/40/5602 6649/40/5550
f 6647/64/5548 6702/64/5603 6699/62/5600
f 6647/64/5548 6699/62/5600 6672/62/5573
f 6608/28/5511 6697/28/5598 6703/26/5604
f 6608/28/5511 6703/26/5604 6609/26/5512
f 6644/20/5546 6698/20/5599 6704/18/5605
f 6644/20/5546 6704/18/5605 6645/18/5547
f 6646/66/5545 6705/66/5544 6702/64/5603
f 6646/66/5545 6702/64/5603 6647/64/5548
f 6648/6/5549 6700/6/5601 6641/4/5543
f 6648/6/5549 6641/4/5543 6640/4/5542
f 6649/40/5550 6701/40/5602 6677/38/5578
f 6649/40/5550 6677/38/5578 6650/38/5551
f 6609/26/5512 6703/26/5604 6691/24/5592
f 6609/26/5512 6691/24/5592 6651/24/5552
f 6645/18/5547 6704/18/5605 6681/16/5582
f 6645/18/5547 6681/16/5582 6652/16/5553
f 6706/56/5606 6707/56/5607 6708/54/5608
f 6706/56/5606 6708/54/5608 6709/54/5609
f 6682/14/5583 6710/14/5610 6711/12/5611
f 6682/14/5583 6711/12/5611 6684/12/5585
f 6685/52/5586 6712/52/5612 6674/50/5575
f 6685/52/5586 6674/50/5575 6673/50/5574
f 6683/34/5584 6713/34/5613 6714/32/5614
f 6683/34/5584 6714/32/5614 6686/32/5587
f 6687/54/5588 6709/54/5609 6712/52/5612
f 6687/54/5588 6712/52/5612 6685/52/5586
f 6684/12/5585 6711/12/5611 6715/10/5615
f 6684/12/5585 6715/10/5615 6688/10/5589
f 6689/56/5590 6706/56/5606 6709/54/5609
f 6689/56/5590 6709/54/5609 6687/54/5588
f 6686/32/5587 6714/32/5614 6716/30/5616
f 6686/32/5587 6716/30/5616 6690/30/5591
f 6691/24/5592 6717/24/5617 6718/22/5618
f 6691/24/5592 6718/22/5618 6692/22/5593
f 6693/58/5594 6719/58/5619 6706/56/5606
f 6693/58/5594 6706/56/5606 6689/56/5590
f 6688/10/5589 6715/10/5615 6720/8/5620
f 6688/10/5589 6720/8/5620 6694/8/5595
f 6680/44/5581 6721/44/5621 6722/42/5622
f 6680/44/5581 6722/42/5622 6695/42/5596
f 6696/60/5597 6723/60/5623 6719/58/5619
f 6696/60/5597 6719/58/5619 6693/58/5594
f 6690/30/5591 6716/30/5616 6724/28/5624
f 6690/30/5591 6724/28/5624 6697/28/5598
f 6692/22/5593 6718/22/5618 6725/20/5625
f 6692/22/5593 6725/20/5625 6698/20/5599
f 6699/62/5600 6726/62/5626 6723/60/5623
f 6699/62/5600 6723/60/5623 6696/60/5597
f 6694/8/5595 6720/8/5620 6727/6/5627
f 6694/8/5595 6727/6/5627 6700/6/5601
f 6695/42/5596 6722/42/5622 6728/40/5628
f 6695/42/5596 6728/40/5628 6701/40/5602
f 6702/64/5603 6729/64/5629 6726/62/5626
f 6702/64/5603 6726/62/5626 6699/62/5600
f 6697/28/5598 6724/28/5624 6730/26/5630
f 6697/28/5598 6730/26/5630 6703/26/5604
f 6698/20/5599 6725/20/5625 6731/18/5631
f 6698/20/5599 6731/18/5631 6704/18/5605
f 6705/66/5544 6732/66/5632 6729/64/5629
f 6705/66/5544 6729/64/5629 6702/64/5603
f 6700/6/5601 6727/6/5627 6733/4/5633
f 6700/6/5601 6733/4/5633 6641/4/5543
f 6701/40/5602 6728/40/5628 6734/38/5634
f 6701/40/5602 6734/38/5634 6677/38/5578
f 6703/26/5604 6730/26/5630 6717/24/5617
f 6703/26/5604 6717/24/5617 6691/24/5592
f 6704/18/5605 6731/18/5631 6735/16/5635
f 6704/18/5605 6735/16/5635 6681/16/5582
f 6641/4/5543 6733/4/5633 6736/1/5636
f 6641/4/5543 6736/1/5636 6642/1/5544
f 6677/38/5578 6734/38/5634 6737/36/5637
f 6677/38/5578 6737/36/5637 6678/36/5579
f 6679/46/5580 6738/46/5638 6721/44/5621
f 6679/46/5580 6721/44/5621 6680/44/5581
f 6681/16/5582 6735/16/5635 6710/14/5610
f 6681/16/5582 6710/14/5610 6682/14/5583
f 6676/48/5577 6675/48/5576 6738/46/5638
f 6676/48/5577 6738/46/5638 6679/46/5580
f 6678/36/5579 6737/36/5637 6713/34/5613
f 6678/36/5579 6713/34/5613 6683/34/5584
f 6739/22/5639 6740/22/5640 6741/20/5641
f 6739/22/5639 6741/20/5641 6742/20/5642
f 6714/32/5614 6743/32/5643 6744/30/5644
f 6714/32/5614 6744/30/5644 6716/30/5616
f 6717/24/5617 6745/24/5645 6739/22/5639
f 6717/24/5617 6739/22/5639 6718/22/5618
f 6719/58/5619 6746/58/5646 6707/56/5607
f 6719/58/5619 6707/56/5607 6706/56/5606
f 6715/10/5615 6747/10/5647 6748/8/5648
f 6715/10/5615 6748/8/5648 6720/8/5620
f 6721/44/5621 6749/44/5649 6750/42/5650
f 6721/44/5621 6750/42/5650 6722/42/5622
f 6723/60/5623 6751/60/5651 6746/58/5646
f 6723/60/5623 6746/58/5646 6719/58/5619
f 6716/30/5616 6744/30/5644 6752/28/5652
f 6716/30/5616 6752/28/5652 6724/28/5624
f 6718/22/5618 6739/22/5639 6742/20/5642
f 6718/22/5618 6742/20/5642 6725/20/5625
f 6726/62/5626 6753/62/5653 6751/60/5651
f 6726/62/5626 6751/60/5651 6723/60/5623
f 6720/8/5620 6748/8/5648 6754/6/5654
f 6720/8/5620 6754/6/5654 6727/6/5627
f 6722/42/5622 6750/42/5650 6755/40/5655
f 6722/42/5622 6755/40/5655 6728/40/5628
f 6729/64/5629 6756/64/5656 6753/62/5653
f 6729/64/5629 6753/62/5653 6726/62/5626
f 6724/28/5624 6752/28/5652 6757/26/5657
f 6724/28/5624 6757/26/5657 6730/26/5630
f 6725/20/5625 6742/20/5642 6758/18/5658
f 6725/20/5625 6758/18/5658 6731/18/5631
f 6732/66/5632 6759/66/5659 6756/64/5656
f 6732/66/5632 6756/64/5656 6729/64/5629
f 6727/6/5627 6754/6/5654 6760/4/5660
f 6727/6/5627 6760/4/5660 6733/4/5633
f 6728/40/5628 6755/40/5655 6761/38/5661
f 6728/40/5628 6761/38/5661 6734/38/5634
f 6730/26/5630 6757/26/5657 6745/24/5645
f 6730/26/5630 6745/24/5645 6717/24/5617
f 6731/18/5631 6758/18/5658 6762/16/5662
f 6731/18/5631 6762/16/5662 6735/16/5635
f 6733/4/5633 6760/4/5660 6763/1/5663
f 6733/4/5633 6763/1/5663 6736/1/5636
f 6734/38/5634 6761/38/5661 6764/36/5664
f 6734/38/5634 6764/36/5664 6737/36/5637
f 6738/46/5638 6765/46/5665 6749/44/5649
f 6738/46/5638 6749/44/5649 6721/44/5621
f 6735/16/5635 6762/16/5662 6766/14/5666
f 6735/16/5635 6766/14/5666 6710/14/5610
f 6675/48/5576 6767/48/5667 6765/46/5665
f 6675/48/5576 6765/46/5665 6738/46/5638
f 6737/36/5637 6764/36/5664 6768/34/5668
f 6737/36/5637 6768/34/5668 6713/34/5613
f 6674/50/5575 6769/50/5669 6767/48/5667
f 6674/50/5575 6767/48/5667 6675/48/5576
f 6710/14/5610 6766/14/5666 6770/12/5670
f 6710/14/5610 6770/12/5670 6711/12/5611
f 6712/52/5612 6771/52/5671 6769/50/5669
f 6712/52/5612 6769/50/5669 6674/50/5575
f 6713/34/5613 6768/34/5668 6743/32/5643
f 6713/34/5613 6743/32/5643 6714/32/5614
f 6709/54/5609 6708/54/5608 6771/52/5671
f 6709/54/5609 6771/52/5671 6712/52/5612
f 6711/12/5611 6770/12/5670 6747/10/5647
f 6711/12/5611 6747/10/5647 6715/10/5615
f 6772/40/5672 6773/40/5673 6774/38/5674
f 6772/40/5672 6774/38/5674 6775/38/5675
f 6753/62/5653 6776/62/5676 6777/60/5677
f 6753/62/5653 6777/60/5677 6751/60/5651
f 6748/8/5648 6778/8/5678 6779/6/5679
f 6748/8/5648 6779/6/5679 6754/6/5654
f 6750/42/5650 6780/42/5680 6772/40/5672
f 6750/42/5650 6772/40/5672 6755/40/5655
f 6756/64/5656 6781/64/5681 6776/62/5676
f 6756/64/5656 6776/62/5676 6753/62/5653
f 6752/28/5652 6782/28/5682 6783/26/5683
f 6752/28/5652 6783/26/5683 6757/26/5657
f 6742/20/5642 6741/20/5641 6784/18/5684
f 6742/20/5642 6784/18/5684 6758/18/5658
f 6759/66/5659 6785/66/5685 6781/64/5681
f 6759/66/5659 6781/64/5681 6756/64/5656
f 6754/6/5654 6779/6/5679 6786/4/5686
f 6754/6/5654 6786/4/5686 6760/4/5660
f 6755/40/5655 6772/40/5672 6775/38/5675
f 6755/40/5655 6775/38/5675 6761/38/5661
f 6757/26/5657 6783/26/5683 6787/24/5687
f 6757/26/5657 6787/24/5687 6745/24/5645
f 6758/18/5658 6784/18/5684 6788/16/5688
f 6758/18/5658 6788/16/5688 6762/16/5662
f 6760/4/5660 6786/4/5686 6789/1/5689
f 6760/4/5660 6789/1/5689 6763/1/5663
f 6761/38/5661 6775/38/5675 6790/36/5690
f 6761/38/5661 6790/36/5690 6764/36/5664
f 6765/46/5665 6791/46/5691 6792/44/5692
f 6765/46/5665 6792/44/5692 6749/44/5649
f 6762/16/5662 6788/16/5688 6793/14/5693
f 6762/16/5662 6793/14/5693 6766/14/5666
f 6767/48/5667 6794/48/5694 6791/46/5691
f 6767/48/5667 6791/46/5691 6765/46/5665
f 6764/36/5664 6790/36/5690 6795/34/5695
f 6764/36/5664 6795/34/5695 6768/34/5668
f 6769/50/5669 6796/50/5696 6794/48/5694
f 6769/50/5669 6794/48/5694 6767/48/5667
f 6766/14/5666 6793/14/5693 6797/12/5697
f 6766/14/5666 6797/12/5697 6770/12/5670
f 6771/52/5671 6798/52/5698 6796/50/5696
f 6771/52/5671 6796/50/5696 6769/50/5669
f 6768/34/5668 6795/34/5695 6799/32/5699
f 6768/34/5668 6799/32/5699 6743/32/5643
f 6708/54/5608 6800/54/5700 6798/52/5698
f 6708/54/5608 6798/52/5698 6771/52/5671
f 6770/12/5670 6797/12/5697 6801/10/5701
f 6770/12/5670 6801/10/5701 6747/10/5647
f 6707/56/5607 6802/56/5702 6800/54/5700
f 6707/56/5607 6800/54/5700 6708/54/5608
f 6743/32/5643 6799/32/5699 6803/30/5703
f 6743/32/5643 6803/30/5703 6744/30/5644
f 6745/24/5645 6787/24/5687 6740/22/5640
f 6745/24/5645 6740/22/5640 6739/22/5639
f 6746/58/5646 6804/58/5704 6802/56/5702
f 6746/58/5646 6802/56/5702 6707/56/5607
f 6747/10/5647 6801/10/5701 6778/8/5678
f 6747/10/5647 6778/8/5678 6748/8/5648
f 6749/44/5649 6792/44/5692 6780/42/5680
f 6749/44/5649 6780/42/5680 6750/42/5650
f 6751/60/5651 6777/60/5677 6804/58/5704
f 6751/60/5651 6804/58/5704 6746/58/5646
f 6744/30/5644 6803/30/5703 6782/28/5682
f 6744/30/5644 6782/28/5682 6752/28/5652
f 6783/26/5683 6837/26/5705 6838/24/5706
f 6783/26/5683 6838/24/5706 6787/24/5687
f 6784/18/5684 6839/18/5707 6840/16/5708
f 6784/18/5684 6840/16/5708 6788/16/5688
f 6786/4/5686 6841/4/5709 6842/1/5710
f 6786/4/5686 6842/1/5710 6789/1/5689
f 6775/38/5675 6774/38/5674 6843/36/5711
f 6775/38/5675 6843/36/5711 6790/36/5690
f 6791/46/5691 6844/46/5712 6845/44/5713
f 6791/46/5691 6845/44/5713 6792/44/5692
f 6788/16/5688 6840/16/5708 6846/14/5714
f 6788/16/5688 6846/14/5714 6793/14/5693
f 6794/48/5694 6847/48/5715 6844/46/5712
f 6794/48/5694 6844/46/5712 6791/46/5691
f 6790/36/5690 6843/36/5711 6848/34/5716
f 6790/36/5690 6848/34/5716 6795/34/5695
f 6796/50/5696 6849/50/5717 6847/48/5715
f 6796/50/5696 6847/48/5715 6794/48/5694
f 6793/14/5693 6846/14/5714 6850/12/5718
f 6793/14/5693 6850/12/5718 6797/12/5697
f 6798/52/5698 6851/52/5719 6849/50/5717
f 6798/52/5698 6849/50/5717 6796/50/5696
f 6795/34/5695 6848/34/5716 6852/32/5720
f 6795/34/5695 6852/32/5720 6799/32/5699
f 6800/54/5700 6853/54/5721 6851/52/5719
f 6800/54/5700 6851/52/5719 6798/52/5698
f 6797/12/5697 6850/12/5718 6854/10/5722
f 6797/12/5697 6854/10/5722 6801/10/5701
f 6802/56/5702 6855/56/5723 6853/54/5721
f 6802/56/5702 6853/54/5721 6800/54/5700
f 6799/32/5699 6852/32/5720 6856/30/5724
f 6799/32/5699 6856/30/5724 6803/30/5703
f 6787/24/5687 6838/24/5706 6857/22/5725
f 6787/24/5687 6857/22/5725 6740/22/5640
f 6804/58/5704 6858/58/5726 6855/56/5723
f 6804/58/5704 6855/56/5723 6802/56/5702
f 6801/10/5701 6854/10/5722 6859/8/5727
f 6801/10/5701 6859/8/5727 6778/8/5678
f 6792/44/5692 6845/44/5713 6860/42/5728
f 6792/44/5692 6860/42/5728 6780/42/5680
f 6777/60/5677 6861/60/5729 6858/58/5726
f 6777/60/5677 6858/58/5726 6804/58/5704
f 6803/30/5703 6856/30/5724 6862/28/5730
f 6803/30/5703 6862/28/5730 6782/28/5682
f 6740/22/5640 6857/22/5725 6863/20/5731
f 6740/22/5640 6863/20/5731 6741/20/5641
f 6776/62/5676 6864/62/5732 6861/60/5729
f 6776/62/5676 6861/60/5729 6777/60/5677
f 6778/8/5678 6859/8/5727 6865/6/5733
f 6778/8/5678 6865/6/5733 6779/6/5679
f 6780/42/5680 6860/42/5728 6773/40/5673
f 6780/42/5680 6773/40/5673 6772/40/5672
f 6781/64/5681 6866/64/5734 6864/62/5732
f 6781/64/5681 6864/62/5732 6776/62/5676
f 6782/28/5682 6862/28/5730 6837/26/5705
f 6782/28/5682 6837/26/5705 6783/26/5683
f 6741/20/5641 6863/20/5731 6839/18/5707
f 6741/20/5641 6839/18/5707 6784/18/5684
f 6785/66/5685 6867/66/5735 6866/64/5734
f 6785/66/5685 6866/64/5734 6781/64/5681
f 6779/6/5679 6865/6/5733 6841/4/5709
f 6779/6/5679 6841/4/5709 6786/4/5686
s 10
f 511/67/5736 509/68/5737 510/69/5738
f 509/68/5737 511/67/5736 512/70/5739
f 509/68/5737 512/70/5739 540/71/5740
f 540/71/5740 512/70/5739 513/72/5741
f 540/71/5740 513/72/5741 539/73/5742
f 539/73/5742 513/72/5741 514/74/5743
f 539/73/5742 514/74/5743 538/75/5744
f 538/75/5744 514/74/5743 515/76/5745
f 538/75/5744 515/76/5745 537/77/5746
f 537/77/5746 515/76/5745 516/78/5747
f 537/77/5746 516/78/5747 536/79/5748
f 536/79/5748 516/78/5747 517/80/5749
f 536/79/5748 517/80/5749 535/81/5750
f 535/81/5750 517/80/5749 518/82/5751
f 535/81/5750 518/82/5751 534/83/5752
f 534/83/5752 518/82/5751 519/84/5753
f 534/83/5752 519/84/5753 533/85/5754
f 533/85/5754 519/84/5753 520/86/5755
f 533/85/5754 520/86/5755 532/87/5756
f 532/87/5756 520/86/5755 521/88/5757
f 532/87/5756 521/88/5757 531/89/5758
f 531/89/5758 521/88/5757 522/90/5759
f 531/89/5758 522/90/5759 530/91/5760
f 530/91/5760 522/90/5759 523/92/5761
f 530/91/5760 523/92/5761 529/93/5762
f 529/93/5762 523/92/5761 524/94/5763
f 529/93/5762 524/94/5763 528/95/5764
f 528/95/5764 524/94/5763 525/96/5765
f 528/95/5764 525/96/5765 527/97/5766
f 527/97/5766 525/96/5765 526/98/5767
s 11
f 542/99/5768 572/100/5769 541/101/5770
f 572/100/5769 542/99/5768 571/102/5771
f 571/102/5771 542/99/5768 543/103/5772
f 571/102/5771 543/103/5772 570/104/5773
f 570/104/5773 543/103/5772 544/105/5774
f 570/104/5773 544/105/5774 569/106/5775
f 569/106/5775 544/105/5774 545/107/5776
f 569/106/5775 545/107/5776 568/108/5777
f 568/108/5777 545/107/5776 546/109/5778
f 568/108/5777 546/109/5778 567/110/5779
f 567/110/5779 546/109/5778 547/111/5780
f 567/110/5779 547/111/5780 566/112/5781
f 566/112/5781 547/111/5780 548/113/5782
f 566/112/5781 548/113/5782 565/114/5783
f 565/114/5783 548/113/5782 549/115/5784
f 565/114/5783 549/115/5784 564/116/5785
f 564/116/5785 549/115/5784 550/117/5786
f 564/116/5785 550/117/5786 563/118/5787
f 563/118/5787 550/117/5786 551/119/5788
f 563/118/5787 551/119/5788 562/120/5789
f 562/120/5789 551/119/5788 552/121/5790
f 562/120/5789 552/121/5790 561/122/5791
f 561/122/5791 552/121/5790 553/123/5792
f 561/122/5791 553/123/5792 560/124/5793
f 560/124/5793 553/123/5792 554/125/5794
f 560/124/5793 554/125/5794 559/126/5795
f 559/126/5795 554/125/5794 555/127/5796
f 559/126/5795 555/127/5796 558/128/5797
f 558/128/5797 555/127/5796 556/129/5798
f 558/128/5797 556/129/5798 557/130/5799
s 12
f 6828/131/5800 6826/131/5801 6827/131/5802
f 6826/131/5801 6828/131/5800 6825/131/5803
f 6825/131/5803 6828/131/5800 6829/131/5804
f 6825/131/5803 6829/131/5804 6824/131/5805
f 6824/131/5805 6829/131/5804 6830/131/5806
f 6824/131/5805 6830/131/5806 6823/131/5807
f 6823/131/5807 6830/131/5806 6831/131/5808
f 6823/131/5807 6831/131/5808 6822/131/5809
f 6822/131/5809 6831/131/5808 6832/131/5810
f 6822/131/5809 6832/131/5810 6821/131/5811
f 6821/131/5811 6832/131/5810 6833/131/5812
f 6821/131/5811 6833/131/5812 6820/131/5813
f 6820/131/5813 6833/131/5812 6834/131/5814
f 6820/131/5813 6834/131/5814 6819/131/5815
f 6819/131/5815 6834/131/5814 6835/131/5816
f 6819/131/5815 6835/131/5816 6818/131/5817
f 6818/131/5817 6835/131/5816 6836/131/5818
f 6818/131/5817 6836/131/5818 6817/131/5819
f 6817/131/5819 6836/131/5818 6805/131/5820
f 6817/131/5819 6805/131/5820 6816/131/5821
f 6816/131/5821 6805/131/5820 6806/131/5822
f 6816/131/5821 6806/131/5822 6815/131/5823
f 6815/131/5823 6806/131/5822 6807/131/5824
f 6815/131/5823 6807/131/5824 6814/131/5825
f 6814/131/5825 6807/131/5824 6808/131/5826
f 6814/131/5825 6808/131/5826 6813/131/5827
f 6813/131/5827 6808/131/5826 6809/131/5828
f 6813/131/5827 6809/131/5828 6810/131/5829
f 6813/131/5827 6810/131/5829 6812/131/5711
f 6812/131/5711 6810/131/5829 6811/131/5830
s 1
f 643/17/73 218/15/102 213/17/74
f 217/41/104 195/43/103 193/39/157
f 698/45/388 694/41/383 641/39/356
f 193/39/157 195/43/103 644/45/333
