# Blender 4.4.3
# www.blender.org
mtllib Puerta_reja_derecha.mtl
g Object_49_Malla
v 13.230000 3.285655 0.097549
v 13.230000 4.334344 0.097549
v 13.209175 4.334344 0.095674
v 13.209175 3.285655 0.095674
v 13.189151 4.334344 0.090123
v 13.189151 3.285655 0.090123
v 13.170696 4.334344 0.081109
v 13.170696 3.285655 0.081109
v 13.154520 4.334344 0.068977
v 13.154520 3.285655 0.068977
v 13.141245 4.334344 0.054195
v 13.141245 3.285655 0.054195
v 13.131381 4.334344 0.037330
v 13.131381 3.285655 0.037330
v 13.125307 4.334344 0.019031
v 13.125307 3.285655 0.019031
v 13.123256 4.334344 0.000000
v 13.123256 3.285655 0.000000
v 13.125307 4.334344 -0.019031
v 13.125307 3.285655 -0.019031
v 13.131381 4.334344 -0.037330
v 13.131381 3.285655 -0.037330
v 13.141245 4.334344 -0.054195
v 13.141245 3.285655 -0.054195
v 13.154520 4.334344 -0.068977
v 13.154520 3.285655 -0.068977
v 13.170696 4.334344 -0.081109
v 13.170696 3.285655 -0.081109
v 13.189151 4.334344 -0.090123
v 13.189151 3.285655 -0.090123
v 13.209175 4.334344 -0.095674
v 13.209175 3.285655 -0.095674
v 13.230000 4.334344 -0.097549
v 13.230000 3.285655 -0.097549
v 13.250826 4.334344 -0.095674
v 13.250826 3.285655 -0.095674
v 13.270850 4.334344 -0.090123
v 13.270850 3.285655 -0.090123
v 13.289305 4.334344 -0.081109
v 13.289305 3.285655 -0.081109
v 13.305481 4.334344 -0.068977
v 13.305481 3.285655 -0.068977
v 13.318756 4.334344 -0.054195
v 13.318756 3.285655 -0.054195
v 13.328620 4.334344 -0.037330
v 13.328620 3.285655 -0.037330
v 13.334695 4.334344 -0.019031
v 13.334695 3.285655 -0.019031
v 13.336745 4.334344 0.000000
v 13.336745 3.285655 0.000000
v 13.334695 4.334344 0.019031
v 13.334695 3.285655 0.019031
v 13.328620 4.334344 0.037330
v 13.328620 3.285655 0.037330
v 13.318756 4.334344 0.054195
v 13.318756 3.285655 0.054195
v 13.305481 4.334344 0.068977
v 13.305481 3.285655 0.068977
v 13.289305 4.334344 0.081109
v 13.289305 3.285655 0.081109
v 13.270850 4.334344 0.090123
v 13.270850 3.285655 0.090123
v 13.189159 9.679624 0.090123
v 13.170705 9.679624 0.081109
v 13.250825 4.334344 0.095674
v 13.250825 3.285655 0.095674
v 13.230000 4.334344 0.097549
v 13.230000 3.285655 0.097549
v 13.123256 3.252384 0.000000
v 13.125307 3.252384 0.019031
v 13.125316 9.679624 0.019031
v 13.131390 9.679624 0.037330
v 13.131442 13.152102 0.037330
v 13.125367 13.152102 0.019031
v 13.141254 9.679624 -0.054195
v 13.154530 9.679624 -0.068977
v 13.305490 9.679624 -0.068977
v 13.318765 9.679624 -0.054195
v 13.289313 9.679624 0.081109
v 13.270859 9.679624 0.090123
v 13.123264 9.679624 0.000000
v 13.230009 9.679624 -0.097549
v 13.250834 9.679624 -0.095674
v 13.334703 9.679624 0.019031
v 13.328629 9.679624 0.037330
v 13.154530 9.679624 0.068977
v 13.170705 9.679624 -0.081109
v 13.328629 9.679624 -0.037330
v 13.250834 9.679624 0.095674
v 13.125316 9.679624 -0.019031
v 13.270859 9.679624 -0.090123
v 13.318765 9.679624 0.054195
v 13.141254 9.679624 0.054195
v 13.189159 9.679624 -0.090123
v 13.334703 9.679624 -0.019031
v 13.230009 9.679624 0.097549
v 13.209185 9.679624 0.095674
v 13.230009 9.679624 0.097549
v 13.131390 9.679624 -0.037330
v 13.289313 9.679624 -0.081109
v 13.305490 9.679624 0.068977
v 13.209185 9.679624 -0.095674
v 13.336754 9.679624 0.000000
v 13.131442 13.152102 -0.037330
v 13.125367 13.152102 -0.019031
v 13.125370 13.349897 -0.019031
v 13.131445 13.349897 -0.037330
v 13.305542 13.152102 -0.068977
v 13.318817 13.152102 -0.054195
v 13.123317 13.152102 0.000000
v 13.328681 13.152102 -0.037330
v 13.334755 13.152102 -0.019031
v 13.336806 13.152102 0.000000
v 13.141306 13.152102 -0.054195
v 13.334755 13.152102 0.019031
v 13.154581 13.152102 -0.068977
v 13.328681 13.152102 0.037330
v 13.170757 13.152102 -0.081109
v 13.318816 13.152102 0.054195
v 13.189212 13.152102 -0.090123
v 13.230062 13.152102 0.097549
v 13.209236 13.152102 0.095674
v 13.305541 13.152102 0.068977
v 13.209236 13.152102 -0.095674
v 13.189212 13.152102 0.090123
v 13.289366 13.152102 0.081109
v 13.230062 13.152102 -0.097549
v 13.170757 13.152102 0.081109
v 13.270910 13.152102 0.090123
v 13.250886 13.152102 -0.095674
v 13.154581 13.152102 0.068977
v 13.250886 13.152102 0.095674
v 13.270911 13.152102 -0.090123
v 13.141306 13.152102 0.054195
v 13.230062 13.152102 0.097549
v 13.289366 13.152102 -0.081109
v 13.170759 13.349897 -0.081109
v 13.154584 13.349897 -0.068977
v 13.215518 13.454000 -0.068977
v 13.227857 13.449321 -0.081109
v 13.334758 13.349897 -0.019031
v 13.336809 13.349897 0.000000
v 13.141309 13.349897 -0.054195
v 13.334758 13.349897 0.019031
v 13.328684 13.349897 0.037330
v 13.318819 13.349897 0.054195
v 13.189215 13.349897 -0.090123
v 13.230064 13.349897 0.097549
v 13.209239 13.349897 0.095674
v 13.305544 13.349897 0.068977
v 13.209239 13.349897 -0.095674
v 13.189215 13.349897 0.090123
v 13.289369 13.349897 0.081109
v 13.230064 13.349897 -0.097549
v 13.170759 13.349897 0.081109
v 13.270913 13.349897 0.090123
v 13.250889 13.349897 -0.095674
v 13.154584 13.349897 0.068977
v 13.250889 13.349897 0.095674
v 13.270913 13.349897 -0.090123
v 13.141309 13.349897 0.054195
v 13.230064 13.349897 0.097549
v 13.289369 13.349897 -0.081109
v 13.131445 13.349897 0.037330
v 13.305544 13.349897 -0.068977
v 13.125370 13.349897 0.019031
v 13.318819 13.349897 -0.054195
v 13.123319 13.349897 0.000000
v 13.328684 13.349897 -0.037330
v 13.273094 13.432164 -0.097549
v 13.257209 13.438189 -0.095674
v 13.393660 13.524142 -0.095674
v 13.407104 13.517026 -0.097549
v 13.348321 13.403634 0.037330
v 13.340796 13.406487 0.054195
v 13.241935 13.443982 -0.090123
v 13.273094 13.432164 0.097549
v 13.257209 13.438189 0.095674
v 13.330670 13.410328 0.068977
v 13.241934 13.443982 0.090123
v 13.318331 13.415008 0.081109
v 13.227857 13.449321 0.081109
v 13.304255 13.420346 0.090123
v 13.288980 13.426139 -0.095674
v 13.215518 13.454000 0.068977
v 13.288980 13.426139 0.095674
v 13.304255 13.420346 -0.090123
v 13.205392 13.457841 0.054195
v 13.273094 13.432164 0.097549
v 13.318331 13.415008 -0.081109
v 13.197867 13.460695 0.037330
v 13.330670 13.410328 -0.068977
v 13.193233 13.462451 0.019031
v 13.340796 13.406487 -0.054195
v 13.191669 13.463045 0.000000
v 13.348321 13.403634 -0.037330
v 13.193233 13.462451 -0.019031
v 13.352955 13.401875 -0.019031
v 13.197867 13.460695 -0.037330
v 13.354519 13.401282 0.000000
v 13.205392 13.457841 -0.054195
v 13.352955 13.401875 0.019031
v 13.445389 13.496764 -0.081109
v 13.433475 13.503070 -0.090123
v 13.613935 13.589910 -0.090123
v 13.625848 13.583604 -0.081108
v 13.380732 13.530984 0.090123
v 13.368817 13.537290 0.081109
v 13.445389 13.496764 0.081109
v 13.433475 13.503070 0.090123
v 13.420547 13.509912 -0.095674
v 13.358375 13.542816 0.068977
v 13.420547 13.509912 0.095674
v 13.349804 13.547352 0.054195
v 13.407104 13.517026 0.097549
v 13.343436 13.550722 0.037330
v 13.455832 13.491238 -0.068977
v 13.339514 13.552796 0.019031
v 13.464402 13.486702 -0.054195
v 13.338190 13.553498 0.000000
v 13.470771 13.483332 -0.037330
v 13.339514 13.552796 -0.019031
v 13.474691 13.481256 -0.019031
v 13.343436 13.550722 -0.037330
v 13.476016 13.480556 0.000000
v 13.349804 13.547352 -0.054195
v 13.474691 13.481256 0.019031
v 13.358375 13.542816 -0.068977
v 13.470771 13.483332 0.037330
v 13.368817 13.537290 -0.081109
v 13.464402 13.486702 0.054195
v 13.380732 13.530984 -0.090123
v 13.407104 13.517026 0.097549
v 13.393660 13.524142 0.095674
v 13.455832 13.491238 0.068977
v 13.651230 13.570172 -0.037330
v 13.644861 13.573543 -0.054195
v 13.840269 13.697275 -0.053116
v 13.849642 13.696215 -0.036587
v 13.530264 13.634192 0.054195
v 13.523895 13.637562 0.037330
v 13.636292 13.578077 -0.068977
v 13.519974 13.639636 0.019031
v 13.518649 13.640339 0.000000
v 13.519973 13.639636 -0.019031
v 13.655151 13.568095 -0.019030
v 13.523895 13.637562 -0.037330
v 13.656475 13.567395 0.000000
v 13.530264 13.634192 -0.054195
v 13.655150 13.568095 0.019031
v 13.538834 13.629656 -0.068977
v 13.651230 13.570172 0.037331
v 13.549276 13.624129 -0.081109
v 13.644861 13.573543 0.054195
v 13.561191 13.617824 -0.090123
v 13.587563 13.603867 0.097549
v 13.574119 13.610982 0.095674
v 13.636291 13.578077 0.068978
v 13.574119 13.610982 -0.095674
v 13.561191 13.617824 0.090123
v 13.625848 13.583604 0.081109
v 13.587563 13.603867 -0.097548
v 13.549276 13.624129 0.081109
v 13.613935 13.589910 0.090123
v 13.601007 13.596752 -0.095674
v 13.538834 13.629656 0.068977
v 13.601007 13.596752 0.095674
v 13.587563 13.603867 0.097549
v 13.855415 13.695561 0.018652
v 13.857364 13.695342 0.000000
v 13.858852 13.881344 0.000001
v 13.856808 13.881278 0.019032
v 13.654496 13.718270 0.000000
v 13.656446 13.718047 -0.018652
v 13.855415 13.695561 -0.018652
v 13.662218 13.717398 -0.036587
v 13.671591 13.716336 -0.053116
v 13.684205 13.714911 -0.067604
v 13.849642 13.696215 0.036587
v 13.699575 13.713176 -0.079494
v 13.840269 13.697275 0.053116
v 13.717113 13.711193 -0.088329
v 13.755931 13.706805 0.095607
v 13.736141 13.709043 0.093770
v 13.827655 13.698701 0.067604
v 13.736141 13.709043 -0.093769
v 13.717113 13.711193 0.088329
v 13.812284 13.700437 0.079494
v 13.755931 13.706805 -0.095606
v 13.699575 13.713176 0.079494
v 13.794747 13.702419 0.088329
v 13.775719 13.704571 -0.093769
v 13.684205 13.714911 0.067604
v 13.775718 13.704570 0.093770
v 13.794747 13.702419 -0.088329
v 13.671591 13.716336 0.053116
v 13.755931 13.706805 0.095607
v 13.812284 13.700437 -0.079494
v 13.662218 13.717398 0.036587
v 13.827655 13.698701 -0.067604
v 13.656446 13.718047 0.018652
v 13.731598 13.877330 0.095675
v 13.752373 13.877984 0.097549
v 13.688244 14.112305 0.097550
v 13.668451 14.109406 0.095676
v 13.663836 13.875191 -0.054194
v 13.677078 13.875608 -0.068977
v 13.850747 13.881087 0.037331
v 13.693213 13.876119 -0.081108
v 13.840906 13.880778 0.054196
v 13.711623 13.876698 -0.090123
v 13.827665 13.880361 0.068978
v 13.731598 13.877330 -0.095674
v 13.711623 13.876698 0.090124
v 13.811529 13.879851 0.081109
v 13.752373 13.877984 -0.097548
v 13.693213 13.876119 0.081109
v 13.793120 13.879271 0.090124
v 13.773145 13.878640 -0.095674
v 13.677078 13.875608 0.068978
v 13.773146 13.878639 0.095675
v 13.793120 13.879271 -0.090122
v 13.663836 13.875191 0.054196
v 13.752373 13.877984 0.097549
v 13.811529 13.879851 -0.081108
v 13.653996 13.874882 0.037331
v 13.827665 13.880361 -0.068977
v 13.647939 13.874689 0.019031
v 13.840906 13.880778 -0.054194
v 13.645890 13.874626 0.000001
v 13.850747 13.881087 -0.037330
v 13.647939 13.874689 -0.019030
v 13.856808 13.881278 -0.019030
v 13.653996 13.874882 -0.037330
v 13.616511 14.101793 0.068979
v 13.631883 14.104047 0.081110
v 13.500454 14.285759 0.081111
v 13.486610 14.282016 0.068979
v 13.772587 14.124665 0.054196
v 13.759972 14.122816 0.068979
v 13.649422 14.106616 -0.090122
v 13.668451 14.109406 -0.095673
v 13.649422 14.106616 0.090124
v 13.744600 14.120564 0.081110
v 13.688244 14.112305 -0.097547
v 13.727062 14.117994 0.090125
v 13.708033 14.115205 -0.095673
v 13.708034 14.115204 0.095676
v 13.727062 14.117994 -0.090122
v 13.603896 14.099944 0.054196
v 13.688244 14.112305 0.097550
v 13.744600 14.120564 -0.081107
v 13.594522 14.098572 0.037332
v 13.759973 14.122816 -0.068976
v 13.588752 14.097725 0.019032
v 13.772588 14.124665 -0.054194
v 13.586800 14.097440 0.000001
v 13.781963 14.126038 -0.037329
v 13.588752 14.097725 -0.019029
v 13.787737 14.126884 -0.019029
v 13.594522 14.098572 -0.037329
v 13.789684 14.127170 0.000001
v 13.603896 14.099944 -0.054194
v 13.787737 14.126884 0.019032
v 13.616511 14.101793 -0.068976
v 13.781963 14.126038 0.037332
v 13.631883 14.104047 -0.081107
v 13.461610 14.275257 0.019033
v 13.466805 14.276663 0.037332
v 13.119442 14.537236 0.037332
v 13.115332 14.535237 0.019033
v 13.586175 14.308932 0.090125
v 13.569037 14.304298 0.095676
v 13.569036 14.304298 -0.095672
v 13.586175 14.308932 -0.090121
v 13.475249 14.278943 0.054197
v 13.551214 14.299480 0.097550
v 13.601970 14.313203 -0.081107
v 13.615814 14.316945 -0.068975
v 13.627176 14.320017 -0.054193
v 13.459850 14.274782 0.000002
v 13.635621 14.322298 -0.037328
v 13.461610 14.275257 -0.019029
v 13.640821 14.323704 -0.019029
v 13.466805 14.276663 -0.037328
v 13.642574 14.324178 0.000002
v 13.475249 14.278943 -0.054193
v 13.640821 14.323704 0.019033
v 13.486610 14.282016 -0.068975
v 13.635621 14.322298 0.037332
v 13.500454 14.285759 -0.081107
v 13.627176 14.320017 0.054197
v 13.516251 14.290029 -0.090121
v 13.551214 14.299480 0.097550
v 13.533388 14.294662 0.095676
v 13.615814 14.316945 0.068979
v 13.533388 14.294662 -0.095672
v 13.516251 14.290029 0.090125
v 13.601970 14.313203 0.081111
v 13.551214 14.299480 -0.097547
v 13.119442 14.537236 -0.037328
v 13.115332 14.535237 -0.019029
v 12.640284 14.774478 -0.019028
v 12.644394 14.776477 -0.037328
v 13.237371 14.594537 -0.068975
v 13.246364 14.598906 -0.054193
v 13.113939 14.534561 0.000002
v 13.253048 14.602151 -0.037328
v 13.257163 14.604152 -0.019029
v 13.258551 14.604825 0.000002
v 13.126127 14.540482 -0.054193
v 13.257163 14.604152 0.019033
v 13.135118 14.544851 -0.068975
v 13.253048 14.602151 0.037332
v 13.146072 14.550176 -0.081107
v 13.246364 14.598906 0.054197
v 13.158575 14.556250 -0.090121
v 13.186246 14.569694 0.097551
v 13.172138 14.562840 0.095676
v 13.237371 14.594537 0.068979
v 13.172138 14.562840 -0.095672
v 13.158576 14.556250 0.090125
v 13.226415 14.589212 0.081111
v 13.186247 14.569694 -0.097547
v 13.146072 14.550176 0.081111
v 13.213915 14.583139 0.090125
v 13.200352 14.576548 -0.095672
v 13.135118 14.544851 0.068979
v 13.200353 14.576548 0.095676
v 13.213915 14.583139 -0.090121
v 13.126127 14.540482 0.054197
v 13.186246 14.569694 0.097551
v 13.226415 14.589212 -0.081107
v 12.671024 14.789416 -0.081106
v 12.660069 14.784092 -0.068975
v 12.230902 14.963472 -0.068975
v 12.237297 14.970119 -0.081106
v 12.782115 14.843392 -0.019028
v 12.783503 14.844067 0.000002
v 12.651079 14.779722 -0.054193
v 12.782115 14.843392 0.019033
v 12.778000 14.841392 0.037333
v 12.771316 14.838146 0.054197
v 12.683528 14.795490 -0.090121
v 12.711199 14.808934 0.097551
v 12.697090 14.802081 0.095677
v 12.762323 14.833777 0.068980
v 12.697090 14.802081 -0.095672
v 12.683528 14.795490 0.090125
v 12.751367 14.828454 0.081111
v 12.711199 14.808934 -0.097546
v 12.671024 14.789416 0.081111
v 12.738867 14.822380 0.090126
v 12.725304 14.815788 -0.095672
v 12.660069 14.784092 0.068980
v 12.725305 14.815788 0.095677
v 12.738867 14.822380 -0.090121
v 12.651079 14.779722 0.054197
v 12.711199 14.808934 0.097551
v 12.751367 14.828454 -0.081106
v 12.644394 14.776477 0.037333
v 12.762323 14.833777 -0.068975
v 12.640284 14.774478 0.019033
v 12.771316 14.838146 -0.054193
v 12.638891 14.773802 0.000002
v 12.778000 14.841392 -0.037328
v 12.260757 14.994488 -0.097546
v 12.252518 14.985930 -0.095672
v 11.695383 15.083397 -0.079284
v 11.695262 15.091118 -0.080837
v 12.299767 15.035011 0.037333
v 12.295860 15.030958 0.054198
v 12.244599 14.977703 -0.090121
v 12.260757 14.994488 0.097551
v 12.252518 14.985930 0.095677
v 12.290610 15.025503 0.068980
v 12.244599 14.977703 0.090126
v 12.284212 15.018856 0.081111
v 12.237297 14.970119 0.081111
v 12.276913 15.011273 0.090126
v 12.268993 15.003044 -0.095672
v 12.230902 14.963472 0.068980
v 12.268995 15.003044 0.095677
v 12.276913 15.011273 -0.090121
v 12.225652 14.958016 0.054198
v 12.260757 14.994488 0.097551
v 12.284212 15.018856 -0.081106
v 12.221746 14.953964 0.037333
v 12.290610 15.025503 -0.068975
v 12.219347 14.951468 0.019033
v 12.295860 15.030958 -0.054192
v 12.218534 14.950624 0.000003
v 12.299767 15.035011 -0.037328
v 12.219347 14.951468 -0.019028
v 12.302168 15.037508 -0.019028
v 12.221746 14.953964 -0.037328
v 12.302979 15.038349 0.000003
v 12.225652 14.958016 -0.054192
v 12.302168 15.037508 0.019033
v 11.694909 15.113106 -0.067213
v 11.695019 15.106262 -0.074684
v 11.051955 15.019176 -0.085646
v 11.042634 15.025823 -0.077079
v 11.695501 15.075974 0.074690
v 11.695610 15.069131 0.067219
v 11.694909 15.113106 0.067219
v 11.695019 15.106262 0.074690
v 11.695139 15.098839 -0.079284
v 11.695707 15.063134 0.057166
v 11.695140 15.098839 0.079290
v 11.695786 15.058212 0.044915
v 11.695262 15.091118 0.080843
v 11.695841 15.054556 0.030939
v 11.694815 15.119103 -0.057160
v 11.695880 15.052303 0.015774
v 11.694734 15.124025 -0.044910
v 11.695891 15.051541 0.000003
v 11.694679 15.127683 -0.030933
v 11.695880 15.052303 -0.015768
v 11.694643 15.129935 -0.015768
v 11.695841 15.054556 -0.030933
v 11.694631 15.130695 0.000003
v 11.695786 15.058212 -0.044910
v 11.694643 15.129935 0.015774
v 11.695707 15.063134 -0.057160
v 11.694679 15.127683 0.030939
v 11.695610 15.069131 -0.067213
v 11.694734 15.124025 0.044915
v 11.695501 15.075974 -0.074684
v 11.695262 15.091118 0.080843
v 11.695383 15.083397 0.079290
v 11.694815 15.119103 0.057166
v 11.022779 15.039985 -0.035474
v 11.027758 15.036430 -0.051502
v 10.496891 14.883394 -0.051501
v 10.489058 14.885698 -0.035474
v 11.117410 14.972496 0.051508
v 11.122387 14.968943 0.035481
v 11.034464 15.031649 -0.065550
v 11.125458 14.966756 0.018090
v 11.126495 14.966015 0.000003
v 11.125458 14.966756 -0.018083
v 11.019711 15.042172 -0.018083
v 11.122387 14.968943 -0.035474
v 11.018675 15.042912 0.000003
v 11.117410 14.972496 -0.051502
v 11.019711 15.042172 0.018090
v 11.110705 14.977277 -0.065550
v 11.022779 15.039985 0.035481
v 11.102535 14.983101 -0.077079
v 11.027758 15.036430 0.051508
v 11.093213 14.989750 -0.085646
v 11.072587 15.004462 0.092710
v 11.083102 14.996962 0.090929
v 11.034464 15.031649 0.065557
v 11.083102 14.996962 -0.090922
v 11.093213 14.989750 0.085653
v 11.042634 15.025823 0.077086
v 11.072587 15.004462 -0.092703
v 11.102535 14.983101 0.077086
v 11.051955 15.019176 0.085653
v 11.062069 15.011964 -0.090922
v 11.110705 14.977277 0.065557
v 11.062070 15.011964 0.090929
v 11.072587 15.004462 0.092710
v 10.484232 14.887117 0.018090
v 10.482602 14.887596 0.000004
v 10.068649 14.643500 0.000004
v 10.070278 14.643022 0.018090
v 10.652191 14.837762 0.000004
v 10.650558 14.838242 -0.018083
v 10.484232 14.887117 -0.018082
v 10.645731 14.839659 -0.035474
v 10.637899 14.841963 -0.051501
v 10.627355 14.845060 -0.065550
v 10.489058 14.885698 0.035481
v 10.614506 14.848835 -0.077079
v 10.496891 14.883394 0.051509
v 10.599843 14.853144 -0.085646
v 10.567399 14.862679 0.092710
v 10.583939 14.857817 0.090929
v 10.507439 14.880296 0.065557
v 10.583939 14.857817 -0.090922
v 10.599844 14.853144 0.085653
v 10.520288 14.876521 0.077086
v 10.567399 14.862679 -0.092703
v 10.614506 14.848835 0.077086
v 10.534949 14.872212 0.085653
v 10.550856 14.867539 -0.090922
v 10.627355 14.845060 0.065557
v 10.550857 14.867539 0.090929
v 10.534949 14.872212 -0.085646
v 10.637899 14.841963 0.051509
v 10.567399 14.862679 0.092710
v 10.520288 14.876521 -0.077079
v 10.645731 14.839659 0.035481
v 10.507439 14.880296 -0.065550
v 10.650558 14.838242 0.018090
v 10.093486 14.636201 0.065557
v 10.082938 14.639299 0.051509
v 9.654343 14.240752 0.051510
v 9.666755 14.239738 0.065558
v 10.223946 14.597868 -0.051501
v 10.213401 14.600965 -0.065549
v 10.075104 14.641603 0.035481
v 10.200553 14.604739 -0.077079
v 10.185890 14.609048 -0.085646
v 10.153445 14.618583 0.092710
v 10.169986 14.613722 0.090929
v 10.169986 14.613722 -0.090921
v 10.185890 14.609048 0.085654
v 10.106335 14.632425 0.077087
v 10.153445 14.618583 -0.092703
v 10.200553 14.604739 0.077087
v 10.120996 14.628117 0.085654
v 10.136903 14.623445 -0.090921
v 10.213401 14.600965 0.065557
v 10.136904 14.623445 0.090929
v 10.120996 14.628117 -0.085646
v 10.223946 14.597868 0.051509
v 10.153445 14.618583 0.092710
v 10.106335 14.632425 -0.077079
v 10.231777 14.595564 0.035481
v 10.093486 14.636201 -0.065549
v 10.236605 14.594147 0.018090
v 10.082938 14.639299 -0.051501
v 10.238237 14.593666 0.000004
v 10.075104 14.641603 -0.035473
v 10.236605 14.594147 -0.018082
v 10.070278 14.643022 -0.018082
v 10.231777 14.595564 -0.035473
v 9.717853 14.235561 0.090930
v 9.699132 14.237091 0.085654
v 9.537001 13.994125 0.085654
v 9.555878 13.993050 0.090929
v 9.775507 14.230847 -0.085645
v 9.756789 14.232377 -0.090921
v 9.756789 14.232377 0.090930
v 9.775507 14.230847 0.085654
v 9.681877 14.238502 0.077087
v 9.737322 14.233970 -0.092702
v 9.792764 14.229436 0.077087
v 9.717852 14.235561 -0.090921
v 9.807884 14.228201 0.065558
v 9.699132 14.237091 -0.085645
v 9.820294 14.227187 0.051509
v 9.737322 14.233970 0.092711
v 9.681877 14.238502 -0.077078
v 9.829514 14.226431 0.035482
v 9.666755 14.239738 -0.065549
v 9.835194 14.225967 0.018091
v 9.654343 14.240752 -0.051500
v 9.837116 14.225811 0.000004
v 9.645121 14.241508 -0.035473
v 9.835194 14.225967 -0.018082
v 9.639441 14.241972 -0.018082
v 9.829514 14.226431 -0.035473
v 9.637523 14.242129 0.000005
v 9.820294 14.227187 -0.051500
v 9.639441 14.241972 0.018091
v 9.807884 14.228201 -0.065549
v 9.645121 14.241508 0.035482
v 9.792764 14.229436 -0.077078
v 9.737322 14.233970 0.092711
v 9.491836 13.996705 -0.051501
v 9.504352 13.995990 -0.065549
v 9.437859 13.747866 -0.065549
v 9.425543 13.746639 -0.051501
v 9.555877 13.993050 -0.090921
v 9.537001 13.994125 -0.085645
v 9.646664 13.987864 0.065558
v 9.659177 13.987151 0.051509
v 9.575510 13.991927 0.092711
v 9.519600 13.995120 -0.077078
v 9.668474 13.986618 0.035482
v 9.674202 13.986292 0.018090
v 9.676141 13.986182 0.000004
v 9.482535 13.997237 -0.035473
v 9.674202 13.986292 -0.018082
v 9.476809 13.997565 -0.018082
v 9.668474 13.986618 -0.035473
v 9.474874 13.997675 0.000004
v 9.659177 13.987151 -0.051501
v 9.476809 13.997565 0.018091
v 9.646664 13.987864 -0.065549
v 9.482535 13.997237 0.035482
v 9.631416 13.988735 -0.077078
v 9.491836 13.996705 0.051509
v 9.614016 13.989729 -0.085645
v 9.575510 13.991927 0.092711
v 9.595140 13.990807 0.090929
v 9.504352 13.995990 0.065558
v 9.595140 13.990807 -0.090921
v 9.614016 13.989729 0.085654
v 9.519600 13.995120 0.077087
v 9.575510 13.991927 -0.092702
v 9.631416 13.988735 0.077087
v 9.408853 13.744978 0.000004
v 9.410755 13.745168 -0.018082
v 9.474603 13.661255 -0.018082
v 9.473286 13.660612 0.000004
v 9.604989 13.764524 0.018090
v 9.606897 13.764716 0.000004
v 9.416391 13.745728 -0.035473
v 9.604989 13.764524 -0.018082
v 9.599355 13.763963 -0.035473
v 9.590204 13.763053 -0.051501
v 9.410755 13.745168 0.018090
v 9.577892 13.761825 -0.065549
v 9.416391 13.745728 0.035482
v 9.562889 13.760329 -0.077078
v 9.425543 13.746639 0.051509
v 9.545766 13.758623 -0.085645
v 9.507877 13.754846 0.092711
v 9.527193 13.756771 0.090929
v 9.437859 13.747866 0.065558
v 9.527193 13.756771 -0.090921
v 9.545767 13.758623 0.085654
v 9.452863 13.749362 0.077087
v 9.507877 13.754846 -0.092702
v 9.562889 13.760329 0.077087
v 9.469985 13.751068 0.085654
v 9.488558 13.752922 -0.090921
v 9.577892 13.761825 0.065558
v 9.488559 13.752922 0.090929
v 9.469985 13.751068 -0.085645
v 9.590204 13.763053 0.051509
v 9.507877 13.754846 0.092711
v 9.452863 13.749362 -0.077078
v 9.599355 13.763963 0.035481
v 9.484853 13.666245 0.051509
v 9.478511 13.663156 0.035482
v 9.743192 13.527211 0.035481
v 9.751817 13.528856 0.051509
v 9.605286 13.724931 -0.035473
v 9.598942 13.721842 -0.051501
v 9.474603 13.661255 0.018091
v 9.590412 13.717685 -0.065549
v 9.580017 13.712619 -0.077078
v 9.568151 13.706839 -0.085645
v 9.541901 13.694045 0.092711
v 9.555285 13.700567 0.090929
v 9.493387 13.670403 0.065558
v 9.555285 13.700567 -0.090921
v 9.568152 13.706839 0.085654
v 9.503782 13.675470 0.077087
v 9.541901 13.694045 -0.092702
v 9.580017 13.712619 0.077087
v 9.515646 13.681251 0.085654
v 9.528513 13.687524 -0.090921
v 9.590412 13.717685 0.065558
v 9.528513 13.687524 0.090929
v 9.515646 13.681251 -0.085645
v 9.598942 13.721842 0.051509
v 9.541901 13.694045 0.092711
v 9.503782 13.675470 -0.077078
v 9.605286 13.724931 0.035481
v 9.493387 13.670403 -0.065549
v 9.609189 13.726832 0.018090
v 9.484853 13.666245 -0.051501
v 9.610510 13.727478 0.000004
v 9.478511 13.663156 -0.035473
v 9.609189 13.726832 -0.018082
v 9.881235 13.553570 0.077086
v 9.865101 13.550489 0.085653
v 10.077288 13.324910 0.085653
v 10.094825 13.325091 0.077086
v 9.881235 13.553570 -0.077079
v 9.865100 13.550489 -0.085646
v 9.829398 13.543672 0.092710
v 9.847600 13.547148 0.090929
v 9.763422 13.531073 0.065557
v 9.847600 13.547148 -0.090921
v 9.777559 13.533773 0.077087
v 9.829398 13.543672 -0.092703
v 9.793694 13.536853 0.085654
v 9.811194 13.540196 -0.090921
v 9.895372 13.556270 0.065557
v 9.811194 13.540196 0.090929
v 9.793694 13.536853 -0.085646
v 9.906973 13.558486 0.051509
v 9.829398 13.543672 0.092710
v 9.777559 13.533773 -0.077079
v 9.915596 13.560130 0.035481
v 9.763422 13.531073 -0.065549
v 9.920905 13.561144 0.018090
v 9.751817 13.528856 -0.051501
v 9.922703 13.561488 0.000004
v 9.743192 13.527211 -0.035473
v 9.920905 13.561144 -0.018082
v 9.737881 13.526199 -0.018082
v 9.915596 13.560130 -0.035473
v 9.736088 13.525856 0.000004
v 9.906973 13.558486 -0.051501
v 9.737881 13.526199 0.018090
v 9.895372 13.556270 -0.065549
v 10.132174 13.325476 0.035481
v 10.122803 13.325381 0.051508
v 10.132353 13.140200 0.051508
v 10.141726 13.140206 0.035481
v 9.982132 13.323924 0.077086
v 9.999668 13.324106 0.085653
v 10.038480 13.324509 -0.092703
v 10.018693 13.324305 -0.090922
v 10.110191 13.325250 0.065557
v 10.018693 13.324305 0.090929
v 9.999668 13.324106 -0.085646
v 10.038480 13.324509 0.092710
v 9.982132 13.323924 -0.077079
v 9.966763 13.323766 -0.065550
v 10.137945 13.325537 0.018090
v 9.954148 13.323634 -0.051501
v 10.139899 13.325558 0.000004
v 9.944776 13.323540 -0.035474
v 10.137945 13.325537 -0.018083
v 9.939004 13.323482 -0.018082
v 10.132174 13.325476 -0.035474
v 9.937055 13.323461 0.000004
v 10.122803 13.325381 -0.051501
v 9.939004 13.323482 0.018090
v 10.110191 13.325250 -0.065550
v 9.944776 13.323540 0.035481
v 10.094825 13.325091 -0.077079
v 9.954148 13.323634 0.051509
v 10.077288 13.324910 -0.085646
v 10.038480 13.324509 0.092710
v 10.058264 13.324713 0.090929
v 9.966763 13.323766 0.065557
v 10.058264 13.324713 -0.090922
v 10.147499 13.140215 -0.018083
v 10.149454 13.140218 0.000004
v 10.158301 11.573224 0.000004
v 10.156346 11.573221 -0.018083
v 9.991644 13.140038 -0.077079
v 9.976273 13.140019 -0.065550
v 10.147499 13.140215 0.018090
v 9.963654 13.140004 -0.051501
v 9.954278 13.139997 -0.035474
v 9.948505 13.139992 -0.018082
v 10.141726 13.140206 -0.035474
v 9.946555 13.139989 0.000004
v 10.132353 13.140200 -0.051501
v 9.948505 13.139992 0.018090
v 10.119739 13.140183 -0.065550
v 9.954278 13.139997 0.035481
v 10.104367 13.140166 -0.077079
v 9.963654 13.140004 0.051509
v 10.086825 13.140147 -0.085646
v 10.048008 13.140102 0.092710
v 10.067797 13.140124 0.090929
v 9.976273 13.140019 0.065557
v 10.067797 13.140124 -0.090922
v 10.086825 13.140147 0.085653
v 9.991644 13.140038 0.077086
v 10.048008 13.140102 -0.092703
v 10.104367 13.140166 0.077086
v 10.009186 13.140058 0.085653
v 10.028215 13.140080 -0.090922
v 10.119739 13.140183 0.065557
v 10.028215 13.140080 0.090929
v 10.009186 13.140058 -0.085646
v 10.048008 13.140102 0.092710
v 10.156346 11.573221 0.018090
v 10.169841 9.192818 0.018090
v 10.171796 9.192821 0.000004
v 9.963125 11.573004 -0.035474
v 9.957353 11.572998 -0.018082
v 10.150574 11.573214 -0.035474
v 9.955402 11.572995 0.000004
v 10.141200 11.573207 -0.051501
v 9.957353 11.572998 0.018090
v 10.128586 11.573191 -0.065550
v 9.963125 11.573004 0.035481
v 10.113214 11.573174 -0.077079
v 9.972502 11.573011 0.051509
v 10.095673 11.573154 -0.085646
v 10.056855 11.573110 0.092710
v 10.076645 11.573132 0.090929
v 9.985120 11.573027 0.065557
v 10.076645 11.573132 -0.090922
v 10.095673 11.573154 0.085653
v 10.000492 11.573045 0.077086
v 10.056855 11.573110 -0.092703
v 10.113214 11.573174 0.077086
v 10.018033 11.573065 0.085653
v 10.037063 11.573088 -0.090922
v 10.128586 11.573191 0.065557
v 10.037063 11.573088 0.090929
v 10.018033 11.573065 -0.085646
v 10.141200 11.573207 0.051508
v 10.056855 11.573110 0.092710
v 10.000492 11.573045 -0.077079
v 10.150574 11.573214 0.035481
v 9.985120 11.573027 -0.065550
v 9.972502 11.573011 -0.051501
v 10.154695 9.192802 -0.051501
v 10.164068 9.192810 -0.035474
v 10.173354 7.556625 -0.035474
v 10.163980 7.556618 -0.051501
v 9.985995 9.192608 -0.051501
v 9.976620 9.192599 -0.035474
v 10.169841 9.192818 -0.018083
v 9.970847 9.192595 -0.018082
v 10.070350 9.192706 0.092710
v 10.090139 9.192728 0.090929
v 9.968897 9.192592 0.000004
v 10.109167 9.192751 0.085653
v 9.970847 9.192595 0.018090
v 10.142080 9.192786 -0.065550
v 10.126709 9.192770 0.077086
v 9.976620 9.192599 0.035481
v 10.126709 9.192770 -0.077079
v 10.142080 9.192786 0.065557
v 9.985995 9.192608 0.051509
v 10.109167 9.192751 -0.085646
v 10.154695 9.192802 0.051508
v 9.998614 9.192622 0.065557
v 10.090139 9.192728 -0.090922
v 10.164068 9.192810 0.035481
v 10.013987 9.192640 0.077086
v 10.070350 9.192706 -0.092703
v 10.031528 9.192660 0.085653
v 10.050557 9.192683 -0.090922
v 10.050557 9.192683 0.090929
v 10.031528 9.192660 -0.085646
v 10.070350 9.192706 0.092710
v 10.013987 9.192640 -0.077079
v 9.998614 9.192622 -0.065550
v 10.118453 7.556566 -0.085646
v 10.135995 7.556585 -0.077079
v 10.144030 6.138113 -0.077079
v 10.126488 6.138094 -0.085646
v 9.978183 7.556406 0.000004
v 9.980133 7.556410 0.018090
v 10.151365 7.556602 -0.065550
v 9.985906 7.556415 0.035481
v 9.995281 7.556423 0.051509
v 10.079635 7.556520 0.092710
v 10.099424 7.556543 0.090929
v 10.007900 7.556437 0.065557
v 10.099424 7.556543 -0.090922
v 10.118453 7.556566 0.085653
v 10.023272 7.556456 0.077086
v 10.079635 7.556520 -0.092703
v 10.135995 7.556585 0.077086
v 10.040813 7.556476 0.085653
v 10.059843 7.556499 -0.090922
v 10.151365 7.556602 0.065557
v 10.059843 7.556499 0.090929
v 10.040813 7.556476 -0.085646
v 10.163980 7.556618 0.051508
v 10.079635 7.556520 0.092710
v 10.023272 7.556456 -0.077079
v 10.173354 7.556625 0.035481
v 10.007900 7.556437 -0.065550
v 10.179126 7.556633 0.018090
v 9.995281 7.556423 -0.051501
v 10.181081 7.556636 0.000004
v 9.985906 7.556415 -0.035474
v 10.179126 7.556633 -0.018083
v 9.980133 7.556410 -0.018082
v 10.067877 6.138027 -0.090922
v 10.087669 6.138049 -0.092703
v 10.097369 4.423300 -0.092703
v 10.077578 4.423278 -0.090922
v 10.087669 6.138049 0.092710
v 10.107459 6.138071 0.090929
v 10.003316 6.137951 0.051509
v 10.015934 6.137966 0.065557
v 10.107459 6.138071 -0.090922
v 10.126488 6.138094 0.085653
v 10.031306 6.137984 0.077086
v 10.144030 6.138113 0.077086
v 10.048848 6.138004 0.085653
v 10.159400 6.138130 0.065557
v 10.067878 6.138027 0.090929
v 10.048848 6.138004 -0.085646
v 10.172014 6.138146 0.051508
v 10.087669 6.138049 0.092710
v 10.031306 6.137984 -0.077079
v 10.181389 6.138153 0.035481
v 10.015934 6.137966 -0.065550
v 10.187160 6.138161 0.018090
v 10.003316 6.137951 -0.051501
v 10.189116 6.138164 0.000004
v 9.993940 6.137943 -0.035474
v 10.187160 6.138161 -0.018083
v 9.988168 6.137938 -0.018082
v 10.181389 6.138153 -0.035474
v 9.986217 6.137935 0.000004
v 10.172014 6.138146 -0.051501
v 9.988168 6.137938 0.018090
v 10.159400 6.138130 -0.065550
v 9.993940 6.137943 0.035481
v 10.025635 4.423217 -0.065550
v 10.041006 4.423234 -0.077079
v 10.045855 3.567219 -0.077079
v 10.030482 3.567201 -0.065550
v 10.153729 4.423364 0.077086
v 10.169100 4.423381 0.065557
v 10.058548 4.423254 0.085653
v 10.077578 4.423278 0.090929
v 10.058548 4.423254 -0.085646
v 10.181714 4.423397 0.051508
v 10.097369 4.423300 0.092710
v 10.191089 4.423404 0.035481
v 10.196860 4.423412 0.018090
v 10.013016 4.423202 -0.051501
v 10.198815 4.423415 0.000004
v 10.003640 4.423193 -0.035474
v 10.196860 4.423412 -0.018083
v 9.997868 4.423189 -0.018082
v 10.191089 4.423404 -0.035474
v 9.995917 4.423186 0.000004
v 10.181714 4.423397 -0.051501
v 9.997868 4.423189 0.018090
v 10.169100 4.423381 -0.065550
v 10.003640 4.423193 0.035481
v 10.153729 4.423364 -0.077079
v 10.013016 4.423202 0.051509
v 10.136188 4.423345 -0.085646
v 10.097369 4.423300 0.092710
v 10.117159 4.423322 0.090929
v 10.025635 4.423217 0.065557
v 10.117159 4.423322 -0.090922
v 10.136188 4.423345 0.085653
v 10.041006 4.423234 0.077086
v 10.002715 3.567173 -0.018082
v 10.008489 3.567178 -0.035474
v 10.010236 3.258625 -0.035474
v 10.004463 3.258620 -0.018082
v 10.195936 3.567388 0.035481
v 10.201709 3.567396 0.018090
v 10.017864 3.567186 -0.051501
v 10.203664 3.567399 0.000004
v 10.201709 3.567396 -0.018083
v 10.195936 3.567388 -0.035474
v 10.000766 3.567170 0.000004
v 10.186563 3.567381 -0.051501
v 10.002715 3.567173 0.018090
v 10.173948 3.567365 -0.065550
v 10.008489 3.567178 0.035481
v 10.158578 3.567348 -0.077079
v 10.017864 3.567186 0.051509
v 10.141035 3.567329 -0.085646
v 10.102218 3.567284 0.092710
v 10.122007 3.567306 0.090929
v 10.030482 3.567201 0.065557
v 10.122007 3.567306 -0.090922
v 10.141036 3.567329 0.085653
v 10.045855 3.567219 0.077086
v 10.102218 3.567284 -0.092703
v 10.158578 3.567348 0.077086
v 10.063396 3.567239 0.085653
v 10.082425 3.567262 -0.090922
v 10.173948 3.567365 0.065557
v 10.082426 3.567262 0.090929
v 10.063396 3.567239 -0.085646
v 10.186563 3.567381 0.051508
v 10.102218 3.567284 0.092710
v 10.205412 3.258846 0.000004
v 10.203457 3.258842 0.018090
v 10.224676 0.003283 0.018090
v 10.226631 0.003286 0.000004
v 10.203457 3.258842 -0.018083
v 10.197684 3.258835 -0.035474
v 10.002513 3.258616 0.000004
v 10.188311 3.258827 -0.051501
v 10.004463 3.258620 0.018090
v 10.175696 3.258811 -0.065550
v 10.010236 3.258625 0.035481
v 10.160325 3.258795 -0.077079
v 10.019611 3.258632 0.051509
v 10.142783 3.258775 -0.085646
v 10.103966 3.258731 0.092710
v 10.123755 3.258753 0.090929
v 10.032230 3.258647 0.065557
v 10.123755 3.258753 -0.090922
v 10.142783 3.258775 0.085653
v 10.047602 3.258666 0.077086
v 10.103966 3.258731 -0.092703
v 10.160325 3.258795 0.077086
v 10.065144 3.258686 0.085653
v 10.084173 3.258708 -0.090922
v 10.175696 3.258811 0.065557
v 10.084173 3.258708 0.090929
v 10.065144 3.258686 -0.085646
v 10.188311 3.258827 0.051508
v 10.103966 3.258731 0.092710
v 10.047602 3.258666 -0.077079
v 10.197684 3.258835 0.035481
v 10.032230 3.258647 -0.065550
v 10.019611 3.258632 -0.051501
v 13.318756 3.252384 -0.054195
v 13.328620 3.252384 -0.037330
v 13.349839 -0.003176 -0.037330
v 13.339975 -0.003176 -0.054195
v 13.250826 3.252384 -0.095674
v 13.230000 3.252384 -0.097549
v 13.328620 3.252384 0.037330
v 13.334694 3.252384 0.019031
v 13.154520 3.252384 0.068977
v 13.170696 3.252384 0.081109
v 13.170696 3.252384 -0.081109
v 13.154520 3.252384 -0.068977
v 13.250825 3.252384 0.095674
v 13.270850 3.252384 0.090123
v 13.125307 3.252384 -0.019031
v 13.270850 3.252384 -0.090123
v 13.318756 3.252384 0.054195
v 13.141245 3.252384 0.054195
v 13.189151 3.252384 -0.090123
v 13.334695 3.252384 -0.019031
v 13.209175 3.252384 0.095674
v 13.230000 3.252384 0.097549
v 13.230000 3.252384 0.097549
v 13.131381 3.252384 -0.037330
v 13.289305 3.252384 -0.081109
v 13.305481 3.252384 0.068977
v 13.131381 3.252384 0.037330
v 13.209175 3.252384 -0.095674
v 13.336745 3.252384 0.000000
v 13.189151 3.252384 0.090123
v 13.141245 3.252384 -0.054195
v 13.305481 3.252384 -0.068977
v 13.289305 3.252384 0.081109
v 10.144975 0.003193 0.090929
v 10.125185 0.003173 0.092710
v 10.105392 0.003149 0.090929
v 10.086363 0.003126 0.085653
v 10.068822 0.003106 0.077086
v 10.053450 0.003088 0.065557
v 10.040832 0.003073 0.051509
v 10.031456 0.003065 0.035481
v 10.025682 0.003060 0.018090
v 10.023733 0.003057 0.000004
v 10.025682 0.003060 -0.018083
v 10.031456 0.003065 -0.035474
v 10.040832 0.003073 -0.051501
v 10.053450 0.003088 -0.065550
v 10.068822 0.003106 -0.077079
v 10.086363 0.003126 -0.085646
v 10.105392 0.003149 -0.090922
v 10.125185 0.003171 -0.092703
v 10.144975 0.003193 -0.090922
v 10.164002 0.003216 -0.085646
v 10.181545 0.003235 -0.077079
v 10.196916 0.003252 -0.065550
v 10.209530 0.003268 -0.051501
v 10.218904 0.003275 -0.035474
v 10.224676 0.003283 -0.018083
v 10.226631 0.003287 0.000004
v 10.224676 0.003284 0.018090
v 10.218904 0.003275 0.035481
v 10.209530 0.003268 0.051508
v 10.196916 0.003252 0.065557
v 10.181545 0.003235 0.077086
v 10.164003 0.003216 0.085653
v 13.251220 -0.003173 0.097549
v 13.230395 -0.003176 0.095674
v 13.210370 -0.003176 0.090123
v 13.191916 -0.003176 0.081109
v 13.175740 -0.003176 0.068977
v 13.162465 -0.003176 0.054195
v 13.152600 -0.003176 0.037330
v 13.146526 -0.003176 0.019031
v 13.144475 -0.003176 -0.000000
v 13.146526 -0.003176 -0.019031
v 13.152600 -0.003176 -0.037330
v 13.162465 -0.003176 -0.054195
v 13.175740 -0.003176 -0.068977
v 13.191916 -0.003176 -0.081109
v 13.210370 -0.003176 -0.090123
v 13.230395 -0.003176 -0.095674
v 13.251220 -0.003176 -0.097549
v 13.272045 -0.003176 -0.095674
v 13.292069 -0.003176 -0.090123
v 13.310524 -0.003176 -0.081109
v 13.326700 -0.003176 -0.068977
v 13.339975 -0.003174 -0.054195
v 13.349839 -0.003174 -0.037330
v 13.355914 -0.003176 -0.019031
v 13.357965 -0.003176 0.000000
v 13.355914 -0.003176 0.019031
v 13.349839 -0.003176 0.037330
v 13.339975 -0.003176 0.054195
v 13.326700 -0.003176 0.068977
v 13.310524 -0.003176 0.081109
v 13.292069 -0.003176 0.090123
v 13.272045 -0.003176 0.095674
v 13.355914 -0.003174 -0.019031
v 10.224676 0.003284 -0.018083
v 13.357965 -0.003174 0.000000
v 10.218904 0.003276 -0.035474
v 13.355914 -0.003174 0.019031
v 10.209530 0.003269 -0.051501
v 13.349839 -0.003174 0.037330
v 10.196916 0.003253 -0.065550
v 13.339975 -0.003174 0.054195
v 13.230395 -0.003174 0.095674
v 13.251220 -0.003176 0.097549
v 10.181545 0.003236 -0.077079
v 13.326700 -0.003174 0.068977
v 13.210370 -0.003174 0.090123
v 10.164002 0.003217 -0.085646
v 13.310524 -0.003174 0.081109
v 13.191916 -0.003174 0.081109
v 10.144975 0.003194 -0.090922
v 13.292069 -0.003174 0.090123
v 13.175740 -0.003174 0.068977
v 10.125185 0.003172 -0.092703
v 13.272045 -0.003174 0.095674
v 13.162465 -0.003174 0.054195
v 10.105392 0.003150 -0.090922
v 13.251220 -0.003174 0.097549
v 13.152600 -0.003174 0.037330
v 10.086363 0.003127 -0.085646
v 13.146526 -0.003174 0.019031
v 10.068822 0.003107 -0.077079
v 13.144475 -0.003174 -0.000000
v 10.053450 0.003089 -0.065550
v 13.146526 -0.003174 -0.019031
v 10.040832 0.003074 -0.051501
v 13.152600 -0.003174 -0.037330
v 10.031456 0.003066 -0.035474
v 13.162465 -0.003174 -0.054195
v 10.025682 0.003061 -0.018083
v 13.175740 -0.003174 -0.068977
v 10.023733 0.003058 0.000004
v 13.191916 -0.003174 -0.081109
v 10.025682 0.003061 0.018090
v 13.210370 -0.003174 -0.090123
v 10.031456 0.003066 0.035481
v 13.230395 -0.003174 -0.095674
v 10.040832 0.003074 0.051509
v 10.125185 0.003171 0.092710
v 10.144975 0.003194 0.090929
v 13.251220 -0.003174 -0.097549
v 10.053450 0.003089 0.065557
v 10.164003 0.003217 0.085653
v 13.272045 -0.003174 -0.095674
v 10.068822 0.003107 0.077086
v 10.181545 0.003236 0.077086
v 13.292069 -0.003174 -0.090123
v 10.086363 0.003127 0.085653
v 10.196916 0.003253 0.065557
v 13.310524 -0.003174 -0.081109
v 10.105392 0.003150 0.090929
v 10.209530 0.003269 0.051508
v 13.326700 -0.003174 -0.068977
v 10.125185 0.003172 0.092710
v 10.218904 0.003276 0.035481
v 10.160491 13.587017 0.035481
v 10.152684 13.589338 0.051508
v 10.160491 13.587017 -0.035474
v 10.152684 13.589338 -0.051501
v 10.306142 13.855958 -0.051501
v 10.313949 13.853637 -0.035474
v 10.022636 13.627951 -0.065550
v 10.035444 13.624147 -0.077079
v 10.165302 13.585589 0.018090
v 10.012123 13.631072 -0.051501
v 10.166932 13.585107 0.000004
v 10.004313 13.633393 -0.035474
v 10.165302 13.585589 -0.018082
v 9.999505 13.634823 -0.018082
v 9.997880 13.635304 0.000004
v 9.999505 13.634823 0.018090
v 10.142173 13.592457 -0.065550
v 10.004313 13.633393 0.035481
v 10.129367 13.596261 -0.077079
v 10.012123 13.631072 0.051509
v 10.114751 13.600601 -0.085646
v 10.098895 13.605308 0.090929
v 10.082408 13.610204 0.092710
v 10.022636 13.627951 0.065557
v 10.098895 13.605308 -0.090921
v 10.114752 13.600601 0.085653
v 10.035444 13.624147 0.077086
v 10.082408 13.610204 -0.092703
v 10.129367 13.596261 0.077086
v 10.050061 13.619808 0.085653
v 10.065918 13.615102 -0.090921
v 10.142173 13.592457 0.065557
v 10.065918 13.615102 0.090929
v 10.050061 13.619808 -0.085646
v 10.082408 13.610204 0.092710
v 10.282824 13.862881 -0.077079
v 10.268209 13.867221 -0.085646
v 10.587124 14.148004 -0.085646
v 10.601740 14.143662 -0.077079
v 10.152963 13.901443 0.018090
v 10.151337 13.901925 0.000004
v 10.295630 13.859077 -0.065550
v 10.157770 13.900014 0.035481
v 10.165580 13.897693 0.051508
v 10.252353 13.871927 0.090929
v 10.235865 13.876824 0.092710
v 10.176094 13.894571 0.065557
v 10.252353 13.871927 -0.090922
v 10.268209 13.867221 0.085653
v 10.188902 13.890767 0.077086
v 10.235865 13.876824 -0.092703
v 10.282824 13.862881 0.077086
v 10.203518 13.886428 0.085653
v 10.219375 13.881721 -0.090922
v 10.295630 13.859077 0.065557
v 10.219375 13.881721 0.090929
v 10.203518 13.886428 -0.085646
v 10.306142 13.855958 0.051508
v 10.235865 13.876824 0.092710
v 10.188902 13.890767 -0.077079
v 10.313949 13.853637 0.035481
v 10.176094 13.894571 -0.065550
v 10.318760 13.852209 0.018090
v 10.165580 13.897693 -0.051501
v 10.320389 13.851727 0.000003
v 10.157770 13.900014 -0.035474
v 10.318760 13.852209 -0.018083
v 10.152963 13.901443 -0.018083
v 10.554781 14.157606 -0.092703
v 10.538290 14.162504 -0.090922
v 10.910839 14.364589 -0.063174
v 10.920195 14.360079 -0.064412
v 10.571268 14.152710 0.090928
v 10.554781 14.157606 0.092710
v 10.495009 14.175353 0.065557
v 10.484495 14.178474 0.051508
v 10.571268 14.152710 -0.090922
v 10.587124 14.148004 0.085653
v 10.507817 14.171550 0.077086
v 10.601740 14.143662 0.077086
v 10.522433 14.167211 0.085653
v 10.614546 14.139859 0.065557
v 10.538291 14.162504 0.090928
v 10.522434 14.167211 -0.085646
v 10.625057 14.136740 0.051508
v 10.554781 14.157606 0.092710
v 10.507817 14.171550 -0.077079
v 10.632864 14.134418 0.035481
v 10.495009 14.175353 -0.065550
v 10.637675 14.132992 0.018089
v 10.484495 14.178474 -0.051501
v 10.639305 14.132508 0.000003
v 10.476686 14.180796 -0.035474
v 10.637675 14.132992 -0.018083
v 10.471878 14.182225 -0.018083
v 10.632864 14.134418 -0.035474
v 10.470252 14.182707 0.000003
v 10.625057 14.136740 -0.051502
v 10.471878 14.182225 0.018090
v 10.614546 14.139859 -0.065550
v 10.476686 14.180796 0.035481
v 10.893549 14.372919 -0.053556
v 10.886282 14.376422 -0.045545
v 11.229656 14.515493 -0.045545
v 11.232246 14.510859 -0.053555
v 10.954103 14.343737 0.045552
v 10.946838 14.347239 0.053563
v 10.910839 14.364589 0.063181
v 10.901842 14.368923 0.059516
v 10.901842 14.368923 -0.059509
v 10.960068 14.340863 0.035791
v 10.920195 14.360079 0.064419
v 10.964496 14.338727 0.024654
v 10.967226 14.337412 0.012570
v 10.880317 14.379296 -0.035784
v 10.968151 14.336967 0.000003
v 10.875887 14.381433 -0.024647
v 10.967226 14.337412 -0.012563
v 10.873159 14.382750 -0.012563
v 10.964496 14.338727 -0.024647
v 10.872237 14.383194 0.000004
v 10.960068 14.340863 -0.035784
v 10.873159 14.382750 0.012570
v 10.954103 14.343737 -0.045545
v 10.875887 14.381433 0.024654
v 10.946838 14.347239 -0.053556
v 10.880317 14.379296 0.035791
v 10.938546 14.351235 -0.059509
v 10.929549 14.355570 0.063181
v 10.920195 14.360079 0.064419
v 10.886282 14.376422 0.045552
v 10.929549 14.355570 -0.063174
v 10.938546 14.351235 0.059516
v 10.893549 14.372919 0.053563
v 11.225952 14.522127 -0.024647
v 11.224981 14.523869 -0.012563
v 11.590018 14.555248 -0.012563
v 11.590159 14.553455 -0.024647
v 11.258512 14.463856 0.012571
v 11.257538 14.465596 0.024655
v 11.227529 14.519300 -0.035783
v 11.258842 14.463266 0.000004
v 11.258512 14.463856 -0.012563
v 11.257538 14.465596 -0.024647
v 11.224652 14.524457 0.000004
v 11.255961 14.468423 -0.035783
v 11.224981 14.523869 0.012571
v 11.253834 14.472227 -0.045545
v 11.225952 14.522127 0.024655
v 11.251245 14.476863 -0.053555
v 11.227529 14.519300 0.035791
v 11.248289 14.482153 -0.059508
v 11.245080 14.487892 0.063182
v 11.241747 14.493860 0.064419
v 11.229656 14.515493 0.045553
v 11.245080 14.487892 -0.063174
v 11.248289 14.482153 0.059516
v 11.232246 14.510859 0.053563
v 11.241747 14.493860 -0.064411
v 11.251245 14.476863 0.053563
v 11.235203 14.505568 0.059516
v 11.238413 14.499829 -0.063174
v 11.253834 14.472227 0.045552
v 11.238413 14.499829 0.063182
v 11.235204 14.505568 -0.059508
v 11.255961 14.468423 0.035791
v 11.241747 14.493860 0.064419
v 11.590018 14.555248 0.012571
v 11.590159 14.553455 0.024655
v 11.908943 14.528884 0.024655
v 11.910146 14.530596 0.012571
v 11.594812 14.495222 -0.024647
v 11.594956 14.493428 -0.012563
v 11.589969 14.555854 0.000004
v 11.594583 14.498133 -0.035783
v 11.594267 14.502052 -0.045544
v 11.593886 14.506827 -0.053555
v 11.590388 14.550542 0.035791
v 11.593451 14.512278 -0.059508
v 11.592977 14.518189 0.063182
v 11.592486 14.524337 0.064419
v 11.590703 14.546622 0.045553
v 11.592977 14.518189 -0.063174
v 11.593451 14.512278 0.059516
v 11.591084 14.541846 0.053564
v 11.592486 14.524337 -0.064411
v 11.593886 14.506827 0.053563
v 11.591521 14.536397 0.059516
v 11.591996 14.530485 -0.063174
v 11.594267 14.502052 0.045553
v 11.591996 14.530485 0.063182
v 11.591521 14.536397 -0.059508
v 11.594583 14.498133 0.035791
v 11.592486 14.524337 0.064419
v 11.591084 14.541846 -0.053555
v 11.594812 14.495222 0.024655
v 11.590703 14.546622 -0.045544
v 11.594956 14.493428 0.012571
v 11.590388 14.550542 -0.035783
v 11.595007 14.492822 0.000004
v 11.904367 14.522361 0.045553
v 11.901171 14.517801 0.053564
v 12.304636 14.409158 0.060727
v 12.314269 14.412439 0.051644
v 11.877733 14.484365 -0.053555
v 11.874536 14.479806 -0.045544
v 11.906990 14.526103 0.035791
v 11.881381 14.489568 -0.059508
v 11.885337 14.495213 0.063182
v 11.889453 14.501082 0.064419
v 11.885337 14.495213 -0.063174
v 11.881382 14.489568 0.059516
v 11.889453 14.501082 -0.064411
v 11.877733 14.484365 0.053563
v 11.897524 14.512597 0.059516
v 11.893569 14.506953 -0.063174
v 11.874536 14.479806 0.045553
v 11.893569 14.506953 0.063182
v 11.897524 14.512597 -0.059508
v 11.871914 14.476064 0.035791
v 11.889453 14.501082 0.064419
v 11.901171 14.517801 -0.053555
v 11.869963 14.473285 0.024655
v 11.904367 14.522361 -0.045544
v 11.868764 14.471572 0.012571
v 11.906990 14.526103 -0.035783
v 11.868359 14.470992 0.000004
v 11.908943 14.528884 -0.024647
v 11.868764 14.471572 -0.012563
v 11.910146 14.530596 -0.012563
v 11.869963 14.473285 -0.024647
v 11.910550 14.531175 0.000004
v 11.871914 14.476064 -0.035783
v 12.281718 14.401347 0.071631
v 12.269314 14.397121 0.073034
v 12.637931 14.228712 0.085241
v 12.652410 14.233644 0.083604
v 12.269314 14.397121 -0.073026
v 12.256910 14.392896 -0.071623
v 12.233991 14.385087 0.060727
v 12.244986 14.388832 0.067475
v 12.293642 14.405411 0.067475
v 12.281718 14.401347 -0.071623
v 12.224358 14.381804 0.051644
v 12.293642 14.405411 -0.067467
v 12.216453 14.379110 0.040578
v 12.304636 14.409158 -0.060718
v 12.210577 14.377110 0.027952
v 12.314269 14.412439 -0.051636
v 12.206961 14.375876 0.014252
v 12.322176 14.415134 -0.040569
v 12.205736 14.375459 0.000004
v 12.328055 14.417135 -0.027943
v 12.206961 14.375876 -0.014243
v 12.331675 14.418367 -0.014243
v 12.210577 14.377110 -0.027943
v 12.332896 14.418783 0.000004
v 12.216453 14.379110 -0.040569
v 12.331675 14.418367 0.014252
v 12.224358 14.381804 -0.051636
v 12.328055 14.417135 0.027952
v 12.233991 14.385087 -0.060718
v 12.322176 14.415134 0.040578
v 12.244986 14.388832 -0.067467
v 12.256910 14.392896 0.071631
v 12.269314 14.397121 0.073034
v 12.699629 14.249735 -0.047351
v 12.706491 14.252071 -0.032615
v 12.959751 14.060665 -0.035659
v 12.950960 14.059139 -0.051771
v 12.679157 14.242760 -0.070868
v 12.666327 14.238387 -0.078745
v 12.569377 14.205356 0.032623
v 12.576234 14.207690 0.047359
v 12.690401 14.246591 -0.060268
v 12.565155 14.203917 0.016633
v 12.563726 14.203428 0.000004
v 12.565155 14.203917 -0.016625
v 12.710715 14.253510 -0.016625
v 12.569377 14.205356 -0.032615
v 12.712142 14.253995 0.000004
v 12.576234 14.207690 -0.047351
v 12.710715 14.253510 0.016633
v 12.585461 14.210835 -0.060268
v 12.706491 14.252071 0.032623
v 12.596704 14.214666 -0.070868
v 12.699629 14.249735 0.047359
v 12.609536 14.219037 -0.078745
v 12.623454 14.223781 0.083604
v 12.637931 14.228712 0.085241
v 12.690401 14.246591 0.060276
v 12.623454 14.223781 -0.083596
v 12.609537 14.219037 0.078753
v 12.679157 14.242760 0.070876
v 12.637931 14.228712 -0.085233
v 12.596704 14.214666 0.070876
v 12.666326 14.238387 0.078753
v 12.652410 14.233644 -0.083596
v 12.585461 14.210835 0.060276
v 12.966988 14.061921 0.000004
v 12.965161 14.061604 0.018185
v 13.215378 13.766376 0.018185
v 13.217336 13.766404 0.000004
v 12.778687 14.029205 -0.018177
v 12.776856 14.028887 0.000004
v 12.965161 14.061604 -0.018177
v 12.784097 14.030147 -0.035659
v 12.792880 14.031672 -0.051771
v 12.804701 14.033726 -0.065894
v 12.959751 14.060665 0.035668
v 12.819105 14.036229 -0.077483
v 12.950960 14.059139 0.051780
v 12.835544 14.039084 -0.086095
v 12.853374 14.042183 0.091407
v 12.871920 14.045404 0.093197
v 12.939138 14.057084 0.065902
v 12.853374 14.042183 -0.091399
v 12.835544 14.039084 0.086104
v 12.924734 14.054581 0.077492
v 12.871920 14.045404 -0.093189
v 12.819105 14.036229 0.077492
v 12.908296 14.051725 0.086104
v 12.890467 14.048627 -0.091399
v 12.804701 14.033726 0.065902
v 12.890467 14.048627 0.091407
v 12.908297 14.051725 -0.086095
v 12.792880 14.031672 0.051779
v 12.871920 14.045404 0.093197
v 12.924734 14.054581 -0.077483
v 12.784097 14.030147 0.035668
v 12.939138 14.057084 -0.065894
v 12.778687 14.029205 0.018185
v 13.115406 13.764906 0.093197
v 13.095523 13.764615 0.091407
v 13.171869 13.532960 0.091407
v 13.191752 13.533251 0.093197
v 13.043336 13.763846 -0.065894
v 13.030662 13.763659 -0.051771
v 13.209578 13.766291 0.035668
v 13.058781 13.764074 -0.077483
v 13.200154 13.766155 0.051780
v 13.076405 13.764333 -0.086095
v 13.187478 13.765967 0.065902
v 13.095523 13.764615 -0.091399
v 13.076405 13.764333 0.086104
v 13.172034 13.765740 0.077492
v 13.115406 13.764906 -0.093189
v 13.058780 13.764074 0.077492
v 13.154409 13.765481 0.086104
v 13.135292 13.765199 -0.091399
v 13.043336 13.763846 0.065902
v 13.135292 13.765199 0.091407
v 13.154409 13.765481 -0.086095
v 13.030662 13.763659 0.051779
v 13.115406 13.764906 0.093197
v 13.172034 13.765740 -0.077483
v 13.021245 13.763523 0.035668
v 13.187478 13.765967 -0.065894
v 13.015445 13.763435 0.018185
v 13.200154 13.766155 -0.051771
v 13.013481 13.763407 0.000004
v 13.209578 13.766291 -0.035659
v 13.015445 13.763435 -0.018177
v 13.215378 13.766376 -0.018177
v 13.021245 13.763523 -0.035659
v 13.218098 13.509796 0.095674
v 13.238099 13.510227 0.090123
v 13.230757 13.533826 0.086104
v 13.211639 13.533544 0.091407
v 13.263825 13.534312 0.065902
v 13.276502 13.534500 0.051780
v 13.171869 13.532960 -0.091399
v 13.152752 13.532678 -0.086095
v 13.152752 13.532678 0.086104
v 13.248381 13.534085 0.077492
v 13.191752 13.533251 -0.093189
v 13.135127 13.532420 0.077492
v 13.211639 13.533544 -0.091399
v 13.119683 13.532192 0.065902
v 13.230757 13.533826 -0.086095
v 13.107009 13.532004 0.051779
v 13.191752 13.533251 0.093197
v 13.248381 13.534085 -0.077483
v 13.097591 13.531868 0.035668
v 13.263825 13.534312 -0.065894
v 13.091791 13.531781 0.018185
v 13.276502 13.534500 -0.051771
v 13.089828 13.531752 0.000004
v 13.285925 13.534636 -0.035659
v 13.091791 13.531781 -0.018177
v 13.291725 13.534721 -0.018177
v 13.097591 13.531868 -0.035659
v 13.293683 13.534749 0.000004
v 13.107009 13.532004 -0.051771
v 13.291725 13.534721 0.018185
v 13.119683 13.532192 -0.065894
v 13.285925 13.534636 0.035668
v 13.135127 13.532420 -0.077483
v 13.121904 13.507721 -0.068977
v 13.138062 13.508070 -0.081109
v 13.197297 13.509347 0.097549
v 13.295802 13.511472 0.037330
v 13.285949 13.511259 0.054195
v 13.156495 13.508468 -0.090123
v 13.197297 13.509347 0.097549
v 13.176497 13.508899 0.095674
v 13.272690 13.510974 0.068977
v 13.176497 13.508899 -0.095674
v 13.156495 13.508468 0.090123
v 13.256533 13.510625 0.081109
v 13.197297 13.509347 -0.097549
v 13.138062 13.508070 0.081109
v 13.218098 13.509796 -0.095674
v 13.121904 13.507721 0.068977
v 13.238099 13.510227 -0.090123
v 13.108644 13.507435 0.054195
v 13.256533 13.510625 -0.081109
v 13.098792 13.507223 0.037330
v 13.272690 13.510974 -0.068977
v 13.092724 13.507092 0.019031
v 13.285950 13.511259 -0.054195
v 13.090675 13.507048 0.000000
v 13.295802 13.511472 -0.037330
v 13.092724 13.507092 -0.019031
v 13.301869 13.511602 -0.019031
v 13.098792 13.507223 -0.037330
v 13.303918 13.511646 0.000000
v 13.108644 13.507435 -0.054195
v 13.301869 13.511602 0.019031
v 11.279965 6.398410 0.073351
v 11.279965 6.484788 0.073351
v 11.265337 6.484788 0.062380
v 11.265337 6.398410 0.062380
v 10.597658 3.823575 0.073352
v 10.614347 3.823575 0.081504
v 10.614347 4.932624 0.081504
v 10.597658 4.932624 0.073352
v 11.989910 3.737196 0.088220
v 11.989910 3.823575 0.088220
v 11.971077 3.823575 0.086524
v 11.971077 3.737196 0.086524
v 11.244411 6.398410 0.033760
v 11.238917 6.398410 0.017210
v 11.239524 6.316896 0.017210
v 11.244982 6.316618 0.033760
v 10.571024 3.823575 -0.049012
v 10.562103 3.823575 -0.033760
v 10.562103 4.932624 -0.033760
v 10.571024 4.932624 -0.049012
v 11.952968 3.823575 0.081504
v 11.952968 3.737196 0.081504
v 11.253331 6.398410 0.049012
v 11.253331 6.484788 0.049012
v 11.244411 6.484788 0.033760
v 10.704923 3.823575 -0.073351
v 10.688233 3.823575 -0.081504
v 10.688233 4.932624 -0.081504
v 10.704923 4.932624 -0.073351
v 11.936277 3.823575 0.073352
v 11.936277 3.737196 0.073352
v 11.238917 6.484788 0.017210
v 10.731557 3.823575 0.049012
v 10.740479 3.823575 0.033760
v 10.740479 4.932624 0.033760
v 10.731557 4.932624 0.049012
v 11.921649 3.823575 0.062381
v 11.921649 3.737196 0.062381
v 11.237062 6.484788 -0.000000
v 11.237062 6.398410 -0.000000
v 10.704923 3.823575 0.073352
v 10.719552 3.823575 0.062381
v 10.719552 4.932624 0.062381
v 10.704923 4.932624 0.073352
v 11.909643 3.823575 0.049012
v 11.909643 3.737196 0.049012
v 11.238917 6.484788 -0.017211
v 11.238917 6.398410 -0.017211
v 10.651291 3.823575 0.088220
v 10.670124 3.823575 0.086524
v 10.670124 4.932624 0.086524
v 10.651291 4.932624 0.088220
v 11.900723 3.823575 0.033760
v 11.900723 3.737196 0.033760
v 11.244411 6.484788 -0.033760
v 11.244411 6.398410 -0.033760
v 10.554754 3.823575 0.000000
v 10.556609 3.823575 0.017211
v 10.556609 4.932624 0.017211
v 10.554754 4.932624 0.000000
v 11.895229 3.823575 0.017211
v 11.895229 3.737196 0.017211
v 11.253331 6.484788 -0.049012
v 11.253331 6.398410 -0.049012
v 10.651291 3.823575 -0.088219
v 10.632458 3.823575 -0.086524
v 10.632458 4.932624 -0.086524
v 10.651291 4.932624 -0.088219
v 11.893374 3.823575 0.000000
v 11.893374 3.737196 0.000000
v 11.265337 6.484788 -0.062381
v 11.265337 6.398410 -0.062381
v 10.747827 3.823575 0.000000
v 10.745972 3.823575 -0.017210
v 10.745972 4.932624 -0.017210
v 10.747827 4.932624 0.000000
v 11.895229 3.823575 -0.017210
v 11.895229 3.737196 -0.017210
v 11.279965 6.484788 -0.073352
v 11.279965 6.398410 -0.073352
v 10.571024 3.823575 0.049012
v 10.583029 3.823575 0.062381
v 10.583029 4.932624 0.062381
v 10.571024 4.932624 0.049012
v 11.900723 3.823575 -0.033760
v 11.900723 3.737196 -0.033760
v 11.296656 6.484788 -0.081504
v 11.296656 6.398410 -0.081504
v 10.597658 3.823575 -0.073351
v 10.583029 3.823575 -0.062380
v 10.583029 4.932624 -0.062380
v 10.597658 4.932624 -0.073351
v 11.909643 3.823575 -0.049012
v 11.909643 3.737196 -0.049012
v 11.314765 6.484788 -0.086524
v 11.314765 6.398410 -0.086524
v 10.731557 3.823575 -0.049012
v 10.719552 3.823575 -0.062380
v 10.719552 4.932624 -0.062380
v 10.731557 4.932624 -0.049012
v 11.921649 3.823575 -0.062380
v 11.921649 3.737196 -0.062380
v 11.333598 6.484788 -0.088220
v 11.333598 6.398410 -0.088220
v 10.688233 3.823575 0.081504
v 10.688233 4.932624 0.081504
v 11.936277 3.823575 -0.073351
v 11.936277 3.737196 -0.073351
v 11.352431 6.484788 -0.086524
v 11.352431 6.398410 -0.086524
v 10.632458 3.823575 0.086524
v 10.632458 4.932624 0.086524
v 11.952968 3.823575 -0.081504
v 11.952968 3.737196 -0.081504
v 11.370541 6.484788 -0.081504
v 11.370541 6.398410 -0.081504
v 10.556609 3.823575 -0.017210
v 10.556609 4.932624 -0.017210
v 11.971077 3.823575 -0.086524
v 11.971077 3.737196 -0.086524
v 11.387230 6.484788 -0.073352
v 11.387230 6.398410 -0.073352
v 10.670124 3.823575 -0.086524
v 10.670124 4.932624 -0.086524
v 11.989910 3.823575 -0.088219
v 11.989910 3.737196 -0.088219
v 11.401859 6.484788 -0.062381
v 11.401859 6.398410 -0.062381
v 10.745972 3.823575 0.017211
v 10.745972 4.932624 0.017211
v 12.008743 3.823575 -0.086524
v 12.008743 3.737196 -0.086524
v 11.413865 6.484788 -0.049012
v 11.413865 6.398410 -0.049012
v 12.026853 3.823575 -0.081504
v 12.026853 3.737196 -0.081504
v 11.422786 6.484788 -0.033760
v 11.422786 6.398410 -0.033760
v 10.562103 3.823575 0.033760
v 10.562103 4.932624 0.033760
v 12.043543 3.823575 -0.073351
v 12.043543 3.737196 -0.073351
v 11.428279 6.484788 -0.017211
v 11.428279 6.398410 -0.017211
v 10.614347 3.823575 -0.081504
v 10.614347 4.932624 -0.081504
v 12.058171 3.823575 -0.062380
v 12.058171 3.737196 -0.062380
v 11.430134 6.484788 -0.000000
v 11.430134 6.398410 -0.000000
v 10.740479 3.823575 -0.033760
v 10.740479 4.932624 -0.033760
v 12.070177 3.823575 -0.049012
v 12.070177 3.737196 -0.049012
v 11.428279 6.484788 0.017210
v 11.428279 6.398410 0.017210
v 12.079098 3.823575 -0.033760
v 12.079098 3.737196 -0.033760
v 11.422786 6.484788 0.033760
v 11.422786 6.398410 0.033760
v 12.084591 3.823575 -0.017210
v 12.084591 3.737196 -0.017210
v 11.413865 6.484788 0.049012
v 11.413865 6.398410 0.049012
v 12.086447 3.823575 0.000000
v 12.086447 3.737196 0.000000
v 11.401859 6.484788 0.062380
v 11.401859 6.398410 0.062380
v 12.084591 3.823575 0.017211
v 12.084591 3.737196 0.017211
v 11.387230 6.484788 0.073351
v 11.387230 6.398410 0.073351
v 12.079098 3.823575 0.033760
v 12.079098 3.737196 0.033760
v 11.370541 6.484788 0.081504
v 11.370541 6.398410 0.081504
v 12.070177 3.823575 0.049012
v 12.070177 3.737196 0.049012
v 11.420988 6.520798 -0.033760
v 11.426474 6.520921 -0.017211
v 12.058171 3.823575 0.062381
v 12.058171 3.737196 0.062381
v 10.651291 3.823575 0.088220
v 10.651291 4.932624 0.088220
v 12.043543 3.823575 0.073352
v 12.043543 3.737196 0.073352
v 10.632457 5.409011 0.086524
v 10.614347 5.409011 0.081504
v 12.026853 3.823575 0.081504
v 12.026853 3.737196 0.081504
v 12.070177 4.932624 -0.049012
v 12.079098 4.932624 -0.033760
v 10.632458 3.737196 -0.086524
v 10.651291 3.737196 -0.088219
v 10.634322 1.156740 -0.088218
v 10.615489 1.156740 -0.086522
v 12.008743 3.823575 0.086524
v 12.008743 3.737196 0.086524
v 10.670124 3.737196 0.086524
v 10.651291 3.737196 0.088220
v 11.989910 3.823575 0.088220
v 11.989910 3.737196 0.088220
v 11.972942 1.156740 -0.088218
v 11.954109 1.156740 -0.086522
v 11.296656 6.398410 0.081503
v 11.296656 6.484788 0.081503
v 11.352431 6.398410 0.086524
v 11.352431 6.484788 0.086524
v 11.333598 6.484788 0.088219
v 11.333598 6.398410 0.088219
v 11.314765 6.398410 0.086524
v 11.314765 6.484788 0.086524
v 11.333598 6.398410 0.088219
v 11.333598 6.484788 0.088219
v 11.368645 8.315739 0.073351
v 11.368645 8.402117 0.073351
v 11.354016 8.402117 0.062379
v 11.354016 8.315739 0.062379
v 11.327597 8.315739 0.017210
v 11.325742 8.315739 -0.000001
v 11.327297 7.674378 -0.000001
v 11.329123 7.674229 0.017210
v 11.342011 8.315739 0.049011
v 11.342011 8.402117 0.049011
v 11.333090 8.402117 0.033759
v 11.333090 8.315739 0.033759
v 11.327597 8.402117 0.017210
v 11.325742 8.402117 -0.000001
v 11.327597 8.402117 -0.017212
v 11.327597 8.315739 -0.017212
v 11.333090 8.402117 -0.033761
v 11.333090 8.315739 -0.033761
v 11.342011 8.402117 -0.049013
v 11.342011 8.315739 -0.049013
v 11.354016 8.402117 -0.062381
v 11.354016 8.315739 -0.062381
v 11.368645 8.402117 -0.073353
v 11.368645 8.315739 -0.073353
v 11.385335 8.402117 -0.081505
v 11.385335 8.315739 -0.081505
v 11.403444 8.402117 -0.086525
v 11.403444 8.315739 -0.086525
v 11.422277 8.402117 -0.088220
v 11.422277 8.315739 -0.088220
v 11.441111 8.402117 -0.086525
v 11.441111 8.315739 -0.086525
v 11.459221 8.402117 -0.081505
v 11.459221 8.315739 -0.081505
v 11.475910 8.402117 -0.073353
v 11.475910 8.315739 -0.073353
v 11.490540 8.402117 -0.062381
v 11.490540 8.315739 -0.062381
v 11.502544 8.402117 -0.049013
v 11.502544 8.315739 -0.049013
v 11.511465 8.402117 -0.033761
v 11.511465 8.315739 -0.033761
v 11.516959 8.402117 -0.017212
v 11.516959 8.315739 -0.017212
v 11.518814 8.402117 -0.000001
v 11.518814 8.315739 -0.000001
v 11.516959 8.402117 0.017210
v 11.516959 8.315739 0.017210
v 11.511465 8.402117 0.033759
v 11.511465 8.315739 0.033759
v 11.502544 8.402117 0.049011
v 11.502544 8.315739 0.049011
v 11.490540 8.402117 0.062379
v 11.490540 8.315739 0.062379
v 11.475910 8.402117 0.073351
v 11.475910 8.315739 0.073351
v 11.459221 8.402117 0.081503
v 11.459221 8.315739 0.081503
v 11.325732 9.917481 -0.000001
v 11.327587 9.917481 -0.017212
v 11.385335 8.315739 0.081503
v 11.385335 8.402117 0.081503
v 11.441111 8.315739 0.086523
v 11.441111 8.402117 0.086523
v 11.422277 8.402117 0.088218
v 11.422277 8.315739 0.088218
v 11.403444 8.315739 0.086523
v 11.403444 8.402117 0.086523
v 11.422277 8.315739 0.088218
v 11.422277 8.402117 0.088218
v 12.709904 7.916228 0.073351
v 12.709904 8.002606 0.073351
v 12.695275 8.002606 0.062380
v 12.695275 7.916228 0.062380
v 12.695271 6.568046 0.062380
v 12.709899 6.568046 0.073351
v 12.683270 7.916228 0.049011
v 12.683270 8.002606 0.049011
v 12.674349 8.002606 0.033759
v 12.674349 7.916228 0.033759
v 12.668856 8.002606 0.017210
v 12.668856 7.916228 0.017210
v 12.667001 8.002606 -0.000001
v 12.667001 7.916228 -0.000001
v 12.668856 8.002606 -0.017212
v 12.668856 7.916228 -0.017212
v 12.674349 8.002606 -0.033761
v 12.674349 7.916228 -0.033761
v 12.683270 8.002606 -0.049013
v 12.683270 7.916228 -0.049013
v 12.695275 8.002606 -0.062381
v 12.695275 7.916228 -0.062381
v 12.709904 8.002606 -0.073352
v 12.709904 7.916228 -0.073352
v 12.726594 8.002606 -0.081505
v 12.726594 7.916228 -0.081505
v 12.744703 8.002606 -0.086525
v 12.744703 7.916228 -0.086525
v 12.763536 8.002606 -0.088220
v 12.763536 7.916228 -0.088220
v 12.782370 8.002606 -0.086525
v 12.782370 7.916228 -0.086525
v 12.800480 8.002606 -0.081505
v 12.800480 7.916228 -0.081505
v 12.817169 8.002606 -0.073352
v 12.817169 7.916228 -0.073352
v 12.831799 8.002606 -0.062381
v 12.831799 7.916228 -0.062381
v 12.843803 8.002606 -0.049013
v 12.843803 7.916228 -0.049013
v 12.852724 8.002606 -0.033761
v 12.852724 7.916228 -0.033761
v 12.858217 8.002606 -0.017211
v 12.858217 7.916228 -0.017211
v 12.860073 8.002606 -0.000001
v 12.860073 7.916228 -0.000001
v 12.858217 8.002606 0.017210
v 12.858217 7.916228 0.017210
v 12.852724 8.002606 0.033759
v 12.852724 7.916228 0.033759
v 12.843803 8.002606 0.049011
v 12.843803 7.916228 0.049011
v 12.831799 8.002606 0.062380
v 12.831799 7.916228 0.062380
v 12.817169 8.002606 0.073351
v 12.817169 7.916228 0.073351
v 12.800480 8.002606 0.081503
v 12.800480 7.916228 0.081503
v 12.683619 8.577596 0.021054
v 12.682055 8.576860 -0.000001
v 12.726594 7.916228 0.081503
v 12.726594 8.002606 0.081503
v 12.782370 7.916228 0.086523
v 12.782370 8.002606 0.086523
v 12.763536 8.002606 0.088218
v 12.763536 7.916228 0.088218
v 12.744703 7.916228 0.086523
v 12.744703 8.002606 0.086523
v 12.763536 7.916228 0.088218
v 12.763536 8.002606 0.088218
v 12.625790 9.822908 0.073350
v 12.625790 9.909286 0.073350
v 12.611161 9.909286 0.062379
v 12.611161 9.822908 0.062379
v 12.590235 9.822908 0.033759
v 12.584742 9.822908 0.017209
v 12.584885 9.452196 0.017209
v 12.590369 9.452062 0.033759
v 12.599156 9.822908 0.049011
v 12.599156 9.909286 0.049011
v 12.590235 9.909286 0.033759
v 12.584742 9.909286 0.017209
v 12.582887 9.909286 -0.000001
v 12.582887 9.822908 -0.000001
v 12.584742 9.909286 -0.017212
v 12.584742 9.822908 -0.017212
v 12.590235 9.909286 -0.033761
v 12.590235 9.822908 -0.033761
v 12.599156 9.909286 -0.049013
v 12.599156 9.822908 -0.049013
v 12.611161 9.909286 -0.062382
v 12.611161 9.822908 -0.062382
v 12.625790 9.909286 -0.073353
v 12.625790 9.822908 -0.073353
v 12.642480 9.909286 -0.081505
v 12.642480 9.822908 -0.081505
v 12.660589 9.909286 -0.086525
v 12.660589 9.822908 -0.086525
v 12.679422 9.909286 -0.088221
v 12.679422 9.822908 -0.088221
v 12.698256 9.909286 -0.086525
v 12.698256 9.822908 -0.086525
v 12.716366 9.909286 -0.081505
v 12.716366 9.822908 -0.081505
v 12.733055 9.909286 -0.073353
v 12.733055 9.822908 -0.073353
v 12.747684 9.909286 -0.062382
v 12.747684 9.822908 -0.062382
v 12.759689 9.909286 -0.049013
v 12.759689 9.822908 -0.049013
v 12.768610 9.909286 -0.033761
v 12.768610 9.822908 -0.033761
v 12.774103 9.909286 -0.017212
v 12.774103 9.822908 -0.017212
v 12.775959 9.909286 -0.000001
v 12.775959 9.822908 -0.000001
v 12.774103 9.909286 0.017209
v 12.774103 9.822908 0.017209
v 12.768610 9.909286 0.033759
v 12.768610 9.822908 0.033759
v 12.759689 9.909286 0.049011
v 12.759689 9.822908 0.049011
v 12.747684 9.909286 0.062379
v 12.747684 9.822908 0.062379
v 12.733055 9.909286 0.073350
v 12.733055 9.822908 0.073350
v 12.716366 9.909286 0.081503
v 12.716366 9.822908 0.081503
v 12.642482 10.418442 -0.081505
v 12.660591 10.418442 -0.086525
v 12.642480 9.822908 0.081503
v 12.642480 9.909286 0.081503
v 12.698256 9.822908 0.086523
v 12.698256 9.909286 0.086523
v 12.679422 9.909286 0.088218
v 12.679422 9.822908 0.088218
v 12.660589 9.822908 0.086523
v 12.660589 9.909286 0.086523
v 12.679422 9.822908 0.088218
v 12.679422 9.909286 0.088218
v 11.952968 4.932624 0.081504
v 11.971077 4.932624 0.086524
v 11.971076 5.409011 0.086524
v 11.952967 5.409011 0.081504
v 11.936277 4.932624 -0.073351
v 11.952968 4.932624 -0.081504
v 11.909643 4.932624 0.049012
v 11.900723 4.932624 0.033760
v 11.989910 4.932624 0.088220
v 12.086447 4.932624 0.000000
v 12.084591 4.932624 0.017211
v 11.989910 4.932624 -0.088219
v 12.008743 4.932624 -0.086524
v 11.893374 4.932624 0.000000
v 11.895229 4.932624 -0.017210
v 12.043543 4.932624 0.073352
v 12.026853 4.932624 0.081504
v 12.043543 4.932624 -0.073351
v 12.058171 4.932624 -0.062380
v 11.909643 4.932624 -0.049012
v 11.921649 4.932624 -0.062380
v 11.936277 4.932624 0.073352
v 11.921649 4.932624 0.062381
v 12.084591 4.932624 -0.017210
v 11.971077 4.932624 -0.086524
v 11.895229 4.932624 0.017211
v 12.070177 4.932624 0.049012
v 12.058171 4.932624 0.062381
v 12.079098 4.932624 0.033760
v 12.026853 4.932624 -0.081504
v 11.900723 4.932624 -0.033760
v 12.008743 4.932624 0.086524
v 11.989910 4.932624 0.088220
v 11.909642 5.409011 0.049012
v 11.921648 5.409011 0.062381
v 11.923317 5.609804 0.062381
v 11.911605 5.610984 0.049012
v 12.058170 5.409011 0.062381
v 12.043542 5.409011 0.073352
v 11.971076 5.409011 -0.086524
v 11.989909 5.409011 -0.088219
v 11.936276 5.409011 0.073352
v 12.026853 5.409011 0.081504
v 12.008742 5.409011 -0.086524
v 12.008742 5.409011 0.086524
v 12.026853 5.409011 -0.081504
v 11.989909 5.409011 0.088220
v 12.043542 5.409011 -0.073351
v 11.900722 5.409011 0.033760
v 12.058171 5.409011 -0.062380
v 11.895228 5.409011 0.017211
v 12.070176 5.409011 -0.049012
v 11.893373 5.409011 0.000000
v 12.079097 5.409011 -0.033760
v 11.895228 5.409011 -0.017210
v 12.084591 5.409011 -0.017210
v 11.900722 5.409011 -0.033760
v 12.086446 5.409011 0.000000
v 11.909642 5.409011 -0.049012
v 12.084591 5.409011 0.017211
v 11.921648 5.409011 -0.062380
v 12.079097 5.409011 0.033760
v 11.936276 5.409011 -0.073351
v 12.070176 5.409011 0.049012
v 11.952967 5.409011 -0.081504
v 11.989909 5.409011 0.088220
v 11.902902 5.611861 -0.033760
v 11.897542 5.612401 -0.017210
v 11.961936 5.684386 -0.017210
v 11.964890 5.682313 -0.033760
v 12.008284 5.601243 0.086524
v 11.989910 5.603095 0.088220
v 12.025950 5.599463 -0.081504
v 12.042233 5.597823 -0.073351
v 11.902902 5.611861 0.033760
v 12.056504 5.596385 -0.062380
v 11.897542 5.612401 0.017211
v 12.068215 5.595205 -0.049012
v 11.895733 5.612583 0.000000
v 12.076919 5.594328 -0.033760
v 12.082278 5.593789 -0.017210
v 12.084087 5.593606 0.000000
v 11.911605 5.610984 -0.049012
v 12.082278 5.593789 0.017211
v 11.923317 5.609804 -0.062380
v 12.076919 5.594328 0.033760
v 11.937588 5.608366 -0.073351
v 12.068215 5.595205 0.049012
v 11.953870 5.606726 -0.081504
v 11.989910 5.603095 0.088220
v 11.971537 5.604946 0.086524
v 12.056503 5.596385 0.062381
v 11.971537 5.604946 -0.086524
v 11.953870 5.606726 0.081504
v 12.042233 5.597823 0.073352
v 11.989910 5.603095 -0.088219
v 11.937588 5.608366 0.073352
v 12.025950 5.599463 0.081504
v 12.008284 5.601243 -0.086524
v 11.984011 5.668902 -0.073351
v 11.976144 5.674420 -0.062380
v 12.160801 5.654823 -0.062380
v 12.160210 5.648284 -0.073351
v 12.063767 5.612959 -0.017210
v 12.064765 5.612259 0.000000
v 11.969687 5.678948 -0.049012
v 12.063767 5.612959 0.017211
v 12.060814 5.615031 0.033760
v 12.056016 5.618396 0.049012
v 11.992986 5.662607 -0.081504
v 12.012852 5.648673 0.088219
v 12.002725 5.655776 0.086524
v 12.049561 5.622925 0.062381
v 12.002725 5.655776 -0.086524
v 11.992986 5.662607 0.081504
v 12.041694 5.628443 0.073352
v 12.012852 5.648673 -0.088219
v 11.984011 5.668902 0.073352
v 12.032719 5.634738 0.081504
v 12.022980 5.641569 -0.086524
v 11.976144 5.674420 0.062381
v 12.022980 5.641569 0.086524
v 12.032719 5.634738 -0.081504
v 11.969687 5.678948 0.049012
v 12.012852 5.648673 0.088219
v 12.041694 5.628442 -0.073351
v 11.964890 5.682313 0.033760
v 12.049561 5.622925 -0.062380
v 11.961936 5.684386 0.017211
v 12.056016 5.618396 -0.049012
v 11.960939 5.685085 0.000000
v 12.060814 5.615031 -0.033760
v 12.158040 5.624309 -0.088219
v 12.158802 5.632728 -0.086524
v 12.271172 5.640583 -0.086524
v 12.281218 5.633456 -0.088219
v 12.154432 5.584440 0.033760
v 12.154794 5.588428 0.049012
v 12.159534 5.640823 -0.081504
v 12.158040 5.624309 0.088220
v 12.158802 5.632728 0.086524
v 12.155279 5.593794 0.062381
v 12.159534 5.640823 0.081504
v 12.155871 5.600334 0.073352
v 12.160210 5.648284 0.073352
v 12.156546 5.607795 0.081504
v 12.157279 5.615890 -0.086524
v 12.160801 5.654823 0.062381
v 12.157279 5.615890 0.086524
v 12.156546 5.607795 -0.081504
v 12.161287 5.660190 0.049012
v 12.158040 5.624309 0.088220
v 12.155871 5.600334 -0.073351
v 12.161648 5.664178 0.033760
v 12.155279 5.593794 -0.062380
v 12.161870 5.666634 0.017211
v 12.154794 5.588428 -0.049012
v 12.161945 5.667463 0.000000
v 12.154432 5.584440 -0.033760
v 12.161870 5.666634 -0.017210
v 12.154210 5.581984 -0.017210
v 12.161648 5.664178 -0.033760
v 12.154136 5.581155 0.000000
v 12.161287 5.660190 -0.049012
v 12.154210 5.581984 0.017211
v 12.309829 5.613161 -0.073351
v 12.300925 5.619476 -0.081503
v 12.480328 5.671120 -0.081503
v 12.493273 5.666407 -0.073351
v 12.261511 5.647436 0.081504
v 12.252607 5.653751 0.073352
v 12.309829 5.613161 0.073352
v 12.300925 5.619476 0.081504
v 12.291265 5.626329 -0.086524
v 12.244803 5.659287 0.062381
v 12.291265 5.626329 0.086524
v 12.238400 5.663830 0.049012
v 12.281218 5.633456 0.088220
v 12.233641 5.667206 0.033760
v 12.317633 5.607625 -0.062380
v 12.230710 5.669284 0.017211
v 12.324037 5.603082 -0.049011
v 12.229720 5.669987 0.000000
v 12.328795 5.599706 -0.033760
v 12.230710 5.669284 -0.017210
v 12.331726 5.597627 -0.017210
v 12.233641 5.667206 -0.033760
v 12.332715 5.596925 0.000000
v 12.238400 5.663830 -0.049012
v 12.331726 5.597627 0.017211
v 12.244803 5.659287 -0.062380
v 12.328795 5.599706 0.033760
v 12.252607 5.653751 -0.073351
v 12.324037 5.603082 0.049012
v 12.261511 5.647436 -0.081504
v 12.281218 5.633456 0.088220
v 12.271172 5.640583 0.086524
v 12.317633 5.607625 0.062381
v 12.520850 5.656367 -0.033760
v 12.513930 5.658885 -0.049011
v 12.647369 5.739423 -0.049011
v 12.650678 5.735717 -0.033759
v 12.389417 5.704219 0.049012
v 12.382498 5.706738 0.033760
v 12.504619 5.662276 -0.062380
v 12.378237 5.708289 0.017211
v 12.376798 5.708813 0.000000
v 12.378237 5.708289 -0.017210
v 12.525110 5.654815 -0.017210
v 12.382498 5.706738 -0.033760
v 12.526549 5.654292 0.000001
v 12.389417 5.704219 -0.049012
v 12.525110 5.654815 0.017211
v 12.398728 5.700829 -0.062380
v 12.520850 5.656367 0.033761
v 12.410075 5.696698 -0.073351
v 12.513930 5.658885 0.049012
v 12.423019 5.691984 -0.081503
v 12.451674 5.681552 0.088220
v 12.437066 5.686871 0.086524
v 12.504619 5.662276 0.062381
v 12.437066 5.686871 -0.086524
v 12.423019 5.691984 0.081504
v 12.493272 5.666407 0.073352
v 12.451674 5.681552 -0.088219
v 12.410075 5.696698 0.073352
v 12.480328 5.671120 0.081504
v 12.466281 5.676234 -0.086524
v 12.398728 5.700829 0.062381
v 12.466281 5.676234 0.086525
v 12.451674 5.681552 0.088220
v 12.652716 5.733435 0.017211
v 12.653403 5.732664 0.000001
v 12.677666 5.780315 0.000001
v 12.677785 5.781143 0.017211
v 12.581801 5.812882 0.000000
v 12.582489 5.812112 -0.017210
v 12.652716 5.733435 -0.017210
v 12.584526 5.809830 -0.033760
v 12.587834 5.806123 -0.049011
v 12.592287 5.801135 -0.062380
v 12.650678 5.735717 0.033761
v 12.597713 5.795057 -0.073351
v 12.647369 5.739423 0.049012
v 12.603902 5.788122 -0.081503
v 12.617602 5.772773 0.088220
v 12.610618 5.780598 0.086524
v 12.642918 5.744411 0.062381
v 12.610618 5.780598 -0.086524
v 12.603902 5.788122 0.081504
v 12.637492 5.750489 0.073352
v 12.617602 5.772773 -0.088219
v 12.597713 5.795057 0.073352
v 12.631303 5.757424 0.081504
v 12.624587 5.764948 -0.086524
v 12.592287 5.801135 0.062381
v 12.624586 5.764948 0.086525
v 12.631303 5.757424 -0.081503
v 12.587834 5.806123 0.049012
v 12.617602 5.772773 0.088220
v 12.637492 5.750489 -0.073351
v 12.584526 5.809830 0.033760
v 12.642918 5.744411 -0.062380
v 12.582489 5.812112 0.017211
v 12.685057 5.831824 0.086524
v 12.683850 5.823416 0.088220
v 12.719293 5.812152 0.088220
v 12.730099 5.819053 0.086524
v 12.688993 5.859252 -0.049011
v 12.688223 5.853892 -0.062380
v 12.678137 5.783596 0.033761
v 12.687286 5.847361 -0.073351
v 12.678708 5.787579 0.049012
v 12.686216 5.839909 -0.081503
v 12.679477 5.792939 0.062381
v 12.685057 5.831824 -0.086524
v 12.686216 5.839909 0.081504
v 12.680414 5.799470 0.073352
v 12.683850 5.823416 -0.088219
v 12.687286 5.847361 0.073352
v 12.681483 5.806922 0.081504
v 12.682644 5.815007 -0.086524
v 12.688223 5.853892 0.062381
v 12.682644 5.815007 0.086525
v 12.681484 5.806922 -0.081503
v 12.688993 5.859252 0.049012
v 12.683850 5.823416 0.088220
v 12.680414 5.799470 -0.073351
v 12.689564 5.863235 0.033760
v 12.679478 5.792939 -0.062380
v 12.689916 5.865688 0.017211
v 12.678708 5.787579 -0.049011
v 12.690035 5.866516 0.000000
v 12.678137 5.783596 -0.033759
v 12.689916 5.865688 -0.017210
v 12.677785 5.781143 -0.017210
v 12.689564 5.863235 -0.033760
v 12.758460 5.837164 0.062381
v 12.750067 5.831804 0.073352
v 12.762783 5.679175 0.055594
v 12.773869 5.679252 0.047279
v 12.673236 5.782742 0.049012
v 12.680124 5.787141 0.062381
v 12.740490 5.825689 -0.081503
v 12.730099 5.819053 -0.086524
v 12.740490 5.825689 0.081504
v 12.688519 5.792501 0.073352
v 12.719293 5.812152 -0.088219
v 12.698095 5.798616 0.081504
v 12.708487 5.805252 -0.086524
v 12.708487 5.805252 0.086525
v 12.698095 5.798616 -0.081503
v 12.765349 5.841563 0.049012
v 12.719293 5.812152 0.088220
v 12.688519 5.792501 -0.073351
v 12.770469 5.844832 0.033760
v 12.680124 5.787141 -0.062380
v 12.773620 5.846845 0.017211
v 12.673236 5.782742 -0.049011
v 12.774684 5.847525 0.000000
v 12.668118 5.779473 -0.033759
v 12.773620 5.846845 -0.017210
v 12.664965 5.777460 -0.017210
v 12.770469 5.844832 -0.033760
v 12.663900 5.776781 0.000001
v 12.765349 5.841563 -0.049011
v 12.664965 5.777460 0.017211
v 12.758460 5.837164 -0.062380
v 12.668118 5.779473 0.033761
v 12.750067 5.831804 -0.073351
v 12.793889 5.679391 0.013045
v 12.789727 5.679362 0.025587
v 12.824324 5.130745 0.031476
v 12.829443 5.130781 0.016047
v 12.694144 5.678699 0.061773
v 12.707868 5.678793 0.065577
v 12.707868 5.678793 -0.065576
v 12.694144 5.678698 -0.061771
v 12.782967 5.679315 0.037147
v 12.722139 5.678893 0.066862
v 12.681497 5.678611 -0.055593
v 12.670410 5.678534 -0.047277
v 12.661313 5.678470 -0.037146
v 12.795295 5.679401 0.000001
v 12.654552 5.678423 -0.025586
v 12.793889 5.679391 -0.013043
v 12.650389 5.678394 -0.013043
v 12.789727 5.679362 -0.025586
v 12.648984 5.678385 0.000001
v 12.782967 5.679315 -0.037146
v 12.650389 5.678394 0.013045
v 12.773869 5.679252 -0.047278
v 12.654552 5.678423 0.025587
v 12.762783 5.679175 -0.055593
v 12.661312 5.678470 0.037147
v 12.750134 5.679088 -0.061771
v 12.722139 5.678893 0.066862
v 12.736411 5.678992 0.065577
v 12.670410 5.678534 0.047279
v 12.736411 5.678992 -0.065576
v 12.750134 5.679088 0.061772
v 12.681497 5.678611 0.055594
v 12.722139 5.678893 -0.066861
v 12.824324 5.130745 -0.031473
v 12.829443 5.130781 -0.016044
v 12.835855 4.295682 -0.016043
v 12.830734 4.295712 -0.031472
v 12.677550 5.129726 -0.058156
v 12.666359 5.129648 -0.045693
v 12.831173 5.130793 0.000001
v 12.658043 5.129591 -0.031473
v 12.652922 5.129555 -0.016044
v 12.651193 5.129543 0.000001
v 12.816008 5.130687 -0.045693
v 12.652922 5.129555 0.016047
v 12.804815 5.130610 -0.058156
v 12.658043 5.129591 0.031476
v 12.791179 5.130515 -0.068385
v 12.666359 5.129648 0.045695
v 12.775620 5.130407 -0.075985
v 12.741183 5.130168 0.082248
v 12.758739 5.130290 0.080668
v 12.677550 5.129726 0.058159
v 12.758739 5.130290 -0.080665
v 12.775620 5.130407 0.075988
v 12.691187 5.129820 0.068387
v 12.741183 5.130168 -0.082246
v 12.791179 5.130515 0.068387
v 12.706745 5.129929 0.075988
v 12.723627 5.130046 -0.080665
v 12.804815 5.130610 0.058159
v 12.723627 5.130046 0.080668
v 12.706745 5.129929 -0.075985
v 12.816008 5.130687 0.045695
v 12.741183 5.130168 0.082248
v 12.691187 5.129820 -0.068385
v 12.797588 4.295907 -0.068384
v 12.811226 4.295827 -0.058155
v 12.817429 3.749686 -0.058154
v 12.803793 3.749568 -0.068383
v 12.659327 4.296722 -0.016043
v 12.657598 4.296732 0.000002
v 12.822418 4.295762 -0.045692
v 12.659327 4.296722 0.016048
v 12.664449 4.296692 0.031477
v 12.672765 4.296643 0.045696
v 12.782029 4.296000 -0.075984
v 12.747591 4.296203 0.082249
v 12.765147 4.296099 0.080669
v 12.683956 4.296577 0.058160
v 12.765147 4.296099 -0.080664
v 12.782029 4.296000 0.075989
v 12.697594 4.296496 0.068388
v 12.747591 4.296202 -0.082245
v 12.797588 4.295907 0.068388
v 12.713153 4.296405 0.075989
v 12.730034 4.296306 -0.080664
v 12.811226 4.295827 0.058160
v 12.730034 4.296306 0.080669
v 12.713153 4.296405 -0.075984
v 12.822418 4.295762 0.045696
v 12.747591 4.296203 0.082249
v 12.697594 4.296496 -0.068384
v 12.830734 4.295712 0.031477
v 12.683956 4.296577 -0.058155
v 12.835855 4.295682 0.016048
v 12.672765 4.296643 -0.045692
v 12.837584 4.295672 0.000002
v 12.664449 4.296692 -0.031472
v 12.843784 3.749914 0.000003
v 12.842054 3.749899 0.016049
v 12.825087 1.169442 0.016050
v 12.826816 1.169457 0.000004
v 12.670666 3.748418 0.031478
v 12.678981 3.748490 0.045697
v 12.788235 3.749434 -0.075983
v 12.753800 3.749137 0.082250
v 12.771355 3.749288 0.080670
v 12.690171 3.748587 0.058160
v 12.771355 3.749288 -0.080664
v 12.788235 3.749434 0.075989
v 12.703808 3.748705 0.068389
v 12.753800 3.749136 -0.082244
v 12.803793 3.749568 0.068389
v 12.719365 3.748839 0.075989
v 12.736245 3.748985 -0.080664
v 12.817429 3.749686 0.058160
v 12.736245 3.748985 0.080670
v 12.719365 3.748839 -0.075983
v 12.828619 3.749783 0.045697
v 12.753800 3.749137 0.082250
v 12.703808 3.748705 -0.068383
v 12.836935 3.749855 0.031478
v 12.690171 3.748587 -0.058154
v 12.678981 3.748490 -0.045691
v 12.670666 3.748418 -0.031472
v 12.842054 3.749899 -0.016043
v 12.665545 3.748374 -0.016043
v 12.836935 3.749855 -0.031472
v 12.663815 3.748359 0.000003
v 12.828619 3.749783 -0.045691
v 12.665545 3.748374 0.016049
v 12.062130 1.156740 -0.033758
v 12.067623 1.156740 -0.017209
v 12.117795 -0.005970 -0.017206
v 12.112301 -0.005970 -0.033756
v 12.719277 1.168528 -0.080662
v 12.736832 1.168680 -0.082243
v 12.787004 0.005970 -0.082240
v 12.769448 0.005818 -0.080660
v 11.972942 1.156740 0.088221
v 11.991776 1.156740 0.086526
v 12.825087 1.169442 -0.016041
v 11.892675 1.156740 -0.049010
v 11.883755 1.156740 -0.033758
v 12.819967 1.169398 -0.031470
v 11.954109 1.156740 0.086526
v 11.972942 1.156740 0.088221
v 11.883755 1.156740 0.033762
v 11.892675 1.156740 0.049014
v 12.811651 1.169326 -0.045690
v 12.053209 1.156740 0.049014
v 12.062130 1.156740 0.033762
v 12.800460 1.169229 -0.058153
v 12.053209 1.156740 -0.049010
v 12.786824 1.169112 -0.068382
v 11.991776 1.156740 -0.086522
v 12.771267 1.168978 -0.075982
v 11.904681 1.156740 -0.062379
v 12.754387 1.168832 -0.080662
v 11.878262 1.156740 0.017212
v 12.041203 1.156740 0.062382
v 11.936000 1.156740 0.081506
v 12.702397 1.168382 -0.075982
v 12.009885 1.156740 -0.081502
v 12.686839 1.168248 -0.068382
v 11.919310 1.156740 -0.073350
v 12.673203 1.168130 -0.058153
v 12.026574 1.156740 0.073353
v 11.876407 1.156740 0.000002
v 12.662013 1.168033 -0.045690
v 12.653698 1.167962 -0.031470
v 11.919310 1.156740 0.073353
v 12.069478 1.156740 0.000002
v 12.648577 1.167918 -0.016041
v 12.026575 1.156740 -0.073350
v 12.646848 1.167903 0.000004
v 11.936000 1.156740 -0.081502
v 12.648577 1.167918 0.016050
v 12.009885 1.156740 0.081506
v 11.878262 1.156740 -0.017209
v 12.653698 1.167962 0.031479
v 12.662013 1.168033 0.045698
v 11.904681 1.156740 0.062382
v 12.736832 1.168680 0.082251
v 12.754387 1.168832 0.080671
v 12.067623 1.156740 0.017213
v 12.673203 1.168130 0.058162
v 12.771267 1.168978 0.075991
v 12.041203 1.156740 -0.062379
v 12.686840 1.168248 0.068390
v 12.786824 1.169112 0.068390
v 12.702396 1.168383 0.075991
v 12.800460 1.169229 0.058162
v 12.719276 1.168528 0.080671
v 12.811651 1.169326 0.045698
v 12.736832 1.168680 0.082251
v 12.819967 1.169398 0.031479
v 10.589813 -0.005970 0.017215
v 10.587958 -0.005970 0.000004
v 11.373565 0.005324 0.045701
v 11.365249 0.005252 0.031482
v 12.752568 0.005672 -0.075979
v 12.119650 -0.005970 0.000004
v 12.737011 0.005538 -0.068379
v 12.117795 -0.005970 0.017215
v 12.723375 0.005420 -0.058150
v 12.112301 -0.005970 0.033764
v 12.712184 0.005324 -0.045687
v 12.103380 -0.005970 0.049016
v 12.004280 -0.005970 0.086528
v 12.023113 -0.005970 0.088224
v 12.703869 0.005252 -0.031467
v 12.091375 -0.005970 0.062385
v 11.986171 -0.005970 0.081508
v 12.698748 0.005208 -0.016038
v 12.076746 -0.005970 0.073356
v 11.969481 -0.005970 0.073356
v 12.697020 0.005193 0.000007
v 12.060057 -0.005970 0.081508
v 11.954852 -0.005970 0.062385
v 12.698748 0.005208 0.016053
v 12.041946 -0.005970 0.086529
v 11.942847 -0.005970 0.049016
v 12.703869 0.005252 0.031482
v 12.023113 -0.005970 0.088224
v 11.933926 -0.005970 0.033764
v 12.712184 0.005324 0.045701
v 12.787004 0.005970 0.082254
v 12.804558 0.006122 0.080674
v 11.928432 -0.005970 0.017215
v 12.723374 0.005420 0.058165
v 12.821439 0.006268 0.075993
v 11.926578 -0.005970 0.000004
v 12.737011 0.005538 0.068393
v 12.836996 0.006402 0.068393
v 11.928432 -0.005970 -0.017206
v 12.752568 0.005673 0.075993
v 12.850632 0.006519 0.058164
v 11.933926 -0.005970 -0.033756
v 12.769448 0.005818 0.080674
v 12.861823 0.006616 0.045701
v 11.942847 -0.005970 -0.049008
v 12.787004 0.005970 0.082254
v 12.870138 0.006688 0.031482
v 11.954852 -0.005970 -0.062376
v 12.875258 0.006732 0.016053
v 11.969481 -0.005970 -0.073347
v 12.876987 0.006747 0.000007
v 11.986171 -0.005970 -0.081500
v 12.875258 0.006732 -0.016039
v 12.004280 -0.005970 -0.086520
v 12.870138 0.006688 -0.031468
v 12.023113 -0.005970 -0.088215
v 12.861823 0.006616 -0.045687
v 12.041946 -0.005970 -0.086520
v 12.850632 0.006519 -0.058150
v 12.060057 -0.005970 -0.081500
v 12.836996 0.006402 -0.068379
v 12.076746 -0.005970 -0.073347
v 12.821439 0.006268 -0.075979
v 12.091375 -0.005970 -0.062376
v 12.804558 0.006122 -0.080660
v 12.103380 -0.005970 -0.049008
v 10.688233 3.737196 0.081504
v 10.704923 3.737196 0.073352
v 10.719552 3.737196 0.062381
v 10.731557 3.737196 0.049012
v 10.740479 3.737196 0.033760
v 10.745972 3.737196 0.017211
v 10.747827 3.737196 0.000000
v 10.745972 3.737196 -0.017210
v 10.740479 3.737196 -0.033760
v 10.731557 3.737196 -0.049012
v 10.719552 3.737196 -0.062380
v 10.704923 3.737196 -0.073351
v 10.688233 3.737196 -0.081504
v 10.670124 3.737196 -0.086524
v 10.614347 3.737196 -0.081504
v 10.597658 3.737196 -0.073351
v 10.583029 3.737196 -0.062380
v 10.571024 3.737196 -0.049012
v 10.562103 3.737196 -0.033760
v 10.556609 3.737196 -0.017210
v 10.554754 3.737196 0.000000
v 10.556609 3.737196 0.017211
v 10.562103 3.737196 0.033760
v 10.571024 3.737196 0.049012
v 10.583029 3.737196 0.062381
v 10.597658 3.737196 0.073352
v 10.614347 3.737196 0.081504
v 10.632458 3.737196 0.086524
v 10.651291 3.737196 0.088220
v 10.571023 5.409011 0.049012
v 10.583029 5.409011 0.062381
v 10.584697 5.609804 0.062381
v 10.572985 5.610984 0.049012
v 10.719551 5.409011 0.062381
v 10.704922 5.409011 0.073352
v 10.632457 5.409011 -0.086524
v 10.651289 5.409011 -0.088219
v 10.597657 5.409011 0.073352
v 10.688232 5.409011 0.081504
v 10.670123 5.409011 -0.086524
v 10.670123 5.409011 0.086524
v 10.688232 5.409011 -0.081504
v 10.651289 5.409011 0.088220
v 10.704922 5.409011 -0.073351
v 10.562101 5.409011 0.033760
v 10.719551 5.409011 -0.062380
v 10.556608 5.409011 0.017211
v 10.731556 5.409011 -0.049012
v 10.554754 5.409011 0.000000
v 10.740478 5.409011 -0.033760
v 10.556608 5.409011 -0.017210
v 10.745971 5.409011 -0.017210
v 10.562101 5.409011 -0.033760
v 10.747826 5.409011 0.000000
v 10.571023 5.409011 -0.049012
v 10.745971 5.409011 0.017211
v 10.583029 5.409011 -0.062380
v 10.740478 5.409011 0.033760
v 10.597657 5.409011 -0.073351
v 10.731556 5.409011 0.049012
v 10.614347 5.409011 -0.081504
v 10.651289 5.409011 0.088220
v 10.564281 5.611861 -0.033760
v 10.558923 5.612401 -0.017210
v 10.623317 5.684386 -0.017210
v 10.626270 5.682313 -0.033760
v 10.669663 5.601243 0.086524
v 10.651290 5.603095 0.088220
v 10.687330 5.599463 -0.081504
v 10.703612 5.597823 -0.073351
v 10.564281 5.611861 0.033760
v 10.717884 5.596385 -0.062380
v 10.558923 5.612401 0.017211
v 10.729596 5.595205 -0.049012
v 10.557113 5.612583 0.000000
v 10.738298 5.594328 -0.033760
v 10.743658 5.593789 -0.017210
v 10.745468 5.593606 0.000000
v 10.572985 5.610984 -0.049012
v 10.743658 5.593789 0.017211
v 10.584697 5.609804 -0.062380
v 10.738298 5.594328 0.033760
v 10.598969 5.608366 -0.073351
v 10.729596 5.595205 0.049012
v 10.615251 5.606726 -0.081504
v 10.651290 5.603095 0.088220
v 10.632917 5.604946 0.086524
v 10.717884 5.596385 0.062381
v 10.632917 5.604946 -0.086524
v 10.615251 5.606726 0.081504
v 10.703612 5.597823 0.073352
v 10.651290 5.603095 -0.088219
v 10.598969 5.608366 0.073352
v 10.687330 5.599463 0.081504
v 10.669663 5.601243 -0.086524
v 10.645391 5.668902 -0.073351
v 10.637524 5.674420 -0.062380
v 10.822182 5.654823 -0.062380
v 10.821590 5.648284 -0.073351
v 10.725148 5.612959 -0.017210
v 10.726146 5.612259 0.000000
v 10.631068 5.678948 -0.049012
v 10.725148 5.612959 0.017211
v 10.722194 5.615031 0.033760
v 10.717397 5.618396 0.049012
v 10.654366 5.662607 -0.081504
v 10.674232 5.648673 0.088219
v 10.664104 5.655776 0.086524
v 10.710940 5.622925 0.062381
v 10.664104 5.655776 -0.086524
v 10.654366 5.662607 0.081504
v 10.703074 5.628443 0.073352
v 10.674232 5.648673 -0.088219
v 10.645391 5.668902 0.073352
v 10.694098 5.634738 0.081504
v 10.684361 5.641569 -0.086524
v 10.637524 5.674420 0.062381
v 10.684361 5.641569 0.086524
v 10.694098 5.634738 -0.081504
v 10.631068 5.678948 0.049012
v 10.674232 5.648673 0.088219
v 10.703074 5.628442 -0.073351
v 10.626270 5.682313 0.033760
v 10.710940 5.622925 -0.062380
v 10.623317 5.684386 0.017211
v 10.717397 5.618396 -0.049012
v 10.622319 5.685085 0.000000
v 10.722194 5.615031 -0.033760
v 10.819421 5.624309 -0.088219
v 10.820183 5.632728 -0.086524
v 10.932551 5.640583 -0.086524
v 10.942598 5.633456 -0.088219
v 10.815813 5.584440 0.033760
v 10.816174 5.588428 0.049012
v 10.820914 5.640823 -0.081504
v 10.819421 5.624309 0.088220
v 10.820183 5.632728 0.086524
v 10.816660 5.593794 0.062381
v 10.820914 5.640823 0.081504
v 10.817251 5.600334 0.073352
v 10.821589 5.648284 0.073352
v 10.817926 5.607795 0.081504
v 10.818659 5.615890 -0.086524
v 10.822182 5.654823 0.062381
v 10.818659 5.615890 0.086524
v 10.817926 5.607795 -0.081504
v 10.822667 5.660190 0.049012
v 10.819421 5.624309 0.088220
v 10.817251 5.600334 -0.073351
v 10.823028 5.664178 0.033760
v 10.816660 5.593794 -0.062380
v 10.823251 5.666634 0.017211
v 10.816174 5.588428 -0.049012
v 10.823325 5.667463 0.000000
v 10.815813 5.584440 -0.033760
v 10.823251 5.666634 -0.017210
v 10.815591 5.581984 -0.017210
v 10.823028 5.664178 -0.033760
v 10.815516 5.581155 0.000000
v 10.822667 5.660190 -0.049012
v 10.815591 5.581984 0.017211
v 10.971209 5.613161 -0.073351
v 10.962305 5.619476 -0.081503
v 11.141707 5.671120 -0.081503
v 11.154653 5.666407 -0.073351
v 10.922891 5.647436 0.081504
v 10.913987 5.653751 0.073352
v 10.971209 5.613161 0.073352
v 10.962305 5.619476 0.081504
v 10.952644 5.626329 -0.086524
v 10.906183 5.659287 0.062381
v 10.952644 5.626329 0.086524
v 10.899779 5.663830 0.049012
v 10.942598 5.633456 0.088220
v 10.895020 5.667206 0.033760
v 10.979012 5.607625 -0.062380
v 10.892090 5.669284 0.017211
v 10.985416 5.603082 -0.049011
v 10.891100 5.669987 0.000000
v 10.990176 5.599706 -0.033760
v 10.892090 5.669284 -0.017210
v 10.993106 5.597627 -0.017210
v 10.895020 5.667206 -0.033760
v 10.994096 5.596925 0.000000
v 10.899779 5.663830 -0.049012
v 10.993106 5.597627 0.017211
v 10.906183 5.659287 -0.062380
v 10.990176 5.599706 0.033760
v 10.913987 5.653751 -0.073351
v 10.985416 5.603082 0.049012
v 10.922891 5.647436 -0.081504
v 10.942598 5.633456 0.088220
v 10.932551 5.640583 0.086524
v 10.979012 5.607625 0.062381
v 11.182230 5.656367 -0.033760
v 11.175311 5.658885 -0.049011
v 11.308750 5.739423 -0.049011
v 11.312058 5.735717 -0.033759
v 11.050797 5.704219 0.049012
v 11.043878 5.706738 0.033760
v 11.165999 5.662276 -0.062380
v 11.039617 5.708289 0.017211
v 11.038177 5.708813 0.000000
v 11.039617 5.708289 -0.017210
v 11.186491 5.654815 -0.017210
v 11.043878 5.706738 -0.033760
v 11.187929 5.654292 0.000001
v 11.050797 5.704219 -0.049012
v 11.186491 5.654815 0.017211
v 11.060108 5.700829 -0.062380
v 11.182230 5.656367 0.033761
v 11.071455 5.696698 -0.073351
v 11.175311 5.658885 0.049012
v 11.084400 5.691984 -0.081503
v 11.113053 5.681552 0.088220
v 11.098447 5.686871 0.086524
v 11.165999 5.662276 0.062381
v 11.098447 5.686871 -0.086524
v 11.084400 5.691984 0.081504
v 11.154653 5.666407 0.073352
v 11.113053 5.681552 -0.088219
v 11.071455 5.696698 0.073352
v 11.141707 5.671120 0.081504
v 11.127662 5.676234 -0.086524
v 11.060108 5.700829 0.062381
v 11.127661 5.676234 0.086525
v 11.113053 5.681552 0.088220
v 11.314095 5.733435 0.017211
v 11.314783 5.732664 0.000001
v 11.339046 5.780315 0.000001
v 11.339165 5.781143 0.017211
v 11.243181 5.812882 0.000000
v 11.243869 5.812112 -0.017210
v 11.314095 5.733435 -0.017210
v 11.245907 5.809830 -0.033760
v 11.249215 5.806123 -0.049011
v 11.253667 5.801135 -0.062380
v 11.312058 5.735717 0.033761
v 11.259092 5.795057 -0.073351
v 11.308750 5.739423 0.049012
v 11.265282 5.788122 -0.081503
v 11.278982 5.772773 0.088220
v 11.271998 5.780598 0.086524
v 11.304297 5.744411 0.062381
v 11.271998 5.780598 -0.086524
v 11.265282 5.788122 0.081504
v 11.298872 5.750489 0.073352
v 11.278982 5.772773 -0.088219
v 11.259092 5.795057 0.073352
v 11.292683 5.757424 0.081504
v 11.285967 5.764948 -0.086524
v 11.253667 5.801135 0.062381
v 11.285967 5.764948 0.086525
v 11.292683 5.757424 -0.081503
v 11.249215 5.806123 0.049012
v 11.278982 5.772773 0.088220
v 11.298872 5.750489 -0.073351
v 11.245907 5.809830 0.033760
v 11.304297 5.744411 -0.062380
v 11.243869 5.812112 0.017211
v 11.346437 5.831824 0.086524
v 11.345230 5.823416 0.088220
v 11.380673 5.812152 0.088220
v 11.391479 5.819053 0.086524
v 11.350372 5.859252 -0.049011
v 11.349604 5.853892 -0.062380
v 11.339517 5.783596 0.033761
v 11.348666 5.847361 -0.073351
v 11.340088 5.787579 0.049012
v 11.347597 5.839909 -0.081503
v 11.340858 5.792939 0.062381
v 11.346437 5.831824 -0.086524
v 11.347597 5.839909 0.081504
v 11.341795 5.799470 0.073352
v 11.345230 5.823416 -0.088219
v 11.348666 5.847361 0.073352
v 11.342864 5.806922 0.081504
v 11.344025 5.815007 -0.086524
v 11.349604 5.853892 0.062381
v 11.344024 5.815007 0.086525
v 11.342864 5.806922 -0.081503
v 11.350372 5.859252 0.049012
v 11.345230 5.823416 0.088220
v 11.341795 5.799470 -0.073351
v 11.350945 5.863235 0.033760
v 11.340858 5.792939 -0.062380
v 11.351296 5.865688 0.017211
v 11.340088 5.787579 -0.049011
v 11.351415 5.866516 0.000000
v 11.339517 5.783596 -0.033759
v 11.351296 5.865688 -0.017210
v 11.339165 5.781143 -0.017210
v 11.350945 5.863235 -0.033760
v 11.419841 5.837164 0.062381
v 11.411447 5.831804 0.073352
v 11.424163 5.679175 0.055594
v 11.435248 5.679252 0.047279
v 11.334617 5.782742 0.049012
v 11.341505 5.787141 0.062381
v 11.401870 5.825689 -0.081503
v 11.391479 5.819053 -0.086524
v 11.401870 5.825689 0.081504
v 11.349899 5.792501 0.073352
v 11.380673 5.812152 -0.088219
v 11.359476 5.798616 0.081504
v 11.369867 5.805252 -0.086524
v 11.369866 5.805252 0.086525
v 11.359476 5.798616 -0.081503
v 11.426729 5.841563 0.049012
v 11.380673 5.812152 0.088220
v 11.349899 5.792501 -0.073351
v 11.431849 5.844832 0.033760
v 11.341505 5.787141 -0.062380
v 11.435000 5.846845 0.017211
v 11.334617 5.782742 -0.049011
v 11.436064 5.847525 0.000000
v 11.329497 5.779473 -0.033759
v 11.435000 5.846845 -0.017210
v 11.326345 5.777460 -0.017210
v 11.431849 5.844832 -0.033760
v 11.325281 5.776781 0.000001
v 11.426729 5.841563 -0.049011
v 11.326345 5.777460 0.017211
v 11.419841 5.837164 -0.062380
v 11.329497 5.779473 0.033761
v 11.411447 5.831804 -0.073351
v 11.455270 5.679391 0.013045
v 11.451107 5.679362 0.025587
v 11.485703 5.130745 0.031476
v 11.490824 5.130781 0.016047
v 11.355524 5.678699 0.061773
v 11.369247 5.678793 0.065577
v 11.369247 5.678793 -0.065576
v 11.355525 5.678698 -0.061771
v 11.444346 5.679315 0.037147
v 11.383520 5.678893 0.066862
v 11.342876 5.678611 -0.055593
v 11.331791 5.678534 -0.047277
v 11.322693 5.678470 -0.037146
v 11.456676 5.679401 0.000001
v 11.315932 5.678423 -0.025586
v 11.455270 5.679391 -0.013043
v 11.311769 5.678394 -0.013043
v 11.451107 5.679362 -0.025586
v 11.310364 5.678385 0.000001
v 11.444346 5.679315 -0.037146
v 11.311769 5.678394 0.013045
v 11.435248 5.679252 -0.047278
v 11.315932 5.678423 0.025587
v 11.424163 5.679175 -0.055593
v 11.322693 5.678470 0.037147
v 11.411515 5.679088 -0.061771
v 11.383520 5.678893 0.066862
v 11.397791 5.678992 0.065577
v 11.331791 5.678534 0.047279
v 11.397792 5.678992 -0.065576
v 11.411515 5.679088 0.061772
v 11.342876 5.678611 0.055594
v 11.383520 5.678893 -0.066861
v 11.485703 5.130745 -0.031473
v 11.490824 5.130781 -0.016044
v 11.497234 4.295682 -0.016043
v 11.492114 4.295712 -0.031472
v 11.338930 5.129726 -0.058156
v 11.327739 5.129648 -0.045693
v 11.492553 5.130793 0.000001
v 11.319423 5.129591 -0.031473
v 11.314301 5.129555 -0.016044
v 11.312572 5.129543 0.000001
v 11.477387 5.130687 -0.045693
v 11.314301 5.129555 0.016047
v 11.466195 5.130610 -0.058156
v 11.319423 5.129591 0.031476
v 11.452559 5.130515 -0.068385
v 11.327739 5.129648 0.045695
v 11.437000 5.130407 -0.075985
v 11.402563 5.130168 0.082248
v 11.420119 5.130290 0.080668
v 11.338930 5.129726 0.058159
v 11.420119 5.130290 -0.080665
v 11.437000 5.130407 0.075988
v 11.352568 5.129820 0.068387
v 11.402563 5.130168 -0.082246
v 11.452559 5.130515 0.068387
v 11.368126 5.129929 0.075988
v 11.385007 5.130046 -0.080665
v 11.466195 5.130610 0.058159
v 11.385007 5.130046 0.080668
v 11.368126 5.129929 -0.075985
v 11.477387 5.130687 0.045695
v 11.402563 5.130168 0.082248
v 11.352568 5.129820 -0.068385
v 11.458968 4.295907 -0.068384
v 11.472606 4.295827 -0.058155
v 11.478808 3.749686 -0.058154
v 11.465173 3.749568 -0.068383
v 11.320707 4.296722 -0.016043
v 11.318978 4.296732 0.000002
v 11.483798 4.295762 -0.045692
v 11.320707 4.296722 0.016048
v 11.325829 4.296692 0.031477
v 11.334145 4.296643 0.045696
v 11.443410 4.296000 -0.075984
v 11.408972 4.296203 0.082249
v 11.426528 4.296099 0.080669
v 11.345336 4.296577 0.058160
v 11.426528 4.296099 -0.080664
v 11.443410 4.296000 0.075989
v 11.358974 4.296496 0.068388
v 11.408972 4.296202 -0.082245
v 11.458968 4.295907 0.068388
v 11.374533 4.296405 0.075989
v 11.391415 4.296306 -0.080664
v 11.472606 4.295827 0.058160
v 11.391415 4.296306 0.080669
v 11.374533 4.296405 -0.075984
v 11.483798 4.295762 0.045696
v 11.408972 4.296203 0.082249
v 11.358974 4.296496 -0.068384
v 11.492114 4.295712 0.031477
v 11.345336 4.296577 -0.058155
v 11.497234 4.295682 0.016048
v 11.334145 4.296643 -0.045692
v 11.498964 4.295672 0.000002
v 11.325829 4.296692 -0.031472
v 11.505164 3.749914 0.000003
v 11.503435 3.749899 0.016049
v 11.486467 1.169442 0.016050
v 11.488196 1.169457 0.000004
v 11.332046 3.748418 0.031478
v 11.340362 3.748490 0.045697
v 11.449615 3.749434 -0.075983
v 11.415180 3.749137 0.082250
v 11.432735 3.749288 0.080670
v 11.351551 3.748587 0.058160
v 11.432735 3.749288 -0.080664
v 11.449615 3.749434 0.075989
v 11.365189 3.748705 0.068389
v 11.415180 3.749136 -0.082244
v 11.465173 3.749568 0.068389
v 11.380745 3.748839 0.075989
v 11.397625 3.748985 -0.080664
v 11.478808 3.749686 0.058160
v 11.397625 3.748985 0.080670
v 11.380745 3.748839 -0.075983
v 11.490000 3.749783 0.045697
v 11.415180 3.749137 0.082250
v 11.365188 3.748705 -0.068383
v 11.498315 3.749855 0.031478
v 11.351552 3.748587 -0.058154
v 11.340362 3.748490 -0.045691
v 11.332046 3.748418 -0.031472
v 11.503435 3.749899 -0.016043
v 11.326925 3.748374 -0.016043
v 11.498315 3.749855 -0.031472
v 11.325196 3.748359 0.000003
v 11.490000 3.749783 -0.045691
v 11.326925 3.748374 0.016049
v 10.723510 1.156740 -0.033758
v 10.729004 1.156740 -0.017209
v 10.779175 -0.005970 -0.017206
v 10.773682 -0.005970 -0.033756
v 11.380657 1.168528 -0.080662
v 11.398212 1.168680 -0.082243
v 11.448383 0.005970 -0.082240
v 11.430829 0.005818 -0.080660
v 10.634322 1.156740 0.088221
v 10.653155 1.156740 0.086526
v 11.486467 1.169442 -0.016041
v 10.554055 1.156740 -0.049010
v 10.545135 1.156740 -0.033758
v 11.481347 1.169398 -0.031470
v 10.615489 1.156740 0.086526
v 10.634322 1.156740 0.088221
v 10.545135 1.156740 0.033762
v 10.554055 1.156740 0.049014
v 11.473031 1.169326 -0.045690
v 10.714589 1.156740 0.049014
v 10.723510 1.156740 0.033762
v 11.461841 1.169229 -0.058153
v 10.714589 1.156740 -0.049010
v 11.448205 1.169112 -0.068382
v 10.653155 1.156740 -0.086522
v 11.432648 1.168978 -0.075982
v 10.566061 1.156740 -0.062379
v 11.415767 1.168832 -0.080662
v 10.539641 1.156740 0.017212
v 10.702583 1.156740 0.062382
v 10.597380 1.156740 0.081506
v 11.363777 1.168382 -0.075982
v 10.671265 1.156740 -0.081502
v 11.348220 1.168248 -0.068382
v 10.580689 1.156740 -0.073350
v 11.334583 1.168130 -0.058153
v 10.687955 1.156740 0.073353
v 10.537786 1.156740 0.000002
v 11.323393 1.168033 -0.045690
v 11.315078 1.167962 -0.031470
v 10.580689 1.156740 0.073353
v 10.730858 1.156740 0.000002
v 11.309957 1.167918 -0.016041
v 10.687955 1.156740 -0.073350
v 11.308228 1.167903 0.000004
v 10.597380 1.156740 -0.081502
v 11.309957 1.167918 0.016050
v 10.671265 1.156740 0.081506
v 10.539641 1.156740 -0.017209
v 11.315078 1.167962 0.031479
v 11.323393 1.168033 0.045698
v 10.566061 1.156740 0.062382
v 11.398212 1.168680 0.082251
v 11.415767 1.168832 0.080671
v 10.729004 1.156740 0.017213
v 11.334583 1.168130 0.058162
v 11.432648 1.168978 0.075991
v 10.702583 1.156740 -0.062379
v 11.348220 1.168248 0.068390
v 11.448205 1.169112 0.068390
v 11.363777 1.168383 0.075991
v 11.461841 1.169229 0.058162
v 11.380657 1.168528 0.080671
v 11.473031 1.169326 0.045698
v 11.398212 1.168680 0.082251
v 11.481347 1.169398 0.031479
v 10.595306 -0.005970 0.033764
v 11.413949 0.005672 -0.075979
v 10.781030 -0.005970 0.000004
v 11.398391 0.005538 -0.068379
v 10.779175 -0.005970 0.017215
v 11.384755 0.005420 -0.058150
v 10.773682 -0.005970 0.033764
v 11.373565 0.005324 -0.045687
v 10.764761 -0.005970 0.049016
v 10.665661 -0.005970 0.086528
v 10.684494 -0.005970 0.088224
v 11.365249 0.005252 -0.031467
v 10.752755 -0.005970 0.062385
v 10.647552 -0.005970 0.081508
v 11.360128 0.005208 -0.016038
v 10.738126 -0.005970 0.073356
v 10.630861 -0.005970 0.073356
v 11.358399 0.005193 0.000007
v 10.721437 -0.005970 0.081508
v 10.616233 -0.005970 0.062385
v 11.360128 0.005208 0.016053
v 10.703327 -0.005970 0.086529
v 10.604227 -0.005970 0.049016
v 10.684494 -0.005970 0.088224
v 11.448383 0.005970 0.082254
v 11.465939 0.006122 0.080674
v 11.384755 0.005420 0.058165
v 11.482819 0.006268 0.075993
v 11.398392 0.005538 0.068393
v 11.498376 0.006402 0.068393
v 10.589813 -0.005970 -0.017206
v 11.413948 0.005673 0.075993
v 11.512012 0.006519 0.058164
v 10.595306 -0.005970 -0.033756
v 11.430828 0.005818 0.080674
v 11.523203 0.006616 0.045701
v 10.604227 -0.005970 -0.049008
v 11.448383 0.005970 0.082254
v 11.531518 0.006688 0.031482
v 10.616233 -0.005970 -0.062376
v 11.536638 0.006732 0.016053
v 10.630861 -0.005970 -0.073347
v 11.538367 0.006747 0.000007
v 10.647552 -0.005970 -0.081500
v 11.536638 0.006732 -0.016039
v 10.665661 -0.005970 -0.086520
v 11.531518 0.006688 -0.031468
v 10.684494 -0.005970 -0.088215
v 11.523203 0.006616 -0.045687
v 10.703327 -0.005970 -0.086520
v 11.512012 0.006519 -0.058150
v 10.721437 -0.005970 -0.081500
v 11.498376 0.006402 -0.068379
v 10.738126 -0.005970 -0.073347
v 11.482819 0.006268 -0.075979
v 10.752755 -0.005970 -0.062376
v 11.465939 0.006122 -0.080660
v 10.764761 -0.005970 -0.049008
v 11.422213 6.307593 0.033760
v 11.413349 6.308044 0.049012
v 11.376107 6.174783 0.049012
v 11.384317 6.173222 0.033760
v 11.280309 6.314819 -0.073352
v 11.265774 6.315559 -0.062381
v 11.239524 6.316896 -0.017211
v 11.237680 6.316990 -0.000000
v 11.314885 6.313058 -0.086524
v 11.296891 6.313975 -0.081504
v 11.427671 6.307315 -0.017211
v 11.422213 6.307593 -0.033760
v 11.333597 6.312106 0.088219
v 11.352310 6.311153 0.086524
v 11.352310 6.311153 -0.086524
v 11.333597 6.312106 -0.088220
v 11.296891 6.313975 0.081503
v 11.314885 6.313058 0.086524
v 11.401421 6.308651 0.062380
v 11.253845 6.316167 -0.049012
v 11.244982 6.316618 -0.033760
v 11.386886 6.309392 -0.073352
v 11.370303 6.310237 -0.081504
v 11.265774 6.315559 0.062380
v 11.280309 6.314819 0.073351
v 11.429514 6.307221 -0.000000
v 11.413349 6.308044 -0.049012
v 11.401421 6.308651 -0.062381
v 11.253845 6.316167 0.049012
v 11.386886 6.309392 0.073351
v 11.427671 6.307315 0.017210
v 11.370303 6.310237 0.081504
v 11.333597 6.312106 0.088219
v 11.215094 6.205393 -0.017211
v 11.220149 6.204432 -0.033760
v 11.137211 6.139138 -0.033760
v 11.133092 6.140764 -0.017211
v 11.284901 6.192122 -0.086524
v 11.268233 6.195290 -0.081504
v 11.228359 6.202871 -0.049012
v 11.365058 6.176883 0.062380
v 11.239408 6.200770 0.062380
v 11.252872 6.198211 0.073351
v 11.376107 6.174783 -0.049012
v 11.365058 6.176883 -0.062381
v 11.351594 6.179442 0.073351
v 11.252872 6.198211 -0.073352
v 11.336234 6.182363 0.081504
v 11.268233 6.195290 0.081503
v 11.351594 6.179442 -0.073352
v 11.319567 6.185531 0.086524
v 11.239408 6.200770 -0.062381
v 11.213387 6.205718 -0.000000
v 11.302234 6.188827 0.088219
v 11.284901 6.192122 0.086524
v 11.336234 6.182363 -0.081504
v 11.215094 6.205393 0.017210
v 11.302234 6.188827 0.088219
v 11.319567 6.185531 -0.086524
v 11.384317 6.173222 -0.033760
v 11.220149 6.204432 0.033760
v 11.389374 6.172261 -0.017211
v 11.302234 6.188827 -0.088220
v 11.391081 6.171936 -0.000000
v 11.228359 6.202871 0.049011
v 11.389374 6.172261 0.017210
v 11.231788 6.101803 -0.081504
v 11.244303 6.096863 -0.073352
v 11.082532 6.046305 -0.073352
v 11.074483 6.052846 -0.081504
v 11.231788 6.101803 0.081504
v 11.244303 6.096863 0.073351
v 11.163871 6.128613 0.073351
v 11.176386 6.123673 0.081503
v 11.255272 6.092532 -0.062381
v 11.218208 6.107163 0.086524
v 11.163871 6.128613 -0.073352
v 11.152903 6.132944 -0.062381
v 11.131701 6.141313 -0.000000
v 11.204087 6.112738 0.088219
v 11.189965 6.118312 0.086524
v 11.143900 6.136497 -0.049012
v 11.133092 6.140764 0.017210
v 11.204087 6.112738 0.088219
v 11.218208 6.107163 -0.086524
v 11.270963 6.086338 -0.033760
v 11.264274 6.088979 -0.049012
v 11.137211 6.139138 0.033760
v 11.275082 6.084713 -0.017211
v 11.204087 6.112738 -0.088220
v 11.276473 6.084163 -0.000000
v 11.143900 6.136497 0.049011
v 11.275082 6.084713 0.017210
v 11.189965 6.118312 -0.086524
v 11.270963 6.086338 0.033760
v 11.152903 6.132944 0.062380
v 11.264274 6.088979 0.049012
v 11.176386 6.123673 -0.081504
v 11.255272 6.092532 0.062380
v 11.013652 6.102279 0.033760
v 11.011003 6.104433 0.017210
v 10.984766 6.106369 0.017210
v 10.983782 6.103951 0.033760
v 11.023745 6.094079 -0.062381
v 11.017955 6.098783 -0.049012
v 11.010108 6.105160 -0.000000
v 11.047583 6.074706 0.086524
v 11.056665 6.067325 0.088219
v 11.065749 6.059944 -0.086524
v 11.099680 6.032370 -0.033760
v 11.095377 6.035867 -0.049012
v 11.102328 6.030218 -0.017211
v 11.056665 6.067325 -0.088220
v 11.103224 6.029490 -0.000000
v 11.017955 6.098783 0.049011
v 11.102328 6.030218 0.017210
v 11.047583 6.074706 -0.086524
v 11.099680 6.032370 0.033760
v 11.023745 6.094079 0.062380
v 11.095377 6.035867 0.049012
v 11.038850 6.081804 -0.081504
v 11.013652 6.102279 -0.033760
v 11.089587 6.040572 0.062380
v 11.030800 6.088345 0.073351
v 11.089587 6.040572 -0.062381
v 11.082532 6.046305 0.073351
v 11.030800 6.088345 -0.073352
v 11.011003 6.104433 -0.017211
v 11.074483 6.052846 0.081503
v 11.038850 6.081804 0.081503
v 11.065748 6.059944 0.086524
v 11.056665 6.067325 0.088219
v 10.971174 6.072984 -0.086524
v 10.967800 6.064695 -0.088220
v 10.827483 6.082320 -0.088220
v 10.841830 6.087779 -0.086524
v 10.950835 6.023021 -0.017211
v 10.951818 6.025439 -0.033760
v 10.964426 6.056406 -0.086524
v 10.950502 6.022205 -0.000000
v 10.982183 6.100024 0.049012
v 10.950835 6.023021 0.017210
v 10.951818 6.025439 0.033760
v 10.980032 6.094740 0.062380
v 10.953418 6.029366 0.049012
v 10.974421 6.080955 -0.081504
v 10.982183 6.100024 -0.049012
v 10.983782 6.103951 -0.033760
v 10.955568 6.034650 0.062380
v 10.977410 6.088301 0.073351
v 10.953418 6.029366 -0.049012
v 10.955568 6.034650 -0.062381
v 10.958190 6.041089 0.073351
v 10.977410 6.088301 -0.073352
v 10.984766 6.106369 -0.017211
v 10.961181 6.048434 0.081504
v 10.974421 6.080955 0.081503
v 10.958190 6.041089 -0.073352
v 10.964426 6.056406 0.086524
v 10.980032 6.094740 -0.062381
v 10.985098 6.107185 -0.000000
v 10.967800 6.064695 0.088219
v 10.971174 6.072984 0.086524
v 10.961181 6.048434 -0.081504
v 10.967800 6.064695 0.088219
v 10.868339 6.097865 0.073351
v 10.879482 6.102105 0.062380
v 10.758118 6.166251 0.062380
v 10.743614 6.165396 0.073351
v 10.759545 6.056468 0.033760
v 10.755361 6.054876 0.017210
v 10.888627 6.105585 0.049011
v 10.766341 6.059053 0.049012
v 10.855625 6.093027 -0.081504
v 10.888627 6.105585 -0.049012
v 10.895422 6.108171 -0.033760
v 10.775486 6.062534 0.062380
v 10.766341 6.059053 -0.049012
v 10.775486 6.062534 -0.062381
v 10.786630 6.066774 0.073351
v 10.868339 6.097865 -0.073352
v 10.899608 6.109763 -0.017211
v 10.799343 6.071611 0.081503
v 10.855625 6.093027 0.081503
v 10.786630 6.066774 -0.073352
v 10.813138 6.076860 0.086524
v 10.879482 6.102105 -0.062381
v 10.901020 6.110301 -0.000000
v 10.827483 6.082320 0.088219
v 10.841830 6.087779 0.086524
v 10.799343 6.071611 -0.081504
v 10.899608 6.109763 0.017210
v 10.827483 6.082320 0.088219
v 10.813138 6.076860 -0.086524
v 10.759545 6.056468 -0.033760
v 10.895422 6.108171 0.033760
v 10.755361 6.054876 -0.017211
v 10.753947 6.054338 -0.000000
v 10.758118 6.166251 -0.062381
v 10.743614 6.165396 -0.073352
v 10.717606 6.252855 -0.073352
v 10.732224 6.253088 -0.062381
v 10.610863 6.157569 -0.049012
v 10.622766 6.158271 -0.062381
v 10.637269 6.159126 0.073351
v 10.622766 6.158271 0.062380
v 10.727068 6.164421 -0.081504
v 10.778865 6.167475 -0.033760
v 10.784311 6.167796 -0.017211
v 10.653815 6.160101 0.081504
v 10.727068 6.164421 0.081504
v 10.637269 6.159126 -0.073352
v 10.671770 6.161160 0.086524
v 10.786150 6.167904 -0.000000
v 10.690441 6.162261 0.088219
v 10.709113 6.163362 0.086524
v 10.653815 6.160101 -0.081504
v 10.770020 6.166953 -0.049012
v 10.784311 6.167796 0.017210
v 10.690441 6.162261 0.088219
v 10.671770 6.161160 -0.086524
v 10.602018 6.157047 -0.033760
v 10.778865 6.167475 0.033760
v 10.596573 6.156726 -0.017211
v 10.690441 6.162261 -0.088220
v 10.594733 6.156618 -0.000000
v 10.770020 6.166953 0.049012
v 10.596573 6.156726 0.017210
v 10.709113 6.163362 -0.086524
v 10.602018 6.157047 0.033760
v 10.610863 6.157569 0.049012
v 10.664006 6.252001 0.088219
v 10.682828 6.252301 0.086524
v 10.665141 6.473531 0.086524
v 10.646326 6.473902 0.088219
v 10.758628 6.253510 -0.017211
v 10.760482 6.253539 -0.000000
v 10.664006 6.252001 0.088219
v 10.645185 6.251700 0.086524
v 10.700926 6.252590 0.081504
v 10.610409 6.251146 -0.073352
v 10.627088 6.251412 -0.081504
v 10.744223 6.253280 -0.049012
v 10.758628 6.253510 0.017210
v 10.645185 6.251700 -0.086524
v 10.574875 6.250579 -0.033760
v 10.583791 6.250721 -0.049012
v 10.753138 6.253423 0.033760
v 10.569386 6.250491 -0.017211
v 10.664006 6.252001 -0.088220
v 10.567532 6.250462 -0.000000
v 10.744223 6.253280 0.049012
v 10.569386 6.250491 0.017210
v 10.682828 6.252301 -0.086524
v 10.574875 6.250579 0.033760
v 10.732224 6.253088 0.062380
v 10.583791 6.250721 0.049012
v 10.700926 6.252590 -0.081504
v 10.753138 6.253423 -0.033760
v 10.595789 6.250913 0.062380
v 10.717605 6.252855 0.073351
v 10.595789 6.250913 -0.062381
v 10.610409 6.251146 0.073351
v 10.627088 6.251412 0.081504
v 10.551737 6.475770 -0.017211
v 10.549884 6.475807 -0.000000
v 10.566202 6.624277 -0.000000
v 10.568008 6.624086 -0.017211
v 10.609420 6.474631 -0.081504
v 10.627512 6.474273 -0.086524
v 10.557225 6.475662 -0.033760
v 10.566137 6.475485 -0.049012
v 10.740915 6.472034 0.017210
v 10.735427 6.472143 0.033760
v 10.646326 6.473902 -0.088220
v 10.726515 6.472319 0.049012
v 10.551737 6.475770 0.017210
v 10.665141 6.473531 -0.086524
v 10.557225 6.475662 0.033760
v 10.714521 6.472555 0.062380
v 10.566137 6.475485 0.049012
v 10.683233 6.473173 -0.081504
v 10.726515 6.472319 -0.049012
v 10.735427 6.472143 -0.033760
v 10.578132 6.475248 0.062380
v 10.699906 6.472844 0.073351
v 10.578132 6.475248 -0.062381
v 10.592747 6.474960 0.073351
v 10.699906 6.472844 -0.073352
v 10.740915 6.472034 -0.017211
v 10.609420 6.474631 0.081504
v 10.683233 6.473173 0.081504
v 10.592747 6.474960 -0.073352
v 10.627512 6.474273 0.086524
v 10.714521 6.472555 -0.062381
v 10.742768 6.471998 -0.000000
v 10.646326 6.473902 0.088219
v 10.573357 6.623526 -0.033760
v 10.623902 6.717176 -0.017211
v 10.628389 6.715758 -0.033760
v 10.747023 6.605309 0.033760
v 10.738337 6.606221 0.049012
v 10.660190 6.614418 -0.088219
v 10.678526 6.612494 -0.086524
v 10.726648 6.607446 0.062380
v 10.696157 6.610644 -0.081504
v 10.738337 6.606221 -0.049012
v 10.747023 6.605309 -0.033760
v 10.712406 6.608941 0.073351
v 10.582042 6.622614 -0.049012
v 10.593731 6.621388 -0.062381
v 10.568008 6.624086 0.017210
v 10.712406 6.608941 -0.073352
v 10.752371 6.604748 -0.017211
v 10.573357 6.623526 0.033760
v 10.696157 6.610644 0.081504
v 10.607973 6.619895 -0.073352
v 10.582042 6.622614 0.049012
v 10.726648 6.607446 -0.062381
v 10.754177 6.604558 -0.000000
v 10.593731 6.621388 0.062380
v 10.678525 6.612494 0.086524
v 10.624222 6.618190 -0.081504
v 10.607973 6.619895 0.073351
v 10.752371 6.604748 0.017210
v 10.624222 6.618190 0.081504
v 10.660190 6.614418 0.088219
v 10.641853 6.616341 -0.086524
v 10.641853 6.616341 0.086524
v 10.660190 6.614418 0.088219
v 10.623902 6.717176 0.017210
v 10.628389 6.715758 0.033760
v 10.768274 6.791020 0.033760
v 10.766522 6.793350 0.017211
v 10.685850 6.697596 -0.086524
v 10.701233 6.692735 -0.088220
v 10.622388 6.717656 -0.000000
v 10.774076 6.669712 0.033760
v 10.766789 6.672014 0.049012
v 10.716615 6.687873 -0.086524
v 10.756984 6.675113 0.062380
v 10.635675 6.713455 0.049012
v 10.731404 6.683198 -0.081504
v 10.766789 6.672014 -0.049012
v 10.774076 6.669712 -0.033760
v 10.645481 6.710356 0.062380
v 10.745036 6.678889 0.073351
v 10.635675 6.713455 -0.049012
v 10.645481 6.710356 -0.062381
v 10.657429 6.706580 0.073351
v 10.745036 6.678889 -0.073352
v 10.778563 6.668293 -0.017211
v 10.671060 6.702271 0.081504
v 10.731404 6.683198 0.081503
v 10.657429 6.706580 -0.073352
v 10.685850 6.697596 0.086524
v 10.756984 6.675113 -0.062381
v 10.780077 6.667814 -0.000000
v 10.701233 6.692735 0.088219
v 10.716614 6.687873 0.086524
v 10.671060 6.702271 -0.081504
v 10.778563 6.668293 0.017210
v 10.701233 6.692735 0.088219
v 10.774948 6.782146 -0.062381
v 10.771119 6.787237 -0.049012
v 10.961880 6.813603 -0.049012
v 10.961526 6.808234 -0.062381
v 10.822314 6.719166 0.049012
v 10.818486 6.724257 0.062380
v 10.771119 6.787237 0.049012
v 10.802723 6.745216 -0.086524
v 10.808498 6.737537 -0.081504
v 10.822314 6.719166 -0.049012
v 10.825160 6.715384 -0.033760
v 10.774948 6.782146 0.062380
v 10.813821 6.730460 0.073351
v 10.779613 6.775943 0.073351
v 10.813821 6.730460 -0.073352
v 10.826911 6.713054 -0.017211
v 10.784936 6.768867 0.081504
v 10.808497 6.737537 0.081504
v 10.779613 6.775943 -0.073352
v 10.790710 6.761188 0.086524
v 10.818486 6.724257 -0.062381
v 10.827503 6.712267 -0.000000
v 10.796718 6.753202 0.088219
v 10.802723 6.745216 0.086524
v 10.784936 6.768867 -0.081504
v 10.826911 6.713054 0.017211
v 10.796718 6.753202 0.088219
v 10.790710 6.761188 -0.086524
v 10.768274 6.791020 -0.033760
v 10.825160 6.715384 0.033760
v 10.766522 6.793350 -0.017211
v 10.796718 6.753202 -0.088219
v 10.765932 6.794137 -0.000000
v 10.956663 6.734538 -0.000000
v 10.956717 6.735368 -0.017211
v 11.008675 6.737664 -0.017211
v 11.007717 6.736953 -0.000000
v 10.961094 6.801693 0.073351
v 10.961526 6.808234 0.062380
v 10.958421 6.761188 -0.081504
v 10.957930 6.753725 -0.073352
v 10.956881 6.737824 -0.033760
v 10.960602 6.794229 0.081504
v 10.957930 6.753725 0.073351
v 10.958421 6.761189 0.081504
v 10.961094 6.801693 -0.073352
v 10.960067 6.786130 0.086524
v 10.957498 6.747182 -0.062381
v 10.959513 6.777709 0.088219
v 10.958956 6.769286 0.086524
v 10.960602 6.794229 -0.081504
v 10.957143 6.741814 -0.049012
v 10.956717 6.735368 0.017210
v 10.959513 6.777709 0.088219
v 10.960067 6.786130 -0.086524
v 10.962143 6.817593 -0.033760
v 10.956881 6.737824 0.033760
v 10.962305 6.820050 -0.017211
v 10.959513 6.777709 -0.088219
v 10.962361 6.820879 -0.000000
v 10.957143 6.741814 0.049012
v 10.962305 6.820050 0.017211
v 10.958956 6.769286 -0.086524
v 10.962143 6.817593 0.033760
v 10.957498 6.747182 0.062380
v 10.961880 6.813603 0.049012
v 11.067275 6.781158 -0.086524
v 11.076625 6.788097 -0.081504
v 11.204916 6.738579 -0.081504
v 11.188978 6.734732 -0.086524
v 11.057554 6.773942 0.088219
v 11.067275 6.781158 0.086524
v 11.038482 6.759787 0.081503
v 11.047831 6.766726 0.086524
v 11.085240 6.794491 -0.073352
v 11.022314 6.747787 -0.062381
v 11.016116 6.743186 -0.049012
v 11.008675 6.737664 0.017210
v 11.057554 6.773942 0.088219
v 11.103596 6.808115 -0.033760
v 11.098990 6.804697 -0.049012
v 11.011512 6.739768 0.033760
v 11.106431 6.810221 -0.017211
v 11.057554 6.773942 -0.088220
v 11.107390 6.810931 -0.000000
v 11.016116 6.743186 0.049011
v 11.106431 6.810221 0.017210
v 11.047831 6.766726 -0.086524
v 11.103596 6.808115 0.033760
v 11.022314 6.747787 0.062380
v 11.098990 6.804697 0.049012
v 11.038481 6.759787 -0.081504
v 11.011512 6.739768 -0.033760
v 11.092793 6.800097 0.062380
v 11.029866 6.753392 0.073351
v 11.092793 6.800097 -0.062381
v 11.085240 6.794491 0.073351
v 11.029866 6.753392 -0.073352
v 11.076625 6.788097 0.081503
v 11.101768 6.713675 0.049011
v 11.093919 6.711779 0.033760
v 11.172487 6.662998 0.033760
v 11.181052 6.664114 0.049011
v 11.250893 6.749680 -0.033760
v 11.243042 6.747785 -0.049012
v 11.089084 6.710612 0.017210
v 11.255727 6.750847 -0.017211
v 11.172406 6.730729 -0.088220
v 11.257360 6.751241 -0.000000
v 11.255727 6.750847 0.017210
v 11.155831 6.726727 -0.086524
v 11.250893 6.749680 0.033760
v 11.112333 6.716226 0.062380
v 11.243042 6.747785 0.049012
v 11.139894 6.722880 -0.081504
v 11.101768 6.713675 -0.049012
v 11.093919 6.711779 -0.033760
v 11.232477 6.745234 0.062380
v 11.125208 6.719334 0.073351
v 11.232477 6.745234 -0.062381
v 11.219603 6.742125 0.073351
v 11.125208 6.719334 -0.073352
v 11.089084 6.710612 -0.017211
v 11.204916 6.738579 0.081503
v 11.139894 6.722880 0.081503
v 11.219603 6.742125 -0.073352
v 11.188978 6.734732 0.086524
v 11.112333 6.716226 -0.062381
v 11.087451 6.710218 -0.000000
v 11.172406 6.730729 0.088219
v 11.155831 6.726727 0.086524
v 11.172406 6.730729 0.088219
v 11.222649 6.669531 -0.081504
v 11.240037 6.671796 -0.086524
v 11.298533 6.583381 -0.086524
v 11.280433 6.583638 -0.081504
v 11.349027 6.685992 0.017210
v 11.350808 6.686224 -0.000000
v 11.258121 6.674151 -0.088220
v 11.343752 6.685305 0.033760
v 11.192578 6.665615 0.062380
v 11.335186 6.684189 0.049012
v 11.181052 6.664114 -0.049012
v 11.172487 6.662998 -0.033760
v 11.323659 6.682688 0.062380
v 11.206625 6.667444 0.073351
v 11.335186 6.684189 -0.049012
v 11.323660 6.682688 -0.062381
v 11.309613 6.680858 0.073351
v 11.206625 6.667444 -0.073352
v 11.167212 6.662311 -0.017211
v 11.293590 6.678771 0.081503
v 11.222650 6.669531 0.081503
v 11.309613 6.680858 -0.073352
v 11.276201 6.676506 0.086524
v 11.192578 6.665615 -0.062381
v 11.165431 6.662079 -0.000000
v 11.258121 6.674151 0.088219
v 11.240037 6.671796 0.086524
v 11.293590 6.678771 -0.081504
v 11.167212 6.662311 0.017210
v 11.258121 6.674151 0.088219
v 11.276201 6.676506 -0.086524
v 11.343752 6.685305 -0.033760
v 11.349027 6.685992 -0.017211
v 11.280434 6.583638 0.081503
v 11.263752 6.583874 0.073351
v 11.278348 6.517587 0.073351
v 11.295016 6.517962 0.081503
v 11.237131 6.584251 -0.049012
v 11.228215 6.584376 -0.033760
v 11.385585 6.582149 0.062380
v 11.397584 6.581979 0.049012
v 11.249130 6.584081 0.062380
v 11.397584 6.581979 -0.049012
v 11.385585 6.582149 -0.062381
v 11.370962 6.582356 0.073351
v 11.263753 6.583874 -0.073352
v 11.222725 6.584455 -0.017211
v 11.354281 6.582592 0.081503
v 11.370962 6.582356 -0.073352
v 11.336181 6.582849 0.086524
v 11.249130 6.584081 -0.062381
v 11.220870 6.584480 -0.000000
v 11.317359 6.583115 0.088219
v 11.298534 6.583381 0.086524
v 11.354281 6.582592 -0.081504
v 11.222725 6.584455 0.017210
v 11.317359 6.583115 0.088219
v 11.336181 6.582849 -0.086524
v 11.406501 6.581853 -0.033760
v 11.228215 6.584377 0.033760
v 11.411991 6.581775 -0.017211
v 11.317359 6.583115 -0.088220
v 11.413846 6.581748 -0.000000
v 11.237131 6.584251 0.049011
v 11.411991 6.581775 0.017210
v 11.406501 6.581853 0.033760
v 11.412078 6.520597 -0.049012
v 11.400087 6.520328 -0.062381
v 11.385476 6.519999 -0.073352
v 11.350721 6.519216 0.086524
v 11.368808 6.519623 0.081503
v 11.278349 6.517586 -0.073352
v 11.263738 6.517257 -0.062381
v 11.237351 6.516664 -0.017211
v 11.235498 6.516621 -0.000000
v 11.331914 6.518792 0.088219
v 11.313104 6.518369 0.086524
v 11.368808 6.519623 -0.081504
v 11.251748 6.516987 -0.049012
v 11.237351 6.516664 0.017210
v 11.331914 6.518792 0.088219
v 11.350721 6.519216 -0.086524
v 11.242838 6.516787 0.033760
v 11.331914 6.518792 -0.088219
v 11.428328 6.520963 -0.000000
v 11.251748 6.516987 0.049011
v 11.426474 6.520921 0.017210
v 11.313103 6.518369 -0.086524
v 11.420988 6.520798 0.033760
v 11.263738 6.517257 0.062380
v 11.412078 6.520597 0.049012
v 11.295016 6.517962 -0.081504
v 11.242839 6.516787 -0.033760
v 11.400087 6.520328 0.062380
v 11.385476 6.519999 0.073351
v 12.808813 8.636351 0.089735
v 12.821162 8.642146 0.076313
v 12.826405 8.729272 0.106065
v 12.816035 8.719156 0.124720
v 12.718269 8.593857 -0.089737
v 12.732358 8.600469 -0.099710
v 12.843463 8.652613 -0.021056
v 12.845029 8.653347 -0.000001
v 12.683619 8.577596 -0.021056
v 12.688257 8.579772 -0.041302
v 12.747644 8.607642 -0.105851
v 12.763541 8.615104 -0.107925
v 12.779439 8.622564 -0.105851
v 12.794725 8.629739 -0.099710
v 12.732358 8.600469 0.099708
v 12.718269 8.593857 0.089735
v 12.843463 8.652613 0.021054
v 12.763541 8.615104 0.107923
v 12.747644 8.607642 0.105850
v 12.808813 8.636351 -0.089737
v 12.821162 8.642146 -0.076315
v 12.705921 8.588061 0.076313
v 12.695787 8.583305 0.059959
v 12.695787 8.583305 -0.059960
v 12.794725 8.629739 0.099708
v 12.688257 8.579772 0.041300
v 12.705921 8.588061 -0.076315
v 12.838826 8.650436 0.041300
v 12.831296 8.646903 -0.059960
v 12.838826 8.650436 -0.041302
v 12.779439 8.622564 0.105850
v 12.831296 8.646903 0.059959
v 12.763541 8.615104 0.107923
v 12.778021 8.682073 0.149999
v 12.791370 8.695096 0.147117
v 12.675407 8.678263 0.101749
v 12.675936 8.668357 0.103742
v 12.751836 8.656529 0.138581
v 12.740006 8.644989 0.124720
v 12.816035 8.719156 -0.124721
v 12.826405 8.729272 -0.106067
v 12.804206 8.707618 0.138581
v 12.729638 8.634873 -0.106067
v 12.740006 8.644989 -0.124721
v 12.709598 8.615322 -0.000001
v 12.710912 8.616606 -0.029264
v 12.764672 8.669051 0.147117
v 12.804206 8.707618 -0.138583
v 12.721128 8.626573 -0.083336
v 12.710912 8.616606 0.029263
v 12.778021 8.682073 0.149999
v 12.791370 8.695096 -0.147119
v 12.714806 8.620404 -0.057403
v 12.714806 8.620404 0.057402
v 12.834913 8.737575 -0.083336
v 12.841236 8.743742 -0.057403
v 12.778021 8.682073 -0.150001
v 12.845130 8.747540 -0.029264
v 12.721128 8.626573 0.083335
v 12.846445 8.748824 -0.000001
v 12.764672 8.669051 -0.147119
v 12.845130 8.747540 0.029263
v 12.729638 8.634873 0.106065
v 12.841236 8.743742 0.057402
v 12.751836 8.656529 -0.138583
v 12.834913 8.737575 0.083335
v 12.673434 8.715267 -0.039701
v 12.673685 8.710576 -0.057637
v 12.531240 8.643950 -0.036528
v 12.529072 8.646762 -0.025161
v 12.678188 8.626141 -0.057637
v 12.677852 8.632454 -0.073358
v 12.678592 8.618559 0.020238
v 12.678644 8.617582 -0.000001
v 12.675936 8.668357 0.103742
v 12.676464 8.658452 0.101749
v 12.675407 8.678263 -0.101750
v 12.674900 8.687788 -0.095847
v 12.678438 8.621448 -0.039702
v 12.678438 8.621448 0.039700
v 12.675936 8.668357 -0.103744
v 12.673281 8.718157 -0.020240
v 12.678188 8.626141 0.057636
v 12.673228 8.719132 -0.000001
v 12.676464 8.658452 -0.101750
v 12.673281 8.718157 0.020238
v 12.677852 8.632454 0.073357
v 12.673434 8.715268 0.039700
v 12.676972 8.648927 -0.095847
v 12.673685 8.710576 0.057636
v 12.677441 8.640149 0.086258
v 12.674023 8.704261 -0.073358
v 12.674023 8.704261 0.073357
v 12.677441 8.640149 -0.086260
v 12.678592 8.618559 -0.020240
v 12.674432 8.696567 0.086258
v 12.676972 8.648927 0.095845
v 12.674432 8.696567 -0.086260
v 12.674900 8.687788 0.095845
v 12.527738 8.648493 0.012826
v 12.527287 8.649079 -0.000001
v 12.372050 8.639478 -0.000001
v 12.372076 8.638778 0.014530
v 12.550742 8.618649 -0.065749
v 12.546166 8.624585 -0.064485
v 12.527738 8.648493 -0.012828
v 12.570245 8.593347 0.036527
v 12.572412 8.590537 0.025160
v 12.555318 8.612712 -0.064485
v 12.567327 8.597132 0.046490
v 12.529072 8.646763 0.025160
v 12.559717 8.607004 -0.060744
v 12.531240 8.643950 0.036527
v 12.563772 8.601744 0.054667
v 12.534157 8.640166 -0.046492
v 12.534157 8.640166 0.046490
v 12.563772 8.601744 -0.054668
v 12.573747 8.588804 -0.012828
v 12.572412 8.590537 -0.025161
v 12.537711 8.635554 0.054667
v 12.559717 8.607004 0.060742
v 12.537711 8.635554 -0.054668
v 12.541766 8.630293 0.060742
v 12.567327 8.597132 -0.046492
v 12.574198 8.588220 -0.000001
v 12.546166 8.624585 0.064484
v 12.555318 8.612712 0.064484
v 12.541766 8.630293 -0.060744
v 12.550742 8.618649 0.065747
v 12.570245 8.593347 -0.036528
v 12.573747 8.588804 0.012826
v 12.550742 8.618649 0.065747
v 12.372274 8.633333 -0.041382
v 12.372439 8.628798 -0.052669
v 12.262402 8.625826 -0.052669
v 12.266322 8.630008 -0.041382
v 12.374313 8.577237 0.052667
v 12.374478 8.572702 0.041380
v 12.372151 8.636703 0.028503
v 12.373882 8.589067 -0.068815
v 12.373634 8.595905 -0.073053
v 12.372274 8.633333 0.041380
v 12.374112 8.582762 0.061930
v 12.372439 8.628798 0.052667
v 12.374112 8.582762 -0.061932
v 12.374676 8.567259 -0.014532
v 12.374600 8.569334 -0.028504
v 12.372641 8.623274 0.061930
v 12.373883 8.589067 0.068813
v 12.372641 8.623274 -0.061932
v 12.372869 8.616969 0.068813
v 12.374313 8.577237 -0.052669
v 12.374701 8.566558 -0.000001
v 12.373117 8.610131 0.073052
v 12.373634 8.595905 0.073052
v 12.372869 8.616969 -0.068815
v 12.373376 8.603018 0.074483
v 12.374478 8.572702 -0.041382
v 12.374676 8.567259 0.014530
v 12.373376 8.603018 0.074483
v 12.373117 8.610131 -0.073053
v 12.374600 8.569334 0.028503
v 12.372151 8.636702 -0.028504
v 12.373376 8.603018 -0.074484
v 12.372076 8.638778 -0.014532
v 12.209186 8.569069 -0.014532
v 12.208579 8.568422 -0.000001
v 12.033520 8.604972 -0.000001
v 12.033459 8.605675 -0.014532
v 12.266322 8.630008 0.041380
v 12.262402 8.625826 0.052667
v 12.222591 8.583368 -0.061932
v 12.228043 8.589181 -0.068815
v 12.210980 8.570983 -0.028504
v 12.257624 8.620730 0.061930
v 12.228043 8.589181 0.068813
v 12.222591 8.583368 0.061930
v 12.257624 8.620730 -0.061932
v 12.252172 8.614917 0.068813
v 12.217813 8.578271 -0.052669
v 12.246258 8.608608 0.073052
v 12.233956 8.595489 0.073052
v 12.252172 8.614917 -0.068815
v 12.240108 8.602049 0.074483
v 12.213893 8.574090 -0.041382
v 12.209186 8.569069 0.014530
v 12.240108 8.602049 0.074483
v 12.246258 8.608608 -0.073053
v 12.210980 8.570983 0.028503
v 12.269236 8.633116 -0.028504
v 12.240108 8.602049 -0.074484
v 12.271029 8.635030 -0.014532
v 12.213893 8.574090 0.041380
v 12.271636 8.635675 -0.000001
v 12.233956 8.595489 -0.073053
v 12.271029 8.635030 0.014530
v 12.217813 8.578271 0.052667
v 12.269237 8.633116 0.028503
v 12.029168 8.655354 -0.068815
v 12.029758 8.648519 -0.073053
v 11.931581 8.629385 -0.073053
v 11.919180 8.633386 -0.068815
v 12.029168 8.655354 0.068813
v 12.029758 8.648519 0.073052
v 12.030986 8.634301 0.073052
v 12.031576 8.627467 0.068813
v 12.028625 8.661654 -0.061931
v 12.030372 8.641410 0.074483
v 12.032989 8.611114 -0.041381
v 12.032598 8.615645 -0.052668
v 12.033459 8.605675 0.014531
v 12.030372 8.641410 0.074483
v 12.033280 8.607748 -0.028504
v 12.033280 8.607748 0.028503
v 12.027756 8.671707 -0.041381
v 12.027465 8.675074 -0.028504
v 12.030372 8.641410 -0.074484
v 12.027286 8.677148 -0.014532
v 12.032989 8.611114 0.041380
v 12.027225 8.677848 -0.000000
v 12.030986 8.634301 -0.073053
v 12.027286 8.677148 0.014531
v 12.032598 8.615645 0.052667
v 12.027465 8.675075 0.028503
v 12.031576 8.627467 -0.068815
v 12.027756 8.671707 0.041380
v 12.032121 8.621167 0.061930
v 12.028148 8.667175 -0.052668
v 12.028148 8.667175 0.052667
v 12.032121 8.621167 -0.061932
v 12.028625 8.661654 0.061930
v 12.005563 8.605526 0.028503
v 11.999454 8.607496 0.041380
v 11.997292 8.515498 0.033439
v 12.003377 8.515498 0.023033
v 12.005563 8.605526 -0.028504
v 11.999454 8.607496 -0.041381
v 12.009326 8.604312 0.014531
v 11.889504 8.642955 -0.041381
v 11.883396 8.644924 -0.028504
v 11.944480 8.625225 -0.074484
v 11.879633 8.646139 -0.014532
v 11.878361 8.646548 -0.000000
v 11.957379 8.621065 -0.073053
v 11.879633 8.646139 0.014531
v 11.991233 8.610147 0.052667
v 11.883394 8.644925 0.028503
v 11.969782 8.617065 -0.068815
v 11.889504 8.642955 0.041380
v 11.981213 8.613379 0.061930
v 11.897729 8.640303 -0.052668
v 11.897729 8.640303 0.052667
v 11.981213 8.613379 -0.061931
v 12.009326 8.604312 -0.014532
v 11.907747 8.637072 0.061930
v 11.969782 8.617065 0.068813
v 11.907747 8.637072 -0.061931
v 11.919180 8.633386 0.068813
v 11.991233 8.610147 -0.052668
v 12.010598 8.603902 -0.000001
v 11.931581 8.629385 0.073052
v 11.957379 8.621065 0.073052
v 11.944480 8.625225 0.074483
v 11.944480 8.625225 0.074483
v 11.955379 8.515501 -0.059034
v 11.967732 8.515500 -0.055609
v 11.967234 6.286904 -0.055610
v 11.954880 6.286904 -0.059036
v 11.877930 8.515505 -0.011743
v 11.876663 8.515505 -0.000000
v 11.942528 8.515501 -0.060190
v 11.877930 8.515505 0.011742
v 11.989102 8.515498 0.042560
v 11.881678 8.515504 0.023033
v 11.887764 8.515503 0.033439
v 11.979120 8.515498 0.050046
v 11.895956 8.515504 -0.042561
v 11.887764 8.515503 -0.033440
v 11.895956 8.515504 0.042560
v 11.979120 8.515498 -0.050046
v 12.007126 8.515497 -0.011743
v 12.003377 8.515498 -0.023034
v 11.905936 8.515503 0.050046
v 11.967733 8.515500 0.055608
v 11.905936 8.515503 -0.050046
v 11.917325 8.515503 0.055608
v 11.989102 8.515498 -0.042561
v 12.008393 8.515498 -0.000000
v 11.929679 8.515502 0.059033
v 11.955379 8.515501 0.059033
v 11.917325 8.515503 -0.055609
v 11.942528 8.515501 0.060189
v 11.997292 8.515498 -0.033440
v 12.007126 8.515497 0.011742
v 11.942528 8.515501 0.060189
v 11.929679 8.515502 -0.059034
v 11.881680 8.515505 -0.023034
v 11.978621 6.286903 0.050044
v 11.967234 6.286904 0.055606
v 11.969502 6.185211 0.063284
v 11.981926 6.186862 0.056954
v 11.881178 6.286908 0.023031
v 11.887265 6.286907 0.033437
v 11.988603 6.286903 0.042558
v 11.895457 6.286908 -0.042563
v 11.887265 6.286907 -0.033442
v 11.895457 6.286908 0.042558
v 11.978621 6.286903 -0.050048
v 12.006626 6.286902 -0.011745
v 12.002878 6.286902 -0.023036
v 11.905437 6.286907 0.050044
v 11.905437 6.286907 -0.050048
v 11.916825 6.286906 0.055606
v 11.988603 6.286903 -0.042563
v 12.007894 6.286902 -0.000002
v 11.929180 6.286906 0.059031
v 11.954880 6.286904 0.059031
v 11.916825 6.286906 -0.055610
v 11.942029 6.286905 0.060188
v 11.996793 6.286903 -0.033442
v 12.006626 6.286902 0.011740
v 11.942029 6.286905 0.060188
v 11.929180 6.286906 -0.059036
v 12.002878 6.286902 0.023031
v 11.881180 6.286908 -0.023036
v 11.942029 6.286905 -0.060192
v 11.877431 6.286908 -0.011745
v 11.996793 6.286903 0.033437
v 11.876164 6.286908 -0.000002
v 11.877431 6.286908 0.011740
v 12.744699 6.568046 0.086523
v 12.726589 6.568046 0.081503
v 12.717721 6.392438 0.081503
v 12.735739 6.391624 0.086523
v 12.860068 6.568046 -0.000001
v 12.858212 6.568046 -0.017211
v 12.843799 6.568046 -0.049013
v 12.831793 6.568046 -0.062381
v 12.674344 6.568046 0.033759
v 12.683265 6.568046 0.049011
v 12.695271 6.568046 -0.062381
v 12.683265 6.568046 -0.049013
v 12.817164 6.568046 0.073351
v 12.831793 6.568046 0.062380
v 12.666996 6.568046 -0.000001
v 12.668851 6.568046 0.017210
v 12.726589 6.568046 -0.081505
v 12.709899 6.568046 -0.073352
v 12.858212 6.568046 0.017210
v 12.674344 6.568046 -0.033761
v 12.668851 6.568046 -0.017212
v 12.763532 6.568046 -0.088220
v 12.744699 6.568046 -0.086525
v 12.800474 6.568046 0.081503
v 12.800474 6.568046 -0.081505
v 12.782365 6.568046 -0.086525
v 12.852719 6.568046 0.033759
v 12.763532 6.568046 0.088218
v 12.817164 6.568046 -0.073352
v 12.852719 6.568046 -0.033761
v 12.782365 6.568046 0.086523
v 12.843799 6.568046 0.049011
v 12.763532 6.568046 0.088218
v 11.875621 6.172735 -0.026216
v 11.882259 6.173616 -0.038059
v 11.943558 6.091123 -0.038059
v 11.938445 6.089033 -0.026217
v 11.902084 6.176251 -0.056959
v 11.891196 6.174805 -0.048440
v 11.902084 6.176251 0.056954
v 11.914509 6.177902 0.063284
v 11.992816 6.188310 -0.048440
v 11.981926 6.186862 -0.056959
v 12.013861 6.191107 -0.000002
v 12.012479 6.190922 -0.013366
v 11.927987 6.179694 0.067182
v 11.956025 6.183420 0.067182
v 11.914509 6.177902 -0.063289
v 11.942005 6.181557 0.068499
v 12.001750 6.189497 -0.038059
v 12.012479 6.190922 0.013361
v 11.942005 6.181557 0.068499
v 11.927987 6.179694 -0.067187
v 12.008389 6.190379 -0.026217
v 12.008389 6.190379 0.026212
v 11.942005 6.181557 -0.068503
v 11.871531 6.172191 -0.013366
v 12.001750 6.189497 0.038055
v 11.870149 6.172007 -0.000002
v 11.956025 6.183420 -0.067187
v 11.871531 6.172191 0.013362
v 11.992816 6.188310 0.048435
v 11.875619 6.172734 0.026212
v 11.969502 6.185211 -0.063289
v 11.882259 6.173616 0.038055
v 11.891196 6.174805 0.048435
v 11.935296 6.087745 0.013362
v 11.934233 6.087310 -0.000002
v 12.072317 6.018209 -0.000002
v 12.072966 6.018877 0.015086
v 11.989555 6.109938 -0.068503
v 11.978763 6.105524 -0.067187
v 11.935296 6.087745 -0.013366
v 12.035553 6.128754 0.038055
v 12.040665 6.130845 0.026212
v 12.000350 6.114354 -0.067187
v 12.028675 6.125940 0.048435
v 11.938445 6.089032 0.026212
v 12.010726 6.118598 -0.063289
v 11.943558 6.091123 0.038055
v 12.020291 6.122510 0.056954
v 11.950437 6.093938 -0.048440
v 11.950437 6.093938 0.048435
v 12.020291 6.122510 -0.056959
v 12.043814 6.132132 -0.013366
v 12.040665 6.130845 -0.026217
v 11.958820 6.097367 0.056954
v 12.010726 6.118598 0.063284
v 11.958820 6.097367 -0.056959
v 11.968387 6.101279 0.063284
v 12.028675 6.125940 -0.048440
v 12.044878 6.132567 -0.000002
v 11.978763 6.105524 0.067182
v 12.000350 6.114354 0.067182
v 11.968387 6.101279 -0.063289
v 11.989555 6.109938 0.068498
v 12.035553 6.128754 -0.038059
v 12.043814 6.132132 0.013361
v 11.989555 6.109938 0.068498
v 12.078003 6.024062 -0.042970
v 12.082196 6.028381 -0.054689
v 12.251088 6.014024 -0.054690
v 12.251529 6.009319 -0.042970
v 12.129895 6.077491 0.054684
v 12.134089 6.081809 0.042965
v 12.074885 6.020853 0.029594
v 12.118953 6.066224 -0.071455
v 12.112627 6.059711 -0.075856
v 12.078003 6.024062 0.042965
v 12.124785 6.072228 0.064302
v 12.082196 6.028381 0.054684
v 12.124785 6.072228 -0.064308
v 12.139126 6.086994 -0.015091
v 12.137205 6.085017 -0.029599
v 12.087308 6.033642 0.064303
v 12.118953 6.066225 0.071449
v 12.087308 6.033642 -0.064308
v 12.093140 6.039647 0.071449
v 12.129895 6.077491 -0.054690
v 12.139773 6.087662 -0.000003
v 12.099466 6.046160 0.075850
v 12.112627 6.059711 0.075850
v 12.093140 6.039647 -0.071455
v 12.106046 6.052935 0.077336
v 12.134089 6.081809 -0.042970
v 12.139126 6.086994 0.015086
v 12.106046 6.052935 0.077336
v 12.099465 6.046160 -0.075856
v 12.137205 6.085017 0.029594
v 12.074885 6.020854 -0.029599
v 12.106046 6.052935 -0.077342
v 12.072966 6.018877 -0.015091
v 12.245143 6.077876 -0.015091
v 12.245074 6.078603 -0.000003
v 12.328547 6.092046 -0.000003
v 12.329274 6.091394 -0.015091
v 12.251529 6.009319 0.042965
v 12.251088 6.014024 0.054684
v 12.246642 6.061790 -0.064308
v 12.247251 6.055250 -0.071455
v 12.245342 6.075722 -0.029599
v 12.250556 6.019756 0.064303
v 12.247251 6.055250 0.071449
v 12.246642 6.061790 0.064302
v 12.250556 6.019756 -0.064308
v 12.249947 6.026297 0.071449
v 12.246107 6.067523 -0.054690
v 12.249286 6.033393 0.075850
v 12.247911 6.048154 0.075850
v 12.249947 6.026297 -0.071455
v 12.248599 6.040772 0.077336
v 12.245667 6.072227 -0.042970
v 12.245143 6.077876 0.015085
v 12.248599 6.040772 0.077336
v 12.249286 6.033393 -0.075856
v 12.245342 6.075722 0.029594
v 12.251853 6.005824 -0.029599
v 12.248599 6.040772 -0.077342
v 12.252054 6.003671 -0.015091
v 12.245667 6.072227 0.042965
v 12.252122 6.002943 -0.000003
v 12.247911 6.048154 -0.075856
v 12.252054 6.003671 0.015086
v 12.246107 6.067523 0.054684
v 12.251854 6.005823 0.029594
v 12.380772 6.045198 -0.071455
v 12.373687 6.051553 -0.075856
v 12.498209 6.105222 -0.075856
v 12.510112 6.100523 -0.071455
v 12.380772 6.045198 0.071449
v 12.373687 6.051553 0.075850
v 12.358950 6.064774 0.075850
v 12.351865 6.071130 0.071449
v 12.387303 6.039339 -0.064308
v 12.366319 6.058164 0.077336
v 12.334912 6.086336 -0.042970
v 12.339610 6.082122 -0.054690
v 12.329274 6.091394 0.015085
v 12.366319 6.058164 0.077336
v 12.331423 6.089466 -0.029599
v 12.331423 6.089466 0.029594
v 12.397724 6.029991 -0.042970
v 12.401213 6.026860 -0.029599
v 12.366319 6.058164 -0.077342
v 12.403362 6.024932 -0.015091
v 12.334912 6.086336 0.042965
v 12.404089 6.024280 -0.000003
v 12.358950 6.064774 -0.075856
v 12.403362 6.024932 0.015086
v 12.339610 6.082122 0.054684
v 12.401215 6.026860 0.029594
v 12.351865 6.071129 -0.071455
v 12.397724 6.029991 0.042965
v 12.345335 6.076988 0.064302
v 12.393024 6.034205 -0.054690
v 12.393024 6.034205 0.054684
v 12.345335 6.076988 -0.064308
v 12.387303 6.039339 0.064302
v 12.548067 6.085539 -0.015091
v 12.544455 6.086966 -0.029599
v 12.679826 6.173740 -0.032610
v 12.684253 6.172431 -0.016626
v 12.427202 6.133253 -0.029599
v 12.433065 6.130939 -0.042970
v 12.427202 6.133253 0.029594
v 12.423592 6.134679 0.015085
v 12.538593 6.089280 -0.042970
v 12.485829 6.110109 -0.077342
v 12.433065 6.130939 0.042964
v 12.549288 6.085057 -0.000003
v 12.473448 6.114997 -0.075856
v 12.548067 6.085539 0.015085
v 12.440957 6.127823 0.054684
v 12.544456 6.086965 0.029594
v 12.461545 6.119696 -0.071455
v 12.538593 6.089280 0.042965
v 12.450574 6.124028 0.064302
v 12.530699 6.092395 -0.054690
v 12.530699 6.092395 0.054684
v 12.450574 6.124028 -0.064308
v 12.423592 6.134679 -0.015091
v 12.521085 6.096191 0.064302
v 12.461545 6.119696 0.071449
v 12.521085 6.096191 -0.064308
v 12.510112 6.100523 0.071449
v 12.440957 6.127823 -0.054690
v 12.422370 6.135160 -0.000003
v 12.498209 6.105222 0.075850
v 12.473448 6.114997 0.075850
v 12.485829 6.110109 0.077336
v 12.485829 6.110109 0.077336
v 12.679829 6.173740 0.032605
v 12.684253 6.172431 0.016620
v 12.830419 6.312780 0.016620
v 12.825119 6.312894 0.032604
v 12.543322 6.214139 0.047336
v 12.536137 6.216264 0.032605
v 12.685749 6.171988 -0.000003
v 12.592810 6.199493 -0.083573
v 12.607983 6.195003 -0.085210
v 12.552992 6.211277 0.060248
v 12.578222 6.203810 -0.078724
v 12.672643 6.175867 0.047336
v 12.564777 6.207790 0.070844
v 12.662968 6.178729 -0.060254
v 12.672643 6.175867 -0.047342
v 12.662969 6.178729 0.060248
v 12.564777 6.207790 -0.070850
v 12.531711 6.217575 -0.016626
v 12.536137 6.216264 -0.032610
v 12.651187 6.182217 0.070845
v 12.578222 6.203810 0.078719
v 12.651187 6.182217 -0.070850
v 12.637739 6.186196 0.078719
v 12.552992 6.211277 -0.060254
v 12.530214 6.218017 -0.000003
v 12.623154 6.190513 0.083567
v 12.592810 6.199493 0.083567
v 12.637739 6.186196 -0.078724
v 12.607983 6.195003 0.085205
v 12.543322 6.214139 -0.047342
v 12.531711 6.217575 0.016620
v 12.607983 6.195003 0.085205
v 12.623153 6.190513 -0.083573
v 12.834771 6.349364 -0.033761
v 12.840237 6.349117 -0.017211
v 12.830419 6.312780 -0.016626
v 12.825117 6.312894 -0.032610
v 12.703436 6.315506 -0.078724
v 12.720904 6.315131 -0.083573
v 12.816513 6.313079 0.047336
v 12.687333 6.315851 0.070844
v 12.673220 6.316154 0.060248
v 12.804929 6.313326 -0.060254
v 12.816513 6.313079 -0.047342
v 12.804929 6.313326 0.060248
v 12.687333 6.315851 -0.070850
v 12.647733 6.316700 -0.016626
v 12.653034 6.316586 -0.032611
v 12.790817 6.313630 0.070844
v 12.703435 6.315506 0.078718
v 12.790817 6.313630 -0.070850
v 12.774714 6.313976 0.078718
v 12.673220 6.316154 -0.060254
v 12.645942 6.316739 -0.000003
v 12.757245 6.314350 0.083567
v 12.720904 6.315131 0.083567
v 12.774714 6.313976 -0.078724
v 12.739077 6.314741 0.085204
v 12.661638 6.316401 -0.047342
v 12.647733 6.316700 0.016620
v 12.739077 6.314741 0.085204
v 12.757245 6.314350 -0.083573
v 12.653034 6.316586 0.032604
v 12.739076 6.314741 -0.085211
v 12.661638 6.316402 0.047336
v 12.832210 6.312742 -0.000003
v 12.773214 6.389931 0.086523
v 12.754477 6.390778 0.088218
v 12.746035 6.353373 0.088218
v 12.764772 6.352526 0.086523
v 12.807837 6.388367 -0.073352
v 12.791232 6.389117 -0.081505
v 12.686561 6.393846 -0.062381
v 12.674616 6.394385 -0.049013
v 12.658429 6.395116 -0.000001
v 12.660275 6.395033 0.017210
v 12.754477 6.390778 0.088218
v 12.773214 6.389931 -0.086525
v 12.843213 6.386769 -0.033761
v 12.834337 6.387170 -0.049013
v 12.665740 6.394786 0.033759
v 12.848679 6.386522 -0.017211
v 12.754477 6.390778 -0.088220
v 12.850524 6.386439 -0.000001
v 12.674616 6.394385 0.049011
v 12.848679 6.386522 0.017210
v 12.735739 6.391624 -0.086525
v 12.843213 6.386769 0.033759
v 12.686561 6.393846 0.062380
v 12.834337 6.387170 0.049011
v 12.717721 6.392438 -0.081505
v 12.665740 6.394786 -0.033761
v 12.822392 6.387710 0.062380
v 12.701115 6.393188 0.073351
v 12.822392 6.387710 -0.062381
v 12.807837 6.388367 0.073351
v 12.701115 6.393188 -0.073352
v 12.660275 6.395033 -0.017212
v 12.791232 6.389117 0.081503
v 12.825895 6.349765 -0.049013
v 12.709279 6.355033 0.081503
v 12.727297 6.354219 0.086523
v 12.799396 6.350962 -0.073352
v 12.782791 6.351712 -0.081505
v 12.678119 6.356441 -0.062381
v 12.666174 6.356980 -0.049013
v 12.649987 6.357711 -0.000001
v 12.651833 6.357628 0.017210
v 12.746035 6.353373 0.088218
v 12.764772 6.352526 -0.086525
v 12.657298 6.357381 0.033759
v 12.746035 6.353373 -0.088220
v 12.842083 6.349034 -0.000001
v 12.666174 6.356980 0.049011
v 12.840237 6.349117 0.017210
v 12.727297 6.354219 -0.086525
v 12.834771 6.349364 0.033759
v 12.678119 6.356441 0.062380
v 12.825895 6.349765 0.049011
v 12.709279 6.355033 -0.081505
v 12.657298 6.357381 -0.033761
v 12.813951 6.350305 0.062380
v 12.692674 6.355783 0.073351
v 12.813951 6.350305 -0.062381
v 12.799396 6.350962 0.073351
v 12.692674 6.355783 -0.073352
v 12.651833 6.357628 -0.017212
v 12.782791 6.351712 0.081503
v 11.355114 7.672110 -0.062381
v 11.369505 7.670937 -0.073353
v 11.329504 7.511618 -0.073353
v 11.315112 7.512792 -0.062381
v 11.385925 7.669598 -0.081505
v 11.515416 7.659040 0.017210
v 11.517241 7.658891 -0.000001
v 11.334526 7.673789 -0.033761
v 11.329123 7.674229 -0.017212
v 11.422269 7.666635 -0.088220
v 11.403741 7.668145 -0.086525
v 11.458613 7.663671 0.081503
v 11.475033 7.662333 0.073351
v 11.458613 7.663671 -0.081505
v 11.440797 7.665124 -0.086525
v 11.369505 7.670937 0.073351
v 11.385925 7.669598 0.081503
v 11.510012 7.659480 0.033759
v 11.403741 7.668145 0.086523
v 11.422269 7.666635 0.088218
v 11.489425 7.661159 -0.062381
v 11.475033 7.662333 -0.073353
v 11.343303 7.673073 0.049011
v 11.355114 7.672110 0.062379
v 11.510012 7.659480 -0.033761
v 11.501235 7.660196 -0.049013
v 11.440797 7.665124 0.086523
v 11.334526 7.673789 0.033759
v 11.501235 7.660196 0.049011
v 11.515416 7.659040 -0.017212
v 11.422269 7.666635 0.088218
v 11.489425 7.661159 0.062379
v 11.343303 7.673073 -0.049013
v 11.382268 7.507316 0.088218
v 11.363739 7.508827 0.086523
v 11.269351 7.360637 0.086523
v 11.284249 7.355483 0.088218
v 11.289121 7.514911 -0.017212
v 11.287296 7.515059 -0.000001
v 11.382268 7.507316 0.088218
v 11.400795 7.505805 0.086523
v 11.345923 7.510280 0.081503
v 11.435031 7.503015 -0.073353
v 11.418612 7.504353 -0.081505
v 11.303302 7.513754 -0.049013
v 11.289121 7.514911 0.017210
v 11.400795 7.505805 -0.086525
v 11.470010 7.500162 -0.033761
v 11.461234 7.500878 -0.049013
v 11.294525 7.514471 0.033759
v 11.475414 7.499722 -0.017212
v 11.382268 7.507316 -0.088220
v 11.477240 7.499573 -0.000001
v 11.303302 7.513754 0.049011
v 11.475414 7.499722 0.017210
v 11.363739 7.508827 -0.086525
v 11.470010 7.500162 0.033759
v 11.315112 7.512792 0.062379
v 11.461234 7.500878 0.049011
v 11.345923 7.510280 -0.081505
v 11.294525 7.514471 -0.033761
v 11.449423 7.501841 0.062379
v 11.329504 7.511618 0.073351
v 11.449423 7.501841 -0.062381
v 11.435031 7.503015 0.073351
v 11.418612 7.504353 0.081503
v 11.359148 7.329570 -0.017212
v 11.360616 7.329062 -0.000001
v 11.147335 7.228589 -0.000001
v 11.146660 7.229362 -0.017212
v 11.313474 7.345371 -0.081505
v 11.299148 7.350328 -0.086525
v 11.354803 7.331073 -0.033761
v 11.347746 7.333514 -0.049013
v 11.209350 7.381394 0.017210
v 11.213696 7.379891 0.033759
v 11.284249 7.355483 -0.088220
v 11.220753 7.377450 0.049011
v 11.359148 7.329570 0.017210
v 11.269351 7.360637 -0.086525
v 11.354803 7.331073 0.033759
v 11.230249 7.374164 0.062379
v 11.347746 7.333514 0.049011
v 11.255025 7.365592 -0.081505
v 11.220753 7.377450 -0.049013
v 11.213696 7.379891 -0.033761
v 11.338248 7.336801 0.062379
v 11.241822 7.370160 0.073351
v 11.338248 7.336801 -0.062381
v 11.326676 7.340804 0.073351
v 11.241822 7.370160 -0.073353
v 11.209350 7.381394 -0.017212
v 11.313474 7.345371 0.081503
v 11.255025 7.365592 0.081503
v 11.326676 7.340804 -0.073352
v 11.299148 7.350328 0.086523
v 11.230249 7.374164 -0.062381
v 11.207883 7.381902 -0.000001
v 11.284249 7.355483 0.088218
v 11.144661 7.231651 0.033759
v 11.141413 7.235368 0.049011
v 10.936623 7.215971 0.049011
v 10.936466 7.211980 0.033759
v 11.079728 7.305979 0.033759
v 11.082975 7.302262 0.049011
v 11.146660 7.229362 0.017210
v 11.112195 7.268815 -0.088220
v 11.105339 7.276663 -0.086525
v 11.087345 7.297259 0.062379
v 11.098747 7.284209 -0.081505
v 11.082975 7.302262 -0.049013
v 11.079728 7.305979 -0.033761
v 11.137043 7.240371 0.062379
v 11.092671 7.291163 0.073350
v 11.141413 7.235368 -0.049013
v 11.137043 7.240371 -0.062381
v 11.131719 7.246467 0.073351
v 11.092671 7.291163 -0.073353
v 11.077728 7.308269 -0.017212
v 11.125643 7.253421 0.081503
v 11.098747 7.284209 0.081503
v 11.131719 7.246467 -0.073353
v 11.119050 7.260967 0.086523
v 11.087345 7.297259 -0.062382
v 11.077053 7.309042 -0.000001
v 11.112195 7.268815 0.088218
v 11.105339 7.276663 0.086523
v 11.125643 7.253421 -0.081505
v 11.077728 7.308269 0.017210
v 11.112195 7.268815 0.088218
v 11.119050 7.260967 -0.086525
v 11.144661 7.231651 -0.033761
v 10.939712 7.294229 -0.017212
v 10.939615 7.291771 -0.033761
v 10.882128 7.306759 -0.033761
v 10.884762 7.308916 -0.017212
v 10.938374 7.260300 -0.086525
v 10.938693 7.268401 -0.081505
v 10.939458 7.287781 -0.049013
v 10.936835 7.221341 0.062379
v 10.939245 7.282411 0.062379
v 10.938988 7.275867 0.073350
v 10.936623 7.215971 -0.049013
v 10.936835 7.221341 -0.062382
v 10.937095 7.227885 0.073350
v 10.938988 7.275867 -0.073353
v 10.937388 7.235351 0.081503
v 10.938694 7.268401 0.081503
v 10.937095 7.227885 -0.073353
v 10.937709 7.243452 0.086523
v 10.939245 7.282411 -0.062382
v 10.939745 7.295058 -0.000001
v 10.938041 7.251876 0.088218
v 10.938374 7.260300 0.086523
v 10.937388 7.235351 -0.081505
v 10.939712 7.294229 0.017209
v 10.938041 7.251876 0.088218
v 10.937709 7.243452 -0.086525
v 10.936466 7.211980 -0.033761
v 10.939615 7.291771 0.033759
v 10.936369 7.209523 -0.017212
v 10.938042 7.251876 -0.088220
v 10.936336 7.208693 -0.000001
v 10.939458 7.287781 0.049011
v 10.936369 7.209523 0.017210
v 10.821625 7.257245 -0.081505
v 10.813619 7.250693 -0.073353
v 10.686680 7.315163 -0.073353
v 10.702568 7.317448 -0.081505
v 10.821625 7.257245 0.081503
v 10.813619 7.250693 0.073350
v 10.865072 7.292802 0.073350
v 10.857067 7.286250 0.081503
v 10.806602 7.244951 -0.062382
v 10.830312 7.264354 0.086523
v 10.865072 7.292802 -0.073353
v 10.872089 7.298544 -0.062382
v 10.885653 7.309644 -0.000001
v 10.839346 7.271748 0.088218
v 10.848380 7.279140 0.086523
v 10.877848 7.303257 -0.049013
v 10.884762 7.308916 0.017209
v 10.839346 7.271748 0.088218
v 10.830312 7.264354 -0.086525
v 10.796563 7.236736 -0.033761
v 10.800841 7.240238 -0.049013
v 10.882128 7.306759 0.033759
v 10.793928 7.234580 -0.017212
v 10.839346 7.271748 -0.088221
v 10.793037 7.233851 -0.000001
v 10.877848 7.303257 0.049011
v 10.793928 7.234580 0.017209
v 10.848380 7.279140 -0.086525
v 10.796563 7.236736 0.033759
v 10.872089 7.298544 0.062379
v 10.800841 7.240238 0.049011
v 10.857067 7.286250 -0.081505
v 10.806601 7.244951 0.062379
v 10.822647 7.334717 0.033759
v 10.827876 7.335469 0.017210
v 10.723045 7.440371 0.017209
v 10.717816 7.439618 0.033759
v 10.802725 7.331852 -0.062382
v 10.814154 7.333496 -0.049013
v 10.829643 7.335723 -0.000001
v 10.755669 7.325084 0.086523
v 10.737739 7.322506 0.088218
v 10.719809 7.319928 -0.086525
v 10.652829 7.310295 -0.033761
v 10.661323 7.311517 -0.049013
v 10.647600 7.309543 -0.017212
v 10.737739 7.322506 -0.088220
v 10.645833 7.309289 -0.000001
v 10.814154 7.333496 0.049011
v 10.647600 7.309543 0.017210
v 10.755669 7.325084 -0.086525
v 10.652829 7.310295 0.033759
v 10.802725 7.331852 0.062379
v 10.661323 7.311517 0.049011
v 10.772909 7.327564 -0.081505
v 10.822647 7.334717 -0.033761
v 10.672752 7.313160 0.062379
v 10.788798 7.329849 0.073350
v 10.672752 7.313160 -0.062381
v 10.686680 7.315163 0.073350
v 10.788798 7.329849 -0.073353
v 10.827876 7.335469 -0.017212
v 10.702568 7.317448 0.081503
v 10.772909 7.327564 0.081503
v 10.719809 7.319928 0.086523
v 10.737739 7.322506 0.088218
v 10.650838 7.429986 -0.086525
v 10.632908 7.427407 -0.088220
v 10.545127 7.528506 -0.088220
v 10.563955 7.528699 -0.086525
v 10.542769 7.414444 -0.017212
v 10.547998 7.415196 -0.033761
v 10.614978 7.424828 -0.086525
v 10.541002 7.414190 -0.000001
v 10.709323 7.438397 0.049011
v 10.542769 7.414444 0.017210
v 10.547998 7.415196 0.033759
v 10.697894 7.436753 0.062379
v 10.556492 7.416418 0.049011
v 10.668078 7.432465 -0.081505
v 10.709323 7.438397 -0.049013
v 10.717816 7.439618 -0.033761
v 10.567922 7.418061 0.062379
v 10.683968 7.434750 0.073350
v 10.556492 7.416418 -0.049013
v 10.567922 7.418061 -0.062382
v 10.581849 7.420063 0.073350
v 10.683968 7.434750 -0.073353
v 10.723045 7.440371 -0.017212
v 10.597737 7.422348 0.081503
v 10.668079 7.432465 0.081503
v 10.581849 7.420063 -0.073353
v 10.614978 7.424828 0.086523
v 10.697894 7.436753 -0.062382
v 10.724813 7.440624 -0.000001
v 10.632908 7.427407 0.088218
v 10.650838 7.429986 0.086523
v 10.597737 7.422348 -0.081505
v 10.632908 7.427407 0.088218
v 10.598745 7.529058 0.073350
v 10.613370 7.529208 0.062379
v 10.618794 7.717197 0.062379
v 10.604193 7.717593 0.073350
v 10.455962 7.527588 0.033759
v 10.450470 7.527532 0.017209
v 10.625372 7.529332 0.049011
v 10.464881 7.527680 0.049011
v 10.582060 7.528886 -0.081505
v 10.625372 7.529332 -0.049013
v 10.634291 7.529423 -0.033761
v 10.476883 7.527804 0.062379
v 10.464881 7.527680 -0.049013
v 10.476883 7.527804 -0.062382
v 10.491508 7.527954 0.073350
v 10.598745 7.529058 -0.073353
v 10.639782 7.529480 -0.017212
v 10.508194 7.528126 0.081503
v 10.582060 7.528885 0.081503
v 10.491508 7.527954 -0.073353
v 10.526299 7.528312 0.086523
v 10.613370 7.529208 -0.062382
v 10.641637 7.529499 -0.000001
v 10.545126 7.528506 0.088218
v 10.563955 7.528699 0.086523
v 10.508194 7.528126 -0.081505
v 10.639782 7.529480 0.017209
v 10.545126 7.528506 0.088218
v 10.526299 7.528312 -0.086525
v 10.455962 7.527588 -0.033761
v 10.634291 7.529423 0.033759
v 10.450470 7.527532 -0.017212
v 10.448615 7.527513 -0.000001
v 10.618794 7.717197 -0.062381
v 10.604193 7.717593 -0.073353
v 10.609212 8.193714 -0.073352
v 10.623839 8.193807 -0.062381
v 10.470537 7.721215 -0.049013
v 10.482521 7.720890 -0.062381
v 10.497124 7.720494 0.073351
v 10.482521 7.720890 0.062379
v 10.587533 7.718045 -0.081505
v 10.639683 7.716631 -0.033761
v 10.645165 7.716484 -0.017212
v 10.513783 7.720042 0.081503
v 10.587534 7.718044 0.081503
v 10.497124 7.720494 -0.073353
v 10.531859 7.719553 0.086523
v 10.647017 7.716433 -0.000001
v 10.550657 7.719043 0.088218
v 10.569457 7.718534 0.086523
v 10.513783 7.720042 -0.081505
v 10.630778 7.716874 -0.049013
v 10.645165 7.716484 0.017210
v 10.550657 7.719043 0.088218
v 10.531859 7.719553 -0.086525
v 10.461634 7.721456 -0.033761
v 10.639683 7.716631 0.033759
v 10.456150 7.721604 -0.017212
v 10.550658 7.719043 -0.088220
v 10.454298 7.721655 -0.000001
v 10.630778 7.716874 0.049011
v 10.456150 7.721604 0.017210
v 10.569457 7.718534 -0.086525
v 10.461634 7.721456 0.033759
v 10.470537 7.721215 0.049011
v 10.555585 8.193376 0.088219
v 10.574416 8.193495 0.086524
v 10.579582 9.320385 0.086527
v 10.560749 9.320463 0.088222
v 10.650256 8.193974 -0.017211
v 10.652111 8.193984 -0.000000
v 10.555585 8.193376 0.088219
v 10.536754 8.193257 0.086524
v 10.592525 8.193608 0.081503
v 10.501958 8.193038 -0.073352
v 10.518645 8.193143 -0.081504
v 10.635843 8.193882 -0.049012
v 10.650256 8.193974 0.017210
v 10.536754 8.193257 -0.086524
v 10.466406 8.192814 -0.033760
v 10.475326 8.192871 -0.049012
v 10.644764 8.193938 0.033760
v 10.460913 8.192780 -0.017211
v 10.555585 8.193376 -0.088220
v 10.459058 8.192769 -0.000000
v 10.635843 8.193882 0.049011
v 10.460913 8.192780 0.017210
v 10.574416 8.193495 -0.086524
v 10.466406 8.192814 0.033760
v 10.623839 8.193807 0.062380
v 10.475326 8.192871 0.049012
v 10.592524 8.193609 -0.081504
v 10.644764 8.193938 -0.033760
v 10.487329 8.192946 0.062380
v 10.609212 8.193714 0.073351
v 10.487330 8.192946 -0.062381
v 10.501958 8.193038 0.073351
v 10.518645 8.193143 0.081503
v 10.466072 9.320855 -0.017208
v 10.464216 9.320865 0.000003
v 10.484096 10.282099 0.000005
v 10.485951 10.282089 -0.017205
v 10.523808 9.320617 -0.081501
v 10.541917 9.320541 -0.086521
v 10.471565 9.320833 -0.033757
v 10.480486 9.320796 -0.049009
v 10.655426 9.320073 0.017213
v 10.649933 9.320095 0.033763
v 10.560749 9.320463 -0.088216
v 10.641012 9.320133 0.049015
v 10.466072 9.320855 0.017213
v 10.579582 9.320385 -0.086521
v 10.471565 9.320833 0.033763
v 10.629007 9.320182 0.062383
v 10.480486 9.320796 0.049015
v 10.597691 9.320312 -0.081501
v 10.641012 9.320133 -0.049009
v 10.649933 9.320095 -0.033757
v 10.492491 9.320747 0.062383
v 10.614380 9.320243 0.073354
v 10.492491 9.320747 -0.062378
v 10.507119 9.320685 0.073354
v 10.614380 9.320243 -0.073349
v 10.655426 9.320073 -0.017208
v 10.523808 9.320617 0.081507
v 10.597691 9.320312 0.081506
v 10.507119 9.320685 -0.073349
v 10.541917 9.320541 0.086527
v 10.629007 9.320182 -0.062378
v 10.657281 9.320065 0.000003
v 10.560749 9.320463 0.088222
v 10.666440 10.246036 -0.015988
v 10.664195 10.248731 0.000499
v 10.671479 10.090754 0.000095
v 10.669182 10.071084 -0.016926
v 10.664318 10.016911 0.033815
v 10.655645 10.027185 0.049079
v 10.485951 10.282089 0.017216
v 10.580628 10.281698 -0.088214
v 10.599461 10.281620 -0.086519
v 10.491445 10.282067 0.033765
v 10.648875 10.280853 0.062386
v 10.500364 10.282031 0.049017
v 10.617569 10.281547 -0.081499
v 10.658880 10.210075 -0.048734
v 10.667897 10.189723 -0.033758
v 10.512370 10.281981 0.062386
v 10.634259 10.281477 0.073357
v 10.500364 10.282031 -0.049007
v 10.512370 10.281981 -0.062375
v 10.526999 10.281920 0.073357
v 10.633486 10.248116 -0.073263
v 10.543687 10.281851 0.081509
v 10.617570 10.281545 0.081509
v 10.526999 10.281920 -0.073346
v 10.561796 10.281776 0.086529
v 10.647252 10.216780 -0.062122
v 10.580628 10.281698 0.088224
v 10.599461 10.281620 0.086529
v 10.543687 10.281851 -0.081499
v 10.670071 10.043650 0.017254
v 10.580628 10.281698 0.088224
v 10.561796 10.281776 -0.086519
v 10.491445 10.282067 -0.033755
v 11.459211 9.917481 0.081503
v 11.475901 9.917481 0.073351
v 11.471322 10.223772 0.073351
v 11.456057 10.220755 0.081503
v 11.385325 9.917481 -0.081505
v 11.403435 9.917481 -0.086525
v 11.502535 9.917481 -0.049013
v 11.511456 9.917481 -0.033761
v 11.441101 9.917481 0.086523
v 11.422268 9.917481 -0.088220
v 11.441101 9.917481 -0.086525
v 11.403435 9.917481 0.086523
v 11.385325 9.917481 0.081503
v 11.511456 9.917481 0.033759
v 11.502535 9.917481 0.049011
v 11.459211 9.917481 -0.081505
v 11.475901 9.917481 -0.073353
v 11.368635 9.917481 0.073351
v 11.354007 9.917481 0.062379
v 11.516950 9.917481 -0.017212
v 11.490530 9.917481 -0.062381
v 11.422268 9.917481 0.088218
v 11.342002 9.917481 0.049011
v 11.333080 9.917481 0.033759
v 11.342002 9.917481 -0.049013
v 11.354007 9.917481 -0.062381
v 11.490530 9.917481 0.062379
v 11.327587 9.917481 0.017210
v 11.368635 9.917481 -0.073353
v 11.518805 9.917481 -0.000001
v 11.333080 9.917481 -0.033761
v 11.516950 9.917481 0.017210
v 11.422268 9.917481 0.088218
v 11.405036 10.210671 0.086523
v 11.422263 10.214076 0.088218
v 11.403284 10.271386 0.088218
v 11.390616 10.265151 0.086523
v 11.359823 10.201736 -0.062381
v 11.373204 10.204381 -0.073353
v 11.333960 10.196625 -0.000001
v 11.335656 10.196960 -0.017212
v 11.439490 10.217481 0.086523
v 11.388471 10.207398 0.081503
v 11.456057 10.220755 -0.081505
v 11.471322 10.223772 -0.073353
v 11.422263 10.214076 0.088218
v 11.348841 10.199566 -0.049013
v 11.335656 10.196960 0.017210
v 11.439490 10.217481 -0.086525
v 11.340681 10.197953 -0.033761
v 11.340681 10.197953 0.033759
v 11.495686 10.228586 -0.049013
v 11.503846 10.230200 -0.033761
v 11.422263 10.214076 -0.088220
v 11.508871 10.231192 -0.017212
v 11.348841 10.199566 0.049011
v 11.510568 10.231527 -0.000001
v 11.405036 10.210671 -0.086525
v 11.508871 10.231192 0.017210
v 11.359823 10.201736 0.062379
v 11.503846 10.230200 0.033759
v 11.388471 10.207398 -0.081505
v 11.495686 10.228586 0.049011
v 11.373204 10.204381 0.073351
v 11.484704 10.226417 -0.062381
v 11.484704 10.226417 0.062379
v 11.466970 10.302731 -0.017212
v 11.463276 10.300911 -0.033761
v 11.319189 10.334006 -0.033761
v 11.319466 10.336461 -0.017212
v 11.415953 10.277620 -0.086525
v 11.428133 10.283615 -0.081505
v 11.343292 10.241860 -0.033761
v 11.349293 10.244813 -0.049013
v 11.343292 10.241860 0.033759
v 11.339597 10.240042 0.017210
v 11.457275 10.297959 -0.049013
v 11.403284 10.271386 -0.088220
v 11.349293 10.244813 0.049011
v 11.468219 10.303346 -0.000001
v 11.390616 10.265151 -0.086525
v 11.466970 10.302731 0.017210
v 11.357368 10.248788 0.062379
v 11.463276 10.300911 0.033759
v 11.378434 10.259156 -0.081505
v 11.457275 10.297959 0.049011
v 11.367208 10.253630 0.073351
v 11.449200 10.293984 -0.062381
v 11.449200 10.293984 0.062379
v 11.367208 10.253630 -0.073353
v 11.339597 10.240042 -0.017212
v 11.439360 10.289142 0.073351
v 11.378434 10.259156 0.081503
v 11.439360 10.289142 -0.073352
v 11.428134 10.283615 0.081503
v 11.357368 10.248788 -0.062381
v 11.338349 10.239428 -0.000001
v 11.415953 10.277620 0.086523
v 11.403284 10.271386 0.088218
v 11.319189 10.334006 0.033759
v 11.319466 10.336461 0.017210
v 11.131907 10.310236 0.013532
v 11.133134 10.308383 0.026546
v 11.310640 10.258290 0.049011
v 11.310191 10.254305 0.033759
v 11.319559 10.337291 -0.000001
v 11.313740 10.285742 -0.086525
v 11.314690 10.294156 -0.088220
v 11.311247 10.263656 0.062379
v 11.312826 10.277649 -0.081505
v 11.318739 10.330020 0.049011
v 11.311985 10.270192 0.073351
v 11.318133 10.324656 -0.062381
v 11.318739 10.330020 -0.049013
v 11.318133 10.324656 0.062380
v 11.311984 10.270192 -0.073352
v 11.309914 10.251850 -0.017212
v 11.310191 10.254305 -0.033761
v 11.317394 10.318120 0.073351
v 11.312826 10.277649 0.081503
v 11.317394 10.318120 -0.073352
v 11.316554 10.310662 0.081503
v 11.311247 10.263656 -0.062381
v 11.309820 10.251021 -0.000001
v 11.315640 10.302571 0.086523
v 11.313741 10.285741 0.086523
v 11.316553 10.310662 -0.081505
v 11.314690 10.294156 0.088218
v 11.310640 10.258290 -0.049013
v 11.309914 10.251850 0.017210
v 11.314690 10.294156 0.088218
v 11.315640 10.302571 -0.086525
v 11.172941 10.248213 0.026545
v 11.170950 10.251222 0.038538
v 11.008961 10.246597 0.038538
v 11.007018 10.243581 0.026546
v 11.161281 10.265836 -0.064089
v 11.157240 10.271945 -0.068036
v 11.135124 10.305374 0.038538
v 11.165007 10.260206 0.057677
v 11.168271 10.255271 0.049050
v 11.137803 10.301324 -0.049052
v 11.135124 10.305374 -0.038540
v 11.137803 10.301324 0.049050
v 11.165007 10.260206 -0.057679
v 11.174167 10.246359 -0.013534
v 11.172941 10.248213 -0.026547
v 11.141068 10.296391 0.057677
v 11.161281 10.265836 0.064088
v 11.141068 10.296391 -0.057679
v 11.144793 10.290760 0.064088
v 11.168271 10.255271 -0.049052
v 11.174581 10.245733 -0.000001
v 11.148834 10.284652 0.068035
v 11.157241 10.271944 0.068035
v 11.144793 10.290760 -0.064089
v 11.153037 10.278297 0.069368
v 11.170950 10.251222 -0.038540
v 11.174167 10.246359 0.013532
v 11.153037 10.278297 0.069368
v 11.148834 10.284652 -0.068036
v 11.133134 10.308383 -0.026547
v 11.153037 10.278297 -0.069369
v 11.131907 10.310236 -0.013534
v 11.131493 10.310863 -0.000001
v 11.022348 10.267363 -0.068036
v 11.018401 10.261241 -0.064089
v 10.813344 10.287962 -0.064089
v 10.819894 10.293618 -0.068036
v 11.047083 10.305732 -0.013534
v 11.047486 10.306360 -0.000001
v 11.026452 10.273728 -0.069369
v 11.047083 10.305732 0.013533
v 11.011578 10.250655 0.049050
v 11.045885 10.303876 0.026546
v 11.043941 10.300859 0.038538
v 11.014766 10.255599 0.057677
v 11.041326 10.296802 -0.049052
v 11.043941 10.300859 -0.038540
v 11.041326 10.296802 0.049050
v 11.014765 10.255599 -0.057679
v 11.005821 10.241725 -0.013534
v 11.007018 10.243581 -0.026547
v 11.038138 10.291859 0.057677
v 11.018401 10.261241 0.064088
v 11.038139 10.291859 -0.057679
v 11.034502 10.286216 0.064088
v 11.011578 10.250655 -0.049052
v 11.005417 10.241097 -0.000001
v 11.030556 10.280095 0.068035
v 11.022348 10.267362 0.068035
v 11.034502 10.286216 -0.064089
v 11.026452 10.273728 0.069368
v 11.008961 10.246597 -0.038540
v 11.005821 10.241725 0.013532
v 11.026452 10.273728 0.069368
v 11.030556 10.280095 -0.068036
v 11.045885 10.303876 -0.026547
v 10.807308 10.282747 0.057677
v 10.813344 10.287962 0.064088
v 10.673299 10.346675 0.064042
v 10.679351 10.337183 0.057461
v 10.858959 10.327362 0.026546
v 10.855733 10.324575 0.038539
v 10.802018 10.278179 0.049050
v 10.851392 10.320826 -0.049052
v 10.855733 10.324575 -0.038540
v 10.851392 10.320826 0.049050
v 10.807308 10.282747 -0.057679
v 10.792464 10.269926 -0.013534
v 10.794450 10.271642 -0.026547
v 10.846102 10.316256 0.057677
v 10.846102 10.316256 -0.057679
v 10.840065 10.311042 0.064088
v 10.802018 10.278179 -0.049052
v 10.791793 10.269346 -0.000001
v 10.833516 10.305386 0.068035
v 10.819894 10.293618 0.068035
v 10.840065 10.311042 -0.064089
v 10.826705 10.299501 0.069368
v 10.797676 10.274428 -0.038540
v 10.792464 10.269926 0.013533
v 10.826705 10.299501 0.069368
v 10.833516 10.305386 -0.068036
v 10.794450 10.271642 0.026546
v 10.858959 10.327362 -0.026547
v 10.826705 10.299501 -0.069369
v 10.860947 10.329079 -0.013534
v 10.797676 10.274428 0.038539
v 10.861617 10.329659 -0.000001
v 10.860947 10.329079 0.013533
v 10.682640 10.330136 0.048791
v 10.599694 10.353799 0.057677
v 10.603449 10.348934 0.049051
v 10.689125 10.364473 -0.057055
v 10.684694 10.371845 -0.048601
v 10.670203 10.375894 0.057539
v 10.666615 10.373020 0.064070
v 10.688522 10.327980 -0.048949
v 10.691014 10.330570 -0.057455
v 10.690828 10.315143 0.000019
v 10.693772 10.316099 -0.013440
v 10.667497 10.367065 0.068035
v 10.670623 10.353879 0.068035
v 10.691514 10.357612 -0.063349
v 10.669053 10.360476 0.069368
v 10.687978 10.324470 -0.038443
v 10.691548 10.314449 0.013415
v 10.669053 10.360476 0.069368
v 10.691542 10.351665 -0.067256
v 10.688350 10.321705 -0.026491
v 10.686923 10.320111 0.026358
v 10.680905 10.377922 -0.038243
v 10.671510 10.386114 -0.026441
v 10.691353 10.345612 -0.068581
v 10.664173 10.391945 -0.013517
v 10.689041 10.321077 0.038183
v 10.661229 10.394160 -0.000000
v 10.691547 10.339322 -0.067262
v 10.661529 10.393430 0.013531
v 10.661743 10.391641 0.026545
v 10.691626 10.333618 -0.063413
v 10.663163 10.388128 0.038527
v 10.671282 10.379749 0.048890
v 10.561622 10.403117 0.013533
v 10.561145 10.403733 -0.000000
v 10.485258 10.333951 -0.000000
v 10.486707 10.333879 0.013533
v 10.568404 10.394331 -0.049051
v 10.565322 10.398324 -0.038540
v 10.565322 10.398324 0.038539
v 10.568404 10.394331 0.049051
v 10.653680 10.324981 -0.057852
v 10.631001 10.338617 -0.063361
v 10.638645 10.332130 -0.013626
v 10.655745 10.324567 -0.027148
v 10.572159 10.389468 0.057677
v 10.595408 10.359348 0.064088
v 10.572159 10.389468 -0.057678
v 10.576443 10.383918 0.064088
v 10.664190 10.316685 -0.049534
v 10.610706 10.339534 -0.000000
v 10.581091 10.377895 0.068035
v 10.590761 10.365370 0.068035
v 10.576443 10.383918 -0.064089
v 10.585926 10.371633 0.069368
v 10.665981 10.315407 -0.039095
v 10.610229 10.340150 0.013533
v 10.585926 10.371633 0.069368
v 10.581091 10.377895 -0.068036
v 10.608820 10.341976 0.026546
v 10.563032 10.401290 -0.026547
v 10.585926 10.371633 -0.069369
v 10.561622 10.403117 -0.013534
v 10.606529 10.344944 0.038539
v 10.590760 10.365372 -0.068036
v 10.563032 10.401290 0.026546
v 10.507357 10.332855 0.049051
v 10.497974 10.333321 0.038539
v 10.497199 10.313303 0.051168
v 10.509733 10.313316 0.065125
v 10.614056 10.327570 0.049051
v 10.623436 10.327104 0.038539
v 10.491002 10.333667 0.026546
v 10.589579 10.328782 -0.064089
v 10.575422 10.329484 -0.068036
v 10.602623 10.328136 0.057677
v 10.507357 10.332855 -0.049051
v 10.497974 10.333321 -0.038540
v 10.628512 10.314040 -0.061059
v 10.651396 10.321065 -0.015180
v 10.653820 10.309494 -0.029048
v 10.518788 10.332290 0.057677
v 10.589579 10.328782 0.064088
v 10.518788 10.332290 -0.057678
v 10.531833 10.331642 0.064088
v 10.648579 10.298343 -0.052237
v 10.636152 10.326474 -0.000000
v 10.545986 10.330942 0.068035
v 10.575425 10.329484 0.068035
v 10.531833 10.331642 -0.064089
v 10.560705 10.330213 0.069368
v 10.656017 10.295791 -0.041252
v 10.634703 10.326546 0.013533
v 10.560705 10.330213 0.069368
v 10.545986 10.330942 -0.068036
v 10.630409 10.326760 0.026546
v 10.491002 10.333667 -0.026547
v 10.560705 10.330213 -0.069369
v 10.486707 10.333879 -0.013534
v 10.662180 10.265034 -0.031370
v 10.630956 10.290159 -0.069377
v 10.619567 10.313447 -0.085091
v 10.525002 10.313335 0.076579
v 10.619567 10.313447 0.085090
v 10.636992 10.313469 0.076579
v 10.525002 10.313335 -0.076580
v 10.509733 10.313316 -0.065126
v 10.542429 10.313355 0.085090
v 10.645599 10.266733 -0.057100
v 10.561335 10.313378 0.090331
v 10.600660 10.313424 0.090331
v 10.542429 10.313355 -0.085091
v 10.580997 10.313401 0.092101
v 10.655681 10.259654 -0.044621
v 10.664196 10.247555 0.016872
v 10.580997 10.313401 0.092101
v 10.561335 10.313378 -0.090332
v 10.656013 10.226588 0.032115
v 10.497199 10.313303 -0.051169
v 10.487885 10.313292 -0.035246
v 10.580997 10.313401 -0.092102
v 10.482148 10.313286 -0.017968
v 10.646839 10.223591 0.046214
v 10.480213 10.313282 -0.000000
v 10.600657 10.313424 -0.090332
v 10.482148 10.313286 0.017968
v 10.652067 10.313145 0.065042
v 10.487885 10.313292 0.035245
v 12.584743 10.418442 -0.017212
v 12.582889 10.418442 -0.000001
v 12.582894 10.835847 -0.000001
v 12.584749 10.835847 -0.017212
v 12.759691 10.418442 -0.049013
v 12.768612 10.418442 -0.033761
v 12.716367 10.418442 0.081503
v 12.698257 10.418442 0.086523
v 12.679424 10.418442 -0.088221
v 12.698257 10.418442 -0.086525
v 12.660591 10.418442 0.086523
v 12.642482 10.418442 0.081503
v 12.768612 10.418442 0.033759
v 12.759691 10.418442 0.049011
v 12.716367 10.418442 -0.081505
v 12.733057 10.418442 -0.073353
v 12.625792 10.418442 0.073350
v 12.611163 10.418442 0.062379
v 12.774105 10.418442 -0.017212
v 12.747685 10.418442 -0.062382
v 12.679424 10.418442 0.088218
v 12.599157 10.418442 0.049011
v 12.590237 10.418442 0.033759
v 12.599157 10.418442 -0.049013
v 12.611163 10.418442 -0.062382
v 12.747685 10.418442 0.062379
v 12.584743 10.418442 0.017209
v 12.625792 10.418442 -0.073353
v 12.775961 10.418442 -0.000001
v 12.590237 10.418442 -0.033761
v 12.733057 10.418442 0.073350
v 12.774105 10.418442 0.017209
v 12.679424 10.418442 0.088218
v 12.583033 9.452242 -0.000001
v 12.572623 9.103529 -0.000001
v 12.574475 9.103483 0.017209
v 12.625871 9.451185 -0.073353
v 12.611264 9.451546 -0.062382
v 12.759567 9.447887 0.049011
v 12.768475 9.447667 0.033759
v 12.584885 9.452196 -0.017212
v 12.660617 9.450328 -0.086525
v 12.642535 9.450773 -0.081505
v 12.773959 9.447532 -0.017212
v 12.768475 9.447667 -0.033761
v 12.679422 9.449864 0.088218
v 12.698227 9.449400 0.086523
v 12.698227 9.449400 -0.086525
v 12.679422 9.449864 -0.088221
v 12.642535 9.450773 0.081503
v 12.660617 9.450328 0.086523
v 12.747580 9.448183 0.062379
v 12.599277 9.451841 -0.049013
v 12.590369 9.452062 -0.033761
v 12.732973 9.448544 -0.073353
v 12.716309 9.448955 -0.081505
v 12.611264 9.451546 0.062379
v 12.625871 9.451185 0.073350
v 12.775812 9.447487 -0.000001
v 12.759567 9.447887 -0.049013
v 12.747580 9.448183 -0.062382
v 12.599277 9.451841 0.049011
v 12.732973 9.448544 0.073350
v 12.773959 9.447532 0.017209
v 12.716309 9.448955 0.081503
v 12.679422 9.449864 0.088218
v 12.669013 9.101151 -0.088221
v 12.687818 9.100688 -0.086525
v 12.648362 9.020151 -0.086525
v 12.635054 9.026114 -0.088221
v 12.650208 9.101615 0.086523
v 12.669013 9.101151 0.088218
v 12.705899 9.100242 -0.081505
v 12.758065 9.098954 -0.033761
v 12.749158 9.099174 -0.049013
v 12.579961 9.103348 0.033759
v 12.763550 9.098820 -0.017212
v 12.765403 9.098774 -0.000001
v 12.588868 9.103128 0.049011
v 12.763550 9.098820 0.017209
v 12.650208 9.101615 -0.086525
v 12.758065 9.098954 0.033759
v 12.600855 9.102833 0.062379
v 12.749158 9.099174 0.049011
v 12.632126 9.102061 -0.081505
v 12.588868 9.103128 -0.049013
v 12.579961 9.103348 -0.033761
v 12.737171 9.099470 0.062379
v 12.615461 9.102472 0.073350
v 12.737171 9.099470 -0.062382
v 12.722564 9.099831 0.073350
v 12.615461 9.102472 -0.073353
v 12.574475 9.103483 -0.017212
v 12.705899 9.100242 0.081503
v 12.632126 9.102061 0.081503
v 12.722564 9.099831 -0.073353
v 12.687818 9.100688 0.086523
v 12.600855 9.102833 -0.062382
v 12.669013 9.101151 0.088218
v 12.586817 9.047722 0.062379
v 12.578332 9.051522 0.049011
v 12.449315 8.981708 0.049011
v 12.453476 8.976669 0.062379
v 12.703271 8.995554 -0.000001
v 12.701961 8.996141 -0.017212
v 12.572028 9.054346 0.033759
v 12.701961 8.996141 0.017209
v 12.621744 9.032074 -0.086525
v 12.698078 8.997881 0.033759
v 12.691774 9.000705 0.049011
v 12.608947 9.037807 -0.081505
v 12.578332 9.051522 -0.049013
v 12.572028 9.054346 -0.033761
v 12.683291 9.004505 0.062379
v 12.597153 9.043091 0.073350
v 12.691774 9.000705 -0.049013
v 12.683291 9.004505 -0.062382
v 12.672954 9.009136 0.073350
v 12.597153 9.043091 -0.073353
v 12.568146 9.056085 -0.017212
v 12.661160 9.014419 0.081503
v 12.608947 9.037807 0.081503
v 12.672954 9.009136 -0.073353
v 12.648362 9.020151 0.086523
v 12.586817 9.047722 -0.062382
v 12.566835 9.056672 -0.000001
v 12.635054 9.026114 0.088218
v 12.621744 9.032074 0.086523
v 12.661160 9.014419 -0.081505
v 12.568146 9.056085 0.017209
v 12.635054 9.026114 0.088218
v 12.698078 8.997881 -0.033761
v 12.458542 8.970530 -0.073353
v 12.464325 8.963525 -0.081505
v 12.322660 8.939186 -0.081505
v 12.322206 8.946651 -0.073353
v 12.504933 8.914334 0.049011
v 12.508023 8.910590 0.033759
v 12.470598 8.955925 -0.086525
v 12.449315 8.981708 -0.049013
v 12.446224 8.985452 -0.033761
v 12.500774 8.919374 0.062379
v 12.458542 8.970530 0.073350
v 12.504933 8.914334 -0.049013
v 12.500774 8.919374 -0.062382
v 12.495706 8.925513 0.073350
v 12.444321 8.987757 -0.017212
v 12.489923 8.932518 0.081503
v 12.464325 8.963525 0.081502
v 12.495706 8.925513 -0.073353
v 12.483649 8.940118 0.086523
v 12.453476 8.976669 -0.062382
v 12.443679 8.988536 -0.000001
v 12.477125 8.948021 0.088218
v 12.470598 8.955925 0.086523
v 12.489923 8.932518 -0.081505
v 12.444321 8.987757 0.017209
v 12.477125 8.948021 0.088218
v 12.483649 8.940118 -0.086525
v 12.508023 8.910590 -0.033761
v 12.446224 8.985452 0.033759
v 12.509927 8.908285 -0.017212
v 12.477125 8.948021 -0.088221
v 12.510569 8.907507 -0.000001
v 12.509927 8.908285 0.017209
v 12.323151 8.931087 0.086523
v 12.322659 8.939186 0.081502
v 12.161402 8.961810 0.081502
v 12.155981 8.954080 0.086523
v 12.321243 8.962551 -0.033761
v 12.321094 8.965008 -0.017212
v 12.324665 8.906143 0.081502
v 12.325117 8.898679 0.073350
v 12.322206 8.946651 0.073350
v 12.325515 8.892137 -0.062382
v 12.325117 8.898679 -0.073353
v 12.324174 8.914242 0.086523
v 12.321813 8.953193 -0.062382
v 12.321044 8.965838 -0.000001
v 12.323663 8.922665 0.088218
v 12.324665 8.906143 -0.081505
v 12.321486 8.958563 -0.049013
v 12.321094 8.965008 0.017209
v 12.323663 8.922665 0.088218
v 12.324174 8.914242 -0.086525
v 12.326080 8.882777 -0.033761
v 12.325840 8.886766 -0.049013
v 12.321243 8.962551 0.033759
v 12.326230 8.880320 -0.017212
v 12.323663 8.922665 -0.088221
v 12.326280 8.879491 -0.000001
v 12.321486 8.958563 0.049010
v 12.326230 8.880320 0.017209
v 12.323151 8.931087 -0.086525
v 12.326080 8.882777 0.033759
v 12.321812 8.953193 0.062379
v 12.325840 8.886766 0.049011
v 12.325515 8.892137 0.062379
v 12.126317 8.911776 -0.049013
v 12.123645 8.907968 -0.033761
v 11.954007 8.979791 -0.033761
v 11.959314 8.982999 -0.049013
v 12.134290 8.923145 -0.073353
v 12.139286 8.930269 -0.081505
v 12.170778 8.975178 -0.062382
v 12.174371 8.980305 -0.049013
v 12.179241 8.987249 -0.000001
v 12.178684 8.986458 0.017209
v 12.150344 8.946039 0.088218
v 12.144707 8.938000 -0.086526
v 12.177041 8.984111 0.033759
v 12.122002 8.905622 -0.017212
v 12.150344 8.946039 -0.088221
v 12.121446 8.904831 -0.000001
v 12.174371 8.980305 0.049010
v 12.122002 8.905622 0.017209
v 12.155981 8.954080 -0.086526
v 12.123645 8.907968 0.033759
v 12.170778 8.975178 0.062379
v 12.126317 8.911776 0.049011
v 12.161402 8.961810 -0.081505
v 12.177041 8.984111 -0.033761
v 12.129910 8.916900 0.062379
v 12.166397 8.968934 0.073350
v 12.129910 8.916900 -0.062382
v 12.134290 8.923145 0.073350
v 12.166397 8.968934 -0.073353
v 12.178684 8.986458 -0.017212
v 12.139286 8.930269 0.081502
v 12.144707 8.938000 0.086523
v 12.150344 8.946039 0.088218
v 11.949637 8.977148 -0.000001
v 11.950741 8.977815 0.017209
v 11.831176 9.082202 0.017209
v 11.829390 9.081978 -0.000002
v 12.063354 9.045924 0.017209
v 12.060088 9.043947 0.033758
v 11.950741 8.977815 -0.017212
v 11.995850 9.005095 -0.086526
v 12.007049 9.011869 -0.088221
v 12.054784 9.040740 0.049010
v 12.018249 9.018642 -0.086526
v 11.954007 8.979791 0.033759
v 12.047645 9.036421 0.062379
v 11.959314 8.982999 0.049011
v 12.029018 9.025158 -0.081505
v 12.054784 9.040740 -0.049013
v 12.060088 9.043947 -0.033762
v 11.966454 8.987317 0.062379
v 12.038943 9.031160 0.073350
v 11.966454 8.987317 -0.062382
v 11.975154 8.992579 0.073350
v 12.038943 9.031160 -0.073353
v 12.063354 9.045924 -0.017212
v 11.985079 8.998582 0.081502
v 12.029018 9.025158 0.081502
v 11.975154 8.992579 -0.073353
v 11.995850 9.005095 0.086523
v 12.047645 9.036421 -0.062382
v 12.064459 9.046592 -0.000002
v 12.007049 9.011869 0.088218
v 12.018249 9.018642 0.086523
v 11.985079 8.998582 -0.081505
v 12.007049 9.011869 0.088218
v 11.845057 9.083940 0.049010
v 11.856616 9.085388 0.062379
v 11.847938 9.207790 0.062379
v 11.835934 9.207843 0.049010
v 11.922347 9.093625 -0.088221
v 11.940483 9.095899 -0.086526
v 11.836465 9.082864 0.033758
v 11.999641 9.103311 0.049010
v 11.988080 9.101862 0.062379
v 11.957922 9.098083 -0.081505
v 11.999641 9.103311 -0.049014
v 12.008230 9.104387 -0.033762
v 11.973993 9.100098 0.073350
v 11.845057 9.083940 -0.049013
v 11.856616 9.085388 -0.062382
v 11.870704 9.087154 0.073350
v 11.973993 9.100098 -0.073353
v 12.013520 9.105050 -0.017212
v 11.886774 9.089168 0.081502
v 11.957922 9.098083 0.081502
v 11.870704 9.087154 -0.073353
v 11.904214 9.091352 0.086522
v 11.988080 9.101862 -0.062382
v 12.015307 9.105274 -0.000002
v 11.922347 9.093625 0.088218
v 11.940483 9.095899 0.086522
v 11.886774 9.089168 -0.081505
v 12.013520 9.105050 0.017209
v 11.922347 9.093625 0.088218
v 11.904214 9.091352 -0.086526
v 11.836465 9.082864 -0.033762
v 12.008230 9.104387 0.033758
v 11.831176 9.082202 -0.017212
v 11.879255 9.207651 0.081502
v 11.897365 9.207571 0.086522
v 11.903852 10.268324 0.086522
v 11.885773 10.267843 0.081502
v 11.984454 9.207185 0.062379
v 11.969826 9.207252 0.073350
v 11.835934 9.207843 -0.049013
v 11.847938 9.207790 -0.062382
v 11.862567 9.207726 0.073350
v 11.953137 9.207325 -0.081505
v 11.969826 9.207252 -0.073353
v 12.005379 9.207093 -0.033762
v 12.010873 9.207069 -0.017212
v 11.953137 9.207325 0.081502
v 11.862567 9.207726 -0.073353
v 11.984454 9.207185 -0.062382
v 12.012728 9.207060 -0.000002
v 11.916195 9.207488 0.088218
v 11.935028 9.207405 0.086522
v 11.879255 9.207651 -0.081505
v 11.996460 9.207133 -0.049014
v 12.010873 9.207069 0.017209
v 11.916195 9.207488 0.088218
v 11.897366 9.207571 -0.086526
v 11.827013 9.207884 -0.033762
v 12.005379 9.207093 0.033758
v 11.821520 9.207909 -0.017212
v 11.916195 9.207488 -0.088221
v 11.819665 9.207916 -0.000002
v 11.996460 9.207133 0.049010
v 11.821520 9.207909 0.017209
v 11.935028 9.207405 -0.086526
v 11.827013 9.207884 0.033758
v 11.922650 10.268820 0.088218
v 11.941451 10.269318 0.086522
v 11.906174 10.436593 0.086522
v 11.888616 10.433545 0.088218
v 11.976191 10.270236 -0.073353
v 11.990793 10.270622 -0.062382
v 12.017167 10.271322 -0.017212
v 12.019019 10.271369 -0.000002
v 11.922650 10.268820 0.088218
v 11.959530 10.269795 0.081502
v 11.869113 10.267404 -0.073353
v 11.885773 10.267843 -0.081505
v 12.002779 10.270940 -0.049013
v 12.017167 10.271322 0.017209
v 11.903852 10.268324 -0.086526
v 11.833619 10.266465 -0.033762
v 11.842525 10.266701 -0.049013
v 12.011683 10.271176 0.033758
v 11.828135 10.266320 -0.017212
v 11.922650 10.268820 -0.088221
v 11.826283 10.266272 -0.000002
v 12.002779 10.270940 0.049010
v 11.828135 10.266320 0.017209
v 11.941451 10.269318 -0.086526
v 11.833619 10.266465 0.033758
v 11.990793 10.270622 0.062379
v 11.842525 10.266701 0.049010
v 11.959530 10.269795 -0.081505
v 12.011683 10.271176 -0.033762
v 11.854508 10.267017 0.062379
v 11.976191 10.270236 0.073350
v 11.854508 10.267017 -0.062382
v 11.869113 10.267404 0.073350
v 11.800345 10.418224 -0.017212
v 11.798616 10.417924 -0.000002
v 11.719572 10.498967 -0.000001
v 11.720677 10.499635 -0.017212
v 11.854176 10.427567 -0.081505
v 11.871059 10.430497 -0.086526
v 11.805467 10.419114 -0.033762
v 11.813785 10.420556 -0.049013
v 11.976886 10.448867 0.017209
v 11.971765 10.447977 0.033758
v 11.888616 10.433545 -0.088221
v 11.963449 10.446535 0.049010
v 11.800345 10.418224 0.017209
v 11.906174 10.436593 -0.086526
v 11.805467 10.419114 0.033758
v 11.952256 10.444591 0.062379
v 11.813785 10.420556 0.049010
v 11.923058 10.439524 -0.081505
v 11.963449 10.446535 -0.049014
v 11.971765 10.447977 -0.033762
v 11.824976 10.422499 0.062379
v 11.938618 10.442225 0.073350
v 11.824976 10.422499 -0.062382
v 11.838615 10.424866 0.073350
v 11.938618 10.442225 -0.073353
v 11.976886 10.448867 -0.017212
v 11.854176 10.427567 0.081502
v 11.923058 10.439523 0.081502
v 11.838615 10.424866 -0.073353
v 11.871058 10.430497 0.086522
v 11.952256 10.444591 -0.062382
v 11.978617 10.449167 -0.000002
v 11.888616 10.433545 0.088218
v 11.723948 10.501609 0.033759
v 11.729265 10.504813 0.049010
v 11.556676 10.588510 0.049011
v 11.554976 10.584592 0.033759
v 11.830214 10.565703 0.033758
v 11.824900 10.562499 0.049010
v 11.720677 10.499635 0.017209
v 11.777081 10.533656 -0.088221
v 11.788301 10.540424 -0.086526
v 11.817748 10.558185 0.062379
v 11.799089 10.546932 -0.081505
v 11.824900 10.562499 -0.049013
v 11.830214 10.565703 -0.033762
v 11.736417 10.509128 0.062379
v 11.809033 10.552928 0.073350
v 11.729265 10.504813 -0.049013
v 11.736417 10.509128 -0.062382
v 11.745133 10.514384 0.073350
v 11.809033 10.552928 -0.073353
v 11.833485 10.567680 -0.017212
v 11.755075 10.520381 0.081502
v 11.799090 10.546932 0.081502
v 11.745133 10.514384 -0.073353
v 11.765863 10.526890 0.086523
v 11.817748 10.558185 -0.062382
v 11.834593 10.568346 -0.000002
v 11.777081 10.533656 0.088218
v 11.788301 10.540424 0.086522
v 11.755075 10.520381 -0.081505
v 11.833485 10.567680 0.017209
v 11.777081 10.533656 0.088218
v 11.765863 10.526890 -0.086526
v 11.723948 10.501609 -0.033761
v 11.589947 10.665351 -0.017212
v 11.588904 10.662937 -0.033761
v 11.281549 10.662893 -0.029651
v 11.279881 10.664920 -0.015116
v 11.575523 10.632037 -0.086525
v 11.578967 10.639991 -0.081505
v 11.587208 10.659019 -0.049013
v 11.558959 10.593782 0.062379
v 11.584925 10.653747 0.062379
v 11.582143 10.647321 0.073350
v 11.556676 10.588510 -0.049013
v 11.558959 10.593782 -0.062382
v 11.561743 10.600207 0.073350
v 11.582143 10.647321 -0.073353
v 11.564917 10.607538 0.081503
v 11.578968 10.639990 0.081503
v 11.561743 10.600207 -0.073353
v 11.568360 10.615493 0.086523
v 11.584925 10.653747 -0.062382
v 11.590302 10.666165 -0.000001
v 11.571941 10.623764 0.088218
v 11.575523 10.632037 0.086523
v 11.564917 10.607538 -0.081505
v 11.589947 10.665351 0.017209
v 11.571941 10.623764 0.088218
v 11.568359 10.615493 -0.086525
v 11.554976 10.584592 -0.033761
v 11.588904 10.662937 0.033759
v 11.553934 10.582177 -0.017212
v 11.571941 10.623764 -0.088220
v 11.553581 10.581364 -0.000001
v 11.587208 10.659019 0.049011
v 11.553934 10.582177 0.017210
v 11.319777 10.616378 -0.071582
v 11.324834 10.610224 -0.064422
v 11.198281 10.590371 -0.064422
v 11.189451 10.595605 -0.071582
v 11.319777 10.616378 0.071580
v 11.324834 10.610224 0.064420
v 11.292324 10.649782 0.064420
v 11.297382 10.643626 0.071580
v 11.329267 10.604828 -0.054787
v 11.314286 10.623058 0.075989
v 11.292324 10.649782 -0.064422
v 11.287890 10.655176 -0.054787
v 11.279321 10.665604 -0.000001
v 11.308578 10.630003 0.077478
v 11.302870 10.636948 0.075989
v 11.284250 10.659604 -0.043046
v 11.279881 10.664920 0.015114
v 11.308578 10.630003 0.077478
v 11.314285 10.623058 -0.075991
v 11.335607 10.597111 -0.029651
v 11.332905 10.600402 -0.043046
v 11.281549 10.662893 0.029649
v 11.337273 10.595085 -0.015116
v 11.308578 10.630003 -0.077480
v 11.337835 10.594400 -0.000001
v 11.284250 10.659604 0.043044
v 11.337273 10.595085 0.015114
v 11.302870 10.636948 -0.075991
v 11.335607 10.597111 0.029649
v 11.287890 10.655176 0.054785
v 11.332905 10.600402 0.043044
v 11.297380 10.643626 -0.071582
v 11.329267 10.604828 0.054785
v 11.122717 10.635162 0.029649
v 11.119807 10.636886 0.015114
v 11.056747 10.630134 0.015115
v 11.057333 10.627991 0.029649
v 11.133787 10.628600 -0.054787
v 11.127435 10.632365 -0.043046
v 11.118828 10.637467 -0.000001
v 11.159939 10.613098 0.075989
v 11.169904 10.607191 0.077478
v 11.179867 10.601286 -0.075991
v 11.217090 10.579219 -0.029651
v 11.212372 10.582018 -0.043046
v 11.219997 10.577497 -0.015116
v 11.169903 10.607191 -0.077480
v 11.220979 10.576915 -0.000001
v 11.127435 10.632365 0.043044
v 11.219997 10.577497 0.015115
v 11.159939 10.613098 -0.075991
v 11.217090 10.579219 0.029649
v 11.133787 10.628600 0.054785
v 11.212372 10.582018 0.043044
v 11.150356 10.618777 -0.071582
v 11.122717 10.635162 -0.029651
v 11.206019 10.585784 0.054785
v 11.141527 10.624012 0.064420
v 11.206019 10.585784 -0.054787
v 11.198281 10.590371 0.064421
v 11.141527 10.624012 -0.064422
v 11.119807 10.636886 -0.015116
v 11.189451 10.595605 0.071580
v 11.150358 10.618777 0.071580
v 11.179868 10.601286 0.075989
v 11.169904 10.607191 0.077478
v 11.064794 10.600549 -0.075991
v 11.066790 10.593203 -0.077480
v 10.924053 10.614148 -0.077480
v 10.928754 10.621243 -0.075991
v 11.076832 10.556273 -0.015116
v 11.076247 10.558415 -0.029651
v 11.068788 10.585858 -0.075991
v 11.077028 10.555549 -0.000001
v 11.058278 10.624512 0.043044
v 11.076832 10.556273 0.015115
v 11.076247 10.558415 0.029649
v 11.059552 10.619828 0.054785
v 11.075303 10.561895 0.043044
v 11.062873 10.607614 -0.071582
v 11.058278 10.624512 -0.043046
v 11.057333 10.627991 -0.029651
v 11.074030 10.566578 0.054785
v 11.061104 10.614123 0.064421
v 11.075303 10.561895 -0.043046
v 11.074030 10.566578 -0.054787
v 11.072480 10.572285 0.064421
v 11.061104 10.614123 -0.064422
v 11.056747 10.630134 -0.015116
v 11.070710 10.578794 0.071580
v 11.062873 10.607613 0.071580
v 11.072480 10.572285 -0.064422
v 11.068789 10.585858 0.075989
v 11.059552 10.619828 -0.054787
v 11.056553 10.630857 -0.000001
v 11.066791 10.593203 0.077478
v 11.064794 10.600549 0.075989
v 11.070710 10.578794 -0.071582
v 11.066791 10.593203 0.077478
v 10.937442 10.634354 0.064421
v 10.941092 10.639864 0.054785
v 10.856455 10.672225 0.054785
v 10.844775 10.669832 0.064421
v 10.901791 10.580549 0.029649
v 10.900421 10.578479 0.015115
v 10.944089 10.644386 0.043044
v 10.904018 10.583910 0.043044
v 10.933275 10.628066 -0.071582
v 10.944089 10.644386 -0.043046
v 10.946316 10.647747 -0.029651
v 10.907016 10.588432 0.054785
v 10.904018 10.583910 -0.043046
v 10.907016 10.588432 -0.054787
v 10.910668 10.593944 0.064421
v 10.937442 10.634354 -0.064422
v 10.947684 10.649817 -0.015116
v 10.914834 10.600230 0.071581
v 10.933274 10.628065 0.071581
v 10.910668 10.593944 -0.064422
v 10.919353 10.607053 0.075990
v 10.941092 10.639864 -0.054787
v 10.948150 10.650515 -0.000001
v 10.924053 10.614148 0.077478
v 10.928754 10.621243 0.075989
v 10.914834 10.600230 -0.071582
v 10.947684 10.649817 0.015115
v 10.924053 10.614148 0.077478
v 10.919353 10.607054 -0.075991
v 10.901791 10.580549 -0.029651
v 10.946316 10.647747 0.029649
v 10.900421 10.578479 -0.015116
v 10.899957 10.577781 -0.000001
v 10.856455 10.672225 -0.054787
v 10.844775 10.669832 -0.064422
v 10.727776 10.742682 -0.064422
v 10.740572 10.743187 -0.054786
v 10.737860 10.647920 -0.043046
v 10.747447 10.649885 -0.054787
v 10.759129 10.652277 0.064421
v 10.747447 10.649885 0.054785
v 10.831449 10.667101 -0.071582
v 10.873161 10.675650 -0.029651
v 10.877549 10.676551 -0.015116
v 10.772452 10.655009 0.071581
v 10.831448 10.667101 0.071580
v 10.759129 10.652277 -0.064422
v 10.786913 10.657972 0.075990
v 10.879030 10.676853 -0.000001
v 10.801950 10.661055 0.077478
v 10.816987 10.664138 0.075989
v 10.772452 10.655009 -0.071582
v 10.866041 10.674191 -0.043046
v 10.877549 10.676551 0.015115
v 10.801950 10.661055 0.077478
v 10.786914 10.657973 -0.075991
v 10.730737 10.646461 -0.029651
v 10.873161 10.675650 0.029649
v 10.726351 10.645560 -0.015116
v 10.801950 10.661055 -0.077480
v 10.724870 10.645257 -0.000001
v 10.866041 10.674191 0.043044
v 10.726351 10.645560 0.015115
v 10.816987 10.664138 -0.075991
v 10.730737 10.646461 0.029649
v 10.737860 10.647920 0.043044
v 10.680852 10.740832 0.077479
v 10.697329 10.741483 0.075990
v 10.650460 10.859464 0.075990
v 10.633923 10.859594 0.077479
v 10.763686 10.744100 -0.015116
v 10.765308 10.744163 -0.000000
v 10.680852 10.740832 0.077479
v 10.664375 10.740183 0.075990
v 10.713173 10.742106 0.071581
v 10.633932 10.738981 -0.064422
v 10.648532 10.739557 -0.071581
v 10.751076 10.743602 -0.043045
v 10.763686 10.744100 0.015115
v 10.664377 10.740183 -0.075990
v 10.602825 10.737757 -0.029650
v 10.610630 10.738064 -0.043045
v 10.758878 10.743909 0.029650
v 10.598019 10.737566 -0.015116
v 10.680852 10.740832 -0.077479
v 10.596396 10.737502 -0.000000
v 10.751076 10.743602 0.043045
v 10.598019 10.737566 0.015115
v 10.697329 10.741483 -0.075990
v 10.602825 10.737757 0.029650
v 10.740572 10.743187 0.054786
v 10.610630 10.738064 0.043045
v 10.713174 10.742106 -0.071581
v 10.758878 10.743909 -0.029650
v 10.621133 10.738478 0.054786
v 10.727776 10.742682 0.064421
v 10.621134 10.738478 -0.054786
v 10.633932 10.738981 0.064421
v 10.648532 10.739557 0.071581
v 10.550782 10.860253 -0.015115
v 10.549153 10.860268 0.000000
v 10.570416 11.682281 0.000000
v 10.572046 11.682281 -0.015115
v 10.601482 10.859852 -0.071581
v 10.617387 10.859726 -0.075990
v 10.555606 10.860216 -0.029650
v 10.563439 10.860153 -0.043045
v 10.717066 10.858935 0.015115
v 10.712238 10.858972 0.029650
v 10.633923 10.859594 -0.077479
v 10.704409 10.859035 0.043045
v 10.550782 10.860253 0.015115
v 10.650460 10.859464 -0.075990
v 10.555606 10.860216 0.029650
v 10.693866 10.859118 0.054786
v 10.563439 10.860153 0.043045
v 10.666366 10.859338 -0.071581
v 10.704409 10.859035 -0.043045
v 10.712238 10.858972 -0.029650
v 10.573982 10.860069 0.054786
v 10.681021 10.859220 0.064421
v 10.573982 10.860069 -0.054786
v 10.586828 10.859967 0.064421
v 10.681021 10.859220 -0.064421
v 10.717066 10.858935 -0.015115
v 10.601482 10.859852 0.071581
v 10.666364 10.859337 0.071581
v 10.586828 10.859967 -0.064421
v 10.617386 10.859726 0.075990
v 10.693866 10.859118 -0.054786
v 10.718694 10.858921 -0.000000
v 10.633923 10.859594 0.077479
v 10.715152 11.682328 0.054786
v 10.725697 11.682332 0.043045
v 10.723693 12.862098 0.043045
v 10.713148 12.862094 0.054786
v 10.733528 11.682334 0.029650
v 10.572046 11.682281 0.015115
v 10.655199 11.682308 -0.077479
v 10.671740 11.682314 -0.075990
v 10.576870 11.682282 0.029650
v 10.584705 11.682284 0.043045
v 10.687647 11.682321 -0.071581
v 10.725697 11.682332 -0.043045
v 10.733528 11.682334 -0.029650
v 10.595249 11.682288 0.054786
v 10.702305 11.682324 0.064421
v 10.584705 11.682284 -0.043045
v 10.595250 11.682288 -0.054786
v 10.608098 11.682292 0.064421
v 10.702305 11.682324 -0.064421
v 10.738356 11.682338 -0.015115
v 10.622754 11.682296 0.071581
v 10.687646 11.682320 0.071581
v 10.608098 11.682292 -0.064421
v 10.638659 11.682302 0.075990
v 10.715152 11.682328 -0.054786
v 10.739984 11.682336 -0.000000
v 10.655199 11.682308 0.077479
v 10.671740 11.682314 0.075990
v 10.622754 11.682296 -0.071581
v 10.738356 11.682338 0.015115
v 10.655199 11.682308 0.077479
v 10.638660 11.682302 -0.075990
v 10.576870 11.682282 -0.029650
v 10.700301 12.862088 -0.064422
v 10.685644 12.862084 -0.071581
v 10.711055 13.472425 -0.071581
v 10.724939 13.470324 -0.064422
v 10.582702 12.862049 0.043045
v 10.574867 12.862047 0.029650
v 10.669737 12.862080 -0.075990
v 10.723693 12.862098 -0.043045
v 10.731524 12.862100 -0.029650
v 10.593246 12.862053 0.054786
v 10.700301 12.862088 0.064421
v 10.582702 12.862049 -0.043045
v 10.593246 12.862053 -0.054786
v 10.606094 12.862057 0.064421
v 10.736352 12.862103 -0.015116
v 10.620750 12.862062 0.071581
v 10.685642 12.862084 0.071581
v 10.606094 12.862057 -0.064422
v 10.636656 12.862067 0.075990
v 10.713148 12.862094 -0.054786
v 10.737980 12.862102 -0.000000
v 10.653196 12.862074 0.077479
v 10.669737 12.862080 0.075990
v 10.620750 12.862062 -0.071581
v 10.736352 12.862103 0.015115
v 10.653196 12.862074 0.077479
v 10.636658 12.862067 -0.075990
v 10.574867 12.862047 -0.029650
v 10.731524 12.862100 0.029650
v 10.570043 12.862045 -0.015116
v 10.653196 12.862074 -0.077479
v 10.568413 12.862044 -0.000000
v 10.570043 12.862045 0.015115
v 10.695986 13.474706 0.075990
v 10.711054 13.472425 0.071581
v 10.754332 13.668008 0.071581
v 10.739264 13.670288 0.075990
v 10.754517 13.465848 -0.029650
v 10.759090 13.465158 -0.015116
v 10.649582 13.481726 0.071581
v 10.635697 13.483826 0.064421
v 10.724939 13.470324 0.064421
v 10.623527 13.485668 -0.054786
v 10.635697 13.483826 -0.064421
v 10.664649 13.479446 0.075990
v 10.737109 13.468482 -0.054786
v 10.760633 13.464923 -0.000000
v 10.680318 13.477076 0.077479
v 10.649582 13.481726 -0.071581
v 10.747099 13.466970 -0.043045
v 10.759090 13.465158 0.015115
v 10.680318 13.477076 0.077479
v 10.664650 13.479446 -0.075990
v 10.606117 13.488303 -0.029650
v 10.613539 13.487180 -0.043045
v 10.754517 13.465848 0.029650
v 10.601547 13.488994 -0.015116
v 10.680318 13.477076 -0.077479
v 10.600003 13.489227 -0.000000
v 10.747099 13.466970 0.043045
v 10.601547 13.488994 0.015115
v 10.695986 13.474706 -0.075990
v 10.606117 13.488303 0.029650
v 10.737109 13.468482 0.054786
v 10.613539 13.487180 0.043045
v 10.623527 13.485668 0.054786
v 10.656816 13.682762 -0.043046
v 10.649395 13.683886 -0.029651
v 10.808051 13.891362 -0.029651
v 10.814786 13.889571 -0.043046
v 10.678975 13.679408 -0.064422
v 10.692860 13.677307 -0.071582
v 10.780387 13.664064 -0.054787
v 10.790377 13.662553 -0.043046
v 10.803910 13.660504 -0.000001
v 10.802369 13.660740 0.015115
v 10.723596 13.672658 0.077478
v 10.707928 13.675028 -0.075991
v 10.797794 13.661429 0.029649
v 10.644825 13.684576 -0.015116
v 10.723596 13.672658 -0.077480
v 10.643281 13.684810 -0.000001
v 10.790377 13.662553 0.043044
v 10.644825 13.684576 0.015115
v 10.739264 13.670288 -0.075991
v 10.649395 13.683886 0.029649
v 10.780387 13.664064 0.054785
v 10.656816 13.682762 0.043044
v 10.754333 13.668007 -0.071582
v 10.797794 13.661429 -0.029651
v 10.666804 13.681250 0.054785
v 10.768217 13.665905 0.064421
v 10.666805 13.681250 -0.054786
v 10.678975 13.679408 0.064421
v 10.768217 13.665905 -0.064422
v 10.802369 13.660740 -0.015116
v 10.692860 13.677307 0.071581
v 10.707927 13.675028 0.075990
v 10.723596 13.672658 0.077478
v 10.802502 13.892837 -0.000001
v 10.803903 13.892465 0.015114
v 11.092738 14.105455 0.015114
v 11.091712 14.106022 -0.000001
v 10.946882 13.854461 0.015114
v 10.942730 13.855562 0.029649
v 10.803903 13.892465 -0.015116
v 10.861172 13.877242 -0.075991
v 10.875391 13.873463 -0.077480
v 10.935998 13.857353 0.043044
v 10.889611 13.869683 -0.075991
v 10.808051 13.891362 0.029649
v 10.926932 13.859762 0.054785
v 10.814786 13.889571 0.043044
v 10.903287 13.866048 -0.071582
v 10.935998 13.857353 -0.043046
v 10.942730 13.855562 -0.029651
v 10.823851 13.887161 0.054785
v 10.915887 13.862698 0.064420
v 10.823851 13.887161 -0.054787
v 10.834895 13.884225 0.064420
v 10.915887 13.862698 -0.064423
v 10.946882 13.854461 -0.015117
v 10.847496 13.880877 0.071580
v 10.903286 13.866049 0.071580
v 10.834895 13.884225 -0.064422
v 10.861171 13.877242 0.075989
v 10.926932 13.859762 -0.054787
v 10.948280 13.854088 -0.000001
v 10.875391 13.873463 0.077478
v 10.889611 13.869683 0.075989
v 10.847496 13.880877 -0.071582
v 10.875391 13.873463 0.077478
v 11.100707 14.101054 0.043044
v 11.107344 14.097389 0.054785
v 11.315874 14.172564 0.054785
v 11.310580 14.176643 0.043044
v 11.145084 14.076550 -0.077480
v 11.155498 14.070800 -0.075992
v 11.095776 14.103779 0.029649
v 11.189463 14.052044 0.043044
v 11.182824 14.055709 0.054784
v 11.165510 14.065270 -0.071583
v 11.189463 14.052044 -0.043046
v 11.194392 14.049320 -0.029651
v 11.174736 14.060175 0.064420
v 11.100707 14.101054 -0.043046
v 11.107344 14.097389 -0.054787
v 11.115431 14.092922 0.064420
v 11.174736 14.060175 -0.064423
v 11.197433 14.047644 -0.015117
v 11.124659 14.087828 0.071580
v 11.165510 14.065271 0.071580
v 11.115431 14.092922 -0.064423
v 11.134672 14.082299 0.075989
v 11.182824 14.055709 -0.054787
v 11.198457 14.047077 -0.000001
v 11.145084 14.076550 0.077478
v 11.155498 14.070800 0.075989
v 11.124659 14.087828 -0.071583
v 11.197433 14.047644 0.015114
v 11.145084 14.076550 0.077478
v 11.134673 14.082299 -0.075992
v 11.095776 14.103779 -0.029651
v 11.194392 14.049320 0.029649
v 11.092738 14.105455 -0.015117
v 11.329686 14.161922 0.071580
v 11.337674 14.155769 0.075989
v 11.496871 14.196382 0.075989
v 11.495198 14.203458 0.071580
v 11.376085 14.126176 0.054785
v 11.369634 14.131145 0.064420
v 11.310580 14.176643 -0.043046
v 11.315874 14.172564 -0.054787
v 11.322326 14.167593 0.064420
v 11.362275 14.136817 -0.071582
v 11.369634 14.131145 -0.064423
v 11.385313 14.119065 -0.029651
v 11.387740 14.117198 -0.015117
v 11.362275 14.136818 0.071580
v 11.322326 14.167593 -0.064423
v 11.376085 14.126176 -0.054787
v 11.388556 14.116568 -0.000001
v 11.345981 14.149370 0.077478
v 11.354287 14.142971 0.075989
v 11.329686 14.161922 -0.071582
v 11.381382 14.122095 -0.043046
v 11.387740 14.117198 0.015114
v 11.345981 14.149370 0.077478
v 11.337675 14.155769 -0.075991
v 11.306647 14.179676 -0.029651
v 11.385313 14.119065 0.029649
v 11.304224 14.181541 -0.015117
v 11.345981 14.149370 -0.077480
v 11.303406 14.182172 -0.000001
v 11.381382 14.122095 0.043044
v 11.304224 14.181541 0.015114
v 11.354287 14.142971 -0.075991
v 11.306647 14.179676 0.029649
v 11.498611 14.189023 0.077478
v 11.500351 14.181664 0.075989
v 11.612963 14.187132 0.075989
v 11.614437 14.194501 0.077478
v 11.503563 14.168065 -0.064423
v 11.504915 14.162350 -0.054787
v 11.507358 14.152025 -0.015117
v 11.507525 14.151301 -0.000001
v 11.498611 14.189023 0.077478
v 11.502025 14.174588 0.071580
v 11.493656 14.209979 -0.064423
v 11.495198 14.203458 -0.071582
v 11.506024 14.157659 -0.043046
v 11.507358 14.152025 0.015114
v 11.496872 14.196382 -0.075991
v 11.490376 14.223872 -0.029651
v 11.491198 14.220386 -0.043046
v 11.506846 14.154174 0.029649
v 11.489868 14.226019 -0.015117
v 11.498611 14.189023 -0.077480
v 11.489696 14.226744 -0.000001
v 11.506024 14.157659 0.043044
v 11.489868 14.226019 0.015114
v 11.500351 14.181664 -0.075991
v 11.490376 14.223872 0.029649
v 11.504915 14.162350 0.054784
v 11.491198 14.220386 0.043044
v 11.502024 14.174587 -0.071583
v 11.506846 14.154174 -0.029651
v 11.492305 14.215695 0.054785
v 11.503563 14.168065 0.064420
v 11.492306 14.215694 -0.054787
v 11.493656 14.209979 0.064420
v 11.621856 14.231555 -0.015117
v 11.622001 14.232282 -0.000001
v 11.854666 14.217245 -0.000001
v 11.853820 14.216621 -0.015117
v 11.617331 14.208960 -0.071582
v 11.615912 14.201872 -0.075991
v 11.621427 14.229406 -0.029651
v 11.620725 14.225915 -0.043046
v 11.607020 14.157446 0.015114
v 11.607448 14.159598 0.029649
v 11.614437 14.194501 -0.077480
v 11.608148 14.163088 0.043044
v 11.621856 14.231555 0.015114
v 11.612963 14.187132 -0.075991
v 11.621427 14.229406 0.029649
v 11.609089 14.167788 0.054785
v 11.620725 14.225915 0.043044
v 11.611543 14.180043 -0.071582
v 11.608148 14.163088 -0.043046
v 11.607448 14.159598 -0.029651
v 11.619783 14.221216 0.054785
v 11.610233 14.173512 0.064420
v 11.619783 14.221215 -0.054787
v 11.618637 14.215490 0.064420
v 11.610233 14.173512 -0.064423
v 11.607020 14.157446 -0.015117
v 11.617331 14.208960 0.071580
v 11.611545 14.180045 0.071580
v 11.618637 14.215490 -0.064423
v 11.615911 14.201872 0.075989
v 11.609089 14.167788 -0.054787
v 11.606873 14.156721 -0.000001
v 11.614437 14.194501 0.077478
v 11.851315 14.214778 0.029649
v 11.847242 14.211783 0.043044
v 12.082129 14.133966 0.043044
v 12.087711 14.136426 0.029649
v 11.769923 14.154893 0.029649
v 11.773993 14.157887 0.043044
v 11.853820 14.216621 0.015114
v 11.810618 14.184834 -0.077480
v 11.802026 14.178513 -0.075991
v 11.779471 14.161918 0.054785
v 11.793762 14.172432 -0.071582
v 11.773993 14.157887 -0.043046
v 11.769923 14.154893 -0.029651
v 11.841763 14.207752 0.054785
v 11.786145 14.166829 0.064420
v 11.847242 14.211783 -0.043046
v 11.841763 14.207751 -0.054787
v 11.835088 14.202841 0.064420
v 11.786145 14.166829 -0.064423
v 11.767416 14.153046 -0.015117
v 11.827474 14.197239 0.071580
v 11.793764 14.172433 0.071580
v 11.835088 14.202841 -0.064423
v 11.819211 14.191158 0.075989
v 11.779471 14.161918 -0.054787
v 11.766569 14.152425 -0.000001
v 11.810618 14.184834 0.077478
v 11.802026 14.178513 0.075989
v 11.827474 14.197239 -0.071582
v 11.767416 14.153046 0.015114
v 11.810618 14.184834 0.077478
v 11.819212 14.191158 -0.075991
v 11.851315 14.214778 -0.029651
v 11.972680 14.085718 -0.015117
v 11.976118 14.087236 -0.029651
v 12.226237 13.953671 -0.029651
v 12.221848 13.952767 -0.015117
v 12.020133 14.106638 -0.075991
v 12.008802 14.101643 -0.071583
v 11.981697 14.089695 -0.043046
v 12.074616 14.130655 0.054784
v 11.989210 14.093006 0.054784
v 11.998360 14.097041 0.064420
v 12.082129 14.133966 -0.043046
v 12.074615 14.130655 -0.054787
v 12.065464 14.126622 0.064420
v 11.998360 14.097041 -0.064423
v 12.055025 14.122020 0.071580
v 12.008805 14.101644 0.071580
v 12.065464 14.126622 -0.064423
v 12.043695 14.117024 0.075989
v 11.989210 14.093006 -0.054787
v 11.971519 14.085209 -0.000001
v 12.031914 14.111831 0.077478
v 12.020133 14.106638 0.075989
v 12.055025 14.122020 -0.071583
v 11.972680 14.085718 0.015114
v 12.031914 14.111831 0.077478
v 12.043696 14.117024 -0.075991
v 12.087711 14.136426 -0.029651
v 11.976118 14.087236 0.029648
v 12.091146 14.137940 -0.015117
v 12.031914 14.111831 -0.077480
v 12.092306 14.138453 -0.000001
v 11.981697 14.089695 0.043044
v 12.091146 14.137940 0.015114
v 12.326912 13.974344 -0.071583
v 12.340231 13.977079 -0.064423
v 12.514432 13.794830 -0.064423
v 12.500909 13.792302 -0.071583
v 12.326912 13.974344 0.071580
v 12.340231 13.977079 0.064420
v 12.254614 13.959497 0.064420
v 12.267940 13.962233 0.071580
v 12.351907 13.979477 -0.054787
v 12.312456 13.971375 0.075989
v 12.254614 13.959497 -0.064423
v 12.242939 13.957100 -0.054787
v 12.220368 13.952465 -0.000002
v 12.297423 13.968287 0.077477
v 12.282393 13.965201 0.075989
v 12.233355 13.955132 -0.043046
v 12.221848 13.952767 0.015114
v 12.297423 13.968287 0.077477
v 12.312457 13.971375 -0.075992
v 12.368614 13.982906 -0.029651
v 12.361492 13.981445 -0.043046
v 12.226237 13.953671 0.029648
v 12.372996 13.983807 -0.015117
v 12.297423 13.968287 -0.077480
v 12.374477 13.984111 -0.000001
v 12.233355 13.955132 0.043043
v 12.372996 13.983807 0.015114
v 12.282393 13.965201 -0.075992
v 12.368614 13.982906 0.029648
v 12.242939 13.957100 0.054784
v 12.361492 13.981445 0.043043
v 12.267937 13.962233 -0.071583
v 12.351908 13.979477 0.054784
v 12.398701 13.773193 0.029648
v 12.394245 13.772359 0.015113
v 12.523948 13.631227 0.015113
v 12.528766 13.631389 0.029647
v 12.415657 13.776363 -0.054788
v 12.405927 13.774543 -0.043047
v 12.392742 13.772079 -0.000002
v 12.455713 13.783851 0.075988
v 12.470971 13.786704 0.077477
v 12.486234 13.789557 -0.075992
v 12.543246 13.800216 -0.029652
v 12.536016 13.798865 -0.043047
v 12.547695 13.801047 -0.015117
v 12.470971 13.786704 -0.077481
v 12.549199 13.801328 -0.000002
v 12.405927 13.774543 0.043043
v 12.547695 13.801047 0.015113
v 12.455713 13.783851 -0.075992
v 12.543246 13.800216 0.029648
v 12.415657 13.776363 0.054784
v 12.536016 13.798865 0.043043
v 12.441035 13.781107 -0.071583
v 12.398701 13.773193 -0.029652
v 12.526286 13.797046 0.054784
v 12.427510 13.778580 0.064419
v 12.526285 13.797046 -0.054788
v 12.514432 13.794830 0.064419
v 12.427510 13.778580 -0.064423
v 12.394245 13.772359 -0.015118
v 12.500909 13.792302 0.071579
v 12.441038 13.781107 0.071579
v 12.486233 13.789557 0.075988
v 12.470971 13.786704 0.077477
v 12.590384 13.633431 -0.075993
v 12.606877 13.633979 -0.077482
v 12.686197 13.398368 -0.077481
v 12.669704 13.397821 -0.075992
v 12.689803 13.636730 -0.015118
v 12.684994 13.636571 -0.029653
v 12.623373 13.634526 -0.075993
v 12.691427 13.636783 -0.000003
v 12.536574 13.631645 0.043042
v 12.689803 13.636730 0.015113
v 12.684994 13.636571 0.029647
v 12.547091 13.631995 0.054783
v 12.677179 13.636313 0.043042
v 12.574520 13.632905 -0.071584
v 12.536574 13.631645 -0.043048
v 12.528766 13.631389 -0.029653
v 12.666663 13.635963 0.054783
v 12.559903 13.632421 0.064419
v 12.677179 13.636313 -0.043048
v 12.666662 13.635963 -0.054788
v 12.653852 13.635539 0.064419
v 12.559903 13.632421 -0.064424
v 12.523948 13.631227 -0.015118
v 12.639235 13.635054 0.071578
v 12.574524 13.632905 0.071578
v 12.653852 13.635539 -0.064424
v 12.623372 13.634527 0.075987
v 12.547091 13.631995 -0.054789
v 12.522326 13.631174 -0.000003
v 12.606877 13.633979 0.077476
v 12.590384 13.633431 0.075987
v 12.639235 13.635054 -0.071584
v 12.606877 13.633979 0.077476
v 12.639223 13.396811 0.064419
v 12.626411 13.396385 0.054784
v 12.632600 13.224689 0.054784
v 12.645445 13.224584 0.064420
v 12.764314 13.400961 0.029648
v 12.769123 13.401119 0.015113
v 12.615894 13.396035 0.043043
v 12.756500 13.400702 0.043043
v 12.653841 13.397294 -0.071583
v 12.615894 13.396035 -0.043047
v 12.608086 13.395778 -0.029652
v 12.745983 13.400352 0.054784
v 12.756500 13.400702 -0.043047
v 12.745982 13.400352 -0.054788
v 12.733171 13.399928 0.064419
v 12.639223 13.396811 -0.064423
v 12.603268 13.395616 -0.015117
v 12.718555 13.399444 0.071579
v 12.653844 13.397294 0.071579
v 12.733171 13.399928 -0.064423
v 12.702692 13.398916 0.075988
v 12.626411 13.396385 -0.054788
v 12.601645 13.395564 -0.000002
v 12.686197 13.398368 0.077477
v 12.669704 13.397821 0.075988
v 12.718555 13.399444 -0.071583
v 12.603268 13.395616 0.015113
v 12.686197 13.398368 0.077477
v 12.702694 13.398915 -0.075992
v 12.764314 13.400961 -0.029652
v 12.608086 13.395778 0.029648
v 12.769123 13.401119 -0.015117
v 12.770747 13.401173 -0.000002
v 12.632600 13.224689 -0.054787
v 12.645445 13.224584 -0.064423
v 12.625635 12.183845 -0.064416
v 12.612793 12.183699 -0.054781
v 12.763024 13.223619 -0.043046
v 12.752479 13.223705 -0.054787
v 12.739635 13.223811 0.064420
v 12.752480 13.223705 0.054784
v 12.660100 13.224462 -0.071583
v 12.614227 13.224842 -0.029651
v 12.609397 13.224878 -0.015117
v 12.724981 13.223932 0.071580
v 12.660103 13.224463 0.071580
v 12.739635 13.223811 -0.064423
v 12.709078 13.224062 0.075989
v 12.607771 13.224894 -0.000002
v 12.692540 13.224196 0.077477
v 12.676004 13.224333 0.075989
v 12.724981 13.223932 -0.071583
v 12.622055 13.224774 -0.043046
v 12.609397 13.224878 0.015114
v 12.692540 13.224196 0.077477
v 12.709079 13.224061 -0.075992
v 12.770858 13.223555 -0.029651
v 12.614227 13.224842 0.029648
v 12.775679 13.223515 -0.015117
v 12.692540 13.224196 -0.077480
v 12.777308 13.223500 -0.000001
v 12.622055 13.224774 0.043043
v 12.775679 13.223515 0.015114
v 12.676004 13.224333 -0.075992
v 12.770858 13.223555 0.029648
v 12.763024 13.223619 0.043043
v 12.672723 12.184382 0.077484
v 12.656190 12.184194 0.075995
v 12.649698 11.515688 0.076001
v 12.666188 11.515125 0.077489
v 12.589593 12.183431 -0.015110
v 12.587967 12.183414 0.000005
v 12.672723 12.184382 0.077484
v 12.689258 12.184572 0.075995
v 12.640291 12.184011 0.071586
v 12.719810 12.184922 -0.064416
v 12.705159 12.184756 -0.071576
v 12.602250 12.183577 -0.043040
v 12.589593 12.183431 0.015121
v 12.689259 12.184571 -0.075985
v 12.751028 12.185279 -0.029645
v 12.743196 12.185190 -0.043040
v 12.594422 12.183488 0.029655
v 12.755849 12.185334 -0.015110
v 12.672723 12.184382 -0.077474
v 12.757477 12.185352 0.000005
v 12.602250 12.183577 0.043050
v 12.755849 12.185334 0.015121
v 12.656190 12.184194 -0.075985
v 12.751028 12.185279 0.029655
v 12.612793 12.183699 0.054791
v 12.743196 12.185190 0.043050
v 12.640287 12.184011 -0.071576
v 12.594422 12.183488 -0.029645
v 12.732653 12.185068 0.054791
v 12.625635 12.183845 0.064426
v 12.732653 12.185068 -0.054781
v 12.719810 12.184922 0.064427
v 12.705159 12.184756 0.071586
v 12.749101 11.512300 -0.015105
v 12.750725 11.512244 0.000011
v 12.757227 11.229885 0.000013
v 12.755602 11.229832 -0.015103
v 12.698542 11.514025 -0.071571
v 12.682682 11.514562 -0.075980
v 12.744293 11.512464 -0.029639
v 12.736481 11.512730 -0.043034
v 12.583271 11.517952 0.015126
v 12.588089 11.517790 0.029660
v 12.666188 11.515125 -0.077468
v 12.595896 11.517522 0.043055
v 12.749101 11.512300 0.015126
v 12.649698 11.515688 -0.075980
v 12.744293 11.512464 0.029660
v 12.606412 11.517164 0.054796
v 12.736481 11.512730 0.043055
v 12.633836 11.516227 -0.071571
v 12.595896 11.517522 -0.043034
v 12.588089 11.517790 -0.029639
v 12.725965 11.513088 0.054796
v 12.619222 11.516726 0.064432
v 12.725964 11.513088 -0.054775
v 12.713156 11.513526 0.064432
v 12.619222 11.516726 -0.064411
v 12.583271 11.517952 -0.015105
v 12.698542 11.514025 0.071592
v 12.633840 11.516229 0.071592
v 12.713156 11.513526 -0.064411
v 12.682681 11.514565 0.076001
v 12.606412 11.517164 -0.054775
v 12.581650 11.518008 0.000010
v 12.666188 11.515125 0.077489
v 12.759697 10.835847 0.049011
v 12.768618 10.835847 0.033759
v 12.768621 11.126216 0.033759
v 12.759701 11.126216 0.049011
v 12.716373 10.835847 0.081503
v 12.698263 10.835847 0.086523
v 12.660597 10.835847 0.086523
v 12.642488 10.835847 0.081503
v 12.716373 10.835847 -0.081505
v 12.733063 10.835847 -0.073353
v 12.679430 10.835847 0.088218
v 12.599164 10.835847 -0.049013
v 12.611169 10.835847 -0.062382
v 12.584749 10.835847 0.017209
v 12.679430 10.835847 0.088218
v 12.698263 10.835847 -0.086525
v 12.590242 10.835847 -0.033761
v 12.590242 10.835847 0.033759
v 12.759697 10.835847 -0.049013
v 12.768618 10.835847 -0.033761
v 12.679430 10.835847 -0.088221
v 12.774111 10.835847 -0.017212
v 12.599164 10.835847 0.049011
v 12.775967 10.835847 -0.000001
v 12.660597 10.835847 -0.086525
v 12.774111 10.835847 0.017209
v 12.611169 10.835847 0.062379
v 12.642488 10.835847 -0.081505
v 12.625797 10.835847 0.073350
v 12.747692 10.835847 -0.062382
v 12.747692 10.835847 0.062379
v 12.625797 10.835847 -0.073353
v 12.733063 10.835847 0.073350
v 12.750793 11.229669 -0.029637
v 12.774115 11.126216 -0.017212
v 12.768621 11.126216 -0.033761
v 12.625801 11.126216 0.073350
v 12.611173 11.126216 0.062379
v 12.747696 11.126216 -0.062382
v 12.759701 11.126216 -0.049013
v 12.747696 11.126216 0.062379
v 12.625801 11.126216 -0.073353
v 12.642491 11.126216 -0.081505
v 12.584753 11.126216 -0.017212
v 12.590246 11.126216 -0.033761
v 12.733067 11.126216 0.073350
v 12.642491 11.126216 0.081503
v 12.733067 11.126216 -0.073353
v 12.716377 11.126216 0.081503
v 12.611173 11.126216 -0.062382
v 12.582898 11.126216 -0.000001
v 12.698267 11.126216 0.086523
v 12.660601 11.126216 0.086523
v 12.716377 11.126216 -0.081505
v 12.679434 11.126216 0.088218
v 12.599167 11.126216 -0.049013
v 12.584753 11.126216 0.017209
v 12.679434 11.126216 0.088218
v 12.698267 11.126216 -0.086525
v 12.590246 11.126216 0.033759
v 12.679434 11.126216 -0.088221
v 12.599167 11.126216 0.049011
v 12.775970 11.126216 -0.000001
v 12.660601 11.126216 -0.086525
v 12.774115 11.126216 0.017209
v 12.742981 11.229405 -0.043032
v 12.594584 11.224380 0.029662
v 12.602391 11.224643 0.043057
v 12.755602 11.229832 0.015128
v 12.672687 11.227023 -0.077466
v 12.656196 11.226465 -0.075978
v 12.750793 11.229669 0.029662
v 12.612907 11.224998 0.054798
v 12.742981 11.229405 0.043057
v 12.640333 11.225926 -0.071569
v 12.602391 11.224643 -0.043032
v 12.594584 11.224380 -0.029637
v 12.732465 11.229049 0.054798
v 12.625717 11.225433 0.064434
v 12.732464 11.229049 -0.054773
v 12.719655 11.228615 0.064434
v 12.625717 11.225433 -0.064409
v 12.589767 11.224215 -0.015103
v 12.705040 11.228121 0.071594
v 12.640337 11.225927 0.071594
v 12.719655 11.228615 -0.064409
v 12.689179 11.227582 0.076003
v 12.612907 11.224998 -0.054773
v 12.588144 11.224161 0.000012
v 12.672687 11.227023 0.077491
v 12.656196 11.226465 0.076003
v 12.705040 11.228121 -0.071569
v 12.589767 11.224215 0.015128
v 12.672687 11.227023 0.077491
v 12.689180 11.227581 -0.075978
v 12.633749 11.166184 -0.064408
v 12.628822 11.172360 -0.071568
v 12.644253 11.153028 -0.029637
v 12.488222 11.150262 -0.029636
v 12.489182 11.153741 -0.043032
v 12.641620 11.156329 -0.043032
v 12.597735 11.211287 -0.054773
v 12.594186 11.215731 -0.043032
v 12.589381 11.221750 0.000013
v 12.589926 11.221065 0.015128
v 12.612338 11.192997 0.076003
v 12.617901 11.186029 0.077492
v 12.623465 11.179060 -0.075977
v 12.591557 11.219030 0.029663
v 12.645875 11.150996 -0.015102
v 12.617900 11.186028 -0.077466
v 12.646422 11.150309 0.000013
v 12.594186 11.215731 0.043058
v 12.645875 11.150996 0.015128
v 12.612338 11.192997 -0.075977
v 12.644253 11.153028 0.029663
v 12.597735 11.211287 0.054799
v 12.641620 11.156329 0.043058
v 12.606983 11.199699 -0.071568
v 12.591557 11.219030 -0.029637
v 12.638071 11.160772 0.054799
v 12.602057 11.205874 0.064434
v 12.638071 11.160773 -0.054773
v 12.633749 11.166184 0.064434
v 12.602057 11.205874 -0.064408
v 12.589926 11.221065 -0.015103
v 12.628822 11.172360 0.071594
v 12.606987 11.199698 0.071594
v 12.623467 11.179062 0.076003
v 12.617901 11.186029 0.077492
v 12.487632 11.148121 0.015129
v 12.297778 11.169219 0.015130
v 12.297107 11.168555 0.000014
v 12.487432 11.147396 0.000013
v 12.507971 11.221969 0.015129
v 12.507385 11.219822 0.029663
v 12.487632 11.148121 -0.015102
v 12.495777 11.177698 -0.075977
v 12.497800 11.185042 -0.077466
v 12.506424 11.216346 0.043058
v 12.499825 11.192388 -0.075977
v 12.488222 11.150262 0.029663
v 12.505136 11.211663 0.054799
v 12.489182 11.153741 0.043058
v 12.501767 11.199450 -0.071568
v 12.506424 11.216346 -0.043032
v 12.507386 11.219822 -0.029637
v 12.490471 11.158423 0.054799
v 12.503564 11.205958 0.064435
v 12.490472 11.158423 -0.054772
v 12.492043 11.164128 0.064435
v 12.503564 11.205958 -0.064408
v 12.507971 11.221969 -0.015102
v 12.493839 11.170635 0.071594
v 12.501769 11.199450 0.071594
v 12.492043 11.164128 -0.064408
v 12.495781 11.177699 0.076003
v 12.505136 11.211662 -0.054772
v 12.508173 11.222690 0.000013
v 12.497801 11.185043 0.077492
v 12.499825 11.192388 0.076003
v 12.493839 11.170635 -0.071568
v 12.497801 11.185043 0.077492
v 12.307335 11.178678 0.054800
v 12.000095 11.248856 0.054801
v 11.992502 11.245581 0.043060
v 12.302993 11.174379 0.043059
v 12.332020 11.203120 -0.077465
v 12.338833 11.209864 -0.075976
v 12.299765 11.171185 0.029664
v 12.361053 11.231860 0.043059
v 12.356712 11.227561 0.054800
v 12.345381 11.216349 -0.071567
v 12.361053 11.231860 -0.043031
v 12.364282 11.235052 -0.029636
v 12.351420 11.222323 0.064435
v 12.302993 11.174379 -0.043031
v 12.307337 11.178679 -0.054771
v 12.312626 11.183916 0.064435
v 12.351420 11.222323 -0.064407
v 12.366266 11.237023 -0.015101
v 12.318665 11.189891 0.071595
v 12.345382 11.216348 0.071595
v 12.312626 11.183916 -0.064407
v 12.325212 11.196376 0.076004
v 12.356711 11.227561 -0.054772
v 12.366939 11.237685 0.000014
v 12.332022 11.203120 0.077493
v 12.338833 11.209864 0.076004
v 12.318666 11.189891 -0.071567
v 12.366266 11.237023 0.015129
v 12.332022 11.203120 0.077493
v 12.325209 11.196376 -0.075976
v 12.299765 11.171185 -0.029636
v 12.364282 11.235052 0.029664
v 12.297778 11.169219 -0.015101
v 12.031356 11.262330 0.076005
v 11.799656 11.401144 0.076007
v 11.785297 11.398083 0.071598
v 12.019904 11.257391 0.071596
v 12.086438 11.286076 0.054801
v 12.077187 11.282087 0.064436
v 11.992502 11.245581 -0.043030
v 12.000098 11.248856 -0.054770
v 12.009348 11.252842 0.064437
v 12.066629 11.277538 -0.071566
v 12.077187 11.282087 -0.064406
v 12.099673 11.291779 -0.029635
v 12.103148 11.293281 -0.015100
v 12.066628 11.277536 0.071596
v 12.009348 11.252842 -0.064406
v 12.086437 11.286075 -0.054770
v 12.104321 11.293783 0.000015
v 12.043266 11.267466 0.077494
v 12.055176 11.272599 0.076005
v 12.019904 11.257391 -0.071566
v 12.094031 11.289349 -0.043030
v 12.103148 11.293281 0.015131
v 12.043266 11.267466 0.077494
v 12.031353 11.262331 -0.075975
v 11.986858 11.243149 -0.029634
v 12.099673 11.291779 0.029665
v 11.983386 11.241652 -0.015100
v 12.043264 11.267466 -0.077464
v 11.982212 11.241148 0.000015
v 12.094031 11.289349 0.043060
v 11.983386 11.241652 0.015131
v 12.055176 11.272599 -0.075975
v 11.986858 11.243149 0.029665
v 11.739516 11.388330 0.015132
v 11.619193 11.538570 0.015133
v 11.617577 11.538482 0.000018
v 11.738045 11.388017 0.000017
v 11.857115 11.413388 -0.064405
v 11.868713 11.415859 -0.054769
v 11.889665 11.420326 -0.015099
v 11.891133 11.420637 0.000017
v 11.814590 11.404328 0.077495
v 11.843879 11.410569 0.071598
v 11.829520 11.407509 0.076007
v 11.772063 11.395264 -0.064405
v 11.785297 11.398083 -0.071564
v 11.878234 11.417889 -0.043028
v 11.889665 11.420326 0.015132
v 11.814590 11.404328 0.077495
v 11.799653 11.401146 -0.075973
v 11.743870 11.389256 -0.029633
v 11.750944 11.390764 -0.043028
v 11.885305 11.419394 0.029666
v 11.739516 11.388330 -0.015099
v 11.814587 11.404327 -0.077462
v 11.878234 11.417889 0.043061
v 11.829520 11.407509 -0.075973
v 11.743870 11.389256 0.029666
v 11.868714 11.415859 0.054802
v 11.750944 11.390764 0.043062
v 11.843881 11.410571 -0.071564
v 11.885305 11.419394 -0.029633
v 11.760465 11.392793 0.054802
v 11.857115 11.413388 0.064438
v 11.760468 11.392793 -0.054769
v 11.772063 11.395264 0.064438
v 11.642222 11.539837 0.054803
v 11.580359 11.770747 0.054804
v 11.569879 11.771266 0.043064
v 11.631756 11.539261 0.043062
v 11.701723 11.543113 -0.077461
v 11.718139 11.544016 -0.075973
v 11.623980 11.538833 0.029667
v 11.771692 11.546964 0.043062
v 11.761227 11.546388 0.054803
v 11.733928 11.544887 -0.071564
v 11.771692 11.546964 -0.043027
v 11.779465 11.547390 -0.029632
v 11.748475 11.545686 0.064439
v 11.631756 11.539261 -0.043027
v 11.642225 11.539837 -0.054768
v 11.654973 11.540539 0.064439
v 11.748475 11.545686 -0.064404
v 11.784260 11.547656 -0.015098
v 11.669520 11.541337 0.071599
v 11.733925 11.544886 0.071598
v 11.654973 11.540539 -0.064404
v 11.685308 11.542208 0.076008
v 11.761225 11.546388 -0.054768
v 11.785873 11.547744 0.000017
v 11.701725 11.543113 0.077496
v 11.718139 11.544016 0.076007
v 11.669521 11.541337 -0.071564
v 11.784260 11.547656 0.015133
v 11.701725 11.543113 0.077496
v 11.685306 11.542211 -0.075973
v 11.623980 11.538833 -0.029632
v 11.779465 11.547390 0.029667
v 11.619193 11.538570 -0.015098
v 11.623505 11.768603 0.076009
v 11.621644 12.223591 0.076011
v 11.605740 12.223708 0.071602
v 11.607695 11.769387 0.071600
v 11.699530 11.764832 0.054804
v 11.686760 11.765465 0.064440
v 11.569879 11.771266 -0.043026
v 11.580362 11.770746 -0.054767
v 11.593128 11.770112 0.064440
v 11.672194 11.766190 -0.071562
v 11.686760 11.765465 -0.064402
v 11.717793 11.763923 -0.029631
v 11.722595 11.763687 -0.015097
v 11.672191 11.766190 0.071600
v 11.593128 11.770112 -0.064402
v 11.699528 11.764832 -0.054767
v 11.724210 11.763605 0.000019
v 11.639946 11.767790 0.077498
v 11.656383 11.766973 0.076009
v 11.607695 11.769387 -0.071562
v 11.710011 11.764311 -0.043026
v 11.722595 11.763687 0.015134
v 11.639946 11.767790 0.077498
v 11.623504 11.768606 -0.075971
v 11.562091 11.771654 -0.029631
v 11.717793 11.763923 0.029669
v 11.557300 11.771892 -0.015097
v 11.639944 11.767790 -0.077460
v 11.555680 11.771973 0.000019
v 11.710011 11.764311 0.043064
v 11.557300 11.771892 0.015134
v 11.656383 11.766973 -0.075971
v 11.562091 11.771654 0.029669
v 11.654718 12.223346 0.076011
v 11.658667 12.960494 0.076015
v 11.642132 12.960359 0.077503
v 11.638184 12.223470 0.077500
v 11.685279 12.223118 -0.064400
v 11.698123 12.223022 -0.054765
v 11.721329 12.222850 -0.015094
v 11.722954 12.222836 0.000021
v 11.638184 12.223470 0.077500
v 11.670621 12.223228 0.071602
v 11.591084 12.223820 -0.064400
v 11.605740 12.223708 -0.071560
v 11.708669 12.222943 -0.043024
v 11.721329 12.222850 0.015136
v 11.621643 12.223593 -0.075969
v 11.559862 12.224052 -0.029629
v 11.567697 12.223993 -0.043024
v 11.716497 12.222883 0.029671
v 11.555041 12.224090 -0.015094
v 11.638181 12.223470 -0.077458
v 11.553411 12.224101 0.000021
v 11.708669 12.222943 0.043066
v 11.555041 12.224090 0.015136
v 11.654718 12.223346 -0.075969
v 11.559862 12.224052 0.029671
v 11.698125 12.223022 0.054807
v 11.567697 12.223993 0.043066
v 11.670625 12.223228 -0.071560
v 11.716497 12.222883 -0.029629
v 11.578240 12.223916 0.054807
v 11.685279 12.223118 0.064442
v 11.578242 12.223913 -0.054765
v 11.591084 12.223820 0.064442
v 11.557364 12.959662 0.000025
v 11.544397 13.386631 0.000027
v 11.546026 13.386631 -0.015089
v 11.558992 12.959677 -0.015091
v 11.609690 12.960090 -0.071556
v 11.625592 12.960223 -0.075965
v 11.563813 12.959715 -0.029625
v 11.571648 12.959779 -0.043020
v 11.725275 12.961041 0.015140
v 11.720444 12.961000 0.029674
v 11.642130 12.960359 -0.077454
v 11.712615 12.960938 0.043069
v 11.558992 12.959677 0.015140
v 11.658667 12.960494 -0.075965
v 11.563813 12.959715 0.029674
v 11.702072 12.960851 0.054810
v 11.571648 12.959779 0.043070
v 11.674572 12.960626 -0.071556
v 11.712615 12.960938 -0.043020
v 11.720444 12.961000 -0.029625
v 11.582191 12.959866 0.054810
v 11.689226 12.960745 0.064446
v 11.582193 12.959864 -0.054761
v 11.595036 12.959971 0.064446
v 11.689226 12.960745 -0.064397
v 11.725275 12.961041 -0.015091
v 11.609690 12.960090 0.071606
v 11.674569 12.960625 0.071606
v 11.595036 12.959971 -0.064397
v 11.625593 12.960221 0.076015
v 11.702070 12.960851 -0.054761
v 11.726900 12.961053 0.000025
v 11.642132 12.960359 0.077503
v 11.558683 13.386621 0.043072
v 11.558845 13.432825 0.009875
v 11.551009 13.432829 0.006811
v 11.550848 13.386625 0.029677
v 11.707505 13.386515 0.029676
v 11.699675 13.386522 0.043072
v 11.546026 13.386631 0.015142
v 11.629178 13.386572 -0.077452
v 11.645718 13.386559 -0.075963
v 11.689130 13.386530 0.054812
v 11.661626 13.386550 -0.071554
v 11.699675 13.386522 -0.043018
v 11.707505 13.386515 -0.029623
v 11.569229 13.386613 0.054812
v 11.676282 13.386539 0.064448
v 11.558683 13.386621 -0.043018
v 11.569232 13.386611 -0.054759
v 11.582075 13.386604 0.064448
v 11.676282 13.386539 -0.064394
v 11.712337 13.386513 -0.015089
v 11.596732 13.386592 0.071608
v 11.661622 13.386549 0.071608
v 11.582075 13.386604 -0.064394
v 11.612638 13.386582 0.076017
v 11.689128 13.386530 -0.054759
v 11.713962 13.386510 0.000027
v 11.629180 13.386572 0.077505
v 11.645718 13.386559 0.076017
v 11.596732 13.386592 -0.071554
v 11.712337 13.386513 0.015142
v 11.629180 13.386572 0.077505
v 11.612638 13.386584 -0.075963
v 11.550848 13.386625 -0.029623
v 11.707666 13.432719 -0.006755
v 11.807845 13.445296 -0.015418
v 11.818848 13.445292 -0.007846
v 11.712498 13.432717 -0.003430
v 11.645879 13.432763 -0.017356
v 11.661787 13.432755 -0.016347
v 11.699837 13.432726 -0.009819
v 11.569390 13.432817 0.012561
v 11.689292 13.432734 0.012561
v 11.676443 13.432742 0.014765
v 11.558845 13.432825 -0.009819
v 11.569393 13.432815 -0.012505
v 11.582236 13.432808 0.014765
v 11.676443 13.432742 -0.014709
v 11.596893 13.432796 0.016403
v 11.661784 13.432753 0.016403
v 11.582237 13.432808 -0.014709
v 11.612800 13.432786 0.017412
v 11.689290 13.432734 -0.012505
v 11.714124 13.432714 0.000028
v 11.629341 13.432776 0.017752
v 11.645879 13.432763 0.017412
v 11.596894 13.432796 -0.016347
v 11.712498 13.432717 0.003486
v 11.629341 13.432776 0.017752
v 11.612799 13.432788 -0.017356
v 11.551009 13.432829 -0.006755
v 11.707666 13.432719 0.006811
v 11.546188 13.432835 -0.003430
v 11.629339 13.432776 -0.017697
v 11.544559 13.432835 0.000028
v 11.699837 13.432726 0.009875
v 11.546188 13.432835 0.003486
v 11.522218 13.445498 -0.033532
v 11.456008 13.475080 -0.054306
v 11.510045 13.475036 -0.060345
v 11.555594 13.445472 -0.037262
v 11.555593 13.445472 0.037318
v 11.522217 13.445498 0.033588
v 11.736745 13.445349 0.033588
v 11.703362 13.445374 0.037318
v 11.492970 13.445515 -0.028512
v 11.591815 13.445449 0.039615
v 11.736745 13.445349 -0.033532
v 11.765998 13.445331 -0.028512
v 11.822549 13.445285 0.000028
v 11.629484 13.445426 0.040390
v 11.667143 13.445396 0.039614
v 11.790014 13.445312 -0.022396
v 11.818848 13.445292 0.007902
v 11.629484 13.445426 0.040390
v 11.591812 13.445454 -0.039559
v 11.451106 13.445546 -0.015418
v 11.468949 13.445538 -0.022396
v 11.807845 13.445296 0.015474
v 11.440126 13.445560 -0.007846
v 11.629478 13.445426 -0.040334
v 11.436416 13.445560 0.000028
v 11.790014 13.445312 0.022452
v 11.440126 13.445560 0.007902
v 11.667143 13.445396 -0.039559
v 11.451106 13.445546 0.015474
v 11.766003 13.445331 0.028568
v 11.468949 13.445538 0.022452
v 11.703369 13.445375 -0.037262
v 11.492963 13.445519 0.028568
v 11.936259 13.474745 0.012777
v 11.983638 13.521114 0.014740
v 11.963080 13.521124 0.028886
v 11.918446 13.474752 0.025035
v 11.850695 13.474808 -0.046179
v 11.889578 13.474778 -0.036277
v 11.942252 13.474733 0.000028
v 11.690646 13.474915 0.064120
v 11.629675 13.474962 0.065375
v 11.568684 13.475007 -0.064064
v 11.340877 13.475158 -0.024979
v 11.369765 13.475142 -0.036277
v 11.323100 13.475180 -0.012721
v 11.629666 13.474962 -0.065319
v 11.317093 13.475180 0.000028
v 11.889578 13.474778 0.036333
v 11.323100 13.475180 0.012777
v 11.690646 13.474915 -0.064064
v 11.340877 13.475158 0.025035
v 11.850701 13.474808 0.046235
v 11.369765 13.475142 0.036333
v 11.749296 13.474880 -0.060345
v 11.918447 13.474752 -0.024979
v 11.408644 13.475114 0.046235
v 11.803332 13.474836 0.054362
v 11.408654 13.475105 -0.046179
v 11.456007 13.475080 0.054362
v 11.803332 13.474836 -0.054306
v 11.936259 13.474745 -0.012721
v 11.510045 13.475036 0.060401
v 11.749285 13.474877 0.060401
v 11.568687 13.474998 0.064120
v 11.629675 13.474962 0.065375
v 11.629828 13.521367 -0.075383
v 11.629996 13.569190 -0.080425
v 11.705072 13.569131 -0.078879
v 11.700200 13.521311 -0.073934
v 11.276051 13.521617 -0.014684
v 11.296565 13.521591 -0.028830
v 11.559455 13.521417 -0.073934
v 11.269118 13.521617 0.000028
v 11.929768 13.521153 0.041924
v 11.276051 13.521617 0.014740
v 11.296565 13.521591 0.028887
v 11.884904 13.521188 0.053351
v 11.329903 13.521574 0.041924
v 11.767882 13.521272 -0.069642
v 11.929768 13.521153 -0.041868
v 11.963081 13.521124 -0.028830
v 11.374768 13.521541 0.053352
v 11.830239 13.521220 0.062730
v 11.329903 13.521574 -0.041868
v 11.374781 13.521532 -0.053295
v 11.429425 13.521502 0.062730
v 11.830239 13.521220 -0.062674
v 11.983638 13.521114 -0.014684
v 11.491786 13.521451 0.069699
v 11.767868 13.521269 0.069699
v 11.429426 13.521502 -0.062674
v 11.559460 13.521408 0.073990
v 11.884896 13.521188 -0.053295
v 11.990554 13.521102 0.000028
v 11.629839 13.521367 0.075439
v 11.700200 13.521311 0.073990
v 11.491786 13.521451 -0.069642
v 11.629839 13.521367 0.075439
v 11.902127 13.568998 0.056917
v 11.902513 13.678729 0.056917
v 11.844193 13.678764 0.066923
v 11.843807 13.569035 0.066923
v 11.274447 13.569429 0.030816
v 11.252562 13.569457 0.015724
v 11.949990 13.568963 0.044726
v 11.310014 13.569410 0.044726
v 11.777281 13.569089 -0.074301
v 11.949990 13.568963 -0.044669
v 11.985532 13.568931 -0.030760
v 11.357881 13.569376 0.056917
v 11.310014 13.569410 -0.044669
v 11.357893 13.569366 -0.056861
v 11.416192 13.569334 0.066923
v 11.843807 13.569035 -0.066866
v 12.007463 13.568921 -0.015668
v 11.482722 13.569280 0.074357
v 11.777266 13.569086 0.074357
v 11.416193 13.569334 -0.066866
v 11.554921 13.569234 0.078936
v 11.902119 13.568998 -0.056861
v 12.014841 13.568908 0.000028
v 11.630007 13.569190 0.080481
v 11.705072 13.569131 0.078936
v 11.482722 13.569280 -0.074301
v 12.007463 13.568921 0.015724
v 11.630007 13.569190 0.080481
v 11.554916 13.569243 -0.078879
v 11.274447 13.569429 -0.030760
v 11.985532 13.568931 0.030816
v 11.252562 13.569457 -0.015668
v 11.245166 13.569457 0.000028
v 11.844193 13.678764 -0.066866
v 11.828621 13.716755 -0.061953
v 11.882649 13.716722 -0.052682
v 11.902504 13.678729 -0.056861
v 11.310399 13.679141 -0.044669
v 11.358277 13.679095 -0.056861
v 11.416576 13.679064 0.066923
v 11.358265 13.679106 0.056917
v 11.777665 13.678819 -0.074301
v 11.985917 13.678660 -0.030760
v 12.007848 13.678651 -0.015667
v 11.483107 13.679009 0.074357
v 11.777651 13.678816 0.074357
v 11.416578 13.679064 -0.066866
v 11.555305 13.678964 0.078936
v 12.015226 13.678638 0.000028
v 11.630391 13.678920 0.080482
v 11.705457 13.678861 0.078936
v 11.483108 13.679009 -0.074301
v 11.950376 13.678693 -0.044669
v 12.007848 13.678651 0.015724
v 11.630391 13.678920 0.080482
v 11.555302 13.678973 -0.078879
v 11.274832 13.679159 -0.030760
v 11.985916 13.678660 0.030816
v 11.252947 13.679187 -0.015667
v 11.630381 13.678920 -0.080425
v 11.245551 13.679187 0.000028
v 11.950376 13.678693 0.044726
v 11.252947 13.679187 0.015724
v 11.705457 13.678861 -0.078879
v 11.274832 13.679159 0.030816
v 11.310399 13.679141 0.044726
v 11.700076 13.716844 0.073140
v 11.691575 13.747801 0.064090
v 11.630631 13.747849 0.065346
v 11.630524 13.716899 0.074572
v 11.980256 13.716649 -0.014515
v 11.987092 13.716637 0.000028
v 11.630524 13.716899 0.074572
v 11.560953 13.716939 0.073140
v 11.766967 13.716802 0.068898
v 11.432415 13.717031 -0.061953
v 11.494058 13.716982 -0.068841
v 11.927005 13.716688 -0.041386
v 11.980256 13.716649 0.014571
v 11.560949 13.716949 -0.073083
v 11.301080 13.717121 -0.028498
v 11.334035 13.717103 -0.041386
v 11.959935 13.716659 0.028555
v 11.280802 13.717146 -0.014515
v 11.630514 13.716899 -0.074516
v 11.273950 13.717146 0.000028
v 11.927005 13.716688 0.041443
v 11.280802 13.717146 0.014571
v 11.700076 13.716844 -0.073083
v 11.301080 13.717121 0.028555
v 11.882657 13.716722 0.052739
v 11.334035 13.717103 0.041443
v 11.766980 13.716805 -0.068841
v 11.959936 13.716659 -0.028499
v 11.378386 13.717071 0.052739
v 11.828621 13.716755 0.062009
v 11.378397 13.717062 -0.052682
v 11.432414 13.717031 0.062009
v 11.494058 13.716982 0.068898
v 11.318192 13.748066 0.000028
v 11.418612 13.789491 0.000028
v 11.422690 13.789491 -0.008625
v 11.324197 13.748066 -0.012714
v 11.511056 13.747922 -0.060317
v 11.569669 13.747893 -0.064034
v 11.341965 13.748044 -0.024968
v 11.370840 13.748028 -0.036260
v 11.937076 13.747630 0.012771
v 11.919270 13.747639 0.025024
v 11.630623 13.747849 -0.065289
v 11.890415 13.747664 0.036317
v 11.324197 13.748066 0.012771
v 11.691575 13.747801 -0.064034
v 11.341965 13.748044 0.025024
v 11.851557 13.747694 0.046214
v 11.370840 13.748028 0.036317
v 11.750198 13.747767 -0.060317
v 11.890415 13.747664 -0.036260
v 11.919271 13.747639 -0.024968
v 11.409701 13.748000 0.046215
v 11.804209 13.747723 0.054338
v 11.409712 13.747993 -0.046158
v 11.457043 13.747966 0.054338
v 11.804209 13.747723 -0.054281
v 11.937076 13.747630 -0.012715
v 11.511056 13.747922 0.060374
v 11.750186 13.747764 0.060374
v 11.457044 13.747966 -0.054281
v 11.569672 13.747884 0.064091
v 11.851550 13.747694 -0.046158
v 11.943066 13.747620 0.000028
v 11.630631 13.747849 0.065346
v 11.454364 13.789465 0.024670
v 11.521146 13.809090 0.015351
v 11.508953 13.809096 0.010583
v 11.434755 13.789475 0.017002
v 11.826774 13.789201 0.017002
v 11.807180 13.789218 0.024670
v 11.422690 13.789491 0.008681
v 11.630768 13.789343 -0.044325
v 11.672157 13.789310 -0.043473
v 11.780793 13.789238 0.031391
v 11.711966 13.789288 -0.040949
v 11.807180 13.789218 -0.024613
v 11.826774 13.789201 -0.016945
v 11.480752 13.789446 0.031391
v 11.748642 13.789257 0.036907
v 11.454364 13.789465 -0.024613
v 11.480759 13.789439 -0.031334
v 11.512898 13.789423 0.036907
v 11.748642 13.789257 -0.036850
v 11.838864 13.789194 -0.008625
v 11.549577 13.789392 0.041006
v 11.711958 13.789286 0.041006
v 11.512899 13.789423 -0.036850
v 11.589379 13.789367 0.043530
v 11.780788 13.789238 -0.031334
v 11.842933 13.789187 0.000028
v 11.630774 13.789343 0.044382
v 11.672157 13.789310 0.043530
v 11.549577 13.789392 -0.040949
v 11.838864 13.789194 0.008681
v 11.630774 13.789343 0.044382
v 11.589377 13.789372 -0.043473
v 11.434755 13.789475 -0.016945
v 11.752717 13.808926 -0.010526
v 11.687242 13.820902 -0.004852
v 11.690719 13.820900 -0.002460
v 11.760235 13.808922 -0.005352
v 11.656573 13.808993 -0.027022
v 11.681327 13.808980 -0.025452
v 11.740533 13.808935 -0.015294
v 11.537555 13.809077 0.019530
v 11.724125 13.808949 0.019530
v 11.704133 13.808961 0.022960
v 11.521146 13.809090 -0.015294
v 11.537559 13.809073 -0.019474
v 11.557544 13.809064 0.022960
v 11.704133 13.808961 -0.022903
v 11.580351 13.809045 0.025509
v 11.681322 13.808978 0.025509
v 11.557544 13.809064 -0.022903
v 11.605101 13.809029 0.027078
v 11.724122 13.808949 -0.019474
v 11.762764 13.808917 0.000028
v 11.630840 13.809013 0.027608
v 11.656573 13.808993 0.027078
v 11.580351 13.809045 -0.025452
v 11.760235 13.808922 0.005409
v 11.630840 13.809013 0.027608
v 11.605100 13.809032 -0.027022
v 11.508953 13.809096 -0.010526
v 11.752717 13.808926 0.010583
v 11.501451 13.809106 -0.005352
v 11.630837 13.809013 -0.027552
v 11.498915 13.809106 0.000028
v 11.740533 13.808935 0.015351
v 11.501451 13.809106 0.005409
v 11.596989 13.820966 -0.010576
v 11.623181 13.825854 -0.002387
v 11.625584 13.825852 -0.002655
v 11.607534 13.820957 -0.011755
v 11.607534 13.820957 0.011811
v 11.596988 13.820966 0.010633
v 11.664775 13.820918 0.010633
v 11.654226 13.820926 0.011811
v 11.587747 13.820970 -0.008990
v 11.618979 13.820949 0.012537
v 11.664775 13.820918 -0.010576
v 11.674019 13.820912 -0.008990
v 11.691888 13.820898 0.000028
v 11.630882 13.820942 0.012782
v 11.642782 13.820933 0.012537
v 11.681607 13.820906 -0.007057
v 11.690719 13.820900 0.002516
v 11.630882 13.820942 0.012782
v 11.618979 13.820951 -0.012480
v 11.574518 13.820981 -0.004852
v 11.580156 13.820978 -0.007057
v 11.687242 13.820902 0.004909
v 11.571049 13.820985 -0.002460
v 11.630881 13.820942 -0.012725
v 11.569877 13.820985 0.000028
v 11.681607 13.820906 0.007114
v 11.571049 13.820985 0.002516
v 11.642782 13.820933 -0.012480
v 11.574518 13.820981 0.004909
v 11.674020 13.820912 0.009047
v 11.580156 13.820978 0.007114
v 11.654229 13.820927 -0.011755
v 11.587745 13.820971 0.009047
v 11.643739 13.825840 -0.001083
v 11.642455 13.825842 -0.001586
v 11.640727 13.825843 -0.002026
v 11.638621 13.825845 -0.002387
v 11.636219 13.825847 -0.002655
v 11.633612 13.825848 -0.002821
v 11.630901 13.825850 -0.002877
v 11.628190 13.825851 -0.002821
v 11.625584 13.825852 -0.002655
v 11.623181 13.825854 -0.002387
v 11.621077 13.825855 -0.002026
v 11.619348 13.825857 -0.001586
v 11.618063 13.825858 -0.001083
v 11.617273 13.825859 -0.000538
v 11.617006 13.825859 0.000028
v 11.617273 13.825859 0.000595
v 11.618063 13.825858 0.001140
v 11.619348 13.825857 0.001642
v 11.621076 13.825856 0.002082
v 11.623181 13.825854 0.002444
v 11.625584 13.825852 0.002712
v 11.628190 13.825851 0.002877
v 11.630901 13.825850 0.002933
v 11.633612 13.825848 0.002877
v 11.636219 13.825846 0.002712
v 11.638621 13.825845 0.002444
v 11.640727 13.825843 0.002082
v 11.642455 13.825842 0.001642
v 11.643739 13.825840 0.001140
v 11.644530 13.825839 0.000595
v 11.644796 13.825839 0.000028
v 11.644530 13.825839 -0.000538
v 11.640727 13.825843 -0.002026
v 11.642455 13.825842 -0.001586
v 11.644796 13.825839 0.000028
v 11.644530 13.825839 0.000595
v 11.633612 13.825848 0.002877
v 11.630901 13.825850 0.002933
v 11.628190 13.825851 -0.002821
v 11.618063 13.825858 -0.001083
v 11.619348 13.825857 -0.001586
v 11.643739 13.825840 0.001140
v 11.617273 13.825859 -0.000538
v 11.630901 13.825850 -0.002877
v 11.617006 13.825859 0.000028
v 11.642455 13.825842 0.001642
v 11.617273 13.825859 0.000595
v 11.633612 13.825848 -0.002821
v 11.618063 13.825858 0.001140
v 11.640727 13.825843 0.002082
v 11.619348 13.825857 0.001642
v 11.636219 13.825847 -0.002655
v 11.643739 13.825840 -0.001083
v 11.621076 13.825856 0.002082
v 11.638621 13.825845 0.002444
v 11.621077 13.825855 -0.002026
v 11.623181 13.825854 0.002444
v 11.638621 13.825845 -0.002387
v 11.644530 13.825839 -0.000538
v 11.625584 13.825852 0.002712
v 11.636219 13.825846 0.002712
v 11.628190 13.825851 0.002877
v 11.630901 13.825850 0.002933
vn -0.0002 -0.0000 1.0000
vn -0.1788 -0.0000 0.9839
vn -0.3540 -0.0000 0.9352
vn -0.5211 -0.0000 0.8535
vn -0.6746 -0.0000 0.7382
vn -0.8072 -0.0000 0.5902
vn -0.9108 -0.0000 0.4128
vn -0.9771 -0.0000 0.2127
vn -1.0000 -0.0000 -0.0000
vn -0.9771 -0.0000 -0.2127
vn -0.9108 -0.0000 -0.4128
vn -0.8072 -0.0000 -0.5902
vn -0.6746 -0.0000 -0.7382
vn -0.5211 -0.0000 -0.8535
vn -0.3540 -0.0000 -0.9352
vn -0.1788 -0.0000 -0.9839
vn -0.0000 -0.0000 -1.0000
vn 0.1788 -0.0000 -0.9839
vn 0.3540 -0.0000 -0.9352
vn 0.5211 -0.0000 -0.8535
vn 0.6746 -0.0000 -0.7382
vn 0.8072 -0.0000 -0.5902
vn 0.9108 -0.0000 -0.4128
vn 0.9771 -0.0000 -0.2127
vn 1.0000 -0.0000 -0.0000
vn 0.9771 -0.0000 0.2127
vn 0.9108 -0.0000 0.4128
vn 0.8072 -0.0000 0.5902
vn 0.6746 -0.0000 0.7382
vn 0.5211 -0.0000 0.8535
vn 0.3540 -0.0000 0.9352
vn 0.1788 -0.0000 0.9839
vn 0.0002 -0.0000 1.0000
vn -1.0000 -0.0033 -0.0000
vn -0.9772 -0.0032 0.2125
vn -0.9768 0.0153 -0.2138
vn -0.9098 0.0169 -0.4147
vn -0.5191 0.0273 -0.8543
vn -0.6721 0.0232 -0.7401
vn -0.5676 0.4843 -0.6658
vn -0.4516 0.3843 -0.8052
vn 0.9776 -0.0219 -0.2093
vn 0.9998 -0.0216 -0.0000
vn -0.8054 0.0195 -0.5925
vn 0.9776 -0.0219 0.2093
vn -0.6721 0.0231 -0.7401
vn 0.9130 -0.0228 0.4074
vn -0.5190 0.0273 -0.8543
vn 0.8110 -0.0237 0.5845
vn -0.3539 0.0305 -0.9348
vn -0.0081 0.0155 0.9998
vn -0.1829 0.0285 0.9827
vn 0.6788 -0.0243 0.7339
vn -0.1829 0.0285 -0.9827
vn -0.3539 0.0305 0.9348
vn 0.5239 -0.0233 0.8514
vn -0.0080 0.0155 -0.9998
vn -0.5190 0.0273 0.8543
vn 0.3529 -0.0184 0.9355
vn 0.1724 -0.0049 -0.9850
vn -0.6721 0.0231 0.7401
vn 0.1724 -0.0049 0.9850
vn 0.3530 -0.0183 -0.9355
vn -0.8054 0.0195 0.5924
vn -0.0079 0.0155 0.9998
vn 0.5240 -0.0233 -0.8514
vn -0.9098 0.0169 0.4147
vn 0.6789 -0.0243 -0.7339
vn -0.9768 0.0153 0.2138
vn 0.8110 -0.0237 -0.5845
vn -0.9999 0.0148 -0.0000
vn 0.9130 -0.0228 -0.4074
vn 0.0059 0.0287 -0.9996
vn -0.1459 0.1475 -0.9782
vn -0.1150 0.2107 -0.9707
vn 0.0045 0.0067 -1.0000
vn 0.9130 -0.0228 0.4073
vn 0.7902 -0.5026 0.3506
vn 0.7141 -0.4756 0.5137
vn -0.3070 0.2675 -0.9133
vn -0.1829 0.0286 0.9827
vn 0.0059 0.0288 0.9996
vn -0.1457 0.1474 0.9783
vn 0.6789 -0.0243 0.7338
vn 0.6119 -0.4305 0.6636
vn -0.1829 0.0286 -0.9827
vn -0.3070 0.2675 0.9134
vn 0.5240 -0.0233 0.8514
vn 0.4854 -0.3620 0.7958
vn -0.0081 0.0155 -0.9998
vn -0.4516 0.3843 0.8052
vn 0.3350 -0.2644 0.9043
vn 0.1724 -0.0050 -0.9850
vn 0.1631 -0.1274 -0.9783
vn -0.6721 0.0232 0.7401
vn -0.5676 0.4842 0.6659
vn 0.1724 -0.0050 0.9850
vn 0.1631 -0.1274 0.9783
vn 0.3530 -0.0184 -0.9355
vn 0.3351 -0.2644 -0.9043
vn -0.8053 0.0195 0.5925
vn -0.6531 0.5615 0.5081
vn -0.0080 0.0155 0.9998
vn 0.0059 0.0287 0.9996
vn 0.5239 -0.0233 -0.8514
vn 0.4854 -0.3620 -0.7958
vn -0.9098 0.0169 0.4148
vn -0.7109 0.6155 0.3404
vn 0.6788 -0.0243 -0.7339
vn 0.6122 -0.4304 -0.6633
vn -0.9767 0.0153 0.2139
vn -0.7436 0.6466 0.1702
vn 0.7141 -0.4755 -0.5137
vn -0.7542 0.6566 -0.0004
vn 0.7903 -0.5026 -0.3505
vn -0.7442 0.6462 -0.1691
vn 0.9776 -0.0220 -0.2093
vn 0.8377 -0.5164 -0.1778
vn -0.7111 0.6151 -0.3406
vn 0.9998 -0.0217 -0.0000
vn 0.8541 -0.5201 0.0008
vn -0.8054 0.0195 -0.5924
vn -0.6534 0.5615 -0.5078
vn 0.9776 -0.0220 0.2092
vn 0.8377 -0.5163 0.1779
vn 0.3387 -0.6077 -0.7183
vn 0.2454 -0.4414 -0.8631
vn 0.2470 -0.4356 -0.8656
vn 0.3415 -0.6056 -0.7187
vn -0.2419 0.4338 0.8680
vn -0.3358 0.6031 0.7235
vn 0.3385 -0.6075 0.7186
vn 0.2454 -0.4413 0.8632
vn 0.1202 -0.2125 -0.9697
vn -0.3994 0.7196 0.5680
vn 0.1201 -0.2125 0.9698
vn -0.4408 0.7964 0.4141
vn 0.0044 0.0067 1.0000
vn -0.4656 0.8427 0.2705
vn 0.4026 -0.7200 -0.5653
vn -0.4789 0.8676 0.1335
vn 0.4458 -0.7941 -0.4131
vn -0.4832 0.8755 -0.0001
vn 0.4720 -0.8391 -0.2703
vn -0.4791 0.8675 -0.1336
vn 0.4863 -0.8636 -0.1335
vn -0.4659 0.8424 -0.2707
vn 0.4907 -0.8713 0.0001
vn -0.4412 0.7960 -0.4143
vn 0.4860 -0.8637 0.1336
vn -0.4002 0.7203 -0.5665
vn 0.4716 -0.8393 0.2703
vn -0.3359 0.6032 -0.7234
vn 0.4451 -0.7939 0.4141
vn -0.2420 0.4339 -0.8678
vn -0.1150 0.2107 0.9708
vn 0.4027 -0.7201 0.5651
vn 0.4714 -0.8391 -0.2716
vn 0.4461 -0.7938 -0.4133
vn 0.7983 -0.1635 -0.5797
vn 0.8986 -0.1693 -0.4048
vn -0.4266 0.8096 0.4031
vn -0.4494 0.8533 0.2643
vn 0.4051 -0.7202 -0.5632
vn -0.4616 0.8774 0.1310
vn -0.4653 0.8851 -0.0001
vn -0.4612 0.8775 -0.1311
vn 0.4854 -0.8640 -0.1340
vn -0.4486 0.8533 -0.2657
vn 0.4899 -0.8718 -0.0000
vn -0.4268 0.8099 -0.4024
vn 0.4854 -0.8643 0.1320
vn -0.3886 0.7371 -0.5529
vn 0.4717 -0.8389 0.2717
vn -0.3297 0.6251 -0.7075
vn 0.4464 -0.7942 0.4122
vn -0.2404 0.4562 -0.8568
vn -0.0015 -0.0000 1.0000
vn -0.1170 0.2211 0.9682
vn 0.4051 -0.7199 0.5636
vn -0.1170 0.2211 -0.9682
vn -0.2405 0.4563 0.8567
vn 0.3415 -0.6057 0.7187
vn -0.0015 -0.0000 -1.0000
vn -0.3297 0.6251 0.7075
vn 0.2470 -0.4356 0.8656
vn 0.1181 -0.2058 -0.9714
vn -0.3889 0.7372 0.5525
vn 0.1182 -0.2060 0.9714
vn 0.9627 -0.1730 0.2083
vn 0.9847 -0.1743 -0.0004
vn 0.9954 0.0955 -0.0002
vn 0.9739 0.0944 0.2065
vn -0.9895 0.1444 0.0006
vn -0.9657 0.1442 -0.2160
vn 0.9627 -0.1730 -0.2082
vn -0.8966 0.1433 -0.4189
vn -0.7889 0.1415 -0.5980
vn -0.6511 0.1378 -0.7463
vn 0.8986 -0.1693 0.4049
vn -0.4915 0.1300 -0.8611
vn 0.7983 -0.1635 0.5796
vn -0.3168 0.1116 -0.9419
vn 0.0366 -0.0514 0.9980
vn -0.1327 0.0596 0.9894
vn 0.6697 -0.1560 0.7260
vn -0.1327 0.0596 -0.9894
vn -0.3168 0.1116 0.9419
vn 0.5209 -0.1466 0.8410
vn 0.0366 -0.0513 -0.9980
vn -0.4915 0.1300 0.8611
vn 0.3601 -0.1336 0.9233
vn 0.1959 -0.1106 -0.9744
vn -0.6511 0.1378 0.7464
vn 0.1957 -0.1105 0.9744
vn 0.3603 -0.1336 -0.9232
vn -0.7889 0.1415 0.5980
vn 0.0367 -0.0514 0.9980
vn 0.5209 -0.1466 -0.8410
vn -0.8967 0.1433 0.4189
vn 0.6696 -0.1560 -0.7262
vn -0.9657 0.1442 0.2159
vn -0.1575 -0.0256 0.9872
vn 0.0233 0.0014 0.9997
vn 0.0074 0.0176 0.9998
vn -0.1648 -0.0688 0.9839
vn -0.7994 -0.1143 -0.5899
vn -0.6656 -0.0972 -0.7400
vn 0.9114 0.0907 0.4014
vn -0.5090 -0.0763 -0.8574
vn 0.8131 0.0845 0.5759
vn -0.3374 -0.0521 -0.9399
vn 0.6862 0.0754 0.7235
vn -0.1579 -0.0256 -0.9871
vn -0.3373 -0.0522 0.9400
vn 0.5377 0.0631 0.8407
vn 0.0237 0.0014 -0.9997
vn -0.5089 -0.0763 0.8574
vn 0.3747 0.0468 0.9259
vn 0.2020 0.0261 -0.9790
vn -0.6656 -0.0972 0.7399
vn 0.2019 0.0261 0.9791
vn 0.3748 0.0468 -0.9259
vn -0.7994 -0.1143 0.5898
vn 0.0234 0.0014 0.9997
vn 0.5378 0.0631 -0.8407
vn -0.9026 -0.1273 0.4112
vn 0.6862 0.0755 -0.7235
vn -0.9680 -0.1354 0.2114
vn 0.8131 0.0845 -0.5759
vn -0.9904 -0.1383 0.0003
vn 0.9115 0.0907 -0.4012
vn -0.9679 -0.1354 -0.2116
vn 0.9740 0.0943 -0.2062
vn -0.9026 -0.1273 -0.4112
vn -0.6459 -0.2758 0.7119
vn -0.5034 -0.2190 0.8358
vn -0.4439 -0.4278 0.7873
vn -0.5495 -0.5268 0.6485
vn 0.7563 0.3176 0.5719
vn 0.6355 0.2710 0.7229
vn -0.3405 -0.1503 -0.9282
vn -0.1650 -0.0687 -0.9839
vn -0.3405 -0.1504 0.9281
vn 0.4926 0.2165 0.8429
vn 0.0075 0.0176 -0.9998
vn 0.3352 0.1565 0.9291
vn 0.1719 0.0919 -0.9808
vn 0.1718 0.0918 0.9808
vn 0.3352 0.1566 -0.9291
vn -0.7632 -0.3217 0.5605
vn 0.0075 0.0176 0.9998
vn 0.4931 0.2165 -0.8426
vn -0.8509 -0.3555 0.3868
vn 0.6357 0.2712 -0.7227
vn -0.9052 -0.3763 0.1974
vn 0.7560 0.3177 -0.5723
vn -0.9236 -0.3834 -0.0002
vn 0.8474 0.3536 -0.3961
vn -0.9051 -0.3764 -0.1977
vn 0.9041 0.3759 -0.2033
vn -0.8507 -0.3557 -0.3870
vn 0.9235 0.3836 0.0001
vn -0.7630 -0.3218 -0.5605
vn 0.9042 0.3759 0.2028
vn -0.6458 -0.2759 -0.7119
vn 0.8474 0.3534 0.3963
vn -0.5033 -0.2187 -0.8360
vn -0.7147 -0.6792 0.1670
vn -0.6830 -0.6503 0.3326
vn -0.5066 -0.8158 0.2790
vn -0.5229 -0.8411 0.1381
vn 0.2954 0.2875 0.9111
vn 0.1420 0.1503 0.9784
vn 0.1420 0.1504 -0.9784
vn 0.2957 0.2875 -0.9110
vn -0.6286 -0.6002 0.4945
vn -0.0032 0.0176 0.9998
vn 0.4331 0.4140 -0.8006
vn 0.5429 0.5175 -0.6613
vn 0.6248 0.5957 -0.5049
vn -0.7250 -0.6887 -0.0001
vn 0.6805 0.6493 -0.3396
vn -0.7146 -0.6793 -0.1672
vn 0.7127 0.6805 -0.1704
vn -0.6828 -0.6504 -0.3327
vn 0.7232 0.6907 0.0001
vn -0.6284 -0.6004 -0.4945
vn 0.7127 0.6804 0.1706
vn -0.5493 -0.5271 -0.6485
vn 0.6806 0.6491 0.3398
vn -0.4440 -0.4281 -0.7871
vn 0.6249 0.5953 0.5051
vn -0.3106 -0.3002 -0.9019
vn -0.0033 0.0175 0.9998
vn -0.1527 -0.1418 0.9781
vn 0.5431 0.5171 0.6616
vn -0.1527 -0.1418 -0.9781
vn -0.3105 -0.3002 0.9019
vn 0.4331 0.4136 0.8008
vn -0.0033 0.0175 -0.9998
vn -0.5064 -0.8159 -0.2790
vn -0.5228 -0.8412 -0.1382
vn -0.4147 -0.9011 -0.1267
vn -0.4040 -0.8785 -0.2550
vn 0.4290 0.6872 -0.5862
vn 0.4768 0.7652 -0.4326
vn -0.5280 -0.8492 -0.0000
vn 0.5066 0.8141 -0.2840
vn 0.5229 0.8410 -0.1393
vn 0.5279 0.8493 -0.0000
vn -0.4761 -0.7682 -0.4279
vn 0.5230 0.8409 0.1393
vn -0.4286 -0.6931 -0.5796
vn 0.5071 0.8146 0.2817
vn -0.3581 -0.5806 -0.7312
vn 0.4766 0.7649 0.4335
vn -0.2582 -0.4190 -0.8705
vn -0.0057 0.0099 0.9999
vn -0.1269 -0.2009 0.9714
vn 0.4291 0.6872 0.5862
vn -0.1269 -0.2009 -0.9714
vn -0.2582 -0.4190 0.8705
vn 0.3566 0.5705 0.7399
vn -0.0057 0.0099 -0.9999
vn -0.3583 -0.5809 0.7309
vn 0.2535 0.4064 0.8778
vn 0.1197 0.1992 -0.9726
vn -0.4286 -0.6930 0.5797
vn 0.1198 0.1992 0.9726
vn 0.2536 0.4065 -0.8778
vn -0.4760 -0.7680 0.4285
vn -0.0057 0.0098 0.9999
vn 0.3566 0.5705 -0.7398
vn -0.2998 -0.6561 -0.6926
vn -0.3515 -0.7670 -0.5368
vn -0.2529 -0.8338 -0.4907
vn -0.2217 -0.7285 -0.6482
vn 0.4117 0.9025 -0.1268
vn 0.4149 0.9099 -0.0000
vn -0.3841 -0.8368 -0.3902
vn 0.4116 0.9025 0.1268
vn 0.4011 0.8790 0.2577
vn 0.3821 0.8364 0.3931
vn -0.2208 -0.4839 -0.8468
vn -0.0030 0.0056 1.0000
vn -0.1081 -0.2344 0.9661
vn 0.3499 0.7648 0.5409
vn -0.1081 -0.2344 -0.9661
vn -0.2209 -0.4841 0.8467
vn 0.2981 0.6505 0.6985
vn -0.0031 0.0055 -1.0000
vn -0.2997 -0.6558 0.6929
vn 0.2181 0.4760 0.8520
vn 0.1044 0.2311 -0.9673
vn -0.3514 -0.7670 0.5369
vn 0.1043 0.2311 0.9673
vn 0.2181 0.4760 -0.8519
vn -0.3840 -0.8366 0.3907
vn -0.0031 0.0055 1.0000
vn 0.2982 0.6508 -0.6983
vn -0.4040 -0.8788 0.2541
vn 0.3497 0.7643 -0.5418
vn -0.4146 -0.9011 0.1266
vn 0.3819 0.8358 -0.3945
vn -0.4181 -0.9084 -0.0000
vn 0.4013 0.8790 -0.2577
vn -0.0264 0.0139 -0.9996
vn -0.0960 -0.2658 -0.9592
vn -0.0107 -0.2922 -0.9563
vn -0.0042 0.0088 -1.0000
vn 0.2639 0.9379 0.2253
vn 0.2539 0.9015 0.3506
vn -0.1717 -0.5535 -0.8150
vn -0.0263 0.0139 0.9996
vn -0.0960 -0.2658 0.9592
vn 0.2361 0.8375 0.4929
vn -0.1717 -0.5535 0.8150
vn 0.2056 0.7288 0.6531
vn -0.2218 -0.7289 0.6477
vn 0.1532 0.5468 0.8231
vn 0.0681 0.2672 -0.9612
vn -0.2529 -0.8341 0.4902
vn 0.0681 0.2672 0.9612
vn 0.1532 0.5468 -0.8231
vn -0.2718 -0.8956 0.3520
vn 0.2055 0.7284 -0.6537
vn -0.2830 -0.9320 0.2265
vn 0.2359 0.8367 -0.4943
vn -0.2889 -0.9509 0.1109
vn 0.2537 0.9015 -0.3505
vn -0.2907 -0.9568 -0.0001
vn 0.2638 0.9379 -0.2253
vn -0.2889 -0.9509 -0.1110
vn 0.2689 0.9568 -0.1101
vn -0.2829 -0.9320 -0.2266
vn 0.2705 0.9627 -0.0000
vn -0.2718 -0.8964 -0.3501
vn 0.2690 0.9568 0.1102
vn 0.0075 0.7971 -0.6038
vn 0.0048 0.6237 -0.7816
vn -0.1214 0.5887 -0.7992
vn -0.1602 0.7656 -0.6231
vn -0.0153 -0.6069 0.7946
vn -0.0179 -0.7880 0.6154
vn 0.0075 0.7962 0.6049
vn 0.0045 0.6224 0.7827
vn -0.0002 0.3199 -0.9474
vn -0.0194 -0.8892 0.4572
vn -0.0002 0.3199 0.9474
vn -0.0205 -0.9467 0.3214
vn -0.0042 0.0087 1.0000
vn -0.0210 -0.9783 0.2063
vn 0.0092 0.8937 -0.4486
vn -0.0215 -0.9950 0.0978
vn 0.0100 0.9484 -0.3169
vn -0.0215 -0.9998 -0.0000
vn 0.0106 0.9796 -0.2005
vn -0.0213 -0.9950 -0.0978
vn 0.0107 0.9949 -0.1003
vn -0.0210 -0.9784 -0.2056
vn 0.0109 0.9999 -0.0000
vn -0.0204 -0.9463 -0.3225
vn 0.0106 0.9949 0.1003
vn -0.0194 -0.8892 -0.4572
vn 0.0107 0.9796 0.2006
vn -0.0179 -0.7881 -0.6153
vn 0.0103 0.9493 0.3143
vn -0.0153 -0.6069 -0.7947
vn -0.0042 0.0088 1.0000
vn -0.0107 -0.2922 0.9563
vn 0.0093 0.8939 0.4483
vn -0.2026 0.9561 -0.2118
vn -0.1952 0.9234 -0.3306
vn -0.3749 0.8388 -0.3947
vn -0.3948 0.8831 -0.2536
vn 0.1938 -0.9249 0.3271
vn 0.1999 -0.9574 0.2086
vn -0.1825 0.8662 -0.4651
vn 0.2030 -0.9738 0.1022
vn 0.2039 -0.9790 -0.0000
vn 0.2030 -0.9738 -0.1022
vn -0.2064 0.9728 -0.1054
vn 0.1998 -0.9573 -0.2090
vn -0.2077 0.9782 -0.0000
vn 0.1938 -0.9251 -0.3265
vn -0.2065 0.9727 0.1055
vn 0.1830 -0.8684 -0.4609
vn -0.2026 0.9557 0.2136
vn 0.1638 -0.7689 -0.6180
vn -0.1953 0.9236 0.3299
vn 0.1298 -0.5923 -0.7952
vn 0.0187 0.0083 0.9998
vn 0.0727 -0.2868 0.9552
vn -0.1825 0.8662 0.4651
vn 0.0727 -0.2868 -0.9552
vn 0.1298 -0.5922 0.7953
vn -0.1603 0.7658 0.6228
vn 0.0187 0.0083 -0.9998
vn 0.1638 -0.7690 0.6179
vn -0.1214 0.5887 0.7992
vn -0.0553 0.2915 -0.9550
vn 0.1831 -0.8686 0.4604
vn -0.0553 0.2915 0.9550
vn 0.0188 0.0082 0.9998
vn -0.4049 0.9058 0.1247
vn -0.4081 0.9129 -0.0000
vn -0.6092 0.7930 -0.0000
vn -0.6019 0.7836 0.1541
vn 0.3883 -0.9215 -0.0000
vn 0.3855 -0.9148 -0.1207
vn -0.4050 0.9058 -0.1246
vn 0.3763 -0.8929 -0.2474
vn 0.3589 -0.8519 -0.3814
vn 0.3304 -0.7839 -0.5256
vn -0.3945 0.8826 0.2557
vn 0.2845 -0.6745 -0.6812
vn -0.3746 0.8384 0.3959
vn 0.2128 -0.5034 -0.8375
vn 0.0124 0.0175 0.9998
vn 0.1073 -0.2441 0.9638
vn -0.3419 0.7657 0.5448
vn 0.1073 -0.2441 -0.9638
vn 0.2128 -0.5032 0.8376
vn -0.2894 0.6496 0.7030
vn 0.0125 0.0175 -0.9998
vn 0.2845 -0.6746 0.6812
vn -0.2088 0.4732 0.8558
vn -0.0955 0.2327 -0.9678
vn 0.3304 -0.7839 0.5257
vn -0.0955 0.2327 0.9678
vn -0.2088 0.4732 -0.8558
vn 0.3590 -0.8519 0.3813
vn 0.0125 0.0174 0.9998
vn -0.2894 0.6495 -0.7031
vn 0.3764 -0.8934 0.2455
vn -0.3418 0.7655 -0.5452
vn 0.3855 -0.9150 0.1190
vn -0.4781 0.6233 0.6188
vn -0.5396 0.7029 0.4635
vn -0.6615 0.5393 0.5211
vn -0.5700 0.4663 0.6765
vn 0.5319 -0.7153 -0.4532
vn 0.4749 -0.6388 -0.6053
vn -0.5796 0.7547 0.3075
vn 0.3920 -0.5273 -0.7538
vn 0.2796 -0.3752 -0.8838
vn 0.0056 0.0123 0.9999
vn 0.1378 -0.1786 0.9742
vn 0.1378 -0.1786 -0.9742
vn 0.2796 -0.3751 0.8838
vn -0.3905 0.5103 0.7663
vn 0.0055 0.0123 -0.9999
vn 0.3921 -0.5274 0.7538
vn -0.2725 0.3593 0.8926
vn -0.1287 0.1793 -0.9753
vn 0.4745 -0.6382 0.6062
vn -0.1287 0.1794 0.9753
vn -0.2724 0.3592 -0.8926
vn 0.5321 -0.7154 0.4528
vn -0.3904 0.5101 -0.7664
vn 0.5696 -0.7656 0.2992
vn -0.4784 0.6236 -0.6183
vn 0.5903 -0.7933 0.1488
vn -0.5394 0.7026 -0.4641
vn 0.5970 -0.8022 -0.0000
vn -0.5796 0.7548 -0.3070
vn 0.5902 -0.7932 -0.1502
vn -0.6019 0.7836 -0.1540
vn 0.5695 -0.7654 -0.2997
vn -0.1502 0.1354 0.9793
vn -0.3073 0.2578 0.9160
vn -0.3406 0.1512 0.9280
vn -0.1742 0.0876 0.9808
vn 0.3188 -0.2683 -0.9090
vn 0.1569 -0.1266 -0.9795
vn 0.1569 -0.1266 0.9795
vn 0.3188 -0.2683 0.9091
vn -0.4511 0.3716 0.8114
vn 0.0010 0.0136 -0.9999
vn 0.4592 -0.3881 0.7990
vn -0.1502 0.1354 -0.9793
vn 0.5725 -0.4841 0.6618
vn -0.3074 0.2579 -0.9160
vn 0.6580 -0.5565 0.5073
vn 0.0009 0.0136 0.9999
vn -0.4507 0.3713 -0.8118
vn 0.7176 -0.6070 0.3413
vn -0.5700 0.4663 -0.6765
vn 0.7521 -0.6362 0.1718
vn -0.6615 0.5394 -0.5210
vn 0.7635 -0.6459 -0.0000
vn -0.7256 0.5906 -0.3530
vn 0.7521 -0.6362 -0.1719
vn -0.7634 0.6209 -0.1780
vn 0.7177 -0.6070 -0.3414
vn -0.7759 0.6308 -0.0000
vn 0.6578 -0.5563 -0.5077
vn -0.7634 0.6208 0.1780
vn 0.5724 -0.4841 -0.6618
vn -0.7256 0.5906 0.3530
vn 0.4592 -0.3880 -0.7991
vn 0.0010 0.0135 0.9999
vn -0.7650 0.3001 -0.5698
vn -0.6439 0.2585 -0.7201
vn -0.7085 -0.0413 -0.7045
vn -0.8285 -0.0405 -0.5585
vn -0.1742 0.0876 -0.9808
vn -0.3406 0.1511 -0.9280
vn 0.6466 -0.2874 0.7066
vn 0.7606 -0.3384 0.5540
vn -0.0062 0.0147 0.9999
vn -0.4999 0.2083 -0.8407
vn 0.8445 -0.3763 0.3810
vn 0.8958 -0.3995 0.1950
vn 0.9132 -0.4076 -0.0003
vn -0.8569 0.3313 -0.3948
vn 0.8958 -0.3996 -0.1946
vn -0.9144 0.3507 -0.2023
vn 0.8444 -0.3763 -0.3813
vn -0.9340 0.3573 0.0003
vn 0.7606 -0.3384 -0.5541
vn -0.9144 0.3507 0.2020
vn 0.6466 -0.2874 -0.7066
vn -0.8570 0.3313 0.3947
vn 0.5059 -0.2248 -0.8328
vn -0.7650 0.3001 0.5698
vn 0.3436 -0.1517 -0.9268
vn -0.0061 0.0146 0.9999
vn 0.1678 -0.0692 0.9834
vn -0.6440 0.2586 0.7200
vn 0.1678 -0.0692 -0.9834
vn 0.3436 -0.1517 0.9268
vn -0.4999 0.2083 0.8406
vn -0.0062 0.0147 -0.9999
vn 0.5060 -0.2248 0.8327
vn -0.9992 -0.0394 -0.0000
vn -0.9792 -0.0395 -0.1991
vn -0.6706 -0.7245 -0.1595
vn -0.6781 -0.7350 0.0007
vn 0.9787 -0.0503 0.1989
vn 0.9984 -0.0567 -0.0000
vn -0.9208 -0.0399 -0.3880
vn 0.9787 -0.0502 -0.1990
vn 0.9179 -0.0342 -0.3952
vn 0.8142 -0.0154 -0.5804
vn -0.9792 -0.0394 0.1992
vn 0.6716 0.0011 -0.7409
vn -0.9208 -0.0399 0.3880
vn 0.5012 0.0136 -0.8652
vn -0.8285 -0.0405 0.5585
vn 0.3153 0.0196 -0.9488
vn -0.0635 -0.0128 0.9979
vn 0.1240 0.0119 0.9922
vn -0.7085 -0.0413 0.7045
vn 0.1240 0.0119 -0.9922
vn 0.3153 0.0196 0.9488
vn -0.5672 -0.0419 0.8225
vn -0.0636 -0.0128 -0.9979
vn 0.5012 0.0136 0.8652
vn -0.4101 -0.0408 0.9111
vn -0.2417 -0.0334 -0.9698
vn 0.6717 0.0011 0.7409
vn -0.2417 -0.0334 0.9698
vn -0.4101 -0.0408 -0.9111
vn 0.8142 -0.0154 0.5804
vn -0.0636 -0.0128 0.9979
vn -0.5672 -0.0419 -0.8225
vn 0.9180 -0.0341 0.3952
vn -0.6028 -0.6351 0.4831
vn -0.6468 -0.6921 0.3204
vn -0.5712 -0.7661 0.2946
vn -0.5356 -0.7169 0.4463
vn 0.8742 0.3308 -0.3555
vn 0.7768 0.3576 -0.5183
vn -0.6717 -0.7242 0.1559
vn 0.6511 0.3653 -0.6652
vn 0.5052 0.3388 -0.7937
vn 0.3427 0.2673 -0.9006
vn 0.0096 -0.0327 0.9994
vn 0.1643 0.1358 0.9770
vn -0.5336 -0.5501 0.6424
vn 0.1643 0.1358 -0.9770
vn 0.3427 0.2673 0.9006
vn -0.4326 -0.4355 0.7894
vn 0.0096 -0.0327 -0.9994
vn 0.5052 0.3388 0.7937
vn -0.2979 -0.2983 0.9068
vn -0.1396 -0.1594 -0.9773
vn 0.6512 0.3653 0.6652
vn -0.1396 -0.1594 0.9773
vn -0.2978 -0.2983 -0.9068
vn 0.7769 0.3575 0.5183
vn -0.4326 -0.4355 -0.7894
vn 0.8742 0.3308 0.3555
vn -0.5335 -0.5500 -0.6426
vn 0.9354 0.3037 0.1810
vn -0.6028 -0.6351 -0.4830
vn 0.9562 0.2926 -0.0000
vn -0.6467 -0.6922 -0.3206
vn 0.9353 0.3037 -0.1815
vn 0.3989 0.4955 0.7716
vn 0.2757 0.3501 0.8952
vn 0.3517 0.0539 0.9346
vn 0.5205 0.0569 0.8519
vn 0.3989 0.4955 -0.7716
vn 0.2757 0.3502 -0.8952
vn -0.0083 0.0198 0.9998
vn 0.1284 0.1797 0.9753
vn -0.4805 -0.6413 0.5982
vn 0.1284 0.1798 -0.9753
vn -0.3993 -0.5311 0.7473
vn -0.0083 0.0199 -0.9998
vn -0.2870 -0.3795 0.8795
vn -0.1425 -0.1795 -0.9734
vn 0.4923 0.6058 0.6250
vn -0.1425 -0.1795 0.9734
vn -0.2871 -0.3795 -0.8795
vn 0.5586 0.6837 0.4695
vn -0.3994 -0.5311 -0.7473
vn 0.6020 0.7345 0.3131
vn -0.4804 -0.6410 -0.5986
vn 0.6266 0.7631 0.1582
vn -0.5357 -0.7168 -0.4462
vn 0.6350 0.7725 -0.0001
vn -0.5712 -0.7661 -0.2946
vn 0.6269 0.7632 -0.1565
vn -0.5908 -0.7932 -0.1477
vn 0.6022 0.7346 -0.3126
vn -0.5971 -0.8022 0.0001
vn 0.5585 0.6836 -0.4699
vn -0.5906 -0.7933 0.1479
vn 0.4924 0.6059 -0.6249
vn 0.9106 0.0650 0.4081
vn 0.8082 0.0624 0.5856
vn 0.8092 0.0229 0.5870
vn 0.9116 0.0257 0.4103
vn -0.5318 -0.0555 0.8450
vn -0.3597 -0.0464 0.9319
vn 0.0047 0.0239 -0.9997
vn -0.1748 -0.0210 -0.9844
vn 0.6755 0.0596 0.7350
vn -0.1748 -0.0210 0.9844
vn -0.3598 -0.0464 -0.9319
vn 0.0046 0.0238 0.9997
vn -0.5319 -0.0555 -0.8450
vn 0.9107 0.0650 0.4080
vn -0.6851 -0.0600 -0.7259
vn 0.9755 0.0669 0.2097
vn -0.8144 -0.0633 -0.5769
vn 0.9977 0.0675 -0.0000
vn -0.9135 -0.0658 -0.4014
vn 0.9755 0.0669 -0.2098
vn -0.9762 -0.0675 -0.2062
vn 0.9106 0.0650 -0.4081
vn -0.9977 -0.0681 -0.0000
vn 0.8082 0.0624 -0.5856
vn -0.9762 -0.0675 0.2062
vn 0.6754 0.0596 -0.7350
vn -0.9135 -0.0658 0.4015
vn 0.5204 0.0570 -0.8520
vn -0.8143 -0.0633 0.5769
vn 0.3517 0.0539 -0.9346
vn 0.0047 0.0239 0.9997
vn 0.1775 0.0470 0.9830
vn -0.6851 -0.0600 0.7260
vn 0.1775 0.0470 -0.9830
vn 0.9770 0.0274 -0.2114
vn 0.9996 0.0280 -0.0000
vn 1.0000 0.0057 -0.0000
vn 0.9771 0.0055 -0.2128
vn -0.6851 -0.0600 -0.7260
vn -0.5163 -0.0147 -0.8563
vn -0.6708 -0.0191 -0.7414
vn 0.9755 0.0668 0.2098
vn 0.9770 0.0274 0.2114
vn -0.8144 -0.0632 -0.5769
vn -0.8046 -0.0230 -0.5934
vn -0.9093 -0.0260 -0.4153
vn 0.9754 0.0668 -0.2098
vn -0.9764 -0.0279 -0.2141
vn 0.9116 0.0257 -0.4103
vn -0.9996 -0.0285 -0.0000
vn 0.8092 0.0229 -0.5870
vn -0.9764 -0.0279 0.2141
vn 0.6755 0.0596 -0.7350
vn 0.6779 0.0193 -0.7349
vn -0.9135 -0.0658 0.4014
vn -0.9093 -0.0260 0.4153
vn 0.5205 0.0569 -0.8520
vn 0.5256 0.0151 -0.8506
vn -0.8143 -0.0632 0.5769
vn -0.8046 -0.0230 0.5934
vn 0.3594 0.0104 -0.9331
vn 0.0048 0.0238 0.9997
vn 0.0063 0.0004 1.0000
vn 0.1849 0.0055 0.9827
vn -0.6708 -0.0191 0.7414
vn 0.1849 0.0055 -0.9827
vn 0.3594 0.0104 0.9331
vn -0.5163 -0.0147 0.8563
vn 0.0046 0.0238 -0.9997
vn 0.0063 0.0004 -1.0000
vn 0.5205 0.0569 0.8520
vn 0.5256 0.0150 0.8506
vn -0.3483 -0.0098 0.9373
vn -0.1749 -0.0209 -0.9844
vn -0.1727 -0.0048 -0.9850
vn 0.6779 0.0193 0.7349
vn -0.1748 -0.0209 0.9844
vn -0.1727 -0.0048 0.9850
vn -0.3597 -0.0464 -0.9319
vn -0.3483 -0.0098 -0.9373
vn 0.0061 0.0004 1.0000
vn 0.9771 0.0055 0.2128
vn -0.9108 -0.0052 -0.4129
vn -0.9771 -0.0055 -0.2127
vn 0.9108 0.0052 -0.4128
vn -1.0000 -0.0057 -0.0000
vn 0.8073 0.0046 -0.5902
vn -0.9771 -0.0055 0.2127
vn 0.6746 0.0038 -0.7381
vn -0.9108 -0.0052 0.4128
vn 0.5211 0.0029 -0.8535
vn -0.8072 -0.0046 0.5903
vn 0.3540 0.0020 -0.9352
vn 0.1789 0.0010 0.9839
vn -0.6746 -0.0038 0.7382
vn 0.1789 0.0010 -0.9839
vn 0.3540 0.0020 0.9352
vn -0.5211 -0.0029 0.8535
vn 0.5211 0.0029 0.8535
vn -0.3540 -0.0020 0.9352
vn -0.1789 -0.0010 -0.9839
vn 0.6746 0.0038 0.7381
vn -0.1788 -0.0010 0.9839
vn -0.3540 -0.0020 -0.9352
vn 0.8073 0.0046 0.5902
vn -0.5211 -0.0029 -0.8535
vn 0.9108 0.0052 0.4128
vn -0.6746 -0.0038 -0.7382
vn -0.8072 -0.0046 -0.5903
vn -0.9108 -0.0052 -0.4128
vn 0.5211 0.0030 0.8535
vn -0.9108 -0.0052 0.4129
vn 0.5211 0.0030 -0.8535
vn -0.5211 -0.0030 0.8535
vn -0.1788 -0.0010 -0.9839
vn -0.0000 -0.0000 1.0000
vn -0.5211 -0.0030 -0.8535
vn -0.9108 -0.0055 -0.4128
vn -0.9771 -0.0060 -0.2127
vn 1.0000 0.0061 -0.0000
vn 0.9771 0.0060 0.2129
vn 0.9614 -0.1790 0.2089
vn 0.9838 -0.1795 -0.0001
vn 0.9771 0.0060 -0.2128
vn 0.9108 0.0055 -0.4129
vn -1.0000 -0.0061 -0.0000
vn 0.8072 0.0049 -0.5902
vn -0.9771 -0.0060 0.2127
vn 0.6746 0.0041 -0.7382
vn -0.9108 -0.0055 0.4128
vn 0.5210 0.0032 -0.8535
vn -0.8072 -0.0049 0.5902
vn 0.3539 0.0022 -0.9353
vn 0.0006 -0.0000 1.0000
vn 0.1787 0.0011 0.9839
vn -0.6746 -0.0041 0.7381
vn 0.1787 0.0011 -0.9839
vn 0.3539 0.0022 0.9353
vn -0.5212 -0.0032 0.8534
vn -0.0001 -0.0000 -1.0000
vn 0.5210 0.0032 0.8535
vn -0.3541 -0.0022 0.9352
vn -0.1790 -0.0011 -0.9839
vn 0.6746 0.0041 0.7382
vn -0.1790 -0.0011 0.9839
vn -0.3541 -0.0022 -0.9352
vn 0.8072 0.0049 0.5902
vn -0.5212 -0.0032 -0.8534
vn 0.9108 0.0055 0.4129
vn -0.6746 -0.0041 -0.7381
vn -0.8072 -0.0049 -0.5902
vn 0.8069 0.0026 -0.5907
vn 0.9106 0.0030 -0.4132
vn 0.8966 -0.1778 -0.4055
vn 0.7953 -0.1759 -0.5801
vn 0.1780 0.0006 -0.9840
vn -0.0009 -0.0000 -1.0000
vn 0.9106 0.0030 0.4132
vn 0.9771 0.0032 0.2129
vn -0.6751 -0.0022 0.7377
vn -0.5218 -0.0017 0.8531
vn -0.5218 -0.0017 -0.8531
vn -0.6751 -0.0022 -0.7377
vn 0.1780 0.0006 0.9840
vn 0.3532 0.0011 0.9355
vn -0.9772 -0.0032 -0.2125
vn 0.3532 0.0011 -0.9355
vn 0.8069 0.0026 0.5907
vn -0.8076 -0.0026 0.5898
vn -0.3548 -0.0012 -0.9349
vn 0.9771 0.0032 -0.2129
vn -0.1797 -0.0006 0.9837
vn -0.0005 -0.0000 1.0000
vn -0.9110 -0.0030 -0.4125
vn 0.5205 0.0017 -0.8539
vn 0.6741 0.0022 0.7387
vn -0.9110 -0.0030 0.4125
vn -0.1797 -0.0006 -0.9837
vn 1.0000 0.0033 -0.0000
vn -0.3548 -0.0012 0.9349
vn -0.8076 -0.0026 -0.5898
vn 0.6741 0.0022 -0.7387
vn 0.5205 0.0017 0.8539
vn 0.9614 -0.1791 -0.2088
vn 0.9614 -0.1790 -0.2090
vn 0.9837 -0.1796 -0.0000
vn 0.8967 -0.1777 -0.4054
vn 0.9614 -0.1791 0.2088
vn 0.7954 -0.1759 -0.5800
vn 0.8966 -0.1778 0.4055
vn 0.6654 -0.1740 -0.7259
vn 0.7953 -0.1759 0.5801
vn -0.1743 -0.1749 0.9690
vn 0.0063 -0.1731 0.9849
vn 0.5148 -0.1724 -0.8398
vn 0.6653 -0.1740 0.7260
vn -0.3468 -0.1781 0.9209
vn 0.3504 -0.1716 -0.9207
vn 0.5147 -0.1725 0.8399
vn -0.5111 -0.1820 0.8400
vn 0.1781 -0.1716 -0.9689
vn 0.3504 -0.1716 0.9208
vn -0.6618 -0.1864 0.7262
vn 0.0019 -0.1727 -0.9850
vn 0.1779 -0.1716 0.9690
vn -0.7917 -0.1907 0.5804
vn -0.1741 -0.1749 -0.9691
vn 0.0063 -0.1723 0.9850
vn -0.8931 -0.1944 0.4057
vn -0.3466 -0.1781 -0.9210
vn -0.9579 -0.1969 0.2089
vn -0.5109 -0.1820 -0.8402
vn -0.9802 -0.1978 -0.0000
vn -0.6616 -0.1864 -0.7264
vn -0.9579 -0.1969 -0.2089
vn -0.7916 -0.1907 -0.5805
vn -0.8931 -0.1944 -0.4057
vn -0.8930 -0.1944 -0.4058
vn -0.7917 -0.1907 -0.5804
vn -0.6617 -0.1864 -0.7262
vn -0.9802 -0.1978 0.0001
vn -0.5110 -0.1820 -0.8401
vn -0.9579 -0.1969 0.2090
vn -0.3467 -0.1781 -0.9209
vn -0.1744 -0.1749 -0.9690
vn -0.7916 -0.1907 0.5805
vn 0.0065 -0.1723 0.9850
vn 0.1780 -0.1716 0.9689
vn 0.0018 -0.1727 -0.9850
vn -0.6616 -0.1864 0.7263
vn 0.3504 -0.1716 0.9207
vn 0.1779 -0.1716 -0.9690
vn -0.5109 -0.1820 0.8402
vn 0.5148 -0.1724 0.8398
vn 0.3503 -0.1716 -0.9208
vn -0.3465 -0.1781 0.9210
vn 0.6654 -0.1740 0.7259
vn 0.5147 -0.1725 -0.8399
vn -0.1741 -0.1749 0.9691
vn 0.7954 -0.1759 0.5800
vn 0.6653 -0.1740 -0.7260
vn 0.0064 -0.1731 0.9849
vn 0.8967 -0.1777 0.4054
vn 0.8082 0.0625 0.5856
vn 0.8961 -0.2219 0.3844
vn 0.8038 -0.2068 0.5578
vn 0.8961 -0.2219 -0.3844
vn 0.8038 -0.2068 -0.5578
vn 0.6776 -0.5317 -0.5082
vn 0.7394 -0.5791 -0.3435
vn -0.5319 -0.0556 -0.8450
vn -0.6851 -0.0601 -0.7259
vn -0.6721 0.2098 -0.7101
vn -0.5271 0.1690 -0.8328
vn 0.9754 0.0669 0.2098
vn 0.9531 -0.2304 0.1960
vn -0.7922 0.2448 -0.5590
vn 0.9977 0.0675 -0.0001
vn 0.9724 -0.2332 0.0003
vn -0.9136 -0.0658 -0.4014
vn -0.8818 0.2718 -0.3854
vn 0.9754 0.0669 -0.2098
vn 0.9531 -0.2304 -0.1962
vn -0.9762 -0.0674 -0.2061
vn -0.9370 0.2889 -0.1966
vn -0.9977 -0.0680 0.0001
vn -0.9556 0.2947 0.0003
vn 0.8082 0.0625 -0.5856
vn -0.9762 -0.0674 0.2062
vn -0.9370 0.2889 0.1965
vn 0.6798 -0.1841 -0.7099
vn -0.8818 0.2718 0.3853
vn 0.5205 0.0570 -0.8520
vn 0.5286 -0.1519 -0.8351
vn -0.8144 -0.0633 0.5769
vn -0.7923 0.2448 0.5589
vn 0.3557 -0.1076 -0.9284
vn 0.0047 0.0238 0.9997
vn 0.1696 -0.0491 0.9843
vn -0.0150 0.0166 0.9998
vn -0.6851 -0.0601 0.7260
vn -0.6721 0.2098 0.7101
vn 0.1697 -0.0492 -0.9843
vn 0.3557 -0.1076 0.9284
vn -0.5318 -0.0556 0.8450
vn -0.5271 0.1690 0.8328
vn -0.0150 0.0166 -0.9997
vn 0.5205 0.0570 0.8520
vn 0.5287 -0.1519 0.8351
vn -0.3597 -0.0465 0.9319
vn -0.3646 0.1243 0.9228
vn -0.1925 0.0748 -0.9784
vn 0.6798 -0.1841 0.7099
vn -0.1749 -0.0209 0.9844
vn -0.1925 0.0748 0.9784
vn -0.3646 0.1243 -0.9228
vn 0.0045 0.0238 0.9997
vn -0.0152 0.0166 0.9997
vn 0.4721 -0.3726 -0.7989
vn 0.3278 -0.2587 -0.9086
vn 0.2862 -0.3407 -0.8955
vn 0.3978 -0.5088 -0.7635
vn -0.7845 0.5940 0.1778
vn -0.7973 0.6036 -0.0000
vn 0.5888 -0.4633 -0.6623
vn -0.7459 0.5650 0.3527
vn -0.6801 0.5158 0.5209
vn 0.1619 -0.1216 0.9793
vn 0.0026 0.0166 0.9999
vn -0.5860 0.4458 0.6766
vn 0.1619 -0.1216 -0.9793
vn 0.3278 -0.2587 0.9086
vn -0.4634 0.3556 0.8117
vn 0.0026 0.0167 -0.9999
vn 0.4721 -0.3726 0.7989
vn -0.3155 0.2485 0.9158
vn -0.1533 0.1334 -0.9791
vn 0.5888 -0.4633 0.6623
vn -0.1533 0.1334 0.9791
vn -0.3155 0.2485 -0.9158
vn 0.6776 -0.5317 0.5082
vn 0.0026 0.0167 0.9999
vn -0.4634 0.3556 -0.8117
vn 0.7394 -0.5791 0.3435
vn -0.5860 0.4458 -0.6766
vn 0.7757 -0.6069 0.1731
vn -0.6801 0.5158 -0.5209
vn 0.7877 -0.6161 -0.0000
vn -0.7459 0.5650 -0.3527
vn 0.7757 -0.6069 -0.1731
vn -0.7845 0.5940 -0.1778
vn 0.0266 0.0369 -0.9990
vn -0.1115 0.1979 -0.9739
vn -0.0932 0.2919 -0.9519
vn 0.0268 0.0448 -0.9986
vn 0.1484 -0.1263 0.9808
vn 0.0266 0.0369 0.9990
vn -0.4503 0.6531 0.6088
vn -0.5080 0.7318 0.4542
vn 0.1484 -0.1263 -0.9808
vn 0.2862 -0.3407 0.8955
vn -0.3668 0.5392 0.7581
vn 0.3977 -0.5087 0.7636
vn -0.2526 0.3842 0.8880
vn 0.4784 -0.6282 0.6136
vn -0.1114 0.1978 0.9739
vn -0.2527 0.3842 -0.8880
vn 0.5344 -0.7108 0.4574
vn 0.0267 0.0368 0.9990
vn -0.3665 0.5388 -0.7586
vn 0.5706 -0.7641 0.3008
vn -0.4503 0.6531 -0.6088
vn 0.5905 -0.7928 0.1509
vn -0.5080 0.7318 -0.4542
vn 0.5969 -0.8023 -0.0000
vn -0.5452 0.7826 -0.3005
vn 0.5904 -0.7929 -0.1509
vn -0.5659 0.8108 -0.1494
vn 0.5703 -0.7634 -0.3033
vn -0.5725 0.8199 -0.0000
vn 0.5344 -0.7108 -0.4573
vn -0.5659 0.8108 0.1494
vn 0.4788 -0.6288 -0.6127
vn -0.5452 0.7826 0.3005
vn -0.2895 0.6727 -0.6809
vn -0.3430 0.7767 -0.5282
vn -0.2118 0.8483 -0.4852
vn -0.1873 0.7411 -0.6447
vn 0.3927 -0.7394 0.5469
vn 0.3374 -0.6257 0.7033
vn -0.0932 0.2919 0.9519
vn -0.2081 0.5144 0.8319
vn -0.2081 0.5146 -0.8318
vn 0.4276 -0.8114 0.3984
vn 0.0268 0.0448 0.9986
vn 0.4489 -0.8550 0.2598
vn 0.4604 -0.8784 0.1284
vn -0.3768 0.8430 -0.3838
vn 0.4640 -0.8858 0.0001
vn -0.3974 0.8831 -0.2496
vn 0.4604 -0.8784 -0.1283
vn -0.4082 0.9045 -0.1238
vn 0.4490 -0.8552 -0.2591
vn -0.4118 0.9113 -0.0000
vn 0.4275 -0.8113 -0.3989
vn -0.4083 0.9041 0.1260
vn 0.3926 -0.7392 -0.5472
vn -0.3973 0.8829 0.2501
vn 0.3375 -0.6259 -0.7031
vn -0.3769 0.8431 0.3837
vn 0.2534 -0.4533 -0.8546
vn 0.1338 -0.2091 0.9687
vn -0.3431 0.7769 0.5279
vn 0.1338 -0.2091 -0.9687
vn 0.2534 -0.4533 0.8546
vn -0.2896 0.6728 0.6808
vn -0.2332 0.9466 -0.2227
vn -0.2374 0.9655 -0.1068
vn -0.0047 0.9952 -0.0979
vn -0.0046 0.9796 -0.2009
vn 0.2482 -0.9626 0.1089
vn 0.2427 -0.9446 0.2209
vn -0.2256 0.9109 -0.3455
vn 0.2500 -0.9683 0.0001
vn 0.2480 -0.9624 -0.1105
vn 0.2427 -0.9444 -0.2217
vn -0.2385 0.9711 -0.0000
vn 0.2320 -0.9090 -0.3463
vn -0.2373 0.9655 0.1074
vn 0.2145 -0.8484 -0.4840
vn -0.2333 0.9468 0.2216
vn 0.1854 -0.7448 -0.6410
vn -0.2256 0.9108 0.3458
vn 0.1381 -0.5700 -0.8099
vn 0.0681 -0.2825 0.9568
vn 0.0168 0.0101 0.9998
vn -0.2118 0.8485 0.4850
vn 0.0681 -0.2825 -0.9568
vn 0.1381 -0.5700 0.8100
vn -0.1873 0.7411 0.6447
vn 0.0168 0.0100 -0.9998
vn 0.1855 -0.7449 0.6409
vn -0.1440 0.5592 0.8164
vn -0.0685 0.2727 -0.9597
vn 0.2145 -0.8482 0.4843
vn -0.0685 0.2727 0.9597
vn -0.1440 0.5592 -0.8164
vn 0.2321 -0.9092 0.3457
vn 0.0168 0.0100 0.9998
vn -0.0046 0.9952 0.0979
vn -0.0045 0.9796 0.2009
vn 0.1664 0.9632 0.2113
vn 0.1697 0.9803 0.1013
vn 0.0038 -0.9796 -0.2008
vn 0.0039 -0.9952 -0.0979
vn -0.0047 1.0000 -0.0000
vn 0.0037 -0.9492 -0.3148
vn 0.0034 -0.8948 -0.4464
vn 0.0029 -0.7978 -0.6029
vn -0.0044 0.9492 0.3148
vn 0.0018 -0.6199 -0.7847
vn 0.0005 -0.3076 0.9515
vn 0.0027 0.0016 1.0000
vn -0.0042 0.8948 0.4464
vn 0.0005 -0.3077 -0.9515
vn 0.0018 -0.6193 0.7851
vn -0.0039 0.7980 0.6027
vn 0.0027 0.0016 -1.0000
vn 0.0028 -0.7978 0.6029
vn -0.0033 0.6200 0.7846
vn -0.0021 0.3089 -0.9511
vn 0.0033 -0.8948 0.4464
vn -0.0021 0.3090 0.9510
vn -0.0033 0.6198 -0.7848
vn 0.0035 -0.9492 0.3147
vn 0.0027 0.0015 1.0000
vn -0.0039 0.7969 -0.6041
vn 0.0037 -0.9796 0.2008
vn -0.0043 0.8948 -0.4464
vn 0.0035 -0.9949 0.1004
vn -0.0045 0.9492 -0.3148
vn 0.0038 -1.0000 -0.0000
vn 0.1501 0.8761 0.4582
vn 0.1318 0.7770 0.6155
vn 0.2411 0.7096 0.6621
vn 0.2828 0.8150 0.5058
vn -0.1401 -0.7722 -0.6198
vn -0.1577 -0.8726 -0.4622
vn 0.1606 0.9321 0.3248
vn -0.1089 -0.5951 -0.7962
vn -0.0578 -0.2931 0.9543
vn -0.0221 0.0125 0.9997
vn -0.0578 -0.2931 -0.9543
vn -0.1088 -0.5946 0.7966
vn -0.0221 0.0125 -0.9997
vn -0.1400 -0.7715 0.6207
vn 0.0997 0.6045 0.7903
vn 0.0420 0.3130 -0.9488
vn -0.1577 -0.8728 0.4620
vn 0.0420 0.3130 0.9488
vn 0.0997 0.6046 -0.7903
vn -0.1675 -0.9295 0.3287
vn -0.0221 0.0124 0.9997
vn 0.1319 0.7777 -0.6146
vn -0.1729 -0.9620 0.2114
vn 0.1501 0.8759 -0.4586
vn -0.1758 -0.9790 0.1033
vn 0.1606 0.9320 -0.3248
vn -0.1767 -0.9843 -0.0000
vn 0.1666 0.9631 -0.2113
vn -0.1759 -0.9790 -0.1033
vn 0.1697 0.9801 -0.1031
vn -0.1731 -0.9620 -0.2114
vn 0.1707 0.9853 -0.0000
vn -0.1676 -0.9289 -0.3302
vn 0.0753 0.2888 0.9544
vn -0.0283 0.0323 0.9991
vn -0.0248 0.0407 0.9989
vn 0.1062 0.2322 0.9669
vn -0.0283 0.0323 -0.9991
vn -0.1121 -0.2315 -0.9663
vn -0.2701 -0.6908 0.6707
vn -0.2078 -0.5099 0.8347
vn 0.1748 0.5410 0.8226
vn 0.0753 0.2888 -0.9544
vn -0.3083 -0.8027 0.5105
vn 0.1746 0.5407 -0.8229
vn -0.3308 -0.8696 0.3665
vn 0.2412 0.7100 -0.6616
vn -0.3438 -0.9088 0.2364
vn 0.2829 0.8153 -0.5052
vn -0.3504 -0.9290 0.1191
vn 0.3087 0.8799 -0.3613
vn -0.3526 -0.9358 -0.0000
vn 0.3236 0.9170 -0.2333
vn -0.3505 -0.9294 -0.1160
vn 0.3315 0.9365 -0.1144
vn -0.3437 -0.9088 -0.2364
vn 0.3340 0.9426 -0.0000
vn -0.3307 -0.8697 -0.3664
vn 0.3316 0.9365 0.1144
vn -0.3078 -0.8016 -0.5125
vn 0.3237 0.9169 0.2333
vn -0.2704 -0.6917 -0.6696
vn 0.3088 0.8798 0.3613
vn -0.2078 -0.5099 -0.8348
vn -0.1121 -0.2315 0.9663
vn -0.0283 0.0324 0.9991
vn 0.4619 0.7747 -0.4320
vn 0.4929 0.8224 -0.2842
vn 0.6589 0.6760 -0.3301
vn 0.6064 0.6244 -0.4924
vn 0.3398 0.5868 -0.7350
vn 0.2382 0.4313 -0.8702
vn -0.5180 -0.8060 0.2863
vn -0.4884 -0.7563 0.4353
vn 0.4128 0.6991 -0.5839
vn -0.5343 -0.8333 0.1420
vn -0.5395 -0.8420 -0.0000
vn -0.5343 -0.8333 -0.1420
vn 0.5099 0.8486 -0.1407
vn -0.5180 -0.8060 -0.2863
vn 0.5153 0.8570 -0.0000
vn -0.4883 -0.7564 -0.4353
vn 0.5099 0.8487 0.1407
vn -0.4412 -0.6776 -0.5884
vn 0.4928 0.8224 0.2842
vn -0.3709 -0.5598 -0.7410
vn 0.4618 0.7747 0.4319
vn -0.2704 -0.3909 -0.8798
vn -0.1390 -0.1640 0.9766
vn -0.0247 0.0407 0.9989
vn 0.4127 0.6992 0.5838
vn -0.1391 -0.1640 -0.9766
vn -0.2707 -0.3912 0.8796
vn 0.3402 0.5876 0.7341
vn -0.0247 0.0407 -0.9989
vn -0.3709 -0.5597 0.7410
vn 0.2381 0.4312 0.8703
vn 0.1062 0.2322 -0.9668
vn -0.4413 -0.6775 0.5884
vn 0.6989 0.7152 -0.0001
vn 0.6890 0.7056 0.1658
vn 0.8845 0.4221 0.1988
vn 0.9027 0.4303 -0.0000
vn -0.6838 -0.7109 -0.1644
vn -0.6929 -0.7210 0.0001
vn 0.6890 0.7055 -0.1661
vn -0.6565 -0.6813 -0.3236
vn -0.6082 -0.6288 -0.4845
vn -0.5358 -0.5502 -0.6405
vn 0.6587 0.6759 0.3305
vn -0.4357 -0.4417 -0.7843
vn 0.6066 0.6246 0.4919
vn -0.3055 -0.3002 -0.9036
vn -0.1518 -0.1301 0.9798
vn -0.0101 0.0225 0.9997
vn 0.5291 0.5481 0.6477
vn -0.1518 -0.1301 -0.9798
vn -0.3055 -0.3002 0.9036
vn 0.4242 0.4442 0.7891
vn -0.0101 0.0225 -0.9997
vn -0.4356 -0.4416 0.7843
vn 0.2909 0.3122 0.9044
vn 0.1367 0.1621 -0.9773
vn -0.5358 -0.5502 0.6404
vn 0.1368 0.1621 0.9772
vn 0.2909 0.3123 -0.9043
vn -0.6082 -0.6288 0.4845
vn 0.4242 0.4442 -0.7892
vn -0.6566 -0.6814 0.3234
vn 0.5292 0.5482 -0.6476
vn -0.6840 -0.7113 0.1617
vn 0.0054 0.0206 0.9998
vn -0.1646 -0.0818 0.9830
vn -0.1690 0.0383 0.9849
vn 0.0127 0.0854 0.9963
vn -0.6345 -0.3282 -0.6997
vn -0.7442 -0.3824 -0.5476
vn 0.8298 0.3978 0.3915
vn -0.4985 -0.2605 -0.8268
vn 0.7416 0.3586 0.5669
vn -0.3396 -0.1791 -0.9234
vn 0.6245 0.3069 0.7182
vn -0.1646 -0.0818 -0.9830
vn -0.3396 -0.1791 0.9234
vn 0.4842 0.2454 0.8399
vn 0.0055 0.0206 -0.9998
vn -0.4985 -0.2605 0.8268
vn 0.3282 0.1773 0.9278
vn 0.1664 0.1044 -0.9805
vn -0.6345 -0.3282 0.6997
vn 0.1664 0.1044 0.9805
vn 0.3282 0.1773 -0.9278
vn -0.7443 -0.3824 0.5475
vn 0.0056 0.0207 0.9998
vn 0.4841 0.2454 -0.8399
vn -0.8248 -0.4221 0.3762
vn 0.6245 0.3069 -0.7182
vn -0.8741 -0.4465 0.1912
vn 0.7416 0.3587 -0.5669
vn -0.8907 -0.4547 0.0001
vn 0.8298 0.3978 -0.3915
vn -0.8744 -0.4467 -0.1896
vn 0.8844 0.4222 -0.1988
vn -0.8248 -0.4221 -0.3762
vn 0.1611 0.1037 0.9815
vn 0.3330 0.1381 0.9328
vn 0.3576 0.1850 0.9154
vn 0.1895 0.1353 0.9725
vn 0.6530 0.2734 0.7063
vn 0.7700 0.3085 0.5585
vn -0.1688 0.0385 -0.9849
vn -0.3501 -0.0036 -0.9367
vn -0.3500 -0.0038 0.9367
vn 0.5137 0.2317 0.8261
vn 0.0130 0.0856 -0.9962
vn -0.5223 -0.0408 0.8518
vn 0.1897 0.1356 -0.9724
vn -0.6774 -0.0732 0.7320
vn 0.3578 0.1852 -0.9152
vn -0.8078 -0.1007 0.5808
vn 0.0128 0.0853 0.9963
vn 0.5138 0.2319 -0.8259
vn -0.9069 -0.1219 0.4033
vn 0.6531 0.2737 -0.7061
vn -0.9690 -0.1353 0.2068
vn 0.7700 0.3087 -0.5583
vn -0.9902 -0.1400 0.0001
vn 0.8590 0.3352 -0.3869
vn -0.9690 -0.1352 -0.2068
vn 0.9149 0.3519 -0.1980
vn -0.9070 -0.1218 -0.4032
vn 0.9339 0.3576 0.0001
vn -0.8079 -0.1006 -0.5807
vn 0.9149 0.3518 0.1981
vn -0.6774 -0.0731 -0.7320
vn 0.8590 0.3351 0.3870
vn -0.5223 -0.0406 -0.8518
vn -0.6722 0.0232 -0.7400
vn -0.6675 -0.0428 -0.7434
vn -0.5173 -0.0164 -0.8556
vn -0.5190 0.0274 -0.8543
vn -0.0133 0.0708 0.9974
vn 0.8762 0.2564 0.4081
vn 0.7765 0.2340 0.5851
vn 0.8110 -0.0238 0.5845
vn -0.3553 0.0111 -0.9347
vn -0.0134 0.0707 0.9974
vn -0.1862 0.0400 0.9817
vn 0.6476 0.2054 0.7338
vn 0.6789 -0.0244 0.7338
vn -0.1865 0.0401 -0.9816
vn -0.3551 0.0111 0.9347
vn 0.4973 0.1727 0.8502
vn 0.5240 -0.0234 0.8514
vn -0.0135 0.0707 -0.9974
vn -0.5170 -0.0166 0.8558
vn -0.5190 0.0274 0.8543
vn 0.3530 -0.0184 0.9354
vn 0.1610 0.1037 -0.9815
vn 0.1725 -0.0049 -0.9850
vn -0.6674 -0.0428 0.7435
vn 0.1725 -0.0049 0.9850
vn 0.3329 0.1382 -0.9328
vn 0.3529 -0.0184 -0.9355
vn -0.7993 -0.0667 0.5972
vn -0.0078 0.0155 0.9998
vn 0.4976 0.1729 -0.8500
vn 0.5240 -0.0234 -0.8514
vn -0.9037 -0.0861 0.4195
vn 0.6476 0.2054 -0.7338
vn 0.6789 -0.0244 -0.7339
vn -0.9712 -0.0989 0.2167
vn 0.7765 0.2341 -0.5850
vn 0.8110 -0.0238 -0.5845
vn -0.9946 -0.1035 -0.0000
vn 0.8762 0.2564 -0.4080
vn -0.9712 -0.0989 -0.2168
vn 0.9395 0.2708 -0.2097
vn -0.9037 -0.0860 -0.4195
vn 0.9612 0.2757 0.0001
vn -0.7993 -0.0666 -0.5972
vn 0.9395 0.2707 0.2098
vn -0.5219 -0.0012 0.8530
vn -0.5160 -0.0126 0.8565
vn -0.6706 -0.0164 0.7416
vn -0.6753 -0.0019 0.7375
vn 0.0009 -0.0000 1.0000
vn -0.1780 0.0006 0.9840
vn -0.9112 -0.0032 0.4120
vn -0.9772 -0.0037 0.2123
vn -0.9730 0.0850 0.2145
vn -0.9055 0.0814 0.4164
vn -0.3532 0.0012 0.9355
vn -0.8078 -0.0026 0.5895
vn -0.8046 -0.0197 0.5935
vn -0.9093 -0.0222 0.4155
vn -0.5205 0.0017 0.8539
vn -0.9765 -0.0238 0.2141
vn -0.6741 0.0022 0.7387
vn -0.9997 -0.0244 -0.0000
vn -1.0000 -0.0038 0.0001
vn -0.8069 0.0027 0.5907
vn -0.9765 -0.0238 -0.2142
vn -0.9772 -0.0036 -0.2122
vn -0.9106 0.0030 0.4132
vn -0.9093 -0.0222 -0.4155
vn -0.9111 -0.0031 -0.4121
vn -0.9771 0.0032 0.2129
vn -0.8046 -0.0197 -0.5935
vn -0.8078 -0.0024 -0.5894
vn -1.0000 0.0033 -0.0000
vn -0.6706 -0.0164 -0.7416
vn -0.6756 -0.0018 -0.7373
vn -0.9771 0.0032 -0.2129
vn -0.5160 -0.0126 -0.8565
vn -0.5219 -0.0010 -0.8530
vn -0.9106 0.0030 -0.4132
vn -0.3480 -0.0085 -0.9375
vn -0.3546 -0.0005 -0.9350
vn -0.8069 0.0027 -0.5907
vn -0.1722 -0.0041 -0.9851
vn -0.1791 -0.0001 -0.9838
vn -0.6741 0.0022 -0.7387
vn 0.0068 0.0003 -1.0000
vn 0.0001 -0.0000 -1.0000
vn -0.5204 0.0017 -0.8539
vn 0.1854 0.0048 -0.9826
vn 0.1792 -0.0002 -0.9838
vn -0.3532 0.0012 -0.9355
vn 0.3600 0.0091 -0.9329
vn 0.3546 -0.0005 -0.9350
vn -0.1780 0.0006 -0.9840
vn 0.5261 0.0131 -0.8503
vn 0.5219 -0.0011 -0.8530
vn 0.0009 -0.0000 -1.0000
vn 0.6783 0.0168 -0.7346
vn 0.6754 -0.0017 -0.7374
vn 0.1797 -0.0006 -0.9837
vn 0.8095 0.0199 -0.5868
vn 0.8077 -0.0024 -0.5895
vn 0.3548 -0.0012 -0.9349
vn 0.9118 0.0223 -0.4101
vn 0.9111 -0.0029 -0.4123
vn 0.5218 -0.0017 -0.8531
vn 0.9772 0.0239 -0.2111
vn 0.9772 -0.0033 -0.2124
vn 0.6751 -0.0022 -0.7377
vn 0.9997 0.0244 -0.0000
vn 1.0000 -0.0034 -0.0001
vn 0.8076 -0.0027 -0.5898
vn 0.9772 0.0239 0.2112
vn 0.9772 -0.0032 0.2123
vn 0.9110 -0.0030 -0.4125
vn 0.9118 0.0223 0.4101
vn 0.9111 -0.0028 0.4122
vn 0.9772 -0.0032 -0.2125
vn 0.8095 0.0199 0.5868
vn 0.8078 -0.0022 0.5895
vn 1.0000 -0.0033 -0.0000
vn 0.6783 0.0168 0.7346
vn 0.6753 -0.0016 0.7376
vn 0.9772 -0.0032 0.2125
vn 0.5261 0.0131 0.8503
vn 0.5218 -0.0009 0.8531
vn 0.9110 -0.0030 0.4125
vn 0.3600 0.0091 0.9329
vn 0.3545 -0.0004 0.9350
vn 0.8076 -0.0027 0.5898
vn 0.9063 0.1128 -0.4072
vn 0.9705 0.1195 -0.2096
vn 0.6751 -0.0022 0.7377
vn 0.5218 -0.0017 0.8531
vn -0.1801 0.0003 0.9837
vn -0.3563 0.0008 0.9344
vn 0.3548 -0.0012 0.9349
vn -0.0069 -0.0003 -1.0000
vn -0.1855 -0.0035 -0.9826
vn 0.1797 -0.0006 0.9837
vn 0.0010 -0.0000 1.0000
vn -0.3547 -0.0006 0.9350
vn -0.3479 -0.0085 0.9375
vn 0.1791 -0.0001 0.9838
vn 0.1854 0.0048 0.9826
vn 0.0068 0.0003 1.0000
vn -0.1793 -0.0002 0.9838
vn -0.1722 -0.0041 0.9851
vn -0.0001 -0.0000 1.0000
vn 0.0066 0.0003 1.0000
vn -0.5228 -0.0004 0.8525
vn -0.6761 -0.0006 0.7368
vn -0.9773 -0.0012 0.2119
vn -1.0000 -0.0012 -0.0000
vn -0.9952 0.0979 -0.0000
vn -0.9718 0.0962 0.2154
vn -0.8083 -0.0008 0.5887
vn -0.9113 -0.0010 0.4117
vn -0.9772 -0.0011 -0.2125
vn -0.9114 -0.0010 -0.4115
vn -0.8083 -0.0008 -0.5887
vn -0.6762 -0.0006 -0.7368
vn -0.5226 -0.0003 -0.8526
vn -0.3552 -0.0002 -0.9348
vn -0.1795 -0.0000 -0.9838
vn 0.1790 -0.0001 -0.9838
vn 0.3552 -0.0002 -0.9348
vn 0.5224 -0.0004 -0.8527
vn 0.6762 -0.0006 -0.7367
vn 0.8084 -0.0008 -0.5887
vn 0.9114 -0.0010 -0.4114
vn 0.9772 -0.0011 -0.2122
vn 1.0000 -0.0012 -0.0000
vn 0.9772 -0.0011 0.2125
vn 0.9113 -0.0010 0.4117
vn 0.8083 -0.0008 0.5887
vn 0.6761 -0.0006 0.7368
vn 0.5228 -0.0004 0.8525
vn 0.3548 -0.0002 0.9349
vn -0.9999 0.0145 -0.0005
vn -0.9782 0.0139 -0.2073
vn -0.3553 -0.0002 0.9348
vn 0.1796 -0.0001 0.9837
vn -0.1796 -0.0000 0.9837
vn -0.5594 -0.0067 0.8288
vn -0.7108 -0.0010 0.7034
vn -0.6709 0.0167 0.7413
vn -0.5160 0.0128 0.8565
vn -0.8339 0.0044 0.5518
vn -0.9250 0.0089 0.3798
vn -0.9810 0.0117 0.1935
vn -0.9999 0.0127 -0.0006
vn -0.9810 0.0117 -0.1936
vn -0.9250 0.0089 -0.3798
vn -0.8339 0.0044 -0.5518
vn -0.7108 -0.0010 -0.7034
vn -0.5594 -0.0067 -0.8289
vn -0.3853 -0.0115 -0.9227
vn -0.1949 -0.0148 -0.9807
vn 0.0033 -0.0158 -0.9999
vn 0.2008 -0.0144 -0.9795
vn 0.3891 -0.0109 -0.9211
vn 0.5611 -0.0062 -0.8277
vn 0.7107 -0.0010 -0.7035
vn 0.8333 0.0039 -0.5529
vn 0.9245 0.0079 -0.3811
vn 0.9809 0.0104 -0.1945
vn 0.9999 0.0112 0.0009
vn 0.9809 0.0104 0.1945
vn 0.9245 0.0079 0.3811
vn 0.8333 0.0039 0.5529
vn 0.7108 -0.0010 0.7034
vn 0.5611 -0.0062 0.8277
vn 0.3891 -0.0109 0.9211
vn -0.9749 0.1627 0.1519
vn -0.9861 0.1660 -0.0000
vn -0.3852 -0.0115 0.9227
vn 0.2008 -0.0144 0.9795
vn 0.0035 -0.0158 0.9999
vn -0.1949 -0.0148 0.9807
vn 0.0032 -0.0158 0.9999
vn -0.5212 -0.0001 0.8534
vn -0.6746 -0.0001 0.7381
vn -0.9108 -0.0002 0.4128
vn -0.9771 -0.0002 0.2127
vn -0.9769 0.0144 0.2134
vn -0.9101 0.0134 0.4141
vn -0.8073 -0.0001 0.5902
vn -1.0000 -0.0002 -0.0000
vn -0.9771 -0.0002 -0.2126
vn -0.9108 -0.0002 -0.4128
vn -0.8073 -0.0001 -0.5902
vn -0.6746 -0.0001 -0.7381
vn -0.5212 -0.0001 -0.8534
vn -0.1789 -0.0000 -0.9839
vn 0.1789 -0.0000 -0.9839
vn 0.3541 -0.0000 -0.9352
vn 0.5212 -0.0001 -0.8534
vn 0.6746 -0.0001 -0.7382
vn 0.8073 -0.0001 -0.5902
vn 0.9108 -0.0002 -0.4128
vn 0.9771 -0.0002 -0.2127
vn 1.0000 -0.0002 -0.0000
vn 0.9771 -0.0002 0.2127
vn 0.9108 -0.0002 0.4128
vn 0.8073 -0.0001 0.5902
vn 0.6746 -0.0001 0.7382
vn 0.5212 -0.0001 0.8534
vn -0.3541 -0.0000 0.9352
vn 0.1789 -0.0000 0.9839
vn -0.1789 -0.0000 0.9839
vn -0.3564 0.0009 0.9343
vn -0.8093 0.0039 0.5873
vn -0.6773 0.0028 0.7357
vn -0.6815 0.1380 0.7187
vn -0.8062 0.1485 0.5727
vn 0.6774 0.0030 0.7356
vn 0.5240 0.0019 0.8517
vn -0.1801 0.0003 -0.9837
vn -0.0002 -0.0000 -1.0000
vn -0.5240 0.0017 0.8517
vn 0.3566 0.0009 0.9343
vn 0.1800 0.0002 -0.9837
vn 0.1796 0.0003 0.9837
vn 0.3564 0.0009 -0.9343
vn 0.0002 0.0001 1.0000
vn 0.5241 0.0018 -0.8517
vn -0.9119 0.0048 0.4103
vn 0.6775 0.0030 -0.7355
vn -0.9773 0.0054 0.2119
vn 0.8094 0.0042 -0.5873
vn -1.0000 0.0057 -0.0002
vn 0.9120 0.0053 -0.4102
vn -0.9774 0.0055 -0.2112
vn 0.9774 0.0060 -0.2114
vn -0.9118 0.0049 -0.4106
vn 1.0000 0.0063 0.0002
vn -0.8094 0.0039 -0.5873
vn 0.9774 0.0061 0.2115
vn -0.6773 0.0028 -0.7357
vn 0.9121 0.0053 0.4100
vn -0.5239 0.0018 -0.8518
vn 0.8095 0.0042 0.5871
vn -0.3564 0.0009 -0.9343
vn -0.0002 0.0001 1.0000
vn -0.9033 0.1560 -0.3997
vn -0.9653 0.1608 -0.2058
vn -0.4625 0.8748 -0.1445
vn -0.4524 0.8415 -0.2954
vn 0.1608 -0.0263 0.9866
vn -0.0364 0.0210 0.9991
vn 0.3700 -0.0371 -0.9283
vn 0.5758 0.0128 -0.8175
vn -0.9033 0.1560 0.3997
vn 0.7240 0.0890 -0.6840
vn -0.9652 0.1607 0.2061
vn 0.8314 0.1328 -0.5395
vn -0.9867 0.1624 -0.0006
vn 0.9142 0.1535 -0.3750
vn 0.9676 0.1634 -0.1926
vn 0.9861 0.1664 0.0001
vn -0.8062 0.1485 -0.5727
vn 0.9676 0.1634 0.1925
vn -0.6815 0.1380 -0.7187
vn 0.9142 0.1535 0.3750
vn -0.5373 0.1238 -0.8343
vn 0.8314 0.1328 0.5395
vn -0.3802 0.1035 -0.9191
vn -0.0365 0.0211 0.9991
vn -0.2143 0.0710 0.9742
vn 0.7240 0.0890 0.6840
vn -0.2144 0.0710 -0.9742
vn -0.3802 0.1035 0.9191
vn 0.5758 0.0128 0.8175
vn -0.0364 0.0210 -0.9991
vn -0.5373 0.1238 0.8343
vn 0.3700 -0.0371 0.9283
vn 0.1608 -0.0263 -0.9866
vn -0.3309 0.5402 -0.7737
vn -0.3953 0.6818 -0.6155
vn 0.0238 0.9107 -0.4123
vn 0.0233 0.8248 -0.5649
vn 0.9595 -0.0286 -0.2801
vn 0.9996 -0.0277 -0.0000
vn -0.4323 0.7800 -0.4524
vn 0.9595 -0.0286 0.2802
vn 0.8786 -0.0336 0.4764
vn 0.7875 -0.0507 0.6142
vn -0.2278 0.3632 -0.9035
vn 0.0545 0.0638 0.9965
vn -0.0837 0.1925 0.9777
vn 0.6667 -0.1044 0.7380
vn -0.0837 0.1925 -0.9777
vn -0.2278 0.3632 0.9035
vn 0.5110 -0.1850 0.8394
vn 0.0545 0.0638 -0.9965
vn -0.3309 0.5402 0.7737
vn 0.3333 -0.2281 0.9148
vn 0.1374 -0.1614 -0.9773
vn -0.3953 0.6818 0.6155
vn 0.1374 -0.1614 0.9773
vn 0.3332 -0.2281 -0.9148
vn -0.4323 0.7800 0.4524
vn 0.0545 0.0639 0.9965
vn 0.5111 -0.1850 -0.8394
vn -0.4525 0.8414 0.2954
vn 0.6668 -0.1044 -0.7379
vn -0.4622 0.8748 0.1451
vn 0.7876 -0.0507 -0.6142
vn -0.4650 0.8853 -0.0008
vn 0.8786 -0.0336 -0.4764
vn 0.0038 -0.0014 -1.0000
vn 0.0120 0.3349 -0.9422
vn -0.0524 0.3023 -0.9518
vn -0.0148 -0.0086 -0.9999
vn -0.1162 -0.9782 0.1720
vn -0.1034 -0.9563 0.2733
vn 0.0208 0.6588 -0.7520
vn 0.0038 -0.0014 1.0000
vn 0.0120 0.3349 0.9422
vn -0.0872 -0.9140 0.3962
vn 0.0208 0.6588 0.7520
vn -0.0685 -0.8321 0.5504
vn 0.0233 0.8247 0.5650
vn -0.0473 -0.6685 0.7422
vn -0.0219 -0.3438 -0.9388
vn 0.0238 0.9107 0.4124
vn -0.0219 -0.3438 0.9388
vn -0.0473 -0.6685 -0.7422
vn 0.0240 0.9573 0.2882
vn -0.0685 -0.8321 -0.5504
vn 0.0243 0.9827 0.1835
vn -0.0872 -0.9140 -0.3962
vn 0.0247 0.9957 0.0894
vn -0.1034 -0.9563 -0.2734
vn 0.0250 0.9997 -0.0000
vn -0.1163 -0.9782 -0.1719
vn 0.0249 0.9957 -0.0897
vn -0.1249 -0.9886 -0.0840
vn 0.0243 0.9828 -0.1830
vn -0.1279 -0.9918 -0.0009
vn 0.0240 0.9573 -0.2882
vn -0.1245 -0.9887 0.0837
vn 0.1476 -0.7658 -0.6259
vn 0.1124 -0.5879 -0.8011
vn 0.2132 -0.4916 -0.8443
vn 0.2942 -0.6640 -0.6874
vn -0.0986 0.6071 0.7885
vn -0.1246 0.7822 0.6105
vn 0.1478 -0.7665 0.6250
vn 0.1123 -0.5876 0.8013
vn 0.0516 -0.2904 -0.9555
vn -0.1374 0.8805 0.4538
vn 0.0516 -0.2904 0.9555
vn -0.1425 0.9373 0.3180
vn -0.0148 -0.0086 0.9999
vn -0.1446 0.9685 0.2027
vn 0.1678 -0.8672 -0.4687
vn -0.1452 0.9845 0.0985
vn 0.1799 -0.9258 -0.3324
vn -0.1456 0.9893 -0.0003
vn 0.1869 -0.9591 -0.2128
vn -0.1459 0.9843 -0.0992
vn 0.1906 -0.9762 -0.1038
vn -0.1458 0.9682 -0.2034
vn 0.1918 -0.9814 0.0001
vn -0.1440 0.9368 -0.3188
vn 0.1906 -0.9761 0.1040
vn -0.1384 0.8813 -0.4519
vn 0.1870 -0.9590 0.2130
vn -0.1254 0.7837 -0.6083
vn 0.1800 -0.9257 0.3326
vn -0.0987 0.6076 -0.7881
vn -0.0147 -0.0087 0.9999
vn -0.0524 0.3023 0.9518
vn 0.1680 -0.8671 0.4690
vn 0.4043 -0.8795 -0.2511
vn 0.3825 -0.8399 -0.3851
vn 0.6891 -0.6480 -0.3245
vn 0.7428 -0.6381 -0.2028
vn -0.3334 0.8691 0.3654
vn -0.3464 0.9073 0.2383
vn 0.3478 -0.7731 -0.5304
vn -0.3532 0.9283 0.1167
vn -0.3552 0.9348 -0.0002
vn -0.3530 0.9283 -0.1170
vn 0.4165 -0.9007 -0.1239
vn -0.3464 0.9078 -0.2363
vn 0.4206 -0.9072 0.0003
vn -0.3332 0.8688 -0.3663
vn 0.4167 -0.9005 0.1240
vn -0.3102 0.8032 -0.5086
vn 0.4046 -0.8798 0.2497
vn -0.2708 0.6950 -0.6660
vn 0.3827 -0.8398 0.3851
vn -0.2055 0.5208 -0.8286
vn -0.0125 -0.0120 0.9998
vn -0.1044 0.2525 0.9620
vn 0.3478 -0.7730 0.5305
vn -0.1044 0.2525 -0.9620
vn -0.2054 0.5207 0.8286
vn 0.2943 -0.6641 0.6873
vn -0.0125 -0.0120 -0.9999
vn -0.2708 0.6951 0.6660
vn 0.2132 -0.4916 0.8443
vn 0.0978 -0.2422 -0.9653
vn -0.3103 0.8035 0.5081
vn 0.0978 -0.2422 0.9653
vn -0.0125 -0.0119 0.9999
vn 0.7746 -0.6249 0.0973
vn 0.7851 -0.6193 -0.0000
vn 0.9991 0.0435 -0.0000
vn 0.9975 0.0433 0.0559
vn -0.4491 0.8935 -0.0006
vn -0.4469 0.8871 -0.1157
vn 0.7746 -0.6250 -0.0971
vn -0.4419 0.8668 -0.2309
vn -0.4305 0.8288 -0.3575
vn -0.4074 0.7643 -0.4999
vn 0.7428 -0.6381 0.2028
vn -0.3629 0.6586 -0.6592
vn 0.6891 -0.6479 0.3245
vn -0.2800 0.4885 -0.8264
vn -0.0114 0.0052 0.9999
vn -0.1441 0.2375 0.9606
vn 0.6120 -0.6384 0.4668
vn -0.1441 0.2375 -0.9606
vn -0.2801 0.4886 0.8263
vn 0.5071 -0.5874 0.6307
vn -0.0114 0.0052 -0.9999
vn -0.3629 0.6586 0.6592
vn 0.3643 -0.4661 0.8062
vn 0.1695 -0.2408 -0.9556
vn -0.4075 0.7643 0.4999
vn 0.1695 -0.2408 0.9556
vn 0.3643 -0.4661 -0.8062
vn -0.4305 0.8286 0.3578
vn -0.0115 0.0053 0.9999
vn 0.5071 -0.5874 -0.6307
vn -0.4422 0.8669 0.2300
vn 0.6121 -0.6383 -0.4668
vn -0.4481 0.8864 0.1162
vn -0.0464 0.2798 0.9589
vn -0.0280 0.0079 0.9996
vn 0.0456 -0.0017 0.9990
vn 0.2164 0.0529 0.9749
vn -0.1338 0.9302 -0.3419
vn -0.1315 0.8664 -0.4817
vn 0.9864 0.0439 0.1585
vn -0.1216 0.7570 -0.6420
vn 0.2451 -0.0020 0.9695
vn -0.0961 0.5716 -0.8149
vn -0.2355 -0.5762 0.7826
vn -0.0464 0.2798 -0.9589
vn -0.0961 0.5716 0.8149
vn 0.0392 -0.6672 0.7439
vn -0.0280 0.0080 -0.9996
vn -0.1216 0.7569 0.6421
vn 0.1241 -0.5207 0.8447
vn 0.0650 -0.2576 -0.9641
vn -0.1314 0.8664 0.4818
vn 0.0650 -0.2575 0.9641
vn 0.1241 -0.5207 -0.8446
vn -0.1338 0.9302 0.3419
vn -0.0280 0.0080 0.9996
vn 0.0393 -0.6672 -0.7439
vn -0.1337 0.9666 0.2186
vn -0.2356 -0.5763 -0.7826
vn -0.1330 0.9854 0.1066
vn 0.2448 -0.0020 -0.9696
vn -0.1327 0.9912 -0.0004
vn 0.9864 0.0439 -0.1585
vn -0.1331 0.9854 -0.1066
vn 0.9975 0.0433 -0.0559
vn -0.1338 0.9666 -0.2187
vn 0.7108 0.1714 0.6822
vn 0.5689 0.1235 0.8131
vn 0.5897 0.0097 0.8076
vn 0.7313 0.0374 0.6810
vn -0.8848 0.1771 0.4309
vn -0.7908 -0.0452 0.6104
vn 0.3994 0.0853 -0.9128
vn 0.2164 0.0529 -0.9749
vn 0.3994 0.0853 0.9128
vn -0.5572 -0.2342 0.7966
vn 0.0455 -0.0018 -0.9990
vn -0.3278 -0.2582 0.9088
vn -0.1168 -0.1775 -0.9772
vn -0.1168 -0.1775 0.9772
vn -0.3278 -0.2582 -0.9088
vn 0.8191 0.2238 0.5281
vn 0.0455 -0.0017 0.9990
vn -0.5572 -0.2342 -0.7966
vn 0.8934 0.2703 0.3589
vn -0.7908 -0.0452 -0.6104
vn 0.9360 0.3018 0.1812
vn -0.8848 0.1771 -0.4309
vn 0.9498 0.3129 0.0003
vn -0.9197 0.2664 -0.2883
vn 0.9360 0.3018 -0.1812
vn -0.9368 0.3205 -0.1402
vn 0.8934 0.2704 -0.3589
vn -0.9406 0.3396 -0.0000
vn 0.8191 0.2238 -0.5282
vn -0.9368 0.3205 0.1402
vn 0.7108 0.1714 -0.6821
vn -0.9197 0.2664 0.2883
vn 0.5689 0.1235 -0.8131
vn 0.9783 0.0874 0.1877
vn 0.9268 0.0775 0.3676
vn 0.9109 0.0335 0.4113
vn 0.9767 0.0350 0.2118
vn -0.4001 -0.0502 0.9151
vn -0.1945 -0.0577 0.9792
vn -0.1944 -0.0577 -0.9792
vn -0.4000 -0.0502 -0.9151
vn 0.8437 0.0607 0.5333
vn 0.0170 -0.0537 0.9984
vn -0.5865 -0.0297 -0.8094
vn -0.7394 -0.0000 -0.6733
vn -0.8536 0.0284 -0.5202
vn 0.9959 0.0906 -0.0000
vn -0.9334 0.0483 -0.3555
vn 0.9783 0.0874 -0.1877
vn -0.9817 0.0591 -0.1809
vn 0.9268 0.0775 -0.3675
vn -0.9980 0.0625 -0.0000
vn 0.8437 0.0607 -0.5333
vn -0.9817 0.0591 0.1809
vn 0.7313 0.0374 -0.6810
vn -0.9334 0.0483 0.3556
vn 0.5896 0.0096 -0.8076
vn -0.8536 0.0284 0.5202
vn 0.4191 -0.0179 -0.9078
vn 0.0173 -0.0537 0.9984
vn 0.2250 -0.0400 0.9735
vn -0.7393 -0.0000 0.6733
vn 0.2250 -0.0400 -0.9735
vn 0.4192 -0.0179 0.9077
vn -0.5865 -0.0297 0.8094
vn 0.0172 -0.0537 -0.9984
vn 0.9109 0.0335 -0.4113
vn 0.9767 0.0350 -0.2118
vn 0.9771 0.0093 -0.2127
vn 0.9107 0.0087 -0.4130
vn -0.6725 0.0004 -0.7401
vn -0.8059 -0.0022 -0.5921
vn 0.9994 0.0355 -0.0000
vn -0.9101 -0.0042 -0.4144
vn -0.9769 -0.0054 -0.2135
vn -1.0000 -0.0059 -0.0000
vn 0.8080 0.0313 -0.5883
vn -0.9769 -0.0054 0.2135
vn 0.6761 0.0284 -0.7362
vn -0.9101 -0.0042 0.4143
vn 0.5234 0.0250 -0.8517
vn -0.8059 -0.0022 0.5921
vn 0.3569 0.0215 -0.9339
vn 0.0035 0.0140 0.9999
vn 0.1821 0.0178 0.9831
vn -0.6725 0.0004 0.7401
vn 0.1821 0.0178 -0.9831
vn 0.3569 0.0215 0.9339
vn -0.5184 0.0034 0.8551
vn 0.0035 0.0140 -0.9999
vn 0.5234 0.0251 0.8517
vn -0.3508 0.0068 0.9364
vn -0.1754 0.0103 -0.9844
vn 0.6761 0.0284 0.7362
vn -0.1754 0.0103 0.9844
vn -0.3508 0.0068 -0.9364
vn 0.8080 0.0313 0.5883
vn 0.0033 0.0140 0.9999
vn -0.5184 0.0034 -0.8551
vn 0.5208 0.0050 -0.8537
vn 0.6743 0.0064 -0.7384
vn 0.6761 0.0016 -0.7368
vn 0.5231 0.0013 -0.8523
vn -0.9771 -0.0093 -0.2125
vn -1.0000 -0.0095 -0.0000
vn 0.8070 0.0077 -0.5904
vn -0.9771 -0.0093 0.2125
vn -0.9109 -0.0087 0.4126
vn -0.8074 -0.0077 0.5899
vn 0.3536 0.0034 -0.9354
vn -0.0003 -0.0000 1.0000
vn 0.1784 0.0017 0.9840
vn -0.6749 -0.0064 0.7379
vn 0.1784 0.0017 -0.9840
vn 0.3536 0.0034 0.9354
vn -0.5216 -0.0050 0.8532
vn -0.0005 -0.0000 -1.0000
vn 0.5208 0.0050 0.8537
vn -0.3545 -0.0034 0.9351
vn -0.1794 -0.0017 -0.9838
vn 0.6743 0.0064 0.7384
vn -0.1794 -0.0017 0.9838
vn -0.3545 -0.0034 -0.9351
vn 0.8070 0.0077 0.5904
vn -0.0006 -0.0000 1.0000
vn -0.5216 -0.0050 -0.8532
vn 0.9107 0.0087 0.4130
vn -0.6749 -0.0064 -0.7379
vn 0.9771 0.0093 0.2127
vn -0.8074 -0.0077 -0.5899
vn 1.0000 0.0095 -0.0000
vn -0.9109 -0.0087 -0.4126
vn 1.0000 0.0024 -0.0000
vn 0.9773 0.0023 0.2121
vn 0.9766 0.0177 0.2142
vn 0.9998 0.0182 -0.0000
vn -0.9104 -0.0022 0.4138
vn -0.8064 -0.0019 0.5914
vn 0.3563 0.0009 -0.9344
vn 0.0026 -0.0000 1.0000
vn 0.1813 0.0004 0.9834
vn -0.6732 -0.0016 0.7394
vn 0.1813 0.0004 -0.9834
vn 0.3563 0.0009 0.9344
vn -0.5193 -0.0012 0.8546
vn 0.0025 -0.0000 -1.0000
vn 0.5231 0.0013 0.8523
vn -0.3518 -0.0008 0.9361
vn -0.1764 -0.0004 -0.9843
vn 0.6761 0.0016 0.7368
vn -0.1764 -0.0004 0.9843
vn -0.3518 -0.0008 -0.9361
vn 0.8082 0.0019 0.5889
vn 0.0023 -0.0000 1.0000
vn -0.5193 -0.0012 -0.8546
vn 0.9113 0.0022 0.4118
vn -0.6732 -0.0016 -0.7394
vn -0.8064 -0.0019 -0.5914
vn -0.9104 -0.0022 -0.4138
vn 0.9773 0.0023 -0.2121
vn -0.9770 -0.0023 -0.2132
vn 0.9113 0.0022 -0.4117
vn -1.0000 -0.0024 -0.0000
vn 0.8082 0.0019 -0.5889
vn -0.9770 -0.0023 0.2132
vn 0.9094 0.0165 -0.4156
vn 0.9766 0.0177 -0.2142
vn 0.9769 0.0349 -0.2109
vn 0.9117 0.0326 -0.4096
vn -0.0069 -0.0002 -1.0000
vn 0.0079 0.0004 -1.0000
vn -0.1711 -0.0060 -0.9852
vn -0.0032 -0.0002 1.0000
vn 0.1721 0.0030 0.9851
vn -0.8096 -0.0146 -0.5868
vn -0.9119 -0.0164 -0.4101
vn -0.1855 -0.0035 0.9826
vn -0.0042 -0.0002 1.0000
vn -0.9119 -0.0164 0.4101
vn -0.8096 -0.0146 0.5868
vn 0.8046 0.0146 -0.5937
vn 0.8046 0.0146 0.5937
vn 0.9094 0.0165 0.4156
vn 0.6706 0.0122 -0.7417
vn 0.5159 0.0093 -0.8566
vn 0.1721 0.0030 -0.9851
vn 0.3479 0.0063 -0.9375
vn -0.6784 -0.0123 -0.7346
vn -0.9773 -0.0175 0.2111
vn 0.6706 0.0122 0.7417
vn -0.3600 -0.0067 0.9329
vn -0.3600 -0.0067 -0.9329
vn -0.5262 -0.0096 -0.8503
vn 0.5159 0.0093 0.8566
vn -0.9998 -0.0179 -0.0000
vn -0.8096 -0.0146 -0.5867
vn -0.5262 -0.0096 0.8503
vn -0.9773 -0.0175 -0.2111
vn 0.3479 0.0063 0.9375
vn -0.8096 -0.0146 0.5867
vn -0.6784 -0.0123 0.7346
vn 0.1722 0.0030 0.9851
vn -0.0040 -0.0002 1.0000
vn -0.3469 -0.0123 -0.9378
vn 0.9994 0.0357 -0.0000
vn -0.5150 -0.0184 -0.8570
vn 0.9769 0.0349 0.2108
vn -0.6698 -0.0239 -0.7421
vn 0.9117 0.0326 0.4096
vn -0.8039 -0.0288 -0.5940
vn 0.8097 0.0290 0.5862
vn -0.1712 -0.0060 0.9852
vn 0.0010 -0.0006 1.0000
vn -0.9088 -0.0325 -0.4159
vn 0.6787 0.0244 0.7340
vn -0.3470 -0.0123 0.9378
vn -0.9761 -0.0349 -0.2144
vn 0.5268 0.0190 0.8498
vn -0.5151 -0.0184 0.8569
vn -0.9994 -0.0357 -0.0000
vn 0.3609 0.0131 0.9325
vn -0.6699 -0.0239 0.7421
vn -0.9761 -0.0349 0.2144
vn 0.1865 0.0069 0.9824
vn -0.8040 -0.0288 0.5940
vn -0.9089 -0.0325 0.4158
vn 0.0029 0.0008 1.0000
vn -0.8039 -0.0287 0.5940
vn 0.1864 0.0069 0.9824
vn -0.9761 -0.0349 0.2143
vn -0.6698 -0.0239 0.7421
vn 0.3608 0.0131 0.9325
vn -0.5150 -0.0184 0.8570
vn 0.5267 0.0190 0.8498
vn -0.9761 -0.0349 -0.2143
vn -0.3469 -0.0123 0.9378
vn -0.9089 -0.0325 -0.4158
vn -0.1711 -0.0060 0.9852
vn 0.8096 0.0290 0.5862
vn -0.8040 -0.0288 -0.5940
vn -0.6699 -0.0239 -0.7421
vn 0.9769 0.0349 0.2109
vn -0.5151 -0.0184 -0.8569
vn 0.8096 0.0290 -0.5862
vn 0.1864 0.0068 -0.9824
vn 0.6787 0.0244 -0.7340
vn 0.3609 0.0131 -0.9325
vn 0.5267 0.0190 -0.8498
vn 0.5268 0.0190 -0.8498
vn 0.3608 0.0131 -0.9325
vn 0.1865 0.0069 -0.9824
vn 0.8097 0.0290 -0.5861
vn -0.8092 0.0039 0.5875
vn -0.6771 0.0028 0.7359
vn 0.6775 0.0030 0.7355
vn 0.5241 0.0019 0.8516
vn -0.1796 0.0003 -0.9837
vn -0.5239 0.0017 0.8518
vn 0.3564 0.0009 0.9343
vn 0.1799 0.0002 -0.9837
vn 0.1799 0.0003 0.9837
vn 0.5242 0.0019 -0.8516
vn -0.9119 0.0048 0.4105
vn -0.9774 0.0055 0.2114
vn 0.8094 0.0042 -0.5872
vn 0.9121 0.0053 -0.4100
vn -0.9772 0.0056 -0.2122
vn 0.9774 0.0060 -0.2112
vn -0.9119 0.0049 -0.4103
vn -0.8093 0.0039 -0.5874
vn 0.9774 0.0061 0.2113
vn -0.3562 0.0009 -0.9344
vn -0.9033 0.1561 -0.3996
vn -0.9653 0.1608 -0.2056
vn -0.4622 0.8748 -0.1454
vn -0.9033 0.1561 0.3995
vn 0.9676 0.1633 -0.1927
vn 0.9861 0.1664 -0.0000
vn -0.8062 0.1484 -0.5728
vn -0.6816 0.1380 -0.7186
vn -0.2144 0.0710 0.9742
vn -0.0365 0.0211 -0.9991
vn -0.5372 0.1238 0.8343
vn 0.5110 -0.1850 0.8395
vn -0.4323 0.7800 0.4525
vn -0.1162 -0.9783 0.1718
vn 0.0243 0.9828 0.1830
vn 0.0250 0.9956 -0.0907
vn -0.1247 -0.9887 -0.0829
vn 0.2942 -0.6640 -0.6875
vn -0.0986 0.6075 0.7882
vn -0.1246 0.7821 0.6106
vn 0.1477 -0.7660 0.6257
vn 0.1124 -0.5879 0.8011
vn 0.1681 -0.8684 -0.4666
vn -0.1248 0.7825 -0.6100
vn -0.0524 0.3022 0.9518
vn 0.4045 -0.8797 -0.2500
vn 0.3826 -0.8399 -0.3849
vn -0.3333 0.8689 0.3660
vn 0.4160 -0.9004 -0.1271
vn -0.3463 0.9077 -0.2369
vn -0.3333 0.8691 -0.3655
vn -0.3100 0.8029 -0.5092
vn 0.4046 -0.8797 0.2499
vn -0.2709 0.6952 -0.6658
vn 0.3827 -0.8401 0.3844
vn -0.2054 0.5206 -0.8287
vn -0.3102 0.8030 0.5088
vn 0.7746 -0.6250 0.0971
vn 0.7852 -0.6193 0.0001
vn 0.7746 -0.6249 -0.0970
vn -0.4422 0.8669 -0.2301
vn -0.4075 0.7643 -0.4997
vn -0.2801 0.4886 -0.8263
vn -0.2801 0.4886 0.8264
vn -0.4305 0.8285 0.3580
vn -0.0114 0.0053 0.9999
vn -0.4422 0.8667 0.2308
vn -0.1314 0.8664 -0.4817
vn 0.0650 -0.2575 -0.9641
vn -0.1337 0.9667 0.2184
vn -0.2354 -0.5763 -0.7826
vn -0.1330 0.9854 0.1064
vn 0.7108 0.1714 0.6821
vn -0.9406 0.3396 -0.0001
vn 0.9268 0.0775 0.3675
vn -0.4000 -0.0502 0.9151
vn -0.1943 -0.0577 -0.9793
vn -0.9980 0.0625 -0.0002
vn 0.4192 -0.0179 -0.9077
vn 0.9771 0.0093 -0.2128
vn -0.9101 -0.0042 -0.4143
vn 0.6762 0.0284 -0.7362
vn 0.6762 0.0284 0.7362
vn -0.3545 -0.0034 0.9350
vn 0.9771 0.0093 0.2128
vn -0.5151 -0.0184 -0.8570
vn -0.9088 -0.0325 0.4159
vn -0.5151 -0.0184 0.8570
vn 0.0080 0.0004 -1.0000
vn 0.9100 -0.0987 0.4028
vn 0.8114 -0.0909 0.5774
vn 0.7388 -0.3596 0.5699
vn 0.8277 -0.3995 0.3942
vn -0.5062 0.0532 -0.8608
vn -0.6639 0.0659 -0.7449
vn -0.9729 0.0851 -0.2151
vn -0.9963 0.0862 0.0005
vn -0.1549 0.0161 -0.9878
vn -0.3344 0.0366 -0.9417
vn 0.9726 -0.1035 -0.2082
vn 0.9100 -0.0987 -0.4027
vn 0.0257 -0.0066 0.9996
vn 0.2037 -0.0293 0.9786
vn 0.2036 -0.0293 -0.9786
vn 0.0255 -0.0066 -0.9997
vn -0.3344 0.0366 0.9417
vn -0.1551 0.0161 0.9878
vn 0.6848 -0.0802 0.7243
vn -0.7998 0.0752 -0.5956
vn -0.9056 0.0814 -0.4163
vn 0.5373 -0.0665 -0.8408
vn 0.3754 -0.0496 -0.9255
vn -0.6639 0.0659 0.7449
vn -0.5063 0.0532 0.8607
vn 0.9945 -0.1051 -0.0003
vn 0.8115 -0.0909 -0.5773
vn 0.6847 -0.0802 -0.7244
vn -0.7999 0.0752 0.5954
vn 0.5373 -0.0665 0.8408
vn 0.9727 -0.1034 0.2077
vn 0.3753 -0.0495 0.9256
vn 0.0256 -0.0066 0.9997
vn -0.8993 0.3914 -0.1950
vn -0.8452 0.3735 -0.3824
vn -0.4511 0.8515 -0.2674
vn -0.4643 0.8757 -0.1321
vn -0.1605 0.0848 -0.9834
vn -0.3395 0.1812 -0.9230
vn -0.7582 0.3439 -0.5539
vn 0.6204 -0.3080 0.7212
vn -0.6423 0.3029 0.7041
vn -0.5016 0.2499 0.8282
vn 0.7389 -0.3596 -0.5698
vn 0.6203 -0.3079 -0.7214
vn 0.4786 -0.2487 0.8421
vn -0.5016 0.2498 -0.8283
vn 0.3217 -0.1855 0.9285
vn -0.3393 0.1812 0.9231
vn 0.4786 -0.2487 -0.8421
vn 0.1607 -0.1188 0.9798
vn -0.6426 0.3029 -0.7038
vn -0.9177 0.3973 0.0006
vn 0.0057 -0.0346 0.9994
vn -0.1605 0.0848 0.9834
vn 0.3216 -0.1855 -0.9285
vn -0.8993 0.3916 0.1946
vn 0.0055 -0.0346 0.9994
vn 0.1605 -0.1188 -0.9799
vn 0.8277 -0.3995 -0.3942
vn -0.8452 0.3736 0.3822
vn 0.8827 -0.4247 -0.2011
vn 0.0056 -0.0346 -0.9994
vn 0.9012 -0.4334 -0.0004
vn -0.7583 0.3440 0.5538
vn 0.8826 -0.4247 0.2016
vn 0.2316 -0.4251 -0.8750
vn 0.3280 -0.5950 -0.7337
vn 0.1417 -0.7651 -0.6282
vn 0.1078 -0.5841 -0.8045
vn 0.2315 -0.4251 0.8750
vn 0.3279 -0.5950 0.7337
vn -0.3263 0.6222 0.7116
vn -0.2393 0.4572 0.8565
vn 0.3938 -0.7139 -0.5790
vn 0.1045 -0.2119 0.9717
vn -0.3265 0.6223 -0.7114
vn -0.3865 0.7337 -0.5588
vn -0.4684 0.8835 -0.0000
vn -0.0145 -0.0221 0.9997
vn -0.1201 0.2200 0.9681
vn -0.4267 0.8069 -0.4084
vn -0.4640 0.8759 0.1320
vn 0.1046 -0.2119 -0.9717
vn 0.4636 -0.8417 -0.2769
vn 0.4376 -0.7933 -0.4232
vn -0.4505 0.8513 0.2691
vn 0.4776 -0.8679 -0.1367
vn -0.0145 -0.0221 -0.9997
vn 0.4819 -0.8762 -0.0000
vn -0.4257 0.8061 0.4112
vn 0.4774 -0.8680 0.1367
vn -0.1201 0.2200 -0.9681
vn 0.4633 -0.8419 0.2768
vn -0.3864 0.7344 0.5579
vn 0.4372 -0.7937 0.4230
vn -0.2393 0.4572 -0.8565
vn 0.3939 -0.7140 0.5787
vn -0.1122 0.9724 0.2048
vn -0.1057 0.9894 0.0994
vn 0.0555 0.9947 0.0871
vn 0.0502 0.9825 0.1795
vn -0.1202 0.8812 -0.4572
vn -0.1199 0.9390 -0.3223
vn -0.1029 0.9947 -0.0012
vn -0.0487 0.3022 0.9520
vn -0.0194 -0.0115 0.9997
vn 0.0481 -0.2874 -0.9566
vn 0.1780 -0.9607 -0.2129
vn 0.1717 -0.9273 -0.3326
vn 0.1813 -0.9779 -0.1038
vn -0.0194 -0.0115 -0.9997
vn 0.1823 -0.9832 0.0001
vn -0.1187 0.9390 0.3228
vn 0.1813 -0.9779 0.1040
vn -0.0487 0.3022 -0.9520
vn 0.1779 -0.9607 0.2130
vn -0.1198 0.8811 0.4576
vn 0.1716 -0.9273 0.3326
vn -0.0897 0.6064 -0.7901
vn -0.1160 0.9723 -0.2030
vn 0.1605 -0.8683 0.4693
vn -0.1118 0.7812 0.6142
vn 0.1608 -0.8683 -0.4693
vn 0.1413 -0.7651 0.6282
vn -0.1119 0.7815 -0.6138
vn -0.1080 0.9892 -0.0992
vn 0.1074 -0.5843 0.8044
vn -0.0896 0.6064 0.7901
vn 0.0479 -0.2879 0.9565
vn -0.0194 -0.0114 0.9997
vn 0.0125 0.3258 -0.9454
vn 0.0094 -0.0014 -1.0000
vn 0.0247 -0.0225 -0.9994
vn 0.0942 0.2770 -0.9562
vn -0.0584 -0.9938 -0.0947
vn -0.0572 -0.9793 -0.1943
vn -0.0178 -0.3236 -0.9460
vn -0.0589 -0.9983 -0.0001
vn 0.0441 0.9571 0.2863
vn -0.0581 -0.9935 0.0981
vn -0.0571 -0.9793 0.1943
vn 0.0390 0.9097 0.4134
vn -0.0550 -0.9510 0.3044
vn 0.0255 0.6488 -0.7606
vn 0.0443 0.9573 -0.2858
vn 0.0502 0.9825 -0.1794
vn -0.0514 -0.9004 0.4321
vn 0.0336 0.8204 0.5708
vn -0.0550 -0.9510 -0.3043
vn -0.0514 -0.9004 -0.4321
vn -0.0456 -0.8090 0.5860
vn 0.0336 0.8204 -0.5708
vn 0.0560 0.9946 -0.0874
vn -0.0361 -0.6389 0.7684
vn 0.0255 0.6488 0.7606
vn -0.0457 -0.8091 -0.5859
vn -0.0178 -0.3236 0.9460
vn 0.0390 0.9097 -0.4134
vn 0.0587 0.9983 -0.0006
vn 0.0094 -0.0013 1.0000
vn 0.0125 0.3258 0.9454
vn -0.0361 -0.6390 -0.7684
vn 0.0094 -0.0014 1.0000
vn 0.2213 0.7410 0.6340
vn 0.2431 0.8465 0.4736
vn 0.6209 0.3741 0.6889
vn 0.4908 0.3049 0.8161
vn -0.3671 -0.8959 0.2503
vn -0.3780 -0.9176 0.1230
vn 0.2518 0.9090 0.3320
vn -0.3484 -0.8564 0.3811
vn 0.1757 0.5649 -0.8062
vn 0.2505 0.9092 -0.3327
vn 0.2521 0.9438 -0.2136
vn -0.3174 -0.7893 0.5256
vn -0.3486 -0.8565 -0.3807
vn -0.3172 -0.7888 -0.5265
vn -0.2684 -0.6794 0.6830
vn 0.2214 0.7413 -0.6337
vn 0.2506 0.9628 -0.1013
vn -0.1929 -0.5045 0.8416
vn 0.1757 0.5649 0.8062
vn -0.2683 -0.6793 -0.6830
vn -0.0834 -0.2517 0.9642
vn 0.2429 0.8462 -0.4742
vn 0.2505 0.9681 0.0008
vn 0.0247 -0.0224 0.9994
vn 0.0942 0.2770 0.9562
vn -0.1929 -0.5045 -0.8416
vn 0.2515 0.9624 0.1029
vn 0.0247 -0.0225 0.9994
vn -0.0834 -0.2517 -0.9642
vn -0.3679 -0.8963 -0.2475
vn 0.2520 0.9439 0.2135
vn -0.3784 -0.9173 -0.1236
vn -0.3817 -0.9243 -0.0002
vn 0.6209 0.3741 -0.6889
vn 0.4909 0.3049 -0.8161
vn 0.5076 0.0889 -0.8570
vn 0.6624 0.1146 -0.7403
vn -0.7280 -0.3780 -0.5719
vn -0.6090 -0.3273 -0.7225
vn -0.4673 -0.2678 0.8425
vn -0.6089 -0.3273 0.7226
vn 0.3366 0.2205 -0.9155
vn 0.8012 0.4709 -0.3693
vn 0.8477 0.4963 -0.1875
vn -0.3112 -0.2030 0.9284
vn 0.3366 0.2205 0.9155
vn -0.4674 -0.2679 -0.8425
vn -0.1513 -0.1339 0.9794
vn 0.8632 0.5048 0.0003
vn -0.0018 -0.0441 0.9990
vn 0.1599 0.1045 0.9816
vn -0.3112 -0.2030 -0.9284
vn 0.7250 0.4298 -0.5382
vn 0.8477 0.4963 0.1874
vn -0.0017 -0.0441 0.9990
vn -0.1513 -0.1339 -0.9794
vn -0.8182 -0.4167 -0.3960
vn 0.8013 0.4710 0.3688
vn -0.8746 -0.4411 -0.2014
vn -0.0017 -0.0441 -0.9990
vn -0.8934 -0.4492 -0.0001
vn 0.7250 0.4298 0.5381
vn -0.8744 -0.4410 0.2026
vn 0.1598 0.1045 -0.9816
vn -0.8184 -0.4168 0.3955
vn -0.7281 -0.3780 0.5719
vn -0.0164 -0.0071 0.9998
vn 0.1616 0.0263 0.9865
vn 0.1565 -0.0011 0.9877
vn -0.0234 0.0005 0.9997
vn 0.9638 0.1617 -0.2121
vn 0.9863 0.1651 0.0001
vn -0.0166 -0.0071 0.9998
vn -0.1921 -0.0387 0.9806
vn 0.3383 0.0591 0.9392
vn -0.5245 -0.0913 -0.8465
vn -0.3625 -0.0668 -0.9296
vn 0.7954 0.1359 -0.5907
vn 0.9637 0.1617 0.2122
vn -0.1922 -0.0388 -0.9806
vn -0.9018 -0.1425 -0.4079
vn -0.8015 -0.1295 -0.5837
vn 0.8982 0.1517 0.4125
vn -0.9660 -0.1508 -0.2101
vn -0.0166 -0.0072 -0.9998
vn -0.9881 -0.1536 -0.0001
vn 0.7953 0.1358 0.5908
vn -0.9660 -0.1508 0.2100
vn 0.1616 0.0264 -0.9865
vn -0.9018 -0.1425 0.4079
vn 0.6624 0.1147 0.7403
vn -0.8016 -0.1295 0.5837
vn 0.3383 0.0591 -0.9392
vn 0.8983 0.1518 -0.4123
vn -0.6731 -0.1123 0.7310
vn 0.5076 0.0889 0.8570
vn -0.6731 -0.1123 -0.7310
vn -0.5245 -0.0913 0.8465
vn -0.3625 -0.0668 0.9296
vn -0.9782 0.0125 -0.2073
vn -0.9999 0.0127 -0.0002
vn -0.9739 0.2271 -0.0004
vn -0.9522 0.2230 -0.2089
vn -0.3755 0.0047 -0.9268
vn -0.2022 0.0025 -0.9793
vn -0.9153 0.0117 -0.4025
vn -0.8164 0.0105 -0.5774
vn 0.9762 -0.0023 0.2170
vn 0.9073 -0.0025 0.4204
vn -0.0237 0.0005 -0.9997
vn 0.8001 -0.0028 0.5999
vn -0.9783 0.0124 0.2070
vn 0.1563 -0.0012 -0.9877
vn -0.9152 0.0116 0.4028
vn 0.6632 -0.0030 0.7484
vn -0.8164 0.0104 0.5774
vn 0.3340 -0.0023 -0.9426
vn 0.7999 -0.0029 -0.6001
vn 0.9071 -0.0026 -0.4210
vn -0.6889 0.0087 0.7248
vn 0.5053 -0.0028 0.8629
vn -0.6891 0.0088 -0.7246
vn -0.5400 0.0068 0.8417
vn 0.5052 -0.0029 -0.8630
vn 0.9762 -0.0024 -0.2171
vn -0.3759 0.0046 0.9266
vn 0.3346 -0.0023 0.9423
vn -0.5396 0.0068 -0.8419
vn -0.2022 0.0024 0.9793
vn 0.6629 -0.0030 -0.7487
vn 1.0000 -0.0022 0.0002
vn -0.0236 0.0005 0.9997
vn -0.8895 0.2112 -0.4052
vn -0.7334 0.6575 -0.1729
vn -0.7006 0.6252 -0.3439
vn 0.8969 -0.1828 0.4027
vn 0.7973 -0.1691 0.5795
vn -0.0206 0.0166 -0.9997
vn 0.1593 -0.0388 -0.9865
vn 0.6670 -0.1493 0.7300
vn 0.3408 -0.0865 -0.9362
vn 0.7973 -0.1691 -0.5795
vn 0.8969 -0.1828 -0.4028
vn 0.5126 -0.1225 0.8498
vn -0.7909 0.1927 -0.5808
vn -0.6648 0.1689 -0.7276
vn -0.9523 0.2231 0.2082
vn 0.5125 -0.1225 -0.8499
vn 0.9595 -0.1910 -0.2072
vn -0.8895 0.2112 0.4052
vn 0.3408 -0.0865 0.9361
vn -0.5184 0.1406 -0.8435
vn -0.7913 0.1928 0.5803
vn 0.6669 -0.1493 -0.7300
vn 0.9811 -0.1937 0.0001
vn -0.6649 0.1689 0.7276
vn 0.1594 -0.0388 0.9865
vn -0.3594 0.1074 -0.9270
vn -0.5185 0.1406 0.8434
vn 0.9596 -0.1910 0.2068
vn -0.3594 0.1074 0.9270
vn -0.0205 0.0166 0.9997
vn -0.1930 0.0669 -0.9789
vn -0.1930 0.0669 0.9789
vn -0.0207 0.0166 0.9996
vn -0.7330 0.6582 0.1717
vn -0.7006 0.6259 0.3427
vn -0.3144 0.9201 0.2336
vn -0.3189 0.9410 0.1129
vn -0.1446 0.1523 -0.9777
vn 0.0037 0.0330 -0.9994
vn -0.7436 0.6686 -0.0005
vn 0.7911 -0.5074 0.3416
vn 0.7184 -0.4790 0.5045
vn 0.1650 -0.1307 -0.9776
vn 0.6186 -0.4332 0.6555
vn -0.6439 0.5706 0.5098
vn 0.3409 -0.2683 -0.9010
vn 0.7185 -0.4791 -0.5042
vn 0.7909 -0.5073 -0.3421
vn -0.5591 0.4900 0.6688
vn 0.4925 -0.3649 0.7901
vn -0.6445 0.5684 -0.5114
vn -0.5593 0.4894 -0.6691
vn -0.4444 0.3882 0.8074
vn 0.4925 -0.3649 -0.7901
vn 0.8349 -0.5219 -0.1745
vn -0.3022 0.2712 0.9139
vn 0.3409 -0.2683 0.9010
vn -0.4443 0.3881 -0.8074
vn -0.1446 0.1523 0.9777
vn 0.6186 -0.4332 -0.6555
vn 0.8499 -0.5269 0.0001
vn 0.0037 0.0331 0.9994
vn 0.1650 -0.1307 0.9776
vn -0.3022 0.2712 -0.9139
vn 0.8351 -0.5224 0.1723
vn 0.0037 0.0330 0.9994
vn -0.2873 0.8113 -0.5091
vn -0.3050 0.8799 -0.3643
vn -0.0344 0.9489 -0.3137
vn -0.0343 0.8949 -0.4450
vn 0.4103 -0.8265 0.3855
vn 0.3612 -0.7695 0.5267
vn -0.3051 0.8800 0.3640
vn 0.1021 -0.2577 -0.9608
vn 0.2108 -0.5147 -0.8310
vn 0.4104 -0.8264 -0.3855
vn 0.4461 -0.8585 -0.2528
vn -0.2873 0.8113 0.5092
vn 0.2963 -0.6734 0.6773
vn -0.2540 0.6967 0.6709
vn 0.2963 -0.6734 -0.6773
vn 0.4684 -0.8746 -0.1251
vn -0.1934 0.5119 0.8370
vn 0.2108 -0.5147 0.8310
vn -0.2540 0.6967 -0.6709
vn -0.0903 0.2476 0.9646
vn 0.3612 -0.7695 -0.5267
vn 0.4765 -0.8792 0.0016
vn 0.0214 0.0184 0.9996
vn 0.1021 -0.2577 0.9608
vn -0.1934 0.5120 -0.8370
vn 0.4683 -0.8747 0.1249
vn -0.0903 0.2476 -0.9646
vn -0.3149 0.9203 -0.2321
vn 0.4461 -0.8587 0.2522
vn -0.3196 0.9410 -0.1110
vn 0.0215 0.0184 -0.9996
vn -0.3203 0.9473 -0.0003
vn 0.1086 -0.9941 0.0006
vn 0.1055 -0.9898 -0.0953
vn -0.1376 -0.9856 -0.0980
vn -0.1372 -0.9905 0.0007
vn -0.0330 0.8003 0.5987
vn -0.0350 0.8950 0.4448
vn 0.0445 -0.6270 -0.7777
vn 0.0629 -0.8018 -0.5942
vn 0.0985 -0.9755 -0.1969
vn -0.0279 0.6258 0.7795
vn 0.0631 -0.8023 0.5936
vn 0.0447 -0.6269 0.7779
vn -0.0330 0.8000 -0.5991
vn -0.0147 0.3142 0.9492
vn 0.0778 -0.8960 -0.4373
vn -0.0022 0.0011 1.0000
vn 0.0203 -0.3120 0.9499
vn -0.0278 0.6258 -0.7795
vn 0.0906 -0.9480 -0.3051
vn 0.1073 -0.9895 0.0964
vn -0.0022 0.0012 1.0000
vn -0.0147 0.3142 -0.9492
vn -0.0341 0.9792 -0.2002
vn 0.1010 -0.9754 0.1960
vn -0.0338 0.9947 -0.0976
vn -0.0022 0.0011 -1.0000
vn -0.0337 0.9994 -0.0001
vn 0.0902 -0.9481 0.3050
vn -0.0339 0.9947 0.0974
vn 0.0203 -0.3121 -0.9498
vn -0.0344 0.9792 0.2000
vn 0.0784 -0.8960 0.4371
vn -0.0349 0.9489 0.3135
vn 0.0570 0.2787 -0.9587
vn 0.1295 0.5647 -0.8151
vn 0.2359 0.4427 -0.8651
vn 0.1091 0.2190 -0.9696
vn -0.0224 0.0132 0.9997
vn 0.0572 0.2788 0.9586
vn -0.1059 -0.5981 0.7944
vn -0.0581 -0.2961 0.9534
vn 0.1738 0.7460 -0.6429
vn -0.1420 -0.8763 -0.4604
vn -0.1436 -0.9348 -0.3249
vn -0.1392 -0.9853 0.0995
vn -0.0224 0.0133 0.9997
vn 0.2251 0.9489 -0.2214
vn 0.2158 0.9136 -0.3447
vn -0.1426 -0.9685 0.2042
vn 0.2301 0.9671 -0.1083
vn -0.0225 0.0133 -0.9997
vn 0.2317 0.9728 -0.0001
vn -0.1439 -0.9351 0.3239
vn 0.2301 0.9671 0.1080
vn -0.0581 -0.2962 -0.9534
vn 0.2252 0.9489 0.2211
vn -0.1423 -0.8767 0.4594
vn 0.2159 0.9137 0.3444
vn -0.1059 -0.5981 -0.7944
vn -0.1412 -0.9682 -0.2067
vn 0.2002 0.8521 0.4837
vn -0.1318 -0.7749 0.6182
vn 0.2001 0.8520 -0.4839
vn 0.1740 0.7461 0.6427
vn -0.1317 -0.7751 -0.6180
vn 0.1297 0.5649 0.8149
vn -0.3971 -0.8328 0.3857
vn -0.4138 -0.8754 0.2498
vn -0.6644 -0.6741 0.3226
vn -0.6160 -0.6217 0.4838
vn 0.4655 0.8421 -0.2726
vn 0.4385 0.7975 -0.4144
vn -0.4220 -0.8982 0.1227
vn 0.4802 0.8668 -0.1347
vn -0.0092 0.0144 -0.9999
vn 0.4848 0.8746 -0.0001
vn 0.4800 0.8669 0.1344
vn -0.1185 -0.2284 -0.9663
vn 0.4651 0.8424 0.2721
vn -0.3674 -0.7621 0.5331
vn 0.4380 0.7971 0.4157
vn -0.2361 -0.4767 -0.8468
vn -0.3966 -0.8323 -0.3873
vn -0.4134 -0.8758 -0.2491
vn 0.3957 0.7239 0.5651
vn -0.3164 -0.6484 0.6925
vn 0.3956 0.7238 -0.5653
vn 0.3304 0.6102 0.7200
vn -0.3165 -0.6489 -0.6919
vn -0.4217 -0.8985 -0.1221
vn 0.2355 0.4423 0.8654
vn -0.2362 -0.4768 0.8467
vn 0.3303 0.6096 -0.7206
vn 0.1090 0.2190 0.9696
vn -0.3667 -0.7611 -0.5350
vn -0.4244 -0.9055 0.0003
vn -0.0092 0.0144 0.9999
vn -0.1184 -0.2284 0.9663
vn -0.3134 -0.3068 -0.8987
vn -0.1547 -0.1425 -0.9776
vn -0.1645 -0.0599 -0.9846
vn -0.3421 -0.1336 -0.9301
vn 0.7534 0.6328 0.1789
vn 0.7664 0.6423 -0.0003
vn -0.0048 0.0238 -0.9997
vn 0.7144 0.6033 0.3545
vn -0.5444 -0.5447 0.6379
vn 0.6500 0.5535 0.5208
vn -0.6169 -0.6208 -0.4838
vn -0.6647 -0.6735 -0.3234
vn 0.5587 0.4820 0.6749
vn -0.4435 -0.4405 0.7806
vn 0.6506 0.5535 -0.5200
vn 0.5590 0.4821 -0.6746
vn 0.4405 0.3885 0.8094
vn -0.4447 -0.4404 -0.7799
vn -0.6915 -0.7041 -0.1615
vn 0.2978 0.2750 0.9141
vn -0.3139 -0.3073 0.8983
vn 0.4405 0.3885 -0.8093
vn 0.1412 0.1509 0.9784
vn -0.5449 -0.5443 -0.6378
vn -0.7000 -0.7141 0.0004
vn -0.0047 0.0238 0.9997
vn -0.1540 -0.1428 0.9777
vn 0.2980 0.2750 -0.9141
vn -0.6911 -0.7043 0.1622
vn -0.0048 0.0238 0.9997
vn 0.1415 0.1507 -0.9784
vn 0.7153 0.6033 -0.3527
vn 0.7536 0.6323 -0.1796
vn -0.3421 -0.1336 0.9301
vn -0.5076 -0.1959 0.8391
vn -0.5082 -0.0649 0.8588
vn -0.3387 -0.0433 0.9399
vn -0.7730 -0.2895 -0.5645
vn -0.8632 -0.3205 -0.3901
vn 0.6460 0.2346 0.7264
vn 0.7695 0.2740 0.5768
vn -0.6529 -0.2477 0.7158
vn 0.7694 0.2740 -0.5770
vn 0.6459 0.2346 -0.7264
vn 0.5011 0.1887 0.8446
vn -0.5075 -0.1959 -0.8391
vn -0.9193 -0.3398 -0.1987
vn 0.3424 0.1381 0.9293
vn 0.5010 0.1887 -0.8446
vn 0.1777 0.0824 0.9806
vn -0.6529 -0.2477 -0.7158
vn -0.9382 -0.3461 0.0001
vn 0.0104 0.0169 0.9998
vn -0.1646 -0.0600 0.9845
vn 0.3424 0.1381 -0.9293
vn -0.9195 -0.3395 0.1979
vn 0.0102 0.0169 0.9998
vn 0.1777 0.0824 -0.9806
vn 0.8641 0.3047 -0.4006
vn -0.8633 -0.3204 0.3900
vn 0.9235 0.3239 -0.2056
vn 0.0103 0.0169 -0.9998
vn 0.9438 0.3306 -0.0000
vn -0.7731 -0.2894 0.5644
vn 0.9235 0.3239 0.2053
vn 0.8640 0.3046 0.4010
vn 0.8060 0.1022 -0.5830
vn 0.6777 0.0884 -0.7300
vn 0.5285 0.0712 -0.8460
vn 0.1940 0.0292 0.9806
vn 0.3657 0.0515 0.9293
vn -0.5083 -0.0648 -0.8587
vn -0.6641 -0.0834 -0.7430
vn -0.9698 -0.1172 -0.2141
vn -0.9928 -0.1196 -0.0001
vn 0.0170 0.0051 0.9998
vn -0.1619 -0.0196 0.9866
vn 0.3658 0.0514 -0.9293
vn -0.7983 -0.0986 -0.5941
vn -0.9698 -0.1172 0.2139
vn 0.0168 0.0051 0.9998
vn 0.1939 0.0291 -0.9806
vn -0.9029 -0.1101 0.4154
vn 0.0168 0.0050 -0.9998
vn 0.9926 0.1218 0.0001
vn -0.7983 -0.0987 0.5941
vn 0.9704 0.1195 0.2097
vn -0.1619 -0.0195 -0.9866
vn 0.9063 0.1129 0.4073
vn -0.6639 -0.0835 0.7431
vn 0.8061 0.1024 0.5829
vn -0.3389 -0.0433 -0.9398
vn -0.9030 -0.1101 -0.4154
vn 0.6776 0.0884 0.7301
vn 0.5286 0.0714 0.8459
vn 0.6949 -0.1154 0.7097
vn 0.8183 -0.0818 0.5690
vn 0.8110 0.0731 0.5805
vn 0.6728 0.0491 0.7382
vn -0.6948 -0.0219 -0.7189
vn -0.4092 -0.1474 -0.9005
vn 0.9902 -0.0035 -0.1394
vn 1.0000 0.0019 -0.0000
vn -0.9749 0.1627 -0.1519
vn -0.9410 0.1526 -0.3021
vn -0.1368 -0.1767 -0.9747
vn 0.1115 -0.1785 -0.9776
vn 0.3368 -0.1664 -0.9268
vn 0.5333 -0.1445 -0.8335
vn -0.4092 -0.1474 0.9005
vn -0.6948 -0.0219 0.7189
vn 0.9902 -0.0035 0.1394
vn 0.1114 -0.1786 0.9776
vn -0.1369 -0.1767 0.9747
vn 0.6949 -0.1154 -0.7097
vn 0.8183 -0.0818 -0.5690
vn -0.8098 0.0969 0.5787
vn -0.8846 0.1342 0.4466
vn -0.8846 0.1342 -0.4466
vn 0.5333 -0.1445 0.8335
vn -0.9410 0.1526 0.3021
vn -0.8098 0.0970 -0.5787
vn 0.9596 -0.0203 0.2805
vn 0.9045 -0.0479 -0.4238
vn 0.9596 -0.0203 -0.2805
vn 0.3368 -0.1664 0.9268
vn 0.9045 -0.0479 0.4238
vn 0.1116 -0.1785 0.9776
vn -0.0961 -0.0288 0.9950
vn 0.1880 0.0075 0.9821
vn -0.3566 0.2902 0.8880
vn -0.3637 0.0731 0.9286
vn -0.3060 -0.4198 0.8544
vn -0.4591 -0.4607 0.7596
vn 0.6730 0.0491 -0.7380
vn 0.8110 0.0731 -0.5805
vn 0.4639 0.0288 0.8854
vn -0.7772 -0.1682 -0.6064
vn -0.4590 -0.4608 -0.7596
vn -0.9996 -0.0269 -0.0001
vn -0.9900 -0.0278 -0.1385
vn -0.3084 -0.1137 0.9444
vn 0.4638 0.0288 -0.8855
vn -0.9057 -0.0491 -0.4211
vn -0.9900 -0.0278 0.1385
vn -0.0961 -0.0287 0.9950
vn 0.1880 0.0075 -0.9821
vn -0.9607 -0.0322 -0.2756
vn -0.9608 -0.0321 0.2755
vn 0.8965 0.1037 -0.4308
vn 0.9472 0.1397 -0.2886
vn -0.0960 -0.0287 -0.9950
vn 0.9742 0.1718 -0.1464
vn -0.9057 -0.0491 0.4211
vn 0.9827 0.1852 -0.0000
vn -0.3084 -0.1137 -0.9444
vn 0.9742 0.1718 0.1463
vn -0.7770 -0.1682 0.6065
vn 0.9472 0.1397 0.2886
vn -0.3061 -0.4198 -0.8544
vn 0.8965 0.1037 0.4308
vn -0.3191 0.9286 -0.1895
vn -0.3302 0.8963 -0.2959
vn -0.2569 0.9125 -0.3182
vn -0.2578 0.9446 -0.2033
vn 0.0245 -0.9468 -0.3210
vn -0.0375 -0.8865 -0.4611
vn 0.0940 -0.9910 0.0948
vn 0.1028 -0.9947 0.0002
vn -0.3636 0.0730 0.9287
vn -0.3337 -0.2068 0.9197
vn -0.3566 0.2902 -0.8880
vn -0.3762 0.5797 -0.7228
vn 0.0683 -0.9771 -0.2015
vn 0.0682 -0.9775 0.1997
vn -0.3637 0.0730 -0.9286
vn -0.3121 0.9453 -0.0948
vn 0.0245 -0.9469 0.3207
vn -0.3102 0.9507 -0.0005
vn -0.3336 -0.2068 -0.9197
vn -0.3128 0.9452 0.0937
vn -0.0376 -0.8865 0.4611
vn -0.3201 0.9277 0.1923
vn -0.2324 -0.5509 -0.8015
vn -0.3305 0.8964 0.2953
vn -0.1218 -0.7707 0.6254
vn -0.3458 0.8411 -0.4160
vn -0.3459 0.8412 0.4155
vn -0.1217 -0.7708 -0.6254
vn 0.0947 -0.9910 -0.0948
vn -0.3637 0.7467 0.5570
vn -0.2324 -0.5509 0.8015
vn -0.3637 0.7466 -0.5570
vn -0.3763 0.5796 0.7228
vn -0.2577 0.9611 0.0998
vn -0.2576 0.9662 -0.0003
vn -0.0496 0.9988 0.0001
vn -0.0491 0.9940 0.0979
vn -0.1448 -0.0344 -0.9889
vn -0.1435 0.2964 -0.9442
vn -0.2575 0.9610 -0.1007
vn 0.1645 -0.9343 0.3164
vn 0.1806 -0.9625 0.2024
vn -0.0721 -0.3657 -0.9279
vn 0.1389 -0.8844 0.4456
vn -0.2578 0.9444 0.2039
vn 0.0339 -0.6373 -0.7699
vn -0.2570 0.9126 0.3181
vn 0.0988 -0.7957 0.5976
vn -0.2532 0.8566 -0.4495
vn -0.2532 0.8566 0.4496
vn 0.0987 -0.7954 -0.5980
vn 0.1889 -0.9767 -0.1023
vn 0.1804 -0.9625 -0.2029
vn -0.2418 0.7596 0.6038
vn 0.0343 -0.6376 0.7696
vn -0.2418 0.7596 -0.6038
vn -0.2112 0.5901 0.7792
vn 0.1389 -0.8844 -0.4456
vn 0.1926 -0.9813 0.0002
vn -0.1435 0.2964 0.9442
vn -0.0721 -0.3657 0.9279
vn -0.2112 0.5901 -0.7792
vn -0.1449 -0.0343 0.9889
vn 0.1641 -0.9342 -0.3169
vn 0.1898 -0.9767 0.1002
vn -0.0416 0.9507 -0.3074
vn -0.0350 0.8986 -0.4374
vn 0.0628 0.8966 -0.4384
vn 0.0645 0.9491 -0.3082
vn 0.0507 -0.8937 0.4458
vn 0.0500 -0.9488 0.3120
vn -0.0468 0.9785 0.2010
vn 0.0477 -0.6207 -0.7826
vn 0.0387 -0.3028 -0.9523
vn -0.0418 0.9506 0.3076
vn 0.0504 -0.7982 0.6002
vn -0.0351 0.8985 0.4376
vn 0.0503 -0.7980 -0.6006
vn 0.0488 -0.9940 -0.0981
vn 0.0494 -0.9789 -0.1982
vn -0.0255 0.8051 0.5926
vn 0.0476 -0.6195 0.7835
vn -0.0255 0.8052 -0.5924
vn -0.0116 0.6325 0.7745
vn 0.0504 -0.8943 -0.4446
vn 0.0488 -0.9988 -0.0001
vn 0.0072 0.3204 0.9473
vn 0.0387 -0.3028 0.9523
vn -0.0116 0.6326 -0.7744
vn 0.0234 0.0032 0.9997
vn 0.0497 -0.9477 -0.3153
vn 0.0490 -0.9940 0.0980
vn 0.0234 0.0033 0.9997
vn 0.0072 0.3204 -0.9473
vn 0.0496 -0.9783 0.2011
vn -0.0460 0.9794 -0.1965
vn 0.0234 0.0033 -0.9997
vn -0.0484 0.9940 -0.0978
vn -0.1107 -0.9889 -0.0994
vn -0.1115 -0.9938 -0.0001
vn -0.0784 -0.9969 -0.0002
vn -0.0756 -0.9926 -0.0946
vn 0.0656 0.9489 0.3088
vn 0.0640 0.8962 0.4390
vn -0.0844 -0.7935 -0.6027
vn -0.0649 -0.6183 -0.7832
vn -0.1081 -0.9731 -0.2036
vn 0.0586 0.8012 0.5955
vn -0.0648 -0.6181 0.7834
vn -0.0843 -0.7935 0.6027
vn 0.0579 0.8018 -0.5948
vn 0.0468 0.6272 0.7775
vn -0.0961 -0.8898 -0.4462
vn 0.0259 0.3132 0.9493
vn -0.0295 -0.3083 0.9508
vn 0.0466 0.6268 -0.7778
vn 0.0146 -0.0045 0.9999
vn -0.1034 -0.9434 -0.3151
vn -0.1105 -0.9889 0.0991
vn 0.0147 -0.0044 0.9999
vn 0.0259 0.3131 -0.9494
vn -0.1078 -0.9732 0.2033
vn 0.0648 0.9784 -0.1963
vn 0.0147 -0.0045 -0.9999
vn 0.0648 0.9933 -0.0954
vn -0.1032 -0.9429 0.3167
vn 0.0649 0.9979 0.0002
vn -0.0295 -0.3083 -0.9508
vn 0.0652 0.9933 0.0958
vn -0.0961 -0.8899 0.4458
vn 0.0657 0.9783 0.1967
vn -0.0075 0.6205 -0.7842
vn -0.0032 0.3113 -0.9503
vn -0.1841 0.0644 -0.9808
vn -0.3572 0.0869 -0.9300
vn -0.0075 0.6211 0.7837
vn -0.0036 0.3112 0.9503
vn -0.0034 -0.3076 0.9515
vn -0.0090 -0.6224 0.7827
vn -0.0108 0.7967 -0.6042
vn 0.0061 0.0026 1.0000
vn -0.0465 -0.9509 -0.3061
vn -0.0318 -0.8977 -0.4394
vn -0.0718 -0.9930 0.0934
vn 0.0062 0.0027 1.0000
vn -0.0623 -0.9792 -0.1932
vn -0.0577 -0.9790 0.1954
vn -0.0161 0.9483 -0.3171
vn -0.0179 0.9795 -0.2009
vn 0.0062 0.0027 -1.0000
vn -0.0188 0.9950 -0.0979
vn -0.0455 -0.9508 0.3064
vn -0.0192 0.9998 0.0001
vn -0.0035 -0.3075 -0.9515
vn -0.0188 0.9950 0.0980
vn -0.0309 -0.8975 0.4399
vn -0.0179 0.9794 0.2011
vn -0.0102 -0.6227 -0.7824
vn -0.0162 0.9490 0.3150
vn -0.0179 -0.7997 0.6002
vn -0.0138 0.8941 -0.4477
vn -0.0139 0.8933 0.4492
vn -0.0206 -0.8002 -0.5994
vn -0.0108 0.7959 0.6053
vn 0.8775 -0.2511 0.4085
vn 0.7672 -0.2684 0.5825
vn 0.8252 -0.0322 0.5640
vn 0.9210 -0.0224 0.3889
vn 0.8775 -0.2511 -0.4085
vn 0.7673 -0.2684 -0.5825
vn 0.9479 -0.2386 0.2109
vn -0.8044 0.1536 -0.5739
vn -0.9007 0.1745 -0.3979
vn -0.0275 0.0161 -0.9995
vn -0.9606 0.1890 -0.2039
vn -0.9809 0.1943 -0.0000
vn 0.1097 -0.1751 -0.9784
vn -0.9606 0.1891 0.2038
vn 0.6254 -0.2840 0.7267
vn -0.9007 0.1745 0.3980
vn 0.2869 -0.2676 -0.9198
vn -0.8044 0.1536 0.5739
vn 0.4621 -0.2887 0.8385
vn -0.6770 0.1304 -0.7243
vn -0.6770 0.1304 0.7243
vn 0.4621 -0.2887 -0.8385
vn 0.9479 -0.2386 -0.2110
vn -0.5252 0.1078 0.8441
vn 0.2869 -0.2675 0.9198
vn -0.5252 0.1078 -0.8441
vn -0.3572 0.0869 0.9300
vn 0.6255 -0.2840 -0.7267
vn 0.9722 -0.2341 -0.0000
vn -0.1841 0.0644 0.9808
vn 0.1097 -0.1751 0.9784
vn -0.0276 0.0161 0.9995
vn -0.0275 0.0161 0.9995
vn 0.1789 -0.0608 -0.9820
vn 0.3659 -0.0584 -0.9288
vn 0.3558 0.0379 -0.9338
vn 0.1787 0.0384 -0.9831
vn -0.9801 0.0041 -0.1987
vn -1.0000 0.0061 -0.0004
vn -0.0119 -0.0590 -0.9982
vn -0.9801 0.0041 0.1987
vn 0.6964 -0.0429 0.7164
vn -0.9216 -0.0015 0.3882
vn -0.8278 -0.0104 0.5609
vn 0.5408 -0.0522 0.8396
vn -0.7034 -0.0216 -0.7104
vn -0.8278 -0.0104 -0.5609
vn -0.7034 -0.0216 0.7104
vn 0.5408 -0.0522 -0.8395
vn 0.9800 -0.0157 -0.1985
vn 0.9210 -0.0224 -0.3889
vn -0.5537 -0.0336 0.8320
vn 0.3659 -0.0584 0.9288
vn -0.5537 -0.0336 -0.8320
vn -0.3845 -0.0447 0.9220
vn 0.6964 -0.0429 -0.7164
vn 0.9999 -0.0133 0.0001
vn -0.2019 -0.0535 0.9779
vn 0.1795 -0.0608 0.9819
vn -0.3845 -0.0447 -0.9220
vn -0.0121 -0.0590 0.9982
vn 0.8252 -0.0322 -0.5640
vn 0.9800 -0.0157 0.1984
vn -0.0118 -0.0590 0.9982
vn -0.2019 -0.0535 -0.9779
vn -0.9216 -0.0015 -0.3882
vn 0.5246 0.0369 0.8506
vn 0.3559 0.0380 0.9337
vn 0.3249 0.1262 0.9373
vn 0.4991 0.1574 0.8521
vn -0.9130 0.0278 0.4070
vn -0.8117 0.0295 0.5833
vn 0.6785 0.0354 0.7337
vn -0.6809 0.0316 -0.7317
vn -0.8118 0.0295 -0.5832
vn -0.6809 0.0316 0.7317
vn 0.5247 0.0369 -0.8505
vn 0.9772 0.0311 -0.2100
vn 0.9123 0.0322 -0.4082
vn -0.5282 0.0338 0.8484
vn -0.5282 0.0338 -0.8484
vn -0.3607 0.0357 0.9320
vn 0.6784 0.0354 -0.7338
vn 0.9995 0.0307 -0.0004
vn -0.1839 0.0372 0.9822
vn 0.1785 0.0384 0.9832
vn -0.3606 0.0357 -0.9320
vn -0.0028 0.0382 0.9993
vn 0.8103 0.0337 -0.5850
vn 0.9772 0.0311 0.2099
vn -0.0025 0.0382 0.9993
vn -0.1838 0.0372 -0.9823
vn 0.9123 0.0322 0.4082
vn -0.9130 0.0278 -0.4070
vn -0.0027 0.0382 -0.9993
vn -0.9775 0.0266 -0.2094
vn 0.8104 0.0337 0.5849
vn -0.9997 0.0262 0.0005
vn -0.9775 0.0266 0.2093
vn -0.1721 0.0042 0.9851
vn -0.3479 0.0086 0.9375
vn -0.3385 0.0439 0.9399
vn -0.1620 0.0198 0.9866
vn 0.9997 -0.0256 -0.0000
vn 0.9772 -0.0251 -0.2111
vn 0.8096 -0.0209 -0.5865
vn 0.6785 -0.0176 -0.7344
vn -0.9093 0.0224 0.4155
vn -0.8046 0.0199 0.5935
vn -0.6706 0.0167 -0.7416
vn -0.8046 0.0199 -0.5935
vn 0.5263 -0.0136 0.8502
vn 0.6785 -0.0175 0.7344
vn -0.9997 0.0246 -0.0000
vn -0.9766 0.0241 0.2137
vn -0.3479 0.0087 -0.9375
vn -0.5160 0.0129 -0.8565
vn 0.9772 -0.0251 0.2110
vn -0.9094 0.0225 -0.4154
vn -0.9765 0.0241 -0.2141
vn 0.0070 -0.0004 -1.0000
vn -0.1721 0.0042 -0.9851
vn 0.3602 -0.0094 0.9328
vn 0.3602 -0.0094 -0.9328
vn 0.1857 -0.0049 -0.9826
vn 0.9118 -0.0234 0.4099
vn 0.0068 -0.0004 1.0000
vn 0.5264 -0.0137 -0.8502
vn 0.9118 -0.0235 -0.4099
vn 0.1856 -0.0049 0.9826
vn 0.8097 -0.0208 0.5865
vn 0.0071 -0.0004 1.0000
vn -0.9097 -0.1062 -0.4015
vn -0.8116 -0.0986 -0.5758
vn -0.6001 -0.6359 -0.4853
vn -0.6457 -0.6926 -0.3216
vn -0.5387 -0.0755 -0.8391
vn -0.6853 -0.0885 -0.7229
vn -0.5388 -0.0755 0.8391
vn -0.3791 -0.0581 0.9235
vn 0.6565 0.1753 -0.7337
vn 0.4991 0.1574 -0.8521
vn 0.9811 0.1933 -0.0010
vn 0.9587 0.1927 -0.2092
vn -0.2122 -0.0315 0.9767
vn 0.1412 0.0752 0.9871
vn -0.3791 -0.0581 -0.9235
vn -0.0399 0.0134 0.9991
vn 0.7904 0.1851 -0.5839
vn 0.9587 0.1927 0.2093
vn -0.0398 0.0135 0.9991
vn -0.2122 -0.0315 -0.9767
vn 0.8934 0.1903 -0.4069
vn 0.8934 0.1903 0.4069
vn -0.0399 0.0135 -0.9991
vn -0.9721 -0.1110 -0.2066
vn 0.7904 0.1851 0.5840
vn -0.9936 -0.1127 0.0007
vn 0.1412 0.0752 -0.9871
vn -0.9721 -0.1111 0.2066
vn 0.6565 0.1753 0.7337
vn -0.9097 -0.1061 0.4015
vn 0.3249 0.1262 -0.9373
vn -0.8115 -0.0986 0.5759
vn -0.6853 -0.0885 0.7229
vn -0.6712 -0.7239 0.1596
vn -0.6786 -0.7345 0.0004
vn -0.2851 -0.9585 0.0001
vn -0.2840 -0.9519 0.1148
vn -0.0163 -0.0066 -0.9998
vn -0.1493 -0.1574 -0.9762
vn -0.6706 -0.7242 -0.1605
vn 0.6380 0.5981 0.4850
vn 0.6985 0.6363 0.3273
vn 0.1428 0.1891 -0.9715
vn 0.5531 0.5397 0.6346
vn -0.6461 -0.6920 0.3219
vn 0.3069 0.3427 -0.8879
vn -0.6004 -0.6359 0.4848
vn 0.4432 0.4564 0.7716
vn -0.5299 -0.5527 -0.6432
vn -0.5299 -0.5526 0.6433
vn 0.4432 0.4564 -0.7716
vn 0.7346 0.6588 -0.1623
vn 0.6986 0.6366 -0.3268
vn -0.4300 -0.4404 0.7881
vn 0.3069 0.3427 0.8879
vn -0.4297 -0.4404 -0.7883
vn -0.2993 -0.3036 0.9046
vn 0.5531 0.5397 -0.6347
vn 0.7473 0.6645 -0.0011
vn -0.1493 -0.1574 0.9762
vn 0.1428 0.1891 0.9715
vn -0.2991 -0.3037 -0.9046
vn -0.0163 -0.0066 0.9998
vn 0.6381 0.5983 -0.4846
vn 0.7349 0.6578 0.1648
vn -0.0162 -0.0065 0.9998
vn -0.2737 -0.8898 -0.3652
vn -0.2604 -0.8183 -0.5124
vn 0.0260 -0.8932 -0.4489
vn 0.0273 -0.9486 -0.3153
vn 0.2153 0.8455 0.4886
vn 0.2389 0.9055 0.3506
vn -0.2807 -0.9307 0.2345
vn 0.1269 0.5765 -0.8072
vn 0.0563 0.2921 -0.9547
vn -0.2737 -0.8896 0.3656
vn 0.1798 0.7457 0.6415
vn -0.2604 -0.8182 0.5126
vn 0.1794 0.7451 -0.6423
vn 0.2616 0.9589 -0.1098
vn 0.2534 0.9404 -0.2267
vn -0.2352 -0.6966 0.6778
vn 0.1269 0.5764 0.8073
vn -0.2352 -0.6966 -0.6779
vn -0.1878 -0.4947 0.8486
vn 0.2151 0.8458 -0.4882
vn 0.2645 0.9644 -0.0001
vn -0.1029 -0.2032 0.9737
vn 0.0562 0.2921 0.9547
vn -0.1878 -0.4947 -0.8486
vn -0.0041 0.0025 1.0000
vn 0.2386 0.9055 -0.3510
vn 0.2618 0.9587 0.1113
vn -0.0041 0.0024 1.0000
vn -0.1029 -0.2032 -0.9737
vn 0.2536 0.9404 0.2266
vn -0.2806 -0.9311 -0.2331
vn -0.0041 0.0025 -1.0000
vn -0.2838 -0.9524 -0.1116
vn -0.0369 0.9945 -0.0982
vn -0.0371 0.9993 0.0001
vn -0.2923 0.9563 0.0002
vn -0.2901 0.9505 -0.1117
vn 0.0270 -0.9486 0.3153
vn 0.0259 -0.8935 0.4483
vn -0.0263 0.7944 -0.6069
vn -0.0192 0.6173 -0.7865
vn -0.0359 0.9788 -0.2015
vn 0.0238 -0.7961 0.6047
vn -0.0192 0.6176 0.7862
vn -0.0262 0.7942 0.6071
vn 0.0239 -0.7954 -0.6056
vn 0.0194 -0.6186 0.7855
vn -0.0309 0.8926 -0.4498
vn 0.0104 -0.3082 0.9513
vn -0.0084 0.3064 0.9519
vn 0.0195 -0.6188 -0.7853
vn -0.0044 -0.0023 1.0000
vn -0.0338 0.9478 -0.3171
vn -0.0366 0.9945 0.0983
vn -0.0044 -0.0024 1.0000
vn 0.0104 -0.3081 -0.9513
vn -0.0353 0.9788 0.2015
vn 0.0275 -0.9788 -0.2029
vn -0.0045 -0.0023 -1.0000
vn 0.0280 -0.9948 -0.0981
vn -0.0335 0.9476 0.3178
vn 0.0280 -0.9996 -0.0000
vn -0.0084 0.3065 -0.9518
vn 0.0279 -0.9948 0.0980
vn -0.0304 0.8938 0.4475
vn 0.0276 -0.9792 0.2012
vn 0.1593 -0.5398 -0.8266
vn 0.0737 -0.2630 -0.9620
vn 0.1022 -0.2576 -0.9608
vn 0.2266 -0.4655 -0.8555
vn 0.1592 -0.5398 0.8266
vn 0.0737 -0.2630 0.9620
vn -0.0800 0.2748 0.9582
vn -0.1589 0.5574 0.8149
vn 0.2110 -0.7230 -0.6578
vn -0.0160 -0.0128 0.9998
vn -0.2693 0.8959 -0.3534
vn -0.2475 0.8342 -0.4928
vn -0.2899 0.9505 0.1120
vn -0.0159 -0.0129 0.9998
vn -0.2828 0.9317 -0.2279
vn -0.2825 0.9318 0.2281
vn 0.2574 -0.8992 -0.3538
vn 0.2665 -0.9366 -0.2273
vn -0.0160 -0.0128 -0.9998
vn 0.2711 -0.9561 -0.1113
vn -0.2689 0.8959 0.3535
vn 0.2725 -0.9622 -0.0001
vn -0.0803 0.2748 -0.9582
vn 0.2710 -0.9561 0.1111
vn -0.2471 0.8343 0.4928
vn 0.2663 -0.9367 0.2272
vn -0.1593 0.5573 -0.8149
vn 0.2571 -0.8994 0.3536
vn -0.2126 0.7308 0.6487
vn 0.2410 -0.8345 -0.4956
vn 0.2405 -0.8348 0.4953
vn -0.2131 0.7306 -0.6487
vn 0.2109 -0.7232 0.6576
vn 0.4656 -0.8748 -0.1341
vn 0.4514 -0.8501 -0.2712
vn 0.5955 -0.7419 -0.3082
vn 0.6194 -0.7694 -0.1563
vn -0.4976 0.8213 -0.2791
vn -0.4694 0.7740 -0.4249
vn -0.4979 0.8210 0.2794
vn -0.5133 0.8473 0.1364
vn 0.4253 -0.8047 -0.4142
vn -0.0229 -0.0401 -0.9989
vn -0.4698 0.7735 0.4253
vn 0.4701 -0.8826 -0.0000
vn -0.1377 0.1931 -0.9715
vn 0.4657 -0.8747 0.1340
vn -0.4260 0.6994 0.5739
vn 0.4516 -0.8500 0.2712
vn -0.2652 0.4195 -0.8681
vn 0.4258 -0.8056 0.4119
vn -0.3599 0.5848 0.7269
vn 0.3833 -0.7324 -0.5627
vn 0.3838 -0.7330 0.5616
vn -0.3600 0.5850 -0.7267
vn -0.5132 0.8471 -0.1382
vn 0.3196 -0.6231 0.7139
vn -0.2652 0.4195 0.8682
vn 0.3198 -0.6234 -0.7135
vn 0.2265 -0.4654 0.8556
vn -0.4260 0.6994 -0.5738
vn -0.5183 0.8552 0.0001
vn 0.1022 -0.2576 0.9608
vn -0.1377 0.1932 0.9714
vn -0.0229 -0.0401 0.9989
vn 0.5956 -0.7419 0.3079
vn 0.6198 -0.7696 0.1534
vn 0.8947 -0.3996 0.1996
vn 0.8371 -0.3817 0.3919
vn -0.5625 0.6855 0.4622
vn -0.6009 0.7385 0.3059
vn 0.6277 -0.7785 0.0001
vn -0.1503 0.1305 -0.9800
vn -0.0194 -0.0266 -0.9995
vn -0.5025 0.6035 0.6191
vn -0.2955 0.3251 -0.8983
vn 0.5529 -0.6926 0.4631
vn -0.4151 0.4855 0.7694
vn 0.4880 -0.6170 -0.6173
vn 0.5527 -0.6925 -0.4637
vn 0.4880 -0.6170 0.6173
vn -0.4151 0.4855 -0.7694
vn -0.6217 0.7680 -0.1541
vn -0.6009 0.7385 -0.3058
vn 0.3962 -0.5089 0.7642
vn -0.2956 0.3251 0.8983
vn 0.3962 -0.5089 -0.7642
vn 0.2741 -0.3634 0.8904
vn -0.5025 0.6036 -0.6191
vn -0.6288 0.7776 -0.0001
vn 0.1248 -0.1862 0.9746
vn -0.1503 0.1305 0.9800
vn 0.2741 -0.3634 -0.8904
vn -0.0195 -0.0266 0.9995
vn -0.5623 0.6854 -0.4626
vn -0.6221 0.7679 0.1527
vn -0.0194 -0.0266 0.9995
vn 0.1248 -0.1862 -0.9746
vn 0.8852 -0.2208 -0.4095
vn 0.9490 -0.2346 -0.2106
vn 0.8948 -0.3994 -0.1997
vn 0.8375 -0.3818 -0.3909
vn -0.3473 0.1039 -0.9320
vn -0.1614 0.0308 -0.9864
vn 0.7459 -0.3537 0.5645
vn -0.5175 0.1535 0.8418
vn -0.6665 0.1935 0.7200
vn 0.6268 -0.3167 -0.7120
vn 0.7462 -0.3537 -0.5640
vn 0.6267 -0.3167 0.7120
vn -0.5175 0.1536 -0.8418
vn -0.9424 0.2675 -0.2008
vn -0.8837 0.2515 -0.3947
vn 0.4866 -0.2725 0.8300
vn -0.3473 0.1038 0.9320
vn 0.4866 -0.2724 -0.8301
vn 0.3329 -0.2212 0.9167
vn -0.6665 0.1936 -0.7200
vn -0.9620 0.2729 -0.0002
vn 0.1733 -0.1594 0.9719
vn -0.1614 0.0307 0.9864
vn 0.3329 -0.2211 -0.9167
vn 0.0135 -0.0746 0.9971
vn -0.7901 0.2264 -0.5696
vn -0.9422 0.2674 0.2017
vn 0.0133 -0.0745 0.9971
vn 0.1734 -0.1593 -0.9719
vn -0.8836 0.2515 0.3949
vn 0.0134 -0.0745 -0.9971
vn -0.7902 0.2264 0.5696
vn 0.9142 -0.4054 -0.0000
vn 0.1934 -0.0288 0.9807
vn 0.0167 -0.0049 0.9998
vn -0.0084 -0.0342 0.9994
vn 0.1666 -0.0690 0.9836
vn 0.5281 -0.0701 -0.8463
vn 0.3651 -0.0507 -0.9296
vn -0.6635 0.0853 -0.7433
vn -0.7976 0.1012 -0.5947
vn -0.9924 0.1231 -0.0000
vn -0.9694 0.1206 0.2140
vn 0.0164 -0.0049 0.9999
vn 0.1934 -0.0288 -0.9807
vn 0.9065 -0.1112 -0.4074
vn 0.8061 -0.1007 -0.5832
vn -0.9025 0.1131 0.4155
vn 0.9706 -0.1177 -0.2097
vn 0.0166 -0.0049 -0.9998
vn 0.9928 -0.1200 -0.0000
vn -0.7979 0.1012 0.5943
vn 0.9706 -0.1178 0.2097
vn -0.1620 0.0198 -0.9866
vn 0.9065 -0.1112 0.4074
vn -0.6635 0.0853 0.7433
vn 0.8061 -0.1008 0.5831
vn -0.3385 0.0438 -0.9399
vn -0.9025 0.1131 -0.4155
vn 0.6774 -0.0870 0.7305
vn -0.5079 0.0660 0.8589
vn 0.6774 -0.0869 -0.7305
vn 0.5281 -0.0702 0.8463
vn -0.5078 0.0660 -0.8589
vn -0.9694 0.1206 -0.2140
vn 0.3651 -0.0507 0.9296
vn 0.7848 -0.1992 -0.5869
vn -0.3532 0.0312 0.9350
vn -0.1826 -0.0008 0.9832
vn 0.5042 -0.1392 -0.8523
vn 0.3392 -0.1045 -0.9349
vn -0.6672 0.0892 -0.7396
vn -0.7981 0.1134 -0.5918
vn -0.9888 0.1490 -0.0001
vn -0.9662 0.1448 0.2133
vn -0.0086 -0.0342 0.9994
vn 0.1667 -0.0690 -0.9836
vn -0.9006 0.1325 0.4140
vn -0.0085 -0.0342 -0.9994
vn 0.9709 -0.2393 -0.0000
vn -0.7982 0.1135 0.5916
vn 0.9490 -0.2346 0.2106
vn -0.1826 -0.0007 -0.9832
vn 0.8852 -0.2208 0.4095
vn -0.6671 0.0891 0.7396
vn 0.7848 -0.1991 0.5869
vn -0.3531 0.0312 -0.9351
vn -0.9006 0.1325 -0.4141
vn 0.6551 -0.1713 0.7359
vn -0.5166 0.0614 0.8540
vn 0.6551 -0.1714 -0.7358
vn 0.5041 -0.1391 0.8524
vn -0.5164 0.0613 -0.8542
vn -0.9662 0.1447 -0.2134
vn 0.3392 -0.1045 0.9349
vn -0.6613 0.0712 -0.7467
vn -0.5037 0.0561 -0.8621
vn -0.5085 0.2007 -0.8374
vn -0.6529 0.2532 -0.7139
vn -0.3327 0.0375 -0.9423
vn 0.9739 -0.0940 0.2066
vn 0.9954 -0.0954 -0.0000
vn -0.9038 0.0912 -0.4181
vn -0.9718 0.0962 -0.2151
vn 0.0252 -0.0062 -0.9997
vn -0.1550 0.0162 -0.9878
vn 0.3738 -0.0458 0.9264
vn 0.5361 -0.0611 0.8419
vn 0.3739 -0.0458 -0.9263
vn 0.2023 -0.0274 -0.9789
vn -0.5038 0.0561 0.8620
vn -0.3326 0.0375 0.9423
vn 0.9105 -0.0898 0.4036
vn -0.1550 0.0162 0.9878
vn 0.0250 -0.0062 0.9997
vn 0.6842 -0.0734 -0.7256
vn 0.5360 -0.0611 -0.8420
vn -0.7977 0.0829 0.5974
vn -0.6611 0.0712 0.7469
vn 0.9106 -0.0898 -0.4034
vn 0.8118 -0.0829 -0.5781
vn 0.2025 -0.0274 0.9789
vn -0.9039 0.0912 0.4179
vn 0.8115 -0.0829 0.5784
vn 0.9737 -0.0940 -0.2074
vn 0.0251 -0.0062 0.9997
vn 0.6842 -0.0734 0.7256
vn -0.7975 0.0829 -0.5976
vn 0.0092 -0.0161 0.9998
vn -0.1661 0.0631 0.9841
vn -0.1553 0.1538 0.9758
vn -0.0088 -0.0324 0.9994
vn -0.9170 0.3460 -0.1988
vn -0.9358 0.3524 0.0002
vn 0.0094 -0.0162 0.9998
vn 0.1766 -0.0858 0.9805
vn -0.3436 0.1376 0.9290
vn 0.4984 -0.2009 -0.8434
vn 0.3407 -0.1461 -0.9288
vn -0.7720 0.2955 -0.5627
vn -0.9170 0.3460 0.1985
vn 0.1766 -0.0858 -0.9805
vn 0.8573 -0.3249 -0.3994
vn 0.7642 -0.2925 -0.5749
vn -0.8614 0.3267 0.3888
vn 0.9159 -0.3453 -0.2047
vn 0.0093 -0.0161 -0.9998
vn 0.9359 -0.3523 -0.0001
vn -0.7721 0.2955 0.5626
vn 0.9159 -0.3453 0.2046
vn -0.1661 0.0631 -0.9841
vn 0.8572 -0.3248 0.3996
vn -0.6529 0.2533 0.7139
vn 0.7642 -0.2925 0.5748
vn -0.3437 0.1376 -0.9290
vn -0.8615 0.3267 -0.3887
vn 0.6421 -0.2503 0.7246
vn -0.5085 0.2007 0.8374
vn 0.6420 -0.2503 -0.7247
vn 0.4984 -0.2009 0.8434
vn 0.3407 -0.1461 0.9287
vn 0.6912 -0.7034 -0.1656
vn 0.7004 -0.7138 -0.0002
vn 0.2755 -0.9613 -0.0001
vn 0.2742 -0.9551 -0.1118
vn 0.2888 -0.3014 -0.9087
vn 0.1340 -0.1649 -0.9772
vn 0.6625 -0.6721 -0.3308
vn 0.6104 -0.6173 -0.4964
vn -0.7216 0.6727 0.1638
vn -0.6891 0.6474 0.3257
vn -0.0088 -0.0324 -0.9994
vn -0.6339 0.6030 0.4842
vn 0.6910 -0.7038 0.1650
vn -0.1553 0.1538 -0.9758
vn 0.6617 -0.6721 0.3324
vn -0.5546 0.5365 0.6361
vn 0.6098 -0.6170 0.4974
vn -0.3165 0.3210 -0.8926
vn -0.6347 0.6025 -0.4840
vn -0.6897 0.6470 -0.3251
vn 0.5320 -0.5368 0.6548
vn -0.4490 0.4435 0.7757
vn 0.5320 -0.5368 -0.6548
vn 0.4249 -0.4302 0.7965
vn -0.4497 0.4443 -0.7749
vn -0.7219 0.6725 -0.1630
vn 0.2887 -0.3014 0.9087
vn -0.3165 0.3209 0.8927
vn 0.4250 -0.4302 -0.7964
vn 0.1340 -0.1649 0.9772
vn -0.5553 0.5358 -0.6361
vn -0.7322 0.6811 -0.0014
vn -0.0087 -0.0324 0.9994
vn 0.2696 -0.9350 0.2305
vn 0.2604 -0.8966 0.3580
vn -0.0403 -0.9474 0.3176
vn -0.0409 -0.9787 0.2013
vn -0.2961 0.9265 0.2324
vn -0.2807 0.8896 0.3604
vn 0.2740 -0.9554 0.1098
vn -0.0215 -0.0157 -0.9996
vn -0.0805 0.2729 -0.9587
vn -0.2560 0.8265 0.5013
vn -0.1608 0.5508 -0.8190
vn -0.2808 0.8895 -0.3605
vn -0.2962 0.9262 -0.2332
vn 0.2441 -0.8302 0.5011
vn -0.2181 0.7224 0.6562
vn 0.2606 -0.8969 -0.3573
vn 0.2442 -0.8303 -0.5009
vn 0.2148 -0.7180 0.6621
vn -0.2181 0.7224 -0.6562
vn -0.3050 0.9456 -0.1132
vn 0.1627 -0.5337 0.8299
vn -0.1608 0.5508 0.8190
vn 0.2148 -0.7180 -0.6620
vn 0.0745 -0.2595 0.9629
vn -0.2560 0.8264 -0.5015
vn -0.3076 0.9515 0.0002
vn -0.0215 -0.0156 0.9996
vn -0.0805 0.2729 0.9587
vn 0.1627 -0.5337 -0.8299
vn -0.3045 0.9460 0.1112
vn -0.0214 -0.0157 0.9996
vn 0.0745 -0.2595 -0.9629
vn 0.2697 -0.9352 -0.2295
vn 0.0811 0.9915 -0.1014
vn 0.0766 0.9752 -0.2075
vn 0.3308 0.9161 -0.2267
vn 0.3398 0.9337 -0.1124
vn 0.0159 0.3014 -0.9534
vn 0.0357 0.6092 -0.7922
vn 0.0701 0.9433 -0.3246
vn -0.0388 -0.8911 0.4521
vn 0.0614 0.8863 0.4590
vn 0.0504 0.7867 0.6153
vn -0.0398 -0.9470 -0.3188
vn -0.0386 -0.8904 -0.4535
vn -0.0357 -0.7915 0.6102
vn 0.0504 0.7867 -0.6152
vn -0.0290 -0.6131 0.7895
vn 0.0357 0.6092 0.7922
vn -0.0356 -0.7912 -0.6105
vn -0.0153 -0.3046 0.9524
vn 0.0614 0.8865 -0.4587
vn 0.0829 0.9966 -0.0004
vn 0.0025 -0.0028 1.0000
vn 0.0159 0.3014 0.9534
vn -0.0290 -0.6131 -0.7895
vn 0.0823 0.9917 0.0983
vn 0.0024 -0.0029 1.0000
vn -0.0153 -0.3046 -0.9523
vn -0.0402 -0.9787 -0.2012
vn 0.0769 0.9750 0.2084
vn -0.0406 -0.9944 -0.0980
vn 0.0025 -0.0028 -1.0000
vn -0.0408 -0.9992 0.0001
vn 0.0704 0.9431 0.3250
vn -0.0409 -0.9943 0.0981
vn -0.1871 -0.5263 -0.8295
vn -0.2499 -0.7054 -0.6633
vn -0.3890 -0.5110 -0.7665
vn -0.2698 -0.3609 -0.8927
vn -0.1871 -0.5263 0.8295
vn -0.2499 -0.7053 0.6634
vn 0.2496 0.7187 0.6490
vn 0.1871 0.5476 0.8155
vn -0.2868 -0.8142 -0.5048
vn -0.0866 -0.2579 0.9623
vn 0.2497 0.7188 -0.6488
vn 0.2897 0.8211 -0.4918
vn 0.3423 0.9396 -0.0002
vn 0.0157 -0.0129 0.9998
vn 0.0939 0.2698 0.9583
vn 0.3152 0.8812 -0.3524
vn 0.3382 0.9340 0.1147
vn -0.0866 -0.2579 -0.9623
vn -0.3208 -0.9180 -0.2332
vn -0.3084 -0.8791 -0.3634
vn 0.3305 0.9161 0.2270
vn -0.3273 -0.9378 -0.1157
vn 0.0157 -0.0129 -0.9998
vn -0.3292 -0.9443 -0.0000
vn 0.3151 0.8815 0.3517
vn -0.3270 -0.9379 0.1157
vn 0.0939 0.2698 -0.9583
vn -0.3206 -0.9180 0.2335
vn 0.2897 0.8211 0.4918
vn -0.3081 -0.8796 0.3625
vn 0.1870 0.5475 -0.8156
vn -0.2866 -0.8144 0.5046
vn 0.5583 0.7776 0.2892
vn 0.5766 0.8045 0.1429
vn 0.7082 0.6856 0.1683
vn 0.6786 0.6553 0.3319
vn 0.4721 0.6540 -0.5911
vn 0.5247 0.7289 -0.4397
vn 0.5820 0.8132 0.0002
vn 0.1411 0.1861 0.9723
vn 0.0071 -0.0227 0.9997
vn -0.1259 -0.1851 -0.9746
vn -0.5798 -0.7544 -0.3076
vn -0.5402 -0.7040 -0.4610
vn -0.6024 -0.7836 -0.1519
vn 0.0072 -0.0227 -0.9997
vn -0.6096 -0.7927 -0.0000
vn 0.5253 0.7293 0.4383
vn -0.6025 -0.7835 0.1519
vn 0.1412 0.1862 -0.9723
vn -0.5799 -0.7548 0.3067
vn 0.4720 0.6538 0.5915
vn -0.5404 -0.7039 0.4611
vn 0.2848 0.3917 -0.8749
vn 0.5580 0.7781 -0.2884
vn -0.4786 -0.6249 0.6168
vn 0.3943 0.5445 0.7403
vn -0.4784 -0.6252 -0.6167
vn -0.3890 -0.5111 0.7664
vn 0.3941 0.5443 -0.7406
vn 0.5760 0.8049 -0.1424
vn -0.2698 -0.3609 0.8927
vn 0.2849 0.3919 0.8748
vn -0.1259 -0.1851 0.9746
vn 0.0072 -0.0227 0.9997
vn 0.1517 0.1407 -0.9784
vn 0.0013 -0.0031 -1.0000
vn -0.0392 -0.0300 -0.9988
vn 0.1367 0.0398 -0.9898
vn -0.7343 -0.6561 -0.1740
vn -0.7002 -0.6274 -0.3407
vn -0.1497 -0.1411 -0.9786
vn -0.7457 -0.6663 -0.0002
vn 0.6263 0.6028 0.4944
vn -0.7342 -0.6567 0.1724
vn -0.7001 -0.6274 0.3410
vn 0.5483 0.5255 0.6506
vn -0.6414 -0.5769 0.5058
vn 0.3077 0.2911 -0.9059
vn 0.6262 0.6027 -0.4946
vn 0.6786 0.6553 -0.3318
vn -0.5571 -0.5036 0.6603
vn 0.4423 0.4216 0.7916
vn -0.6416 -0.5769 -0.5055
vn -0.5572 -0.5036 -0.6602
vn -0.4453 -0.4053 0.7984
vn 0.4423 0.4216 -0.7916
vn 0.7087 0.6852 -0.1681
vn -0.3070 -0.2823 0.9089
vn 0.3077 0.2911 0.9059
vn -0.4453 -0.4053 -0.7984
vn -0.1497 -0.1411 0.9786
vn 0.5484 0.5255 -0.6505
vn 0.7185 0.6956 0.0002
vn 0.0013 -0.0031 1.0000
vn 0.1517 0.1407 0.9784
vn -0.3070 -0.2823 -0.9089
vn 0.0014 -0.0031 1.0000
vn 0.4929 0.1155 0.8624
vn 0.6521 0.1296 0.7470
vn 0.6764 -0.0133 0.7364
vn 0.5234 -0.0103 0.8520
vn -0.9056 -0.1267 0.4047
vn -0.9696 -0.1286 0.2082
vn 0.7892 0.1383 0.5983
vn -0.8057 -0.1235 0.5793
vn 0.3188 0.0897 -0.9436
vn 0.7892 0.1383 -0.5983
vn 0.8965 0.1437 -0.4191
vn -0.6780 -0.1187 0.7254
vn -0.8058 -0.1235 -0.5791
vn -0.6780 -0.1187 -0.7254
vn -0.5308 -0.1113 0.8402
vn 0.4929 0.1155 -0.8624
vn 0.9653 0.1469 -0.2158
vn -0.3715 -0.0992 0.9231
vn 0.3188 0.0897 0.9436
vn -0.5307 -0.1113 -0.8402
vn -0.2066 -0.0764 0.9754
vn 0.6520 0.1296 -0.7470
vn 0.9890 0.1479 0.0001
vn -0.0392 -0.0300 0.9988
vn 0.1367 0.0397 0.9898
vn -0.3714 -0.0992 -0.9231
vn 0.9653 0.1468 0.2160
vn -0.0391 -0.0300 0.9988
vn -0.2066 -0.0763 -0.9755
vn -0.9058 -0.1268 -0.4044
vn 0.8967 0.1437 0.4187
vn -0.9696 -0.1286 -0.2082
vn -0.9916 -0.1293 -0.0001
vn 0.6764 -0.0133 -0.7364
vn 0.5234 -0.0103 -0.8520
vn 0.5218 -0.0040 -0.8530
vn 0.6751 -0.0051 -0.7377
vn -0.8065 0.0159 -0.5911
vn -0.6734 0.0132 -0.7391
vn -0.5196 0.0102 0.8544
vn -0.6734 0.0133 0.7391
vn 0.3566 -0.0071 -0.9342
vn 0.9113 -0.0179 -0.4114
vn 0.9771 -0.0192 -0.2119
vn -0.3520 0.0069 0.9360
vn 0.3566 -0.0071 0.9342
vn -0.5196 0.0102 -0.8544
vn -0.1765 0.0034 0.9843
vn 0.9998 -0.0196 -0.0000
vn 0.0024 -0.0001 1.0000
vn 0.1815 -0.0036 0.9834
vn -0.3520 0.0069 -0.9360
vn 0.8084 -0.0159 -0.5885
vn 0.9771 -0.0192 0.2119
vn 0.0027 -0.0001 1.0000
vn -0.1765 0.0034 -0.9843
vn -0.9103 0.0179 -0.4135
vn 0.9113 -0.0179 0.4114
vn -0.9769 0.0192 -0.2130
vn 0.0026 -0.0001 -1.0000
vn -0.9998 0.0197 -0.0000
vn 0.8084 -0.0159 0.5885
vn -0.9769 0.0192 0.2130
vn 0.1815 -0.0036 -0.9834
vn -0.9103 0.0179 0.4135
vn -0.8065 0.0159 0.5911
vn 0.1797 -0.0014 0.9837
vn 0.1767 -0.0022 0.9843
vn -0.0021 -0.0000 1.0000
vn 0.9771 -0.0074 -0.2125
vn 1.0000 -0.0076 -0.0000
vn 0.0007 -0.0000 1.0000
vn -0.1781 0.0013 0.9840
vn 0.3548 -0.0027 0.9349
vn -0.5206 0.0039 -0.8538
vn -0.3534 0.0026 -0.9355
vn 0.8076 -0.0061 -0.5897
vn 0.9771 -0.0074 0.2124
vn -0.1781 0.0013 -0.9840
vn -0.9107 0.0067 -0.4131
vn -0.8070 0.0060 -0.5905
vn 0.9110 -0.0069 0.4124
vn -0.9771 0.0072 -0.2128
vn 0.0008 -0.0000 -1.0000
vn -1.0000 0.0073 -0.0000
vn 0.8076 -0.0061 0.5897
vn -0.9771 0.0072 0.2128
vn 0.1797 -0.0014 -0.9837
vn -0.9107 0.0067 0.4131
vn 0.6751 -0.0051 0.7377
vn -0.8070 0.0059 0.5905
vn 0.3548 -0.0027 -0.9349
vn 0.9110 -0.0069 -0.4124
vn -0.6742 0.0050 0.7385
vn 0.5218 -0.0039 0.8530
vn -0.6742 0.0050 -0.7385
vn -0.5206 0.0038 0.8538
vn -0.3534 0.0026 0.9355
vn -0.9772 0.0123 -0.2122
vn -0.9999 0.0126 -0.0000
vn -0.9989 -0.0473 -0.0000
vn -0.9760 -0.0474 -0.2128
vn -0.3560 0.0045 -0.9345
vn -0.1810 0.0023 -0.9835
vn -0.9112 0.0115 -0.4119
vn -0.8080 0.0102 -0.5891
vn 0.9794 -0.0120 0.2018
vn 0.9112 -0.0115 0.4119
vn -0.0022 0.0001 -1.0000
vn 0.8062 -0.0102 0.5916
vn -0.9772 0.0123 0.2122
vn 0.1767 -0.0022 -0.9843
vn -0.9111 0.0115 0.4119
vn 0.6732 -0.0085 0.7394
vn -0.8080 0.0102 0.5891
vn 0.3520 -0.0044 -0.9360
vn 0.8050 -0.0099 -0.5932
vn 0.9139 -0.0112 -0.4057
vn -0.6758 0.0085 0.7370
vn 0.5194 -0.0066 0.8545
vn -0.6758 0.0085 -0.7370
vn -0.5228 0.0066 0.8524
vn 0.5214 -0.0065 -0.8533
vn 0.9797 -0.0116 -0.2002
vn -0.3560 0.0045 0.9345
vn 0.3520 -0.0044 0.9360
vn -0.5228 0.0066 -0.8524
vn -0.1810 0.0023 0.9835
vn 0.6755 -0.0083 -0.7373
vn 0.9999 -0.0117 -0.0106
vn -0.0023 0.0001 1.0000
vn 0.9933 0.1006 0.0573
vn 0.9825 0.1350 0.1280
vn 0.9998 0.0128 0.0120
vn 0.9896 -0.0026 -0.1436
vn 0.9001 0.0058 0.4357
vn 0.8335 0.0013 0.5525
vn -0.9759 -0.0474 0.2129
vn 0.0016 -0.0569 -0.9984
vn 0.1801 -0.0597 -0.9818
vn -0.9095 -0.0477 0.4130
vn 0.9070 -0.0295 0.4200
vn -0.8057 -0.0482 0.5904
vn 0.4355 -0.0307 -0.8997
vn 0.8229 0.0369 -0.5670
vn 0.9551 0.0246 -0.2954
vn -0.6728 -0.0491 0.7382
vn 0.5218 -0.0656 0.8505
vn -0.8057 -0.0483 -0.5903
vn -0.6729 -0.0493 -0.7381
vn -0.5192 -0.0504 0.8531
vn 0.6096 0.0220 -0.7924
vn -0.3521 -0.0521 0.9345
vn 0.3548 -0.0627 0.9329
vn -0.5193 -0.0506 -0.8531
vn -0.1770 -0.0542 0.9827
vn 0.7142 0.0337 -0.6992
vn 0.0016 -0.0567 0.9984
vn 0.1801 -0.0595 0.9818
vn -0.3521 -0.0523 -0.9345
vn 0.9721 0.0058 0.2344
vn 0.0018 -0.0567 0.9984
vn -0.1770 -0.0544 -0.9827
vn -0.9095 -0.0477 -0.4130
vn 0.3619 0.0020 0.9322
vn 0.5306 0.0041 0.8476
vn 0.5511 0.1050 0.8278
vn 0.3916 0.0809 0.9166
vn -0.3622 0.0021 -0.9321
vn -0.1834 0.0006 -0.9830
vn 0.8139 0.0089 -0.5810
vn 0.9143 0.0110 -0.4049
vn 0.1832 0.0006 0.9831
vn -0.0004 0.0001 -1.0000
vn 0.1833 0.0006 -0.9831
vn -0.1834 0.0006 0.9830
vn -0.3623 0.0021 0.9321
vn 0.9143 0.0110 0.4048
vn 0.8139 0.0090 0.5810
vn 0.3619 0.0020 -0.9322
vn 0.5306 0.0041 -0.8476
vn -0.5312 0.0044 0.8472
vn -0.6843 0.0071 0.7292
vn 0.9781 0.0124 -0.2079
vn 0.6835 0.0065 -0.7299
vn -0.8146 0.0099 0.5800
vn -0.9148 0.0123 0.4038
vn -0.8145 0.0099 -0.5800
vn -0.6843 0.0071 -0.7292
vn 0.6835 0.0065 0.7299
vn -0.9781 0.0139 0.2076
vn -0.5312 0.0044 -0.8472
vn 0.9999 0.0129 -0.0000
vn -0.9147 0.0123 -0.4038
vn 0.9781 0.0124 0.2079
vn -0.0001 0.0001 1.0000
vn -0.1663 -0.0193 0.9859
vn 0.0319 0.0119 0.9994
vn -0.0179 0.0581 0.9981
vn -0.1684 -0.1253 0.9777
vn -0.7150 -0.0128 -0.6991
vn -0.5526 -0.0309 -0.8328
vn -0.9982 0.0608 -0.0000
vn -0.9811 0.0551 -0.1857
vn 0.2187 0.0492 0.9745
vn -0.3654 -0.0340 0.9302
vn 0.3916 0.0809 -0.9166
vn 0.5511 0.1050 -0.8278
vn 0.0320 0.0119 0.9994
vn -0.8415 0.0135 -0.5400
vn -0.9811 0.0551 0.1857
vn 0.2187 0.0492 -0.9745
vn -0.9294 0.0385 -0.3670
vn -0.9294 0.0385 0.3670
vn 0.8157 0.1380 -0.5618
vn 0.9088 0.1487 -0.3899
vn 0.0320 0.0119 -0.9994
vn 0.9675 0.1553 -0.1996
vn -0.8415 0.0135 0.5400
vn 0.9875 0.1576 0.0010
vn -0.1664 -0.0193 -0.9859
vn 0.9675 0.1553 0.1995
vn -0.7150 -0.0128 0.6991
vn 0.9088 0.1486 0.3900
vn -0.3655 -0.0340 -0.9302
vn 0.8157 0.1380 0.5618
vn -0.5526 -0.0309 0.8328
vn 0.6943 0.1235 -0.7090
vn 0.6943 0.1235 0.7090
vn 0.6902 0.7044 -0.1656
vn 0.6662 0.6674 -0.3328
vn 0.0414 0.9775 -0.2066
vn 0.0435 0.9942 -0.0987
vn 0.1335 0.1628 -0.9776
vn 0.2986 0.2733 -0.9144
vn -0.9220 -0.1485 -0.3577
vn -0.8314 -0.1811 -0.5253
vn -0.9219 -0.1484 0.3580
vn -0.9753 -0.1273 0.1807
vn 0.6210 0.6035 -0.5001
vn -0.0179 0.0581 -0.9981
vn -0.8314 -0.1811 0.5254
vn 0.6975 0.7166 0.0014
vn -0.1684 -0.1253 -0.9777
vn 0.6903 0.7043 0.1658
vn -0.7053 -0.2152 0.6755
vn 0.6661 0.6673 0.3331
vn -0.3662 -0.2148 -0.9054
vn 0.6212 0.6035 0.5000
vn -0.5478 -0.2332 0.8035
vn 0.5481 0.5119 -0.6614
vn 0.5482 0.5119 0.6614
vn -0.5478 -0.2332 -0.8035
vn -0.9753 -0.1273 -0.1807
vn 0.4411 0.3970 0.8049
vn -0.3662 -0.2148 0.9054
vn 0.4410 0.3970 -0.8049
vn 0.2986 0.2733 0.9144
vn -0.7053 -0.2152 -0.6755
vn -0.9927 -0.1204 -0.0000
vn 0.1335 0.1628 0.9776
vn -0.0179 0.0582 0.9981
vn 0.0419 0.9778 0.2054
vn 0.0440 0.9941 0.0987
vn -0.0956 0.9907 0.0963
vn -0.0951 0.9760 0.1961
vn -0.1494 -0.9319 0.3305
vn -0.1635 -0.9634 0.2126
vn 0.0444 0.9990 -0.0000
vn -0.0844 -0.3061 -0.9482
vn -0.0627 -0.0019 -0.9980
vn -0.1348 -0.8757 0.4637
vn -0.1041 -0.6037 -0.7904
vn 0.0374 0.9447 0.3258
vn -0.1204 -0.7775 0.6172
vn 0.0307 0.8868 -0.4612
vn 0.0375 0.9447 -0.3258
vn 0.0308 0.8869 0.4609
vn -0.1203 -0.7777 -0.6170
vn -0.1718 -0.9798 -0.1020
vn -0.1629 -0.9631 -0.2140
vn 0.0194 0.7838 0.6208
vn -0.1043 -0.6037 0.7903
vn 0.0194 0.7836 -0.6210
vn 0.0011 0.5994 0.8005
vn -0.1347 -0.8757 -0.4636
vn -0.1783 -0.9840 -0.0013
vn -0.0242 0.2869 0.9577
vn -0.0844 -0.3061 0.9482
vn 0.0011 0.5994 -0.8004
vn -0.0627 -0.0019 0.9980
vn -0.1487 -0.9320 -0.3306
vn -0.1736 -0.9792 0.1046
vn -0.0627 -0.0018 0.9980
vn -0.0242 0.2869 -0.9577
vn 0.0303 -0.9802 0.1956
vn 0.0260 -0.9516 0.3062
vn -0.0508 -0.9484 0.3130
vn -0.0525 -0.9785 0.1997
vn -0.0151 -0.6402 -0.7680
vn -0.0527 -0.3367 -0.9401
vn -0.0943 0.9465 0.3085
vn 0.0069 -0.8108 0.5852
vn 0.0188 -0.9008 0.4339
vn -0.0928 0.8942 -0.4380
vn -0.0942 0.9463 -0.3092
vn -0.0928 0.8942 0.4380
vn 0.0058 -0.8083 -0.5887
vn 0.0326 -0.9949 -0.0954
vn 0.0303 -0.9802 -0.1957
vn -0.0894 0.8000 0.5934
vn -0.0151 -0.6404 0.7679
vn -0.0894 0.8000 -0.5934
vn -0.0802 0.6271 0.7748
vn 0.0189 -0.9007 -0.4340
vn 0.0334 -0.9994 -0.0000
vn -0.0564 0.3146 0.9476
vn -0.0527 -0.3366 0.9402
vn -0.0802 0.6270 -0.7748
vn -0.0644 -0.0091 0.9979
vn 0.0260 -0.9516 -0.3063
vn 0.0327 -0.9949 0.0954
vn -0.0645 -0.0090 0.9979
vn -0.0564 0.3145 -0.9476
vn -0.0950 0.9756 -0.1980
vn -0.0645 -0.0090 -0.9979
vn -0.0953 0.9905 -0.0987
vn -0.0958 0.9954 -0.0000
vn -0.0158 -0.3092 -0.9509
vn -0.0340 -0.6216 -0.7826
vn -0.1572 -0.5936 -0.7892
vn -0.0734 -0.2904 -0.9541
vn 0.0343 0.9948 -0.0961
vn 0.0344 0.9994 0.0001
vn 0.0116 -0.0038 -0.9999
vn 0.0340 0.9945 0.0987
vn -0.0479 -0.8946 0.4444
vn 0.0350 0.9797 0.1976
vn 0.0346 0.9496 0.3115
vn -0.0430 -0.7981 0.6010
vn 0.0328 0.8974 -0.4400
vn 0.0340 0.9502 -0.3097
vn 0.0334 0.8963 0.4421
vn -0.0428 -0.7981 -0.6010
vn -0.0533 -0.9938 -0.0973
vn -0.0524 -0.9785 -0.1997
vn 0.0303 0.8013 0.5975
vn -0.0342 -0.6216 0.7826
vn 0.0300 0.8003 -0.5988
vn 0.0232 0.6255 0.7799
vn -0.0477 -0.8946 -0.4444
vn -0.0537 -0.9986 -0.0000
vn 0.0125 0.3129 0.9497
vn -0.0160 -0.3091 0.9509
vn 0.0232 0.6256 -0.7798
vn 0.0116 -0.0038 0.9999
vn -0.0506 -0.9484 -0.3131
vn -0.0534 -0.9938 0.0972
vn 0.0125 0.3129 -0.9497
vn 0.0343 0.9797 -0.1974
vn -0.2120 -0.7398 0.6386
vn -0.1631 -0.5778 0.7997
vn -0.1662 -0.5786 0.7985
vn -0.2413 -0.7318 0.6373
vn 0.2124 0.9552 0.2063
vn 0.2049 0.9184 0.3386
vn -0.2421 -0.8398 0.4858
vn 0.1820 0.8618 -0.4734
vn 0.1949 0.9150 -0.3532
vn 0.1923 0.8613 0.4704
vn -0.2152 -0.7791 -0.5888
vn -0.2879 -0.9489 -0.1291
vn -0.2842 -0.9341 -0.2162
vn 0.1762 0.7804 0.5999
vn 0.1600 0.7600 -0.6299
vn 0.1406 0.6087 0.7808
vn -0.2486 -0.8593 -0.4469
vn -0.2849 -0.9583 -0.0238
vn 0.0730 0.2964 0.9523
vn -0.0768 -0.2923 0.9532
vn 0.1247 0.5932 -0.7954
vn 0.0177 -0.0045 0.9998
vn -0.2708 -0.9068 -0.3231
vn -0.2797 -0.9533 0.1137
vn 0.0649 0.2968 -0.9527
vn -0.2740 -0.9377 0.2135
vn 0.2051 0.9486 -0.2410
vn 0.0121 -0.0029 -0.9999
vn 0.2124 0.9697 -0.1207
vn -0.2608 -0.9009 0.3469
vn 0.2153 0.9765 -0.0051
vn 0.2148 0.9714 0.1012
vn -0.2758 -0.8252 0.4928
vn 0.5300 -0.1582 0.8331
vn 0.6770 -0.0573 0.7338
vn 0.2010 0.7638 -0.6134
vn 0.2132 0.8547 -0.4732
vn 0.2035 0.8136 0.5446
vn 0.1418 0.6545 0.7426
vn -0.0104 -0.8832 -0.4689
vn -0.1126 -0.7258 -0.6786
vn -0.3491 -0.9359 -0.0471
vn -0.3534 -0.9280 -0.1179
vn 0.0734 0.3185 0.9451
vn -0.0819 -0.3009 0.9501
vn 0.1690 0.6144 -0.7707
vn 0.0097 -0.0018 1.0000
vn -0.0803 -0.9838 -0.1603
vn -0.3562 -0.9277 0.1116
vn 0.0904 0.3213 -0.9427
vn -0.2417 -0.9693 -0.0446
vn -0.3281 -0.9232 0.2001
vn 0.2238 0.9006 -0.3726
vn 0.2118 0.9331 -0.2906
vn 0.0005 0.0024 -1.0000
vn 0.2013 0.9668 -0.1577
vn -0.3288 -0.8825 0.3362
vn 0.1987 0.9799 -0.0179
vn -0.0791 -0.2731 -0.9587
vn 0.2049 0.9744 0.0922
vn 0.2005 0.9593 0.1989
vn -0.1211 -0.4978 -0.8588
vn 0.1861 0.9128 0.3634
vn 0.2184 0.8600 0.4613
vn -0.3846 0.9143 0.1268
vn -0.3848 0.9229 -0.0099
vn -0.9230 0.3849 -0.0001
vn -0.9047 0.3934 0.1637
vn -0.3157 0.7485 -0.5831
vn -0.3385 0.8286 -0.4459
vn -0.3620 0.8264 0.4312
vn -0.3356 0.7414 0.5811
vn 0.1977 -0.3854 -0.9013
vn 0.0374 -0.1904 -0.9810
vn 0.7745 -0.0463 0.6309
vn 0.7392 -0.3874 0.5510
vn -0.3063 0.6309 0.7129
vn 0.3633 -0.2203 0.9052
vn -0.2753 0.6123 -0.7412
vn -0.2313 0.4340 0.8707
vn 0.5067 -0.6303 -0.5882
vn 0.9166 -0.0162 0.3994
vn -0.0948 0.2071 0.9737
vn 0.1446 -0.1725 0.9743
vn -0.2049 0.4236 -0.8824
vn 0.0503 0.0493 0.9975
vn 0.6388 -0.7501 0.1712
vn 0.8773 -0.0144 0.4798
vn -0.0802 0.2095 -0.9745
vn 0.8182 -0.0170 0.5747
vn -0.3584 0.8785 -0.3159
vn 0.0629 0.0535 -0.9966
vn -0.3765 0.9118 -0.1639
vn 0.7442 -0.0240 0.6675
vn 0.0442 -0.1499 -0.9877
vn -0.3797 0.8869 0.2630
vn -0.6264 0.5041 0.5946
vn -0.7473 0.4637 0.4760
vn -0.7945 0.0572 0.6046
vn -0.6608 0.0656 0.7477
vn 0.8295 0.5536 0.0736
vn 0.8986 0.4379 -0.0273
vn -0.8453 0.4213 0.3286
vn 0.1559 0.0891 -0.9837
vn 0.1181 0.1212 -0.9856
vn 0.6473 0.3228 0.6905
vn -0.6263 0.5041 -0.5946
vn -0.7473 0.4638 -0.4759
vn 0.3388 0.0503 -0.9395
vn 0.9080 0.2841 0.3081
vn 0.9784 0.0499 0.2005
vn -0.5005 0.5205 0.6918
vn 0.4199 0.1194 0.8997
vn -0.5004 0.5205 -0.6918
vn -0.3772 0.4893 0.7863
vn 0.6524 -0.0769 -0.7540
vn 0.8025 0.5418 0.2498
vn -0.2441 0.3862 0.8895
vn 0.1521 0.1218 0.9808
vn -0.3773 0.4893 -0.7863
vn -0.0729 0.2269 0.9712
vn 0.9638 -0.0987 -0.2478
vn 0.8253 0.4937 0.2740
vn -0.0728 0.2270 0.9712
vn -0.2441 0.3862 -0.8895
vn 0.7918 0.4153 0.4478
vn -0.8452 0.4213 -0.3287
vn -0.0728 0.2269 -0.9712
vn -0.9046 0.3934 -0.1641
vn 0.9760 0.1059 -0.1904
vn 0.7080 0.1662 -0.6864
vn 0.5157 0.1226 -0.8479
vn -0.5075 0.0716 0.8586
vn 0.3604 0.0842 0.9290
vn 0.5278 0.0866 0.8449
vn -0.5071 0.0714 -0.8589
vn -0.6605 0.0655 -0.7480
vn -0.3412 0.0756 0.9369
vn 0.7407 0.1077 -0.6632
vn -0.1670 0.0785 0.9828
vn 0.1874 0.0824 0.9788
vn -0.3408 0.0755 -0.9371
vn 0.0103 0.0806 0.9967
vn 0.8605 0.0761 -0.5037
vn 0.9479 0.1341 0.2891
vn 0.0105 0.0806 0.9967
vn -0.1669 0.0783 -0.9829
vn 0.8572 0.1156 0.5018
vn -0.7945 0.0571 -0.6046
vn -0.9017 0.0467 -0.4298
vn 0.0103 0.0804 -0.9967
vn -0.9734 0.0367 -0.2261
vn 0.9905 0.1210 0.0654
vn -0.9995 0.0322 0.0001
vn 0.1874 0.0823 -0.9788
vn -0.9733 0.0368 0.2264
vn 0.9509 0.1300 0.2810
vn -0.9016 0.0468 0.4301
vn -0.9999 0.0147 -0.0000
vn -0.9971 0.0761 -0.0000
vn -0.9763 0.0788 0.2016
vn -0.5184 0.0076 -0.8551
vn -0.6726 0.0099 -0.7400
vn 0.8090 -0.0121 0.5877
vn 0.9116 -0.0137 0.4108
vn -0.9769 0.0144 -0.2134
vn -0.1750 0.0025 -0.9846
vn -0.3506 0.0052 -0.9365
vn 0.9773 -0.0146 -0.2116
vn 0.9116 -0.0137 -0.4108
vn 0.0041 -0.0001 1.0000
vn 0.1830 -0.0028 0.9831
vn 0.1830 -0.0028 -0.9831
vn 0.0042 -0.0001 -1.0000
vn -0.3506 0.0052 0.9365
vn -0.1750 0.0026 0.9846
vn 0.6772 -0.0102 0.7357
vn -0.8059 0.0119 -0.5919
vn -0.9101 0.0134 -0.4141
vn 0.5246 -0.0079 -0.8513
vn 0.3580 -0.0054 -0.9337
vn -0.6725 0.0099 0.7400
vn -0.5184 0.0076 0.8551
vn 0.9999 -0.0150 -0.0000
vn 0.8090 -0.0121 -0.5877
vn 0.6772 -0.0102 -0.7357
vn -0.8059 0.0119 0.5919
vn 0.5246 -0.0079 0.8513
vn 0.9773 -0.0146 0.2115
vn 0.3580 -0.0054 0.9337
vn 0.0040 -0.0001 1.0000
vn 0.0301 -0.0163 -0.9994
vn 0.2076 -0.0594 -0.9764
vn 0.1430 -0.1554 -0.9774
vn -0.0087 -0.0398 -0.9992
vn -0.1567 0.0288 0.9872
vn 0.0300 -0.0162 0.9994
vn 0.3757 -0.0917 -0.9222
vn 0.9029 -0.1533 -0.4016
vn 0.8051 -0.1442 -0.5754
vn -0.9144 0.0849 0.3957
vn 0.9654 -0.1589 -0.2067
vn 0.9870 -0.1608 -0.0002
vn -0.8140 0.0901 0.5739
vn 0.9654 -0.1589 0.2066
vn -0.1567 0.0288 -0.9872
vn 0.9029 -0.1533 0.4017
vn -0.6804 0.0900 0.7273
vn 0.8050 -0.1442 0.5754
vn -0.3441 0.0622 -0.9369
vn -0.8140 0.0901 -0.5739
vn -0.9144 0.0849 -0.3957
vn 0.6796 -0.1316 0.7217
vn -0.5212 0.0816 0.8495
vn 0.6796 -0.1316 -0.7217
vn 0.5343 -0.1147 0.8375
vn -0.5212 0.0816 -0.8495
vn -0.9763 0.0788 -0.2017
vn 0.3757 -0.0917 0.9222
vn -0.3441 0.0622 0.9369
vn 0.5343 -0.1147 -0.8375
vn 0.2076 -0.0594 0.9764
vn -0.6804 0.0900 -0.7273
vn 0.0301 -0.0163 0.9994
vn -0.6568 0.3480 0.6689
vn -0.7774 0.3514 0.5217
vn -0.3120 0.8794 0.3596
vn -0.2845 0.8171 0.5014
vn 0.7308 -0.6826 -0.0008
vn 0.7228 -0.6715 -0.1633
vn -0.8697 0.3395 0.3582
vn 0.7217 -0.6722 0.1654
vn -0.1676 0.1284 -0.9775
vn 0.6928 -0.6392 0.3338
vn 0.6411 -0.5828 0.4993
vn -0.3504 0.2510 -0.9023
vn -0.7774 0.3514 -0.5217
vn -0.8698 0.3395 -0.3582
vn 0.5614 -0.5011 0.6586
vn -0.5137 0.3180 0.7969
vn 0.6414 -0.5829 -0.4989
vn 0.5616 -0.5012 -0.6583
vn 0.4495 -0.3954 0.8010
vn -0.5137 0.3180 -0.7969
vn -0.9279 0.3251 -0.1824
vn 0.3058 -0.2744 0.9117
vn -0.3504 0.2511 0.9023
vn 0.4494 -0.3954 -0.8010
vn 0.1429 -0.1554 0.9775
vn -0.6568 0.3480 -0.6689
vn -0.9478 0.3188 -0.0000
vn -0.0087 -0.0399 0.9992
vn -0.1676 0.1284 0.9775
vn 0.3058 -0.2744 -0.9117
vn -0.9278 0.3252 0.1827
vn -0.0087 -0.0398 0.9992
vn 0.6930 -0.6392 -0.3334
vn -0.2423 0.7140 -0.6569
vn -0.1788 0.5441 -0.8197
vn -0.0086 0.6102 -0.7922
vn -0.0120 0.7889 -0.6144
vn 0.2785 -0.8914 0.3575
vn 0.2879 -0.9308 0.2254
vn -0.0886 0.2694 -0.9589
vn -0.3122 0.8791 -0.3600
vn -0.3297 0.9151 -0.2323
vn 0.2612 -0.8256 0.5002
vn -0.2424 0.7142 0.6566
vn 0.2788 -0.8920 -0.3559
vn 0.2612 -0.8255 -0.5003
vn 0.2301 -0.7144 0.6608
vn -0.3396 0.9339 -0.1118
vn 0.1749 -0.5316 0.8287
vn -0.1787 0.5440 0.8198
vn 0.2301 -0.7144 -0.6608
vn 0.0821 -0.2584 0.9626
vn -0.2845 0.8171 -0.5014
vn -0.3423 0.9396 0.0003
vn -0.0164 -0.0132 0.9998
vn -0.0886 0.2694 0.9590
vn 0.1749 -0.5317 -0.8287
vn -0.3392 0.9335 0.1165
vn -0.0164 -0.0133 0.9998
vn 0.0821 -0.2584 -0.9626
vn 0.2885 -0.9305 -0.2257
vn -0.3293 0.9161 0.2287
vn 0.2928 -0.9498 -0.1104
vn -0.0164 -0.0133 -0.9998
vn 0.2940 -0.9558 -0.0001
vn 0.2925 -0.9499 0.1101
vn -0.0035 0.3013 0.9535
vn -0.0086 0.6101 0.7923
vn 0.1650 0.5577 0.8135
vn 0.0813 0.2768 0.9575
vn -0.0162 0.9785 -0.2058
vn -0.0170 0.9950 -0.0982
vn 0.0099 -0.6124 0.7905
vn 0.0120 -0.7907 0.6121
vn -0.0119 0.7888 0.6145
vn 0.0132 -0.8906 -0.4546
vn 0.0120 -0.7910 -0.6118
vn 0.0055 -0.3043 0.9526
vn -0.0141 0.8889 -0.4578
vn -0.0167 0.9999 -0.0000
vn -0.0036 -0.0027 1.0000
vn 0.0099 -0.6123 -0.7906
vn -0.0153 0.9463 -0.3230
vn -0.0162 0.9950 0.0983
vn -0.0036 -0.0028 1.0000
vn 0.0055 -0.3043 -0.9526
vn 0.0145 -0.9794 -0.2012
vn 0.0138 -0.9470 -0.3210
vn -0.0157 0.9789 0.2039
vn 0.0145 -0.9951 -0.0980
vn -0.0036 -0.0027 -1.0000
vn 0.0144 -0.9999 -0.0000
vn -0.0151 0.9463 0.3230
vn 0.0142 -0.9951 0.0980
vn -0.0035 0.3013 -0.9535
vn 0.0141 -0.9786 0.2054
vn -0.0140 0.8892 0.4572
vn 0.0137 -0.9473 0.3201
vn 0.0131 -0.8908 0.4542
vn -0.2523 -0.9028 -0.3483
vn -0.2600 -0.9402 -0.2202
vn -0.5276 -0.8020 -0.2800
vn -0.4996 -0.7528 -0.4286
vn -0.2110 -0.7301 -0.6499
vn -0.1622 -0.5472 -0.8211
vn 0.2616 0.8310 -0.4909
vn 0.2863 0.8908 -0.3530
vn 0.3132 0.9497 -0.0003
vn 0.3109 0.9442 0.1090
vn 0.0168 -0.0119 0.9998
vn -0.0770 -0.2663 -0.9608
vn 0.3020 0.9261 0.2261
vn -0.2639 -0.9586 -0.1075
vn 0.0168 -0.0119 -0.9998
vn -0.2651 -0.9642 0.0001
vn 0.2863 0.8910 0.3522
vn -0.2642 -0.9584 0.1078
vn 0.0814 0.2769 -0.9575
vn -0.2608 -0.9399 0.2205
vn 0.2617 0.8308 0.4912
vn -0.2523 -0.9024 0.3493
vn 0.1650 0.5576 -0.8135
vn 0.3017 0.9261 -0.2264
vn -0.2379 -0.8389 0.4895
vn 0.2236 0.7290 0.6470
vn -0.2377 -0.8387 -0.4900
vn -0.2111 -0.7300 0.6500
vn 0.2235 0.7289 -0.6472
vn 0.3102 0.9444 -0.1094
vn -0.1622 -0.5473 0.8211
vn -0.0770 -0.2662 0.9608
vn -0.5471 -0.8371 0.0003
vn -0.5428 -0.8285 0.1378
vn -0.9518 -0.2251 0.2086
vn -0.9735 -0.2287 0.0005
vn 0.6334 0.7602 0.1447
vn 0.6074 0.7394 0.2903
vn -0.5424 -0.8288 -0.1372
vn -0.1260 -0.1957 -0.9725
vn 0.0102 -0.0208 -0.9997
vn 0.5622 0.7009 0.4389
vn 0.1434 0.1949 -0.9703
vn -0.5274 -0.8016 0.2816
vn 0.4974 0.6383 0.5875
vn -0.5005 -0.7529 0.4273
vn 0.2916 0.3999 -0.8690
vn 0.5622 0.7009 -0.4389
vn 0.6067 0.7400 -0.2903
vn -0.4527 -0.6736 0.5842
vn 0.4090 0.5422 0.7340
vn -0.4524 -0.6735 -0.5845
vn -0.3787 -0.5558 0.7400
vn 0.4087 0.5421 -0.7342
vn 0.6327 0.7609 -0.1439
vn -0.2696 -0.3925 0.8794
vn 0.2925 0.3994 0.8689
vn -0.3786 -0.5557 -0.7402
vn -0.1260 -0.1957 0.9725
vn 0.4973 0.6384 -0.5875
vn 0.6422 0.7666 -0.0010
vn 0.0102 -0.0208 0.9997
vn 0.1433 0.1948 0.9703
vn -0.2695 -0.3924 -0.8794
vn -0.7894 -0.2004 0.5802
vn -0.6621 -0.1816 0.7271
vn -0.6827 -0.0218 0.7304
vn -0.8126 -0.0266 0.5822
vn -0.0278 -0.0365 -0.9989
vn 0.1493 0.0538 -0.9873
vn -0.8886 -0.2155 0.4050
vn 0.7957 0.1753 0.5798
vn 0.6642 0.1639 0.7294
vn 0.3352 0.1140 -0.9352
vn 0.7957 0.1753 -0.5798
vn 0.8966 0.1822 -0.4036
vn 0.5089 0.1455 0.8485
vn -0.7898 -0.2006 -0.5797
vn -0.6620 -0.1813 -0.7273
vn -0.5147 -0.1594 0.8424
vn 0.5089 0.1455 -0.8485
vn 0.9605 0.1859 -0.2073
vn -0.3554 -0.1332 0.9252
vn 0.3352 0.1140 0.9352
vn -0.5147 -0.1594 -0.8424
vn -0.1916 -0.0976 0.9766
vn 0.6642 0.1639 -0.7294
vn 0.9824 0.1870 -0.0011
vn -0.0278 -0.0365 0.9989
vn 0.1494 0.0538 0.9873
vn -0.3554 -0.1332 -0.9252
vn 0.9605 0.1859 0.2072
vn -0.0277 -0.0364 0.9990
vn -0.1916 -0.0976 -0.9766
vn -0.8887 -0.2157 -0.4045
vn 0.8967 0.1822 0.4034
vn -0.9518 -0.2253 -0.2080
vn -0.3645 -0.0108 0.9311
vn -0.1883 -0.0054 0.9821
vn -0.1572 -0.0133 0.9875
vn -0.3360 -0.0301 0.9414
vn 0.6745 0.0097 0.7382
vn 0.5196 0.0086 0.8544
vn -0.8125 -0.0266 -0.5823
vn -0.6827 -0.0218 -0.7304
vn -0.5310 -0.0164 0.8472
vn 0.3504 0.0065 -0.9366
vn 0.5197 0.0085 -0.8543
vn 0.9113 0.0101 -0.4116
vn 0.9772 0.0099 -0.2121
vn 0.3503 0.0065 0.9366
vn -0.5311 -0.0164 -0.8471
vn 0.6745 0.0096 -0.7382
vn 1.0000 0.0098 -0.0004
vn -0.0085 -0.0005 1.0000
vn 0.1726 0.0035 0.9850
vn -0.3647 -0.0108 -0.9311
vn 0.8077 0.0101 -0.5894
vn 0.9772 0.0100 0.2122
vn -0.0082 -0.0005 1.0000
vn -0.1888 -0.0054 -0.9820
vn -0.9133 -0.0303 -0.4062
vn 0.9112 0.0101 0.4118
vn -0.9773 -0.0327 -0.2095
vn -0.0080 -0.0004 -1.0000
vn -0.9994 -0.0336 0.0003
vn 0.8077 0.0101 0.5894
vn -0.9773 -0.0328 0.2092
vn 0.1727 0.0035 -0.9850
vn -0.9133 -0.0304 0.4062
vn 0.0237 0.0048 0.9997
vn 0.2023 0.0228 0.9791
vn 0.1702 0.1120 0.9790
vn 0.0110 0.0337 0.9994
vn 0.5380 0.0531 -0.8413
vn 0.6861 0.0644 -0.7246
vn 0.9747 0.0834 -0.2074
vn 0.9964 0.0847 0.0001
vn 0.0235 0.0048 0.9997
vn 0.3751 0.0391 0.9262
vn -0.5074 -0.0443 -0.8606
vn -0.3360 -0.0300 -0.9414
vn 0.8132 0.0732 -0.5773
vn 0.9748 0.0834 0.2071
vn -0.1571 -0.0133 -0.9875
vn -0.9063 -0.0710 -0.4166
vn -0.8006 -0.0647 -0.5957
vn 0.9118 0.0796 0.4029
vn -0.9738 -0.0748 -0.2148
vn 0.0234 0.0047 -0.9997
vn -0.9971 -0.0760 -0.0003
vn 0.8133 0.0733 0.5772
vn -0.9738 -0.0748 0.2149
vn 0.2023 0.0227 -0.9790
vn -0.9063 -0.0710 0.4166
vn 0.6861 0.0645 0.7247
vn -0.8006 -0.0647 0.5957
vn 0.3751 0.0391 -0.9262
vn 0.9119 0.0796 -0.4026
vn -0.6647 -0.0559 0.7450
vn 0.5380 0.0531 0.8413
vn -0.6648 -0.0559 -0.7450
vn -0.5074 -0.0443 0.8606
vn -0.9197 -0.3392 -0.1976
vn -0.9389 -0.3442 -0.0007
vn -0.5990 -0.8007 -0.0006
vn -0.5915 -0.7940 -0.1402
vn -0.3452 -0.1609 -0.9246
vn -0.1622 -0.0752 -0.9839
vn -0.8644 -0.3244 -0.3841
vn -0.7751 -0.2997 -0.5562
vn 0.9065 0.3700 0.2031
vn 0.8493 0.3486 0.3965
vn 0.0109 0.0337 -0.9994
vn 0.7565 0.3154 0.5730
vn -0.9200 -0.3391 0.1964
vn 0.1702 0.1120 -0.9790
vn -0.8644 -0.3243 0.3842
vn 0.6347 0.2726 0.7231
vn -0.7752 -0.2998 0.5560
vn 0.3327 0.1706 -0.9275
vn 0.7569 0.3157 -0.5723
vn 0.8489 0.3490 -0.3970
vn -0.6561 -0.2653 0.7065
vn 0.4907 0.2235 0.8422
vn -0.6561 -0.2653 -0.7065
vn -0.5115 -0.2202 0.8306
vn 0.4908 0.2234 -0.8421
vn 0.9064 0.3702 -0.2036
vn -0.3452 -0.1609 0.9246
vn 0.3327 0.1706 0.9275
vn -0.5115 -0.2202 -0.8306
vn -0.1622 -0.0752 0.9839
vn 0.6353 0.2727 -0.7225
vn 0.9260 0.3775 0.0004
vn 0.0108 0.0336 0.9994
vn -0.5706 -0.7716 0.2811
vn -0.5325 -0.7310 0.4267
vn -0.2443 -0.9081 0.3401
vn -0.2562 -0.9416 0.2184
vn 0.5098 0.8149 0.2758
vn 0.4838 0.7668 0.4219
vn -0.5923 -0.7936 0.1392
vn -0.0098 0.0208 -0.9997
vn 0.1232 0.2020 -0.9716
vn 0.4401 0.6895 0.5752
vn 0.2633 0.4057 -0.8753
vn 0.4831 0.7676 -0.4212
vn 0.5093 0.8154 -0.2752
vn -0.4749 -0.6669 0.5742
vn 0.3685 0.5715 0.7332
vn -0.5310 -0.7320 -0.4269
vn -0.4746 -0.6671 -0.5742
vn -0.3942 -0.5677 0.7227
vn 0.3685 0.5715 -0.7332
vn 0.5235 0.8408 -0.1378
vn -0.2838 -0.4193 0.8623
vn 0.2636 0.4059 0.8751
vn -0.3939 -0.5674 -0.7232
vn -0.1398 -0.2044 0.9689
vn 0.4394 0.6906 -0.5745
vn 0.5276 0.8495 0.0002
vn -0.0098 0.0208 0.9997
vn 0.1232 0.2019 0.9716
vn -0.2838 -0.4193 -0.8623
vn 0.5234 0.8411 0.1363
vn -0.1398 -0.2044 -0.9689
vn -0.5693 -0.7723 -0.2817
vn 0.1965 0.9751 -0.1026
vn 0.1938 0.9571 -0.2152
vn -0.0883 0.9755 -0.2017
vn -0.0896 0.9911 -0.0983
vn 0.0517 0.2758 -0.9598
vn 0.1191 0.5697 -0.8132
vn 0.1879 0.9216 -0.3396
vn -0.2254 -0.8499 0.4763
vn 0.1770 0.8601 0.4784
vn 0.1566 0.7534 0.6386
vn -0.2442 -0.9080 -0.3405
vn -0.2252 -0.8497 -0.4768
vn -0.1959 -0.7494 0.6325
vn 0.1566 0.7538 -0.6382
vn -0.1504 -0.5775 0.8024
vn 0.1192 0.5697 0.8132
vn -0.1958 -0.7492 -0.6327
vn -0.0875 -0.2907 0.9528
vn 0.1770 0.8604 -0.4779
vn 0.1975 0.9803 0.0001
vn -0.0389 0.0104 0.9992
vn 0.0517 0.2758 0.9598
vn -0.1506 -0.5777 -0.8022
vn 0.1967 0.9748 0.1054
vn -0.0875 -0.2907 -0.9528
vn -0.2561 -0.9420 -0.2168
vn 0.1940 0.9570 0.2155
vn -0.2628 -0.9588 -0.1079
vn -0.0389 0.0104 -0.9992
vn -0.2651 -0.9642 -0.0003
vn 0.1880 0.9219 0.3389
vn -0.2634 -0.9591 0.1037
vn 0.0158 -0.6286 -0.7776
vn 0.0296 -0.8017 -0.5971
vn 0.1187 -0.7850 -0.6080
vn 0.0924 -0.6089 -0.7878
vn 0.0158 -0.6286 0.7776
vn 0.0296 -0.8017 0.5970
vn -0.0758 0.7916 0.6064
vn -0.0626 0.6167 0.7847
vn 0.0368 -0.8967 -0.4411
vn -0.0066 -0.3184 0.9479
vn -0.0757 0.7930 -0.6046
vn -0.0822 0.8899 -0.4486
vn -0.0900 0.9959 0.0001
vn -0.0063 0.0032 1.0000
vn -0.0343 0.3076 0.9509
vn -0.0861 0.9448 -0.3161
vn -0.0896 0.9911 0.0984
vn -0.0066 -0.3184 -0.9479
vn 0.0416 -0.9789 -0.1998
vn 0.0402 -0.9499 -0.3099
vn -0.0885 0.9754 0.2018
vn 0.0424 -0.9946 -0.0949
vn -0.0063 0.0032 -1.0000
vn 0.0425 -0.9991 -0.0001
vn -0.0863 0.9447 0.3163
vn 0.0423 -0.9946 0.0946
vn -0.0343 0.3076 -0.9509
vn 0.0417 -0.9793 0.1979
vn -0.0825 0.8898 0.4488
vn 0.0401 -0.9500 0.3096
vn -0.0626 0.6168 -0.7846
vn 0.0367 -0.8965 0.4415
vn -0.1364 0.9704 0.1991
vn -0.1375 0.9859 0.0957
vn 0.0373 0.9947 0.0958
vn 0.0344 0.9797 0.1973
vn -0.1278 0.8847 -0.4483
vn -0.1341 0.9393 -0.3158
vn -0.1382 0.9904 -0.0001
vn -0.0459 0.3047 0.9513
vn -0.0021 -0.0017 1.0000
vn 0.0456 -0.3022 -0.9522
vn 0.1450 -0.9687 -0.2016
vn 0.1407 -0.9377 -0.3176
vn 0.1471 -0.9844 -0.0970
vn -0.0021 -0.0018 -1.0000
vn 0.1475 -0.9891 -0.0000
vn -0.1338 0.9393 0.3158
vn 0.1466 -0.9844 0.0968
vn -0.0459 0.3047 -0.9513
vn 0.1445 -0.9693 0.1989
vn -0.1276 0.8846 0.4486
vn 0.1406 -0.9378 0.3174
vn -0.0905 0.6124 -0.7854
vn -0.1372 0.9701 -0.2002
vn 0.1328 -0.8827 0.4508
vn -0.1150 0.7875 0.6055
vn 0.1329 -0.8829 -0.4503
vn 0.1187 -0.7853 0.6077
vn -0.1150 0.7874 -0.6057
vn -0.1384 0.9857 -0.0961
vn 0.0924 -0.6088 0.7879
vn -0.0904 0.6123 0.7854
vn 0.0457 -0.3022 0.9522
vn 0.0063 0.3077 -0.9515
vn -0.0128 -0.0025 -0.9999
vn 0.0133 -0.0080 -0.9999
vn 0.0756 0.2905 -0.9539
vn 0.0121 -0.9952 -0.0975
vn 0.0114 -0.9797 -0.2001
vn 0.0027 -0.3098 -0.9508
vn 0.0123 -0.9999 0.0001
vn 0.0300 0.9498 0.3116
vn 0.0120 -0.9952 0.0976
vn 0.0111 -0.9797 0.2003
vn 0.0244 0.8949 0.4457
vn 0.0098 -0.9487 0.3160
vn 0.0131 0.6205 -0.7841
vn 0.0298 0.9487 -0.3149
vn 0.0343 0.9797 -0.1977
vn 0.0081 -0.8948 0.4463
vn 0.0187 0.7977 0.6028
vn 0.0099 -0.9486 -0.3163
vn 0.0083 -0.8940 -0.4480
vn 0.0063 -0.7969 0.6041
vn 0.0187 0.7983 -0.6020
vn 0.0371 0.9945 -0.0982
vn 0.0049 -0.6204 0.7843
vn 0.0131 0.6205 0.7841
vn 0.0064 -0.7964 -0.6047
vn 0.0027 -0.3098 0.9508
vn 0.0244 0.8953 -0.4447
vn 0.0382 0.9993 -0.0003
vn -0.0128 -0.0025 0.9999
vn 0.0063 0.3077 0.9515
vn 0.0050 -0.6202 -0.7844
vn 0.2018 0.7551 0.6238
vn 0.2318 0.8534 0.4670
vn 0.3760 0.7688 0.5173
vn 0.3264 0.6615 0.6752
vn -0.2443 -0.9455 0.2153
vn -0.2481 -0.9629 0.1064
vn 0.2501 0.9097 0.3315
vn -0.2364 -0.9112 0.3374
vn 0.1524 0.5835 -0.7977
vn 0.2502 0.9095 -0.3319
vn 0.2611 0.9417 -0.2121
vn -0.2233 -0.8534 0.4710
vn -0.2369 -0.9115 -0.3362
vn -0.2233 -0.8533 -0.4712
vn -0.1987 -0.7512 0.6295
vn 0.2019 0.7554 -0.6233
vn 0.2669 0.9582 -0.1034
vn -0.1539 -0.5731 0.8049
vn 0.1524 0.5836 0.7976
vn -0.1987 -0.7511 -0.6296
vn -0.0743 -0.2818 0.9566
vn 0.2318 0.8532 -0.4673
vn 0.2689 0.9632 -0.0001
vn 0.0134 -0.0079 0.9999
vn 0.0756 0.2906 0.9539
vn -0.1539 -0.5731 -0.8049
vn 0.2669 0.9582 0.1033
vn 0.0133 -0.0080 0.9999
vn -0.0743 -0.2818 -0.9566
vn -0.2445 -0.9453 -0.2160
vn 0.2611 0.9417 0.2121
vn -0.2484 -0.9628 -0.1063
vn -0.2495 -0.9684 -0.0000
vn 0.3760 0.7687 -0.5173
vn 0.3264 0.6614 -0.6753
vn 0.4846 0.3464 -0.8032
vn 0.6058 0.4283 -0.6705
vn -0.4442 -0.8008 -0.4018
vn -0.4026 -0.7315 -0.5503
vn -0.3390 -0.6225 0.7054
vn -0.4026 -0.7315 0.5503
vn 0.2456 0.4918 -0.8353
vn 0.4220 0.8741 -0.2406
vn 0.4306 0.8948 -0.1183
vn -0.2441 -0.4565 0.8556
vn 0.2455 0.4917 0.8354
vn -0.3389 -0.6225 -0.7054
vn -0.1137 -0.2270 0.9672
vn 0.4332 0.9013 0.0002
vn 0.0095 -0.0144 0.9999
vn 0.1235 0.2378 0.9634
vn -0.2441 -0.4564 -0.8556
vn 0.4054 0.8349 -0.3724
vn 0.4303 0.8948 0.1192
vn 0.0095 -0.0145 0.9998
vn -0.1137 -0.2270 -0.9672
vn -0.4700 -0.8429 -0.2621
vn 0.4220 0.8741 0.2406
vn -0.4842 -0.8653 -0.1298
vn 0.0095 -0.0145 -0.9999
vn -0.4887 -0.8724 -0.0002
vn 0.4053 0.8349 0.3724
vn -0.4836 -0.8651 0.1331
vn 0.1235 0.2377 -0.9634
vn -0.4700 -0.8428 0.2622
vn -0.4442 -0.8008 0.4017
vn 0.0002 -0.0363 0.9993
vn 0.1624 0.1141 0.9801
vn 0.1449 0.0209 0.9892
vn -0.0342 -0.0120 0.9993
vn 0.8054 0.5658 -0.1764
vn 0.8183 0.5748 0.0003
vn 0.0001 -0.0364 0.9993
vn -0.1505 -0.1365 0.9791
vn 0.3361 0.2452 0.9093
vn -0.4634 -0.3039 -0.8324
vn -0.3103 -0.2224 -0.9243
vn 0.6996 0.4924 -0.5177
vn 0.8056 0.5657 0.1759
vn -0.1505 -0.1365 -0.9791
vn -0.7907 -0.4806 -0.3793
vn -0.7092 -0.4365 -0.5536
vn 0.7660 0.5381 0.3517
vn -0.8397 -0.5071 -0.1941
vn 0.0002 -0.0363 -0.9993
vn -0.8565 -0.5162 -0.0002
vn 0.6997 0.4924 0.5176
vn -0.8400 -0.5073 0.1927
vn 0.1624 0.1141 -0.9801
vn -0.7905 -0.4805 0.3798
vn 0.6058 0.4283 0.6705
vn -0.7088 -0.4362 0.5544
vn 0.3361 0.2452 -0.9093
vn 0.7659 0.5381 -0.3519
vn -0.5986 -0.3766 0.7070
vn 0.4847 0.3465 0.8031
vn -0.5988 -0.3767 -0.7068
vn -0.4634 -0.3039 0.8324
vn -0.3103 -0.2224 0.9243
vn -0.9732 -0.1003 -0.2071
vn -0.9949 -0.1012 -0.0000
vn -0.9999 0.0121 -0.0000
vn -0.9769 0.0118 -0.2135
vn -0.3776 -0.0614 -0.9239
vn -0.2089 -0.0405 -0.9771
vn -0.9100 -0.0975 -0.4031
vn -0.8111 -0.0928 -0.5774
vn 0.9699 0.1112 0.2166
vn 0.9009 0.1070 0.4206
vn -0.0345 -0.0121 -0.9993
vn 0.7933 0.0998 0.6005
vn -0.9732 -0.1003 0.2071
vn 0.1447 0.0208 -0.9893
vn -0.9102 -0.0975 0.4025
vn 0.6559 0.0889 0.7496
vn -0.8112 -0.0928 0.5773
vn 0.3238 0.0505 -0.9448
vn 0.7934 0.0998 -0.6005
vn 0.9009 0.1070 -0.4206
vn -0.6852 -0.0860 0.7233
vn 0.4965 0.0730 0.8650
vn -0.6845 -0.0859 -0.7239
vn -0.5380 -0.0759 0.8395
vn 0.4966 0.0730 -0.8649
vn 0.9699 0.1112 -0.2165
vn -0.3778 -0.0615 0.9238
vn 0.3239 0.0505 0.9448
vn -0.5377 -0.0759 -0.8397
vn -0.2090 -0.0405 0.9771
vn 0.6557 0.0889 -0.7498
vn 0.9936 0.1125 0.0001
vn -0.0343 -0.0120 0.9993
vn 0.6767 -0.0082 0.7362
vn 0.8086 -0.0097 0.5882
vn 0.8084 -0.0150 0.5885
vn 0.6755 -0.0128 0.7372
vn 0.9114 -0.0109 0.4113
vn -0.9769 0.0118 0.2136
vn 0.0038 -0.0001 -1.0000
vn 0.1825 -0.0022 -0.9832
vn -0.9100 0.0110 0.4144
vn -0.8058 0.0097 0.5922
vn 0.3574 -0.0043 -0.9340
vn 0.8086 -0.0097 -0.5882
vn 0.9114 -0.0109 -0.4113
vn -0.6724 0.0081 0.7402
vn 0.5240 -0.0063 0.8517
vn -0.8058 0.0097 -0.5922
vn -0.6724 0.0081 -0.7402
vn -0.5183 0.0062 0.8552
vn 0.5240 -0.0063 -0.8517
vn 0.9772 -0.0117 -0.2119
vn -0.3506 0.0042 0.9365
vn 0.3574 -0.0043 0.9340
vn -0.5183 0.0062 -0.8552
vn -0.1751 0.0021 0.9845
vn 0.6767 -0.0082 -0.7362
vn 0.9999 -0.0120 -0.0000
vn 0.0037 -0.0001 1.0000
vn 0.1826 -0.0022 0.9832
vn -0.3506 0.0042 -0.9365
vn 0.9772 -0.0117 0.2119
vn -0.1751 0.0021 -0.9845
vn -0.9100 0.0110 -0.4144
vn 0.5211 -0.0101 -0.8534
vn 0.3521 -0.0070 -0.9359
vn 0.3448 -0.0425 -0.9377
vn 0.5160 -0.0634 -0.8542
vn -0.8127 0.0191 0.5824
vn -0.9135 0.0216 0.4063
vn 0.1746 -0.0035 -0.9846
vn 0.8084 -0.0150 -0.5885
vn 0.9114 -0.0166 -0.4112
vn -0.6823 0.0160 0.7309
vn 0.5211 -0.0101 0.8534
vn -0.8126 0.0191 -0.5825
vn -0.6824 0.0160 -0.7308
vn -0.5304 0.0123 0.8477
vn 0.9772 -0.0176 -0.2117
vn -0.3633 0.0083 0.9316
vn 0.3522 -0.0070 0.9359
vn -0.5304 0.0123 -0.8477
vn -0.1871 0.0043 0.9823
vn 0.6755 -0.0128 -0.7372
vn 0.9998 -0.0179 0.0001
vn -0.0065 0.0003 1.0000
vn 0.1747 -0.0035 0.9846
vn -0.3635 0.0083 -0.9316
vn 0.9771 -0.0176 0.2118
vn -0.0063 0.0003 1.0000
vn -0.1872 0.0043 -0.9823
vn -0.9135 0.0216 -0.4062
vn 0.9115 -0.0166 0.4111
vn -0.9776 0.0232 -0.2090
vn -0.0064 0.0003 -1.0000
vn -0.9997 0.0237 -0.0001
vn -0.9776 0.0232 0.2090
vn 0.1650 -0.0193 0.9861
vn 0.3448 -0.0425 0.9377
vn 0.3429 -0.1413 0.9287
vn 0.1643 -0.0638 0.9843
vn 0.9068 -0.1057 -0.4082
vn 0.9713 -0.1120 -0.2097
vn -0.3730 0.0499 0.9265
vn -0.5371 0.0690 0.8407
vn 0.5160 -0.0634 0.8542
vn -0.6859 0.0854 -0.7227
vn -0.5373 0.0690 -0.8406
vn -0.1983 0.0284 0.9797
vn 0.6718 -0.0812 -0.7363
vn 0.9935 -0.1141 0.0001
vn -0.0177 0.0049 0.9998
vn -0.3729 0.0499 -0.9265
vn 0.8045 -0.0953 -0.5862
vn 0.9714 -0.1120 0.2095
vn -0.0176 0.0049 0.9998
vn -0.1984 0.0283 -0.9797
vn -0.9101 0.1090 -0.3997
vn -0.8126 0.0989 -0.5744
vn 0.9067 -0.1057 0.4083
vn -0.9720 0.1154 -0.2048
vn -0.0177 0.0049 -0.9998
vn -0.9931 0.1175 -0.0001
vn 0.8046 -0.0953 0.5862
vn -0.9719 0.1154 0.2051
vn 0.1649 -0.0193 -0.9861
vn -0.9101 0.1090 0.3997
vn 0.6717 -0.0812 0.7363
vn -0.8126 0.0989 0.5744
vn -0.6859 0.0854 0.7227
vn -0.7683 0.2840 -0.5736
vn -0.8618 0.3139 -0.3985
vn -0.6765 0.6539 -0.3387
vn -0.6214 0.6001 -0.5037
vn -0.5005 0.1991 -0.8425
vn -0.3412 0.1479 -0.9283
vn 0.6533 -0.2566 -0.7123
vn 0.7721 -0.2982 -0.5612
vn 0.9351 -0.3544 -0.0000
vn 0.9163 -0.3479 0.1985
vn -0.0099 0.0202 0.9997
vn -0.1760 0.0903 -0.9802
vn 0.8608 -0.3287 0.3884
vn -0.9206 0.3328 -0.2042
vn -0.0099 0.0202 -0.9997
vn -0.9407 0.3392 -0.0000
vn 0.7723 -0.2982 0.5610
vn -0.9207 0.3327 0.2042
vn 0.1643 -0.0638 -0.9843
vn -0.8618 0.3138 0.3985
vn 0.6531 -0.2565 0.7125
vn -0.7684 0.2840 0.5736
vn 0.3428 -0.1413 -0.9287
vn 0.8611 -0.3289 -0.3877
vn -0.6457 0.2451 0.7232
vn 0.5086 -0.2047 0.8363
vn -0.6455 0.2450 -0.7234
vn -0.5004 0.1991 0.8426
vn 0.5086 -0.2047 -0.8363
vn 0.9163 -0.3480 -0.1984
vn -0.3412 0.1478 0.9283
vn -0.1761 0.0903 0.9802
vn -0.0100 0.0203 0.9997
vn -0.7187 0.6954 -0.0001
vn -0.7083 0.6852 0.1699
vn -0.4810 0.8664 0.1336
vn -0.4853 0.8744 -0.0001
vn 0.7098 -0.6843 0.1669
vn 0.6785 -0.6552 0.3322
vn -0.7083 0.6851 -0.1700
vn -0.1425 0.1516 -0.9781
vn 0.0028 0.0167 -0.9999
vn 0.6259 -0.6062 0.4906
vn 0.1525 -0.1437 -0.9778
vn -0.6765 0.6540 0.3386
vn 0.5481 -0.5329 0.6447
vn -0.6214 0.6002 0.5036
vn 0.3105 -0.3038 -0.9007
vn 0.6255 -0.6058 -0.4917
vn 0.6785 -0.6553 -0.3320
vn -0.5409 0.5224 0.6592
vn 0.4435 -0.4332 0.7846
vn -0.5404 0.5217 -0.6601
vn -0.4317 0.4181 0.7993
vn 0.4435 -0.4332 -0.7846
vn 0.7098 -0.6844 -0.1667
vn -0.2960 0.2912 0.9097
vn 0.3105 -0.3038 0.9007
vn -0.4321 0.4187 -0.7987
vn -0.1425 0.1516 0.9781
vn 0.5483 -0.5331 -0.6444
vn 0.7201 -0.6939 0.0001
vn 0.0027 0.0167 0.9999
vn 0.1526 -0.1437 0.9778
vn -0.2960 0.2911 -0.9098
vn -0.4419 0.7924 0.4205
vn -0.4002 0.7149 0.5733
vn -0.2535 0.8308 0.4956
vn -0.2716 0.8948 0.3544
vn 0.0117 0.0170 -0.9998
vn 0.1219 -0.2161 -0.9687
vn -0.4673 0.8402 0.2751
vn 0.4423 -0.7959 0.4133
vn 0.3999 -0.7235 0.5627
vn 0.2450 -0.4489 -0.8593
vn 0.4428 -0.7964 -0.4121
vn 0.4690 -0.8406 -0.2709
vn 0.3365 -0.6129 0.7150
vn -0.4419 0.7923 -0.4207
vn -0.4001 0.7147 -0.5737
vn -0.3350 0.5966 0.7292
vn 0.3366 -0.6129 -0.7149
vn 0.4838 -0.8651 -0.1322
vn -0.2388 0.4267 0.8723
vn 0.2450 -0.4490 0.8593
vn -0.3350 0.5965 -0.7294
vn -0.1099 0.2106 0.9714
vn 0.4000 -0.7235 -0.5626
vn 0.4883 -0.8727 0.0001
vn 0.0117 0.0170 0.9998
vn 0.1219 -0.2161 0.9687
vn -0.2388 0.4267 -0.8723
vn 0.4837 -0.8652 0.1323
vn 0.0116 0.0170 0.9998
vn -0.1099 0.2106 -0.9714
vn -0.4673 0.8401 -0.2755
vn 0.4691 -0.8410 0.2697
vn -0.4810 0.8662 -0.1353
vn -0.1677 0.5423 0.8233
vn -0.0807 0.2646 0.9610
vn -0.0461 0.2962 0.9540
vn -0.0910 0.6003 0.7946
vn 0.2653 -0.8287 0.4929
vn 0.2294 -0.7247 0.6497
vn -0.2713 0.8944 -0.3557
vn -0.2533 0.8305 -0.4962
vn -0.2220 0.7224 0.6549
vn 0.1722 -0.5508 -0.8167
vn 0.2294 -0.7248 -0.6497
vn 0.3009 -0.9255 -0.2300
vn 0.3084 -0.9444 -0.1139
vn 0.1722 -0.5508 0.8166
vn -0.2218 0.7222 -0.6552
vn 0.2652 -0.8285 -0.4932
vn 0.3111 -0.9504 0.0001
vn 0.0053 0.0064 1.0000
vn 0.0850 -0.2708 0.9589
vn -0.1677 0.5423 -0.8233
vn 0.2877 -0.8904 -0.3528
vn 0.3090 -0.9442 0.1142
vn 0.0053 0.0065 1.0000
vn -0.0806 0.2645 -0.9610
vn -0.2814 0.9315 -0.2303
vn 0.3015 -0.9253 0.2301
vn -0.2868 0.9513 -0.1127
vn 0.0053 0.0065 -1.0000
vn -0.2886 0.9575 -0.0001
vn 0.2877 -0.8902 0.3534
vn -0.2870 0.9513 0.1126
vn 0.0850 -0.2709 -0.9589
vn -0.2818 0.9314 0.2303
vn 0.0080 0.0039 1.0000
vn 0.0444 -0.2984 0.9534
vn 0.0014 -0.3145 0.9493
vn -0.0035 0.0002 1.0000
vn 0.1249 -0.7763 -0.6178
vn 0.1443 -0.8756 -0.4610
vn 0.1682 -0.9804 -0.1024
vn 0.1697 -0.9855 0.0002
vn 0.0934 -0.6003 0.7943
vn -0.1150 0.7788 -0.6167
vn -0.0910 0.6002 -0.7947
vn 0.1565 -0.9319 -0.3271
vn 0.1681 -0.9807 0.1002
vn -0.0461 0.2962 -0.9540
vn -0.1380 0.9691 -0.2045
vn -0.1345 0.9370 -0.3223
vn 0.1640 -0.9644 0.2075
vn -0.1395 0.9852 -0.0997
vn 0.0080 0.0039 -1.0000
vn -0.1398 0.9902 -0.0001
vn 0.1564 -0.9324 0.3257
vn -0.1393 0.9852 0.0996
vn 0.0444 -0.2984 -0.9534
vn -0.1376 0.9692 0.2044
vn 0.1442 -0.8758 0.4606
vn -0.1342 0.9370 0.3226
vn 0.0934 -0.6004 -0.7942
vn 0.1643 -0.9641 -0.2085
vn -0.1276 0.8797 0.4582
vn 0.1249 -0.7762 0.6180
vn -0.1276 0.8791 -0.4592
vn -0.1150 0.7788 0.6166
vn 0.0115 0.9952 -0.0977
vn 0.0116 0.9999 -0.0001
vn 0.1982 0.9802 -0.0000
vn 0.1970 0.9748 -0.1050
vn 0.0044 0.6302 -0.7764
vn 0.0021 0.3166 -0.9486
vn 0.0107 0.9802 -0.1975
vn 0.0097 0.9500 -0.3120
vn 0.0137 -0.9952 0.0973
vn 0.0125 -0.9803 0.1971
vn -0.0035 0.0002 -1.0000
vn 0.0107 -0.9511 0.3088
vn 0.0113 0.9952 0.0976
vn 0.0014 -0.3144 -0.9493
vn 0.0106 0.9797 0.2003
vn 0.0083 -0.8994 0.4370
vn 0.0096 0.9507 0.3100
vn 0.0035 -0.6304 -0.7763
vn 0.0105 -0.9515 -0.3076
vn 0.0121 -0.9799 -0.1993
vn 0.0081 0.8975 0.4410
vn 0.0059 -0.8050 0.5932
vn 0.0081 0.8980 -0.4400
vn 0.0063 0.8036 0.5951
vn 0.0058 -0.8050 -0.5932
vn 0.0135 -0.9954 -0.0945
vn 0.0044 0.6301 0.7765
vn 0.0035 -0.6306 0.7761
vn 0.0063 0.8038 -0.5948
vn 0.0021 0.3166 0.9486
vn 0.0082 -0.8991 -0.4376
vn 0.0139 -0.9999 0.0001
vn -0.0034 0.0001 1.0000
vn 0.1934 0.9567 0.2174
vn 0.1869 0.9232 0.3358
vn 0.3730 0.8407 0.3925
vn 0.3920 0.8835 0.2565
vn -0.1667 -0.9629 0.2122
vn -0.1614 -0.9295 0.3317
vn 0.1972 0.9747 0.1049
vn -0.0191 0.0121 -0.9997
vn -0.0548 -0.2957 -0.9537
vn -0.1517 -0.8712 0.4670
vn -0.1037 -0.5954 -0.7967
vn -0.1614 -0.9298 -0.3309
vn -0.1665 -0.9634 -0.2099
vn 0.1742 0.8610 0.4779
vn -0.1342 -0.7706 0.6231
vn 0.1864 0.9233 -0.3358
vn 0.1742 0.8612 -0.4775
vn 0.1532 0.7558 0.6367
vn -0.1342 -0.7705 -0.6231
vn -0.1692 -0.9802 -0.1030
vn 0.1159 0.5733 0.8111
vn -0.1037 -0.5954 0.7967
vn 0.1530 0.7552 -0.6373
vn 0.0519 0.2813 0.9582
vn -0.1517 -0.8713 -0.4667
vn -0.1700 -0.9854 0.0001
vn -0.0192 0.0120 0.9997
vn -0.0548 -0.2957 0.9537
vn 0.1158 0.5730 -0.8113
vn -0.1695 -0.9803 0.1015
vn -0.0191 0.0121 0.9997
vn 0.0519 0.2812 -0.9582
vn 0.1933 0.9573 -0.2150
vn -0.3890 -0.9130 -0.1233
vn -0.3795 -0.8906 -0.2506
vn -0.5827 -0.7535 -0.3045
vn -0.6048 -0.7820 -0.1509
vn -0.1054 -0.2401 -0.9650
vn -0.2116 -0.4963 -0.8419
vn -0.3616 -0.8488 -0.3858
vn 0.3410 0.7685 0.5414
vn -0.3322 -0.7804 0.5297
vn -0.2848 -0.6692 0.6864
vn 0.3731 0.8408 -0.3923
vn 0.3411 0.7687 -0.5411
vn 0.2897 0.6537 0.6991
vn -0.2849 -0.6692 -0.6863
vn 0.2111 0.4786 0.8523
vn -0.2116 -0.4963 0.8420
vn 0.2900 0.6542 -0.6985
vn 0.0987 0.2337 0.9673
vn -0.3322 -0.7804 -0.5298
vn -0.3919 -0.9200 -0.0000
vn -0.0088 0.0101 0.9999
vn -0.1054 -0.2400 0.9650
vn 0.2112 0.4788 -0.8522
vn -0.3889 -0.9130 0.1234
vn -0.0087 0.0102 0.9999
vn 0.0987 0.2337 -0.9673
vn 0.3921 0.8834 -0.2565
vn -0.3794 -0.8907 0.2506
vn 0.4024 0.9067 -0.1262
vn -0.0087 0.0102 -0.9999
vn 0.4056 0.9140 -0.0000
vn -0.3618 -0.8496 0.3839
vn 0.4023 0.9068 0.1261
vn 0.2710 0.3438 -0.8991
vn 0.3930 0.4901 -0.7781
vn 0.4443 0.4056 -0.7988
vn 0.3065 0.2811 -0.9094
vn 0.2709 0.3436 0.8992
vn 0.3935 0.4907 0.7774
vn -0.3989 -0.5166 0.7576
vn -0.2842 -0.3676 0.8855
vn 0.4860 0.6031 -0.6325
vn 0.1268 0.1759 0.9762
vn -0.3988 -0.5165 -0.7578
vn -0.4837 -0.6262 -0.6114
vn -0.6119 -0.7909 -0.0000
vn -0.0068 0.0197 0.9998
vn -0.1404 -0.1740 0.9747
vn -0.5438 -0.7036 -0.4574
vn -0.6049 -0.7819 0.1509
vn 0.1268 0.1759 -0.9762
vn 0.5963 0.7380 -0.3158
vn 0.5529 0.6848 -0.4747
vn -0.5828 -0.7536 0.3041
vn 0.6208 0.7680 -0.1575
vn -0.0068 0.0197 -0.9998
vn 0.6287 0.7777 -0.0000
vn -0.5444 -0.7040 0.4561
vn 0.6208 0.7680 0.1575
vn -0.1404 -0.1740 -0.9747
vn 0.5964 0.7379 0.3158
vn -0.4841 -0.6266 0.6107
vn 0.5530 0.6847 0.4747
vn -0.2843 -0.3676 -0.8855
vn 0.4864 0.6035 0.6319
vn -0.6866 -0.6436 0.3381
vn -0.7185 -0.6741 0.1711
vn -0.8700 -0.4548 0.1902
vn -0.8208 -0.4299 0.3760
vn -0.5509 -0.5146 -0.6571
vn -0.6318 -0.5913 -0.5012
vn -0.7293 -0.6842 0.0001
vn -0.1509 -0.1388 0.9788
vn -0.0010 0.0012 1.0000
vn 0.1498 0.1390 -0.9789
vn 0.6966 0.6316 -0.3404
vn 0.6388 0.5801 -0.5054
vn 0.7300 0.6611 -0.1733
vn -0.0009 0.0013 -1.0000
vn 0.7413 0.6712 -0.0001
vn -0.6317 -0.5913 0.5013
vn 0.7299 0.6613 0.1731
vn -0.1509 -0.1387 -0.9788
vn 0.6961 0.6313 0.3420
vn -0.5509 -0.5147 0.6570
vn 0.6386 0.5800 0.5058
vn -0.3065 -0.2847 -0.9083
vn -0.6868 -0.6435 -0.3379
vn 0.5549 0.5051 0.6610
vn -0.4425 -0.4124 0.7964
vn 0.5551 0.5052 -0.6608
vn 0.4442 0.4056 0.7989
vn -0.4425 -0.4124 -0.7963
vn -0.7187 -0.6739 -0.1710
vn 0.3065 0.2811 0.9094
vn -0.3065 -0.2847 0.9083
vn 0.1497 0.1390 0.9789
vn -0.0009 0.0013 1.0000
vn -0.1637 -0.0832 -0.9830
vn 0.0051 0.0209 -0.9998
vn 0.0237 0.0094 -0.9997
vn -0.1547 -0.0237 -0.9877
vn 0.8810 0.4291 -0.1993
vn 0.8270 0.4045 -0.3904
vn 0.1649 0.1056 -0.9806
vn 0.8993 0.4373 -0.0000
vn -0.7407 -0.3894 0.5475
vn 0.8811 0.4290 0.1993
vn 0.8264 0.4041 0.3921
vn -0.6313 -0.3340 0.7000
vn 0.7387 0.3644 0.5671
vn -0.3378 -0.1822 -0.9234
vn -0.7405 -0.3894 -0.5478
vn -0.8206 -0.4299 -0.3765
vn 0.6216 0.3115 0.7188
vn -0.4959 -0.2650 0.8269
vn 0.7387 0.3644 -0.5671
vn 0.6215 0.3115 -0.7188
vn 0.4816 0.2489 0.8403
vn -0.4960 -0.2650 -0.8269
vn -0.8698 -0.4548 -0.1915
vn 0.3261 0.1796 0.9281
vn -0.3378 -0.1821 0.9234
vn 0.4816 0.2489 -0.8403
vn 0.1649 0.1056 0.9806
vn -0.6312 -0.3340 -0.7000
vn -0.8863 -0.4631 0.0001
vn 0.0052 0.0209 0.9998
vn -0.1638 -0.0832 0.9830
vn 0.3261 0.1796 -0.9281
vn 0.0051 0.0208 0.9998
vn -0.5032 -0.0819 0.8603
vn -0.6599 -0.1035 0.7442
vn -0.6703 -0.0057 0.7421
vn -0.5155 -0.0044 0.8569
vn 0.9049 0.1267 0.4064
vn 0.9688 0.1328 0.2092
vn -0.7949 -0.1204 0.5946
vn 0.8049 0.1169 0.5817
vn -0.3323 -0.0551 -0.9415
vn -0.7949 -0.1204 -0.5946
vn -0.8998 -0.1326 -0.4157
vn 0.6770 0.1036 0.7286
vn 0.8049 0.1170 -0.5818
vn 0.6770 0.1037 -0.7286
vn 0.5292 0.0868 0.8440
vn -0.5032 -0.0819 -0.8603
vn -0.9667 -0.1400 -0.2142
vn 0.3681 0.0659 0.9274
vn -0.3323 -0.0551 0.9416
vn 0.5292 0.0868 -0.8440
vn 0.1987 0.0401 0.9792
vn -0.6599 -0.1036 -0.7442
vn -0.9898 -0.1425 -0.0000
vn 0.0237 0.0094 0.9997
vn -0.1547 -0.0237 0.9877
vn 0.3681 0.0659 -0.9274
vn -0.9667 -0.1400 0.2141
vn 0.0235 0.0094 0.9997
vn 0.1987 0.0401 -0.9792
vn 0.9049 0.1267 -0.4064
vn -0.8998 -0.1325 0.4157
vn 0.9688 0.1328 -0.2092
vn 0.9909 0.1348 -0.0000
vn -0.6703 -0.0056 -0.7421
vn -0.5155 -0.0044 -0.8569
vn -0.5223 0.0075 -0.8527
vn -0.6755 0.0097 -0.7373
vn 0.8101 0.0071 -0.5863
vn 0.6790 0.0059 -0.7341
vn 0.5270 0.0047 0.8498
vn 0.6790 0.0060 0.7341
vn -0.3473 -0.0029 -0.9378
vn -0.9094 -0.0076 -0.4159
vn -0.9767 -0.0082 -0.2145
vn 0.3609 0.0032 0.9326
vn -0.3472 -0.0029 0.9378
vn 0.5270 0.0046 -0.8498
vn 0.1864 0.0017 0.9825
vn -1.0000 -0.0084 -0.0000
vn 0.0077 0.0001 1.0000
vn -0.1714 -0.0014 0.9852
vn 0.3609 0.0032 -0.9326
vn -0.8045 -0.0068 -0.5939
vn -0.9767 -0.0082 0.2145
vn 0.0075 0.0001 1.0000
vn 0.1864 0.0017 -0.9825
vn 0.9123 0.0079 -0.4095
vn -0.9094 -0.0076 0.4159
vn 0.9775 0.0085 -0.2108
vn 0.0077 0.0001 -1.0000
vn 1.0000 0.0087 -0.0000
vn -0.8045 -0.0068 0.5939
vn 0.9775 0.0085 0.2108
vn -0.1714 -0.0014 -0.9852
vn 0.9123 0.0079 0.4096
vn 0.8101 0.0071 0.5863
vn -0.0014 -0.0000 1.0000
vn -0.1802 0.0026 0.9836
vn -0.1837 -0.0012 0.9830
vn -0.0045 -0.0001 1.0000
vn -0.9771 0.0139 -0.2124
vn -0.9999 0.0142 -0.0000
vn -0.0011 -0.0000 1.0000
vn 0.1777 -0.0025 0.9841
vn -0.3553 0.0051 0.9347
vn 0.5204 -0.0075 -0.8539
vn 0.3530 -0.0051 -0.9356
vn -0.8078 0.0115 -0.5893
vn -0.9771 0.0139 0.2124
vn 0.1777 -0.0026 -0.9841
vn 0.9106 -0.0133 -0.4131
vn 0.8068 -0.0117 -0.5907
vn -0.9110 0.0130 0.4122
vn 0.9770 -0.0142 -0.2128
vn -0.0013 -0.0000 -1.0000
vn 0.9999 -0.0146 -0.0000
vn -0.8078 0.0115 0.5893
vn 0.9770 -0.0142 0.2128
vn -0.1802 0.0026 -0.9836
vn 0.9109 -0.0133 0.4125
vn -0.6754 0.0097 0.7373
vn 0.8068 -0.0117 0.5907
vn -0.3553 0.0051 -0.9347
vn -0.9110 0.0130 -0.4122
vn 0.6740 -0.0098 0.7387
vn -0.5223 0.0075 0.8528
vn 0.6740 -0.0098 -0.7387
vn 0.5204 -0.0075 0.8539
vn 0.3530 -0.0051 0.9356
vn 0.9770 0.0063 -0.2130
vn 1.0000 0.0065 -0.0000
vn 0.9999 -0.0137 -0.0000
vn 0.9773 -0.0141 -0.2113
vn 0.3509 0.0022 -0.9364
vn 0.1749 0.0011 -0.9846
vn 0.9104 0.0059 -0.4136
vn 0.8063 0.0052 -0.5915
vn -0.9774 -0.0061 0.2112
vn -0.9120 -0.0057 0.4101
vn -0.0045 -0.0001 -1.0000
vn -0.8097 -0.0051 0.5868
vn 0.9770 0.0063 0.2130
vn -0.1837 -0.0012 -0.9830
vn 0.9104 0.0059 0.4136
vn -0.6778 -0.0043 0.7353
vn 0.8063 0.0052 0.5915
vn -0.3589 -0.0023 -0.9334
vn -0.8097 -0.0051 -0.5868
vn -0.9120 -0.0057 -0.4101
vn 0.6730 0.0043 0.7396
vn -0.5255 -0.0033 0.8508
vn 0.6730 0.0043 -0.7396
vn 0.5186 0.0033 0.8550
vn -0.5256 -0.0034 -0.8507
vn -0.9774 -0.0061 -0.2112
vn 0.3509 0.0022 0.9364
vn -0.3588 -0.0023 0.9334
vn 0.5189 0.0033 -0.8548
vn 0.1749 0.0011 0.9846
vn -0.6779 -0.0043 -0.7352
vn -1.0000 -0.0062 -0.0000
vn -0.0044 -0.0001 1.0000
vn 0.9094 0.0728 0.4095
vn 0.8073 0.0699 0.5859
vn 0.9118 -0.0154 -0.4104
vn 0.9773 -0.0142 -0.2113
vn 0.9746 0.0747 -0.2109
vn 0.9094 0.0729 -0.4096
vn -0.5153 0.0365 0.8563
vn -0.6699 0.0330 0.7417
vn 0.6763 0.0665 -0.7336
vn 0.8073 0.0701 -0.5860
vn 0.6764 0.0663 0.7336
vn -0.5152 0.0367 -0.8563
vn -0.3477 0.0405 -0.9367
vn -0.9764 0.0266 -0.2145
vn -0.9089 0.0281 -0.4160
vn 0.5241 0.0623 0.8494
vn -0.3474 0.0403 0.9368
vn 0.5245 0.0624 -0.8491
vn 0.3588 0.0578 0.9316
vn -0.6700 0.0332 -0.7416
vn -0.9997 0.0261 -0.0001
vn 0.1847 0.0534 0.9813
vn -0.1720 0.0445 0.9841
vn 0.3588 0.0580 -0.9316
vn 0.0062 0.0489 0.9988
vn -0.8039 0.0303 -0.5940
vn -0.9764 0.0266 0.2144
vn 0.0060 0.0489 0.9988
vn 0.1843 0.0535 -0.9814
vn -0.9090 0.0279 0.4158
vn 0.0063 0.0491 -0.9988
vn -0.8040 0.0301 0.5939
vn 0.9972 0.0754 -0.0000
vn -0.1719 0.0448 -0.9841
vn 0.9747 0.0747 0.2108
vn 0.8092 -0.0172 -0.5873
vn -0.9138 0.0975 0.3943
vn -0.8081 0.1095 0.5788
vn 0.9773 -0.0141 0.2114
vn 0.0222 -0.0001 -0.9998
vn -0.1612 0.0730 -0.9842
vn 0.9117 -0.0153 0.4105
vn -0.6750 0.1121 0.7293
vn 0.8092 -0.0172 0.5873
vn -0.3485 0.1049 -0.9314
vn -0.8081 0.1096 -0.5788
vn -0.9138 0.0975 -0.3942
vn 0.6779 -0.0196 0.7349
vn -0.5202 0.1116 0.8467
vn 0.6779 -0.0195 -0.7349
vn 0.5263 -0.0221 0.8500
vn -0.5202 0.1117 -0.8467
vn -0.9806 0.0135 -0.1956
vn 0.3618 -0.0238 0.9319
vn -0.3484 0.1048 0.9315
vn 0.5263 -0.0220 -0.8500
vn 0.1916 -0.0218 0.9812
vn -0.6750 0.1122 -0.7293
vn -0.9989 -0.0461 -0.0000
vn 0.0222 -0.0002 0.9998
vn -0.1612 0.0729 0.9842
vn 0.3618 -0.0237 -0.9319
vn -0.9806 0.0135 0.1956
vn 0.0221 -0.0002 0.9998
vn 0.1916 -0.0217 -0.9812
vn 0.9118 -0.0153 -0.4105
vn 0.9999 -0.0138 -0.0000
vn 0.9773 -0.0142 0.2114
vn 0.9117 -0.0154 0.4105
vn 0.8092 -0.0173 0.5873
vn 0.6779 -0.0197 0.7349
vn 0.5262 -0.0221 0.8500
vn 0.3618 -0.0239 0.9319
vn 0.1916 -0.0219 0.9812
vn -0.1612 0.0730 0.9842
vn -0.3485 0.1048 0.9314
vn -0.6750 0.1121 0.7292
vn -0.9138 0.0974 0.3943
vn -0.9806 0.0136 -0.1956
vn -0.6750 0.1122 -0.7292
vn 0.1916 -0.0218 -0.9812
vn 0.3619 -0.0238 -0.9319
vn 0.5263 -0.0221 -0.8500
vn 0.6780 -0.0196 -0.7348
vn 0.2678 -0.6962 -0.6660
vn 0.2011 -0.5153 -0.8331
vn 0.3413 -0.9108 -0.2321
vn -0.0460 -0.9784 -0.2016
vn -0.0451 -0.9484 -0.3137
vn 0.3286 -0.8728 -0.3608
vn -0.3412 0.7804 -0.5240
vn -0.4363 0.8071 -0.3978
vn -0.9974 0.0723 -0.0000
vn -0.9208 0.3516 0.1689
vn -0.9806 0.0135 0.1955
vn -0.1611 0.0730 0.9842
vn -0.0951 0.2664 0.9591
vn -0.0365 -0.0220 0.9991
vn 0.0223 -0.0002 0.9998
vn 0.0888 -0.2527 -0.9635
vn 0.9118 -0.0153 -0.4104
vn 0.8092 -0.0172 -0.5872
vn -0.6716 0.6839 0.2852
vn -0.9138 0.0974 0.3942
vn 0.3479 -0.9308 -0.1124
vn -0.0365 -0.0220 -0.9991
vn 0.0223 -0.0001 -0.9998
vn 0.9999 -0.0137 0.0001
vn 0.3500 -0.9368 -0.0000
vn -0.4363 0.8071 0.3978
vn 0.3482 -0.9307 0.1125
vn -0.0952 0.2664 -0.9592
vn -0.1611 0.0730 -0.9842
vn 0.3419 -0.9111 0.2300
vn -0.3416 0.7805 0.5236
vn -0.6751 0.1121 0.7292
vn 0.3286 -0.8723 0.3621
vn -0.1923 0.5329 -0.8240
vn -0.6717 0.6837 -0.2853
vn 0.3062 -0.8064 0.5059
vn -0.2710 0.6924 0.6687
vn 0.3062 -0.8065 -0.5057
vn 0.6779 -0.0196 -0.7348
vn 0.2677 -0.6958 0.6665
vn -0.2710 0.6924 -0.6687
vn -0.9208 0.3514 -0.1690
vn 0.3618 -0.0239 0.9320
vn 0.2011 -0.5153 0.8331
vn -0.1923 0.5330 0.8240
vn -0.3485 0.1047 0.9314
vn 0.0888 -0.2526 0.9635
vn -0.0365 -0.0219 0.9991
vn -0.0468 -0.9941 0.0982
vn -0.1689 -0.9802 0.1032
vn -0.1698 -0.9855 -0.0000
vn -0.0469 -0.9989 -0.0000
vn 0.0580 0.9934 0.0985
vn 0.0566 0.9778 0.2019
vn -0.0466 -0.9941 -0.0982
vn -0.0165 -0.3105 -0.9504
vn 0.0056 -0.0021 -1.0000
vn 0.0533 0.9488 0.3114
vn 0.0146 0.3123 -0.9499
vn -0.0464 -0.9784 0.2016
vn 0.0491 0.8949 0.4436
vn -0.0454 -0.9477 0.3159
vn 0.0314 0.6251 -0.7799
vn 0.0530 0.9481 -0.3134
vn 0.0556 0.9779 -0.2017
vn -0.0433 -0.8939 0.4461
vn 0.0422 0.7997 0.5990
vn -0.0431 -0.8945 -0.4450
vn -0.0393 -0.7984 0.6009
vn 0.0421 0.7995 -0.5992
vn 0.0575 0.9935 -0.0983
vn -0.0318 -0.6231 0.7815
vn 0.0314 0.6251 0.7799
vn -0.0393 -0.7985 -0.6007
vn -0.0165 -0.3105 0.9504
vn 0.0489 0.8953 -0.4429
vn 0.0583 0.9983 0.0001
vn 0.0056 -0.0020 1.0000
vn 0.0146 0.3124 0.9498
vn -0.0317 -0.6231 -0.7815
vn 0.0055 -0.0021 1.0000
vn -0.1502 -0.8741 0.4620
vn -0.3284 -0.7748 0.5402
vn -0.3591 -0.8472 0.3915
vn -0.1601 -0.9301 0.3305
vn 0.0080 -0.0033 -1.0000
vn 0.0489 0.2991 -0.9530
vn -0.1659 -0.9632 0.2116
vn 0.1487 0.9333 0.3268
vn 0.1399 0.8781 0.4575
vn 0.0960 0.6031 -0.7919
vn 0.1485 0.9339 -0.3253
vn 0.1533 0.9658 -0.2091
vn 0.1241 0.7787 0.6150
vn -0.1600 -0.9309 -0.3283
vn -0.1502 -0.8743 -0.4616
vn -0.1331 -0.7741 0.6189
vn 0.1242 0.7794 -0.6141
vn 0.1558 0.9825 -0.1021
vn -0.1026 -0.5965 0.7960
vn 0.0960 0.6032 0.7918
vn -0.1332 -0.7743 -0.6187
vn -0.0492 -0.2953 0.9541
vn 0.1398 0.8779 -0.4580
vn 0.1566 0.9877 -0.0000
vn 0.0080 -0.0033 1.0000
vn 0.0489 0.2991 0.9530
vn -0.1026 -0.5967 -0.7959
vn 0.1559 0.9825 0.1020
vn 0.0080 -0.0034 1.0000
vn -0.0492 -0.2952 -0.9542
vn -0.1657 -0.9632 -0.2115
vn 0.1535 0.9664 0.2063
vn -0.1688 -0.9802 -0.1032
vn -0.0902 -0.2358 0.9676
vn -0.1334 -0.1643 0.9774
vn -0.2835 -0.3141 0.9061
vn -0.2009 -0.4795 0.8542
vn 0.3129 0.7933 0.5223
vn 0.2694 0.6842 0.6777
vn -0.3592 -0.8472 -0.3915
vn -0.3285 -0.7748 -0.5402
vn -0.2783 -0.6577 0.7000
vn 0.2017 0.5120 -0.8350
vn 0.2694 0.6841 -0.6778
vn 0.3565 0.9020 -0.2435
vn 0.3650 0.9233 -0.1197
vn 0.2018 0.5122 0.8348
vn -0.2785 -0.6580 -0.6997
vn 0.3130 0.7935 -0.5219
vn 0.3676 0.9300 -0.0000
vn 0.0165 -0.0192 0.9997
vn 0.1025 0.2491 0.9630
vn -0.2009 -0.4795 -0.8542
vn 0.3399 0.8610 -0.3784
vn 0.3649 0.9233 0.1196
vn -0.0902 -0.2358 -0.9676
vn -0.3775 -0.8905 -0.2539
vn 0.3563 0.9021 0.2433
vn -0.3871 -0.9136 -0.1247
vn 0.0165 -0.0192 -0.9997
vn -0.3901 -0.9208 -0.0000
vn 0.3399 0.8611 0.3781
vn -0.3870 -0.9136 0.1248
vn 0.1025 0.2490 -0.9631
vn -0.3774 -0.8906 0.2539
vn -0.6749 -0.7188 0.1665
vn -0.9061 -0.3703 0.2047
vn -0.9259 -0.3777 0.0002
vn -0.6845 -0.7290 0.0001
vn 0.4204 0.4776 -0.7715
vn 0.5142 0.5839 -0.6283
vn 0.6527 0.7408 -0.1586
vn 0.6611 0.7503 -0.0001
vn 0.0062 -0.0207 0.9998
vn 0.2975 0.3369 0.8933
vn 0.1470 0.1589 0.9763
vn -0.4146 -0.4485 -0.7918
vn -0.2834 -0.3140 -0.9061
vn 0.5818 0.6605 -0.4745
vn 0.6528 0.7407 0.1585
vn -0.1330 -0.1641 -0.9774
vn -0.6451 -0.6881 -0.3322
vn -0.5942 -0.6348 -0.4939
vn 0.6272 0.7114 0.3170
vn -0.6748 -0.7190 -0.1664
vn 0.0062 -0.0207 -0.9998
vn 0.5821 0.6603 0.4746
vn 0.1471 0.1589 -0.9763
vn -0.6453 -0.6878 0.3324
vn 0.5144 0.5835 0.6284
vn -0.5936 -0.6340 0.4958
vn 0.2974 0.3372 -0.8932
vn 0.6269 0.7116 -0.3171
vn -0.5177 -0.5553 0.6508
vn 0.4206 0.4772 0.7716
vn -0.5170 -0.5549 -0.6518
vn -0.4145 -0.4484 0.7919
vn -0.6348 -0.2720 0.7232
vn -0.6840 -0.0782 0.7252
vn -0.8112 -0.0877 0.5782
vn -0.7560 -0.3160 0.5732
vn -0.0073 -0.0205 -0.9998
vn 0.1644 0.0729 -0.9837
vn -0.8486 -0.3496 0.3971
vn 0.7560 0.3472 0.5549
vn 0.6420 0.2970 0.7069
vn 0.3407 0.1612 -0.9263
vn 0.7552 0.3472 -0.5559
vn 0.8398 0.3844 -0.3833
vn 0.5025 0.2352 0.8320
vn -0.7559 -0.3160 -0.5733
vn -0.6349 -0.2721 -0.7231
vn -0.4915 -0.2198 0.8427
vn 0.5023 0.2352 -0.8321
vn 0.8920 0.4075 -0.1956
vn -0.3336 -0.1615 0.9288
vn 0.3404 0.1611 0.9264
vn -0.4915 -0.2198 -0.8427
vn -0.1705 -0.0972 0.9805
vn 0.6422 0.2971 -0.7066
vn 0.9097 0.4152 -0.0002
vn -0.0074 -0.0205 0.9998
vn 0.1636 0.0729 0.9838
vn -0.3331 -0.1615 -0.9290
vn 0.8921 0.4073 0.1953
vn -0.0072 -0.0204 0.9998
vn -0.1705 -0.0972 -0.9806
vn -0.8484 -0.3496 -0.3975
vn 0.8400 0.3842 0.3831
vn -0.9060 -0.3706 -0.2044
vn -0.2031 -0.0306 0.9787
vn -0.1802 0.0001 0.9836
vn -0.3553 0.0002 0.9348
vn -0.3743 -0.0501 0.9259
vn 0.6615 0.0800 0.7457
vn 0.5039 0.0630 0.8615
vn -0.8111 -0.0876 -0.5783
vn -0.6841 -0.0782 -0.7252
vn -0.5363 -0.0658 0.8415
vn 0.3325 0.0421 -0.9422
vn 0.5041 0.0631 -0.8614
vn 0.9033 0.1021 -0.4167
vn 0.9708 0.1077 -0.2144
vn 0.3323 0.0420 0.9422
vn -0.5363 -0.0658 -0.8414
vn 0.6615 0.0800 -0.7457
vn 0.9940 0.1096 -0.0001
vn -0.0260 -0.0074 0.9996
vn 0.1539 0.0178 0.9879
vn -0.3744 -0.0501 -0.9259
vn 0.7976 0.0930 -0.5960
vn 0.9708 0.1077 0.2143
vn -0.0259 -0.0073 0.9996
vn -0.2031 -0.0306 -0.9787
vn -0.9102 -0.0944 -0.4033
vn 0.9032 0.1021 0.4170
vn -0.9734 -0.0986 -0.2068
vn -0.0264 -0.0074 -0.9996
vn -0.9950 -0.0999 -0.0000
vn 0.7975 0.0929 0.5961
vn -0.9733 -0.0986 0.2073
vn 0.1539 0.0178 -0.9879
vn -0.9103 -0.0945 0.4031
vn 0.1777 -0.0002 0.9841
vn 0.1837 0.0023 0.9830
vn 0.0050 0.0001 1.0000
vn 0.5204 -0.0005 -0.8539
vn 0.6743 -0.0008 -0.7385
vn 0.9771 -0.0012 -0.2130
vn 1.0000 -0.0013 -0.0000
vn 0.3530 -0.0004 0.9356
vn -0.5224 0.0002 -0.8527
vn -0.3553 0.0002 -0.9347
vn 0.8069 -0.0010 -0.5906
vn 0.9771 -0.0013 0.2130
vn -0.1802 0.0001 -0.9836
vn -0.9111 0.0002 -0.4121
vn -0.8080 0.0002 -0.5892
vn 0.9106 -0.0012 0.4133
vn -0.9772 0.0002 -0.2122
vn -1.0000 0.0002 -0.0000
vn 0.8072 -0.0010 0.5902
vn -0.9772 0.0002 0.2122
vn 0.1776 -0.0001 -0.9841
vn -0.9112 0.0002 0.4121
vn 0.6740 -0.0008 0.7387
vn -0.8078 0.0002 0.5894
vn 0.3534 -0.0003 -0.9355
vn 0.9106 -0.0011 -0.4133
vn -0.6755 0.0003 0.7374
vn 0.5209 -0.0006 0.8536
vn -0.6755 0.0002 -0.7374
vn -0.5223 0.0002 0.8528
vn -0.9999 -0.0125 -0.0000
vn -1.0000 -0.0023 -0.0000
vn -0.9538 0.0469 -0.2966
vn -0.9768 -0.0122 -0.2137
vn -0.3496 -0.0043 -0.9369
vn -0.1740 -0.0021 -0.9847
vn -0.9099 -0.0113 -0.4148
vn -0.8053 -0.0100 -0.5928
vn 0.9773 0.0121 0.2116
vn 0.9116 0.0113 0.4109
vn 0.0050 0.0001 -1.0000
vn 0.8091 0.0101 0.5876
vn -0.9768 -0.0122 0.2137
vn 0.1836 0.0024 -0.9830
vn -0.9099 -0.0113 0.4148
vn 0.6774 0.0084 0.7356
vn -0.8053 -0.0100 0.5928
vn 0.3584 0.0045 -0.9336
vn 0.8091 0.0101 -0.5876
vn 0.9116 0.0113 -0.4109
vn -0.6717 -0.0084 0.7407
vn 0.5248 0.0066 0.8512
vn -0.6717 -0.0084 -0.7407
vn -0.5174 -0.0064 0.8557
vn 0.5249 0.0066 -0.8512
vn 0.9773 0.0121 -0.2116
vn -0.3496 -0.0043 0.9369
vn 0.3584 0.0045 0.9336
vn -0.5175 -0.0064 -0.8557
vn -0.1740 -0.0021 0.9847
vn 0.6774 0.0085 -0.7356
vn 0.9999 0.0124 -0.0000
vn 0.0048 0.0001 1.0000
vn -0.7642 0.1208 0.6336
vn -0.6211 -0.0322 0.7831
vn -0.8205 -0.0741 0.5669
vn -0.8689 0.0978 0.4852
vn 0.8629 0.1330 0.4875
vn 0.7557 0.1559 0.6361
vn -0.9539 0.0468 0.2966
vn -0.0079 0.1509 -0.9885
vn 0.1608 0.1552 -0.9747
vn 0.6279 0.1625 0.7612
vn 0.3255 0.1593 -0.9320
vn 0.7557 0.1559 -0.6361
vn 0.8630 0.1330 -0.4874
vn -0.6386 0.1315 0.7582
vn 0.4828 0.1623 0.8606
vn -0.7641 0.1209 -0.6336
vn -0.6386 0.1315 -0.7582
vn -0.4952 0.1378 0.8578
vn 0.4829 0.1623 -0.8605
vn 0.9512 0.0771 -0.2987
vn -0.3391 0.1424 0.9299
vn 0.3256 0.1593 0.9320
vn -0.4953 0.1378 -0.8577
vn -0.1751 0.1466 0.9736
vn 0.6279 0.1625 -0.7612
vn 0.9997 0.0245 -0.0000
vn -0.0072 0.1509 0.9885
vn 0.1609 0.1552 0.9747
vn -0.3392 0.1424 -0.9299
vn 0.9512 0.0772 0.2987
vn -0.1753 0.1466 -0.9735
vn -0.8689 0.0979 -0.4852
vn 0.8210 -0.0758 -0.5659
vn 0.1582 -0.9295 -0.3332
vn 0.1811 -0.9659 -0.1850
vn 0.9486 -0.1675 -0.2684
vn 0.0812 -0.0044 -0.9967
vn 0.1735 -0.0061 -0.9848
vn 0.6221 -0.0327 -0.7822
vn -0.4339 -0.0167 0.9008
vn 0.4346 -0.0168 0.9005
vn 0.2872 -0.0097 0.9578
vn -0.6211 -0.0322 -0.7830
vn -0.4338 -0.0167 -0.9008
vn -0.2870 -0.0096 0.9579
vn 0.2872 -0.0097 -0.9578
vn -0.1733 -0.0061 0.9848
vn 0.1736 -0.0061 0.9848
vn -0.2870 -0.0096 -0.9579
vn -0.0814 -0.0044 0.9967
vn 0.4346 -0.0168 -0.9005
vn 0.9733 -0.2294 -0.0000
vn -0.0001 -0.0039 1.0000
vn 0.0812 -0.0044 0.9967
vn -0.1732 -0.0061 -0.9849
vn 0.9486 -0.1676 0.2683
vn -0.0000 -0.0039 1.0000
vn -0.0811 -0.0044 -0.9967
vn -0.8207 -0.0741 -0.5666
vn 0.8211 -0.0759 0.5658
vn -0.9493 -0.1621 -0.2693
vn -0.0001 -0.0039 -1.0000
vn -0.9750 -0.2220 -0.0000
vn 0.6222 -0.0327 0.7822
vn -0.9493 -0.1621 0.2693
vn -0.0792 -0.8017 -0.5925
vn -0.1197 -0.3907 -0.9127
vn -0.0751 -0.3650 -0.9280
vn -0.0519 -0.7746 -0.6304
vn -0.0520 -0.7746 0.6303
vn -0.0792 -0.8018 0.5924
vn 0.0780 -0.8022 0.5919
vn 0.0508 -0.7749 0.6300
vn -0.1069 -0.8391 -0.5334
vn -0.0256 -0.7587 0.6510
vn 0.0780 -0.8022 -0.5919
vn 0.1055 -0.8396 -0.5328
vn 0.1940 -0.9810 -0.0000
vn -0.0004 -0.7537 0.6572
vn 0.0245 -0.7588 0.6508
vn 0.1326 -0.8840 -0.4482
vn 0.1811 -0.9659 0.1850
vn -0.0005 -0.7537 0.6572
vn -0.0255 -0.7586 -0.6510
vn -0.1598 -0.9290 -0.3337
vn -0.1342 -0.8835 -0.4488
vn 0.1582 -0.9295 0.3332
vn -0.1829 -0.9656 -0.1849
vn -0.0006 -0.7537 -0.6572
vn -0.1959 -0.9806 -0.0000
vn 0.1327 -0.8840 0.4482
vn -0.1829 -0.9656 0.1849
vn 0.0246 -0.7589 -0.6508
vn -0.1598 -0.9290 0.3337
vn 0.1056 -0.8396 0.5328
vn -0.1341 -0.8834 0.4489
vn 0.0509 -0.7749 -0.6300
vn -0.1069 -0.8390 0.5335
vn 0.4692 -0.7333 0.4921
vn 0.6427 -0.4333 0.6318
vn 0.4201 -0.3156 0.8508
vn 0.3371 -0.5995 0.7259
vn 0.1728 -0.4340 -0.8842
vn 0.2420 -0.4998 -0.8317
vn 0.5685 -0.8227 -0.0000
vn 0.0356 -0.3515 0.9355
vn -0.0002 -0.3470 0.9379
vn -0.0362 -0.3512 -0.9356
vn -0.3386 -0.5973 -0.7270
vn -0.2430 -0.4981 -0.8324
vn -0.4717 -0.7313 -0.4927
vn -0.0003 -0.3470 -0.9379
vn -0.5718 -0.8204 -0.0000
vn 0.2420 -0.4998 0.8316
vn -0.4717 -0.7313 0.4927
vn 0.0356 -0.3515 -0.9355
vn -0.3386 -0.5973 0.7270
vn 0.1728 -0.4340 0.8842
vn -0.2429 -0.4981 0.8324
vn 0.0745 -0.3655 -0.9278
vn 0.3371 -0.5995 -0.7259
vn -0.1736 -0.4327 0.8847
vn 0.1190 -0.3916 0.9124
vn -0.1736 -0.4327 -0.8847
vn -0.1197 -0.3908 0.9127
vn 0.1190 -0.3916 -0.9124
vn 0.4692 -0.7333 -0.4920
vn -0.0751 -0.3650 0.9280
vn 0.0745 -0.3655 0.9278
vn -0.0362 -0.3512 0.9356
vn -0.0003 -0.3470 0.9379
vn -0.0002 -0.1509 -0.9885
vn -0.0001 -0.0488 -0.9988
vn 0.0441 -0.0499 -0.9978
vn 0.0413 -0.1538 -0.9872
vn -0.6448 -0.4295 -0.6323
vn -0.4212 -0.3130 -0.8513
vn -0.0417 -0.1536 -0.9873
vn -0.8471 -0.5314 -0.0000
vn 0.2860 -0.2455 0.9262
vn -0.6448 -0.4295 0.6323
vn -0.4212 -0.3130 0.8513
vn 0.1989 -0.2038 0.9586
vn -0.2865 -0.2436 0.9266
vn 0.0852 -0.1625 -0.9830
vn 0.2860 -0.2455 -0.9263
vn 0.4201 -0.3156 -0.8508
vn -0.1993 -0.2025 0.9588
vn 0.1357 -0.1782 0.9746
vn -0.2865 -0.2436 -0.9266
vn -0.1993 -0.2025 -0.9588
vn -0.1361 -0.1773 0.9747
vn 0.1357 -0.1782 -0.9746
vn 0.6427 -0.4333 -0.6318
vn -0.0856 -0.1619 0.9831
vn 0.0852 -0.1625 0.9830
vn -0.1361 -0.1773 -0.9747
vn -0.0417 -0.1536 0.9873
vn 0.1989 -0.2038 -0.9586
vn 0.8440 -0.5364 -0.0000
vn -0.0002 -0.1509 0.9885
vn 0.0413 -0.1538 0.9872
vn -0.0856 -0.1619 -0.9831
vn 0.2167 -0.0671 0.9739
vn 0.2168 0.0866 0.9724
vn 0.1467 0.0777 0.9861
vn 0.1463 -0.0586 0.9875
vn -0.4842 -0.0942 0.8699
vn -0.7686 -0.1099 0.6302
vn 0.3179 -0.0798 0.9448
vn -0.3186 -0.0778 0.9447
vn 0.0914 -0.0531 -0.9944
vn 0.3178 -0.0798 -0.9448
vn 0.4823 -0.0969 -0.8706
vn -0.2173 -0.0658 0.9739
vn -0.3185 -0.0778 -0.9447
vn -0.2172 -0.0658 -0.9739
vn -0.1467 -0.0576 0.9875
vn 0.1464 -0.0586 -0.9875
vn 0.7665 -0.1139 -0.6321
vn -0.0917 -0.0525 0.9944
vn 0.0914 -0.0531 0.9944
vn -0.1467 -0.0576 -0.9875
vn -0.0443 -0.0496 0.9978
vn 0.2167 -0.0671 -0.9739
vn -0.0001 -0.0488 0.9988
vn 0.0442 -0.0499 0.9978
vn -0.0917 -0.0525 -0.9944
vn 0.7664 -0.1139 0.6321
vn -0.0443 -0.0496 -0.9978
vn -0.4842 -0.0942 -0.8699
vn 0.4823 -0.0969 0.8706
vn -0.7686 -0.1099 -0.6302
vn -0.9934 -0.1149 -0.0000
vn 0.1468 0.0777 -0.9861
vn 0.1323 0.2432 -0.9609
vn 0.1933 0.2766 -0.9413
vn 0.2167 0.0866 -0.9724
vn -0.3160 0.1007 -0.9434
vn -0.2161 0.0879 -0.9724
vn -0.1463 0.0786 0.9861
vn -0.2161 0.0879 0.9724
vn 0.0920 0.0716 -0.9932
vn 0.4805 0.1135 -0.8696
vn 0.7646 0.1252 -0.6323
vn -0.0917 0.0722 0.9932
vn 0.0920 0.0716 0.9932
vn -0.1463 0.0786 -0.9861
vn -0.0444 0.0684 0.9967
vn 0.9918 0.1278 -0.0000
vn 0.0001 0.0670 0.9978
vn 0.0447 0.0681 0.9967
vn -0.0917 0.0722 -0.9932
vn 0.3171 0.0989 -0.9432
vn 0.7646 0.1252 0.6323
vn -0.0445 0.0684 -0.9967
vn -0.4791 0.1162 -0.8700
vn 0.4804 0.1135 0.8696
vn -0.7623 0.1292 -0.6342
vn 0.0001 0.0670 -0.9978
vn -0.9911 0.1328 -0.0000
vn 0.3172 0.0989 0.9432
vn -0.7622 0.1292 0.6343
vn 0.0447 0.0681 -0.9967
vn -0.4791 0.1162 0.8700
vn -0.3160 0.1007 0.9434
vn 0.0405 0.2119 0.9765
vn 0.0378 0.3593 0.9324
vn 0.0003 0.3541 0.9352
vn 0.0002 0.2084 0.9780
vn 0.5876 0.5610 -0.5831
vn 0.7412 0.6712 -0.0000
vn 0.0001 0.2084 0.9780
vn -0.0401 0.2121 0.9764
vn 0.0832 0.2229 0.9713
vn -0.1319 0.2440 -0.9608
vn -0.0828 0.2234 -0.9712
vn 0.2760 0.3309 -0.9024
vn 0.5876 0.5610 0.5831
vn -0.0401 0.2121 -0.9764
vn -0.3976 0.4228 -0.8144
vn -0.2752 0.3326 -0.9021
vn 0.3986 0.4203 0.8152
vn -0.5858 0.5644 -0.5817
vn 0.0002 0.2084 -0.9780
vn -0.7381 0.6746 -0.0000
vn 0.2760 0.3309 0.9024
vn -0.5858 0.5644 0.5817
vn 0.0404 0.2119 -0.9765
vn -0.3976 0.4228 0.8144
vn 0.1933 0.2766 0.9413
vn -0.2752 0.3326 0.9020
vn 0.0832 0.2229 -0.9713
vn 0.3986 0.4203 -0.8152
vn -0.1928 0.2778 0.9411
vn 0.1323 0.2432 0.9609
vn -0.1928 0.2778 -0.9411
vn -0.1319 0.2440 0.9608
vn -0.0828 0.2234 0.9712
vn -0.5094 0.8605 -0.0000
vn -0.3304 0.9439 -0.0000
vn -0.3026 0.9039 -0.3025
vn -0.4422 0.7814 -0.4403
vn -0.0773 0.3766 -0.9232
vn -0.0372 0.3596 -0.9324
vn -0.3341 0.6446 -0.6876
vn -0.2451 0.5338 -0.8093
vn 0.4442 0.7796 0.4414
vn 0.3355 0.6430 0.6885
vn 0.0003 0.3541 -0.9352
vn 0.2462 0.5326 0.8098
vn -0.4422 0.7814 0.4403
vn 0.0378 0.3593 -0.9324
vn -0.3341 0.6446 0.6876
vn 0.1776 0.4566 0.8718
vn -0.2452 0.5338 0.8093
vn 0.0779 0.3761 -0.9233
vn 0.2462 0.5326 -0.8098
vn 0.3355 0.6430 -0.6885
vn -0.1768 0.4576 0.8714
vn 0.1233 0.4070 0.9051
vn -0.1769 0.4576 -0.8714
vn -0.1227 0.4077 0.9048
vn 0.1233 0.4070 -0.9051
vn 0.4442 0.7796 -0.4414
vn -0.0773 0.3766 0.9232
vn 0.0779 0.3761 0.9233
vn -0.1227 0.4077 -0.9048
vn -0.0372 0.3596 0.9324
vn 0.1776 0.4566 -0.8718
vn 0.5119 0.8590 -0.0000
vn -0.1981 0.7275 0.6569
vn -0.1473 0.8619 0.4852
vn -0.1758 0.9161 0.3604
vn -0.2509 0.8173 0.5186
vn 0.2524 0.8165 0.5192
vn 0.1993 0.7268 0.6573
vn -0.3026 0.9039 0.3025
vn 0.0004 0.5364 -0.8440
vn 0.0337 0.5427 -0.8393
vn 0.1507 0.6528 0.7424
vn 0.0690 0.5628 -0.8237
vn 0.1993 0.7268 -0.6573
vn 0.2524 0.8165 -0.5192
vn -0.1497 0.6535 0.7420
vn 0.1076 0.5987 0.7937
vn -0.1980 0.7274 -0.6571
vn -0.1497 0.6535 -0.7420
vn -0.1067 0.5992 0.7935
vn 0.1076 0.5987 -0.7937
vn 0.3044 0.9031 -0.3030
vn -0.0682 0.5631 0.8236
vn 0.0690 0.5628 0.8237
vn -0.1068 0.5993 -0.7934
vn -0.0329 0.5428 0.8392
vn 0.1507 0.6528 -0.7424
vn 0.3323 0.9432 -0.0000
vn 0.0003 0.5364 0.8440
vn 0.0337 0.5427 0.8393
vn -0.0682 0.5631 -0.8235
vn 0.3044 0.9031 0.3030
vn 0.0004 0.5364 0.8440
vn -0.0329 0.5429 -0.8392
vn -0.2509 0.8173 -0.5186
vn 0.1773 0.9157 -0.3606
vn 0.1229 0.9599 -0.2518
vn 0.1367 0.9813 -0.1353
vn 0.2010 0.9595 -0.1974
vn 0.0284 0.7165 -0.6970
vn 0.0573 0.7349 -0.6757
vn 0.1486 0.8616 -0.4854
vn -0.1167 0.8096 0.5753
vn 0.1179 0.8092 0.5755
vn 0.0872 0.7660 0.6369
vn -0.1472 0.8618 -0.4854
vn -0.1167 0.8096 -0.5753
vn -0.0860 0.7663 0.6366
vn 0.0872 0.7661 -0.6368
vn -0.0562 0.7351 0.6757
vn 0.0573 0.7349 0.6757
vn -0.0861 0.7664 -0.6366
vn -0.0274 0.7166 0.6969
vn 0.1179 0.8092 -0.5755
vn 0.2125 0.9772 -0.0000
vn 0.0002 0.7106 0.7035
vn 0.0284 0.7165 0.6970
vn -0.0563 0.7351 -0.6756
vn 0.2010 0.9595 0.1974
vn 0.0007 0.7106 0.7035
vn -0.0274 0.7167 -0.6969
vn -0.1758 0.9161 -0.3604
vn 0.1773 0.9157 0.3607
vn -0.1994 0.9598 -0.1973
vn 0.0005 0.7106 -0.7036
vn -0.2109 0.9775 -0.0000
vn 0.1486 0.8616 0.4854
vn -0.1994 0.9598 0.1973
vn -0.0643 0.8747 -0.4804
vn -0.0251 0.9763 -0.2151
vn -0.0155 0.9725 -0.2326
vn -0.0427 0.8540 -0.5185
vn -0.0424 0.8540 0.5186
vn -0.0642 0.8746 0.4806
vn 0.0655 0.8744 0.4807
vn 0.0437 0.8539 0.5186
vn -0.0853 0.9015 -0.4244
vn -0.0208 0.8414 0.5400
vn 0.0656 0.8745 -0.4806
vn 0.0866 0.9013 -0.4245
vn 0.1437 0.9896 -0.0000
vn 0.0003 0.8373 0.5468
vn 0.0219 0.8413 0.5401
vn 0.1061 0.9314 -0.3483
vn 0.1367 0.9813 0.1353
vn 0.0005 0.8373 0.5468
vn -0.0208 0.8414 -0.5399
vn -0.1215 0.9602 -0.2516
vn -0.1046 0.9315 -0.3484
vn 0.1230 0.9599 0.2518
vn -0.1352 0.9815 -0.1353
vn 0.0007 0.8373 -0.5468
vn -0.1422 0.9898 -0.0000
vn 0.1061 0.9314 0.3482
vn -0.1352 0.9815 0.1353
vn 0.0219 0.8413 -0.5401
vn -0.1215 0.9602 0.2517
vn 0.0865 0.9013 0.4245
vn -0.1046 0.9316 0.3481
vn 0.0437 0.8539 -0.5186
vn -0.0852 0.9015 0.4243
vn 0.0355 0.9812 -0.1896
vn 0.0431 0.9868 -0.1560
vn 0.0663 0.9978 -0.0000
vn 0.0595 0.9961 0.0658
vn 0.0087 0.9702 0.2421
vn 0.0004 0.9697 0.2444
vn -0.0071 0.9703 -0.2419
vn -0.0495 0.9921 -0.1152
vn -0.0425 0.9868 -0.1564
vn 0.0507 0.9920 0.1152
vn -0.0581 0.9961 -0.0659
vn 0.0001 0.9696 -0.2446
vn -0.0645 0.9979 -0.0000
vn 0.0436 0.9868 0.1560
vn -0.0579 0.9961 0.0660
vn 0.0084 0.9702 -0.2422
vn -0.0493 0.9921 0.1153
vn 0.0356 0.9812 0.1896
vn -0.0413 0.9869 0.1561
vn 0.0180 0.9723 -0.2329
vn 0.0505 0.9920 -0.1153
vn -0.0336 0.9813 0.1895
vn 0.0259 0.9762 0.2151
vn -0.0340 0.9814 -0.1892
vn -0.0268 0.9762 0.2154
vn 0.0278 0.9762 -0.2152
vn 0.0597 0.9960 -0.0659
vn -0.0160 0.9724 0.2327
vn 0.0184 0.9724 0.2327
vn -0.0065 0.9702 0.2421
vn 0.0017 0.9697 0.2444
vn -0.1752 -0.1735 0.9691
vn 0.1770 -0.1726 0.9689
vn 0.0009 -0.1725 0.9850
vn -0.3477 -0.1755 0.9210
vn 0.3494 -0.1737 0.9207
vn -0.5120 -0.1783 0.8403
vn 0.5137 -0.1757 0.8398
vn -0.6628 -0.1817 0.7264
vn 0.6644 -0.1782 0.7259
vn -0.7929 -0.1851 0.5805
vn 0.7943 -0.1809 0.5800
vn -0.8944 -0.1881 0.4059
vn 0.8956 -0.1834 0.4054
vn -0.9593 -0.1901 0.2090
vn 0.9602 -0.1851 0.2089
vn -0.9816 -0.1908 -0.0001
vn 0.9826 -0.1857 0.0001
vn -0.9592 -0.1901 -0.2090
vn 0.9603 -0.1851 -0.2089
vn -0.8944 -0.1881 -0.4059
vn 0.8956 -0.1834 -0.4054
vn -0.7928 -0.1850 -0.5807
vn 0.7944 -0.1809 -0.5799
vn -0.6628 -0.1816 -0.7264
vn 0.6645 -0.1782 -0.7258
vn -0.5120 -0.1783 -0.8403
vn 0.5138 -0.1757 -0.8397
vn -0.3476 -0.1755 -0.9211
vn 0.3495 -0.1737 -0.9207
vn -0.1751 -0.1735 -0.9691
vn 0.1772 -0.1726 -0.9689
vn 0.0010 -0.1726 -0.9850
vn -0.1754 -0.1735 0.9691
vn 0.1768 -0.1726 0.9690
vn 0.0007 -0.1725 0.9850
vn 0.3493 -0.1737 0.9208
vn -0.3479 -0.1755 0.9210
vn 0.5136 -0.1757 0.8399
vn -0.5123 -0.1783 0.8401
vn 0.6642 -0.1782 0.7260
vn -0.6630 -0.1816 0.7263
vn 0.7942 -0.1810 0.5801
vn -0.7930 -0.1850 0.5804
vn 0.8955 -0.1834 0.4055
vn -0.8944 -0.1880 0.4058
vn 0.9603 -0.1851 0.2089
vn -0.9593 -0.1901 0.2089
vn 0.9826 -0.1858 0.0001
vn 0.9603 -0.1851 -0.2087
vn -0.9593 -0.1901 -0.2090
vn 0.8955 -0.1834 -0.4055
vn -0.8944 -0.1880 -0.4058
vn 0.7943 -0.1810 -0.5800
vn -0.7929 -0.1850 -0.5805
vn 0.6643 -0.1782 -0.7259
vn -0.6629 -0.1816 -0.7264
vn 0.5137 -0.1757 -0.8398
vn -0.5122 -0.1783 -0.8402
vn 0.3493 -0.1737 -0.9208
vn -0.3478 -0.1755 -0.9210
vn 0.1769 -0.1726 -0.9690
vn -0.1753 -0.1735 -0.9691
vn 0.0008 -0.1726 -0.9850
vn 0.0084 0.9703 0.2418
vn -0.0071 0.9703 0.2419
vn 0.0006 0.9697 0.2443
vn -0.0158 0.9724 0.2326
vn 0.0173 0.9724 0.2326
vn -0.0249 0.9763 0.2151
vn 0.0264 0.9763 0.2150
vn -0.0335 0.9814 0.1892
vn 0.0352 0.9813 0.1893
vn -0.0418 0.9869 0.1559
vn 0.0431 0.9868 0.1559
vn -0.0491 0.9921 0.1152
vn 0.0508 0.9921 0.1151
vn -0.0581 0.9961 0.0659
vn 0.0596 0.9960 0.0659
vn -0.0646 0.9979 -0.0000
vn 0.0660 0.9978 -0.0000
vn 0.0596 0.9960 -0.0659
vn -0.0494 0.9921 -0.1153
vn 0.0510 0.9920 -0.1153
vn -0.0419 0.9868 -0.1563
vn 0.0431 0.9868 -0.1559
vn -0.0338 0.9814 -0.1891
vn 0.0353 0.9813 -0.1895
vn -0.0250 0.9763 -0.2150
vn 0.0267 0.9762 -0.2151
vn -0.0160 0.9725 -0.2325
vn 0.0174 0.9724 -0.2327
vn 0.0080 0.9703 -0.2420
vn 0.0010 0.9697 -0.2443
vt 1.000000 0.500000
vt 1.000000 0.000000
vt 0.968750 0.000000
vt 0.968750 0.500000
vt 0.937500 0.000000
vt 0.937500 0.500000
vt 0.906250 0.000000
vt 0.906250 0.500000
vt 0.875000 0.000000
vt 0.875000 0.500000
vt 0.843750 0.000000
vt 0.843750 0.500000
vt 0.812500 0.000000
vt 0.812500 0.500000
vt 0.781250 0.000000
vt 0.781250 0.500000
vt 0.750000 0.000000
vt 0.750000 0.500000
vt 0.718750 0.000000
vt 0.718750 0.500000
vt 0.687500 0.000000
vt 0.687500 0.500000
vt 0.656250 0.000000
vt 0.656250 0.500000
vt 0.625000 0.000000
vt 0.625000 0.500000
vt 0.593750 0.000000
vt 0.593750 0.500000
vt 0.562500 0.000000
vt 0.562500 0.500000
vt 0.531250 0.000000
vt 0.531250 0.500000
vt 0.500000 0.000000
vt 0.500000 0.500000
vt 0.468750 0.000000
vt 0.468750 0.500000
vt 0.437500 0.000000
vt 0.437500 0.500000
vt 0.406250 0.000000
vt 0.406250 0.500000
vt 0.375000 0.000000
vt 0.375000 0.500000
vt 0.343750 0.000000
vt 0.343750 0.500000
vt 0.312500 0.000000
vt 0.312500 0.500000
vt 0.281250 0.000000
vt 0.281250 0.500000
vt 0.250000 0.000000
vt 0.250000 0.500000
vt 0.218750 0.000000
vt 0.218750 0.500000
vt 0.187500 0.000000
vt 0.187500 0.500000
vt 0.156250 0.000000
vt 0.156250 0.500000
vt 0.125000 0.000000
vt 0.125000 0.500000
vt 0.093750 0.000000
vt 0.093750 0.500000
vt 0.062500 0.000000
vt 0.062500 0.500000
vt 0.031250 0.000000
vt 0.031250 0.500000
vt 0.000000 0.000000
vt 0.000000 0.500000
vt 0.203179 0.514611
vt 0.296822 0.514612
vt 0.250000 0.510000
vt 0.158156 0.528269
vt 0.341844 0.528269
vt 0.116663 0.550447
vt 0.383337 0.550447
vt 0.080295 0.580294
vt 0.419706 0.580294
vt 0.050447 0.616663
vt 0.449553 0.616663
vt 0.028269 0.658156
vt 0.471731 0.658156
vt 0.014612 0.703178
vt 0.485388 0.703178
vt 0.010000 0.750000
vt 0.490000 0.750000
vt 0.014611 0.796821
vt 0.485388 0.796822
vt 0.028269 0.841844
vt 0.471731 0.841844
vt 0.050447 0.883337
vt 0.449553 0.883337
vt 0.080294 0.919706
vt 0.419706 0.919706
vt 0.116663 0.949553
vt 0.383337 0.949553
vt 0.158156 0.971731
vt 0.341844 0.971731
vt 0.203178 0.985388
vt 0.296822 0.985388
vt 0.250000 0.990000
vt 0.796822 0.514612
vt 0.703179 0.514611
vt 0.750000 0.510000
vt 0.658156 0.528269
vt 0.841844 0.528269
vt 0.616663 0.550447
vt 0.883337 0.550447
vt 0.580295 0.580294
vt 0.919706 0.580294
vt 0.550447 0.616663
vt 0.949553 0.616663
vt 0.528269 0.658156
vt 0.971731 0.658156
vt 0.514612 0.703178
vt 0.985388 0.703178
vt 0.510000 0.750000
vt 0.990000 0.750000
vt 0.514611 0.796821
vt 0.985388 0.796822
vt 0.528269 0.841844
vt 0.971731 0.841844
vt 0.550447 0.883337
vt 0.949553 0.883337
vt 0.580294 0.919706
vt 0.919706 0.919706
vt 0.616663 0.949553
vt 0.883337 0.949553
vt 0.658156 0.971731
vt 0.841844 0.971731
vt 0.703178 0.985388
vt 0.796822 0.985388
vt 0.750000 0.990000
vt 0.000000 1.000000
s 1
g off
g Object_49_hk_banco_lampara
usemtl hk_banco_lampara
f 1/1/1 2/2/1 3/3/2
f 1/1/1 3/3/2 4/4/2
f 4/4/2 3/3/2 5/5/3
f 4/4/2 5/5/3 6/6/3
f 6/6/3 5/5/3 7/7/4
f 6/6/3 7/7/4 8/8/4
f 8/8/4 7/7/4 9/9/5
f 8/8/4 9/9/5 10/10/5
f 10/10/5 9/9/5 11/11/6
f 10/10/5 11/11/6 12/12/6
f 12/12/6 11/11/6 13/13/7
f 12/12/6 13/13/7 14/14/7
f 14/14/7 13/13/7 15/15/8
f 14/14/7 15/15/8 16/16/8
f 16/16/8 15/15/8 17/17/9
f 16/16/8 17/17/9 18/18/9
f 18/18/9 17/17/9 19/19/10
f 18/18/9 19/19/10 20/20/10
f 20/20/10 19/19/10 21/21/11
f 20/20/10 21/21/11 22/22/11
f 22/22/11 21/21/11 23/23/12
f 22/22/11 23/23/12 24/24/12
f 24/24/12 23/23/12 25/25/13
f 24/24/12 25/25/13 26/26/13
f 26/26/13 25/25/13 27/27/14
f 26/26/13 27/27/14 28/28/14
f 28/28/14 27/27/14 29/29/15
f 28/28/14 29/29/15 30/30/15
f 30/30/15 29/29/15 31/31/16
f 30/30/15 31/31/16 32/32/16
f 32/32/16 31/31/16 33/33/17
f 32/32/16 33/33/17 34/34/17
f 34/34/17 33/33/17 35/35/18
f 34/34/17 35/35/18 36/36/18
f 36/36/18 35/35/18 37/37/19
f 36/36/18 37/37/19 38/38/19
f 38/38/19 37/37/19 39/39/20
f 38/38/19 39/39/20 40/40/20
f 40/40/20 39/39/20 41/41/21
f 40/40/20 41/41/21 42/42/21
f 42/42/21 41/41/21 43/43/22
f 42/42/21 43/43/22 44/44/22
f 44/44/22 43/43/22 45/45/23
f 44/44/22 45/45/23 46/46/23
f 46/46/23 45/45/23 47/47/24
f 46/46/23 47/47/24 48/48/24
f 48/48/24 47/47/24 49/49/25
f 48/48/24 49/49/25 50/50/25
f 50/50/25 49/49/25 51/51/26
f 50/50/25 51/51/26 52/52/26
f 52/52/26 51/51/26 53/53/27
f 52/52/26 53/53/27 54/54/27
f 54/54/27 53/53/27 55/55/28
f 54/54/27 55/55/28 56/56/28
f 56/56/28 55/55/28 57/57/29
f 56/56/28 57/57/29 58/58/29
f 58/58/29 57/57/29 59/59/30
f 58/58/29 59/59/30 60/60/30
f 60/60/30 59/59/30 61/61/31
f 60/60/30 61/61/31 62/62/31
f 7/7/4 5/5/3 63/5/3
f 7/7/4 63/5/3 64/7/4
f 62/62/31 61/61/31 65/63/32
f 62/62/31 65/63/32 66/64/32
f 66/64/32 65/63/32 67/65/33
f 66/64/32 67/65/33 68/66/33
f 16/16/8 18/18/9 69/18/34
f 16/16/8 69/18/34 70/16/35
f 71/15/8 72/13/7 73/13/7
f 71/15/8 73/13/7 74/15/8
f 25/25/13 23/23/12 75/23/12
f 25/25/13 75/23/12 76/25/13
f 43/43/22 41/41/21 77/41/21
f 43/43/22 77/41/21 78/43/22
f 61/61/31 59/59/30 79/59/30
f 61/61/31 79/59/30 80/61/31
f 17/17/9 15/15/8 71/15/8
f 17/17/9 71/15/8 81/17/9
f 35/35/18 33/33/17 82/33/17
f 35/35/18 82/33/17 83/35/18
f 53/53/27 51/51/26 84/51/26
f 53/53/27 84/51/26 85/53/27
f 9/9/5 7/7/4 64/7/4
f 9/9/5 64/7/4 86/9/5
f 27/27/14 25/25/13 76/25/13
f 27/27/14 76/25/13 87/27/14
f 45/45/23 43/43/22 78/43/22
f 45/45/23 78/43/22 88/45/23
f 65/63/32 61/61/31 80/61/31
f 65/63/32 80/61/31 89/63/32
f 19/19/10 17/17/9 81/17/9
f 19/19/10 81/17/9 90/19/10
f 37/37/19 35/35/18 83/35/18
f 37/37/19 83/35/18 91/37/19
f 55/55/28 53/53/27 85/53/27
f 55/55/28 85/53/27 92/55/28
f 11/11/6 9/9/5 86/9/5
f 11/11/6 86/9/5 93/11/6
f 29/29/15 27/27/14 87/27/14
f 29/29/15 87/27/14 94/29/15
f 47/47/24 45/45/23 88/45/23
f 47/47/24 88/45/23 95/47/24
f 3/3/2 2/2/1 96/2/1
f 3/3/2 96/2/1 97/3/2
f 67/65/33 65/63/32 89/63/32
f 67/65/33 89/63/32 98/65/33
f 21/21/11 19/19/10 90/19/10
f 21/21/11 90/19/10 99/21/11
f 39/39/20 37/37/19 91/37/19
f 39/39/20 91/37/19 100/39/20
f 57/57/29 55/55/28 92/55/28
f 57/57/29 92/55/28 101/57/29
f 13/13/7 11/11/6 93/11/6
f 13/13/7 93/11/6 72/13/7
f 31/31/16 29/29/15 94/29/15
f 31/31/16 94/29/15 102/31/16
f 49/49/25 47/47/24 95/47/24
f 49/49/25 95/47/24 103/49/25
f 5/5/3 3/3/2 97/3/2
f 5/5/3 97/3/2 63/5/3
f 23/23/12 21/21/11 99/21/11
f 23/23/12 99/21/11 75/23/12
f 41/41/21 39/39/20 100/39/20
f 41/41/21 100/39/20 77/41/21
f 59/59/30 57/57/29 101/57/29
f 59/59/30 101/57/29 79/59/30
f 15/15/8 13/13/7 72/13/7
f 15/15/8 72/13/7 71/15/8
f 33/33/17 31/31/16 102/31/16
f 33/33/17 102/31/16 82/33/17
f 51/51/26 49/49/25 103/49/25
f 51/51/26 103/49/25 84/51/26
f 104/21/11 105/19/10 106/19/36
f 104/21/11 106/19/36 107/21/37
f 78/43/22 77/41/21 108/41/21
f 78/43/22 108/41/21 109/43/22
f 81/17/9 71/15/8 74/15/8
f 81/17/9 74/15/8 110/17/9
f 88/45/23 78/43/22 109/43/22
f 88/45/23 109/43/22 111/45/23
f 90/19/10 81/17/9 110/17/9
f 90/19/10 110/17/9 105/19/10
f 95/47/24 88/45/23 111/45/23
f 95/47/24 111/45/23 112/47/24
f 99/21/11 90/19/10 105/19/10
f 99/21/11 105/19/10 104/21/11
f 103/49/25 95/47/24 112/47/24
f 103/49/25 112/47/24 113/49/25
f 75/23/12 99/21/11 104/21/11
f 75/23/12 104/21/11 114/23/12
f 84/51/26 103/49/25 113/49/25
f 84/51/26 113/49/25 115/51/26
f 76/25/13 75/23/12 114/23/12
f 76/25/13 114/23/12 116/25/13
f 85/53/27 84/51/26 115/51/26
f 85/53/27 115/51/26 117/53/27
f 87/27/14 76/25/13 116/25/13
f 87/27/14 116/25/13 118/27/14
f 92/55/28 85/53/27 117/53/27
f 92/55/28 117/53/27 119/55/28
f 94/29/15 87/27/14 118/27/14
f 94/29/15 118/27/14 120/29/15
f 97/3/2 96/2/1 121/2/1
f 97/3/2 121/2/1 122/3/2
f 101/57/29 92/55/28 119/55/28
f 101/57/29 119/55/28 123/57/29
f 102/31/16 94/29/15 120/29/15
f 102/31/16 120/29/15 124/31/16
f 63/5/3 97/3/2 122/3/2
f 63/5/3 122/3/2 125/5/3
f 79/59/30 101/57/29 123/57/29
f 79/59/30 123/57/29 126/59/30
f 82/33/17 102/31/16 124/31/16
f 82/33/17 124/31/16 127/33/17
f 64/7/4 63/5/3 125/5/3
f 64/7/4 125/5/3 128/7/4
f 80/61/31 79/59/30 126/59/30
f 80/61/31 126/59/30 129/61/31
f 83/35/18 82/33/17 127/33/17
f 83/35/18 127/33/17 130/35/18
f 86/9/5 64/7/4 128/7/4
f 86/9/5 128/7/4 131/9/5
f 89/63/32 80/61/31 129/61/31
f 89/63/32 129/61/31 132/63/32
f 91/37/19 83/35/18 130/35/18
f 91/37/19 130/35/18 133/37/19
f 93/11/6 86/9/5 131/9/5
f 93/11/6 131/9/5 134/11/6
f 98/65/33 89/63/32 132/63/32
f 98/65/33 132/63/32 135/65/33
f 100/39/20 91/37/19 133/37/19
f 100/39/20 133/37/19 136/39/20
f 72/13/7 93/11/6 134/11/6
f 72/13/7 134/11/6 73/13/7
f 77/41/21 100/39/20 136/39/20
f 77/41/21 136/39/20 108/41/21
s 2
f 137/27/38 138/25/39 139/25/40
f 137/27/38 139/25/40 140/27/41
s 1
f 113/49/25 112/47/24 141/47/42
f 113/49/25 141/47/42 142/49/43
f 114/23/12 104/21/11 107/21/37
f 114/23/12 107/21/37 143/23/44
f 115/51/26 113/49/25 142/49/43
f 115/51/26 142/49/43 144/51/45
f 116/25/13 114/23/12 143/23/44
f 116/25/13 143/23/44 138/25/46
f 117/53/27 115/51/26 144/51/45
f 117/53/27 144/51/45 145/53/47
f 118/27/14 116/25/13 138/25/46
f 118/27/14 138/25/46 137/27/48
f 119/55/28 117/53/27 145/53/47
f 119/55/28 145/53/47 146/55/49
f 120/29/15 118/27/14 137/27/48
f 120/29/15 137/27/48 147/29/50
f 122/3/2 121/2/1 148/2/51
f 122/3/2 148/2/51 149/3/52
f 123/57/29 119/55/28 146/55/49
f 123/57/29 146/55/49 150/57/53
f 124/31/16 120/29/15 147/29/50
f 124/31/16 147/29/50 151/31/54
f 125/5/3 122/3/2 149/3/52
f 125/5/3 149/3/52 152/5/55
f 126/59/30 123/57/29 150/57/53
f 126/59/30 150/57/53 153/59/56
f 127/33/17 124/31/16 151/31/54
f 127/33/17 151/31/54 154/33/57
f 128/7/4 125/5/3 152/5/55
f 128/7/4 152/5/55 155/7/58
f 129/61/31 126/59/30 153/59/56
f 129/61/31 153/59/56 156/61/59
f 130/35/18 127/33/17 154/33/57
f 130/35/18 154/33/57 157/35/60
f 131/9/5 128/7/4 155/7/58
f 131/9/5 155/7/58 158/9/61
f 132/63/32 129/61/31 156/61/59
f 132/63/32 156/61/59 159/63/62
f 133/37/19 130/35/18 157/35/60
f 133/37/19 157/35/60 160/37/63
f 134/11/6 131/9/5 158/9/61
f 134/11/6 158/9/61 161/11/64
f 135/65/33 132/63/32 159/63/62
f 135/65/33 159/63/62 162/65/65
f 136/39/20 133/37/19 160/37/63
f 136/39/20 160/37/63 163/39/66
f 73/13/7 134/11/6 161/11/64
f 73/13/7 161/11/64 164/13/67
f 108/41/21 136/39/20 163/39/66
f 108/41/21 163/39/66 165/41/68
f 74/15/8 73/13/7 164/13/67
f 74/15/8 164/13/67 166/15/69
f 109/43/22 108/41/21 165/41/68
f 109/43/22 165/41/68 167/43/70
f 110/17/9 74/15/8 166/15/69
f 110/17/9 166/15/69 168/17/71
f 111/45/23 109/43/22 167/43/70
f 111/45/23 167/43/70 169/45/72
f 105/19/10 110/17/9 168/17/71
f 105/19/10 168/17/71 106/19/36
f 112/47/24 111/45/23 169/45/72
f 112/47/24 169/45/72 141/47/42
s 2
f 170/33/73 171/31/74 172/31/75
f 170/33/73 172/31/75 173/33/76
f 146/55/49 145/53/77 174/53/78
f 146/55/49 174/53/78 175/55/79
f 147/29/50 137/27/38 140/27/41
f 147/29/50 140/27/41 176/29/80
f 149/3/81 148/2/51 177/2/82
f 149/3/81 177/2/82 178/3/83
f 150/57/84 146/55/49 175/55/79
f 150/57/84 175/55/79 179/57/85
f 151/31/86 147/29/50 176/29/80
f 151/31/86 176/29/80 171/31/74
f 152/5/55 149/3/81 178/3/83
f 152/5/55 178/3/83 180/5/87
f 153/59/88 150/57/84 179/57/85
f 153/59/88 179/57/85 181/59/89
f 154/33/90 151/31/86 171/31/74
f 154/33/90 171/31/74 170/33/73
f 155/7/58 152/5/55 180/5/87
f 155/7/58 180/5/87 182/7/91
f 156/61/59 153/59/88 181/59/89
f 156/61/59 181/59/89 183/61/92
f 157/35/93 154/33/90 170/33/73
f 157/35/93 170/33/73 184/35/94
f 158/9/95 155/7/58 182/7/91
f 158/9/95 182/7/91 185/9/96
f 159/63/97 156/61/59 183/61/92
f 159/63/97 183/61/92 186/63/98
f 160/37/99 157/35/93 184/35/94
f 160/37/99 184/35/94 187/37/100
f 161/11/101 158/9/95 185/9/96
f 161/11/101 185/9/96 188/11/102
f 162/65/103 159/63/97 186/63/98
f 162/65/103 186/63/98 189/65/104
f 163/39/105 160/37/99 187/37/100
f 163/39/105 187/37/100 190/39/106
f 164/13/107 161/11/101 188/11/102
f 164/13/107 188/11/102 191/13/108
f 165/41/109 163/39/105 190/39/106
f 165/41/109 190/39/106 192/41/110
f 166/15/111 164/13/107 191/13/108
f 166/15/111 191/13/108 193/15/112
f 167/43/70 165/41/109 192/41/110
f 167/43/70 192/41/110 194/43/113
f 168/17/71 166/15/111 193/15/112
f 168/17/71 193/15/112 195/17/114
f 169/45/72 167/43/70 194/43/113
f 169/45/72 194/43/113 196/45/115
f 106/19/36 168/17/71 195/17/114
f 106/19/36 195/17/114 197/19/116
f 141/47/117 169/45/72 196/45/115
f 141/47/117 196/45/115 198/47/118
f 107/21/37 106/19/36 197/19/116
f 107/21/37 197/19/116 199/21/119
f 142/49/120 141/47/117 198/47/118
f 142/49/120 198/47/118 200/49/121
f 143/23/122 107/21/37 199/21/119
f 143/23/122 199/21/119 201/23/123
f 144/51/124 142/49/120 200/49/121
f 144/51/124 200/49/121 202/51/125
f 138/25/39 143/23/122 201/23/123
f 138/25/39 201/23/123 139/25/40
f 145/53/77 144/51/124 202/51/125
f 145/53/77 202/51/125 174/53/78
f 203/39/126 204/37/127 205/37/128
f 203/39/126 205/37/128 206/39/129
f 182/7/91 180/5/87 207/5/130
f 182/7/91 207/5/130 208/7/131
f 183/61/92 181/59/89 209/59/132
f 183/61/92 209/59/132 210/61/133
f 184/35/94 170/33/73 173/33/76
f 184/35/94 173/33/76 211/35/134
f 185/9/96 182/7/91 208/7/131
f 185/9/96 208/7/131 212/9/135
f 186/63/98 183/61/92 210/61/133
f 186/63/98 210/61/133 213/63/136
f 187/37/100 184/35/94 211/35/134
f 187/37/100 211/35/134 204/37/127
f 188/11/102 185/9/96 212/9/135
f 188/11/102 212/9/135 214/11/137
f 189/65/104 186/63/98 213/63/136
f 189/65/104 213/63/136 215/65/138
f 190/39/106 187/37/100 204/37/127
f 190/39/106 204/37/127 203/39/126
f 191/13/108 188/11/102 214/11/137
f 191/13/108 214/11/137 216/13/139
f 192/41/110 190/39/106 203/39/126
f 192/41/110 203/39/126 217/41/140
f 193/15/112 191/13/108 216/13/139
f 193/15/112 216/13/139 218/15/141
f 194/43/113 192/41/110 217/41/140
f 194/43/113 217/41/140 219/43/142
f 195/17/114 193/15/112 218/15/141
f 195/17/114 218/15/141 220/17/143
f 196/45/115 194/43/113 219/43/142
f 196/45/115 219/43/142 221/45/144
f 197/19/116 195/17/114 220/17/143
f 197/19/116 220/17/143 222/19/145
f 198/47/118 196/45/115 221/45/144
f 198/47/118 221/45/144 223/47/146
f 199/21/119 197/19/116 222/19/145
f 199/21/119 222/19/145 224/21/147
f 200/49/121 198/47/118 223/47/146
f 200/49/121 223/47/146 225/49/148
f 201/23/123 199/21/119 224/21/147
f 201/23/123 224/21/147 226/23/149
f 202/51/125 200/49/121 225/49/148
f 202/51/125 225/49/148 227/51/150
f 139/25/40 201/23/123 226/23/149
f 139/25/40 226/23/149 228/25/151
f 174/53/78 202/51/125 227/51/150
f 174/53/78 227/51/150 229/53/152
f 140/27/41 139/25/40 228/25/151
f 140/27/41 228/25/151 230/27/153
f 175/55/79 174/53/78 229/53/152
f 175/55/79 229/53/152 231/55/154
f 176/29/80 140/27/41 230/27/153
f 176/29/80 230/27/153 232/29/155
f 178/3/83 177/2/82 233/2/138
f 178/3/83 233/2/138 234/3/156
f 179/57/85 175/55/79 231/55/154
f 179/57/85 231/55/154 235/57/157
f 171/31/74 176/29/80 232/29/155
f 171/31/74 232/29/155 172/31/75
f 180/5/87 178/3/83 234/3/156
f 180/5/87 234/3/156 207/5/130
f 181/59/89 179/57/85 235/57/157
f 181/59/89 235/57/157 209/59/132
f 236/45/158 237/43/159 238/43/160
f 236/45/158 238/43/160 239/45/161
f 216/13/139 214/11/137 240/11/162
f 216/13/139 240/11/162 241/13/163
f 217/41/140 203/39/126 206/39/129
f 217/41/140 206/39/129 242/41/164
f 218/15/141 216/13/139 241/13/163
f 218/15/141 241/13/163 243/15/165
f 219/43/142 217/41/140 242/41/164
f 219/43/142 242/41/164 237/43/159
f 220/17/143 218/15/141 243/15/165
f 220/17/143 243/15/165 244/17/166
f 221/45/144 219/43/142 237/43/159
f 221/45/144 237/43/159 236/45/158
f 222/19/145 220/17/143 244/17/166
f 222/19/145 244/17/166 245/19/167
f 223/47/146 221/45/144 236/45/158
f 223/47/146 236/45/158 246/47/168
f 224/21/147 222/19/145 245/19/167
f 224/21/147 245/19/167 247/21/169
f 225/49/148 223/47/146 246/47/168
f 225/49/148 246/47/168 248/49/170
f 226/23/149 224/21/147 247/21/169
f 226/23/149 247/21/169 249/23/171
f 227/51/150 225/49/148 248/49/170
f 227/51/150 248/49/170 250/51/172
f 228/25/151 226/23/149 249/23/171
f 228/25/151 249/23/171 251/25/173
f 229/53/152 227/51/150 250/51/172
f 229/53/152 250/51/172 252/53/174
f 230/27/153 228/25/151 251/25/173
f 230/27/153 251/25/173 253/27/175
f 231/55/154 229/53/152 252/53/174
f 231/55/154 252/53/174 254/55/176
f 232/29/155 230/27/153 253/27/175
f 232/29/155 253/27/175 255/29/177
f 234/3/156 233/2/138 256/2/178
f 234/3/156 256/2/178 257/3/179
f 235/57/157 231/55/154 254/55/176
f 235/57/157 254/55/176 258/57/180
f 172/31/75 232/29/155 255/29/177
f 172/31/75 255/29/177 259/31/181
f 207/5/130 234/3/156 257/3/179
f 207/5/130 257/3/179 260/5/182
f 209/59/132 235/57/157 258/57/180
f 209/59/132 258/57/180 261/59/183
f 173/33/76 172/31/75 259/31/181
f 173/33/76 259/31/181 262/33/184
f 208/7/131 207/5/130 260/5/182
f 208/7/131 260/5/182 263/7/185
f 210/61/133 209/59/132 261/59/183
f 210/61/133 261/59/183 264/61/186
f 211/35/134 173/33/76 262/33/184
f 211/35/134 262/33/184 265/35/187
f 212/9/135 208/7/131 263/7/185
f 212/9/135 263/7/185 266/9/188
f 213/63/136 210/61/133 264/61/186
f 213/63/136 264/61/186 267/63/189
f 204/37/127 211/35/134 265/35/187
f 204/37/127 265/35/187 205/37/128
f 214/11/137 212/9/135 266/9/188
f 214/11/137 266/9/188 240/11/162
f 215/65/138 213/63/136 267/63/189
f 215/65/138 267/63/189 268/65/178
f 269/51/190 270/49/191 271/49/192
f 269/51/190 271/49/192 272/51/193
f 245/19/167 244/17/166 273/17/194
f 245/19/167 273/17/194 274/19/195
f 246/47/168 236/45/158 239/45/161
f 246/47/168 239/45/161 275/47/196
f 247/21/169 245/19/167 274/19/195
f 247/21/169 274/19/195 276/21/197
f 248/49/170 246/47/168 275/47/196
f 248/49/170 275/47/196 270/49/191
f 249/23/171 247/21/169 276/21/197
f 249/23/171 276/21/197 277/23/198
f 250/51/172 248/49/170 270/49/191
f 250/51/172 270/49/191 269/51/190
f 251/25/173 249/23/171 277/23/198
f 251/25/173 277/23/198 278/25/199
f 252/53/174 250/51/172 269/51/190
f 252/53/174 269/51/190 279/53/200
f 253/27/175 251/25/173 278/25/199
f 253/27/175 278/25/199 280/27/201
f 254/55/176 252/53/174 279/53/200
f 254/55/176 279/53/200 281/55/202
f 255/29/177 253/27/175 280/27/201
f 255/29/177 280/27/201 282/29/203
f 257/3/179 256/2/178 283/2/204
f 257/3/179 283/2/204 284/3/205
f 258/57/180 254/55/176 281/55/202
f 258/57/180 281/55/202 285/57/206
f 259/31/181 255/29/177 282/29/203
f 259/31/181 282/29/203 286/31/207
f 260/5/182 257/3/179 284/3/205
f 260/5/182 284/3/205 287/5/208
f 261/59/183 258/57/180 285/57/206
f 261/59/183 285/57/206 288/59/209
f 262/33/184 259/31/181 286/31/207
f 262/33/184 286/31/207 289/33/210
f 263/7/185 260/5/182 287/5/208
f 263/7/185 287/5/208 290/7/211
f 264/61/186 261/59/183 288/59/209
f 264/61/186 288/59/209 291/61/212
f 265/35/187 262/33/184 289/33/210
f 265/35/187 289/33/210 292/35/213
f 266/9/188 263/7/185 290/7/211
f 266/9/188 290/7/211 293/9/214
f 267/63/189 264/61/186 291/61/212
f 267/63/189 291/61/212 294/63/215
f 205/37/128 265/35/187 292/35/213
f 205/37/128 292/35/213 295/37/216
f 240/11/162 266/9/188 293/9/214
f 240/11/162 293/9/214 296/11/217
f 268/65/178 267/63/189 294/63/215
f 268/65/178 294/63/215 297/65/218
f 206/39/129 205/37/128 295/37/216
f 206/39/129 295/37/216 298/39/219
f 241/13/163 240/11/162 296/11/217
f 241/13/163 296/11/217 299/13/220
f 242/41/164 206/39/129 298/39/219
f 242/41/164 298/39/219 300/41/221
f 243/15/165 241/13/163 299/13/220
f 243/15/165 299/13/220 301/15/222
f 237/43/159 242/41/164 300/41/221
f 237/43/159 300/41/221 238/43/160
f 244/17/166 243/15/165 301/15/222
f 244/17/166 301/15/222 273/17/194
f 302/3/223 303/2/224 304/2/225
f 302/3/223 304/2/225 305/3/226
f 278/25/199 277/23/198 306/23/227
f 278/25/199 306/23/227 307/25/228
f 279/53/200 269/51/190 272/51/193
f 279/53/200 272/51/193 308/53/229
f 280/27/201 278/25/199 307/25/228
f 280/27/201 307/25/228 309/27/230
f 281/55/202 279/53/200 308/53/229
f 281/55/202 308/53/229 310/55/231
f 282/29/203 280/27/201 309/27/230
f 282/29/203 309/27/230 311/29/232
f 284/3/205 283/2/204 303/2/224
f 284/3/205 303/2/224 302/3/223
f 285/57/206 281/55/202 310/55/231
f 285/57/206 310/55/231 312/57/233
f 286/31/207 282/29/203 311/29/232
f 286/31/207 311/29/232 313/31/234
f 287/5/208 284/3/205 302/3/223
f 287/5/208 302/3/223 314/5/235
f 288/59/209 285/57/206 312/57/233
f 288/59/209 312/57/233 315/59/236
f 289/33/210 286/31/207 313/31/234
f 289/33/210 313/31/234 316/33/237
f 290/7/211 287/5/208 314/5/235
f 290/7/211 314/5/235 317/7/238
f 291/61/212 288/59/209 315/59/236
f 291/61/212 315/59/236 318/61/239
f 292/35/213 289/33/210 316/33/237
f 292/35/213 316/33/237 319/35/240
f 293/9/214 290/7/211 317/7/238
f 293/9/214 317/7/238 320/9/241
f 294/63/215 291/61/212 318/61/239
f 294/63/215 318/61/239 321/63/242
f 295/37/216 292/35/213 319/35/240
f 295/37/216 319/35/240 322/37/243
f 296/11/217 293/9/214 320/9/241
f 296/11/217 320/9/241 323/11/244
f 297/65/218 294/63/215 321/63/242
f 297/65/218 321/63/242 324/65/245
f 298/39/219 295/37/216 322/37/243
f 298/39/219 322/37/243 325/39/246
f 299/13/220 296/11/217 323/11/244
f 299/13/220 323/11/244 326/13/247
f 300/41/221 298/39/219 325/39/246
f 300/41/221 325/39/246 327/41/248
f 301/15/222 299/13/220 326/13/247
f 301/15/222 326/13/247 328/15/249
f 238/43/160 300/41/221 327/41/248
f 238/43/160 327/41/248 329/43/250
f 273/17/194 301/15/222 328/15/249
f 273/17/194 328/15/249 330/17/251
f 239/45/161 238/43/160 329/43/250
f 239/45/161 329/43/250 331/45/252
f 274/19/195 273/17/194 330/17/251
f 274/19/195 330/17/251 332/19/253
f 275/47/196 239/45/161 331/45/252
f 275/47/196 331/45/252 333/47/254
f 276/21/197 274/19/195 332/19/253
f 276/21/197 332/19/253 334/21/255
f 270/49/191 275/47/196 333/47/254
f 270/49/191 333/47/254 271/49/192
f 277/23/198 276/21/197 334/21/255
f 277/23/198 334/21/255 306/23/227
f 335/9/256 336/7/257 337/7/258
f 335/9/256 337/7/258 338/9/259
f 312/57/233 310/55/231 339/55/260
f 312/57/233 339/55/260 340/57/261
f 313/31/234 311/29/232 341/29/262
f 313/31/234 341/29/262 342/31/263
f 314/5/235 302/3/223 305/3/226
f 314/5/235 305/3/226 343/5/264
f 315/59/236 312/57/233 340/57/261
f 315/59/236 340/57/261 344/59/265
f 316/33/237 313/31/234 342/31/263
f 316/33/237 342/31/263 345/33/266
f 317/7/238 314/5/235 343/5/264
f 317/7/238 343/5/264 336/7/257
f 318/61/239 315/59/236 344/59/265
f 318/61/239 344/59/265 346/61/267
f 319/35/240 316/33/237 345/33/266
f 319/35/240 345/33/266 347/35/268
f 320/9/241 317/7/238 336/7/257
f 320/9/241 336/7/257 335/9/256
f 321/63/242 318/61/239 346/61/267
f 321/63/242 346/61/267 348/63/269
f 322/37/243 319/35/240 347/35/268
f 322/37/243 347/35/268 349/37/270
f 323/11/244 320/9/241 335/9/256
f 323/11/244 335/9/256 350/11/271
f 324/65/245 321/63/242 348/63/269
f 324/65/245 348/63/269 351/65/272
f 325/39/246 322/37/243 349/37/270
f 325/39/246 349/37/270 352/39/273
f 326/13/247 323/11/244 350/11/271
f 326/13/247 350/11/271 353/13/274
f 327/41/248 325/39/246 352/39/273
f 327/41/248 352/39/273 354/41/275
f 328/15/249 326/13/247 353/13/274
f 328/15/249 353/13/274 355/15/276
f 329/43/250 327/41/248 354/41/275
f 329/43/250 354/41/275 356/43/277
f 330/17/251 328/15/249 355/15/276
f 330/17/251 355/15/276 357/17/278
f 331/45/252 329/43/250 356/43/277
f 331/45/252 356/43/277 358/45/279
f 332/19/253 330/17/251 357/17/278
f 332/19/253 357/17/278 359/19/280
f 333/47/254 331/45/252 358/45/279
f 333/47/254 358/45/279 360/47/281
f 334/21/255 332/19/253 359/19/280
f 334/21/255 359/19/280 361/21/282
f 271/49/192 333/47/254 360/47/281
f 271/49/192 360/47/281 362/49/283
f 306/23/227 334/21/255 361/21/282
f 306/23/227 361/21/282 363/23/284
f 272/51/193 271/49/192 362/49/283
f 272/51/193 362/49/283 364/51/285
f 307/25/228 306/23/227 363/23/284
f 307/25/228 363/23/284 365/25/286
f 308/53/229 272/51/193 364/51/285
f 308/53/229 364/51/285 366/53/287
f 309/27/230 307/25/228 365/25/286
f 309/27/230 365/25/286 367/27/288
f 310/55/231 308/53/229 366/53/287
f 310/55/231 366/53/287 339/55/260
f 311/29/232 309/27/230 367/27/288
f 311/29/232 367/27/288 341/29/262
f 368/15/289 369/13/290 370/13/291
f 368/15/289 370/13/291 371/15/292
f 348/63/269 346/61/267 372/61/293
f 348/63/269 372/61/293 373/63/294
f 349/37/270 347/35/268 374/35/295
f 349/37/270 374/35/295 375/37/296
f 350/11/271 335/9/256 338/9/259
f 350/11/271 338/9/259 376/11/297
f 351/65/272 348/63/269 373/63/294
f 351/65/272 373/63/294 377/65/298
f 352/39/273 349/37/270 375/37/296
f 352/39/273 375/37/296 378/39/299
f 353/13/274 350/11/271 376/11/297
f 353/13/274 376/11/297 369/13/290
f 354/41/275 352/39/273 378/39/299
f 354/41/275 378/39/299 379/41/300
f 355/15/276 353/13/274 369/13/290
f 355/15/276 369/13/290 368/15/289
f 356/43/277 354/41/275 379/41/300
f 356/43/277 379/41/300 380/43/301
f 357/17/278 355/15/276 368/15/289
f 357/17/278 368/15/289 381/17/302
f 358/45/279 356/43/277 380/43/301
f 358/45/279 380/43/301 382/45/303
f 359/19/280 357/17/278 381/17/302
f 359/19/280 381/17/302 383/19/304
f 360/47/281 358/45/279 382/45/303
f 360/47/281 382/45/303 384/47/305
f 361/21/282 359/19/280 383/19/304
f 361/21/282 383/19/304 385/21/306
f 362/49/283 360/47/281 384/47/305
f 362/49/283 384/47/305 386/49/307
f 363/23/284 361/21/282 385/21/306
f 363/23/284 385/21/306 387/23/308
f 364/51/285 362/49/283 386/49/307
f 364/51/285 386/49/307 388/51/309
f 365/25/286 363/23/284 387/23/308
f 365/25/286 387/23/308 389/25/310
f 366/53/287 364/51/285 388/51/309
f 366/53/287 388/51/309 390/53/311
f 367/27/288 365/25/286 389/25/310
f 367/27/288 389/25/310 391/27/312
f 339/55/260 366/53/287 390/53/311
f 339/55/260 390/53/311 392/55/313
f 341/29/262 367/27/288 391/27/312
f 341/29/262 391/27/312 393/29/314
f 305/3/226 304/2/225 394/2/315
f 305/3/226 394/2/315 395/3/316
f 340/57/261 339/55/260 392/55/313
f 340/57/261 392/55/313 396/57/317
f 342/31/263 341/29/262 393/29/314
f 342/31/263 393/29/314 397/31/318
f 343/5/264 305/3/226 395/3/316
f 343/5/264 395/3/316 398/5/319
f 344/59/265 340/57/261 396/57/317
f 344/59/265 396/57/317 399/59/320
f 345/33/266 342/31/263 397/31/318
f 345/33/266 397/31/318 400/33/321
f 336/7/257 343/5/264 398/5/319
f 336/7/257 398/5/319 337/7/258
f 346/61/267 344/59/265 399/59/320
f 346/61/267 399/59/320 372/61/293
f 347/35/268 345/33/266 400/33/321
f 347/35/268 400/33/321 374/35/295
f 401/21/322 402/19/323 403/19/324
f 401/21/322 403/19/324 404/21/325
f 380/43/301 379/41/300 405/41/326
f 380/43/301 405/41/326 406/43/327
f 381/17/302 368/15/289 371/15/292
f 381/17/302 371/15/292 407/17/328
f 382/45/303 380/43/301 406/43/327
f 382/45/303 406/43/327 408/45/329
f 383/19/304 381/17/302 407/17/328
f 383/19/304 407/17/328 402/19/323
f 384/47/305 382/45/303 408/45/329
f 384/47/305 408/45/329 409/47/330
f 385/21/306 383/19/304 402/19/323
f 385/21/306 402/19/323 401/21/322
f 386/49/307 384/47/305 409/47/330
f 386/49/307 409/47/330 410/49/331
f 387/23/308 385/21/306 401/21/322
f 387/23/308 401/21/322 411/23/332
f 388/51/309 386/49/307 410/49/331
f 388/51/309 410/49/331 412/51/333
f 389/25/310 387/23/308 411/23/332
f 389/25/310 411/23/332 413/25/334
f 390/53/311 388/51/309 412/51/333
f 390/53/311 412/51/333 414/53/335
f 391/27/312 389/25/310 413/25/334
f 391/27/312 413/25/334 415/27/336
f 392/55/313 390/53/311 414/53/335
f 392/55/313 414/53/335 416/55/337
f 393/29/314 391/27/312 415/27/336
f 393/29/314 415/27/336 417/29/338
f 395/3/316 394/2/315 418/2/339
f 395/3/316 418/2/339 419/3/340
f 396/57/317 392/55/313 416/55/337
f 396/57/317 416/55/337 420/57/341
f 397/31/318 393/29/314 417/29/338
f 397/31/318 417/29/338 421/31/342
f 398/5/319 395/3/316 419/3/340
f 398/5/319 419/3/340 422/5/343
f 399/59/320 396/57/317 420/57/341
f 399/59/320 420/57/341 423/59/344
f 400/33/321 397/31/318 421/31/342
f 400/33/321 421/31/342 424/33/345
f 337/7/258 398/5/319 422/5/343
f 337/7/258 422/5/343 425/7/346
f 372/61/293 399/59/320 423/59/344
f 372/61/293 423/59/344 426/61/347
f 374/35/295 400/33/321 424/33/345
f 374/35/295 424/33/345 427/35/348
f 338/9/259 337/7/258 425/7/346
f 338/9/259 425/7/346 428/9/349
f 373/63/294 372/61/293 426/61/347
f 373/63/294 426/61/347 429/63/350
f 375/37/296 374/35/295 427/35/348
f 375/37/296 427/35/348 430/37/351
f 376/11/297 338/9/259 428/9/349
f 376/11/297 428/9/349 431/11/352
f 377/65/298 373/63/294 429/63/350
f 377/65/298 429/63/350 432/65/353
f 378/39/299 375/37/296 430/37/351
f 378/39/299 430/37/351 433/39/354
f 369/13/290 376/11/297 431/11/352
f 369/13/290 431/11/352 370/13/291
f 379/41/300 378/39/299 433/39/354
f 379/41/300 433/39/354 405/41/326
f 434/27/355 435/25/356 436/25/357
f 434/27/355 436/25/357 437/27/358
f 410/49/331 409/47/330 438/47/359
f 410/49/331 438/47/359 439/49/360
f 411/23/332 401/21/322 404/21/325
f 411/23/332 404/21/325 440/23/361
f 412/51/333 410/49/331 439/49/360
f 412/51/333 439/49/360 441/51/362
f 413/25/334 411/23/332 440/23/361
f 413/25/334 440/23/361 435/25/356
f 414/53/335 412/51/333 441/51/362
f 414/53/335 441/51/362 442/53/363
f 415/27/336 413/25/334 435/25/356
f 415/27/336 435/25/356 434/27/355
f 416/55/337 414/53/335 442/53/363
f 416/55/337 442/53/363 443/55/364
f 417/29/338 415/27/336 434/27/355
f 417/29/338 434/27/355 444/29/365
f 419/3/340 418/2/339 445/2/366
f 419/3/340 445/2/366 446/3/367
f 420/57/341 416/55/337 443/55/364
f 420/57/341 443/55/364 447/57/368
f 421/31/342 417/29/338 444/29/365
f 421/31/342 444/29/365 448/31/369
f 422/5/343 419/3/340 446/3/367
f 422/5/343 446/3/367 449/5/370
f 423/59/344 420/57/341 447/57/368
f 423/59/344 447/57/368 450/59/371
f 424/33/345 421/31/342 448/31/369
f 424/33/345 448/31/369 451/33/372
f 425/7/346 422/5/343 449/5/370
f 425/7/346 449/5/370 452/7/373
f 426/61/347 423/59/344 450/59/371
f 426/61/347 450/59/371 453/61/374
f 427/35/348 424/33/345 451/33/372
f 427/35/348 451/33/372 454/35/375
f 428/9/349 425/7/346 452/7/373
f 428/9/349 452/7/373 455/9/376
f 429/63/350 426/61/347 453/61/374
f 429/63/350 453/61/374 456/63/377
f 430/37/351 427/35/348 454/35/375
f 430/37/351 454/35/375 457/37/378
f 431/11/352 428/9/349 455/9/376
f 431/11/352 455/9/376 458/11/379
f 432/65/353 429/63/350 456/63/377
f 432/65/353 456/63/377 459/65/380
f 433/39/354 430/37/351 457/37/378
f 433/39/354 457/37/378 460/39/381
f 370/13/291 431/11/352 458/11/379
f 370/13/291 458/11/379 461/13/382
f 405/41/326 433/39/354 460/39/381
f 405/41/326 460/39/381 462/41/383
f 371/15/292 370/13/291 461/13/382
f 371/15/292 461/13/382 463/15/384
f 406/43/327 405/41/326 462/41/383
f 406/43/327 462/41/383 464/43/385
f 407/17/328 371/15/292 463/15/384
f 407/17/328 463/15/384 465/17/386
f 408/45/329 406/43/327 464/43/385
f 408/45/329 464/43/385 466/45/387
f 402/19/323 407/17/328 465/17/386
f 402/19/323 465/17/386 403/19/324
f 409/47/330 408/45/329 466/45/387
f 409/47/330 466/45/387 438/47/359
f 467/33/388 468/31/389 469/31/390
f 467/33/388 469/31/390 470/33/391
f 443/55/364 442/53/363 471/53/392
f 443/55/364 471/53/392 472/55/393
f 444/29/365 434/27/355 437/27/358
f 444/29/365 437/27/358 473/29/394
f 446/3/367 445/2/366 474/2/395
f 446/3/367 474/2/395 475/3/396
f 447/57/368 443/55/364 472/55/393
f 447/57/368 472/55/393 476/57/397
f 448/31/369 444/29/365 473/29/394
f 448/31/369 473/29/394 468/31/389
f 449/5/370 446/3/367 475/3/396
f 449/5/370 475/3/396 477/5/398
f 450/59/371 447/57/368 476/57/397
f 450/59/371 476/57/397 478/59/399
f 451/33/372 448/31/369 468/31/389
f 451/33/372 468/31/389 467/33/388
f 452/7/373 449/5/370 477/5/398
f 452/7/373 477/5/398 479/7/400
f 453/61/374 450/59/371 478/59/399
f 453/61/374 478/59/399 480/61/401
f 454/35/375 451/33/372 467/33/388
f 454/35/375 467/33/388 481/35/402
f 455/9/376 452/7/373 479/7/400
f 455/9/376 479/7/400 482/9/403
f 456/63/377 453/61/374 480/61/401
f 456/63/377 480/61/401 483/63/404
f 457/37/378 454/35/375 481/35/402
f 457/37/378 481/35/402 484/37/405
f 458/11/379 455/9/376 482/9/403
f 458/11/379 482/9/403 485/11/406
f 459/65/380 456/63/377 483/63/404
f 459/65/380 483/63/404 486/65/395
f 460/39/381 457/37/378 484/37/405
f 460/39/381 484/37/405 487/39/407
f 461/13/382 458/11/379 485/11/406
f 461/13/382 485/11/406 488/13/408
f 462/41/383 460/39/381 487/39/407
f 462/41/383 487/39/407 489/41/409
f 463/15/384 461/13/382 488/13/408
f 463/15/384 488/13/408 490/15/410
f 464/43/385 462/41/383 489/41/409
f 464/43/385 489/41/409 491/43/411
f 465/17/386 463/15/384 490/15/410
f 465/17/386 490/15/410 492/17/412
f 466/45/387 464/43/385 491/43/411
f 466/45/387 491/43/411 493/45/413
f 403/19/324 465/17/386 492/17/412
f 403/19/324 492/17/412 494/19/414
f 438/47/359 466/45/387 493/45/413
f 438/47/359 493/45/413 495/47/415
f 404/21/325 403/19/324 494/19/414
f 404/21/325 494/19/414 496/21/416
f 439/49/360 438/47/359 495/47/415
f 439/49/360 495/47/415 497/49/417
f 440/23/361 404/21/325 496/21/416
f 440/23/361 496/21/416 498/23/418
f 441/51/362 439/49/360 497/49/417
f 441/51/362 497/49/417 499/51/419
f 435/25/356 440/23/361 498/23/418
f 435/25/356 498/23/418 436/25/357
f 442/53/363 441/51/362 499/51/419
f 442/53/363 499/51/419 471/53/392
f 500/39/420 501/37/421 502/37/422
f 500/39/420 502/37/422 503/39/423
f 479/7/400 477/5/398 504/5/424
f 479/7/400 504/5/424 505/7/425
f 480/61/401 478/59/399 506/59/426
f 480/61/401 506/59/426 507/61/427
f 481/35/402 467/33/388 470/33/391
f 481/35/402 470/33/391 508/35/428
f 482/9/403 479/7/400 505/7/425
f 482/9/403 505/7/425 509/9/429
f 483/63/404 480/61/401 507/61/427
f 483/63/404 507/61/427 510/63/430
f 484/37/405 481/35/402 508/35/428
f 484/37/405 508/35/428 501/37/421
f 485/11/406 482/9/403 509/9/429
f 485/11/406 509/9/429 511/11/431
f 486/65/395 483/63/404 510/63/430
f 486/65/395 510/63/430 512/65/432
f 487/39/407 484/37/405 501/37/421
f 487/39/407 501/37/421 500/39/420
f 488/13/408 485/11/406 511/11/431
f 488/13/408 511/11/431 513/13/433
f 489/41/409 487/39/407 500/39/420
f 489/41/409 500/39/420 514/41/434
f 490/15/410 488/13/408 513/13/433
f 490/15/410 513/13/433 515/15/435
f 491/43/411 489/41/409 514/41/434
f 491/43/411 514/41/434 516/43/436
f 492/17/412 490/15/410 515/15/435
f 492/17/412 515/15/435 517/17/437
f 493/45/413 491/43/411 516/43/436
f 493/45/413 516/43/436 518/45/438
f 494/19/414 492/17/412 517/17/437
f 494/19/414 517/17/437 519/19/439
f 495/47/415 493/45/413 518/45/438
f 495/47/415 518/45/438 520/47/440
f 496/21/416 494/19/414 519/19/439
f 496/21/416 519/19/439 521/21/441
f 497/49/417 495/47/415 520/47/440
f 497/49/417 520/47/440 522/49/442
f 498/23/418 496/21/416 521/21/441
f 498/23/418 521/21/441 523/23/443
f 499/51/419 497/49/417 522/49/442
f 499/51/419 522/49/442 524/51/444
f 436/25/357 498/23/418 523/23/443
f 436/25/357 523/23/443 525/25/445
f 471/53/392 499/51/419 524/51/444
f 471/53/392 524/51/444 526/53/446
f 437/27/358 436/25/357 525/25/445
f 437/27/358 525/25/445 527/27/447
f 472/55/393 471/53/392 526/53/446
f 472/55/393 526/53/446 528/55/448
f 473/29/394 437/27/358 527/27/447
f 473/29/394 527/27/447 529/29/449
f 475/3/396 474/2/395 530/2/450
f 475/3/396 530/2/450 531/3/451
f 476/57/397 472/55/393 528/55/448
f 476/57/397 528/55/448 532/57/452
f 468/31/389 473/29/394 529/29/449
f 468/31/389 529/29/449 469/31/390
f 477/5/398 475/3/396 531/3/451
f 477/5/398 531/3/451 504/5/424
f 478/59/399 476/57/397 532/57/452
f 478/59/399 532/57/452 506/59/426
f 533/45/453 534/43/454 535/43/455
f 533/45/453 535/43/455 536/45/456
f 513/13/433 511/11/431 537/11/457
f 513/13/433 537/11/457 538/13/458
f 514/41/434 500/39/420 503/39/423
f 514/41/434 503/39/423 539/41/459
f 515/15/435 513/13/433 538/13/458
f 515/15/435 538/13/458 540/15/460
f 516/43/436 514/41/434 539/41/459
f 516/43/436 539/41/459 534/43/454
f 517/17/437 515/15/435 540/15/460
f 517/17/437 540/15/460 541/17/461
f 518/45/438 516/43/436 534/43/454
f 518/45/438 534/43/454 533/45/453
f 519/19/439 517/17/437 541/17/461
f 519/19/439 541/17/461 542/19/462
f 520/47/440 518/45/438 533/45/453
f 520/47/440 533/45/453 543/47/463
f 521/21/441 519/19/439 542/19/462
f 521/21/441 542/19/462 544/21/464
f 522/49/442 520/47/440 543/47/463
f 522/49/442 543/47/463 545/49/465
f 523/23/443 521/21/441 544/21/464
f 523/23/443 544/21/464 546/23/466
f 524/51/444 522/49/442 545/49/465
f 524/51/444 545/49/465 547/51/467
f 525/25/445 523/23/443 546/23/466
f 525/25/445 546/23/466 548/25/468
f 526/53/446 524/51/444 547/51/467
f 526/53/446 547/51/467 549/53/469
f 527/27/447 525/25/445 548/25/468
f 527/27/447 548/25/468 550/27/470
f 528/55/448 526/53/446 549/53/469
f 528/55/448 549/53/469 551/55/471
f 529/29/449 527/27/447 550/27/470
f 529/29/449 550/27/470 552/29/472
f 531/3/451 530/2/450 553/2/473
f 531/3/451 553/2/473 554/3/474
f 532/57/452 528/55/448 551/55/471
f 532/57/452 551/55/471 555/57/475
f 469/31/390 529/29/449 552/29/472
f 469/31/390 552/29/472 556/31/476
f 504/5/424 531/3/451 554/3/474
f 504/5/424 554/3/474 557/5/477
f 506/59/426 532/57/452 555/57/475
f 506/59/426 555/57/475 558/59/478
f 470/33/391 469/31/390 556/31/476
f 470/33/391 556/31/476 559/33/479
f 505/7/425 504/5/424 557/5/477
f 505/7/425 557/5/477 560/7/480
f 507/61/427 506/59/426 558/59/478
f 507/61/427 558/59/478 561/61/481
f 508/35/428 470/33/391 559/33/479
f 508/35/428 559/33/479 562/35/482
f 509/9/429 505/7/425 560/7/480
f 509/9/429 560/7/480 563/9/483
f 510/63/430 507/61/427 561/61/481
f 510/63/430 561/61/481 564/63/484
f 501/37/421 508/35/428 562/35/482
f 501/37/421 562/35/482 502/37/422
f 511/11/431 509/9/429 563/9/483
f 511/11/431 563/9/483 537/11/457
f 512/65/432 510/63/430 564/63/484
f 512/65/432 564/63/484 565/65/485
f 566/51/486 567/49/487 568/49/488
f 566/51/486 568/49/488 569/51/489
f 542/19/462 541/17/461 570/17/490
f 542/19/462 570/17/490 571/19/491
f 543/47/463 533/45/453 536/45/456
f 543/47/463 536/45/456 572/47/492
f 544/21/464 542/19/462 571/19/491
f 544/21/464 571/19/491 573/21/493
f 545/49/465 543/47/463 572/47/492
f 545/49/465 572/47/492 567/49/487
f 546/23/466 544/21/464 573/21/493
f 546/23/466 573/21/493 574/23/494
f 547/51/467 545/49/465 567/49/487
f 547/51/467 567/49/487 566/51/486
f 548/25/468 546/23/466 574/23/494
f 548/25/468 574/23/494 575/25/495
f 549/53/469 547/51/467 566/51/486
f 549/53/469 566/51/486 576/53/496
f 550/27/470 548/25/468 575/25/495
f 550/27/470 575/25/495 577/27/497
f 551/55/471 549/53/469 576/53/496
f 551/55/471 576/53/496 578/55/498
f 552/29/472 550/27/470 577/27/497
f 552/29/472 577/27/497 579/29/499
f 554/3/474 553/2/473 580/2/500
f 554/3/474 580/2/500 581/3/501
f 555/57/475 551/55/471 578/55/498
f 555/57/475 578/55/498 582/57/502
f 556/31/476 552/29/472 579/29/499
f 556/31/476 579/29/499 583/31/503
f 557/5/477 554/3/474 581/3/501
f 557/5/477 581/3/501 584/5/504
f 558/59/478 555/57/475 582/57/502
f 558/59/478 582/57/502 585/59/505
f 559/33/479 556/31/476 583/31/503
f 559/33/479 583/31/503 586/33/506
f 560/7/480 557/5/477 584/5/504
f 560/7/480 584/5/504 587/7/507
f 561/61/481 558/59/478 585/59/505
f 561/61/481 585/59/505 588/61/508
f 562/35/482 559/33/479 586/33/506
f 562/35/482 586/33/506 589/35/509
f 563/9/483 560/7/480 587/7/507
f 563/9/483 587/7/507 590/9/510
f 564/63/484 561/61/481 588/61/508
f 564/63/484 588/61/508 591/63/511
f 502/37/422 562/35/482 589/35/509
f 502/37/422 589/35/509 592/37/512
f 537/11/457 563/9/483 590/9/510
f 537/11/457 590/9/510 593/11/513
f 565/65/485 564/63/484 591/63/511
f 565/65/485 591/63/511 594/65/514
f 503/39/423 502/37/422 592/37/512
f 503/39/423 592/37/512 595/39/515
f 538/13/458 537/11/457 593/11/513
f 538/13/458 593/11/513 596/13/516
f 539/41/459 503/39/423 595/39/515
f 539/41/459 595/39/515 597/41/517
f 540/15/460 538/13/458 596/13/516
f 540/15/460 596/13/516 598/15/518
f 534/43/454 539/41/459 597/41/517
f 534/43/454 597/41/517 535/43/455
f 541/17/461 540/15/460 598/15/518
f 541/17/461 598/15/518 570/17/490
f 599/57/519 600/55/520 601/55/521
f 599/57/519 601/55/521 602/57/522
f 575/25/495 574/23/494 603/23/523
f 575/25/495 603/23/523 604/25/524
f 576/53/496 566/51/486 569/51/489
f 576/53/496 569/51/489 605/53/525
f 577/27/497 575/25/495 604/25/524
f 577/27/497 604/25/524 606/27/526
f 578/55/498 576/53/496 605/53/525
f 578/55/498 605/53/525 600/55/520
f 579/29/499 577/27/497 606/27/526
f 579/29/499 606/27/526 607/29/527
f 581/3/501 580/2/500 608/2/528
f 581/3/501 608/2/528 609/3/529
f 582/57/502 578/55/498 600/55/520
f 582/57/502 600/55/520 599/57/519
f 583/31/503 579/29/499 607/29/527
f 583/31/503 607/29/527 610/31/530
f 584/5/504 581/3/501 609/3/529
f 584/5/504 609/3/529 611/5/531
f 585/59/505 582/57/502 599/57/519
f 585/59/505 599/57/519 612/59/532
f 586/33/506 583/31/503 610/31/530
f 586/33/506 610/31/530 613/33/533
f 587/7/507 584/5/504 611/5/531
f 587/7/507 611/5/531 614/7/534
f 588/61/508 585/59/505 612/59/532
f 588/61/508 612/59/532 615/61/535
f 589/35/509 586/33/506 613/33/533
f 589/35/509 613/33/533 616/35/536
f 590/9/510 587/7/507 614/7/534
f 590/9/510 614/7/534 617/9/537
f 591/63/511 588/61/508 615/61/535
f 591/63/511 615/61/535 618/63/538
f 592/37/512 589/35/509 616/35/536
f 592/37/512 616/35/536 619/37/539
f 593/11/513 590/9/510 617/9/537
f 593/11/513 617/9/537 620/11/540
f 594/65/514 591/63/511 618/63/538
f 594/65/514 618/63/538 621/65/528
f 595/39/515 592/37/512 619/37/539
f 595/39/515 619/37/539 622/39/541
f 596/13/516 593/11/513 620/11/540
f 596/13/516 620/11/540 623/13/542
f 597/41/517 595/39/515 622/39/541
f 597/41/517 622/39/541 624/41/543
f 598/15/518 596/13/516 623/13/542
f 598/15/518 623/13/542 625/15/544
f 535/43/455 597/41/517 624/41/543
f 535/43/455 624/41/543 626/43/545
f 570/17/490 598/15/518 625/15/544
f 570/17/490 625/15/544 627/17/546
f 536/45/456 535/43/455 626/43/545
f 536/45/456 626/43/545 628/45/547
f 571/19/491 570/17/490 627/17/546
f 571/19/491 627/17/546 629/19/548
f 572/47/492 536/45/456 628/45/547
f 572/47/492 628/45/547 630/47/549
f 573/21/493 571/19/491 629/19/548
f 573/21/493 629/19/548 631/21/550
f 567/49/487 572/47/492 630/47/549
f 567/49/487 630/47/549 568/49/488
f 574/23/494 573/21/493 631/21/550
f 574/23/494 631/21/550 603/23/523
f 632/63/551 633/61/552 634/61/553
f 632/63/551 634/61/553 635/63/554
f 610/31/530 607/29/527 636/29/555
f 610/31/530 636/29/555 637/31/556
f 611/5/531 609/3/529 638/3/557
f 611/5/531 638/3/557 639/5/558
f 612/59/532 599/57/519 602/57/522
f 612/59/532 602/57/522 640/59/559
f 613/33/533 610/31/530 637/31/556
f 613/33/533 637/31/556 641/33/560
f 614/7/534 611/5/531 639/5/558
f 614/7/534 639/5/558 642/7/561
f 615/61/535 612/59/532 640/59/559
f 615/61/535 640/59/559 633/61/552
f 616/35/536 613/33/533 641/33/560
f 616/35/536 641/33/560 643/35/562
f 617/9/537 614/7/534 642/7/561
f 617/9/537 642/7/561 644/9/563
f 618/63/538 615/61/535 633/61/552
f 618/63/538 633/61/552 632/63/551
f 619/37/539 616/35/536 643/35/562
f 619/37/539 643/35/562 645/37/564
f 620/11/540 617/9/537 644/9/563
f 620/11/540 644/9/563 646/11/565
f 621/65/528 618/63/538 632/63/551
f 621/65/528 632/63/551 647/65/566
f 622/39/541 619/37/539 645/37/564
f 622/39/541 645/37/564 648/39/567
f 623/13/542 620/11/540 646/11/565
f 623/13/542 646/11/565 649/13/568
f 624/41/543 622/39/541 648/39/567
f 624/41/543 648/39/567 650/41/569
f 625/15/544 623/13/542 649/13/568
f 625/15/544 649/13/568 651/15/570
f 626/43/545 624/41/543 650/41/569
f 626/43/545 650/41/569 652/43/571
f 627/17/546 625/15/544 651/15/570
f 627/17/546 651/15/570 653/17/572
f 628/45/547 626/43/545 652/43/571
f 628/45/547 652/43/571 654/45/573
f 629/19/548 627/17/546 653/17/572
f 629/19/548 653/17/572 655/19/574
f 630/47/549 628/45/547 654/45/573
f 630/47/549 654/45/573 656/47/575
f 631/21/550 629/19/548 655/19/574
f 631/21/550 655/19/574 657/21/576
f 568/49/488 630/47/549 656/47/575
f 568/49/488 656/47/575 658/49/577
f 603/23/523 631/21/550 657/21/576
f 603/23/523 657/21/576 659/23/578
f 569/51/489 568/49/488 658/49/577
f 569/51/489 658/49/577 660/51/579
f 604/25/524 603/23/523 659/23/578
f 604/25/524 659/23/578 661/25/580
f 605/53/525 569/51/489 660/51/579
f 605/53/525 660/51/579 662/53/581
f 606/27/526 604/25/524 661/25/580
f 606/27/526 661/25/580 663/27/582
f 600/55/520 605/53/525 662/53/581
f 600/55/520 662/53/581 601/55/521
f 607/29/527 606/27/526 663/27/582
f 607/29/527 663/27/582 636/29/555
f 609/3/529 608/2/528 664/2/583
f 609/3/529 664/2/583 638/3/557
f 665/43/584 666/41/585 667/41/586
f 665/43/584 667/41/586 668/43/587
f 645/37/564 643/35/562 669/35/588
f 645/37/564 669/35/588 670/37/589
f 646/11/565 644/9/563 671/9/590
f 646/11/565 671/9/590 672/11/591
f 647/65/566 632/63/551 635/63/554
f 647/65/566 635/63/554 673/65/592
f 648/39/567 645/37/564 670/37/589
f 648/39/567 670/37/589 674/39/593
f 649/13/568 646/11/565 672/11/591
f 649/13/568 672/11/591 675/13/594
f 650/41/569 648/39/567 674/39/593
f 650/41/569 674/39/593 666/41/585
f 651/15/570 649/13/568 675/13/594
f 651/15/570 675/13/594 676/15/595
f 652/43/571 650/41/569 666/41/585
f 652/43/571 666/41/585 665/43/584
f 653/17/572 651/15/570 676/15/595
f 653/17/572 676/15/595 677/17/596
f 654/45/573 652/43/571 665/43/584
f 654/45/573 665/43/584 678/45/597
f 655/19/574 653/17/572 677/17/596
f 655/19/574 677/17/596 679/19/598
f 656/47/575 654/45/573 678/45/597
f 656/47/575 678/45/597 680/47/599
f 657/21/576 655/19/574 679/19/598
f 657/21/576 679/19/598 681/21/600
f 658/49/577 656/47/575 680/47/599
f 658/49/577 680/47/599 682/49/601
f 659/23/578 657/21/576 681/21/600
f 659/23/578 681/21/600 683/23/602
f 660/51/579 658/49/577 682/49/601
f 660/51/579 682/49/601 684/51/603
f 661/25/580 659/23/578 683/23/602
f 661/25/580 683/23/602 685/25/604
f 662/53/581 660/51/579 684/51/603
f 662/53/581 684/51/603 686/53/605
f 663/27/582 661/25/580 685/25/604
f 663/27/582 685/25/604 687/27/606
f 601/55/521 662/53/581 686/53/605
f 601/55/521 686/53/605 688/55/607
f 636/29/555 663/27/582 687/27/606
f 636/29/555 687/27/606 689/29/608
f 638/3/557 664/2/583 690/2/609
f 638/3/557 690/2/609 691/3/610
f 602/57/522 601/55/521 688/55/607
f 602/57/522 688/55/607 692/57/611
f 637/31/556 636/29/555 689/29/608
f 637/31/556 689/29/608 693/31/612
f 639/5/558 638/3/557 691/3/610
f 639/5/558 691/3/610 694/5/613
f 640/59/559 602/57/522 692/57/611
f 640/59/559 692/57/611 695/59/614
f 641/33/560 637/31/556 693/31/612
f 641/33/560 693/31/612 696/33/615
f 642/7/561 639/5/558 694/5/613
f 642/7/561 694/5/613 697/7/616
f 633/61/552 640/59/559 695/59/614
f 633/61/552 695/59/614 634/61/553
f 643/35/562 641/33/560 696/33/615
f 643/35/562 696/33/615 669/35/588
f 644/9/563 642/7/561 697/7/616
f 644/9/563 697/7/616 671/9/590
f 698/49/617 699/47/618 700/47/619
f 698/49/617 700/47/619 701/49/620
f 677/17/596 676/15/595 702/15/621
f 677/17/596 702/15/621 703/17/622
f 678/45/597 665/43/584 668/43/587
f 678/45/597 668/43/587 704/45/623
f 679/19/598 677/17/596 703/17/622
f 679/19/598 703/17/622 705/19/624
f 680/47/599 678/45/597 704/45/623
f 680/47/599 704/45/623 699/47/618
f 681/21/600 679/19/598 705/19/624
f 681/21/600 705/19/624 706/21/625
f 682/49/601 680/47/599 699/47/618
f 682/49/601 699/47/618 698/49/617
f 683/23/602 681/21/600 706/21/625
f 683/23/602 706/21/625 707/23/626
f 684/51/603 682/49/601 698/49/617
f 684/51/603 698/49/617 708/51/627
f 685/25/604 683/23/602 707/23/626
f 685/25/604 707/23/626 709/25/628
f 686/53/605 684/51/603 708/51/627
f 686/53/605 708/51/627 710/53/629
f 687/27/606 685/25/604 709/25/628
f 687/27/606 709/25/628 711/27/630
f 688/55/607 686/53/605 710/53/629
f 688/55/607 710/53/629 712/55/631
f 689/29/608 687/27/606 711/27/630
f 689/29/608 711/27/630 713/29/632
f 691/3/610 690/2/609 714/2/633
f 691/3/610 714/2/633 715/3/634
f 692/57/611 688/55/607 712/55/631
f 692/57/611 712/55/631 716/57/635
f 693/31/612 689/29/608 713/29/632
f 693/31/612 713/29/632 717/31/636
f 694/5/613 691/3/610 715/3/634
f 694/5/613 715/3/634 718/5/637
f 695/59/614 692/57/611 716/57/635
f 695/59/614 716/57/635 719/59/638
f 696/33/615 693/31/612 717/31/636
f 696/33/615 717/31/636 720/33/639
f 697/7/616 694/5/613 718/5/637
f 697/7/616 718/5/637 721/7/640
f 634/61/553 695/59/614 719/59/638
f 634/61/553 719/59/638 722/61/641
f 669/35/588 696/33/615 720/33/639
f 669/35/588 720/33/639 723/35/642
f 671/9/590 697/7/616 721/7/640
f 671/9/590 721/7/640 724/9/643
f 635/63/554 634/61/553 722/61/641
f 635/63/554 722/61/641 725/63/644
f 670/37/589 669/35/588 723/35/642
f 670/37/589 723/35/642 726/37/645
f 672/11/591 671/9/590 724/9/643
f 672/11/591 724/9/643 727/11/646
f 673/65/592 635/63/554 725/63/644
f 673/65/592 725/63/644 728/65/647
f 674/39/593 670/37/589 726/37/645
f 674/39/593 726/37/645 729/39/648
f 675/13/594 672/11/591 727/11/646
f 675/13/594 727/11/646 730/13/649
f 666/41/585 674/39/593 729/39/648
f 666/41/585 729/39/648 667/41/586
f 676/15/595 675/13/594 730/13/649
f 676/15/595 730/13/649 702/15/621
f 731/55/650 732/53/651 733/53/652
f 731/55/650 733/53/652 734/55/653
f 707/23/626 706/21/625 735/21/654
f 707/23/626 735/21/654 736/23/655
f 708/51/627 698/49/617 701/49/620
f 708/51/627 701/49/620 737/51/656
f 709/25/628 707/23/626 736/23/655
f 709/25/628 736/23/655 738/25/657
f 710/53/629 708/51/627 737/51/656
f 710/53/629 737/51/656 732/53/651
f 711/27/630 709/25/628 738/25/657
f 711/27/630 738/25/657 739/27/658
f 712/55/631 710/53/629 732/53/651
f 712/55/631 732/53/651 731/55/650
f 713/29/632 711/27/630 739/27/658
f 713/29/632 739/27/658 740/29/659
f 715/3/634 714/2/633 741/2/660
f 715/3/634 741/2/660 742/3/661
f 716/57/635 712/55/631 731/55/650
f 716/57/635 731/55/650 743/57/662
f 717/31/636 713/29/632 740/29/659
f 717/31/636 740/29/659 744/31/663
f 718/5/637 715/3/634 742/3/661
f 718/5/637 742/3/661 745/5/664
f 719/59/638 716/57/635 743/57/662
f 719/59/638 743/57/662 746/59/665
f 720/33/639 717/31/636 744/31/663
f 720/33/639 744/31/663 747/33/666
f 721/7/640 718/5/637 745/5/664
f 721/7/640 745/5/664 748/7/667
f 722/61/641 719/59/638 746/59/665
f 722/61/641 746/59/665 749/61/668
f 723/35/642 720/33/639 747/33/666
f 723/35/642 747/33/666 750/35/669
f 724/9/643 721/7/640 748/7/667
f 724/9/643 748/7/667 751/9/670
f 725/63/644 722/61/641 749/61/668
f 725/63/644 749/61/668 752/63/671
f 726/37/645 723/35/642 750/35/669
f 726/37/645 750/35/669 753/37/672
f 727/11/646 724/9/643 751/9/670
f 727/11/646 751/9/670 754/11/673
f 728/65/647 725/63/644 752/63/671
f 728/65/647 752/63/671 755/65/660
f 729/39/648 726/37/645 753/37/672
f 729/39/648 753/37/672 756/39/674
f 730/13/649 727/11/646 754/11/673
f 730/13/649 754/11/673 757/13/675
f 667/41/586 729/39/648 756/39/674
f 667/41/586 756/39/674 758/41/676
f 702/15/621 730/13/649 757/13/675
f 702/15/621 757/13/675 759/15/677
f 668/43/587 667/41/586 758/41/676
f 668/43/587 758/41/676 760/43/678
f 703/17/622 702/15/621 759/15/677
f 703/17/622 759/15/677 761/17/679
f 704/45/623 668/43/587 760/43/678
f 704/45/623 760/43/678 762/45/680
f 705/19/624 703/17/622 761/17/679
f 705/19/624 761/17/679 763/19/681
f 699/47/618 704/45/623 762/45/680
f 699/47/618 762/45/680 700/47/619
f 706/21/625 705/19/624 763/19/681
f 706/21/625 763/19/681 735/21/654
f 764/7/682 765/5/683 766/5/684
f 764/7/682 766/5/684 767/7/685
f 740/29/659 739/27/658 768/27/686
f 740/29/659 768/27/686 769/29/687
f 742/3/661 741/2/660 770/2/688
f 742/3/661 770/2/688 771/3/689
f 743/57/662 731/55/650 734/55/653
f 743/57/662 734/55/653 772/57/690
f 744/31/663 740/29/659 769/29/687
f 744/31/663 769/29/687 773/31/691
f 745/5/664 742/3/661 771/3/689
f 745/5/664 771/3/689 765/5/683
f 746/59/665 743/57/662 772/57/690
f 746/59/665 772/57/690 774/59/692
f 747/33/666 744/31/663 773/31/691
f 747/33/666 773/31/691 775/33/693
f 748/7/667 745/5/664 765/5/683
f 748/7/667 765/5/683 764/7/682
f 749/61/668 746/59/665 774/59/692
f 749/61/668 774/59/692 776/61/694
f 750/35/669 747/33/666 775/33/693
f 750/35/669 775/33/693 777/35/695
f 751/9/670 748/7/667 764/7/682
f 751/9/670 764/7/682 778/9/696
f 752/63/671 749/61/668 776/61/694
f 752/63/671 776/61/694 779/63/697
f 753/37/672 750/35/669 777/35/695
f 753/37/672 777/35/695 780/37/698
f 754/11/673 751/9/670 778/9/696
f 754/11/673 778/9/696 781/11/699
f 755/65/660 752/63/671 779/63/697
f 755/65/660 779/63/697 782/65/688
f 756/39/674 753/37/672 780/37/698
f 756/39/674 780/37/698 783/39/700
f 757/13/675 754/11/673 781/11/699
f 757/13/675 781/11/699 784/13/701
f 758/41/676 756/39/674 783/39/700
f 758/41/676 783/39/700 785/41/702
f 759/15/677 757/13/675 784/13/701
f 759/15/677 784/13/701 786/15/703
f 760/43/678 758/41/676 785/41/702
f 760/43/678 785/41/702 787/43/704
f 761/17/679 759/15/677 786/15/703
f 761/17/679 786/15/703 788/17/705
f 762/45/680 760/43/678 787/43/704
f 762/45/680 787/43/704 789/45/706
f 763/19/681 761/17/679 788/17/705
f 763/19/681 788/17/705 790/19/707
f 700/47/619 762/45/680 789/45/706
f 700/47/619 789/45/706 791/47/708
f 735/21/654 763/19/681 790/19/707
f 735/21/654 790/19/707 792/21/709
f 701/49/620 700/47/619 791/47/708
f 701/49/620 791/47/708 793/49/710
f 736/23/655 735/21/654 792/21/709
f 736/23/655 792/21/709 794/23/711
f 737/51/656 701/49/620 793/49/710
f 737/51/656 793/49/710 795/51/712
f 738/25/657 736/23/655 794/23/711
f 738/25/657 794/23/711 796/25/713
f 732/53/651 737/51/656 795/51/712
f 732/53/651 795/51/712 733/53/652
f 739/27/658 738/25/657 796/25/713
f 739/27/658 796/25/713 768/27/686
s 3
f 797/13/714 798/11/715 799/11/716
f 797/13/714 799/11/716 800/13/717
s 2
f 776/61/694 774/59/692 801/59/718
f 776/61/694 801/59/718 802/61/719
f 777/35/695 775/33/693 803/33/720
f 777/35/695 803/33/720 804/35/721
f 778/9/696 764/7/682 767/7/685
f 778/9/696 767/7/685 805/9/722
f 779/63/697 776/61/694 802/61/719
f 779/63/697 802/61/719 806/63/723
f 780/37/698 777/35/695 804/35/721
f 780/37/698 804/35/721 807/37/724
f 781/11/699 778/9/696 805/9/722
f 781/11/699 805/9/722 798/11/715
f 782/65/688 779/63/697 806/63/723
f 782/65/688 806/63/723 808/65/725
f 783/39/700 780/37/698 807/37/724
f 783/39/700 807/37/724 809/39/726
f 784/13/701 781/11/699 798/11/715
f 784/13/701 798/11/715 797/13/727
f 785/41/702 783/39/700 809/39/726
f 785/41/702 809/39/726 810/41/728
f 786/15/703 784/13/701 797/13/727
f 786/15/703 797/13/727 811/15/729
f 787/43/704 785/41/702 810/41/728
f 787/43/704 810/41/728 812/43/730
f 788/17/705 786/15/703 811/15/729
f 788/17/705 811/15/729 813/17/731
f 789/45/706 787/43/704 812/43/730
f 789/45/706 812/43/730 814/45/732
f 790/19/707 788/17/705 813/17/731
f 790/19/707 813/17/731 815/19/733
f 791/47/708 789/45/706 814/45/732
f 791/47/708 814/45/732 816/47/734
f 792/21/709 790/19/707 815/19/733
f 792/21/709 815/19/733 817/21/735
f 793/49/710 791/47/708 816/47/734
f 793/49/710 816/47/734 818/49/736
f 794/23/711 792/21/709 817/21/735
f 794/23/711 817/21/735 819/23/737
f 795/51/712 793/49/710 818/49/736
f 795/51/712 818/49/736 820/51/738
f 796/25/713 794/23/711 819/23/737
f 796/25/713 819/23/737 821/25/739
f 733/53/652 795/51/712 820/51/738
f 733/53/652 820/51/738 822/53/740
f 768/27/686 796/25/713 821/25/739
f 768/27/686 821/25/739 823/27/741
f 734/55/653 733/53/652 822/53/740
f 734/55/653 822/53/740 824/55/742
f 769/29/687 768/27/686 823/27/741
f 769/29/687 823/27/741 825/29/743
f 771/3/689 770/2/688 826/2/744
f 771/3/689 826/2/744 827/3/745
f 772/57/690 734/55/653 824/55/742
f 772/57/690 824/55/742 828/57/746
f 773/31/691 769/29/687 825/29/743
f 773/31/691 825/29/743 829/31/747
f 765/5/683 771/3/689 827/3/745
f 765/5/683 827/3/745 766/5/684
f 774/59/692 772/57/690 828/57/746
f 774/59/692 828/57/746 801/59/718
f 775/33/693 773/31/691 829/31/747
f 775/33/693 829/31/747 803/33/720
s 3
f 830/19/748 831/17/749 832/17/750
f 830/19/748 832/17/750 833/19/751
f 810/41/752 809/39/726 834/39/753
f 810/41/752 834/39/753 835/41/754
f 811/15/755 797/13/714 800/13/717
f 811/15/755 800/13/717 836/15/756
f 812/43/757 810/41/752 835/41/754
f 812/43/757 835/41/754 837/43/758
f 813/17/731 811/15/755 836/15/756
f 813/17/731 836/15/756 831/17/749
f 814/45/732 812/43/757 837/43/758
f 814/45/732 837/43/758 838/45/759
f 815/19/760 813/17/731 831/17/749
f 815/19/760 831/17/749 830/19/748
f 816/47/734 814/45/732 838/45/759
f 816/47/734 838/45/759 839/47/761
f 817/21/735 815/19/760 830/19/748
f 817/21/735 830/19/748 840/21/762
f 818/49/736 816/47/734 839/47/761
f 818/49/736 839/47/761 841/49/763
f 819/23/737 817/21/735 840/21/762
f 819/23/737 840/21/762 842/23/764
f 820/51/738 818/49/736 841/49/763
f 820/51/738 841/49/763 843/51/765
f 821/25/766 819/23/737 842/23/764
f 821/25/766 842/23/764 844/25/767
f 822/53/768 820/51/738 843/51/765
f 822/53/768 843/51/765 845/53/769
f 823/27/770 821/25/766 844/25/767
f 823/27/770 844/25/767 846/27/771
f 824/55/772 822/53/768 845/53/769
f 824/55/772 845/53/769 847/55/773
f 825/29/743 823/27/770 846/27/771
f 825/29/743 846/27/771 848/29/774
f 827/3/745 826/2/775 849/2/776
f 827/3/745 849/2/776 850/3/777
f 828/57/746 824/55/772 847/55/773
f 828/57/746 847/55/773 851/57/778
f 829/31/747 825/29/743 848/29/774
f 829/31/747 848/29/774 852/31/779
f 766/5/684 827/3/745 850/3/777
f 766/5/684 850/3/777 853/5/780
f 801/59/718 828/57/746 851/57/778
f 801/59/718 851/57/778 854/59/781
f 803/33/782 829/31/747 852/31/779
f 803/33/782 852/31/779 855/33/783
f 767/7/784 766/5/684 853/5/780
f 767/7/784 853/5/780 856/7/785
f 802/61/719 801/59/718 854/59/781
f 802/61/719 854/59/781 857/61/786
f 804/35/787 803/33/782 855/33/783
f 804/35/787 855/33/783 858/35/788
f 805/9/722 767/7/784 856/7/785
f 805/9/722 856/7/785 859/9/789
f 806/63/790 802/61/719 857/61/786
f 806/63/790 857/61/786 860/63/791
f 807/37/792 804/35/787 858/35/788
f 807/37/792 858/35/788 861/37/793
f 798/11/715 805/9/722 859/9/789
f 798/11/715 859/9/789 799/11/716
f 808/65/725 806/63/790 860/63/791
f 808/65/725 860/63/791 862/65/794
f 809/39/726 807/37/792 861/37/793
f 809/39/726 861/37/793 834/39/753
f 832/17/750 863/15/795 864/15/795
f 832/17/750 864/15/795 865/17/750
f 839/47/761 838/45/759 866/45/796
f 839/47/761 866/45/796 867/47/797
f 840/21/762 830/19/748 833/19/751
f 840/21/762 833/19/751 868/21/798
f 841/49/763 839/47/761 867/47/797
f 841/49/763 867/47/797 869/49/799
f 842/23/764 840/21/762 868/21/798
f 842/23/764 868/21/798 870/23/800
f 843/51/765 841/49/763 869/49/799
f 843/51/765 869/49/799 871/51/801
f 844/25/767 842/23/764 870/23/800
f 844/25/767 870/23/800 872/25/802
f 845/53/769 843/51/765 871/51/801
f 845/53/769 871/51/801 873/53/803
f 846/27/771 844/25/767 872/25/802
f 846/27/771 872/25/802 874/27/804
f 847/55/773 845/53/769 873/53/803
f 847/55/773 873/53/803 875/55/805
f 848/29/774 846/27/771 874/27/804
f 848/29/774 874/27/804 876/29/806
f 850/3/777 849/2/776 877/2/33
f 850/3/777 877/2/33 878/3/807
f 851/57/778 847/55/773 875/55/805
f 851/57/778 875/55/805 879/57/808
f 852/31/779 848/29/774 876/29/806
f 852/31/779 876/29/806 880/31/809
f 853/5/780 850/3/777 878/3/807
f 853/5/780 878/3/807 881/5/810
f 854/59/781 851/57/778 879/57/808
f 854/59/781 879/57/808 882/59/811
f 855/33/783 852/31/779 880/31/809
f 855/33/783 880/31/809 883/33/17
f 856/7/785 853/5/780 881/5/810
f 856/7/785 881/5/810 884/7/812
f 857/61/786 854/59/781 882/59/811
f 857/61/786 882/59/811 885/61/813
f 858/35/788 855/33/783 883/33/17
f 858/35/788 883/33/17 886/35/814
f 859/9/789 856/7/785 884/7/812
f 859/9/789 884/7/812 887/9/815
f 860/63/791 857/61/786 885/61/813
f 860/63/791 885/61/813 888/63/816
f 861/37/793 858/35/788 886/35/814
f 861/37/793 886/35/814 889/37/817
f 799/11/716 859/9/789 887/9/815
f 799/11/716 887/9/815 890/11/818
f 862/65/794 860/63/791 888/63/816
f 862/65/794 888/63/816 891/65/1
f 834/39/753 861/37/793 889/37/817
f 834/39/753 889/37/817 892/39/819
f 800/13/717 799/11/716 890/11/818
f 800/13/717 890/11/818 893/13/820
f 835/41/754 834/39/753 892/39/819
f 835/41/754 892/39/819 894/41/821
f 836/15/756 800/13/717 893/13/820
f 836/15/756 893/13/820 863/15/795
f 837/43/758 835/41/754 894/41/821
f 837/43/758 894/41/821 895/43/822
f 831/17/749 836/15/756 863/15/795
f 831/17/749 863/15/795 832/17/750
f 838/45/759 837/43/758 895/43/822
f 838/45/759 895/43/822 866/45/796
f 896/23/800 897/21/798 898/21/798
f 896/23/800 898/21/798 899/23/800
f 866/45/796 895/43/822 900/43/822
f 866/45/796 900/43/822 901/45/823
f 833/19/751 832/17/750 865/17/750
f 833/19/751 865/17/750 902/19/751
f 867/47/797 866/45/796 901/45/823
f 867/47/797 901/45/823 903/47/797
f 868/21/798 833/19/751 902/19/751
f 868/21/798 902/19/751 897/21/798
f 878/3/807 877/2/33 904/2/33
f 878/3/807 904/2/33 905/3/807
f 869/49/799 867/47/797 903/47/797
f 869/49/799 903/47/797 906/49/799
f 870/23/800 868/21/798 897/21/798
f 870/23/800 897/21/798 896/23/800
f 881/5/810 878/3/807 905/3/807
f 881/5/810 905/3/807 907/5/810
f 871/51/801 869/49/799 906/49/799
f 871/51/801 906/49/799 908/51/801
f 872/25/802 870/23/800 896/23/800
f 872/25/802 896/23/800 909/25/802
f 884/7/812 881/5/810 907/5/810
f 884/7/812 907/5/810 910/7/824
f 873/53/803 871/51/801 908/51/801
f 873/53/803 908/51/801 911/53/825
f 874/27/804 872/25/802 909/25/802
f 874/27/804 909/25/802 912/27/826
f 887/9/815 884/7/812 910/7/824
f 887/9/815 910/7/824 913/9/815
f 875/55/805 873/53/803 911/53/825
f 875/55/805 911/53/825 914/55/805
f 876/29/806 874/27/804 912/27/826
f 876/29/806 912/27/826 915/29/806
f 890/11/818 887/9/815 913/9/815
f 890/11/818 913/9/815 916/11/818
f 879/57/808 875/55/805 914/55/805
f 879/57/808 914/55/805 917/57/808
f 880/31/809 876/29/806 915/29/806
f 880/31/809 915/29/806 918/31/809
f 893/13/820 890/11/818 916/11/818
f 893/13/820 916/11/818 919/13/820
f 882/59/811 879/57/808 917/57/808
f 882/59/811 917/57/808 920/59/827
f 883/33/17 880/31/809 918/31/809
f 883/33/17 918/31/809 921/33/17
f 885/61/813 882/59/811 920/59/827
f 885/61/813 920/59/827 922/61/813
f 886/35/814 883/33/17 921/33/17
f 886/35/814 921/33/17 923/35/828
f 888/63/816 885/61/813 922/61/813
f 888/63/816 922/61/813 924/63/816
f 889/37/817 886/35/814 923/35/828
f 889/37/817 923/35/828 925/37/817
f 891/65/1 888/63/816 924/63/816
f 891/65/1 924/63/816 926/65/829
f 892/39/819 889/37/817 925/37/817
f 892/39/819 925/37/817 927/39/830
f 894/41/821 892/39/819 927/39/830
f 894/41/821 927/39/830 928/41/821
f 863/15/795 893/13/820 919/13/820
f 863/15/795 919/13/820 864/15/795
f 895/43/822 894/41/821 928/41/821
f 895/43/822 928/41/821 900/43/822
f 929/29/806 930/27/826 931/27/804
f 929/29/806 931/27/804 932/29/806
f 908/51/801 906/49/799 933/49/799
f 908/51/801 933/49/799 934/51/801
f 909/25/802 896/23/800 899/23/800
f 909/25/802 899/23/800 935/25/802
f 911/53/825 908/51/801 934/51/801
f 911/53/825 934/51/801 936/53/803
f 912/27/826 909/25/802 935/25/802
f 912/27/826 935/25/802 930/27/826
f 914/55/805 911/53/825 936/53/803
f 914/55/805 936/53/803 937/55/805
f 915/29/806 912/27/826 930/27/826
f 915/29/806 930/27/826 929/29/806
f 905/3/807 904/2/33 938/2/33
f 905/3/807 938/2/33 939/3/807
f 917/57/808 914/55/805 937/55/805
f 917/57/808 937/55/805 940/57/808
f 918/31/809 915/29/806 929/29/806
f 918/31/809 929/29/806 941/31/809
f 907/5/810 905/3/807 939/3/807
f 907/5/810 939/3/807 942/5/810
f 920/59/827 917/57/808 940/57/808
f 920/59/827 940/57/808 943/59/827
f 921/33/17 918/31/809 941/31/809
f 921/33/17 941/31/809 944/33/17
f 910/7/824 907/5/810 942/5/810
f 910/7/824 942/5/810 945/7/824
f 922/61/813 920/59/827 943/59/827
f 922/61/813 943/59/827 946/61/813
f 923/35/828 921/33/17 944/33/17
f 923/35/828 944/33/17 947/35/828
f 913/9/815 910/7/824 945/7/824
f 913/9/815 945/7/824 948/9/815
f 924/63/816 922/61/813 946/61/813
f 924/63/816 946/61/813 949/63/816
f 925/37/817 923/35/828 947/35/828
f 925/37/817 947/35/828 950/37/817
f 916/11/818 913/9/815 948/9/815
f 916/11/818 948/9/815 951/11/818
f 926/65/829 924/63/816 949/63/816
f 926/65/829 949/63/816 952/65/1
f 927/39/830 925/37/817 950/37/817
f 927/39/830 950/37/817 953/39/830
f 919/13/820 916/11/818 951/11/818
f 919/13/820 951/11/818 954/13/820
f 928/41/821 927/39/830 953/39/830
f 928/41/821 953/39/830 955/41/821
f 864/15/795 919/13/820 954/13/820
f 864/15/795 954/13/820 956/15/795
f 900/43/822 928/41/821 955/41/821
f 900/43/822 955/41/821 957/43/822
f 865/17/750 864/15/795 956/15/795
f 865/17/750 956/15/795 958/17/750
f 901/45/823 900/43/822 957/43/822
f 901/45/823 957/43/822 959/45/796
f 902/19/751 865/17/750 958/17/750
f 902/19/751 958/17/750 960/19/751
f 903/47/797 901/45/823 959/45/796
f 903/47/797 959/45/796 961/47/797
f 897/21/798 902/19/751 960/19/751
f 897/21/798 960/19/751 898/21/798
f 906/49/799 903/47/797 961/47/797
f 906/49/799 961/47/797 933/49/799
f 962/35/828 963/33/17 964/33/17
f 962/35/828 964/33/17 965/35/828
f 939/3/807 938/2/33 966/2/33
f 939/3/807 966/2/33 967/3/807
f 940/57/808 937/55/805 968/55/805
f 940/57/808 968/55/805 969/57/808
f 941/31/809 929/29/806 932/29/806
f 941/31/809 932/29/806 970/31/809
f 942/5/810 939/3/807 967/3/807
f 942/5/810 967/3/807 971/5/810
f 943/59/827 940/57/808 969/57/808
f 943/59/827 969/57/808 972/59/811
f 944/33/17 941/31/809 970/31/809
f 944/33/17 970/31/809 963/33/17
f 945/7/824 942/5/810 971/5/810
f 945/7/824 971/5/810 973/7/812
f 946/61/813 943/59/827 972/59/811
f 946/61/813 972/59/811 974/61/813
f 947/35/828 944/33/17 963/33/17
f 947/35/828 963/33/17 962/35/828
f 948/9/815 945/7/824 973/7/812
f 948/9/815 973/7/812 975/9/815
f 949/63/816 946/61/813 974/61/813
f 949/63/816 974/61/813 976/63/816
f 950/37/817 947/35/828 962/35/828
f 950/37/817 962/35/828 977/37/817
f 951/11/818 948/9/815 975/9/815
f 951/11/818 975/9/815 978/11/818
f 952/65/1 949/63/816 976/63/816
f 952/65/1 976/63/816 979/65/1
f 953/39/830 950/37/817 977/37/817
f 953/39/830 977/37/817 980/39/819
f 954/13/820 951/11/818 978/11/818
f 954/13/820 978/11/818 981/13/820
f 955/41/821 953/39/830 980/39/819
f 955/41/821 980/39/819 982/41/821
f 956/15/795 954/13/820 981/13/820
f 956/15/795 981/13/820 983/15/795
f 957/43/822 955/41/821 982/41/821
f 957/43/822 982/41/821 984/43/822
f 958/17/750 956/15/795 983/15/795
f 958/17/750 983/15/795 985/17/750
f 959/45/796 957/43/822 984/43/822
f 959/45/796 984/43/822 986/45/823
f 960/19/751 958/17/750 985/17/750
f 960/19/751 985/17/750 987/19/751
f 961/47/797 959/45/796 986/45/823
f 961/47/797 986/45/823 988/47/797
f 898/21/798 960/19/751 987/19/751
f 898/21/798 987/19/751 989/21/798
f 933/49/799 961/47/797 988/47/797
f 933/49/799 988/47/797 990/49/799
f 899/23/800 898/21/798 989/21/798
f 899/23/800 989/21/798 991/23/800
f 934/51/801 933/49/799 990/49/799
f 934/51/801 990/49/799 992/51/801
f 935/25/802 899/23/800 991/23/800
f 935/25/802 991/23/800 993/25/802
f 936/53/803 934/51/801 992/51/801
f 936/53/803 992/51/801 994/53/825
f 930/27/826 935/25/802 993/25/802
f 930/27/826 993/25/802 931/27/804
f 937/55/805 936/53/803 994/53/825
f 937/55/805 994/53/825 968/55/805
f 995/41/821 996/39/819 997/39/830
f 995/41/821 997/39/830 998/41/821
f 975/9/815 973/7/812 999/7/812
f 975/9/815 999/7/812 1000/9/815
f 976/63/816 974/61/813 1001/61/813
f 976/63/816 1001/61/813 1002/63/816
f 977/37/817 962/35/828 965/35/828
f 977/37/817 965/35/828 1003/37/817
f 978/11/818 975/9/815 1000/9/815
f 978/11/818 1000/9/815 1004/11/818
f 979/65/1 976/63/816 1002/63/816
f 979/65/1 1002/63/816 1005/65/1
f 980/39/819 977/37/817 1003/37/817
f 980/39/819 1003/37/817 996/39/819
f 981/13/820 978/11/818 1004/11/818
f 981/13/820 1004/11/818 1006/13/820
f 982/41/821 980/39/819 996/39/819
f 982/41/821 996/39/819 995/41/821
f 983/15/795 981/13/820 1006/13/820
f 983/15/795 1006/13/820 1007/15/795
f 984/43/822 982/41/821 995/41/821
f 984/43/822 995/41/821 1008/43/822
f 985/17/750 983/15/795 1007/15/795
f 985/17/750 1007/15/795 1009/17/750
f 986/45/823 984/43/822 1008/43/822
f 986/45/823 1008/43/822 1010/45/796
f 987/19/751 985/17/750 1009/17/750
f 987/19/751 1009/17/750 1011/19/751
f 988/47/797 986/45/823 1010/45/796
f 988/47/797 1010/45/796 1012/47/797
f 989/21/798 987/19/751 1011/19/751
f 989/21/798 1011/19/751 1013/21/798
f 990/49/799 988/47/797 1012/47/797
f 990/49/799 1012/47/797 1014/49/799
f 991/23/800 989/21/798 1013/21/798
f 991/23/800 1013/21/798 1015/23/800
f 992/51/801 990/49/799 1014/49/799
f 992/51/801 1014/49/799 1016/51/801
f 993/25/802 991/23/800 1015/23/800
f 993/25/802 1015/23/800 1017/25/802
f 994/53/825 992/51/801 1016/51/801
f 994/53/825 1016/51/801 1018/53/825
f 931/27/804 993/25/802 1017/25/802
f 931/27/804 1017/25/802 1019/27/804
f 968/55/805 994/53/825 1018/53/825
f 968/55/805 1018/53/825 1020/55/805
f 932/29/806 931/27/804 1019/27/804
f 932/29/806 1019/27/804 1021/29/806
f 967/3/807 966/2/33 1022/2/33
f 967/3/807 1022/2/33 1023/3/807
f 969/57/808 968/55/805 1020/55/805
f 969/57/808 1020/55/805 1024/57/808
f 970/31/809 932/29/806 1021/29/806
f 970/31/809 1021/29/806 1025/31/809
f 971/5/810 967/3/807 1023/3/807
f 971/5/810 1023/3/807 1026/5/810
f 972/59/811 969/57/808 1024/57/808
f 972/59/811 1024/57/808 1027/59/811
f 963/33/17 970/31/809 1025/31/809
f 963/33/17 1025/31/809 964/33/17
f 973/7/812 971/5/810 1026/5/810
f 973/7/812 1026/5/810 999/7/812
f 974/61/813 972/59/811 1027/59/811
f 974/61/813 1027/59/811 1001/61/813
f 1028/47/797 1029/45/796 1030/45/831
f 1028/47/797 1030/45/831 1031/47/832
f 1007/15/795 1006/13/820 1032/13/820
f 1007/15/795 1032/13/820 1033/15/795
f 1008/43/822 995/41/821 998/41/821
f 1008/43/822 998/41/821 1034/43/822
f 1009/17/750 1007/15/795 1033/15/795
f 1009/17/750 1033/15/795 1035/17/750
f 1010/45/796 1008/43/822 1034/43/822
f 1010/45/796 1034/43/822 1029/45/796
f 1011/19/751 1009/17/750 1035/17/750
f 1011/19/751 1035/17/750 1036/19/751
f 1012/47/797 1010/45/796 1029/45/796
f 1012/47/797 1029/45/796 1028/47/797
f 1013/21/798 1011/19/751 1036/19/751
f 1013/21/798 1036/19/751 1037/21/798
f 1014/49/799 1012/47/797 1028/47/797
f 1014/49/799 1028/47/797 1038/49/799
f 1015/23/800 1013/21/798 1037/21/798
f 1015/23/800 1037/21/798 1039/23/800
f 1016/51/801 1014/49/799 1038/49/799
f 1016/51/801 1038/49/799 1040/51/801
f 1017/25/802 1015/23/800 1039/23/800
f 1017/25/802 1039/23/800 1041/25/802
f 1018/53/825 1016/51/801 1040/51/801
f 1018/53/825 1040/51/801 1042/53/825
f 1019/27/804 1017/25/802 1041/25/802
f 1019/27/804 1041/25/802 1043/27/826
f 1020/55/805 1018/53/825 1042/53/825
f 1020/55/805 1042/53/825 1044/55/805
f 1021/29/806 1019/27/804 1043/27/826
f 1021/29/806 1043/27/826 1045/29/806
f 1023/3/807 1022/2/33 1046/2/33
f 1023/3/807 1046/2/33 1047/3/807
f 1024/57/808 1020/55/805 1044/55/805
f 1024/57/808 1044/55/805 1048/57/808
f 1025/31/809 1021/29/806 1045/29/806
f 1025/31/809 1045/29/806 1049/31/809
f 1026/5/810 1023/3/807 1047/3/807
f 1026/5/810 1047/3/807 1050/5/810
f 1027/59/811 1024/57/808 1048/57/808
f 1027/59/811 1048/57/808 1051/59/827
f 964/33/17 1025/31/809 1049/31/809
f 964/33/17 1049/31/809 1052/33/17
f 999/7/812 1026/5/810 1050/5/810
f 999/7/812 1050/5/810 1053/7/824
f 1001/61/813 1027/59/811 1051/59/827
f 1001/61/813 1051/59/827 1054/61/813
f 965/35/828 964/33/17 1052/33/17
f 965/35/828 1052/33/17 1055/35/828
f 1000/9/815 999/7/812 1053/7/824
f 1000/9/815 1053/7/824 1056/9/815
f 1002/63/816 1001/61/813 1054/61/813
f 1002/63/816 1054/61/813 1057/63/816
f 1003/37/817 965/35/828 1055/35/828
f 1003/37/817 1055/35/828 1058/37/817
f 1004/11/818 1000/9/815 1056/9/815
f 1004/11/818 1056/9/815 1059/11/818
f 1005/65/1 1002/63/816 1057/63/816
f 1005/65/1 1057/63/816 1060/65/1
f 996/39/819 1003/37/817 1058/37/817
f 996/39/819 1058/37/817 997/39/830
f 1006/13/820 1004/11/818 1059/11/818
f 1006/13/820 1059/11/818 1032/13/820
f 1061/17/833 1062/15/834 1063/15/835
f 1061/17/833 1063/15/835 1064/17/836
f 1037/21/798 1036/19/751 1065/19/837
f 1037/21/798 1065/19/837 1066/21/838
f 1038/49/799 1028/47/797 1031/47/832
f 1038/49/799 1031/47/832 1067/49/839
f 1039/23/800 1037/21/798 1066/21/838
f 1039/23/800 1066/21/838 1068/23/840
f 1040/51/801 1038/49/799 1067/49/839
f 1040/51/801 1067/49/839 1069/51/841
f 1041/25/802 1039/23/800 1068/23/840
f 1041/25/802 1068/23/840 1070/25/842
f 1042/53/825 1040/51/801 1069/51/841
f 1042/53/825 1069/51/841 1071/53/843
f 1043/27/826 1041/25/802 1070/25/842
f 1043/27/826 1070/25/842 1072/27/844
f 1044/55/805 1042/53/825 1071/53/843
f 1044/55/805 1071/53/843 1073/55/845
f 1045/29/806 1043/27/826 1072/27/844
f 1045/29/806 1072/27/844 1074/29/846
f 1047/3/807 1046/2/33 1075/2/847
f 1047/3/807 1075/2/847 1076/3/848
f 1048/57/808 1044/55/805 1073/55/845
f 1048/57/808 1073/55/845 1077/57/849
f 1049/31/809 1045/29/806 1074/29/846
f 1049/31/809 1074/29/846 1078/31/850
f 1050/5/810 1047/3/807 1076/3/848
f 1050/5/810 1076/3/848 1079/5/851
f 1051/59/827 1048/57/808 1077/57/849
f 1051/59/827 1077/57/849 1080/59/852
f 1052/33/17 1049/31/809 1078/31/850
f 1052/33/17 1078/31/850 1081/33/853
f 1053/7/824 1050/5/810 1079/5/851
f 1053/7/824 1079/5/851 1082/7/854
f 1054/61/813 1051/59/827 1080/59/852
f 1054/61/813 1080/59/852 1083/61/855
f 1055/35/828 1052/33/17 1081/33/853
f 1055/35/828 1081/33/853 1084/35/856
f 1056/9/815 1053/7/824 1082/7/854
f 1056/9/815 1082/7/854 1085/9/857
f 1057/63/816 1054/61/813 1083/61/855
f 1057/63/816 1083/61/855 1086/63/858
f 1058/37/817 1055/35/828 1084/35/856
f 1058/37/817 1084/35/856 1087/37/859
f 1059/11/818 1056/9/815 1085/9/857
f 1059/11/818 1085/9/857 1088/11/860
f 1060/65/1 1057/63/816 1086/63/858
f 1060/65/1 1086/63/858 1089/65/33
f 997/39/830 1058/37/817 1087/37/859
f 997/39/830 1087/37/859 1090/39/861
f 1032/13/820 1059/11/818 1088/11/860
f 1032/13/820 1088/11/860 1091/13/862
f 998/41/821 997/39/830 1090/39/861
f 998/41/821 1090/39/861 1092/41/863
f 1033/15/795 1032/13/820 1091/13/862
f 1033/15/795 1091/13/862 1062/15/834
f 1034/43/822 998/41/821 1092/41/863
f 1034/43/822 1092/41/863 1093/43/864
f 1035/17/750 1033/15/795 1062/15/834
f 1035/17/750 1062/15/834 1061/17/833
f 1029/45/796 1034/43/822 1093/43/864
f 1029/45/796 1093/43/864 1030/45/831
f 1036/19/751 1035/17/750 1061/17/833
f 1036/19/751 1061/17/833 1065/19/837
s 1
f 1094/44/865 1095/46/866 1096/46/867
f 1094/44/865 1096/46/867 1097/44/868
f 34/34/17 36/36/18 1098/36/869
f 34/34/17 1098/36/869 1099/34/870
f 52/52/26 54/54/27 1100/54/871
f 52/52/26 1100/54/871 1101/52/872
f 8/8/4 10/10/5 1102/10/873
f 8/8/4 1102/10/873 1103/8/874
f 26/26/13 28/28/14 1104/28/875
f 26/26/13 1104/28/875 1105/26/876
f 44/44/22 46/46/23 1095/46/866
f 44/44/22 1095/46/866 1094/44/865
f 62/62/31 66/64/32 1106/64/877
f 62/62/31 1106/64/877 1107/62/878
f 18/18/9 20/20/10 1108/20/879
f 18/18/9 1108/20/879 69/18/34
f 36/36/18 38/38/19 1109/38/880
f 36/36/18 1109/38/880 1098/36/869
f 54/54/27 56/56/28 1110/56/881
f 54/54/27 1110/56/881 1100/54/871
f 10/10/5 12/12/6 1111/12/882
f 10/10/5 1111/12/882 1102/10/873
f 28/28/14 30/30/15 1112/30/883
f 28/28/14 1112/30/883 1104/28/875
f 46/46/23 48/48/24 1113/48/884
f 46/46/23 1113/48/884 1095/46/866
f 1/1/1 4/4/2 1114/4/885
f 1/1/1 1114/4/885 1115/1/886
f 66/64/32 68/66/33 1116/66/1
f 66/64/32 1116/66/1 1106/64/877
f 20/20/10 22/22/11 1117/22/887
f 20/20/10 1117/22/887 1108/20/879
f 38/38/19 40/40/20 1118/40/888
f 38/38/19 1118/40/888 1109/38/880
f 56/56/28 58/58/29 1119/58/889
f 56/56/28 1119/58/889 1110/56/881
f 12/12/6 14/14/7 1120/14/890
f 12/12/6 1120/14/890 1111/12/882
f 30/30/15 32/32/16 1121/32/891
f 30/30/15 1121/32/891 1112/30/883
f 48/48/24 50/50/25 1122/50/892
f 48/48/24 1122/50/892 1113/48/884
f 4/4/2 6/6/3 1123/6/893
f 4/4/2 1123/6/893 1114/4/885
f 22/22/11 24/24/12 1124/24/894
f 22/22/11 1124/24/894 1117/22/887
f 40/40/20 42/42/21 1125/42/895
f 40/40/20 1125/42/895 1118/40/888
f 58/58/29 60/60/30 1126/60/896
f 58/58/29 1126/60/896 1119/58/889
f 14/14/7 16/16/8 70/16/35
f 14/14/7 70/16/35 1120/14/890
f 32/32/16 34/34/17 1099/34/870
f 32/32/16 1099/34/870 1121/32/891
f 50/50/25 52/52/26 1101/52/872
f 50/50/25 1101/52/872 1122/50/892
f 6/6/3 8/8/4 1103/8/874
f 6/6/3 1103/8/874 1123/6/893
f 24/24/12 26/26/13 1105/26/876
f 24/24/12 1105/26/876 1124/24/894
f 42/42/21 44/44/22 1094/44/865
f 42/42/21 1094/44/865 1125/42/895
f 60/60/30 62/62/31 1107/62/878
f 60/60/30 1107/62/878 1126/60/896
f 1095/46/866 1113/48/884 1191/48/897
f 1095/46/866 1191/48/897 1096/46/867
s 3
f 1065/19/837 1061/17/833 1064/17/836
f 1065/19/837 1064/17/836 1192/19/898
s 1
f 1113/48/884 1122/50/892 1193/50/899
f 1113/48/884 1193/50/899 1191/48/897
s 3
f 1066/21/838 1065/19/837 1192/19/898
f 1066/21/838 1192/19/898 1194/21/900
s 1
f 1122/50/892 1101/52/872 1195/52/901
f 1122/50/892 1195/52/901 1193/50/899
s 3
f 1068/23/840 1066/21/838 1194/21/900
f 1068/23/840 1194/21/900 1196/23/902
s 1
f 1101/52/872 1100/54/871 1197/54/903
f 1101/52/872 1197/54/903 1195/52/901
s 3
f 1070/25/842 1068/23/840 1196/23/902
f 1070/25/842 1196/23/902 1198/25/904
s 1
f 1100/54/871 1110/56/881 1199/56/905
f 1100/54/871 1199/56/905 1197/54/903
f 1115/1/886 1114/4/885 1200/4/906
f 1115/1/886 1200/4/906 1201/1/907
s 3
f 1072/27/844 1070/25/842 1198/25/904
f 1072/27/844 1198/25/904 1202/27/908
s 1
f 1110/56/881 1119/58/889 1203/58/909
f 1110/56/881 1203/58/909 1199/56/905
f 1114/4/885 1123/6/893 1204/6/910
f 1114/4/885 1204/6/910 1200/4/906
s 3
f 1074/29/846 1072/27/844 1202/27/908
f 1074/29/846 1202/27/908 1205/29/911
s 1
f 1119/58/889 1126/60/896 1206/60/912
f 1119/58/889 1206/60/912 1203/58/909
f 1123/6/893 1103/8/874 1207/8/913
f 1123/6/893 1207/8/913 1204/6/910
s 3
f 1078/31/850 1074/29/846 1205/29/911
f 1078/31/850 1205/29/911 1208/31/914
s 1
f 1126/60/896 1107/62/878 1209/62/915
f 1126/60/896 1209/62/915 1206/60/912
f 1103/8/874 1102/10/873 1210/10/916
f 1103/8/874 1210/10/916 1207/8/913
s 3
f 1081/33/853 1078/31/850 1208/31/914
f 1081/33/853 1208/31/914 1211/33/917
s 1
f 1107/62/878 1106/64/877 1212/64/918
f 1107/62/878 1212/64/918 1209/62/915
f 1102/10/873 1111/12/882 1213/12/919
f 1102/10/873 1213/12/919 1210/10/916
s 3
f 1084/35/856 1081/33/853 1211/33/917
f 1084/35/856 1211/33/917 1214/35/920
s 1
f 1106/64/877 1116/66/1 1215/66/921
f 1106/64/877 1215/66/921 1212/64/918
f 1111/12/882 1120/14/890 1216/14/922
f 1111/12/882 1216/14/922 1213/12/919
s 3
f 1087/37/859 1084/35/856 1214/35/920
f 1087/37/859 1214/35/920 1217/37/923
s 1
f 1120/14/890 70/16/35 1218/16/924
f 1120/14/890 1218/16/924 1216/14/922
s 3
f 1090/39/861 1087/37/859 1217/37/923
f 1090/39/861 1217/37/923 1219/39/925
s 1
f 70/16/35 69/18/34 1220/18/926
f 70/16/35 1220/18/926 1218/16/924
s 3
f 1092/41/863 1090/39/861 1219/39/925
f 1092/41/863 1219/39/925 1221/41/927
s 1
f 69/18/34 1108/20/879 1222/20/928
f 69/18/34 1222/20/928 1220/18/926
s 3
f 1093/43/864 1092/41/863 1221/41/927
f 1093/43/864 1221/41/927 1223/43/929
s 1
f 1108/20/879 1117/22/887 1224/22/930
f 1108/20/879 1224/22/930 1222/20/928
s 3
f 1030/45/831 1093/43/864 1223/43/929
f 1030/45/831 1223/43/929 1225/45/931
s 1
f 1117/22/887 1124/24/894 1226/24/932
f 1117/22/887 1226/24/932 1224/22/930
s 3
f 1031/47/832 1030/45/831 1225/45/931
f 1031/47/832 1225/45/931 1227/47/928
s 1
f 1124/24/894 1105/26/876 1228/26/933
f 1124/24/894 1228/26/933 1226/24/932
s 3
f 1067/49/839 1031/47/832 1227/47/928
f 1067/49/839 1227/47/928 1229/49/934
s 1
f 1105/26/876 1104/28/875 1230/28/935
f 1105/26/876 1230/28/935 1228/26/933
s 3
f 1069/51/841 1067/49/839 1229/49/934
f 1069/51/841 1229/49/934 1231/51/936
s 1
f 1104/28/875 1112/30/883 1232/30/937
f 1104/28/875 1232/30/937 1230/28/935
s 3
f 1071/53/843 1069/51/841 1231/51/936
f 1071/53/843 1231/51/936 1233/53/922
s 1
f 1112/30/883 1121/32/891 1234/32/938
f 1112/30/883 1234/32/938 1232/30/937
s 3
f 1073/55/845 1071/53/843 1233/53/922
f 1073/55/845 1233/53/922 1235/55/939
f 1076/3/848 1075/2/847 1236/2/940
f 1076/3/848 1236/2/940 1237/3/941
s 1
f 1121/32/891 1099/34/870 1238/34/942
f 1121/32/891 1238/34/942 1234/32/938
s 3
f 1077/57/849 1073/55/845 1235/55/939
f 1077/57/849 1235/55/939 1239/57/943
f 1079/5/851 1076/3/848 1237/3/941
f 1079/5/851 1237/3/941 1240/5/944
s 1
f 1099/34/870 1098/36/869 1241/36/945
f 1099/34/870 1241/36/945 1238/34/942
s 3
f 1080/59/852 1077/57/849 1239/57/943
f 1080/59/852 1239/57/943 1242/59/946
f 1082/7/854 1079/5/851 1240/5/944
f 1082/7/854 1240/5/944 1243/7/947
s 1
f 1098/36/869 1109/38/880 1244/38/948
f 1098/36/869 1244/38/948 1241/36/945
s 3
f 1083/61/855 1080/59/852 1242/59/946
f 1083/61/855 1242/59/946 1245/61/949
f 1085/9/857 1082/7/854 1243/7/947
f 1085/9/857 1243/7/947 1246/9/950
s 1
f 1109/38/880 1118/40/888 1247/40/951
f 1109/38/880 1247/40/951 1244/38/948
s 3
f 1086/63/858 1083/61/855 1245/61/949
f 1086/63/858 1245/61/949 1248/63/952
f 1088/11/860 1085/9/857 1246/9/950
f 1088/11/860 1246/9/950 1249/11/953
s 1
f 1118/40/888 1125/42/895 1250/42/954
f 1118/40/888 1250/42/954 1247/40/951
s 3
f 1089/65/33 1086/63/858 1248/63/952
f 1089/65/33 1248/63/952 1251/65/955
f 1091/13/862 1088/11/860 1249/11/953
f 1091/13/862 1249/11/953 1252/13/956
s 1
f 1125/42/895 1094/44/865 1097/44/868
f 1125/42/895 1097/44/868 1250/42/954
s 3
f 1062/15/834 1091/13/862 1252/13/956
f 1062/15/834 1252/13/956 1063/15/835
s 4
f 798/11/957 797/13/714 1253/13/958
f 798/11/957 1253/13/958 1254/11/959
f 1255/21/960 1256/23/961 1257/23/962
f 1255/21/960 1257/23/962 1258/21/963
f 809/39/964 810/41/965 1259/41/966
f 809/39/964 1259/41/966 1260/39/967
f 797/13/714 811/15/968 1261/15/969
f 797/13/714 1261/15/969 1253/13/958
f 810/41/965 812/43/730 1262/43/970
f 810/41/965 1262/43/970 1259/41/966
f 811/15/968 813/17/971 1263/17/972
f 811/15/968 1263/17/972 1261/15/969
f 812/43/730 814/45/973 1264/45/974
f 812/43/730 1264/45/974 1262/43/970
f 813/17/971 815/19/975 1265/19/976
f 813/17/971 1265/19/976 1263/17/972
f 814/45/973 816/47/977 1266/47/978
f 814/45/973 1266/47/978 1264/45/974
f 815/19/975 817/21/735 1255/21/960
f 815/19/975 1255/21/960 1265/19/976
f 816/47/977 818/49/979 1267/49/980
f 816/47/977 1267/49/980 1266/47/978
f 817/21/735 819/23/981 1256/23/961
f 817/21/735 1256/23/961 1255/21/960
f 818/49/979 820/51/982 1268/51/983
f 818/49/979 1268/51/983 1267/49/980
f 819/23/981 821/25/766 1269/25/984
f 819/23/981 1269/25/984 1256/23/961
f 820/51/982 822/53/740 1270/53/985
f 820/51/982 1270/53/985 1268/51/983
f 821/25/766 823/27/986 1271/27/987
f 821/25/766 1271/27/987 1269/25/984
f 822/53/740 824/55/988 1272/55/989
f 822/53/740 1272/55/989 1270/53/985
f 823/27/986 825/29/743 1273/29/990
f 823/27/986 1273/29/990 1271/27/987
f 826/2/991 827/3/745 1274/3/992
f 826/2/991 1274/3/992 1275/2/993
f 824/55/988 828/57/994 1276/57/995
f 824/55/988 1276/57/995 1272/55/989
f 825/29/743 829/31/747 1277/31/996
f 825/29/743 1277/31/996 1273/29/990
f 827/3/745 766/5/684 1278/5/997
f 827/3/745 1278/5/997 1274/3/992
f 828/57/994 801/59/998 1279/59/999
f 828/57/994 1279/59/999 1276/57/995
f 829/31/747 803/33/782 1280/33/1000
f 829/31/747 1280/33/1000 1277/31/996
f 766/5/684 767/7/1001 1281/7/1002
f 766/5/684 1281/7/1002 1278/5/997
f 801/59/998 802/61/1003 1282/61/1004
f 801/59/998 1282/61/1004 1279/59/999
f 803/33/782 804/35/787 1283/35/1005
f 803/33/782 1283/35/1005 1280/33/1000
f 767/7/1001 805/9/722 1284/9/1006
f 767/7/1001 1284/9/1006 1281/7/1002
f 802/61/1003 806/63/1007 1285/63/1008
f 802/61/1003 1285/63/1008 1282/61/1004
f 804/35/787 807/37/792 1286/37/1009
f 804/35/787 1286/37/1009 1283/35/1005
f 805/9/722 798/11/957 1254/11/959
f 805/9/722 1254/11/959 1284/9/1006
f 806/63/1007 808/65/1010 1287/65/1011
f 806/63/1007 1287/65/1011 1285/63/1008
f 807/37/792 809/39/964 1260/39/967
f 807/37/792 1260/39/967 1286/37/1009
f 1288/27/1012 1289/29/1013 1290/29/1014
f 1288/27/1012 1290/29/1014 1291/27/1015
f 1267/49/980 1268/51/983 1292/51/1016
f 1267/49/980 1292/51/1016 1293/49/1017
f 1256/23/961 1269/25/984 1294/25/1018
f 1256/23/961 1294/25/1018 1257/23/962
f 1268/51/983 1270/53/985 1295/53/1019
f 1268/51/983 1295/53/1019 1292/51/1016
f 1269/25/984 1271/27/987 1288/27/1012
f 1269/25/984 1288/27/1012 1294/25/1018
f 1270/53/985 1272/55/989 1296/55/1020
f 1270/53/985 1296/55/1020 1295/53/1019
f 1271/27/987 1273/29/990 1289/29/1013
f 1271/27/987 1289/29/1013 1288/27/1012
f 1275/2/993 1274/3/992 1297/3/1021
f 1275/2/993 1297/3/1021 1298/2/1022
f 1272/55/989 1276/57/995 1299/57/1023
f 1272/55/989 1299/57/1023 1296/55/1020
f 1273/29/990 1277/31/996 1300/31/1024
f 1273/29/990 1300/31/1024 1289/29/1013
f 1274/3/992 1278/5/997 1301/5/1025
f 1274/3/992 1301/5/1025 1297/3/1021
f 1276/57/995 1279/59/999 1302/59/1026
f 1276/57/995 1302/59/1026 1299/57/1023
f 1277/31/996 1280/33/1000 1303/33/1027
f 1277/31/996 1303/33/1027 1300/31/1024
f 1278/5/997 1281/7/1002 1304/7/1028
f 1278/5/997 1304/7/1028 1301/5/1025
f 1279/59/999 1282/61/1004 1305/61/1029
f 1279/59/999 1305/61/1029 1302/59/1026
f 1280/33/1000 1283/35/1005 1306/35/1030
f 1280/33/1000 1306/35/1030 1303/33/1027
f 1281/7/1002 1284/9/1006 1307/9/1031
f 1281/7/1002 1307/9/1031 1304/7/1028
f 1282/61/1004 1285/63/1008 1308/63/1032
f 1282/61/1004 1308/63/1032 1305/61/1029
f 1283/35/1005 1286/37/1009 1309/37/1033
f 1283/35/1005 1309/37/1033 1306/35/1030
f 1284/9/1006 1254/11/959 1310/11/1034
f 1284/9/1006 1310/11/1034 1307/9/1031
f 1285/63/1008 1287/65/1011 1311/65/1035
f 1285/63/1008 1311/65/1035 1308/63/1032
f 1286/37/1009 1260/39/967 1312/39/1036
f 1286/37/1009 1312/39/1036 1309/37/1033
f 1254/11/959 1253/13/958 1313/13/1037
f 1254/11/959 1313/13/1037 1310/11/1034
f 1260/39/967 1259/41/966 1314/41/1038
f 1260/39/967 1314/41/1038 1312/39/1036
f 1253/13/958 1261/15/969 1315/15/1039
f 1253/13/958 1315/15/1039 1313/13/1037
f 1259/41/966 1262/43/970 1316/43/1040
f 1259/41/966 1316/43/1040 1314/41/1038
f 1261/15/969 1263/17/972 1317/17/1041
f 1261/15/969 1317/17/1041 1315/15/1039
f 1262/43/970 1264/45/974 1318/45/1042
f 1262/43/970 1318/45/1042 1316/43/1040
f 1263/17/972 1265/19/976 1319/19/1043
f 1263/17/972 1319/19/1043 1317/17/1041
f 1264/45/974 1266/47/978 1320/47/1044
f 1264/45/974 1320/47/1044 1318/45/1042
f 1265/19/976 1255/21/960 1258/21/963
f 1265/19/976 1258/21/963 1319/19/1043
f 1266/47/978 1267/49/980 1293/49/1017
f 1266/47/978 1293/49/1017 1320/47/1044
f 1321/33/1045 1322/35/1046 1323/35/1047
f 1321/33/1045 1323/35/1047 1324/33/1048
f 1298/2/1022 1297/3/1021 1325/3/1049
f 1298/2/1022 1325/3/1049 1326/2/1050
f 1296/55/1020 1299/57/1023 1327/57/1051
f 1296/55/1020 1327/57/1051 1328/55/1052
f 1289/29/1013 1300/31/1024 1329/31/1053
f 1289/29/1013 1329/31/1053 1290/29/1014
f 1297/3/1021 1301/5/1025 1330/5/1054
f 1297/3/1021 1330/5/1054 1325/3/1049
f 1299/57/1023 1302/59/1026 1331/59/1055
f 1299/57/1023 1331/59/1055 1327/57/1051
f 1300/31/1024 1303/33/1027 1321/33/1045
f 1300/31/1024 1321/33/1045 1329/31/1053
f 1301/5/1025 1304/7/1028 1332/7/1056
f 1301/5/1025 1332/7/1056 1330/5/1054
f 1302/59/1026 1305/61/1029 1333/61/1057
f 1302/59/1026 1333/61/1057 1331/59/1055
f 1303/33/1027 1306/35/1030 1322/35/1046
f 1303/33/1027 1322/35/1046 1321/33/1045
f 1304/7/1028 1307/9/1031 1334/9/1058
f 1304/7/1028 1334/9/1058 1332/7/1056
f 1305/61/1029 1308/63/1032 1335/63/1059
f 1305/61/1029 1335/63/1059 1333/61/1057
f 1306/35/1030 1309/37/1033 1336/37/1060
f 1306/35/1030 1336/37/1060 1322/35/1046
f 1307/9/1031 1310/11/1034 1337/11/1061
f 1307/9/1031 1337/11/1061 1334/9/1058
f 1308/63/1032 1311/65/1035 1338/65/1062
f 1308/63/1032 1338/65/1062 1335/63/1059
f 1309/37/1033 1312/39/1036 1339/39/1063
f 1309/37/1033 1339/39/1063 1336/37/1060
f 1310/11/1034 1313/13/1037 1340/13/1064
f 1310/11/1034 1340/13/1064 1337/11/1061
f 1312/39/1036 1314/41/1038 1341/41/1065
f 1312/39/1036 1341/41/1065 1339/39/1063
f 1313/13/1037 1315/15/1039 1342/15/1066
f 1313/13/1037 1342/15/1066 1340/13/1064
f 1314/41/1038 1316/43/1040 1343/43/1067
f 1314/41/1038 1343/43/1067 1341/41/1065
f 1315/15/1039 1317/17/1041 1344/17/1068
f 1315/15/1039 1344/17/1068 1342/15/1066
f 1316/43/1040 1318/45/1042 1345/45/1069
f 1316/43/1040 1345/45/1069 1343/43/1067
f 1317/17/1041 1319/19/1043 1346/19/1070
f 1317/17/1041 1346/19/1070 1344/17/1068
f 1318/45/1042 1320/47/1044 1347/47/1071
f 1318/45/1042 1347/47/1071 1345/45/1069
f 1319/19/1043 1258/21/963 1348/21/1072
f 1319/19/1043 1348/21/1072 1346/19/1070
f 1320/47/1044 1293/49/1017 1349/49/1073
f 1320/47/1044 1349/49/1073 1347/47/1071
f 1258/21/963 1257/23/962 1350/23/1074
f 1258/21/963 1350/23/1074 1348/21/1072
f 1293/49/1017 1292/51/1016 1351/51/1075
f 1293/49/1017 1351/51/1075 1349/49/1073
f 1257/23/962 1294/25/1018 1352/25/1076
f 1257/23/962 1352/25/1076 1350/23/1074
f 1292/51/1016 1295/53/1019 1353/53/1077
f 1292/51/1016 1353/53/1077 1351/51/1075
f 1294/25/1018 1288/27/1012 1291/27/1015
f 1294/25/1018 1291/27/1015 1352/25/1076
f 1295/53/1019 1296/55/1020 1328/55/1052
f 1295/53/1019 1328/55/1052 1353/53/1077
f 1354/39/1078 1355/41/1079 1356/41/1080
f 1354/39/1078 1356/41/1080 1357/39/1081
f 1332/7/1056 1334/9/1058 1358/9/1082
f 1332/7/1056 1358/9/1082 1359/7/1083
f 1333/61/1057 1335/63/1059 1360/63/1084
f 1333/61/1057 1360/63/1084 1361/61/1085
f 1322/35/1046 1336/37/1060 1362/37/1086
f 1322/35/1046 1362/37/1086 1323/35/1047
f 1334/9/1058 1337/11/1061 1363/11/1087
f 1334/9/1058 1363/11/1087 1358/9/1082
f 1335/63/1059 1338/65/1062 1364/65/1088
f 1335/63/1059 1364/65/1088 1360/63/1084
f 1336/37/1060 1339/39/1063 1354/39/1078
f 1336/37/1060 1354/39/1078 1362/37/1086
f 1337/11/1061 1340/13/1064 1365/13/1089
f 1337/11/1061 1365/13/1089 1363/11/1087
f 1339/39/1063 1341/41/1065 1355/41/1079
f 1339/39/1063 1355/41/1079 1354/39/1078
f 1340/13/1064 1342/15/1066 1366/15/1090
f 1340/13/1064 1366/15/1090 1365/13/1089
f 1341/41/1065 1343/43/1067 1367/43/1091
f 1341/41/1065 1367/43/1091 1355/41/1079
f 1342/15/1066 1344/17/1068 1368/17/1092
f 1342/15/1066 1368/17/1092 1366/15/1090
f 1343/43/1067 1345/45/1069 1369/45/1093
f 1343/43/1067 1369/45/1093 1367/43/1091
f 1344/17/1068 1346/19/1070 1370/19/1094
f 1344/17/1068 1370/19/1094 1368/17/1092
f 1345/45/1069 1347/47/1071 1371/47/1095
f 1345/45/1069 1371/47/1095 1369/45/1093
f 1346/19/1070 1348/21/1072 1372/21/1096
f 1346/19/1070 1372/21/1096 1370/19/1094
f 1347/47/1071 1349/49/1073 1373/49/1097
f 1347/47/1071 1373/49/1097 1371/47/1095
f 1348/21/1072 1350/23/1074 1374/23/1098
f 1348/21/1072 1374/23/1098 1372/21/1096
f 1349/49/1073 1351/51/1075 1375/51/1099
f 1349/49/1073 1375/51/1099 1373/49/1097
f 1350/23/1074 1352/25/1076 1376/25/1100
f 1350/23/1074 1376/25/1100 1374/23/1098
f 1351/51/1075 1353/53/1077 1377/53/1101
f 1351/51/1075 1377/53/1101 1375/51/1099
f 1352/25/1076 1291/27/1015 1378/27/1102
f 1352/25/1076 1378/27/1102 1376/25/1100
f 1353/53/1077 1328/55/1052 1379/55/1103
f 1353/53/1077 1379/55/1103 1377/53/1101
f 1291/27/1015 1290/29/1014 1380/29/1104
f 1291/27/1015 1380/29/1104 1378/27/1102
f 1326/2/1050 1325/3/1049 1381/3/1105
f 1326/2/1050 1381/3/1105 1382/2/1088
f 1328/55/1052 1327/57/1051 1383/57/1106
f 1328/55/1052 1383/57/1106 1379/55/1103
f 1290/29/1014 1329/31/1053 1384/31/1107
f 1290/29/1014 1384/31/1107 1380/29/1104
f 1325/3/1049 1330/5/1054 1385/5/1108
f 1325/3/1049 1385/5/1108 1381/3/1105
f 1327/57/1051 1331/59/1055 1386/59/1109
f 1327/57/1051 1386/59/1109 1383/57/1106
f 1329/31/1053 1321/33/1045 1324/33/1048
f 1329/31/1053 1324/33/1048 1384/31/1107
f 1330/5/1054 1332/7/1056 1359/7/1083
f 1330/5/1054 1359/7/1083 1385/5/1108
f 1331/59/1055 1333/61/1057 1361/61/1085
f 1331/59/1055 1361/61/1085 1386/59/1109
f 1387/45/1110 1388/47/1111 1389/47/1112
f 1387/45/1110 1389/47/1112 1390/45/1113
f 1365/13/1089 1366/15/1090 1391/15/1114
f 1365/13/1089 1391/15/1114 1392/13/1115
f 1355/41/1079 1367/43/1091 1393/43/1116
f 1355/41/1079 1393/43/1116 1356/41/1080
f 1366/15/1090 1368/17/1092 1394/17/1117
f 1366/15/1090 1394/17/1117 1391/15/1114
f 1367/43/1091 1369/45/1093 1387/45/1110
f 1367/43/1091 1387/45/1110 1393/43/1116
f 1368/17/1092 1370/19/1094 1395/19/1118
f 1368/17/1092 1395/19/1118 1394/17/1117
f 1369/45/1093 1371/47/1095 1388/47/1111
f 1369/45/1093 1388/47/1111 1387/45/1110
f 1370/19/1094 1372/21/1096 1396/21/1119
f 1370/19/1094 1396/21/1119 1395/19/1118
f 1371/47/1095 1373/49/1097 1397/49/1120
f 1371/47/1095 1397/49/1120 1388/47/1111
f 1372/21/1096 1374/23/1098 1398/23/1121
f 1372/21/1096 1398/23/1121 1396/21/1119
f 1373/49/1097 1375/51/1099 1399/51/1122
f 1373/49/1097 1399/51/1122 1397/49/1120
f 1374/23/1098 1376/25/1100 1400/25/1123
f 1374/23/1098 1400/25/1123 1398/23/1121
f 1375/51/1099 1377/53/1101 1401/53/1124
f 1375/51/1099 1401/53/1124 1399/51/1122
f 1376/25/1100 1378/27/1102 1402/27/1125
f 1376/25/1100 1402/27/1125 1400/25/1123
f 1377/53/1101 1379/55/1103 1403/55/1126
f 1377/53/1101 1403/55/1126 1401/53/1124
f 1378/27/1102 1380/29/1104 1404/29/1127
f 1378/27/1102 1404/29/1127 1402/27/1125
f 1382/2/1088 1381/3/1105 1405/3/1128
f 1382/2/1088 1405/3/1128 1406/2/1129
f 1379/55/1103 1383/57/1106 1407/57/1130
f 1379/55/1103 1407/57/1130 1403/55/1126
f 1380/29/1104 1384/31/1107 1408/31/1131
f 1380/29/1104 1408/31/1131 1404/29/1127
f 1381/3/1105 1385/5/1108 1409/5/1132
f 1381/3/1105 1409/5/1132 1405/3/1128
f 1383/57/1106 1386/59/1109 1410/59/1133
f 1383/57/1106 1410/59/1133 1407/57/1130
f 1384/31/1107 1324/33/1048 1411/33/1134
f 1384/31/1107 1411/33/1134 1408/31/1131
f 1385/5/1108 1359/7/1083 1412/7/1135
f 1385/5/1108 1412/7/1135 1409/5/1132
f 1386/59/1109 1361/61/1085 1413/61/1136
f 1386/59/1109 1413/61/1136 1410/59/1133
f 1324/33/1048 1323/35/1047 1414/35/1137
f 1324/33/1048 1414/35/1137 1411/33/1134
f 1359/7/1083 1358/9/1082 1415/9/1138
f 1359/7/1083 1415/9/1138 1412/7/1135
f 1361/61/1085 1360/63/1084 1416/63/1139
f 1361/61/1085 1416/63/1139 1413/61/1136
f 1323/35/1047 1362/37/1086 1417/37/1140
f 1323/35/1047 1417/37/1140 1414/35/1137
f 1358/9/1082 1363/11/1087 1418/11/1141
f 1358/9/1082 1418/11/1141 1415/9/1138
f 1360/63/1084 1364/65/1088 1419/65/1142
f 1360/63/1084 1419/65/1142 1416/63/1139
f 1362/37/1086 1354/39/1078 1357/39/1081
f 1362/37/1086 1357/39/1081 1417/37/1140
f 1363/11/1087 1365/13/1089 1392/13/1115
f 1363/11/1087 1392/13/1115 1418/11/1141
f 1420/51/1143 1421/53/1144 1422/53/1145
f 1420/51/1143 1422/53/1145 1423/51/1146
f 1395/19/1118 1396/21/1119 1424/21/1147
f 1395/19/1118 1424/21/1147 1425/19/1148
f 1388/47/1111 1397/49/1120 1426/49/1149
f 1388/47/1111 1426/49/1149 1389/47/1112
f 1396/21/1119 1398/23/1121 1427/23/1150
f 1396/21/1119 1427/23/1150 1424/21/1147
f 1397/49/1120 1399/51/1122 1420/51/1143
f 1397/49/1120 1420/51/1143 1426/49/1149
f 1398/23/1121 1400/25/1123 1428/25/1151
f 1398/23/1121 1428/25/1151 1427/23/1150
f 1399/51/1122 1401/53/1124 1421/53/1144
f 1399/51/1122 1421/53/1144 1420/51/1143
f 1400/25/1123 1402/27/1125 1429/27/1152
f 1400/25/1123 1429/27/1152 1428/25/1151
f 1401/53/1124 1403/55/1126 1430/55/1153
f 1401/53/1124 1430/55/1153 1421/53/1144
f 1402/27/1125 1404/29/1127 1431/29/1154
f 1402/27/1125 1431/29/1154 1429/27/1152
f 1406/2/1129 1405/3/1128 1432/3/1155
f 1406/2/1129 1432/3/1155 1433/2/1156
f 1403/55/1126 1407/57/1130 1434/57/1157
f 1403/55/1126 1434/57/1157 1430/55/1153
f 1404/29/1127 1408/31/1131 1435/31/1158
f 1404/29/1127 1435/31/1158 1431/29/1154
f 1405/3/1128 1409/5/1132 1436/5/1159
f 1405/3/1128 1436/5/1159 1432/3/1155
f 1407/57/1130 1410/59/1133 1437/59/1160
f 1407/57/1130 1437/59/1160 1434/57/1157
f 1408/31/1131 1411/33/1134 1438/33/1161
f 1408/31/1131 1438/33/1161 1435/31/1158
f 1409/5/1132 1412/7/1135 1439/7/1162
f 1409/5/1132 1439/7/1162 1436/5/1159
f 1410/59/1133 1413/61/1136 1440/61/1163
f 1410/59/1133 1440/61/1163 1437/59/1160
f 1411/33/1134 1414/35/1137 1441/35/1164
f 1411/33/1134 1441/35/1164 1438/33/1161
f 1412/7/1135 1415/9/1138 1442/9/1165
f 1412/7/1135 1442/9/1165 1439/7/1162
f 1413/61/1136 1416/63/1139 1443/63/1166
f 1413/61/1136 1443/63/1166 1440/61/1163
f 1414/35/1137 1417/37/1140 1444/37/1167
f 1414/35/1137 1444/37/1167 1441/35/1164
f 1415/9/1138 1418/11/1141 1445/11/1168
f 1415/9/1138 1445/11/1168 1442/9/1165
f 1416/63/1139 1419/65/1142 1446/65/1169
f 1416/63/1139 1446/65/1169 1443/63/1166
f 1417/37/1140 1357/39/1081 1447/39/1170
f 1417/37/1140 1447/39/1170 1444/37/1167
f 1418/11/1141 1392/13/1115 1448/13/1171
f 1418/11/1141 1448/13/1171 1445/11/1168
f 1357/39/1081 1356/41/1080 1449/41/1172
f 1357/39/1081 1449/41/1172 1447/39/1170
f 1392/13/1115 1391/15/1114 1450/15/1173
f 1392/13/1115 1450/15/1173 1448/13/1171
f 1356/41/1080 1393/43/1116 1451/43/1174
f 1356/41/1080 1451/43/1174 1449/41/1172
f 1391/15/1114 1394/17/1117 1452/17/1175
f 1391/15/1114 1452/17/1175 1450/15/1173
f 1393/43/1116 1387/45/1110 1390/45/1113
f 1393/43/1116 1390/45/1113 1451/43/1174
f 1394/17/1117 1395/19/1118 1425/19/1148
f 1394/17/1117 1425/19/1148 1452/17/1175
f 1453/57/1176 1454/59/1177 1455/59/1178
f 1453/57/1176 1455/59/1178 1456/57/1179
f 1428/25/1151 1429/27/1152 1457/27/1180
f 1428/25/1151 1457/27/1180 1458/25/1181
f 1421/53/1144 1430/55/1153 1459/55/1182
f 1421/53/1144 1459/55/1182 1422/53/1145
f 1429/27/1152 1431/29/1154 1460/29/1183
f 1429/27/1152 1460/29/1183 1457/27/1180
f 1433/2/1156 1432/3/1155 1461/3/1184
f 1433/2/1156 1461/3/1184 1462/2/1185
f 1430/55/1153 1434/57/1157 1453/57/1176
f 1430/55/1153 1453/57/1176 1459/55/1182
f 1431/29/1154 1435/31/1158 1463/31/1186
f 1431/29/1154 1463/31/1186 1460/29/1183
f 1432/3/1155 1436/5/1159 1464/5/1187
f 1432/3/1155 1464/5/1187 1461/3/1184
f 1434/57/1157 1437/59/1160 1454/59/1177
f 1434/57/1157 1454/59/1177 1453/57/1176
f 1435/31/1158 1438/33/1161 1465/33/1188
f 1435/31/1158 1465/33/1188 1463/31/1186
f 1436/5/1159 1439/7/1162 1466/7/1189
f 1436/5/1159 1466/7/1189 1464/5/1187
f 1437/59/1160 1440/61/1163 1467/61/1190
f 1437/59/1160 1467/61/1190 1454/59/1177
f 1438/33/1161 1441/35/1164 1468/35/1191
f 1438/33/1161 1468/35/1191 1465/33/1188
f 1439/7/1162 1442/9/1165 1469/9/1192
f 1439/7/1162 1469/9/1192 1466/7/1189
f 1440/61/1163 1443/63/1166 1470/63/1193
f 1440/61/1163 1470/63/1193 1467/61/1190
f 1441/35/1164 1444/37/1167 1471/37/1194
f 1441/35/1164 1471/37/1194 1468/35/1191
f 1442/9/1165 1445/11/1168 1472/11/1195
f 1442/9/1165 1472/11/1195 1469/9/1192
f 1443/63/1166 1446/65/1169 1473/65/1196
f 1443/63/1166 1473/65/1196 1470/63/1193
f 1444/37/1167 1447/39/1170 1474/39/1197
f 1444/37/1167 1474/39/1197 1471/37/1194
f 1445/11/1168 1448/13/1171 1475/13/1198
f 1445/11/1168 1475/13/1198 1472/11/1195
f 1447/39/1170 1449/41/1172 1476/41/1199
f 1447/39/1170 1476/41/1199 1474/39/1197
f 1448/13/1171 1450/15/1173 1477/15/1200
f 1448/13/1171 1477/15/1200 1475/13/1198
f 1449/41/1172 1451/43/1174 1478/43/1201
f 1449/41/1172 1478/43/1201 1476/41/1199
f 1450/15/1173 1452/17/1175 1479/17/1202
f 1450/15/1173 1479/17/1202 1477/15/1200
f 1451/43/1174 1390/45/1113 1480/45/1203
f 1451/43/1174 1480/45/1203 1478/43/1201
f 1452/17/1175 1425/19/1148 1481/19/1204
f 1452/17/1175 1481/19/1204 1479/17/1202
f 1390/45/1113 1389/47/1112 1482/47/1205
f 1390/45/1113 1482/47/1205 1480/45/1203
f 1425/19/1148 1424/21/1147 1483/21/1206
f 1425/19/1148 1483/21/1206 1481/19/1204
f 1389/47/1112 1426/49/1149 1484/49/1207
f 1389/47/1112 1484/49/1207 1482/47/1205
f 1424/21/1147 1427/23/1150 1485/23/1208
f 1424/21/1147 1485/23/1208 1483/21/1206
f 1426/49/1149 1420/51/1143 1423/51/1146
f 1426/49/1149 1423/51/1146 1484/49/1207
f 1427/23/1150 1428/25/1151 1458/25/1181
f 1427/23/1150 1458/25/1181 1485/23/1208
f 1486/63/1209 1487/65/1210 1488/65/1211
f 1486/63/1209 1488/65/1211 1489/63/1212
f 1463/31/1186 1465/33/1188 1490/33/1213
f 1463/31/1186 1490/33/1213 1491/31/1214
f 1464/5/1187 1466/7/1189 1492/7/1215
f 1464/5/1187 1492/7/1215 1493/5/1216
f 1454/59/1177 1467/61/1190 1494/61/1217
f 1454/59/1177 1494/61/1217 1455/59/1178
f 1465/33/1188 1468/35/1191 1495/35/1218
f 1465/33/1188 1495/35/1218 1490/33/1213
f 1466/7/1189 1469/9/1192 1496/9/1219
f 1466/7/1189 1496/9/1219 1492/7/1215
f 1467/61/1190 1470/63/1193 1486/63/1209
f 1467/61/1190 1486/63/1209 1494/61/1217
f 1468/35/1191 1471/37/1194 1497/37/1220
f 1468/35/1191 1497/37/1220 1495/35/1218
f 1469/9/1192 1472/11/1195 1498/11/1221
f 1469/9/1192 1498/11/1221 1496/9/1219
f 1470/63/1193 1473/65/1196 1487/65/1210
f 1470/63/1193 1487/65/1210 1486/63/1209
f 1471/37/1194 1474/39/1197 1499/39/1222
f 1471/37/1194 1499/39/1222 1497/37/1220
f 1472/11/1195 1475/13/1198 1500/13/1223
f 1472/11/1195 1500/13/1223 1498/11/1221
f 1474/39/1197 1476/41/1199 1501/41/1224
f 1474/39/1197 1501/41/1224 1499/39/1222
f 1475/13/1198 1477/15/1200 1502/15/1225
f 1475/13/1198 1502/15/1225 1500/13/1223
f 1476/41/1199 1478/43/1201 1503/43/1226
f 1476/41/1199 1503/43/1226 1501/41/1224
f 1477/15/1200 1479/17/1202 1504/17/1227
f 1477/15/1200 1504/17/1227 1502/15/1225
f 1478/43/1201 1480/45/1203 1505/45/1228
f 1478/43/1201 1505/45/1228 1503/43/1226
f 1479/17/1202 1481/19/1204 1506/19/1229
f 1479/17/1202 1506/19/1229 1504/17/1227
f 1480/45/1203 1482/47/1205 1507/47/1230
f 1480/45/1203 1507/47/1230 1505/45/1228
f 1481/19/1204 1483/21/1206 1508/21/1231
f 1481/19/1204 1508/21/1231 1506/19/1229
f 1482/47/1205 1484/49/1207 1509/49/1232
f 1482/47/1205 1509/49/1232 1507/47/1230
f 1483/21/1206 1485/23/1208 1510/23/1233
f 1483/21/1206 1510/23/1233 1508/21/1231
f 1484/49/1207 1423/51/1146 1511/51/1234
f 1484/49/1207 1511/51/1234 1509/49/1232
f 1485/23/1208 1458/25/1181 1512/25/1235
f 1485/23/1208 1512/25/1235 1510/23/1233
f 1423/51/1146 1422/53/1145 1513/53/1236
f 1423/51/1146 1513/53/1236 1511/51/1234
f 1458/25/1181 1457/27/1180 1514/27/1237
f 1458/25/1181 1514/27/1237 1512/25/1235
f 1422/53/1145 1459/55/1182 1515/55/1238
f 1422/53/1145 1515/55/1238 1513/53/1236
f 1457/27/1180 1460/29/1183 1516/29/1239
f 1457/27/1180 1516/29/1239 1514/27/1237
f 1462/2/1185 1461/3/1184 1517/3/1240
f 1462/2/1185 1517/3/1240 1518/2/1241
f 1459/55/1182 1453/57/1176 1456/57/1179
f 1459/55/1182 1456/57/1179 1515/55/1238
f 1460/29/1183 1463/31/1186 1491/31/1214
f 1460/29/1183 1491/31/1214 1516/29/1239
f 1461/3/1184 1464/5/1187 1493/5/1216
f 1461/3/1184 1493/5/1216 1517/3/1240
f 1519/43/1242 1520/45/1243 1521/45/1244
f 1519/43/1242 1521/45/1244 1522/43/1245
f 1497/37/1220 1499/39/1222 1523/39/1246
f 1497/37/1220 1523/39/1246 1524/37/1247
f 1498/11/1221 1500/13/1223 1525/13/1248
f 1498/11/1221 1525/13/1248 1526/11/1249
f 1499/39/1222 1501/41/1224 1527/41/1250
f 1499/39/1222 1527/41/1250 1523/39/1246
f 1500/13/1223 1502/15/1225 1528/15/1251
f 1500/13/1223 1528/15/1251 1525/13/1248
f 1501/41/1224 1503/43/1226 1519/43/1242
f 1501/41/1224 1519/43/1242 1527/41/1250
f 1502/15/1225 1504/17/1227 1529/17/1252
f 1502/15/1225 1529/17/1252 1528/15/1251
f 1503/43/1226 1505/45/1228 1520/45/1243
f 1503/43/1226 1520/45/1243 1519/43/1242
f 1504/17/1227 1506/19/1229 1530/19/1253
f 1504/17/1227 1530/19/1253 1529/17/1252
f 1505/45/1228 1507/47/1230 1531/47/1254
f 1505/45/1228 1531/47/1254 1520/45/1243
f 1506/19/1229 1508/21/1231 1532/21/1255
f 1506/19/1229 1532/21/1255 1530/19/1253
f 1507/47/1230 1509/49/1232 1533/49/1256
f 1507/47/1230 1533/49/1256 1531/47/1254
f 1508/21/1231 1510/23/1233 1534/23/1257
f 1508/21/1231 1534/23/1257 1532/21/1255
f 1509/49/1232 1511/51/1234 1535/51/1258
f 1509/49/1232 1535/51/1258 1533/49/1256
f 1510/23/1233 1512/25/1235 1536/25/1259
f 1510/23/1233 1536/25/1259 1534/23/1257
f 1511/51/1234 1513/53/1236 1537/53/1260
f 1511/51/1234 1537/53/1260 1535/51/1258
f 1512/25/1235 1514/27/1237 1538/27/1261
f 1512/25/1235 1538/27/1261 1536/25/1259
f 1513/53/1236 1515/55/1238 1539/55/1262
f 1513/53/1236 1539/55/1262 1537/53/1260
f 1514/27/1237 1516/29/1239 1540/29/1263
f 1514/27/1237 1540/29/1263 1538/27/1261
f 1518/2/1241 1517/3/1240 1541/3/1264
f 1518/2/1241 1541/3/1264 1542/2/1265
f 1515/55/1238 1456/57/1179 1543/57/1266
f 1515/55/1238 1543/57/1266 1539/55/1262
f 1516/29/1239 1491/31/1214 1544/31/1267
f 1516/29/1239 1544/31/1267 1540/29/1263
f 1517/3/1240 1493/5/1216 1545/5/1268
f 1517/3/1240 1545/5/1268 1541/3/1264
f 1456/57/1179 1455/59/1178 1546/59/1269
f 1456/57/1179 1546/59/1269 1543/57/1266
f 1491/31/1214 1490/33/1213 1547/33/1270
f 1491/31/1214 1547/33/1270 1544/31/1267
f 1493/5/1216 1492/7/1215 1548/7/1271
f 1493/5/1216 1548/7/1271 1545/5/1268
f 1455/59/1178 1494/61/1217 1549/61/1272
f 1455/59/1178 1549/61/1272 1546/59/1269
f 1490/33/1213 1495/35/1218 1550/35/1273
f 1490/33/1213 1550/35/1273 1547/33/1270
f 1492/7/1215 1496/9/1219 1551/9/1274
f 1492/7/1215 1551/9/1274 1548/7/1271
f 1494/61/1217 1486/63/1209 1489/63/1212
f 1494/61/1217 1489/63/1212 1549/61/1272
f 1495/35/1218 1497/37/1220 1524/37/1247
f 1495/35/1218 1524/37/1247 1550/35/1273
f 1496/9/1219 1498/11/1221 1526/11/1249
f 1496/9/1219 1526/11/1249 1551/9/1274
f 1552/49/1275 1553/51/1276 1554/51/1277
f 1552/49/1275 1554/51/1277 1555/49/1278
f 1529/17/1252 1530/19/1253 1556/19/1279
f 1529/17/1252 1556/19/1279 1557/17/1280
f 1520/45/1243 1531/47/1254 1558/47/1281
f 1520/45/1243 1558/47/1281 1521/45/1244
f 1530/19/1253 1532/21/1255 1559/21/1282
f 1530/19/1253 1559/21/1282 1556/19/1279
f 1531/47/1254 1533/49/1256 1552/49/1275
f 1531/47/1254 1552/49/1275 1558/47/1281
f 1532/21/1255 1534/23/1257 1560/23/1283
f 1532/21/1255 1560/23/1283 1559/21/1282
f 1533/49/1256 1535/51/1258 1553/51/1276
f 1533/49/1256 1553/51/1276 1552/49/1275
f 1534/23/1257 1536/25/1259 1561/25/1284
f 1534/23/1257 1561/25/1284 1560/23/1283
f 1535/51/1258 1537/53/1260 1562/53/1285
f 1535/51/1258 1562/53/1285 1553/51/1276
f 1536/25/1259 1538/27/1261 1563/27/1286
f 1536/25/1259 1563/27/1286 1561/25/1284
f 1537/53/1260 1539/55/1262 1564/55/1287
f 1537/53/1260 1564/55/1287 1562/53/1285
f 1538/27/1261 1540/29/1263 1565/29/1288
f 1538/27/1261 1565/29/1288 1563/27/1286
f 1542/2/1265 1541/3/1264 1566/3/1289
f 1542/2/1265 1566/3/1289 1567/2/1290
f 1539/55/1262 1543/57/1266 1568/57/1291
f 1539/55/1262 1568/57/1291 1564/55/1287
f 1540/29/1263 1544/31/1267 1569/31/1292
f 1540/29/1263 1569/31/1292 1565/29/1288
f 1541/3/1264 1545/5/1268 1570/5/1293
f 1541/3/1264 1570/5/1293 1566/3/1289
f 1543/57/1266 1546/59/1269 1571/59/1294
f 1543/57/1266 1571/59/1294 1568/57/1291
f 1544/31/1267 1547/33/1270 1572/33/1295
f 1544/31/1267 1572/33/1295 1569/31/1292
f 1545/5/1268 1548/7/1271 1573/7/1296
f 1545/5/1268 1573/7/1296 1570/5/1293
f 1546/59/1269 1549/61/1272 1574/61/1297
f 1546/59/1269 1574/61/1297 1571/59/1294
f 1547/33/1270 1550/35/1273 1575/35/1298
f 1547/33/1270 1575/35/1298 1572/33/1295
f 1548/7/1271 1551/9/1274 1576/9/1299
f 1548/7/1271 1576/9/1299 1573/7/1296
f 1549/61/1272 1489/63/1212 1577/63/1300
f 1549/61/1272 1577/63/1300 1574/61/1297
f 1550/35/1273 1524/37/1247 1578/37/1301
f 1550/35/1273 1578/37/1301 1575/35/1298
f 1551/9/1274 1526/11/1249 1579/11/1302
f 1551/9/1274 1579/11/1302 1576/9/1299
f 1489/63/1212 1488/65/1211 1580/65/1290
f 1489/63/1212 1580/65/1290 1577/63/1300
f 1524/37/1247 1523/39/1246 1581/39/1303
f 1524/37/1247 1581/39/1303 1578/37/1301
f 1526/11/1249 1525/13/1248 1582/13/1304
f 1526/11/1249 1582/13/1304 1579/11/1302
f 1523/39/1246 1527/41/1250 1583/41/1305
f 1523/39/1246 1583/41/1305 1581/39/1303
f 1525/13/1248 1528/15/1251 1584/15/1306
f 1525/13/1248 1584/15/1306 1582/13/1304
f 1527/41/1250 1519/43/1242 1522/43/1245
f 1527/41/1250 1522/43/1245 1583/41/1305
f 1528/15/1251 1529/17/1252 1557/17/1280
f 1528/15/1251 1557/17/1280 1584/15/1306
f 1585/2/1307 1586/3/1308 1587/3/1309
f 1585/2/1307 1587/3/1309 1588/2/1310
f 1560/23/1283 1561/25/1284 1589/25/1311
f 1560/23/1283 1589/25/1311 1590/23/1312
f 1553/51/1276 1562/53/1285 1591/53/1313
f 1553/51/1276 1591/53/1313 1554/51/1277
f 1561/25/1284 1563/27/1286 1592/27/1314
f 1561/25/1284 1592/27/1314 1589/25/1311
f 1562/53/1285 1564/55/1287 1593/55/1315
f 1562/53/1285 1593/55/1315 1591/53/1313
f 1563/27/1286 1565/29/1288 1594/29/1316
f 1563/27/1286 1594/29/1316 1592/27/1314
f 1567/2/1290 1566/3/1289 1586/3/1308
f 1567/2/1290 1586/3/1308 1585/2/1307
f 1564/55/1287 1568/57/1291 1595/57/1317
f 1564/55/1287 1595/57/1317 1593/55/1315
f 1565/29/1288 1569/31/1292 1596/31/1318
f 1565/29/1288 1596/31/1318 1594/29/1316
f 1566/3/1289 1570/5/1293 1597/5/1319
f 1566/3/1289 1597/5/1319 1586/3/1308
f 1568/57/1291 1571/59/1294 1598/59/1320
f 1568/57/1291 1598/59/1320 1595/57/1317
f 1569/31/1292 1572/33/1295 1599/33/1321
f 1569/31/1292 1599/33/1321 1596/31/1318
f 1570/5/1293 1573/7/1296 1600/7/1322
f 1570/5/1293 1600/7/1322 1597/5/1319
f 1571/59/1294 1574/61/1297 1601/61/1323
f 1571/59/1294 1601/61/1323 1598/59/1320
f 1572/33/1295 1575/35/1298 1602/35/1324
f 1572/33/1295 1602/35/1324 1599/33/1321
f 1573/7/1296 1576/9/1299 1603/9/1325
f 1573/7/1296 1603/9/1325 1600/7/1322
f 1574/61/1297 1577/63/1300 1604/63/1326
f 1574/61/1297 1604/63/1326 1601/61/1323
f 1575/35/1298 1578/37/1301 1605/37/1327
f 1575/35/1298 1605/37/1327 1602/35/1324
f 1576/9/1299 1579/11/1302 1606/11/1328
f 1576/9/1299 1606/11/1328 1603/9/1325
f 1577/63/1300 1580/65/1290 1607/65/1329
f 1577/63/1300 1607/65/1329 1604/63/1326
f 1578/37/1301 1581/39/1303 1608/39/1330
f 1578/37/1301 1608/39/1330 1605/37/1327
f 1579/11/1302 1582/13/1304 1609/13/1331
f 1579/11/1302 1609/13/1331 1606/11/1328
f 1581/39/1303 1583/41/1305 1610/41/1332
f 1581/39/1303 1610/41/1332 1608/39/1330
f 1582/13/1304 1584/15/1306 1611/15/1333
f 1582/13/1304 1611/15/1333 1609/13/1331
f 1583/41/1305 1522/43/1245 1612/43/1334
f 1583/41/1305 1612/43/1334 1610/41/1332
f 1584/15/1306 1557/17/1280 1613/17/1335
f 1584/15/1306 1613/17/1335 1611/15/1333
f 1522/43/1245 1521/45/1244 1614/45/1336
f 1522/43/1245 1614/45/1336 1612/43/1334
f 1557/17/1280 1556/19/1279 1615/19/1337
f 1557/17/1280 1615/19/1337 1613/17/1335
f 1521/45/1244 1558/47/1281 1616/47/1338
f 1521/45/1244 1616/47/1338 1614/45/1336
f 1556/19/1279 1559/21/1282 1617/21/1339
f 1556/19/1279 1617/21/1339 1615/19/1337
f 1558/47/1281 1552/49/1275 1555/49/1278
f 1558/47/1281 1555/49/1278 1616/47/1338
f 1559/21/1282 1560/23/1283 1590/23/1312
f 1559/21/1282 1590/23/1312 1617/21/1339
f 1618/63/1340 1619/61/1341 1620/61/1342
f 1618/63/1340 1620/61/1342 1621/63/1343
f 1593/55/1315 1595/57/1317 1622/57/1344
f 1593/55/1315 1622/57/1344 1623/55/1345
f 1594/29/1316 1596/31/1318 1624/31/1346
f 1594/29/1316 1624/31/1346 1625/29/1347
f 1586/3/1308 1597/5/1319 1626/5/1348
f 1586/3/1308 1626/5/1348 1587/3/1309
f 1595/57/1317 1598/59/1320 1627/59/1349
f 1595/57/1317 1627/59/1349 1622/57/1344
f 1596/31/1318 1599/33/1321 1628/33/1350
f 1596/31/1318 1628/33/1350 1624/31/1346
f 1597/5/1319 1600/7/1322 1629/7/1351
f 1597/5/1319 1629/7/1351 1626/5/1348
f 1598/59/1320 1601/61/1323 1620/61/1342
f 1598/59/1320 1620/61/1342 1627/59/1349
f 1599/33/1321 1602/35/1324 1630/35/1352
f 1599/33/1321 1630/35/1352 1628/33/1350
f 1600/7/1322 1603/9/1325 1631/9/1353
f 1600/7/1322 1631/9/1353 1629/7/1351
f 1601/61/1323 1604/63/1326 1621/63/1343
f 1601/61/1323 1621/63/1343 1620/61/1342
f 1602/35/1324 1605/37/1327 1632/37/1354
f 1602/35/1324 1632/37/1354 1630/35/1352
f 1603/9/1325 1606/11/1328 1633/11/1355
f 1603/9/1325 1633/11/1355 1631/9/1353
f 1604/63/1326 1607/65/1329 1634/65/1356
f 1604/63/1326 1634/65/1356 1621/63/1343
f 1605/37/1327 1608/39/1330 1635/39/1357
f 1605/37/1327 1635/39/1357 1632/37/1354
f 1606/11/1328 1609/13/1331 1636/13/1358
f 1606/11/1328 1636/13/1358 1633/11/1355
f 1608/39/1330 1610/41/1332 1637/41/1359
f 1608/39/1330 1637/41/1359 1635/39/1357
f 1609/13/1331 1611/15/1333 1638/15/1360
f 1609/13/1331 1638/15/1360 1636/13/1358
f 1610/41/1332 1612/43/1334 1639/43/1361
f 1610/41/1332 1639/43/1361 1637/41/1359
f 1611/15/1333 1613/17/1335 1640/17/1362
f 1611/15/1333 1640/17/1362 1638/15/1360
f 1612/43/1334 1614/45/1336 1641/45/1363
f 1612/43/1334 1641/45/1363 1639/43/1361
f 1613/17/1335 1615/19/1337 1642/19/1364
f 1613/17/1335 1642/19/1364 1640/17/1362
f 1614/45/1336 1616/47/1338 1643/47/1365
f 1614/45/1336 1643/47/1365 1641/45/1363
f 1615/19/1337 1617/21/1339 1644/21/1366
f 1615/19/1337 1644/21/1366 1642/19/1364
f 1616/47/1338 1555/49/1278 1645/49/1367
f 1616/47/1338 1645/49/1367 1643/47/1365
f 1617/21/1339 1590/23/1312 1646/23/1368
f 1617/21/1339 1646/23/1368 1644/21/1366
f 1555/49/1278 1554/51/1277 1647/51/1369
f 1555/49/1278 1647/51/1369 1645/49/1367
f 1590/23/1312 1589/25/1311 1648/25/1370
f 1590/23/1312 1648/25/1370 1646/23/1368
f 1554/51/1277 1591/53/1313 1649/53/1371
f 1554/51/1277 1649/53/1371 1647/51/1369
f 1589/25/1311 1592/27/1314 1650/27/1372
f 1589/25/1311 1650/27/1372 1648/25/1370
f 1591/53/1313 1593/55/1315 1623/55/1345
f 1591/53/1313 1623/55/1345 1649/53/1371
f 1592/27/1314 1594/29/1316 1625/29/1347
f 1592/27/1314 1625/29/1347 1650/27/1372
f 138/25/1373 1651/25/1374 1652/27/1375
f 138/25/1373 1652/27/1375 137/27/1376
f 1653/65/1377 1618/63/1340 1621/63/1343
f 1653/65/1377 1621/63/1343 1634/65/1356
f 145/53/77 1654/53/1378 1655/55/1379
f 145/53/77 1655/55/1379 146/55/1380
f 137/27/1376 1652/27/1375 1656/29/1381
f 137/27/1376 1656/29/1381 147/29/50
f 148/2/51 1657/2/1382 1658/3/1383
f 148/2/51 1658/3/1383 149/3/52
f 146/55/1380 1655/55/1379 1659/57/1384
f 146/55/1380 1659/57/1384 150/57/1385
f 147/29/50 1656/29/1381 1660/31/1386
f 147/29/50 1660/31/1386 151/31/54
f 149/3/52 1658/3/1383 1661/5/1387
f 149/3/52 1661/5/1387 152/5/55
f 150/57/1385 1659/57/1384 1662/59/1388
f 150/57/1385 1662/59/1388 153/59/1389
f 151/31/54 1660/31/1386 1663/33/1390
f 151/31/54 1663/33/1390 154/33/57
f 152/5/55 1661/5/1387 1664/7/1391
f 152/5/55 1664/7/1391 155/7/1392
f 153/59/1389 1662/59/1388 1619/61/1341
f 153/59/1389 1619/61/1341 156/61/1393
f 154/33/57 1663/33/1390 1665/35/1394
f 154/33/57 1665/35/1394 157/35/1395
f 155/7/1392 1664/7/1391 1666/9/1396
f 155/7/1392 1666/9/1396 158/9/95
f 156/61/1393 1619/61/1341 1618/63/1340
f 156/61/1393 1618/63/1340 159/63/1397
f 157/35/1395 1665/35/1394 1667/37/1398
f 157/35/1395 1667/37/1398 160/37/1399
f 158/9/95 1666/9/1396 1668/11/1400
f 158/9/95 1668/11/1400 161/11/101
f 159/63/1397 1618/63/1340 1653/65/1377
f 159/63/1397 1653/65/1377 162/65/1401
f 160/37/1399 1667/37/1398 1669/39/1402
f 160/37/1399 1669/39/1402 163/39/1403
f 161/11/101 1668/11/1400 1670/13/1404
f 161/11/101 1670/13/1404 164/13/107
f 163/39/1403 1669/39/1402 1671/41/1405
f 163/39/1403 1671/41/1405 165/41/1406
f 164/13/107 1670/13/1404 1672/15/1407
f 164/13/107 1672/15/1407 166/15/69
f 165/41/1406 1671/41/1405 1673/43/1408
f 165/41/1406 1673/43/1408 167/43/1409
f 166/15/69 1672/15/1407 1674/17/1410
f 166/15/69 1674/17/1410 168/17/71
f 167/43/1409 1673/43/1408 1675/45/1411
f 167/43/1409 1675/45/1411 169/45/72
f 168/17/71 1674/17/1410 1676/19/1412
f 168/17/71 1676/19/1412 106/19/36
f 169/45/72 1675/45/1411 1677/47/1413
f 169/45/72 1677/47/1413 141/47/117
f 106/19/36 1676/19/1412 1678/21/1414
f 106/19/36 1678/21/1414 107/21/37
f 141/47/117 1677/47/1413 1679/49/1415
f 141/47/117 1679/49/1415 142/49/120
f 107/21/37 1678/21/1414 1680/23/1416
f 107/21/37 1680/23/1416 143/23/122
f 142/49/120 1679/49/1415 1681/51/1417
f 142/49/120 1681/51/1417 144/51/124
f 143/23/122 1680/23/1416 1651/25/1374
f 143/23/122 1651/25/1374 138/25/1373
f 144/51/124 1681/51/1417 1654/53/1378
f 144/51/124 1654/53/1378 145/53/77
f 1619/61/1341 1662/59/1388 1627/59/1349
f 1619/61/1341 1627/59/1349 1620/61/1342
f 1662/59/1388 1659/57/1384 1622/57/1344
f 1662/59/1388 1622/57/1344 1627/59/1349
f 1659/57/1384 1655/55/1379 1623/55/1345
f 1659/57/1384 1623/55/1345 1622/57/1344
f 1655/55/1379 1654/53/1378 1649/53/1371
f 1655/55/1379 1649/53/1371 1623/55/1345
f 1654/53/1378 1681/51/1417 1647/51/1369
f 1654/53/1378 1647/51/1369 1649/53/1371
f 1681/51/1417 1679/49/1415 1645/49/1367
f 1681/51/1417 1645/49/1367 1647/51/1369
f 1679/49/1415 1677/47/1413 1643/47/1365
f 1679/49/1415 1643/47/1365 1645/49/1367
f 1677/47/1413 1675/45/1411 1641/45/1363
f 1677/47/1413 1641/45/1363 1643/47/1365
f 1675/45/1411 1673/43/1408 1639/43/1361
f 1675/45/1411 1639/43/1361 1641/45/1363
f 1673/43/1408 1671/41/1405 1637/41/1359
f 1673/43/1408 1637/41/1359 1639/43/1361
f 1671/41/1405 1669/39/1402 1635/39/1357
f 1671/41/1405 1635/39/1357 1637/41/1359
f 1669/39/1402 1667/37/1398 1632/37/1354
f 1669/39/1402 1632/37/1354 1635/39/1357
f 1667/37/1398 1665/35/1394 1630/35/1352
f 1667/37/1398 1630/35/1352 1632/37/1354
f 1665/35/1394 1663/33/1390 1628/33/1350
f 1665/35/1394 1628/33/1350 1630/35/1352
f 1663/33/1390 1660/31/1386 1624/31/1346
f 1663/33/1390 1624/31/1346 1628/33/1350
f 1660/31/1386 1656/29/1381 1625/29/1347
f 1660/31/1386 1625/29/1347 1624/31/1346
f 1656/29/1381 1652/27/1375 1650/27/1372
f 1656/29/1381 1650/27/1372 1625/29/1347
f 1652/27/1375 1651/25/1374 1648/25/1370
f 1652/27/1375 1648/25/1370 1650/27/1372
f 1651/25/1374 1680/23/1416 1646/23/1368
f 1651/25/1374 1646/23/1368 1648/25/1370
f 1680/23/1416 1678/21/1414 1644/21/1366
f 1680/23/1416 1644/21/1366 1646/23/1368
f 1678/21/1414 1676/19/1412 1642/19/1364
f 1678/21/1414 1642/19/1364 1644/21/1366
f 1676/19/1412 1674/17/1410 1640/17/1362
f 1676/19/1412 1640/17/1362 1642/19/1364
f 1674/17/1410 1672/15/1407 1638/15/1360
f 1674/17/1410 1638/15/1360 1640/17/1362
f 1672/15/1407 1670/13/1404 1636/13/1358
f 1672/15/1407 1636/13/1358 1638/15/1360
f 1670/13/1404 1668/11/1400 1633/11/1355
f 1670/13/1404 1633/11/1355 1636/13/1358
f 1668/11/1400 1666/9/1396 1631/9/1353
f 1668/11/1400 1631/9/1353 1633/11/1355
f 1666/9/1396 1664/7/1391 1629/7/1351
f 1666/9/1396 1629/7/1351 1631/9/1353
f 1664/7/1391 1661/5/1387 1626/5/1348
f 1664/7/1391 1626/5/1348 1629/7/1351
f 1661/5/1387 1658/3/1383 1587/3/1309
f 1661/5/1387 1587/3/1309 1626/5/1348
f 1658/3/1383 1657/2/1382 1588/2/1310
f 1658/3/1383 1588/2/1310 1587/3/1309
s 5
f 1682/8/1418 1683/7/1419 1684/9/1420
f 1682/8/1418 1684/9/1420 1685/10/1421
s 6
f 1686/7/4 1687/5/3 1688/5/3
f 1686/7/4 1688/5/3 1689/7/4
s 7
f 1690/1/1422 1691/2/1 1692/3/2
f 1690/1/1422 1692/3/2 1693/4/1423
s 5
f 1694/14/1424 1695/16/1425 1696/16/1426
f 1694/14/1424 1696/16/1426 1697/14/1427
s 6
f 1698/23/12 1699/21/11 1700/21/11
f 1698/23/12 1700/21/11 1701/23/12
s 7
f 1693/4/1423 1692/3/2 1702/5/3
f 1693/4/1423 1702/5/3 1703/6/1428
s 5
f 1704/12/1429 1705/11/1430 1706/13/1431
f 1704/12/1429 1706/13/1431 1694/14/1424
s 6
f 1707/39/20 1708/37/19 1709/37/19
f 1707/39/20 1709/37/19 1710/39/20
s 7
f 1703/6/1428 1702/5/3 1711/7/4
f 1703/6/1428 1711/7/4 1712/8/1432
s 5
f 1694/14/1424 1706/13/1431 1713/15/1433
f 1694/14/1424 1713/15/1433 1695/16/1425
s 6
f 1714/55/28 1715/53/27 1716/53/27
f 1714/55/28 1716/53/27 1717/55/28
s 7
f 1712/8/1432 1711/7/4 1718/9/5
f 1712/8/1432 1718/9/5 1719/10/1434
s 5
f 1695/16/1425 1713/15/1433 1720/17/1435
f 1695/16/1425 1720/17/1435 1721/18/1436
s 6
f 1722/59/30 1723/57/29 1724/57/29
f 1722/59/30 1724/57/29 1725/59/30
s 7
f 1719/10/1434 1718/9/5 1726/11/6
f 1719/10/1434 1726/11/6 1727/12/1437
s 5
f 1721/18/1436 1720/17/1435 1728/19/1438
f 1721/18/1436 1728/19/1438 1729/20/1439
s 6
f 1730/65/33 1731/63/32 1732/63/32
f 1730/65/33 1732/63/32 1733/65/33
s 7
f 1727/12/1437 1726/11/6 1734/13/7
f 1727/12/1437 1734/13/7 1735/14/1440
s 5
f 1729/20/1439 1728/19/1438 1736/21/1441
f 1729/20/1439 1736/21/1441 1737/22/1442
s 6
f 1738/17/9 1739/15/8 1740/15/8
f 1738/17/9 1740/15/8 1741/17/9
s 7
f 1735/14/1440 1734/13/7 1742/15/8
f 1735/14/1440 1742/15/8 1743/16/1443
s 5
f 1737/22/1442 1736/21/1441 1744/23/1444
f 1737/22/1442 1744/23/1444 1745/24/1445
s 6
f 1746/33/17 1747/31/16 1748/31/16
f 1746/33/17 1748/31/16 1749/33/17
s 7
f 1743/16/1443 1742/15/8 1750/17/9
f 1743/16/1443 1750/17/9 1751/18/1446
s 5
f 1745/24/1445 1744/23/1444 1752/25/1447
f 1745/24/1445 1752/25/1447 1753/26/1448
s 6
f 1754/49/25 1755/47/24 1756/47/24
f 1754/49/25 1756/47/24 1757/49/25
s 7
f 1751/18/1446 1750/17/9 1758/19/10
f 1751/18/1446 1758/19/10 1759/20/1449
s 5
f 1753/26/1448 1752/25/1447 1760/27/1450
f 1753/26/1448 1760/27/1450 1761/28/1451
s 6
f 1762/11/6 1763/9/5 1764/9/5
f 1762/11/6 1764/9/5 1765/11/6
s 7
f 1759/20/1449 1758/19/10 1766/21/11
f 1759/20/1449 1766/21/11 1767/22/1452
s 5
f 1761/28/1451 1760/27/1450 1768/29/1453
f 1761/28/1451 1768/29/1453 1769/30/1454
s 6
f 1770/27/14 1771/25/13 1772/25/13
f 1770/27/14 1772/25/13 1773/27/14
s 7
f 1767/22/1452 1766/21/11 1774/23/12
f 1767/22/1452 1774/23/12 1775/24/1455
s 5
f 1769/30/1454 1768/29/1453 1776/31/1456
f 1769/30/1454 1776/31/1456 1777/32/1457
s 6
f 1778/43/22 1779/41/21 1780/41/21
f 1778/43/22 1780/41/21 1781/43/22
s 7
f 1775/24/1455 1774/23/12 1782/25/13
f 1775/24/1455 1782/25/13 1783/26/1458
s 5
f 1777/32/1457 1776/31/1456 1784/33/1459
f 1777/32/1457 1784/33/1459 1785/34/1460
s 6
f 1731/63/32 1786/61/31 1787/61/31
f 1731/63/32 1787/61/31 1732/63/32
s 7
f 1783/26/1458 1782/25/13 1788/27/14
f 1783/26/1458 1788/27/14 1789/28/1461
s 5
f 1785/34/1460 1784/33/1459 1790/35/1462
f 1785/34/1460 1790/35/1462 1791/36/1463
s 6
f 1687/5/3 1792/3/2 1793/3/2
f 1687/5/3 1793/3/2 1688/5/3
s 7
f 1789/28/1461 1788/27/14 1794/29/15
f 1789/28/1461 1794/29/15 1795/30/1464
s 5
f 1791/36/1463 1790/35/1462 1796/37/1465
f 1791/36/1463 1796/37/1465 1797/38/1466
s 6
f 1699/21/11 1798/19/10 1799/19/10
f 1699/21/11 1799/19/10 1700/21/11
s 7
f 1795/30/1464 1794/29/15 1800/31/16
f 1795/30/1464 1800/31/16 1801/32/1467
s 5
f 1797/38/1466 1796/37/1465 1802/39/1468
f 1797/38/1466 1802/39/1468 1803/40/1469
s 6
f 1708/37/19 1804/35/18 1805/35/18
f 1708/37/19 1805/35/18 1709/37/19
s 7
f 1801/32/1467 1800/31/16 1806/33/17
f 1801/32/1467 1806/33/17 1807/34/1470
s 5
f 1803/40/1469 1802/39/1468 1808/41/1471
f 1803/40/1469 1808/41/1471 1809/42/1472
s 6
f 1715/53/27 1810/51/26 1811/51/26
f 1715/53/27 1811/51/26 1716/53/27
s 7
f 1807/34/1470 1806/33/17 1812/35/18
f 1807/34/1470 1812/35/18 1813/36/1473
s 5
f 1809/42/1472 1808/41/1471 1814/43/1474
f 1809/42/1472 1814/43/1474 1815/44/1475
s 6
f 1723/57/29 1714/55/28 1717/55/28
f 1723/57/29 1717/55/28 1724/57/29
s 7
f 1813/36/1473 1812/35/18 1816/37/19
f 1813/36/1473 1816/37/19 1817/38/1476
s 5
f 1815/44/1475 1814/43/1474 1818/45/1477
f 1815/44/1475 1818/45/1477 1819/46/1478
s 6
f 1739/15/8 1820/13/7 1821/13/7
f 1739/15/8 1821/13/7 1740/15/8
s 7
f 1817/38/1476 1816/37/19 1822/39/20
f 1817/38/1476 1822/39/20 1823/40/1479
s 5
f 1819/46/1478 1818/45/1477 1824/47/1480
f 1819/46/1478 1824/47/1480 1825/48/1481
s 6
f 1747/31/16 1826/29/15 1827/29/15
f 1747/31/16 1827/29/15 1748/31/16
s 7
f 1823/40/1479 1822/39/20 1828/41/21
f 1823/40/1479 1828/41/21 1829/42/1482
s 5
f 1825/48/1481 1824/47/1480 1830/49/1483
f 1825/48/1481 1830/49/1483 1831/50/1484
s 6
f 1755/47/24 1832/45/23 1833/45/23
f 1755/47/24 1833/45/23 1756/47/24
s 7
f 1829/42/1482 1828/41/21 1834/43/22
f 1829/42/1482 1834/43/22 1835/44/1485
s 5
f 1831/50/1484 1830/49/1483 1836/51/1486
f 1831/50/1484 1836/51/1486 1837/52/1487
s 6
f 1763/9/5 1686/7/4 1689/7/4
f 1763/9/5 1689/7/4 1764/9/5
s 7
f 1835/44/1485 1834/43/22 1838/45/23
f 1835/44/1485 1838/45/23 1839/46/1488
s 5
f 1837/52/1487 1836/51/1486 1840/53/1489
f 1837/52/1487 1840/53/1489 1841/54/1490
s 6
f 1771/25/13 1698/23/12 1701/23/12
f 1771/25/13 1701/23/12 1772/25/13
s 7
f 1839/46/1488 1838/45/23 1842/47/24
f 1839/46/1488 1842/47/24 1843/48/1491
s 5
f 1841/54/1490 1840/53/1489 1844/55/1492
f 1841/54/1490 1844/55/1492 1845/56/1493
s 6
f 1779/41/21 1707/39/20 1710/39/20
f 1779/41/21 1710/39/20 1780/41/21
s 7
f 1843/48/1491 1842/47/24 1846/49/25
f 1843/48/1491 1846/49/25 1847/50/1494
s 5
f 1845/56/1493 1844/55/1492 1848/57/1495
f 1845/56/1493 1848/57/1495 1849/58/1496
s 6
f 1786/61/31 1722/59/30 1725/59/30
f 1786/61/31 1725/59/30 1787/61/31
s 7
f 1847/50/1494 1846/49/25 1850/51/26
f 1847/50/1494 1850/51/26 1851/52/1497
s 5
f 1849/58/1496 1848/57/1495 1852/59/1498
f 1849/58/1496 1852/59/1498 1853/60/1499
s 6
f 1798/19/10 1738/17/9 1741/17/9
f 1798/19/10 1741/17/9 1799/19/10
s 7
f 1851/52/1497 1850/51/26 1854/53/27
f 1851/52/1497 1854/53/27 1855/54/1500
s 5
f 1853/60/1499 1852/59/1498 1856/61/1501
f 1853/60/1499 1856/61/1501 1857/62/1502
s 6
f 1804/35/18 1746/33/17 1749/33/17
f 1804/35/18 1749/33/17 1805/35/18
s 7
f 1855/54/1500 1854/53/27 1858/55/28
f 1855/54/1500 1858/55/28 1859/56/1503
s 5
f 1860/46/1504 1861/48/1505 1824/47/1480
f 1860/46/1504 1824/47/1480 1818/45/1477
s 6
f 1810/51/26 1754/49/25 1757/49/25
f 1810/51/26 1757/49/25 1811/51/26
s 7
f 1859/56/1503 1858/55/28 1862/57/29
f 1859/56/1503 1862/57/29 1863/58/1506
s 6
f 1792/3/2 1864/2/1 1865/2/1
f 1792/3/2 1865/2/1 1793/3/2
f 1820/13/7 1762/11/6 1765/11/6
f 1820/13/7 1765/11/6 1821/13/7
s 7
f 1863/58/1506 1862/57/29 1866/59/30
f 1863/58/1506 1866/59/30 1867/60/1507
s 6
f 1826/29/15 1770/27/14 1773/27/14
f 1826/29/15 1773/27/14 1827/29/15
f 1688/5/3 1793/3/2 1868/3/1508
f 1688/5/3 1868/3/1508 1869/5/1509
s 7
f 1867/60/1507 1866/59/30 1870/61/31
f 1867/60/1507 1870/61/31 1871/62/1510
f 1838/45/23 1834/43/22 1872/43/22
f 1838/45/23 1872/43/22 1873/45/23
s 6
f 1874/32/1467 1875/34/1470 1876/34/1511
f 1874/32/1467 1876/34/1511 1877/32/1512
s 7
f 1871/62/1510 1870/61/31 1878/63/32
f 1871/62/1510 1878/63/32 1879/64/1513
s 5
f 1685/10/1421 1684/9/1420 1705/11/1430
f 1685/10/1421 1705/11/1430 1704/12/1429
s 6
f 1880/64/1513 1731/63/32 1730/65/33
f 1880/64/1513 1730/65/33 1881/66/1514
s 7
f 1879/64/1513 1878/63/32 1882/65/33
f 1879/64/1513 1882/65/33 1883/66/1514
f 1801/32/1467 1807/34/1470 1884/34/1511
f 1801/32/1467 1884/34/1511 1885/32/1512
s 5
f 1886/6/1515 1887/5/1516 1683/7/1419
f 1886/6/1515 1683/7/1419 1682/8/1418
f 1888/64/1517 1889/63/1518 1890/65/1519
f 1888/64/1517 1890/65/1519 1891/66/33
f 1892/4/1520 1893/3/1521 1887/5/1516
f 1892/4/1520 1887/5/1516 1886/6/1515
f 1894/1/1522 1895/2/1523 1893/3/1521
f 1894/1/1522 1893/3/1521 1892/4/1520
f 1857/62/1502 1856/61/1501 1889/63/1518
f 1857/62/1502 1889/63/1518 1888/64/1517
s 8
f 1896/8/1524 1897/7/4 1898/9/5
f 1896/8/1524 1898/9/5 1899/10/1525
f 1900/16/1526 1901/18/1527 1902/18/1528
f 1900/16/1526 1902/18/1528 1903/16/1529
f 1904/12/1530 1905/11/6 1906/13/7
f 1904/12/1530 1906/13/7 1907/14/1531
f 1907/14/1531 1906/13/7 1908/15/8
f 1907/14/1531 1908/15/8 1900/16/1526
f 1900/16/1526 1908/15/8 1909/17/9
f 1900/16/1526 1909/17/9 1901/18/1527
f 1901/18/1527 1909/17/9 1910/19/10
f 1901/18/1527 1910/19/10 1911/20/1532
f 1911/20/1532 1910/19/10 1912/21/11
f 1911/20/1532 1912/21/11 1913/22/1533
f 1913/22/1533 1912/21/11 1914/23/12
f 1913/22/1533 1914/23/12 1915/24/1534
f 1915/24/1534 1914/23/12 1916/25/13
f 1915/24/1534 1916/25/13 1917/26/1535
f 1917/26/1535 1916/25/13 1918/27/14
f 1917/26/1535 1918/27/14 1919/28/1536
f 1919/28/1536 1918/27/14 1920/29/15
f 1919/28/1536 1920/29/15 1921/30/1537
f 1921/30/1537 1920/29/15 1922/31/16
f 1921/30/1537 1922/31/16 1923/32/1538
f 1923/32/1538 1922/31/16 1924/33/17
f 1923/32/1538 1924/33/17 1925/34/17
f 1925/34/17 1924/33/17 1926/35/18
f 1925/34/17 1926/35/18 1927/36/1539
f 1927/36/1539 1926/35/18 1928/37/19
f 1927/36/1539 1928/37/19 1929/38/1540
f 1929/38/1540 1928/37/19 1930/39/20
f 1929/38/1540 1930/39/20 1931/40/1541
f 1931/40/1541 1930/39/20 1932/41/21
f 1931/40/1541 1932/41/21 1933/42/1542
f 1933/42/1542 1932/41/21 1934/43/22
f 1933/42/1542 1934/43/22 1935/44/1543
f 1935/44/1543 1934/43/22 1936/45/23
f 1935/44/1543 1936/45/23 1937/46/1544
f 1937/46/1544 1936/45/23 1938/47/24
f 1937/46/1544 1938/47/24 1939/48/1545
f 1939/48/1545 1938/47/24 1940/49/25
f 1939/48/1545 1940/49/25 1941/50/1546
f 1941/50/1546 1940/49/25 1942/51/26
f 1941/50/1546 1942/51/26 1943/52/1547
f 1943/52/1547 1942/51/26 1944/53/27
f 1943/52/1547 1944/53/27 1945/54/1548
f 1945/54/1548 1944/53/27 1946/55/28
f 1945/54/1548 1946/55/28 1947/56/1549
f 1947/56/1549 1946/55/28 1948/57/29
f 1947/56/1549 1948/57/29 1949/58/1550
f 1949/58/1550 1948/57/29 1950/59/30
f 1949/58/1550 1950/59/30 1951/60/1551
f 1951/60/1551 1950/59/30 1952/61/31
f 1951/60/1551 1952/61/31 1953/62/1552
f 1910/19/10 1909/17/9 1954/17/1553
f 1910/19/10 1954/17/1553 1955/19/1554
f 1899/10/1525 1898/9/5 1905/11/6
f 1899/10/1525 1905/11/6 1904/12/1530
f 1956/6/1555 1957/5/3 1897/7/4
f 1956/6/1555 1897/7/4 1896/8/1524
f 1958/64/1556 1959/63/32 1960/65/33
f 1958/64/1556 1960/65/33 1961/66/33
f 1962/4/1557 1963/3/2 1957/5/3
f 1962/4/1557 1957/5/3 1956/6/1555
f 1964/1/1 1965/2/1 1963/3/2
f 1964/1/1 1963/3/2 1962/4/1557
f 1953/62/1552 1952/61/31 1959/63/32
f 1953/62/1552 1959/63/32 1958/64/1556
s 9
f 1966/8/4 1967/7/1558 1968/9/1559
f 1966/8/4 1968/9/1559 1969/10/5
f 1966/8/4 1969/10/5 1970/10/1560
f 1966/8/4 1970/10/1560 1971/8/1561
f 1972/12/6 1973/11/1562 1974/13/1563
f 1972/12/6 1974/13/1563 1975/14/7
f 1975/14/7 1974/13/1563 1976/15/1564
f 1975/14/7 1976/15/1564 1977/16/8
f 1977/16/8 1976/15/1564 1978/17/1565
f 1977/16/8 1978/17/1565 1979/18/9
f 1979/18/9 1978/17/1565 1980/19/1566
f 1979/18/9 1980/19/1566 1981/20/10
f 1981/20/10 1980/19/1566 1982/21/1567
f 1981/20/10 1982/21/1567 1983/22/11
f 1983/22/11 1982/21/1567 1984/23/1568
f 1983/22/11 1984/23/1568 1985/24/12
f 1985/24/12 1984/23/1568 1986/25/1569
f 1985/24/12 1986/25/1569 1987/26/13
f 1987/26/13 1986/25/1569 1988/27/1570
f 1987/26/13 1988/27/1570 1989/28/14
f 1989/28/14 1988/27/1570 1990/29/1571
f 1989/28/14 1990/29/1571 1991/30/15
f 1991/30/15 1990/29/1571 1992/31/1572
f 1991/30/15 1992/31/1572 1993/32/16
f 1993/32/16 1992/31/1572 1994/33/1573
f 1993/32/16 1994/33/1573 1995/34/17
f 1995/34/17 1994/33/1573 1996/35/1574
f 1995/34/17 1996/35/1574 1997/36/18
f 1997/36/18 1996/35/1574 1998/37/1575
f 1997/36/18 1998/37/1575 1999/38/19
f 1999/38/19 1998/37/1575 2000/39/1576
f 1999/38/19 2000/39/1576 2001/40/20
f 2001/40/20 2000/39/1576 2002/41/1577
f 2001/40/20 2002/41/1577 2003/42/21
f 2003/42/21 2002/41/1577 2004/43/1578
f 2003/42/21 2004/43/1578 2005/44/22
f 2005/44/22 2004/43/1578 2006/45/1579
f 2005/44/22 2006/45/1579 2007/46/23
f 2007/46/23 2006/45/1579 2008/47/1580
f 2007/46/23 2008/47/1580 2009/48/24
f 2009/48/24 2008/47/1580 2010/49/1581
f 2009/48/24 2010/49/1581 2011/50/25
f 2011/50/25 2010/49/1581 2012/51/1582
f 2011/50/25 2012/51/1582 2013/52/26
f 2013/52/26 2012/51/1582 2014/53/1583
f 2013/52/26 2014/53/1583 2015/54/27
f 2015/54/27 2014/53/1583 2016/55/1584
f 2015/54/27 2016/55/1584 2017/56/28
f 2017/56/28 2016/55/1584 2018/57/1585
f 2017/56/28 2018/57/1585 2019/58/29
f 2019/58/29 2018/57/1585 2020/59/1586
f 2019/58/29 2020/59/1586 2021/60/30
f 2021/60/30 2020/59/1586 2022/61/1587
f 2021/60/30 2022/61/1587 2023/62/31
f 1978/17/1565 1976/15/1564 2024/15/1588
f 1978/17/1565 2024/15/1588 2025/17/1589
f 1969/10/5 1968/9/1559 1973/11/1562
f 1969/10/5 1973/11/1562 1972/12/6
f 2026/6/3 2027/5/1590 1967/7/1558
f 2026/6/3 1967/7/1558 1966/8/4
f 2028/64/32 2029/63/1591 2030/65/1592
f 2028/64/32 2030/65/1592 2031/66/33
f 2032/4/2 2033/3/1593 2027/5/1590
f 2032/4/2 2027/5/1590 2026/6/3
f 2034/1/1 2035/2/1594 2033/3/1593
f 2034/1/1 2033/3/1593 2032/4/2
f 2023/62/31 2022/61/1587 2029/63/1591
f 2023/62/31 2029/63/1591 2028/64/32
s 10
f 2036/8/1595 2037/7/4 2038/9/5
f 2036/8/1595 2038/9/5 2039/10/1596
f 2040/14/1597 2041/16/1598 2042/16/1599
f 2040/14/1597 2042/16/1599 2043/14/1600
f 2044/12/1601 2045/11/6 2046/13/7
f 2044/12/1601 2046/13/7 2040/14/1597
f 2040/14/1597 2046/13/7 2047/15/8
f 2040/14/1597 2047/15/8 2041/16/1598
f 2041/16/1598 2047/15/8 2048/17/9
f 2041/16/1598 2048/17/9 2049/18/1602
f 2049/18/1602 2048/17/9 2050/19/10
f 2049/18/1602 2050/19/10 2051/20/1603
f 2051/20/1603 2050/19/10 2052/21/11
f 2051/20/1603 2052/21/11 2053/22/1604
f 2053/22/1604 2052/21/11 2054/23/12
f 2053/22/1604 2054/23/12 2055/24/1605
f 2055/24/1605 2054/23/12 2056/25/13
f 2055/24/1605 2056/25/13 2057/26/1606
f 2057/26/1606 2056/25/13 2058/27/14
f 2057/26/1606 2058/27/14 2059/28/1607
f 2059/28/1607 2058/27/14 2060/29/15
f 2059/28/1607 2060/29/15 2061/30/15
f 2061/30/15 2060/29/15 2062/31/16
f 2061/30/15 2062/31/16 2063/32/1608
f 2063/32/1608 2062/31/16 2064/33/17
f 2063/32/1608 2064/33/17 2065/34/17
f 2065/34/17 2064/33/17 2066/35/18
f 2065/34/17 2066/35/18 2067/36/1609
f 2067/36/1609 2066/35/18 2068/37/19
f 2067/36/1609 2068/37/19 2069/38/1610
f 2069/38/1610 2068/37/19 2070/39/20
f 2069/38/1610 2070/39/20 2071/40/1611
f 2071/40/1611 2070/39/20 2072/41/21
f 2071/40/1611 2072/41/21 2073/42/1612
f 2073/42/1612 2072/41/21 2074/43/22
f 2073/42/1612 2074/43/22 2075/44/1613
f 2075/44/1613 2074/43/22 2076/45/23
f 2075/44/1613 2076/45/23 2077/46/1614
f 2077/46/1614 2076/45/23 2078/47/24
f 2077/46/1614 2078/47/24 2079/48/1615
f 2079/48/1615 2078/47/24 2080/49/25
f 2079/48/1615 2080/49/25 2081/50/1616
f 2081/50/1616 2080/49/25 2082/51/26
f 2081/50/1616 2082/51/26 2083/52/1617
f 2083/52/1617 2082/51/26 2084/53/27
f 2083/52/1617 2084/53/27 2085/54/1618
f 2085/54/1618 2084/53/27 2086/55/28
f 2085/54/1618 2086/55/28 2087/56/1619
f 2087/56/1619 2086/55/28 2088/57/29
f 2087/56/1619 2088/57/29 2089/58/1620
f 2089/58/1620 2088/57/29 2090/59/30
f 2089/58/1620 2090/59/30 2091/60/1621
f 2091/60/1621 2090/59/30 2092/61/31
f 2091/60/1621 2092/61/31 2093/62/31
f 2062/31/16 2060/29/15 2094/29/15
f 2062/31/16 2094/29/15 2095/31/16
f 2039/10/1596 2038/9/5 2045/11/6
f 2039/10/1596 2045/11/6 2044/12/1601
f 2096/6/1622 2097/5/3 2037/7/4
f 2096/6/1622 2037/7/4 2036/8/1595
f 2098/64/1623 2099/63/32 2100/65/33
f 2098/64/1623 2100/65/33 2101/66/33
f 2102/4/1624 2103/3/2 2097/5/3
f 2102/4/1624 2097/5/3 2096/6/1622
f 2104/1/1522 2105/2/1 2103/3/2
f 2104/1/1522 2103/3/2 2102/4/1624
f 2093/62/31 2092/61/31 2099/63/32
f 2093/62/31 2099/63/32 2098/64/1623
s 7
f 2106/5/3 2107/3/2 2108/3/1508
f 2106/5/3 2108/3/1508 2109/5/1625
f 1794/29/15 1788/27/14 2110/27/14
f 1794/29/15 2110/27/14 2111/29/15
f 1734/13/7 1726/11/6 2112/11/6
f 1734/13/7 2112/11/6 2113/13/7
f 1692/3/2 1691/2/1 2114/2/1
f 1692/3/2 2114/2/1 2107/3/2
f 1850/51/26 1846/49/25 2115/49/25
f 1850/51/26 2115/49/25 2116/51/26
f 1812/35/18 1806/33/17 2117/33/17
f 1812/35/18 2117/33/17 2118/35/18
f 1758/19/10 1750/17/9 2119/17/9
f 1758/19/10 2119/17/9 2120/19/10
f 1870/61/31 1866/59/30 2121/59/30
f 1870/61/31 2121/59/30 2122/61/31
f 1828/41/21 1822/39/20 2123/39/20
f 1828/41/21 2123/39/20 2124/41/21
f 1782/25/13 1774/23/12 2125/23/12
f 1782/25/13 2125/23/12 2126/25/13
f 1718/9/5 1711/7/4 2127/7/4
f 1718/9/5 2127/7/4 2128/9/5
f 1842/47/24 1838/45/23 1873/45/23
f 1842/47/24 1873/45/23 2129/47/24
f 1800/31/16 1794/29/15 2111/29/15
f 1800/31/16 2111/29/15 2130/31/16
f 1742/15/8 1734/13/7 2113/13/7
f 1742/15/8 2113/13/7 2131/15/8
f 1862/57/29 1858/55/28 2132/55/28
f 1862/57/29 2132/55/28 2133/57/29
f 1854/53/27 1850/51/26 2116/51/26
f 1854/53/27 2116/51/26 2134/53/27
f 1816/37/19 1812/35/18 2118/35/18
f 1816/37/19 2118/35/18 2135/37/19
f 1766/21/11 1758/19/10 2120/19/10
f 1766/21/11 2120/19/10 2136/21/11
f 1702/5/3 1692/3/2 2107/3/2
f 1702/5/3 2107/3/2 2106/5/3
f 1878/63/32 1870/61/31 2122/61/31
f 1878/63/32 2122/61/31 2137/63/32
f 1834/43/22 1828/41/21 2124/41/21
f 1834/43/22 2124/41/21 1872/43/22
f 1788/27/14 1782/25/13 2126/25/13
f 1788/27/14 2126/25/13 2110/27/14
f 1726/11/6 1718/9/5 2128/9/5
f 1726/11/6 2128/9/5 2112/11/6
f 1846/49/25 1842/47/24 2129/47/24
f 1846/49/25 2129/47/24 2115/49/25
f 1806/33/17 1800/31/16 2130/31/16
f 1806/33/17 2130/31/16 2117/33/17
f 1750/17/9 1742/15/8 2131/15/8
f 1750/17/9 2131/15/8 2119/17/9
f 1882/65/33 1878/63/32 2137/63/32
f 1882/65/33 2137/63/32 2138/65/829
f 1866/59/30 1862/57/29 2133/57/29
f 1866/59/30 2133/57/29 2121/59/30
f 1858/55/28 1854/53/27 2134/53/27
f 1858/55/28 2134/53/27 2132/55/28
f 1822/39/20 1816/37/19 2135/37/19
f 1822/39/20 2135/37/19 2123/39/20
f 1774/23/12 1766/21/11 2136/21/11
f 1774/23/12 2136/21/11 2125/23/12
f 1711/7/4 1702/5/3 2106/5/3
f 1711/7/4 2106/5/3 2127/7/4
f 2139/11/1626 2140/9/1627 2141/9/1628
f 2139/11/1626 2141/9/1628 2142/11/1629
f 2121/59/30 2133/57/29 2143/57/1630
f 2121/59/30 2143/57/1630 2144/59/1631
f 2117/33/17 2130/31/16 2145/31/1632
f 2117/33/17 2145/31/1632 2146/33/1633
f 2127/7/4 2106/5/3 2109/5/1625
f 2127/7/4 2109/5/1625 2147/7/1634
f 2122/61/31 2121/59/30 2144/59/1631
f 2122/61/31 2144/59/1631 2148/61/1635
f 2118/35/18 2117/33/17 2146/33/1633
f 2118/35/18 2146/33/1633 2149/35/1636
f 2128/9/5 2127/7/4 2147/7/1634
f 2128/9/5 2147/7/1634 2140/9/1627
f 2137/63/32 2122/61/31 2148/61/1635
f 2137/63/32 2148/61/1635 2150/63/1637
f 2135/37/19 2118/35/18 2149/35/1636
f 2135/37/19 2149/35/1636 2151/37/1638
f 2112/11/6 2128/9/5 2140/9/1627
f 2112/11/6 2140/9/1627 2139/11/1626
f 2138/65/829 2137/63/32 2150/63/1637
f 2138/65/829 2150/63/1637 2152/65/1639
f 2123/39/20 2135/37/19 2151/37/1638
f 2123/39/20 2151/37/1638 2153/39/1640
f 2113/13/7 2112/11/6 2139/11/1626
f 2113/13/7 2139/11/1626 2154/13/1641
f 2124/41/21 2123/39/20 2153/39/1640
f 2124/41/21 2153/39/1640 2155/41/1642
f 2131/15/8 2113/13/7 2154/13/1641
f 2131/15/8 2154/13/1641 2156/15/1643
f 1872/43/22 2124/41/21 2155/41/1642
f 1872/43/22 2155/41/1642 2157/43/1644
f 2119/17/9 2131/15/8 2156/15/1643
f 2119/17/9 2156/15/1643 2158/17/1645
f 1873/45/23 1872/43/22 2157/43/1644
f 1873/45/23 2157/43/1644 2159/45/1646
f 2120/19/10 2119/17/9 2158/17/1645
f 2120/19/10 2158/17/1645 2160/19/1647
f 2129/47/24 1873/45/23 2159/45/1646
f 2129/47/24 2159/45/1646 2161/47/1648
f 2136/21/11 2120/19/10 2160/19/1647
f 2136/21/11 2160/19/1647 2162/21/1649
f 2115/49/25 2129/47/24 2161/47/1648
f 2115/49/25 2161/47/1648 2163/49/1650
f 2125/23/12 2136/21/11 2162/21/1649
f 2125/23/12 2162/21/1649 2164/23/1651
f 2116/51/26 2115/49/25 2163/49/1650
f 2116/51/26 2163/49/1650 2165/51/1652
f 2126/25/13 2125/23/12 2164/23/1651
f 2126/25/13 2164/23/1651 2166/25/1653
f 2134/53/27 2116/51/26 2165/51/1652
f 2134/53/27 2165/51/1652 2167/53/1654
f 2110/27/14 2126/25/13 2166/25/1653
f 2110/27/14 2166/25/1653 2168/27/1655
f 2132/55/28 2134/53/27 2167/53/1654
f 2132/55/28 2167/53/1654 2169/55/1656
f 2111/29/15 2110/27/14 2168/27/1655
f 2111/29/15 2168/27/1655 2170/29/1657
f 2107/3/2 2114/2/1 2171/2/1658
f 2107/3/2 2171/2/1658 2108/3/1508
f 2133/57/29 2132/55/28 2169/55/1656
f 2133/57/29 2169/55/1656 2143/57/1630
f 2130/31/16 2111/29/15 2170/29/1657
f 2130/31/16 2170/29/1657 2145/31/1632
f 2172/21/1659 2173/19/1660 2174/19/1661
f 2172/21/1659 2174/19/1661 2175/21/1662
f 2152/65/1639 2150/63/1637 2176/63/1663
f 2152/65/1639 2176/63/1663 2177/65/1664
f 2153/39/1640 2151/37/1638 2178/37/1665
f 2153/39/1640 2178/37/1665 2179/39/1666
f 2154/13/1641 2139/11/1626 2142/11/1629
f 2154/13/1641 2142/11/1629 2180/13/1667
f 2155/41/1642 2153/39/1640 2179/39/1666
f 2155/41/1642 2179/39/1666 2181/41/1668
f 2156/15/1643 2154/13/1641 2180/13/1667
f 2156/15/1643 2180/13/1667 2182/15/1669
f 2157/43/1644 2155/41/1642 2181/41/1668
f 2157/43/1644 2181/41/1668 2183/43/1670
f 2158/17/1645 2156/15/1643 2182/15/1669
f 2158/17/1645 2182/15/1669 2184/17/1671
f 2159/45/1646 2157/43/1644 2183/43/1670
f 2159/45/1646 2183/43/1670 2185/45/1672
f 2160/19/1647 2158/17/1645 2184/17/1671
f 2160/19/1647 2184/17/1671 2173/19/1660
f 2161/47/1648 2159/45/1646 2185/45/1672
f 2161/47/1648 2185/45/1672 2186/47/1673
f 2162/21/1649 2160/19/1647 2173/19/1660
f 2162/21/1649 2173/19/1660 2172/21/1659
f 2163/49/1650 2161/47/1648 2186/47/1673
f 2163/49/1650 2186/47/1673 2187/49/1674
f 2164/23/1651 2162/21/1649 2172/21/1659
f 2164/23/1651 2172/21/1659 2188/23/1675
f 2165/51/1652 2163/49/1650 2187/49/1674
f 2165/51/1652 2187/49/1674 2189/51/1676
f 2166/25/1653 2164/23/1651 2188/23/1675
f 2166/25/1653 2188/23/1675 2190/25/1677
f 2167/53/1654 2165/51/1652 2189/51/1676
f 2167/53/1654 2189/51/1676 2191/53/1678
f 2168/27/1655 2166/25/1653 2190/25/1677
f 2168/27/1655 2190/25/1677 2192/27/1679
f 2169/55/1656 2167/53/1654 2191/53/1678
f 2169/55/1656 2191/53/1678 2193/55/1680
f 2170/29/1657 2168/27/1655 2192/27/1679
f 2170/29/1657 2192/27/1679 2194/29/1681
f 2108/3/1508 2171/2/1658 2195/2/1682
f 2108/3/1508 2195/2/1682 2196/3/1683
f 2143/57/1630 2169/55/1656 2193/55/1680
f 2143/57/1630 2193/55/1680 2197/57/1684
f 2145/31/1632 2170/29/1657 2194/29/1681
f 2145/31/1632 2194/29/1681 2198/31/1685
f 2109/5/1625 2108/3/1508 2196/3/1683
f 2109/5/1625 2196/3/1683 2199/5/1686
f 2144/59/1631 2143/57/1630 2197/57/1684
f 2144/59/1631 2197/57/1684 2200/59/1687
f 2146/33/1633 2145/31/1632 2198/31/1685
f 2146/33/1633 2198/31/1685 2201/33/1688
f 2147/7/1634 2109/5/1625 2199/5/1686
f 2147/7/1634 2199/5/1686 2202/7/1689
f 2148/61/1635 2144/59/1631 2200/59/1687
f 2148/61/1635 2200/59/1687 2203/61/1690
f 2149/35/1636 2146/33/1633 2201/33/1688
f 2149/35/1636 2201/33/1688 2204/35/1691
f 2140/9/1627 2147/7/1634 2202/7/1689
f 2140/9/1627 2202/7/1689 2141/9/1628
f 2150/63/1637 2148/61/1635 2203/61/1690
f 2150/63/1637 2203/61/1690 2176/63/1663
f 2151/37/1638 2149/35/1636 2204/35/1691
f 2151/37/1638 2204/35/1691 2178/37/1665
f 2205/27/1692 2206/25/1693 2207/25/1694
f 2205/27/1692 2207/25/1694 2208/27/1695
f 2187/49/1674 2186/47/1673 2209/47/1696
f 2187/49/1674 2209/47/1696 2210/49/1697
f 2188/23/1675 2172/21/1659 2175/21/1662
f 2188/23/1675 2175/21/1662 2211/23/1698
f 2189/51/1676 2187/49/1674 2210/49/1697
f 2189/51/1676 2210/49/1697 2212/51/1699
f 2190/25/1677 2188/23/1675 2211/23/1698
f 2190/25/1677 2211/23/1698 2206/25/1693
f 2191/53/1678 2189/51/1676 2212/51/1699
f 2191/53/1678 2212/51/1699 2213/53/1700
f 2192/27/1679 2190/25/1677 2206/25/1693
f 2192/27/1679 2206/25/1693 2205/27/1692
f 2193/55/1680 2191/53/1678 2213/53/1700
f 2193/55/1680 2213/53/1700 2214/55/1701
f 2194/29/1681 2192/27/1679 2205/27/1692
f 2194/29/1681 2205/27/1692 2215/29/1702
f 2196/3/1683 2195/2/1682 2216/2/1703
f 2196/3/1683 2216/2/1703 2217/3/1704
f 2197/57/1684 2193/55/1680 2214/55/1701
f 2197/57/1684 2214/55/1701 2218/57/1705
f 2198/31/1685 2194/29/1681 2215/29/1702
f 2198/31/1685 2215/29/1702 2219/31/1706
f 2199/5/1686 2196/3/1683 2217/3/1704
f 2199/5/1686 2217/3/1704 2220/5/1707
f 2200/59/1687 2197/57/1684 2218/57/1705
f 2200/59/1687 2218/57/1705 2221/59/1708
f 2201/33/1688 2198/31/1685 2219/31/1706
f 2201/33/1688 2219/31/1706 2222/33/1709
f 2202/7/1689 2199/5/1686 2220/5/1707
f 2202/7/1689 2220/5/1707 2223/7/1710
f 2203/61/1690 2200/59/1687 2221/59/1708
f 2203/61/1690 2221/59/1708 2224/61/1711
f 2204/35/1691 2201/33/1688 2222/33/1709
f 2204/35/1691 2222/33/1709 2225/35/1712
f 2141/9/1628 2202/7/1689 2223/7/1710
f 2141/9/1628 2223/7/1710 2226/9/1713
f 2176/63/1663 2203/61/1690 2224/61/1711
f 2176/63/1663 2224/61/1711 2227/63/1714
f 2178/37/1665 2204/35/1691 2225/35/1712
f 2178/37/1665 2225/35/1712 2228/37/1715
f 2142/11/1629 2141/9/1628 2226/9/1713
f 2142/11/1629 2226/9/1713 2229/11/1716
f 2177/65/1664 2176/63/1663 2227/63/1714
f 2177/65/1664 2227/63/1714 2230/65/1717
f 2179/39/1666 2178/37/1665 2228/37/1715
f 2179/39/1666 2228/37/1715 2231/39/1718
f 2180/13/1667 2142/11/1629 2229/11/1716
f 2180/13/1667 2229/11/1716 2232/13/1719
f 2181/41/1668 2179/39/1666 2231/39/1718
f 2181/41/1668 2231/39/1718 2233/41/1720
f 2182/15/1669 2180/13/1667 2232/13/1719
f 2182/15/1669 2232/13/1719 2234/15/1721
f 2183/43/1670 2181/41/1668 2233/41/1720
f 2183/43/1670 2233/41/1720 2235/43/1722
f 2184/17/1671 2182/15/1669 2234/15/1721
f 2184/17/1671 2234/15/1721 2236/17/1723
f 2185/45/1672 2183/43/1670 2235/43/1722
f 2185/45/1672 2235/43/1722 2237/45/1724
f 2173/19/1660 2184/17/1671 2236/17/1723
f 2173/19/1660 2236/17/1723 2174/19/1661
f 2186/47/1673 2185/45/1672 2237/45/1724
f 2186/47/1673 2237/45/1724 2209/47/1696
f 2238/33/1725 2239/31/1726 2240/31/1727
f 2238/33/1725 2240/31/1727 2241/33/1728
f 2214/55/1701 2213/53/1700 2242/53/1729
f 2214/55/1701 2242/53/1729 2243/55/1730
f 2215/29/1702 2205/27/1692 2208/27/1695
f 2215/29/1702 2208/27/1695 2244/29/1731
f 2217/3/1704 2216/2/1703 2245/2/1732
f 2217/3/1704 2245/2/1732 2246/3/1733
f 2218/57/1705 2214/55/1701 2243/55/1730
f 2218/57/1705 2243/55/1730 2247/57/1734
f 2219/31/1706 2215/29/1702 2244/29/1731
f 2219/31/1706 2244/29/1731 2239/31/1726
f 2220/5/1707 2217/3/1704 2246/3/1733
f 2220/5/1707 2246/3/1733 2248/5/1735
f 2221/59/1708 2218/57/1705 2247/57/1734
f 2221/59/1708 2247/57/1734 2249/59/1736
f 2222/33/1709 2219/31/1706 2239/31/1726
f 2222/33/1709 2239/31/1726 2238/33/1725
f 2223/7/1710 2220/5/1707 2248/5/1735
f 2223/7/1710 2248/5/1735 2250/7/1737
f 2224/61/1711 2221/59/1708 2249/59/1736
f 2224/61/1711 2249/59/1736 2251/61/1738
f 2225/35/1712 2222/33/1709 2238/33/1725
f 2225/35/1712 2238/33/1725 2252/35/1739
f 2226/9/1713 2223/7/1710 2250/7/1737
f 2226/9/1713 2250/7/1737 2253/9/1740
f 2227/63/1714 2224/61/1711 2251/61/1738
f 2227/63/1714 2251/61/1738 2254/63/1741
f 2228/37/1715 2225/35/1712 2252/35/1739
f 2228/37/1715 2252/35/1739 2255/37/1742
f 2229/11/1716 2226/9/1713 2253/9/1740
f 2229/11/1716 2253/9/1740 2256/11/1743
f 2230/65/1717 2227/63/1714 2254/63/1741
f 2230/65/1717 2254/63/1741 2257/65/1732
f 2231/39/1718 2228/37/1715 2255/37/1742
f 2231/39/1718 2255/37/1742 2258/39/1744
f 2232/13/1719 2229/11/1716 2256/11/1743
f 2232/13/1719 2256/11/1743 2259/13/1745
f 2233/41/1720 2231/39/1718 2258/39/1744
f 2233/41/1720 2258/39/1744 2260/41/1746
f 2234/15/1721 2232/13/1719 2259/13/1745
f 2234/15/1721 2259/13/1745 2261/15/1747
f 2235/43/1722 2233/41/1720 2260/41/1746
f 2235/43/1722 2260/41/1746 2262/43/1748
f 2236/17/1723 2234/15/1721 2261/15/1747
f 2236/17/1723 2261/15/1747 2263/17/1749
f 2237/45/1724 2235/43/1722 2262/43/1748
f 2237/45/1724 2262/43/1748 2264/45/1750
f 2174/19/1661 2236/17/1723 2263/17/1749
f 2174/19/1661 2263/17/1749 2265/19/1751
f 2209/47/1696 2237/45/1724 2264/45/1750
f 2209/47/1696 2264/45/1750 2266/47/1752
f 2175/21/1662 2174/19/1661 2265/19/1751
f 2175/21/1662 2265/19/1751 2267/21/1753
f 2210/49/1697 2209/47/1696 2266/47/1752
f 2210/49/1697 2266/47/1752 2268/49/1754
f 2211/23/1698 2175/21/1662 2267/21/1753
f 2211/23/1698 2267/21/1753 2269/23/1755
f 2212/51/1699 2210/49/1697 2268/49/1754
f 2212/51/1699 2268/49/1754 2270/51/1756
f 2206/25/1693 2211/23/1698 2269/23/1755
f 2206/25/1693 2269/23/1755 2207/25/1694
f 2213/53/1700 2212/51/1699 2270/51/1756
f 2213/53/1700 2270/51/1756 2242/53/1729
f 2271/39/1757 2272/37/1758 2273/37/1759
f 2271/39/1757 2273/37/1759 2274/39/1760
f 2250/7/1737 2248/5/1735 2275/5/1761
f 2250/7/1737 2275/5/1761 2276/7/1762
f 2251/61/1738 2249/59/1736 2277/59/1763
f 2251/61/1738 2277/59/1763 2278/61/1764
f 2252/35/1739 2238/33/1725 2241/33/1728
f 2252/35/1739 2241/33/1728 2279/35/1765
f 2253/9/1740 2250/7/1737 2276/7/1762
f 2253/9/1740 2276/7/1762 2280/9/1766
f 2254/63/1741 2251/61/1738 2278/61/1764
f 2254/63/1741 2278/61/1764 2281/63/1767
f 2255/37/1742 2252/35/1739 2279/35/1765
f 2255/37/1742 2279/35/1765 2272/37/1758
f 2256/11/1743 2253/9/1740 2280/9/1766
f 2256/11/1743 2280/9/1766 2282/11/1768
f 2257/65/1732 2254/63/1741 2281/63/1767
f 2257/65/1732 2281/63/1767 2283/65/1769
f 2258/39/1744 2255/37/1742 2272/37/1758
f 2258/39/1744 2272/37/1758 2271/39/1757
f 2259/13/1745 2256/11/1743 2282/11/1768
f 2259/13/1745 2282/11/1768 2284/13/1770
f 2260/41/1746 2258/39/1744 2271/39/1757
f 2260/41/1746 2271/39/1757 2285/41/1771
f 2261/15/1747 2259/13/1745 2284/13/1770
f 2261/15/1747 2284/13/1770 2286/15/1772
f 2262/43/1748 2260/41/1746 2285/41/1771
f 2262/43/1748 2285/41/1771 2287/43/1773
f 2263/17/1749 2261/15/1747 2286/15/1772
f 2263/17/1749 2286/15/1772 2288/17/1774
f 2264/45/1750 2262/43/1748 2287/43/1773
f 2264/45/1750 2287/43/1773 2289/45/1775
f 2265/19/1751 2263/17/1749 2288/17/1774
f 2265/19/1751 2288/17/1774 2290/19/1776
f 2266/47/1752 2264/45/1750 2289/45/1775
f 2266/47/1752 2289/45/1775 2291/47/1777
f 2267/21/1753 2265/19/1751 2290/19/1776
f 2267/21/1753 2290/19/1776 2292/21/1778
f 2268/49/1754 2266/47/1752 2291/47/1777
f 2268/49/1754 2291/47/1777 2293/49/1779
f 2269/23/1755 2267/21/1753 2292/21/1778
f 2269/23/1755 2292/21/1778 2294/23/1780
f 2270/51/1756 2268/49/1754 2293/49/1779
f 2270/51/1756 2293/49/1779 2295/51/1781
f 2207/25/1694 2269/23/1755 2294/23/1780
f 2207/25/1694 2294/23/1780 2296/25/1782
f 2242/53/1729 2270/51/1756 2295/51/1781
f 2242/53/1729 2295/51/1781 2297/53/1783
f 2208/27/1695 2207/25/1694 2296/25/1782
f 2208/27/1695 2296/25/1782 2298/27/1784
f 2243/55/1730 2242/53/1729 2297/53/1783
f 2243/55/1730 2297/53/1783 2299/55/1785
f 2244/29/1731 2208/27/1695 2298/27/1784
f 2244/29/1731 2298/27/1784 2300/29/1786
f 2246/3/1733 2245/2/1732 2301/2/1787
f 2246/3/1733 2301/2/1787 2302/3/1788
f 2247/57/1734 2243/55/1730 2299/55/1785
f 2247/57/1734 2299/55/1785 2303/57/1789
f 2239/31/1726 2244/29/1731 2300/29/1786
f 2239/31/1726 2300/29/1786 2240/31/1727
f 2248/5/1735 2246/3/1733 2302/3/1788
f 2248/5/1735 2302/3/1788 2275/5/1761
f 2249/59/1736 2247/57/1734 2303/57/1789
f 2249/59/1736 2303/57/1789 2277/59/1763
f 2304/45/1790 2305/43/1791 2306/43/1792
f 2304/45/1790 2306/43/1792 2307/45/1793
f 2284/13/1770 2282/11/1768 2308/11/1794
f 2284/13/1770 2308/11/1794 2309/13/1795
f 2285/41/1771 2271/39/1757 2274/39/1760
f 2285/41/1771 2274/39/1760 2310/41/1796
f 2286/15/1772 2284/13/1770 2309/13/1795
f 2286/15/1772 2309/13/1795 2311/15/1797
f 2287/43/1773 2285/41/1771 2310/41/1796
f 2287/43/1773 2310/41/1796 2305/43/1791
f 2288/17/1774 2286/15/1772 2311/15/1797
f 2288/17/1774 2311/15/1797 2312/17/1798
f 2289/45/1775 2287/43/1773 2305/43/1791
f 2289/45/1775 2305/43/1791 2304/45/1790
f 2290/19/1776 2288/17/1774 2312/17/1798
f 2290/19/1776 2312/17/1798 2313/19/1799
f 2291/47/1777 2289/45/1775 2304/45/1790
f 2291/47/1777 2304/45/1790 2314/47/1800
f 2292/21/1778 2290/19/1776 2313/19/1799
f 2292/21/1778 2313/19/1799 2315/21/1801
f 2293/49/1779 2291/47/1777 2314/47/1800
f 2293/49/1779 2314/47/1800 2316/49/1802
f 2294/23/1780 2292/21/1778 2315/21/1801
f 2294/23/1780 2315/21/1801 2317/23/1803
f 2295/51/1781 2293/49/1779 2316/49/1802
f 2295/51/1781 2316/49/1802 2318/51/1804
f 2296/25/1782 2294/23/1780 2317/23/1803
f 2296/25/1782 2317/23/1803 2319/25/1805
f 2297/53/1783 2295/51/1781 2318/51/1804
f 2297/53/1783 2318/51/1804 2320/53/1806
f 2298/27/1784 2296/25/1782 2319/25/1805
f 2298/27/1784 2319/25/1805 2321/27/1807
f 2299/55/1785 2297/53/1783 2320/53/1806
f 2299/55/1785 2320/53/1806 2322/55/1808
f 2300/29/1786 2298/27/1784 2321/27/1807
f 2300/29/1786 2321/27/1807 2323/29/1809
f 2302/3/1788 2301/2/1787 2324/2/1810
f 2302/3/1788 2324/2/1810 2325/3/1811
f 2303/57/1789 2299/55/1785 2322/55/1808
f 2303/57/1789 2322/55/1808 2326/57/1812
f 2240/31/1727 2300/29/1786 2323/29/1809
f 2240/31/1727 2323/29/1809 2327/31/1813
f 2275/5/1761 2302/3/1788 2325/3/1811
f 2275/5/1761 2325/3/1811 2328/5/1814
f 2277/59/1763 2303/57/1789 2326/57/1812
f 2277/59/1763 2326/57/1812 2329/59/1815
f 2241/33/1728 2240/31/1727 2327/31/1813
f 2241/33/1728 2327/31/1813 2330/33/1816
f 2276/7/1762 2275/5/1761 2328/5/1814
f 2276/7/1762 2328/5/1814 2331/7/1817
f 2278/61/1764 2277/59/1763 2329/59/1815
f 2278/61/1764 2329/59/1815 2332/61/1818
f 2279/35/1765 2241/33/1728 2330/33/1816
f 2279/35/1765 2330/33/1816 2333/35/1819
f 2280/9/1766 2276/7/1762 2331/7/1817
f 2280/9/1766 2331/7/1817 2334/9/1820
f 2281/63/1767 2278/61/1764 2332/61/1818
f 2281/63/1767 2332/61/1818 2335/63/1821
f 2272/37/1758 2279/35/1765 2333/35/1819
f 2272/37/1758 2333/35/1819 2273/37/1759
f 2282/11/1768 2280/9/1766 2334/9/1820
f 2282/11/1768 2334/9/1820 2308/11/1794
f 2283/65/1769 2281/63/1767 2335/63/1821
f 2283/65/1769 2335/63/1821 2336/65/1822
f 2337/51/1823 2338/49/1824 2339/49/1825
f 2337/51/1823 2339/49/1825 2340/51/1826
f 2313/19/1799 2312/17/1798 2341/17/1827
f 2313/19/1799 2341/17/1827 2342/19/1828
f 2314/47/1800 2304/45/1790 2307/45/1793
f 2314/47/1800 2307/45/1793 2343/47/1829
f 2315/21/1801 2313/19/1799 2342/19/1828
f 2315/21/1801 2342/19/1828 2344/21/1830
f 2316/49/1802 2314/47/1800 2343/47/1829
f 2316/49/1802 2343/47/1829 2338/49/1824
f 2317/23/1803 2315/21/1801 2344/21/1830
f 2317/23/1803 2344/21/1830 2345/23/1831
f 2318/51/1804 2316/49/1802 2338/49/1824
f 2318/51/1804 2338/49/1824 2337/51/1823
f 2319/25/1805 2317/23/1803 2345/23/1831
f 2319/25/1805 2345/23/1831 2346/25/1832
f 2320/53/1806 2318/51/1804 2337/51/1823
f 2320/53/1806 2337/51/1823 2347/53/1833
f 2321/27/1807 2319/25/1805 2346/25/1832
f 2321/27/1807 2346/25/1832 2348/27/1834
f 2322/55/1808 2320/53/1806 2347/53/1833
f 2322/55/1808 2347/53/1833 2349/55/1835
f 2323/29/1809 2321/27/1807 2348/27/1834
f 2323/29/1809 2348/27/1834 2350/29/1836
f 2325/3/1811 2324/2/1810 2351/2/1837
f 2325/3/1811 2351/2/1837 2352/3/1838
f 2326/57/1812 2322/55/1808 2349/55/1835
f 2326/57/1812 2349/55/1835 2353/57/1839
f 2327/31/1813 2323/29/1809 2350/29/1836
f 2327/31/1813 2350/29/1836 2354/31/1840
f 2328/5/1814 2325/3/1811 2352/3/1838
f 2328/5/1814 2352/3/1838 2355/5/1841
f 2329/59/1815 2326/57/1812 2353/57/1839
f 2329/59/1815 2353/57/1839 2356/59/1842
f 2330/33/1816 2327/31/1813 2354/31/1840
f 2330/33/1816 2354/31/1840 2357/33/1843
f 2331/7/1817 2328/5/1814 2355/5/1841
f 2331/7/1817 2355/5/1841 2358/7/1844
f 2332/61/1818 2329/59/1815 2356/59/1842
f 2332/61/1818 2356/59/1842 2359/61/1845
f 2333/35/1819 2330/33/1816 2357/33/1843
f 2333/35/1819 2357/33/1843 2360/35/1846
f 2334/9/1820 2331/7/1817 2358/7/1844
f 2334/9/1820 2358/7/1844 2361/9/1847
f 2335/63/1821 2332/61/1818 2359/61/1845
f 2335/63/1821 2359/61/1845 2362/63/1848
f 2273/37/1759 2333/35/1819 2360/35/1846
f 2273/37/1759 2360/35/1846 2363/37/1849
f 2308/11/1794 2334/9/1820 2361/9/1847
f 2308/11/1794 2361/9/1847 2364/11/1850
f 2336/65/1822 2335/63/1821 2362/63/1848
f 2336/65/1822 2362/63/1848 2365/65/1851
f 2274/39/1760 2273/37/1759 2363/37/1849
f 2274/39/1760 2363/37/1849 2366/39/1852
f 2309/13/1795 2308/11/1794 2364/11/1850
f 2309/13/1795 2364/11/1850 2367/13/1853
f 2310/41/1796 2274/39/1760 2366/39/1852
f 2310/41/1796 2366/39/1852 2368/41/1854
f 2311/15/1797 2309/13/1795 2367/13/1853
f 2311/15/1797 2367/13/1853 2369/15/1855
f 2305/43/1791 2310/41/1796 2368/41/1854
f 2305/43/1791 2368/41/1854 2306/43/1792
f 2312/17/1798 2311/15/1797 2369/15/1855
f 2312/17/1798 2369/15/1855 2341/17/1827
f 2370/3/1856 2371/2/1857 2372/2/1858
f 2370/3/1856 2372/2/1858 2373/3/1859
f 2346/25/1832 2345/23/1831 2374/23/1860
f 2346/25/1832 2374/23/1860 2375/25/1861
f 2347/53/1833 2337/51/1823 2340/51/1826
f 2347/53/1833 2340/51/1826 2376/53/1862
f 2348/27/1834 2346/25/1832 2375/25/1861
f 2348/27/1834 2375/25/1861 2377/27/1863
f 2349/55/1835 2347/53/1833 2376/53/1862
f 2349/55/1835 2376/53/1862 2378/55/1864
f 2350/29/1836 2348/27/1834 2377/27/1863
f 2350/29/1836 2377/27/1863 2379/29/1865
f 2352/3/1838 2351/2/1837 2371/2/1857
f 2352/3/1838 2371/2/1857 2370/3/1856
f 2353/57/1839 2349/55/1835 2378/55/1864
f 2353/57/1839 2378/55/1864 2380/57/1866
f 2354/31/1840 2350/29/1836 2379/29/1865
f 2354/31/1840 2379/29/1865 2381/31/1867
f 2355/5/1841 2352/3/1838 2370/3/1856
f 2355/5/1841 2370/3/1856 2382/5/1868
f 2356/59/1842 2353/57/1839 2380/57/1866
f 2356/59/1842 2380/57/1866 2383/59/1869
f 2357/33/1843 2354/31/1840 2381/31/1867
f 2357/33/1843 2381/31/1867 2384/33/1870
f 2358/7/1844 2355/5/1841 2382/5/1868
f 2358/7/1844 2382/5/1868 2385/7/1871
f 2359/61/1845 2356/59/1842 2383/59/1869
f 2359/61/1845 2383/59/1869 2386/61/1872
f 2360/35/1846 2357/33/1843 2384/33/1870
f 2360/35/1846 2384/33/1870 2387/35/1873
f 2361/9/1847 2358/7/1844 2385/7/1871
f 2361/9/1847 2385/7/1871 2388/9/1874
f 2362/63/1848 2359/61/1845 2386/61/1872
f 2362/63/1848 2386/61/1872 2389/63/1875
f 2363/37/1849 2360/35/1846 2387/35/1873
f 2363/37/1849 2387/35/1873 2390/37/1876
f 2364/11/1850 2361/9/1847 2388/9/1874
f 2364/11/1850 2388/9/1874 2391/11/1877
f 2365/65/1851 2362/63/1848 2389/63/1875
f 2365/65/1851 2389/63/1875 2392/65/1878
f 2366/39/1852 2363/37/1849 2390/37/1876
f 2366/39/1852 2390/37/1876 2393/39/1879
f 2367/13/1853 2364/11/1850 2391/11/1877
f 2367/13/1853 2391/11/1877 2394/13/1880
f 2368/41/1854 2366/39/1852 2393/39/1879
f 2368/41/1854 2393/39/1879 2395/41/1881
f 2369/15/1855 2367/13/1853 2394/13/1880
f 2369/15/1855 2394/13/1880 2396/15/1882
f 2306/43/1792 2368/41/1854 2395/41/1881
f 2306/43/1792 2395/41/1881 2397/43/1883
f 2341/17/1827 2369/15/1855 2396/15/1882
f 2341/17/1827 2396/15/1882 2398/17/1884
f 2307/45/1793 2306/43/1792 2397/43/1883
f 2307/45/1793 2397/43/1883 2399/45/1885
f 2342/19/1828 2341/17/1827 2398/17/1884
f 2342/19/1828 2398/17/1884 2400/19/1886
f 2343/47/1829 2307/45/1793 2399/45/1885
f 2343/47/1829 2399/45/1885 2401/47/1887
f 2344/21/1830 2342/19/1828 2400/19/1886
f 2344/21/1830 2400/19/1886 2402/21/1888
f 2338/49/1824 2343/47/1829 2401/47/1887
f 2338/49/1824 2401/47/1887 2339/49/1825
f 2345/23/1831 2344/21/1830 2402/21/1888
f 2345/23/1831 2402/21/1888 2374/23/1860
f 2403/9/1889 2404/7/1890 2405/7/1891
f 2403/9/1889 2405/7/1891 2406/9/1892
f 2380/57/1866 2378/55/1864 2407/55/1893
f 2380/57/1866 2407/55/1893 2408/57/1894
f 2381/31/1867 2379/29/1865 2409/29/1895
f 2381/31/1867 2409/29/1895 2410/31/1896
f 2382/5/1868 2370/3/1856 2373/3/1859
f 2382/5/1868 2373/3/1859 2411/5/1897
f 2383/59/1869 2380/57/1866 2408/57/1894
f 2383/59/1869 2408/57/1894 2412/59/1898
f 2384/33/1870 2381/31/1867 2410/31/1896
f 2384/33/1870 2410/31/1896 2413/33/1899
f 2385/7/1871 2382/5/1868 2411/5/1897
f 2385/7/1871 2411/5/1897 2404/7/1890
f 2386/61/1872 2383/59/1869 2412/59/1898
f 2386/61/1872 2412/59/1898 2414/61/1900
f 2387/35/1873 2384/33/1870 2413/33/1899
f 2387/35/1873 2413/33/1899 2415/35/1901
f 2388/9/1874 2385/7/1871 2404/7/1890
f 2388/9/1874 2404/7/1890 2403/9/1889
f 2389/63/1875 2386/61/1872 2414/61/1900
f 2389/63/1875 2414/61/1900 2416/63/1902
f 2390/37/1876 2387/35/1873 2415/35/1901
f 2390/37/1876 2415/35/1901 2417/37/1903
f 2391/11/1877 2388/9/1874 2403/9/1889
f 2391/11/1877 2403/9/1889 2418/11/1904
f 2392/65/1878 2389/63/1875 2416/63/1902
f 2392/65/1878 2416/63/1902 2419/65/1905
f 2393/39/1879 2390/37/1876 2417/37/1903
f 2393/39/1879 2417/37/1903 2420/39/1906
f 2394/13/1880 2391/11/1877 2418/11/1904
f 2394/13/1880 2418/11/1904 2421/13/1907
f 2395/41/1881 2393/39/1879 2420/39/1906
f 2395/41/1881 2420/39/1906 2422/41/1908
f 2396/15/1882 2394/13/1880 2421/13/1907
f 2396/15/1882 2421/13/1907 2423/15/1909
f 2397/43/1883 2395/41/1881 2422/41/1908
f 2397/43/1883 2422/41/1908 2424/43/1910
f 2398/17/1884 2396/15/1882 2423/15/1909
f 2398/17/1884 2423/15/1909 2425/17/1911
f 2399/45/1885 2397/43/1883 2424/43/1910
f 2399/45/1885 2424/43/1910 2426/45/1912
f 2400/19/1886 2398/17/1884 2425/17/1911
f 2400/19/1886 2425/17/1911 2427/19/1913
f 2401/47/1887 2399/45/1885 2426/45/1912
f 2401/47/1887 2426/45/1912 2428/47/1914
f 2402/21/1888 2400/19/1886 2427/19/1913
f 2402/21/1888 2427/19/1913 2429/21/1915
f 2339/49/1825 2401/47/1887 2428/47/1914
f 2339/49/1825 2428/47/1914 2430/49/1916
f 2374/23/1860 2402/21/1888 2429/21/1915
f 2374/23/1860 2429/21/1915 2431/23/1917
f 2340/51/1826 2339/49/1825 2430/49/1916
f 2340/51/1826 2430/49/1916 2432/51/1918
f 2375/25/1861 2374/23/1860 2431/23/1917
f 2375/25/1861 2431/23/1917 2433/25/1919
f 2376/53/1862 2340/51/1826 2432/51/1918
f 2376/53/1862 2432/51/1918 2434/53/1920
f 2377/27/1863 2375/25/1861 2433/25/1919
f 2377/27/1863 2433/25/1919 2435/27/1921
f 2378/55/1864 2376/53/1862 2434/53/1920
f 2378/55/1864 2434/53/1920 2407/55/1893
f 2379/29/1865 2377/27/1863 2435/27/1921
f 2379/29/1865 2435/27/1921 2409/29/1895
f 2436/15/1922 2437/13/1923 2438/13/1924
f 2436/15/1922 2438/13/1924 2439/15/1925
f 2416/63/1902 2414/61/1900 2440/61/1926
f 2416/63/1902 2440/61/1926 2441/63/1927
f 2417/37/1903 2415/35/1901 2442/35/1928
f 2417/37/1903 2442/35/1928 2443/37/1929
f 2418/11/1904 2403/9/1889 2406/9/1892
f 2418/11/1904 2406/9/1892 2444/11/1930
f 2419/65/1905 2416/63/1902 2441/63/1927
f 2419/65/1905 2441/63/1927 2445/65/1931
f 2420/39/1906 2417/37/1903 2443/37/1929
f 2420/39/1906 2443/37/1929 2446/39/1932
f 2421/13/1907 2418/11/1904 2444/11/1930
f 2421/13/1907 2444/11/1930 2437/13/1923
f 2422/41/1908 2420/39/1906 2446/39/1932
f 2422/41/1908 2446/39/1932 2447/41/1933
f 2423/15/1909 2421/13/1907 2437/13/1923
f 2423/15/1909 2437/13/1923 2436/15/1922
f 2424/43/1910 2422/41/1908 2447/41/1933
f 2424/43/1910 2447/41/1933 2448/43/1934
f 2425/17/1911 2423/15/1909 2436/15/1922
f 2425/17/1911 2436/15/1922 2449/17/1935
f 2426/45/1912 2424/43/1910 2448/43/1934
f 2426/45/1912 2448/43/1934 2450/45/1936
f 2427/19/1913 2425/17/1911 2449/17/1935
f 2427/19/1913 2449/17/1935 2451/19/1937
f 2428/47/1914 2426/45/1912 2450/45/1936
f 2428/47/1914 2450/45/1936 2452/47/1938
f 2429/21/1915 2427/19/1913 2451/19/1937
f 2429/21/1915 2451/19/1937 2453/21/1939
f 2430/49/1916 2428/47/1914 2452/47/1938
f 2430/49/1916 2452/47/1938 2454/49/1940
f 2431/23/1917 2429/21/1915 2453/21/1939
f 2431/23/1917 2453/21/1939 2455/23/1941
f 2432/51/1918 2430/49/1916 2454/49/1940
f 2432/51/1918 2454/49/1940 2456/51/1942
f 2433/25/1919 2431/23/1917 2455/23/1941
f 2433/25/1919 2455/23/1941 2457/25/1943
f 2434/53/1920 2432/51/1918 2456/51/1942
f 2434/53/1920 2456/51/1942 2458/53/1944
f 2435/27/1921 2433/25/1919 2457/25/1943
f 2435/27/1921 2457/25/1943 2459/27/1945
f 2407/55/1893 2434/53/1920 2458/53/1944
f 2407/55/1893 2458/53/1944 2460/55/1946
f 2409/29/1895 2435/27/1921 2459/27/1945
f 2409/29/1895 2459/27/1945 2461/29/1947
f 2373/3/1859 2372/2/1858 2462/2/1948
f 2373/3/1859 2462/2/1948 2463/3/1949
f 2408/57/1894 2407/55/1893 2460/55/1946
f 2408/57/1894 2460/55/1946 2464/57/1950
f 2410/31/1896 2409/29/1895 2461/29/1947
f 2410/31/1896 2461/29/1947 2465/31/1951
f 2411/5/1897 2373/3/1859 2463/3/1949
f 2411/5/1897 2463/3/1949 2466/5/1952
f 2412/59/1898 2408/57/1894 2464/57/1950
f 2412/59/1898 2464/57/1950 2467/59/1953
f 2413/33/1899 2410/31/1896 2465/31/1951
f 2413/33/1899 2465/31/1951 2468/33/1954
f 2404/7/1890 2411/5/1897 2466/5/1952
f 2404/7/1890 2466/5/1952 2405/7/1891
f 2414/61/1900 2412/59/1898 2467/59/1953
f 2414/61/1900 2467/59/1953 2440/61/1926
f 2415/35/1901 2413/33/1899 2468/33/1954
f 2415/35/1901 2468/33/1954 2442/35/1928
f 2469/21/1955 2470/19/1956 2471/19/1957
f 2469/21/1955 2471/19/1957 2472/21/1958
f 2448/43/1934 2447/41/1933 2473/41/1959
f 2448/43/1934 2473/41/1959 2474/43/1960
f 2449/17/1935 2436/15/1922 2439/15/1925
f 2449/17/1935 2439/15/1925 2475/17/1961
f 2450/45/1936 2448/43/1934 2474/43/1960
f 2450/45/1936 2474/43/1960 2476/45/1962
f 2451/19/1937 2449/17/1935 2475/17/1961
f 2451/19/1937 2475/17/1961 2470/19/1956
f 2452/47/1938 2450/45/1936 2476/45/1962
f 2452/47/1938 2476/45/1962 2477/47/1963
f 2453/21/1939 2451/19/1937 2470/19/1956
f 2453/21/1939 2470/19/1956 2469/21/1955
f 2454/49/1940 2452/47/1938 2477/47/1963
f 2454/49/1940 2477/47/1963 2478/49/1964
f 2455/23/1941 2453/21/1939 2469/21/1955
f 2455/23/1941 2469/21/1955 2479/23/1965
f 2456/51/1942 2454/49/1940 2478/49/1964
f 2456/51/1942 2478/49/1964 2480/51/1966
f 2457/25/1943 2455/23/1941 2479/23/1965
f 2457/25/1943 2479/23/1965 2481/25/1967
f 2458/53/1944 2456/51/1942 2480/51/1966
f 2458/53/1944 2480/51/1966 2482/53/1968
f 2459/27/1945 2457/25/1943 2481/25/1967
f 2459/27/1945 2481/25/1967 2483/27/1969
f 2460/55/1946 2458/53/1944 2482/53/1968
f 2460/55/1946 2482/53/1968 2484/55/1970
f 2461/29/1947 2459/27/1945 2483/27/1969
f 2461/29/1947 2483/27/1969 2485/29/1971
f 2463/3/1949 2462/2/1948 2486/2/1972
f 2463/3/1949 2486/2/1972 2487/3/1973
f 2464/57/1950 2460/55/1946 2484/55/1970
f 2464/57/1950 2484/55/1970 2488/57/1974
f 2465/31/1951 2461/29/1947 2485/29/1971
f 2465/31/1951 2485/29/1971 2489/31/1975
f 2466/5/1952 2463/3/1949 2487/3/1973
f 2466/5/1952 2487/3/1973 2490/5/1976
f 2467/59/1953 2464/57/1950 2488/57/1974
f 2467/59/1953 2488/57/1974 2491/59/1977
f 2468/33/1954 2465/31/1951 2489/31/1975
f 2468/33/1954 2489/31/1975 2492/33/1978
f 2405/7/1891 2466/5/1952 2490/5/1976
f 2405/7/1891 2490/5/1976 2493/7/1979
f 2440/61/1926 2467/59/1953 2491/59/1977
f 2440/61/1926 2491/59/1977 2494/61/1980
f 2442/35/1928 2468/33/1954 2492/33/1978
f 2442/35/1928 2492/33/1978 2495/35/1981
f 2406/9/1892 2405/7/1891 2493/7/1979
f 2406/9/1892 2493/7/1979 2496/9/1982
f 2441/63/1927 2440/61/1926 2494/61/1980
f 2441/63/1927 2494/61/1980 2497/63/1983
f 2443/37/1929 2442/35/1928 2495/35/1981
f 2443/37/1929 2495/35/1981 2498/37/1984
f 2444/11/1930 2406/9/1892 2496/9/1982
f 2444/11/1930 2496/9/1982 2499/11/1985
f 2445/65/1931 2441/63/1927 2497/63/1983
f 2445/65/1931 2497/63/1983 2500/65/1986
f 2446/39/1932 2443/37/1929 2498/37/1984
f 2446/39/1932 2498/37/1984 2501/39/1987
f 2437/13/1923 2444/11/1930 2499/11/1985
f 2437/13/1923 2499/11/1985 2438/13/1924
f 2447/41/1933 2446/39/1932 2501/39/1987
f 2447/41/1933 2501/39/1987 2473/41/1959
f 2502/27/1988 2503/25/1989 2504/25/1990
f 2502/27/1988 2504/25/1990 2505/27/1991
f 2478/49/1964 2477/47/1963 2506/47/1992
f 2478/49/1964 2506/47/1992 2507/49/1993
f 2479/23/1965 2469/21/1955 2472/21/1958
f 2479/23/1965 2472/21/1958 2508/23/1994
f 2480/51/1966 2478/49/1964 2507/49/1993
f 2480/51/1966 2507/49/1993 2509/51/1995
f 2481/25/1967 2479/23/1965 2508/23/1994
f 2481/25/1967 2508/23/1994 2503/25/1989
f 2482/53/1968 2480/51/1966 2509/51/1995
f 2482/53/1968 2509/51/1995 2510/53/1996
f 2483/27/1969 2481/25/1967 2503/25/1989
f 2483/27/1969 2503/25/1989 2502/27/1988
f 2484/55/1970 2482/53/1968 2510/53/1996
f 2484/55/1970 2510/53/1996 2511/55/1997
f 2485/29/1971 2483/27/1969 2502/27/1988
f 2485/29/1971 2502/27/1988 2512/29/1998
f 2487/3/1973 2486/2/1972 2513/2/1999
f 2487/3/1973 2513/2/1999 2514/3/2000
f 2488/57/1974 2484/55/1970 2511/55/1997
f 2488/57/1974 2511/55/1997 2515/57/2001
f 2489/31/1975 2485/29/1971 2512/29/1998
f 2489/31/1975 2512/29/1998 2516/31/2002
f 2490/5/1976 2487/3/1973 2514/3/2000
f 2490/5/1976 2514/3/2000 2517/5/2003
f 2491/59/1977 2488/57/1974 2515/57/2001
f 2491/59/1977 2515/57/2001 2518/59/2004
f 2492/33/1978 2489/31/1975 2516/31/2002
f 2492/33/1978 2516/31/2002 2519/33/2005
f 2493/7/1979 2490/5/1976 2517/5/2003
f 2493/7/1979 2517/5/2003 2520/7/2006
f 2494/61/1980 2491/59/1977 2518/59/2004
f 2494/61/1980 2518/59/2004 2521/61/2007
f 2495/35/1981 2492/33/1978 2519/33/2005
f 2495/35/1981 2519/33/2005 2522/35/2008
f 2496/9/1982 2493/7/1979 2520/7/2006
f 2496/9/1982 2520/7/2006 2523/9/2009
f 2497/63/1983 2494/61/1980 2521/61/2007
f 2497/63/1983 2521/61/2007 2524/63/2010
f 2498/37/1984 2495/35/1981 2522/35/2008
f 2498/37/1984 2522/35/2008 2525/37/2011
f 2499/11/1985 2496/9/1982 2523/9/2009
f 2499/11/1985 2523/9/2009 2526/11/2012
f 2500/65/1986 2497/63/1983 2524/63/2010
f 2500/65/1986 2524/63/2010 2527/65/2013
f 2501/39/1987 2498/37/1984 2525/37/2011
f 2501/39/1987 2525/37/2011 2528/39/2014
f 2438/13/1924 2499/11/1985 2526/11/2012
f 2438/13/1924 2526/11/2012 2529/13/2015
f 2473/41/1959 2501/39/1987 2528/39/2014
f 2473/41/1959 2528/39/2014 2530/41/2016
f 2439/15/1925 2438/13/1924 2529/13/2015
f 2439/15/1925 2529/13/2015 2531/15/2017
f 2474/43/1960 2473/41/1959 2530/41/2016
f 2474/43/1960 2530/41/2016 2532/43/2018
f 2475/17/1961 2439/15/1925 2531/15/2017
f 2475/17/1961 2531/15/2017 2533/17/2019
f 2476/45/1962 2474/43/1960 2532/43/2018
f 2476/45/1962 2532/43/2018 2534/45/2020
f 2470/19/1956 2475/17/1961 2533/17/2019
f 2470/19/1956 2533/17/2019 2471/19/1957
f 2477/47/1963 2476/45/1962 2534/45/2020
f 2477/47/1963 2534/45/2020 2506/47/1992
f 2535/17/2021 2536/15/2022 2537/15/2023
f 2535/17/2021 2537/15/2023 2538/17/2024
f 2511/55/1997 2510/53/1996 2539/53/2025
f 2511/55/1997 2539/53/2025 2540/55/2026
f 2512/29/1998 2502/27/1988 2505/27/1991
f 2512/29/1998 2505/27/1991 2541/29/2027
f 2514/3/2000 2513/2/1999 2542/2/2028
f 2514/3/2000 2542/2/2028 2543/3/2029
f 2515/57/2001 2511/55/1997 2540/55/2026
f 2515/57/2001 2540/55/2026 2544/57/2030
f 2516/31/2002 2512/29/1998 2541/29/2027
f 2516/31/2002 2541/29/2027 2545/31/2031
f 2517/5/2003 2514/3/2000 2543/3/2029
f 2517/5/2003 2543/3/2029 2546/5/2032
f 2518/59/2004 2515/57/2001 2544/57/2030
f 2518/59/2004 2544/57/2030 2547/59/2033
f 2519/33/2005 2516/31/2002 2545/31/2031
f 2519/33/2005 2545/31/2031 2548/33/2034
f 2520/7/2006 2517/5/2003 2546/5/2032
f 2520/7/2006 2546/5/2032 2549/7/2035
f 2521/61/2007 2518/59/2004 2547/59/2033
f 2521/61/2007 2547/59/2033 2550/61/2036
f 2522/35/2008 2519/33/2005 2548/33/2034
f 2522/35/2008 2548/33/2034 2551/35/2037
f 2523/9/2009 2520/7/2006 2549/7/2035
f 2523/9/2009 2549/7/2035 2552/9/2038
f 2524/63/2010 2521/61/2007 2550/61/2036
f 2524/63/2010 2550/61/2036 2553/63/2039
f 2525/37/2011 2522/35/2008 2551/35/2037
f 2525/37/2011 2551/35/2037 2554/37/2040
f 2526/11/2012 2523/9/2009 2552/9/2038
f 2526/11/2012 2552/9/2038 2555/11/2041
f 2527/65/2013 2524/63/2010 2553/63/2039
f 2527/65/2013 2553/63/2039 2556/65/2042
f 2528/39/2014 2525/37/2011 2554/37/2040
f 2528/39/2014 2554/37/2040 2557/39/2043
f 2529/13/2015 2526/11/2012 2555/11/2041
f 2529/13/2015 2555/11/2041 2558/13/2044
f 2530/41/2016 2528/39/2014 2557/39/2043
f 2530/41/2016 2557/39/2043 2559/41/2045
f 2531/15/2017 2529/13/2015 2558/13/2044
f 2531/15/2017 2558/13/2044 2536/15/2022
f 2532/43/2018 2530/41/2016 2559/41/2045
f 2532/43/2018 2559/41/2045 2560/43/2046
f 2533/17/2019 2531/15/2017 2536/15/2022
f 2533/17/2019 2536/15/2022 2535/17/2021
f 2534/45/2020 2532/43/2018 2560/43/2046
f 2534/45/2020 2560/43/2046 2561/45/2047
f 2471/19/1957 2533/17/2019 2535/17/2021
f 2471/19/1957 2535/17/2021 2562/19/2048
f 2506/47/1992 2534/45/2020 2561/45/2047
f 2506/47/1992 2561/45/2047 2563/47/2049
f 2472/21/1958 2471/19/1957 2562/19/2048
f 2472/21/1958 2562/19/2048 2564/21/2050
f 2507/49/1993 2506/47/1992 2563/47/2049
f 2507/49/1993 2563/47/2049 2565/49/2051
f 2508/23/1994 2472/21/1958 2564/21/2050
f 2508/23/1994 2564/21/2050 2566/23/2052
f 2509/51/1995 2507/49/1993 2565/49/2051
f 2509/51/1995 2565/49/2051 2567/51/2053
f 2503/25/1989 2508/23/1994 2566/23/2052
f 2503/25/1989 2566/23/2052 2504/25/1990
f 2510/53/1996 2509/51/1995 2567/51/2053
f 2510/53/1996 2567/51/2053 2539/53/2025
f 2568/46/2054 2569/48/2055 2570/48/2056
f 2568/46/2054 2570/48/2056 2571/46/2057
f 2572/35/1512 2573/33/2058 2574/33/2059
f 2572/35/1512 2574/33/2059 2575/35/2060
f 1879/64/1513 1883/66/1514 2576/66/2061
f 1879/64/1513 2576/66/2061 2577/64/2062
f 2562/19/2048 2535/17/2021 2538/17/2024
f 2562/19/2048 2538/17/2024 2578/19/2055
f 1767/22/1452 1775/24/1455 2579/24/2063
f 1767/22/1452 2579/24/2063 2580/22/2064
f 2564/21/2050 2562/19/2048 2578/19/2055
f 2564/21/2050 2578/19/2055 2581/21/2054
f 1690/1/1422 1693/4/1423 2582/4/2065
f 1690/1/1422 2582/4/2065 2583/1/2066
f 1727/12/1437 1735/14/1440 2584/14/2067
f 1727/12/1437 2584/14/2067 2585/12/2068
f 2566/23/2052 2564/21/2050 2581/21/2054
f 2566/23/2052 2581/21/2054 2586/23/2069
f 1855/54/1500 1859/56/1503 2587/56/2070
f 1855/54/1500 2587/56/2070 2588/54/2071
f 2504/25/1990 2566/23/2052 2586/23/2069
f 2504/25/1990 2586/23/2069 2589/25/2072
f 1835/44/1485 1839/46/1488 2568/46/2054
f 1835/44/1485 2568/46/2054 2590/44/2069
f 2505/27/1991 2504/25/1990 2589/25/2072
f 2505/27/1991 2589/25/2072 2591/27/2073
f 1807/34/1470 1813/36/1473 2592/36/2074
f 1807/34/1470 2592/36/2074 1884/34/1511
f 2541/29/2027 2505/27/1991 2591/27/2073
f 2541/29/2027 2591/27/2073 2593/29/2075
f 1775/24/1455 1783/26/1458 2594/26/2076
f 1775/24/1455 2594/26/2076 2579/24/2063
f 2545/31/2031 2541/29/2027 2593/29/2075
f 2545/31/2031 2593/29/2075 2595/31/2074
f 1735/14/1440 1743/16/1443 2596/16/2077
f 1735/14/1440 2596/16/2077 2584/14/2067
f 1859/56/1503 1863/58/1506 2597/58/2078
f 1859/56/1503 2597/58/2078 2587/56/2070
f 2548/33/2034 2545/31/2031 2595/31/2074
f 2548/33/2034 2595/31/2074 2573/33/2058
f 2551/35/2037 2548/33/2034 2573/33/2058
f 2551/35/2037 2573/33/2058 2572/35/1512
f 1693/4/1423 1703/6/1428 2598/6/2079
f 1693/4/1423 2598/6/2079 2582/4/2065
f 1839/46/1488 1843/48/1491 2569/48/2055
f 1839/46/1488 2569/48/2055 2568/46/2054
f 2554/37/2040 2551/35/2037 2572/35/1512
f 2554/37/2040 2572/35/1512 2599/37/2080
f 1813/36/1473 1817/38/1476 2600/38/2075
f 1813/36/1473 2600/38/2075 2592/36/2074
f 2557/39/2043 2554/37/2040 2599/37/2080
f 2557/39/2043 2599/37/2080 2601/39/2081
f 1783/26/1458 1789/28/1461 2602/28/2081
f 1783/26/1458 2602/28/2081 2594/26/2076
f 2559/41/2045 2557/39/2043 2601/39/2081
f 2559/41/2045 2601/39/2081 2603/41/2076
f 1863/58/1506 1867/60/1507 2604/60/2082
f 1863/58/1506 2604/60/2082 2597/58/2078
f 1743/16/1443 1751/18/1446 2605/18/2083
f 1743/16/1443 2605/18/2083 2596/16/2077
f 2560/43/2046 2559/41/2045 2603/41/2076
f 2560/43/2046 2603/41/2076 2606/43/2084
f 2561/45/2047 2560/43/2046 2606/43/2084
f 2561/45/2047 2606/43/2084 2607/45/2064
f 1703/6/1428 1712/8/1432 2608/8/2085
f 1703/6/1428 2608/8/2085 2598/6/2079
f 1843/48/1491 1847/50/1494 2609/50/2024
f 1843/48/1491 2609/50/2024 2569/48/2055
f 2563/47/2049 2561/45/2047 2607/45/2064
f 2563/47/2049 2607/45/2064 2610/47/2086
f 1817/38/1476 1823/40/1479 2611/40/2073
f 1817/38/1476 2611/40/2073 2600/38/2075
f 2565/49/2051 2563/47/2049 2610/47/2086
f 2565/49/2051 2610/47/2086 2612/49/2083
f 1789/28/1461 1795/30/1464 2613/30/2080
f 1789/28/1461 2613/30/2080 2602/28/2081
f 2567/51/2053 2565/49/2051 2612/49/2083
f 2567/51/2053 2612/49/2083 2614/51/2077
f 1867/60/1507 1871/62/1510 2615/62/2087
f 1867/60/1507 2615/62/2087 2604/60/2082
f 1751/18/1446 1759/20/1449 2616/20/2086
f 1751/18/1446 2616/20/2086 2605/18/2083
f 2539/53/2025 2567/51/2053 2614/51/2077
f 2539/53/2025 2614/51/2077 2617/53/2067
f 2540/55/2026 2539/53/2025 2617/53/2067
f 2540/55/2026 2617/53/2067 2618/55/2088
f 1712/8/1432 1719/10/1434 2619/10/2089
f 1712/8/1432 2619/10/2089 2608/8/2085
f 2543/3/2029 2542/2/2028 2620/2/2061
f 2543/3/2029 2620/2/2061 2621/3/2090
f 1847/50/1494 1851/52/1497 2622/52/2023
f 1847/50/1494 2622/52/2023 2609/50/2024
f 2544/57/2030 2540/55/2026 2618/55/2088
f 2544/57/2030 2618/55/2088 2623/57/2089
f 2546/5/2032 2543/3/2029 2621/3/2090
f 2546/5/2032 2621/3/2090 2624/5/2087
f 1823/40/1479 1829/42/1482 2625/42/2072
f 1823/40/1479 2625/42/2072 2611/40/2073
f 2547/59/2033 2544/57/2030 2623/57/2089
f 2547/59/2033 2623/57/2089 2626/59/2085
f 2549/7/2035 2546/5/2032 2624/5/2087
f 2549/7/2035 2624/5/2087 2627/7/2082
f 1795/30/1464 1801/32/1467 1885/32/1512
f 1795/30/1464 1885/32/1512 2613/30/2080
f 2550/61/2036 2547/59/2033 2626/59/2085
f 2550/61/2036 2626/59/2085 2628/61/2079
f 2552/9/2038 2549/7/2035 2627/7/2082
f 2552/9/2038 2627/7/2082 2629/9/2078
f 1871/62/1510 1879/64/1513 2577/64/2062
f 1871/62/1510 2577/64/2062 2615/62/2087
f 1759/20/1449 1767/22/1452 2580/22/2064
f 1759/20/1449 2580/22/2064 2616/20/2086
f 2553/63/2039 2550/61/2036 2628/61/2079
f 2553/63/2039 2628/61/2079 2630/63/2065
f 2555/11/2041 2552/9/2038 2629/9/2078
f 2555/11/2041 2629/9/2078 2631/11/2070
f 2556/65/2042 2553/63/2039 2630/63/2065
f 2556/65/2042 2630/63/2065 2632/65/2091
f 1719/10/1434 1727/12/1437 2585/12/2068
f 1719/10/1434 2585/12/2068 2619/10/2089
f 2558/13/2044 2555/11/2041 2631/11/2070
f 2558/13/2044 2631/11/2070 2633/13/2071
f 1851/52/1497 1855/54/1500 2588/54/2071
f 1851/52/1497 2588/54/2071 2622/52/2023
f 2536/15/2022 2558/13/2044 2633/13/2071
f 2536/15/2022 2633/13/2071 2537/15/2023
f 1829/42/1482 1835/44/1485 2590/44/2069
f 1829/42/1482 2590/44/2069 2625/42/2072
f 2599/37/2080 2572/35/1512 2575/35/2060
f 2599/37/2080 2575/35/2060 2638/37/2092
f 2569/48/2055 2609/50/2024 2639/50/2093
f 2569/48/2055 2639/50/2093 2570/48/2056
f 2601/39/2081 2599/37/2080 2638/37/2092
f 2601/39/2081 2638/37/2092 2640/39/2094
f 2609/50/2024 2622/52/2023 2641/52/2095
f 2609/50/2024 2641/52/2095 2639/50/2093
f 2603/41/2076 2601/39/2081 2640/39/2094
f 2603/41/2076 2640/39/2094 2642/41/2096
f 2622/52/2023 2588/54/2071 2643/54/2097
f 2622/52/2023 2643/54/2097 2641/52/2095
f 2606/43/2084 2603/41/2076 2642/41/2096
f 2606/43/2084 2642/41/2096 2644/43/2098
f 2588/54/2071 2587/56/2070 2645/56/2099
f 2588/54/2071 2645/56/2099 2643/54/2097
f 2583/1/2066 2582/4/2065 2646/4/2100
f 2583/1/2066 2646/4/2100 2647/1/2101
f 2607/45/2064 2606/43/2084 2644/43/2098
f 2607/45/2064 2644/43/2098 2648/45/2102
f 2587/56/2070 2597/58/2078 2649/58/2103
f 2587/56/2070 2649/58/2103 2645/56/2099
f 2582/4/2065 2598/6/2079 2650/6/2104
f 2582/4/2065 2650/6/2104 2646/4/2100
f 2610/47/2086 2607/45/2064 2648/45/2102
f 2610/47/2086 2648/45/2102 2651/47/2105
f 2597/58/2078 2604/60/2082 2652/60/2106
f 2597/58/2078 2652/60/2106 2649/58/2103
f 2598/6/2079 2608/8/2085 2653/8/2107
f 2598/6/2079 2653/8/2107 2650/6/2104
f 2612/49/2083 2610/47/2086 2651/47/2105
f 2612/49/2083 2651/47/2105 2654/49/2108
f 2604/60/2082 2615/62/2087 2655/62/2109
f 2604/60/2082 2655/62/2109 2652/60/2106
f 2608/8/2085 2619/10/2089 2656/10/2110
f 2608/8/2085 2656/10/2110 2653/8/2107
f 2614/51/2077 2612/49/2083 2654/49/2108
f 2614/51/2077 2654/49/2108 2657/51/2111
f 2615/62/2087 2577/64/2062 2658/64/2112
f 2615/62/2087 2658/64/2112 2655/62/2109
f 2619/10/2089 2585/12/2068 2659/12/2113
f 2619/10/2089 2659/12/2113 2656/10/2110
f 2617/53/2067 2614/51/2077 2657/51/2111
f 2617/53/2067 2657/51/2111 2660/53/2114
f 2577/64/2062 2576/66/2061 2661/66/2115
f 2577/64/2062 2661/66/2115 2658/64/2112
f 2585/12/2068 2584/14/2067 2662/14/2114
f 2585/12/2068 2662/14/2114 2659/12/2113
f 2618/55/2088 2617/53/2067 2660/53/2114
f 2618/55/2088 2660/53/2114 2663/55/2116
f 2621/3/2090 2620/2/2061 2664/2/2115
f 2621/3/2090 2664/2/2115 2665/3/2117
f 2584/14/2067 2596/16/2077 2666/16/2118
f 2584/14/2067 2666/16/2118 2662/14/2114
f 2623/57/2089 2618/55/2088 2663/55/2116
f 2623/57/2089 2663/55/2116 2667/57/2119
f 2624/5/2087 2621/3/2090 2665/3/2117
f 2624/5/2087 2665/3/2117 2668/5/2120
f 2596/16/2077 2605/18/2083 2669/18/2108
f 2596/16/2077 2669/18/2108 2666/16/2118
f 2626/59/2085 2623/57/2089 2667/57/2119
f 2626/59/2085 2667/57/2119 2670/59/2121
f 2627/7/2082 2624/5/2087 2668/5/2120
f 2627/7/2082 2668/5/2120 2671/7/2122
f 2605/18/2083 2616/20/2086 2672/20/2123
f 2605/18/2083 2672/20/2123 2669/18/2108
f 2628/61/2079 2626/59/2085 2670/59/2121
f 2628/61/2079 2670/59/2121 2673/61/2124
f 2629/9/2078 2627/7/2082 2671/7/2122
f 2629/9/2078 2671/7/2122 2674/9/2103
f 2616/20/2086 2580/22/2064 2675/22/2125
f 2616/20/2086 2675/22/2125 2672/20/2123
f 2630/63/2065 2628/61/2079 2673/61/2124
f 2630/63/2065 2673/61/2124 2676/63/2126
f 2631/11/2070 2629/9/2078 2674/9/2103
f 2631/11/2070 2674/9/2103 2677/11/2127
f 2580/22/2064 2579/24/2063 2678/24/2128
f 2580/22/2064 2678/24/2128 2675/22/2125
f 2632/65/2091 2630/63/2065 2676/63/2126
f 2632/65/2091 2676/63/2126 2679/65/2101
f 2633/13/2071 2631/11/2070 2677/11/2127
f 2633/13/2071 2677/11/2127 2680/13/2097
f 2579/24/2063 2594/26/2076 2681/26/2129
f 2579/24/2063 2681/26/2129 2678/24/2128
f 2537/15/2023 2633/13/2071 2680/13/2097
f 2537/15/2023 2680/13/2097 2682/15/2130
f 2594/26/2076 2602/28/2081 2683/28/2131
f 2594/26/2076 2683/28/2131 2681/26/2129
f 2538/17/2024 2537/15/2023 2682/15/2130
f 2538/17/2024 2682/15/2130 2684/17/2093
f 2602/28/2081 2613/30/2080 2685/30/2092
f 2602/28/2081 2685/30/2092 2683/28/2131
f 2578/19/2055 2538/17/2024 2684/17/2093
f 2578/19/2055 2684/17/2093 2686/19/2056
f 2613/30/2080 1885/32/1512 2687/32/2060
f 2613/30/2080 2687/32/2060 2685/30/2092
f 2581/21/2054 2578/19/2055 2686/19/2056
f 2581/21/2054 2686/19/2056 2688/21/2057
f 1885/32/1512 1884/34/1511 2689/34/2059
f 1885/32/1512 2689/34/2059 2687/32/2060
f 2586/23/2069 2581/21/2054 2688/21/2057
f 2586/23/2069 2688/21/2057 2690/23/2132
f 1884/34/1511 2592/36/2074 2691/36/2133
f 1884/34/1511 2691/36/2133 2689/34/2059
f 2589/25/2072 2586/23/2069 2690/23/2132
f 2589/25/2072 2690/23/2132 2692/25/2134
f 2592/36/2074 2600/38/2075 2693/38/2135
f 2592/36/2074 2693/38/2135 2691/36/2133
f 2591/27/2073 2589/25/2072 2692/25/2134
f 2591/27/2073 2692/25/2134 2694/27/2136
f 2600/38/2075 2611/40/2073 2695/40/2137
f 2600/38/2075 2695/40/2137 2693/38/2135
f 2593/29/2075 2591/27/2073 2694/27/2136
f 2593/29/2075 2694/27/2136 2696/29/2138
f 2611/40/2073 2625/42/2072 2697/42/2134
f 2611/40/2073 2697/42/2134 2695/40/2137
f 2595/31/2074 2593/29/2075 2696/29/2138
f 2595/31/2074 2696/29/2138 2698/31/2139
f 2625/42/2072 2590/44/2069 2699/44/2140
f 2625/42/2072 2699/44/2140 2697/42/2134
f 2573/33/2058 2595/31/2074 2698/31/2139
f 2573/33/2058 2698/31/2139 2574/33/2059
f 2590/44/2069 2568/46/2054 2571/46/2057
f 2590/44/2069 2571/46/2057 2699/44/2140
s 6
f 2700/62/1510 1786/61/31 1731/63/32
f 2700/62/1510 1731/63/32 1880/64/1513
f 1832/45/23 1778/43/22 1781/43/22
f 1832/45/23 1781/43/22 1833/45/23
f 2701/60/1507 1722/59/30 1786/61/31
f 2701/60/1507 1786/61/31 2700/62/1510
f 2702/58/1506 1723/57/29 1722/59/30
f 2702/58/1506 1722/59/30 2701/60/1507
f 2703/56/1503 1714/55/28 1723/57/29
f 2703/56/1503 1723/57/29 2702/58/1506
f 2704/54/1500 1715/53/27 1714/55/28
f 2704/54/1500 1714/55/28 2703/56/1503
f 2705/52/1497 1810/51/26 1715/53/27
f 2705/52/1497 1715/53/27 2704/54/1500
f 2706/50/1494 1754/49/25 1810/51/26
f 2706/50/1494 1810/51/26 2705/52/1497
f 2707/48/1491 1755/47/24 1754/49/25
f 2707/48/1491 1754/49/25 2706/50/1494
f 2708/46/1488 1832/45/23 1755/47/24
f 2708/46/1488 1755/47/24 2707/48/1491
f 2709/44/1485 1778/43/22 1832/45/23
f 2709/44/1485 1832/45/23 2708/46/1488
f 2710/42/1482 1779/41/21 1778/43/22
f 2710/42/1482 1778/43/22 2709/44/1485
f 2711/40/1479 1707/39/20 1779/41/21
f 2711/40/1479 1779/41/21 2710/42/1482
f 2712/38/1476 1708/37/19 1707/39/20
f 2712/38/1476 1707/39/20 2711/40/1479
f 2713/36/1473 1804/35/18 1708/37/19
f 2713/36/1473 1708/37/19 2712/38/1476
f 1875/34/1470 1746/33/17 1804/35/18
f 1875/34/1470 1804/35/18 2713/36/1473
f 1874/32/1467 1747/31/16 1746/33/17
f 1874/32/1467 1746/33/17 1875/34/1470
f 2714/30/1464 1826/29/15 1747/31/16
f 2714/30/1464 1747/31/16 1874/32/1467
f 2715/28/1461 1770/27/14 1826/29/15
f 2715/28/1461 1826/29/15 2714/30/1464
f 2716/26/1458 1771/25/13 1770/27/14
f 2716/26/1458 1770/27/14 2715/28/1461
f 2717/24/1455 1698/23/12 1771/25/13
f 2717/24/1455 1771/25/13 2716/26/1458
f 2718/22/1452 1699/21/11 1698/23/12
f 2718/22/1452 1698/23/12 2717/24/1455
f 2719/20/1449 1798/19/10 1699/21/11
f 2719/20/1449 1699/21/11 2718/22/1452
f 2720/18/1446 1738/17/9 1798/19/10
f 2720/18/1446 1798/19/10 2719/20/1449
f 2721/16/1443 1739/15/8 1738/17/9
f 2721/16/1443 1738/17/9 2720/18/1446
f 2722/14/1440 1820/13/7 1739/15/8
f 2722/14/1440 1739/15/8 2721/16/1443
f 2723/12/1437 1762/11/6 1820/13/7
f 2723/12/1437 1820/13/7 2722/14/1440
f 2724/10/1434 1763/9/5 1762/11/6
f 2724/10/1434 1762/11/6 2723/12/1437
f 2725/8/1432 1686/7/4 1763/9/5
f 2725/8/1432 1763/9/5 2724/10/1434
f 2726/6/1428 1687/5/3 1686/7/4
f 2726/6/1428 1686/7/4 2725/8/1432
f 2727/4/1423 1792/3/2 1687/5/3
f 2727/4/1423 1687/5/3 2726/6/1428
f 2728/1/1422 1864/2/1 1792/3/2
f 2728/1/1422 1792/3/2 2727/4/1423
f 2729/11/2141 2730/9/2142 2731/9/1628
f 2729/11/2141 2731/9/1628 2732/11/1629
f 1725/59/30 1724/57/29 2733/57/2143
f 1725/59/30 2733/57/2143 2734/59/2144
f 1749/33/17 1748/31/16 2735/31/2145
f 1749/33/17 2735/31/2145 2736/33/1633
f 1689/7/4 1688/5/3 1869/5/1509
f 1689/7/4 1869/5/1509 2737/7/2146
f 1787/61/31 1725/59/30 2734/59/2144
f 1787/61/31 2734/59/2144 2738/61/2147
f 1805/35/18 1749/33/17 2736/33/1633
f 1805/35/18 2736/33/1633 2739/35/2148
f 1764/9/5 1689/7/4 2737/7/2146
f 1764/9/5 2737/7/2146 2730/9/2142
f 1732/63/32 1787/61/31 2738/61/2147
f 1732/63/32 2738/61/2147 2740/63/2149
f 1709/37/19 1805/35/18 2739/35/2148
f 1709/37/19 2739/35/2148 2741/37/2027
f 1765/11/6 1764/9/5 2730/9/2142
f 1765/11/6 2730/9/2142 2729/11/2141
f 1733/65/33 1732/63/32 2740/63/2149
f 1733/65/33 2740/63/2149 2742/65/1639
f 1710/39/20 1709/37/19 2741/37/2027
f 1710/39/20 2741/37/2027 2743/39/2150
f 1821/13/7 1765/11/6 2729/11/2141
f 1821/13/7 2729/11/2141 2744/13/2151
f 1780/41/21 1710/39/20 2743/39/2150
f 1780/41/21 2743/39/2150 2745/41/1642
f 1740/15/8 1821/13/7 2744/13/2151
f 1740/15/8 2744/13/2151 2746/15/2152
f 1781/43/22 1780/41/21 2745/41/1642
f 1781/43/22 2745/41/1642 2747/43/2153
f 1741/17/9 1740/15/8 2746/15/2152
f 1741/17/9 2746/15/2152 2748/17/1645
f 1833/45/23 1781/43/22 2747/43/2153
f 1833/45/23 2747/43/2153 2749/45/2154
f 1799/19/10 1741/17/9 2748/17/1645
f 1799/19/10 2748/17/1645 2750/19/2155
f 1756/47/24 1833/45/23 2749/45/2154
f 1756/47/24 2749/45/2154 2751/47/2156
f 1700/21/11 1799/19/10 2750/19/2155
f 1700/21/11 2750/19/2155 2752/21/2157
f 1757/49/25 1756/47/24 2751/47/2156
f 1757/49/25 2751/47/2156 2753/49/1650
f 1701/23/12 1700/21/11 2752/21/2157
f 1701/23/12 2752/21/2157 2754/23/2158
f 1811/51/26 1757/49/25 2753/49/1650
f 1811/51/26 2753/49/1650 2755/51/2159
f 1772/25/13 1701/23/12 2754/23/2158
f 1772/25/13 2754/23/2158 2756/25/1653
f 1716/53/27 1811/51/26 2755/51/2159
f 1716/53/27 2755/51/2159 2757/53/1654
f 1773/27/14 1772/25/13 2756/25/1653
f 1773/27/14 2756/25/1653 2758/27/1655
f 1717/55/28 1716/53/27 2757/53/1654
f 1717/55/28 2757/53/1654 2759/55/1656
f 1827/29/15 1773/27/14 2758/27/1655
f 1827/29/15 2758/27/1655 2760/29/2160
f 1793/3/2 1865/2/1 2761/2/1658
f 1793/3/2 2761/2/1658 1868/3/1508
f 1724/57/29 1717/55/28 2759/55/1656
f 1724/57/29 2759/55/1656 2733/57/2143
f 1748/31/16 1827/29/15 2760/29/2160
f 1748/31/16 2760/29/2160 2735/31/2145
f 2762/21/2161 2763/19/2162 2764/19/2163
f 2762/21/2161 2764/19/2163 2765/21/1662
f 2742/65/1639 2740/63/2149 2766/63/1663
f 2742/65/1639 2766/63/1663 2767/65/1664
f 2743/39/2150 2741/37/2027 2768/37/1665
f 2743/39/2150 2768/37/1665 2769/39/1666
f 2744/13/2151 2729/11/2141 2732/11/1629
f 2744/13/2151 2732/11/1629 2770/13/2164
f 2745/41/1642 2743/39/2150 2769/39/1666
f 2745/41/1642 2769/39/1666 2771/41/1668
f 2746/15/2152 2744/13/2151 2770/13/2164
f 2746/15/2152 2770/13/2164 2772/15/1669
f 2747/43/2153 2745/41/1642 2771/41/1668
f 2747/43/2153 2771/41/1668 2773/43/1670
f 2748/17/1645 2746/15/2152 2772/15/1669
f 2748/17/1645 2772/15/1669 2774/17/1671
f 2749/45/2154 2747/43/2153 2773/43/1670
f 2749/45/2154 2773/43/1670 2775/45/1672
f 2750/19/2155 2748/17/1645 2774/17/1671
f 2750/19/2155 2774/17/1671 2763/19/2162
f 2751/47/2156 2749/45/2154 2775/45/1672
f 2751/47/2156 2775/45/1672 2776/47/2165
f 2752/21/2157 2750/19/2155 2763/19/2162
f 2752/21/2157 2763/19/2162 2762/21/2161
f 2753/49/1650 2751/47/2156 2776/47/2165
f 2753/49/1650 2776/47/2165 2777/49/2166
f 2754/23/2158 2752/21/2157 2762/21/2161
f 2754/23/2158 2762/21/2161 2778/23/2167
f 2755/51/2159 2753/49/1650 2777/49/2166
f 2755/51/2159 2777/49/2166 2779/51/1676
f 2756/25/1653 2754/23/2158 2778/23/2167
f 2756/25/1653 2778/23/2167 2780/25/2168
f 2757/53/1654 2755/51/2159 2779/51/1676
f 2757/53/1654 2779/51/1676 2781/53/1678
f 2758/27/1655 2756/25/1653 2780/25/2168
f 2758/27/1655 2780/25/2168 2782/27/1679
f 2759/55/1656 2757/53/1654 2781/53/1678
f 2759/55/1656 2781/53/1678 2783/55/1680
f 2760/29/2160 2758/27/1655 2782/27/1679
f 2760/29/2160 2782/27/1679 2784/29/1681
f 1868/3/1508 2761/2/1658 2785/2/1682
f 1868/3/1508 2785/2/1682 2786/3/2169
f 2733/57/2143 2759/55/1656 2783/55/1680
f 2733/57/2143 2783/55/1680 2787/57/1684
f 2735/31/2145 2760/29/2160 2784/29/1681
f 2735/31/2145 2784/29/1681 2788/31/1685
f 1869/5/1509 1868/3/1508 2786/3/2169
f 1869/5/1509 2786/3/2169 2789/5/1686
f 2734/59/2144 2733/57/2143 2787/57/1684
f 2734/59/2144 2787/57/1684 2790/59/1687
f 2736/33/1633 2735/31/2145 2788/31/1685
f 2736/33/1633 2788/31/1685 2791/33/2170
f 2737/7/2146 1869/5/1509 2789/5/1686
f 2737/7/2146 2789/5/1686 2792/7/2171
f 2738/61/2147 2734/59/2144 2790/59/1687
f 2738/61/2147 2790/59/1687 2793/61/1690
f 2739/35/2148 2736/33/1633 2791/33/2170
f 2739/35/2148 2791/33/2170 2794/35/1691
f 2730/9/2142 2737/7/2146 2792/7/2171
f 2730/9/2142 2792/7/2171 2731/9/1628
f 2740/63/2149 2738/61/2147 2793/61/1690
f 2740/63/2149 2793/61/1690 2766/63/1663
f 2741/37/2027 2739/35/2148 2794/35/1691
f 2741/37/2027 2794/35/1691 2768/37/1665
f 2795/27/1692 2796/25/1693 2797/25/1694
f 2795/27/1692 2797/25/1694 2798/27/1695
f 2777/49/2166 2776/47/2165 2799/47/1696
f 2777/49/2166 2799/47/1696 2800/49/1697
f 2778/23/2167 2762/21/2161 2765/21/1662
f 2778/23/2167 2765/21/1662 2801/23/1698
f 2779/51/1676 2777/49/2166 2800/49/1697
f 2779/51/1676 2800/49/1697 2802/51/1699
f 2780/25/2168 2778/23/2167 2801/23/1698
f 2780/25/2168 2801/23/1698 2796/25/1693
f 2781/53/1678 2779/51/1676 2802/51/1699
f 2781/53/1678 2802/51/1699 2803/53/1700
f 2782/27/1679 2780/25/2168 2796/25/1693
f 2782/27/1679 2796/25/1693 2795/27/1692
f 2783/55/1680 2781/53/1678 2803/53/1700
f 2783/55/1680 2803/53/1700 2804/55/1701
f 2784/29/1681 2782/27/1679 2795/27/1692
f 2784/29/1681 2795/27/1692 2805/29/1702
f 2786/3/2169 2785/2/1682 2806/2/1703
f 2786/3/2169 2806/2/1703 2807/3/1704
f 2787/57/1684 2783/55/1680 2804/55/1701
f 2787/57/1684 2804/55/1701 2808/57/1705
f 2788/31/1685 2784/29/1681 2805/29/1702
f 2788/31/1685 2805/29/1702 2809/31/1706
f 2789/5/1686 2786/3/2169 2807/3/1704
f 2789/5/1686 2807/3/1704 2810/5/1707
f 2790/59/1687 2787/57/1684 2808/57/1705
f 2790/59/1687 2808/57/1705 2811/59/2172
f 2791/33/2170 2788/31/1685 2809/31/1706
f 2791/33/2170 2809/31/1706 2812/33/1709
f 2792/7/2171 2789/5/1686 2810/5/1707
f 2792/7/2171 2810/5/1707 2813/7/1710
f 2793/61/1690 2790/59/1687 2811/59/2172
f 2793/61/1690 2811/59/2172 2814/61/1711
f 2794/35/1691 2791/33/2170 2812/33/1709
f 2794/35/1691 2812/33/1709 2815/35/1712
f 2731/9/1628 2792/7/2171 2813/7/1710
f 2731/9/1628 2813/7/1710 2816/9/1713
f 2766/63/1663 2793/61/1690 2814/61/1711
f 2766/63/1663 2814/61/1711 2817/63/1714
f 2768/37/1665 2794/35/1691 2815/35/1712
f 2768/37/1665 2815/35/1712 2818/37/1715
f 2732/11/1629 2731/9/1628 2816/9/1713
f 2732/11/1629 2816/9/1713 2819/11/2173
f 2767/65/1664 2766/63/1663 2817/63/1714
f 2767/65/1664 2817/63/1714 2820/65/1717
f 2769/39/1666 2768/37/1665 2818/37/1715
f 2769/39/1666 2818/37/1715 2821/39/1718
f 2770/13/2164 2732/11/1629 2819/11/2173
f 2770/13/2164 2819/11/2173 2822/13/1719
f 2771/41/1668 2769/39/1666 2821/39/1718
f 2771/41/1668 2821/39/1718 2823/41/1720
f 2772/15/1669 2770/13/2164 2822/13/1719
f 2772/15/1669 2822/13/1719 2824/15/1721
f 2773/43/1670 2771/41/1668 2823/41/1720
f 2773/43/1670 2823/41/1720 2825/43/1722
f 2774/17/1671 2772/15/1669 2824/15/1721
f 2774/17/1671 2824/15/1721 2826/17/1723
f 2775/45/1672 2773/43/1670 2825/43/1722
f 2775/45/1672 2825/43/1722 2827/45/1724
f 2763/19/2162 2774/17/1671 2826/17/1723
f 2763/19/2162 2826/17/1723 2764/19/2163
f 2776/47/2165 2775/45/1672 2827/45/1724
f 2776/47/2165 2827/45/1724 2799/47/1696
f 2828/33/1725 2829/31/1726 2830/31/1727
f 2828/33/1725 2830/31/1727 2831/33/1728
f 2804/55/1701 2803/53/1700 2832/53/2174
f 2804/55/1701 2832/53/2174 2833/55/1730
f 2805/29/1702 2795/27/1692 2798/27/1695
f 2805/29/1702 2798/27/1695 2834/29/1731
f 2807/3/1704 2806/2/1703 2835/2/1732
f 2807/3/1704 2835/2/1732 2836/3/1733
f 2808/57/1705 2804/55/1701 2833/55/1730
f 2808/57/1705 2833/55/1730 2837/57/1734
f 2809/31/1706 2805/29/1702 2834/29/1731
f 2809/31/1706 2834/29/1731 2829/31/1726
f 2810/5/1707 2807/3/1704 2836/3/1733
f 2810/5/1707 2836/3/1733 2838/5/1735
f 2811/59/2172 2808/57/1705 2837/57/1734
f 2811/59/2172 2837/57/1734 2839/59/1736
f 2812/33/1709 2809/31/1706 2829/31/1726
f 2812/33/1709 2829/31/1726 2828/33/1725
f 2813/7/1710 2810/5/1707 2838/5/1735
f 2813/7/1710 2838/5/1735 2840/7/1737
f 2814/61/1711 2811/59/2172 2839/59/1736
f 2814/61/1711 2839/59/1736 2841/61/1738
f 2815/35/1712 2812/33/1709 2828/33/1725
f 2815/35/1712 2828/33/1725 2842/35/1739
f 2816/9/1713 2813/7/1710 2840/7/1737
f 2816/9/1713 2840/7/1737 2843/9/1740
f 2817/63/1714 2814/61/1711 2841/61/1738
f 2817/63/1714 2841/61/1738 2844/63/1741
f 2818/37/1715 2815/35/1712 2842/35/1739
f 2818/37/1715 2842/35/1739 2845/37/1742
f 2819/11/2173 2816/9/1713 2843/9/1740
f 2819/11/2173 2843/9/1740 2846/11/1743
f 2820/65/1717 2817/63/1714 2844/63/1741
f 2820/65/1717 2844/63/1741 2847/65/1732
f 2821/39/1718 2818/37/1715 2845/37/1742
f 2821/39/1718 2845/37/1742 2848/39/1744
f 2822/13/1719 2819/11/2173 2846/11/1743
f 2822/13/1719 2846/11/1743 2849/13/2175
f 2823/41/1720 2821/39/1718 2848/39/1744
f 2823/41/1720 2848/39/1744 2850/41/1746
f 2824/15/1721 2822/13/1719 2849/13/2175
f 2824/15/1721 2849/13/2175 2851/15/1747
f 2825/43/1722 2823/41/1720 2850/41/1746
f 2825/43/1722 2850/41/1746 2852/43/1748
f 2826/17/1723 2824/15/1721 2851/15/1747
f 2826/17/1723 2851/15/1747 2853/17/1749
f 2827/45/1724 2825/43/1722 2852/43/1748
f 2827/45/1724 2852/43/1748 2854/45/1750
f 2764/19/2163 2826/17/1723 2853/17/1749
f 2764/19/2163 2853/17/1749 2855/19/2176
f 2799/47/1696 2827/45/1724 2854/45/1750
f 2799/47/1696 2854/45/1750 2856/47/2177
f 2765/21/1662 2764/19/2163 2855/19/2176
f 2765/21/1662 2855/19/2176 2857/21/1753
f 2800/49/1697 2799/47/1696 2856/47/2177
f 2800/49/1697 2856/47/2177 2858/49/1754
f 2801/23/1698 2765/21/1662 2857/21/1753
f 2801/23/1698 2857/21/1753 2859/23/1755
f 2802/51/1699 2800/49/1697 2858/49/1754
f 2802/51/1699 2858/49/1754 2860/51/1756
f 2796/25/1693 2801/23/1698 2859/23/1755
f 2796/25/1693 2859/23/1755 2797/25/1694
f 2803/53/1700 2802/51/1699 2860/51/1756
f 2803/53/1700 2860/51/1756 2832/53/2174
f 2861/39/1757 2862/37/1758 2863/37/1759
f 2861/39/1757 2863/37/1759 2864/39/2178
f 2840/7/1737 2838/5/1735 2865/5/2179
f 2840/7/1737 2865/5/2179 2866/7/2180
f 2841/61/1738 2839/59/1736 2867/59/2181
f 2841/61/1738 2867/59/2181 2868/61/2182
f 2842/35/1739 2828/33/1725 2831/33/1728
f 2842/35/1739 2831/33/1728 2869/35/1765
f 2843/9/1740 2840/7/1737 2866/7/2180
f 2843/9/1740 2866/7/2180 2870/9/1766
f 2844/63/1741 2841/61/1738 2868/61/2182
f 2844/63/1741 2868/61/2182 2871/63/1767
f 2845/37/1742 2842/35/1739 2869/35/1765
f 2845/37/1742 2869/35/1765 2862/37/1758
f 2846/11/1743 2843/9/1740 2870/9/1766
f 2846/11/1743 2870/9/1766 2872/11/1768
f 2847/65/1732 2844/63/1741 2871/63/1767
f 2847/65/1732 2871/63/1767 2873/65/1769
f 2848/39/1744 2845/37/1742 2862/37/1758
f 2848/39/1744 2862/37/1758 2861/39/1757
f 2849/13/2175 2846/11/1743 2872/11/1768
f 2849/13/2175 2872/11/1768 2874/13/1770
f 2850/41/1746 2848/39/1744 2861/39/1757
f 2850/41/1746 2861/39/1757 2875/41/2183
f 2851/15/1747 2849/13/2175 2874/13/1770
f 2851/15/1747 2874/13/1770 2876/15/1772
f 2852/43/1748 2850/41/1746 2875/41/2183
f 2852/43/1748 2875/41/2183 2877/43/1773
f 2853/17/1749 2851/15/1747 2876/15/1772
f 2853/17/1749 2876/15/1772 2878/17/1774
f 2854/45/1750 2852/43/1748 2877/43/1773
f 2854/45/1750 2877/43/1773 2879/45/1775
f 2855/19/2176 2853/17/1749 2878/17/1774
f 2855/19/2176 2878/17/1774 2880/19/1776
f 2856/47/2177 2854/45/1750 2879/45/1775
f 2856/47/2177 2879/45/1775 2881/47/1777
f 2857/21/1753 2855/19/2176 2880/19/1776
f 2857/21/1753 2880/19/1776 2882/21/1778
f 2858/49/1754 2856/47/2177 2881/47/1777
f 2858/49/1754 2881/47/1777 2883/49/1779
f 2859/23/1755 2857/21/1753 2882/21/1778
f 2859/23/1755 2882/21/1778 2884/23/1780
f 2860/51/1756 2858/49/1754 2883/49/1779
f 2860/51/1756 2883/49/1779 2885/51/1781
f 2797/25/1694 2859/23/1755 2884/23/1780
f 2797/25/1694 2884/23/1780 2886/25/1782
f 2832/53/2174 2860/51/1756 2885/51/1781
f 2832/53/2174 2885/51/1781 2887/53/1783
f 2798/27/1695 2797/25/1694 2886/25/1782
f 2798/27/1695 2886/25/1782 2888/27/2184
f 2833/55/1730 2832/53/2174 2887/53/1783
f 2833/55/1730 2887/53/1783 2889/55/1785
f 2834/29/1731 2798/27/1695 2888/27/2184
f 2834/29/1731 2888/27/2184 2890/29/1786
f 2836/3/1733 2835/2/1732 2891/2/1787
f 2836/3/1733 2891/2/1787 2892/3/2185
f 2837/57/1734 2833/55/1730 2889/55/1785
f 2837/57/1734 2889/55/1785 2893/57/1789
f 2829/31/1726 2834/29/1731 2890/29/1786
f 2829/31/1726 2890/29/1786 2830/31/1727
f 2838/5/1735 2836/3/1733 2892/3/2185
f 2838/5/1735 2892/3/2185 2865/5/2179
f 2839/59/1736 2837/57/1734 2893/57/1789
f 2839/59/1736 2893/57/1789 2867/59/2181
f 2894/45/2186 2895/43/2187 2896/43/1792
f 2894/45/2186 2896/43/1792 2897/45/1793
f 2874/13/1770 2872/11/1768 2898/11/2188
f 2874/13/1770 2898/11/2188 2899/13/1795
f 2875/41/2183 2861/39/1757 2864/39/2178
f 2875/41/2183 2864/39/2178 2900/41/1796
f 2876/15/1772 2874/13/1770 2899/13/1795
f 2876/15/1772 2899/13/1795 2901/15/1797
f 2877/43/1773 2875/41/2183 2900/41/1796
f 2877/43/1773 2900/41/1796 2895/43/2187
f 2878/17/1774 2876/15/1772 2901/15/1797
f 2878/17/1774 2901/15/1797 2902/17/1798
f 2879/45/1775 2877/43/1773 2895/43/2187
f 2879/45/1775 2895/43/2187 2894/45/2186
f 2880/19/1776 2878/17/1774 2902/17/1798
f 2880/19/1776 2902/17/1798 2903/19/1799
f 2881/47/1777 2879/45/1775 2894/45/2186
f 2881/47/1777 2894/45/2186 2904/47/2189
f 2882/21/1778 2880/19/1776 2903/19/1799
f 2882/21/1778 2903/19/1799 2905/21/2190
f 2883/49/1779 2881/47/1777 2904/47/2189
f 2883/49/1779 2904/47/2189 2906/49/1802
f 2884/23/1780 2882/21/1778 2905/21/2190
f 2884/23/1780 2905/21/2190 2907/23/2191
f 2885/51/1781 2883/49/1779 2906/49/1802
f 2885/51/1781 2906/49/1802 2908/51/1804
f 2886/25/1782 2884/23/1780 2907/23/2191
f 2886/25/1782 2907/23/2191 2909/25/2192
f 2887/53/1783 2885/51/1781 2908/51/1804
f 2887/53/1783 2908/51/1804 2910/53/2193
f 2888/27/2184 2886/25/1782 2909/25/2192
f 2888/27/2184 2909/25/2192 2911/27/2194
f 2889/55/1785 2887/53/1783 2910/53/2193
f 2889/55/1785 2910/53/2193 2912/55/2195
f 2890/29/1786 2888/27/2184 2911/27/2194
f 2890/29/1786 2911/27/2194 2913/29/2196
f 2892/3/2185 2891/2/1787 2914/2/1810
f 2892/3/2185 2914/2/1810 2915/3/1811
f 2893/57/1789 2889/55/1785 2912/55/2195
f 2893/57/1789 2912/55/2195 2916/57/1812
f 2830/31/1727 2890/29/1786 2913/29/2196
f 2830/31/1727 2913/29/2196 2917/31/1813
f 2865/5/2179 2892/3/2185 2915/3/1811
f 2865/5/2179 2915/3/1811 2918/5/1814
f 2867/59/2181 2893/57/1789 2916/57/1812
f 2867/59/2181 2916/57/1812 2919/59/1815
f 2831/33/1728 2830/31/1727 2917/31/1813
f 2831/33/1728 2917/31/1813 2920/33/1816
f 2866/7/2180 2865/5/2179 2918/5/1814
f 2866/7/2180 2918/5/1814 2921/7/1817
f 2868/61/2182 2867/59/2181 2919/59/1815
f 2868/61/2182 2919/59/1815 2922/61/1818
f 2869/35/1765 2831/33/1728 2920/33/1816
f 2869/35/1765 2920/33/1816 2923/35/1819
f 2870/9/1766 2866/7/2180 2921/7/1817
f 2870/9/1766 2921/7/1817 2924/9/2197
f 2871/63/1767 2868/61/2182 2922/61/1818
f 2871/63/1767 2922/61/1818 2925/63/1821
f 2862/37/1758 2869/35/1765 2923/35/1819
f 2862/37/1758 2923/35/1819 2863/37/1759
f 2872/11/1768 2870/9/1766 2924/9/2197
f 2872/11/1768 2924/9/2197 2898/11/2188
f 2873/65/1769 2871/63/1767 2925/63/1821
f 2873/65/1769 2925/63/1821 2926/65/1822
f 2927/51/2198 2928/49/2199 2929/49/1825
f 2927/51/2198 2929/49/1825 2930/51/1826
f 2903/19/1799 2902/17/1798 2931/17/1827
f 2903/19/1799 2931/17/1827 2932/19/1828
f 2904/47/2189 2894/45/2186 2897/45/1793
f 2904/47/2189 2897/45/1793 2933/47/2200
f 2905/21/2190 2903/19/1799 2932/19/1828
f 2905/21/2190 2932/19/1828 2934/21/2201
f 2906/49/1802 2904/47/2189 2933/47/2200
f 2906/49/1802 2933/47/2200 2928/49/2199
f 2907/23/2191 2905/21/2190 2934/21/2201
f 2907/23/2191 2934/21/2201 2935/23/1831
f 2908/51/1804 2906/49/1802 2928/49/2199
f 2908/51/1804 2928/49/2199 2927/51/2198
f 2909/25/2192 2907/23/2191 2935/23/1831
f 2909/25/2192 2935/23/1831 2936/25/2202
f 2910/53/2193 2908/51/1804 2927/51/2198
f 2910/53/2193 2927/51/2198 2937/53/1833
f 2911/27/2194 2909/25/2192 2936/25/2202
f 2911/27/2194 2936/25/2202 2938/27/1834
f 2912/55/2195 2910/53/2193 2937/53/1833
f 2912/55/2195 2937/53/1833 2939/55/1835
f 2913/29/2196 2911/27/2194 2938/27/1834
f 2913/29/2196 2938/27/1834 2940/29/2203
f 2915/3/1811 2914/2/1810 2941/2/1837
f 2915/3/1811 2941/2/1837 2942/3/1838
f 2916/57/1812 2912/55/2195 2939/55/1835
f 2916/57/1812 2939/55/1835 2943/57/1839
f 2917/31/1813 2913/29/2196 2940/29/2203
f 2917/31/1813 2940/29/2203 2944/31/1840
f 2918/5/1814 2915/3/1811 2942/3/1838
f 2918/5/1814 2942/3/1838 2945/5/2204
f 2919/59/1815 2916/57/1812 2943/57/1839
f 2919/59/1815 2943/57/1839 2946/59/1842
f 2920/33/1816 2917/31/1813 2944/31/1840
f 2920/33/1816 2944/31/1840 2947/33/1843
f 2921/7/1817 2918/5/1814 2945/5/2204
f 2921/7/1817 2945/5/2204 2948/7/1844
f 2922/61/1818 2919/59/1815 2946/59/1842
f 2922/61/1818 2946/59/1842 2949/61/1845
f 2923/35/1819 2920/33/1816 2947/33/1843
f 2923/35/1819 2947/33/1843 2950/35/1846
f 2924/9/2197 2921/7/1817 2948/7/1844
f 2924/9/2197 2948/7/1844 2951/9/1847
f 2925/63/1821 2922/61/1818 2949/61/1845
f 2925/63/1821 2949/61/1845 2952/63/1848
f 2863/37/1759 2923/35/1819 2950/35/1846
f 2863/37/1759 2950/35/1846 2953/37/1849
f 2898/11/2188 2924/9/2197 2951/9/1847
f 2898/11/2188 2951/9/1847 2954/11/2205
f 2926/65/1822 2925/63/1821 2952/63/1848
f 2926/65/1822 2952/63/1848 2955/65/2206
f 2864/39/2178 2863/37/1759 2953/37/1849
f 2864/39/2178 2953/37/1849 2956/39/1852
f 2899/13/1795 2898/11/2188 2954/11/2205
f 2899/13/1795 2954/11/2205 2957/13/2207
f 2900/41/1796 2864/39/2178 2956/39/1852
f 2900/41/1796 2956/39/1852 2958/41/1854
f 2901/15/1797 2899/13/1795 2957/13/2207
f 2901/15/1797 2957/13/2207 2959/15/1855
f 2895/43/2187 2900/41/1796 2958/41/1854
f 2895/43/2187 2958/41/1854 2896/43/1792
f 2902/17/1798 2901/15/1797 2959/15/1855
f 2902/17/1798 2959/15/1855 2931/17/1827
f 2960/3/1856 2961/2/1857 2962/2/1858
f 2960/3/1856 2962/2/1858 2963/3/1859
f 2936/25/2202 2935/23/1831 2964/23/1860
f 2936/25/2202 2964/23/1860 2965/25/2208
f 2937/53/1833 2927/51/2198 2930/51/1826
f 2937/53/1833 2930/51/1826 2966/53/1862
f 2938/27/1834 2936/25/2202 2965/25/2208
f 2938/27/1834 2965/25/2208 2967/27/1863
f 2939/55/1835 2937/53/1833 2966/53/1862
f 2939/55/1835 2966/53/1862 2968/55/1864
f 2940/29/2203 2938/27/1834 2967/27/1863
f 2940/29/2203 2967/27/1863 2969/29/1865
f 2942/3/1838 2941/2/1837 2961/2/1857
f 2942/3/1838 2961/2/1857 2960/3/1856
f 2943/57/1839 2939/55/1835 2968/55/1864
f 2943/57/1839 2968/55/1864 2970/57/1866
f 2944/31/1840 2940/29/2203 2969/29/1865
f 2944/31/1840 2969/29/1865 2971/31/1867
f 2945/5/2204 2942/3/1838 2960/3/1856
f 2945/5/2204 2960/3/1856 2972/5/1868
f 2946/59/1842 2943/57/1839 2970/57/1866
f 2946/59/1842 2970/57/1866 2973/59/1869
f 2947/33/1843 2944/31/1840 2971/31/1867
f 2947/33/1843 2971/31/1867 2974/33/1870
f 2948/7/1844 2945/5/2204 2972/5/1868
f 2948/7/1844 2972/5/1868 2975/7/1871
f 2949/61/1845 2946/59/1842 2973/59/1869
f 2949/61/1845 2973/59/1869 2976/61/1872
f 2950/35/1846 2947/33/1843 2974/33/1870
f 2950/35/1846 2974/33/1870 2977/35/2209
f 2951/9/1847 2948/7/1844 2975/7/1871
f 2951/9/1847 2975/7/1871 2978/9/1874
f 2952/63/1848 2949/61/1845 2976/61/1872
f 2952/63/1848 2976/61/1872 2979/63/1875
f 2953/37/1849 2950/35/1846 2977/35/2209
f 2953/37/1849 2977/35/2209 2980/37/1876
f 2954/11/2205 2951/9/1847 2978/9/1874
f 2954/11/2205 2978/9/1874 2981/11/1877
f 2955/65/2206 2952/63/1848 2979/63/1875
f 2955/65/2206 2979/63/1875 2982/65/1878
f 2956/39/1852 2953/37/1849 2980/37/1876
f 2956/39/1852 2980/37/1876 2983/39/1879
f 2957/13/2207 2954/11/2205 2981/11/1877
f 2957/13/2207 2981/11/1877 2984/13/2210
f 2958/41/1854 2956/39/1852 2983/39/1879
f 2958/41/1854 2983/39/1879 2985/41/2211
f 2959/15/1855 2957/13/2207 2984/13/2210
f 2959/15/1855 2984/13/2210 2986/15/2212
f 2896/43/1792 2958/41/1854 2985/41/2211
f 2896/43/1792 2985/41/2211 2987/43/1883
f 2931/17/1827 2959/15/1855 2986/15/2212
f 2931/17/1827 2986/15/2212 2988/17/1884
f 2897/45/1793 2896/43/1792 2987/43/1883
f 2897/45/1793 2987/43/1883 2989/45/1885
f 2932/19/1828 2931/17/1827 2988/17/1884
f 2932/19/1828 2988/17/1884 2990/19/1886
f 2933/47/2200 2897/45/1793 2989/45/1885
f 2933/47/2200 2989/45/1885 2991/47/1887
f 2934/21/2201 2932/19/1828 2990/19/1886
f 2934/21/2201 2990/19/1886 2992/21/1888
f 2928/49/2199 2933/47/2200 2991/47/1887
f 2928/49/2199 2991/47/1887 2929/49/1825
f 2935/23/1831 2934/21/2201 2992/21/1888
f 2935/23/1831 2992/21/1888 2964/23/1860
f 2993/9/2213 2994/7/1890 2995/7/1891
f 2993/9/2213 2995/7/1891 2996/9/1892
f 2970/57/1866 2968/55/1864 2997/55/1893
f 2970/57/1866 2997/55/1893 2998/57/1894
f 2971/31/1867 2969/29/1865 2999/29/1895
f 2971/31/1867 2999/29/1895 3000/31/1896
f 2972/5/1868 2960/3/1856 2963/3/1859
f 2972/5/1868 2963/3/1859 3001/5/1897
f 2973/59/1869 2970/57/1866 2998/57/1894
f 2973/59/1869 2998/57/1894 3002/59/1898
f 2974/33/1870 2971/31/1867 3000/31/1896
f 2974/33/1870 3000/31/1896 3003/33/1899
f 2975/7/1871 2972/5/1868 3001/5/1897
f 2975/7/1871 3001/5/1897 2994/7/1890
f 2976/61/1872 2973/59/1869 3002/59/1898
f 2976/61/1872 3002/59/1898 3004/61/1900
f 2977/35/2209 2974/33/1870 3003/33/1899
f 2977/35/2209 3003/33/1899 3005/35/1901
f 2978/9/1874 2975/7/1871 2994/7/1890
f 2978/9/1874 2994/7/1890 2993/9/2213
f 2979/63/1875 2976/61/1872 3004/61/1900
f 2979/63/1875 3004/61/1900 3006/63/1902
f 2980/37/1876 2977/35/2209 3005/35/1901
f 2980/37/1876 3005/35/1901 3007/37/1903
f 2981/11/1877 2978/9/1874 2993/9/2213
f 2981/11/1877 2993/9/2213 3008/11/1904
f 2982/65/1878 2979/63/1875 3006/63/1902
f 2982/65/1878 3006/63/1902 3009/65/1905
f 2983/39/1879 2980/37/1876 3007/37/1903
f 2983/39/1879 3007/37/1903 3010/39/1906
f 2984/13/2210 2981/11/1877 3008/11/1904
f 2984/13/2210 3008/11/1904 3011/13/1907
f 2985/41/2211 2983/39/1879 3010/39/1906
f 2985/41/2211 3010/39/1906 3012/41/1908
f 2986/15/2212 2984/13/2210 3011/13/1907
f 2986/15/2212 3011/13/1907 3013/15/1909
f 2987/43/1883 2985/41/2211 3012/41/1908
f 2987/43/1883 3012/41/1908 3014/43/1910
f 2988/17/1884 2986/15/2212 3013/15/1909
f 2988/17/1884 3013/15/1909 3015/17/1911
f 2989/45/1885 2987/43/1883 3014/43/1910
f 2989/45/1885 3014/43/1910 3016/45/1912
f 2990/19/1886 2988/17/1884 3015/17/1911
f 2990/19/1886 3015/17/1911 3017/19/1913
f 2991/47/1887 2989/45/1885 3016/45/1912
f 2991/47/1887 3016/45/1912 3018/47/1914
f 2992/21/1888 2990/19/1886 3017/19/1913
f 2992/21/1888 3017/19/1913 3019/21/1915
f 2929/49/1825 2991/47/1887 3018/47/1914
f 2929/49/1825 3018/47/1914 3020/49/2214
f 2964/23/1860 2992/21/1888 3019/21/1915
f 2964/23/1860 3019/21/1915 3021/23/1917
f 2930/51/1826 2929/49/1825 3020/49/2214
f 2930/51/1826 3020/49/2214 3022/51/1918
f 2965/25/2208 2964/23/1860 3021/23/1917
f 2965/25/2208 3021/23/1917 3023/25/1919
f 2966/53/1862 2930/51/1826 3022/51/1918
f 2966/53/1862 3022/51/1918 3024/53/1920
f 2967/27/1863 2965/25/2208 3023/25/1919
f 2967/27/1863 3023/25/1919 3025/27/1921
f 2968/55/1864 2966/53/1862 3024/53/1920
f 2968/55/1864 3024/53/1920 2997/55/1893
f 2969/29/1865 2967/27/1863 3025/27/1921
f 2969/29/1865 3025/27/1921 2999/29/1895
f 3026/15/1922 3027/13/2215 3028/13/1924
f 3026/15/1922 3028/13/1924 3029/15/1925
f 3006/63/1902 3004/61/1900 3030/61/2216
f 3006/63/1902 3030/61/2216 3031/63/1927
f 3007/37/1903 3005/35/1901 3032/35/2217
f 3007/37/1903 3032/35/2217 3033/37/1929
f 3008/11/1904 2993/9/2213 2996/9/1892
f 3008/11/1904 2996/9/1892 3034/11/1930
f 3009/65/1905 3006/63/1902 3031/63/1927
f 3009/65/1905 3031/63/1927 3035/65/1931
f 3010/39/1906 3007/37/1903 3033/37/1929
f 3010/39/1906 3033/37/1929 3036/39/1932
f 3011/13/1907 3008/11/1904 3034/11/1930
f 3011/13/1907 3034/11/1930 3027/13/2215
f 3012/41/1908 3010/39/1906 3036/39/1932
f 3012/41/1908 3036/39/1932 3037/41/1933
f 3013/15/1909 3011/13/1907 3027/13/2215
f 3013/15/1909 3027/13/2215 3026/15/1922
f 3014/43/1910 3012/41/1908 3037/41/1933
f 3014/43/1910 3037/41/1933 3038/43/1934
f 3015/17/1911 3013/15/1909 3026/15/1922
f 3015/17/1911 3026/15/1922 3039/17/1935
f 3016/45/1912 3014/43/1910 3038/43/1934
f 3016/45/1912 3038/43/1934 3040/45/1936
f 3017/19/1913 3015/17/1911 3039/17/1935
f 3017/19/1913 3039/17/1935 3041/19/1937
f 3018/47/1914 3016/45/1912 3040/45/1936
f 3018/47/1914 3040/45/1936 3042/47/1938
f 3019/21/1915 3017/19/1913 3041/19/1937
f 3019/21/1915 3041/19/1937 3043/21/1939
f 3020/49/2214 3018/47/1914 3042/47/1938
f 3020/49/2214 3042/47/1938 3044/49/2218
f 3021/23/1917 3019/21/1915 3043/21/1939
f 3021/23/1917 3043/21/1939 3045/23/1941
f 3022/51/1918 3020/49/2214 3044/49/2218
f 3022/51/1918 3044/49/2218 3046/51/1942
f 3023/25/1919 3021/23/1917 3045/23/1941
f 3023/25/1919 3045/23/1941 3047/25/1943
f 3024/53/1920 3022/51/1918 3046/51/1942
f 3024/53/1920 3046/51/1942 3048/53/1944
f 3025/27/1921 3023/25/1919 3047/25/1943
f 3025/27/1921 3047/25/1943 3049/27/1945
f 2997/55/1893 3024/53/1920 3048/53/1944
f 2997/55/1893 3048/53/1944 3050/55/1946
f 2999/29/1895 3025/27/1921 3049/27/1945
f 2999/29/1895 3049/27/1945 3051/29/2219
f 2963/3/1859 2962/2/1858 3052/2/1948
f 2963/3/1859 3052/2/1948 3053/3/1949
f 2998/57/1894 2997/55/1893 3050/55/1946
f 2998/57/1894 3050/55/1946 3054/57/1950
f 3000/31/1896 2999/29/1895 3051/29/2219
f 3000/31/1896 3051/29/2219 3055/31/1951
f 3001/5/1897 2963/3/1859 3053/3/1949
f 3001/5/1897 3053/3/1949 3056/5/1952
f 3002/59/1898 2998/57/1894 3054/57/1950
f 3002/59/1898 3054/57/1950 3057/59/1953
f 3003/33/1899 3000/31/1896 3055/31/1951
f 3003/33/1899 3055/31/1951 3058/33/1954
f 2994/7/1890 3001/5/1897 3056/5/1952
f 2994/7/1890 3056/5/1952 2995/7/1891
f 3004/61/1900 3002/59/1898 3057/59/1953
f 3004/61/1900 3057/59/1953 3030/61/2216
f 3005/35/1901 3003/33/1899 3058/33/1954
f 3005/35/1901 3058/33/1954 3032/35/2217
f 3059/21/1955 3060/19/1956 3061/19/2220
f 3059/21/1955 3061/19/2220 3062/21/1958
f 3038/43/1934 3037/41/1933 3063/41/1959
f 3038/43/1934 3063/41/1959 3064/43/1960
f 3039/17/1935 3026/15/1922 3029/15/1925
f 3039/17/1935 3029/15/1925 3065/17/1961
f 3040/45/1936 3038/43/1934 3064/43/1960
f 3040/45/1936 3064/43/1960 3066/45/2221
f 3041/19/1937 3039/17/1935 3065/17/1961
f 3041/19/1937 3065/17/1961 3060/19/1956
f 3042/47/1938 3040/45/1936 3066/45/2221
f 3042/47/1938 3066/45/2221 3067/47/1963
f 3043/21/1939 3041/19/1937 3060/19/1956
f 3043/21/1939 3060/19/1956 3059/21/1955
f 3044/49/2218 3042/47/1938 3067/47/1963
f 3044/49/2218 3067/47/1963 3068/49/1964
f 3045/23/1941 3043/21/1939 3059/21/1955
f 3045/23/1941 3059/21/1955 3069/23/1965
f 3046/51/1942 3044/49/2218 3068/49/1964
f 3046/51/1942 3068/49/1964 3070/51/1966
f 3047/25/1943 3045/23/1941 3069/23/1965
f 3047/25/1943 3069/23/1965 3071/25/2222
f 3048/53/1944 3046/51/1942 3070/51/1966
f 3048/53/1944 3070/51/1966 3072/53/1968
f 3049/27/1945 3047/25/1943 3071/25/2222
f 3049/27/1945 3071/25/2222 3073/27/1969
f 3050/55/1946 3048/53/1944 3072/53/1968
f 3050/55/1946 3072/53/1968 3074/55/1970
f 3051/29/2219 3049/27/1945 3073/27/1969
f 3051/29/2219 3073/27/1969 3075/29/1971
f 3053/3/1949 3052/2/1948 3076/2/1972
f 3053/3/1949 3076/2/1972 3077/3/1973
f 3054/57/1950 3050/55/1946 3074/55/1970
f 3054/57/1950 3074/55/1970 3078/57/1974
f 3055/31/1951 3051/29/2219 3075/29/1971
f 3055/31/1951 3075/29/1971 3079/31/1975
f 3056/5/1952 3053/3/1949 3077/3/1973
f 3056/5/1952 3077/3/1973 3080/5/1976
f 3057/59/1953 3054/57/1950 3078/57/1974
f 3057/59/1953 3078/57/1974 3081/59/1977
f 3058/33/1954 3055/31/1951 3079/31/1975
f 3058/33/1954 3079/31/1975 3082/33/1978
f 2995/7/1891 3056/5/1952 3080/5/1976
f 2995/7/1891 3080/5/1976 3083/7/1979
f 3030/61/2216 3057/59/1953 3081/59/1977
f 3030/61/2216 3081/59/1977 3084/61/1980
f 3032/35/2217 3058/33/1954 3082/33/1978
f 3032/35/2217 3082/33/1978 3085/35/1981
f 2996/9/1892 2995/7/1891 3083/7/1979
f 2996/9/1892 3083/7/1979 3086/9/2223
f 3031/63/1927 3030/61/2216 3084/61/1980
f 3031/63/1927 3084/61/1980 3087/63/1983
f 3033/37/1929 3032/35/2217 3085/35/1981
f 3033/37/1929 3085/35/1981 3088/37/1984
f 3034/11/1930 2996/9/1892 3086/9/2223
f 3034/11/1930 3086/9/2223 3089/11/1985
f 3035/65/1931 3031/63/1927 3087/63/1983
f 3035/65/1931 3087/63/1983 3090/65/1986
f 3036/39/1932 3033/37/1929 3088/37/1984
f 3036/39/1932 3088/37/1984 3091/39/1987
f 3027/13/2215 3034/11/1930 3089/11/1985
f 3027/13/2215 3089/11/1985 3028/13/1924
f 3037/41/1933 3036/39/1932 3091/39/1987
f 3037/41/1933 3091/39/1987 3063/41/1959
f 3092/27/1988 3093/25/1989 3094/25/1990
f 3092/27/1988 3094/25/1990 3095/27/1991
f 3068/49/1964 3067/47/1963 3096/47/1992
f 3068/49/1964 3096/47/1992 3097/49/1993
f 3069/23/1965 3059/21/1955 3062/21/1958
f 3069/23/1965 3062/21/1958 3098/23/1994
f 3070/51/1966 3068/49/1964 3097/49/1993
f 3070/51/1966 3097/49/1993 3099/51/1995
f 3071/25/2222 3069/23/1965 3098/23/1994
f 3071/25/2222 3098/23/1994 3093/25/1989
f 3072/53/1968 3070/51/1966 3099/51/1995
f 3072/53/1968 3099/51/1995 3100/53/1996
f 3073/27/1969 3071/25/2222 3093/25/1989
f 3073/27/1969 3093/25/1989 3092/27/1988
f 3074/55/1970 3072/53/1968 3100/53/1996
f 3074/55/1970 3100/53/1996 3101/55/1997
f 3075/29/1971 3073/27/1969 3092/27/1988
f 3075/29/1971 3092/27/1988 3102/29/1998
f 3077/3/1973 3076/2/1972 3103/2/1999
f 3077/3/1973 3103/2/1999 3104/3/2000
f 3078/57/1974 3074/55/1970 3101/55/1997
f 3078/57/1974 3101/55/1997 3105/57/2001
f 3079/31/1975 3075/29/1971 3102/29/1998
f 3079/31/1975 3102/29/1998 3106/31/2002
f 3080/5/1976 3077/3/1973 3104/3/2000
f 3080/5/1976 3104/3/2000 3107/5/2003
f 3081/59/1977 3078/57/1974 3105/57/2001
f 3081/59/1977 3105/57/2001 3108/59/2004
f 3082/33/1978 3079/31/1975 3106/31/2002
f 3082/33/1978 3106/31/2002 3109/33/2005
f 3083/7/1979 3080/5/1976 3107/5/2003
f 3083/7/1979 3107/5/2003 3110/7/2006
f 3084/61/1980 3081/59/1977 3108/59/2004
f 3084/61/1980 3108/59/2004 3111/61/2224
f 3085/35/1981 3082/33/1978 3109/33/2005
f 3085/35/1981 3109/33/2005 3112/35/2008
f 3086/9/2223 3083/7/1979 3110/7/2006
f 3086/9/2223 3110/7/2006 3113/9/2009
f 3087/63/1983 3084/61/1980 3111/61/2224
f 3087/63/1983 3111/61/2224 3114/63/2010
f 3088/37/1984 3085/35/1981 3112/35/2008
f 3088/37/1984 3112/35/2008 3115/37/2011
f 3089/11/1985 3086/9/2223 3113/9/2009
f 3089/11/1985 3113/9/2009 3116/11/2012
f 3090/65/1986 3087/63/1983 3114/63/2010
f 3090/65/1986 3114/63/2010 3117/65/2013
f 3091/39/1987 3088/37/1984 3115/37/2011
f 3091/39/1987 3115/37/2011 3118/39/2014
f 3028/13/1924 3089/11/1985 3116/11/2012
f 3028/13/1924 3116/11/2012 3119/13/2015
f 3063/41/1959 3091/39/1987 3118/39/2014
f 3063/41/1959 3118/39/2014 3120/41/2016
f 3029/15/1925 3028/13/1924 3119/13/2015
f 3029/15/1925 3119/13/2015 3121/15/2225
f 3064/43/1960 3063/41/1959 3120/41/2016
f 3064/43/1960 3120/41/2016 3122/43/2018
f 3065/17/1961 3029/15/1925 3121/15/2225
f 3065/17/1961 3121/15/2225 3123/17/2019
f 3066/45/2221 3064/43/1960 3122/43/2018
f 3066/45/2221 3122/43/2018 3124/45/2020
f 3060/19/1956 3065/17/1961 3123/17/2019
f 3060/19/1956 3123/17/2019 3061/19/2220
f 3067/47/1963 3066/45/2221 3124/45/2020
f 3067/47/1963 3124/45/2020 3096/47/1992
f 3125/17/2021 3126/15/2022 3127/15/2023
f 3125/17/2021 3127/15/2023 3128/17/2024
f 3101/55/1997 3100/53/1996 3129/53/2025
f 3101/55/1997 3129/53/2025 3130/55/2026
f 3102/29/1998 3092/27/1988 3095/27/1991
f 3102/29/1998 3095/27/1991 3131/29/2027
f 3104/3/2000 3103/2/1999 3132/2/2028
f 3104/3/2000 3132/2/2028 3133/3/2029
f 3105/57/2001 3101/55/1997 3130/55/2026
f 3105/57/2001 3130/55/2026 3134/57/2030
f 3106/31/2002 3102/29/1998 3131/29/2027
f 3106/31/2002 3131/29/2027 3135/31/2031
f 3107/5/2003 3104/3/2000 3133/3/2029
f 3107/5/2003 3133/3/2029 3136/5/2032
f 3108/59/2004 3105/57/2001 3134/57/2030
f 3108/59/2004 3134/57/2030 3137/59/2033
f 3109/33/2005 3106/31/2002 3135/31/2031
f 3109/33/2005 3135/31/2031 3138/33/2034
f 3110/7/2006 3107/5/2003 3136/5/2032
f 3110/7/2006 3136/5/2032 3139/7/2035
f 3111/61/2224 3108/59/2004 3137/59/2033
f 3111/61/2224 3137/59/2033 3140/61/2036
f 3112/35/2008 3109/33/2005 3138/33/2034
f 3112/35/2008 3138/33/2034 3141/35/2037
f 3113/9/2009 3110/7/2006 3139/7/2035
f 3113/9/2009 3139/7/2035 3142/9/2038
f 3114/63/2010 3111/61/2224 3140/61/2036
f 3114/63/2010 3140/61/2036 3143/63/2039
f 3115/37/2011 3112/35/2008 3141/35/2037
f 3115/37/2011 3141/35/2037 3144/37/2040
f 3116/11/2012 3113/9/2009 3142/9/2038
f 3116/11/2012 3142/9/2038 3145/11/2041
f 3117/65/2013 3114/63/2010 3143/63/2039
f 3117/65/2013 3143/63/2039 3146/65/2042
f 3118/39/2014 3115/37/2011 3144/37/2040
f 3118/39/2014 3144/37/2040 3147/39/2043
f 3119/13/2015 3116/11/2012 3145/11/2041
f 3119/13/2015 3145/11/2041 3148/13/2044
f 3120/41/2016 3118/39/2014 3147/39/2043
f 3120/41/2016 3147/39/2043 3149/41/2045
f 3121/15/2225 3119/13/2015 3148/13/2044
f 3121/15/2225 3148/13/2044 3126/15/2022
f 3122/43/2018 3120/41/2016 3149/41/2045
f 3122/43/2018 3149/41/2045 3150/43/2046
f 3123/17/2019 3121/15/2225 3126/15/2022
f 3123/17/2019 3126/15/2022 3125/17/2021
f 3124/45/2020 3122/43/2018 3150/43/2046
f 3124/45/2020 3150/43/2046 3151/45/2047
f 3061/19/2220 3123/17/2019 3125/17/2021
f 3061/19/2220 3125/17/2021 3152/19/2048
f 3096/47/1992 3124/45/2020 3151/45/2047
f 3096/47/1992 3151/45/2047 3153/47/2049
f 3062/21/1958 3061/19/2220 3152/19/2048
f 3062/21/1958 3152/19/2048 3154/21/2050
f 3097/49/1993 3096/47/1992 3153/47/2049
f 3097/49/1993 3153/47/2049 3155/49/2051
f 3098/23/1994 3062/21/1958 3154/21/2050
f 3098/23/1994 3154/21/2050 3156/23/2052
f 3099/51/1995 3097/49/1993 3155/49/2051
f 3099/51/1995 3155/49/2051 3157/51/2053
f 3093/25/1989 3098/23/1994 3156/23/2052
f 3093/25/1989 3156/23/2052 3094/25/1990
f 3100/53/1996 3099/51/1995 3157/51/2053
f 3100/53/1996 3157/51/2053 3129/53/2025
f 3158/46/2054 3159/48/2055 3160/48/2056
f 3158/46/2054 3160/48/2056 3161/46/2057
f 3162/35/1512 3163/33/2058 3164/33/2059
f 3162/35/1512 3164/33/2059 3165/35/2060
f 1880/64/1513 1881/66/1514 3166/66/2061
f 1880/64/1513 3166/66/2061 3167/64/2062
f 3152/19/2048 3125/17/2021 3128/17/2024
f 3152/19/2048 3128/17/2024 3168/19/2055
f 2718/22/1452 2717/24/1455 3169/24/2063
f 2718/22/1452 3169/24/2063 3170/22/2064
f 3154/21/2050 3152/19/2048 3168/19/2055
f 3154/21/2050 3168/19/2055 3171/21/2054
f 2728/1/1422 2727/4/1423 3172/4/2065
f 2728/1/1422 3172/4/2065 3173/1/2066
f 2723/12/1437 2722/14/1440 3174/14/2067
f 2723/12/1437 3174/14/2067 3175/12/2068
f 3156/23/2052 3154/21/2050 3171/21/2054
f 3156/23/2052 3171/21/2054 3176/23/2069
f 2704/54/1500 2703/56/1503 3177/56/2070
f 2704/54/1500 3177/56/2070 3178/54/2071
f 3094/25/1990 3156/23/2052 3176/23/2069
f 3094/25/1990 3176/23/2069 3179/25/2072
f 2709/44/1485 2708/46/1488 3158/46/2054
f 2709/44/1485 3158/46/2054 3180/44/2069
f 3095/27/1991 3094/25/1990 3179/25/2072
f 3095/27/1991 3179/25/2072 3181/27/2073
f 1875/34/1470 2713/36/1473 3182/36/2074
f 1875/34/1470 3182/36/2074 1876/34/1511
f 3131/29/2027 3095/27/1991 3181/27/2073
f 3131/29/2027 3181/27/2073 3183/29/2075
f 2717/24/1455 2716/26/1458 3184/26/2076
f 2717/24/1455 3184/26/2076 3169/24/2063
f 3135/31/2031 3131/29/2027 3183/29/2075
f 3135/31/2031 3183/29/2075 3185/31/2074
f 2722/14/1440 2721/16/1443 3186/16/2077
f 2722/14/1440 3186/16/2077 3174/14/2067
f 2703/56/1503 2702/58/1506 3187/58/2078
f 2703/56/1503 3187/58/2078 3177/56/2070
f 3138/33/2034 3135/31/2031 3185/31/2074
f 3138/33/2034 3185/31/2074 3163/33/2058
f 3141/35/2037 3138/33/2034 3163/33/2058
f 3141/35/2037 3163/33/2058 3162/35/1512
f 2727/4/1423 2726/6/1428 3188/6/2079
f 2727/4/1423 3188/6/2079 3172/4/2065
f 2708/46/1488 2707/48/1491 3159/48/2055
f 2708/46/1488 3159/48/2055 3158/46/2054
f 3144/37/2040 3141/35/2037 3162/35/1512
f 3144/37/2040 3162/35/1512 3189/37/2080
f 2713/36/1473 2712/38/1476 3190/38/2075
f 2713/36/1473 3190/38/2075 3182/36/2074
f 3147/39/2043 3144/37/2040 3189/37/2080
f 3147/39/2043 3189/37/2080 3191/39/2081
f 2716/26/1458 2715/28/1461 3192/28/2081
f 2716/26/1458 3192/28/2081 3184/26/2076
f 3149/41/2045 3147/39/2043 3191/39/2081
f 3149/41/2045 3191/39/2081 3193/41/2076
f 2702/58/1506 2701/60/1507 3194/60/2082
f 2702/58/1506 3194/60/2082 3187/58/2078
f 2721/16/1443 2720/18/1446 3195/18/2083
f 2721/16/1443 3195/18/2083 3186/16/2077
f 3150/43/2046 3149/41/2045 3193/41/2076
f 3150/43/2046 3193/41/2076 3196/43/2063
f 3151/45/2047 3150/43/2046 3196/43/2063
f 3151/45/2047 3196/43/2063 3197/45/2064
f 2726/6/1428 2725/8/1432 3198/8/2085
f 2726/6/1428 3198/8/2085 3188/6/2079
f 2707/48/1491 2706/50/1494 3199/50/2024
f 2707/48/1491 3199/50/2024 3159/48/2055
f 3153/47/2049 3151/45/2047 3197/45/2064
f 3153/47/2049 3197/45/2064 3200/47/2086
f 2712/38/1476 2711/40/1479 3201/40/2073
f 2712/38/1476 3201/40/2073 3190/38/2075
f 3155/49/2051 3153/47/2049 3200/47/2086
f 3155/49/2051 3200/47/2086 3202/49/2083
f 2715/28/1461 2714/30/1464 3203/30/2080
f 2715/28/1461 3203/30/2080 3192/28/2081
f 3157/51/2053 3155/49/2051 3202/49/2083
f 3157/51/2053 3202/49/2083 3204/51/2077
f 2701/60/1507 2700/62/1510 3205/62/2087
f 2701/60/1507 3205/62/2087 3194/60/2082
f 2720/18/1446 2719/20/1449 3206/20/2086
f 2720/18/1446 3206/20/2086 3195/18/2083
f 3129/53/2025 3157/51/2053 3204/51/2077
f 3129/53/2025 3204/51/2077 3207/53/2067
f 3130/55/2026 3129/53/2025 3207/53/2067
f 3130/55/2026 3207/53/2067 3208/55/2068
f 2725/8/1432 2724/10/1434 3209/10/2089
f 2725/8/1432 3209/10/2089 3198/8/2085
f 3133/3/2029 3132/2/2028 3210/2/2061
f 3133/3/2029 3210/2/2061 3211/3/2090
f 2706/50/1494 2705/52/1497 3212/52/2023
f 2706/50/1494 3212/52/2023 3199/50/2024
f 3134/57/2030 3130/55/2026 3208/55/2068
f 3134/57/2030 3208/55/2068 3213/57/2089
f 3136/5/2032 3133/3/2029 3211/3/2090
f 3136/5/2032 3211/3/2090 3214/5/2087
f 2711/40/1479 2710/42/1482 3215/42/2072
f 2711/40/1479 3215/42/2072 3201/40/2073
f 3137/59/2033 3134/57/2030 3213/57/2089
f 3137/59/2033 3213/57/2089 3216/59/2085
f 3139/7/2035 3136/5/2032 3214/5/2087
f 3139/7/2035 3214/5/2087 3217/7/2082
f 2714/30/1464 1874/32/1467 1877/32/1512
f 2714/30/1464 1877/32/1512 3203/30/2080
f 3140/61/2036 3137/59/2033 3216/59/2085
f 3140/61/2036 3216/59/2085 3218/61/2079
f 3142/9/2038 3139/7/2035 3217/7/2082
f 3142/9/2038 3217/7/2082 3219/9/2078
f 2700/62/1510 1880/64/1513 3167/64/2062
f 2700/62/1510 3167/64/2062 3205/62/2087
f 2719/20/1449 2718/22/1452 3170/22/2064
f 2719/20/1449 3170/22/2064 3206/20/2086
f 3143/63/2039 3140/61/2036 3218/61/2079
f 3143/63/2039 3218/61/2079 3220/63/2065
f 3145/11/2041 3142/9/2038 3219/9/2078
f 3145/11/2041 3219/9/2078 3221/11/2070
f 3146/65/2042 3143/63/2039 3220/63/2065
f 3146/65/2042 3220/63/2065 3222/65/2091
f 2724/10/1434 2723/12/1437 3175/12/2068
f 2724/10/1434 3175/12/2068 3209/10/2089
f 3148/13/2044 3145/11/2041 3221/11/2070
f 3148/13/2044 3221/11/2070 3223/13/2071
f 2705/52/1497 2704/54/1500 3178/54/2071
f 2705/52/1497 3178/54/2071 3212/52/2023
f 3126/15/2022 3148/13/2044 3223/13/2071
f 3126/15/2022 3223/13/2071 3127/15/2023
f 2710/42/1482 2709/44/1485 3180/44/2069
f 2710/42/1482 3180/44/2069 3215/42/2072
f 3189/37/2080 3162/35/1512 3165/35/2060
f 3189/37/2080 3165/35/2060 3225/37/2092
f 3159/48/2055 3199/50/2024 3226/50/2093
f 3159/48/2055 3226/50/2093 3160/48/2056
f 3191/39/2081 3189/37/2080 3225/37/2092
f 3191/39/2081 3225/37/2092 3227/39/2226
f 3199/50/2024 3212/52/2023 3228/52/2130
f 3199/50/2024 3228/52/2130 3226/50/2093
f 3193/41/2076 3191/39/2081 3227/39/2226
f 3193/41/2076 3227/39/2226 3229/41/2096
f 3212/52/2023 3178/54/2071 3230/54/2097
f 3212/52/2023 3230/54/2097 3228/52/2130
f 3196/43/2063 3193/41/2076 3229/41/2096
f 3196/43/2063 3229/41/2096 3231/43/2098
f 3178/54/2071 3177/56/2070 3232/56/2099
f 3178/54/2071 3232/56/2099 3230/54/2097
f 3173/1/2066 3172/4/2065 3233/4/2100
f 3173/1/2066 3233/4/2100 3234/1/2101
f 3197/45/2064 3196/43/2063 3231/43/2098
f 3197/45/2064 3231/43/2098 3235/45/2102
f 3177/56/2070 3187/58/2078 3236/58/2103
f 3177/56/2070 3236/58/2103 3232/56/2099
f 3172/4/2065 3188/6/2079 3237/6/2124
f 3172/4/2065 3237/6/2124 3233/4/2100
f 3200/47/2086 3197/45/2064 3235/45/2102
f 3200/47/2086 3235/45/2102 3238/47/2105
f 3187/58/2078 3194/60/2082 3239/60/2106
f 3187/58/2078 3239/60/2106 3236/58/2103
f 3188/6/2079 3198/8/2085 3240/8/2107
f 3188/6/2079 3240/8/2107 3237/6/2124
f 3202/49/2083 3200/47/2086 3238/47/2105
f 3202/49/2083 3238/47/2105 3241/49/2108
f 3194/60/2082 3205/62/2087 3242/62/2109
f 3194/60/2082 3242/62/2109 3239/60/2106
f 3198/8/2085 3209/10/2089 3243/10/2110
f 3198/8/2085 3243/10/2110 3240/8/2107
f 3204/51/2077 3202/49/2083 3241/49/2108
f 3204/51/2077 3241/49/2108 3244/51/2111
f 3205/62/2087 3167/64/2062 3245/64/2117
f 3205/62/2087 3245/64/2117 3242/62/2109
f 3209/10/2089 3175/12/2068 3246/12/2113
f 3209/10/2089 3246/12/2113 3243/10/2110
f 3207/53/2067 3204/51/2077 3244/51/2111
f 3207/53/2067 3244/51/2111 2637/53/2227
f 3167/64/2062 3166/66/2061 3247/66/2115
f 3167/64/2062 3247/66/2115 3245/64/2117
f 3175/12/2068 3174/14/2067 3224/14/2114
f 3175/12/2068 3224/14/2114 3246/12/2113
f 3208/55/2068 3207/53/2067 2637/53/2227
f 3208/55/2068 2637/53/2227 2636/55/2116
f 3211/3/2090 3210/2/2061 3248/2/2115
f 3211/3/2090 3248/2/2115 3249/3/2112
f 3174/14/2067 3186/16/2077 2634/16/2118
f 3174/14/2067 2634/16/2118 3224/14/2114
f 3213/57/2089 3208/55/2068 2636/55/2116
f 3213/57/2089 2636/55/2116 3250/57/2119
f 3214/5/2087 3211/3/2090 3249/3/2112
f 3214/5/2087 3249/3/2112 3251/5/2120
f 3186/16/2077 3195/18/2083 2635/18/2108
f 3186/16/2077 2635/18/2108 2634/16/2118
f 3216/59/2085 3213/57/2089 3250/57/2119
f 3216/59/2085 3250/57/2119 3252/59/2228
f 3217/7/2082 3214/5/2087 3251/5/2120
f 3217/7/2082 3251/5/2120 3253/7/2122
f 3195/18/2083 3206/20/2086 3254/20/2123
f 3195/18/2083 3254/20/2123 2635/18/2108
f 3218/61/2079 3216/59/2085 3252/59/2228
f 3218/61/2079 3252/59/2228 3255/61/2124
f 3219/9/2078 3217/7/2082 3253/7/2122
f 3219/9/2078 3253/7/2122 3256/9/2103
f 3206/20/2086 3170/22/2064 3257/22/2125
f 3206/20/2086 3257/22/2125 3254/20/2123
f 3220/63/2065 3218/61/2079 3255/61/2124
f 3220/63/2065 3255/61/2124 3258/63/2126
f 3221/11/2070 3219/9/2078 3256/9/2103
f 3221/11/2070 3256/9/2103 3259/11/2127
f 3170/22/2064 3169/24/2063 3260/24/2128
f 3170/22/2064 3260/24/2128 3257/22/2125
f 3222/65/2091 3220/63/2065 3258/63/2126
f 3222/65/2091 3258/63/2126 3261/65/2101
f 3223/13/2071 3221/11/2070 3259/11/2127
f 3223/13/2071 3259/11/2127 3262/13/2097
f 3169/24/2063 3184/26/2076 3263/26/2129
f 3169/24/2063 3263/26/2129 3260/24/2128
f 3127/15/2023 3223/13/2071 3262/13/2097
f 3127/15/2023 3262/13/2097 3264/15/2130
f 3184/26/2076 3192/28/2081 3265/28/2131
f 3184/26/2076 3265/28/2131 3263/26/2129
f 3128/17/2024 3127/15/2023 3264/15/2130
f 3128/17/2024 3264/15/2130 3266/17/2093
f 3192/28/2081 3203/30/2080 3267/30/2092
f 3192/28/2081 3267/30/2092 3265/28/2131
f 3168/19/2055 3128/17/2024 3266/17/2093
f 3168/19/2055 3266/17/2093 3268/19/2056
f 3203/30/2080 1877/32/1512 3269/32/2060
f 3203/30/2080 3269/32/2060 3267/30/2092
f 3171/21/2054 3168/19/2055 3268/19/2056
f 3171/21/2054 3268/19/2056 3270/21/2057
f 1877/32/1512 1876/34/1511 3271/34/2229
f 1877/32/1512 3271/34/2229 3269/32/2060
f 3176/23/2069 3171/21/2054 3270/21/2057
f 3176/23/2069 3270/21/2057 3272/23/2132
f 1876/34/1511 3182/36/2074 3273/36/2139
f 1876/34/1511 3273/36/2139 3271/34/2229
f 3179/25/2072 3176/23/2069 3272/23/2132
f 3179/25/2072 3272/23/2132 3274/25/2134
f 3182/36/2074 3190/38/2075 3275/38/2135
f 3182/36/2074 3275/38/2135 3273/36/2139
f 3181/27/2073 3179/25/2072 3274/25/2134
f 3181/27/2073 3274/25/2134 3276/27/2136
f 3190/38/2075 3201/40/2073 3277/40/2137
f 3190/38/2075 3277/40/2137 3275/38/2135
f 3183/29/2075 3181/27/2073 3276/27/2136
f 3183/29/2075 3276/27/2136 3278/29/2138
f 3201/40/2073 3215/42/2072 3279/42/2134
f 3201/40/2073 3279/42/2134 3277/40/2137
f 3185/31/2074 3183/29/2075 3278/29/2138
f 3185/31/2074 3278/29/2138 3280/31/2139
f 3215/42/2072 3180/44/2069 3281/44/2140
f 3215/42/2072 3281/44/2140 3279/42/2134
f 3163/33/2058 3185/31/2074 3280/31/2139
f 3163/33/2058 3280/31/2139 3164/33/2059
f 3180/44/2069 3158/46/2054 3161/46/2057
f 3180/44/2069 3161/46/2057 3281/44/2140
s 5
f 3282/54/2230 3283/56/2231 3284/56/2232
f 3282/54/2230 3284/56/2232 3285/54/2233
f 1753/26/1448 1761/28/1451 3286/28/2234
f 1753/26/1448 3286/28/2234 3287/26/2235
f 1841/54/1490 1845/56/1493 3283/56/2231
f 1841/54/1490 3283/56/2231 3282/54/2230
f 1721/18/1436 1729/20/1439 3288/20/2236
f 1721/18/1436 3288/20/2236 3289/18/2237
f 1769/30/1454 1777/32/1457 3290/32/2238
f 1769/30/1454 3290/32/2238 3291/30/2239
f 1819/46/1478 1825/48/1481 3292/48/2240
f 1819/46/1478 3292/48/2240 3293/46/2241
f 1888/64/1517 1891/66/33 3294/66/2242
f 1888/64/1517 3294/66/2242 3295/64/2243
f 1785/34/1460 1791/36/1463 3296/36/2244
f 1785/34/1460 3296/36/2244 3297/34/2245
f 1892/4/1520 1886/6/1515 3298/6/2246
f 1892/4/1520 3298/6/2246 3299/4/2247
f 1845/56/1493 1849/58/1496 3300/58/2248
f 1845/56/1493 3300/58/2248 3283/56/2231
f 1737/22/1442 1745/24/1445 3301/24/2249
f 1737/22/1442 3301/24/2249 3302/22/2250
f 1797/38/1466 1803/40/1469 3303/40/2251
f 1797/38/1466 3303/40/2251 3304/38/2252
f 1682/8/1418 1685/10/1421 3305/10/2253
f 1682/8/1418 3305/10/2253 3306/8/2254
f 1825/48/1481 1831/50/1484 3307/50/2255
f 1825/48/1481 3307/50/2255 3292/48/2240
f 1809/42/1472 1815/44/1475 3308/44/2256
f 1809/42/1472 3308/44/2256 3309/42/2257
f 1704/12/1429 1694/14/1424 1697/14/1427
f 1704/12/1429 1697/14/1427 3310/12/2258
f 1745/24/1445 1753/26/1448 3287/26/2235
f 1745/24/1445 3287/26/2235 3301/24/2249
f 1849/58/1496 1853/60/1499 3311/60/2259
f 1849/58/1496 3311/60/2259 3300/58/2248
f 1695/16/1425 1721/18/1436 3289/18/2237
f 1695/16/1425 3289/18/2237 1696/16/1426
f 1761/28/1451 1769/30/1454 3291/30/2239
f 1761/28/1451 3291/30/2239 3286/28/2234
f 1831/50/1484 1837/52/1487 3312/52/2260
f 1831/50/1484 3312/52/2260 3307/50/2255
f 1729/20/1439 1737/22/1442 3302/22/2250
f 1729/20/1439 3302/22/2250 3288/20/2236
f 1777/32/1457 1785/34/1460 3297/34/2245
f 1777/32/1457 3297/34/2245 3290/32/2238
f 1853/60/1499 1857/62/1502 3313/62/2261
f 1853/60/1499 3313/62/2261 3311/60/2259
f 1791/36/1463 1797/38/1466 3304/38/2252
f 1791/36/1463 3304/38/2252 3296/36/2244
f 1886/6/1515 1682/8/1418 3306/8/2254
f 1886/6/1515 3306/8/2254 3298/6/2246
f 1837/52/1487 1841/54/1490 3282/54/2230
f 1837/52/1487 3282/54/2230 3312/52/2260
f 1894/1/1522 1892/4/1520 3299/4/2247
f 1894/1/1522 3299/4/2247 3314/1/2262
f 1803/40/1469 1809/42/1472 3309/42/2257
f 1803/40/1469 3309/42/2257 3303/40/2251
f 1685/10/1421 1704/12/1429 3310/12/2258
f 1685/10/1421 3310/12/2258 3305/10/2253
f 1815/44/1475 1819/46/1478 3293/46/2241
f 1815/44/1475 3293/46/2241 3308/44/2256
f 1857/62/1502 1888/64/1517 3295/64/2243
f 1857/62/1502 3295/64/2243 3313/62/2261
f 3315/20/2263 3316/22/2264 3317/22/2265
f 3315/20/2263 3317/22/2265 3318/20/2266
f 3291/30/2239 3290/32/2238 3319/32/2267
f 3291/30/2239 3319/32/2267 3320/30/2268
f 3302/22/2250 3301/24/2249 3321/24/2269
f 3302/22/2250 3321/24/2269 3316/22/2264
f 3283/56/2231 3300/58/2248 3322/58/2270
f 3283/56/2231 3322/58/2270 3284/56/2232
f 3306/8/2254 3305/10/2253 3323/10/2271
f 3306/8/2254 3323/10/2271 3324/8/2272
f 3309/42/2257 3308/44/2256 3325/44/2273
f 3309/42/2257 3325/44/2273 3326/42/2274
f 3300/58/2248 3311/60/2259 3327/60/2275
f 3300/58/2248 3327/60/2275 3322/58/2270
f 3286/28/2234 3291/30/2239 3320/30/2268
f 3286/28/2234 3320/30/2268 3328/28/2276
f 3288/20/2236 3302/22/2250 3316/22/2264
f 3288/20/2236 3316/22/2264 3315/20/2263
f 3311/60/2259 3313/62/2261 3329/62/2277
f 3311/60/2259 3329/62/2277 3327/60/2275
f 3298/6/2246 3306/8/2254 3324/8/2272
f 3298/6/2246 3324/8/2272 3330/6/2278
f 3303/40/2251 3309/42/2257 3326/42/2274
f 3303/40/2251 3326/42/2274 3331/40/2279
f 3313/62/2261 3295/64/2243 3332/64/2280
f 3313/62/2261 3332/64/2280 3329/62/2277
f 3287/26/2235 3286/28/2234 3328/28/2276
f 3287/26/2235 3328/28/2276 3333/26/2281
f 3289/18/2237 3288/20/2236 3315/20/2263
f 3289/18/2237 3315/20/2263 3334/18/2282
f 3295/64/2243 3294/66/2242 3335/66/2283
f 3295/64/2243 3335/66/2283 3332/64/2280
f 3299/4/2247 3298/6/2246 3330/6/2278
f 3299/4/2247 3330/6/2278 3336/4/2284
f 3304/38/2252 3303/40/2251 3331/40/2279
f 3304/38/2252 3331/40/2279 3337/38/2285
f 3301/24/2249 3287/26/2235 3333/26/2281
f 3301/24/2249 3333/26/2281 3321/24/2269
f 1696/16/1426 3289/18/2237 3334/18/2282
f 1696/16/1426 3334/18/2282 3338/16/2286
f 3314/1/2262 3299/4/2247 3336/4/2284
f 3314/1/2262 3336/4/2284 3339/1/2287
f 3296/36/2244 3304/38/2252 3337/38/2285
f 3296/36/2244 3337/38/2285 3340/36/2288
f 3308/44/2256 3293/46/2241 3341/46/2289
f 3308/44/2256 3341/46/2289 3325/44/2273
f 1697/14/1427 1696/16/1426 3338/16/2286
f 1697/14/1427 3338/16/2286 3342/14/2290
f 3293/46/2241 3292/48/2240 3343/48/2291
f 3293/46/2241 3343/48/2291 3341/46/2289
f 3297/34/2245 3296/36/2244 3340/36/2288
f 3297/34/2245 3340/36/2288 3344/34/2292
f 3292/48/2240 3307/50/2255 3345/50/2293
f 3292/48/2240 3345/50/2293 3343/48/2291
f 3310/12/2258 1697/14/1427 3342/14/2290
f 3310/12/2258 3342/14/2290 3346/12/2294
f 3307/50/2255 3312/52/2260 3347/52/2295
f 3307/50/2255 3347/52/2295 3345/50/2293
f 3290/32/2238 3297/34/2245 3344/34/2292
f 3290/32/2238 3344/34/2292 3319/32/2267
f 3312/52/2260 3282/54/2230 3285/54/2233
f 3312/52/2260 3285/54/2233 3347/52/2295
f 3305/10/2253 3310/12/2258 3346/12/2294
f 3305/10/2253 3346/12/2294 3323/10/2271
f 3348/38/2296 3349/40/2297 3350/40/2298
f 3348/38/2296 3350/40/2298 3351/38/2299
f 3327/60/2275 3329/62/2277 3352/62/2300
f 3327/60/2275 3352/62/2300 3353/60/2301
f 3330/6/2278 3324/8/2272 3354/8/2302
f 3330/6/2278 3354/8/2302 3355/6/2303
f 3331/40/2279 3326/42/2274 3356/42/2304
f 3331/40/2279 3356/42/2304 3349/40/2297
f 3329/62/2277 3332/64/2280 3357/64/2305
f 3329/62/2277 3357/64/2305 3352/62/2300
f 3333/26/2281 3328/28/2276 3358/28/2306
f 3333/26/2281 3358/28/2306 3359/26/2307
f 3334/18/2282 3315/20/2263 3318/20/2266
f 3334/18/2282 3318/20/2266 3360/18/2308
f 3332/64/2280 3335/66/2283 3361/66/2309
f 3332/64/2280 3361/66/2309 3357/64/2305
f 3336/4/2284 3330/6/2278 3355/6/2303
f 3336/4/2284 3355/6/2303 3362/4/2310
f 3337/38/2285 3331/40/2279 3349/40/2297
f 3337/38/2285 3349/40/2297 3348/38/2296
f 3321/24/2269 3333/26/2281 3359/26/2307
f 3321/24/2269 3359/26/2307 3363/24/2311
f 3338/16/2286 3334/18/2282 3360/18/2308
f 3338/16/2286 3360/18/2308 3364/16/2312
f 3339/1/2287 3336/4/2284 3362/4/2310
f 3339/1/2287 3362/4/2310 3365/1/2309
f 3340/36/2288 3337/38/2285 3348/38/2296
f 3340/36/2288 3348/38/2296 3366/36/2313
f 3325/44/2273 3341/46/2289 3367/46/2314
f 3325/44/2273 3367/46/2314 3368/44/2315
f 3342/14/2290 3338/16/2286 3364/16/2312
f 3342/14/2290 3364/16/2312 3369/14/2316
f 3341/46/2289 3343/48/2291 3370/48/2317
f 3341/46/2289 3370/48/2317 3367/46/2314
f 3344/34/2292 3340/36/2288 3366/36/2313
f 3344/34/2292 3366/36/2313 3371/34/2318
f 3343/48/2291 3345/50/2293 3372/50/2319
f 3343/48/2291 3372/50/2319 3370/48/2317
f 3346/12/2294 3342/14/2290 3369/14/2316
f 3346/12/2294 3369/14/2316 3373/12/2320
f 3345/50/2293 3347/52/2295 3374/52/2321
f 3345/50/2293 3374/52/2321 3372/50/2319
f 3319/32/2267 3344/34/2292 3371/34/2318
f 3319/32/2267 3371/34/2318 3375/32/2322
f 3347/52/2295 3285/54/2233 3376/54/2323
f 3347/52/2295 3376/54/2323 3374/52/2321
f 3323/10/2271 3346/12/2294 3373/12/2320
f 3323/10/2271 3373/12/2320 3377/10/2324
f 3285/54/2233 3284/56/2232 3378/56/2325
f 3285/54/2233 3378/56/2325 3376/54/2323
f 3320/30/2268 3319/32/2267 3375/32/2322
f 3320/30/2268 3375/32/2322 3379/30/2326
f 3316/22/2264 3321/24/2269 3363/24/2311
f 3316/22/2264 3363/24/2311 3317/22/2265
f 3284/56/2232 3322/58/2270 3380/58/2327
f 3284/56/2232 3380/58/2327 3378/56/2325
f 3324/8/2272 3323/10/2271 3377/10/2324
f 3324/8/2272 3377/10/2324 3354/8/2302
f 3326/42/2274 3325/44/2273 3368/44/2315
f 3326/42/2274 3368/44/2315 3356/42/2304
f 3322/58/2270 3327/60/2275 3353/60/2301
f 3322/58/2270 3353/60/2301 3380/58/2327
f 3328/28/2276 3320/30/2268 3379/30/2326
f 3328/28/2276 3379/30/2326 3358/28/2306
f 3381/14/2328 3382/16/2329 3383/16/2330
f 3381/14/2328 3383/16/2330 3384/14/2331
f 3363/24/2311 3359/26/2307 3385/26/2332
f 3363/24/2311 3385/26/2332 3386/24/2333
f 3364/16/2312 3360/18/2308 3387/18/2334
f 3364/16/2312 3387/18/2334 3382/16/2329
f 3365/1/2309 3362/4/2310 3388/4/2335
f 3365/1/2309 3388/4/2335 3389/1/2336
f 3366/36/2313 3348/38/2296 3351/38/2299
f 3366/36/2313 3351/38/2299 3390/36/2337
f 3368/44/2315 3367/46/2314 3391/46/2338
f 3368/44/2315 3391/46/2338 3392/44/2339
f 3369/14/2316 3364/16/2312 3382/16/2329
f 3369/14/2316 3382/16/2329 3381/14/2328
f 3367/46/2314 3370/48/2317 3393/48/2340
f 3367/46/2314 3393/48/2340 3391/46/2338
f 3371/34/2318 3366/36/2313 3390/36/2337
f 3371/34/2318 3390/36/2337 3394/34/2341
f 3370/48/2317 3372/50/2319 3395/50/2342
f 3370/48/2317 3395/50/2342 3393/48/2340
f 3373/12/2320 3369/14/2316 3381/14/2328
f 3373/12/2320 3381/14/2328 3396/12/2343
f 3372/50/2319 3374/52/2321 3397/52/2344
f 3372/50/2319 3397/52/2344 3395/50/2342
f 3375/32/2322 3371/34/2318 3394/34/2341
f 3375/32/2322 3394/34/2341 3398/32/2345
f 3374/52/2321 3376/54/2323 3399/54/2346
f 3374/52/2321 3399/54/2346 3397/52/2344
f 3377/10/2324 3373/12/2320 3396/12/2343
f 3377/10/2324 3396/12/2343 3400/10/2347
f 3376/54/2323 3378/56/2325 3401/56/2348
f 3376/54/2323 3401/56/2348 3399/54/2346
f 3379/30/2326 3375/32/2322 3398/32/2345
f 3379/30/2326 3398/32/2345 3402/30/2349
f 3317/22/2265 3363/24/2311 3386/24/2333
f 3317/22/2265 3386/24/2333 3403/22/2350
f 3378/56/2325 3380/58/2327 3404/58/2351
f 3378/56/2325 3404/58/2351 3401/56/2348
f 3354/8/2302 3377/10/2324 3400/10/2347
f 3354/8/2302 3400/10/2347 3405/8/2352
f 3356/42/2304 3368/44/2315 3392/44/2339
f 3356/42/2304 3392/44/2339 3406/42/2353
f 3380/58/2327 3353/60/2301 3407/60/2354
f 3380/58/2327 3407/60/2354 3404/58/2351
f 3358/28/2306 3379/30/2326 3402/30/2349
f 3358/28/2306 3402/30/2349 3408/28/2355
f 3318/20/2266 3317/22/2265 3403/22/2350
f 3318/20/2266 3403/22/2350 3409/20/2356
f 3353/60/2301 3352/62/2300 3410/62/2357
f 3353/60/2301 3410/62/2357 3407/60/2354
f 3355/6/2303 3354/8/2302 3405/8/2352
f 3355/6/2303 3405/8/2352 3411/6/2358
f 3349/40/2297 3356/42/2304 3406/42/2353
f 3349/40/2297 3406/42/2353 3350/40/2298
f 3352/62/2300 3357/64/2305 3412/64/2359
f 3352/62/2300 3412/64/2359 3410/62/2357
f 3359/26/2307 3358/28/2306 3408/28/2355
f 3359/26/2307 3408/28/2355 3385/26/2332
f 3360/18/2308 3318/20/2266 3409/20/2356
f 3360/18/2308 3409/20/2356 3387/18/2334
f 3357/64/2305 3361/66/2309 3413/66/2360
f 3357/64/2305 3413/66/2360 3412/64/2359
f 3362/4/2310 3355/6/2303 3411/6/2358
f 3362/4/2310 3411/6/2358 3388/4/2335
f 3414/32/2361 3415/34/2362 3416/34/2363
f 3414/32/2361 3416/34/2363 3417/32/2364
f 3391/46/2338 3393/48/2340 3418/48/2365
f 3391/46/2338 3418/48/2365 3419/46/2366
f 3394/34/2341 3390/36/2337 3420/36/2367
f 3394/34/2341 3420/36/2367 3415/34/2362
f 3393/48/2340 3395/50/2342 3421/50/2368
f 3393/48/2340 3421/50/2368 3418/48/2365
f 3396/12/2343 3381/14/2328 3384/14/2331
f 3396/12/2343 3384/14/2331 3422/12/2369
f 3395/50/2342 3397/52/2344 3423/52/2370
f 3395/50/2342 3423/52/2370 3421/50/2368
f 3398/32/2345 3394/34/2341 3415/34/2362
f 3398/32/2345 3415/34/2362 3414/32/2361
f 3397/52/2344 3399/54/2346 3424/54/2371
f 3397/52/2344 3424/54/2371 3423/52/2370
f 3400/10/2347 3396/12/2343 3422/12/2369
f 3400/10/2347 3422/12/2369 3425/10/2372
f 3399/54/2346 3401/56/2348 3426/56/2373
f 3399/54/2346 3426/56/2373 3424/54/2371
f 3402/30/2349 3398/32/2345 3414/32/2361
f 3402/30/2349 3414/32/2361 3427/30/2374
f 3403/22/2350 3386/24/2333 3428/24/2375
f 3403/22/2350 3428/24/2375 3429/22/2376
f 3401/56/2348 3404/58/2351 3430/58/2377
f 3401/56/2348 3430/58/2377 3426/56/2373
f 3405/8/2352 3400/10/2347 3425/10/2372
f 3405/8/2352 3425/10/2372 3431/8/2378
f 3406/42/2353 3392/44/2339 3432/44/2379
f 3406/42/2353 3432/44/2379 3433/42/2380
f 3404/58/2351 3407/60/2354 3434/60/2381
f 3404/58/2351 3434/60/2381 3430/58/2377
f 3408/28/2355 3402/30/2349 3427/30/2374
f 3408/28/2355 3427/30/2374 3435/28/2382
f 3409/20/2356 3403/22/2350 3429/22/2376
f 3409/20/2356 3429/22/2376 3436/20/2383
f 3407/60/2354 3410/62/2357 3437/62/2384
f 3407/60/2354 3437/62/2384 3434/60/2381
f 3411/6/2358 3405/8/2352 3431/8/2378
f 3411/6/2358 3431/8/2378 3438/6/2385
f 3350/40/2298 3406/42/2353 3433/42/2380
f 3350/40/2298 3433/42/2380 3439/40/2386
f 3410/62/2357 3412/64/2359 3440/64/2387
f 3410/62/2357 3440/64/2387 3437/62/2384
f 3385/26/2332 3408/28/2355 3435/28/2382
f 3385/26/2332 3435/28/2382 3441/26/2388
f 3387/18/2334 3409/20/2356 3436/20/2383
f 3387/18/2334 3436/20/2383 3442/18/2389
f 3412/64/2359 3413/66/2360 3443/66/2390
f 3412/64/2359 3443/66/2390 3440/64/2387
f 3388/4/2335 3411/6/2358 3438/6/2385
f 3388/4/2335 3438/6/2385 3444/4/2391
f 3351/38/2299 3350/40/2298 3439/40/2386
f 3351/38/2299 3439/40/2386 3445/38/2392
f 3386/24/2333 3385/26/2332 3441/26/2388
f 3386/24/2333 3441/26/2388 3428/24/2375
f 3382/16/2329 3387/18/2334 3442/18/2389
f 3382/16/2329 3442/18/2389 3383/16/2330
f 3389/1/2336 3388/4/2335 3444/4/2391
f 3389/1/2336 3444/4/2391 3446/1/2393
f 3390/36/2337 3351/38/2299 3445/38/2392
f 3390/36/2337 3445/38/2392 3420/36/2367
f 3392/44/2339 3391/46/2338 3419/46/2366
f 3392/44/2339 3419/46/2366 3432/44/2379
f 3447/8/2394 3448/10/2395 3449/10/2396
f 3447/8/2394 3449/10/2396 3450/8/2397
f 3423/52/2370 3424/54/2371 3451/54/2398
f 3423/52/2370 3451/54/2398 3452/52/2399
f 3425/10/2372 3422/12/2369 3453/12/2400
f 3425/10/2372 3453/12/2400 3448/10/2395
f 3424/54/2371 3426/56/2373 3454/56/2401
f 3424/54/2371 3454/56/2401 3451/54/2398
f 3427/30/2374 3414/32/2361 3417/32/2364
f 3427/30/2374 3417/32/2364 3455/30/2402
f 3429/22/2376 3428/24/2375 3456/24/2403
f 3429/22/2376 3456/24/2403 3457/22/2404
f 3426/56/2373 3430/58/2377 3458/58/2405
f 3426/56/2373 3458/58/2405 3454/56/2401
f 3431/8/2378 3425/10/2372 3448/10/2395
f 3431/8/2378 3448/10/2395 3447/8/2394
f 3433/42/2380 3432/44/2379 3459/44/2406
f 3433/42/2380 3459/44/2406 3460/42/2407
f 3430/58/2377 3434/60/2381 3461/60/2408
f 3430/58/2377 3461/60/2408 3458/58/2405
f 3435/28/2382 3427/30/2374 3455/30/2402
f 3435/28/2382 3455/30/2402 3462/28/2409
f 3436/20/2383 3429/22/2376 3457/22/2404
f 3436/20/2383 3457/22/2404 3463/20/2410
f 3434/60/2381 3437/62/2384 3464/62/2411
f 3434/60/2381 3464/62/2411 3461/60/2408
f 3438/6/2385 3431/8/2378 3447/8/2394
f 3438/6/2385 3447/8/2394 3465/6/2412
f 3439/40/2386 3433/42/2380 3460/42/2407
f 3439/40/2386 3460/42/2407 3466/40/2413
f 3437/62/2384 3440/64/2387 3467/64/2414
f 3437/62/2384 3467/64/2414 3464/62/2411
f 3441/26/2388 3435/28/2382 3462/28/2409
f 3441/26/2388 3462/28/2409 3468/26/2415
f 3442/18/2389 3436/20/2383 3463/20/2410
f 3442/18/2389 3463/20/2410 3469/18/2416
f 3440/64/2387 3443/66/2390 3470/66/2417
f 3440/64/2387 3470/66/2417 3467/64/2414
f 3444/4/2391 3438/6/2385 3465/6/2412
f 3444/4/2391 3465/6/2412 3471/4/2418
f 3445/38/2392 3439/40/2386 3466/40/2413
f 3445/38/2392 3466/40/2413 3472/38/2419
f 3428/24/2375 3441/26/2388 3468/26/2415
f 3428/24/2375 3468/26/2415 3456/24/2403
f 3383/16/2330 3442/18/2389 3469/18/2416
f 3383/16/2330 3469/18/2416 3473/16/2420
f 3446/1/2393 3444/4/2391 3471/4/2418
f 3446/1/2393 3471/4/2418 3474/1/2421
f 3420/36/2367 3445/38/2392 3472/38/2419
f 3420/36/2367 3472/38/2419 3475/36/2422
f 3432/44/2379 3419/46/2366 3476/46/2423
f 3432/44/2379 3476/46/2423 3459/44/2406
f 3384/14/2331 3383/16/2330 3473/16/2420
f 3384/14/2331 3473/16/2420 3477/14/2424
f 3419/46/2366 3418/48/2365 3478/48/2425
f 3419/46/2366 3478/48/2425 3476/46/2423
f 3415/34/2362 3420/36/2367 3475/36/2422
f 3415/34/2362 3475/36/2422 3416/34/2363
f 3418/48/2365 3421/50/2368 3479/50/2426
f 3418/48/2365 3479/50/2426 3478/48/2425
f 3422/12/2369 3384/14/2331 3477/14/2424
f 3422/12/2369 3477/14/2424 3453/12/2400
f 3421/50/2368 3423/52/2370 3452/52/2399
f 3421/50/2368 3452/52/2399 3479/50/2426
f 3480/26/2427 3481/28/2428 3482/28/2429
f 3480/26/2427 3482/28/2429 3483/26/2430
f 3460/42/2407 3459/44/2406 3484/44/2431
f 3460/42/2407 3484/44/2431 3485/42/2432
f 3458/58/2405 3461/60/2408 3486/60/2433
f 3458/58/2405 3486/60/2433 3487/58/2434
f 3462/28/2409 3455/30/2402 3488/30/2435
f 3462/28/2409 3488/30/2435 3481/28/2428
f 3463/20/2410 3457/22/2404 3489/22/2436
f 3463/20/2410 3489/22/2436 3490/20/2437
f 3461/60/2408 3464/62/2411 3491/62/2438
f 3461/60/2408 3491/62/2438 3486/60/2433
f 3465/6/2412 3447/8/2394 3450/8/2397
f 3465/6/2412 3450/8/2397 3492/6/2439
f 3466/40/2413 3460/42/2407 3485/42/2432
f 3466/40/2413 3485/42/2432 3493/40/2440
f 3464/62/2411 3467/64/2414 3494/64/2441
f 3464/62/2411 3494/64/2441 3491/62/2438
f 3468/26/2415 3462/28/2409 3481/28/2428
f 3468/26/2415 3481/28/2428 3480/26/2427
f 3469/18/2416 3463/20/2410 3490/20/2437
f 3469/18/2416 3490/20/2437 3495/18/2442
f 3467/64/2414 3470/66/2417 3496/66/2443
f 3467/64/2414 3496/66/2443 3494/64/2441
f 3471/4/2418 3465/6/2412 3492/6/2439
f 3471/4/2418 3492/6/2439 3497/4/2444
f 3472/38/2419 3466/40/2413 3493/40/2440
f 3472/38/2419 3493/40/2440 3498/38/2445
f 3456/24/2403 3468/26/2415 3480/26/2427
f 3456/24/2403 3480/26/2427 3499/24/2446
f 3473/16/2420 3469/18/2416 3495/18/2442
f 3473/16/2420 3495/18/2442 3500/16/2447
f 3474/1/2421 3471/4/2418 3497/4/2444
f 3474/1/2421 3497/4/2444 3501/1/2448
f 3475/36/2422 3472/38/2419 3498/38/2445
f 3475/36/2422 3498/38/2445 3502/36/2449
f 3459/44/2406 3476/46/2423 3503/46/2450
f 3459/44/2406 3503/46/2450 3484/44/2431
f 3477/14/2424 3473/16/2420 3500/16/2447
f 3477/14/2424 3500/16/2447 3504/14/2451
f 3476/46/2423 3478/48/2425 3505/48/2452
f 3476/46/2423 3505/48/2452 3503/46/2450
f 3416/34/2363 3475/36/2422 3502/36/2449
f 3416/34/2363 3502/36/2449 3506/34/2453
f 3478/48/2425 3479/50/2426 3507/50/2454
f 3478/48/2425 3507/50/2454 3505/48/2452
f 3453/12/2400 3477/14/2424 3504/14/2451
f 3453/12/2400 3504/14/2451 3508/12/2455
f 3479/50/2426 3452/52/2399 3509/52/2456
f 3479/50/2426 3509/52/2456 3507/50/2454
f 3417/32/2364 3416/34/2363 3506/34/2453
f 3417/32/2364 3506/34/2453 3510/32/2457
f 3452/52/2399 3451/54/2398 3511/54/2458
f 3452/52/2399 3511/54/2458 3509/52/2456
f 3448/10/2395 3453/12/2400 3508/12/2455
f 3448/10/2395 3508/12/2455 3449/10/2396
f 3451/54/2398 3454/56/2401 3512/56/2459
f 3451/54/2398 3512/56/2459 3511/54/2458
f 3455/30/2402 3417/32/2364 3510/32/2457
f 3455/30/2402 3510/32/2457 3488/30/2435
f 3457/22/2404 3456/24/2403 3499/24/2446
f 3457/22/2404 3499/24/2446 3489/22/2436
f 3454/56/2401 3458/58/2405 3487/58/2434
f 3454/56/2401 3487/58/2434 3512/56/2459
f 3513/1/2460 3514/4/2461 3515/4/2462
f 3513/1/2460 3515/4/2462 3516/1/2463
f 3495/18/2442 3490/20/2437 3517/20/2464
f 3495/18/2442 3517/20/2464 3518/18/2465
f 3494/64/2441 3496/66/2443 3519/66/2466
f 3494/64/2441 3519/66/2466 3520/64/2467
f 3497/4/2444 3492/6/2439 3521/6/2468
f 3497/4/2444 3521/6/2468 3514/4/2461
f 3498/38/2445 3493/40/2440 3522/40/2469
f 3498/38/2445 3522/40/2469 3523/38/2470
f 3499/24/2446 3480/26/2427 3483/26/2430
f 3499/24/2446 3483/26/2430 3524/24/2471
f 3500/16/2447 3495/18/2442 3518/18/2465
f 3500/16/2447 3518/18/2465 3525/16/2472
f 3501/1/2448 3497/4/2444 3514/4/2461
f 3501/1/2448 3514/4/2461 3513/1/2460
f 3502/36/2449 3498/38/2445 3523/38/2470
f 3502/36/2449 3523/38/2470 3526/36/2473
f 3484/44/2431 3503/46/2450 3527/46/2474
f 3484/44/2431 3527/46/2474 3528/44/2475
f 3504/14/2451 3500/16/2447 3525/16/2472
f 3504/14/2451 3525/16/2472 3529/14/2476
f 3503/46/2450 3505/48/2452 3530/48/2477
f 3503/46/2450 3530/48/2477 3527/46/2474
f 3506/34/2453 3502/36/2449 3526/36/2473
f 3506/34/2453 3526/36/2473 3531/34/2478
f 3505/48/2452 3507/50/2454 3532/50/2479
f 3505/48/2452 3532/50/2479 3530/48/2477
f 3508/12/2455 3504/14/2451 3529/14/2476
f 3508/12/2455 3529/14/2476 3533/12/2480
f 3507/50/2454 3509/52/2456 3534/52/2481
f 3507/50/2454 3534/52/2481 3532/50/2479
f 3510/32/2457 3506/34/2453 3531/34/2478
f 3510/32/2457 3531/34/2478 3535/32/2482
f 3509/52/2456 3511/54/2458 3536/54/2483
f 3509/52/2456 3536/54/2483 3534/52/2481
f 3449/10/2396 3508/12/2455 3533/12/2480
f 3449/10/2396 3533/12/2480 3537/10/2484
f 3511/54/2458 3512/56/2459 3538/56/2485
f 3511/54/2458 3538/56/2485 3536/54/2483
f 3488/30/2435 3510/32/2457 3535/32/2482
f 3488/30/2435 3535/32/2482 3539/30/2486
f 3489/22/2436 3499/24/2446 3524/24/2471
f 3489/22/2436 3524/24/2471 3540/22/2487
f 3512/56/2459 3487/58/2434 3541/58/2488
f 3512/56/2459 3541/58/2488 3538/56/2485
f 3450/8/2397 3449/10/2396 3537/10/2484
f 3450/8/2397 3537/10/2484 3542/8/2489
f 3485/42/2432 3484/44/2431 3528/44/2475
f 3485/42/2432 3528/44/2475 3543/42/2490
f 3487/58/2434 3486/60/2433 3544/60/2491
f 3487/58/2434 3544/60/2491 3541/58/2488
f 3481/28/2428 3488/30/2435 3539/30/2486
f 3481/28/2428 3539/30/2486 3482/28/2429
f 3490/20/2437 3489/22/2436 3540/22/2487
f 3490/20/2437 3540/22/2487 3517/20/2464
f 3486/60/2433 3491/62/2438 3545/62/2492
f 3486/60/2433 3545/62/2492 3544/60/2491
f 3492/6/2439 3450/8/2397 3542/8/2489
f 3492/6/2439 3542/8/2489 3521/6/2468
f 3493/40/2440 3485/42/2432 3543/42/2490
f 3493/40/2440 3543/42/2490 3522/40/2469
f 3491/62/2438 3494/64/2441 3520/64/2467
f 3491/62/2438 3520/64/2467 3545/62/2492
f 3546/48/2493 3547/50/2494 3548/50/2495
f 3546/48/2493 3548/50/2495 3549/48/2496
f 3526/36/2473 3523/38/2470 3550/38/2497
f 3526/36/2473 3550/38/2497 3551/36/2498
f 3528/44/2475 3527/46/2474 3552/46/2499
f 3528/44/2475 3552/46/2499 3553/44/2500
f 3529/14/2476 3525/16/2472 3554/16/2501
f 3529/14/2476 3554/16/2501 3555/14/2502
f 3527/46/2474 3530/48/2477 3546/48/2493
f 3527/46/2474 3546/48/2493 3552/46/2499
f 3531/34/2478 3526/36/2473 3551/36/2498
f 3531/34/2478 3551/36/2498 3556/34/2503
f 3530/48/2477 3532/50/2479 3547/50/2494
f 3530/48/2477 3547/50/2494 3546/48/2493
f 3533/12/2480 3529/14/2476 3555/14/2502
f 3533/12/2480 3555/14/2502 3557/12/2504
f 3532/50/2479 3534/52/2481 3558/52/2505
f 3532/50/2479 3558/52/2505 3547/50/2494
f 3535/32/2482 3531/34/2478 3556/34/2503
f 3535/32/2482 3556/34/2503 3559/32/2506
f 3534/52/2481 3536/54/2483 3560/54/2507
f 3534/52/2481 3560/54/2507 3558/52/2505
f 3537/10/2484 3533/12/2480 3557/12/2504
f 3537/10/2484 3557/12/2504 3561/10/2508
f 3536/54/2483 3538/56/2485 3562/56/2509
f 3536/54/2483 3562/56/2509 3560/54/2507
f 3539/30/2486 3535/32/2482 3559/32/2506
f 3539/30/2486 3559/32/2506 3563/30/2510
f 3540/22/2487 3524/24/2471 3564/24/2511
f 3540/22/2487 3564/24/2511 3565/22/2512
f 3538/56/2485 3541/58/2488 3566/58/2513
f 3538/56/2485 3566/58/2513 3562/56/2509
f 3542/8/2489 3537/10/2484 3561/10/2508
f 3542/8/2489 3561/10/2508 3567/8/2514
f 3543/42/2490 3528/44/2475 3553/44/2500
f 3543/42/2490 3553/44/2500 3568/42/2515
f 3541/58/2488 3544/60/2491 3569/60/2516
f 3541/58/2488 3569/60/2516 3566/58/2513
f 3482/28/2429 3539/30/2486 3563/30/2510
f 3482/28/2429 3563/30/2510 3570/28/2517
f 3517/20/2464 3540/22/2487 3565/22/2512
f 3517/20/2464 3565/22/2512 3571/20/2518
f 3544/60/2491 3545/62/2492 3572/62/2519
f 3544/60/2491 3572/62/2519 3569/60/2516
f 3521/6/2468 3542/8/2489 3567/8/2514
f 3521/6/2468 3567/8/2514 3573/6/2520
f 3522/40/2469 3543/42/2490 3568/42/2515
f 3522/40/2469 3568/42/2515 3574/40/2521
f 3545/62/2492 3520/64/2467 3575/64/2522
f 3545/62/2492 3575/64/2522 3572/62/2519
f 3483/26/2430 3482/28/2429 3570/28/2517
f 3483/26/2430 3570/28/2517 3576/26/2523
f 3518/18/2465 3517/20/2464 3571/20/2518
f 3518/18/2465 3571/20/2518 3577/18/2524
f 3520/64/2467 3519/66/2466 3578/66/2525
f 3520/64/2467 3578/66/2525 3575/64/2522
f 3514/4/2461 3521/6/2468 3573/6/2520
f 3514/4/2461 3573/6/2520 3515/4/2462
f 3523/38/2470 3522/40/2469 3574/40/2521
f 3523/38/2470 3574/40/2521 3550/38/2497
f 3524/24/2471 3483/26/2430 3576/26/2523
f 3524/24/2471 3576/26/2523 3564/24/2511
f 3525/16/2472 3518/18/2465 3577/18/2524
f 3525/16/2472 3577/18/2524 3554/16/2501
f 3579/46/2526 3549/48/2496 3580/48/2527
f 3579/46/2526 3580/48/2527 3581/46/2528
f 3557/12/2504 3555/14/2502 3582/14/2529
f 3557/12/2504 3582/14/2529 3583/12/2530
f 3559/32/2506 3556/34/2503 3584/34/2531
f 3559/32/2506 3584/34/2531 3585/32/2532
f 3561/10/2508 3557/12/2504 3583/12/2530
f 3561/10/2508 3583/12/2530 3586/10/2533
f 3563/30/2510 3559/32/2506 3585/32/2532
f 3563/30/2510 3585/32/2532 3587/30/2534
f 3565/22/2512 3564/24/2511 3588/24/2535
f 3565/22/2512 3588/24/2535 3589/22/2536
f 3567/8/2514 3561/10/2508 3586/10/2533
f 3567/8/2514 3586/10/2533 3590/8/2537
f 3568/42/2515 3553/44/2500 3591/44/2538
f 3568/42/2515 3591/44/2538 3592/42/2539
f 3547/50/2494 3558/52/2505 3593/52/2540
f 3547/50/2494 3593/52/2540 3548/50/2495
f 3570/28/2517 3563/30/2510 3587/30/2534
f 3570/28/2517 3587/30/2534 3594/28/2541
f 3571/20/2518 3565/22/2512 3589/22/2536
f 3571/20/2518 3589/22/2536 3595/20/2542
f 3558/52/2505 3560/54/2507 3596/54/2543
f 3558/52/2505 3596/54/2543 3593/52/2540
f 3573/6/2520 3567/8/2514 3590/8/2537
f 3573/6/2520 3590/8/2537 3597/6/2544
f 3574/40/2521 3568/42/2515 3592/42/2539
f 3574/40/2521 3592/42/2539 3598/40/2545
f 3560/54/2507 3562/56/2509 3599/56/2546
f 3560/54/2507 3599/56/2546 3596/54/2543
f 3576/26/2523 3570/28/2517 3594/28/2541
f 3576/26/2523 3594/28/2541 3600/26/2547
f 3577/18/2524 3571/20/2518 3595/20/2542
f 3577/18/2524 3595/20/2542 3601/18/2548
f 3562/56/2509 3566/58/2513 3602/58/2549
f 3562/56/2509 3602/58/2549 3599/56/2546
f 3515/4/2462 3573/6/2520 3597/6/2544
f 3515/4/2462 3597/6/2544 3603/4/2550
f 3550/38/2497 3574/40/2521 3598/40/2545
f 3550/38/2497 3598/40/2545 3604/38/2551
f 3566/58/2513 3569/60/2516 3605/60/2552
f 3566/58/2513 3605/60/2552 3602/58/2549
f 3564/24/2511 3576/26/2523 3600/26/2547
f 3564/24/2511 3600/26/2547 3588/24/2535
f 3554/16/2501 3577/18/2524 3601/18/2548
f 3554/16/2501 3601/18/2548 3606/16/2553
f 3569/60/2516 3572/62/2519 3607/62/2554
f 3569/60/2516 3607/62/2554 3605/60/2552
f 3516/1/2463 3515/4/2462 3603/4/2550
f 3516/1/2463 3603/4/2550 3608/1/2555
f 3551/36/2498 3550/38/2497 3604/38/2551
f 3551/36/2498 3604/38/2551 3609/36/2556
f 3572/62/2519 3575/64/2522 3610/64/2557
f 3572/62/2519 3610/64/2557 3607/62/2554
f 3553/44/2500 3552/46/2499 3579/46/2526
f 3553/44/2500 3579/46/2526 3591/44/2538
f 3555/14/2502 3554/16/2501 3606/16/2553
f 3555/14/2502 3606/16/2553 3582/14/2529
f 3575/64/2522 3578/66/2525 3611/66/2558
f 3575/64/2522 3611/66/2558 3610/64/2557
f 3552/46/2499 3546/48/2493 3549/48/2496
f 3552/46/2499 3549/48/2496 3579/46/2526
f 3556/34/2503 3551/36/2498 3609/36/2556
f 3556/34/2503 3609/36/2556 3584/34/2531
f 3612/52/2559 3613/54/2560 3614/54/2561
f 3612/52/2559 3614/54/2561 3615/52/2562
f 3584/34/2531 3609/36/2556 3616/36/2563
f 3584/34/2531 3616/36/2563 3617/34/2564
f 3549/48/2496 3548/50/2495 3618/50/2565
f 3549/48/2496 3618/50/2565 3580/48/2527
f 3583/12/2530 3582/14/2529 3619/14/2566
f 3583/12/2530 3619/14/2566 3620/12/2567
f 3548/50/2495 3593/52/2540 3612/52/2559
f 3548/50/2495 3612/52/2559 3618/50/2565
f 3585/32/2532 3584/34/2531 3617/34/2564
f 3585/32/2532 3617/34/2564 3621/32/2568
f 3593/52/2540 3596/54/2543 3613/54/2560
f 3593/52/2540 3613/54/2560 3612/52/2559
f 3586/10/2533 3583/12/2530 3620/12/2567
f 3586/10/2533 3620/12/2567 3622/10/2569
f 3596/54/2543 3599/56/2546 3623/56/2570
f 3596/54/2543 3623/56/2570 3613/54/2560
f 3587/30/2534 3585/32/2532 3621/32/2568
f 3587/30/2534 3621/32/2568 3624/30/2571
f 3589/22/2536 3588/24/2535 3625/24/2572
f 3589/22/2536 3625/24/2572 3626/22/2573
f 3599/56/2546 3602/58/2549 3627/58/2574
f 3599/56/2546 3627/58/2574 3623/56/2570
f 3590/8/2537 3586/10/2533 3622/10/2569
f 3590/8/2537 3622/10/2569 3628/8/2575
f 3592/42/2539 3591/44/2538 3629/44/2576
f 3592/42/2539 3629/44/2576 3630/42/2577
f 3602/58/2549 3605/60/2552 3631/60/2578
f 3602/58/2549 3631/60/2578 3627/58/2574
f 3594/28/2541 3587/30/2534 3624/30/2571
f 3594/28/2541 3624/30/2571 3632/28/2579
f 3595/20/2542 3589/22/2536 3626/22/2573
f 3595/20/2542 3626/22/2573 3633/20/2580
f 3605/60/2552 3607/62/2554 3634/62/2581
f 3605/60/2552 3634/62/2581 3631/60/2578
f 3597/6/2544 3590/8/2537 3628/8/2575
f 3597/6/2544 3628/8/2575 3635/6/2582
f 3598/40/2545 3592/42/2539 3630/42/2577
f 3598/40/2545 3630/42/2577 3636/40/2583
f 3607/62/2554 3610/64/2557 3637/64/2584
f 3607/62/2554 3637/64/2584 3634/62/2581
f 3600/26/2547 3594/28/2541 3632/28/2579
f 3600/26/2547 3632/28/2579 3638/26/2585
f 3601/18/2548 3595/20/2542 3633/20/2580
f 3601/18/2548 3633/20/2580 3639/18/2586
f 3610/64/2557 3611/66/2558 3640/66/2587
f 3610/64/2557 3640/66/2587 3637/64/2584
f 3603/4/2550 3597/6/2544 3635/6/2582
f 3603/4/2550 3635/6/2582 3641/4/2588
f 3604/38/2551 3598/40/2545 3636/40/2583
f 3604/38/2551 3636/40/2583 3642/38/2589
f 3588/24/2535 3600/26/2547 3638/26/2585
f 3588/24/2535 3638/26/2585 3625/24/2572
f 3606/16/2553 3601/18/2548 3639/18/2586
f 3606/16/2553 3639/18/2586 3643/16/2590
f 3608/1/2555 3603/4/2550 3641/4/2588
f 3608/1/2555 3641/4/2588 3644/1/2591
f 3609/36/2556 3604/38/2551 3642/38/2589
f 3609/36/2556 3642/38/2589 3616/36/2563
f 3591/44/2538 3579/46/2526 3581/46/2528
f 3591/44/2538 3581/46/2528 3629/44/2576
f 3582/14/2529 3606/16/2553 3643/16/2590
f 3582/14/2529 3643/16/2590 3619/14/2566
f 3645/42/2592 3646/44/2593 3647/44/2594
f 3645/42/2592 3647/44/2594 3648/42/2595
f 3622/10/2569 3620/12/2567 3649/12/2596
f 3622/10/2569 3649/12/2596 3650/10/2597
f 3613/54/2560 3623/56/2570 3651/56/2598
f 3613/54/2560 3651/56/2598 3614/54/2561
f 3624/30/2571 3621/32/2568 3652/32/2599
f 3624/30/2571 3652/32/2599 3653/30/2600
f 3626/22/2573 3625/24/2572 3654/24/2601
f 3626/22/2573 3654/24/2601 3655/22/2602
f 3623/56/2570 3627/58/2574 3656/58/2603
f 3623/56/2570 3656/58/2603 3651/56/2598
f 3628/8/2575 3622/10/2569 3650/10/2597
f 3628/8/2575 3650/10/2597 3657/8/2604
f 3630/42/2577 3629/44/2576 3646/44/2593
f 3630/42/2577 3646/44/2593 3645/42/2592
f 3627/58/2574 3631/60/2578 3658/60/2605
f 3627/58/2574 3658/60/2605 3656/58/2603
f 3632/28/2579 3624/30/2571 3653/30/2600
f 3632/28/2579 3653/30/2600 3659/28/2606
f 3633/20/2580 3626/22/2573 3655/22/2602
f 3633/20/2580 3655/22/2602 3660/20/2607
f 3631/60/2578 3634/62/2581 3661/62/2608
f 3631/60/2578 3661/62/2608 3658/60/2605
f 3635/6/2582 3628/8/2575 3657/8/2604
f 3635/6/2582 3657/8/2604 3662/6/2609
f 3636/40/2583 3630/42/2577 3645/42/2592
f 3636/40/2583 3645/42/2592 3663/40/2610
f 3634/62/2581 3637/64/2584 3664/64/2611
f 3634/62/2581 3664/64/2611 3661/62/2608
f 3638/26/2585 3632/28/2579 3659/28/2606
f 3638/26/2585 3659/28/2606 3665/26/2612
f 3639/18/2586 3633/20/2580 3660/20/2607
f 3639/18/2586 3660/20/2607 3666/18/2613
f 3637/64/2584 3640/66/2587 3667/66/2614
f 3637/64/2584 3667/66/2614 3664/64/2611
f 3641/4/2588 3635/6/2582 3662/6/2609
f 3641/4/2588 3662/6/2609 3668/4/2615
f 3642/38/2589 3636/40/2583 3663/40/2610
f 3642/38/2589 3663/40/2610 3669/38/2616
f 3625/24/2572 3638/26/2585 3665/26/2612
f 3625/24/2572 3665/26/2612 3654/24/2601
f 3643/16/2590 3639/18/2586 3666/18/2613
f 3643/16/2590 3666/18/2613 3670/16/2617
f 3644/1/2591 3641/4/2588 3668/4/2615
f 3644/1/2591 3668/4/2615 3671/1/2614
f 3616/36/2563 3642/38/2589 3669/38/2616
f 3616/36/2563 3669/38/2616 3672/36/2618
f 3629/44/2576 3581/46/2528 3673/46/2619
f 3629/44/2576 3673/46/2619 3646/44/2593
f 3619/14/2566 3643/16/2590 3670/16/2617
f 3619/14/2566 3670/16/2617 3674/14/2620
f 3581/46/2528 3580/48/2527 3675/48/2621
f 3581/46/2528 3675/48/2621 3673/46/2619
f 3617/34/2564 3616/36/2563 3672/36/2618
f 3617/34/2564 3672/36/2618 3676/34/2622
f 3580/48/2527 3618/50/2565 3677/50/2623
f 3580/48/2527 3677/50/2623 3675/48/2621
f 3620/12/2567 3619/14/2566 3674/14/2620
f 3620/12/2567 3674/14/2620 3649/12/2596
f 3618/50/2565 3612/52/2559 3615/52/2562
f 3618/50/2565 3615/52/2562 3677/50/2623
f 3621/32/2568 3617/34/2564 3676/34/2622
f 3621/32/2568 3676/34/2622 3652/32/2599
f 3678/18/2624 3679/20/2625 3680/20/2626
f 3678/18/2624 3680/20/2626 3681/18/2627
f 3656/58/2603 3658/60/2605 3682/60/2628
f 3656/58/2603 3682/60/2628 3683/58/2629
f 3659/28/2606 3653/30/2600 3684/30/2630
f 3659/28/2606 3684/30/2630 3685/28/2631
f 3660/20/2607 3655/22/2602 3686/22/2632
f 3660/20/2607 3686/22/2632 3679/20/2625
f 3658/60/2605 3661/62/2608 3687/62/2633
f 3658/60/2605 3687/62/2633 3682/60/2628
f 3662/6/2609 3657/8/2604 3688/8/2634
f 3662/6/2609 3688/8/2634 3689/6/2635
f 3663/40/2610 3645/42/2592 3648/42/2595
f 3663/40/2610 3648/42/2595 3690/40/2636
f 3661/62/2608 3664/64/2611 3691/64/2637
f 3661/62/2608 3691/64/2637 3687/62/2633
f 3665/26/2612 3659/28/2606 3685/28/2631
f 3665/26/2612 3685/28/2631 3692/26/2638
f 3666/18/2613 3660/20/2607 3679/20/2625
f 3666/18/2613 3679/20/2625 3678/18/2624
f 3664/64/2611 3667/66/2614 3693/66/2639
f 3664/64/2611 3693/66/2639 3691/64/2637
f 3668/4/2615 3662/6/2609 3689/6/2635
f 3668/4/2615 3689/6/2635 3694/4/2640
f 3669/38/2616 3663/40/2610 3690/40/2636
f 3669/38/2616 3690/40/2636 3695/38/2641
f 3654/24/2601 3665/26/2612 3692/26/2638
f 3654/24/2601 3692/26/2638 3696/24/2642
f 3670/16/2617 3666/18/2613 3678/18/2624
f 3670/16/2617 3678/18/2624 3697/16/2643
f 3671/1/2614 3668/4/2615 3694/4/2640
f 3671/1/2614 3694/4/2640 3698/1/2644
f 3672/36/2618 3669/38/2616 3695/38/2641
f 3672/36/2618 3695/38/2641 3699/36/2645
f 3646/44/2593 3673/46/2619 3700/46/2646
f 3646/44/2593 3700/46/2646 3647/44/2594
f 3674/14/2620 3670/16/2617 3697/16/2643
f 3674/14/2620 3697/16/2643 3701/14/2647
f 3673/46/2619 3675/48/2621 3702/48/2648
f 3673/46/2619 3702/48/2648 3700/46/2646
f 3676/34/2622 3672/36/2618 3699/36/2645
f 3676/34/2622 3699/36/2645 3703/34/2649
f 3675/48/2621 3677/50/2623 3704/50/2650
f 3675/48/2621 3704/50/2650 3702/48/2648
f 3649/12/2596 3674/14/2620 3701/14/2647
f 3649/12/2596 3701/14/2647 3705/12/2651
f 3677/50/2623 3615/52/2562 3706/52/2652
f 3677/50/2623 3706/52/2652 3704/50/2650
f 3652/32/2599 3676/34/2622 3703/34/2649
f 3652/32/2599 3703/34/2649 3707/32/2653
f 3615/52/2562 3614/54/2561 3708/54/2654
f 3615/52/2562 3708/54/2654 3706/52/2652
f 3650/10/2597 3649/12/2596 3705/12/2651
f 3650/10/2597 3705/12/2651 3709/10/2655
f 3614/54/2561 3651/56/2598 3710/56/2656
f 3614/54/2561 3710/56/2656 3708/54/2654
f 3653/30/2600 3652/32/2599 3707/32/2653
f 3653/30/2600 3707/32/2653 3684/30/2630
f 3655/22/2602 3654/24/2601 3696/24/2642
f 3655/22/2602 3696/24/2642 3686/22/2632
f 3651/56/2598 3656/58/2603 3683/58/2629
f 3651/56/2598 3683/58/2629 3710/56/2656
f 3657/8/2604 3650/10/2597 3709/10/2655
f 3657/8/2604 3709/10/2655 3688/8/2634
f 3711/36/2657 3712/38/2658 3713/38/2659
f 3711/36/2657 3713/38/2659 3714/36/2660
f 3691/64/2637 3693/66/2639 3715/66/2661
f 3691/64/2637 3715/66/2661 3716/64/2662
f 3694/4/2640 3689/6/2635 3717/6/2663
f 3694/4/2640 3717/6/2663 3718/4/2664
f 3695/38/2641 3690/40/2636 3719/40/2665
f 3695/38/2641 3719/40/2665 3712/38/2658
f 3696/24/2642 3692/26/2638 3720/26/2666
f 3696/24/2642 3720/26/2666 3721/24/2667
f 3697/16/2643 3678/18/2624 3681/18/2627
f 3697/16/2643 3681/18/2627 3722/16/2668
f 3698/1/2644 3694/4/2640 3718/4/2664
f 3698/1/2644 3718/4/2664 3723/1/2669
f 3699/36/2645 3695/38/2641 3712/38/2658
f 3699/36/2645 3712/38/2658 3711/36/2657
f 3647/44/2594 3700/46/2646 3724/46/2670
f 3647/44/2594 3724/46/2670 3725/44/2671
f 3701/14/2647 3697/16/2643 3722/16/2668
f 3701/14/2647 3722/16/2668 3726/14/2672
f 3700/46/2646 3702/48/2648 3727/48/2673
f 3700/46/2646 3727/48/2673 3724/46/2670
f 3703/34/2649 3699/36/2645 3711/36/2657
f 3703/34/2649 3711/36/2657 3728/34/2674
f 3702/48/2648 3704/50/2650 3729/50/2675
f 3702/48/2648 3729/50/2675 3727/48/2673
f 3705/12/2651 3701/14/2647 3726/14/2672
f 3705/12/2651 3726/14/2672 3730/12/2676
f 3704/50/2650 3706/52/2652 3731/52/2677
f 3704/50/2650 3731/52/2677 3729/50/2675
f 3707/32/2653 3703/34/2649 3728/34/2674
f 3707/32/2653 3728/34/2674 3732/32/2678
f 3706/52/2652 3708/54/2654 3733/54/2679
f 3706/52/2652 3733/54/2679 3731/52/2677
f 3709/10/2655 3705/12/2651 3730/12/2676
f 3709/10/2655 3730/12/2676 3734/10/2680
f 3708/54/2654 3710/56/2656 3735/56/2681
f 3708/54/2654 3735/56/2681 3733/54/2679
f 3684/30/2630 3707/32/2653 3732/32/2678
f 3684/30/2630 3732/32/2678 3736/30/2682
f 3686/22/2632 3696/24/2642 3721/24/2667
f 3686/22/2632 3721/24/2667 3737/22/2683
f 3710/56/2656 3683/58/2629 3738/58/2684
f 3710/56/2656 3738/58/2684 3735/56/2681
f 3688/8/2634 3709/10/2655 3734/10/2680
f 3688/8/2634 3734/10/2680 3739/8/2685
f 3648/42/2595 3647/44/2594 3725/44/2671
f 3648/42/2595 3725/44/2671 3740/42/2686
f 3683/58/2629 3682/60/2628 3741/60/2687
f 3683/58/2629 3741/60/2687 3738/58/2684
f 3685/28/2631 3684/30/2630 3736/30/2682
f 3685/28/2631 3736/30/2682 3742/28/2688
f 3679/20/2625 3686/22/2632 3737/22/2683
f 3679/20/2625 3737/22/2683 3680/20/2626
f 3682/60/2628 3687/62/2633 3743/62/2689
f 3682/60/2628 3743/62/2689 3741/60/2687
f 3689/6/2635 3688/8/2634 3739/8/2685
f 3689/6/2635 3739/8/2685 3717/6/2663
f 3690/40/2636 3648/42/2595 3740/42/2686
f 3690/40/2636 3740/42/2686 3719/40/2665
f 3687/62/2633 3691/64/2637 3716/64/2662
f 3687/62/2633 3716/64/2662 3743/62/2689
f 3692/26/2638 3685/28/2631 3742/28/2688
f 3692/26/2638 3742/28/2688 3720/26/2666
f 3744/12/2690 3745/14/2691 3746/14/2692
f 3744/12/2690 3746/14/2692 3747/12/2693
f 3725/44/2671 3724/46/2670 3748/46/2694
f 3725/44/2671 3748/46/2694 3749/44/2695
f 3726/14/2672 3722/16/2668 3750/16/2696
f 3726/14/2672 3750/16/2696 3745/14/2691
f 3724/46/2670 3727/48/2673 3751/48/2697
f 3724/46/2670 3751/48/2697 3748/46/2694
f 3728/34/2674 3711/36/2657 3714/36/2660
f 3728/34/2674 3714/36/2660 3752/34/2698
f 3727/48/2673 3729/50/2675 3753/50/2699
f 3727/48/2673 3753/50/2699 3751/48/2697
f 3730/12/2676 3726/14/2672 3745/14/2691
f 3730/12/2676 3745/14/2691 3744/12/2690
f 3729/50/2675 3731/52/2677 3754/52/2700
f 3729/50/2675 3754/52/2700 3753/50/2699
f 3732/32/2678 3728/34/2674 3752/34/2698
f 3732/32/2678 3752/34/2698 3755/32/2701
f 3731/52/2677 3733/54/2679 3756/54/2702
f 3731/52/2677 3756/54/2702 3754/52/2700
f 3734/10/2680 3730/12/2676 3744/12/2690
f 3734/10/2680 3744/12/2690 3757/10/2703
f 3733/54/2679 3735/56/2681 3758/56/2704
f 3733/54/2679 3758/56/2704 3756/54/2702
f 3736/30/2682 3732/32/2678 3755/32/2701
f 3736/30/2682 3755/32/2701 3759/30/2705
f 3737/22/2683 3721/24/2667 3760/24/2706
f 3737/22/2683 3760/24/2706 3761/22/2707
f 3735/56/2681 3738/58/2684 3762/58/2708
f 3735/56/2681 3762/58/2708 3758/56/2704
f 3739/8/2685 3734/10/2680 3757/10/2703
f 3739/8/2685 3757/10/2703 3763/8/2709
f 3740/42/2686 3725/44/2671 3749/44/2695
f 3740/42/2686 3749/44/2695 3764/42/2710
f 3738/58/2684 3741/60/2687 3765/60/2711
f 3738/58/2684 3765/60/2711 3762/58/2708
f 3742/28/2688 3736/30/2682 3759/30/2705
f 3742/28/2688 3759/30/2705 3766/28/2712
f 3680/20/2626 3737/22/2683 3761/22/2707
f 3680/20/2626 3761/22/2707 3767/20/2713
f 3741/60/2687 3743/62/2689 3768/62/2714
f 3741/60/2687 3768/62/2714 3765/60/2711
f 3717/6/2663 3739/8/2685 3763/8/2709
f 3717/6/2663 3763/8/2709 3769/6/2715
f 3719/40/2665 3740/42/2686 3764/42/2710
f 3719/40/2665 3764/42/2710 3770/40/2716
f 3743/62/2689 3716/64/2662 3771/64/2717
f 3743/62/2689 3771/64/2717 3768/62/2714
f 3720/26/2666 3742/28/2688 3766/28/2712
f 3720/26/2666 3766/28/2712 3772/26/2718
f 3681/18/2627 3680/20/2626 3767/20/2713
f 3681/18/2627 3767/20/2713 3773/18/2719
f 3716/64/2662 3715/66/2661 3774/66/2720
f 3716/64/2662 3774/66/2720 3771/64/2717
f 3718/4/2664 3717/6/2663 3769/6/2715
f 3718/4/2664 3769/6/2715 3775/4/2721
f 3712/38/2658 3719/40/2665 3770/40/2716
f 3712/38/2658 3770/40/2716 3713/38/2659
f 3721/24/2667 3720/26/2666 3772/26/2718
f 3721/24/2667 3772/26/2718 3760/24/2706
f 3722/16/2668 3681/18/2627 3773/18/2719
f 3722/16/2668 3773/18/2719 3750/16/2696
f 3723/1/2669 3718/4/2664 3775/4/2721
f 3723/1/2669 3775/4/2721 3776/1/2720
f 3777/30/2722 3778/32/2723 3779/32/2724
f 3777/30/2722 3779/32/2724 3780/30/2725
f 3753/50/2699 3754/52/2700 3781/52/2726
f 3753/50/2699 3781/52/2726 3782/50/2727
f 3755/32/2701 3752/34/2698 3783/34/2728
f 3755/32/2701 3783/34/2728 3778/32/2723
f 3754/52/2700 3756/54/2702 3784/54/2729
f 3754/52/2700 3784/54/2729 3781/52/2726
f 3757/10/2703 3744/12/2690 3747/12/2693
f 3757/10/2703 3747/12/2693 3785/10/2730
f 3756/54/2702 3758/56/2704 3786/56/2731
f 3756/54/2702 3786/56/2731 3784/54/2729
f 3759/30/2705 3755/32/2701 3778/32/2723
f 3759/30/2705 3778/32/2723 3777/30/2722
f 3761/22/2707 3760/24/2706 3787/24/2732
f 3761/22/2707 3787/24/2732 3788/22/2733
f 3758/56/2704 3762/58/2708 3789/58/2734
f 3758/56/2704 3789/58/2734 3786/56/2731
f 3763/8/2709 3757/10/2703 3785/10/2730
f 3763/8/2709 3785/10/2730 3790/8/2735
f 3764/42/2710 3749/44/2695 3791/44/2736
f 3764/42/2710 3791/44/2736 3792/42/2737
f 3762/58/2708 3765/60/2711 3793/60/2738
f 3762/58/2708 3793/60/2738 3789/58/2734
f 3766/28/2712 3759/30/2705 3777/30/2722
f 3766/28/2712 3777/30/2722 3794/28/2739
f 3767/20/2713 3761/22/2707 3788/22/2733
f 3767/20/2713 3788/22/2733 3795/20/2740
f 3765/60/2711 3768/62/2714 3796/62/2741
f 3765/60/2711 3796/62/2741 3793/60/2738
f 3769/6/2715 3763/8/2709 3790/8/2735
f 3769/6/2715 3790/8/2735 3797/6/2742
f 3770/40/2716 3764/42/2710 3792/42/2737
f 3770/40/2716 3792/42/2737 3798/40/2743
f 3768/62/2714 3771/64/2717 3799/64/2744
f 3768/62/2714 3799/64/2744 3796/62/2741
f 3772/26/2718 3766/28/2712 3794/28/2739
f 3772/26/2718 3794/28/2739 3800/26/2745
f 3773/18/2719 3767/20/2713 3795/20/2740
f 3773/18/2719 3795/20/2740 3801/18/2746
f 3771/64/2717 3774/66/2720 3802/66/2747
f 3771/64/2717 3802/66/2747 3799/64/2744
f 3775/4/2721 3769/6/2715 3797/6/2742
f 3775/4/2721 3797/6/2742 3803/4/2748
f 3713/38/2659 3770/40/2716 3798/40/2743
f 3713/38/2659 3798/40/2743 3804/38/2749
f 3760/24/2706 3772/26/2718 3800/26/2745
f 3760/24/2706 3800/26/2745 3787/24/2732
f 3750/16/2696 3773/18/2719 3801/18/2746
f 3750/16/2696 3801/18/2746 3805/16/2750
f 3776/1/2720 3775/4/2721 3803/4/2748
f 3776/1/2720 3803/4/2748 3806/1/2751
f 3714/36/2660 3713/38/2659 3804/38/2749
f 3714/36/2660 3804/38/2749 3807/36/2752
f 3749/44/2695 3748/46/2694 3808/46/2753
f 3749/44/2695 3808/46/2753 3791/44/2736
f 3745/14/2691 3750/16/2696 3805/16/2750
f 3745/14/2691 3805/16/2750 3746/14/2692
f 3748/46/2694 3751/48/2697 3809/48/2754
f 3748/46/2694 3809/48/2754 3808/46/2753
f 3752/34/2698 3714/36/2660 3807/36/2752
f 3752/34/2698 3807/36/2752 3783/34/2728
f 3751/48/2697 3753/50/2699 3782/50/2727
f 3751/48/2697 3782/50/2727 3809/48/2754
f 3810/6/2755 3811/8/2756 3812/8/2757
f 3810/6/2755 3812/8/2757 3813/6/2758
f 3788/22/2733 3787/24/2732 3814/24/2759
f 3788/22/2733 3814/24/2759 3815/22/2760
f 3786/56/2731 3789/58/2734 3816/58/2761
f 3786/56/2731 3816/58/2761 3817/56/2762
f 3790/8/2735 3785/10/2730 3818/10/2763
f 3790/8/2735 3818/10/2763 3811/8/2756
f 3792/42/2737 3791/44/2736 3819/44/2764
f 3792/42/2737 3819/44/2764 3820/42/2765
f 3789/58/2734 3793/60/2738 3821/60/2766
f 3789/58/2734 3821/60/2766 3816/58/2761
f 3794/28/2739 3777/30/2722 3780/30/2725
f 3794/28/2739 3780/30/2725 3822/28/2767
f 3795/20/2740 3788/22/2733 3815/22/2760
f 3795/20/2740 3815/22/2760 3823/20/2768
f 3793/60/2738 3796/62/2741 3824/62/2769
f 3793/60/2738 3824/62/2769 3821/60/2766
f 3797/6/2742 3790/8/2735 3811/8/2756
f 3797/6/2742 3811/8/2756 3810/6/2755
f 3798/40/2743 3792/42/2737 3820/42/2765
f 3798/40/2743 3820/42/2765 3825/40/2770
f 3796/62/2741 3799/64/2744 3826/64/2771
f 3796/62/2741 3826/64/2771 3824/62/2769
f 3800/26/2745 3794/28/2739 3822/28/2767
f 3800/26/2745 3822/28/2767 3827/26/2772
f 3801/18/2746 3795/20/2740 3823/20/2768
f 3801/18/2746 3823/20/2768 3828/18/2773
f 3799/64/2744 3802/66/2747 3829/66/2774
f 3799/64/2744 3829/66/2774 3826/64/2771
f 3803/4/2748 3797/6/2742 3810/6/2755
f 3803/4/2748 3810/6/2755 3830/4/2775
f 3804/38/2749 3798/40/2743 3825/40/2770
f 3804/38/2749 3825/40/2770 3831/38/2776
f 3787/24/2732 3800/26/2745 3827/26/2772
f 3787/24/2732 3827/26/2772 3814/24/2759
f 3805/16/2750 3801/18/2746 3828/18/2773
f 3805/16/2750 3828/18/2773 3832/16/2777
f 3806/1/2751 3803/4/2748 3830/4/2775
f 3806/1/2751 3830/4/2775 3833/1/2778
f 3807/36/2752 3804/38/2749 3831/38/2776
f 3807/36/2752 3831/38/2776 3834/36/2779
f 3791/44/2736 3808/46/2753 3835/46/2780
f 3791/44/2736 3835/46/2780 3819/44/2764
f 3746/14/2692 3805/16/2750 3832/16/2777
f 3746/14/2692 3832/16/2777 3836/14/2781
f 3808/46/2753 3809/48/2754 3837/48/2782
f 3808/46/2753 3837/48/2782 3835/46/2780
f 3783/34/2728 3807/36/2752 3834/36/2779
f 3783/34/2728 3834/36/2779 3838/34/2783
f 3809/48/2754 3782/50/2727 3839/50/2784
f 3809/48/2754 3839/50/2784 3837/48/2782
f 3747/12/2693 3746/14/2692 3836/14/2781
f 3747/12/2693 3836/14/2781 3840/12/2785
f 3782/50/2727 3781/52/2726 3841/52/2786
f 3782/50/2727 3841/52/2786 3839/50/2784
f 3778/32/2723 3783/34/2728 3838/34/2783
f 3778/32/2723 3838/34/2783 3779/32/2724
f 3781/52/2726 3784/54/2729 3842/54/2787
f 3781/52/2726 3842/54/2787 3841/52/2786
f 3785/10/2730 3747/12/2693 3840/12/2785
f 3785/10/2730 3840/12/2785 3818/10/2763
f 3784/54/2729 3786/56/2731 3817/56/2762
f 3784/54/2729 3817/56/2762 3842/54/2787
f 3843/44/2788 1860/46/1504 1818/45/1477
f 3843/44/2788 1818/45/1477 1814/43/1474
f 3825/40/2770 3820/42/2765 3844/42/2789
f 3825/40/2770 3844/42/2789 3845/40/2790
f 3824/62/2769 3826/64/2771 3846/64/2791
f 3824/62/2769 3846/64/2791 3847/62/2792
f 3827/26/2772 3822/28/2767 3848/28/2793
f 3827/26/2772 3848/28/2793 3849/26/2794
f 3828/18/2773 3823/20/2768 3850/20/2795
f 3828/18/2773 3850/20/2795 3851/18/2796
f 3826/64/2771 3829/66/2774 3852/66/2797
f 3826/64/2771 3852/66/2797 3846/64/2791
f 3830/4/2775 3810/6/2755 3813/6/2758
f 3830/4/2775 3813/6/2758 3853/4/2798
f 3831/38/2776 3825/40/2770 3845/40/2790
f 3831/38/2776 3845/40/2790 3854/38/2799
f 3814/24/2759 3827/26/2772 3849/26/2794
f 3814/24/2759 3849/26/2794 3855/24/2800
f 3832/16/2777 3828/18/2773 3851/18/2796
f 3832/16/2777 3851/18/2796 3856/16/2801
f 3833/1/2778 3830/4/2775 3853/4/2798
f 3833/1/2778 3853/4/2798 3857/1/2802
f 3834/36/2779 3831/38/2776 3854/38/2799
f 3834/36/2779 3854/38/2799 3858/36/2803
f 3819/44/2764 3835/46/2780 1860/46/1504
f 3819/44/2764 1860/46/1504 3843/44/2788
f 3836/14/2781 3832/16/2777 3856/16/2801
f 3836/14/2781 3856/16/2801 3859/14/2804
f 3835/46/2780 3837/48/2782 1861/48/1505
f 3835/46/2780 1861/48/1505 1860/46/1504
f 3838/34/2783 3834/36/2779 3858/36/2803
f 3838/34/2783 3858/36/2803 3860/34/2805
f 3837/48/2782 3839/50/2784 3861/50/2806
f 3837/48/2782 3861/50/2806 1861/48/1505
f 3840/12/2785 3836/14/2781 3859/14/2804
f 3840/12/2785 3859/14/2804 3862/12/2807
f 3839/50/2784 3841/52/2786 3863/52/2808
f 3839/50/2784 3863/52/2808 3861/50/2806
f 3779/32/2724 3838/34/2783 3860/34/2805
f 3779/32/2724 3860/34/2805 3864/32/2809
f 3841/52/2786 3842/54/2787 3865/54/2810
f 3841/52/2786 3865/54/2810 3863/52/2808
f 3818/10/2763 3840/12/2785 3862/12/2807
f 3818/10/2763 3862/12/2807 3866/10/2811
f 3842/54/2787 3817/56/2762 3867/56/2812
f 3842/54/2787 3867/56/2812 3865/54/2810
f 3780/30/2725 3779/32/2724 3864/32/2809
f 3780/30/2725 3864/32/2809 3868/30/2813
f 3815/22/2760 3814/24/2759 3855/24/2800
f 3815/22/2760 3855/24/2800 3869/22/2814
f 3817/56/2762 3816/58/2761 3870/58/2815
f 3817/56/2762 3870/58/2815 3867/56/2812
f 3811/8/2756 3818/10/2763 3866/10/2811
f 3811/8/2756 3866/10/2811 3812/8/2757
f 3820/42/2765 3819/44/2764 3843/44/2788
f 3820/42/2765 3843/44/2788 3844/42/2789
f 3816/58/2761 3821/60/2766 3871/60/2816
f 3816/58/2761 3871/60/2816 3870/58/2815
f 3822/28/2767 3780/30/2725 3868/30/2813
f 3822/28/2767 3868/30/2813 3848/28/2793
f 3823/20/2768 3815/22/2760 3869/22/2814
f 3823/20/2768 3869/22/2814 3850/20/2795
f 3821/60/2766 3824/62/2769 3847/62/2792
f 3821/60/2766 3847/62/2792 3871/60/2816
f 1861/48/1505 3861/50/2806 1830/49/1483
f 1861/48/1505 1830/49/1483 1824/47/1480
f 3861/50/2806 3863/52/2808 1836/51/1486
f 3861/50/2806 1836/51/1486 1830/49/1483
f 3863/52/2808 3865/54/2810 1840/53/1489
f 3863/52/2808 1840/53/1489 1836/51/1486
f 3865/54/2810 3867/56/2812 1844/55/1492
f 3865/54/2810 1844/55/1492 1840/53/1489
f 3867/56/2812 3870/58/2815 1848/57/1495
f 3867/56/2812 1848/57/1495 1844/55/1492
f 3870/58/2815 3871/60/2816 1852/59/1498
f 3870/58/2815 1852/59/1498 1848/57/1495
f 3871/60/2816 3847/62/2792 1856/61/1501
f 3871/60/2816 1856/61/1501 1852/59/1498
f 3847/62/2792 3846/64/2791 1889/63/1518
f 3847/62/2792 1889/63/1518 1856/61/1501
f 3846/64/2791 3852/66/2797 1890/65/1519
f 3846/64/2791 1890/65/1519 1889/63/1518
f 3857/1/2802 3853/4/2798 1893/3/1521
f 3857/1/2802 1893/3/1521 1895/2/1523
f 3853/4/2798 3813/6/2758 1887/5/1516
f 3853/4/2798 1887/5/1516 1893/3/1521
f 3813/6/2758 3812/8/2757 1683/7/1419
f 3813/6/2758 1683/7/1419 1887/5/1516
f 3812/8/2757 3866/10/2811 1684/9/1420
f 3812/8/2757 1684/9/1420 1683/7/1419
f 3866/10/2811 3862/12/2807 1705/11/1430
f 3866/10/2811 1705/11/1430 1684/9/1420
f 3862/12/2807 3859/14/2804 1706/13/1431
f 3862/12/2807 1706/13/1431 1705/11/1430
f 3859/14/2804 3856/16/2801 1713/15/1433
f 3859/14/2804 1713/15/1433 1706/13/1431
f 3856/16/2801 3851/18/2796 1720/17/1435
f 3856/16/2801 1720/17/1435 1713/15/1433
f 3851/18/2796 3850/20/2795 1728/19/1438
f 3851/18/2796 1728/19/1438 1720/17/1435
f 3850/20/2795 3869/22/2814 1736/21/1441
f 3850/20/2795 1736/21/1441 1728/19/1438
f 3869/22/2814 3855/24/2800 1744/23/1444
f 3869/22/2814 1744/23/1444 1736/21/1441
f 3855/24/2800 3849/26/2794 1752/25/1447
f 3855/24/2800 1752/25/1447 1744/23/1444
f 3849/26/2794 3848/28/2793 1760/27/1450
f 3849/26/2794 1760/27/1450 1752/25/1447
f 3848/28/2793 3868/30/2813 1768/29/1453
f 3848/28/2793 1768/29/1453 1760/27/1450
f 3868/30/2813 3864/32/2809 1776/31/1456
f 3868/30/2813 1776/31/1456 1768/29/1453
f 3864/32/2809 3860/34/2805 1784/33/1459
f 3864/32/2809 1784/33/1459 1776/31/1456
f 3860/34/2805 3858/36/2803 1790/35/1462
f 3860/34/2805 1790/35/1462 1784/33/1459
f 3858/36/2803 3854/38/2799 1796/37/1465
f 3858/36/2803 1796/37/1465 1790/35/1462
f 3854/38/2799 3845/40/2790 1802/39/1468
f 3854/38/2799 1802/39/1468 1796/37/1465
f 3845/40/2790 3844/42/2789 1808/41/1471
f 3845/40/2790 1808/41/1471 1802/39/1468
f 3844/42/2789 3843/44/2788 1814/43/1474
f 3844/42/2789 1814/43/1474 1808/41/1471
s 9
f 3872/59/2817 3873/57/2818 3874/57/2819
f 3872/59/2817 3874/57/2819 3875/59/2820
f 1990/29/1571 1988/27/1570 3876/27/2821
f 1990/29/1571 3876/27/2821 3877/29/2822
f 2010/49/1581 2008/47/1580 3878/47/2823
f 2010/49/1581 3878/47/2823 3879/49/2824
f 1982/21/1567 1980/19/1566 3880/19/2825
f 1982/21/1567 3880/19/2825 3881/21/2826
f 1994/33/1573 1992/31/1572 3882/31/2827
f 1994/33/1573 3882/31/2827 3883/33/2828
f 2020/59/1586 2018/57/1585 3873/57/2818
f 2020/59/1586 3873/57/2818 3872/59/2817
f 1998/37/1575 1996/35/1574 3884/35/2829
f 1998/37/1575 3884/35/2829 3885/37/2830
f 1967/7/1558 2027/5/1590 3886/5/2831
f 1967/7/1558 3886/5/2831 3887/7/2832
f 2012/51/1582 2010/49/1581 3879/49/2824
f 2012/51/1582 3879/49/2824 3888/51/2833
f 2033/3/1593 2035/2/1594 3889/2/2834
f 2033/3/1593 3889/2/2834 3890/3/2835
f 2002/41/1577 2000/39/1576 3891/39/2836
f 2002/41/1577 3891/39/2836 3892/41/2837
f 1973/11/1562 1968/9/1559 3893/9/2838
f 1973/11/1562 3893/9/2838 3894/11/2839
f 1984/23/1568 1982/21/1567 3881/21/2826
f 1984/23/1568 3881/21/2826 3895/23/2840
f 2022/61/1587 2020/59/1586 3872/59/2817
f 2022/61/1587 3872/59/2817 3896/61/2841
f 1976/15/1564 1974/13/1563 3897/13/2842
f 1976/15/1564 3897/13/2842 2024/15/1588
f 1988/27/1570 1986/25/1569 3898/25/2843
f 1988/27/1570 3898/25/2843 3876/27/2821
f 2014/53/1583 2012/51/1582 3888/51/2833
f 2014/53/1583 3888/51/2833 3899/53/2844
f 1980/19/1566 1978/17/1565 2025/17/1589
f 1980/19/1566 2025/17/1589 3880/19/2825
f 1992/31/1572 1990/29/1571 3877/29/2822
f 1992/31/1572 3877/29/2822 3882/31/2827
f 2006/45/1579 2004/43/1578 3900/43/2845
f 2006/45/1579 3900/43/2845 3901/45/2846
f 2029/63/1591 2022/61/1587 3896/61/2841
f 2029/63/1591 3896/61/2841 3902/63/2847
f 1996/35/1574 1994/33/1573 3883/33/2828
f 1996/35/1574 3883/33/2828 3884/35/2829
f 2027/5/1590 2033/3/1593 3890/3/2835
f 2027/5/1590 3890/3/2835 3886/5/2831
f 2016/55/1584 2014/53/1583 3899/53/2844
f 2016/55/1584 3899/53/2844 3903/55/2848
f 2000/39/1576 1998/37/1575 3885/37/2830
f 2000/39/1576 3885/37/2830 3891/39/2836
f 1968/9/1559 1967/7/1558 3887/7/2832
f 1968/9/1559 3887/7/2832 3893/9/2838
f 2008/47/1580 2006/45/1579 3901/45/2846
f 2008/47/1580 3901/45/2846 3878/47/2823
f 2004/43/1578 2002/41/1577 3892/41/2837
f 2004/43/1578 3892/41/2837 3900/43/2845
f 2030/65/1592 2029/63/1591 3902/63/2847
f 2030/65/1592 3902/63/2847 3904/65/2849
f 1974/13/1563 1973/11/1562 3894/11/2839
f 1974/13/1563 3894/11/2839 3897/13/2842
f 1986/25/1569 1984/23/1568 3895/23/2840
f 1986/25/1569 3895/23/2840 3898/25/2843
f 2018/57/1585 2016/55/1584 3903/55/2848
f 2018/57/1585 3903/55/2848 3873/57/2818
f 3905/65/2850 3906/63/2851 3907/63/2852
f 3905/65/2850 3907/63/2852 3908/65/2853
f 3887/7/2832 3886/5/2831 3909/5/2854
f 3887/7/2832 3909/5/2854 3910/7/2855
f 3892/41/2837 3891/39/2836 3911/39/2856
f 3892/41/2837 3911/39/2856 3912/41/2857
f 3896/61/2841 3872/59/2817 3875/59/2820
f 3896/61/2841 3875/59/2820 3913/61/2858
f 3876/27/2821 3898/25/2843 3914/25/2859
f 3876/27/2821 3914/25/2859 3915/27/2860
f 3880/19/2825 2025/17/1589 3916/17/2861
f 3880/19/2825 3916/17/2861 3917/19/2862
f 3902/63/2847 3896/61/2841 3913/61/2858
f 3902/63/2847 3913/61/2858 3906/63/2851
f 3886/5/2831 3890/3/2835 3918/3/2863
f 3886/5/2831 3918/3/2863 3909/5/2854
f 3891/39/2836 3885/37/2830 3919/37/2864
f 3891/39/2836 3919/37/2864 3911/39/2856
f 3904/65/2849 3902/63/2847 3906/63/2851
f 3904/65/2849 3906/63/2851 3905/65/2850
f 3898/25/2843 3895/23/2840 3920/23/2865
f 3898/25/2843 3920/23/2865 3914/25/2859
f 2025/17/1589 2024/15/1588 3921/15/2866
f 2025/17/1589 3921/15/2866 3916/17/2861
f 3890/3/2835 3889/2/2834 3922/2/2867
f 3890/3/2835 3922/2/2867 3918/3/2863
f 3885/37/2830 3884/35/2829 3923/35/2868
f 3885/37/2830 3923/35/2868 3919/37/2864
f 3895/23/2840 3881/21/2826 3924/21/2869
f 3895/23/2840 3924/21/2869 3920/23/2865
f 2024/15/1588 3897/13/2842 3925/13/2870
f 2024/15/1588 3925/13/2870 3921/15/2866
f 3901/45/2846 3900/43/2845 3926/43/2871
f 3901/45/2846 3926/43/2871 3927/45/2872
f 3884/35/2829 3883/33/2828 3928/33/2873
f 3884/35/2829 3928/33/2873 3923/35/2868
f 3878/47/2823 3901/45/2846 3927/45/2872
f 3878/47/2823 3927/45/2872 3929/47/2874
f 3897/13/2842 3894/11/2839 3930/11/2875
f 3897/13/2842 3930/11/2875 3925/13/2870
f 3879/49/2824 3878/47/2823 3929/47/2874
f 3879/49/2824 3929/47/2874 3931/49/2876
f 3883/33/2828 3882/31/2827 3932/31/2877
f 3883/33/2828 3932/31/2877 3928/33/2873
f 3888/51/2833 3879/49/2824 3931/49/2876
f 3888/51/2833 3931/49/2876 3933/51/2878
f 3894/11/2839 3893/9/2838 3934/9/2879
f 3894/11/2839 3934/9/2879 3930/11/2875
f 3899/53/2844 3888/51/2833 3933/51/2878
f 3899/53/2844 3933/51/2878 3935/53/2880
f 3882/31/2827 3877/29/2822 3936/29/2881
f 3882/31/2827 3936/29/2881 3932/31/2877
f 3903/55/2848 3899/53/2844 3935/53/2880
f 3903/55/2848 3935/53/2880 3937/55/2882
f 3893/9/2838 3887/7/2832 3910/7/2855
f 3893/9/2838 3910/7/2855 3934/9/2879
f 3900/43/2845 3892/41/2837 3912/41/2857
f 3900/43/2845 3912/41/2857 3926/43/2871
f 3873/57/2818 3903/55/2848 3937/55/2882
f 3873/57/2818 3937/55/2882 3874/57/2819
f 3877/29/2822 3876/27/2821 3915/27/2860
f 3877/29/2822 3915/27/2860 3936/29/2881
f 3881/21/2826 3880/19/2825 3917/19/2862
f 3881/21/2826 3917/19/2862 3924/21/2869
f 3938/45/2883 3939/43/2884 3940/43/2885
f 3938/45/2883 3940/43/2885 3941/45/2886
f 3914/25/2859 3920/23/2865 3942/23/2887
f 3914/25/2859 3942/23/2887 3943/25/2888
f 3916/17/2861 3921/15/2866 3944/15/2889
f 3916/17/2861 3944/15/2889 3945/17/2890
f 3918/3/2863 3922/2/2867 3946/2/2891
f 3918/3/2863 3946/2/2891 3947/3/2892
f 3919/37/2864 3923/35/2868 3948/35/2893
f 3919/37/2864 3948/35/2893 3949/37/2894
f 3920/23/2865 3924/21/2869 3950/21/2895
f 3920/23/2865 3950/21/2895 3942/23/2887
f 3921/15/2866 3925/13/2870 3951/13/2896
f 3921/15/2866 3951/13/2896 3944/15/2889
f 3927/45/2872 3926/43/2871 3939/43/2884
f 3927/45/2872 3939/43/2884 3938/45/2883
f 3923/35/2868 3928/33/2873 3952/33/2897
f 3923/35/2868 3952/33/2897 3948/35/2893
f 3929/47/2874 3927/45/2872 3938/45/2883
f 3929/47/2874 3938/45/2883 3953/47/2898
f 3925/13/2870 3930/11/2875 3954/11/2899
f 3925/13/2870 3954/11/2899 3951/13/2896
f 3931/49/2876 3929/47/2874 3953/47/2898
f 3931/49/2876 3953/47/2898 3955/49/2900
f 3928/33/2873 3932/31/2877 3956/31/2901
f 3928/33/2873 3956/31/2901 3952/33/2897
f 3933/51/2878 3931/49/2876 3955/49/2900
f 3933/51/2878 3955/49/2900 3957/51/2902
f 3930/11/2875 3934/9/2879 3958/9/2903
f 3930/11/2875 3958/9/2903 3954/11/2899
f 3935/53/2880 3933/51/2878 3957/51/2902
f 3935/53/2880 3957/51/2902 3959/53/2904
f 3932/31/2877 3936/29/2881 3960/29/2905
f 3932/31/2877 3960/29/2905 3956/31/2901
f 3937/55/2882 3935/53/2880 3959/53/2904
f 3937/55/2882 3959/53/2904 3961/55/2906
f 3934/9/2879 3910/7/2855 3962/7/2907
f 3934/9/2879 3962/7/2907 3958/9/2903
f 3926/43/2871 3912/41/2857 3963/41/2908
f 3926/43/2871 3963/41/2908 3939/43/2884
f 3874/57/2819 3937/55/2882 3961/55/2906
f 3874/57/2819 3961/55/2906 3964/57/2909
f 3936/29/2881 3915/27/2860 3965/27/2910
f 3936/29/2881 3965/27/2910 3960/29/2905
f 3924/21/2869 3917/19/2862 3966/19/2911
f 3924/21/2869 3966/19/2911 3950/21/2895
f 3875/59/2820 3874/57/2819 3964/57/2909
f 3875/59/2820 3964/57/2909 3967/59/2912
f 3910/7/2855 3909/5/2854 3968/5/2913
f 3910/7/2855 3968/5/2913 3962/7/2907
f 3912/41/2857 3911/39/2856 3969/39/2914
f 3912/41/2857 3969/39/2914 3963/41/2908
f 3913/61/2858 3875/59/2820 3967/59/2912
f 3913/61/2858 3967/59/2912 3970/61/2915
f 3915/27/2860 3914/25/2859 3943/25/2888
f 3915/27/2860 3943/25/2888 3965/27/2910
f 3917/19/2862 3916/17/2861 3945/17/2890
f 3917/19/2862 3945/17/2890 3966/19/2911
f 3906/63/2851 3913/61/2858 3970/61/2915
f 3906/63/2851 3970/61/2915 3907/63/2852
f 3909/5/2854 3918/3/2863 3947/3/2892
f 3909/5/2854 3947/3/2892 3968/5/2913
f 3911/39/2856 3919/37/2864 3949/37/2894
f 3911/39/2856 3949/37/2894 3969/39/2914
f 3971/51/2916 3972/49/2917 3973/49/2918
f 3971/51/2916 3973/49/2918 3974/51/2919
f 3948/35/2893 3952/33/2897 3975/33/2920
f 3948/35/2893 3975/33/2920 3976/35/2921
f 3953/47/2898 3938/45/2883 3941/45/2886
f 3953/47/2898 3941/45/2886 3977/47/2922
f 3951/13/2896 3954/11/2899 3978/11/2923
f 3951/13/2896 3978/11/2923 3979/13/2924
f 3955/49/2900 3953/47/2898 3977/47/2922
f 3955/49/2900 3977/47/2922 3972/49/2917
f 3952/33/2897 3956/31/2901 3980/31/2925
f 3952/33/2897 3980/31/2925 3975/33/2920
f 3957/51/2902 3955/49/2900 3972/49/2917
f 3957/51/2902 3972/49/2917 3971/51/2916
f 3954/11/2899 3958/9/2903 3981/9/2926
f 3954/11/2899 3981/9/2926 3978/11/2923
f 3959/53/2904 3957/51/2902 3971/51/2916
f 3959/53/2904 3971/51/2916 3982/53/2927
f 3956/31/2901 3960/29/2905 3983/29/2928
f 3956/31/2901 3983/29/2928 3980/31/2925
f 3961/55/2906 3959/53/2904 3982/53/2927
f 3961/55/2906 3982/53/2927 3984/55/2929
f 3958/9/2903 3962/7/2907 3985/7/2930
f 3958/9/2903 3985/7/2930 3981/9/2926
f 3939/43/2884 3963/41/2908 3986/41/2931
f 3939/43/2884 3986/41/2931 3940/43/2885
f 3964/57/2909 3961/55/2906 3984/55/2929
f 3964/57/2909 3984/55/2929 3987/57/2932
f 3960/29/2905 3965/27/2910 3988/27/2933
f 3960/29/2905 3988/27/2933 3983/29/2928
f 3950/21/2895 3966/19/2911 3989/19/2934
f 3950/21/2895 3989/19/2934 3990/21/2935
f 3967/59/2912 3964/57/2909 3987/57/2932
f 3967/59/2912 3987/57/2932 3991/59/2936
f 3962/7/2907 3968/5/2913 3992/5/2937
f 3962/7/2907 3992/5/2937 3985/7/2930
f 3963/41/2908 3969/39/2914 3993/39/2938
f 3963/41/2908 3993/39/2938 3986/41/2931
f 3970/61/2915 3967/59/2912 3991/59/2936
f 3970/61/2915 3991/59/2936 3994/61/2939
f 3965/27/2910 3943/25/2888 3995/25/2940
f 3965/27/2910 3995/25/2940 3988/27/2933
f 3966/19/2911 3945/17/2890 3996/17/2941
f 3966/19/2911 3996/17/2941 3989/19/2934
f 3907/63/2852 3970/61/2915 3994/61/2939
f 3907/63/2852 3994/61/2939 3997/63/2942
f 3968/5/2913 3947/3/2892 3998/3/2943
f 3968/5/2913 3998/3/2943 3992/5/2937
f 3969/39/2914 3949/37/2894 3999/37/2944
f 3969/39/2914 3999/37/2944 3993/39/2938
f 3908/65/2853 3907/63/2852 3997/63/2942
f 3908/65/2853 3997/63/2942 4000/65/2945
f 3943/25/2888 3942/23/2887 4001/23/2946
f 3943/25/2888 4001/23/2946 3995/25/2940
f 3945/17/2890 3944/15/2889 4002/15/2947
f 3945/17/2890 4002/15/2947 3996/17/2941
f 3947/3/2892 3946/2/2891 4003/2/2945
f 3947/3/2892 4003/2/2945 3998/3/2943
f 3949/37/2894 3948/35/2893 3976/35/2921
f 3949/37/2894 3976/35/2921 3999/37/2944
f 3942/23/2887 3950/21/2895 3990/21/2935
f 3942/23/2887 3990/21/2935 4001/23/2946
f 3944/15/2889 3951/13/2896 3979/13/2924
f 3944/15/2889 3979/13/2924 4002/15/2947
f 4004/43/2948 4005/41/2949 4006/41/2950
f 4004/43/2948 4006/41/2950 4007/43/2951
f 3978/11/2923 3981/9/2926 4008/9/2952
f 3978/11/2923 4008/9/2952 4009/11/2953
f 3982/53/2927 3971/51/2916 3974/51/2919
f 3982/53/2927 3974/51/2919 4010/53/2954
f 3980/31/2925 3983/29/2928 4011/29/2955
f 3980/31/2925 4011/29/2955 4012/31/2956
f 3984/55/2929 3982/53/2927 4010/53/2954
f 3984/55/2929 4010/53/2954 4013/55/2957
f 3981/9/2926 3985/7/2930 4014/7/2958
f 3981/9/2926 4014/7/2958 4008/9/2952
f 3940/43/2885 3986/41/2931 4005/41/2949
f 3940/43/2885 4005/41/2949 4004/43/2948
f 3987/57/2932 3984/55/2929 4013/55/2957
f 3987/57/2932 4013/55/2957 4015/57/2959
f 3983/29/2928 3988/27/2933 4016/27/2960
f 3983/29/2928 4016/27/2960 4011/29/2955
f 3990/21/2935 3989/19/2934 4017/19/2961
f 3990/21/2935 4017/19/2961 4018/21/2962
f 3991/59/2936 3987/57/2932 4015/57/2959
f 3991/59/2936 4015/57/2959 4019/59/2963
f 3985/7/2930 3992/5/2937 4020/5/2964
f 3985/7/2930 4020/5/2964 4014/7/2958
f 3986/41/2931 3993/39/2938 4021/39/2965
f 3986/41/2931 4021/39/2965 4005/41/2949
f 3994/61/2939 3991/59/2936 4019/59/2963
f 3994/61/2939 4019/59/2963 4022/61/2966
f 3988/27/2933 3995/25/2940 4023/25/2967
f 3988/27/2933 4023/25/2967 4016/27/2960
f 3989/19/2934 3996/17/2941 4024/17/2968
f 3989/19/2934 4024/17/2968 4017/19/2961
f 3997/63/2942 3994/61/2939 4022/61/2966
f 3997/63/2942 4022/61/2966 4025/63/2969
f 3992/5/2937 3998/3/2943 4026/3/2970
f 3992/5/2937 4026/3/2970 4020/5/2964
f 3993/39/2938 3999/37/2944 4027/37/2971
f 3993/39/2938 4027/37/2971 4021/39/2965
f 4000/65/2945 3997/63/2942 4025/63/2969
f 4000/65/2945 4025/63/2969 4028/65/2972
f 3995/25/2940 4001/23/2946 4029/23/2973
f 3995/25/2940 4029/23/2973 4023/25/2967
f 3996/17/2941 4002/15/2947 4030/15/2974
f 3996/17/2941 4030/15/2974 4024/17/2968
f 3998/3/2943 4003/2/2945 4031/2/2975
f 3998/3/2943 4031/2/2975 4026/3/2970
f 3999/37/2944 3976/35/2921 4032/35/2976
f 3999/37/2944 4032/35/2976 4027/37/2971
f 4001/23/2946 3990/21/2935 4018/21/2962
f 4001/23/2946 4018/21/2962 4029/23/2973
f 4002/15/2947 3979/13/2924 4033/13/2977
f 4002/15/2947 4033/13/2977 4030/15/2974
f 3941/45/2886 3940/43/2885 4004/43/2948
f 3941/45/2886 4004/43/2948 4034/45/2978
f 3976/35/2921 3975/33/2920 4035/33/2979
f 3976/35/2921 4035/33/2979 4032/35/2976
f 3977/47/2922 3941/45/2886 4034/45/2978
f 3977/47/2922 4034/45/2978 4036/47/2980
f 3979/13/2924 3978/11/2923 4009/11/2953
f 3979/13/2924 4009/11/2953 4033/13/2977
f 3972/49/2917 3977/47/2922 4036/47/2980
f 3972/49/2917 4036/47/2980 3973/49/2918
f 3975/33/2920 3980/31/2925 4012/31/2956
f 3975/33/2920 4012/31/2956 4035/33/2979
f 4037/19/2981 4038/17/2982 4039/17/2983
f 4037/19/2981 4039/17/2983 4040/19/2984
f 4015/57/2959 4013/55/2957 4041/55/2985
f 4015/57/2959 4041/55/2985 4042/57/2986
f 4011/29/2955 4016/27/2960 4043/27/2987
f 4011/29/2955 4043/27/2987 4044/29/2988
f 4018/21/2962 4017/19/2961 4037/19/2981
f 4018/21/2962 4037/19/2981 4045/21/2989
f 4019/59/2963 4015/57/2959 4042/57/2986
f 4019/59/2963 4042/57/2986 4046/59/2990
f 4014/7/2958 4020/5/2964 4047/5/2991
f 4014/7/2958 4047/5/2991 4048/7/2992
f 4005/41/2949 4021/39/2965 4049/39/2993
f 4005/41/2949 4049/39/2993 4006/41/2950
f 4022/61/2966 4019/59/2963 4046/59/2990
f 4022/61/2966 4046/59/2990 4050/61/2994
f 4016/27/2960 4023/25/2967 4051/25/2995
f 4016/27/2960 4051/25/2995 4043/27/2987
f 4017/19/2961 4024/17/2968 4038/17/2982
f 4017/19/2961 4038/17/2982 4037/19/2981
f 4025/63/2969 4022/61/2966 4050/61/2994
f 4025/63/2969 4050/61/2994 4052/63/2996
f 4020/5/2964 4026/3/2970 4053/3/2997
f 4020/5/2964 4053/3/2997 4047/5/2991
f 4021/39/2965 4027/37/2971 4054/37/2998
f 4021/39/2965 4054/37/2998 4049/39/2993
f 4028/65/2972 4025/63/2969 4052/63/2996
f 4028/65/2972 4052/63/2996 4055/65/2999
f 4023/25/2967 4029/23/2973 4056/23/3000
f 4023/25/2967 4056/23/3000 4051/25/2995
f 4024/17/2968 4030/15/2974 4057/15/3001
f 4024/17/2968 4057/15/3001 4038/17/2982
f 4026/3/2970 4031/2/2975 4058/2/3002
f 4026/3/2970 4058/2/3002 4053/3/2997
f 4027/37/2971 4032/35/2976 4059/35/3003
f 4027/37/2971 4059/35/3003 4054/37/2998
f 4029/23/2973 4018/21/2962 4045/21/2989
f 4029/23/2973 4045/21/2989 4056/23/3000
f 4030/15/2974 4033/13/2977 4060/13/3004
f 4030/15/2974 4060/13/3004 4057/15/3001
f 4034/45/2978 4004/43/2948 4007/43/2951
f 4034/45/2978 4007/43/2951 4061/45/3005
f 4032/35/2976 4035/33/2979 4062/33/3006
f 4032/35/2976 4062/33/3006 4059/35/3003
f 4036/47/2980 4034/45/2978 4061/45/3005
f 4036/47/2980 4061/45/3005 4063/47/3007
f 4033/13/2977 4009/11/2953 4064/11/3008
f 4033/13/2977 4064/11/3008 4060/13/3004
f 3973/49/2918 4036/47/2980 4063/47/3007
f 3973/49/2918 4063/47/3007 4065/49/3009
f 4035/33/2979 4012/31/2956 4066/31/3010
f 4035/33/2979 4066/31/3010 4062/33/3006
f 3974/51/2919 3973/49/2918 4065/49/3009
f 3974/51/2919 4065/49/3009 4067/51/3011
f 4009/11/2953 4008/9/2952 4068/9/3012
f 4009/11/2953 4068/9/3012 4064/11/3008
f 4010/53/2954 3974/51/2919 4067/51/3011
f 4010/53/2954 4067/51/3011 4069/53/3013
f 4012/31/2956 4011/29/2955 4044/29/2988
f 4012/31/2956 4044/29/2988 4066/31/3010
f 4013/55/2957 4010/53/2954 4069/53/3013
f 4013/55/2957 4069/53/3013 4041/55/2985
f 4008/9/2952 4014/7/2958 4048/7/2992
f 4008/9/2952 4048/7/2992 4068/9/3012
f 4070/37/3014 4071/35/3015 4072/35/3016
f 4070/37/3014 4072/35/3016 4073/37/3017
f 4052/63/2996 4050/61/2994 4074/61/3018
f 4052/63/2996 4074/61/3018 4075/63/3019
f 4047/5/2991 4053/3/2997 4076/3/3020
f 4047/5/2991 4076/3/3020 4077/5/3021
f 4049/39/2993 4054/37/2998 4070/37/3014
f 4049/39/2993 4070/37/3014 4078/39/3022
f 4055/65/2999 4052/63/2996 4075/63/3019
f 4055/65/2999 4075/63/3019 4079/65/3023
f 4051/25/2995 4056/23/3000 4080/23/3024
f 4051/25/2995 4080/23/3024 4081/25/3025
f 4038/17/2982 4057/15/3001 4082/15/3026
f 4038/17/2982 4082/15/3026 4039/17/2983
f 4053/3/2997 4058/2/3002 4083/2/3027
f 4053/3/2997 4083/2/3027 4076/3/3020
f 4054/37/2998 4059/35/3003 4071/35/3015
f 4054/37/2998 4071/35/3015 4070/37/3014
f 4056/23/3000 4045/21/2989 4084/21/3028
f 4056/23/3000 4084/21/3028 4080/23/3024
f 4057/15/3001 4060/13/3004 4085/13/3029
f 4057/15/3001 4085/13/3029 4082/15/3026
f 4061/45/3005 4007/43/2951 4086/43/3030
f 4061/45/3005 4086/43/3030 4087/45/3031
f 4059/35/3003 4062/33/3006 4088/33/3032
f 4059/35/3003 4088/33/3032 4071/35/3015
f 4063/47/3007 4061/45/3005 4087/45/3031
f 4063/47/3007 4087/45/3031 4089/47/3033
f 4060/13/3004 4064/11/3008 4090/11/3034
f 4060/13/3004 4090/11/3034 4085/13/3029
f 4065/49/3009 4063/47/3007 4089/47/3033
f 4065/49/3009 4089/47/3033 4091/49/3035
f 4062/33/3006 4066/31/3010 4092/31/3036
f 4062/33/3006 4092/31/3036 4088/33/3032
f 4067/51/3011 4065/49/3009 4091/49/3035
f 4067/51/3011 4091/49/3035 4093/51/3037
f 4064/11/3008 4068/9/3012 4094/9/3038
f 4064/11/3008 4094/9/3038 4090/11/3034
f 4069/53/3013 4067/51/3011 4093/51/3037
f 4069/53/3013 4093/51/3037 4095/53/3039
f 4066/31/3010 4044/29/2988 4096/29/3040
f 4066/31/3010 4096/29/3040 4092/31/3036
f 4041/55/2985 4069/53/3013 4095/53/3039
f 4041/55/2985 4095/53/3039 4097/55/3041
f 4068/9/3012 4048/7/2992 4098/7/3042
f 4068/9/3012 4098/7/3042 4094/9/3038
f 4007/43/2951 4006/41/2950 4099/41/3043
f 4007/43/2951 4099/41/3043 4086/43/3030
f 4042/57/2986 4041/55/2985 4097/55/3041
f 4042/57/2986 4097/55/3041 4100/57/3044
f 4044/29/2988 4043/27/2987 4101/27/3045
f 4044/29/2988 4101/27/3045 4096/29/3040
f 4045/21/2989 4037/19/2981 4040/19/2984
f 4045/21/2989 4040/19/2984 4084/21/3028
f 4046/59/2990 4042/57/2986 4100/57/3044
f 4046/59/2990 4100/57/3044 4102/59/3046
f 4048/7/2992 4047/5/2991 4077/5/3021
f 4048/7/2992 4077/5/3021 4098/7/3042
f 4006/41/2950 4049/39/2993 4078/39/3022
f 4006/41/2950 4078/39/3022 4099/41/3043
f 4050/61/2994 4046/59/2990 4102/59/3046
f 4050/61/2994 4102/59/3046 4074/61/3018
f 4043/27/2987 4051/25/2995 4081/25/3025
f 4043/27/2987 4081/25/3025 4101/27/3045
f 4103/13/3047 4104/11/3048 4105/11/3049
f 4103/13/3047 4105/11/3049 4106/13/3050
f 4080/23/3024 4084/21/3028 4107/21/3051
f 4080/23/3024 4107/21/3051 4108/23/3052
f 4082/15/3026 4085/13/3029 4103/13/3047
f 4082/15/3026 4103/13/3047 4109/15/3053
f 4087/45/3031 4086/43/3030 4110/43/3054
f 4087/45/3031 4110/43/3054 4111/45/3055
f 4071/35/3015 4088/33/3032 4112/33/3056
f 4071/35/3015 4112/33/3056 4072/35/3016
f 4089/47/3033 4087/45/3031 4111/45/3055
f 4089/47/3033 4111/45/3055 4113/47/3057
f 4085/13/3029 4090/11/3034 4104/11/3048
f 4085/13/3029 4104/11/3048 4103/13/3047
f 4091/49/3035 4089/47/3033 4113/47/3057
f 4091/49/3035 4113/47/3057 4114/49/3058
f 4088/33/3032 4092/31/3036 4115/31/3059
f 4088/33/3032 4115/31/3059 4112/33/3056
f 4093/51/3037 4091/49/3035 4114/49/3058
f 4093/51/3037 4114/49/3058 4116/51/3060
f 4090/11/3034 4094/9/3038 4117/9/3061
f 4090/11/3034 4117/9/3061 4104/11/3048
f 4095/53/3039 4093/51/3037 4116/51/3060
f 4095/53/3039 4116/51/3060 4118/53/3062
f 4092/31/3036 4096/29/3040 4119/29/3063
f 4092/31/3036 4119/29/3063 4115/31/3059
f 4097/55/3041 4095/53/3039 4118/53/3062
f 4097/55/3041 4118/53/3062 4120/55/3064
f 4094/9/3038 4098/7/3042 4121/7/3065
f 4094/9/3038 4121/7/3065 4117/9/3061
f 4086/43/3030 4099/41/3043 4122/41/3066
f 4086/43/3030 4122/41/3066 4110/43/3054
f 4100/57/3044 4097/55/3041 4120/55/3064
f 4100/57/3044 4120/55/3064 4123/57/3067
f 4096/29/3040 4101/27/3045 4124/27/3068
f 4096/29/3040 4124/27/3068 4119/29/3063
f 4084/21/3028 4040/19/2984 4125/19/3069
f 4084/21/3028 4125/19/3069 4107/21/3051
f 4102/59/3046 4100/57/3044 4123/57/3067
f 4102/59/3046 4123/57/3067 4126/59/3070
f 4098/7/3042 4077/5/3021 4127/5/3071
f 4098/7/3042 4127/5/3071 4121/7/3065
f 4099/41/3043 4078/39/3022 4128/39/3072
f 4099/41/3043 4128/39/3072 4122/41/3066
f 4074/61/3018 4102/59/3046 4126/59/3070
f 4074/61/3018 4126/59/3070 4129/61/3073
f 4101/27/3045 4081/25/3025 4130/25/3074
f 4101/27/3045 4130/25/3074 4124/27/3068
f 4040/19/2984 4039/17/2983 4131/17/3075
f 4040/19/2984 4131/17/3075 4125/19/3069
f 4075/63/3019 4074/61/3018 4129/61/3073
f 4075/63/3019 4129/61/3073 4132/63/3076
f 4077/5/3021 4076/3/3020 4133/3/3077
f 4077/5/3021 4133/3/3077 4127/5/3071
f 4078/39/3022 4070/37/3014 4073/37/3017
f 4078/39/3022 4073/37/3017 4128/39/3072
f 4079/65/3023 4075/63/3019 4132/63/3076
f 4079/65/3023 4132/63/3076 4134/65/3078
f 4081/25/3025 4080/23/3024 4108/23/3052
f 4081/25/3025 4108/23/3052 4130/25/3074
f 4039/17/2983 4082/15/3026 4109/15/3053
f 4039/17/2983 4109/15/3053 4131/17/3075
f 4076/3/3020 4083/2/3027 4135/2/3079
f 4076/3/3020 4135/2/3079 4133/3/3077
f 4136/31/3080 4137/29/3081 4138/29/3082
f 4136/31/3080 4138/29/3082 4139/31/3083
f 4114/49/3058 4113/47/3057 4140/47/3084
f 4114/49/3058 4140/47/3084 4141/49/3085
f 4112/33/3056 4115/31/3059 4136/31/3080
f 4112/33/3056 4136/31/3080 4142/33/3086
f 4116/51/3060 4114/49/3058 4141/49/3085
f 4116/51/3060 4141/49/3085 4143/51/3087
f 4104/11/3048 4117/9/3061 4144/9/3088
f 4104/11/3048 4144/9/3088 4105/11/3049
f 4118/53/3062 4116/51/3060 4143/51/3087
f 4118/53/3062 4143/51/3087 4145/53/3089
f 4115/31/3059 4119/29/3063 4137/29/3081
f 4115/31/3059 4137/29/3081 4136/31/3080
f 4120/55/3064 4118/53/3062 4145/53/3089
f 4120/55/3064 4145/53/3089 4146/55/3090
f 4117/9/3061 4121/7/3065 4147/7/3091
f 4117/9/3061 4147/7/3091 4144/9/3088
f 4110/43/3054 4122/41/3066 4148/41/3092
f 4110/43/3054 4148/41/3092 4149/43/3093
f 4123/57/3067 4120/55/3064 4146/55/3090
f 4123/57/3067 4146/55/3090 4150/57/3094
f 4119/29/3063 4124/27/3068 4151/27/3095
f 4119/29/3063 4151/27/3095 4137/29/3081
f 4107/21/3051 4125/19/3069 4152/19/3096
f 4107/21/3051 4152/19/3096 4153/21/3097
f 4126/59/3070 4123/57/3067 4150/57/3094
f 4126/59/3070 4150/57/3094 4154/59/3098
f 4121/7/3065 4127/5/3071 4155/5/3099
f 4121/7/3065 4155/5/3099 4147/7/3091
f 4122/41/3066 4128/39/3072 4156/39/3100
f 4122/41/3066 4156/39/3100 4148/41/3092
f 4129/61/3073 4126/59/3070 4154/59/3098
f 4129/61/3073 4154/59/3098 4157/61/3101
f 4124/27/3068 4130/25/3074 4158/25/3102
f 4124/27/3068 4158/25/3102 4151/27/3095
f 4125/19/3069 4131/17/3075 4159/17/3103
f 4125/19/3069 4159/17/3103 4152/19/3096
f 4132/63/3076 4129/61/3073 4157/61/3101
f 4132/63/3076 4157/61/3101 4160/63/3104
f 4127/5/3071 4133/3/3077 4161/3/3105
f 4127/5/3071 4161/3/3105 4155/5/3099
f 4128/39/3072 4073/37/3017 4162/37/3106
f 4128/39/3072 4162/37/3106 4156/39/3100
f 4134/65/3078 4132/63/3076 4160/63/3104
f 4134/65/3078 4160/63/3104 4163/65/3107
f 4130/25/3074 4108/23/3052 4164/23/3108
f 4130/25/3074 4164/23/3108 4158/25/3102
f 4131/17/3075 4109/15/3053 4165/15/3109
f 4131/17/3075 4165/15/3109 4159/17/3103
f 4133/3/3077 4135/2/3079 4166/2/3110
f 4133/3/3077 4166/2/3110 4161/3/3105
f 4073/37/3017 4072/35/3016 4167/35/3111
f 4073/37/3017 4167/35/3111 4162/37/3106
f 4108/23/3052 4107/21/3051 4153/21/3097
f 4108/23/3052 4153/21/3097 4164/23/3108
f 4109/15/3053 4103/13/3047 4106/13/3050
f 4109/15/3053 4106/13/3050 4165/15/3109
f 4111/45/3055 4110/43/3054 4149/43/3093
f 4111/45/3055 4149/43/3093 4168/45/3112
f 4072/35/3016 4112/33/3056 4142/33/3086
f 4072/35/3016 4142/33/3086 4167/35/3111
f 4113/47/3057 4111/45/3055 4168/45/3112
f 4113/47/3057 4168/45/3112 4140/47/3084
f 4169/7/3113 4170/5/3114 4171/5/3115
f 4169/7/3113 4171/5/3115 4172/7/3116
f 4146/55/3090 4145/53/3089 4173/53/3117
f 4146/55/3090 4173/53/3117 4174/55/3118
f 4144/9/3088 4147/7/3091 4169/7/3113
f 4144/9/3088 4169/7/3113 4175/9/3119
f 4149/43/3093 4148/41/3092 4176/41/3120
f 4149/43/3093 4176/41/3120 4177/43/3121
f 4150/57/3094 4146/55/3090 4174/55/3118
f 4150/57/3094 4174/55/3118 4178/57/3122
f 4137/29/3081 4151/27/3095 4179/27/3123
f 4137/29/3081 4179/27/3123 4138/29/3082
f 4153/21/3097 4152/19/3096 4180/19/3124
f 4153/21/3097 4180/19/3124 4181/21/3125
f 4154/59/3098 4150/57/3094 4178/57/3122
f 4154/59/3098 4178/57/3122 4182/59/3126
f 4147/7/3091 4155/5/3099 4170/5/3114
f 4147/7/3091 4170/5/3114 4169/7/3113
f 4148/41/3092 4156/39/3100 4183/39/3127
f 4148/41/3092 4183/39/3127 4176/41/3120
f 4157/61/3101 4154/59/3098 4182/59/3126
f 4157/61/3101 4182/59/3126 4184/61/3128
f 4151/27/3095 4158/25/3102 4185/25/3129
f 4151/27/3095 4185/25/3129 4179/27/3123
f 4152/19/3096 4159/17/3103 4186/17/3130
f 4152/19/3096 4186/17/3130 4180/19/3124
f 4160/63/3104 4157/61/3101 4184/61/3128
f 4160/63/3104 4184/61/3128 4187/63/3131
f 4155/5/3099 4161/3/3105 4188/3/3132
f 4155/5/3099 4188/3/3132 4170/5/3114
f 4156/39/3100 4162/37/3106 4189/37/3133
f 4156/39/3100 4189/37/3133 4183/39/3127
f 4163/65/3107 4160/63/3104 4187/63/3131
f 4163/65/3107 4187/63/3131 4190/65/3134
f 4158/25/3102 4164/23/3108 4191/23/3135
f 4158/25/3102 4191/23/3135 4185/25/3129
f 4159/17/3103 4165/15/3109 4192/15/3136
f 4159/17/3103 4192/15/3136 4186/17/3130
f 4161/3/3105 4166/2/3110 4193/2/3137
f 4161/3/3105 4193/2/3137 4188/3/3132
f 4162/37/3106 4167/35/3111 4194/35/3138
f 4162/37/3106 4194/35/3138 4189/37/3133
f 4164/23/3108 4153/21/3097 4181/21/3125
f 4164/23/3108 4181/21/3125 4191/23/3135
f 4165/15/3109 4106/13/3050 4195/13/3139
f 4165/15/3109 4195/13/3139 4192/15/3136
f 4168/45/3112 4149/43/3093 4177/43/3121
f 4168/45/3112 4177/43/3121 4196/45/3140
f 4167/35/3111 4142/33/3086 4197/33/3141
f 4167/35/3111 4197/33/3141 4194/35/3138
f 4140/47/3084 4168/45/3112 4196/45/3140
f 4140/47/3084 4196/45/3140 4198/47/3142
f 4106/13/3050 4105/11/3049 4199/11/3143
f 4106/13/3050 4199/11/3143 4195/13/3139
f 4141/49/3085 4140/47/3084 4198/47/3142
f 4141/49/3085 4198/47/3142 4200/49/3144
f 4142/33/3086 4136/31/3080 4139/31/3083
f 4142/33/3086 4139/31/3083 4197/33/3141
f 4143/51/3087 4141/49/3085 4200/49/3144
f 4143/51/3087 4200/49/3144 4201/51/3145
f 4105/11/3049 4144/9/3088 4175/9/3119
f 4105/11/3049 4175/9/3119 4199/11/3143
f 4145/53/3089 4143/51/3087 4201/51/3145
f 4145/53/3089 4201/51/3145 4173/53/3117
f 4202/4/3146 4203/6/3147 4204/6/3148
f 4202/4/3146 4204/6/3148 4205/4/3149
f 2009/48/24 2011/50/25 4206/50/3150
f 2009/48/24 4206/50/3150 4207/48/3151
f 2003/42/21 2005/44/22 4208/44/3152
f 2003/42/21 4208/44/3152 4209/42/3153
f 1972/12/6 1975/14/7 4210/14/3154
f 1972/12/6 4210/14/3154 4211/12/3155
f 1985/24/12 1987/26/13 4212/26/3156
f 1985/24/12 4212/26/3156 4213/24/3157
f 2019/58/29 2021/60/30 4214/60/3158
f 2019/58/29 4214/60/3158 4215/58/3159
f 1977/16/8 1979/18/9 4216/18/3160
f 1977/16/8 4216/18/3160 4217/16/3161
f 1989/28/14 1991/30/15 4218/30/3162
f 1989/28/14 4218/30/3162 4219/28/3163
f 2011/50/25 2013/52/26 4220/52/3164
f 2011/50/25 4220/52/3164 4206/50/3150
f 1981/20/10 1983/22/11 4221/22/3165
f 1981/20/10 4221/22/3165 4222/20/3166
f 1993/32/16 1995/34/17 4223/34/3167
f 1993/32/16 4223/34/3167 4224/32/3168
f 2021/60/30 2023/62/31 4225/62/3169
f 2021/60/30 4225/62/3169 4214/60/3158
f 1997/36/18 1999/38/19 4226/38/3170
f 1997/36/18 4226/38/3170 4227/36/3171
f 2026/6/3 1966/8/4 1971/8/1561
f 2026/6/3 1971/8/1561 4203/6/3147
f 2013/52/26 2015/54/27 4228/54/3172
f 2013/52/26 4228/54/3172 4220/52/3164
f 2034/1/1 2032/4/2 4202/4/3146
f 2034/1/1 4202/4/3146 4229/1/3173
f 2001/40/20 2003/42/21 4209/42/3153
f 2001/40/20 4209/42/3153 4230/40/3174
f 1969/10/5 1972/12/6 4211/12/3155
f 1969/10/5 4211/12/3155 1970/10/1560
f 2005/44/22 2007/46/23 4231/46/3175
f 2005/44/22 4231/46/3175 4208/44/3152
f 2023/62/31 2028/64/32 4232/64/3176
f 2023/62/31 4232/64/3176 4225/62/3169
f 1975/14/7 1977/16/8 4217/16/3161
f 1975/14/7 4217/16/3161 4210/14/3154
f 1987/26/13 1989/28/14 4219/28/3163
f 1987/26/13 4219/28/3163 4212/26/3156
f 2015/54/27 2017/56/28 4233/56/3177
f 2015/54/27 4233/56/3177 4228/54/3172
f 1979/18/9 1981/20/10 4222/20/3166
f 1979/18/9 4222/20/3166 4216/18/3160
f 1991/30/15 1993/32/16 4224/32/3168
f 1991/30/15 4224/32/3168 4218/30/3162
f 2007/46/23 2009/48/24 4207/48/3151
f 2007/46/23 4207/48/3151 4231/46/3175
f 2028/64/32 2031/66/33 4234/66/3178
f 2028/64/32 4234/66/3178 4232/64/3176
f 1995/34/17 1997/36/18 4227/36/3171
f 1995/34/17 4227/36/3171 4223/34/3167
f 2032/4/2 2026/6/3 4203/6/3147
f 2032/4/2 4203/6/3147 4202/4/3146
f 2017/56/28 2019/58/29 4215/58/3159
f 2017/56/28 4215/58/3159 4233/56/3177
f 1983/22/11 1985/24/12 4213/24/3157
f 1983/22/11 4213/24/3157 4221/22/3165
f 1999/38/19 2001/40/20 4230/40/3174
f 1999/38/19 4230/40/3174 4226/38/3170
f 4235/45/3179 4236/43/3180 4237/43/3181
f 4235/45/3179 4237/43/3181 4238/45/3182
f 4176/41/3120 4183/39/3127 4239/39/3183
f 4176/41/3120 4239/39/3183 4240/41/3184
f 4184/61/3128 4182/59/3126 4241/59/3185
f 4184/61/3128 4241/59/3185 4242/61/3186
f 4179/27/3123 4185/25/3129 4243/25/3187
f 4179/27/3123 4243/25/3187 4244/27/3188
f 4180/19/3124 4186/17/3130 4245/17/3189
f 4180/19/3124 4245/17/3189 4246/19/3190
f 4187/63/3131 4184/61/3128 4242/61/3186
f 4187/63/3131 4242/61/3186 4247/63/3191
f 4170/5/3114 4188/3/3132 4248/3/3192
f 4170/5/3114 4248/3/3192 4171/5/3115
f 4183/39/3127 4189/37/3133 4249/37/3193
f 4183/39/3127 4249/37/3193 4239/39/3183
f 4190/65/3134 4187/63/3131 4247/63/3191
f 4190/65/3134 4247/63/3191 4250/65/3194
f 4185/25/3129 4191/23/3135 4251/23/3195
f 4185/25/3129 4251/23/3195 4243/25/3187
f 4186/17/3130 4192/15/3136 4252/15/3196
f 4186/17/3130 4252/15/3196 4245/17/3189
f 4188/3/3132 4193/2/3137 4253/2/3197
f 4188/3/3132 4253/2/3197 4248/3/3192
f 4189/37/3133 4194/35/3138 4254/35/3198
f 4189/37/3133 4254/35/3198 4249/37/3193
f 4191/23/3135 4181/21/3125 4255/21/3199
f 4191/23/3135 4255/21/3199 4251/23/3195
f 4192/15/3136 4195/13/3139 4256/13/3200
f 4192/15/3136 4256/13/3200 4252/15/3196
f 4196/45/3140 4177/43/3121 4236/43/3180
f 4196/45/3140 4236/43/3180 4235/45/3179
f 4194/35/3138 4197/33/3141 4257/33/3201
f 4194/35/3138 4257/33/3201 4254/35/3198
f 4198/47/3142 4196/45/3140 4235/45/3179
f 4198/47/3142 4235/45/3179 4258/47/3202
f 4195/13/3139 4199/11/3143 4259/11/3203
f 4195/13/3139 4259/11/3203 4256/13/3200
f 4200/49/3144 4198/47/3142 4258/47/3202
f 4200/49/3144 4258/47/3202 4260/49/3204
f 4197/33/3141 4139/31/3083 4261/31/3205
f 4197/33/3141 4261/31/3205 4257/33/3201
f 4201/51/3145 4200/49/3144 4260/49/3204
f 4201/51/3145 4260/49/3204 4262/51/3206
f 4199/11/3143 4175/9/3119 4263/9/3207
f 4199/11/3143 4263/9/3207 4259/11/3203
f 4173/53/3117 4201/51/3145 4262/51/3206
f 4173/53/3117 4262/51/3206 4264/53/3208
f 4139/31/3083 4138/29/3082 4265/29/3209
f 4139/31/3083 4265/29/3209 4261/31/3205
f 4174/55/3118 4173/53/3117 4264/53/3208
f 4174/55/3118 4264/53/3208 4266/55/3210
f 4175/9/3119 4169/7/3113 4172/7/3116
f 4175/9/3119 4172/7/3116 4263/9/3207
f 4177/43/3121 4176/41/3120 4240/41/3184
f 4177/43/3121 4240/41/3184 4236/43/3180
f 4178/57/3122 4174/55/3118 4266/55/3210
f 4178/57/3122 4266/55/3210 4267/57/3211
f 4138/29/3082 4179/27/3123 4244/27/3188
f 4138/29/3082 4244/27/3188 4265/29/3209
f 4181/21/3125 4180/19/3124 4246/19/3190
f 4181/21/3125 4246/19/3190 4255/21/3199
f 4182/59/3126 4178/57/3122 4267/57/3211
f 4182/59/3126 4267/57/3211 4241/59/3185
f 4268/51/3212 4269/49/3213 4270/49/3214
f 4268/51/3212 4270/49/3214 4271/51/3215
f 4254/35/3198 4257/33/3201 4272/33/3216
f 4254/35/3198 4272/33/3216 4273/35/3217
f 4258/47/3202 4235/45/3179 4238/45/3182
f 4258/47/3202 4238/45/3182 4274/47/3218
f 4256/13/3200 4259/11/3203 4275/11/3219
f 4256/13/3200 4275/11/3219 4276/13/3220
f 4260/49/3204 4258/47/3202 4274/47/3218
f 4260/49/3204 4274/47/3218 4269/49/3213
f 4257/33/3201 4261/31/3205 4277/31/3221
f 4257/33/3201 4277/31/3221 4272/33/3216
f 4262/51/3206 4260/49/3204 4269/49/3213
f 4262/51/3206 4269/49/3213 4268/51/3212
f 4259/11/3203 4263/9/3207 4278/9/3222
f 4259/11/3203 4278/9/3222 4275/11/3219
f 4264/53/3208 4262/51/3206 4268/51/3212
f 4264/53/3208 4268/51/3212 4279/53/3223
f 4261/31/3205 4265/29/3209 4280/29/3224
f 4261/31/3205 4280/29/3224 4277/31/3221
f 4266/55/3210 4264/53/3208 4279/53/3223
f 4266/55/3210 4279/53/3223 4281/55/3225
f 4263/9/3207 4172/7/3116 4282/7/3226
f 4263/9/3207 4282/7/3226 4278/9/3222
f 4236/43/3180 4240/41/3184 4283/41/3227
f 4236/43/3180 4283/41/3227 4237/43/3181
f 4267/57/3211 4266/55/3210 4281/55/3225
f 4267/57/3211 4281/55/3225 4284/57/3228
f 4265/29/3209 4244/27/3188 4285/27/3229
f 4265/29/3209 4285/27/3229 4280/29/3224
f 4255/21/3199 4246/19/3190 4286/19/3230
f 4255/21/3199 4286/19/3230 4287/21/3231
f 4241/59/3185 4267/57/3211 4284/57/3228
f 4241/59/3185 4284/57/3228 4288/59/3232
f 4172/7/3116 4171/5/3115 4289/5/3233
f 4172/7/3116 4289/5/3233 4282/7/3226
f 4240/41/3184 4239/39/3183 4290/39/3234
f 4240/41/3184 4290/39/3234 4283/41/3227
f 4242/61/3186 4241/59/3185 4288/59/3232
f 4242/61/3186 4288/59/3232 4291/61/3235
f 4244/27/3188 4243/25/3187 4292/25/3236
f 4244/27/3188 4292/25/3236 4285/27/3229
f 4246/19/3190 4245/17/3189 4293/17/3237
f 4246/19/3190 4293/17/3237 4286/19/3230
f 4247/63/3191 4242/61/3186 4291/61/3235
f 4247/63/3191 4291/61/3235 4294/63/3238
f 4171/5/3115 4248/3/3192 4295/3/3239
f 4171/5/3115 4295/3/3239 4289/5/3233
f 4239/39/3183 4249/37/3193 4296/37/3240
f 4239/39/3183 4296/37/3240 4290/39/3234
f 4250/65/3194 4247/63/3191 4294/63/3238
f 4250/65/3194 4294/63/3238 4297/65/3241
f 4243/25/3187 4251/23/3195 4298/23/3242
f 4243/25/3187 4298/23/3242 4292/25/3236
f 4245/17/3189 4252/15/3196 4299/15/3243
f 4245/17/3189 4299/15/3243 4293/17/3237
f 4248/3/3192 4253/2/3197 4300/2/3244
f 4248/3/3192 4300/2/3244 4295/3/3239
f 4249/37/3193 4254/35/3198 4273/35/3217
f 4249/37/3193 4273/35/3217 4296/37/3240
f 4251/23/3195 4255/21/3199 4287/21/3231
f 4251/23/3195 4287/21/3231 4298/23/3242
f 4252/15/3196 4256/13/3200 4276/13/3220
f 4252/15/3196 4276/13/3220 4299/15/3243
f 4301/43/3245 4302/41/3246 4303/41/3247
f 4301/43/3245 4303/41/3247 4304/43/3248
f 4275/11/3219 4278/9/3222 4305/9/3249
f 4275/11/3219 4305/9/3249 4306/11/3250
f 4279/53/3223 4268/51/3212 4271/51/3215
f 4279/53/3223 4271/51/3215 4307/53/3251
f 4277/31/3221 4280/29/3224 4308/29/3252
f 4277/31/3221 4308/29/3252 4309/31/3253
f 4281/55/3225 4279/53/3223 4307/53/3251
f 4281/55/3225 4307/53/3251 4310/55/3254
f 4278/9/3222 4282/7/3226 4311/7/3255
f 4278/9/3222 4311/7/3255 4305/9/3249
f 4237/43/3181 4283/41/3227 4302/41/3246
f 4237/43/3181 4302/41/3246 4301/43/3245
f 4284/57/3228 4281/55/3225 4310/55/3254
f 4284/57/3228 4310/55/3254 4312/57/3256
f 4280/29/3224 4285/27/3229 4313/27/3257
f 4280/29/3224 4313/27/3257 4308/29/3252
f 4287/21/3231 4286/19/3230 4314/19/3258
f 4287/21/3231 4314/19/3258 4315/21/3259
f 4288/59/3232 4284/57/3228 4312/57/3256
f 4288/59/3232 4312/57/3256 4316/59/3260
f 4282/7/3226 4289/5/3233 4317/5/3261
f 4282/7/3226 4317/5/3261 4311/7/3255
f 4283/41/3227 4290/39/3234 4318/39/3262
f 4283/41/3227 4318/39/3262 4302/41/3246
f 4291/61/3235 4288/59/3232 4316/59/3260
f 4291/61/3235 4316/59/3260 4319/61/3263
f 4285/27/3229 4292/25/3236 4320/25/3264
f 4285/27/3229 4320/25/3264 4313/27/3257
f 4286/19/3230 4293/17/3237 4321/17/3265
f 4286/19/3230 4321/17/3265 4314/19/3258
f 4294/63/3238 4291/61/3235 4319/61/3263
f 4294/63/3238 4319/61/3263 4322/63/3266
f 4289/5/3233 4295/3/3239 4323/3/3267
f 4289/5/3233 4323/3/3267 4317/5/3261
f 4290/39/3234 4296/37/3240 4324/37/3268
f 4290/39/3234 4324/37/3268 4318/39/3262
f 4297/65/3241 4294/63/3238 4322/63/3266
f 4297/65/3241 4322/63/3266 4325/65/3269
f 4292/25/3236 4298/23/3242 4326/23/3270
f 4292/25/3236 4326/23/3270 4320/25/3264
f 4293/17/3237 4299/15/3243 4327/15/3271
f 4293/17/3237 4327/15/3271 4321/17/3265
f 4295/3/3239 4300/2/3244 4328/2/3272
f 4295/3/3239 4328/2/3272 4323/3/3267
f 4296/37/3240 4273/35/3217 4329/35/3273
f 4296/37/3240 4329/35/3273 4324/37/3268
f 4298/23/3242 4287/21/3231 4315/21/3259
f 4298/23/3242 4315/21/3259 4326/23/3270
f 4299/15/3243 4276/13/3220 4330/13/3274
f 4299/15/3243 4330/13/3274 4327/15/3271
f 4238/45/3182 4237/43/3181 4301/43/3245
f 4238/45/3182 4301/43/3245 4331/45/3275
f 4273/35/3217 4272/33/3216 4332/33/3276
f 4273/35/3217 4332/33/3276 4329/35/3273
f 4274/47/3218 4238/45/3182 4331/45/3275
f 4274/47/3218 4331/45/3275 4333/47/3277
f 4276/13/3220 4275/11/3219 4306/11/3250
f 4276/13/3220 4306/11/3250 4330/13/3274
f 4269/49/3213 4274/47/3218 4333/47/3277
f 4269/49/3213 4333/47/3277 4270/49/3214
f 4272/33/3216 4277/31/3221 4309/31/3253
f 4272/33/3216 4309/31/3253 4332/33/3276
f 4334/19/3278 4335/17/3279 4336/17/3280
f 4334/19/3278 4336/17/3280 4337/19/3281
f 4312/57/3256 4310/55/3254 4338/55/3282
f 4312/57/3256 4338/55/3282 4339/57/3283
f 4308/29/3252 4313/27/3257 4340/27/3284
f 4308/29/3252 4340/27/3284 4341/29/3285
f 4315/21/3259 4314/19/3258 4334/19/3278
f 4315/21/3259 4334/19/3278 4342/21/3286
f 4316/59/3260 4312/57/3256 4339/57/3283
f 4316/59/3260 4339/57/3283 4343/59/3287
f 4311/7/3255 4317/5/3261 4344/5/3288
f 4311/7/3255 4344/5/3288 4345/7/3289
f 4302/41/3246 4318/39/3262 4346/39/3290
f 4302/41/3246 4346/39/3290 4303/41/3247
f 4319/61/3263 4316/59/3260 4343/59/3287
f 4319/61/3263 4343/59/3287 4347/61/3291
f 4313/27/3257 4320/25/3264 4348/25/3292
f 4313/27/3257 4348/25/3292 4340/27/3284
f 4314/19/3258 4321/17/3265 4335/17/3279
f 4314/19/3258 4335/17/3279 4334/19/3278
f 4322/63/3266 4319/61/3263 4347/61/3291
f 4322/63/3266 4347/61/3291 4349/63/3293
f 4317/5/3261 4323/3/3267 4350/3/3294
f 4317/5/3261 4350/3/3294 4344/5/3288
f 4318/39/3262 4324/37/3268 4351/37/3295
f 4318/39/3262 4351/37/3295 4346/39/3290
f 4325/65/3269 4322/63/3266 4349/63/3293
f 4325/65/3269 4349/63/3293 4352/65/3296
f 4320/25/3264 4326/23/3270 4353/23/3297
f 4320/25/3264 4353/23/3297 4348/25/3292
f 4321/17/3265 4327/15/3271 4354/15/3298
f 4321/17/3265 4354/15/3298 4335/17/3279
f 4323/3/3267 4328/2/3272 4355/2/3299
f 4323/3/3267 4355/2/3299 4350/3/3294
f 4324/37/3268 4329/35/3273 4356/35/3300
f 4324/37/3268 4356/35/3300 4351/37/3295
f 4326/23/3270 4315/21/3259 4342/21/3286
f 4326/23/3270 4342/21/3286 4353/23/3297
f 4327/15/3271 4330/13/3274 4357/13/3301
f 4327/15/3271 4357/13/3301 4354/15/3298
f 4331/45/3275 4301/43/3245 4304/43/3248
f 4331/45/3275 4304/43/3248 4358/45/3302
f 4329/35/3273 4332/33/3276 4359/33/3303
f 4329/35/3273 4359/33/3303 4356/35/3300
f 4333/47/3277 4331/45/3275 4358/45/3302
f 4333/47/3277 4358/45/3302 4360/47/3304
f 4330/13/3274 4306/11/3250 4361/11/3305
f 4330/13/3274 4361/11/3305 4357/13/3301
f 4270/49/3214 4333/47/3277 4360/47/3304
f 4270/49/3214 4360/47/3304 4362/49/3306
f 4332/33/3276 4309/31/3253 4363/31/3307
f 4332/33/3276 4363/31/3307 4359/33/3303
f 4271/51/3215 4270/49/3214 4362/49/3306
f 4271/51/3215 4362/49/3306 4364/51/3308
f 4306/11/3250 4305/9/3249 4365/9/3309
f 4306/11/3250 4365/9/3309 4361/11/3305
f 4307/53/3251 4271/51/3215 4364/51/3308
f 4307/53/3251 4364/51/3308 4366/53/3310
f 4309/31/3253 4308/29/3252 4341/29/3285
f 4309/31/3253 4341/29/3285 4363/31/3307
f 4310/55/3254 4307/53/3251 4366/53/3310
f 4310/55/3254 4366/53/3310 4338/55/3282
f 4305/9/3249 4311/7/3255 4345/7/3289
f 4305/9/3249 4345/7/3289 4365/9/3309
f 4367/37/3311 4368/35/3312 4369/35/3313
f 4367/37/3311 4369/35/3313 4370/37/3314
f 4349/63/3293 4347/61/3291 4371/61/3315
f 4349/63/3293 4371/61/3315 4372/63/3316
f 4344/5/3288 4350/3/3294 4373/3/3317
f 4344/5/3288 4373/3/3317 4374/5/3318
f 4346/39/3290 4351/37/3295 4367/37/3311
f 4346/39/3290 4367/37/3311 4375/39/3319
f 4352/65/3296 4349/63/3293 4372/63/3316
f 4352/65/3296 4372/63/3316 4376/65/3320
f 4348/25/3292 4353/23/3297 4377/23/3321
f 4348/25/3292 4377/23/3321 4378/25/3322
f 4335/17/3279 4354/15/3298 4379/15/3323
f 4335/17/3279 4379/15/3323 4336/17/3280
f 4350/3/3294 4355/2/3299 4380/2/3324
f 4350/3/3294 4380/2/3324 4373/3/3317
f 4351/37/3295 4356/35/3300 4368/35/3312
f 4351/37/3295 4368/35/3312 4367/37/3311
f 4353/23/3297 4342/21/3286 4381/21/3325
f 4353/23/3297 4381/21/3325 4377/23/3321
f 4354/15/3298 4357/13/3301 4382/13/3326
f 4354/15/3298 4382/13/3326 4379/15/3323
f 4358/45/3302 4304/43/3248 4383/43/3327
f 4358/45/3302 4383/43/3327 4384/45/3328
f 4356/35/3300 4359/33/3303 4385/33/3329
f 4356/35/3300 4385/33/3329 4368/35/3312
f 4360/47/3304 4358/45/3302 4384/45/3328
f 4360/47/3304 4384/45/3328 4386/47/3330
f 4357/13/3301 4361/11/3305 4387/11/3331
f 4357/13/3301 4387/11/3331 4382/13/3326
f 4362/49/3306 4360/47/3304 4386/47/3330
f 4362/49/3306 4386/47/3330 4388/49/3332
f 4359/33/3303 4363/31/3307 4389/31/3333
f 4359/33/3303 4389/31/3333 4385/33/3329
f 4364/51/3308 4362/49/3306 4388/49/3332
f 4364/51/3308 4388/49/3332 4390/51/3334
f 4361/11/3305 4365/9/3309 4391/9/3335
f 4361/11/3305 4391/9/3335 4387/11/3331
f 4366/53/3310 4364/51/3308 4390/51/3334
f 4366/53/3310 4390/51/3334 4392/53/3336
f 4363/31/3307 4341/29/3285 4393/29/3337
f 4363/31/3307 4393/29/3337 4389/31/3333
f 4338/55/3282 4366/53/3310 4392/53/3336
f 4338/55/3282 4392/53/3336 4394/55/3338
f 4365/9/3309 4345/7/3289 4395/7/3339
f 4365/9/3309 4395/7/3339 4391/9/3335
f 4304/43/3248 4303/41/3247 4396/41/3340
f 4304/43/3248 4396/41/3340 4383/43/3327
f 4339/57/3283 4338/55/3282 4394/55/3338
f 4339/57/3283 4394/55/3338 4397/57/3341
f 4341/29/3285 4340/27/3284 4398/27/3342
f 4341/29/3285 4398/27/3342 4393/29/3337
f 4342/21/3286 4334/19/3278 4337/19/3281
f 4342/21/3286 4337/19/3281 4381/21/3325
f 4343/59/3287 4339/57/3283 4397/57/3341
f 4343/59/3287 4397/57/3341 4399/59/3343
f 4345/7/3289 4344/5/3288 4374/5/3318
f 4345/7/3289 4374/5/3318 4395/7/3339
f 4303/41/3247 4346/39/3290 4375/39/3319
f 4303/41/3247 4375/39/3319 4396/41/3340
f 4347/61/3291 4343/59/3287 4399/59/3343
f 4347/61/3291 4399/59/3343 4371/61/3315
f 4340/27/3284 4348/25/3292 4378/25/3322
f 4340/27/3284 4378/25/3322 4398/27/3342
f 4400/47/3344 4401/45/3345 4402/45/3346
f 4400/47/3344 4402/45/3346 4403/47/3347
f 4377/23/3321 4381/21/3325 4404/21/3348
f 4377/23/3321 4404/21/3348 4405/23/3349
f 4379/15/3323 4382/13/3326 4406/13/3350
f 4379/15/3323 4406/13/3350 4407/15/3351
f 4384/45/3328 4383/43/3327 4408/43/3352
f 4384/45/3328 4408/43/3352 4401/45/3345
f 4368/35/3312 4385/33/3329 4409/33/3353
f 4368/35/3312 4409/33/3353 4369/35/3313
f 4386/47/3330 4384/45/3328 4401/45/3345
f 4386/47/3330 4401/45/3345 4400/47/3344
f 4382/13/3326 4387/11/3331 4410/11/3354
f 4382/13/3326 4410/11/3354 4406/13/3350
f 4388/49/3332 4386/47/3330 4400/47/3344
f 4388/49/3332 4400/47/3344 4411/49/3355
f 4385/33/3329 4389/31/3333 4412/31/3356
f 4385/33/3329 4412/31/3356 4409/33/3353
f 4390/51/3334 4388/49/3332 4411/49/3355
f 4390/51/3334 4411/49/3355 4413/51/3357
f 4387/11/3331 4391/9/3335 4414/9/3358
f 4387/11/3331 4414/9/3358 4410/11/3354
f 4392/53/3336 4390/51/3334 4413/51/3357
f 4392/53/3336 4413/51/3357 4415/53/3359
f 4389/31/3333 4393/29/3337 4416/29/3360
f 4389/31/3333 4416/29/3360 4412/31/3356
f 4394/55/3338 4392/53/3336 4415/53/3359
f 4394/55/3338 4415/53/3359 4417/55/3361
f 4391/9/3335 4395/7/3339 4418/7/3362
f 4391/9/3335 4418/7/3362 4414/9/3358
f 4383/43/3327 4396/41/3340 4419/41/3363
f 4383/43/3327 4419/41/3363 4408/43/3352
f 4397/57/3341 4394/55/3338 4417/55/3361
f 4397/57/3341 4417/55/3361 4420/57/3364
f 4393/29/3337 4398/27/3342 4421/27/3365
f 4393/29/3337 4421/27/3365 4416/29/3360
f 4381/21/3325 4337/19/3281 4422/19/3366
f 4381/21/3325 4422/19/3366 4404/21/3348
f 4399/59/3343 4397/57/3341 4420/57/3364
f 4399/59/3343 4420/57/3364 4423/59/3367
f 4395/7/3339 4374/5/3318 4424/5/3368
f 4395/7/3339 4424/5/3368 4418/7/3362
f 4396/41/3340 4375/39/3319 4425/39/3369
f 4396/41/3340 4425/39/3369 4419/41/3363
f 4371/61/3315 4399/59/3343 4423/59/3367
f 4371/61/3315 4423/59/3367 4426/61/3370
f 4398/27/3342 4378/25/3322 4427/25/3371
f 4398/27/3342 4427/25/3371 4421/27/3365
f 4337/19/3281 4336/17/3280 4428/17/3372
f 4337/19/3281 4428/17/3372 4422/19/3366
f 4372/63/3316 4371/61/3315 4426/61/3370
f 4372/63/3316 4426/61/3370 4429/63/3373
f 4374/5/3318 4373/3/3317 4430/3/3374
f 4374/5/3318 4430/3/3374 4424/5/3368
f 4375/39/3319 4367/37/3311 4370/37/3314
f 4375/39/3319 4370/37/3314 4425/39/3369
f 4376/65/3320 4372/63/3316 4429/63/3373
f 4376/65/3320 4429/63/3373 4431/65/3375
f 4378/25/3322 4377/23/3321 4405/23/3349
f 4378/25/3322 4405/23/3349 4427/25/3371
f 4336/17/3280 4379/15/3323 4407/15/3351
f 4336/17/3280 4407/15/3351 4428/17/3372
f 4373/3/3317 4380/2/3324 4432/2/3375
f 4373/3/3317 4432/2/3375 4430/3/3374
f 4433/53/3376 4434/51/3377 4435/51/3378
f 4433/53/3376 4435/51/3378 4436/53/3379
f 4406/13/3350 4410/11/3354 4437/11/3380
f 4406/13/3350 4437/11/3380 4438/13/3381
f 4411/49/3355 4400/47/3344 4403/47/3347
f 4411/49/3355 4403/47/3347 4439/49/3382
f 4409/33/3353 4412/31/3356 4440/31/3383
f 4409/33/3353 4440/31/3383 4441/33/3384
f 4413/51/3357 4411/49/3355 4439/49/3382
f 4413/51/3357 4439/49/3382 4434/51/3377
f 4410/11/3354 4414/9/3358 4442/9/3385
f 4410/11/3354 4442/9/3385 4437/11/3380
f 4415/53/3359 4413/51/3357 4434/51/3377
f 4415/53/3359 4434/51/3377 4433/53/3376
f 4412/31/3356 4416/29/3360 4443/29/3386
f 4412/31/3356 4443/29/3386 4440/31/3383
f 4417/55/3361 4415/53/3359 4433/53/3376
f 4417/55/3361 4433/53/3376 4444/55/3387
f 4414/9/3358 4418/7/3362 4445/7/3388
f 4414/9/3358 4445/7/3388 4442/9/3385
f 4408/43/3352 4419/41/3363 4446/41/3389
f 4408/43/3352 4446/41/3389 4447/43/3390
f 4420/57/3364 4417/55/3361 4444/55/3387
f 4420/57/3364 4444/55/3387 4448/57/3391
f 4416/29/3360 4421/27/3365 4449/27/3392
f 4416/29/3360 4449/27/3392 4443/29/3386
f 4404/21/3348 4422/19/3366 4450/19/3393
f 4404/21/3348 4450/19/3393 4451/21/3394
f 4423/59/3367 4420/57/3364 4448/57/3391
f 4423/59/3367 4448/57/3391 4452/59/3395
f 4418/7/3362 4424/5/3368 4453/5/3396
f 4418/7/3362 4453/5/3396 4445/7/3388
f 4419/41/3363 4425/39/3369 4454/39/3397
f 4419/41/3363 4454/39/3397 4446/41/3389
f 4426/61/3370 4423/59/3367 4452/59/3395
f 4426/61/3370 4452/59/3395 4455/61/3398
f 4421/27/3365 4427/25/3371 4456/25/3399
f 4421/27/3365 4456/25/3399 4449/27/3392
f 4422/19/3366 4428/17/3372 4457/17/3400
f 4422/19/3366 4457/17/3400 4450/19/3393
f 4429/63/3373 4426/61/3370 4455/61/3398
f 4429/63/3373 4455/61/3398 4458/63/3401
f 4424/5/3368 4430/3/3374 4459/3/3402
f 4424/5/3368 4459/3/3402 4453/5/3396
f 4425/39/3369 4370/37/3314 4460/37/3403
f 4425/39/3369 4460/37/3403 4454/39/3397
f 4431/65/3375 4429/63/3373 4458/63/3401
f 4431/65/3375 4458/63/3401 4461/65/3404
f 4427/25/3371 4405/23/3349 4462/23/3405
f 4427/25/3371 4462/23/3405 4456/25/3399
f 4428/17/3372 4407/15/3351 4463/15/3406
f 4428/17/3372 4463/15/3406 4457/17/3400
f 4430/3/3374 4432/2/3375 4464/2/3407
f 4430/3/3374 4464/2/3407 4459/3/3402
f 4370/37/3314 4369/35/3313 4465/35/3408
f 4370/37/3314 4465/35/3408 4460/37/3403
f 4405/23/3349 4404/21/3348 4451/21/3394
f 4405/23/3349 4451/21/3394 4462/23/3405
f 4407/15/3351 4406/13/3350 4438/13/3381
f 4407/15/3351 4438/13/3381 4463/15/3406
f 4401/45/3345 4408/43/3352 4447/43/3390
f 4401/45/3345 4447/43/3390 4402/45/3346
f 4369/35/3313 4409/33/3353 4441/33/3384
f 4369/35/3313 4441/33/3384 4465/35/3408
f 4466/46/3409 4467/48/3410 4468/47/3411
f 4466/46/3409 4468/47/3411 4469/45/3412
f 4440/31/3383 4443/29/3386 4470/29/3413
f 4440/31/3383 4470/29/3413 4471/31/3414
f 4444/55/3387 4433/53/3376 4436/53/3379
f 4444/55/3387 4436/53/3379 4472/55/3415
f 4442/9/3385 4445/7/3388 4473/7/3416
f 4442/9/3385 4473/7/3416 4474/9/3417
f 4447/43/3390 4446/41/3389 4475/41/3418
f 4447/43/3390 4475/41/3418 4476/43/3419
f 4448/57/3391 4444/55/3387 4472/55/3415
f 4448/57/3391 4472/55/3415 4477/57/3420
f 4443/29/3386 4449/27/3392 4478/27/3421
f 4443/29/3386 4478/27/3421 4470/29/3413
f 4451/21/3394 4450/19/3393 4479/19/3422
f 4451/21/3394 4479/19/3422 4480/21/3423
f 4452/59/3395 4448/57/3391 4477/57/3420
f 4452/59/3395 4477/57/3420 4481/59/3424
f 4445/7/3388 4453/5/3396 4482/5/3425
f 4445/7/3388 4482/5/3425 4473/7/3416
f 4446/41/3389 4454/39/3397 4483/39/3426
f 4446/41/3389 4483/39/3426 4475/41/3418
f 4455/61/3398 4452/59/3395 4481/59/3424
f 4455/61/3398 4481/59/3424 4484/61/3427
f 4449/27/3392 4456/25/3399 4485/25/3428
f 4449/27/3392 4485/25/3428 4478/27/3421
f 4450/19/3393 4457/17/3400 4486/17/3429
f 4450/19/3393 4486/17/3429 4479/19/3422
f 4458/63/3401 4455/61/3398 4484/61/3427
f 4458/63/3401 4484/61/3427 4487/63/3430
f 4453/5/3396 4459/3/3402 4488/3/3431
f 4453/5/3396 4488/3/3431 4482/5/3425
f 4454/39/3397 4460/37/3403 4489/37/3432
f 4454/39/3397 4489/37/3432 4483/39/3426
f 4461/65/3404 4458/63/3401 4487/63/3430
f 4461/65/3404 4487/63/3430 4490/65/3433
f 4456/25/3399 4462/23/3405 4491/23/3434
f 4456/25/3399 4491/23/3434 4485/25/3428
f 4457/17/3400 4463/15/3406 4492/15/3435
f 4457/17/3400 4492/15/3435 4486/17/3429
f 4459/3/3402 4464/2/3407 4493/2/3436
f 4459/3/3402 4493/2/3436 4488/3/3431
f 4460/37/3403 4465/35/3408 4494/35/3437
f 4460/37/3403 4494/35/3437 4489/37/3432
f 4462/23/3405 4451/21/3394 4480/21/3423
f 4462/23/3405 4480/21/3423 4491/23/3434
f 4463/15/3406 4438/13/3381 4495/13/3438
f 4463/15/3406 4495/13/3438 4492/15/3435
f 4402/45/3346 4447/43/3390 4476/43/3419
f 4402/45/3346 4476/43/3419 4469/45/3412
f 4465/35/3408 4441/33/3384 4496/33/3439
f 4465/35/3408 4496/33/3439 4494/35/3437
f 4403/47/3347 4402/45/3346 4469/45/3412
f 4403/47/3347 4469/45/3412 4468/47/3411
f 4438/13/3381 4437/11/3380 4497/11/3440
f 4438/13/3381 4497/11/3440 4495/13/3438
f 4439/49/3382 4403/47/3347 4468/47/3411
f 4439/49/3382 4468/47/3411 4498/49/3441
f 4441/33/3384 4440/31/3383 4471/31/3414
f 4441/33/3384 4471/31/3414 4496/33/3439
f 4434/51/3377 4439/49/3382 4498/49/3441
f 4434/51/3377 4498/49/3441 4435/51/3378
f 4437/11/3380 4442/9/3385 4474/9/3417
f 4437/11/3380 4474/9/3417 4497/11/3440
f 4499/64/3442 4500/66/3443 4501/66/3444
f 4499/64/3442 4501/66/3444 4502/64/3445
f 4226/38/3170 4230/40/3174 4503/40/3446
f 4226/38/3170 4503/40/3446 4504/38/3447
f 4213/24/3157 4212/26/3156 4505/26/3448
f 4213/24/3157 4505/26/3448 4506/24/3449
f 4217/16/3161 4216/18/3160 4507/18/3450
f 4217/16/3161 4507/18/3450 4508/16/3451
f 4229/1/3173 4202/4/3146 4205/4/3149
f 4229/1/3173 4205/4/3149 4509/1/3452
f 4227/36/3171 4226/38/3170 4504/38/3447
f 4227/36/3171 4504/38/3447 4510/36/3453
f 4208/44/3152 4231/46/3175 4511/46/3454
f 4208/44/3152 4511/46/3454 4512/44/3455
f 4210/14/3154 4217/16/3161 4508/16/3451
f 4210/14/3154 4508/16/3451 4513/14/3456
f 4231/46/3175 4207/48/3151 4514/48/3457
f 4231/46/3175 4514/48/3457 4511/46/3454
f 4223/34/3167 4227/36/3171 4510/36/3453
f 4223/34/3167 4510/36/3453 4515/34/3458
f 4207/48/3151 4206/50/3150 4516/50/3459
f 4207/48/3151 4516/50/3459 4514/48/3457
f 4211/12/3155 4210/14/3154 4513/14/3456
f 4211/12/3155 4513/14/3456 4517/12/3460
f 4206/50/3150 4220/52/3164 4518/52/3461
f 4206/50/3150 4518/52/3461 4516/50/3459
f 4224/32/3168 4223/34/3167 4515/34/3458
f 4224/32/3168 4515/34/3458 4519/32/3462
f 4220/52/3164 4228/54/3172 4520/54/3463
f 4220/52/3164 4520/54/3463 4518/52/3461
f 1970/10/1560 4211/12/3155 4517/12/3460
f 1970/10/1560 4517/12/3460 4521/10/3464
f 4228/54/3172 4233/56/3177 4522/56/3465
f 4228/54/3172 4522/56/3465 4520/54/3463
f 4218/30/3162 4224/32/3168 4519/32/3462
f 4218/30/3162 4519/32/3462 4523/30/3466
f 4221/22/3165 4213/24/3157 4506/24/3449
f 4221/22/3165 4506/24/3449 4524/22/3467
f 4233/56/3177 4215/58/3159 4525/58/3468
f 4233/56/3177 4525/58/3468 4522/56/3465
f 1971/8/1561 1970/10/1560 4521/10/3464
f 1971/8/1561 4521/10/3464 4526/8/3469
f 4209/42/3153 4208/44/3152 4512/44/3455
f 4209/42/3153 4512/44/3455 4527/42/3470
f 4215/58/3159 4214/60/3158 4528/60/3471
f 4215/58/3159 4528/60/3471 4525/58/3468
f 4219/28/3163 4218/30/3162 4523/30/3466
f 4219/28/3163 4523/30/3466 4529/28/3472
f 4222/20/3166 4221/22/3165 4524/22/3467
f 4222/20/3166 4524/22/3467 4530/20/3473
f 4214/60/3158 4225/62/3169 4531/62/3474
f 4214/60/3158 4531/62/3474 4528/60/3471
f 4203/6/3147 1971/8/1561 4526/8/3469
f 4203/6/3147 4526/8/3469 4204/6/3148
f 4230/40/3174 4209/42/3153 4527/42/3470
f 4230/40/3174 4527/42/3470 4503/40/3446
f 4225/62/3169 4232/64/3176 4499/64/3442
f 4225/62/3169 4499/64/3442 4531/62/3474
f 4212/26/3156 4219/28/3163 4529/28/3472
f 4212/26/3156 4529/28/3472 4505/26/3448
f 4216/18/3160 4222/20/3166 4530/20/3473
f 4216/18/3160 4530/20/3473 4507/18/3450
f 4232/64/3176 4234/66/3178 4500/66/3443
f 4232/64/3176 4500/66/3443 4499/64/3442
f 4532/44/3475 4466/46/3409 4469/45/3412
f 4532/44/3475 4469/45/3412 4476/43/3419
f 4205/4/3149 4204/6/3148 4533/6/3476
f 4205/4/3149 4533/6/3476 4534/4/3477
f 4504/38/3447 4503/40/3446 4535/40/3478
f 4504/38/3447 4535/40/3478 4536/38/3479
f 4506/24/3449 4505/26/3448 4537/26/3480
f 4506/24/3449 4537/26/3480 4538/24/3481
f 4508/16/3451 4507/18/3450 4539/18/3482
f 4508/16/3451 4539/18/3482 4540/16/3483
f 4509/1/3452 4205/4/3149 4534/4/3477
f 4509/1/3452 4534/4/3477 4541/1/3484
f 4510/36/3453 4504/38/3447 4536/38/3479
f 4510/36/3453 4536/38/3479 4542/36/3485
f 4512/44/3455 4511/46/3454 4466/46/3409
f 4512/44/3455 4466/46/3409 4532/44/3475
f 4513/14/3456 4508/16/3451 4540/16/3483
f 4513/14/3456 4540/16/3483 4543/14/3486
f 4511/46/3454 4514/48/3457 4467/48/3410
f 4511/46/3454 4467/48/3410 4466/46/3409
f 4515/34/3458 4510/36/3453 4542/36/3485
f 4515/34/3458 4542/36/3485 4544/34/3487
f 4514/48/3457 4516/50/3459 4545/50/3488
f 4514/48/3457 4545/50/3488 4467/48/3410
f 4517/12/3460 4513/14/3456 4543/14/3486
f 4517/12/3460 4543/14/3486 4546/12/3489
f 4516/50/3459 4518/52/3461 4547/52/3490
f 4516/50/3459 4547/52/3490 4545/50/3488
f 4519/32/3462 4515/34/3458 4544/34/3487
f 4519/32/3462 4544/34/3487 4548/32/3491
f 4518/52/3461 4520/54/3463 4549/54/3492
f 4518/52/3461 4549/54/3492 4547/52/3490
f 4521/10/3464 4517/12/3460 4546/12/3489
f 4521/10/3464 4546/12/3489 4550/10/3493
f 4520/54/3463 4522/56/3465 4551/56/3494
f 4520/54/3463 4551/56/3494 4549/54/3492
f 4523/30/3466 4519/32/3462 4548/32/3491
f 4523/30/3466 4548/32/3491 4552/30/3495
f 4524/22/3467 4506/24/3449 4538/24/3481
f 4524/22/3467 4538/24/3481 4553/22/3496
f 4522/56/3465 4525/58/3468 4554/58/3497
f 4522/56/3465 4554/58/3497 4551/56/3494
f 4526/8/3469 4521/10/3464 4550/10/3493
f 4526/8/3469 4550/10/3493 4555/8/3498
f 4527/42/3470 4512/44/3455 4532/44/3475
f 4527/42/3470 4532/44/3475 4556/42/3499
f 4525/58/3468 4528/60/3471 4557/60/3500
f 4525/58/3468 4557/60/3500 4554/58/3497
f 4529/28/3472 4523/30/3466 4552/30/3495
f 4529/28/3472 4552/30/3495 4558/28/3501
f 4530/20/3473 4524/22/3467 4553/22/3496
f 4530/20/3473 4553/22/3496 4559/20/3502
f 4528/60/3471 4531/62/3474 4560/62/3503
f 4528/60/3471 4560/62/3503 4557/60/3500
f 4204/6/3148 4526/8/3469 4555/8/3498
f 4204/6/3148 4555/8/3498 4533/6/3476
f 4503/40/3446 4527/42/3470 4556/42/3499
f 4503/40/3446 4556/42/3499 4535/40/3478
f 4531/62/3474 4499/64/3442 4502/64/3445
f 4531/62/3474 4502/64/3445 4560/62/3503
f 4505/26/3448 4529/28/3472 4558/28/3501
f 4505/26/3448 4558/28/3501 4537/26/3480
f 4507/18/3450 4530/20/3473 4559/20/3502
f 4507/18/3450 4559/20/3502 4539/18/3482
f 4467/48/3410 4545/50/3488 4498/49/3441
f 4467/48/3410 4498/49/3441 4468/47/3411
f 4545/50/3488 4547/52/3490 4435/51/3378
f 4545/50/3488 4435/51/3378 4498/49/3441
f 4547/52/3490 4549/54/3492 4436/53/3379
f 4547/52/3490 4436/53/3379 4435/51/3378
f 4549/54/3492 4551/56/3494 4472/55/3415
f 4549/54/3492 4472/55/3415 4436/53/3379
f 4551/56/3494 4554/58/3497 4477/57/3420
f 4551/56/3494 4477/57/3420 4472/55/3415
f 4554/58/3497 4557/60/3500 4481/59/3424
f 4554/58/3497 4481/59/3424 4477/57/3420
f 4557/60/3500 4560/62/3503 4484/61/3427
f 4557/60/3500 4484/61/3427 4481/59/3424
f 4560/62/3503 4502/64/3445 4487/63/3430
f 4560/62/3503 4487/63/3430 4484/61/3427
f 4502/64/3445 4501/66/3444 4490/65/3433
f 4502/64/3445 4490/65/3433 4487/63/3430
f 4541/1/3484 4534/4/3477 4488/3/3431
f 4541/1/3484 4488/3/3431 4493/2/3436
f 4534/4/3477 4533/6/3476 4482/5/3425
f 4534/4/3477 4482/5/3425 4488/3/3431
f 4533/6/3476 4555/8/3498 4473/7/3416
f 4533/6/3476 4473/7/3416 4482/5/3425
f 4555/8/3498 4550/10/3493 4474/9/3417
f 4555/8/3498 4474/9/3417 4473/7/3416
f 4550/10/3493 4546/12/3489 4497/11/3440
f 4550/10/3493 4497/11/3440 4474/9/3417
f 4546/12/3489 4543/14/3486 4495/13/3438
f 4546/12/3489 4495/13/3438 4497/11/3440
f 4543/14/3486 4540/16/3483 4492/15/3435
f 4543/14/3486 4492/15/3435 4495/13/3438
f 4540/16/3483 4539/18/3482 4486/17/3429
f 4540/16/3483 4486/17/3429 4492/15/3435
f 4539/18/3482 4559/20/3502 4479/19/3422
f 4539/18/3482 4479/19/3422 4486/17/3429
f 4559/20/3502 4553/22/3496 4480/21/3423
f 4559/20/3502 4480/21/3423 4479/19/3422
f 4553/22/3496 4538/24/3481 4491/23/3434
f 4553/22/3496 4491/23/3434 4480/21/3423
f 4538/24/3481 4537/26/3480 4485/25/3428
f 4538/24/3481 4485/25/3428 4491/23/3434
f 4537/26/3480 4558/28/3501 4478/27/3421
f 4537/26/3480 4478/27/3421 4485/25/3428
f 4558/28/3501 4552/30/3495 4470/29/3413
f 4558/28/3501 4470/29/3413 4478/27/3421
f 4552/30/3495 4548/32/3491 4471/31/3414
f 4552/30/3495 4471/31/3414 4470/29/3413
f 4548/32/3491 4544/34/3487 4496/33/3439
f 4548/32/3491 4496/33/3439 4471/31/3414
f 4544/34/3487 4542/36/3485 4494/35/3437
f 4544/34/3487 4494/35/3437 4496/33/3439
f 4542/36/3485 4536/38/3479 4489/37/3432
f 4542/36/3485 4489/37/3432 4494/35/3437
f 4536/38/3479 4535/40/3478 4483/39/3426
f 4536/38/3479 4483/39/3426 4489/37/3432
f 4535/40/3478 4556/42/3499 4475/41/3418
f 4535/40/3478 4475/41/3418 4483/39/3426
f 4556/42/3499 4532/44/3475 4476/43/3419
f 4556/42/3499 4476/43/3419 4475/41/3418
s 8
f 4561/26/3504 4562/28/3505 4563/28/3506
f 4561/26/3504 4563/28/3506 4564/26/3507
f 1919/28/1536 1921/30/1537 4565/30/3508
f 1919/28/1536 4565/30/3508 4562/28/3505
f 1941/50/1546 1943/52/1547 4566/52/3509
f 1941/50/1546 4566/52/3509 4567/50/3510
f 1911/20/1532 1913/22/1533 4568/22/3511
f 1911/20/1532 4568/22/3511 4569/20/3512
f 1923/32/1538 1925/34/17 4570/34/3513
f 1923/32/1538 4570/34/3513 4571/32/3514
f 1951/60/1551 1953/62/1552 4572/62/3515
f 1951/60/1551 4572/62/3515 4573/60/3516
f 1927/36/1539 1929/38/1540 4574/38/3517
f 1927/36/1539 4574/38/3517 4575/36/3518
f 1956/6/1555 1896/8/1524 4576/8/3519
f 1956/6/1555 4576/8/3519 4577/6/3520
f 1943/52/1547 1945/54/1548 4578/54/3521
f 1943/52/1547 4578/54/3521 4566/52/3509
f 1964/1/1 1962/4/1557 4579/4/3522
f 1964/1/1 4579/4/3522 4580/1/3523
f 1931/40/1541 1933/42/1542 4581/42/3524
f 1931/40/1541 4581/42/3524 4582/40/3525
f 1899/10/1525 1904/12/1530 4583/12/3526
f 1899/10/1525 4583/12/3526 4584/10/3527
f 1935/44/1543 1937/46/1544 4585/46/3528
f 1935/44/1543 4585/46/3528 4586/44/3529
f 1953/62/1552 1958/64/1556 4587/64/3530
f 1953/62/1552 4587/64/3530 4572/62/3515
f 1907/14/1531 1900/16/1526 1903/16/1529
f 1907/14/1531 1903/16/1529 4588/14/3531
f 1917/26/1535 1919/28/1536 4562/28/3505
f 1917/26/1535 4562/28/3505 4561/26/3504
f 1945/54/1548 1947/56/1549 4589/56/3532
f 1945/54/1548 4589/56/3532 4578/54/3521
f 1901/18/1527 1911/20/1532 4569/20/3512
f 1901/18/1527 4569/20/3512 1902/18/1528
f 1921/30/1537 1923/32/1538 4571/32/3514
f 1921/30/1537 4571/32/3514 4565/30/3508
f 1937/46/1544 1939/48/1545 4590/48/3533
f 1937/46/1544 4590/48/3533 4585/46/3528
f 1958/64/1556 1961/66/33 4591/66/3534
f 1958/64/1556 4591/66/3534 4587/64/3530
f 1925/34/17 1927/36/1539 4575/36/3518
f 1925/34/17 4575/36/3518 4570/34/3513
f 1962/4/1557 1956/6/1555 4577/6/3520
f 1962/4/1557 4577/6/3520 4579/4/3522
f 1947/56/1549 1949/58/1550 4592/58/3535
f 1947/56/1549 4592/58/3535 4589/56/3532
f 1913/22/1533 1915/24/1534 4593/24/3536
f 1913/22/1533 4593/24/3536 4568/22/3511
f 1929/38/1540 1931/40/1541 4582/40/3525
f 1929/38/1540 4582/40/3525 4574/38/3517
f 1896/8/1524 1899/10/1525 4584/10/3527
f 1896/8/1524 4584/10/3527 4576/8/3519
f 1939/48/1545 1941/50/1546 4567/50/3510
f 1939/48/1545 4567/50/3510 4590/48/3533
f 1933/42/1542 1935/44/1543 4586/44/3529
f 1933/42/1542 4586/44/3529 4581/42/3524
f 1904/12/1530 1907/14/1531 4588/14/3531
f 1904/12/1530 4588/14/3531 4583/12/3526
f 1915/24/1534 1917/26/1535 4561/26/3504
f 1915/24/1534 4561/26/3504 4593/24/3536
f 1949/58/1550 1951/60/1551 4573/60/3516
f 1949/58/1550 4573/60/3516 4592/58/3535
f 4594/1/3537 4595/4/3538 4596/4/3539
f 4594/1/3537 4596/4/3539 4597/1/3540
f 1902/18/1528 4569/20/3512 4598/20/3541
f 1902/18/1528 4598/20/3541 4599/18/3542
f 4587/64/3530 4591/66/3534 4600/66/3543
f 4587/64/3530 4600/66/3543 4601/64/3544
f 4579/4/3522 4577/6/3520 4602/6/3545
f 4579/4/3522 4602/6/3545 4595/4/3538
f 4574/38/3517 4582/40/3525 4603/40/3546
f 4574/38/3517 4603/40/3546 4604/38/3547
f 4593/24/3536 4561/26/3504 4564/26/3507
f 4593/24/3536 4564/26/3507 4605/24/3548
f 1903/16/1529 1902/18/1528 4599/18/3542
f 1903/16/1529 4599/18/3542 4606/16/3549
f 4580/1/3523 4579/4/3522 4595/4/3538
f 4580/1/3523 4595/4/3538 4594/1/3537
f 4575/36/3518 4574/38/3517 4604/38/3547
f 4575/36/3518 4604/38/3547 4607/36/3550
f 4586/44/3529 4585/46/3528 4608/46/3551
f 4586/44/3529 4608/46/3551 4609/44/3552
f 4588/14/3531 1903/16/1529 4606/16/3549
f 4588/14/3531 4606/16/3549 4610/14/3553
f 4585/46/3528 4590/48/3533 4611/48/3554
f 4585/46/3528 4611/48/3554 4608/46/3551
f 4570/34/3513 4575/36/3518 4607/36/3550
f 4570/34/3513 4607/36/3550 4612/34/3555
f 4590/48/3533 4567/50/3510 4613/50/3556
f 4590/48/3533 4613/50/3556 4611/48/3554
f 4583/12/3526 4588/14/3531 4610/14/3553
f 4583/12/3526 4610/14/3553 4614/12/3557
f 4567/50/3510 4566/52/3509 4615/52/3558
f 4567/50/3510 4615/52/3558 4613/50/3556
f 4571/32/3514 4570/34/3513 4612/34/3555
f 4571/32/3514 4612/34/3555 4616/32/3559
f 4566/52/3509 4578/54/3521 4617/54/3560
f 4566/52/3509 4617/54/3560 4615/52/3558
f 4584/10/3527 4583/12/3526 4614/12/3557
f 4584/10/3527 4614/12/3557 4618/10/3561
f 4578/54/3521 4589/56/3532 4619/56/3562
f 4578/54/3521 4619/56/3562 4617/54/3560
f 4565/30/3508 4571/32/3514 4616/32/3559
f 4565/30/3508 4616/32/3559 4620/30/3563
f 4568/22/3511 4593/24/3536 4605/24/3548
f 4568/22/3511 4605/24/3548 4621/22/3564
f 4589/56/3532 4592/58/3535 4622/58/3565
f 4589/56/3532 4622/58/3565 4619/56/3562
f 4576/8/3519 4584/10/3527 4618/10/3561
f 4576/8/3519 4618/10/3561 4623/8/3566
f 4581/42/3524 4586/44/3529 4609/44/3552
f 4581/42/3524 4609/44/3552 4624/42/3567
f 4592/58/3535 4573/60/3516 4625/60/3568
f 4592/58/3535 4625/60/3568 4622/58/3565
f 4562/28/3505 4565/30/3508 4620/30/3563
f 4562/28/3505 4620/30/3563 4563/28/3506
f 4569/20/3512 4568/22/3511 4621/22/3564
f 4569/20/3512 4621/22/3564 4598/20/3541
f 4573/60/3516 4572/62/3515 4626/62/3569
f 4573/60/3516 4626/62/3569 4625/60/3568
f 4577/6/3520 4576/8/3519 4623/8/3566
f 4577/6/3520 4623/8/3566 4602/6/3545
f 4582/40/3525 4581/42/3524 4624/42/3567
f 4582/40/3525 4624/42/3567 4603/40/3546
f 4572/62/3515 4587/64/3530 4601/64/3544
f 4572/62/3515 4601/64/3544 4626/62/3569
f 4627/48/3570 4628/50/3571 4629/50/3572
f 4627/48/3570 4629/50/3572 4630/48/3573
f 4607/36/3550 4604/38/3547 4631/38/3574
f 4607/36/3550 4631/38/3574 4632/36/3575
f 4609/44/3552 4608/46/3551 4633/46/3576
f 4609/44/3552 4633/46/3576 4634/44/3577
f 4610/14/3553 4606/16/3549 4635/16/3578
f 4610/14/3553 4635/16/3578 4636/14/3579
f 4608/46/3551 4611/48/3554 4627/48/3570
f 4608/46/3551 4627/48/3570 4633/46/3576
f 4612/34/3555 4607/36/3550 4632/36/3575
f 4612/34/3555 4632/36/3575 4637/34/3580
f 4611/48/3554 4613/50/3556 4628/50/3571
f 4611/48/3554 4628/50/3571 4627/48/3570
f 4614/12/3557 4610/14/3553 4636/14/3579
f 4614/12/3557 4636/14/3579 4638/12/3581
f 4613/50/3556 4615/52/3558 4639/52/3582
f 4613/50/3556 4639/52/3582 4628/50/3571
f 4616/32/3559 4612/34/3555 4637/34/3580
f 4616/32/3559 4637/34/3580 4640/32/3583
f 4615/52/3558 4617/54/3560 4641/54/3584
f 4615/52/3558 4641/54/3584 4639/52/3582
f 4618/10/3561 4614/12/3557 4638/12/3581
f 4618/10/3561 4638/12/3581 4642/10/3585
f 4617/54/3560 4619/56/3562 4643/56/3586
f 4617/54/3560 4643/56/3586 4641/54/3584
f 4620/30/3563 4616/32/3559 4640/32/3583
f 4620/30/3563 4640/32/3583 4644/30/3587
f 4621/22/3564 4605/24/3548 4645/24/3588
f 4621/22/3564 4645/24/3588 4646/22/3589
f 4619/56/3562 4622/58/3565 4647/58/3590
f 4619/56/3562 4647/58/3590 4643/56/3586
f 4623/8/3566 4618/10/3561 4642/10/3585
f 4623/8/3566 4642/10/3585 4648/8/3591
f 4624/42/3567 4609/44/3552 4634/44/3577
f 4624/42/3567 4634/44/3577 4649/42/3592
f 4622/58/3565 4625/60/3568 4650/60/3593
f 4622/58/3565 4650/60/3593 4647/58/3590
f 4563/28/3506 4620/30/3563 4644/30/3587
f 4563/28/3506 4644/30/3587 4651/28/3594
f 4598/20/3541 4621/22/3564 4646/22/3589
f 4598/20/3541 4646/22/3589 4652/20/3595
f 4625/60/3568 4626/62/3569 4653/62/3596
f 4625/60/3568 4653/62/3596 4650/60/3593
f 4602/6/3545 4623/8/3566 4648/8/3591
f 4602/6/3545 4648/8/3591 4654/6/3597
f 4603/40/3546 4624/42/3567 4649/42/3592
f 4603/40/3546 4649/42/3592 4655/40/3598
f 4626/62/3569 4601/64/3544 4656/64/3599
f 4626/62/3569 4656/64/3599 4653/62/3596
f 4564/26/3507 4563/28/3506 4651/28/3594
f 4564/26/3507 4651/28/3594 4657/26/3600
f 4599/18/3542 4598/20/3541 4652/20/3595
f 4599/18/3542 4652/20/3595 4658/18/3601
f 4601/64/3544 4600/66/3543 4659/66/3602
f 4601/64/3544 4659/66/3602 4656/64/3599
f 4595/4/3538 4602/6/3545 4654/6/3597
f 4595/4/3538 4654/6/3597 4596/4/3539
f 4604/38/3547 4603/40/3546 4655/40/3598
f 4604/38/3547 4655/40/3598 4631/38/3574
f 4605/24/3548 4564/26/3507 4657/26/3600
f 4605/24/3548 4657/26/3600 4645/24/3588
f 4606/16/3549 4599/18/3542 4658/18/3601
f 4606/16/3549 4658/18/3601 4635/16/3578
f 4660/54/3603 4661/56/3604 4662/56/3605
f 4660/54/3603 4662/56/3605 4663/54/3606
f 4638/12/3581 4636/14/3579 4664/14/3607
f 4638/12/3581 4664/14/3607 4665/12/3608
f 4628/50/3571 4639/52/3582 4666/52/3609
f 4628/50/3571 4666/52/3609 4629/50/3572
f 4640/32/3583 4637/34/3580 4667/34/3610
f 4640/32/3583 4667/34/3610 4668/32/3611
f 4639/52/3582 4641/54/3584 4660/54/3603
f 4639/52/3582 4660/54/3603 4666/52/3609
f 4642/10/3585 4638/12/3581 4665/12/3608
f 4642/10/3585 4665/12/3608 4669/10/3612
f 4641/54/3584 4643/56/3586 4661/56/3604
f 4641/54/3584 4661/56/3604 4660/54/3603
f 4644/30/3587 4640/32/3583 4668/32/3611
f 4644/30/3587 4668/32/3611 4670/30/3613
f 4646/22/3589 4645/24/3588 4671/24/3614
f 4646/22/3589 4671/24/3614 4672/22/3615
f 4643/56/3586 4647/58/3590 4673/58/3616
f 4643/56/3586 4673/58/3616 4661/56/3604
f 4648/8/3591 4642/10/3585 4669/10/3612
f 4648/8/3591 4669/10/3612 4674/8/3617
f 4649/42/3592 4634/44/3577 4675/44/3618
f 4649/42/3592 4675/44/3618 4676/42/3619
f 4647/58/3590 4650/60/3593 4677/60/3620
f 4647/58/3590 4677/60/3620 4673/58/3616
f 4651/28/3594 4644/30/3587 4670/30/3613
f 4651/28/3594 4670/30/3613 4678/28/3621
f 4652/20/3595 4646/22/3589 4672/22/3615
f 4652/20/3595 4672/22/3615 4679/20/3622
f 4650/60/3593 4653/62/3596 4680/62/3623
f 4650/60/3593 4680/62/3623 4677/60/3620
f 4654/6/3597 4648/8/3591 4674/8/3617
f 4654/6/3597 4674/8/3617 4681/6/3624
f 4655/40/3598 4649/42/3592 4676/42/3619
f 4655/40/3598 4676/42/3619 4682/40/3625
f 4653/62/3596 4656/64/3599 4683/64/3626
f 4653/62/3596 4683/64/3626 4680/62/3623
f 4657/26/3600 4651/28/3594 4678/28/3621
f 4657/26/3600 4678/28/3621 4684/26/3627
f 4658/18/3601 4652/20/3595 4679/20/3622
f 4658/18/3601 4679/20/3622 4685/18/3628
f 4656/64/3599 4659/66/3602 4686/66/3629
f 4656/64/3599 4686/66/3629 4683/64/3626
f 4596/4/3539 4654/6/3597 4681/6/3624
f 4596/4/3539 4681/6/3624 4687/4/3630
f 4631/38/3574 4655/40/3598 4682/40/3625
f 4631/38/3574 4682/40/3625 4688/38/3631
f 4645/24/3588 4657/26/3600 4684/26/3627
f 4645/24/3588 4684/26/3627 4671/24/3614
f 4635/16/3578 4658/18/3601 4685/18/3628
f 4635/16/3578 4685/18/3628 4689/16/3632
f 4597/1/3540 4596/4/3539 4687/4/3630
f 4597/1/3540 4687/4/3630 4690/1/3633
f 4632/36/3575 4631/38/3574 4688/38/3631
f 4632/36/3575 4688/38/3631 4691/36/3634
f 4634/44/3577 4633/46/3576 4692/46/3635
f 4634/44/3577 4692/46/3635 4675/44/3618
f 4636/14/3579 4635/16/3578 4689/16/3632
f 4636/14/3579 4689/16/3632 4664/14/3607
f 4633/46/3576 4627/48/3570 4630/48/3573
f 4633/46/3576 4630/48/3573 4692/46/3635
f 4637/34/3580 4632/36/3575 4691/36/3634
f 4637/34/3580 4691/36/3634 4667/34/3610
f 4693/20/3636 4694/22/3637 4695/22/3638
f 4693/20/3636 4695/22/3638 4696/20/3639
f 4670/30/3613 4668/32/3611 4697/32/3640
f 4670/30/3613 4697/32/3640 4698/30/3641
f 4672/22/3615 4671/24/3614 4699/24/3642
f 4672/22/3615 4699/24/3642 4694/22/3637
f 4661/56/3604 4673/58/3616 4700/58/3643
f 4661/56/3604 4700/58/3643 4662/56/3605
f 4674/8/3617 4669/10/3612 4701/10/3644
f 4674/8/3617 4701/10/3644 4702/8/3645
f 4676/42/3619 4675/44/3618 4703/44/3646
f 4676/42/3619 4703/44/3646 4704/42/3647
f 4673/58/3616 4677/60/3620 4705/60/3648
f 4673/58/3616 4705/60/3648 4700/58/3643
f 4678/28/3621 4670/30/3613 4698/30/3641
f 4678/28/3621 4698/30/3641 4706/28/3649
f 4679/20/3622 4672/22/3615 4694/22/3637
f 4679/20/3622 4694/22/3637 4693/20/3636
f 4677/60/3620 4680/62/3623 4707/62/3650
f 4677/60/3620 4707/62/3650 4705/60/3648
f 4681/6/3624 4674/8/3617 4702/8/3645
f 4681/6/3624 4702/8/3645 4708/6/3651
f 4682/40/3625 4676/42/3619 4704/42/3647
f 4682/40/3625 4704/42/3647 4709/40/3652
f 4680/62/3623 4683/64/3626 4710/64/3653
f 4680/62/3623 4710/64/3653 4707/62/3650
f 4684/26/3627 4678/28/3621 4706/28/3649
f 4684/26/3627 4706/28/3649 4711/26/3654
f 4685/18/3628 4679/20/3622 4693/20/3636
f 4685/18/3628 4693/20/3636 4712/18/3655
f 4683/64/3626 4686/66/3629 4713/66/3656
f 4683/64/3626 4713/66/3656 4710/64/3653
f 4687/4/3630 4681/6/3624 4708/6/3651
f 4687/4/3630 4708/6/3651 4714/4/3657
f 4688/38/3631 4682/40/3625 4709/40/3652
f 4688/38/3631 4709/40/3652 4715/38/3658
f 4671/24/3614 4684/26/3627 4711/26/3654
f 4671/24/3614 4711/26/3654 4699/24/3642
f 4689/16/3632 4685/18/3628 4712/18/3655
f 4689/16/3632 4712/18/3655 4716/16/3659
f 4690/1/3633 4687/4/3630 4714/4/3657
f 4690/1/3633 4714/4/3657 4717/1/3660
f 4691/36/3634 4688/38/3631 4715/38/3658
f 4691/36/3634 4715/38/3658 4718/36/3661
f 4675/44/3618 4692/46/3635 4719/46/3662
f 4675/44/3618 4719/46/3662 4703/44/3646
f 4664/14/3607 4689/16/3632 4716/16/3659
f 4664/14/3607 4716/16/3659 4720/14/3663
f 4692/46/3635 4630/48/3573 4721/48/3664
f 4692/46/3635 4721/48/3664 4719/46/3662
f 4667/34/3610 4691/36/3634 4718/36/3661
f 4667/34/3610 4718/36/3661 4722/34/3665
f 4630/48/3573 4629/50/3572 4723/50/3666
f 4630/48/3573 4723/50/3666 4721/48/3664
f 4665/12/3608 4664/14/3607 4720/14/3663
f 4665/12/3608 4720/14/3663 4724/12/3667
f 4629/50/3572 4666/52/3609 4725/52/3668
f 4629/50/3572 4725/52/3668 4723/50/3666
f 4668/32/3611 4667/34/3610 4722/34/3665
f 4668/32/3611 4722/34/3665 4697/32/3640
f 4666/52/3609 4660/54/3603 4663/54/3606
f 4666/52/3609 4663/54/3606 4725/52/3668
f 4669/10/3612 4665/12/3608 4724/12/3667
f 4669/10/3612 4724/12/3667 4701/10/3644
f 4726/38/3669 4727/40/3670 4728/40/3671
f 4726/38/3669 4728/40/3671 4729/38/3672
f 4705/60/3648 4707/62/3650 4730/62/3673
f 4705/60/3648 4730/62/3673 4731/60/3674
f 4708/6/3651 4702/8/3645 4732/8/3675
f 4708/6/3651 4732/8/3675 4733/6/3676
f 4709/40/3652 4704/42/3647 4734/42/3677
f 4709/40/3652 4734/42/3677 4727/40/3670
f 4707/62/3650 4710/64/3653 4735/64/3678
f 4707/62/3650 4735/64/3678 4730/62/3673
f 4711/26/3654 4706/28/3649 4736/28/3679
f 4711/26/3654 4736/28/3679 4737/26/3680
f 4712/18/3655 4693/20/3636 4696/20/3639
f 4712/18/3655 4696/20/3639 4738/18/3681
f 4710/64/3653 4713/66/3656 4739/66/3682
f 4710/64/3653 4739/66/3682 4735/64/3678
f 4714/4/3657 4708/6/3651 4733/6/3676
f 4714/4/3657 4733/6/3676 4740/4/3683
f 4715/38/3658 4709/40/3652 4727/40/3670
f 4715/38/3658 4727/40/3670 4726/38/3669
f 4699/24/3642 4711/26/3654 4737/26/3680
f 4699/24/3642 4737/26/3680 4741/24/3684
f 4716/16/3659 4712/18/3655 4738/18/3681
f 4716/16/3659 4738/18/3681 4742/16/3685
f 4717/1/3660 4714/4/3657 4740/4/3683
f 4717/1/3660 4740/4/3683 4743/1/3682
f 4718/36/3661 4715/38/3658 4726/38/3669
f 4718/36/3661 4726/38/3669 4744/36/3686
f 4703/44/3646 4719/46/3662 4745/46/3687
f 4703/44/3646 4745/46/3687 4746/44/3688
f 4720/14/3663 4716/16/3659 4742/16/3685
f 4720/14/3663 4742/16/3685 4747/14/3689
f 4719/46/3662 4721/48/3664 4748/48/3690
f 4719/46/3662 4748/48/3690 4745/46/3687
f 4722/34/3665 4718/36/3661 4744/36/3686
f 4722/34/3665 4744/36/3686 4749/34/3691
f 4721/48/3664 4723/50/3666 4750/50/3692
f 4721/48/3664 4750/50/3692 4748/48/3690
f 4724/12/3667 4720/14/3663 4747/14/3689
f 4724/12/3667 4747/14/3689 4751/12/3693
f 4723/50/3666 4725/52/3668 4752/52/3694
f 4723/50/3666 4752/52/3694 4750/50/3692
f 4697/32/3640 4722/34/3665 4749/34/3691
f 4697/32/3640 4749/34/3691 4753/32/3695
f 4725/52/3668 4663/54/3606 4754/54/3696
f 4725/52/3668 4754/54/3696 4752/52/3694
f 4701/10/3644 4724/12/3667 4751/12/3693
f 4701/10/3644 4751/12/3693 4755/10/3697
f 4663/54/3606 4662/56/3605 4756/56/3698
f 4663/54/3606 4756/56/3698 4754/54/3696
f 4698/30/3641 4697/32/3640 4753/32/3695
f 4698/30/3641 4753/32/3695 4757/30/3699
f 4694/22/3637 4699/24/3642 4741/24/3684
f 4694/22/3637 4741/24/3684 4695/22/3638
f 4662/56/3605 4700/58/3643 4758/58/3700
f 4662/56/3605 4758/58/3700 4756/56/3698
f 4702/8/3645 4701/10/3644 4755/10/3697
f 4702/8/3645 4755/10/3697 4732/8/3675
f 4704/42/3647 4703/44/3646 4746/44/3688
f 4704/42/3647 4746/44/3688 4734/42/3677
f 4700/58/3643 4705/60/3648 4731/60/3674
f 4700/58/3643 4731/60/3674 4758/58/3700
f 4706/28/3649 4698/30/3641 4757/30/3699
f 4706/28/3649 4757/30/3699 4736/28/3679
f 4759/14/3701 4760/16/3702 4761/16/3703
f 4759/14/3701 4761/16/3703 4762/14/3704
f 4741/24/3684 4737/26/3680 4763/26/3705
f 4741/24/3684 4763/26/3705 4764/24/3706
f 4742/16/3685 4738/18/3681 4765/18/3707
f 4742/16/3685 4765/18/3707 4760/16/3702
f 4743/1/3682 4740/4/3683 4766/4/3708
f 4743/1/3682 4766/4/3708 4767/1/3709
f 4744/36/3686 4726/38/3669 4729/38/3672
f 4744/36/3686 4729/38/3672 4768/36/3710
f 4746/44/3688 4745/46/3687 4769/46/3711
f 4746/44/3688 4769/46/3711 4770/44/3712
f 4747/14/3689 4742/16/3685 4760/16/3702
f 4747/14/3689 4760/16/3702 4759/14/3701
f 4745/46/3687 4748/48/3690 4771/48/3713
f 4745/46/3687 4771/48/3713 4769/46/3711
f 4749/34/3691 4744/36/3686 4768/36/3710
f 4749/34/3691 4768/36/3710 4772/34/3714
f 4748/48/3690 4750/50/3692 4773/50/3715
f 4748/48/3690 4773/50/3715 4771/48/3713
f 4751/12/3693 4747/14/3689 4759/14/3701
f 4751/12/3693 4759/14/3701 4774/12/3716
f 4750/50/3692 4752/52/3694 4775/52/3717
f 4750/50/3692 4775/52/3717 4773/50/3715
f 4753/32/3695 4749/34/3691 4772/34/3714
f 4753/32/3695 4772/34/3714 4776/32/3718
f 4752/52/3694 4754/54/3696 4777/54/3719
f 4752/52/3694 4777/54/3719 4775/52/3717
f 4755/10/3697 4751/12/3693 4774/12/3716
f 4755/10/3697 4774/12/3716 4778/10/3720
f 4754/54/3696 4756/56/3698 4779/56/3721
f 4754/54/3696 4779/56/3721 4777/54/3719
f 4757/30/3699 4753/32/3695 4776/32/3718
f 4757/30/3699 4776/32/3718 4780/30/3722
f 4695/22/3638 4741/24/3684 4764/24/3706
f 4695/22/3638 4764/24/3706 4781/22/3723
f 4756/56/3698 4758/58/3700 4782/58/3724
f 4756/56/3698 4782/58/3724 4779/56/3721
f 4732/8/3675 4755/10/3697 4778/10/3720
f 4732/8/3675 4778/10/3720 4783/8/3725
f 4734/42/3677 4746/44/3688 4770/44/3712
f 4734/42/3677 4770/44/3712 4784/42/3726
f 4758/58/3700 4731/60/3674 4785/60/3727
f 4758/58/3700 4785/60/3727 4782/58/3724
f 4736/28/3679 4757/30/3699 4780/30/3722
f 4736/28/3679 4780/30/3722 4786/28/3728
f 4696/20/3639 4695/22/3638 4781/22/3723
f 4696/20/3639 4781/22/3723 4787/20/3729
f 4731/60/3674 4730/62/3673 4788/62/3730
f 4731/60/3674 4788/62/3730 4785/60/3727
f 4733/6/3676 4732/8/3675 4783/8/3725
f 4733/6/3676 4783/8/3725 4789/6/3731
f 4727/40/3670 4734/42/3677 4784/42/3726
f 4727/40/3670 4784/42/3726 4728/40/3671
f 4730/62/3673 4735/64/3678 4790/64/3732
f 4730/62/3673 4790/64/3732 4788/62/3730
f 4737/26/3680 4736/28/3679 4786/28/3728
f 4737/26/3680 4786/28/3728 4763/26/3705
f 4738/18/3681 4696/20/3639 4787/20/3729
f 4738/18/3681 4787/20/3729 4765/18/3707
f 4735/64/3678 4739/66/3682 4791/66/3733
f 4735/64/3678 4791/66/3733 4790/64/3732
f 4740/4/3683 4733/6/3676 4789/6/3731
f 4740/4/3683 4789/6/3731 4766/4/3708
f 4792/32/3734 4793/34/3735 4794/34/3736
f 4792/32/3734 4794/34/3736 4795/32/3737
f 4769/46/3711 4771/48/3713 4796/48/3738
f 4769/46/3711 4796/48/3738 4797/46/3739
f 4772/34/3714 4768/36/3710 4798/36/3740
f 4772/34/3714 4798/36/3740 4793/34/3735
f 4771/48/3713 4773/50/3715 4799/50/3741
f 4771/48/3713 4799/50/3741 4796/48/3738
f 4774/12/3716 4759/14/3701 4762/14/3704
f 4774/12/3716 4762/14/3704 4800/12/3742
f 4773/50/3715 4775/52/3717 4801/52/3743
f 4773/50/3715 4801/52/3743 4799/50/3741
f 4776/32/3718 4772/34/3714 4793/34/3735
f 4776/32/3718 4793/34/3735 4792/32/3734
f 4775/52/3717 4777/54/3719 4802/54/3744
f 4775/52/3717 4802/54/3744 4801/52/3743
f 4778/10/3720 4774/12/3716 4800/12/3742
f 4778/10/3720 4800/12/3742 4803/10/3745
f 4777/54/3719 4779/56/3721 4804/56/3746
f 4777/54/3719 4804/56/3746 4802/54/3744
f 4780/30/3722 4776/32/3718 4792/32/3734
f 4780/30/3722 4792/32/3734 4805/30/3747
f 4781/22/3723 4764/24/3706 4806/24/3748
f 4781/22/3723 4806/24/3748 4807/22/3749
f 4779/56/3721 4782/58/3724 4808/58/3750
f 4779/56/3721 4808/58/3750 4804/56/3746
f 4783/8/3725 4778/10/3720 4803/10/3745
f 4783/8/3725 4803/10/3745 4809/8/3751
f 4784/42/3726 4770/44/3712 4810/44/3752
f 4784/42/3726 4810/44/3752 4811/42/3753
f 4782/58/3724 4785/60/3727 4812/60/3754
f 4782/58/3724 4812/60/3754 4808/58/3750
f 4786/28/3728 4780/30/3722 4805/30/3747
f 4786/28/3728 4805/30/3747 4813/28/3755
f 4787/20/3729 4781/22/3723 4807/22/3749
f 4787/20/3729 4807/22/3749 4814/20/3756
f 4785/60/3727 4788/62/3730 4815/62/3757
f 4785/60/3727 4815/62/3757 4812/60/3754
f 4789/6/3731 4783/8/3725 4809/8/3751
f 4789/6/3731 4809/8/3751 4816/6/3758
f 4728/40/3671 4784/42/3726 4811/42/3753
f 4728/40/3671 4811/42/3753 4817/40/3759
f 4788/62/3730 4790/64/3732 4818/64/3760
f 4788/62/3730 4818/64/3760 4815/62/3757
f 4763/26/3705 4786/28/3728 4813/28/3755
f 4763/26/3705 4813/28/3755 4819/26/3761
f 4765/18/3707 4787/20/3729 4814/20/3756
f 4765/18/3707 4814/20/3756 4820/18/3762
f 4790/64/3732 4791/66/3733 4821/66/3763
f 4790/64/3732 4821/66/3763 4818/64/3760
f 4766/4/3708 4789/6/3731 4816/6/3758
f 4766/4/3708 4816/6/3758 4822/4/3764
f 4729/38/3672 4728/40/3671 4817/40/3759
f 4729/38/3672 4817/40/3759 4823/38/3765
f 4764/24/3706 4763/26/3705 4819/26/3761
f 4764/24/3706 4819/26/3761 4806/24/3748
f 4760/16/3702 4765/18/3707 4820/18/3762
f 4760/16/3702 4820/18/3762 4761/16/3703
f 4767/1/3709 4766/4/3708 4822/4/3764
f 4767/1/3709 4822/4/3764 4824/1/3766
f 4768/36/3710 4729/38/3672 4823/38/3765
f 4768/36/3710 4823/38/3765 4798/36/3740
f 4770/44/3712 4769/46/3711 4797/46/3739
f 4770/44/3712 4797/46/3739 4810/44/3752
f 4825/8/3767 4826/10/3768 4827/10/3769
f 4825/8/3767 4827/10/3769 4828/8/3770
f 4801/52/3743 4802/54/3744 4829/54/3771
f 4801/52/3743 4829/54/3771 4830/52/3772
f 4803/10/3745 4800/12/3742 4831/12/3773
f 4803/10/3745 4831/12/3773 4826/10/3768
f 4802/54/3744 4804/56/3746 4832/56/3774
f 4802/54/3744 4832/56/3774 4829/54/3771
f 4805/30/3747 4792/32/3734 4795/32/3737
f 4805/30/3747 4795/32/3737 4833/30/3775
f 4807/22/3749 4806/24/3748 4834/24/3776
f 4807/22/3749 4834/24/3776 4835/22/3777
f 4804/56/3746 4808/58/3750 4836/58/3778
f 4804/56/3746 4836/58/3778 4832/56/3774
f 4809/8/3751 4803/10/3745 4826/10/3768
f 4809/8/3751 4826/10/3768 4825/8/3767
f 4811/42/3753 4810/44/3752 4837/44/3779
f 4811/42/3753 4837/44/3779 4838/42/3780
f 4808/58/3750 4812/60/3754 4839/60/3781
f 4808/58/3750 4839/60/3781 4836/58/3778
f 4813/28/3755 4805/30/3747 4833/30/3775
f 4813/28/3755 4833/30/3775 4840/28/3782
f 4814/20/3756 4807/22/3749 4835/22/3777
f 4814/20/3756 4835/22/3777 4841/20/3783
f 4812/60/3754 4815/62/3757 4842/62/3784
f 4812/60/3754 4842/62/3784 4839/60/3781
f 4816/6/3758 4809/8/3751 4825/8/3767
f 4816/6/3758 4825/8/3767 4843/6/3785
f 4817/40/3759 4811/42/3753 4838/42/3780
f 4817/40/3759 4838/42/3780 4844/40/3786
f 4815/62/3757 4818/64/3760 4845/64/3787
f 4815/62/3757 4845/64/3787 4842/62/3784
f 4819/26/3761 4813/28/3755 4840/28/3782
f 4819/26/3761 4840/28/3782 4846/26/3788
f 4820/18/3762 4814/20/3756 4841/20/3783
f 4820/18/3762 4841/20/3783 4847/18/3789
f 4818/64/3760 4821/66/3763 4848/66/3790
f 4818/64/3760 4848/66/3790 4845/64/3787
f 4822/4/3764 4816/6/3758 4843/6/3785
f 4822/4/3764 4843/6/3785 4849/4/3791
f 4823/38/3765 4817/40/3759 4844/40/3786
f 4823/38/3765 4844/40/3786 4850/38/3792
f 4806/24/3748 4819/26/3761 4846/26/3788
f 4806/24/3748 4846/26/3788 4834/24/3776
f 4761/16/3703 4820/18/3762 4847/18/3789
f 4761/16/3703 4847/18/3789 4851/16/3793
f 4824/1/3766 4822/4/3764 4849/4/3791
f 4824/1/3766 4849/4/3791 4852/1/3794
f 4798/36/3740 4823/38/3765 4850/38/3792
f 4798/36/3740 4850/38/3792 4853/36/3795
f 4810/44/3752 4797/46/3739 4854/46/3796
f 4810/44/3752 4854/46/3796 4837/44/3779
f 4762/14/3704 4761/16/3703 4851/16/3793
f 4762/14/3704 4851/16/3793 4855/14/3797
f 4797/46/3739 4796/48/3738 4856/48/3798
f 4797/46/3739 4856/48/3798 4854/46/3796
f 4793/34/3735 4798/36/3740 4853/36/3795
f 4793/34/3735 4853/36/3795 4794/34/3736
f 4796/48/3738 4799/50/3741 4857/50/3799
f 4796/48/3738 4857/50/3799 4856/48/3798
f 4800/12/3742 4762/14/3704 4855/14/3797
f 4800/12/3742 4855/14/3797 4831/12/3773
f 4799/50/3741 4801/52/3743 4830/52/3772
f 4799/50/3741 4830/52/3772 4857/50/3799
f 4858/26/3800 4859/28/3801 4860/28/3802
f 4858/26/3800 4860/28/3802 4861/26/3803
f 4838/42/3780 4837/44/3779 4862/44/3804
f 4838/42/3780 4862/44/3804 4863/42/3805
f 4836/58/3778 4839/60/3781 4864/60/3806
f 4836/58/3778 4864/60/3806 4865/58/3807
f 4840/28/3782 4833/30/3775 4866/30/3808
f 4840/28/3782 4866/30/3808 4859/28/3801
f 4841/20/3783 4835/22/3777 4867/22/3809
f 4841/20/3783 4867/22/3809 4868/20/3810
f 4839/60/3781 4842/62/3784 4869/62/3811
f 4839/60/3781 4869/62/3811 4864/60/3806
f 4843/6/3785 4825/8/3767 4828/8/3770
f 4843/6/3785 4828/8/3770 4870/6/3812
f 4844/40/3786 4838/42/3780 4863/42/3805
f 4844/40/3786 4863/42/3805 4871/40/3813
f 4842/62/3784 4845/64/3787 4872/64/3814
f 4842/62/3784 4872/64/3814 4869/62/3811
f 4846/26/3788 4840/28/3782 4859/28/3801
f 4846/26/3788 4859/28/3801 4858/26/3800
f 4847/18/3789 4841/20/3783 4868/20/3810
f 4847/18/3789 4868/20/3810 4873/18/3815
f 4845/64/3787 4848/66/3790 4874/66/3816
f 4845/64/3787 4874/66/3816 4872/64/3814
f 4849/4/3791 4843/6/3785 4870/6/3812
f 4849/4/3791 4870/6/3812 4875/4/3817
f 4850/38/3792 4844/40/3786 4871/40/3813
f 4850/38/3792 4871/40/3813 4876/38/3818
f 4834/24/3776 4846/26/3788 4858/26/3800
f 4834/24/3776 4858/26/3800 4877/24/3819
f 4851/16/3793 4847/18/3789 4873/18/3815
f 4851/16/3793 4873/18/3815 4878/16/3820
f 4852/1/3794 4849/4/3791 4875/4/3817
f 4852/1/3794 4875/4/3817 4879/1/3821
f 4853/36/3795 4850/38/3792 4876/38/3818
f 4853/36/3795 4876/38/3818 4880/36/3822
f 4837/44/3779 4854/46/3796 4881/46/3823
f 4837/44/3779 4881/46/3823 4862/44/3804
f 4855/14/3797 4851/16/3793 4878/16/3820
f 4855/14/3797 4878/16/3820 4882/14/3824
f 4854/46/3796 4856/48/3798 4883/48/3825
f 4854/46/3796 4883/48/3825 4881/46/3823
f 4794/34/3736 4853/36/3795 4880/36/3822
f 4794/34/3736 4880/36/3822 4884/34/3826
f 4856/48/3798 4857/50/3799 4885/50/3827
f 4856/48/3798 4885/50/3827 4883/48/3825
f 4831/12/3773 4855/14/3797 4882/14/3824
f 4831/12/3773 4882/14/3824 4886/12/3828
f 4857/50/3799 4830/52/3772 4887/52/3829
f 4857/50/3799 4887/52/3829 4885/50/3827
f 4795/32/3737 4794/34/3736 4884/34/3826
f 4795/32/3737 4884/34/3826 4888/32/3830
f 4830/52/3772 4829/54/3771 4889/54/3831
f 4830/52/3772 4889/54/3831 4887/52/3829
f 4826/10/3768 4831/12/3773 4886/12/3828
f 4826/10/3768 4886/12/3828 4827/10/3769
f 4829/54/3771 4832/56/3774 4890/56/3832
f 4829/54/3771 4890/56/3832 4889/54/3831
f 4833/30/3775 4795/32/3737 4888/32/3830
f 4833/30/3775 4888/32/3830 4866/30/3808
f 4835/22/3777 4834/24/3776 4877/24/3819
f 4835/22/3777 4877/24/3819 4867/22/3809
f 4832/56/3774 4836/58/3778 4865/58/3807
f 4832/56/3774 4865/58/3807 4890/56/3832
f 4891/1/1514 4892/4/3833 4893/4/3834
f 4891/1/1514 4893/4/3834 4894/1/3835
f 4873/18/3815 4868/20/3810 4895/20/3836
f 4873/18/3815 4895/20/3836 4896/18/3837
f 4872/64/3814 4874/66/3816 4897/66/3838
f 4872/64/3814 4897/66/3838 4898/64/3839
f 4875/4/3817 4870/6/3812 4899/6/3840
f 4875/4/3817 4899/6/3840 4892/4/3833
f 4876/38/3818 4871/40/3813 4900/40/3841
f 4876/38/3818 4900/40/3841 4901/38/3842
f 4877/24/3819 4858/26/3800 4861/26/3803
f 4877/24/3819 4861/26/3803 4902/24/3843
f 4878/16/3820 4873/18/3815 4896/18/3837
f 4878/16/3820 4896/18/3837 4903/16/3844
f 4879/1/3821 4875/4/3817 4892/4/3833
f 4879/1/3821 4892/4/3833 4891/1/1514
f 4880/36/3822 4876/38/3818 4901/38/3842
f 4880/36/3822 4901/38/3842 4904/36/3845
f 4862/44/3804 4881/46/3823 4905/46/3846
f 4862/44/3804 4905/46/3846 4906/44/3847
f 4882/14/3824 4878/16/3820 4903/16/3844
f 4882/14/3824 4903/16/3844 4907/14/3848
f 4881/46/3823 4883/48/3825 4908/48/3849
f 4881/46/3823 4908/48/3849 4905/46/3846
f 4884/34/3826 4880/36/3822 4904/36/3845
f 4884/34/3826 4904/36/3845 4909/34/3850
f 4883/48/3825 4885/50/3827 4910/50/3851
f 4883/48/3825 4910/50/3851 4908/48/3849
f 4886/12/3828 4882/14/3824 4907/14/3848
f 4886/12/3828 4907/14/3848 4911/12/3852
f 4885/50/3827 4887/52/3829 4912/52/3853
f 4885/50/3827 4912/52/3853 4910/50/3851
f 4888/32/3830 4884/34/3826 4909/34/3850
f 4888/32/3830 4909/34/3850 4913/32/3854
f 4887/52/3829 4889/54/3831 4914/54/3855
f 4887/52/3829 4914/54/3855 4912/52/3853
f 4827/10/3769 4886/12/3828 4911/12/3852
f 4827/10/3769 4911/12/3852 4915/10/3856
f 4889/54/3831 4890/56/3832 4916/56/3857
f 4889/54/3831 4916/56/3857 4914/54/3855
f 4866/30/3808 4888/32/3830 4913/32/3854
f 4866/30/3808 4913/32/3854 4917/30/3858
f 4867/22/3809 4877/24/3819 4902/24/3843
f 4867/22/3809 4902/24/3843 4918/22/3859
f 4890/56/3832 4865/58/3807 4919/58/3860
f 4890/56/3832 4919/58/3860 4916/56/3857
f 4828/8/3770 4827/10/3769 4915/10/3856
f 4828/8/3770 4915/10/3856 4920/8/3861
f 4863/42/3805 4862/44/3804 4906/44/3847
f 4863/42/3805 4906/44/3847 4921/42/3862
f 4865/58/3807 4864/60/3806 4922/60/3863
f 4865/58/3807 4922/60/3863 4919/58/3860
f 4859/28/3801 4866/30/3808 4917/30/3858
f 4859/28/3801 4917/30/3858 4860/28/3802
f 4868/20/3810 4867/22/3809 4918/22/3859
f 4868/20/3810 4918/22/3859 4895/20/3836
f 4864/60/3806 4869/62/3811 4923/62/3864
f 4864/60/3806 4923/62/3864 4922/60/3863
f 4870/6/3812 4828/8/3770 4920/8/3861
f 4870/6/3812 4920/8/3861 4899/6/3840
f 4871/40/3813 4863/42/3805 4921/42/3862
f 4871/40/3813 4921/42/3862 4900/40/3841
f 4869/62/3811 4872/64/3814 4898/64/3839
f 4869/62/3811 4898/64/3839 4923/62/3864
f 4924/48/3865 4925/50/3866 4926/50/3867
f 4924/48/3865 4926/50/3867 4927/48/3868
f 4904/36/3845 4901/38/3842 4928/38/3869
f 4904/36/3845 4928/38/3869 4929/36/3870
f 4906/44/3847 4905/46/3846 4930/46/3871
f 4906/44/3847 4930/46/3871 4931/44/3872
f 4907/14/3848 4903/16/3844 4932/16/3873
f 4907/14/3848 4932/16/3873 4933/14/3874
f 4905/46/3846 4908/48/3849 4924/48/3865
f 4905/46/3846 4924/48/3865 4930/46/3871
f 4909/34/3850 4904/36/3845 4929/36/3870
f 4909/34/3850 4929/36/3870 4934/34/3875
f 4908/48/3849 4910/50/3851 4925/50/3866
f 4908/48/3849 4925/50/3866 4924/48/3865
f 4911/12/3852 4907/14/3848 4933/14/3874
f 4911/12/3852 4933/14/3874 4935/12/3876
f 4910/50/3851 4912/52/3853 4936/52/3877
f 4910/50/3851 4936/52/3877 4925/50/3866
f 4913/32/3854 4909/34/3850 4934/34/3875
f 4913/32/3854 4934/34/3875 4937/32/3878
f 4912/52/3853 4914/54/3855 4938/54/3879
f 4912/52/3853 4938/54/3879 4936/52/3877
f 4915/10/3856 4911/12/3852 4935/12/3876
f 4915/10/3856 4935/12/3876 4939/10/3880
f 4914/54/3855 4916/56/3857 4940/56/3881
f 4914/54/3855 4940/56/3881 4938/54/3879
f 4917/30/3858 4913/32/3854 4937/32/3878
f 4917/30/3858 4937/32/3878 4941/30/3882
f 4918/22/3859 4902/24/3843 4942/24/3883
f 4918/22/3859 4942/24/3883 4943/22/3884
f 4916/56/3857 4919/58/3860 4944/58/3885
f 4916/56/3857 4944/58/3885 4940/56/3881
f 4920/8/3861 4915/10/3856 4939/10/3880
f 4920/8/3861 4939/10/3880 4945/8/3886
f 4921/42/3862 4906/44/3847 4931/44/3872
f 4921/42/3862 4931/44/3872 4946/42/3887
f 4919/58/3860 4922/60/3863 4947/60/3888
f 4919/58/3860 4947/60/3888 4944/58/3885
f 4860/28/3802 4917/30/3858 4941/30/3882
f 4860/28/3802 4941/30/3882 4948/28/3889
f 4895/20/3836 4918/22/3859 4943/22/3884
f 4895/20/3836 4943/22/3884 4949/20/3890
f 4922/60/3863 4923/62/3864 4950/62/3891
f 4922/60/3863 4950/62/3891 4947/60/3888
f 4899/6/3840 4920/8/3861 4945/8/3886
f 4899/6/3840 4945/8/3886 4951/6/3892
f 4900/40/3841 4921/42/3862 4946/42/3887
f 4900/40/3841 4946/42/3887 4952/40/3893
f 4923/62/3864 4898/64/3839 4953/64/3894
f 4923/62/3864 4953/64/3894 4950/62/3891
f 4861/26/3803 4860/28/3802 4948/28/3889
f 4861/26/3803 4948/28/3889 4954/26/3895
f 4896/18/3837 4895/20/3836 4949/20/3890
f 4896/18/3837 4949/20/3890 4955/18/3896
f 4898/64/3839 4897/66/3838 4956/66/3897
f 4898/64/3839 4956/66/3897 4953/64/3894
f 4892/4/3833 4899/6/3840 4951/6/3892
f 4892/4/3833 4951/6/3892 4893/4/3834
f 4901/38/3842 4900/40/3841 4952/40/3893
f 4901/38/3842 4952/40/3893 4928/38/3869
f 4902/24/3843 4861/26/3803 4954/26/3895
f 4902/24/3843 4954/26/3895 4942/24/3883
f 4903/16/3844 4896/18/3837 4955/18/3896
f 4903/16/3844 4955/18/3896 4932/16/3873
f 4957/19/3898 4958/17/3899 4959/18/3900
f 4957/19/3898 4959/18/3900 4960/20/3901
f 4935/12/3876 4933/14/3874 4961/14/3902
f 4935/12/3876 4961/14/3902 4962/12/3903
f 4925/50/3866 4936/52/3877 4963/52/3904
f 4925/50/3866 4963/52/3904 4926/50/3867
f 4937/32/3878 4934/34/3875 4964/34/3905
f 4937/32/3878 4964/34/3905 4965/32/3906
f 4936/52/3877 4938/54/3879 4966/54/3907
f 4936/52/3877 4966/54/3907 4963/52/3904
f 4939/10/3880 4935/12/3876 4962/12/3903
f 4939/10/3880 4962/12/3903 4967/10/3908
f 4938/54/3879 4940/56/3881 4968/56/3909
f 4938/54/3879 4968/56/3909 4966/54/3907
f 4941/30/3882 4937/32/3878 4965/32/3906
f 4941/30/3882 4965/32/3906 4969/30/3910
f 4943/22/3884 4942/24/3883 4970/24/3911
f 4943/22/3884 4970/24/3911 4971/22/3912
f 4940/56/3881 4944/58/3885 4972/58/3913
f 4940/56/3881 4972/58/3913 4968/56/3909
f 4945/8/3886 4939/10/3880 4967/10/3908
f 4945/8/3886 4967/10/3908 4973/8/3914
f 4946/42/3887 4931/44/3872 4974/44/3915
f 4946/42/3887 4974/44/3915 4975/42/3916
f 4944/58/3885 4947/60/3888 4976/60/3917
f 4944/58/3885 4976/60/3917 4972/58/3913
f 4948/28/3889 4941/30/3882 4969/30/3910
f 4948/28/3889 4969/30/3910 4977/28/3918
f 4949/20/3890 4943/22/3884 4971/22/3912
f 4949/20/3890 4971/22/3912 4960/20/3901
f 4947/60/3888 4950/62/3891 4978/62/3919
f 4947/60/3888 4978/62/3919 4976/60/3917
f 4951/6/3892 4945/8/3886 4973/8/3914
f 4951/6/3892 4973/8/3914 4979/6/3920
f 4952/40/3893 4946/42/3887 4975/42/3916
f 4952/40/3893 4975/42/3916 4980/40/3921
f 4950/62/3891 4953/64/3894 4981/64/3922
f 4950/62/3891 4981/64/3922 4978/62/3919
f 4954/26/3895 4948/28/3889 4977/28/3918
f 4954/26/3895 4977/28/3918 4982/26/3923
f 4955/18/3896 4949/20/3890 4960/20/3901
f 4955/18/3896 4960/20/3901 4959/18/3900
f 4953/64/3894 4956/66/3897 4983/66/3924
f 4953/64/3894 4983/66/3924 4981/64/3922
f 4893/4/3834 4951/6/3892 4979/6/3920
f 4893/4/3834 4979/6/3920 4984/4/3925
f 4928/38/3869 4952/40/3893 4980/40/3921
f 4928/38/3869 4980/40/3921 4985/38/3926
f 4942/24/3883 4954/26/3895 4982/26/3923
f 4942/24/3883 4982/26/3923 4970/24/3911
f 4932/16/3873 4955/18/3896 4959/18/3900
f 4932/16/3873 4959/18/3900 4986/16/3927
f 4894/1/3835 4893/4/3834 4984/4/3925
f 4894/1/3835 4984/4/3925 4987/1/3928
f 4929/36/3870 4928/38/3869 4985/38/3926
f 4929/36/3870 4985/38/3926 4988/36/3929
f 4931/44/3872 4930/46/3871 4989/46/3930
f 4931/44/3872 4989/46/3930 4974/44/3915
f 4933/14/3874 4932/16/3873 4986/16/3927
f 4933/14/3874 4986/16/3927 4961/14/3902
f 4930/46/3871 4924/48/3865 4927/48/3868
f 4930/46/3871 4927/48/3868 4989/46/3930
f 4934/34/3875 4929/36/3870 4988/36/3929
f 4934/34/3875 4988/36/3929 4964/34/3905
f 4990/61/3931 4991/59/3932 4992/59/3933
f 4990/61/3931 4992/59/3933 4993/61/3934
f 1922/31/16 1920/29/15 4994/29/3935
f 1922/31/16 4994/29/3935 4995/31/3936
f 1936/45/23 1934/43/22 4996/43/3937
f 1936/45/23 4996/43/3937 4997/45/3938
f 1959/63/32 1952/61/31 4990/61/3931
f 1959/63/32 4990/61/3931 4998/63/3939
f 1926/35/18 1924/33/17 4999/33/3940
f 1926/35/18 4999/33/3940 5000/35/3941
f 1957/5/3 1963/3/2 5001/3/3942
f 1957/5/3 5001/3/3942 5002/5/3943
f 1946/55/28 1944/53/27 5003/53/3944
f 1946/55/28 5003/53/3944 5004/55/3945
f 1930/39/20 1928/37/19 5005/37/3946
f 1930/39/20 5005/37/3946 5006/39/3947
f 1898/9/5 1897/7/4 5007/7/3948
f 1898/9/5 5007/7/3948 5008/9/3949
f 1938/47/24 1936/45/23 4997/45/3938
f 1938/47/24 4997/45/3938 5009/47/3950
f 1934/43/22 1932/41/21 5010/41/3951
f 1934/43/22 5010/41/3951 4996/43/3937
f 1960/65/33 1959/63/32 4998/63/3939
f 1960/65/33 4998/63/3939 5011/65/1639
f 1906/13/7 1905/11/6 5012/11/3952
f 1906/13/7 5012/11/3952 5013/13/3953
f 1916/25/13 1914/23/12 5014/23/3954
f 1916/25/13 5014/23/3954 5015/25/3955
f 1948/57/29 1946/55/28 5004/55/3945
f 1948/57/29 5004/55/3945 5016/57/3956
f 1909/17/9 1908/15/8 5017/15/3957
f 1909/17/9 5017/15/3957 1954/17/1553
f 1920/29/15 1918/27/14 5018/27/3958
f 1920/29/15 5018/27/3958 4994/29/3935
f 1940/49/25 1938/47/24 5009/47/3950
f 1940/49/25 5009/47/3950 5019/49/3959
f 1912/21/11 1910/19/10 1955/19/1554
f 1912/21/11 1955/19/1554 5020/21/3960
f 1924/33/17 1922/31/16 4995/31/3936
f 1924/33/17 4995/31/3936 4999/33/3940
f 1950/59/30 1948/57/29 5016/57/3956
f 1950/59/30 5016/57/3956 4991/59/3932
f 1928/37/19 1926/35/18 5000/35/3941
f 1928/37/19 5000/35/3941 5005/37/3946
f 1897/7/4 1957/5/3 5002/5/3943
f 1897/7/4 5002/5/3943 5007/7/3948
f 1942/51/26 1940/49/25 5019/49/3959
f 1942/51/26 5019/49/3959 5021/51/3961
f 1963/3/2 1965/2/1 5022/2/3962
f 1963/3/2 5022/2/3962 5001/3/3942
f 1932/41/21 1930/39/20 5006/39/3947
f 1932/41/21 5006/39/3947 5010/41/3951
f 1905/11/6 1898/9/5 5008/9/3949
f 1905/11/6 5008/9/3949 5012/11/3952
f 1914/23/12 1912/21/11 5020/21/3960
f 1914/23/12 5020/21/3960 5014/23/3954
f 1952/61/31 1950/59/30 4991/59/3932
f 1952/61/31 4991/59/3932 4990/61/3931
f 1908/15/8 1906/13/7 5013/13/3953
f 1908/15/8 5013/13/3953 5017/15/3957
f 1918/27/14 1916/25/13 5015/25/3955
f 1918/27/14 5015/25/3955 5018/27/3958
f 1944/53/27 1942/51/26 5021/51/3961
f 1944/53/27 5021/51/3961 5003/53/3944
f 5023/3/3963 5024/2/3964 5025/2/3965
f 5023/3/3963 5025/2/3965 5026/3/3966
f 5018/27/3958 5015/25/3955 5027/25/3967
f 5018/27/3958 5027/25/3967 5028/27/3968
f 1955/19/1554 1954/17/1553 5029/17/3969
f 1955/19/1554 5029/17/3969 5030/19/3970
f 4998/63/3939 4990/61/3931 4993/61/3934
f 4998/63/3939 4993/61/3934 5031/63/3971
f 5002/5/3943 5001/3/3942 5023/3/3963
f 5002/5/3943 5023/3/3963 5032/5/3972
f 5006/39/3947 5005/37/3946 5033/37/3973
f 5006/39/3947 5033/37/3973 5034/39/3974
f 5011/65/1639 4998/63/3939 5031/63/3971
f 5011/65/1639 5031/63/3971 5035/65/3975
f 5015/25/3955 5014/23/3954 5036/23/3976
f 5015/25/3955 5036/23/3976 5027/25/3967
f 1954/17/1553 5017/15/3957 5037/15/3977
f 1954/17/1553 5037/15/3977 5029/17/3969
f 5001/3/3942 5022/2/3962 5024/2/3964
f 5001/3/3942 5024/2/3964 5023/3/3963
f 5005/37/3946 5000/35/3941 5038/35/3978
f 5005/37/3946 5038/35/3978 5033/37/3973
f 5014/23/3954 5020/21/3960 5039/21/3979
f 5014/23/3954 5039/21/3979 5036/23/3976
f 5017/15/3957 5013/13/3953 5040/13/3980
f 5017/15/3957 5040/13/3980 5037/15/3977
f 4997/45/3938 4996/43/3937 5041/43/3981
f 4997/45/3938 5041/43/3981 5042/45/3982
f 5000/35/3941 4999/33/3940 5043/33/3983
f 5000/35/3941 5043/33/3983 5038/35/3978
f 5009/47/3950 4997/45/3938 5042/45/3982
f 5009/47/3950 5042/45/3982 5044/47/3984
f 5013/13/3953 5012/11/3952 5045/11/3985
f 5013/13/3953 5045/11/3985 5040/13/3980
f 5019/49/3959 5009/47/3950 5044/47/3984
f 5019/49/3959 5044/47/3984 5046/49/3986
f 4999/33/3940 4995/31/3936 5047/31/3987
f 4999/33/3940 5047/31/3987 5043/33/3983
f 5021/51/3961 5019/49/3959 5046/49/3986
f 5021/51/3961 5046/49/3986 5048/51/3988
f 5012/11/3952 5008/9/3949 5049/9/3989
f 5012/11/3952 5049/9/3989 5045/11/3985
f 5003/53/3944 5021/51/3961 5048/51/3988
f 5003/53/3944 5048/51/3988 5050/53/3990
f 4995/31/3936 4994/29/3935 5051/29/3991
f 4995/31/3936 5051/29/3991 5047/31/3987
f 5004/55/3945 5003/53/3944 5050/53/3990
f 5004/55/3945 5050/53/3990 5052/55/3992
f 5008/9/3949 5007/7/3948 5053/7/3993
f 5008/9/3949 5053/7/3993 5049/9/3989
f 4996/43/3937 5010/41/3951 5054/41/3994
f 4996/43/3937 5054/41/3994 5041/43/3981
f 5016/57/3956 5004/55/3945 5052/55/3992
f 5016/57/3956 5052/55/3992 5055/57/3995
f 4994/29/3935 5018/27/3958 5028/27/3968
f 4994/29/3935 5028/27/3968 5051/29/3991
f 5020/21/3960 1955/19/1554 5030/19/3970
f 5020/21/3960 5030/19/3970 5039/21/3979
f 4991/59/3932 5016/57/3956 5055/57/3995
f 4991/59/3932 5055/57/3995 4992/59/3933
f 5007/7/3948 5002/5/3943 5032/5/3972
f 5007/7/3948 5032/5/3972 5053/7/3993
f 5010/41/3951 5006/39/3947 5034/39/3974
f 5010/41/3951 5034/39/3974 5054/41/3994
f 5056/47/3996 5057/45/3997 5058/45/3998
f 5056/47/3996 5058/45/3998 5059/47/3999
f 5033/37/3973 5038/35/3978 5060/35/4000
f 5033/37/3973 5060/35/4000 5061/37/4001
f 5036/23/3976 5039/21/3979 5062/21/4002
f 5036/23/3976 5062/21/4002 5063/23/4003
f 5037/15/3977 5040/13/3980 5064/13/4004
f 5037/15/3977 5064/13/4004 5065/15/4005
f 5042/45/3982 5041/43/3981 5066/43/4006
f 5042/45/3982 5066/43/4006 5057/45/3997
f 5038/35/3978 5043/33/3983 5067/33/4007
f 5038/35/3978 5067/33/4007 5060/35/4000
f 5044/47/3984 5042/45/3982 5057/45/3997
f 5044/47/3984 5057/45/3997 5056/47/3996
f 5040/13/3980 5045/11/3985 5068/11/4008
f 5040/13/3980 5068/11/4008 5064/13/4004
f 5046/49/3986 5044/47/3984 5056/47/3996
f 5046/49/3986 5056/47/3996 5069/49/4009
f 5043/33/3983 5047/31/3987 5070/31/4010
f 5043/33/3983 5070/31/4010 5067/33/4007
f 5048/51/3988 5046/49/3986 5069/49/4009
f 5048/51/3988 5069/49/4009 5071/51/4011
f 5045/11/3985 5049/9/3989 5072/9/4012
f 5045/11/3985 5072/9/4012 5068/11/4008
f 5050/53/3990 5048/51/3988 5071/51/4011
f 5050/53/3990 5071/51/4011 5073/53/4013
f 5047/31/3987 5051/29/3991 5074/29/4014
f 5047/31/3987 5074/29/4014 5070/31/4010
f 5052/55/3992 5050/53/3990 5073/53/4013
f 5052/55/3992 5073/53/4013 5075/55/4015
f 5049/9/3989 5053/7/3993 5076/7/4016
f 5049/9/3989 5076/7/4016 5072/9/4012
f 5041/43/3981 5054/41/3994 5077/41/4017
f 5041/43/3981 5077/41/4017 5066/43/4006
f 5055/57/3995 5052/55/3992 5075/55/4015
f 5055/57/3995 5075/55/4015 5078/57/4018
f 5051/29/3991 5028/27/3968 5079/27/4019
f 5051/29/3991 5079/27/4019 5074/29/4014
f 5039/21/3979 5030/19/3970 5080/19/4020
f 5039/21/3979 5080/19/4020 5062/21/4002
f 4992/59/3933 5055/57/3995 5078/57/4018
f 4992/59/3933 5078/57/4018 5081/59/4021
f 5053/7/3993 5032/5/3972 5082/5/4022
f 5053/7/3993 5082/5/4022 5076/7/4016
f 5054/41/3994 5034/39/3974 5083/39/4023
f 5054/41/3994 5083/39/4023 5077/41/4017
f 4993/61/3934 4992/59/3933 5081/59/4021
f 4993/61/3934 5081/59/4021 5084/61/4024
f 5028/27/3968 5027/25/3967 5085/25/4025
f 5028/27/3968 5085/25/4025 5079/27/4019
f 5030/19/3970 5029/17/3969 5086/17/4026
f 5030/19/3970 5086/17/4026 5080/19/4020
f 5031/63/3971 4993/61/3934 5084/61/4024
f 5031/63/3971 5084/61/4024 5087/63/4027
f 5032/5/3972 5023/3/3963 5026/3/3966
f 5032/5/3972 5026/3/3966 5082/5/4022
f 5034/39/3974 5033/37/3973 5061/37/4001
f 5034/39/3974 5061/37/4001 5083/39/4023
f 5035/65/3975 5031/63/3971 5087/63/4027
f 5035/65/3975 5087/63/4027 5088/65/4028
f 5027/25/3967 5036/23/3976 5063/23/4003
f 5027/25/3967 5063/23/4003 5085/25/4025
f 5029/17/3969 5037/15/3977 5065/15/4005
f 5029/17/3969 5065/15/4005 5086/17/4026
f 5089/53/4029 5090/51/4030 5091/51/4031
f 5089/53/4029 5091/51/4031 5092/53/4032
f 5064/13/4004 5068/11/4008 5093/11/4033
f 5064/13/4004 5093/11/4033 5094/13/4034
f 5069/49/4009 5056/47/3996 5059/47/3999
f 5069/49/4009 5059/47/3999 5095/49/4035
f 5067/33/4007 5070/31/4010 5096/31/4036
f 5067/33/4007 5096/31/4036 5097/33/4037
f 5071/51/4011 5069/49/4009 5095/49/4035
f 5071/51/4011 5095/49/4035 5090/51/4030
f 5068/11/4008 5072/9/4012 5098/9/4038
f 5068/11/4008 5098/9/4038 5093/11/4033
f 5073/53/4013 5071/51/4011 5090/51/4030
f 5073/53/4013 5090/51/4030 5089/53/4029
f 5070/31/4010 5074/29/4014 5099/29/4039
f 5070/31/4010 5099/29/4039 5096/31/4036
f 5075/55/4015 5073/53/4013 5089/53/4029
f 5075/55/4015 5089/53/4029 5100/55/4040
f 5072/9/4012 5076/7/4016 5101/7/4041
f 5072/9/4012 5101/7/4041 5098/9/4038
f 5066/43/4006 5077/41/4017 5102/41/4042
f 5066/43/4006 5102/41/4042 5103/43/4043
f 5078/57/4018 5075/55/4015 5100/55/4040
f 5078/57/4018 5100/55/4040 5104/57/4044
f 5074/29/4014 5079/27/4019 5105/27/4045
f 5074/29/4014 5105/27/4045 5099/29/4039
f 5062/21/4002 5080/19/4020 5106/19/4046
f 5062/21/4002 5106/19/4046 5107/21/4047
f 5081/59/4021 5078/57/4018 5104/57/4044
f 5081/59/4021 5104/57/4044 5108/59/4048
f 5076/7/4016 5082/5/4022 5109/5/4049
f 5076/7/4016 5109/5/4049 5101/7/4041
f 5077/41/4017 5083/39/4023 5110/39/4050
f 5077/41/4017 5110/39/4050 5102/41/4042
f 5084/61/4024 5081/59/4021 5108/59/4048
f 5084/61/4024 5108/59/4048 5111/61/4051
f 5079/27/4019 5085/25/4025 5112/25/4052
f 5079/27/4019 5112/25/4052 5105/27/4045
f 5080/19/4020 5086/17/4026 5113/17/4053
f 5080/19/4020 5113/17/4053 5106/19/4046
f 5087/63/4027 5084/61/4024 5111/61/4051
f 5087/63/4027 5111/61/4051 5114/63/4054
f 5082/5/4022 5026/3/3966 5115/3/4055
f 5082/5/4022 5115/3/4055 5109/5/4049
f 5083/39/4023 5061/37/4001 5116/37/4056
f 5083/39/4023 5116/37/4056 5110/39/4050
f 5088/65/4028 5087/63/4027 5114/63/4054
f 5088/65/4028 5114/63/4054 5117/65/4057
f 5085/25/4025 5063/23/4003 5118/23/4058
f 5085/25/4025 5118/23/4058 5112/25/4052
f 5086/17/4026 5065/15/4005 5119/15/4059
f 5086/17/4026 5119/15/4059 5113/17/4053
f 5026/3/3966 5025/2/3965 5120/2/4060
f 5026/3/3966 5120/2/4060 5115/3/4055
f 5061/37/4001 5060/35/4000 5121/35/4061
f 5061/37/4001 5121/35/4061 5116/37/4056
f 5063/23/4003 5062/21/4002 5107/21/4047
f 5063/23/4003 5107/21/4047 5118/23/4058
f 5065/15/4005 5064/13/4004 5094/13/4034
f 5065/15/4005 5094/13/4034 5119/15/4059
f 5057/45/3997 5066/43/4006 5103/43/4043
f 5057/45/3997 5103/43/4043 5058/45/3998
f 5060/35/4000 5067/33/4007 5097/33/4037
f 5060/35/4000 5097/33/4037 5121/35/4061
f 5122/13/4062 5123/11/4063 5124/11/4064
f 5122/13/4062 5124/11/4064 5125/13/4065
f 5096/31/4036 5099/29/4039 5126/29/4066
f 5096/31/4036 5126/29/4066 5127/31/4067
f 5100/55/4040 5089/53/4029 5092/53/4032
f 5100/55/4040 5092/53/4032 5128/55/4068
f 5098/9/4038 5101/7/4041 5129/7/4069
f 5098/9/4038 5129/7/4069 5130/9/4070
f 5103/43/4043 5102/41/4042 5131/41/4071
f 5103/43/4043 5131/41/4071 5132/43/4072
f 5104/57/4044 5100/55/4040 5128/55/4068
f 5104/57/4044 5128/55/4068 5133/57/4073
f 5099/29/4039 5105/27/4045 5134/27/4074
f 5099/29/4039 5134/27/4074 5126/29/4066
f 5107/21/4047 5106/19/4046 5135/19/4075
f 5107/21/4047 5135/19/4075 5136/21/4076
f 5108/59/4048 5104/57/4044 5133/57/4073
f 5108/59/4048 5133/57/4073 5137/59/4077
f 5101/7/4041 5109/5/4049 5138/5/4078
f 5101/7/4041 5138/5/4078 5129/7/4069
f 5102/41/4042 5110/39/4050 5139/39/4079
f 5102/41/4042 5139/39/4079 5131/41/4071
f 5111/61/4051 5108/59/4048 5137/59/4077
f 5111/61/4051 5137/59/4077 5140/61/4080
f 5105/27/4045 5112/25/4052 5141/25/4081
f 5105/27/4045 5141/25/4081 5134/27/4074
f 5106/19/4046 5113/17/4053 5142/17/4082
f 5106/19/4046 5142/17/4082 5135/19/4075
f 5114/63/4054 5111/61/4051 5140/61/4080
f 5114/63/4054 5140/61/4080 5143/63/4083
f 5109/5/4049 5115/3/4055 5144/3/4084
f 5109/5/4049 5144/3/4084 5138/5/4078
f 5110/39/4050 5116/37/4056 5145/37/4085
f 5110/39/4050 5145/37/4085 5139/39/4079
f 5117/65/4057 5114/63/4054 5143/63/4083
f 5117/65/4057 5143/63/4083 5146/65/4086
f 5112/25/4052 5118/23/4058 5147/23/4087
f 5112/25/4052 5147/23/4087 5141/25/4081
f 5113/17/4053 5119/15/4059 5148/15/4088
f 5113/17/4053 5148/15/4088 5142/17/4082
f 5115/3/4055 5120/2/4060 5149/2/4089
f 5115/3/4055 5149/2/4089 5144/3/4084
f 5116/37/4056 5121/35/4061 5150/35/4090
f 5116/37/4056 5150/35/4090 5145/37/4085
f 5118/23/4058 5107/21/4047 5136/21/4076
f 5118/23/4058 5136/21/4076 5147/23/4087
f 5119/15/4059 5094/13/4034 5122/13/4062
f 5119/15/4059 5122/13/4062 5148/15/4088
f 5058/45/3998 5103/43/4043 5132/43/4072
f 5058/45/3998 5132/43/4072 5151/45/4091
f 5121/35/4061 5097/33/4037 5152/33/4092
f 5121/35/4061 5152/33/4092 5150/35/4090
f 5059/47/3999 5058/45/3998 5151/45/4091
f 5059/47/3999 5151/45/4091 5153/47/4093
f 5094/13/4034 5093/11/4033 5123/11/4063
f 5094/13/4034 5123/11/4063 5122/13/4062
f 5095/49/4035 5059/47/3999 5153/47/4093
f 5095/49/4035 5153/47/4093 5154/49/4094
f 5097/33/4037 5096/31/4036 5127/31/4067
f 5097/33/4037 5127/31/4067 5152/33/4092
f 5090/51/4030 5095/49/4035 5154/49/4094
f 5090/51/4030 5154/49/4094 5091/51/4031
f 5093/11/4033 5098/9/4038 5130/9/4070
f 5093/11/4033 5130/9/4070 5123/11/4063
f 5155/31/4095 5156/29/4096 5157/29/4097
f 5155/31/4095 5157/29/4097 5158/31/4098
f 5154/49/4094 5153/47/4093 5159/47/4099
f 5154/49/4094 5159/47/4099 5160/49/4100
f 5152/33/4092 5127/31/4067 5155/31/4095
f 5152/33/4092 5155/31/4095 5161/33/4101
f 5091/51/4031 5154/49/4094 5160/49/4100
f 5091/51/4031 5160/49/4100 5162/51/4102
f 5123/11/4063 5130/9/4070 5163/9/4103
f 5123/11/4063 5163/9/4103 5124/11/4064
f 5092/53/4032 5091/51/4031 5162/51/4102
f 5092/53/4032 5162/51/4102 5164/53/4104
f 5127/31/4067 5126/29/4066 5156/29/4096
f 5127/31/4067 5156/29/4096 5155/31/4095
f 5128/55/4068 5092/53/4032 5164/53/4104
f 5128/55/4068 5164/53/4104 5165/55/4105
f 5130/9/4070 5129/7/4069 5166/7/4106
f 5130/9/4070 5166/7/4106 5163/9/4103
f 5132/43/4072 5131/41/4071 5167/41/4107
f 5132/43/4072 5167/41/4107 5168/43/4108
f 5133/57/4073 5128/55/4068 5165/55/4105
f 5133/57/4073 5165/55/4105 5169/57/4109
f 5126/29/4066 5134/27/4074 5170/27/4110
f 5126/29/4066 5170/27/4110 5156/29/4096
f 5136/21/4076 5135/19/4075 5171/19/4111
f 5136/21/4076 5171/19/4111 5172/21/4112
f 5137/59/4077 5133/57/4073 5169/57/4109
f 5137/59/4077 5169/57/4109 5173/59/4113
f 5129/7/4069 5138/5/4078 5174/5/4114
f 5129/7/4069 5174/5/4114 5166/7/4106
f 5131/41/4071 5139/39/4079 5175/39/4115
f 5131/41/4071 5175/39/4115 5167/41/4107
f 5140/61/4080 5137/59/4077 5173/59/4113
f 5140/61/4080 5173/59/4113 5176/61/4116
f 5134/27/4074 5141/25/4081 5177/25/4117
f 5134/27/4074 5177/25/4117 5170/27/4110
f 5135/19/4075 5142/17/4082 5178/17/4118
f 5135/19/4075 5178/17/4118 5171/19/4111
f 5143/63/4083 5140/61/4080 5176/61/4116
f 5143/63/4083 5176/61/4116 5179/63/4119
f 5138/5/4078 5144/3/4084 5180/3/4120
f 5138/5/4078 5180/3/4120 5174/5/4114
f 5139/39/4079 5145/37/4085 5181/37/4121
f 5139/39/4079 5181/37/4121 5175/39/4115
f 5146/65/4086 5143/63/4083 5179/63/4119
f 5146/65/4086 5179/63/4119 5182/65/4122
f 5141/25/4081 5147/23/4087 5183/23/4123
f 5141/25/4081 5183/23/4123 5177/25/4117
f 5142/17/4082 5148/15/4088 5184/15/4124
f 5142/17/4082 5184/15/4124 5178/17/4118
f 5144/3/4084 5149/2/4089 5185/2/4122
f 5144/3/4084 5185/2/4122 5180/3/4120
f 5145/37/4085 5150/35/4090 5186/35/4125
f 5145/37/4085 5186/35/4125 5181/37/4121
f 5147/23/4087 5136/21/4076 5172/21/4112
f 5147/23/4087 5172/21/4112 5183/23/4123
f 5148/15/4088 5122/13/4062 5125/13/4065
f 5148/15/4088 5125/13/4065 5184/15/4124
f 5151/45/4091 5132/43/4072 5168/43/4108
f 5151/45/4091 5168/43/4108 5187/45/4126
f 5150/35/4090 5152/33/4092 5161/33/4101
f 5150/35/4090 5161/33/4101 5186/35/4125
f 5153/47/4093 5151/45/4091 5187/45/4126
f 5153/47/4093 5187/45/4126 5159/47/4099
f 5188/7/4127 5189/5/4128 5190/5/4129
f 5188/7/4127 5190/5/4129 5191/7/4130
f 5165/55/4105 5164/53/4104 5192/53/4131
f 5165/55/4105 5192/53/4131 5193/55/4132
f 5163/9/4103 5166/7/4106 5188/7/4127
f 5163/9/4103 5188/7/4127 5194/9/4133
f 5168/43/4108 5167/41/4107 5195/41/4134
f 5168/43/4108 5195/41/4134 5196/43/4135
f 5169/57/4109 5165/55/4105 5193/55/4132
f 5169/57/4109 5193/55/4132 5197/57/4136
f 5156/29/4096 5170/27/4110 5198/27/4137
f 5156/29/4096 5198/27/4137 5157/29/4097
f 5172/21/4112 5171/19/4111 5199/19/4138
f 5172/21/4112 5199/19/4138 5200/21/4139
f 5173/59/4113 5169/57/4109 5197/57/4136
f 5173/59/4113 5197/57/4136 5201/59/4140
f 5166/7/4106 5174/5/4114 5189/5/4128
f 5166/7/4106 5189/5/4128 5188/7/4127
f 5167/41/4107 5175/39/4115 5202/39/4141
f 5167/41/4107 5202/39/4141 5195/41/4134
f 5176/61/4116 5173/59/4113 5201/59/4140
f 5176/61/4116 5201/59/4140 5203/61/4142
f 5170/27/4110 5177/25/4117 5204/25/4143
f 5170/27/4110 5204/25/4143 5198/27/4137
f 5171/19/4111 5178/17/4118 5205/17/4144
f 5171/19/4111 5205/17/4144 5199/19/4138
f 5179/63/4119 5176/61/4116 5203/61/4142
f 5179/63/4119 5203/61/4142 5206/63/4145
f 5174/5/4114 5180/3/4120 5207/3/4146
f 5174/5/4114 5207/3/4146 5189/5/4128
f 5175/39/4115 5181/37/4121 5208/37/4147
f 5175/39/4115 5208/37/4147 5202/39/4141
f 5182/65/4122 5179/63/4119 5206/63/4145
f 5182/65/4122 5206/63/4145 5209/65/4148
f 5177/25/4117 5183/23/4123 5210/23/4149
f 5177/25/4117 5210/23/4149 5204/25/4143
f 5178/17/4118 5184/15/4124 5211/15/4150
f 5178/17/4118 5211/15/4150 5205/17/4144
f 5180/3/4120 5185/2/4122 5212/2/4148
f 5180/3/4120 5212/2/4148 5207/3/4146
f 5181/37/4121 5186/35/4125 5213/35/4151
f 5181/37/4121 5213/35/4151 5208/37/4147
f 5183/23/4123 5172/21/4112 5200/21/4139
f 5183/23/4123 5200/21/4139 5210/23/4149
f 5184/15/4124 5125/13/4065 5214/13/4152
f 5184/15/4124 5214/13/4152 5211/15/4150
f 5187/45/4126 5168/43/4108 5196/43/4135
f 5187/45/4126 5196/43/4135 5215/45/4153
f 5186/35/4125 5161/33/4101 5216/33/4154
f 5186/35/4125 5216/33/4154 5213/35/4151
f 5159/47/4099 5187/45/4126 5215/45/4153
f 5159/47/4099 5215/45/4153 5217/47/4155
f 5125/13/4065 5124/11/4064 5218/11/4156
f 5125/13/4065 5218/11/4156 5214/13/4152
f 5160/49/4100 5159/47/4099 5217/47/4155
f 5160/49/4100 5217/47/4155 5219/49/4157
f 5161/33/4101 5155/31/4095 5158/31/4098
f 5161/33/4101 5158/31/4098 5216/33/4154
f 5162/51/4102 5160/49/4100 5219/49/4157
f 5162/51/4102 5219/49/4157 5220/51/4158
f 5124/11/4064 5163/9/4103 5194/9/4133
f 5124/11/4064 5194/9/4133 5218/11/4156
f 5164/53/4104 5162/51/4102 5220/51/4158
f 5164/53/4104 5220/51/4158 5192/53/4131
f 5221/9/4159 5191/7/4130 5222/7/4160
f 5221/9/4159 5222/7/4160 5223/9/4161
f 5195/41/4134 5202/39/4141 5224/39/4162
f 5195/41/4134 5224/39/4162 5225/41/4163
f 5203/61/4142 5201/59/4140 5226/59/4164
f 5203/61/4142 5226/59/4164 5227/61/4165
f 5198/27/4137 5204/25/4143 5228/25/4166
f 5198/27/4137 5228/25/4166 5229/27/4167
f 5199/19/4138 5205/17/4144 5230/17/4168
f 5199/19/4138 5230/17/4168 5231/19/4169
f 5206/63/4145 5203/61/4142 5227/61/4165
f 5206/63/4145 5227/61/4165 5232/63/4170
f 5189/5/4128 5207/3/4146 5233/3/4171
f 5189/5/4128 5233/3/4171 5190/5/4129
f 5202/39/4141 5208/37/4147 5234/37/4172
f 5202/39/4141 5234/37/4172 5224/39/4162
f 5209/65/4148 5206/63/4145 5232/63/4170
f 5209/65/4148 5232/63/4170 5235/65/4173
f 5204/25/4143 5210/23/4149 5236/23/4174
f 5204/25/4143 5236/23/4174 5228/25/4166
f 5205/17/4144 5211/15/4150 5237/15/4175
f 5205/17/4144 5237/15/4175 5230/17/4168
f 5207/3/4146 5212/2/4148 5238/2/4173
f 5207/3/4146 5238/2/4173 5233/3/4171
f 5208/37/4147 5213/35/4151 5239/35/4176
f 5208/37/4147 5239/35/4176 5234/37/4172
f 5210/23/4149 5200/21/4139 5240/21/4177
f 5210/23/4149 5240/21/4177 5236/23/4174
f 5211/15/4150 5214/13/4152 5241/13/4178
f 5211/15/4150 5241/13/4178 5237/15/4175
f 5215/45/4153 5196/43/4135 5242/43/4179
f 5215/45/4153 5242/43/4179 5243/45/4180
f 5213/35/4151 5216/33/4154 5244/33/4181
f 5213/35/4151 5244/33/4181 5239/35/4176
f 5217/47/4155 5215/45/4153 5243/45/4180
f 5217/47/4155 5243/45/4180 5245/47/4182
f 5214/13/4152 5218/11/4156 5246/11/4183
f 5214/13/4152 5246/11/4183 5241/13/4178
f 5219/49/4157 5217/47/4155 5245/47/4182
f 5219/49/4157 5245/47/4182 5247/49/4184
f 5216/33/4154 5158/31/4098 5248/31/4185
f 5216/33/4154 5248/31/4185 5244/33/4181
f 5220/51/4158 5219/49/4157 5247/49/4184
f 5220/51/4158 5247/49/4184 5249/51/4186
f 5218/11/4156 5194/9/4133 5221/9/4159
f 5218/11/4156 5221/9/4159 5246/11/4183
f 5192/53/4131 5220/51/4158 5249/51/4186
f 5192/53/4131 5249/51/4186 5250/53/4187
f 5158/31/4098 5157/29/4097 5251/29/4188
f 5158/31/4098 5251/29/4188 5248/31/4185
f 5193/55/4132 5192/53/4131 5250/53/4187
f 5193/55/4132 5250/53/4187 5252/55/4189
f 5194/9/4133 5188/7/4127 5191/7/4130
f 5194/9/4133 5191/7/4130 5221/9/4159
f 5196/43/4135 5195/41/4134 5225/41/4163
f 5196/43/4135 5225/41/4163 5242/43/4179
f 5197/57/4136 5193/55/4132 5252/55/4189
f 5197/57/4136 5252/55/4189 5253/57/4190
f 5157/29/4097 5198/27/4137 5229/27/4167
f 5157/29/4097 5229/27/4167 5251/29/4188
f 5200/21/4139 5199/19/4138 5231/19/4169
f 5200/21/4139 5231/19/4169 5240/21/4177
f 5201/59/4140 5197/57/4136 5253/57/4190
f 5201/59/4140 5253/57/4190 5226/59/4164
f 5254/51/4191 5255/49/4192 5256/49/4193
f 5254/51/4191 5256/49/4193 5257/51/4194
f 5242/43/4179 5225/41/4163 5258/41/4195
f 5242/43/4179 5258/41/4195 5259/43/4196
f 5253/57/4190 5252/55/4189 5260/55/4197
f 5253/57/4190 5260/55/4197 5261/57/4198
f 5251/29/4188 5229/27/4167 5262/27/4199
f 5251/29/4188 5262/27/4199 5263/29/4200
f 5240/21/4177 5231/19/4169 5264/19/4201
f 5240/21/4177 5264/19/4201 5265/21/4202
f 5226/59/4164 5253/57/4190 5261/57/4198
f 5226/59/4164 5261/57/4198 5266/59/4203
f 5191/7/4130 5190/5/4129 5267/5/4204
f 5191/7/4130 5267/5/4204 5222/7/4160
f 5225/41/4163 5224/39/4162 5268/39/4205
f 5225/41/4163 5268/39/4205 5258/41/4195
f 5227/61/4165 5226/59/4164 5266/59/4203
f 5227/61/4165 5266/59/4203 5269/61/4206
f 5229/27/4167 5228/25/4166 5270/25/4207
f 5229/27/4167 5270/25/4207 5262/27/4199
f 5231/19/4169 5230/17/4168 5271/17/4208
f 5231/19/4169 5271/17/4208 5264/19/4201
f 5232/63/4170 5227/61/4165 5269/61/4206
f 5232/63/4170 5269/61/4206 5272/63/4209
f 5190/5/4129 5233/3/4171 5273/3/4210
f 5190/5/4129 5273/3/4210 5267/5/4204
f 5224/39/4162 5234/37/4172 5274/37/4211
f 5224/39/4162 5274/37/4211 5268/39/4205
f 5235/65/4173 5232/63/4170 5272/63/4209
f 5235/65/4173 5272/63/4209 5275/65/4212
f 5228/25/4166 5236/23/4174 5276/23/4213
f 5228/25/4166 5276/23/4213 5270/25/4207
f 5230/17/4168 5237/15/4175 5277/15/4214
f 5230/17/4168 5277/15/4214 5271/17/4208
f 5233/3/4171 5238/2/4173 5278/2/4212
f 5233/3/4171 5278/2/4212 5273/3/4210
f 5234/37/4172 5239/35/4176 5279/35/4215
f 5234/37/4172 5279/35/4215 5274/37/4211
f 5236/23/4174 5240/21/4177 5265/21/4202
f 5236/23/4174 5265/21/4202 5276/23/4213
f 5237/15/4175 5241/13/4178 5280/13/4216
f 5237/15/4175 5280/13/4216 5277/15/4214
f 5243/45/4180 5242/43/4179 5259/43/4196
f 5243/45/4180 5259/43/4196 5281/45/4217
f 5239/35/4176 5244/33/4181 5282/33/4218
f 5239/35/4176 5282/33/4218 5279/35/4215
f 5245/47/4182 5243/45/4180 5281/45/4217
f 5245/47/4182 5281/45/4217 5283/47/4219
f 5241/13/4178 5246/11/4183 5284/11/4220
f 5241/13/4178 5284/11/4220 5280/13/4216
f 5247/49/4184 5245/47/4182 5283/47/4219
f 5247/49/4184 5283/47/4219 5255/49/4192
f 5244/33/4181 5248/31/4185 5285/31/4221
f 5244/33/4181 5285/31/4221 5282/33/4218
f 5249/51/4186 5247/49/4184 5255/49/4192
f 5249/51/4186 5255/49/4192 5254/51/4191
f 5246/11/4183 5221/9/4159 5223/9/4161
f 5246/11/4183 5223/9/4161 5284/11/4220
f 5250/53/4187 5249/51/4186 5254/51/4191
f 5250/53/4187 5254/51/4191 5286/53/4222
f 5248/31/4185 5251/29/4188 5263/29/4200
f 5248/31/4185 5263/29/4200 5285/31/4221
f 5252/55/4189 5250/53/4187 5286/53/4222
f 5252/55/4189 5286/53/4222 5260/55/4197
f 5287/57/4223 5288/55/4224 5289/55/4225
f 5287/57/4223 5289/55/4225 5290/57/4226
f 5284/11/4220 5223/9/4161 5291/9/4227
f 5284/11/4220 5291/9/4227 5292/11/4228
f 5286/53/4222 5254/51/4191 5257/51/4194
f 5286/53/4222 5257/51/4194 5293/53/4229
f 5285/31/4221 5263/29/4200 5294/29/4230
f 5285/31/4221 5294/29/4230 5295/31/4231
f 5260/55/4197 5286/53/4222 5293/53/4229
f 5260/55/4197 5293/53/4229 5288/55/4224
f 5223/9/4161 5222/7/4160 5296/7/4232
f 5223/9/4161 5296/7/4232 5291/9/4227
f 5259/43/4196 5258/41/4195 5297/41/4233
f 5259/43/4196 5297/41/4233 5298/43/4234
f 5261/57/4198 5260/55/4197 5288/55/4224
f 5261/57/4198 5288/55/4224 5287/57/4223
f 5263/29/4200 5262/27/4199 5299/27/4235
f 5263/29/4200 5299/27/4235 5294/29/4230
f 5265/21/4202 5264/19/4201 5300/19/4236
f 5265/21/4202 5300/19/4236 5301/21/4237
f 5266/59/4203 5261/57/4198 5287/57/4223
f 5266/59/4203 5287/57/4223 5302/59/4238
f 5222/7/4160 5267/5/4204 5303/5/4239
f 5222/7/4160 5303/5/4239 5296/7/4232
f 5258/41/4195 5268/39/4205 5304/39/4240
f 5258/41/4195 5304/39/4240 5297/41/4233
f 5269/61/4206 5266/59/4203 5302/59/4238
f 5269/61/4206 5302/59/4238 5305/61/4241
f 5262/27/4199 5270/25/4207 5306/25/4242
f 5262/27/4199 5306/25/4242 5299/27/4235
f 5264/19/4201 5271/17/4208 5307/17/4243
f 5264/19/4201 5307/17/4243 5300/19/4236
f 5272/63/4209 5269/61/4206 5305/61/4241
f 5272/63/4209 5305/61/4241 5308/63/4244
f 5267/5/4204 5273/3/4210 5309/3/4245
f 5267/5/4204 5309/3/4245 5303/5/4239
f 5268/39/4205 5274/37/4211 5310/37/4246
f 5268/39/4205 5310/37/4246 5304/39/4240
f 5275/65/4212 5272/63/4209 5308/63/4244
f 5275/65/4212 5308/63/4244 5311/65/4247
f 5270/25/4207 5276/23/4213 5312/23/4248
f 5270/25/4207 5312/23/4248 5306/25/4242
f 5271/17/4208 5277/15/4214 5313/15/4249
f 5271/17/4208 5313/15/4249 5307/17/4243
f 5273/3/4210 5278/2/4212 5314/2/4250
f 5273/3/4210 5314/2/4250 5309/3/4245
f 5274/37/4211 5279/35/4215 5315/35/4251
f 5274/37/4211 5315/35/4251 5310/37/4246
f 5276/23/4213 5265/21/4202 5301/21/4237
f 5276/23/4213 5301/21/4237 5312/23/4248
f 5277/15/4214 5280/13/4216 5316/13/4252
f 5277/15/4214 5316/13/4252 5313/15/4249
f 5281/45/4217 5259/43/4196 5298/43/4234
f 5281/45/4217 5298/43/4234 5317/45/4253
f 5279/35/4215 5282/33/4218 5318/33/4254
f 5279/35/4215 5318/33/4254 5315/35/4251
f 5283/47/4219 5281/45/4217 5317/45/4253
f 5283/47/4219 5317/45/4253 5319/47/4255
f 5280/13/4216 5284/11/4220 5292/11/4228
f 5280/13/4216 5292/11/4228 5316/13/4252
f 5255/49/4192 5283/47/4219 5319/47/4255
f 5255/49/4192 5319/47/4255 5256/49/4193
f 5282/33/4218 5285/31/4221 5295/31/4231
f 5282/33/4218 5295/31/4231 5318/33/4254
f 5320/21/4256 4957/19/3898 4960/20/3901
f 5320/21/4256 4960/20/3901 4971/22/3912
f 5294/29/4230 5299/27/4235 5321/27/4257
f 5294/29/4230 5321/27/4257 5322/29/4258
f 5301/21/4237 5300/19/4236 4957/19/3898
f 5301/21/4237 4957/19/3898 5320/21/4256
f 5302/59/4238 5287/57/4223 5290/57/4226
f 5302/59/4238 5290/57/4226 5323/59/4259
f 5296/7/4232 5303/5/4239 5324/5/4260
f 5296/7/4232 5324/5/4260 5325/7/4261
f 5297/41/4233 5304/39/4240 5326/39/4262
f 5297/41/4233 5326/39/4262 5327/41/4263
f 5305/61/4241 5302/59/4238 5323/59/4259
f 5305/61/4241 5323/59/4259 5328/61/4264
f 5299/27/4235 5306/25/4242 5329/25/4265
f 5299/27/4235 5329/25/4265 5321/27/4257
f 5300/19/4236 5307/17/4243 4958/17/3899
f 5300/19/4236 4958/17/3899 4957/19/3898
f 5308/63/4244 5305/61/4241 5328/61/4264
f 5308/63/4244 5328/61/4264 5330/63/4266
f 5303/5/4239 5309/3/4245 5331/3/4267
f 5303/5/4239 5331/3/4267 5324/5/4260
f 5304/39/4240 5310/37/4246 5332/37/4268
f 5304/39/4240 5332/37/4268 5326/39/4262
f 5311/65/4247 5308/63/4244 5330/63/4266
f 5311/65/4247 5330/63/4266 5333/65/4269
f 5306/25/4242 5312/23/4248 5334/23/4270
f 5306/25/4242 5334/23/4270 5329/25/4265
f 5307/17/4243 5313/15/4249 5335/15/4271
f 5307/17/4243 5335/15/4271 4958/17/3899
f 5309/3/4245 5314/2/4250 5336/2/4272
f 5309/3/4245 5336/2/4272 5331/3/4267
f 5310/37/4246 5315/35/4251 5337/35/4273
f 5310/37/4246 5337/35/4273 5332/37/4268
f 5312/23/4248 5301/21/4237 5320/21/4256
f 5312/23/4248 5320/21/4256 5334/23/4270
f 5313/15/4249 5316/13/4252 5338/13/4274
f 5313/15/4249 5338/13/4274 5335/15/4271
f 5317/45/4253 5298/43/4234 5339/43/4275
f 5317/45/4253 5339/43/4275 5340/45/4276
f 5315/35/4251 5318/33/4254 5341/33/4277
f 5315/35/4251 5341/33/4277 5337/35/4273
f 5319/47/4255 5317/45/4253 5340/45/4276
f 5319/47/4255 5340/45/4276 5342/47/4278
f 5316/13/4252 5292/11/4228 5343/11/4279
f 5316/13/4252 5343/11/4279 5338/13/4274
f 5256/49/4193 5319/47/4255 5342/47/4278
f 5256/49/4193 5342/47/4278 5344/49/4280
f 5318/33/4254 5295/31/4231 5345/31/4281
f 5318/33/4254 5345/31/4281 5341/33/4277
f 5257/51/4194 5256/49/4193 5344/49/4280
f 5257/51/4194 5344/49/4280 5346/51/4282
f 5292/11/4228 5291/9/4227 5347/9/4283
f 5292/11/4228 5347/9/4283 5343/11/4279
f 5293/53/4229 5257/51/4194 5346/51/4282
f 5293/53/4229 5346/51/4282 5348/53/4284
f 5295/31/4231 5294/29/4230 5322/29/4258
f 5295/31/4231 5322/29/4258 5345/31/4281
f 5288/55/4224 5293/53/4229 5348/53/4284
f 5288/55/4224 5348/53/4284 5289/55/4225
f 5291/9/4227 5296/7/4232 5325/7/4261
f 5291/9/4227 5325/7/4261 5347/9/4283
f 5298/43/4234 5297/41/4233 5327/41/4263
f 5298/43/4234 5327/41/4263 5339/43/4275
f 4958/17/3899 5335/15/4271 4986/16/3927
f 4958/17/3899 4986/16/3927 4959/18/3900
f 5335/15/4271 5338/13/4274 4961/14/3902
f 5335/15/4271 4961/14/3902 4986/16/3927
f 5338/13/4274 5343/11/4279 4962/12/3903
f 5338/13/4274 4962/12/3903 4961/14/3902
f 5343/11/4279 5347/9/4283 4967/10/3908
f 5343/11/4279 4967/10/3908 4962/12/3903
f 5347/9/4283 5325/7/4261 4973/8/3914
f 5347/9/4283 4973/8/3914 4967/10/3908
f 5325/7/4261 5324/5/4260 4979/6/3920
f 5325/7/4261 4979/6/3920 4973/8/3914
f 5324/5/4260 5331/3/4267 4984/4/3925
f 5324/5/4260 4984/4/3925 4979/6/3920
f 5331/3/4267 5336/2/4272 4987/1/3928
f 5331/3/4267 4987/1/3928 4984/4/3925
f 5333/65/4269 5330/63/4266 4981/64/3922
f 5333/65/4269 4981/64/3922 4983/66/3924
f 5330/63/4266 5328/61/4264 4978/62/3919
f 5330/63/4266 4978/62/3919 4981/64/3922
f 5328/61/4264 5323/59/4259 4976/60/3917
f 5328/61/4264 4976/60/3917 4978/62/3919
f 5323/59/4259 5290/57/4226 4972/58/3913
f 5323/59/4259 4972/58/3913 4976/60/3917
f 5290/57/4226 5289/55/4225 4968/56/3909
f 5290/57/4226 4968/56/3909 4972/58/3913
f 5289/55/4225 5348/53/4284 4966/54/3907
f 5289/55/4225 4966/54/3907 4968/56/3909
f 5348/53/4284 5346/51/4282 4963/52/3904
f 5348/53/4284 4963/52/3904 4966/54/3907
f 5346/51/4282 5344/49/4280 4926/50/3867
f 5346/51/4282 4926/50/3867 4963/52/3904
f 5344/49/4280 5342/47/4278 4927/48/3868
f 5344/49/4280 4927/48/3868 4926/50/3867
f 5342/47/4278 5340/45/4276 4989/46/3930
f 5342/47/4278 4989/46/3930 4927/48/3868
f 5340/45/4276 5339/43/4275 4974/44/3915
f 5340/45/4276 4974/44/3915 4989/46/3930
f 5339/43/4275 5327/41/4263 4975/42/3916
f 5339/43/4275 4975/42/3916 4974/44/3915
f 5327/41/4263 5326/39/4262 4980/40/3921
f 5327/41/4263 4980/40/3921 4975/42/3916
f 5326/39/4262 5332/37/4268 4985/38/3926
f 5326/39/4262 4985/38/3926 4980/40/3921
f 5332/37/4268 5337/35/4273 4988/36/3929
f 5332/37/4268 4988/36/3929 4985/38/3926
f 5337/35/4273 5341/33/4277 4964/34/3905
f 5337/35/4273 4964/34/3905 4988/36/3929
f 5341/33/4277 5345/31/4281 4965/32/3906
f 5341/33/4277 4965/32/3906 4964/34/3905
f 5345/31/4281 5322/29/4258 4969/30/3910
f 5345/31/4281 4969/30/3910 4965/32/3906
f 5322/29/4258 5321/27/4257 4977/28/3918
f 5322/29/4258 4977/28/3918 4969/30/3910
f 5321/27/4257 5329/25/4265 4982/26/3923
f 5321/27/4257 4982/26/3923 4977/28/3918
f 5329/25/4265 5334/23/4270 4970/24/3911
f 5329/25/4265 4970/24/3911 4982/26/3923
f 5334/23/4270 5320/21/4256 4971/22/3912
f 5334/23/4270 4971/22/3912 4970/24/3911
s 10
f 5349/19/10 5350/17/9 5351/17/9
f 5349/19/10 5351/17/9 5352/19/10
f 2076/45/23 2074/43/22 5353/43/22
f 2076/45/23 5353/43/22 5354/45/23
f 2099/63/32 2092/61/31 5355/61/31
f 2099/63/32 5355/61/31 5356/63/32
f 2066/35/18 2064/33/17 5357/33/17
f 2066/35/18 5357/33/17 5358/35/18
f 2097/5/3 2103/3/2 5359/3/2
f 2097/5/3 5359/3/2 5360/5/3
f 2086/55/28 2084/53/27 5361/53/27
f 2086/55/28 5361/53/27 5362/55/28
f 2070/39/20 2068/37/19 5363/37/19
f 2070/39/20 5363/37/19 5364/39/20
f 2038/9/5 2037/7/4 5365/7/4
f 2038/9/5 5365/7/4 5366/9/5
f 2078/47/24 2076/45/23 5354/45/23
f 2078/47/24 5354/45/23 5367/47/24
f 2074/43/22 2072/41/21 5368/41/21
f 2074/43/22 5368/41/21 5353/43/22
f 2100/65/33 2099/63/32 5356/63/32
f 2100/65/33 5356/63/32 5369/65/33
f 2046/13/7 2045/11/6 5370/11/6
f 2046/13/7 5370/11/6 5371/13/7
f 2056/25/13 2054/23/12 5372/23/12
f 2056/25/13 5372/23/12 5373/25/13
f 2088/57/29 2086/55/28 5362/55/28
f 2088/57/29 5362/55/28 5374/57/29
f 2048/17/9 2047/15/8 5375/15/8
f 2048/17/9 5375/15/8 5350/17/9
f 2060/29/15 2058/27/14 5376/27/14
f 2060/29/15 5376/27/14 2094/29/15
f 2080/49/25 2078/47/24 5367/47/24
f 2080/49/25 5367/47/24 5377/49/25
f 2052/21/11 2050/19/10 5349/19/10
f 2052/21/11 5349/19/10 5378/21/11
f 2064/33/17 2062/31/16 2095/31/16
f 2064/33/17 2095/31/16 5357/33/17
f 2090/59/30 2088/57/29 5374/57/29
f 2090/59/30 5374/57/29 5379/59/30
f 2068/37/19 2066/35/18 5358/35/18
f 2068/37/19 5358/35/18 5363/37/19
f 2037/7/4 2097/5/3 5360/5/3
f 2037/7/4 5360/5/3 5365/7/4
f 2082/51/26 2080/49/25 5377/49/25
f 2082/51/26 5377/49/25 5380/51/26
f 2103/3/2 2105/2/1 5381/2/1
f 2103/3/2 5381/2/1 5359/3/2
f 2072/41/21 2070/39/20 5364/39/20
f 2072/41/21 5364/39/20 5368/41/21
f 2045/11/6 2038/9/5 5366/9/5
f 2045/11/6 5366/9/5 5370/11/6
f 2054/23/12 2052/21/11 5378/21/11
f 2054/23/12 5378/21/11 5372/23/12
f 2092/61/31 2090/59/30 5379/59/30
f 2092/61/31 5379/59/30 5355/61/31
f 2047/15/8 2046/13/7 5371/13/7
f 2047/15/8 5371/13/7 5375/15/8
f 2058/27/14 2056/25/13 5373/25/13
f 2058/27/14 5373/25/13 5376/27/14
f 2084/53/27 2082/51/26 5380/51/26
f 2084/53/27 5380/51/26 5361/53/27
f 2050/19/10 2048/17/9 5350/17/9
f 2050/19/10 5350/17/9 5349/19/10
f 2042/16/1599 5382/18/4285 5383/18/4286
f 2042/16/1599 5383/18/4286 5384/16/4287
f 2057/26/1606 2059/28/1607 5385/28/4288
f 2057/26/1606 5385/28/4288 5386/26/4289
f 2085/54/1618 2087/56/1619 5387/56/4290
f 2085/54/1618 5387/56/4290 5388/54/4291
f 2049/18/1602 2051/20/1603 5389/20/4292
f 2049/18/1602 5389/20/4292 5382/18/4285
f 2061/30/15 2063/32/1608 5390/32/4293
f 2061/30/15 5390/32/4293 5391/30/4294
f 2077/46/1614 2079/48/1615 5392/48/4295
f 2077/46/1614 5392/48/4295 5393/46/4296
f 2098/64/1623 2101/66/33 5394/66/4297
f 2098/64/1623 5394/66/4297 5395/64/4298
f 2065/34/17 2067/36/1609 5396/36/4299
f 2065/34/17 5396/36/4299 5397/34/4300
f 2102/4/1624 2096/6/1622 5398/6/4301
f 2102/4/1624 5398/6/4301 5399/4/4302
f 2087/56/1619 2089/58/1620 5400/58/4303
f 2087/56/1619 5400/58/4303 5387/56/4290
f 2053/22/1604 2055/24/1605 5401/24/4304
f 2053/22/1604 5401/24/4304 5402/22/4305
f 2069/38/1610 2071/40/1611 5403/40/4306
f 2069/38/1610 5403/40/4306 5404/38/4307
f 2036/8/1595 2039/10/1596 5405/10/4308
f 2036/8/1595 5405/10/4308 5406/8/4309
f 2079/48/1615 2081/50/1616 5407/50/4310
f 2079/48/1615 5407/50/4310 5392/48/4295
f 2073/42/1612 2075/44/1613 5408/44/4311
f 2073/42/1612 5408/44/4311 5409/42/4312
f 2044/12/1601 2040/14/1597 2043/14/1600
f 2044/12/1601 2043/14/1600 5410/12/4313
f 2055/24/1605 2057/26/1606 5386/26/4289
f 2055/24/1605 5386/26/4289 5401/24/4304
f 2089/58/1620 2091/60/1621 5411/60/4314
f 2089/58/1620 5411/60/4314 5400/58/4303
f 2041/16/1598 2049/18/1602 5382/18/4285
f 2041/16/1598 5382/18/4285 2042/16/1599
f 2059/28/1607 2061/30/15 5391/30/4294
f 2059/28/1607 5391/30/4294 5385/28/4288
f 2081/50/1616 2083/52/1617 5412/52/4315
f 2081/50/1616 5412/52/4315 5407/50/4310
f 2051/20/1603 2053/22/1604 5402/22/4305
f 2051/20/1603 5402/22/4305 5389/20/4292
f 2063/32/1608 2065/34/17 5397/34/4300
f 2063/32/1608 5397/34/4300 5390/32/4293
f 2091/60/1621 2093/62/31 5413/62/4316
f 2091/60/1621 5413/62/4316 5411/60/4314
f 2067/36/1609 2069/38/1610 5404/38/4307
f 2067/36/1609 5404/38/4307 5396/36/4299
f 2096/6/1622 2036/8/1595 5406/8/4309
f 2096/6/1622 5406/8/4309 5398/6/4301
f 2083/52/1617 2085/54/1618 5388/54/4291
f 2083/52/1617 5388/54/4291 5412/52/4315
f 2104/1/1522 2102/4/1624 5399/4/4302
f 2104/1/1522 5399/4/4302 5414/1/4317
f 2071/40/1611 2073/42/1612 5409/42/4312
f 2071/40/1611 5409/42/4312 5403/40/4306
f 2039/10/1596 2044/12/1601 5410/12/4313
f 2039/10/1596 5410/12/4313 5405/10/4308
f 2075/44/1613 2077/46/1614 5393/46/4296
f 2075/44/1613 5393/46/4296 5408/44/4311
f 2093/62/31 2098/64/1623 5395/64/4298
f 2093/62/31 5395/64/4298 5413/62/4316
f 5415/34/4318 5416/36/4319 5417/36/4320
f 5415/34/4318 5417/36/4320 5418/34/4321
f 5414/1/4317 5399/4/4302 5419/4/4322
f 5414/1/4317 5419/4/4322 5420/1/4323
f 5396/36/4299 5404/38/4307 5421/38/4324
f 5396/36/4299 5421/38/4324 5416/36/4319
f 5408/44/4311 5393/46/4296 5422/46/4325
f 5408/44/4311 5422/46/4325 5423/44/4326
f 2043/14/1600 2042/16/1599 5384/16/4287
f 2043/14/1600 5384/16/4287 5424/14/4327
f 5393/46/4296 5392/48/4295 5425/48/4328
f 5393/46/4296 5425/48/4328 5422/46/4325
f 5397/34/4300 5396/36/4299 5416/36/4319
f 5397/34/4300 5416/36/4319 5415/34/4318
f 5392/48/4295 5407/50/4310 5426/50/4329
f 5392/48/4295 5426/50/4329 5425/48/4328
f 5410/12/4313 2043/14/1600 5424/14/4327
f 5410/12/4313 5424/14/4327 5427/12/4330
f 5407/50/4310 5412/52/4315 5428/52/4331
f 5407/50/4310 5428/52/4331 5426/50/4329
f 5390/32/4293 5397/34/4300 5415/34/4318
f 5390/32/4293 5415/34/4318 5429/32/4332
f 5412/52/4315 5388/54/4291 5430/54/4333
f 5412/52/4315 5430/54/4333 5428/52/4331
f 5405/10/4308 5410/12/4313 5427/12/4330
f 5405/10/4308 5427/12/4330 5431/10/4334
f 5388/54/4291 5387/56/4290 5432/56/4335
f 5388/54/4291 5432/56/4335 5430/54/4333
f 5391/30/4294 5390/32/4293 5429/32/4332
f 5391/30/4294 5429/32/4332 5433/30/4336
f 5402/22/4305 5401/24/4304 5434/24/4337
f 5402/22/4305 5434/24/4337 5435/22/4338
f 5387/56/4290 5400/58/4303 5436/58/4339
f 5387/56/4290 5436/58/4339 5432/56/4335
f 5406/8/4309 5405/10/4308 5431/10/4334
f 5406/8/4309 5431/10/4334 5437/8/4340
f 5409/42/4312 5408/44/4311 5423/44/4326
f 5409/42/4312 5423/44/4326 5438/42/4341
f 5400/58/4303 5411/60/4314 5439/60/4342
f 5400/58/4303 5439/60/4342 5436/58/4339
f 5385/28/4288 5391/30/4294 5433/30/4336
f 5385/28/4288 5433/30/4336 5440/28/4343
f 5389/20/4292 5402/22/4305 5435/22/4338
f 5389/20/4292 5435/22/4338 5441/20/4344
f 5411/60/4314 5413/62/4316 5442/62/4345
f 5411/60/4314 5442/62/4345 5439/60/4342
f 5398/6/4301 5406/8/4309 5437/8/4340
f 5398/6/4301 5437/8/4340 5443/6/4346
f 5403/40/4306 5409/42/4312 5438/42/4341
f 5403/40/4306 5438/42/4341 5444/40/4347
f 5413/62/4316 5395/64/4298 5445/64/4348
f 5413/62/4316 5445/64/4348 5442/62/4345
f 5386/26/4289 5385/28/4288 5440/28/4343
f 5386/26/4289 5440/28/4343 5446/26/4349
f 5382/18/4285 5389/20/4292 5441/20/4344
f 5382/18/4285 5441/20/4344 5383/18/4286
f 5395/64/4298 5394/66/4297 5447/66/4350
f 5395/64/4298 5447/66/4350 5445/64/4348
f 5399/4/4302 5398/6/4301 5443/6/4346
f 5399/4/4302 5443/6/4346 5419/4/4322
f 5404/38/4307 5403/40/4306 5444/40/4347
f 5404/38/4307 5444/40/4347 5421/38/4324
f 5401/24/4304 5386/26/4289 5446/26/4349
f 5401/24/4304 5446/26/4349 5434/24/4337
f 5448/10/4351 5449/12/4352 5450/12/4353
f 5448/10/4351 5450/12/4353 5451/10/4354
f 5425/48/4328 5426/50/4329 5452/50/4355
f 5425/48/4328 5452/50/4355 5453/48/4356
f 5427/12/4330 5424/14/4327 5454/14/4357
f 5427/12/4330 5454/14/4357 5449/12/4352
f 5426/50/4329 5428/52/4331 5455/52/4358
f 5426/50/4329 5455/52/4358 5452/50/4355
f 5429/32/4332 5415/34/4318 5418/34/4321
f 5429/32/4332 5418/34/4321 5456/32/4359
f 5428/52/4331 5430/54/4333 5457/54/4360
f 5428/52/4331 5457/54/4360 5455/52/4358
f 5431/10/4334 5427/12/4330 5449/12/4352
f 5431/10/4334 5449/12/4352 5448/10/4351
f 5430/54/4333 5432/56/4335 5458/56/4361
f 5430/54/4333 5458/56/4361 5457/54/4360
f 5433/30/4336 5429/32/4332 5456/32/4359
f 5433/30/4336 5456/32/4359 5459/30/4362
f 5435/22/4338 5434/24/4337 5460/24/4363
f 5435/22/4338 5460/24/4363 5461/22/4364
f 5432/56/4335 5436/58/4339 5462/58/4365
f 5432/56/4335 5462/58/4365 5458/56/4361
f 5437/8/4340 5431/10/4334 5448/10/4351
f 5437/8/4340 5448/10/4351 5463/8/4366
f 5438/42/4341 5423/44/4326 5464/44/4367
f 5438/42/4341 5464/44/4367 5465/42/4368
f 5436/58/4339 5439/60/4342 5466/60/4369
f 5436/58/4339 5466/60/4369 5462/58/4365
f 5440/28/4343 5433/30/4336 5459/30/4362
f 5440/28/4343 5459/30/4362 5467/28/4370
f 5441/20/4344 5435/22/4338 5461/22/4364
f 5441/20/4344 5461/22/4364 5468/20/4371
f 5439/60/4342 5442/62/4345 5469/62/4372
f 5439/60/4342 5469/62/4372 5466/60/4369
f 5443/6/4346 5437/8/4340 5463/8/4366
f 5443/6/4346 5463/8/4366 5470/6/4373
f 5444/40/4347 5438/42/4341 5465/42/4368
f 5444/40/4347 5465/42/4368 5471/40/4374
f 5442/62/4345 5445/64/4348 5472/64/4375
f 5442/62/4345 5472/64/4375 5469/62/4372
f 5446/26/4349 5440/28/4343 5467/28/4370
f 5446/26/4349 5467/28/4370 5473/26/4376
f 5383/18/4286 5441/20/4344 5468/20/4371
f 5383/18/4286 5468/20/4371 5474/18/4377
f 5445/64/4348 5447/66/4350 5475/66/4378
f 5445/64/4348 5475/66/4378 5472/64/4375
f 5419/4/4322 5443/6/4346 5470/6/4373
f 5419/4/4322 5470/6/4373 5476/4/4379
f 5421/38/4324 5444/40/4347 5471/40/4374
f 5421/38/4324 5471/40/4374 5477/38/4380
f 5434/24/4337 5446/26/4349 5473/26/4376
f 5434/24/4337 5473/26/4376 5460/24/4363
f 5384/16/4287 5383/18/4286 5474/18/4377
f 5384/16/4287 5474/18/4377 5478/16/4381
f 5420/1/4323 5419/4/4322 5476/4/4379
f 5420/1/4323 5476/4/4379 5479/1/4382
f 5416/36/4319 5421/38/4324 5477/38/4380
f 5416/36/4319 5477/38/4380 5417/36/4320
f 5423/44/4326 5422/46/4325 5480/46/4383
f 5423/44/4326 5480/46/4383 5464/44/4367
f 5424/14/4327 5384/16/4287 5478/16/4381
f 5424/14/4327 5478/16/4381 5454/14/4357
f 5422/46/4325 5425/48/4328 5453/48/4356
f 5422/46/4325 5453/48/4356 5480/46/4383
f 5481/28/4384 5482/30/4385 5483/30/4386
f 5481/28/4384 5483/30/4386 5484/28/4387
f 5457/54/4360 5458/56/4361 5485/56/4388
f 5457/54/4360 5485/56/4388 5486/54/4389
f 5459/30/4362 5456/32/4359 5487/32/4390
f 5459/30/4362 5487/32/4390 5482/30/4385
f 5461/22/4364 5460/24/4363 5488/24/4391
f 5461/22/4364 5488/24/4391 5489/22/4392
f 5458/56/4361 5462/58/4365 5490/58/4393
f 5458/56/4361 5490/58/4393 5485/56/4388
f 5463/8/4366 5448/10/4351 5451/10/4354
f 5463/8/4366 5451/10/4354 5491/8/4394
f 5465/42/4368 5464/44/4367 5492/44/4395
f 5465/42/4368 5492/44/4395 5493/42/4396
f 5462/58/4365 5466/60/4369 5494/60/4397
f 5462/58/4365 5494/60/4397 5490/58/4393
f 5467/28/4370 5459/30/4362 5482/30/4385
f 5467/28/4370 5482/30/4385 5481/28/4384
f 5468/20/4371 5461/22/4364 5489/22/4392
f 5468/20/4371 5489/22/4392 5495/20/4398
f 5466/60/4369 5469/62/4372 5496/62/4399
f 5466/60/4369 5496/62/4399 5494/60/4397
f 5470/6/4373 5463/8/4366 5491/8/4394
f 5470/6/4373 5491/8/4394 5497/6/4400
f 5471/40/4374 5465/42/4368 5493/42/4396
f 5471/40/4374 5493/42/4396 5498/40/4401
f 5469/62/4372 5472/64/4375 5499/64/4402
f 5469/62/4372 5499/64/4402 5496/62/4399
f 5473/26/4376 5467/28/4370 5481/28/4384
f 5473/26/4376 5481/28/4384 5500/26/4403
f 5474/18/4377 5468/20/4371 5495/20/4398
f 5474/18/4377 5495/20/4398 5501/18/4404
f 5472/64/4375 5475/66/4378 5502/66/4405
f 5472/64/4375 5502/66/4405 5499/64/4402
f 5476/4/4379 5470/6/4373 5497/6/4400
f 5476/4/4379 5497/6/4400 5503/4/4406
f 5477/38/4380 5471/40/4374 5498/40/4401
f 5477/38/4380 5498/40/4401 5504/38/4407
f 5460/24/4363 5473/26/4376 5500/26/4403
f 5460/24/4363 5500/26/4403 5488/24/4391
f 5478/16/4381 5474/18/4377 5501/18/4404
f 5478/16/4381 5501/18/4404 5505/16/4408
f 5479/1/4382 5476/4/4379 5503/4/4406
f 5479/1/4382 5503/4/4406 5506/1/4409
f 5417/36/4320 5477/38/4380 5504/38/4407
f 5417/36/4320 5504/38/4407 5507/36/4410
f 5464/44/4367 5480/46/4383 5508/46/4411
f 5464/44/4367 5508/46/4411 5492/44/4395
f 5454/14/4357 5478/16/4381 5505/16/4408
f 5454/14/4357 5505/16/4408 5509/14/4412
f 5480/46/4383 5453/48/4356 5510/48/4413
f 5480/46/4383 5510/48/4413 5508/46/4411
f 5418/34/4321 5417/36/4320 5507/36/4410
f 5418/34/4321 5507/36/4410 5511/34/4414
f 5453/48/4356 5452/50/4355 5512/50/4415
f 5453/48/4356 5512/50/4415 5510/48/4413
f 5449/12/4352 5454/14/4357 5509/14/4412
f 5449/12/4352 5509/14/4412 5450/12/4353
f 5452/50/4355 5455/52/4358 5513/52/4416
f 5452/50/4355 5513/52/4416 5512/50/4415
f 5456/32/4359 5418/34/4321 5511/34/4414
f 5456/32/4359 5511/34/4414 5487/32/4390
f 5455/52/4358 5457/54/4360 5486/54/4389
f 5455/52/4358 5486/54/4389 5513/52/4416
f 5514/4/4417 5515/6/4418 5516/6/4419
f 5514/4/4417 5516/6/4419 5517/4/4420
f 5495/20/4398 5489/22/4392 5518/22/4421
f 5495/20/4398 5518/22/4421 5519/20/4422
f 5494/60/4397 5496/62/4399 5520/62/4423
f 5494/60/4397 5520/62/4423 5521/60/4424
f 5497/6/4400 5491/8/4394 5522/8/4425
f 5497/6/4400 5522/8/4425 5515/6/4418
f 5498/40/4401 5493/42/4396 5523/42/4426
f 5498/40/4401 5523/42/4426 5524/40/4427
f 5496/62/4399 5499/64/4402 5525/64/4428
f 5496/62/4399 5525/64/4428 5520/62/4423
f 5500/26/4403 5481/28/4384 5484/28/4387
f 5500/26/4403 5484/28/4387 5526/26/4429
f 5501/18/4404 5495/20/4398 5519/20/4422
f 5501/18/4404 5519/20/4422 5527/18/4430
f 5499/64/4402 5502/66/4405 5528/66/4431
f 5499/64/4402 5528/66/4431 5525/64/4428
f 5503/4/4406 5497/6/4400 5515/6/4418
f 5503/4/4406 5515/6/4418 5514/4/4417
f 5504/38/4407 5498/40/4401 5524/40/4427
f 5504/38/4407 5524/40/4427 5529/38/4432
f 5488/24/4391 5500/26/4403 5526/26/4429
f 5488/24/4391 5526/26/4429 5530/24/4433
f 5505/16/4408 5501/18/4404 5527/18/4430
f 5505/16/4408 5527/18/4430 5531/16/4434
f 5506/1/4409 5503/4/4406 5514/4/4417
f 5506/1/4409 5514/4/4417 5532/1/4435
f 5507/36/4410 5504/38/4407 5529/38/4432
f 5507/36/4410 5529/38/4432 5533/36/4436
f 5492/44/4395 5508/46/4411 5534/46/4437
f 5492/44/4395 5534/46/4437 5535/44/4438
f 5509/14/4412 5505/16/4408 5531/16/4434
f 5509/14/4412 5531/16/4434 5536/14/4439
f 5508/46/4411 5510/48/4413 5537/48/4440
f 5508/46/4411 5537/48/4440 5534/46/4437
f 5511/34/4414 5507/36/4410 5533/36/4436
f 5511/34/4414 5533/36/4436 5538/34/4441
f 5510/48/4413 5512/50/4415 5539/50/4442
f 5510/48/4413 5539/50/4442 5537/48/4440
f 5450/12/4353 5509/14/4412 5536/14/4439
f 5450/12/4353 5536/14/4439 5540/12/4443
f 5512/50/4415 5513/52/4416 5541/52/4444
f 5512/50/4415 5541/52/4444 5539/50/4442
f 5487/32/4390 5511/34/4414 5538/34/4441
f 5487/32/4390 5538/34/4441 5542/32/4445
f 5513/52/4416 5486/54/4389 5543/54/4446
f 5513/52/4416 5543/54/4446 5541/52/4444
f 5451/10/4354 5450/12/4353 5540/12/4443
f 5451/10/4354 5540/12/4443 5544/10/4447
f 5486/54/4389 5485/56/4388 5545/56/4448
f 5486/54/4389 5545/56/4448 5543/54/4446
f 5482/30/4385 5487/32/4390 5542/32/4445
f 5482/30/4385 5542/32/4445 5483/30/4386
f 5489/22/4392 5488/24/4391 5530/24/4433
f 5489/22/4392 5530/24/4433 5518/22/4421
f 5485/56/4388 5490/58/4393 5546/58/4449
f 5485/56/4388 5546/58/4449 5545/56/4448
f 5491/8/4394 5451/10/4354 5544/10/4447
f 5491/8/4394 5544/10/4447 5522/8/4425
f 5493/42/4396 5492/44/4395 5535/44/4438
f 5493/42/4396 5535/44/4438 5523/42/4426
f 5490/58/4393 5494/60/4397 5521/60/4424
f 5490/58/4393 5521/60/4424 5546/58/4449
f 5547/44/4450 5548/46/4451 5549/46/4452
f 5547/44/4450 5549/46/4452 5550/44/4453
f 5529/38/4432 5524/40/4427 5551/40/4454
f 5529/38/4432 5551/40/4454 5552/38/4455
f 5530/24/4433 5526/26/4429 5553/26/4456
f 5530/24/4433 5553/26/4456 5554/24/4457
f 5531/16/4434 5527/18/4430 5555/18/4458
f 5531/16/4434 5555/18/4458 5556/16/4459
f 5532/1/4435 5514/4/4417 5517/4/4420
f 5532/1/4435 5517/4/4420 5557/1/4460
f 5533/36/4436 5529/38/4432 5552/38/4455
f 5533/36/4436 5552/38/4455 5558/36/4461
f 5535/44/4438 5534/46/4437 5548/46/4451
f 5535/44/4438 5548/46/4451 5547/44/4450
f 5536/14/4439 5531/16/4434 5556/16/4459
f 5536/14/4439 5556/16/4459 5559/14/4462
f 5534/46/4437 5537/48/4440 5560/48/4463
f 5534/46/4437 5560/48/4463 5548/46/4451
f 5538/34/4441 5533/36/4436 5558/36/4461
f 5538/34/4441 5558/36/4461 5561/34/4464
f 5537/48/4440 5539/50/4442 5562/50/4465
f 5537/48/4440 5562/50/4465 5560/48/4463
f 5540/12/4443 5536/14/4439 5559/14/4462
f 5540/12/4443 5559/14/4462 5563/12/4466
f 5539/50/4442 5541/52/4444 5564/52/4467
f 5539/50/4442 5564/52/4467 5562/50/4465
f 5542/32/4445 5538/34/4441 5561/34/4464
f 5542/32/4445 5561/34/4464 5565/32/4468
f 5541/52/4444 5543/54/4446 5566/54/4469
f 5541/52/4444 5566/54/4469 5564/52/4467
f 5544/10/4447 5540/12/4443 5563/12/4466
f 5544/10/4447 5563/12/4466 5567/10/4470
f 5543/54/4446 5545/56/4448 5568/56/4471
f 5543/54/4446 5568/56/4471 5566/54/4469
f 5483/30/4386 5542/32/4445 5565/32/4468
f 5483/30/4386 5565/32/4468 5569/30/4472
f 5518/22/4421 5530/24/4433 5554/24/4457
f 5518/22/4421 5554/24/4457 5570/22/4473
f 5545/56/4448 5546/58/4449 5571/58/4474
f 5545/56/4448 5571/58/4474 5568/56/4471
f 5522/8/4425 5544/10/4447 5567/10/4470
f 5522/8/4425 5567/10/4470 5572/8/4475
f 5523/42/4426 5535/44/4438 5547/44/4450
f 5523/42/4426 5547/44/4450 5573/42/4476
f 5546/58/4449 5521/60/4424 5574/60/4477
f 5546/58/4449 5574/60/4477 5571/58/4474
f 5484/28/4387 5483/30/4386 5569/30/4472
f 5484/28/4387 5569/30/4472 5575/28/4478
f 5519/20/4422 5518/22/4421 5570/22/4473
f 5519/20/4422 5570/22/4473 5576/20/4479
f 5521/60/4424 5520/62/4423 5577/62/4480
f 5521/60/4424 5577/62/4480 5574/60/4477
f 5515/6/4418 5522/8/4425 5572/8/4475
f 5515/6/4418 5572/8/4475 5516/6/4419
f 5524/40/4427 5523/42/4426 5573/42/4476
f 5524/40/4427 5573/42/4476 5551/40/4454
f 5520/62/4423 5525/64/4428 5578/64/4481
f 5520/62/4423 5578/64/4481 5577/62/4480
f 5526/26/4429 5484/28/4387 5575/28/4478
f 5526/26/4429 5575/28/4478 5553/26/4456
f 5527/18/4430 5519/20/4422 5576/20/4479
f 5527/18/4430 5576/20/4479 5555/18/4458
f 5525/64/4428 5528/66/4431 5579/66/4460
f 5525/64/4428 5579/66/4460 5578/64/4481
f 5580/50/4482 5581/52/4483 5582/52/4484
f 5580/50/4482 5582/52/4484 5583/50/4485
f 5559/14/4462 5556/16/4459 5584/16/4486
f 5559/14/4462 5584/16/4486 5585/14/4487
f 5548/46/4451 5560/48/4463 5586/48/4488
f 5548/46/4451 5586/48/4488 5549/46/4452
f 5561/34/4464 5558/36/4461 5587/36/4489
f 5561/34/4464 5587/36/4489 5588/34/4490
f 5560/48/4463 5562/50/4465 5580/50/4482
f 5560/48/4463 5580/50/4482 5586/48/4488
f 5563/12/4466 5559/14/4462 5585/14/4487
f 5563/12/4466 5585/14/4487 5589/12/4491
f 5562/50/4465 5564/52/4467 5581/52/4483
f 5562/50/4465 5581/52/4483 5580/50/4482
f 5565/32/4468 5561/34/4464 5588/34/4490
f 5565/32/4468 5588/34/4490 5590/32/4492
f 5564/52/4467 5566/54/4469 5591/54/4493
f 5564/52/4467 5591/54/4493 5581/52/4483
f 5567/10/4470 5563/12/4466 5589/12/4491
f 5567/10/4470 5589/12/4491 5592/10/4494
f 5566/54/4469 5568/56/4471 5593/56/4495
f 5566/54/4469 5593/56/4495 5591/54/4493
f 5569/30/4472 5565/32/4468 5590/32/4492
f 5569/30/4472 5590/32/4492 5594/30/4496
f 5570/22/4473 5554/24/4457 5595/24/4497
f 5570/22/4473 5595/24/4497 5596/22/4498
f 5568/56/4471 5571/58/4474 5597/58/4499
f 5568/56/4471 5597/58/4499 5593/56/4495
f 5572/8/4475 5567/10/4470 5592/10/4494
f 5572/8/4475 5592/10/4494 5598/8/4500
f 5573/42/4476 5547/44/4450 5550/44/4453
f 5573/42/4476 5550/44/4453 5599/42/4501
f 5571/58/4474 5574/60/4477 5600/60/4502
f 5571/58/4474 5600/60/4502 5597/58/4499
f 5575/28/4478 5569/30/4472 5594/30/4496
f 5575/28/4478 5594/30/4496 5601/28/4503
f 5576/20/4479 5570/22/4473 5596/22/4498
f 5576/20/4479 5596/22/4498 5602/20/4504
f 5574/60/4477 5577/62/4480 5603/62/4505
f 5574/60/4477 5603/62/4505 5600/60/4502
f 5516/6/4419 5572/8/4475 5598/8/4500
f 5516/6/4419 5598/8/4500 5604/6/4506
f 5551/40/4454 5573/42/4476 5599/42/4501
f 5551/40/4454 5599/42/4501 5605/40/4507
f 5577/62/4480 5578/64/4481 5606/64/4508
f 5577/62/4480 5606/64/4508 5603/62/4505
f 5553/26/4456 5575/28/4478 5601/28/4503
f 5553/26/4456 5601/28/4503 5607/26/4509
f 5555/18/4458 5576/20/4479 5602/20/4504
f 5555/18/4458 5602/20/4504 5608/18/4510
f 5578/64/4481 5579/66/4460 5609/66/4511
f 5578/64/4481 5609/66/4511 5606/64/4508
f 5517/4/4420 5516/6/4419 5604/6/4506
f 5517/4/4420 5604/6/4506 5610/4/4512
f 5552/38/4455 5551/40/4454 5605/40/4507
f 5552/38/4455 5605/40/4507 5611/38/4513
f 5554/24/4457 5553/26/4456 5607/26/4509
f 5554/24/4457 5607/26/4509 5595/24/4497
f 5556/16/4459 5555/18/4458 5608/18/4510
f 5556/16/4459 5608/18/4510 5584/16/4486
f 5557/1/4460 5517/4/4420 5610/4/4512
f 5557/1/4460 5610/4/4512 5612/1/4511
f 5558/36/4461 5552/38/4455 5611/38/4513
f 5558/36/4461 5611/38/4513 5587/36/4489
f 5613/56/4514 5614/58/4515 5615/58/4516
f 5613/56/4514 5615/58/4516 5616/56/4517
f 5590/32/4492 5588/34/4490 5617/34/4518
f 5590/32/4492 5617/34/4518 5618/32/4519
f 5581/52/4483 5591/54/4493 5619/54/4520
f 5581/52/4483 5619/54/4520 5582/52/4484
f 5592/10/4494 5589/12/4491 5620/12/4521
f 5592/10/4494 5620/12/4521 5621/10/4522
f 5591/54/4493 5593/56/4495 5613/56/4514
f 5591/54/4493 5613/56/4514 5619/54/4520
f 5594/30/4496 5590/32/4492 5618/32/4519
f 5594/30/4496 5618/32/4519 5622/30/4523
f 5596/22/4498 5595/24/4497 5623/24/4524
f 5596/22/4498 5623/24/4524 5624/22/4525
f 5593/56/4495 5597/58/4499 5614/58/4515
f 5593/56/4495 5614/58/4515 5613/56/4514
f 5598/8/4500 5592/10/4494 5621/10/4522
f 5598/8/4500 5621/10/4522 5625/8/4526
f 5599/42/4501 5550/44/4453 5626/44/4527
f 5599/42/4501 5626/44/4527 5627/42/4528
f 5597/58/4499 5600/60/4502 5628/60/4529
f 5597/58/4499 5628/60/4529 5614/58/4515
f 5601/28/4503 5594/30/4496 5622/30/4523
f 5601/28/4503 5622/30/4523 5629/28/4530
f 5602/20/4504 5596/22/4498 5624/22/4525
f 5602/20/4504 5624/22/4525 5630/20/4531
f 5600/60/4502 5603/62/4505 5631/62/4532
f 5600/60/4502 5631/62/4532 5628/60/4529
f 5604/6/4506 5598/8/4500 5625/8/4526
f 5604/6/4506 5625/8/4526 5632/6/4533
f 5605/40/4507 5599/42/4501 5627/42/4528
f 5605/40/4507 5627/42/4528 5633/40/4534
f 5603/62/4505 5606/64/4508 5634/64/4535
f 5603/62/4505 5634/64/4535 5631/62/4532
f 5607/26/4509 5601/28/4503 5629/28/4530
f 5607/26/4509 5629/28/4530 5635/26/4536
f 5608/18/4510 5602/20/4504 5630/20/4531
f 5608/18/4510 5630/20/4531 5636/18/4537
f 5606/64/4508 5609/66/4511 5637/66/4538
f 5606/64/4508 5637/66/4538 5634/64/4535
f 5610/4/4512 5604/6/4506 5632/6/4533
f 5610/4/4512 5632/6/4533 5638/4/4539
f 5611/38/4513 5605/40/4507 5633/40/4534
f 5611/38/4513 5633/40/4534 5639/38/4540
f 5595/24/4497 5607/26/4509 5635/26/4536
f 5595/24/4497 5635/26/4536 5623/24/4524
f 5584/16/4486 5608/18/4510 5636/18/4537
f 5584/16/4486 5636/18/4537 5640/16/4541
f 5612/1/4511 5610/4/4512 5638/4/4539
f 5612/1/4511 5638/4/4539 5641/1/4542
f 5587/36/4489 5611/38/4513 5639/38/4540
f 5587/36/4489 5639/38/4540 5642/36/4543
f 5550/44/4453 5549/46/4452 5643/46/4544
f 5550/44/4453 5643/46/4544 5626/44/4527
f 5585/14/4487 5584/16/4486 5640/16/4541
f 5585/14/4487 5640/16/4541 5644/14/4545
f 5549/46/4452 5586/48/4488 5645/48/4546
f 5549/46/4452 5645/48/4546 5643/46/4544
f 5588/34/4490 5587/36/4489 5642/36/4543
f 5588/34/4490 5642/36/4543 5617/34/4518
f 5586/48/4488 5580/50/4482 5583/50/4485
f 5586/48/4488 5583/50/4485 5645/48/4546
f 5589/12/4491 5585/14/4487 5644/14/4545
f 5589/12/4491 5644/14/4545 5620/12/4521
f 5646/62/4547 5647/64/4548 5648/64/4549
f 5646/62/4547 5648/64/4549 5649/62/4550
f 5625/8/4526 5621/10/4522 5650/10/4551
f 5625/8/4526 5650/10/4551 5651/8/4552
f 5627/42/4528 5626/44/4527 5652/44/4553
f 5627/42/4528 5652/44/4553 5653/42/4554
f 5614/58/4515 5628/60/4529 5654/60/4555
f 5614/58/4515 5654/60/4555 5615/58/4516
f 5629/28/4530 5622/30/4523 5655/30/4556
f 5629/28/4530 5655/30/4556 5656/28/4557
f 5630/20/4531 5624/22/4525 5657/22/4558
f 5630/20/4531 5657/22/4558 5658/20/4559
f 5628/60/4529 5631/62/4532 5646/62/4547
f 5628/60/4529 5646/62/4547 5654/60/4555
f 5632/6/4533 5625/8/4526 5651/8/4552
f 5632/6/4533 5651/8/4552 5659/6/4560
f 5633/40/4534 5627/42/4528 5653/42/4554
f 5633/40/4534 5653/42/4554 5660/40/4561
f 5631/62/4532 5634/64/4535 5647/64/4548
f 5631/62/4532 5647/64/4548 5646/62/4547
f 5635/26/4536 5629/28/4530 5656/28/4557
f 5635/26/4536 5656/28/4557 5661/26/4562
f 5636/18/4537 5630/20/4531 5658/20/4559
f 5636/18/4537 5658/20/4559 5662/18/4563
f 5634/64/4535 5637/66/4538 5663/66/4564
f 5634/64/4535 5663/66/4564 5647/64/4548
f 5638/4/4539 5632/6/4533 5659/6/4560
f 5638/4/4539 5659/6/4560 5664/4/4565
f 5639/38/4540 5633/40/4534 5660/40/4561
f 5639/38/4540 5660/40/4561 5665/38/4566
f 5623/24/4524 5635/26/4536 5661/26/4562
f 5623/24/4524 5661/26/4562 5666/24/4567
f 5640/16/4541 5636/18/4537 5662/18/4563
f 5640/16/4541 5662/18/4563 5667/16/4568
f 5641/1/4542 5638/4/4539 5664/4/4565
f 5641/1/4542 5664/4/4565 5668/1/4569
f 5642/36/4543 5639/38/4540 5665/38/4566
f 5642/36/4543 5665/38/4566 5669/36/4570
f 5626/44/4527 5643/46/4544 5670/46/4571
f 5626/44/4527 5670/46/4571 5652/44/4553
f 5644/14/4545 5640/16/4541 5667/16/4568
f 5644/14/4545 5667/16/4568 5671/14/4572
f 5643/46/4544 5645/48/4546 5672/48/4573
f 5643/46/4544 5672/48/4573 5670/46/4571
f 5617/34/4518 5642/36/4543 5669/36/4570
f 5617/34/4518 5669/36/4570 5673/34/4574
f 5645/48/4546 5583/50/4485 5674/50/4575
f 5645/48/4546 5674/50/4575 5672/48/4573
f 5620/12/4521 5644/14/4545 5671/14/4572
f 5620/12/4521 5671/14/4572 5675/12/4576
f 5583/50/4485 5582/52/4484 5676/52/4577
f 5583/50/4485 5676/52/4577 5674/50/4575
f 5618/32/4519 5617/34/4518 5673/34/4574
f 5618/32/4519 5673/34/4574 5677/32/4578
f 5582/52/4484 5619/54/4520 5678/54/4579
f 5582/52/4484 5678/54/4579 5676/52/4577
f 5621/10/4522 5620/12/4521 5675/12/4576
f 5621/10/4522 5675/12/4576 5650/10/4551
f 5619/54/4520 5613/56/4514 5616/56/4517
f 5619/54/4520 5616/56/4517 5678/54/4579
f 5622/30/4523 5618/32/4519 5677/32/4578
f 5622/30/4523 5677/32/4578 5655/30/4556
f 5624/22/4525 5623/24/4524 5666/24/4567
f 5624/22/4525 5666/24/4567 5657/22/4558
f 5679/1/4580 5680/4/4581 5681/4/4582
f 5679/1/4580 5681/4/4582 5682/1/4583
f 5661/26/4562 5656/28/4557 5683/28/4584
f 5661/26/4562 5683/28/4584 5684/26/4585
f 5662/18/4563 5658/20/4559 5685/20/4586
f 5662/18/4563 5685/20/4586 5686/18/4587
f 5647/64/4548 5663/66/4564 5687/66/4588
f 5647/64/4548 5687/66/4588 5648/64/4549
f 5664/4/4565 5659/6/4560 5688/6/4589
f 5664/4/4565 5688/6/4589 5680/4/4581
f 5665/38/4566 5660/40/4561 5689/40/4590
f 5665/38/4566 5689/40/4590 5690/38/4591
f 5666/24/4567 5661/26/4562 5684/26/4585
f 5666/24/4567 5684/26/4585 5691/24/4592
f 5667/16/4568 5662/18/4563 5686/18/4587
f 5667/16/4568 5686/18/4587 5692/16/4593
f 5668/1/4569 5664/4/4565 5680/4/4581
f 5668/1/4569 5680/4/4581 5679/1/4580
f 5669/36/4570 5665/38/4566 5690/38/4591
f 5669/36/4570 5690/38/4591 5693/36/4594
f 5652/44/4553 5670/46/4571 5694/46/4595
f 5652/44/4553 5694/46/4595 5695/44/4596
f 5671/14/4572 5667/16/4568 5692/16/4593
f 5671/14/4572 5692/16/4593 5696/14/4597
f 5670/46/4571 5672/48/4573 5697/48/4598
f 5670/46/4571 5697/48/4598 5694/46/4595
f 5673/34/4574 5669/36/4570 5693/36/4594
f 5673/34/4574 5693/36/4594 5698/34/4599
f 5672/48/4573 5674/50/4575 5699/50/4600
f 5672/48/4573 5699/50/4600 5697/48/4598
f 5675/12/4576 5671/14/4572 5696/14/4597
f 5675/12/4576 5696/14/4597 5700/12/4601
f 5674/50/4575 5676/52/4577 5701/52/4602
f 5674/50/4575 5701/52/4602 5699/50/4600
f 5677/32/4578 5673/34/4574 5698/34/4599
f 5677/32/4578 5698/34/4599 5702/32/4603
f 5676/52/4577 5678/54/4579 5703/54/4604
f 5676/52/4577 5703/54/4604 5701/52/4602
f 5650/10/4551 5675/12/4576 5700/12/4601
f 5650/10/4551 5700/12/4601 5704/10/4605
f 5678/54/4579 5616/56/4517 5705/56/4606
f 5678/54/4579 5705/56/4606 5703/54/4604
f 5655/30/4556 5677/32/4578 5702/32/4603
f 5655/30/4556 5702/32/4603 5706/30/4607
f 5657/22/4558 5666/24/4567 5691/24/4592
f 5657/22/4558 5691/24/4592 5707/22/4608
f 5616/56/4517 5615/58/4516 5708/58/4609
f 5616/56/4517 5708/58/4609 5705/56/4606
f 5651/8/4552 5650/10/4551 5704/10/4605
f 5651/8/4552 5704/10/4605 5709/8/4610
f 5653/42/4554 5652/44/4553 5695/44/4596
f 5653/42/4554 5695/44/4596 5710/42/4611
f 5615/58/4516 5654/60/4555 5711/60/4612
f 5615/58/4516 5711/60/4612 5708/58/4609
f 5656/28/4557 5655/30/4556 5706/30/4607
f 5656/28/4557 5706/30/4607 5683/28/4584
f 5658/20/4559 5657/22/4558 5707/22/4608
f 5658/20/4559 5707/22/4608 5685/20/4586
f 5654/60/4555 5646/62/4547 5649/62/4550
f 5654/60/4555 5649/62/4550 5711/60/4612
f 5659/6/4560 5651/8/4552 5709/8/4610
f 5659/6/4560 5709/8/4610 5688/6/4589
f 5660/40/4561 5653/42/4554 5710/42/4611
f 5660/40/4561 5710/42/4611 5689/40/4590
f 5712/48/4613 5713/50/4614 5714/50/4615
f 5712/48/4613 5714/50/4615 5715/48/4616
f 5693/36/4594 5690/38/4591 5716/38/4617
f 5693/36/4594 5716/38/4617 5717/36/4618
f 5695/44/4596 5694/46/4595 5718/46/4619
f 5695/44/4596 5718/46/4619 5719/44/4620
f 5696/14/4597 5692/16/4593 5720/16/4621
f 5696/14/4597 5720/16/4621 5721/14/4622
f 5694/46/4595 5697/48/4598 5712/48/4613
f 5694/46/4595 5712/48/4613 5718/46/4619
f 5698/34/4599 5693/36/4594 5717/36/4618
f 5698/34/4599 5717/36/4618 5722/34/4623
f 5697/48/4598 5699/50/4600 5713/50/4614
f 5697/48/4598 5713/50/4614 5712/48/4613
f 5700/12/4601 5696/14/4597 5721/14/4622
f 5700/12/4601 5721/14/4622 5723/12/4624
f 5699/50/4600 5701/52/4602 5724/52/4625
f 5699/50/4600 5724/52/4625 5713/50/4614
f 5702/32/4603 5698/34/4599 5722/34/4623
f 5702/32/4603 5722/34/4623 5725/32/4626
f 5701/52/4602 5703/54/4604 5726/54/4627
f 5701/52/4602 5726/54/4627 5724/52/4625
f 5704/10/4605 5700/12/4601 5723/12/4624
f 5704/10/4605 5723/12/4624 5727/10/4628
f 5703/54/4604 5705/56/4606 5728/56/4629
f 5703/54/4604 5728/56/4629 5726/54/4627
f 5706/30/4607 5702/32/4603 5725/32/4626
f 5706/30/4607 5725/32/4626 5729/30/4630
f 5707/22/4608 5691/24/4592 5730/24/4631
f 5707/22/4608 5730/24/4631 5731/22/4632
f 5705/56/4606 5708/58/4609 5732/58/4633
f 5705/56/4606 5732/58/4633 5728/56/4629
f 5709/8/4610 5704/10/4605 5727/10/4628
f 5709/8/4610 5727/10/4628 5733/8/4634
f 5710/42/4611 5695/44/4596 5719/44/4620
f 5710/42/4611 5719/44/4620 5734/42/4635
f 5708/58/4609 5711/60/4612 5735/60/4636
f 5708/58/4609 5735/60/4636 5732/58/4633
f 5683/28/4584 5706/30/4607 5729/30/4630
f 5683/28/4584 5729/30/4630 5736/28/4637
f 5685/20/4586 5707/22/4608 5731/22/4632
f 5685/20/4586 5731/22/4632 5737/20/4638
f 5711/60/4612 5649/62/4550 5738/62/4639
f 5711/60/4612 5738/62/4639 5735/60/4636
f 5688/6/4589 5709/8/4610 5733/8/4634
f 5688/6/4589 5733/8/4634 5739/6/4640
f 5689/40/4590 5710/42/4611 5734/42/4635
f 5689/40/4590 5734/42/4635 5740/40/4641
f 5649/62/4550 5648/64/4549 5741/64/4642
f 5649/62/4550 5741/64/4642 5738/62/4639
f 5684/26/4585 5683/28/4584 5736/28/4637
f 5684/26/4585 5736/28/4637 5742/26/4643
f 5686/18/4587 5685/20/4586 5737/20/4638
f 5686/18/4587 5737/20/4638 5743/18/4644
f 5648/64/4549 5687/66/4588 5744/66/4645
f 5648/64/4549 5744/66/4645 5741/64/4642
f 5680/4/4581 5688/6/4589 5739/6/4640
f 5680/4/4581 5739/6/4640 5681/4/4582
f 5690/38/4591 5689/40/4590 5740/40/4641
f 5690/38/4591 5740/40/4641 5716/38/4617
f 5691/24/4592 5684/26/4585 5742/26/4643
f 5691/24/4592 5742/26/4643 5730/24/4631
f 5692/16/4593 5686/18/4587 5743/18/4644
f 5692/16/4593 5743/18/4644 5720/16/4621
f 5745/54/4646 5746/56/4647 5747/56/4648
f 5745/54/4646 5747/56/4648 5748/54/4649
f 5723/12/4624 5721/14/4622 5749/14/4650
f 5723/12/4624 5749/14/4650 5750/12/4651
f 5713/50/4614 5724/52/4625 5751/52/4652
f 5713/50/4614 5751/52/4652 5714/50/4615
f 5725/32/4626 5722/34/4623 5752/34/4653
f 5725/32/4626 5752/34/4653 5753/32/4654
f 5724/52/4625 5726/54/4627 5745/54/4646
f 5724/52/4625 5745/54/4646 5751/52/4652
f 5727/10/4628 5723/12/4624 5750/12/4651
f 5727/10/4628 5750/12/4651 5754/10/4655
f 5726/54/4627 5728/56/4629 5746/56/4647
f 5726/54/4627 5746/56/4647 5745/54/4646
f 5729/30/4630 5725/32/4626 5753/32/4654
f 5729/30/4630 5753/32/4654 5755/30/4656
f 5731/22/4632 5730/24/4631 5756/24/4657
f 5731/22/4632 5756/24/4657 5757/22/4658
f 5728/56/4629 5732/58/4633 5758/58/4659
f 5728/56/4629 5758/58/4659 5746/56/4647
f 5733/8/4634 5727/10/4628 5754/10/4655
f 5733/8/4634 5754/10/4655 5759/8/4660
f 5734/42/4635 5719/44/4620 5760/44/4661
f 5734/42/4635 5760/44/4661 5761/42/4662
f 5732/58/4633 5735/60/4636 5762/60/4663
f 5732/58/4633 5762/60/4663 5758/58/4659
f 5736/28/4637 5729/30/4630 5755/30/4656
f 5736/28/4637 5755/30/4656 5763/28/4664
f 5737/20/4638 5731/22/4632 5757/22/4658
f 5737/20/4638 5757/22/4658 5764/20/4665
f 5735/60/4636 5738/62/4639 5765/62/4666
f 5735/60/4636 5765/62/4666 5762/60/4663
f 5739/6/4640 5733/8/4634 5759/8/4660
f 5739/6/4640 5759/8/4660 5766/6/4667
f 5740/40/4641 5734/42/4635 5761/42/4662
f 5740/40/4641 5761/42/4662 5767/40/4668
f 5738/62/4639 5741/64/4642 5768/64/4669
f 5738/62/4639 5768/64/4669 5765/62/4666
f 5742/26/4643 5736/28/4637 5763/28/4664
f 5742/26/4643 5763/28/4664 5769/26/4670
f 5743/18/4644 5737/20/4638 5764/20/4665
f 5743/18/4644 5764/20/4665 5770/18/4671
f 5741/64/4642 5744/66/4645 5771/66/4672
f 5741/64/4642 5771/66/4672 5768/64/4669
f 5681/4/4582 5739/6/4640 5766/6/4667
f 5681/4/4582 5766/6/4667 5772/4/4673
f 5716/38/4617 5740/40/4641 5767/40/4668
f 5716/38/4617 5767/40/4668 5773/38/4674
f 5730/24/4631 5742/26/4643 5769/26/4670
f 5730/24/4631 5769/26/4670 5756/24/4657
f 5720/16/4621 5743/18/4644 5770/18/4671
f 5720/16/4621 5770/18/4671 5774/16/4675
f 5682/1/4583 5681/4/4582 5772/4/4673
f 5682/1/4583 5772/4/4673 5775/1/4672
f 5717/36/4618 5716/38/4617 5773/38/4674
f 5717/36/4618 5773/38/4674 5776/36/4676
f 5719/44/4620 5718/46/4619 5777/46/4677
f 5719/44/4620 5777/46/4677 5760/44/4661
f 5721/14/4622 5720/16/4621 5774/16/4675
f 5721/14/4622 5774/16/4675 5749/14/4650
f 5718/46/4619 5712/48/4613 5715/48/4616
f 5718/46/4619 5715/48/4616 5777/46/4677
f 5722/34/4623 5717/36/4618 5776/36/4676
f 5722/34/4623 5776/36/4676 5752/34/4653
f 5778/20/4678 5779/22/4679 5780/22/4680
f 5778/20/4678 5780/22/4680 5781/20/4681
f 5755/30/4656 5753/32/4654 5782/32/4682
f 5755/30/4656 5782/32/4682 5783/30/4683
f 5757/22/4658 5756/24/4657 5784/24/4684
f 5757/22/4658 5784/24/4684 5779/22/4679
f 5746/56/4647 5758/58/4659 5785/58/4685
f 5746/56/4647 5785/58/4685 5747/56/4648
f 5759/8/4660 5754/10/4655 5786/10/4686
f 5759/8/4660 5786/10/4686 5787/8/4687
f 5761/42/4662 5760/44/4661 5788/44/4688
f 5761/42/4662 5788/44/4688 5789/42/4689
f 5758/58/4659 5762/60/4663 5790/60/4690
f 5758/58/4659 5790/60/4690 5785/58/4685
f 5763/28/4664 5755/30/4656 5783/30/4683
f 5763/28/4664 5783/30/4683 5791/28/4691
f 5764/20/4665 5757/22/4658 5779/22/4679
f 5764/20/4665 5779/22/4679 5778/20/4678
f 5762/60/4663 5765/62/4666 5792/62/4692
f 5762/60/4663 5792/62/4692 5790/60/4690
f 5766/6/4667 5759/8/4660 5787/8/4687
f 5766/6/4667 5787/8/4687 5793/6/4693
f 5767/40/4668 5761/42/4662 5789/42/4689
f 5767/40/4668 5789/42/4689 5794/40/4694
f 5765/62/4666 5768/64/4669 5795/64/4695
f 5765/62/4666 5795/64/4695 5792/62/4692
f 5769/26/4670 5763/28/4664 5791/28/4691
f 5769/26/4670 5791/28/4691 5796/26/4696
f 5770/18/4671 5764/20/4665 5778/20/4678
f 5770/18/4671 5778/20/4678 5797/18/4697
f 5768/64/4669 5771/66/4672 5798/66/4698
f 5768/64/4669 5798/66/4698 5795/64/4695
f 5772/4/4673 5766/6/4667 5793/6/4693
f 5772/4/4673 5793/6/4693 5799/4/4699
f 5773/38/4674 5767/40/4668 5794/40/4694
f 5773/38/4674 5794/40/4694 5800/38/4700
f 5756/24/4657 5769/26/4670 5796/26/4696
f 5756/24/4657 5796/26/4696 5784/24/4684
f 5774/16/4675 5770/18/4671 5797/18/4697
f 5774/16/4675 5797/18/4697 5801/16/4701
f 5775/1/4672 5772/4/4673 5799/4/4699
f 5775/1/4672 5799/4/4699 5802/1/4698
f 5776/36/4676 5773/38/4674 5800/38/4700
f 5776/36/4676 5800/38/4700 5803/36/4702
f 5760/44/4661 5777/46/4677 5804/46/4703
f 5760/44/4661 5804/46/4703 5788/44/4688
f 5749/14/4650 5774/16/4675 5801/16/4701
f 5749/14/4650 5801/16/4701 5805/14/4704
f 5777/46/4677 5715/48/4616 5806/48/4705
f 5777/46/4677 5806/48/4705 5804/46/4703
f 5752/34/4653 5776/36/4676 5803/36/4702
f 5752/34/4653 5803/36/4702 5807/34/4706
f 5715/48/4616 5714/50/4615 5808/50/4707
f 5715/48/4616 5808/50/4707 5806/48/4705
f 5750/12/4651 5749/14/4650 5805/14/4704
f 5750/12/4651 5805/14/4704 5809/12/4708
f 5714/50/4615 5751/52/4652 5810/52/4709
f 5714/50/4615 5810/52/4709 5808/50/4707
f 5753/32/4654 5752/34/4653 5807/34/4706
f 5753/32/4654 5807/34/4706 5782/32/4682
f 5751/52/4652 5745/54/4646 5748/54/4649
f 5751/52/4652 5748/54/4649 5810/52/4709
f 5754/10/4655 5750/12/4651 5809/12/4708
f 5754/10/4655 5809/12/4708 5786/10/4686
f 5811/38/4710 5812/40/4711 5813/40/4712
f 5811/38/4710 5813/40/4712 5814/38/4713
f 5790/60/4690 5792/62/4692 5815/62/4714
f 5790/60/4690 5815/62/4714 5816/60/4715
f 5793/6/4693 5787/8/4687 5817/8/4716
f 5793/6/4693 5817/8/4716 5818/6/4717
f 5794/40/4694 5789/42/4689 5819/42/4718
f 5794/40/4694 5819/42/4718 5812/40/4711
f 5792/62/4692 5795/64/4695 5820/64/4719
f 5792/62/4692 5820/64/4719 5815/62/4714
f 5796/26/4696 5791/28/4691 5821/28/4720
f 5796/26/4696 5821/28/4720 5822/26/4721
f 5797/18/4697 5778/20/4678 5781/20/4681
f 5797/18/4697 5781/20/4681 5823/18/4722
f 5795/64/4695 5798/66/4698 5824/66/4723
f 5795/64/4695 5824/66/4723 5820/64/4719
f 5799/4/4699 5793/6/4693 5818/6/4717
f 5799/4/4699 5818/6/4717 5825/4/4724
f 5800/38/4700 5794/40/4694 5812/40/4711
f 5800/38/4700 5812/40/4711 5811/38/4710
f 5784/24/4684 5796/26/4696 5822/26/4721
f 5784/24/4684 5822/26/4721 5826/24/4725
f 5801/16/4701 5797/18/4697 5823/18/4722
f 5801/16/4701 5823/18/4722 5827/16/4726
f 5802/1/4698 5799/4/4699 5825/4/4724
f 5802/1/4698 5825/4/4724 5828/1/4723
f 5803/36/4702 5800/38/4700 5811/38/4710
f 5803/36/4702 5811/38/4710 5829/36/4727
f 5788/44/4688 5804/46/4703 5830/46/4728
f 5788/44/4688 5830/46/4728 5831/44/4729
f 5805/14/4704 5801/16/4701 5827/16/4726
f 5805/14/4704 5827/16/4726 5832/14/4730
f 5804/46/4703 5806/48/4705 5833/48/4731
f 5804/46/4703 5833/48/4731 5830/46/4728
f 5807/34/4706 5803/36/4702 5829/36/4727
f 5807/34/4706 5829/36/4727 5834/34/4732
f 5806/48/4705 5808/50/4707 5835/50/4733
f 5806/48/4705 5835/50/4733 5833/48/4731
f 5809/12/4708 5805/14/4704 5832/14/4730
f 5809/12/4708 5832/14/4730 5836/12/4734
f 5808/50/4707 5810/52/4709 5837/52/4735
f 5808/50/4707 5837/52/4735 5835/50/4733
f 5782/32/4682 5807/34/4706 5834/34/4732
f 5782/32/4682 5834/34/4732 5838/32/4736
f 5810/52/4709 5748/54/4649 5839/54/4737
f 5810/52/4709 5839/54/4737 5837/52/4735
f 5786/10/4686 5809/12/4708 5836/12/4734
f 5786/10/4686 5836/12/4734 5840/10/4738
f 5748/54/4649 5747/56/4648 5841/56/4739
f 5748/54/4649 5841/56/4739 5839/54/4737
f 5783/30/4683 5782/32/4682 5838/32/4736
f 5783/30/4683 5838/32/4736 5842/30/4740
f 5779/22/4679 5784/24/4684 5826/24/4725
f 5779/22/4679 5826/24/4725 5780/22/4680
f 5747/56/4648 5785/58/4685 5843/58/4741
f 5747/56/4648 5843/58/4741 5841/56/4739
f 5787/8/4687 5786/10/4686 5840/10/4738
f 5787/8/4687 5840/10/4738 5817/8/4716
f 5789/42/4689 5788/44/4688 5831/44/4729
f 5789/42/4689 5831/44/4729 5819/42/4718
f 5785/58/4685 5790/60/4690 5816/60/4715
f 5785/58/4685 5816/60/4715 5843/58/4741
f 5791/28/4691 5783/30/4683 5842/30/4740
f 5791/28/4691 5842/30/4740 5821/28/4720
f 5844/14/4742 5845/16/4743 5846/16/4744
f 5844/14/4742 5846/16/4744 5847/14/4745
f 5826/24/4725 5822/26/4721 5848/26/4746
f 5826/24/4725 5848/26/4746 5849/24/4747
f 5827/16/4726 5823/18/4722 5850/18/4748
f 5827/16/4726 5850/18/4748 5845/16/4743
f 5828/1/4723 5825/4/4724 5851/4/4749
f 5828/1/4723 5851/4/4749 5852/1/4750
f 5829/36/4727 5811/38/4710 5814/38/4713
f 5829/36/4727 5814/38/4713 5853/36/4751
f 5831/44/4729 5830/46/4728 5854/46/4752
f 5831/44/4729 5854/46/4752 5855/44/4753
f 5832/14/4730 5827/16/4726 5845/16/4743
f 5832/14/4730 5845/16/4743 5844/14/4742
f 5830/46/4728 5833/48/4731 5856/48/4754
f 5830/46/4728 5856/48/4754 5854/46/4752
f 5834/34/4732 5829/36/4727 5853/36/4751
f 5834/34/4732 5853/36/4751 5857/34/4755
f 5833/48/4731 5835/50/4733 5858/50/4756
f 5833/48/4731 5858/50/4756 5856/48/4754
f 5836/12/4734 5832/14/4730 5844/14/4742
f 5836/12/4734 5844/14/4742 5859/12/4757
f 5835/50/4733 5837/52/4735 5860/52/4758
f 5835/50/4733 5860/52/4758 5858/50/4756
f 5838/32/4736 5834/34/4732 5857/34/4755
f 5838/32/4736 5857/34/4755 5861/32/4759
f 5837/52/4735 5839/54/4737 5862/54/4760
f 5837/52/4735 5862/54/4760 5860/52/4758
f 5840/10/4738 5836/12/4734 5859/12/4757
f 5840/10/4738 5859/12/4757 5863/10/4761
f 5839/54/4737 5841/56/4739 5864/56/4762
f 5839/54/4737 5864/56/4762 5862/54/4760
f 5842/30/4740 5838/32/4736 5861/32/4759
f 5842/30/4740 5861/32/4759 5865/30/4763
f 5780/22/4680 5826/24/4725 5849/24/4747
f 5780/22/4680 5849/24/4747 5866/22/4764
f 5841/56/4739 5843/58/4741 5867/58/4765
f 5841/56/4739 5867/58/4765 5864/56/4762
f 5817/8/4716 5840/10/4738 5863/10/4761
f 5817/8/4716 5863/10/4761 5868/8/4766
f 5819/42/4718 5831/44/4729 5855/44/4753
f 5819/42/4718 5855/44/4753 5869/42/4767
f 5843/58/4741 5816/60/4715 5870/60/4768
f 5843/58/4741 5870/60/4768 5867/58/4765
f 5821/28/4720 5842/30/4740 5865/30/4763
f 5821/28/4720 5865/30/4763 5871/28/4769
f 5781/20/4681 5780/22/4680 5866/22/4764
f 5781/20/4681 5866/22/4764 5872/20/4770
f 5816/60/4715 5815/62/4714 5873/62/4771
f 5816/60/4715 5873/62/4771 5870/60/4768
f 5818/6/4717 5817/8/4716 5868/8/4766
f 5818/6/4717 5868/8/4766 5874/6/4772
f 5812/40/4711 5819/42/4718 5869/42/4767
f 5812/40/4711 5869/42/4767 5813/40/4712
f 5815/62/4714 5820/64/4719 5875/64/4773
f 5815/62/4714 5875/64/4773 5873/62/4771
f 5822/26/4721 5821/28/4720 5871/28/4769
f 5822/26/4721 5871/28/4769 5848/26/4746
f 5823/18/4722 5781/20/4681 5872/20/4770
f 5823/18/4722 5872/20/4770 5850/18/4748
f 5820/64/4719 5824/66/4723 5876/66/4750
f 5820/64/4719 5876/66/4750 5875/64/4773
f 5825/4/4724 5818/6/4717 5874/6/4772
f 5825/4/4724 5874/6/4772 5851/4/4749
f 5877/32/4774 5878/34/4775 5879/34/4776
f 5877/32/4774 5879/34/4776 5880/32/4777
f 5854/46/4752 5856/48/4754 5881/48/4778
f 5854/46/4752 5881/48/4778 5882/46/4779
f 5857/34/4755 5853/36/4751 5883/36/4780
f 5857/34/4755 5883/36/4780 5878/34/4775
f 5856/48/4754 5858/50/4756 5884/50/4781
f 5856/48/4754 5884/50/4781 5881/48/4778
f 5859/12/4757 5844/14/4742 5847/14/4745
f 5859/12/4757 5847/14/4745 5885/12/4782
f 5858/50/4756 5860/52/4758 5886/52/4783
f 5858/50/4756 5886/52/4783 5884/50/4781
f 5861/32/4759 5857/34/4755 5878/34/4775
f 5861/32/4759 5878/34/4775 5877/32/4774
f 5860/52/4758 5862/54/4760 5887/54/4784
f 5860/52/4758 5887/54/4784 5886/52/4783
f 5863/10/4761 5859/12/4757 5885/12/4782
f 5863/10/4761 5885/12/4782 5888/10/4785
f 5862/54/4760 5864/56/4762 5889/56/4786
f 5862/54/4760 5889/56/4786 5887/54/4784
f 5865/30/4763 5861/32/4759 5877/32/4774
f 5865/30/4763 5877/32/4774 5890/30/4787
f 5866/22/4764 5849/24/4747 5891/24/4788
f 5866/22/4764 5891/24/4788 5892/22/4789
f 5864/56/4762 5867/58/4765 5893/58/4790
f 5864/56/4762 5893/58/4790 5889/56/4786
f 5868/8/4766 5863/10/4761 5888/10/4785
f 5868/8/4766 5888/10/4785 5894/8/4791
f 5869/42/4767 5855/44/4753 5895/44/4792
f 5869/42/4767 5895/44/4792 5896/42/4793
f 5867/58/4765 5870/60/4768 5897/60/4794
f 5867/58/4765 5897/60/4794 5893/58/4790
f 5871/28/4769 5865/30/4763 5890/30/4787
f 5871/28/4769 5890/30/4787 5898/28/4795
f 5872/20/4770 5866/22/4764 5892/22/4789
f 5872/20/4770 5892/22/4789 5899/20/4796
f 5870/60/4768 5873/62/4771 5900/62/4797
f 5870/60/4768 5900/62/4797 5897/60/4794
f 5874/6/4772 5868/8/4766 5894/8/4791
f 5874/6/4772 5894/8/4791 5901/6/4798
f 5813/40/4712 5869/42/4767 5896/42/4793
f 5813/40/4712 5896/42/4793 5902/40/4799
f 5873/62/4771 5875/64/4773 5903/64/4800
f 5873/62/4771 5903/64/4800 5900/62/4797
f 5848/26/4746 5871/28/4769 5898/28/4795
f 5848/26/4746 5898/28/4795 5904/26/4801
f 5850/18/4748 5872/20/4770 5899/20/4796
f 5850/18/4748 5899/20/4796 5905/18/4802
f 5875/64/4773 5876/66/4750 5906/66/4803
f 5875/64/4773 5906/66/4803 5903/64/4800
f 5851/4/4749 5874/6/4772 5901/6/4798
f 5851/4/4749 5901/6/4798 5907/4/4804
f 5814/38/4713 5813/40/4712 5902/40/4799
f 5814/38/4713 5902/40/4799 5908/38/4805
f 5849/24/4747 5848/26/4746 5904/26/4801
f 5849/24/4747 5904/26/4801 5891/24/4788
f 5845/16/4743 5850/18/4748 5905/18/4802
f 5845/16/4743 5905/18/4802 5846/16/4744
f 5852/1/4750 5851/4/4749 5907/4/4804
f 5852/1/4750 5907/4/4804 5909/1/4803
f 5853/36/4751 5814/38/4713 5908/38/4805
f 5853/36/4751 5908/38/4805 5883/36/4780
f 5855/44/4753 5854/46/4752 5882/46/4779
f 5855/44/4753 5882/46/4779 5895/44/4792
f 5910/8/4806 5911/10/4807 5912/10/4808
f 5910/8/4806 5912/10/4808 5913/8/4809
f 5886/52/4783 5887/54/4784 5914/54/4810
f 5886/52/4783 5914/54/4810 5915/52/4811
f 5888/10/4785 5885/12/4782 5916/12/4812
f 5888/10/4785 5916/12/4812 5911/10/4807
f 5887/54/4784 5889/56/4786 5917/56/4813
f 5887/54/4784 5917/56/4813 5914/54/4810
f 5890/30/4787 5877/32/4774 5880/32/4777
f 5890/30/4787 5880/32/4777 5918/30/4814
f 5892/22/4789 5891/24/4788 5919/24/4815
f 5892/22/4789 5919/24/4815 5920/22/4816
f 5889/56/4786 5893/58/4790 5921/58/4817
f 5889/56/4786 5921/58/4817 5917/56/4813
f 5894/8/4791 5888/10/4785 5911/10/4807
f 5894/8/4791 5911/10/4807 5910/8/4806
f 5896/42/4793 5895/44/4792 5922/44/4818
f 5896/42/4793 5922/44/4818 5923/42/4819
f 5893/58/4790 5897/60/4794 5924/60/4820
f 5893/58/4790 5924/60/4820 5921/58/4817
f 5898/28/4795 5890/30/4787 5918/30/4814
f 5898/28/4795 5918/30/4814 5925/28/4821
f 5899/20/4796 5892/22/4789 5920/22/4816
f 5899/20/4796 5920/22/4816 5926/20/4822
f 5897/60/4794 5900/62/4797 5927/62/4823
f 5897/60/4794 5927/62/4823 5924/60/4820
f 5901/6/4798 5894/8/4791 5910/8/4806
f 5901/6/4798 5910/8/4806 5928/6/4824
f 5902/40/4799 5896/42/4793 5923/42/4819
f 5902/40/4799 5923/42/4819 5929/40/4825
f 5900/62/4797 5903/64/4800 5930/64/4826
f 5900/62/4797 5930/64/4826 5927/62/4823
f 5904/26/4801 5898/28/4795 5925/28/4821
f 5904/26/4801 5925/28/4821 5931/26/4827
f 5905/18/4802 5899/20/4796 5926/20/4822
f 5905/18/4802 5926/20/4822 5932/18/4828
f 5903/64/4800 5906/66/4803 5933/66/4829
f 5903/64/4800 5933/66/4829 5930/64/4826
f 5907/4/4804 5901/6/4798 5928/6/4824
f 5907/4/4804 5928/6/4824 5934/4/4830
f 5908/38/4805 5902/40/4799 5929/40/4825
f 5908/38/4805 5929/40/4825 5935/38/4831
f 5891/24/4788 5904/26/4801 5931/26/4827
f 5891/24/4788 5931/26/4827 5919/24/4815
f 5846/16/4744 5905/18/4802 5932/18/4828
f 5846/16/4744 5932/18/4828 5936/16/4832
f 5909/1/4803 5907/4/4804 5934/4/4830
f 5909/1/4803 5934/4/4830 5937/1/4833
f 5883/36/4780 5908/38/4805 5935/38/4831
f 5883/36/4780 5935/38/4831 5938/36/4834
f 5895/44/4792 5882/46/4779 5939/46/4835
f 5895/44/4792 5939/46/4835 5922/44/4818
f 5847/14/4745 5846/16/4744 5936/16/4832
f 5847/14/4745 5936/16/4832 5940/14/4836
f 5882/46/4779 5881/48/4778 5941/48/4837
f 5882/46/4779 5941/48/4837 5939/46/4835
f 5878/34/4775 5883/36/4780 5938/36/4834
f 5878/34/4775 5938/36/4834 5879/34/4776
f 5881/48/4778 5884/50/4781 5942/50/4838
f 5881/48/4778 5942/50/4838 5941/48/4837
f 5885/12/4782 5847/14/4745 5940/14/4836
f 5885/12/4782 5940/14/4836 5916/12/4812
f 5884/50/4781 5886/52/4783 5915/52/4811
f 5884/50/4781 5915/52/4811 5942/50/4838
f 5943/26/4839 5944/28/4840 5945/28/4841
f 5943/26/4839 5945/28/4841 5946/26/4842
f 5923/42/4819 5922/44/4818 5947/44/4843
f 5923/42/4819 5947/44/4843 5948/42/4844
f 5921/58/4817 5924/60/4820 5949/60/4845
f 5921/58/4817 5949/60/4845 5950/58/4846
f 5925/28/4821 5918/30/4814 5951/30/4847
f 5925/28/4821 5951/30/4847 5944/28/4840
f 5926/20/4822 5920/22/4816 5952/22/4848
f 5926/20/4822 5952/22/4848 5953/20/4849
f 5924/60/4820 5927/62/4823 5954/62/4850
f 5924/60/4820 5954/62/4850 5949/60/4845
f 5928/6/4824 5910/8/4806 5913/8/4809
f 5928/6/4824 5913/8/4809 5955/6/4851
f 5929/40/4825 5923/42/4819 5948/42/4844
f 5929/40/4825 5948/42/4844 5956/40/4852
f 5927/62/4823 5930/64/4826 5957/64/4853
f 5927/62/4823 5957/64/4853 5954/62/4850
f 5931/26/4827 5925/28/4821 5944/28/4840
f 5931/26/4827 5944/28/4840 5943/26/4839
f 5932/18/4828 5926/20/4822 5953/20/4849
f 5932/18/4828 5953/20/4849 5958/18/4854
f 5930/64/4826 5933/66/4829 5959/66/4855
f 5930/64/4826 5959/66/4855 5957/64/4853
f 5934/4/4830 5928/6/4824 5955/6/4851
f 5934/4/4830 5955/6/4851 5960/4/4856
f 5935/38/4831 5929/40/4825 5956/40/4852
f 5935/38/4831 5956/40/4852 5961/38/4857
f 5919/24/4815 5931/26/4827 5943/26/4839
f 5919/24/4815 5943/26/4839 5962/24/4858
f 5936/16/4832 5932/18/4828 5958/18/4854
f 5936/16/4832 5958/18/4854 5963/16/4859
f 5937/1/4833 5934/4/4830 5960/4/4856
f 5937/1/4833 5960/4/4856 5964/1/4860
f 5938/36/4834 5935/38/4831 5961/38/4857
f 5938/36/4834 5961/38/4857 5965/36/4861
f 5922/44/4818 5939/46/4835 5966/46/4862
f 5922/44/4818 5966/46/4862 5947/44/4843
f 5940/14/4836 5936/16/4832 5963/16/4859
f 5940/14/4836 5963/16/4859 5967/14/4863
f 5939/46/4835 5941/48/4837 5968/48/4864
f 5939/46/4835 5968/48/4864 5966/46/4862
f 5879/34/4776 5938/36/4834 5965/36/4861
f 5879/34/4776 5965/36/4861 5969/34/4865
f 5941/48/4837 5942/50/4838 5970/50/4866
f 5941/48/4837 5970/50/4866 5968/48/4864
f 5916/12/4812 5940/14/4836 5967/14/4863
f 5916/12/4812 5967/14/4863 5971/12/4867
f 5942/50/4838 5915/52/4811 5972/52/4868
f 5942/50/4838 5972/52/4868 5970/50/4866
f 5880/32/4777 5879/34/4776 5969/34/4865
f 5880/32/4777 5969/34/4865 5973/32/4869
f 5915/52/4811 5914/54/4810 5974/54/4870
f 5915/52/4811 5974/54/4870 5972/52/4868
f 5911/10/4807 5916/12/4812 5971/12/4867
f 5911/10/4807 5971/12/4867 5912/10/4808
f 5914/54/4810 5917/56/4813 5975/56/4871
f 5914/54/4810 5975/56/4871 5974/54/4870
f 5918/30/4814 5880/32/4777 5973/32/4869
f 5918/30/4814 5973/32/4869 5951/30/4847
f 5920/22/4816 5919/24/4815 5962/24/4858
f 5920/22/4816 5962/24/4858 5952/22/4848
f 5917/56/4813 5921/58/4817 5950/58/4846
f 5917/56/4813 5950/58/4846 5975/56/4871
f 5976/1/4872 5977/4/4873 5978/4/4874
f 5976/1/4872 5978/4/4874 5979/1/4875
f 5958/18/4854 5953/20/4849 5980/20/4876
f 5958/18/4854 5980/20/4876 5981/18/4877
f 5957/64/4853 5959/66/4855 5982/66/4878
f 5957/64/4853 5982/66/4878 5983/64/4879
f 5960/4/4856 5955/6/4851 5984/6/4880
f 5960/4/4856 5984/6/4880 5977/4/4873
f 5961/38/4857 5956/40/4852 5985/40/4881
f 5961/38/4857 5985/40/4881 5986/38/4882
f 5962/24/4858 5943/26/4839 5946/26/4842
f 5962/24/4858 5946/26/4842 5987/24/4883
f 5963/16/4859 5958/18/4854 5981/18/4877
f 5963/16/4859 5981/18/4877 5988/16/4884
f 5964/1/4860 5960/4/4856 5977/4/4873
f 5964/1/4860 5977/4/4873 5976/1/4872
f 5965/36/4861 5961/38/4857 5986/38/4882
f 5965/36/4861 5986/38/4882 5989/36/4885
f 5947/44/4843 5966/46/4862 5990/46/4886
f 5947/44/4843 5990/46/4886 5991/44/4887
f 5967/14/4863 5963/16/4859 5988/16/4884
f 5967/14/4863 5988/16/4884 5992/14/4888
f 5966/46/4862 5968/48/4864 5993/48/4889
f 5966/46/4862 5993/48/4889 5990/46/4886
f 5969/34/4865 5965/36/4861 5989/36/4885
f 5969/34/4865 5989/36/4885 5994/34/4890
f 5968/48/4864 5970/50/4866 5995/50/4891
f 5968/48/4864 5995/50/4891 5993/48/4889
f 5971/12/4867 5967/14/4863 5992/14/4888
f 5971/12/4867 5992/14/4888 5996/12/4892
f 5970/50/4866 5972/52/4868 5997/52/4893
f 5970/50/4866 5997/52/4893 5995/50/4891
f 5973/32/4869 5969/34/4865 5994/34/4890
f 5973/32/4869 5994/34/4890 5998/32/4894
f 5972/52/4868 5974/54/4870 5999/54/4895
f 5972/52/4868 5999/54/4895 5997/52/4893
f 5912/10/4808 5971/12/4867 5996/12/4892
f 5912/10/4808 5996/12/4892 6000/10/4896
f 5974/54/4870 5975/56/4871 6001/56/4897
f 5974/54/4870 6001/56/4897 5999/54/4895
f 5951/30/4847 5973/32/4869 5998/32/4894
f 5951/30/4847 5998/32/4894 6002/30/4898
f 5952/22/4848 5962/24/4858 5987/24/4883
f 5952/22/4848 5987/24/4883 6003/22/4899
f 5975/56/4871 5950/58/4846 6004/58/4900
f 5975/56/4871 6004/58/4900 6001/56/4897
f 5913/8/4809 5912/10/4808 6000/10/4896
f 5913/8/4809 6000/10/4896 6005/8/4901
f 5948/42/4844 5947/44/4843 5991/44/4887
f 5948/42/4844 5991/44/4887 6006/42/4902
f 5950/58/4846 5949/60/4845 6007/60/4903
f 5950/58/4846 6007/60/4903 6004/58/4900
f 5944/28/4840 5951/30/4847 6002/30/4898
f 5944/28/4840 6002/30/4898 5945/28/4841
f 5953/20/4849 5952/22/4848 6003/22/4899
f 5953/20/4849 6003/22/4899 5980/20/4876
f 5949/60/4845 5954/62/4850 6008/62/4904
f 5949/60/4845 6008/62/4904 6007/60/4903
f 5955/6/4851 5913/8/4809 6005/8/4901
f 5955/6/4851 6005/8/4901 5984/6/4880
f 5956/40/4852 5948/42/4844 6006/42/4902
f 5956/40/4852 6006/42/4902 5985/40/4881
f 5954/62/4850 5957/64/4853 5983/64/4879
f 5954/62/4850 5983/64/4879 6008/62/4904
f 6009/48/4905 6010/50/4906 6011/50/4907
f 6009/48/4905 6011/50/4907 6012/48/4908
f 5989/36/4885 5986/38/4882 6013/38/4909
f 5989/36/4885 6013/38/4909 6014/36/4910
f 5991/44/4887 5990/46/4886 6015/46/4911
f 5991/44/4887 6015/46/4911 6016/44/4912
f 5992/14/4888 5988/16/4884 6017/16/4913
f 5992/14/4888 6017/16/4913 6018/14/4914
f 5990/46/4886 5993/48/4889 6009/48/4905
f 5990/46/4886 6009/48/4905 6015/46/4911
f 5994/34/4890 5989/36/4885 6014/36/4910
f 5994/34/4890 6014/36/4910 6019/34/4915
f 5993/48/4889 5995/50/4891 6010/50/4906
f 5993/48/4889 6010/50/4906 6009/48/4905
f 5996/12/4892 5992/14/4888 6018/14/4914
f 5996/12/4892 6018/14/4914 6020/12/4916
f 5995/50/4891 5997/52/4893 6021/52/4917
f 5995/50/4891 6021/52/4917 6010/50/4906
f 5998/32/4894 5994/34/4890 6019/34/4915
f 5998/32/4894 6019/34/4915 6022/32/4918
f 5997/52/4893 5999/54/4895 6023/54/4919
f 5997/52/4893 6023/54/4919 6021/52/4917
f 6000/10/4896 5996/12/4892 6020/12/4916
f 6000/10/4896 6020/12/4916 6024/10/4920
f 5999/54/4895 6001/56/4897 6025/56/4921
f 5999/54/4895 6025/56/4921 6023/54/4919
f 6002/30/4898 5998/32/4894 6022/32/4918
f 6002/30/4898 6022/32/4918 6026/30/4922
f 6003/22/4899 5987/24/4883 6027/24/4923
f 6003/22/4899 6027/24/4923 6028/22/4924
f 6001/56/4897 6004/58/4900 6029/58/4925
f 6001/56/4897 6029/58/4925 6025/56/4921
f 6005/8/4901 6000/10/4896 6024/10/4920
f 6005/8/4901 6024/10/4920 6030/8/4926
f 6006/42/4902 5991/44/4887 6016/44/4912
f 6006/42/4902 6016/44/4912 6031/42/4927
f 6004/58/4900 6007/60/4903 6032/60/4928
f 6004/58/4900 6032/60/4928 6029/58/4925
f 5945/28/4841 6002/30/4898 6026/30/4922
f 5945/28/4841 6026/30/4922 6033/28/4929
f 5980/20/4876 6003/22/4899 6028/22/4924
f 5980/20/4876 6028/22/4924 6034/20/4930
f 6007/60/4903 6008/62/4904 6035/62/4931
f 6007/60/4903 6035/62/4931 6032/60/4928
f 5984/6/4880 6005/8/4901 6030/8/4926
f 5984/6/4880 6030/8/4926 6036/6/4932
f 5985/40/4881 6006/42/4902 6031/42/4927
f 5985/40/4881 6031/42/4927 6037/40/4933
f 6008/62/4904 5983/64/4879 6038/64/4934
f 6008/62/4904 6038/64/4934 6035/62/4931
f 5946/26/4842 5945/28/4841 6033/28/4929
f 5946/26/4842 6033/28/4929 6039/26/4935
f 5981/18/4877 5980/20/4876 6034/20/4930
f 5981/18/4877 6034/20/4930 6040/18/4936
f 5983/64/4879 5982/66/4878 6041/66/4937
f 5983/64/4879 6041/66/4937 6038/64/4934
f 5977/4/4873 5984/6/4880 6036/6/4932
f 5977/4/4873 6036/6/4932 5978/4/4874
f 5986/38/4882 5985/40/4881 6037/40/4933
f 5986/38/4882 6037/40/4933 6013/38/4909
f 5987/24/4883 5946/26/4842 6039/26/4935
f 5987/24/4883 6039/26/4935 6027/24/4923
f 5988/16/4884 5981/18/4877 6040/18/4936
f 5988/16/4884 6040/18/4936 6017/16/4913
f 6042/10/4938 6043/12/4939 6044/12/4940
f 6042/10/4938 6044/12/4940 6045/10/4941
f 6020/12/4916 6018/14/4914 6046/14/4942
f 6020/12/4916 6046/14/4942 6043/12/4939
f 6010/50/4906 6021/52/4917 6047/52/4943
f 6010/50/4906 6047/52/4943 6011/50/4907
f 6022/32/4918 6019/34/4915 6048/34/4944
f 6022/32/4918 6048/34/4944 6049/32/4945
f 6021/52/4917 6023/54/4919 6050/54/4946
f 6021/52/4917 6050/54/4946 6047/52/4943
f 6024/10/4920 6020/12/4916 6043/12/4939
f 6024/10/4920 6043/12/4939 6042/10/4938
f 6023/54/4919 6025/56/4921 6051/56/4947
f 6023/54/4919 6051/56/4947 6050/54/4946
f 6026/30/4922 6022/32/4918 6049/32/4945
f 6026/30/4922 6049/32/4945 6052/30/4948
f 6028/22/4924 6027/24/4923 6053/24/4949
f 6028/22/4924 6053/24/4949 6054/22/4950
f 6025/56/4921 6029/58/4925 6055/58/4951
f 6025/56/4921 6055/58/4951 6051/56/4947
f 6030/8/4926 6024/10/4920 6042/10/4938
f 6030/8/4926 6042/10/4938 6056/8/4952
f 6031/42/4927 6016/44/4912 6057/44/4953
f 6031/42/4927 6057/44/4953 6058/42/4954
f 6029/58/4925 6032/60/4928 6059/60/4955
f 6029/58/4925 6059/60/4955 6055/58/4951
f 6033/28/4929 6026/30/4922 6052/30/4948
f 6033/28/4929 6052/30/4948 6060/28/4956
f 6034/20/4930 6028/22/4924 6054/22/4950
f 6034/20/4930 6054/22/4950 6061/20/4957
f 6032/60/4928 6035/62/4931 6062/62/4958
f 6032/60/4928 6062/62/4958 6059/60/4955
f 6036/6/4932 6030/8/4926 6056/8/4952
f 6036/6/4932 6056/8/4952 6063/6/4959
f 6037/40/4933 6031/42/4927 6058/42/4954
f 6037/40/4933 6058/42/4954 6064/40/4960
f 6035/62/4931 6038/64/4934 6065/64/4961
f 6035/62/4931 6065/64/4961 6062/62/4958
f 6039/26/4935 6033/28/4929 6060/28/4956
f 6039/26/4935 6060/28/4956 6066/26/4962
f 6040/18/4936 6034/20/4930 6061/20/4957
f 6040/18/4936 6061/20/4957 6067/18/4963
f 6038/64/4934 6041/66/4937 6068/66/4964
f 6038/64/4934 6068/66/4964 6065/64/4961
f 5978/4/4874 6036/6/4932 6063/6/4959
f 5978/4/4874 6063/6/4959 6069/4/4965
f 6013/38/4909 6037/40/4933 6064/40/4960
f 6013/38/4909 6064/40/4960 6070/38/4966
f 6027/24/4923 6039/26/4935 6066/26/4962
f 6027/24/4923 6066/26/4962 6053/24/4949
f 6017/16/4913 6040/18/4936 6067/18/4963
f 6017/16/4913 6067/18/4963 6071/16/4967
f 5979/1/4875 5978/4/4874 6069/4/4965
f 5979/1/4875 6069/4/4965 6072/1/4317
f 6014/36/4910 6013/38/4909 6070/38/4966
f 6014/36/4910 6070/38/4966 6073/36/4968
f 6016/44/4912 6015/46/4911 6074/46/4969
f 6016/44/4912 6074/46/4969 6057/44/4953
f 6018/14/4914 6017/16/4913 6071/16/4967
f 6018/14/4914 6071/16/4967 6046/14/4942
f 6015/46/4911 6009/48/4905 6012/48/4908
f 6015/46/4911 6012/48/4908 6074/46/4969
f 6019/34/4915 6014/36/4910 6073/36/4968
f 6019/34/4915 6073/36/4968 6048/34/4944
f 6075/28/4970 6076/30/4971 6077/30/4972
f 6075/28/4970 6077/30/4972 6078/28/4973
f 6050/54/4946 6051/56/4947 6079/56/4974
f 6050/54/4946 6079/56/4974 6080/54/4975
f 6052/30/4948 6049/32/4945 6081/32/4976
f 6052/30/4948 6081/32/4976 6076/30/4971
f 6054/22/4950 6053/24/4949 6082/24/4977
f 6054/22/4950 6082/24/4977 6083/22/4978
f 6051/56/4947 6055/58/4951 6084/58/4979
f 6051/56/4947 6084/58/4979 6079/56/4974
f 6056/8/4952 6042/10/4938 6045/10/4941
f 6056/8/4952 6045/10/4941 6085/8/4980
f 6058/42/4954 6057/44/4953 6086/44/4981
f 6058/42/4954 6086/44/4981 6087/42/4982
f 6055/58/4951 6059/60/4955 6088/60/4983
f 6055/58/4951 6088/60/4983 6084/58/4979
f 6060/28/4956 6052/30/4948 6076/30/4971
f 6060/28/4956 6076/30/4971 6075/28/4970
f 6061/20/4957 6054/22/4950 6083/22/4978
f 6061/20/4957 6083/22/4978 6089/20/4984
f 6059/60/4955 6062/62/4958 6090/62/4985
f 6059/60/4955 6090/62/4985 6088/60/4983
f 6063/6/4959 6056/8/4952 6085/8/4980
f 6063/6/4959 6085/8/4980 6091/6/4986
f 6064/40/4960 6058/42/4954 6087/42/4982
f 6064/40/4960 6087/42/4982 6092/40/4987
f 6062/62/4958 6065/64/4961 6093/64/4988
f 6062/62/4958 6093/64/4988 6090/62/4985
f 6066/26/4962 6060/28/4956 6075/28/4970
f 6066/26/4962 6075/28/4970 6094/26/4989
f 6067/18/4963 6061/20/4957 6089/20/4984
f 6067/18/4963 6089/20/4984 6095/18/4990
f 6065/64/4961 6068/66/4964 6096/66/4991
f 6065/64/4961 6096/66/4991 6093/64/4988
f 6069/4/4965 6063/6/4959 6091/6/4986
f 6069/4/4965 6091/6/4986 6097/4/4992
f 6070/38/4966 6064/40/4960 6092/40/4987
f 6070/38/4966 6092/40/4987 6098/38/4993
f 6053/24/4949 6066/26/4962 6094/26/4989
f 6053/24/4949 6094/26/4989 6082/24/4977
f 6071/16/4967 6067/18/4963 6095/18/4990
f 6071/16/4967 6095/18/4990 6099/16/4994
f 6072/1/4317 6069/4/4965 6097/4/4992
f 6072/1/4317 6097/4/4992 6100/1/4995
f 6073/36/4968 6070/38/4966 6098/38/4993
f 6073/36/4968 6098/38/4993 6101/36/4996
f 6057/44/4953 6074/46/4969 6102/46/4997
f 6057/44/4953 6102/46/4997 6086/44/4981
f 6046/14/4942 6071/16/4967 6099/16/4994
f 6046/14/4942 6099/16/4994 6103/14/4998
f 6074/46/4969 6012/48/4908 6104/48/4999
f 6074/46/4969 6104/48/4999 6102/46/4997
f 6048/34/4944 6073/36/4968 6101/36/4996
f 6048/34/4944 6101/36/4996 6105/34/5000
f 6012/48/4908 6011/50/4907 6106/50/5001
f 6012/48/4908 6106/50/5001 6104/48/4999
f 6043/12/4939 6046/14/4942 6103/14/4998
f 6043/12/4939 6103/14/4998 6044/12/4940
f 6011/50/4907 6047/52/4943 6107/52/5002
f 6011/50/4907 6107/52/5002 6106/50/5001
f 6049/32/4945 6048/34/4944 6105/34/5000
f 6049/32/4945 6105/34/5000 6081/32/4976
f 6047/52/4943 6050/54/4946 6080/54/4975
f 6047/52/4943 6080/54/4975 6107/52/5002
f 6108/4/5003 6109/6/5004 6110/6/5005
f 6108/4/5003 6110/6/5005 6111/4/5006
f 6089/20/4984 6083/22/4978 6112/22/5007
f 6089/20/4984 6112/22/5007 6113/20/5008
f 6088/60/4983 6090/62/4985 6114/62/5009
f 6088/60/4983 6114/62/5009 6115/60/5010
f 6091/6/4986 6085/8/4980 6116/8/5011
f 6091/6/4986 6116/8/5011 6109/6/5004
f 6092/40/4987 6087/42/4982 6117/42/5012
f 6092/40/4987 6117/42/5012 6118/40/5013
f 6090/62/4985 6093/64/4988 6119/64/5014
f 6090/62/4985 6119/64/5014 6114/62/5009
f 6094/26/4989 6075/28/4970 6078/28/4973
f 6094/26/4989 6078/28/4973 6120/26/5015
f 6095/18/4990 6089/20/4984 6113/20/5008
f 6095/18/4990 6113/20/5008 6121/18/5016
f 6093/64/4988 6096/66/4991 6122/66/5017
f 6093/64/4988 6122/66/5017 6119/64/5014
f 6097/4/4992 6091/6/4986 6109/6/5004
f 6097/4/4992 6109/6/5004 6108/4/5003
f 6098/38/4993 6092/40/4987 6118/40/5013
f 6098/38/4993 6118/40/5013 6123/38/5018
f 6082/24/4977 6094/26/4989 6120/26/5015
f 6082/24/4977 6120/26/5015 6124/24/5019
f 6099/16/4994 6095/18/4990 6121/18/5016
f 6099/16/4994 6121/18/5016 6125/16/5020
f 6100/1/4995 6097/4/4992 6108/4/5003
f 6100/1/4995 6108/4/5003 6126/1/5021
f 6101/36/4996 6098/38/4993 6123/38/5018
f 6101/36/4996 6123/38/5018 6127/36/5022
f 6086/44/4981 6102/46/4997 6128/46/5023
f 6086/44/4981 6128/46/5023 6129/44/5024
f 6103/14/4998 6099/16/4994 6125/16/5020
f 6103/14/4998 6125/16/5020 6130/14/5025
f 6102/46/4997 6104/48/4999 6131/48/5026
f 6102/46/4997 6131/48/5026 6128/46/5023
f 6105/34/5000 6101/36/4996 6127/36/5022
f 6105/34/5000 6127/36/5022 6132/34/5027
f 6104/48/4999 6106/50/5001 6133/50/5028
f 6104/48/4999 6133/50/5028 6131/48/5026
f 6044/12/4940 6103/14/4998 6130/14/5025
f 6044/12/4940 6130/14/5025 6134/12/5029
f 6106/50/5001 6107/52/5002 6135/52/5030
f 6106/50/5001 6135/52/5030 6133/50/5028
f 6081/32/4976 6105/34/5000 6132/34/5027
f 6081/32/4976 6132/34/5027 6136/32/5031
f 6107/52/5002 6080/54/4975 6137/54/5032
f 6107/52/5002 6137/54/5032 6135/52/5030
f 6045/10/4941 6044/12/4940 6134/12/5029
f 6045/10/4941 6134/12/5029 6138/10/5033
f 6080/54/4975 6079/56/4974 6139/56/5034
f 6080/54/4975 6139/56/5034 6137/54/5032
f 6076/30/4971 6081/32/4976 6136/32/5031
f 6076/30/4971 6136/32/5031 6077/30/4972
f 6083/22/4978 6082/24/4977 6124/24/5019
f 6083/22/4978 6124/24/5019 6112/22/5007
f 6079/56/4974 6084/58/4979 6140/58/5035
f 6079/56/4974 6140/58/5035 6139/56/5034
f 6085/8/4980 6045/10/4941 6138/10/5033
f 6085/8/4980 6138/10/5033 6116/8/5011
f 6087/42/4982 6086/44/4981 6129/44/5024
f 6087/42/4982 6129/44/5024 6117/42/5012
f 6084/58/4979 6088/60/4983 6115/60/5010
f 6084/58/4979 6115/60/5010 6140/58/5035
f 6141/44/5036 6142/46/5037 6143/46/5038
f 6141/44/5036 6143/46/5038 6144/44/5039
f 6123/38/5018 6118/40/5013 6145/40/5040
f 6123/38/5018 6145/40/5040 6146/38/5041
f 6124/24/5019 6120/26/5015 6147/26/5042
f 6124/24/5019 6147/26/5042 6148/24/5043
f 6125/16/5020 6121/18/5016 6149/18/5044
f 6125/16/5020 6149/18/5044 6150/16/5045
f 6126/1/5021 6108/4/5003 6111/4/5006
f 6126/1/5021 6111/4/5006 6151/1/5046
f 6127/36/5022 6123/38/5018 6146/38/5041
f 6127/36/5022 6146/38/5041 6152/36/5047
f 6129/44/5024 6128/46/5023 6142/46/5037
f 6129/44/5024 6142/46/5037 6141/44/5036
f 6130/14/5025 6125/16/5020 6150/16/5045
f 6130/14/5025 6150/16/5045 6153/14/5048
f 6128/46/5023 6131/48/5026 6154/48/5049
f 6128/46/5023 6154/48/5049 6142/46/5037
f 6132/34/5027 6127/36/5022 6152/36/5047
f 6132/34/5027 6152/36/5047 6155/34/5050
f 6131/48/5026 6133/50/5028 6156/50/5051
f 6131/48/5026 6156/50/5051 6154/48/5049
f 6134/12/5029 6130/14/5025 6153/14/5048
f 6134/12/5029 6153/14/5048 6157/12/5052
f 6133/50/5028 6135/52/5030 6158/52/5053
f 6133/50/5028 6158/52/5053 6156/50/5051
f 6136/32/5031 6132/34/5027 6155/34/5050
f 6136/32/5031 6155/34/5050 6159/32/5054
f 6135/52/5030 6137/54/5032 6160/54/5055
f 6135/52/5030 6160/54/5055 6158/52/5053
f 6138/10/5033 6134/12/5029 6157/12/5052
f 6138/10/5033 6157/12/5052 6161/10/5056
f 6137/54/5032 6139/56/5034 6162/56/5057
f 6137/54/5032 6162/56/5057 6160/54/5055
f 6077/30/4972 6136/32/5031 6159/32/5054
f 6077/30/4972 6159/32/5054 6163/30/5058
f 6112/22/5007 6124/24/5019 6148/24/5043
f 6112/22/5007 6148/24/5043 6164/22/5059
f 6139/56/5034 6140/58/5035 6165/58/5060
f 6139/56/5034 6165/58/5060 6162/56/5057
f 6116/8/5011 6138/10/5033 6161/10/5056
f 6116/8/5011 6161/10/5056 6166/8/5061
f 6117/42/5012 6129/44/5024 6141/44/5036
f 6117/42/5012 6141/44/5036 6167/42/5062
f 6140/58/5035 6115/60/5010 6168/60/5063
f 6140/58/5035 6168/60/5063 6165/58/5060
f 6078/28/4973 6077/30/4972 6163/30/5058
f 6078/28/4973 6163/30/5058 6169/28/5064
f 6113/20/5008 6112/22/5007 6164/22/5059
f 6113/20/5008 6164/22/5059 6170/20/5065
f 6115/60/5010 6114/62/5009 6171/62/5066
f 6115/60/5010 6171/62/5066 6168/60/5063
f 6109/6/5004 6116/8/5011 6166/8/5061
f 6109/6/5004 6166/8/5061 6110/6/5005
f 6118/40/5013 6117/42/5012 6167/42/5062
f 6118/40/5013 6167/42/5062 6145/40/5040
f 6114/62/5009 6119/64/5014 6172/64/5067
f 6114/62/5009 6172/64/5067 6171/62/5066
f 6120/26/5015 6078/28/4973 6169/28/5064
f 6120/26/5015 6169/28/5064 6147/26/5042
f 6121/18/5016 6113/20/5008 6170/20/5065
f 6121/18/5016 6170/20/5065 6149/18/5044
f 6119/64/5014 6122/66/5017 6173/66/5068
f 6119/64/5014 6173/66/5068 6172/64/5067
f 6174/50/5069 6175/52/5070 6176/52/5071
f 6174/50/5069 6176/52/5071 6177/50/5072
f 6153/14/5048 6150/16/5045 6178/16/5073
f 6153/14/5048 6178/16/5073 6179/14/5074
f 6142/46/5037 6154/48/5049 6180/48/5075
f 6142/46/5037 6180/48/5075 6143/46/5038
f 6155/34/5050 6152/36/5047 6181/36/5076
f 6155/34/5050 6181/36/5076 6182/34/5077
f 6154/48/5049 6156/50/5051 6174/50/5069
f 6154/48/5049 6174/50/5069 6180/48/5075
f 6157/12/5052 6153/14/5048 6179/14/5074
f 6157/12/5052 6179/14/5074 6183/12/5078
f 6156/50/5051 6158/52/5053 6175/52/5070
f 6156/50/5051 6175/52/5070 6174/50/5069
f 6159/32/5054 6155/34/5050 6182/34/5077
f 6159/32/5054 6182/34/5077 6184/32/5079
f 6158/52/5053 6160/54/5055 6185/54/5080
f 6158/52/5053 6185/54/5080 6175/52/5070
f 6161/10/5056 6157/12/5052 6183/12/5078
f 6161/10/5056 6183/12/5078 6186/10/5081
f 6160/54/5055 6162/56/5057 6187/56/5082
f 6160/54/5055 6187/56/5082 6185/54/5080
f 6163/30/5058 6159/32/5054 6184/32/5079
f 6163/30/5058 6184/32/5079 6188/30/5083
f 6164/22/5059 6148/24/5043 6189/24/5084
f 6164/22/5059 6189/24/5084 6190/22/5085
f 6162/56/5057 6165/58/5060 6191/58/5086
f 6162/56/5057 6191/58/5086 6187/56/5082
f 6166/8/5061 6161/10/5056 6186/10/5081
f 6166/8/5061 6186/10/5081 6192/8/5087
f 6167/42/5062 6141/44/5036 6144/44/5039
f 6167/42/5062 6144/44/5039 6193/42/5088
f 6165/58/5060 6168/60/5063 6194/60/5089
f 6165/58/5060 6194/60/5089 6191/58/5086
f 6169/28/5064 6163/30/5058 6188/30/5083
f 6169/28/5064 6188/30/5083 6195/28/5090
f 6170/20/5065 6164/22/5059 6190/22/5085
f 6170/20/5065 6190/22/5085 6196/20/5091
f 6168/60/5063 6171/62/5066 6197/62/5092
f 6168/60/5063 6197/62/5092 6194/60/5089
f 6110/6/5005 6166/8/5061 6192/8/5087
f 6110/6/5005 6192/8/5087 6198/6/5093
f 6145/40/5040 6167/42/5062 6193/42/5088
f 6145/40/5040 6193/42/5088 6199/40/5094
f 6171/62/5066 6172/64/5067 6200/64/5095
f 6171/62/5066 6200/64/5095 6197/62/5092
f 6147/26/5042 6169/28/5064 6195/28/5090
f 6147/26/5042 6195/28/5090 6201/26/5096
f 6149/18/5044 6170/20/5065 6196/20/5091
f 6149/18/5044 6196/20/5091 6202/18/5097
f 6172/64/5067 6173/66/5068 6203/66/5098
f 6172/64/5067 6203/66/5098 6200/64/5095
f 6111/4/5006 6110/6/5005 6198/6/5093
f 6111/4/5006 6198/6/5093 6204/4/5099
f 6146/38/5041 6145/40/5040 6199/40/5094
f 6146/38/5041 6199/40/5094 6205/38/5100
f 6148/24/5043 6147/26/5042 6201/26/5096
f 6148/24/5043 6201/26/5096 6189/24/5084
f 6150/16/5045 6149/18/5044 6202/18/5097
f 6150/16/5045 6202/18/5097 6178/16/5073
f 6151/1/5046 6111/4/5006 6204/4/5099
f 6151/1/5046 6204/4/5099 6206/1/5098
f 6152/36/5047 6146/38/5041 6205/38/5100
f 6152/36/5047 6205/38/5100 6181/36/5076
f 6207/56/5101 6208/58/5102 6209/58/5103
f 6207/56/5101 6209/58/5103 6210/56/5104
f 6184/32/5079 6182/34/5077 6211/34/5105
f 6184/32/5079 6211/34/5105 6212/32/5106
f 6175/52/5070 6185/54/5080 6213/54/5107
f 6175/52/5070 6213/54/5107 6176/52/5071
f 6186/10/5081 6183/12/5078 6214/12/5108
f 6186/10/5081 6214/12/5108 6215/10/5109
f 6185/54/5080 6187/56/5082 6207/56/5101
f 6185/54/5080 6207/56/5101 6213/54/5107
f 6188/30/5083 6184/32/5079 6212/32/5106
f 6188/30/5083 6212/32/5106 6216/30/5110
f 6190/22/5085 6189/24/5084 6217/24/5111
f 6190/22/5085 6217/24/5111 6218/22/5112
f 6187/56/5082 6191/58/5086 6208/58/5102
f 6187/56/5082 6208/58/5102 6207/56/5101
f 6192/8/5087 6186/10/5081 6215/10/5109
f 6192/8/5087 6215/10/5109 6219/8/5113
f 6193/42/5088 6144/44/5039 6220/44/5114
f 6193/42/5088 6220/44/5114 6221/42/5115
f 6191/58/5086 6194/60/5089 6222/60/5116
f 6191/58/5086 6222/60/5116 6208/58/5102
f 6195/28/5090 6188/30/5083 6216/30/5110
f 6195/28/5090 6216/30/5110 6223/28/5117
f 6196/20/5091 6190/22/5085 6218/22/5112
f 6196/20/5091 6218/22/5112 6224/20/5118
f 6194/60/5089 6197/62/5092 6225/62/5119
f 6194/60/5089 6225/62/5119 6222/60/5116
f 6198/6/5093 6192/8/5087 6219/8/5113
f 6198/6/5093 6219/8/5113 6226/6/5120
f 6199/40/5094 6193/42/5088 6221/42/5115
f 6199/40/5094 6221/42/5115 6227/40/5121
f 6197/62/5092 6200/64/5095 6228/64/5122
f 6197/62/5092 6228/64/5122 6225/62/5119
f 6201/26/5096 6195/28/5090 6223/28/5117
f 6201/26/5096 6223/28/5117 6229/26/5123
f 6202/18/5097 6196/20/5091 6224/20/5118
f 6202/18/5097 6224/20/5118 6230/18/5124
f 6200/64/5095 6203/66/5098 6231/66/5125
f 6200/64/5095 6231/66/5125 6228/64/5122
f 6204/4/5099 6198/6/5093 6226/6/5120
f 6204/4/5099 6226/6/5120 6232/4/5126
f 6205/38/5100 6199/40/5094 6227/40/5121
f 6205/38/5100 6227/40/5121 6233/38/5127
f 6189/24/5084 6201/26/5096 6229/26/5123
f 6189/24/5084 6229/26/5123 6217/24/5111
f 6178/16/5073 6202/18/5097 6230/18/5124
f 6178/16/5073 6230/18/5124 6234/16/5128
f 6206/1/5098 6204/4/5099 6232/4/5126
f 6206/1/5098 6232/4/5126 6235/1/5129
f 6181/36/5076 6205/38/5100 6233/38/5127
f 6181/36/5076 6233/38/5127 6236/36/5130
f 6144/44/5039 6143/46/5038 6237/46/5131
f 6144/44/5039 6237/46/5131 6220/44/5114
f 6179/14/5074 6178/16/5073 6234/16/5128
f 6179/14/5074 6234/16/5128 6238/14/5132
f 6143/46/5038 6180/48/5075 6239/48/5133
f 6143/46/5038 6239/48/5133 6237/46/5131
f 6182/34/5077 6181/36/5076 6236/36/5130
f 6182/34/5077 6236/36/5130 6211/34/5105
f 6180/48/5075 6174/50/5069 6177/50/5072
f 6180/48/5075 6177/50/5072 6239/48/5133
f 6183/12/5078 6179/14/5074 6238/14/5132
f 6183/12/5078 6238/14/5132 6214/12/5108
f 6240/62/5134 6241/64/5135 6242/64/5136
f 6240/62/5134 6242/64/5136 6243/62/5137
f 6219/8/5113 6215/10/5109 6244/10/5138
f 6219/8/5113 6244/10/5138 6245/8/5139
f 6221/42/5115 6220/44/5114 6246/44/5140
f 6221/42/5115 6246/44/5140 6247/42/5141
f 6208/58/5102 6222/60/5116 6248/60/5142
f 6208/58/5102 6248/60/5142 6209/58/5103
f 6223/28/5117 6216/30/5110 6249/30/5143
f 6223/28/5117 6249/30/5143 6250/28/5144
f 6224/20/5118 6218/22/5112 6251/22/5145
f 6224/20/5118 6251/22/5145 6252/20/5146
f 6222/60/5116 6225/62/5119 6240/62/5134
f 6222/60/5116 6240/62/5134 6248/60/5142
f 6226/6/5120 6219/8/5113 6245/8/5139
f 6226/6/5120 6245/8/5139 6253/6/5147
f 6227/40/5121 6221/42/5115 6247/42/5141
f 6227/40/5121 6247/42/5141 6254/40/5148
f 6225/62/5119 6228/64/5122 6241/64/5135
f 6225/62/5119 6241/64/5135 6240/62/5134
f 6229/26/5123 6223/28/5117 6250/28/5144
f 6229/26/5123 6250/28/5144 6255/26/5149
f 6230/18/5124 6224/20/5118 6252/20/5146
f 6230/18/5124 6252/20/5146 6256/18/5150
f 6228/64/5122 6231/66/5125 6257/66/5151
f 6228/64/5122 6257/66/5151 6241/64/5135
f 6232/4/5126 6226/6/5120 6253/6/5147
f 6232/4/5126 6253/6/5147 6258/4/5152
f 6233/38/5127 6227/40/5121 6254/40/5148
f 6233/38/5127 6254/40/5148 6259/38/5153
f 6217/24/5111 6229/26/5123 6255/26/5149
f 6217/24/5111 6255/26/5149 6260/24/5154
f 6234/16/5128 6230/18/5124 6256/18/5150
f 6234/16/5128 6256/18/5150 6261/16/5155
f 6235/1/5129 6232/4/5126 6258/4/5152
f 6235/1/5129 6258/4/5152 6262/1/5156
f 6236/36/5130 6233/38/5127 6259/38/5153
f 6236/36/5130 6259/38/5153 6263/36/5157
f 6220/44/5114 6237/46/5131 6264/46/5158
f 6220/44/5114 6264/46/5158 6246/44/5140
f 6238/14/5132 6234/16/5128 6261/16/5155
f 6238/14/5132 6261/16/5155 6265/14/5159
f 6237/46/5131 6239/48/5133 6266/48/5160
f 6237/46/5131 6266/48/5160 6264/46/5158
f 6211/34/5105 6236/36/5130 6263/36/5157
f 6211/34/5105 6263/36/5157 6267/34/5161
f 6239/48/5133 6177/50/5072 6268/50/5162
f 6239/48/5133 6268/50/5162 6266/48/5160
f 6214/12/5108 6238/14/5132 6265/14/5159
f 6214/12/5108 6265/14/5159 6269/12/5163
f 6177/50/5072 6176/52/5071 6270/52/5164
f 6177/50/5072 6270/52/5164 6268/50/5162
f 6212/32/5106 6211/34/5105 6267/34/5161
f 6212/32/5106 6267/34/5161 6271/32/5165
f 6176/52/5071 6213/54/5107 6272/54/5166
f 6176/52/5071 6272/54/5166 6270/52/5164
f 6215/10/5109 6214/12/5108 6269/12/5163
f 6215/10/5109 6269/12/5163 6244/10/5138
f 6213/54/5107 6207/56/5101 6210/56/5104
f 6213/54/5107 6210/56/5104 6272/54/5166
f 6216/30/5110 6212/32/5106 6271/32/5165
f 6216/30/5110 6271/32/5165 6249/30/5143
f 6218/22/5112 6217/24/5111 6260/24/5154
f 6218/22/5112 6260/24/5154 6251/22/5145
f 6273/1/5167 6274/4/5168 6275/4/5169
f 6273/1/5167 6275/4/5169 6276/1/5170
f 6255/26/5149 6250/28/5144 6277/28/5171
f 6255/26/5149 6277/28/5171 6278/26/5172
f 6256/18/5150 6252/20/5146 6279/20/5173
f 6256/18/5150 6279/20/5173 6280/18/5174
f 6241/64/5135 6257/66/5151 6281/66/5167
f 6241/64/5135 6281/66/5167 6242/64/5136
f 6258/4/5152 6253/6/5147 6282/6/5175
f 6258/4/5152 6282/6/5175 6274/4/5168
f 6259/38/5153 6254/40/5148 6283/40/5176
f 6259/38/5153 6283/40/5176 6284/38/5177
f 6260/24/5154 6255/26/5149 6278/26/5172
f 6260/24/5154 6278/26/5172 6285/24/5178
f 6261/16/5155 6256/18/5150 6280/18/5174
f 6261/16/5155 6280/18/5174 6286/16/5179
f 6262/1/5156 6258/4/5152 6274/4/5168
f 6262/1/5156 6274/4/5168 6273/1/5167
f 6263/36/5157 6259/38/5153 6284/38/5177
f 6263/36/5157 6284/38/5177 6287/36/5180
f 6246/44/5140 6264/46/5158 6288/46/5181
f 6246/44/5140 6288/46/5181 6289/44/5182
f 6265/14/5159 6261/16/5155 6286/16/5179
f 6265/14/5159 6286/16/5179 6290/14/5183
f 6264/46/5158 6266/48/5160 6291/48/5184
f 6264/46/5158 6291/48/5184 6288/46/5181
f 6267/34/5161 6263/36/5157 6287/36/5180
f 6267/34/5161 6287/36/5180 6292/34/5185
f 6266/48/5160 6268/50/5162 6293/50/5186
f 6266/48/5160 6293/50/5186 6291/48/5184
f 6269/12/5163 6265/14/5159 6290/14/5183
f 6269/12/5163 6290/14/5183 6294/12/5187
f 6268/50/5162 6270/52/5164 6295/52/5188
f 6268/50/5162 6295/52/5188 6293/50/5186
f 6271/32/5165 6267/34/5161 6292/34/5185
f 6271/32/5165 6292/34/5185 6296/32/5189
f 6270/52/5164 6272/54/5166 6297/54/5190
f 6270/52/5164 6297/54/5190 6295/52/5188
f 6244/10/5138 6269/12/5163 6294/12/5187
f 6244/10/5138 6294/12/5187 6298/10/5191
f 6272/54/5166 6210/56/5104 6299/56/5192
f 6272/54/5166 6299/56/5192 6297/54/5190
f 6249/30/5143 6271/32/5165 6296/32/5189
f 6249/30/5143 6296/32/5189 6300/30/5193
f 6251/22/5145 6260/24/5154 6285/24/5178
f 6251/22/5145 6285/24/5178 6301/22/5194
f 6210/56/5104 6209/58/5103 6302/58/5195
f 6210/56/5104 6302/58/5195 6299/56/5192
f 6245/8/5139 6244/10/5138 6298/10/5191
f 6245/8/5139 6298/10/5191 6303/8/5196
f 6247/42/5141 6246/44/5140 6289/44/5182
f 6247/42/5141 6289/44/5182 6304/42/5197
f 6209/58/5103 6248/60/5142 6305/60/5198
f 6209/58/5103 6305/60/5198 6302/58/5195
f 6250/28/5144 6249/30/5143 6300/30/5193
f 6250/28/5144 6300/30/5193 6277/28/5171
f 6252/20/5146 6251/22/5145 6301/22/5194
f 6252/20/5146 6301/22/5194 6279/20/5173
f 6248/60/5142 6240/62/5134 6243/62/5137
f 6248/60/5142 6243/62/5137 6305/60/5198
f 6253/6/5147 6245/8/5139 6303/8/5196
f 6253/6/5147 6303/8/5196 6282/6/5175
f 6254/40/5148 6247/42/5141 6304/42/5197
f 6254/40/5148 6304/42/5197 6283/40/5176
f 6306/48/5199 6307/50/5200 6308/50/5201
f 6306/48/5199 6308/50/5201 6309/48/5202
f 6287/36/5180 6284/38/5177 6310/38/5203
f 6287/36/5180 6310/38/5203 6311/36/5204
f 6289/44/5182 6288/46/5181 6312/46/5205
f 6289/44/5182 6312/46/5205 6313/44/5206
f 6290/14/5183 6286/16/5179 6314/16/5207
f 6290/14/5183 6314/16/5207 6315/14/5208
f 6288/46/5181 6291/48/5184 6306/48/5199
f 6288/46/5181 6306/48/5199 6312/46/5205
f 6292/34/5185 6287/36/5180 6311/36/5204
f 6292/34/5185 6311/36/5204 6316/34/5209
f 6291/48/5184 6293/50/5186 6307/50/5200
f 6291/48/5184 6307/50/5200 6306/48/5199
f 6294/12/5187 6290/14/5183 6315/14/5208
f 6294/12/5187 6315/14/5208 6317/12/5210
f 6293/50/5186 6295/52/5188 6318/52/5211
f 6293/50/5186 6318/52/5211 6307/50/5200
f 6296/32/5189 6292/34/5185 6316/34/5209
f 6296/32/5189 6316/34/5209 6319/32/5212
f 6295/52/5188 6297/54/5190 6320/54/5213
f 6295/52/5188 6320/54/5213 6318/52/5211
f 6298/10/5191 6294/12/5187 6317/12/5210
f 6298/10/5191 6317/12/5210 6321/10/5214
f 6297/54/5190 6299/56/5192 6322/56/5215
f 6297/54/5190 6322/56/5215 6320/54/5213
f 6300/30/5193 6296/32/5189 6319/32/5212
f 6300/30/5193 6319/32/5212 6323/30/5216
f 6301/22/5194 6285/24/5178 6324/24/5217
f 6301/22/5194 6324/24/5217 6325/22/5218
f 6299/56/5192 6302/58/5195 6326/58/5219
f 6299/56/5192 6326/58/5219 6322/56/5215
f 6303/8/5196 6298/10/5191 6321/10/5214
f 6303/8/5196 6321/10/5214 6327/8/5220
f 6304/42/5197 6289/44/5182 6313/44/5206
f 6304/42/5197 6313/44/5206 6328/42/5221
f 6302/58/5195 6305/60/5198 6329/60/5222
f 6302/58/5195 6329/60/5222 6326/58/5219
f 6277/28/5171 6300/30/5193 6323/30/5216
f 6277/28/5171 6323/30/5216 6330/28/5223
f 6279/20/5173 6301/22/5194 6325/22/5218
f 6279/20/5173 6325/22/5218 6331/20/5224
f 6305/60/5198 6243/62/5137 6332/62/5225
f 6305/60/5198 6332/62/5225 6329/60/5222
f 6282/6/5175 6303/8/5196 6327/8/5220
f 6282/6/5175 6327/8/5220 6333/6/5226
f 6283/40/5176 6304/42/5197 6328/42/5221
f 6283/40/5176 6328/42/5221 6334/40/5227
f 6243/62/5137 6242/64/5136 6335/64/5228
f 6243/62/5137 6335/64/5228 6332/62/5225
f 6278/26/5172 6277/28/5171 6330/28/5223
f 6278/26/5172 6330/28/5223 6336/26/5229
f 6280/18/5174 6279/20/5173 6331/20/5224
f 6280/18/5174 6331/20/5224 6337/18/5230
f 6242/64/5136 6281/66/5167 6338/66/5231
f 6242/64/5136 6338/66/5231 6335/64/5228
f 6274/4/5168 6282/6/5175 6333/6/5226
f 6274/4/5168 6333/6/5226 6275/4/5169
f 6284/38/5177 6283/40/5176 6334/40/5227
f 6284/38/5177 6334/40/5227 6310/38/5203
f 6285/24/5178 6278/26/5172 6336/26/5229
f 6285/24/5178 6336/26/5229 6324/24/5217
f 6286/16/5179 6280/18/5174 6337/18/5230
f 6286/16/5179 6337/18/5230 6314/16/5207
f 6339/54/5232 6340/56/5233 6341/56/5234
f 6339/54/5232 6341/56/5234 6342/54/5235
f 6317/12/5210 6315/14/5208 6343/14/5236
f 6317/12/5210 6343/14/5236 6344/12/5237
f 6307/50/5200 6318/52/5211 6345/52/5238
f 6307/50/5200 6345/52/5238 6308/50/5201
f 6319/32/5212 6316/34/5209 6346/34/5239
f 6319/32/5212 6346/34/5239 6347/32/5240
f 6318/52/5211 6320/54/5213 6339/54/5232
f 6318/52/5211 6339/54/5232 6345/52/5238
f 6321/10/5214 6317/12/5210 6344/12/5237
f 6321/10/5214 6344/12/5237 6348/10/5241
f 6320/54/5213 6322/56/5215 6340/56/5233
f 6320/54/5213 6340/56/5233 6339/54/5232
f 6323/30/5216 6319/32/5212 6347/32/5240
f 6323/30/5216 6347/32/5240 6349/30/5242
f 6325/22/5218 6324/24/5217 6350/24/5243
f 6325/22/5218 6350/24/5243 6351/22/5244
f 6322/56/5215 6326/58/5219 6352/58/5245
f 6322/56/5215 6352/58/5245 6340/56/5233
f 6327/8/5220 6321/10/5214 6348/10/5241
f 6327/8/5220 6348/10/5241 6353/8/5246
f 6328/42/5221 6313/44/5206 6354/44/5247
f 6328/42/5221 6354/44/5247 6355/42/5248
f 6326/58/5219 6329/60/5222 6356/60/5249
f 6326/58/5219 6356/60/5249 6352/58/5245
f 6330/28/5223 6323/30/5216 6349/30/5242
f 6330/28/5223 6349/30/5242 6357/28/5250
f 6331/20/5224 6325/22/5218 6351/22/5244
f 6331/20/5224 6351/22/5244 6358/20/5251
f 6329/60/5222 6332/62/5225 6359/62/5252
f 6329/60/5222 6359/62/5252 6356/60/5249
f 6333/6/5226 6327/8/5220 6353/8/5246
f 6333/6/5226 6353/8/5246 6360/6/5253
f 6334/40/5227 6328/42/5221 6355/42/5248
f 6334/40/5227 6355/42/5248 6361/40/5254
f 6332/62/5225 6335/64/5228 6362/64/5255
f 6332/62/5225 6362/64/5255 6359/62/5252
f 6336/26/5229 6330/28/5223 6357/28/5250
f 6336/26/5229 6357/28/5250 6363/26/5256
f 6337/18/5230 6331/20/5224 6358/20/5251
f 6337/18/5230 6358/20/5251 6364/18/5257
f 6335/64/5228 6338/66/5231 6365/66/5258
f 6335/64/5228 6365/66/5258 6362/64/5255
f 6275/4/5169 6333/6/5226 6360/6/5253
f 6275/4/5169 6360/6/5253 6366/4/5259
f 6310/38/5203 6334/40/5227 6361/40/5254
f 6310/38/5203 6361/40/5254 6367/38/5260
f 6324/24/5217 6336/26/5229 6363/26/5256
f 6324/24/5217 6363/26/5256 6350/24/5243
f 6314/16/5207 6337/18/5230 6364/18/5257
f 6314/16/5207 6364/18/5257 6368/16/5261
f 6276/1/5170 6275/4/5169 6366/4/5259
f 6276/1/5170 6366/4/5259 6369/1/5262
f 6311/36/5204 6310/38/5203 6367/38/5260
f 6311/36/5204 6367/38/5260 6370/36/5263
f 6313/44/5206 6312/46/5205 6371/46/5264
f 6313/44/5206 6371/46/5264 6354/44/5247
f 6315/14/5208 6314/16/5207 6368/16/5261
f 6315/14/5208 6368/16/5261 6343/14/5236
f 6312/46/5205 6306/48/5199 6309/48/5202
f 6312/46/5205 6309/48/5202 6371/46/5264
f 6316/34/5209 6311/36/5204 6370/36/5263
f 6316/34/5209 6370/36/5263 6346/34/5239
f 6372/20/5265 6373/22/5266 6374/22/5267
f 6372/20/5265 6374/22/5267 6375/20/5268
f 6349/30/5242 6347/32/5240 6376/32/5269
f 6349/30/5242 6376/32/5269 6377/30/5270
f 6351/22/5244 6350/24/5243 6378/24/5271
f 6351/22/5244 6378/24/5271 6373/22/5266
f 6340/56/5233 6352/58/5245 6379/58/5272
f 6340/56/5233 6379/58/5272 6341/56/5234
f 6353/8/5246 6348/10/5241 6380/10/5273
f 6353/8/5246 6380/10/5273 6381/8/5274
f 6355/42/5248 6354/44/5247 6382/44/5275
f 6355/42/5248 6382/44/5275 6383/42/5276
f 6352/58/5245 6356/60/5249 6384/60/5277
f 6352/58/5245 6384/60/5277 6379/58/5272
f 6357/28/5250 6349/30/5242 6377/30/5270
f 6357/28/5250 6377/30/5270 6385/28/5278
f 6358/20/5251 6351/22/5244 6373/22/5266
f 6358/20/5251 6373/22/5266 6372/20/5265
f 6356/60/5249 6359/62/5252 6386/62/5279
f 6356/60/5249 6386/62/5279 6384/60/5277
f 6360/6/5253 6353/8/5246 6381/8/5274
f 6360/6/5253 6381/8/5274 6387/6/5280
f 6361/40/5254 6355/42/5248 6383/42/5276
f 6361/40/5254 6383/42/5276 6388/40/5281
f 6359/62/5252 6362/64/5255 6389/64/5282
f 6359/62/5252 6389/64/5282 6386/62/5279
f 6363/26/5256 6357/28/5250 6385/28/5278
f 6363/26/5256 6385/28/5278 6390/26/5283
f 6364/18/5257 6358/20/5251 6372/20/5265
f 6364/18/5257 6372/20/5265 6391/18/5284
f 6362/64/5255 6365/66/5258 6392/66/5285
f 6362/64/5255 6392/66/5285 6389/64/5282
f 6366/4/5259 6360/6/5253 6387/6/5280
f 6366/4/5259 6387/6/5280 6393/4/5286
f 6367/38/5260 6361/40/5254 6388/40/5281
f 6367/38/5260 6388/40/5281 6394/38/5287
f 6350/24/5243 6363/26/5256 6390/26/5283
f 6350/24/5243 6390/26/5283 6378/24/5271
f 6368/16/5261 6364/18/5257 6391/18/5284
f 6368/16/5261 6391/18/5284 6395/16/5288
f 6369/1/5262 6366/4/5259 6393/4/5286
f 6369/1/5262 6393/4/5286 6396/1/5289
f 6370/36/5263 6367/38/5260 6394/38/5287
f 6370/36/5263 6394/38/5287 6397/36/5290
f 6354/44/5247 6371/46/5264 6398/46/5291
f 6354/44/5247 6398/46/5291 6382/44/5275
f 6343/14/5236 6368/16/5261 6395/16/5288
f 6343/14/5236 6395/16/5288 6399/14/5292
f 6371/46/5264 6309/48/5202 6400/48/5293
f 6371/46/5264 6400/48/5293 6398/46/5291
f 6346/34/5239 6370/36/5263 6397/36/5290
f 6346/34/5239 6397/36/5290 6401/34/5294
f 6309/48/5202 6308/50/5201 6402/50/5295
f 6309/48/5202 6402/50/5295 6400/48/5293
f 6344/12/5237 6343/14/5236 6399/14/5292
f 6344/12/5237 6399/14/5292 6403/12/5296
f 6308/50/5201 6345/52/5238 6404/52/5297
f 6308/50/5201 6404/52/5297 6402/50/5295
f 6347/32/5240 6346/34/5239 6401/34/5294
f 6347/32/5240 6401/34/5294 6376/32/5269
f 6345/52/5238 6339/54/5232 6342/54/5235
f 6345/52/5238 6342/54/5235 6404/52/5297
f 6348/10/5241 6344/12/5237 6403/12/5296
f 6348/10/5241 6403/12/5296 6380/10/5273
f 6405/38/5298 6406/40/5299 6407/40/5300
f 6405/38/5298 6407/40/5300 6408/38/5301
f 6384/60/5277 6386/62/5279 6409/62/5302
f 6384/60/5277 6409/62/5302 6410/60/5303
f 6387/6/5280 6381/8/5274 6411/8/5304
f 6387/6/5280 6411/8/5304 6412/6/5305
f 6388/40/5281 6383/42/5276 6413/42/5306
f 6388/40/5281 6413/42/5306 6406/40/5299
f 6386/62/5279 6389/64/5282 6414/64/5307
f 6386/62/5279 6414/64/5307 6409/62/5302
f 6390/26/5283 6385/28/5278 6415/28/5308
f 6390/26/5283 6415/28/5308 6416/26/5309
f 6391/18/5284 6372/20/5265 6375/20/5268
f 6391/18/5284 6375/20/5268 6417/18/5310
f 6389/64/5282 6392/66/5285 6418/66/5311
f 6389/64/5282 6418/66/5311 6414/64/5307
f 6393/4/5286 6387/6/5280 6412/6/5305
f 6393/4/5286 6412/6/5305 6419/4/5312
f 6394/38/5287 6388/40/5281 6406/40/5299
f 6394/38/5287 6406/40/5299 6405/38/5298
f 6378/24/5271 6390/26/5283 6416/26/5309
f 6378/24/5271 6416/26/5309 6420/24/5313
f 6395/16/5288 6391/18/5284 6417/18/5310
f 6395/16/5288 6417/18/5310 6421/16/5314
f 6396/1/5289 6393/4/5286 6419/4/5312
f 6396/1/5289 6419/4/5312 6422/1/5311
f 6397/36/5290 6394/38/5287 6405/38/5298
f 6397/36/5290 6405/38/5298 6423/36/5315
f 6382/44/5275 6398/46/5291 6424/46/5316
f 6382/44/5275 6424/46/5316 6425/44/5317
f 6399/14/5292 6395/16/5288 6421/16/5314
f 6399/14/5292 6421/16/5314 6426/14/5318
f 6398/46/5291 6400/48/5293 6427/48/5319
f 6398/46/5291 6427/48/5319 6424/46/5316
f 6401/34/5294 6397/36/5290 6423/36/5315
f 6401/34/5294 6423/36/5315 6428/34/5320
f 6400/48/5293 6402/50/5295 6429/50/5321
f 6400/48/5293 6429/50/5321 6427/48/5319
f 6403/12/5296 6399/14/5292 6426/14/5318
f 6403/12/5296 6426/14/5318 6430/12/5322
f 6402/50/5295 6404/52/5297 6431/52/5323
f 6402/50/5295 6431/52/5323 6429/50/5321
f 6376/32/5269 6401/34/5294 6428/34/5320
f 6376/32/5269 6428/34/5320 6432/32/5324
f 6404/52/5297 6342/54/5235 6433/54/5325
f 6404/52/5297 6433/54/5325 6431/52/5323
f 6380/10/5273 6403/12/5296 6430/12/5322
f 6380/10/5273 6430/12/5322 6434/10/5326
f 6342/54/5235 6341/56/5234 6435/56/5327
f 6342/54/5235 6435/56/5327 6433/54/5325
f 6377/30/5270 6376/32/5269 6432/32/5324
f 6377/30/5270 6432/32/5324 6436/30/5328
f 6373/22/5266 6378/24/5271 6420/24/5313
f 6373/22/5266 6420/24/5313 6374/22/5267
f 6341/56/5234 6379/58/5272 6437/58/5329
f 6341/56/5234 6437/58/5329 6435/56/5327
f 6381/8/5274 6380/10/5273 6434/10/5326
f 6381/8/5274 6434/10/5326 6411/8/5304
f 6383/42/5276 6382/44/5275 6425/44/5317
f 6383/42/5276 6425/44/5317 6413/42/5306
f 6379/58/5272 6384/60/5277 6410/60/5303
f 6379/58/5272 6410/60/5303 6437/58/5329
f 6385/28/5278 6377/30/5270 6436/30/5328
f 6385/28/5278 6436/30/5328 6415/28/5308
f 6438/14/5330 6439/16/5331 6440/16/5332
f 6438/14/5330 6440/16/5332 6441/14/5333
f 6420/24/5313 6416/26/5309 6442/26/5334
f 6420/24/5313 6442/26/5334 6443/24/5335
f 6421/16/5314 6417/18/5310 6444/18/5336
f 6421/16/5314 6444/18/5336 6439/16/5331
f 6422/1/5311 6419/4/5312 6445/4/5337
f 6422/1/5311 6445/4/5337 6446/1/5338
f 6423/36/5315 6405/38/5298 6408/38/5301
f 6423/36/5315 6408/38/5301 6447/36/5339
f 6425/44/5317 6424/46/5316 6448/46/5340
f 6425/44/5317 6448/46/5340 6449/44/5341
f 6426/14/5318 6421/16/5314 6439/16/5331
f 6426/14/5318 6439/16/5331 6438/14/5330
f 6424/46/5316 6427/48/5319 6450/48/5342
f 6424/46/5316 6450/48/5342 6448/46/5340
f 6428/34/5320 6423/36/5315 6447/36/5339
f 6428/34/5320 6447/36/5339 6451/34/5343
f 6427/48/5319 6429/50/5321 6452/50/5344
f 6427/48/5319 6452/50/5344 6450/48/5342
f 6430/12/5322 6426/14/5318 6438/14/5330
f 6430/12/5322 6438/14/5330 6453/12/5345
f 6429/50/5321 6431/52/5323 6454/52/5346
f 6429/50/5321 6454/52/5346 6452/50/5344
f 6432/32/5324 6428/34/5320 6451/34/5343
f 6432/32/5324 6451/34/5343 6455/32/5347
f 6431/52/5323 6433/54/5325 6456/54/5348
f 6431/52/5323 6456/54/5348 6454/52/5346
f 6434/10/5326 6430/12/5322 6453/12/5345
f 6434/10/5326 6453/12/5345 6457/10/5349
f 6433/54/5325 6435/56/5327 6458/56/5350
f 6433/54/5325 6458/56/5350 6456/54/5348
f 6436/30/5328 6432/32/5324 6455/32/5347
f 6436/30/5328 6455/32/5347 6459/30/5351
f 6374/22/5267 6420/24/5313 6443/24/5335
f 6374/22/5267 6443/24/5335 6460/22/5352
f 6435/56/5327 6437/58/5329 6461/58/5353
f 6435/56/5327 6461/58/5353 6458/56/5350
f 6411/8/5304 6434/10/5326 6457/10/5349
f 6411/8/5304 6457/10/5349 6462/8/5354
f 6413/42/5306 6425/44/5317 6449/44/5341
f 6413/42/5306 6449/44/5341 6463/42/5355
f 6437/58/5329 6410/60/5303 6464/60/5356
f 6437/58/5329 6464/60/5356 6461/58/5353
f 6415/28/5308 6436/30/5328 6459/30/5351
f 6415/28/5308 6459/30/5351 6465/28/5357
f 6375/20/5268 6374/22/5267 6460/22/5352
f 6375/20/5268 6460/22/5352 6466/20/5358
f 6410/60/5303 6409/62/5302 6467/62/5359
f 6410/60/5303 6467/62/5359 6464/60/5356
f 6412/6/5305 6411/8/5304 6462/8/5354
f 6412/6/5305 6462/8/5354 6468/6/5360
f 6406/40/5299 6413/42/5306 6463/42/5355
f 6406/40/5299 6463/42/5355 6407/40/5300
f 6409/62/5302 6414/64/5307 6469/64/5361
f 6409/62/5302 6469/64/5361 6467/62/5359
f 6416/26/5309 6415/28/5308 6465/28/5357
f 6416/26/5309 6465/28/5357 6442/26/5334
f 6417/18/5310 6375/20/5268 6466/20/5358
f 6417/18/5310 6466/20/5358 6444/18/5336
f 6414/64/5307 6418/66/5311 6470/66/5362
f 6414/64/5307 6470/66/5362 6469/64/5361
f 6419/4/5312 6412/6/5305 6468/6/5360
f 6419/4/5312 6468/6/5360 6445/4/5337
f 6471/32/5363 6472/34/5364 6473/34/5365
f 6471/32/5363 6473/34/5365 6474/32/5366
f 6448/46/5340 6450/48/5342 6475/48/5367
f 6448/46/5340 6475/48/5367 6476/46/5368
f 6451/34/5343 6447/36/5339 6477/36/5369
f 6451/34/5343 6477/36/5369 6472/34/5364
f 6450/48/5342 6452/50/5344 6478/50/5370
f 6450/48/5342 6478/50/5370 6475/48/5367
f 6453/12/5345 6438/14/5330 6441/14/5333
f 6453/12/5345 6441/14/5333 6479/12/5371
f 6452/50/5344 6454/52/5346 6480/52/5372
f 6452/50/5344 6480/52/5372 6478/50/5370
f 6455/32/5347 6451/34/5343 6472/34/5364
f 6455/32/5347 6472/34/5364 6471/32/5363
f 6454/52/5346 6456/54/5348 6481/54/5373
f 6454/52/5346 6481/54/5373 6480/52/5372
f 6457/10/5349 6453/12/5345 6479/12/5371
f 6457/10/5349 6479/12/5371 6482/10/5374
f 6456/54/5348 6458/56/5350 6483/56/5375
f 6456/54/5348 6483/56/5375 6481/54/5373
f 6459/30/5351 6455/32/5347 6471/32/5363
f 6459/30/5351 6471/32/5363 6484/30/5376
f 6460/22/5352 6443/24/5335 6485/24/5377
f 6460/22/5352 6485/24/5377 6486/22/5378
f 6458/56/5350 6461/58/5353 6487/58/5379
f 6458/56/5350 6487/58/5379 6483/56/5375
f 6462/8/5354 6457/10/5349 6482/10/5374
f 6462/8/5354 6482/10/5374 6488/8/5380
f 6463/42/5355 6449/44/5341 6489/44/5381
f 6463/42/5355 6489/44/5381 6490/42/5382
f 6461/58/5353 6464/60/5356 6491/60/5383
f 6461/58/5353 6491/60/5383 6487/58/5379
f 6465/28/5357 6459/30/5351 6484/30/5376
f 6465/28/5357 6484/30/5376 6492/28/5384
f 6466/20/5358 6460/22/5352 6486/22/5378
f 6466/20/5358 6486/22/5378 6493/20/5385
f 6464/60/5356 6467/62/5359 6494/62/5386
f 6464/60/5356 6494/62/5386 6491/60/5383
f 6468/6/5360 6462/8/5354 6488/8/5380
f 6468/6/5360 6488/8/5380 6495/6/5387
f 6407/40/5300 6463/42/5355 6490/42/5382
f 6407/40/5300 6490/42/5382 6496/40/5388
f 6467/62/5359 6469/64/5361 6497/64/5389
f 6467/62/5359 6497/64/5389 6494/62/5386
f 6442/26/5334 6465/28/5357 6492/28/5384
f 6442/26/5334 6492/28/5384 6498/26/5390
f 6444/18/5336 6466/20/5358 6493/20/5385
f 6444/18/5336 6493/20/5385 6499/18/5391
f 6469/64/5361 6470/66/5362 6500/66/5392
f 6469/64/5361 6500/66/5392 6497/64/5389
f 6445/4/5337 6468/6/5360 6495/6/5387
f 6445/4/5337 6495/6/5387 6501/4/5393
f 6408/38/5301 6407/40/5300 6496/40/5388
f 6408/38/5301 6496/40/5388 6502/38/5394
f 6443/24/5335 6442/26/5334 6498/26/5390
f 6443/24/5335 6498/26/5390 6485/24/5377
f 6439/16/5331 6444/18/5336 6499/18/5391
f 6439/16/5331 6499/18/5391 6440/16/5332
f 6446/1/5338 6445/4/5337 6501/4/5393
f 6446/1/5338 6501/4/5393 6503/1/5395
f 6447/36/5339 6408/38/5301 6502/38/5394
f 6447/36/5339 6502/38/5394 6477/36/5369
f 6449/44/5341 6448/46/5340 6476/46/5368
f 6449/44/5341 6476/46/5368 6489/44/5381
f 6504/8/5396 6505/10/5397 6506/10/5398
f 6504/8/5396 6506/10/5398 6507/8/5399
f 6480/52/5372 6481/54/5373 6508/54/5400
f 6480/52/5372 6508/54/5400 6509/52/5401
f 6482/10/5374 6479/12/5371 6510/12/5402
f 6482/10/5374 6510/12/5402 6505/10/5397
f 6481/54/5373 6483/56/5375 6511/56/5403
f 6481/54/5373 6511/56/5403 6508/54/5400
f 6484/30/5376 6471/32/5363 6474/32/5366
f 6484/30/5376 6474/32/5366 6512/30/5404
f 6486/22/5378 6485/24/5377 6513/24/5405
f 6486/22/5378 6513/24/5405 6514/22/5406
f 6483/56/5375 6487/58/5379 6515/58/5407
f 6483/56/5375 6515/58/5407 6511/56/5403
f 6488/8/5380 6482/10/5374 6505/10/5397
f 6488/8/5380 6505/10/5397 6504/8/5396
f 6490/42/5382 6489/44/5381 6516/44/5408
f 6490/42/5382 6516/44/5408 6517/42/5409
f 6487/58/5379 6491/60/5383 6518/60/5410
f 6487/58/5379 6518/60/5410 6515/58/5407
f 6492/28/5384 6484/30/5376 6512/30/5404
f 6492/28/5384 6512/30/5404 6519/28/5411
f 6493/20/5385 6486/22/5378 6514/22/5406
f 6493/20/5385 6514/22/5406 6520/20/5412
f 6491/60/5383 6494/62/5386 6521/62/5413
f 6491/60/5383 6521/62/5413 6518/60/5410
f 6495/6/5387 6488/8/5380 6504/8/5396
f 6495/6/5387 6504/8/5396 6522/6/5414
f 6496/40/5388 6490/42/5382 6517/42/5409
f 6496/40/5388 6517/42/5409 6523/40/5415
f 6494/62/5386 6497/64/5389 6524/64/5416
f 6494/62/5386 6524/64/5416 6521/62/5413
f 6498/26/5390 6492/28/5384 6519/28/5411
f 6498/26/5390 6519/28/5411 6525/26/5417
f 6499/18/5391 6493/20/5385 6520/20/5412
f 6499/18/5391 6520/20/5412 6526/18/5418
f 6497/64/5389 6500/66/5392 6527/66/5419
f 6497/64/5389 6527/66/5419 6524/64/5416
f 6501/4/5393 6495/6/5387 6522/6/5414
f 6501/4/5393 6522/6/5414 6528/4/5420
f 6502/38/5394 6496/40/5388 6523/40/5415
f 6502/38/5394 6523/40/5415 6529/38/5421
f 6485/24/5377 6498/26/5390 6525/26/5417
f 6485/24/5377 6525/26/5417 6513/24/5405
f 6440/16/5332 6499/18/5391 6526/18/5418
f 6440/16/5332 6526/18/5418 6530/16/5422
f 6503/1/5395 6501/4/5393 6528/4/5420
f 6503/1/5395 6528/4/5420 6531/1/5423
f 6477/36/5369 6502/38/5394 6529/38/5421
f 6477/36/5369 6529/38/5421 6532/36/5424
f 6489/44/5381 6476/46/5368 6533/46/5425
f 6489/44/5381 6533/46/5425 6516/44/5408
f 6441/14/5333 6440/16/5332 6530/16/5422
f 6441/14/5333 6530/16/5422 6534/14/5426
f 6476/46/5368 6475/48/5367 6535/48/5427
f 6476/46/5368 6535/48/5427 6533/46/5425
f 6472/34/5364 6477/36/5369 6532/36/5424
f 6472/34/5364 6532/36/5424 6473/34/5365
f 6475/48/5367 6478/50/5370 6536/50/5428
f 6475/48/5367 6536/50/5428 6535/48/5427
f 6479/12/5371 6441/14/5333 6534/14/5426
f 6479/12/5371 6534/14/5426 6510/12/5402
f 6478/50/5370 6480/52/5372 6509/52/5401
f 6478/50/5370 6509/52/5401 6536/50/5428
f 6537/26/5429 6538/28/5430 6539/28/5431
f 6537/26/5429 6539/28/5431 6540/26/5432
f 6517/42/5409 6516/44/5408 6541/44/5433
f 6517/42/5409 6541/44/5433 6542/42/5434
f 6515/58/5407 6518/60/5410 6543/60/5435
f 6515/58/5407 6543/60/5435 6544/58/5436
f 6519/28/5411 6512/30/5404 6545/30/5437
f 6519/28/5411 6545/30/5437 6538/28/5430
f 6520/20/5412 6514/22/5406 6546/22/5438
f 6520/20/5412 6546/22/5438 6547/20/5439
f 6518/60/5410 6521/62/5413 6548/62/5440
f 6518/60/5410 6548/62/5440 6543/60/5435
f 6522/6/5414 6504/8/5396 6507/8/5399
f 6522/6/5414 6507/8/5399 6549/6/5441
f 6523/40/5415 6517/42/5409 6542/42/5434
f 6523/40/5415 6542/42/5434 6550/40/5442
f 6521/62/5413 6524/64/5416 6551/64/5443
f 6521/62/5413 6551/64/5443 6548/62/5440
f 6525/26/5417 6519/28/5411 6538/28/5430
f 6525/26/5417 6538/28/5430 6537/26/5429
f 6526/18/5418 6520/20/5412 6547/20/5439
f 6526/18/5418 6547/20/5439 6552/18/5444
f 6524/64/5416 6527/66/5419 6553/66/5445
f 6524/64/5416 6553/66/5445 6551/64/5443
f 6528/4/5420 6522/6/5414 6549/6/5441
f 6528/4/5420 6549/6/5441 6554/4/5446
f 6529/38/5421 6523/40/5415 6550/40/5442
f 6529/38/5421 6550/40/5442 6555/38/5447
f 6513/24/5405 6525/26/5417 6537/26/5429
f 6513/24/5405 6537/26/5429 6556/24/5448
f 6530/16/5422 6526/18/5418 6552/18/5444
f 6530/16/5422 6552/18/5444 6557/16/5449
f 6531/1/5423 6528/4/5420 6554/4/5446
f 6531/1/5423 6554/4/5446 6558/1/5450
f 6532/36/5424 6529/38/5421 6555/38/5447
f 6532/36/5424 6555/38/5447 6559/36/5451
f 6516/44/5408 6533/46/5425 6560/46/5452
f 6516/44/5408 6560/46/5452 6541/44/5433
f 6534/14/5426 6530/16/5422 6557/16/5449
f 6534/14/5426 6557/16/5449 6561/14/5453
f 6533/46/5425 6535/48/5427 6562/48/5454
f 6533/46/5425 6562/48/5454 6560/46/5452
f 6473/34/5365 6532/36/5424 6559/36/5451
f 6473/34/5365 6559/36/5451 6563/34/5455
f 6535/48/5427 6536/50/5428 6564/50/5456
f 6535/48/5427 6564/50/5456 6562/48/5454
f 6510/12/5402 6534/14/5426 6561/14/5453
f 6510/12/5402 6561/14/5453 6565/12/5457
f 6536/50/5428 6509/52/5401 6566/52/5458
f 6536/50/5428 6566/52/5458 6564/50/5456
f 6474/32/5366 6473/34/5365 6563/34/5455
f 6474/32/5366 6563/34/5455 6567/32/5459
f 6509/52/5401 6508/54/5400 6568/54/5460
f 6509/52/5401 6568/54/5460 6566/52/5458
f 6505/10/5397 6510/12/5402 6565/12/5457
f 6505/10/5397 6565/12/5457 6506/10/5398
f 6508/54/5400 6511/56/5403 6569/56/5461
f 6508/54/5400 6569/56/5461 6568/54/5460
f 6512/30/5404 6474/32/5366 6567/32/5459
f 6512/30/5404 6567/32/5459 6545/30/5437
f 6514/22/5406 6513/24/5405 6556/24/5448
f 6514/22/5406 6556/24/5448 6546/22/5438
f 6511/56/5403 6515/58/5407 6544/58/5436
f 6511/56/5403 6544/58/5436 6569/56/5461
f 6570/1/5462 6571/4/5463 6572/4/5464
f 6570/1/5462 6572/4/5464 6573/1/5465
f 6552/18/5444 6547/20/5439 6574/20/5466
f 6552/18/5444 6574/20/5466 6575/18/5467
f 6551/64/5443 6553/66/5445 6576/66/5468
f 6551/64/5443 6576/66/5468 6577/64/5469
f 6554/4/5446 6549/6/5441 6578/6/5470
f 6554/4/5446 6578/6/5470 6571/4/5463
f 6555/38/5447 6550/40/5442 6579/40/5471
f 6555/38/5447 6579/40/5471 6580/38/5472
f 6556/24/5448 6537/26/5429 6540/26/5432
f 6556/24/5448 6540/26/5432 6581/24/5473
f 6557/16/5449 6552/18/5444 6575/18/5467
f 6557/16/5449 6575/18/5467 6582/16/5474
f 6558/1/5450 6554/4/5446 6571/4/5463
f 6558/1/5450 6571/4/5463 6570/1/5462
f 6559/36/5451 6555/38/5447 6580/38/5472
f 6559/36/5451 6580/38/5472 6583/36/5475
f 6541/44/5433 6560/46/5452 6584/46/5476
f 6541/44/5433 6584/46/5476 6585/44/5477
f 6561/14/5453 6557/16/5449 6582/16/5474
f 6561/14/5453 6582/16/5474 6586/14/5478
f 6560/46/5452 6562/48/5454 6587/48/5479
f 6560/46/5452 6587/48/5479 6584/46/5476
f 6563/34/5455 6559/36/5451 6583/36/5475
f 6563/34/5455 6583/36/5475 6588/34/5480
f 6562/48/5454 6564/50/5456 6589/50/5481
f 6562/48/5454 6589/50/5481 6587/48/5479
f 6565/12/5457 6561/14/5453 6586/14/5478
f 6565/12/5457 6586/14/5478 6590/12/5482
f 6564/50/5456 6566/52/5458 6591/52/5483
f 6564/50/5456 6591/52/5483 6589/50/5481
f 6567/32/5459 6563/34/5455 6588/34/5480
f 6567/32/5459 6588/34/5480 6592/32/5484
f 6566/52/5458 6568/54/5460 6593/54/5485
f 6566/52/5458 6593/54/5485 6591/52/5483
f 6506/10/5398 6565/12/5457 6590/12/5482
f 6506/10/5398 6590/12/5482 6594/10/5486
f 6568/54/5460 6569/56/5461 6595/56/5487
f 6568/54/5460 6595/56/5487 6593/54/5485
f 6545/30/5437 6567/32/5459 6592/32/5484
f 6545/30/5437 6592/32/5484 6596/30/5488
f 6546/22/5438 6556/24/5448 6581/24/5473
f 6546/22/5438 6581/24/5473 6597/22/5489
f 6569/56/5461 6544/58/5436 6598/58/5490
f 6569/56/5461 6598/58/5490 6595/56/5487
f 6507/8/5399 6506/10/5398 6594/10/5486
f 6507/8/5399 6594/10/5486 6599/8/5491
f 6542/42/5434 6541/44/5433 6585/44/5477
f 6542/42/5434 6585/44/5477 6600/42/5492
f 6544/58/5436 6543/60/5435 6601/60/5493
f 6544/58/5436 6601/60/5493 6598/58/5490
f 6538/28/5430 6545/30/5437 6596/30/5488
f 6538/28/5430 6596/30/5488 6539/28/5431
f 6547/20/5439 6546/22/5438 6597/22/5489
f 6547/20/5439 6597/22/5489 6574/20/5466
f 6543/60/5435 6548/62/5440 6602/62/5494
f 6543/60/5435 6602/62/5494 6601/60/5493
f 6549/6/5441 6507/8/5399 6599/8/5491
f 6549/6/5441 6599/8/5491 6578/6/5470
f 6550/40/5442 6542/42/5434 6600/42/5492
f 6550/40/5442 6600/42/5492 6579/40/5471
f 6548/62/5440 6551/64/5443 6577/64/5469
f 6548/62/5440 6577/64/5469 6602/62/5494
f 6603/48/5495 6604/50/5496 6605/50/5497
f 6603/48/5495 6605/50/5497 6606/48/5498
f 6583/36/5475 6580/38/5472 6607/38/5499
f 6583/36/5475 6607/38/5499 6608/36/5500
f 6585/44/5477 6584/46/5476 6609/46/5501
f 6585/44/5477 6609/46/5501 6610/44/5502
f 6586/14/5478 6582/16/5474 6611/16/5503
f 6586/14/5478 6611/16/5503 6612/14/5504
f 6584/46/5476 6587/48/5479 6603/48/5495
f 6584/46/5476 6603/48/5495 6609/46/5501
f 6588/34/5480 6583/36/5475 6608/36/5500
f 6588/34/5480 6608/36/5500 6613/34/5505
f 6587/48/5479 6589/50/5481 6604/50/5496
f 6587/48/5479 6604/50/5496 6603/48/5495
f 6590/12/5482 6586/14/5478 6612/14/5504
f 6590/12/5482 6612/14/5504 6614/12/5506
f 6589/50/5481 6591/52/5483 6615/52/5507
f 6589/50/5481 6615/52/5507 6604/50/5496
f 6592/32/5484 6588/34/5480 6613/34/5505
f 6592/32/5484 6613/34/5505 6616/32/5508
f 6591/52/5483 6593/54/5485 6617/54/5509
f 6591/52/5483 6617/54/5509 6615/52/5507
f 6594/10/5486 6590/12/5482 6614/12/5506
f 6594/10/5486 6614/12/5506 6618/10/5510
f 6593/54/5485 6595/56/5487 6619/56/5511
f 6593/54/5485 6619/56/5511 6617/54/5509
f 6596/30/5488 6592/32/5484 6616/32/5508
f 6596/30/5488 6616/32/5508 6620/30/5512
f 6597/22/5489 6581/24/5473 6621/24/5513
f 6597/22/5489 6621/24/5513 6622/22/5514
f 6595/56/5487 6598/58/5490 6623/58/5515
f 6595/56/5487 6623/58/5515 6619/56/5511
f 6599/8/5491 6594/10/5486 6618/10/5510
f 6599/8/5491 6618/10/5510 6624/8/5516
f 6600/42/5492 6585/44/5477 6610/44/5502
f 6600/42/5492 6610/44/5502 6625/42/5517
f 6598/58/5490 6601/60/5493 6626/60/5518
f 6598/58/5490 6626/60/5518 6623/58/5515
f 6539/28/5431 6596/30/5488 6620/30/5512
f 6539/28/5431 6620/30/5512 6627/28/5519
f 6574/20/5466 6597/22/5489 6622/22/5514
f 6574/20/5466 6622/22/5514 6628/20/5520
f 6601/60/5493 6602/62/5494 6629/62/5521
f 6601/60/5493 6629/62/5521 6626/60/5518
f 6578/6/5470 6599/8/5491 6624/8/5516
f 6578/6/5470 6624/8/5516 6630/6/5522
f 6579/40/5471 6600/42/5492 6625/42/5517
f 6579/40/5471 6625/42/5517 6631/40/5523
f 6602/62/5494 6577/64/5469 6632/64/5524
f 6602/62/5494 6632/64/5524 6629/62/5521
f 6540/26/5432 6539/28/5431 6627/28/5519
f 6540/26/5432 6627/28/5519 6633/26/5525
f 6575/18/5467 6574/20/5466 6628/20/5520
f 6575/18/5467 6628/20/5520 6634/18/5526
f 6577/64/5469 6576/66/5468 6635/66/5527
f 6577/64/5469 6635/66/5527 6632/64/5524
f 6571/4/5463 6578/6/5470 6630/6/5522
f 6571/4/5463 6630/6/5522 6572/4/5464
f 6580/38/5472 6579/40/5471 6631/40/5523
f 6580/38/5472 6631/40/5523 6607/38/5499
f 6581/24/5473 6540/26/5432 6633/26/5525
f 6581/24/5473 6633/26/5525 6621/24/5513
f 6582/16/5474 6575/18/5467 6634/18/5526
f 6582/16/5474 6634/18/5526 6611/16/5503
f 6636/55/28 6637/53/27 6638/53/5528
f 6636/55/28 6638/53/5528 6639/55/5529
f 5356/63/32 5355/61/31 6640/61/31
f 5356/63/32 6640/61/31 6641/63/32
f 5360/5/3 5359/3/2 6642/3/2
f 5360/5/3 6642/3/2 6643/5/3
f 5364/39/20 5363/37/19 6644/37/19
f 5364/39/20 6644/37/19 6645/39/20
f 5369/65/33 5356/63/32 6641/63/32
f 5369/65/33 6641/63/32 6646/65/33
f 5373/25/13 5372/23/12 6647/23/12
f 5373/25/13 6647/23/12 6648/25/13
f 5350/17/9 5375/15/8 6649/15/8
f 5350/17/9 6649/15/8 5351/17/9
f 5359/3/2 5381/2/1 6650/2/1
f 5359/3/2 6650/2/1 6642/3/2
f 5363/37/19 5358/35/18 6651/35/18
f 5363/37/19 6651/35/18 6644/37/19
f 5372/23/12 5378/21/11 6652/21/11
f 5372/23/12 6652/21/11 6647/23/12
f 5375/15/8 5371/13/7 6653/13/7
f 5375/15/8 6653/13/7 6649/15/8
f 5354/45/23 5353/43/22 6654/43/22
f 5354/45/23 6654/43/22 6655/45/23
f 5358/35/18 5357/33/17 6656/33/17
f 5358/35/18 6656/33/17 6651/35/18
f 5367/47/24 5354/45/23 6655/45/23
f 5367/47/24 6655/45/23 6657/47/24
f 5371/13/7 5370/11/6 6658/11/6
f 5371/13/7 6658/11/6 6653/13/7
f 5377/49/25 5367/47/24 6657/47/24
f 5377/49/25 6657/47/24 6659/49/25
f 5357/33/17 2095/31/16 6660/31/16
f 5357/33/17 6660/31/16 6656/33/17
f 5380/51/26 5377/49/25 6659/49/25
f 5380/51/26 6659/49/25 6661/51/26
f 5370/11/6 5366/9/5 6662/9/5
f 5370/11/6 6662/9/5 6658/11/6
f 5361/53/27 5380/51/26 6661/51/26
f 5361/53/27 6661/51/26 6637/53/27
f 2095/31/16 2094/29/15 6663/29/15
f 2095/31/16 6663/29/15 6660/31/16
f 5362/55/28 5361/53/27 6637/53/27
f 5362/55/28 6637/53/27 6636/55/28
f 5366/9/5 5365/7/4 6664/7/4
f 5366/9/5 6664/7/4 6662/9/5
f 5353/43/22 5368/41/21 6665/41/21
f 5353/43/22 6665/41/21 6654/43/22
f 5374/57/29 5362/55/28 6636/55/28
f 5374/57/29 6636/55/28 6666/57/29
f 2094/29/15 5376/27/14 6667/27/14
f 2094/29/15 6667/27/14 6663/29/15
f 5378/21/11 5349/19/10 5352/19/10
f 5378/21/11 5352/19/10 6652/21/11
f 5379/59/30 5374/57/29 6666/57/29
f 5379/59/30 6666/57/29 6668/59/30
f 5365/7/4 5360/5/3 6643/5/3
f 5365/7/4 6643/5/3 6664/7/4
f 5368/41/21 5364/39/20 6645/39/20
f 5368/41/21 6645/39/20 6665/41/21
f 5355/61/31 5379/59/30 6668/59/30
f 5355/61/31 6668/59/30 6640/61/31
f 5376/27/14 5373/25/13 6648/25/13
f 5376/27/14 6648/25/13 6667/27/14
f 6669/46/5530 6606/48/5531 6670/47/5532
f 6669/46/5530 6670/47/5532 6671/45/5533
f 6662/9/5 6664/7/4 6672/7/5534
f 6662/9/5 6672/7/5534 6673/9/5535
f 6654/43/22 6665/41/21 6674/41/5536
f 6654/43/22 6674/41/5536 6675/43/5537
f 6666/57/29 6636/55/28 6639/55/5529
f 6666/57/29 6639/55/5529 6676/57/5538
f 6663/29/15 6667/27/14 6677/27/5539
f 6663/29/15 6677/27/5539 6678/29/5540
f 6652/21/11 5352/19/10 6679/19/5541
f 6652/21/11 6679/19/5541 6680/21/5542
f 6668/59/30 6666/57/29 6676/57/5538
f 6668/59/30 6676/57/5538 6681/59/5543
f 6664/7/4 6643/5/3 6682/5/5544
f 6664/7/4 6682/5/5544 6672/7/5534
f 6665/41/21 6645/39/20 6683/39/5545
f 6665/41/21 6683/39/5545 6674/41/5536
f 6640/61/31 6668/59/30 6681/59/5543
f 6640/61/31 6681/59/5543 6684/61/5546
f 6667/27/14 6648/25/13 6685/25/5547
f 6667/27/14 6685/25/5547 6677/27/5539
f 5352/19/10 5351/17/9 6686/17/5548
f 5352/19/10 6686/17/5548 6679/19/5541
f 6641/63/32 6640/61/31 6684/61/5546
f 6641/63/32 6684/61/5546 6687/63/5549
f 6643/5/3 6642/3/2 6688/3/5550
f 6643/5/3 6688/3/5550 6682/5/5544
f 6645/39/20 6644/37/19 6689/37/5551
f 6645/39/20 6689/37/5551 6683/39/5545
f 6646/65/33 6641/63/32 6687/63/5549
f 6646/65/33 6687/63/5549 6690/65/5552
f 6648/25/13 6647/23/12 6691/23/5553
f 6648/25/13 6691/23/5553 6685/25/5547
f 5351/17/9 6649/15/8 6692/15/5554
f 5351/17/9 6692/15/5554 6686/17/5548
f 6642/3/2 6650/2/1 6693/2/5555
f 6642/3/2 6693/2/5555 6688/3/5550
f 6644/37/19 6651/35/18 6694/35/5556
f 6644/37/19 6694/35/5556 6689/37/5551
f 6647/23/12 6652/21/11 6680/21/5542
f 6647/23/12 6680/21/5542 6691/23/5553
f 6649/15/8 6653/13/7 6695/13/5557
f 6649/15/8 6695/13/5557 6692/15/5554
f 6655/45/23 6654/43/22 6675/43/5537
f 6655/45/23 6675/43/5537 6671/45/5533
f 6651/35/18 6656/33/17 6696/33/5558
f 6651/35/18 6696/33/5558 6694/35/5556
f 6657/47/24 6655/45/23 6671/45/5533
f 6657/47/24 6671/45/5533 6670/47/5532
f 6653/13/7 6658/11/6 6697/11/5559
f 6653/13/7 6697/11/5559 6695/13/5557
f 6659/49/25 6657/47/24 6670/47/5532
f 6659/49/25 6670/47/5532 6698/49/5560
f 6656/33/17 6660/31/16 6699/31/5561
f 6656/33/17 6699/31/5561 6696/33/5558
f 6661/51/26 6659/49/25 6698/49/5560
f 6661/51/26 6698/49/5560 6700/51/5562
f 6658/11/6 6662/9/5 6673/9/5535
f 6658/11/6 6673/9/5535 6697/11/5559
f 6637/53/27 6661/51/26 6700/51/5562
f 6637/53/27 6700/51/5562 6638/53/5528
f 6660/31/16 6663/29/15 6678/29/5540
f 6660/31/16 6678/29/5540 6699/31/5561
f 6701/44/5563 6669/46/5530 6671/45/5533
f 6701/44/5563 6671/45/5533 6675/43/5537
f 6614/12/5506 6612/14/5504 6702/14/5564
f 6614/12/5506 6702/14/5564 6703/12/5565
f 6604/50/5496 6615/52/5507 6704/52/5566
f 6604/50/5496 6704/52/5566 6605/50/5497
f 6616/32/5508 6613/34/5505 6705/34/5567
f 6616/32/5508 6705/34/5567 6706/32/5568
f 6615/52/5507 6617/54/5509 6707/54/5569
f 6615/52/5507 6707/54/5569 6704/52/5566
f 6618/10/5510 6614/12/5506 6703/12/5565
f 6618/10/5510 6703/12/5565 6708/10/5570
f 6617/54/5509 6619/56/5511 6709/56/5571
f 6617/54/5509 6709/56/5571 6707/54/5569
f 6620/30/5512 6616/32/5508 6706/32/5568
f 6620/30/5512 6706/32/5568 6710/30/5572
f 6622/22/5514 6621/24/5513 6711/24/5573
f 6622/22/5514 6711/24/5573 6712/22/5574
f 6619/56/5511 6623/58/5515 6713/58/5575
f 6619/56/5511 6713/58/5575 6709/56/5571
f 6624/8/5516 6618/10/5510 6708/10/5570
f 6624/8/5516 6708/10/5570 6714/8/5576
f 6625/42/5517 6610/44/5502 6701/44/5563
f 6625/42/5517 6701/44/5563 6715/42/5577
f 6623/58/5515 6626/60/5518 6716/60/5578
f 6623/58/5515 6716/60/5578 6713/58/5575
f 6627/28/5519 6620/30/5512 6710/30/5572
f 6627/28/5519 6710/30/5572 6717/28/5579
f 6628/20/5520 6622/22/5514 6712/22/5574
f 6628/20/5520 6712/22/5574 6718/20/5580
f 6626/60/5518 6629/62/5521 6719/62/5581
f 6626/60/5518 6719/62/5581 6716/60/5578
f 6630/6/5522 6624/8/5516 6714/8/5576
f 6630/6/5522 6714/8/5576 6720/6/5582
f 6631/40/5523 6625/42/5517 6715/42/5577
f 6631/40/5523 6715/42/5577 6721/40/5583
f 6629/62/5521 6632/64/5524 6722/64/5584
f 6629/62/5521 6722/64/5584 6719/62/5581
f 6633/26/5525 6627/28/5519 6717/28/5579
f 6633/26/5525 6717/28/5579 6723/26/5585
f 6634/18/5526 6628/20/5520 6718/20/5580
f 6634/18/5526 6718/20/5580 6724/18/5586
f 6632/64/5524 6635/66/5527 6725/66/5587
f 6632/64/5524 6725/66/5587 6722/64/5584
f 6572/4/5464 6630/6/5522 6720/6/5582
f 6572/4/5464 6720/6/5582 6726/4/5588
f 6607/38/5499 6631/40/5523 6721/40/5583
f 6607/38/5499 6721/40/5583 6727/38/5589
f 6621/24/5513 6633/26/5525 6723/26/5585
f 6621/24/5513 6723/26/5585 6711/24/5573
f 6611/16/5503 6634/18/5526 6724/18/5586
f 6611/16/5503 6724/18/5586 6728/16/5590
f 6573/1/5465 6572/4/5464 6726/4/5588
f 6573/1/5465 6726/4/5588 6729/1/5591
f 6608/36/5500 6607/38/5499 6727/38/5589
f 6608/36/5500 6727/38/5589 6730/36/5592
f 6610/44/5502 6609/46/5501 6669/46/5593
f 6610/44/5502 6669/46/5593 6701/44/5563
f 6612/14/5504 6611/16/5503 6728/16/5590
f 6612/14/5504 6728/16/5590 6702/14/5564
f 6609/46/5501 6603/48/5495 6606/48/5498
f 6609/46/5501 6606/48/5498 6669/46/5593
f 6613/34/5505 6608/36/5500 6730/36/5592
f 6613/34/5505 6730/36/5592 6705/34/5567
f 6606/48/5531 6605/50/5594 6698/49/5560
f 6606/48/5531 6698/49/5560 6670/47/5532
f 6605/50/5594 6704/52/5595 6700/51/5562
f 6605/50/5594 6700/51/5562 6698/49/5560
f 6704/52/5595 6707/54/5596 6638/53/5528
f 6704/52/5595 6638/53/5528 6700/51/5562
f 6707/54/5596 6709/56/5597 6639/55/5529
f 6707/54/5596 6639/55/5529 6638/53/5528
f 6709/56/5597 6713/58/5598 6676/57/5538
f 6709/56/5597 6676/57/5538 6639/55/5529
f 6713/58/5598 6716/60/5599 6681/59/5543
f 6713/58/5598 6681/59/5543 6676/57/5538
f 6716/60/5599 6719/62/5600 6684/61/5546
f 6716/60/5599 6684/61/5546 6681/59/5543
f 6719/62/5600 6722/64/5601 6687/63/5549
f 6719/62/5600 6687/63/5549 6684/61/5546
f 6722/64/5601 6725/66/5587 6690/65/5552
f 6722/64/5601 6690/65/5552 6687/63/5549
f 6729/1/5587 6726/4/5602 6688/3/5550
f 6729/1/5587 6688/3/5550 6693/2/5555
f 6726/4/5602 6720/6/5603 6682/5/5544
f 6726/4/5602 6682/5/5544 6688/3/5550
f 6720/6/5603 6714/8/5576 6672/7/5534
f 6720/6/5603 6672/7/5534 6682/5/5544
f 6714/8/5576 6708/10/5604 6673/9/5535
f 6714/8/5576 6673/9/5535 6672/7/5534
f 6708/10/5604 6703/12/5565 6697/11/5559
f 6708/10/5604 6697/11/5559 6673/9/5535
f 6703/12/5565 6702/14/5605 6695/13/5557
f 6703/12/5565 6695/13/5557 6697/11/5559
f 6702/14/5605 6728/16/5590 6692/15/5554
f 6702/14/5605 6692/15/5554 6695/13/5557
f 6728/16/5590 6724/18/5586 6686/17/5548
f 6728/16/5590 6686/17/5548 6692/15/5554
f 6724/18/5586 6718/20/5606 6679/19/5541
f 6724/18/5586 6679/19/5541 6686/17/5548
f 6718/20/5606 6712/22/5574 6680/21/5542
f 6718/20/5606 6680/21/5542 6679/19/5541
f 6712/22/5574 6711/24/5573 6691/23/5553
f 6712/22/5574 6691/23/5553 6680/21/5542
f 6711/24/5573 6723/26/5607 6685/25/5547
f 6711/24/5573 6685/25/5547 6691/23/5553
f 6723/26/5607 6717/28/5579 6677/27/5539
f 6723/26/5607 6677/27/5539 6685/25/5547
f 6717/28/5579 6710/30/5572 6678/29/5540
f 6717/28/5579 6678/29/5540 6677/27/5539
f 6710/30/5572 6706/32/5568 6699/31/5561
f 6710/30/5572 6699/31/5561 6678/29/5540
f 6706/32/5568 6705/34/5567 6696/33/5558
f 6706/32/5568 6696/33/5558 6699/31/5561
f 6705/34/5567 6730/36/5608 6694/35/5556
f 6705/34/5567 6694/35/5556 6696/33/5558
f 6730/36/5608 6727/38/5609 6689/37/5551
f 6730/36/5608 6689/37/5551 6694/35/5556
f 6727/38/5609 6721/40/5610 6683/39/5545
f 6727/38/5609 6683/39/5545 6689/37/5551
f 6721/40/5610 6715/42/5611 6674/41/5536
f 6721/40/5610 6674/41/5536 6683/39/5545
f 6715/42/5611 6701/44/5563 6675/43/5537
f 6715/42/5611 6675/43/5537 6674/41/5536
s 11
f 6721/40/5610 6731/40/5612 6732/38/5613
f 6721/40/5610 6732/38/5613 6727/38/5609
f 6733/46/5614 6734/46/5615 6735/44/5616
f 6733/46/5614 6735/44/5616 6736/44/5617
f 6723/26/5607 6737/26/5618 6738/24/5619
f 6723/26/5607 6738/24/5619 6711/24/5573
f 6724/18/5586 6739/18/5620 6740/16/5621
f 6724/18/5586 6740/16/5621 6728/16/5622
f 6726/4/5623 6741/4/5624 6742/1/5625
f 6726/4/5623 6742/1/5625 6729/1/5626
f 6727/38/5609 6732/38/5613 6743/36/5627
f 6727/38/5609 6743/36/5627 6730/36/5608
f 6669/46/5628 6733/46/5614 6736/44/5617
f 6669/46/5628 6736/44/5617 6701/44/5629
f 6728/16/5622 6740/16/5621 6744/14/5630
f 6728/16/5622 6744/14/5630 6702/14/5631
f 6606/48/5498 6745/48/5632 6733/46/5614
f 6606/48/5498 6733/46/5614 6669/46/5628
f 6730/36/5608 6743/36/5627 6746/34/5633
f 6730/36/5608 6746/34/5633 6705/34/5634
f 6605/50/5635 6747/50/5636 6745/48/5632
f 6605/50/5635 6745/48/5632 6606/48/5498
f 6702/14/5631 6744/14/5630 6748/12/5637
f 6702/14/5631 6748/12/5637 6703/12/5565
f 6704/52/5595 6749/52/5638 6747/50/5636
f 6704/52/5595 6747/50/5636 6605/50/5635
f 6705/34/5634 6746/34/5633 6750/32/5639
f 6705/34/5634 6750/32/5639 6706/32/5640
f 6707/54/5569 6751/54/5641 6749/52/5638
f 6707/54/5569 6749/52/5638 6704/52/5595
f 6703/12/5565 6748/12/5637 6752/10/5642
f 6703/12/5565 6752/10/5642 6708/10/5643
f 6709/56/5597 6753/56/5644 6751/54/5641
f 6709/56/5597 6751/54/5641 6707/54/5569
f 6706/32/5640 6750/32/5639 6754/30/5645
f 6706/32/5640 6754/30/5645 6710/30/5572
f 6711/24/5573 6738/24/5619 6755/22/5646
f 6711/24/5573 6755/22/5646 6712/22/5574
f 6713/58/5575 6756/58/5647 6753/56/5644
f 6713/58/5575 6753/56/5644 6709/56/5597
f 6708/10/5643 6752/10/5642 6757/8/5648
f 6708/10/5643 6757/8/5648 6714/8/5576
f 6701/44/5629 6736/44/5617 6758/42/5649
f 6701/44/5629 6758/42/5649 6715/42/5650
f 6716/60/5578 6759/60/5651 6756/58/5647
f 6716/60/5578 6756/58/5647 6713/58/5575
f 6710/30/5572 6754/30/5645 6760/28/5652
f 6710/30/5572 6760/28/5652 6717/28/5579
f 6712/22/5574 6755/22/5646 6761/20/5653
f 6712/22/5574 6761/20/5653 6718/20/5580
f 6719/62/5654 6762/62/5655 6759/60/5651
f 6719/62/5654 6759/60/5651 6716/60/5578
f 6714/8/5576 6757/8/5648 6763/6/5656
f 6714/8/5576 6763/6/5656 6720/6/5657
f 6715/42/5650 6758/42/5649 6731/40/5612
f 6715/42/5650 6731/40/5612 6721/40/5610
f 6722/64/5584 6764/64/5658 6762/62/5655
f 6722/64/5584 6762/62/5655 6719/62/5654
f 6717/28/5579 6760/28/5652 6737/26/5618
f 6717/28/5579 6737/26/5618 6723/26/5607
f 6718/20/5580 6761/20/5653 6739/18/5620
f 6718/20/5580 6739/18/5620 6724/18/5586
f 6725/66/5587 6765/66/5659 6764/64/5658
f 6725/66/5587 6764/64/5658 6722/64/5584
f 6720/6/5657 6763/6/5656 6741/4/5624
f 6720/6/5657 6741/4/5624 6726/4/5623
f 6766/52/5660 6767/52/5661 6768/50/5662
f 6766/52/5660 6768/50/5662 6769/50/5663
f 6740/16/5621 6770/16/5664 6771/14/5665
f 6740/16/5621 6771/14/5665 6744/14/5630
f 6745/48/5632 6772/48/5666 6734/46/5615
f 6745/48/5632 6734/46/5615 6733/46/5614
f 6743/36/5627 6773/36/5667 6774/34/5668
f 6743/36/5627 6774/34/5668 6746/34/5633
f 6747/50/5636 6769/50/5663 6772/48/5666
f 6747/50/5636 6772/48/5666 6745/48/5632
f 6744/14/5630 6771/14/5665 6775/12/5669
f 6744/14/5630 6775/12/5669 6748/12/5637
f 6749/52/5638 6766/52/5660 6769/50/5663
f 6749/52/5638 6769/50/5663 6747/50/5636
f 6746/34/5633 6774/34/5668 6776/32/5670
f 6746/34/5633 6776/32/5670 6750/32/5639
f 6751/54/5641 6777/54/5671 6766/52/5660
f 6751/54/5641 6766/52/5660 6749/52/5638
f 6748/12/5637 6775/12/5669 6778/10/5672
f 6748/12/5637 6778/10/5672 6752/10/5642
f 6753/56/5644 6779/56/5673 6777/54/5671
f 6753/56/5644 6777/54/5671 6751/54/5641
f 6750/32/5639 6776/32/5670 6780/30/5674
f 6750/32/5639 6780/30/5674 6754/30/5645
f 6738/24/5619 6781/24/5675 6782/22/5676
f 6738/24/5619 6782/22/5676 6755/22/5646
f 6756/58/5647 6783/58/5677 6779/56/5673
f 6756/58/5647 6779/56/5673 6753/56/5644
f 6752/10/5642 6778/10/5672 6784/8/5678
f 6752/10/5642 6784/8/5678 6757/8/5648
f 6736/44/5617 6735/44/5616 6785/42/5679
f 6736/44/5617 6785/42/5679 6758/42/5649
f 6759/60/5651 6786/60/5680 6783/58/5677
f 6759/60/5651 6783/58/5677 6756/58/5647
f 6754/30/5645 6780/30/5674 6787/28/5681
f 6754/30/5645 6787/28/5681 6760/28/5652
f 6755/22/5646 6782/22/5676 6788/20/5682
f 6755/22/5646 6788/20/5682 6761/20/5653
f 6762/62/5655 6789/62/5683 6786/60/5680
f 6762/62/5655 6786/60/5680 6759/60/5651
f 6757/8/5648 6784/8/5678 6790/6/5684
f 6757/8/5648 6790/6/5684 6763/6/5656
f 6758/42/5649 6785/42/5679 6791/40/5685
f 6758/42/5649 6791/40/5685 6731/40/5612
f 6764/64/5658 6792/64/5686 6789/62/5683
f 6764/64/5658 6789/62/5683 6762/62/5655
f 6760/28/5652 6787/28/5681 6793/26/5687
f 6760/28/5652 6793/26/5687 6737/26/5618
f 6761/20/5653 6788/20/5682 6794/18/5688
f 6761/20/5653 6794/18/5688 6739/18/5620
f 6765/66/5659 6795/66/5689 6792/64/5686
f 6765/66/5659 6792/64/5686 6764/64/5658
f 6763/6/5656 6790/6/5684 6796/4/5690
f 6763/6/5656 6796/4/5690 6741/4/5624
f 6731/40/5612 6791/40/5685 6797/38/5691
f 6731/40/5612 6797/38/5691 6732/38/5613
f 6737/26/5618 6793/26/5687 6781/24/5675
f 6737/26/5618 6781/24/5675 6738/24/5619
f 6739/18/5620 6794/18/5688 6770/16/5664
f 6739/18/5620 6770/16/5664 6740/16/5621
f 6741/4/5624 6796/4/5690 6798/1/5692
f 6741/4/5624 6798/1/5692 6742/1/5625
f 6732/38/5613 6797/38/5691 6773/36/5667
f 6732/38/5613 6773/36/5667 6743/36/5627
f 6799/58/5693 6800/58/5694 6801/56/5695
f 6799/58/5693 6801/56/5695 6802/56/5696
f 6774/34/5668 6803/34/5697 6804/32/5698
f 6774/34/5668 6804/32/5698 6776/32/5670
f 6777/54/5671 6805/54/5699 6767/52/5661
f 6777/54/5671 6767/52/5661 6766/52/5660
f 6775/12/5669 6806/12/5700 6807/10/5701
f 6775/12/5669 6807/10/5701 6778/10/5672
f 6779/56/5673 6802/56/5696 6805/54/5699
f 6779/56/5673 6805/54/5699 6777/54/5671
f 6776/32/5670 6804/32/5698 6808/30/5702
f 6776/32/5670 6808/30/5702 6780/30/5674
f 6781/24/5675 6809/24/5703 6810/22/5704
f 6781/24/5675 6810/22/5704 6782/22/5676
f 6783/58/5677 6799/58/5693 6802/56/5696
f 6783/58/5677 6802/56/5696 6779/56/5673
f 6778/10/5672 6807/10/5701 6811/8/5705
f 6778/10/5672 6811/8/5705 6784/8/5678
f 6735/44/5616 6812/44/5706 6813/42/5707
f 6735/44/5616 6813/42/5707 6785/42/5679
f 6786/60/5680 6814/60/5708 6799/58/5693
f 6786/60/5680 6799/58/5693 6783/58/5677
f 6780/30/5674 6808/30/5702 6815/28/5709
f 6780/30/5674 6815/28/5709 6787/28/5681
f 6782/22/5676 6810/22/5704 6816/20/5710
f 6782/22/5676 6816/20/5710 6788/20/5682
f 6789/62/5683 6817/62/5711 6814/60/5708
f 6789/62/5683 6814/60/5708 6786/60/5680
f 6784/8/5678 6811/8/5705 6818/6/5712
f 6784/8/5678 6818/6/5712 6790/6/5684
f 6785/42/5679 6813/42/5707 6819/40/5713
f 6785/42/5679 6819/40/5713 6791/40/5685
f 6792/64/5686 6820/64/5714 6817/62/5711
f 6792/64/5686 6817/62/5711 6789/62/5683
f 6787/28/5681 6815/28/5709 6821/26/5715
f 6787/28/5681 6821/26/5715 6793/26/5687
f 6788/20/5682 6816/20/5710 6822/18/5716
f 6788/20/5682 6822/18/5716 6794/18/5688
f 6795/66/5689 6823/66/5717 6820/64/5714
f 6795/66/5689 6820/64/5714 6792/64/5686
f 6790/6/5684 6818/6/5712 6824/4/5718
f 6790/6/5684 6824/4/5718 6796/4/5690
f 6791/40/5685 6819/40/5713 6825/38/5719
f 6791/40/5685 6825/38/5719 6797/38/5691
f 6793/26/5687 6821/26/5715 6809/24/5703
f 6793/26/5687 6809/24/5703 6781/24/5675
f 6794/18/5688 6822/18/5716 6826/16/5720
f 6794/18/5688 6826/16/5720 6770/16/5664
f 6796/4/5690 6824/4/5718 6827/1/5721
f 6796/4/5690 6827/1/5721 6798/1/5692
f 6797/38/5691 6825/38/5719 6828/36/5722
f 6797/38/5691 6828/36/5722 6773/36/5667
f 6734/46/5615 6829/46/5723 6812/44/5706
f 6734/46/5615 6812/44/5706 6735/44/5616
f 6770/16/5664 6826/16/5720 6830/14/5724
f 6770/16/5664 6830/14/5724 6771/14/5665
f 6772/48/5666 6831/48/5725 6829/46/5723
f 6772/48/5666 6829/46/5723 6734/46/5615
f 6773/36/5667 6828/36/5722 6803/34/5697
f 6773/36/5667 6803/34/5697 6774/34/5668
f 6769/50/5663 6768/50/5662 6831/48/5725
f 6769/50/5663 6831/48/5725 6772/48/5666
f 6771/14/5665 6830/14/5724 6806/12/5700
f 6771/14/5665 6806/12/5700 6775/12/5669
f 6832/64/5726 6833/64/5727 6834/62/5728
f 6832/64/5726 6834/62/5728 6835/62/5729
f 6807/10/5701 6836/10/5730 6837/8/5731
f 6807/10/5701 6837/8/5731 6811/8/5705
f 6812/44/5706 6838/44/5732 6839/42/5733
f 6812/44/5706 6839/42/5733 6813/42/5707
f 6814/60/5708 6840/60/5734 6800/58/5694
f 6814/60/5708 6800/58/5694 6799/58/5693
f 6808/30/5702 6841/30/5735 6842/28/5736
f 6808/30/5702 6842/28/5736 6815/28/5709
f 6810/22/5704 6843/22/5737 6844/20/5738
f 6810/22/5704 6844/20/5738 6816/20/5710
f 6817/62/5711 6835/62/5729 6840/60/5734
f 6817/62/5711 6840/60/5734 6814/60/5708
f 6811/8/5705 6837/8/5731 6845/6/5739
f 6811/8/5705 6845/6/5739 6818/6/5712
f 6813/42/5707 6839/42/5733 6846/40/5740
f 6813/42/5707 6846/40/5740 6819/40/5713
f 6820/64/5714 6832/64/5726 6835/62/5729
f 6820/64/5714 6835/62/5729 6817/62/5711
f 6815/28/5709 6842/28/5736 6847/26/5741
f 6815/28/5709 6847/26/5741 6821/26/5715
f 6816/20/5710 6844/20/5738 6848/18/5742
f 6816/20/5710 6848/18/5742 6822/18/5716
f 6823/66/5717 6849/66/5743 6832/64/5726
f 6823/66/5717 6832/64/5726 6820/64/5714
f 6818/6/5712 6845/6/5739 6850/4/5744
f 6818/6/5712 6850/4/5744 6824/4/5718
f 6819/40/5713 6846/40/5740 6851/38/5745
f 6819/40/5713 6851/38/5745 6825/38/5719
f 6821/26/5715 6847/26/5741 6852/24/5746
f 6821/26/5715 6852/24/5746 6809/24/5703
f 6822/18/5716 6848/18/5742 6853/16/5747
f 6822/18/5716 6853/16/5747 6826/16/5720
f 6824/4/5718 6850/4/5744 6854/1/5743
f 6824/4/5718 6854/1/5743 6827/1/5721
f 6825/38/5719 6851/38/5745 6855/36/5748
f 6825/38/5719 6855/36/5748 6828/36/5722
f 6829/46/5723 6856/46/5749 6838/44/5732
f 6829/46/5723 6838/44/5732 6812/44/5706
f 6826/16/5720 6853/16/5747 6857/14/5750
f 6826/16/5720 6857/14/5750 6830/14/5724
f 6831/48/5725 6858/48/5751 6856/46/5749
f 6831/48/5725 6856/46/5749 6829/46/5723
f 6828/36/5722 6855/36/5748 6859/34/5752
f 6828/36/5722 6859/34/5752 6803/34/5697
f 6768/50/5662 6860/50/5753 6858/48/5751
f 6768/50/5662 6858/48/5751 6831/48/5725
f 6830/14/5724 6857/14/5750 6861/12/5754
f 6830/14/5724 6861/12/5754 6806/12/5700
f 6767/52/5661 6862/52/5755 6860/50/5753
f 6767/52/5661 6860/50/5753 6768/50/5662
f 6803/34/5697 6859/34/5752 6863/32/5756
f 6803/34/5697 6863/32/5756 6804/32/5698
f 6805/54/5699 6864/54/5757 6862/52/5755
f 6805/54/5699 6862/52/5755 6767/52/5661
f 6806/12/5700 6861/12/5754 6836/10/5730
f 6806/12/5700 6836/10/5730 6807/10/5701
f 6802/56/5696 6801/56/5695 6864/54/5757
f 6802/56/5696 6864/54/5757 6805/54/5699
f 6804/32/5698 6863/32/5756 6841/30/5735
f 6804/32/5698 6841/30/5735 6808/30/5702
f 6809/24/5703 6852/24/5746 6843/22/5737
f 6809/24/5703 6843/22/5737 6810/22/5704
f 6865/52/5758 6866/52/5759 6867/50/5760
f 6865/52/5758 6867/50/5760 6868/50/5761
f 6842/28/5736 6869/28/5762 6870/26/5763
f 6842/28/5736 6870/26/5763 6847/26/5741
f 6844/20/5738 6871/20/5764 6872/18/5765
f 6844/20/5738 6872/18/5765 6848/18/5742
f 6849/66/5743 6873/66/5766 6833/64/5727
f 6849/66/5743 6833/64/5727 6832/64/5726
f 6845/6/5739 6874/6/5767 6875/4/5768
f 6845/6/5739 6875/4/5768 6850/4/5744
f 6846/40/5740 6876/40/5769 6877/38/5770
f 6846/40/5740 6877/38/5770 6851/38/5745
f 6847/26/5741 6870/26/5763 6878/24/5771
f 6847/26/5741 6878/24/5771 6852/24/5746
f 6848/18/5742 6872/18/5765 6879/16/5772
f 6848/18/5742 6879/16/5772 6853/16/5747
f 6850/4/5744 6875/4/5768 6880/1/5766
f 6850/4/5744 6880/1/5766 6854/1/5743
f 6851/38/5745 6877/38/5770 6881/36/5773
f 6851/38/5745 6881/36/5773 6855/36/5748
f 6856/46/5749 6882/46/5774 6883/44/5775
f 6856/46/5749 6883/44/5775 6838/44/5732
f 6853/16/5747 6879/16/5772 6884/14/5776
f 6853/16/5747 6884/14/5776 6857/14/5750
f 6858/48/5751 6885/48/5777 6882/46/5774
f 6858/48/5751 6882/46/5774 6856/46/5749
f 6855/36/5748 6881/36/5773 6886/34/5778
f 6855/36/5748 6886/34/5778 6859/34/5752
f 6860/50/5753 6868/50/5761 6885/48/5777
f 6860/50/5753 6885/48/5777 6858/48/5751
f 6857/14/5750 6884/14/5776 6887/12/5779
f 6857/14/5750 6887/12/5779 6861/12/5754
f 6862/52/5755 6865/52/5758 6868/50/5761
f 6862/52/5755 6868/50/5761 6860/50/5753
f 6859/34/5752 6886/34/5778 6888/32/5780
f 6859/34/5752 6888/32/5780 6863/32/5756
f 6864/54/5757 6889/54/5781 6865/52/5758
f 6864/54/5757 6865/52/5758 6862/52/5755
f 6861/12/5754 6887/12/5779 6890/10/5782
f 6861/12/5754 6890/10/5782 6836/10/5730
f 6801/56/5695 6891/56/5783 6889/54/5781
f 6801/56/5695 6889/54/5781 6864/54/5757
f 6863/32/5756 6888/32/5780 6892/30/5784
f 6863/32/5756 6892/30/5784 6841/30/5735
f 6852/24/5746 6878/24/5771 6893/22/5785
f 6852/24/5746 6893/22/5785 6843/22/5737
f 6800/58/5694 6894/58/5786 6891/56/5783
f 6800/58/5694 6891/56/5783 6801/56/5695
f 6836/10/5730 6890/10/5782 6895/8/5787
f 6836/10/5730 6895/8/5787 6837/8/5731
f 6838/44/5732 6883/44/5775 6896/42/5788
f 6838/44/5732 6896/42/5788 6839/42/5733
f 6840/60/5734 6897/60/5789 6894/58/5786
f 6840/60/5734 6894/58/5786 6800/58/5694
f 6841/30/5735 6892/30/5784 6869/28/5762
f 6841/30/5735 6869/28/5762 6842/28/5736
f 6843/22/5737 6893/22/5785 6871/20/5764
f 6843/22/5737 6871/20/5764 6844/20/5738
f 6835/62/5729 6834/62/5728 6897/60/5789
f 6835/62/5729 6897/60/5789 6840/60/5734
f 6837/8/5731 6895/8/5787 6874/6/5767
f 6837/8/5731 6874/6/5767 6845/6/5739
f 6839/42/5733 6896/42/5788 6876/40/5769
f 6839/42/5733 6876/40/5769 6846/40/5740
f 6898/58/5790 6899/58/5791 6900/56/5792
f 6898/58/5790 6900/56/5792 6901/56/5793
f 6886/34/5778 6902/34/5794 6903/32/5795
f 6886/34/5778 6903/32/5795 6888/32/5780
f 6889/54/5781 6904/54/5796 6866/52/5759
f 6889/54/5781 6866/52/5759 6865/52/5758
f 6887/12/5779 6905/12/5797 6906/10/5798
f 6887/12/5779 6906/10/5798 6890/10/5782
f 6891/56/5783 6901/56/5793 6904/54/5796
f 6891/56/5783 6904/54/5796 6889/54/5781
f 6888/32/5780 6903/32/5795 6907/30/5799
f 6888/32/5780 6907/30/5799 6892/30/5784
f 6878/24/5771 6908/24/5800 6909/22/5801
f 6878/24/5771 6909/22/5801 6893/22/5785
f 6894/58/5786 6898/58/5790 6901/56/5793
f 6894/58/5786 6901/56/5793 6891/56/5783
f 6890/10/5782 6906/10/5798 6910/8/5802
f 6890/10/5782 6910/8/5802 6895/8/5787
f 6883/44/5775 6911/44/5803 6912/42/5804
f 6883/44/5775 6912/42/5804 6896/42/5788
f 6897/60/5789 6913/60/5805 6898/58/5790
f 6897/60/5789 6898/58/5790 6894/58/5786
f 6892/30/5784 6907/30/5799 6914/28/5806
f 6892/30/5784 6914/28/5806 6869/28/5762
f 6893/22/5785 6909/22/5801 6915/20/5807
f 6893/22/5785 6915/20/5807 6871/20/5764
f 6834/62/5728 6916/62/5808 6913/60/5805
f 6834/62/5728 6913/60/5805 6897/60/5789
f 6895/8/5787 6910/8/5802 6917/6/5809
f 6895/8/5787 6917/6/5809 6874/6/5767
f 6896/42/5788 6912/42/5804 6918/40/5810
f 6896/42/5788 6918/40/5810 6876/40/5769
f 6833/64/5727 6919/64/5811 6916/62/5808
f 6833/64/5727 6916/62/5808 6834/62/5728
f 6869/28/5762 6914/28/5806 6920/26/5812
f 6869/28/5762 6920/26/5812 6870/26/5763
f 6871/20/5764 6915/20/5807 6921/18/5813
f 6871/20/5764 6921/18/5813 6872/18/5765
f 6873/66/5766 6922/66/5814 6919/64/5811
f 6873/66/5766 6919/64/5811 6833/64/5727
f 6874/6/5767 6917/6/5809 6923/4/5815
f 6874/6/5767 6923/4/5815 6875/4/5768
f 6876/40/5769 6918/40/5810 6924/38/5816
f 6876/40/5769 6924/38/5816 6877/38/5770
f 6870/26/5763 6920/26/5812 6908/24/5800
f 6870/26/5763 6908/24/5800 6878/24/5771
f 6872/18/5765 6921/18/5813 6925/16/5817
f 6872/18/5765 6925/16/5817 6879/16/5772
f 6875/4/5768 6923/4/5815 6926/1/5818
f 6875/4/5768 6926/1/5818 6880/1/5766
f 6877/38/5770 6924/38/5816 6927/36/5819
f 6877/38/5770 6927/36/5819 6881/36/5773
f 6882/46/5774 6928/46/5820 6911/44/5803
f 6882/46/5774 6911/44/5803 6883/44/5775
f 6879/16/5772 6925/16/5817 6929/14/5821
f 6879/16/5772 6929/14/5821 6884/14/5776
f 6885/48/5777 6930/48/5822 6928/46/5820
f 6885/48/5777 6928/46/5820 6882/46/5774
f 6881/36/5773 6927/36/5819 6902/34/5794
f 6881/36/5773 6902/34/5794 6886/34/5778
f 6868/50/5761 6867/50/5760 6930/48/5822
f 6868/50/5761 6930/48/5822 6885/48/5777
f 6884/14/5776 6929/14/5821 6905/12/5797
f 6884/14/5776 6905/12/5797 6887/12/5779
f 6931/64/5823 6932/64/5824 6933/62/5825
f 6931/64/5823 6933/62/5825 6934/62/5826
f 6906/10/5798 6935/10/5827 6936/8/5828
f 6906/10/5798 6936/8/5828 6910/8/5802
f 6911/44/5803 6937/44/5829 6938/42/5830
f 6911/44/5803 6938/42/5830 6912/42/5804
f 6913/60/5805 6939/60/5831 6899/58/5791
f 6913/60/5805 6899/58/5791 6898/58/5790
f 6907/30/5799 6940/30/5832 6941/28/5833
f 6907/30/5799 6941/28/5833 6914/28/5806
f 6909/22/5801 6942/22/5834 6943/20/5835
f 6909/22/5801 6943/20/5835 6915/20/5807
f 6916/62/5808 6934/62/5826 6939/60/5831
f 6916/62/5808 6939/60/5831 6913/60/5805
f 6910/8/5802 6936/8/5828 6944/6/5836
f 6910/8/5802 6944/6/5836 6917/6/5809
f 6912/42/5804 6938/42/5830 6945/40/5837
f 6912/42/5804 6945/40/5837 6918/40/5810
f 6919/64/5811 6931/64/5823 6934/62/5826
f 6919/64/5811 6934/62/5826 6916/62/5808
f 6914/28/5806 6941/28/5833 6946/26/5838
f 6914/28/5806 6946/26/5838 6920/26/5812
f 6915/20/5807 6943/20/5835 6947/18/5839
f 6915/20/5807 6947/18/5839 6921/18/5813
f 6922/66/5814 6948/66/5840 6931/64/5823
f 6922/66/5814 6931/64/5823 6919/64/5811
f 6917/6/5809 6944/6/5836 6949/4/5841
f 6917/6/5809 6949/4/5841 6923/4/5815
f 6918/40/5810 6945/40/5837 6950/38/5842
f 6918/40/5810 6950/38/5842 6924/38/5816
f 6920/26/5812 6946/26/5838 6951/24/5843
f 6920/26/5812 6951/24/5843 6908/24/5800
f 6921/18/5813 6947/18/5839 6952/16/5844
f 6921/18/5813 6952/16/5844 6925/16/5817
f 6923/4/5815 6949/4/5841 6953/1/5845
f 6923/4/5815 6953/1/5845 6926/1/5818
f 6924/38/5816 6950/38/5842 6954/36/5846
f 6924/38/5816 6954/36/5846 6927/36/5819
f 6928/46/5820 6955/46/5847 6937/44/5829
f 6928/46/5820 6937/44/5829 6911/44/5803
f 6925/16/5817 6952/16/5844 6956/14/5848
f 6925/16/5817 6956/14/5848 6929/14/5821
f 6930/48/5822 6957/48/5849 6955/46/5847
f 6930/48/5822 6955/46/5847 6928/46/5820
f 6927/36/5819 6954/36/5846 6958/34/5850
f 6927/36/5819 6958/34/5850 6902/34/5794
f 6867/50/5760 6959/50/5851 6957/48/5849
f 6867/50/5760 6957/48/5849 6930/48/5822
f 6929/14/5821 6956/14/5848 6960/12/5852
f 6929/14/5821 6960/12/5852 6905/12/5797
f 6866/52/5759 6961/52/5853 6959/50/5851
f 6866/52/5759 6959/50/5851 6867/50/5760
f 6902/34/5794 6958/34/5850 6962/32/5854
f 6902/34/5794 6962/32/5854 6903/32/5795
f 6904/54/5796 6963/54/5855 6961/52/5853
f 6904/54/5796 6961/52/5853 6866/52/5759
f 6905/12/5797 6960/12/5852 6935/10/5827
f 6905/12/5797 6935/10/5827 6906/10/5798
f 6901/56/5793 6900/56/5792 6963/54/5855
f 6901/56/5793 6963/54/5855 6904/54/5796
f 6903/32/5795 6962/32/5854 6940/30/5832
f 6903/32/5795 6940/30/5832 6907/30/5799
f 6908/24/5800 6951/24/5843 6942/22/5834
f 6908/24/5800 6942/22/5834 6909/22/5801
f 6964/4/5856 6965/4/5857 6966/1/5858
f 6964/4/5856 6966/1/5858 6967/1/5468
f 6941/28/5833 6968/28/5859 6969/26/5860
f 6941/28/5833 6969/26/5860 6946/26/5838
f 6943/20/5835 6970/20/5861 6971/18/5862
f 6943/20/5835 6971/18/5862 6947/18/5839
f 6948/66/5840 6972/66/5462 6932/64/5824
f 6948/66/5840 6932/64/5824 6931/64/5823
f 6944/6/5836 6973/6/5863 6964/4/5856
f 6944/6/5836 6964/4/5856 6949/4/5841
f 6945/40/5837 6974/40/5864 6975/38/5865
f 6945/40/5837 6975/38/5865 6950/38/5842
f 6946/26/5838 6969/26/5860 6976/24/5866
f 6946/26/5838 6976/24/5866 6951/24/5843
f 6947/18/5839 6971/18/5862 6977/16/5867
f 6947/18/5839 6977/16/5867 6952/16/5844
f 6949/4/5841 6964/4/5856 6967/1/5468
f 6949/4/5841 6967/1/5468 6953/1/5845
f 6950/38/5842 6975/38/5865 6978/36/5868
f 6950/38/5842 6978/36/5868 6954/36/5846
f 6955/46/5847 6979/46/5869 6980/44/5870
f 6955/46/5847 6980/44/5870 6937/44/5829
f 6952/16/5844 6977/16/5867 6981/14/5871
f 6952/16/5844 6981/14/5871 6956/14/5848
f 6957/48/5849 6982/48/5872 6979/46/5869
f 6957/48/5849 6979/46/5869 6955/46/5847
f 6954/36/5846 6978/36/5868 6983/34/5480
f 6954/36/5846 6983/34/5480 6958/34/5850
f 6959/50/5851 6984/50/5873 6982/48/5872
f 6959/50/5851 6982/48/5872 6957/48/5849
f 6956/14/5848 6981/14/5871 6985/12/5874
f 6956/14/5848 6985/12/5874 6960/12/5852
f 6961/52/5853 6986/52/5875 6984/50/5873
f 6961/52/5853 6984/50/5873 6959/50/5851
f 6958/34/5850 6983/34/5480 6987/32/5876
f 6958/34/5850 6987/32/5876 6962/32/5854
f 6963/54/5855 6988/54/5877 6986/52/5875
f 6963/54/5855 6986/52/5875 6961/52/5853
f 6960/12/5852 6985/12/5874 6989/10/5878
f 6960/12/5852 6989/10/5878 6935/10/5827
f 6900/56/5792 6990/56/5879 6988/54/5877
f 6900/56/5792 6988/54/5877 6963/54/5855
f 6962/32/5854 6987/32/5876 6991/30/5880
f 6962/32/5854 6991/30/5880 6940/30/5832
f 6951/24/5843 6976/24/5866 6992/22/5881
f 6951/24/5843 6992/22/5881 6942/22/5834
f 6899/58/5791 6993/58/5882 6990/56/5879
f 6899/58/5791 6990/56/5879 6900/56/5792
f 6935/10/5827 6989/10/5878 6994/8/5883
f 6935/10/5827 6994/8/5883 6936/8/5828
f 6937/44/5829 6980/44/5870 6995/42/5884
f 6937/44/5829 6995/42/5884 6938/42/5830
f 6939/60/5831 6996/60/5885 6993/58/5882
f 6939/60/5831 6993/58/5882 6899/58/5791
f 6940/30/5832 6991/30/5880 6968/28/5859
f 6940/30/5832 6968/28/5859 6941/28/5833
f 6942/22/5834 6992/22/5881 6970/20/5861
f 6942/22/5834 6970/20/5861 6943/20/5835
f 6934/62/5826 6933/62/5825 6996/60/5885
f 6934/62/5826 6996/60/5885 6939/60/5831
f 6936/8/5828 6994/8/5883 6973/6/5863
f 6936/8/5828 6973/6/5863 6944/6/5836
f 6938/42/5830 6995/42/5884 6974/40/5864
f 6938/42/5830 6974/40/5864 6945/40/5837
f 6997/50/5886 6998/50/5887 6999/48/5888
f 6997/50/5886 6999/48/5888 7000/48/5889
f 6975/38/5865 7001/38/5890 7002/36/5891
f 6975/38/5865 7002/36/5891 6978/36/5868
f 6979/46/5869 7003/46/5892 7004/44/5893
f 6979/46/5869 7004/44/5893 6980/44/5870
f 6977/16/5867 7005/16/5894 7006/14/5895
f 6977/16/5867 7006/14/5895 6981/14/5871
f 6982/48/5872 7000/48/5889 7003/46/5892
f 6982/48/5872 7003/46/5892 6979/46/5869
f 6978/36/5868 7002/36/5891 7007/34/5896
f 6978/36/5868 7007/34/5896 6983/34/5480
f 6984/50/5873 6997/50/5886 7000/48/5889
f 6984/50/5873 7000/48/5889 6982/48/5872
f 6981/14/5871 7006/14/5895 7008/12/5897
f 6981/14/5871 7008/12/5897 6985/12/5874
f 6986/52/5875 7009/52/5898 6997/50/5886
f 6986/52/5875 6997/50/5886 6984/50/5873
f 6983/34/5480 7007/34/5896 7010/32/5899
f 6983/34/5480 7010/32/5899 6987/32/5876
f 6988/54/5877 7011/54/5900 7009/52/5898
f 6988/54/5877 7009/52/5898 6986/52/5875
f 6985/12/5874 7008/12/5897 7012/10/5901
f 6985/12/5874 7012/10/5901 6989/10/5878
f 6990/56/5879 7013/56/5902 7011/54/5900
f 6990/56/5879 7011/54/5900 6988/54/5877
f 6987/32/5876 7010/32/5899 7014/30/5903
f 6987/32/5876 7014/30/5903 6991/30/5880
f 6976/24/5866 7015/24/5904 7016/22/5905
f 6976/24/5866 7016/22/5905 6992/22/5881
f 6993/58/5882 7017/58/5906 7013/56/5902
f 6993/58/5882 7013/56/5902 6990/56/5879
f 6989/10/5878 7012/10/5901 7018/8/5907
f 6989/10/5878 7018/8/5907 6994/8/5883
f 6980/44/5870 7004/44/5893 7019/42/5908
f 6980/44/5870 7019/42/5908 6995/42/5884
f 6996/60/5885 7020/60/5909 7017/58/5906
f 6996/60/5885 7017/58/5906 6993/58/5882
f 6991/30/5880 7014/30/5903 7021/28/5910
f 6991/30/5880 7021/28/5910 6968/28/5859
f 6992/22/5881 7016/22/5905 7022/20/5911
f 6992/22/5881 7022/20/5911 6970/20/5861
f 6933/62/5825 7023/62/5912 7020/60/5909
f 6933/62/5825 7020/60/5909 6996/60/5885
f 6994/8/5883 7018/8/5907 7024/6/5913
f 6994/8/5883 7024/6/5913 6973/6/5863
f 6995/42/5884 7019/42/5908 7025/40/5914
f 6995/42/5884 7025/40/5914 6974/40/5864
f 6932/64/5824 7026/64/5915 7023/62/5912
f 6932/64/5824 7023/62/5912 6933/62/5825
f 6968/28/5859 7021/28/5910 7027/26/5916
f 6968/28/5859 7027/26/5916 6969/26/5860
f 6970/20/5861 7022/20/5911 7028/18/5917
f 6970/20/5861 7028/18/5917 6971/18/5862
f 6972/66/5462 7029/66/5918 7026/64/5915
f 6972/66/5462 7026/64/5915 6932/64/5824
f 6973/6/5863 7024/6/5913 6965/4/5857
f 6973/6/5863 6965/4/5857 6964/4/5856
f 6974/40/5864 7025/40/5914 7001/38/5890
f 6974/40/5864 7001/38/5890 6975/38/5865
f 6969/26/5860 7027/26/5916 7015/24/5904
f 6969/26/5860 7015/24/5904 6976/24/5866
f 6971/18/5862 7028/18/5917 7005/16/5894
f 6971/18/5862 7005/16/5894 6977/16/5867
f 7030/56/5919 7031/56/5920 7032/54/5921
f 7030/56/5919 7032/54/5921 7033/54/5922
f 7006/14/5895 7034/14/5923 7035/12/5924
f 7006/14/5895 7035/12/5924 7008/12/5897
f 7009/52/5898 7036/52/5925 6998/50/5887
f 7009/52/5898 6998/50/5887 6997/50/5886
f 7007/34/5896 7037/34/5926 7038/32/5927
f 7007/34/5896 7038/32/5927 7010/32/5899
f 7011/54/5900 7033/54/5922 7036/52/5925
f 7011/54/5900 7036/52/5925 7009/52/5898
f 7008/12/5897 7035/12/5924 7039/10/5928
f 7008/12/5897 7039/10/5928 7012/10/5901
f 7013/56/5902 7030/56/5919 7033/54/5922
f 7013/56/5902 7033/54/5922 7011/54/5900
f 7010/32/5899 7038/32/5927 7040/30/5929
f 7010/32/5899 7040/30/5929 7014/30/5903
f 7015/24/5904 7041/24/5930 7042/22/5931
f 7015/24/5904 7042/22/5931 7016/22/5905
f 7017/58/5906 7043/58/5932 7030/56/5919
f 7017/58/5906 7030/56/5919 7013/56/5902
f 7012/10/5901 7039/10/5928 7044/8/5933
f 7012/10/5901 7044/8/5933 7018/8/5907
f 7004/44/5893 7045/44/5934 7046/42/5935
f 7004/44/5893 7046/42/5935 7019/42/5908
f 7020/60/5909 7047/60/5936 7043/58/5932
f 7020/60/5909 7043/58/5932 7017/58/5906
f 7014/30/5903 7040/30/5929 7048/28/5937
f 7014/30/5903 7048/28/5937 7021/28/5910
f 7016/22/5905 7042/22/5931 7049/20/5938
f 7016/22/5905 7049/20/5938 7022/20/5911
f 7023/62/5912 7050/62/5939 7047/60/5936
f 7023/62/5912 7047/60/5936 7020/60/5909
f 7018/8/5907 7044/8/5933 7051/6/5940
f 7018/8/5907 7051/6/5940 7024/6/5913
f 7019/42/5908 7046/42/5935 7052/40/5941
f 7019/42/5908 7052/40/5941 7025/40/5914
f 7026/64/5915 7053/64/5942 7050/62/5939
f 7026/64/5915 7050/62/5939 7023/62/5912
f 7021/28/5910 7048/28/5937 7054/26/5943
f 7021/28/5910 7054/26/5943 7027/26/5916
f 7022/20/5911 7049/20/5938 7055/18/5944
f 7022/20/5911 7055/18/5944 7028/18/5917
f 7029/66/5918 7056/66/5945 7053/64/5942
f 7029/66/5918 7053/64/5942 7026/64/5915
f 7024/6/5913 7051/6/5940 7057/4/5946
f 7024/6/5913 7057/4/5946 6965/4/5857
f 7025/40/5914 7052/40/5941 7058/38/5947
f 7025/40/5914 7058/38/5947 7001/38/5890
f 7027/26/5916 7054/26/5943 7041/24/5930
f 7027/26/5916 7041/24/5930 7015/24/5904
f 7028/18/5917 7055/18/5944 7059/16/5948
f 7028/18/5917 7059/16/5948 7005/16/5894
f 6965/4/5857 7057/4/5946 7060/1/5945
f 6965/4/5857 7060/1/5945 6966/1/5858
f 7001/38/5890 7058/38/5947 7061/36/5949
f 7001/38/5890 7061/36/5949 7002/36/5891
f 7003/46/5892 7062/46/5950 7045/44/5934
f 7003/46/5892 7045/44/5934 7004/44/5893
f 7005/16/5894 7059/16/5948 7034/14/5923
f 7005/16/5894 7034/14/5923 7006/14/5895
f 7000/48/5889 6999/48/5888 7062/46/5950
f 7000/48/5889 7062/46/5950 7003/46/5892
f 7002/36/5891 7061/36/5949 7037/34/5926
f 7002/36/5891 7037/34/5926 7007/34/5896
f 7063/22/5951 7064/22/5952 7065/20/5953
f 7063/22/5951 7065/20/5953 7066/20/5954
f 7038/32/5927 7067/32/5955 7068/30/5956
f 7038/32/5927 7068/30/5956 7040/30/5929
f 7041/24/5930 7069/24/5957 7063/22/5951
f 7041/24/5930 7063/22/5951 7042/22/5931
f 7043/58/5932 7070/58/5958 7031/56/5920
f 7043/58/5932 7031/56/5920 7030/56/5919
f 7039/10/5928 7071/10/5959 7072/8/5960
f 7039/10/5928 7072/8/5960 7044/8/5933
f 7045/44/5934 7073/44/5961 7074/42/5962
f 7045/44/5934 7074/42/5962 7046/42/5935
f 7047/60/5936 7075/60/5963 7070/58/5958
f 7047/60/5936 7070/58/5958 7043/58/5932
f 7040/30/5929 7068/30/5956 7076/28/5964
f 7040/30/5929 7076/28/5964 7048/28/5937
f 7042/22/5931 7063/22/5951 7066/20/5954
f 7042/22/5931 7066/20/5954 7049/20/5938
f 7050/62/5939 7077/62/5965 7075/60/5963
f 7050/62/5939 7075/60/5963 7047/60/5936
f 7044/8/5933 7072/8/5960 7078/6/5966
f 7044/8/5933 7078/6/5966 7051/6/5940
f 7046/42/5935 7074/42/5962 7079/40/5967
f 7046/42/5935 7079/40/5967 7052/40/5941
f 7053/64/5942 7080/64/5968 7077/62/5965
f 7053/64/5942 7077/62/5965 7050/62/5939
f 7048/28/5937 7076/28/5964 7081/26/5969
f 7048/28/5937 7081/26/5969 7054/26/5943
f 7049/20/5938 7066/20/5954 7082/18/5970
f 7049/20/5938 7082/18/5970 7055/18/5944
f 7056/66/5945 7083/66/5971 7080/64/5968
f 7056/66/5945 7080/64/5968 7053/64/5942
f 7051/6/5940 7078/6/5966 7084/4/5972
f 7051/6/5940 7084/4/5972 7057/4/5946
f 7052/40/5941 7079/40/5967 7085/38/5973
f 7052/40/5941 7085/38/5973 7058/38/5947
f 7054/26/5943 7081/26/5969 7069/24/5957
f 7054/26/5943 7069/24/5957 7041/24/5930
f 7055/18/5944 7082/18/5970 7086/16/5974
f 7055/18/5944 7086/16/5974 7059/16/5948
f 7057/4/5946 7084/4/5972 7087/1/5975
f 7057/4/5946 7087/1/5975 7060/1/5945
f 7058/38/5947 7085/38/5973 7088/36/5976
f 7058/38/5947 7088/36/5976 7061/36/5949
f 7062/46/5950 7089/46/5977 7073/44/5961
f 7062/46/5950 7073/44/5961 7045/44/5934
f 7059/16/5948 7086/16/5974 7090/14/5978
f 7059/16/5948 7090/14/5978 7034/14/5923
f 6999/48/5888 7091/48/5979 7089/46/5977
f 6999/48/5888 7089/46/5977 7062/46/5950
f 7061/36/5949 7088/36/5976 7092/34/5980
f 7061/36/5949 7092/34/5980 7037/34/5926
f 6998/50/5887 7093/50/5981 7091/48/5979
f 6998/50/5887 7091/48/5979 6999/48/5888
f 7034/14/5923 7090/14/5978 7094/12/5982
f 7034/14/5923 7094/12/5982 7035/12/5924
f 7036/52/5925 7095/52/5983 7093/50/5981
f 7036/52/5925 7093/50/5981 6998/50/5887
f 7037/34/5926 7092/34/5980 7067/32/5955
f 7037/34/5926 7067/32/5955 7038/32/5927
f 7033/54/5922 7032/54/5921 7095/52/5983
f 7033/54/5922 7095/52/5983 7036/52/5925
f 7035/12/5924 7094/12/5982 7071/10/5959
f 7035/12/5924 7071/10/5959 7039/10/5928
f 7096/40/5984 7097/40/5985 7098/38/5986
f 7096/40/5984 7098/38/5986 7099/38/5987
f 7077/62/5965 7100/62/5988 7101/60/5989
f 7077/62/5965 7101/60/5989 7075/60/5963
f 7072/8/5960 7102/8/5990 7103/6/5991
f 7072/8/5960 7103/6/5991 7078/6/5966
f 7074/42/5962 7104/42/5992 7096/40/5984
f 7074/42/5962 7096/40/5984 7079/40/5967
f 7080/64/5968 7105/64/5993 7100/62/5988
f 7080/64/5968 7100/62/5988 7077/62/5965
f 7076/28/5964 7106/28/5994 7107/26/5995
f 7076/28/5964 7107/26/5995 7081/26/5969
f 7066/20/5954 7065/20/5953 7108/18/5996
f 7066/20/5954 7108/18/5996 7082/18/5970
f 7083/66/5971 7109/66/5997 7105/64/5993
f 7083/66/5971 7105/64/5993 7080/64/5968
f 7078/6/5966 7103/6/5991 7110/4/5998
f 7078/6/5966 7110/4/5998 7084/4/5972
f 7079/40/5967 7096/40/5984 7099/38/5987
f 7079/40/5967 7099/38/5987 7085/38/5973
f 7081/26/5969 7107/26/5995 7111/24/5999
f 7081/26/5969 7111/24/5999 7069/24/5957
f 7082/18/5970 7108/18/5996 7112/16/6000
f 7082/18/5970 7112/16/6000 7086/16/5974
f 7084/4/5972 7110/4/5998 7113/1/6001
f 7084/4/5972 7113/1/6001 7087/1/5975
f 7085/38/5973 7099/38/5987 7114/36/6002
f 7085/38/5973 7114/36/6002 7088/36/5976
f 7089/46/5977 7115/46/6003 7116/44/6004
f 7089/46/5977 7116/44/6004 7073/44/5961
f 7086/16/5974 7112/16/6000 7117/14/6005
f 7086/16/5974 7117/14/6005 7090/14/5978
f 7091/48/5979 7118/48/6006 7115/46/6003
f 7091/48/5979 7115/46/6003 7089/46/5977
f 7088/36/5976 7114/36/6002 7119/34/6007
f 7088/36/5976 7119/34/6007 7092/34/5980
f 7093/50/5981 7120/50/6008 7118/48/6006
f 7093/50/5981 7118/48/6006 7091/48/5979
f 7090/14/5978 7117/14/6005 7121/12/6009
f 7090/14/5978 7121/12/6009 7094/12/5982
f 7095/52/5983 7122/52/6010 7120/50/6008
f 7095/52/5983 7120/50/6008 7093/50/5981
f 7092/34/5980 7119/34/6007 7123/32/6011
f 7092/34/5980 7123/32/6011 7067/32/5955
f 7032/54/5921 7124/54/6012 7122/52/6010
f 7032/54/5921 7122/52/6010 7095/52/5983
f 7094/12/5982 7121/12/6009 7125/10/6013
f 7094/12/5982 7125/10/6013 7071/10/5959
f 7031/56/5920 7126/56/6014 7124/54/6012
f 7031/56/5920 7124/54/6012 7032/54/5921
f 7067/32/5955 7123/32/6011 7127/30/6015
f 7067/32/5955 7127/30/6015 7068/30/5956
f 7069/24/5957 7111/24/5999 7064/22/5952
f 7069/24/5957 7064/22/5952 7063/22/5951
f 7070/58/5958 7128/58/6016 7126/56/6014
f 7070/58/5958 7126/56/6014 7031/56/5920
f 7071/10/5959 7125/10/6013 7102/8/5990
f 7071/10/5959 7102/8/5990 7072/8/5960
f 7073/44/5961 7116/44/6004 7104/42/5992
f 7073/44/5961 7104/42/5992 7074/42/5962
f 7075/60/5963 7101/60/5989 7128/58/6016
f 7075/60/5963 7128/58/6016 7070/58/5958
f 7068/30/5956 7127/30/6015 7106/28/5994
f 7068/30/5956 7106/28/5994 7076/28/5964
f 7129/16/6017 7130/16/6018 7131/14/6019
f 7129/16/6017 7131/14/6019 7132/14/6020
f 7107/26/5995 7133/26/6021 7134/24/6022
f 7107/26/5995 7134/24/6022 7111/24/5999
f 7108/18/5996 7135/18/6023 7129/16/6017
f 7108/18/5996 7129/16/6017 7112/16/6000
f 7110/4/5998 7136/4/6024 7137/1/6025
f 7110/4/5998 7137/1/6025 7113/1/6001
f 7099/38/5987 7098/38/5986 7138/36/6026
f 7099/38/5987 7138/36/6026 7114/36/6002
f 7115/46/6003 7139/46/6027 7140/44/6028
f 7115/46/6003 7140/44/6028 7116/44/6004
f 7112/16/6000 7129/16/6017 7132/14/6020
f 7112/16/6000 7132/14/6020 7117/14/6005
f 7118/48/6006 7141/48/6029 7139/46/6027
f 7118/48/6006 7139/46/6027 7115/46/6003
f 7114/36/6002 7138/36/6026 7142/34/6030
f 7114/36/6002 7142/34/6030 7119/34/6007
f 7120/50/6008 7143/50/6031 7141/48/6029
f 7120/50/6008 7141/48/6029 7118/48/6006
f 7117/14/6005 7132/14/6020 7144/12/6032
f 7117/14/6005 7144/12/6032 7121/12/6009
f 7122/52/6010 7145/52/6033 7143/50/6031
f 7122/52/6010 7143/50/6031 7120/50/6008
f 7119/34/6007 7142/34/6030 7146/32/6034
f 7119/34/6007 7146/32/6034 7123/32/6011
f 7124/54/6012 7147/54/6035 7145/52/6033
f 7124/54/6012 7145/52/6033 7122/52/6010
f 7121/12/6009 7144/12/6032 7148/10/6036
f 7121/12/6009 7148/10/6036 7125/10/6013
f 7126/56/6014 7149/56/6037 7147/54/6035
f 7126/56/6014 7147/54/6035 7124/54/6012
f 7123/32/6011 7146/32/6034 7150/30/6038
f 7123/32/6011 7150/30/6038 7127/30/6015
f 7111/24/5999 7134/24/6022 7151/22/6039
f 7111/24/5999 7151/22/6039 7064/22/5952
f 7128/58/6016 7152/58/6040 7149/56/6037
f 7128/58/6016 7149/56/6037 7126/56/6014
f 7125/10/6013 7148/10/6036 7153/8/6041
f 7125/10/6013 7153/8/6041 7102/8/5990
f 7116/44/6004 7140/44/6028 7154/42/6042
f 7116/44/6004 7154/42/6042 7104/42/5992
f 7101/60/5989 7155/60/6043 7152/58/6040
f 7101/60/5989 7152/58/6040 7128/58/6016
f 7127/30/6015 7150/30/6038 7156/28/6044
f 7127/30/6015 7156/28/6044 7106/28/5994
f 7064/22/5952 7151/22/6039 7157/20/6045
f 7064/22/5952 7157/20/6045 7065/20/5953
f 7100/62/5988 7158/62/6046 7155/60/6043
f 7100/62/5988 7155/60/6043 7101/60/5989
f 7102/8/5990 7153/8/6041 7159/6/6047
f 7102/8/5990 7159/6/6047 7103/6/5991
f 7104/42/5992 7154/42/6042 7097/40/5985
f 7104/42/5992 7097/40/5985 7096/40/5984
f 7105/64/5993 7160/64/6048 7158/62/6046
f 7105/64/5993 7158/62/6046 7100/62/5988
f 7106/28/5994 7156/28/6044 7133/26/6021
f 7106/28/5994 7133/26/6021 7107/26/5995
f 7065/20/5953 7157/20/6045 7135/18/6023
f 7065/20/5953 7135/18/6023 7108/18/5996
f 7109/66/5997 7161/66/6049 7160/64/6048
f 7109/66/5997 7160/64/6048 7105/64/5993
f 7103/6/5991 7159/6/6047 7136/4/6024
f 7103/6/5991 7136/4/6024 7110/4/5998
f 7162/34/6050 7163/34/6051 7164/32/6052
f 7162/34/6050 7164/32/6052 7165/32/6053
f 7141/48/6029 7166/48/6054 7167/46/6055
f 7141/48/6029 7167/46/6055 7139/46/6027
f 7138/36/6026 7168/36/6056 7162/34/6050
f 7138/36/6026 7162/34/6050 7142/34/6030
f 7143/50/6031 7169/50/6057 7166/48/6054
f 7143/50/6031 7166/48/6054 7141/48/6029
f 7132/14/6020 7131/14/6019 7170/12/6058
f 7132/14/6020 7170/12/6058 7144/12/6032
f 7145/52/6033 7171/52/6059 7169/50/6057
f 7145/52/6033 7169/50/6057 7143/50/6031
f 7142/34/6030 7162/34/6050 7165/32/6053
f 7142/34/6030 7165/32/6053 7146/32/6034
f 7147/54/6035 7172/54/6060 7171/52/6059
f 7147/54/6035 7171/52/6059 7145/52/6033
f 7144/12/6032 7170/12/6058 7173/10/6061
f 7144/12/6032 7173/10/6061 7148/10/6036
f 7149/56/6037 7174/56/6062 7172/54/6060
f 7149/56/6037 7172/54/6060 7147/54/6035
f 7146/32/6034 7165/32/6053 7175/30/6063
f 7146/32/6034 7175/30/6063 7150/30/6038
f 7134/24/6022 7176/24/6064 7177/22/6065
f 7134/24/6022 7177/22/6065 7151/22/6039
f 7152/58/6040 7178/58/6066 7174/56/6062
f 7152/58/6040 7174/56/6062 7149/56/6037
f 7148/10/6036 7173/10/6061 7179/8/6067
f 7148/10/6036 7179/8/6067 7153/8/6041
f 7140/44/6028 7180/44/6068 7181/42/6069
f 7140/44/6028 7181/42/6069 7154/42/6042
f 7155/60/6043 7182/60/6070 7178/58/6066
f 7155/60/6043 7178/58/6066 7152/58/6040
f 7150/30/6038 7175/30/6063 7183/28/6071
f 7150/30/6038 7183/28/6071 7156/28/6044
f 7151/22/6039 7177/22/6065 7184/20/6072
f 7151/22/6039 7184/20/6072 7157/20/6045
f 7158/62/6046 7185/62/6073 7182/60/6070
f 7158/62/6046 7182/60/6070 7155/60/6043
f 7153/8/6041 7179/8/6067 7186/6/6074
f 7153/8/6041 7186/6/6074 7159/6/6047
f 7154/42/6042 7181/42/6069 7187/40/6075
f 7154/42/6042 7187/40/6075 7097/40/5985
f 7160/64/6048 7188/64/6076 7185/62/6073
f 7160/64/6048 7185/62/6073 7158/62/6046
f 7156/28/6044 7183/28/6071 7189/26/6077
f 7156/28/6044 7189/26/6077 7133/26/6021
f 7157/20/6045 7184/20/6072 7190/18/6078
f 7157/20/6045 7190/18/6078 7135/18/6023
f 7161/66/6049 7191/66/6079 7188/64/6076
f 7161/66/6049 7188/64/6076 7160/64/6048
f 7159/6/6047 7186/6/6074 7192/4/6080
f 7159/6/6047 7192/4/6080 7136/4/6024
f 7097/40/5985 7187/40/6075 7193/38/6081
f 7097/40/5985 7193/38/6081 7098/38/5986
f 7133/26/6021 7189/26/6077 7176/24/6064
f 7133/26/6021 7176/24/6064 7134/24/6022
f 7135/18/6023 7190/18/6078 7130/16/6018
f 7135/18/6023 7130/16/6018 7129/16/6017
f 7136/4/6024 7192/4/6080 7194/1/6079
f 7136/4/6024 7194/1/6079 7137/1/6025
f 7098/38/5986 7193/38/6081 7168/36/6056
f 7098/38/5986 7168/36/6056 7138/36/6026
f 7139/46/6027 7167/46/6055 7180/44/6068
f 7139/46/6027 7180/44/6068 7140/44/6028
f 7195/10/6082 7196/10/6083 7197/8/6084
f 7195/10/6082 7197/8/6084 7198/8/6085
f 7172/54/6060 7199/54/6086 7200/52/6087
f 7172/54/6060 7200/52/6087 7171/52/6059
f 7170/12/6058 7201/12/6088 7195/10/6082
f 7170/12/6058 7195/10/6082 7173/10/6061
f 7174/56/6062 7202/56/6089 7199/54/6086
f 7174/56/6062 7199/54/6086 7172/54/6060
f 7165/32/6053 7164/32/6052 7203/30/6090
f 7165/32/6053 7203/30/6090 7175/30/6063
f 7176/24/6064 7204/24/6091 7205/22/6092
f 7176/24/6064 7205/22/6092 7177/22/6065
f 7178/58/6066 7206/58/6093 7202/56/6089
f 7178/58/6066 7202/56/6089 7174/56/6062
f 7173/10/6061 7195/10/6082 7198/8/6085
f 7173/10/6061 7198/8/6085 7179/8/6067
f 7180/44/6068 7207/44/6094 7208/42/6095
f 7180/44/6068 7208/42/6095 7181/42/6069
f 7182/60/6070 7209/60/6096 7206/58/6093
f 7182/60/6070 7206/58/6093 7178/58/6066
f 7175/30/6063 7203/30/6090 7210/28/6097
f 7175/30/6063 7210/28/6097 7183/28/6071
f 7177/22/6065 7205/22/6092 7211/20/6098
f 7177/22/6065 7211/20/6098 7184/20/6072
f 7185/62/6073 7212/62/6099 7209/60/6096
f 7185/62/6073 7209/60/6096 7182/60/6070
f 7179/8/6067 7198/8/6085 7213/6/6100
f 7179/8/6067 7213/6/6100 7186/6/6074
f 7181/42/6069 7208/42/6095 7214/40/6101
f 7181/42/6069 7214/40/6101 7187/40/6075
f 7188/64/6076 7215/64/6102 7212/62/6099
f 7188/64/6076 7212/62/6099 7185/62/6073
f 7183/28/6071 7210/28/6097 7216/26/6103
f 7183/28/6071 7216/26/6103 7189/26/6077
f 7184/20/6072 7211/20/6098 7217/18/3459
f 7184/20/6072 7217/18/3459 7190/18/6078
f 7191/66/6079 7218/66/6104 7215/64/6102
f 7191/66/6079 7215/64/6102 7188/64/6076
f 7186/6/6074 7213/6/6100 7219/4/6105
f 7186/6/6074 7219/4/6105 7192/4/6080
f 7187/40/6075 7214/40/6101 7220/38/6106
f 7187/40/6075 7220/38/6106 7193/38/6081
f 7189/26/6077 7216/26/6103 7204/24/6091
f 7189/26/6077 7204/24/6091 7176/24/6064
f 7190/18/6078 7217/18/3459 7221/16/6107
f 7190/18/6078 7221/16/6107 7130/16/6018
f 7192/4/6080 7219/4/6105 7222/1/6104
f 7192/4/6080 7222/1/6104 7194/1/6079
f 7193/38/6081 7220/38/6106 7223/36/6108
f 7193/38/6081 7223/36/6108 7168/36/6056
f 7167/46/6055 7224/46/6109 7207/44/6094
f 7167/46/6055 7207/44/6094 7180/44/6068
f 7130/16/6018 7221/16/6107 7225/14/6110
f 7130/16/6018 7225/14/6110 7131/14/6019
f 7166/48/6054 7226/48/6111 7224/46/6109
f 7166/48/6054 7224/46/6109 7167/46/6055
f 7168/36/6056 7223/36/6108 7163/34/6051
f 7168/36/6056 7163/34/6051 7162/34/6050
f 7169/50/6057 7227/50/6112 7226/48/6111
f 7169/50/6057 7226/48/6111 7166/48/6054
f 7131/14/6019 7225/14/6110 7201/12/6088
f 7131/14/6019 7201/12/6088 7170/12/6058
f 7171/52/6059 7200/52/6087 7227/50/6112
f 7171/52/6059 7227/50/6112 7169/50/6057
f 7228/28/6113 7229/28/6114 7230/26/6115
f 7228/28/6113 7230/26/6115 7231/26/6116
f 7207/44/6094 7232/44/6117 7233/42/6118
f 7207/44/6094 7233/42/6118 7208/42/6095
f 7209/60/6096 7234/60/6119 7235/58/6120
f 7209/60/6096 7235/58/6120 7206/58/6093
f 7203/30/6090 7236/30/6121 7228/28/6113
f 7203/30/6090 7228/28/6113 7210/28/6097
f 7205/22/6092 7237/22/6122 7238/20/6123
f 7205/22/6092 7238/20/6123 7211/20/6098
f 7212/62/6099 7239/62/6124 7234/60/6119
f 7212/62/6099 7234/60/6119 7209/60/6096
f 7198/8/6085 7197/8/6084 7240/6/6125
f 7198/8/6085 7240/6/6125 7213/6/6100
f 7208/42/6095 7233/42/6118 7241/40/6126
f 7208/42/6095 7241/40/6126 7214/40/6101
f 7215/64/6102 7242/64/6127 7239/62/6124
f 7215/64/6102 7239/62/6124 7212/62/6099
f 7210/28/6097 7228/28/6113 7231/26/6116
f 7210/28/6097 7231/26/6116 7216/26/6103
f 7211/20/6098 7238/20/6123 7243/18/6128
f 7211/20/6098 7243/18/6128 7217/18/3459
f 7218/66/6104 7244/66/6129 7242/64/6127
f 7218/66/6104 7242/64/6127 7215/64/6102
f 7213/6/6100 7240/6/6125 7245/4/6130
f 7213/6/6100 7245/4/6130 7219/4/6105
f 7214/40/6101 7241/40/6126 7246/38/6131
f 7214/40/6101 7246/38/6131 7220/38/6106
f 7216/26/6103 7231/26/6116 7247/24/6132
f 7216/26/6103 7247/24/6132 7204/24/6091
f 7217/18/3459 7243/18/6128 7248/16/6133
f 7217/18/3459 7248/16/6133 7221/16/6107
f 7219/4/6105 7245/4/6130 7249/1/6129
f 7219/4/6105 7249/1/6129 7222/1/6104
f 7220/38/6106 7246/38/6131 7250/36/6134
f 7220/38/6106 7250/36/6134 7223/36/6108
f 7224/46/6109 7251/46/6135 7232/44/6117
f 7224/46/6109 7232/44/6117 7207/44/6094
f 7221/16/6107 7248/16/6133 7252/14/6136
f 7221/16/6107 7252/14/6136 7225/14/6110
f 7226/48/6111 7253/48/6137 7251/46/6135
f 7226/48/6111 7251/46/6135 7224/46/6109
f 7223/36/6108 7250/36/6134 7254/34/6138
f 7223/36/6108 7254/34/6138 7163/34/6051
f 7227/50/6112 7255/50/6139 7253/48/6137
f 7227/50/6112 7253/48/6137 7226/48/6111
f 7225/14/6110 7252/14/6136 7256/12/6140
f 7225/14/6110 7256/12/6140 7201/12/6088
f 7200/52/6087 7257/52/6141 7255/50/6139
f 7200/52/6087 7255/50/6139 7227/50/6112
f 7163/34/6051 7254/34/6138 7258/32/6142
f 7163/34/6051 7258/32/6142 7164/32/6052
f 7199/54/6086 7259/54/6143 7257/52/6141
f 7199/54/6086 7257/52/6141 7200/52/6087
f 7201/12/6088 7256/12/6140 7196/10/6083
f 7201/12/6088 7196/10/6083 7195/10/6082
f 7202/56/6089 7260/56/6144 7259/54/6143
f 7202/56/6089 7259/54/6143 7199/54/6086
f 7164/32/6052 7258/32/6142 7236/30/6121
f 7164/32/6052 7236/30/6121 7203/30/6090
f 7204/24/6091 7247/24/6132 7237/22/6122
f 7204/24/6091 7237/22/6122 7205/22/6092
f 7206/58/6093 7235/58/6120 7260/56/6144
f 7206/58/6093 7260/56/6144 7202/56/6089
f 7261/4/6145 7262/4/6146 7263/1/6147
f 7261/4/6145 7263/1/6147 7264/1/6148
f 7238/20/6123 7265/20/6149 7266/18/6150
f 7238/20/6123 7266/18/6150 7243/18/6128
f 7244/66/6129 7267/66/6151 7268/64/6152
f 7244/66/6129 7268/64/6152 7242/64/6127
f 7240/6/6125 7269/6/6153 7261/4/6145
f 7240/6/6125 7261/4/6145 7245/4/6130
f 7241/40/6126 7270/40/6154 7271/38/6155
f 7241/40/6126 7271/38/6155 7246/38/6131
f 7231/26/6116 7230/26/6115 7272/24/6156
f 7231/26/6116 7272/24/6156 7247/24/6132
f 7243/18/6128 7266/18/6150 7273/16/6157
f 7243/18/6128 7273/16/6157 7248/16/6133
f 7245/4/6130 7261/4/6145 7264/1/6148
f 7245/4/6130 7264/1/6148 7249/1/6129
f 7246/38/6131 7271/38/6155 7274/36/6158
f 7246/38/6131 7274/36/6158 7250/36/6134
f 7251/46/6135 7275/46/6159 7276/44/6160
f 7251/46/6135 7276/44/6160 7232/44/6117
f 7248/16/6133 7273/16/6157 7277/14/6161
f 7248/16/6133 7277/14/6161 7252/14/6136
f 7253/48/6137 7278/48/6162 7275/46/6159
f 7253/48/6137 7275/46/6159 7251/46/6135
f 7250/36/6134 7274/36/6158 7279/34/6163
f 7250/36/6134 7279/34/6163 7254/34/6138
f 7255/50/6139 7280/50/6164 7278/48/6162
f 7255/50/6139 7278/48/6162 7253/48/6137
f 7252/14/6136 7277/14/6161 7281/12/6165
f 7252/14/6136 7281/12/6165 7256/12/6140
f 7257/52/6141 7282/52/6166 7280/50/6164
f 7257/52/6141 7280/50/6164 7255/50/6139
f 7254/34/6138 7279/34/6163 7283/32/6167
f 7254/34/6138 7283/32/6167 7258/32/6142
f 7259/54/6143 7284/54/6168 7282/52/6166
f 7259/54/6143 7282/52/6166 7257/52/6141
f 7256/12/6140 7281/12/6165 7285/10/6169
f 7256/12/6140 7285/10/6169 7196/10/6083
f 7260/56/6144 7286/56/6170 7284/54/6168
f 7260/56/6144 7284/54/6168 7259/54/6143
f 7258/32/6142 7283/32/6167 7287/30/6171
f 7258/32/6142 7287/30/6171 7236/30/6121
f 7247/24/6132 7272/24/6156 7288/22/6172
f 7247/24/6132 7288/22/6172 7237/22/6122
f 7235/58/6120 7289/58/6173 7286/56/6170
f 7235/58/6120 7286/56/6170 7260/56/6144
f 7196/10/6083 7285/10/6169 7290/8/6174
f 7196/10/6083 7290/8/6174 7197/8/6084
f 7232/44/6117 7276/44/6160 7291/42/6175
f 7232/44/6117 7291/42/6175 7233/42/6118
f 7234/60/6119 7292/60/6176 7289/58/6173
f 7234/60/6119 7289/58/6173 7235/58/6120
f 7236/30/6121 7287/30/6171 7229/28/6114
f 7236/30/6121 7229/28/6114 7228/28/6113
f 7237/22/6122 7288/22/6172 7265/20/6149
f 7237/22/6122 7265/20/6149 7238/20/6123
f 7239/62/6124 7293/62/6177 7292/60/6176
f 7239/62/6124 7292/60/6176 7234/60/6119
f 7197/8/6084 7290/8/6174 7269/6/6153
f 7197/8/6084 7269/6/6153 7240/6/6125
f 7233/42/6118 7291/42/6175 7270/40/6154
f 7233/42/6118 7270/40/6154 7241/40/6126
f 7242/64/6127 7268/64/6152 7293/62/6177
f 7242/64/6127 7293/62/6177 7239/62/6124
f 7294/50/6178 7295/50/6179 7296/48/6180
f 7294/50/6178 7296/48/6180 7297/48/6181
f 7271/38/6155 7298/38/6182 7299/36/6183
f 7271/38/6155 7299/36/6183 7274/36/6158
f 7275/46/6159 7300/46/6184 7301/44/6185
f 7275/46/6159 7301/44/6185 7276/44/6160
f 7273/16/6157 7302/16/6186 7303/14/6187
f 7273/16/6157 7303/14/6187 7277/14/6161
f 7278/48/6162 7297/48/6181 7300/46/6184
f 7278/48/6162 7300/46/6184 7275/46/6159
f 7274/36/6158 7299/36/6183 7304/34/6188
f 7274/36/6158 7304/34/6188 7279/34/6163
f 7280/50/6164 7294/50/6178 7297/48/6181
f 7280/50/6164 7297/48/6181 7278/48/6162
f 7277/14/6161 7303/14/6187 7305/12/6189
f 7277/14/6161 7305/12/6189 7281/12/6165
f 7282/52/6166 7306/52/6190 7294/50/6178
f 7282/52/6166 7294/50/6178 7280/50/6164
f 7279/34/6163 7304/34/6188 7307/32/6191
f 7279/34/6163 7307/32/6191 7283/32/6167
f 7284/54/6168 7308/54/6192 7306/52/6190
f 7284/54/6168 7306/52/6190 7282/52/6166
f 7281/12/6165 7305/12/6189 7309/10/6193
f 7281/12/6165 7309/10/6193 7285/10/6169
f 7286/56/6170 7310/56/6194 7308/54/6192
f 7286/56/6170 7308/54/6192 7284/54/6168
f 7283/32/6167 7307/32/6191 7311/30/6195
f 7283/32/6167 7311/30/6195 7287/30/6171
f 7272/24/6156 7312/24/6196 7313/22/6197
f 7272/24/6156 7313/22/6197 7288/22/6172
f 7289/58/6173 7314/58/6198 7310/56/6194
f 7289/58/6173 7310/56/6194 7286/56/6170
f 7285/10/6169 7309/10/6193 7315/8/6199
f 7285/10/6169 7315/8/6199 7290/8/6174
f 7276/44/6160 7301/44/6185 7316/42/6200
f 7276/44/6160 7316/42/6200 7291/42/6175
f 7292/60/6176 7317/60/6201 7314/58/6198
f 7292/60/6176 7314/58/6198 7289/58/6173
f 7287/30/6171 7311/30/6195 7318/28/6202
f 7287/30/6171 7318/28/6202 7229/28/6114
f 7288/22/6172 7313/22/6197 7319/20/6203
f 7288/22/6172 7319/20/6203 7265/20/6149
f 7293/62/6177 7320/62/6204 7317/60/6201
f 7293/62/6177 7317/60/6201 7292/60/6176
f 7290/8/6174 7315/8/6199 7321/6/6205
f 7290/8/6174 7321/6/6205 7269/6/6153
f 7291/42/6175 7316/42/6200 7322/40/6206
f 7291/42/6175 7322/40/6206 7270/40/6154
f 7268/64/6152 7323/64/6207 7320/62/6204
f 7268/64/6152 7320/62/6204 7293/62/6177
f 7229/28/6114 7318/28/6202 7324/26/6208
f 7229/28/6114 7324/26/6208 7230/26/6115
f 7265/20/6149 7319/20/6203 7325/18/6209
f 7265/20/6149 7325/18/6209 7266/18/6150
f 7267/66/6151 7326/66/6147 7323/64/6207
f 7267/66/6151 7323/64/6207 7268/64/6152
f 7269/6/6153 7321/6/6205 7262/4/6146
f 7269/6/6153 7262/4/6146 7261/4/6145
f 7270/40/6154 7322/40/6206 7298/38/6182
f 7270/40/6154 7298/38/6182 7271/38/6155
f 7230/26/6115 7324/26/6208 7312/24/6196
f 7230/26/6115 7312/24/6196 7272/24/6156
f 7266/18/6150 7325/18/6209 7302/16/6186
f 7266/18/6150 7302/16/6186 7273/16/6157
f 7327/56/6210 7328/56/6211 7329/54/6212
f 7327/56/6210 7329/54/6212 7330/54/6213
f 7303/14/6187 7331/14/6214 7332/12/6215
f 7303/14/6187 7332/12/6215 7305/12/6189
f 7306/52/6190 7333/52/6216 7295/50/6179
f 7306/52/6190 7295/50/6179 7294/50/6178
f 7304/34/6188 7334/34/6217 7335/32/6218
f 7304/34/6188 7335/32/6218 7307/32/6191
f 7308/54/6192 7330/54/6213 7333/52/6216
f 7308/54/6192 7333/52/6216 7306/52/6190
f 7305/12/6189 7332/12/6215 7336/10/6219
f 7305/12/6189 7336/10/6219 7309/10/6193
f 7310/56/6194 7327/56/6210 7330/54/6213
f 7310/56/6194 7330/54/6213 7308/54/6192
f 7307/32/6191 7335/32/6218 7337/30/6220
f 7307/32/6191 7337/30/6220 7311/30/6195
f 7312/24/6196 7338/24/6221 7339/22/6222
f 7312/24/6196 7339/22/6222 7313/22/6197
f 7314/58/6198 7340/58/6223 7327/56/6210
f 7314/58/6198 7327/56/6210 7310/56/6194
f 7309/10/6193 7336/10/6219 7341/8/6224
f 7309/10/6193 7341/8/6224 7315/8/6199
f 7301/44/6185 7342/44/6225 7343/42/6226
f 7301/44/6185 7343/42/6226 7316/42/6200
f 7317/60/6201 7344/60/6227 7340/58/6223
f 7317/60/6201 7340/58/6223 7314/58/6198
f 7311/30/6195 7337/30/6220 7345/28/6228
f 7311/30/6195 7345/28/6228 7318/28/6202
f 7313/22/6197 7339/22/6222 7346/20/6229
f 7313/22/6197 7346/20/6229 7319/20/6203
f 7320/62/6204 7347/62/6230 7344/60/6227
f 7320/62/6204 7344/60/6227 7317/60/6201
f 7315/8/6199 7341/8/6224 7348/6/6231
f 7315/8/6199 7348/6/6231 7321/6/6205
f 7316/42/6200 7343/42/6226 7349/40/6232
f 7316/42/6200 7349/40/6232 7322/40/6206
f 7323/64/6207 7350/64/6233 7347/62/6230
f 7323/64/6207 7347/62/6230 7320/62/6204
f 7318/28/6202 7345/28/6228 7351/26/6234
f 7318/28/6202 7351/26/6234 7324/26/6208
f 7319/20/6203 7346/20/6229 7352/18/6235
f 7319/20/6203 7352/18/6235 7325/18/6209
f 7326/66/6147 7353/66/6236 7350/64/6233
f 7326/66/6147 7350/64/6233 7323/64/6207
f 7321/6/6205 7348/6/6231 7354/4/6237
f 7321/6/6205 7354/4/6237 7262/4/6146
f 7322/40/6206 7349/40/6232 7355/38/6238
f 7322/40/6206 7355/38/6238 7298/38/6182
f 7324/26/6208 7351/26/6234 7338/24/6221
f 7324/26/6208 7338/24/6221 7312/24/6196
f 7325/18/6209 7352/18/6235 7356/16/6239
f 7325/18/6209 7356/16/6239 7302/16/6186
f 7262/4/6146 7354/4/6237 7357/1/6240
f 7262/4/6146 7357/1/6240 7263/1/6147
f 7298/38/6182 7355/38/6238 7358/36/6241
f 7298/38/6182 7358/36/6241 7299/36/6183
f 7300/46/6184 7359/46/6242 7342/44/6225
f 7300/46/6184 7342/44/6225 7301/44/6185
f 7302/16/6186 7356/16/6239 7331/14/6214
f 7302/16/6186 7331/14/6214 7303/14/6187
f 7297/48/6181 7296/48/6180 7359/46/6242
f 7297/48/6181 7359/46/6242 7300/46/6184
f 7299/36/6183 7358/36/6241 7334/34/6217
f 7299/36/6183 7334/34/6217 7304/34/6188
f 7360/22/6243 7361/22/6244 7362/20/6245
f 7360/22/6243 7362/20/6245 7363/20/6246
f 7335/32/6218 7364/32/6247 7365/30/6248
f 7335/32/6218 7365/30/6248 7337/30/6220
f 7338/24/6221 7366/24/6249 7360/22/6243
f 7338/24/6221 7360/22/6243 7339/22/6222
f 7340/58/6223 7367/58/6250 7328/56/6211
f 7340/58/6223 7328/56/6211 7327/56/6210
f 7336/10/6219 7368/10/6251 7369/8/6252
f 7336/10/6219 7369/8/6252 7341/8/6224
f 7342/44/6225 7370/44/6253 7371/42/6254
f 7342/44/6225 7371/42/6254 7343/42/6226
f 7344/60/6227 7372/60/6255 7367/58/6250
f 7344/60/6227 7367/58/6250 7340/58/6223
f 7337/30/6220 7365/30/6248 7373/28/6256
f 7337/30/6220 7373/28/6256 7345/28/6228
f 7339/22/6222 7360/22/6243 7363/20/6246
f 7339/22/6222 7363/20/6246 7346/20/6229
f 7347/62/6230 7374/62/6257 7372/60/6255
f 7347/62/6230 7372/60/6255 7344/60/6227
f 7341/8/6224 7369/8/6252 7375/6/6258
f 7341/8/6224 7375/6/6258 7348/6/6231
f 7343/42/6226 7371/42/6254 7376/40/6259
f 7343/42/6226 7376/40/6259 7349/40/6232
f 7350/64/6233 7377/64/6260 7374/62/6257
f 7350/64/6233 7374/62/6257 7347/62/6230
f 7345/28/6228 7373/28/6256 7378/26/6261
f 7345/28/6228 7378/26/6261 7351/26/6234
f 7346/20/6229 7363/20/6246 7379/18/6262
f 7346/20/6229 7379/18/6262 7352/18/6235
f 7353/66/6236 7380/66/6263 7377/64/6260
f 7353/66/6236 7377/64/6260 7350/64/6233
f 7348/6/6231 7375/6/6258 7381/4/6264
f 7348/6/6231 7381/4/6264 7354/4/6237
f 7349/40/6232 7376/40/6259 7382/38/6265
f 7349/40/6232 7382/38/6265 7355/38/6238
f 7351/26/6234 7378/26/6261 7366/24/6249
f 7351/26/6234 7366/24/6249 7338/24/6221
f 7352/18/6235 7379/18/6262 7383/16/6266
f 7352/18/6235 7383/16/6266 7356/16/6239
f 7354/4/6237 7381/4/6264 7384/1/6267
f 7354/4/6237 7384/1/6267 7357/1/6240
f 7355/38/6238 7382/38/6265 7385/36/6268
f 7355/38/6238 7385/36/6268 7358/36/6241
f 7359/46/6242 7386/46/6269 7370/44/6253
f 7359/46/6242 7370/44/6253 7342/44/6225
f 7356/16/6239 7383/16/6266 7387/14/6270
f 7356/16/6239 7387/14/6270 7331/14/6214
f 7296/48/6180 7388/48/6271 7386/46/6269
f 7296/48/6180 7386/46/6269 7359/46/6242
f 7358/36/6241 7385/36/6268 7389/34/6272
f 7358/36/6241 7389/34/6272 7334/34/6217
f 7295/50/6179 7390/50/6273 7388/48/6271
f 7295/50/6179 7388/48/6271 7296/48/6180
f 7331/14/6214 7387/14/6270 7391/12/6274
f 7331/14/6214 7391/12/6274 7332/12/6215
f 7333/52/6216 7392/52/6275 7390/50/6273
f 7333/52/6216 7390/50/6273 7295/50/6179
f 7334/34/6217 7389/34/6272 7364/32/6247
f 7334/34/6217 7364/32/6247 7335/32/6218
f 7330/54/6213 7329/54/6212 7392/52/6275
f 7330/54/6213 7392/52/6275 7333/52/6216
f 7332/12/6215 7391/12/6274 7368/10/6251
f 7332/12/6215 7368/10/6251 7336/10/6219
f 7393/40/6276 7394/40/6277 7395/38/6278
f 7393/40/6276 7395/38/6278 7396/38/6279
f 7374/62/6257 7397/62/6280 7398/60/6281
f 7374/62/6257 7398/60/6281 7372/60/6255
f 7369/8/6252 7399/8/6282 7400/6/6283
f 7369/8/6252 7400/6/6283 7375/6/6258
f 7371/42/6254 7401/42/6284 7393/40/6276
f 7371/42/6254 7393/40/6276 7376/40/6259
f 7377/64/6260 7402/64/6285 7397/62/6280
f 7377/64/6260 7397/62/6280 7374/62/6257
f 7373/28/6256 7403/28/6286 7404/26/6287
f 7373/28/6256 7404/26/6287 7378/26/6261
f 7363/20/6246 7362/20/6245 7405/18/6288
f 7363/20/6246 7405/18/6288 7379/18/6262
f 7380/66/6263 7406/66/6289 7402/64/6285
f 7380/66/6263 7402/64/6285 7377/64/6260
f 7375/6/6258 7400/6/6283 7407/4/6290
f 7375/6/6258 7407/4/6290 7381/4/6264
f 7376/40/6259 7393/40/6276 7396/38/6279
f 7376/40/6259 7396/38/6279 7382/38/6265
f 7378/26/6261 7404/26/6287 7408/24/6291
f 7378/26/6261 7408/24/6291 7366/24/6249
f 7379/18/6262 7405/18/6288 7409/16/6292
f 7379/18/6262 7409/16/6292 7383/16/6266
f 7381/4/6264 7407/4/6290 7410/1/6293
f 7381/4/6264 7410/1/6293 7384/1/6267
f 7382/38/6265 7396/38/6279 7411/36/6294
f 7382/38/6265 7411/36/6294 7385/36/6268
f 7386/46/6269 7412/46/6295 7413/44/6296
f 7386/46/6269 7413/44/6296 7370/44/6253
f 7383/16/6266 7409/16/6292 7414/14/6297
f 7383/16/6266 7414/14/6297 7387/14/6270
f 7388/48/6271 7415/48/6298 7412/46/6295
f 7388/48/6271 7412/46/6295 7386/46/6269
f 7385/36/6268 7411/36/6294 7416/34/6299
f 7385/36/6268 7416/34/6299 7389/34/6272
f 7390/50/6273 7417/50/6300 7415/48/6298
f 7390/50/6273 7415/48/6298 7388/48/6271
f 7387/14/6270 7414/14/6297 7418/12/6301
f 7387/14/6270 7418/12/6301 7391/12/6274
f 7392/52/6275 7419/52/6302 7417/50/6300
f 7392/52/6275 7417/50/6300 7390/50/6273
f 7389/34/6272 7416/34/6299 7420/32/6303
f 7389/34/6272 7420/32/6303 7364/32/6247
f 7329/54/6212 7421/54/6304 7419/52/6302
f 7329/54/6212 7419/52/6302 7392/52/6275
f 7391/12/6274 7418/12/6301 7422/10/6305
f 7391/12/6274 7422/10/6305 7368/10/6251
f 7328/56/6211 7423/56/6306 7421/54/6304
f 7328/56/6211 7421/54/6304 7329/54/6212
f 7364/32/6247 7420/32/6303 7424/30/6307
f 7364/32/6247 7424/30/6307 7365/30/6248
f 7366/24/6249 7408/24/6291 7361/22/6244
f 7366/24/6249 7361/22/6244 7360/22/6243
f 7367/58/6250 7425/58/6308 7423/56/6306
f 7367/58/6250 7423/56/6306 7328/56/6211
f 7368/10/6251 7422/10/6305 7399/8/6282
f 7368/10/6251 7399/8/6282 7369/8/6252
f 7370/44/6253 7413/44/6296 7401/42/6284
f 7370/44/6253 7401/42/6284 7371/42/6254
f 7372/60/6255 7398/60/6281 7425/58/6308
f 7372/60/6255 7425/58/6308 7367/58/6250
f 7365/30/6248 7424/30/6307 7403/28/6286
f 7365/30/6248 7403/28/6286 7373/28/6256
f 7404/26/6287 7458/26/6309 7459/24/6310
f 7404/26/6287 7459/24/6310 7408/24/6291
f 7405/18/6288 7460/18/6311 7461/16/6312
f 7405/18/6288 7461/16/6312 7409/16/6292
f 7407/4/6290 7462/4/6313 7463/1/6314
f 7407/4/6290 7463/1/6314 7410/1/6293
f 7396/38/6279 7395/38/6278 7464/36/6315
f 7396/38/6279 7464/36/6315 7411/36/6294
f 7412/46/6295 7465/46/6316 7466/44/6317
f 7412/46/6295 7466/44/6317 7413/44/6296
f 7409/16/6292 7461/16/6312 7467/14/6318
f 7409/16/6292 7467/14/6318 7414/14/6297
f 7415/48/6298 7468/48/6319 7465/46/6316
f 7415/48/6298 7465/46/6316 7412/46/6295
f 7411/36/6294 7464/36/6315 7469/34/6320
f 7411/36/6294 7469/34/6320 7416/34/6299
f 7417/50/6300 7470/50/6321 7468/48/6319
f 7417/50/6300 7468/48/6319 7415/48/6298
f 7414/14/6297 7467/14/6318 7471/12/6322
f 7414/14/6297 7471/12/6322 7418/12/6301
f 7419/52/6302 7472/52/6323 7470/50/6321
f 7419/52/6302 7470/50/6321 7417/50/6300
f 7416/34/6299 7469/34/6320 7473/32/6324
f 7416/34/6299 7473/32/6324 7420/32/6303
f 7421/54/6304 7474/54/6325 7472/52/6323
f 7421/54/6304 7472/52/6323 7419/52/6302
f 7418/12/6301 7471/12/6322 7475/10/6326
f 7418/12/6301 7475/10/6326 7422/10/6305
f 7423/56/6306 7476/56/6327 7474/54/6325
f 7423/56/6306 7474/54/6325 7421/54/6304
f 7420/32/6303 7473/32/6324 7477/30/6328
f 7420/32/6303 7477/30/6328 7424/30/6307
f 7408/24/6291 7459/24/6310 7478/22/6329
f 7408/24/6291 7478/22/6329 7361/22/6244
f 7425/58/6308 7479/58/6330 7476/56/6327
f 7425/58/6308 7476/56/6327 7423/56/6306
f 7422/10/6305 7475/10/6326 7480/8/6331
f 7422/10/6305 7480/8/6331 7399/8/6282
f 7413/44/6296 7466/44/6317 7481/42/6332
f 7413/44/6296 7481/42/6332 7401/42/6284
f 7398/60/6281 7482/60/6333 7479/58/6330
f 7398/60/6281 7479/58/6330 7425/58/6308
f 7424/30/6307 7477/30/6328 7483/28/6334
f 7424/30/6307 7483/28/6334 7403/28/6286
f 7361/22/6244 7478/22/6329 7484/20/6335
f 7361/22/6244 7484/20/6335 7362/20/6245
f 7397/62/6280 7485/62/6336 7482/60/6333
f 7397/62/6280 7482/60/6333 7398/60/6281
f 7399/8/6282 7480/8/6331 7486/6/6337
f 7399/8/6282 7486/6/6337 7400/6/6283
f 7401/42/6284 7481/42/6332 7394/40/6277
f 7401/42/6284 7394/40/6277 7393/40/6276
f 7402/64/6285 7487/64/6338 7485/62/6336
f 7402/64/6285 7485/62/6336 7397/62/6280
f 7403/28/6286 7483/28/6334 7458/26/6309
f 7403/28/6286 7458/26/6309 7404/26/6287
f 7362/20/6245 7484/20/6335 7460/18/6311
f 7362/20/6245 7460/18/6311 7405/18/6288
f 7406/66/6289 7488/66/6339 7487/64/6338
f 7406/66/6289 7487/64/6338 7402/64/6285
f 7400/6/6283 7486/6/6337 7462/4/6313
f 7400/6/6283 7462/4/6313 7407/4/6290
s 12
f 1129/67/6340 1127/68/6341 1128/69/6342
f 1127/68/6341 1129/67/6340 1130/70/6343
f 1127/68/6341 1130/70/6343 1158/71/6344
f 1158/71/6344 1130/70/6343 1131/72/6345
f 1158/71/6344 1131/72/6345 1157/73/6346
f 1157/73/6346 1131/72/6345 1132/74/6347
f 1157/73/6346 1132/74/6347 1156/75/6348
f 1156/75/6348 1132/74/6347 1133/76/6349
f 1156/75/6348 1133/76/6349 1155/77/6350
f 1155/77/6350 1133/76/6349 1134/78/6351
f 1155/77/6350 1134/78/6351 1154/79/6352
f 1154/79/6352 1134/78/6351 1135/80/6353
f 1154/79/6352 1135/80/6353 1153/81/6354
f 1153/81/6354 1135/80/6353 1136/82/6355
f 1153/81/6354 1136/82/6355 1152/83/6356
f 1152/83/6356 1136/82/6355 1137/84/6357
f 1152/83/6356 1137/84/6357 1151/85/6358
f 1151/85/6358 1137/84/6357 1138/86/6359
f 1151/85/6358 1138/86/6359 1150/87/6360
f 1150/87/6360 1138/86/6359 1139/88/6361
f 1150/87/6360 1139/88/6361 1149/89/6362
f 1149/89/6362 1139/88/6361 1140/90/6363
f 1149/89/6362 1140/90/6363 1148/91/6364
f 1148/91/6364 1140/90/6363 1141/92/6365
f 1148/91/6364 1141/92/6365 1147/93/6366
f 1147/93/6366 1141/92/6365 1142/94/6367
f 1147/93/6366 1142/94/6367 1146/95/6368
f 1146/95/6368 1142/94/6367 1143/96/6369
f 1146/95/6368 1143/96/6369 1145/97/6370
f 1145/97/6370 1143/96/6369 1144/98/6371
s 13
f 1160/99/6372 1190/100/6373 1159/101/6374
f 1190/100/6373 1160/99/6372 1189/102/6375
f 1189/102/6375 1160/99/6372 1161/103/6376
f 1189/102/6375 1161/103/6376 1188/104/6377
f 1188/104/6377 1161/103/6376 1162/105/6378
f 1188/104/6377 1162/105/6378 1187/106/6379
f 1187/106/6379 1162/105/6378 1163/107/6380
f 1187/106/6379 1163/107/6380 1186/108/6381
f 1186/108/6381 1163/107/6380 1164/109/6382
f 1186/108/6381 1164/109/6382 1185/110/6383
f 1185/110/6383 1164/109/6382 1165/111/6384
f 1185/110/6383 1165/111/6384 1184/112/6385
f 1184/112/6385 1165/111/6384 1166/113/6386
f 1184/112/6385 1166/113/6386 1183/114/6387
f 1183/114/6387 1166/113/6386 1167/115/6355
f 1183/114/6387 1167/115/6355 1182/116/6388
f 1182/116/6388 1167/115/6355 1168/117/6389
f 1182/116/6388 1168/117/6389 1181/118/6390
f 1181/118/6390 1168/117/6389 1169/119/6391
f 1181/118/6390 1169/119/6391 1180/120/6392
f 1180/120/6392 1169/119/6391 1170/121/6393
f 1180/120/6392 1170/121/6393 1179/122/6394
f 1179/122/6394 1170/121/6393 1171/123/6395
f 1179/122/6394 1171/123/6395 1178/124/6396
f 1178/124/6396 1171/123/6395 1172/125/6397
f 1178/124/6396 1172/125/6397 1177/126/6398
f 1177/126/6398 1172/125/6397 1173/127/6399
f 1177/126/6398 1173/127/6399 1176/128/6400
f 1176/128/6400 1173/127/6399 1174/129/6401
f 1176/128/6400 1174/129/6401 1175/130/6402
s 14
f 7449/131/6403 7447/131/6404 7448/131/6405
f 7447/131/6404 7449/131/6403 7446/131/6406
f 7446/131/6406 7449/131/6403 7450/131/6407
f 7446/131/6406 7450/131/6407 7445/131/6408
f 7445/131/6408 7450/131/6407 7451/131/6409
f 7445/131/6408 7451/131/6409 7444/131/6410
f 7444/131/6410 7451/131/6409 7452/131/6411
f 7444/131/6410 7452/131/6411 7443/131/6412
f 7443/131/6412 7452/131/6411 7453/131/6413
f 7443/131/6412 7453/131/6413 7442/131/6414
f 7442/131/6414 7453/131/6413 7454/131/6415
f 7442/131/6414 7454/131/6415 7441/131/6416
f 7441/131/6416 7454/131/6415 7455/131/6417
f 7441/131/6416 7455/131/6417 7440/131/6418
f 7440/131/6418 7455/131/6417 7456/131/6419
f 7440/131/6418 7456/131/6419 7439/131/6319
f 7439/131/6319 7456/131/6419 7457/131/6420
f 7439/131/6319 7457/131/6420 7438/131/6421
f 7438/131/6421 7457/131/6420 7426/131/6422
f 7438/131/6421 7426/131/6422 7437/131/6423
f 7437/131/6423 7426/131/6422 7427/131/6424
f 7437/131/6423 7427/131/6424 7436/131/6425
f 7436/131/6425 7427/131/6424 7428/131/6426
f 7436/131/6425 7428/131/6426 7435/131/6427
f 7435/131/6427 7428/131/6426 7429/131/6428
f 7435/131/6427 7429/131/6428 7434/131/6429
f 7434/131/6429 7429/131/6428 7430/131/6430
f 7434/131/6429 7430/131/6430 7431/131/6431
f 7434/131/6429 7431/131/6431 7433/131/6315
f 7433/131/6315 7431/131/6431 7432/131/6432
