# Blender 4.4.3
# www.blender.org
mtllib Puerta_reja_puerta_izquierda.mtl
g Object_49.002_Malla
v 3.395713 1.844427 0.077549
v 3.395713 2.433117 0.077549
v 3.372937 2.433117 0.076059
v 3.372937 1.844427 0.076059
v 3.351037 2.433117 0.071646
v 3.351037 1.844427 0.071646
v 3.330853 2.433117 0.064479
v 3.330853 1.844427 0.064479
v 3.313162 2.433117 0.054835
v 3.313162 1.844427 0.054835
v 3.298643 2.433117 0.043084
v 3.298643 1.844427 0.043084
v 3.287855 2.433117 0.029677
v 3.287855 1.844427 0.029677
v 3.281211 2.433117 0.015129
v 3.281211 1.844427 0.015129
v 3.278968 2.433117 0.000000
v 3.278968 1.844427 0.000000
v 3.281211 2.433117 -0.015129
v 3.281211 1.844427 -0.015129
v 3.287855 2.433117 -0.029677
v 3.287855 1.844427 -0.029677
v 3.298643 2.433117 -0.043084
v 3.298643 1.844427 -0.043084
v 3.313162 2.433117 -0.054835
v 3.313162 1.844427 -0.054835
v 3.330853 2.433117 -0.064479
v 3.330853 1.844427 -0.064479
v 3.351037 2.433117 -0.071646
v 3.351037 1.844427 -0.071646
v 3.372937 2.433117 -0.076059
v 3.372937 1.844427 -0.076059
v 3.395713 2.433117 -0.077549
v 3.395713 1.844427 -0.077549
v 3.418489 2.433117 -0.076059
v 3.418489 1.844427 -0.076059
v 3.440389 2.433117 -0.071646
v 3.440389 1.844427 -0.071646
v 3.460573 2.433117 -0.064479
v 3.460573 1.844427 -0.064479
v 3.478264 2.433117 -0.054835
v 3.478264 1.844427 -0.054835
v 3.492783 2.433117 -0.043084
v 3.492783 1.844427 -0.043084
v 3.503572 2.433117 -0.029677
v 3.503572 1.844427 -0.029677
v 3.510215 2.433117 -0.015129
v 3.510215 1.844427 -0.015129
v 3.512458 2.433117 0.000000
v 3.512458 1.844427 0.000000
v 3.510215 2.433117 0.015129
v 3.510215 1.844427 0.015129
v 3.503571 2.433117 0.029677
v 3.503571 1.844427 0.029677
v 3.492783 2.433117 0.043084
v 3.492783 1.844427 0.043084
v 3.478264 2.433117 0.054835
v 3.478264 1.844427 0.054835
v 3.460573 2.433117 0.064479
v 3.460573 1.844427 0.064479
v 3.440389 2.433117 0.071646
v 3.440389 1.844427 0.071646
v 3.351046 5.433730 0.071646
v 3.330863 5.433730 0.064479
v 3.418489 2.433117 0.076059
v 3.418489 1.844427 0.076059
v 3.395713 2.433117 0.077549
v 3.395713 1.844427 0.077549
v 3.278968 1.825750 0.000000
v 3.281211 1.825750 0.015129
v 3.281221 5.433730 0.015129
v 3.287864 5.433730 0.029677
v 3.287921 7.383032 0.029677
v 3.281278 7.383032 0.015129
v 3.298653 5.433730 -0.043084
v 3.313172 5.433730 -0.054835
v 3.478274 5.433730 -0.054835
v 3.492793 5.433730 -0.043084
v 3.460583 5.433730 0.064479
v 3.440399 5.433730 0.071646
v 3.278978 5.433730 0.000000
v 3.395723 5.433730 -0.077549
v 3.418499 5.433730 -0.076059
v 3.510225 5.433730 0.015129
v 3.503581 5.433730 0.029677
v 3.313172 5.433730 0.054835
v 3.330863 5.433730 -0.064479
v 3.503581 5.433730 -0.029677
v 3.418498 5.433730 0.076059
v 3.281221 5.433730 -0.015129
v 3.440399 5.433730 -0.071646
v 3.492793 5.433730 0.043084
v 3.298653 5.433730 0.043084
v 3.351046 5.433730 -0.071646
v 3.510225 5.433730 -0.015129
v 3.395723 5.433730 0.077549
v 3.372947 5.433730 0.076059
v 3.395723 5.433730 0.077549
v 3.287864 5.433730 -0.029677
v 3.460583 5.433730 -0.064479
v 3.478274 5.433730 0.054835
v 3.372947 5.433730 -0.076059
v 3.512468 5.433730 0.000000
v 3.287921 7.383032 -0.029677
v 3.281278 7.383032 -0.015129
v 3.281281 7.494066 -0.015129
v 3.287924 7.494066 -0.029677
v 3.478331 7.383032 -0.054835
v 3.492850 7.383032 -0.043084
v 3.279035 7.383032 0.000000
v 3.503638 7.383032 -0.029677
v 3.510282 7.383032 -0.015129
v 3.512525 7.383032 0.000000
v 3.298710 7.383032 -0.043084
v 3.510281 7.383032 0.015129
v 3.313228 7.383032 -0.054835
v 3.503638 7.383032 0.029677
v 3.330920 7.383032 -0.064479
v 3.492850 7.383032 0.043084
v 3.351103 7.383032 -0.071646
v 3.395780 7.383032 0.077549
v 3.373004 7.383032 0.076059
v 3.478331 7.383032 0.054835
v 3.373004 7.383032 -0.076059
v 3.351103 7.383032 0.071646
v 3.460639 7.383032 0.064479
v 3.395780 7.383032 -0.077549
v 3.330920 7.383032 0.064479
v 3.440456 7.383032 0.071646
v 3.418555 7.383032 -0.076059
v 3.313228 7.383032 0.054835
v 3.418555 7.383032 0.076059
v 3.440456 7.383032 -0.071646
v 3.298710 7.383032 0.043084
v 3.395780 7.383032 0.077549
v 3.460640 7.383032 -0.064479
v 3.330922 7.494066 -0.064479
v 3.313231 7.494066 -0.054835
v 3.379874 7.552505 -0.054835
v 3.393369 7.549878 -0.064479
v 3.510284 7.494066 -0.015129
v 3.512528 7.494066 0.000000
v 3.298712 7.494066 -0.043084
v 3.510284 7.494066 0.015129
v 3.503641 7.494066 0.029677
v 3.492852 7.494066 0.043084
v 3.351106 7.494066 -0.071646
v 3.395782 7.494066 0.077549
v 3.373007 7.494066 0.076059
v 3.478333 7.494066 0.054835
v 3.373007 7.494066 -0.076059
v 3.351106 7.494066 0.071646
v 3.460642 7.494066 0.064479
v 3.395782 7.494066 -0.077549
v 3.330922 7.494066 0.064479
v 3.440459 7.494066 0.071646
v 3.418559 7.494066 -0.076059
v 3.313231 7.494066 0.054835
v 3.418558 7.494066 0.076059
v 3.440459 7.494066 -0.071646
v 3.298712 7.494066 0.043084
v 3.395782 7.494066 0.077549
v 3.460642 7.494066 -0.064479
v 3.287924 7.494066 0.029677
v 3.478334 7.494066 -0.054835
v 3.281281 7.494066 0.015129
v 3.492853 7.494066 -0.043084
v 3.279037 7.494066 0.000000
v 3.503641 7.494066 -0.029677
v 3.393368 7.549878 0.064479
v 3.379874 7.552505 0.054835
v 3.368799 7.554661 0.043084
v 3.360570 7.556263 0.029677
v 3.355502 7.557249 0.015129
v 3.353791 7.557582 0.000000
v 3.355502 7.557249 -0.015129
v 3.360570 7.556263 -0.029677
v 3.368799 7.554661 -0.043084
v -0.052350 7.480039 0.068092
v -0.033170 7.480141 0.061281
v 0.007678 7.480356 0.028206
v -0.002571 7.480304 0.040948
v 0.007874 7.376350 0.040948
v 0.018126 7.376354 0.028206
v -0.156420 7.479486 0.061282
v -0.137241 7.479588 0.068092
v -0.094793 7.479814 -0.073696
v -0.116434 7.479699 -0.072280
v -0.016363 7.480229 0.052116
v -0.116434 7.479699 0.072286
v -0.137241 7.479588 -0.068086
v -0.094793 7.479814 0.073702
v -0.156420 7.479486 -0.061276
v 0.013990 7.480391 0.014381
v -0.187025 7.479323 -0.040942
v -0.197276 7.479270 -0.028201
v 0.013990 7.480391 -0.014375
v -0.203588 7.479237 -0.014375
v 0.007678 7.480356 -0.028201
v -0.205720 7.479225 0.000003
v -0.002571 7.480304 -0.040942
v -0.203588 7.479237 0.014381
v -0.016363 7.480229 -0.052110
v -0.197276 7.479270 0.028206
v -0.033170 7.480141 -0.061276
v -0.187025 7.479323 0.040948
v -0.052350 7.480039 -0.068086
v -0.094793 7.479814 0.073702
v -0.073155 7.479928 0.072286
v -0.173228 7.479396 0.052116
v -0.073155 7.479928 -0.072280
v 0.024439 7.376359 -0.014375
v 0.026577 7.376360 0.000003
v 0.036253 6.496717 0.000003
v 0.034115 6.496716 -0.014375
v -0.146016 7.376259 -0.061276
v -0.162828 7.376249 -0.052110
v 0.024439 7.376359 0.014381
v -0.176629 7.376241 -0.040942
v -0.186883 7.376236 -0.028201
v -0.193197 7.376234 -0.014375
v 0.018126 7.376354 -0.028201
v -0.195329 7.376232 0.000003
v 0.007874 7.376350 -0.040942
v -0.193197 7.376234 0.014381
v -0.005922 7.376341 -0.052110
v -0.186883 7.376236 0.028206
v -0.022733 7.376332 -0.061276
v -0.176629 7.376241 0.040948
v -0.041919 7.376321 -0.068086
v -0.084373 7.376296 0.073702
v -0.062729 7.376308 0.072286
v -0.162828 7.376249 0.052116
v -0.062729 7.376308 -0.072280
v -0.041918 7.376321 0.068092
v -0.146016 7.376259 0.061282
v -0.084373 7.376296 -0.073696
v -0.022733 7.376332 0.061281
v -0.126832 7.376271 0.068092
v -0.106020 7.376284 -0.072280
v -0.005922 7.376341 0.052116
v -0.106019 7.376284 0.072286
v -0.126831 7.376271 -0.068086
v -0.084373 7.376296 0.073702
v 0.034115 6.496716 0.014381
v 0.048873 5.160458 0.014381
v 0.051012 5.160460 0.000003
v -0.177207 6.496593 -0.028201
v -0.183520 6.496590 -0.014375
v 0.027802 6.496711 -0.028201
v -0.185653 6.496588 0.000003
v 0.017550 6.496707 -0.040942
v -0.183520 6.496590 0.014381
v 0.003754 6.496698 -0.052110
v -0.177207 6.496593 0.028206
v -0.013057 6.496688 -0.061276
v -0.166953 6.496597 0.040948
v -0.032242 6.496678 -0.068086
v -0.074697 6.496653 0.073702
v -0.053053 6.496665 0.072286
v -0.153152 6.496606 0.052116
v -0.053053 6.496665 -0.072280
v -0.032242 6.496678 0.068092
v -0.136340 6.496616 0.061282
v -0.074697 6.496653 -0.073696
v -0.013057 6.496688 0.061281
v -0.117155 6.496627 0.068092
v -0.096343 6.496640 -0.072280
v 0.003754 6.496698 0.052116
v -0.096343 6.496640 0.072286
v -0.117155 6.496627 -0.068086
v 0.017550 6.496707 0.040948
v -0.074697 6.496653 0.073702
v -0.136340 6.496616 -0.061276
v 0.027802 6.496711 0.028206
v -0.153152 6.496606 -0.052110
v -0.166953 6.496597 -0.040942
v 0.032308 5.160449 -0.040942
v 0.042560 5.160453 -0.028201
v 0.052716 4.241968 -0.028201
v 0.042464 4.241964 -0.040942
v -0.152194 5.160340 -0.040942
v -0.162448 5.160335 -0.028201
v 0.048873 5.160458 -0.014375
v -0.168762 5.160333 -0.014375
v -0.059938 5.160395 0.073702
v -0.038294 5.160407 0.072286
v -0.170895 5.160331 0.000003
v -0.017483 5.160420 0.068092
v -0.168762 5.160333 0.014381
v 0.018512 5.160440 -0.052110
v 0.001702 5.160431 0.061281
v -0.162448 5.160335 0.028206
v 0.001702 5.160431 -0.061276
v 0.018512 5.160440 0.052116
v -0.152194 5.160340 0.040948
v -0.017484 5.160420 -0.068086
v 0.032308 5.160449 0.040948
v -0.138394 5.160348 0.052116
v -0.038294 5.160407 -0.072280
v 0.042560 5.160453 0.028206
v -0.121581 5.160358 0.061282
v -0.059938 5.160395 -0.073696
v -0.102397 5.160369 0.068092
v -0.081585 5.160382 -0.072280
v -0.081584 5.160382 0.072286
v -0.102397 5.160369 -0.068086
v -0.059938 5.160395 0.073702
v -0.121581 5.160358 -0.061276
v -0.138394 5.160348 -0.052110
v -0.007328 4.241935 -0.068086
v 0.011857 4.241946 -0.061276
v 0.020645 3.445676 -0.061276
v 0.001459 3.445666 -0.068086
v -0.160739 4.241846 0.000003
v -0.158606 4.241848 0.014381
v 0.028668 4.241955 -0.052110
v -0.152293 4.241850 0.028206
v -0.142039 4.241855 0.040948
v -0.049783 4.241910 0.073702
v -0.028139 4.241922 0.072286
v -0.128238 4.241863 0.052116
v -0.028139 4.241922 -0.072280
v -0.007328 4.241935 0.068092
v -0.111426 4.241873 0.061282
v -0.049783 4.241910 -0.073696
v 0.011857 4.241946 0.061281
v -0.092241 4.241885 0.068092
v -0.071429 4.241898 -0.072280
v 0.028668 4.241955 0.052116
v -0.071429 4.241898 0.072286
v -0.092241 4.241885 -0.068086
v 0.042464 4.241964 0.040948
v -0.049783 4.241910 0.073702
v -0.111426 4.241873 -0.061276
v 0.052716 4.241968 0.028206
v -0.128238 4.241863 -0.052110
v 0.059029 4.241973 0.014381
v -0.142039 4.241855 -0.040942
v 0.061167 4.241974 0.000003
v -0.152293 4.241850 -0.028201
v 0.059029 4.241973 -0.014375
v -0.158606 4.241848 -0.014375
v -0.062642 3.445628 -0.072280
v -0.040995 3.445640 -0.073696
v -0.030387 2.483053 -0.073696
v -0.052033 2.483040 -0.072280
v -0.040995 3.445640 0.073702
v -0.019352 3.445653 0.072286
v -0.133251 3.445585 0.040948
v -0.119451 3.445594 0.052116
v -0.019352 3.445653 -0.072280
v 0.001459 3.445666 0.068092
v -0.102639 3.445604 0.061282
v 0.020645 3.445676 0.061281
v -0.083454 3.445615 0.068092
v 0.037455 3.445686 0.052116
v -0.062641 3.445628 0.072286
v -0.083454 3.445615 -0.068086
v 0.051251 3.445695 0.040948
v -0.040995 3.445640 0.073702
v -0.102639 3.445604 -0.061276
v 0.061503 3.445699 0.028206
v -0.119451 3.445594 -0.052110
v 0.067816 3.445703 0.014381
v -0.133251 3.445585 -0.040942
v 0.069954 3.445705 0.000003
v -0.143505 3.445581 -0.028201
v 0.067816 3.445703 -0.014375
v -0.149819 3.445578 -0.014375
v 0.061503 3.445699 -0.028201
v -0.151952 3.445576 0.000003
v 0.051251 3.445695 -0.040942
v -0.149819 3.445578 0.014381
v 0.037455 3.445686 -0.052110
v -0.143505 3.445581 0.028206
v -0.108842 2.483006 -0.052110
v -0.092030 2.483016 -0.061276
v -0.086728 2.002485 -0.061276
v -0.103540 2.002475 -0.052110
v 0.031253 2.483089 0.061281
v 0.048064 2.483098 0.052116
v -0.072845 2.483027 0.068092
v -0.052033 2.483040 0.072286
v -0.072845 2.483027 -0.068086
v 0.061860 2.483107 0.040948
v -0.030387 2.483053 0.073702
v 0.072112 2.483111 0.028206
v 0.078425 2.483116 0.014381
v -0.122643 2.482998 -0.040942
v 0.080563 2.483117 0.000003
v -0.132897 2.482993 -0.028201
v 0.078425 2.483116 -0.014375
v -0.139210 2.482990 -0.014375
v 0.072112 2.483111 -0.028201
v -0.141343 2.482989 0.000003
v 0.061860 2.483107 -0.040942
v -0.139210 2.482990 0.014381
v 0.048064 2.483098 -0.052110
v -0.132897 2.482993 0.028206
v 0.031253 2.483089 -0.061276
v -0.122643 2.482998 0.040948
v 0.012068 2.483078 -0.068086
v -0.030387 2.483053 0.073702
v -0.008743 2.483065 0.072286
v -0.108842 2.483006 0.052116
v -0.008743 2.483065 -0.072280
v 0.012068 2.483078 0.068092
v -0.092030 2.483016 0.061282
v -0.133908 2.002460 -0.014375
v -0.127594 2.002462 -0.028201
v -0.125683 1.829254 -0.028201
v -0.131997 1.829251 -0.014375
v 0.077414 2.002580 0.028206
v 0.083727 2.002585 0.014381
v -0.117340 2.002467 -0.040942
v 0.085865 2.002586 0.000003
v 0.083727 2.002585 -0.014375
v 0.077414 2.002580 -0.028201
v -0.136041 2.002458 0.000003
v 0.067162 2.002576 -0.040942
v -0.133908 2.002460 0.014381
v 0.053366 2.002567 -0.052110
v -0.127594 2.002462 0.028206
v 0.036555 2.002558 -0.061276
v -0.117340 2.002467 0.040948
v 0.017370 2.002547 -0.068086
v -0.025084 2.002522 0.073702
v -0.003441 2.002534 0.072286
v -0.103540 2.002475 0.052116
v -0.003441 2.002534 -0.072280
v 0.017370 2.002547 0.068092
v -0.086728 2.002485 0.061282
v -0.025084 2.002522 -0.073696
v 0.036555 2.002558 0.061281
v -0.067543 2.002496 0.068092
v -0.046731 2.002509 -0.072280
v 0.053366 2.002567 0.052116
v -0.046730 2.002509 0.072286
v -0.067543 2.002496 -0.068086
v 0.067162 2.002576 0.040948
v -0.025084 2.002522 0.073702
v 0.087777 1.829378 0.000003
v 0.085639 1.829376 0.014381
v 0.108846 0.001843 0.014381
v 0.110984 0.001845 0.000003
v 0.085639 1.829376 -0.014375
v 0.079326 1.829371 -0.028201
v -0.134129 1.829249 0.000003
v 0.069074 1.829368 -0.040942
v -0.131997 1.829251 0.014381
v 0.055278 1.829358 -0.052110
v -0.125683 1.829254 0.028206
v 0.038467 1.829349 -0.061276
v -0.115429 1.829258 0.040948
v 0.019281 1.829338 -0.068086
v -0.023173 1.829313 0.073702
v -0.001529 1.829325 0.072286
v -0.101628 1.829266 0.052116
v -0.001529 1.829325 -0.072280
v 0.019282 1.829338 0.068092
v -0.084816 1.829277 0.061282
v -0.023173 1.829313 -0.073696
v 0.038467 1.829349 0.061281
v -0.065632 1.829288 0.068092
v -0.044819 1.829301 -0.072280
v 0.055278 1.829358 0.052116
v -0.044819 1.829301 0.072286
v -0.065631 1.829288 -0.068086
v 0.069074 1.829368 0.040948
v -0.023173 1.829313 0.073702
v -0.084816 1.829277 -0.061276
v 0.079326 1.829371 0.028206
v -0.101628 1.829266 -0.052110
v -0.115429 1.829258 -0.040942
v 3.492783 1.825750 -0.043084
v 3.503572 1.825750 -0.029677
v 3.526779 -0.001783 -0.029677
v 3.515990 -0.001783 -0.043084
v 3.418489 1.825750 -0.076059
v 3.395713 1.825750 -0.077549
v 3.503571 1.825750 0.029677
v 3.510215 1.825750 0.015129
v 3.313162 1.825750 0.054835
v 3.330853 1.825750 0.064479
v 3.330853 1.825750 -0.064479
v 3.313162 1.825750 -0.054835
v 3.418489 1.825750 0.076059
v 3.440389 1.825750 0.071646
v 3.281211 1.825750 -0.015129
v 3.440389 1.825750 -0.071646
v 3.492783 1.825750 0.043084
v 3.298643 1.825750 0.043084
v 3.351037 1.825750 -0.071646
v 3.510215 1.825750 -0.015129
v 3.372937 1.825750 0.076059
v 3.395713 1.825750 0.077549
v 3.395713 1.825750 0.077549
v 3.287855 1.825750 -0.029677
v 3.460573 1.825750 -0.064479
v 3.478264 1.825750 0.054835
v 3.287855 1.825750 0.029677
v 3.372937 1.825750 -0.076059
v 3.512458 1.825750 0.000000
v 3.351037 1.825750 0.071646
v 3.298643 1.825750 -0.043084
v 3.478264 1.825750 -0.054835
v 3.460573 1.825750 0.064479
v 0.021678 0.001792 0.072286
v 0.000035 0.001781 0.073702
v -0.021612 0.001768 0.072286
v -0.042424 0.001755 0.068092
v -0.061609 0.001743 0.061282
v -0.078421 0.001733 0.052116
v -0.092222 0.001725 0.040948
v -0.102475 0.001720 0.028206
v -0.108789 0.001718 0.014381
v -0.110922 0.001716 0.000003
v -0.108789 0.001718 -0.014375
v -0.102475 0.001720 -0.028201
v -0.092222 0.001725 -0.040942
v -0.078421 0.001733 -0.052110
v -0.061609 0.001743 -0.061276
v -0.042424 0.001755 -0.068086
v -0.021612 0.001768 -0.072280
v 0.000035 0.001780 -0.073696
v 0.021678 0.001792 -0.072280
v 0.042489 0.001805 -0.068086
v 0.061674 0.001816 -0.061276
v 0.078485 0.001825 -0.052110
v 0.092281 0.001834 -0.040942
v 0.102533 0.001838 -0.028201
v 0.108846 0.001843 -0.014375
v 0.110984 0.001845 0.000003
v 0.108846 0.001844 0.014381
v 0.102533 0.001838 0.028206
v 0.092281 0.001834 0.040948
v 0.078485 0.001825 0.052116
v 0.061674 0.001816 0.061281
v 0.042489 0.001805 0.068092
v 3.418921 -0.001781 0.077549
v 3.396145 -0.001783 0.076059
v 3.374244 -0.001783 0.071646
v 3.354060 -0.001783 0.064479
v 3.336369 -0.001783 0.054835
v 3.321851 -0.001783 0.043084
v 3.311062 -0.001783 0.029677
v 3.304419 -0.001783 0.015129
v 3.302176 -0.001783 -0.000000
v 3.304419 -0.001783 -0.015129
v 3.311062 -0.001783 -0.029677
v 3.321851 -0.001783 -0.043084
v 3.336369 -0.001783 -0.054835
v 3.354060 -0.001783 -0.064479
v 3.374244 -0.001783 -0.071646
v 3.396145 -0.001783 -0.076059
v 3.418921 -0.001783 -0.077549
v 3.441696 -0.001783 -0.076059
v 3.463597 -0.001783 -0.071646
v 3.483780 -0.001783 -0.064479
v 3.501472 -0.001783 -0.054835
v 3.515990 -0.001782 -0.043084
v 3.526779 -0.001782 -0.029677
v 3.533422 -0.001783 -0.015129
v 3.535666 -0.001783 0.000000
v 3.533422 -0.001783 0.015129
v 3.526779 -0.001783 0.029677
v 3.515990 -0.001783 0.043084
v 3.501472 -0.001783 0.054835
v 3.483780 -0.001783 0.064479
v 3.463597 -0.001783 0.071646
v 3.441696 -0.001783 0.076059
v 3.533422 -0.001782 -0.015129
v 0.108846 0.001844 -0.014375
v 3.535666 -0.001782 0.000000
v 0.102533 0.001839 -0.028201
v 3.533422 -0.001782 0.015129
v 0.092281 0.001835 -0.040942
v 3.526779 -0.001782 0.029677
v 0.078485 0.001826 -0.052110
v 3.515990 -0.001782 0.043084
v 3.396145 -0.001782 0.076059
v 3.418921 -0.001783 0.077549
v 0.061674 0.001817 -0.061276
v 3.501472 -0.001782 0.054835
v 3.374244 -0.001782 0.071646
v 0.042489 0.001806 -0.068086
v 3.483780 -0.001782 0.064479
v 3.354060 -0.001782 0.064479
v 0.021678 0.001793 -0.072280
v 3.463597 -0.001782 0.071646
v 3.336369 -0.001782 0.054835
v 0.000035 0.001781 -0.073696
v 3.441696 -0.001782 0.076059
v 3.321851 -0.001782 0.043084
v -0.021612 0.001768 -0.072280
v 3.418921 -0.001782 0.077549
v 3.311062 -0.001782 0.029677
v -0.042424 0.001756 -0.068086
v 3.304419 -0.001782 0.015129
v -0.061609 0.001744 -0.061276
v 3.302176 -0.001782 -0.000000
v -0.078421 0.001734 -0.052110
v 3.304419 -0.001782 -0.015129
v -0.092222 0.001726 -0.040942
v 3.311062 -0.001782 -0.029677
v -0.102475 0.001721 -0.028201
v 3.321851 -0.001782 -0.043084
v -0.108789 0.001719 -0.014375
v 3.336369 -0.001782 -0.054835
v -0.110922 0.001717 0.000003
v 3.354060 -0.001782 -0.064479
v -0.108789 0.001719 0.014381
v 3.374244 -0.001782 -0.071646
v -0.102475 0.001721 0.028206
v 3.396145 -0.001782 -0.076059
v -0.092222 0.001726 0.040948
v 0.000035 0.001780 0.073702
v 0.021678 0.001793 0.072286
v 3.418921 -0.001782 -0.077549
v -0.078421 0.001734 0.052116
v 0.042489 0.001806 0.068092
v 3.441696 -0.001782 -0.076059
v -0.061609 0.001744 0.061282
v 0.061674 0.001817 0.061281
v 3.463597 -0.001782 -0.071646
v -0.042424 0.001756 0.068092
v 0.078485 0.001826 0.052116
v 3.483780 -0.001782 -0.064479
v -0.021612 0.001768 0.072286
v 0.092281 0.001835 0.040948
v 3.501472 -0.001782 -0.054835
v 0.000035 0.001781 0.073702
v 0.102533 0.001839 0.028206
v 0.038648 7.627174 0.028206
v 0.030110 7.628478 0.040948
v 0.038648 7.627174 -0.028201
v 0.030110 7.628478 -0.040942
v 0.197943 7.778147 -0.040942
v 0.206482 7.776844 -0.028201
v -0.098113 7.648018 -0.061276
v 0.043910 7.626373 0.014381
v 0.045693 7.626102 0.000003
v -0.132161 7.653209 -0.028201
v 0.043910 7.626373 -0.014375
v -0.137419 7.654011 -0.014375
v -0.139197 7.654282 0.000003
v -0.137419 7.654011 0.014381
v 0.018613 7.630229 -0.052110
v -0.132161 7.653209 0.028206
v 0.004608 7.632364 -0.061276
v -0.123620 7.651906 0.040948
v -0.011377 7.634800 -0.068086
v -0.028718 7.637442 0.072286
v -0.046750 7.640191 0.073702
v -0.112121 7.650153 0.052116
v -0.028718 7.637442 -0.072280
v -0.011376 7.634800 0.068092
v -0.098113 7.648018 0.061282
v -0.046750 7.640191 -0.073696
v 0.004608 7.632364 0.061282
v -0.082127 7.645582 0.068092
v -0.064785 7.642940 -0.072280
v 0.018613 7.630229 0.052116
v -0.064785 7.642940 0.072286
v -0.082127 7.645582 -0.068086
v -0.046750 7.640191 0.073702
v 0.172441 7.782032 -0.061276
v 0.156456 7.784469 -0.068086
v 0.505248 7.942089 -0.068087
v 0.521234 7.939652 -0.061276
v 0.030414 7.803680 0.014381
v 0.028636 7.803950 0.000003
v 0.186447 7.779898 -0.052110
v 0.035673 7.802877 0.028206
v 0.044214 7.801575 0.040948
v 0.139115 7.787111 0.072286
v 0.121083 7.789860 0.073702
v 0.055713 7.799822 0.052116
v 0.139115 7.787111 -0.072280
v 0.156457 7.784469 0.068092
v 0.069720 7.797687 0.061281
v 0.121083 7.789860 -0.073696
v 0.172441 7.782032 0.061281
v 0.085706 7.795251 0.068092
v 0.103048 7.792609 -0.072280
v 0.186447 7.779898 0.052116
v 0.103048 7.792609 0.072286
v 0.085706 7.795251 -0.068086
v 0.197943 7.778147 0.040948
v 0.121083 7.789860 0.073702
v 0.069720 7.797687 -0.061276
v 0.206482 7.776844 0.028206
v 0.055713 7.799822 -0.052110
v 0.211743 7.776042 0.014381
v 0.044214 7.801575 -0.040942
v 0.213526 7.775771 0.000003
v 0.035673 7.802877 -0.028201
v 0.211743 7.776042 -0.014375
v 0.030414 7.803680 -0.014375
v 0.469875 7.947479 -0.073697
v 0.451840 7.950229 -0.072280
v 0.859290 8.063670 -0.050222
v 0.869522 8.061139 -0.051206
v 0.487908 7.944731 0.072286
v 0.469875 7.947479 0.073702
v 0.404505 7.957442 0.052116
v 0.393006 7.959194 0.040948
v 0.487908 7.944731 -0.072280
v 0.505249 7.942089 0.068092
v 0.418513 7.955307 0.061281
v 0.521234 7.939652 0.061281
v 0.434498 7.952870 0.068092
v 0.535239 7.937517 0.052116
v 0.451840 7.950229 0.072286
v 0.434498 7.952870 -0.068087
v 0.546735 7.935766 0.040948
v 0.469875 7.947479 0.073702
v 0.418513 7.955307 -0.061276
v 0.555274 7.934463 0.028206
v 0.404505 7.957442 -0.052111
v 0.560535 7.933661 0.014381
v 0.393006 7.959194 -0.040942
v 0.562318 7.933391 0.000003
v 0.384465 7.960497 -0.028201
v 0.560535 7.933661 -0.014375
v 0.379206 7.961299 -0.014375
v 0.555274 7.934463 -0.028201
v 0.377428 7.961570 0.000003
v 0.546735 7.935766 -0.040942
v 0.379206 7.961299 0.014381
v 0.535239 7.937517 -0.052111
v 0.384465 7.960497 0.028206
v 0.840380 8.068347 -0.042576
v 0.832433 8.070313 -0.036207
v 1.207974 8.148382 -0.036207
v 1.210807 8.145780 -0.042575
v 0.906607 8.051965 0.036213
v 0.898661 8.053931 0.042581
v 0.859290 8.063670 0.050227
v 0.849450 8.066104 0.047313
v 0.849450 8.066104 -0.047308
v 0.913130 8.050352 0.028453
v 0.869522 8.061139 0.051211
v 0.917973 8.049152 0.019599
v 0.920959 8.048414 0.009993
v 0.825908 8.071926 -0.028447
v 0.921971 8.048164 0.000003
v 0.821063 8.073126 -0.019594
v 0.920959 8.048414 -0.009988
v 0.818081 8.073865 -0.009987
v 0.917973 8.049152 -0.019594
v 0.817071 8.074115 0.000003
v 0.913130 8.050352 -0.028447
v 0.818081 8.073865 0.009993
v 0.906607 8.051965 -0.036207
v 0.821063 8.073126 0.019599
v 0.898661 8.053931 -0.042576
v 0.825908 8.071926 0.028453
v 0.889592 8.056174 -0.047308
v 0.879753 8.058607 0.050227
v 0.869522 8.061139 0.051211
v 0.832433 8.070313 0.036213
v 0.879753 8.058607 -0.050222
v 0.889592 8.056174 0.047313
v 0.840380 8.068347 0.042581
v 1.203923 8.152106 -0.019594
v 1.202862 8.153084 -0.009987
v 1.602095 8.170698 -0.009987
v 1.602249 8.169692 -0.019593
v 1.239533 8.119394 0.009993
v 1.238467 8.120372 0.019600
v 1.205647 8.150518 -0.028447
v 1.239894 8.119063 0.000003
v 1.239533 8.119394 -0.009987
v 1.238467 8.120372 -0.019594
v 1.202501 8.153414 0.000003
v 1.236743 8.121959 -0.028447
v 1.202862 8.153084 0.009993
v 1.234416 8.124094 -0.036207
v 1.203923 8.152106 0.019600
v 1.231585 8.126697 -0.042575
v 1.228352 8.129666 -0.047307
v 1.224843 8.132888 0.050228
v 1.221197 8.136238 0.051212
v 1.207974 8.148382 0.036213
v 1.224843 8.132888 -0.050221
v 1.228352 8.129666 0.047314
v 1.210807 8.145780 0.042582
v 1.221197 8.136238 -0.051205
v 1.231585 8.126697 0.042581
v 1.214041 8.142810 0.047314
v 1.217551 8.139588 -0.050221
v 1.234416 8.124094 0.036213
v 1.217551 8.139588 0.050228
v 1.214041 8.142810 -0.047307
v 1.236743 8.121959 0.028453
v 1.221197 8.136238 0.051212
v 1.602095 8.170698 0.009994
v 1.602249 8.169692 0.019600
v 1.950897 8.155899 0.019600
v 1.952213 8.156859 0.009994
v 1.607338 8.137002 -0.019593
v 1.607497 8.135996 -0.009987
v 1.602041 8.171039 0.000003
v 1.607087 8.138637 -0.028447
v 1.606742 8.140837 -0.036207
v 1.606326 8.143517 -0.042575
v 1.602500 8.168056 0.028453
v 1.605850 8.146577 -0.047307
v 1.605331 8.149895 0.050228
v 1.604795 8.153346 0.051212
v 1.602844 8.165856 0.036213
v 1.605331 8.149895 -0.050221
v 1.605850 8.146577 0.047314
v 1.603261 8.163176 0.042582
v 1.604795 8.153346 -0.051205
v 1.606326 8.143517 0.042582
v 1.603739 8.160116 0.047314
v 1.604258 8.156797 -0.050221
v 1.606742 8.140837 0.036213
v 1.604258 8.156797 0.050228
v 1.603739 8.160116 -0.047307
v 1.607087 8.138637 0.028453
v 1.604795 8.153346 0.051212
v 1.603261 8.163176 -0.042575
v 1.607338 8.137002 0.019600
v 1.602844 8.165856 -0.036207
v 1.607497 8.135996 0.009994
v 1.602500 8.168056 -0.028447
v 1.607551 8.135654 0.000003
v 1.945893 8.152237 0.036213
v 1.942397 8.149677 0.042582
v 2.383659 8.088690 0.048276
v 2.394195 8.090532 0.041056
v 1.916763 8.130907 -0.042575
v 1.913267 8.128348 -0.036207
v 1.948761 8.154338 0.028453
v 1.920754 8.133828 -0.047307
v 1.925079 8.136997 0.050228
v 1.929581 8.140292 0.051212
v 1.925079 8.136997 -0.050221
v 1.920754 8.133828 0.047314
v 1.929581 8.140292 -0.051205
v 1.916763 8.130907 0.042582
v 1.938408 8.146756 0.047314
v 1.934083 8.143588 -0.050221
v 1.913267 8.128348 0.036213
v 1.934083 8.143588 0.050228
v 1.938408 8.146756 -0.047307
v 1.910399 8.126247 0.028453
v 1.929581 8.140292 0.051212
v 1.942397 8.149677 -0.042575
v 1.908265 8.124687 0.019600
v 1.945893 8.152237 -0.036207
v 1.906954 8.123726 0.009994
v 1.948761 8.154338 -0.028447
v 1.906511 8.123401 0.000003
v 1.950897 8.155899 -0.019593
v 1.906954 8.123726 -0.009987
v 1.952213 8.156859 -0.009987
v 1.908265 8.124687 -0.019593
v 1.952655 8.157185 0.000003
v 1.910399 8.126247 -0.028447
v 2.358595 8.084305 0.056945
v 2.345028 8.081933 0.058061
v 2.748178 7.987395 0.067765
v 2.764012 7.990164 0.066463
v 2.345028 8.081933 -0.058054
v 2.331462 8.079560 -0.056938
v 2.306396 8.075177 0.048276
v 2.318421 8.077280 0.053641
v 2.371635 8.086586 0.053641
v 2.358595 8.084305 -0.056938
v 2.295861 8.073335 0.041056
v 2.371636 8.086586 -0.053635
v 2.287214 8.071822 0.032258
v 2.383659 8.088690 -0.048270
v 2.280789 8.070700 0.022221
v 2.394195 8.090532 -0.041049
v 2.276833 8.070007 0.011330
v 2.402842 8.092045 -0.032252
v 2.275495 8.069773 0.000003
v 2.409273 8.093168 -0.022214
v 2.276833 8.070007 -0.011323
v 2.413231 8.093860 -0.011323
v 2.280789 8.070700 -0.022214
v 2.414567 8.094093 0.000003
v 2.287214 8.071822 -0.032252
v 2.413231 8.093860 0.011330
v 2.295861 8.073335 -0.041049
v 2.409273 8.093168 0.022221
v 2.306396 8.075177 -0.048270
v 2.402842 8.092045 0.032258
v 2.318421 8.077280 -0.053635
v 2.331462 8.079560 0.056945
v 2.345028 8.081933 0.058061
v 2.815655 7.999197 -0.037643
v 2.823161 8.000508 -0.025928
v 3.100146 7.893060 -0.028348
v 3.090532 7.892204 -0.041157
v 2.793267 7.995281 -0.056338
v 2.779233 7.992826 -0.062600
v 2.673201 7.974284 0.025934
v 2.680701 7.975595 0.037649
v 2.805563 7.997431 -0.047911
v 2.668584 7.973476 0.013223
v 2.667022 7.973202 0.000003
v 2.668584 7.973476 -0.013216
v 2.827781 8.001315 -0.013216
v 2.673201 7.974284 -0.025928
v 2.829340 8.001588 0.000003
v 2.680701 7.975595 -0.037643
v 2.827781 8.001315 0.013223
v 2.690792 7.977360 -0.047911
v 2.823161 8.000508 0.025934
v 2.703089 7.979510 -0.056338
v 2.815655 7.999197 0.037650
v 2.717123 7.981964 -0.062600
v 2.732345 7.984627 0.066463
v 2.748178 7.987395 0.067765
v 2.805563 7.997431 0.047918
v 2.732345 7.984627 -0.066456
v 2.717124 7.981964 0.062607
v 2.793267 7.995281 0.056345
v 2.748178 7.987395 -0.067758
v 2.703089 7.979510 0.056345
v 2.779233 7.992826 0.062607
v 2.764012 7.990164 -0.066456
v 2.690792 7.977360 0.047918
v 3.108061 7.893765 0.000003
v 3.106064 7.893588 0.014457
v 3.379721 7.727859 0.014457
v 3.381862 7.727875 0.000003
v 2.902121 7.875401 -0.014450
v 2.900118 7.875221 0.000003
v 3.106064 7.893588 -0.014450
v 2.908036 7.875929 -0.028348
v 2.917643 7.876785 -0.041157
v 2.930571 7.877938 -0.052384
v 3.100146 7.893060 0.028355
v 2.946324 7.879344 -0.061597
v 3.090532 7.892204 0.041163
v 2.964303 7.880946 -0.068444
v 2.983804 7.882685 0.072666
v 3.004086 7.884494 0.074090
v 3.077603 7.891050 0.052390
v 2.983804 7.882685 -0.072660
v 2.964303 7.880946 0.068450
v 3.061849 7.889645 0.061604
v 3.004086 7.884494 -0.074083
v 2.946324 7.879344 0.061604
v 3.043871 7.888042 0.068450
v 3.024371 7.886302 -0.072660
v 2.930571 7.877938 0.052390
v 3.024371 7.886302 0.072666
v 3.043871 7.888042 -0.068444
v 2.917643 7.876785 0.041163
v 3.004086 7.884494 0.074090
v 3.061849 7.889645 -0.061597
v 2.908036 7.875929 0.028355
v 3.077603 7.891050 -0.052384
v 2.902121 7.875401 0.014457
v 3.270383 7.727034 0.074090
v 3.248637 7.726871 0.072666
v 3.332136 7.596829 0.072666
v 3.353882 7.596992 0.074090
v 3.191562 7.726439 -0.052384
v 3.177700 7.726335 -0.041157
v 3.373377 7.727811 0.028355
v 3.208453 7.726567 -0.061597
v 3.363071 7.727735 0.041163
v 3.227728 7.726712 -0.068444
v 3.349208 7.727630 0.052390
v 3.248637 7.726871 -0.072660
v 3.227728 7.726712 0.068450
v 3.332316 7.727502 0.061604
v 3.270383 7.727034 -0.074083
v 3.208452 7.726567 0.061604
v 3.313040 7.727357 0.068450
v 3.292132 7.727199 -0.072660
v 3.191562 7.726439 0.052390
v 3.292132 7.727199 0.072666
v 3.313041 7.727357 -0.068444
v 3.177700 7.726335 0.041163
v 3.270383 7.727034 0.074090
v 3.332316 7.727502 -0.061597
v 3.167401 7.726257 0.028355
v 3.349208 7.727630 -0.052384
v 3.161057 7.726209 0.014457
v 3.363071 7.727735 -0.041157
v 3.158910 7.726192 0.000003
v 3.373377 7.727811 -0.028348
v 3.161057 7.726209 -0.014450
v 3.379721 7.727859 -0.014450
v 3.167401 7.726257 -0.028348
v 3.382695 7.583826 0.076059
v 3.404570 7.584068 0.071646
v 3.396540 7.597315 0.068450
v 3.375632 7.597157 0.072666
v 3.432707 7.597589 0.052390
v 3.446570 7.597694 0.041163
v 3.332136 7.596829 -0.072660
v 3.311228 7.596671 -0.068444
v 3.311228 7.596671 0.068450
v 3.415816 7.597461 0.061604
v 3.353882 7.596992 -0.074083
v 3.291952 7.596526 0.061604
v 3.375632 7.597157 -0.072660
v 3.275061 7.596398 0.052390
v 3.396540 7.597315 -0.068444
v 3.261199 7.596293 0.041163
v 3.353882 7.596992 0.074090
v 3.415816 7.597461 -0.061597
v 3.250900 7.596216 0.028355
v 3.432707 7.597589 -0.052384
v 3.244557 7.596168 0.014457
v 3.446570 7.597694 -0.041157
v 3.242409 7.596151 0.000003
v 3.456876 7.597770 -0.028348
v 3.244557 7.596168 -0.014450
v 3.463220 7.597818 -0.014450
v 3.250900 7.596216 -0.028348
v 3.465361 7.597834 0.000003
v 3.261199 7.596293 -0.041157
v 3.463220 7.597818 0.014457
v 3.275061 7.596398 -0.052384
v 3.456876 7.597770 0.028355
v 3.291952 7.596526 -0.061597
v 3.277490 7.582661 -0.054835
v 3.295161 7.582857 -0.064479
v 3.359946 7.583574 0.077549
v 3.467679 7.584767 0.029677
v 3.456903 7.584648 0.043084
v 3.315321 7.583080 -0.071646
v 3.359946 7.583574 0.077549
v 3.337196 7.583322 0.076059
v 3.442401 7.584487 0.054835
v 3.337196 7.583322 -0.076059
v 3.315321 7.583080 0.071646
v 3.424731 7.584291 0.064479
v 3.359946 7.583574 -0.077549
v 3.295161 7.582857 0.064479
v 3.382695 7.583826 -0.076059
v 3.277490 7.582661 0.054835
v 3.404570 7.584068 -0.071646
v 3.262988 7.582501 0.043084
v 3.424731 7.584291 -0.064479
v 3.252213 7.582382 0.029677
v 3.442401 7.584487 -0.054835
v 3.245577 7.582308 0.015129
v 3.456903 7.584648 -0.043084
v 3.243336 7.582283 0.000000
v 3.467679 7.584767 -0.029677
v 3.245577 7.582308 -0.015129
v 3.474315 7.584840 -0.015129
v 3.252213 7.582382 -0.029677
v 3.476555 7.584865 0.000000
v 3.262988 7.582501 -0.043084
v 3.474315 7.584840 0.015129
v 1.262996 3.591796 0.058312
v 1.262996 3.640285 0.058312
v 1.246997 3.640285 0.049590
v 1.246997 3.591796 0.049590
v 0.516769 2.146393 0.058313
v 0.535023 2.146393 0.064794
v 0.535023 2.768966 0.064794
v 0.516769 2.768966 0.058313
v 2.039450 2.097903 0.070132
v 2.039450 2.146393 0.070132
v 2.018852 2.146393 0.068785
v 2.018852 2.097903 0.068785
v 1.224110 3.591796 0.026838
v 1.218102 3.591796 0.013682
v 1.218766 3.546037 0.013682
v 1.224735 3.545882 0.026838
v 0.487640 2.146393 -0.038963
v 0.477883 2.146393 -0.026838
v 0.477883 2.768966 -0.026838
v 0.487640 2.768966 -0.038963
v 1.999046 2.146393 0.064794
v 1.999046 2.097903 0.064794
v 1.233867 3.591796 0.038963
v 1.233867 3.640285 0.038963
v 1.224110 3.640285 0.026838
v 0.634083 2.146393 -0.058312
v 0.615830 2.146393 -0.064793
v 0.615830 2.768966 -0.064793
v 0.634083 2.768966 -0.058312
v 1.980793 2.146393 0.058313
v 1.980793 2.097903 0.058313
v 1.218102 3.640285 0.013682
v 0.663213 2.146393 0.038964
v 0.672969 2.146393 0.026839
v 0.672969 2.768966 0.026839
v 0.663213 2.768966 0.038964
v 1.964794 2.146393 0.049591
v 1.964794 2.097903 0.049591
v 1.216074 3.640285 -0.000000
v 1.216074 3.591796 -0.000000
v 0.634083 2.146393 0.058313
v 0.650082 2.146393 0.049591
v 0.650082 2.768966 0.049591
v 0.634083 2.768966 0.058313
v 1.951663 2.146393 0.038963
v 1.951663 2.097903 0.038963
v 1.218102 3.640285 -0.013682
v 1.218102 3.591796 -0.013682
v 0.575426 2.146393 0.070132
v 0.596024 2.146393 0.068785
v 0.596024 2.768966 0.068785
v 0.575426 2.768966 0.070132
v 1.941907 2.146393 0.026839
v 1.941907 2.097903 0.026839
v 1.224110 3.640285 -0.026839
v 1.224110 3.591796 -0.026839
v 0.469847 2.146393 0.000000
v 0.471875 2.146393 0.013682
v 0.471875 2.768966 0.013682
v 0.469847 2.768966 0.000000
v 1.935899 2.146393 0.013682
v 1.935899 2.097903 0.013682
v 1.233867 3.640285 -0.038964
v 1.233867 3.591796 -0.038964
v 0.575426 2.146393 -0.070132
v 0.554829 2.146393 -0.068784
v 0.554829 2.768966 -0.068784
v 0.575426 2.768966 -0.070132
v 1.933870 2.146393 0.000000
v 1.933870 2.097903 0.000000
v 1.246997 3.640285 -0.049591
v 1.246997 3.591796 -0.049591
v 0.681006 2.146393 0.000000
v 0.678977 2.146393 -0.013682
v 0.678977 2.768966 -0.013682
v 0.681006 2.768966 0.000000
v 1.935899 2.146393 -0.013682
v 1.935899 2.097903 -0.013682
v 1.262996 3.640285 -0.058313
v 1.262996 3.591796 -0.058313
v 0.487640 2.146393 0.038963
v 0.500770 2.146393 0.049591
v 0.500770 2.768966 0.049591
v 0.487640 2.768966 0.038963
v 1.941907 2.146393 -0.026838
v 1.941907 2.097903 -0.026838
v 1.281250 3.640285 -0.064794
v 1.281250 3.591796 -0.064794
v 0.516769 2.146393 -0.058312
v 0.500770 2.146393 -0.049591
v 0.500770 2.768966 -0.049591
v 0.516769 2.768966 -0.058312
v 1.951663 2.146393 -0.038963
v 1.951663 2.097903 -0.038963
v 1.301056 3.640285 -0.068785
v 1.301056 3.591796 -0.068785
v 0.663213 2.146393 -0.038963
v 0.650083 2.146393 -0.049591
v 0.650083 2.768966 -0.049591
v 0.663213 2.768966 -0.038963
v 1.964794 2.146393 -0.049591
v 1.964794 2.097903 -0.049591
v 1.321653 3.640285 -0.070132
v 1.321653 3.591796 -0.070132
v 0.615830 2.146393 0.064794
v 0.615830 2.768966 0.064794
v 1.980793 2.146393 -0.058312
v 1.980793 2.097903 -0.058312
v 1.342251 3.640285 -0.068785
v 1.342251 3.591796 -0.068785
v 0.554829 2.146393 0.068785
v 0.554829 2.768966 0.068785
v 1.999046 2.146393 -0.064793
v 1.999046 2.097903 -0.064793
v 1.362057 3.640285 -0.064794
v 1.362057 3.591796 -0.064794
v 0.471875 2.146393 -0.013682
v 0.471875 2.768966 -0.013682
v 2.018852 2.146393 -0.068784
v 2.018852 2.097903 -0.068784
v 1.380310 3.640285 -0.058313
v 1.380310 3.591796 -0.058313
v 0.596024 2.146393 -0.068784
v 0.596024 2.768966 -0.068784
v 2.039450 2.146393 -0.070132
v 2.039450 2.097903 -0.070132
v 1.396309 3.640285 -0.049591
v 1.396309 3.591796 -0.049591
v 0.678977 2.146393 0.013682
v 0.678977 2.768966 0.013682
v 2.060047 2.146393 -0.068784
v 2.060047 2.097903 -0.068784
v 1.409440 3.640285 -0.038964
v 1.409440 3.591796 -0.038964
v 2.079853 2.146393 -0.064793
v 2.079853 2.097903 -0.064793
v 1.419196 3.640285 -0.026839
v 1.419196 3.591796 -0.026839
v 0.477883 2.146393 0.026839
v 0.477883 2.768966 0.026839
v 2.098107 2.146393 -0.058312
v 2.098107 2.097903 -0.058312
v 1.425204 3.640285 -0.013682
v 1.425204 3.591796 -0.013682
v 0.535023 2.146393 -0.064793
v 0.535023 2.768966 -0.064793
v 2.114106 2.146393 -0.049591
v 2.114106 2.097903 -0.049591
v 1.427233 3.640285 -0.000000
v 1.427233 3.591796 -0.000000
v 0.672969 2.146393 -0.026838
v 0.672969 2.768966 -0.026838
v 2.127236 2.146393 -0.038963
v 2.127236 2.097903 -0.038963
v 1.425204 3.640285 0.013682
v 1.425204 3.591796 0.013682
v 2.136993 2.146393 -0.026838
v 2.136993 2.097903 -0.026838
v 1.419196 3.640285 0.026838
v 1.419196 3.591796 0.026838
v 2.143001 2.146393 -0.013682
v 2.143001 2.097903 -0.013682
v 1.409440 3.640285 0.038963
v 1.409440 3.591796 0.038963
v 2.145029 2.146393 0.000000
v 2.145029 2.097903 0.000000
v 1.396309 3.640285 0.049590
v 1.396309 3.591796 0.049590
v 2.143001 2.146393 0.013682
v 2.143001 2.097903 0.013682
v 1.380310 3.640285 0.058312
v 1.380310 3.591796 0.058312
v 2.136993 2.146393 0.026839
v 2.136993 2.097903 0.026839
v 1.362057 3.640285 0.064793
v 1.362057 3.591796 0.064793
v 2.127236 2.146393 0.038964
v 2.127236 2.097903 0.038964
v 1.417230 3.660500 -0.026839
v 1.423230 3.660568 -0.013682
v 2.114106 2.146393 0.049591
v 2.114106 2.097903 0.049591
v 0.575426 2.146393 0.070132
v 0.575426 2.768966 0.070132
v 2.098106 2.146393 0.058313
v 2.098106 2.097903 0.058313
v 0.554828 3.036389 0.068785
v 0.535022 3.036389 0.064794
v 2.079853 2.146393 0.064794
v 2.079853 2.097903 0.064794
v 2.127236 2.768966 -0.038963
v 2.136993 2.768966 -0.026838
v 0.554829 2.097903 -0.068784
v 0.575426 2.097903 -0.070132
v 0.556868 0.649345 -0.070131
v 0.536271 0.649345 -0.068783
v 2.060047 2.146393 0.068785
v 2.060047 2.097903 0.068785
v 0.596024 2.097903 0.068785
v 0.575426 2.097903 0.070132
v 2.039450 2.146393 0.070132
v 2.039450 2.097903 0.070132
v 2.020892 0.649345 -0.070131
v 2.000294 0.649345 -0.068783
v 1.281250 3.591796 0.064793
v 1.281250 3.640285 0.064793
v 1.342251 3.591796 0.068784
v 1.342251 3.640285 0.068784
v 1.321653 3.640285 0.070132
v 1.321653 3.591796 0.070132
v 1.301056 3.591796 0.068784
v 1.301056 3.640285 0.068784
v 1.321653 3.591796 0.070132
v 1.321653 3.640285 0.070132
v 1.359984 4.668103 0.058312
v 1.359984 4.716591 0.058312
v 1.343985 4.716591 0.049590
v 1.343985 4.668103 0.049590
v 1.315090 4.668103 0.013681
v 1.313061 4.668103 -0.000001
v 1.314762 4.308070 -0.000001
v 1.316758 4.307986 0.013681
v 1.330854 4.668103 0.038962
v 1.330854 4.716591 0.038962
v 1.321098 4.716591 0.026838
v 1.321098 4.668103 0.026838
v 1.315090 4.716591 0.013681
v 1.313061 4.716591 -0.000001
v 1.315090 4.716591 -0.013683
v 1.315090 4.668103 -0.013683
v 1.321098 4.716591 -0.026839
v 1.321098 4.668103 -0.026839
v 1.330854 4.716591 -0.038964
v 1.330854 4.668103 -0.038964
v 1.343985 4.716591 -0.049592
v 1.343985 4.668103 -0.049592
v 1.359984 4.716591 -0.058313
v 1.359984 4.668103 -0.058313
v 1.378237 4.716591 -0.064794
v 1.378237 4.668103 -0.064794
v 1.398043 4.716591 -0.068785
v 1.398043 4.668103 -0.068785
v 1.418641 4.716591 -0.070133
v 1.418641 4.668103 -0.070133
v 1.439238 4.716591 -0.068785
v 1.439238 4.668103 -0.068785
v 1.459044 4.716591 -0.064794
v 1.459044 4.668103 -0.064794
v 1.477297 4.716591 -0.058313
v 1.477297 4.668103 -0.058313
v 1.493297 4.716591 -0.049592
v 1.493297 4.668103 -0.049592
v 1.506427 4.716591 -0.038964
v 1.506427 4.668103 -0.038964
v 1.516183 4.716591 -0.026839
v 1.516183 4.668103 -0.026839
v 1.522192 4.716591 -0.013683
v 1.522192 4.668103 -0.013683
v 1.524220 4.716591 -0.000001
v 1.524220 4.668103 -0.000001
v 1.522192 4.716591 0.013681
v 1.522192 4.668103 0.013681
v 1.516183 4.716591 0.026838
v 1.516183 4.668103 0.026838
v 1.506427 4.716591 0.038963
v 1.506427 4.668103 0.038963
v 1.493297 4.716591 0.049590
v 1.493297 4.668103 0.049590
v 1.477297 4.716591 0.058312
v 1.477297 4.668103 0.058312
v 1.459044 4.716591 0.064793
v 1.459044 4.668103 0.064793
v 1.313051 5.567254 -0.000001
v 1.315079 5.567254 -0.013683
v 1.378237 4.668103 0.064793
v 1.378237 4.716591 0.064793
v 1.439238 4.668103 0.068784
v 1.439238 4.716591 0.068784
v 1.418641 4.716591 0.070131
v 1.418641 4.668103 0.070131
v 1.398043 4.668103 0.068784
v 1.398043 4.716591 0.068784
v 1.418641 4.668103 0.070131
v 1.418641 4.716591 0.070131
v 2.826893 4.443834 0.058312
v 2.826893 4.492323 0.058312
v 2.810894 4.492323 0.049590
v 2.810894 4.443834 0.049590
v 2.810889 3.687022 0.049590
v 2.826888 3.687022 0.058312
v 2.797764 4.443834 0.038963
v 2.797764 4.492323 0.038963
v 2.788007 4.492323 0.026838
v 2.788007 4.443834 0.026838
v 2.782000 4.492323 0.013681
v 2.782000 4.443834 0.013681
v 2.779971 4.492323 -0.000001
v 2.779971 4.443834 -0.000001
v 2.782000 4.492323 -0.013683
v 2.782000 4.443834 -0.013683
v 2.788007 4.492323 -0.026839
v 2.788007 4.443834 -0.026839
v 2.797764 4.492323 -0.038964
v 2.797764 4.443834 -0.038964
v 2.810894 4.492323 -0.049591
v 2.810894 4.443834 -0.049591
v 2.826893 4.492323 -0.058313
v 2.826893 4.443834 -0.058313
v 2.845147 4.492323 -0.064794
v 2.845147 4.443834 -0.064794
v 2.864953 4.492323 -0.068785
v 2.864953 4.443834 -0.068785
v 2.885550 4.492323 -0.070133
v 2.885550 4.443834 -0.070133
v 2.906148 4.492323 -0.068785
v 2.906148 4.443834 -0.068785
v 2.925954 4.492323 -0.064794
v 2.925954 4.443834 -0.064794
v 2.944207 4.492323 -0.058313
v 2.944207 4.443834 -0.058313
v 2.960207 4.492323 -0.049591
v 2.960207 4.443834 -0.049591
v 2.973337 4.492323 -0.038964
v 2.973337 4.443834 -0.038964
v 2.983094 4.492323 -0.026839
v 2.983094 4.443834 -0.026839
v 2.989101 4.492323 -0.013683
v 2.989101 4.443834 -0.013683
v 2.991130 4.492323 -0.000001
v 2.991130 4.443834 -0.000001
v 2.989101 4.492323 0.013681
v 2.989101 4.443834 0.013681
v 2.983094 4.492323 0.026838
v 2.983094 4.443834 0.026838
v 2.973337 4.492323 0.038963
v 2.973337 4.443834 0.038963
v 2.960207 4.492323 0.049590
v 2.960207 4.443834 0.049590
v 2.944207 4.492323 0.058312
v 2.944207 4.443834 0.058312
v 2.925954 4.492323 0.064793
v 2.925954 4.443834 0.064793
v 2.798147 4.815098 0.016737
v 2.796434 4.814685 -0.000001
v 2.845147 4.443834 0.064793
v 2.845147 4.492323 0.064793
v 2.906148 4.443834 0.068784
v 2.906148 4.492323 0.068784
v 2.885550 4.492323 0.070131
v 2.885550 4.443834 0.070131
v 2.864953 4.443834 0.068784
v 2.864953 4.492323 0.068784
v 2.885550 4.443834 0.070131
v 2.885550 4.492323 0.070131
v 2.734899 5.514164 0.058311
v 2.734899 5.562653 0.058311
v 2.718900 5.562653 0.049590
v 2.718900 5.514164 0.049590
v 2.696013 5.514164 0.026837
v 2.690006 5.514164 0.013681
v 2.690162 5.306061 0.013681
v 2.696161 5.305986 0.026837
v 2.705770 5.514164 0.038962
v 2.705770 5.562653 0.038962
v 2.696013 5.562653 0.026837
v 2.690006 5.562653 0.013681
v 2.687977 5.562653 -0.000001
v 2.687977 5.514164 -0.000001
v 2.690006 5.562653 -0.013683
v 2.690006 5.514164 -0.013683
v 2.696013 5.562653 -0.026839
v 2.696013 5.514164 -0.026839
v 2.705770 5.562653 -0.038964
v 2.705770 5.514164 -0.038964
v 2.718900 5.562653 -0.049592
v 2.718900 5.514164 -0.049592
v 2.734899 5.562653 -0.058314
v 2.734899 5.514164 -0.058314
v 2.753153 5.562653 -0.064795
v 2.753153 5.514164 -0.064795
v 2.772959 5.562653 -0.068785
v 2.772959 5.514164 -0.068785
v 2.793556 5.562653 -0.070133
v 2.793556 5.514164 -0.070133
v 2.814154 5.562653 -0.068785
v 2.814154 5.514164 -0.068785
v 2.833960 5.562653 -0.064795
v 2.833960 5.514164 -0.064795
v 2.852213 5.562653 -0.058314
v 2.852213 5.514164 -0.058314
v 2.868213 5.562653 -0.049592
v 2.868213 5.514164 -0.049592
v 2.881343 5.562653 -0.038964
v 2.881343 5.514164 -0.038964
v 2.891099 5.562653 -0.026839
v 2.891099 5.514164 -0.026839
v 2.897107 5.562653 -0.013683
v 2.897107 5.514164 -0.013683
v 2.899136 5.562653 -0.000001
v 2.899136 5.514164 -0.000001
v 2.897107 5.562653 0.013681
v 2.897107 5.514164 0.013681
v 2.891099 5.562653 0.026837
v 2.891099 5.514164 0.026837
v 2.881343 5.562653 0.038962
v 2.881343 5.514164 0.038962
v 2.868213 5.562653 0.049590
v 2.868213 5.514164 0.049590
v 2.852213 5.562653 0.058312
v 2.852213 5.514164 0.058312
v 2.833960 5.562653 0.064792
v 2.833960 5.514164 0.064792
v 2.753155 5.848471 -0.064795
v 2.772960 5.848471 -0.068785
v 2.753153 5.514164 0.064792
v 2.753153 5.562653 0.064792
v 2.814154 5.514164 0.068783
v 2.814154 5.562653 0.068783
v 2.793556 5.562653 0.070131
v 2.793556 5.514164 0.070131
v 2.772959 5.514164 0.068783
v 2.772959 5.562653 0.068783
v 2.793556 5.514164 0.070131
v 2.793556 5.562653 0.070131
v 1.999046 2.768966 0.064794
v 2.018852 2.768966 0.068785
v 2.018851 3.036389 0.068785
v 1.999045 3.036389 0.064794
v 1.980793 2.768966 -0.058312
v 1.999046 2.768966 -0.064793
v 1.951663 2.768966 0.038963
v 1.941907 2.768966 0.026839
v 2.039450 2.768966 0.070132
v 2.145029 2.768966 0.000000
v 2.143001 2.768966 0.013682
v 2.039450 2.768966 -0.070132
v 2.060047 2.768966 -0.068784
v 1.933870 2.768966 0.000000
v 1.935899 2.768966 -0.013682
v 2.098106 2.768966 0.058313
v 2.079853 2.768966 0.064794
v 2.098107 2.768966 -0.058312
v 2.114106 2.768966 -0.049591
v 1.951663 2.768966 -0.038963
v 1.964794 2.768966 -0.049591
v 1.980793 2.768966 0.058313
v 1.964794 2.768966 0.049591
v 2.143001 2.768966 -0.013682
v 2.018852 2.768966 -0.068784
v 1.935899 2.768966 0.013682
v 2.127236 2.768966 0.038964
v 2.114106 2.768966 0.049591
v 2.136993 2.768966 0.026839
v 2.079853 2.768966 -0.064793
v 1.941907 2.768966 -0.026838
v 2.060047 2.768966 0.068785
v 2.039450 2.768966 0.070132
v 1.951662 3.036389 0.038963
v 1.964793 3.036389 0.049591
v 1.966618 3.149106 0.049591
v 1.953808 3.149768 0.038963
v 2.114105 3.036389 0.049591
v 2.098105 3.036389 0.058313
v 2.018851 3.036389 -0.068784
v 2.039449 3.036389 -0.070132
v 1.980792 3.036389 0.058313
v 2.079852 3.036389 0.064794
v 2.060046 3.036389 -0.068784
v 2.060046 3.036389 0.068785
v 2.079852 3.036389 -0.064793
v 2.039449 3.036389 0.070132
v 2.098105 3.036389 -0.058312
v 1.941906 3.036389 0.026839
v 2.114105 3.036389 -0.049591
v 1.935898 3.036389 0.013682
v 2.127235 3.036389 -0.038963
v 1.933869 3.036389 0.000000
v 2.136992 3.036389 -0.026838
v 1.935898 3.036389 -0.013682
v 2.142999 3.036389 -0.013682
v 1.941906 3.036389 -0.026838
v 2.145029 3.036389 0.000000
v 1.951662 3.036389 -0.038963
v 2.142999 3.036389 0.013682
v 1.964793 3.036389 -0.049591
v 2.136992 3.036389 0.026839
v 1.980792 3.036389 -0.058312
v 2.127235 3.036389 0.038964
v 1.999045 3.036389 -0.064793
v 2.039449 3.036389 0.070132
v 1.944290 3.150260 -0.026838
v 1.938429 3.150564 -0.013682
v 2.008855 3.190973 -0.013682
v 2.012086 3.189810 -0.026838
v 2.059544 3.144300 0.068785
v 2.039450 3.145339 0.070132
v 2.078866 3.143301 -0.064793
v 2.096673 3.142380 -0.058312
v 1.944290 3.150260 0.026839
v 2.112282 3.141573 -0.049591
v 1.938429 3.150564 0.013682
v 2.125091 3.140911 -0.038963
v 1.936450 3.150666 0.000000
v 2.134609 3.140418 -0.026838
v 2.140470 3.140115 -0.013682
v 2.142450 3.140013 0.000000
v 1.953808 3.149768 -0.038963
v 2.140470 3.140115 0.013682
v 1.966618 3.149106 -0.049591
v 2.134609 3.140418 0.026839
v 1.982226 3.148299 -0.058312
v 2.125091 3.140911 0.038964
v 2.000033 3.147378 -0.064793
v 2.039450 3.145339 0.070132
v 2.019355 3.146379 0.068785
v 2.112282 3.141573 0.049591
v 2.019355 3.146379 -0.068784
v 2.000033 3.147378 0.064794
v 2.096673 3.142380 0.058313
v 2.039450 3.145339 -0.070132
v 1.982226 3.148299 0.058313
v 2.078866 3.143301 0.064794
v 2.059544 3.144300 -0.068784
v 2.032997 3.182281 -0.058312
v 2.024394 3.185379 -0.049591
v 2.226350 3.174378 -0.049591
v 2.225703 3.170707 -0.058312
v 2.120226 3.150877 -0.013682
v 2.121317 3.150484 0.000000
v 2.017333 3.187921 -0.038963
v 2.120226 3.150877 0.013682
v 2.116995 3.152040 0.026839
v 2.111748 3.153929 0.038964
v 2.042813 3.178747 -0.064793
v 2.064540 3.170925 0.070132
v 2.053464 3.174913 0.068785
v 2.104688 3.156471 0.049591
v 2.053464 3.174913 -0.068784
v 2.042813 3.178747 0.064794
v 2.096084 3.159569 0.058313
v 2.064540 3.170925 -0.070132
v 2.032997 3.182281 0.058313
v 2.086268 3.163103 0.064794
v 2.075617 3.166937 -0.068784
v 2.024394 3.185379 0.049591
v 2.075617 3.166937 0.068785
v 2.086268 3.163103 -0.064793
v 2.017333 3.187921 0.038963
v 2.064540 3.170925 0.070132
v 2.096084 3.159569 -0.058312
v 2.012086 3.189810 0.026839
v 2.104688 3.156471 -0.049591
v 2.008855 3.190973 0.013682
v 2.111748 3.153929 -0.038963
v 2.007764 3.191365 0.000000
v 2.116995 3.152040 -0.026838
v 2.223330 3.157248 -0.070132
v 2.224164 3.161974 -0.068784
v 2.347060 3.166384 -0.068784
v 2.358047 3.162383 -0.070132
v 2.219385 3.134867 0.026839
v 2.219779 3.137106 0.038964
v 2.224964 3.166519 -0.064793
v 2.223330 3.157248 0.070132
v 2.224164 3.161974 0.068785
v 2.220310 3.140119 0.049591
v 2.224964 3.166519 0.064794
v 2.220958 3.143790 0.058313
v 2.225703 3.170707 0.058313
v 2.221696 3.147978 0.064794
v 2.222497 3.152522 -0.068784
v 2.226350 3.174378 0.049591
v 2.222497 3.152522 0.068785
v 2.221696 3.147978 -0.064793
v 2.226882 3.177391 0.038963
v 2.223330 3.157248 0.070132
v 2.220958 3.143790 -0.058312
v 2.227276 3.179629 0.026839
v 2.220311 3.140119 -0.049590
v 2.227519 3.181008 0.013682
v 2.219779 3.137106 -0.038963
v 2.227601 3.181473 0.000000
v 2.219385 3.134867 -0.026838
v 2.227519 3.181008 -0.013682
v 2.219142 3.133489 -0.013682
v 2.227276 3.179629 -0.026838
v 2.219060 3.133024 0.000000
v 2.226882 3.177391 -0.038963
v 2.219142 3.133489 0.013682
v 2.389338 3.150990 -0.058312
v 2.379601 3.154536 -0.064793
v 2.575809 3.183526 -0.064793
v 2.589967 3.180881 -0.058312
v 2.336494 3.170231 0.064794
v 2.326756 3.173776 0.058313
v 2.389338 3.150990 0.058313
v 2.379601 3.154536 0.064794
v 2.369035 3.158383 -0.068784
v 2.318222 3.176883 0.049591
v 2.369035 3.158383 0.068785
v 2.311217 3.179434 0.038963
v 2.358047 3.162383 0.070132
v 2.306012 3.181329 0.026839
v 2.397873 3.147883 -0.049590
v 2.302807 3.182496 0.013682
v 2.404877 3.145332 -0.038963
v 2.301725 3.182890 0.000000
v 2.410082 3.143437 -0.026838
v 2.302807 3.182496 -0.013682
v 2.413287 3.142270 -0.013682
v 2.306012 3.181329 -0.026838
v 2.414369 3.141876 0.000000
v 2.311217 3.179434 -0.038963
v 2.413287 3.142270 0.013682
v 2.318222 3.176883 -0.049590
v 2.410082 3.143437 0.026839
v 2.326756 3.173776 -0.058312
v 2.404877 3.145332 0.038964
v 2.336494 3.170231 -0.064793
v 2.358047 3.162383 0.070132
v 2.347060 3.166384 0.068785
v 2.397873 3.147883 0.049591
v 2.620129 3.175244 -0.026838
v 2.612561 3.176658 -0.038963
v 2.758501 3.221869 -0.038963
v 2.762119 3.219788 -0.026838
v 2.476382 3.202106 0.038964
v 2.468815 3.203520 0.026839
v 2.602377 3.178561 -0.049590
v 2.464155 3.204391 0.013682
v 2.462581 3.204685 0.000000
v 2.464155 3.204391 -0.013682
v 2.624788 3.174373 -0.013682
v 2.468815 3.203520 -0.026838
v 2.626362 3.174079 0.000000
v 2.476382 3.202106 -0.038963
v 2.624788 3.174373 0.013682
v 2.486566 3.200203 -0.049590
v 2.620129 3.175244 0.026839
v 2.498976 3.197884 -0.058312
v 2.612561 3.176658 0.038964
v 2.513134 3.195238 -0.064793
v 2.544472 3.189382 0.070132
v 2.528496 3.192368 0.068785
v 2.602377 3.178561 0.049591
v 2.528496 3.192368 -0.068784
v 2.513134 3.195238 0.064794
v 2.589967 3.180881 0.058313
v 2.544472 3.189382 -0.070132
v 2.498976 3.197884 0.058313
v 2.575809 3.183526 0.064794
v 2.560448 3.186397 -0.068784
v 2.486566 3.200203 0.049591
v 2.560447 3.186397 0.068785
v 2.544472 3.189382 0.070132
v 2.764347 3.218507 0.013683
v 2.765099 3.218074 0.000000
v 2.791635 3.244823 0.000000
v 2.791765 3.245288 0.013683
v 2.686790 3.263106 0.000000
v 2.687542 3.262673 -0.013682
v 2.764347 3.218507 -0.013682
v 2.689770 3.261392 -0.026838
v 2.693388 3.259311 -0.038963
v 2.698258 3.256511 -0.049590
v 2.762119 3.219788 0.026839
v 2.704191 3.253099 -0.058312
v 2.758501 3.221869 0.038964
v 2.710960 3.249206 -0.064793
v 2.725944 3.240590 0.070132
v 2.718306 3.244982 0.068785
v 2.753631 3.224669 0.049591
v 2.718306 3.244982 -0.068784
v 2.710960 3.249206 0.064794
v 2.747698 3.228081 0.058313
v 2.725945 3.240590 -0.070132
v 2.704191 3.253099 0.058313
v 2.740928 3.231973 0.064794
v 2.733583 3.236197 -0.068784
v 2.698258 3.256511 0.049591
v 2.733583 3.236197 0.068785
v 2.740928 3.231973 -0.064793
v 2.693388 3.259311 0.038964
v 2.725944 3.240590 0.070132
v 2.747698 3.228081 -0.058312
v 2.689770 3.261392 0.026839
v 2.753631 3.224669 -0.049590
v 2.687542 3.262673 0.013682
v 2.799718 3.273739 0.068785
v 2.798399 3.269018 0.070132
v 2.837162 3.262696 0.070132
v 2.848980 3.266570 0.068785
v 2.804023 3.289136 -0.038963
v 2.803181 3.286127 -0.049590
v 2.792150 3.246665 0.026839
v 2.802157 3.282460 -0.058312
v 2.792775 3.248901 0.038964
v 2.800987 3.278277 -0.064793
v 2.793616 3.251910 0.049591
v 2.799718 3.273739 -0.068784
v 2.800987 3.278277 0.064794
v 2.794641 3.255576 0.058313
v 2.798399 3.269018 -0.070132
v 2.802157 3.282460 0.058313
v 2.795810 3.259759 0.064794
v 2.797080 3.264298 -0.068784
v 2.803181 3.286127 0.049591
v 2.797079 3.264298 0.068785
v 2.795810 3.259759 -0.064793
v 2.804023 3.289136 0.038964
v 2.798399 3.269018 0.070132
v 2.794641 3.255576 -0.058312
v 2.804648 3.291372 0.026839
v 2.793616 3.251910 -0.049590
v 2.805032 3.292748 0.013682
v 2.792775 3.248901 -0.038963
v 2.805162 3.293213 0.000000
v 2.792150 3.246665 -0.026838
v 2.805032 3.292748 -0.013682
v 2.791765 3.245288 -0.013682
v 2.804648 3.291372 -0.026838
v 2.879998 3.276736 0.049591
v 2.870819 3.273727 0.058313
v 2.884726 3.188048 0.044196
v 2.896850 3.188091 0.037585
v 2.786790 3.246186 0.038964
v 2.794324 3.248655 0.049591
v 2.860344 3.270294 -0.064793
v 2.848980 3.266570 -0.068784
v 2.860344 3.270294 0.064794
v 2.803505 3.251664 0.058313
v 2.837162 3.262696 -0.070132
v 2.813978 3.255097 0.064794
v 2.825343 3.258822 -0.068784
v 2.825343 3.258822 0.068785
v 2.813978 3.255097 -0.064793
v 2.887533 3.279206 0.038964
v 2.837162 3.262696 0.070132
v 2.803505 3.251664 -0.058312
v 2.893131 3.281041 0.026839
v 2.794324 3.248655 -0.049590
v 2.896578 3.282171 0.013682
v 2.786790 3.246186 -0.038963
v 2.897742 3.282552 0.000000
v 2.781192 3.244351 -0.026838
v 2.896578 3.282171 -0.013682
v 2.777744 3.243221 -0.013682
v 2.893131 3.281041 -0.026838
v 2.776581 3.242840 0.000000
v 2.887533 3.279206 -0.038963
v 2.777744 3.243221 0.013683
v 2.879998 3.276736 -0.049590
v 2.781192 3.244351 0.026839
v 2.870819 3.273727 -0.058312
v 2.918746 3.188169 0.010370
v 2.914194 3.188153 0.020341
v 2.952031 2.880183 0.025023
v 2.957631 2.880203 0.012757
v 2.809657 3.187780 0.049108
v 2.824666 3.187834 0.052132
v 2.824666 3.187834 -0.052131
v 2.809657 3.187780 -0.049107
v 2.906801 3.188127 0.029531
v 2.840275 3.187889 0.053154
v 2.795824 3.187731 -0.044195
v 2.783700 3.187688 -0.037584
v 2.773750 3.187652 -0.029530
v 2.920284 3.188175 0.000000
v 2.766356 3.187626 -0.020340
v 2.918746 3.188169 -0.010369
v 2.761803 3.187610 -0.010369
v 2.914194 3.188153 -0.020340
v 2.760266 3.187604 0.000001
v 2.906801 3.188127 -0.029530
v 2.761803 3.187610 0.010370
v 2.896850 3.188091 -0.037584
v 2.766356 3.187626 0.020341
v 2.884726 3.188048 -0.044195
v 2.773750 3.187652 0.029531
v 2.870893 3.187999 -0.049107
v 2.840275 3.187889 0.053154
v 2.855884 3.187945 0.052132
v 2.783700 3.187688 0.037585
v 2.855884 3.187945 -0.052131
v 2.870893 3.187999 0.049108
v 2.795825 3.187731 0.044196
v 2.840275 3.187889 -0.053153
v 2.952031 2.880183 -0.025020
v 2.957631 2.880203 -0.012755
v 2.964643 2.411414 -0.012754
v 2.959043 2.411431 -0.025020
v 2.791508 2.879610 -0.046233
v 2.779269 2.879567 -0.036324
v 2.959522 2.880209 0.000001
v 2.770174 2.879534 -0.025020
v 2.764573 2.879514 -0.012755
v 2.762682 2.879508 0.000001
v 2.942936 2.880150 -0.036324
v 2.764573 2.879514 0.012757
v 2.930696 2.880107 -0.046233
v 2.770174 2.879534 0.025023
v 2.915782 2.880053 -0.054364
v 2.779269 2.879567 0.036327
v 2.898766 2.879993 -0.060406
v 2.861103 2.879858 0.065385
v 2.880303 2.879927 0.064129
v 2.791508 2.879610 0.046235
v 2.880303 2.879927 -0.064127
v 2.898766 2.879993 0.060408
v 2.806423 2.879663 0.054366
v 2.861103 2.879858 -0.065383
v 2.915782 2.880053 0.054366
v 2.823439 2.879724 0.060408
v 2.841902 2.879790 -0.064127
v 2.930696 2.880107 0.046235
v 2.841902 2.879790 0.064129
v 2.823439 2.879724 -0.060406
v 2.942936 2.880150 0.036327
v 2.861103 2.879858 0.065385
v 2.806423 2.879663 -0.054364
v 2.922792 2.411540 -0.054363
v 2.937707 2.411495 -0.046232
v 2.944490 2.104915 -0.046231
v 2.929577 2.104848 -0.054363
v 2.771578 2.411998 -0.012754
v 2.769687 2.412003 0.000002
v 2.949948 2.411458 -0.036324
v 2.771578 2.411998 0.012758
v 2.777179 2.411981 0.025023
v 2.786274 2.411953 0.036327
v 2.905776 2.411592 -0.060405
v 2.868111 2.411706 0.065386
v 2.887312 2.411648 0.064130
v 2.798515 2.411916 0.046236
v 2.887312 2.411648 -0.064126
v 2.905776 2.411592 0.060409
v 2.813430 2.411871 0.054367
v 2.868111 2.411705 -0.065382
v 2.922792 2.411540 0.054367
v 2.830446 2.411819 0.060409
v 2.848909 2.411763 -0.064126
v 2.937707 2.411495 0.046236
v 2.848909 2.411763 0.064130
v 2.830446 2.411819 -0.060405
v 2.949948 2.411458 0.036327
v 2.868111 2.411706 0.065386
v 2.813430 2.411871 -0.054363
v 2.959043 2.411431 0.025023
v 2.798515 2.411916 -0.046232
v 2.964643 2.411414 0.012758
v 2.786275 2.411953 -0.036324
v 2.966534 2.411408 0.000002
v 2.777179 2.411981 -0.025020
v 2.973315 2.105042 0.000002
v 2.971424 2.105034 0.012758
v 2.952867 0.656475 0.012759
v 2.954757 0.656484 0.000003
v 2.783979 2.104203 0.025024
v 2.793073 2.104243 0.036328
v 2.912563 2.104773 -0.060405
v 2.874902 2.104606 0.065387
v 2.894101 2.104691 0.064130
v 2.805312 2.104298 0.046236
v 2.894101 2.104691 -0.064126
v 2.912563 2.104773 0.060410
v 2.820226 2.104364 0.054367
v 2.874902 2.104606 -0.065382
v 2.929577 2.104848 0.054367
v 2.837240 2.104439 0.060410
v 2.855702 2.104521 -0.064126
v 2.944490 2.104915 0.046236
v 2.855702 2.104521 0.064130
v 2.837241 2.104439 -0.060405
v 2.956730 2.104969 0.036328
v 2.874902 2.104606 0.065387
v 2.820226 2.104364 -0.054363
v 2.965825 2.105009 0.025024
v 2.805312 2.104298 -0.046231
v 2.793073 2.104243 -0.036323
v 2.783979 2.104203 -0.025019
v 2.971424 2.105034 -0.012753
v 2.778378 2.104178 -0.012753
v 2.965825 2.105009 -0.025019
v 2.776488 2.104170 0.000002
v 2.956730 2.104969 -0.036323
v 2.778378 2.104178 0.012758
v 2.118435 0.649345 -0.026837
v 2.124443 0.649345 -0.013681
v 2.179314 -0.003351 -0.013679
v 2.173306 -0.003351 -0.026835
v 2.837144 0.655962 -0.064124
v 2.856344 0.656047 -0.065381
v 2.911216 0.003351 -0.065379
v 2.892016 0.003266 -0.064122
v 2.020892 0.649345 0.070133
v 2.041489 0.649345 0.068786
v 2.952867 0.656475 -0.012752
v 1.933106 0.649345 -0.038962
v 1.923349 0.649345 -0.026837
v 2.947267 0.656451 -0.025018
v 2.000294 0.649345 0.068786
v 2.020892 0.649345 0.070133
v 1.923349 0.649345 0.026840
v 1.933106 0.649345 0.038965
v 2.938172 0.656410 -0.036322
v 2.108678 0.649345 0.038965
v 2.118435 0.649345 0.026840
v 2.925933 0.656356 -0.046230
v 2.108678 0.649345 -0.038962
v 2.911020 0.656290 -0.054362
v 2.041489 0.649345 -0.068783
v 2.894005 0.656214 -0.060404
v 1.946236 0.649345 -0.049589
v 2.875543 0.656132 -0.064124
v 1.917341 0.649345 0.013683
v 2.095548 0.649345 0.049592
v 1.980488 0.649345 0.064795
v 2.818683 0.655880 -0.060404
v 2.061296 0.649345 -0.064792
v 2.801668 0.655805 -0.054362
v 1.962235 0.649345 -0.058311
v 2.786755 0.655739 -0.046230
v 2.079549 0.649345 0.058314
v 1.915313 0.649345 0.000001
v 2.774516 0.655684 -0.036322
v 2.765421 0.655644 -0.025018
v 1.962235 0.649345 0.058314
v 2.126472 0.649345 0.000001
v 2.759821 0.655619 -0.012752
v 2.079549 0.649345 -0.058311
v 2.757930 0.655611 0.000004
v 1.980488 0.649345 -0.064792
v 2.759821 0.655619 0.012759
v 2.061296 0.649345 0.064795
v 1.917341 0.649345 -0.013681
v 2.765421 0.655644 0.025025
v 2.774516 0.655684 0.036329
v 1.946236 0.649345 0.049592
v 2.856344 0.656047 0.065388
v 2.875543 0.656132 0.064131
v 2.124443 0.649345 0.013683
v 2.786754 0.655739 0.046237
v 2.894005 0.656214 0.060411
v 2.095548 0.649345 -0.049589
v 2.801668 0.655805 0.054369
v 2.911020 0.656290 0.054368
v 2.818683 0.655880 0.060411
v 2.925933 0.656356 0.046237
v 2.837144 0.655962 0.064131
v 2.938172 0.656410 0.036329
v 2.856344 0.656047 0.065388
v 2.947267 0.656451 0.025025
v 0.508189 -0.003351 0.013686
v 0.506161 -0.003351 0.000003
v 1.365364 0.002988 0.036331
v 1.356269 0.002948 0.025027
v 2.873554 0.003184 -0.060402
v 2.181343 -0.003351 0.000004
v 2.856540 0.003109 -0.054359
v 2.179314 -0.003351 0.013686
v 2.841626 0.003043 -0.046228
v 2.173306 -0.003351 0.026842
v 2.829387 0.002988 -0.036320
v 2.163550 -0.003351 0.038967
v 2.055166 -0.003351 0.068788
v 2.075763 -0.003351 0.070135
v 2.820293 0.002948 -0.025016
v 2.150420 -0.003351 0.049594
v 2.035360 -0.003351 0.064797
v 2.814692 0.002924 -0.012750
v 2.134420 -0.003351 0.058316
v 2.017107 -0.003351 0.058316
v 2.812801 0.002915 0.000006
v 2.116167 -0.003351 0.064797
v 2.001107 -0.003351 0.049594
v 2.814692 0.002924 0.012762
v 2.096361 -0.003351 0.068788
v 1.987977 -0.003351 0.038967
v 2.820293 0.002948 0.025027
v 2.075763 -0.003351 0.070135
v 1.978221 -0.003351 0.026842
v 2.829387 0.002988 0.036331
v 2.911216 0.003351 0.065390
v 2.930415 0.003436 0.064134
v 1.972213 -0.003351 0.013686
v 2.841626 0.003043 0.046239
v 2.948877 0.003518 0.060413
v 1.970184 -0.003351 0.000003
v 2.856540 0.003109 0.054371
v 2.965891 0.003594 0.054371
v 1.972213 -0.003351 -0.013679
v 2.873554 0.003184 0.060413
v 2.980804 0.003660 0.046239
v 1.978221 -0.003351 -0.026835
v 2.892016 0.003266 0.064134
v 2.993044 0.003714 0.036331
v 1.987977 -0.003351 -0.038960
v 2.911216 0.003351 0.065390
v 3.002138 0.003754 0.025027
v 2.001107 -0.003351 -0.049587
v 3.007738 0.003779 0.012761
v 2.017107 -0.003351 -0.058309
v 3.009629 0.003788 0.000006
v 2.035360 -0.003351 -0.064790
v 3.007738 0.003779 -0.012750
v 2.055166 -0.003351 -0.068781
v 3.002138 0.003754 -0.025016
v 2.075763 -0.003351 -0.070129
v 2.993044 0.003714 -0.036320
v 2.096361 -0.003351 -0.068781
v 2.980804 0.003660 -0.046228
v 2.116167 -0.003351 -0.064790
v 2.965891 0.003594 -0.054359
v 2.134420 -0.003351 -0.058309
v 2.948877 0.003518 -0.060402
v 2.150420 -0.003351 -0.049587
v 2.930415 0.003436 -0.064122
v 2.163550 -0.003351 -0.038960
v 0.615830 2.097903 0.064794
v 0.634083 2.097903 0.058313
v 0.650082 2.097903 0.049591
v 0.663213 2.097903 0.038964
v 0.672969 2.097903 0.026839
v 0.678977 2.097903 0.013682
v 0.681006 2.097903 0.000000
v 0.678977 2.097903 -0.013682
v 0.672969 2.097903 -0.026838
v 0.663213 2.097903 -0.038963
v 0.650083 2.097903 -0.049591
v 0.634083 2.097903 -0.058312
v 0.615830 2.097903 -0.064793
v 0.596024 2.097903 -0.068784
v 0.535023 2.097903 -0.064793
v 0.516769 2.097903 -0.058312
v 0.500770 2.097903 -0.049591
v 0.487640 2.097903 -0.038963
v 0.477883 2.097903 -0.026838
v 0.471875 2.097903 -0.013682
v 0.469847 2.097903 0.000000
v 0.471875 2.097903 0.013682
v 0.477883 2.097903 0.026839
v 0.487640 2.097903 0.038963
v 0.500770 2.097903 0.049591
v 0.516769 2.097903 0.058313
v 0.535023 2.097903 0.064794
v 0.554829 2.097903 0.068785
v 0.575426 2.097903 0.070132
v 0.487639 3.036389 0.038963
v 0.500769 3.036389 0.049591
v 0.502594 3.149106 0.049591
v 0.489785 3.149768 0.038963
v 0.650081 3.036389 0.049591
v 0.634082 3.036389 0.058313
v 0.554828 3.036389 -0.068784
v 0.575425 3.036389 -0.070132
v 0.516768 3.036389 0.058313
v 0.615829 3.036389 0.064794
v 0.596023 3.036389 -0.068784
v 0.596023 3.036389 0.068785
v 0.615829 3.036389 -0.064793
v 0.575425 3.036389 0.070132
v 0.634082 3.036389 -0.058312
v 0.477882 3.036389 0.026839
v 0.650082 3.036389 -0.049591
v 0.471874 3.036389 0.013682
v 0.663211 3.036389 -0.038963
v 0.469846 3.036389 0.000000
v 0.672968 3.036389 -0.026838
v 0.471874 3.036389 -0.013682
v 0.678976 3.036389 -0.013682
v 0.477882 3.036389 -0.026838
v 0.681005 3.036389 0.000000
v 0.487639 3.036389 -0.038963
v 0.678976 3.036389 0.013682
v 0.500769 3.036389 -0.049591
v 0.672968 3.036389 0.026839
v 0.516768 3.036389 -0.058312
v 0.663211 3.036389 0.038964
v 0.535022 3.036389 -0.064793
v 0.575425 3.036389 0.070132
v 0.480267 3.150260 -0.026838
v 0.474405 3.150564 -0.013682
v 0.544832 3.190973 -0.013682
v 0.548063 3.189810 -0.026838
v 0.595521 3.144300 0.068785
v 0.575426 3.145339 0.070132
v 0.614843 3.143301 -0.064793
v 0.632650 3.142380 -0.058312
v 0.480267 3.150260 0.026839
v 0.648259 3.141573 -0.049591
v 0.474405 3.150564 0.013682
v 0.661068 3.140911 -0.038963
v 0.472426 3.150666 0.000000
v 0.670586 3.140418 -0.026838
v 0.676447 3.140115 -0.013682
v 0.678426 3.140013 0.000000
v 0.489785 3.149768 -0.038963
v 0.676447 3.140115 0.013682
v 0.502594 3.149106 -0.049591
v 0.670586 3.140418 0.026839
v 0.518202 3.148299 -0.058312
v 0.661068 3.140911 0.038964
v 0.536010 3.147378 -0.064793
v 0.575426 3.145339 0.070132
v 0.555332 3.146379 0.068785
v 0.648258 3.141573 0.049591
v 0.555332 3.146379 -0.068784
v 0.536010 3.147378 0.064794
v 0.632650 3.142380 0.058313
v 0.575426 3.145339 -0.070132
v 0.518202 3.148299 0.058313
v 0.614843 3.143301 0.064794
v 0.595521 3.144300 -0.068784
v 0.568974 3.182281 -0.058312
v 0.560370 3.185379 -0.049591
v 0.762327 3.174378 -0.049591
v 0.761680 3.170707 -0.058312
v 0.656203 3.150877 -0.013682
v 0.657294 3.150484 0.000000
v 0.553309 3.187921 -0.038963
v 0.656203 3.150877 0.013682
v 0.652972 3.152040 0.026839
v 0.647725 3.153929 0.038964
v 0.578790 3.178747 -0.064793
v 0.600517 3.170925 0.070132
v 0.589441 3.174913 0.068785
v 0.640664 3.156471 0.049591
v 0.589441 3.174913 -0.068784
v 0.578790 3.178747 0.064794
v 0.632060 3.159569 0.058313
v 0.600517 3.170925 -0.070132
v 0.568974 3.182281 0.058313
v 0.622244 3.163103 0.064794
v 0.611594 3.166937 -0.068784
v 0.560370 3.185379 0.049591
v 0.611594 3.166937 0.068785
v 0.622244 3.163103 -0.064793
v 0.553309 3.187921 0.038963
v 0.600517 3.170925 0.070132
v 0.632060 3.159569 -0.058312
v 0.548063 3.189810 0.026839
v 0.640664 3.156471 -0.049591
v 0.544832 3.190973 0.013682
v 0.647725 3.153929 -0.038963
v 0.543741 3.191365 0.000000
v 0.652972 3.152040 -0.026838
v 0.759307 3.157248 -0.070132
v 0.760140 3.161974 -0.068784
v 0.883036 3.166384 -0.068784
v 0.894024 3.162383 -0.070132
v 0.755361 3.134867 0.026839
v 0.755756 3.137106 0.038964
v 0.760941 3.166519 -0.064793
v 0.759307 3.157248 0.070132
v 0.760140 3.161974 0.068785
v 0.756287 3.140119 0.049591
v 0.760941 3.166519 0.064794
v 0.756934 3.143790 0.058313
v 0.761679 3.170707 0.058313
v 0.757673 3.147978 0.064794
v 0.758474 3.152522 -0.068784
v 0.762327 3.174378 0.049591
v 0.758474 3.152522 0.068785
v 0.757673 3.147978 -0.064793
v 0.762858 3.177391 0.038963
v 0.759307 3.157248 0.070132
v 0.756934 3.143790 -0.058312
v 0.763252 3.179629 0.026839
v 0.756287 3.140119 -0.049590
v 0.763496 3.181008 0.013682
v 0.755756 3.137106 -0.038963
v 0.763578 3.181473 0.000000
v 0.755361 3.134867 -0.026838
v 0.763496 3.181008 -0.013682
v 0.755118 3.133489 -0.013682
v 0.763252 3.179629 -0.026838
v 0.755036 3.133024 0.000000
v 0.762858 3.177391 -0.038963
v 0.755118 3.133489 0.013682
v 0.925315 3.150990 -0.058312
v 0.915577 3.154536 -0.064793
v 1.111786 3.183526 -0.064793
v 1.125944 3.180881 -0.058312
v 0.872470 3.170231 0.064794
v 0.862733 3.173776 0.058313
v 0.925315 3.150990 0.058313
v 0.915577 3.154536 0.064794
v 0.905012 3.158383 -0.068784
v 0.854198 3.176883 0.049591
v 0.905012 3.158383 0.068785
v 0.847194 3.179434 0.038963
v 0.894024 3.162383 0.070132
v 0.841989 3.181329 0.026839
v 0.933850 3.147883 -0.049590
v 0.838784 3.182496 0.013682
v 0.940854 3.145332 -0.038963
v 0.837702 3.182890 0.000000
v 0.946059 3.143437 -0.026838
v 0.838784 3.182496 -0.013682
v 0.949264 3.142270 -0.013682
v 0.841989 3.181329 -0.026838
v 0.950346 3.141876 0.000000
v 0.847194 3.179434 -0.038963
v 0.949264 3.142270 0.013682
v 0.854198 3.176883 -0.049590
v 0.946059 3.143437 0.026839
v 0.862733 3.173776 -0.058312
v 0.940854 3.145332 0.038964
v 0.872470 3.170231 -0.064793
v 0.894024 3.162383 0.070132
v 0.883036 3.166384 0.068785
v 0.933850 3.147883 0.049591
v 1.156105 3.175244 -0.026838
v 1.148538 3.176658 -0.038963
v 1.294477 3.221869 -0.038963
v 1.298096 3.219788 -0.026838
v 1.012359 3.202106 0.038964
v 1.004791 3.203520 0.026839
v 1.138354 3.178561 -0.049590
v 1.000131 3.204391 0.013682
v 0.998558 3.204685 0.000000
v 1.000131 3.204391 -0.013682
v 1.160765 3.174373 -0.013682
v 1.004791 3.203520 -0.026838
v 1.162338 3.174079 0.000000
v 1.012359 3.202106 -0.038963
v 1.160765 3.174373 0.013682
v 1.022543 3.200203 -0.049590
v 1.156105 3.175244 0.026839
v 1.034952 3.197884 -0.058312
v 1.148538 3.176658 0.038964
v 1.049110 3.195238 -0.064793
v 1.080448 3.189382 0.070132
v 1.064472 3.192368 0.068785
v 1.138353 3.178561 0.049591
v 1.064472 3.192368 -0.068784
v 1.049110 3.195238 0.064794
v 1.125944 3.180881 0.058313
v 1.080448 3.189382 -0.070132
v 1.034952 3.197884 0.058313
v 1.111786 3.183526 0.064794
v 1.096424 3.186397 -0.068784
v 1.022543 3.200203 0.049591
v 1.096424 3.186397 0.068785
v 1.080448 3.189382 0.070132
v 1.300324 3.218507 0.013683
v 1.301076 3.218074 0.000000
v 1.327611 3.244823 0.000000
v 1.327741 3.245288 0.013683
v 1.222766 3.263106 0.000000
v 1.223518 3.262673 -0.013682
v 1.300324 3.218507 -0.013682
v 1.225747 3.261392 -0.026838
v 1.229365 3.259311 -0.038963
v 1.234234 3.256511 -0.049590
v 1.298096 3.219788 0.026839
v 1.240168 3.253099 -0.058312
v 1.294477 3.221869 0.038964
v 1.246937 3.249206 -0.064793
v 1.261921 3.240590 0.070132
v 1.254283 3.244982 0.068785
v 1.289608 3.224669 0.049591
v 1.254283 3.244982 -0.068784
v 1.246937 3.249206 0.064794
v 1.283675 3.228081 0.058313
v 1.261921 3.240590 -0.070132
v 1.240168 3.253099 0.058313
v 1.276905 3.231973 0.064794
v 1.269560 3.236197 -0.068784
v 1.234234 3.256511 0.049591
v 1.269560 3.236197 0.068785
v 1.276905 3.231973 -0.064793
v 1.229365 3.259311 0.038964
v 1.261921 3.240590 0.070132
v 1.283675 3.228081 -0.058312
v 1.225747 3.261392 0.026839
v 1.289608 3.224669 -0.049590
v 1.223518 3.262673 0.013682
v 1.335695 3.273739 0.068785
v 1.334376 3.269018 0.070132
v 1.373138 3.262696 0.070132
v 1.384957 3.266570 0.068785
v 1.339999 3.289136 -0.038963
v 1.339158 3.286127 -0.049590
v 1.328126 3.246665 0.026839
v 1.338133 3.282460 -0.058312
v 1.328751 3.248901 0.038964
v 1.336963 3.278277 -0.064793
v 1.329592 3.251910 0.049591
v 1.335695 3.273739 -0.068784
v 1.336963 3.278277 0.064794
v 1.330618 3.255576 0.058313
v 1.334376 3.269018 -0.070132
v 1.338133 3.282460 0.058313
v 1.331787 3.259759 0.064794
v 1.333056 3.264298 -0.068784
v 1.339158 3.286127 0.049591
v 1.333056 3.264298 0.068785
v 1.331787 3.259759 -0.064793
v 1.339999 3.289136 0.038964
v 1.334376 3.269018 0.070132
v 1.330618 3.255576 -0.058312
v 1.340625 3.291372 0.026839
v 1.329593 3.251910 -0.049590
v 1.341009 3.292748 0.013682
v 1.328751 3.248901 -0.038963
v 1.341139 3.293213 0.000000
v 1.328126 3.246665 -0.026838
v 1.341009 3.292748 -0.013682
v 1.327741 3.245288 -0.013682
v 1.340625 3.291372 -0.026838
v 1.415975 3.276736 0.049591
v 1.406795 3.273727 0.058313
v 1.420702 3.188048 0.044196
v 1.432827 3.188091 0.037585
v 1.322767 3.246186 0.038964
v 1.330301 3.248655 0.049591
v 1.396321 3.270294 -0.064793
v 1.384957 3.266570 -0.068784
v 1.396321 3.270294 0.064794
v 1.339481 3.251664 0.058313
v 1.373138 3.262696 -0.070132
v 1.349955 3.255097 0.064794
v 1.361320 3.258822 -0.068784
v 1.361319 3.258822 0.068785
v 1.349955 3.255097 -0.064793
v 1.423509 3.279206 0.038964
v 1.373138 3.262696 0.070132
v 1.339481 3.251664 -0.058312
v 1.429108 3.281041 0.026839
v 1.330301 3.248655 -0.049590
v 1.432555 3.282171 0.013682
v 1.322767 3.246186 -0.038963
v 1.433719 3.282552 0.000000
v 1.317169 3.244351 -0.026838
v 1.432555 3.282171 -0.013682
v 1.313721 3.243221 -0.013682
v 1.429108 3.281041 -0.026838
v 1.312557 3.242840 0.000000
v 1.423509 3.279206 -0.038963
v 1.313721 3.243221 0.013683
v 1.415975 3.276736 -0.049590
v 1.317169 3.244351 0.026839
v 1.406795 3.273727 -0.058312
v 1.454723 3.188169 0.010370
v 1.450171 3.188153 0.020341
v 1.488008 2.880183 0.025023
v 1.493608 2.880203 0.012757
v 1.345634 3.187780 0.049108
v 1.360643 3.187834 0.052132
v 1.360643 3.187834 -0.052131
v 1.345634 3.187780 -0.049107
v 1.442777 3.188127 0.029531
v 1.376252 3.187889 0.053154
v 1.331801 3.187731 -0.044195
v 1.319676 3.187688 -0.037584
v 1.309726 3.187652 -0.029530
v 1.456261 3.188175 0.000000
v 1.302333 3.187626 -0.020340
v 1.454723 3.188169 -0.010369
v 1.297780 3.187610 -0.010369
v 1.450171 3.188153 -0.020340
v 1.296242 3.187604 0.000001
v 1.442777 3.188127 -0.029530
v 1.297780 3.187610 0.010370
v 1.432827 3.188091 -0.037584
v 1.302333 3.187626 0.020341
v 1.420702 3.188048 -0.044195
v 1.309726 3.187652 0.029531
v 1.406870 3.187999 -0.049107
v 1.376252 3.187889 0.053154
v 1.391860 3.187945 0.052132
v 1.319676 3.187688 0.037585
v 1.391860 3.187945 -0.052131
v 1.406870 3.187999 0.049108
v 1.331801 3.187731 0.044196
v 1.376252 3.187889 -0.053153
v 1.488008 2.880183 -0.025020
v 1.493608 2.880203 -0.012755
v 1.500620 2.411414 -0.012754
v 1.495020 2.411431 -0.025020
v 1.327485 2.879610 -0.046233
v 1.315245 2.879567 -0.036324
v 1.495499 2.880209 0.000001
v 1.306150 2.879534 -0.025020
v 1.300549 2.879514 -0.012755
v 1.298658 2.879508 0.000001
v 1.478913 2.880150 -0.036324
v 1.300549 2.879514 0.012757
v 1.466673 2.880107 -0.046233
v 1.306150 2.879534 0.025023
v 1.451759 2.880053 -0.054364
v 1.315245 2.879567 0.036327
v 1.434742 2.879993 -0.060406
v 1.397079 2.879858 0.065385
v 1.416280 2.879927 0.064129
v 1.327485 2.879610 0.046235
v 1.416280 2.879927 -0.064127
v 1.434742 2.879993 0.060408
v 1.342400 2.879663 0.054366
v 1.397079 2.879858 -0.065383
v 1.451759 2.880053 0.054366
v 1.359416 2.879724 0.060408
v 1.377878 2.879790 -0.064127
v 1.466673 2.880107 0.046235
v 1.377878 2.879790 0.064129
v 1.359416 2.879724 -0.060406
v 1.478913 2.880150 0.036327
v 1.397079 2.879858 0.065385
v 1.342400 2.879663 -0.054364
v 1.458769 2.411540 -0.054363
v 1.473683 2.411495 -0.046232
v 1.480467 2.104915 -0.046231
v 1.465554 2.104848 -0.054363
v 1.307554 2.411998 -0.012754
v 1.305664 2.412003 0.000002
v 1.485924 2.411458 -0.036324
v 1.307554 2.411998 0.012758
v 1.313156 2.411981 0.025023
v 1.322251 2.411953 0.036327
v 1.441752 2.411592 -0.060405
v 1.404088 2.411706 0.065386
v 1.423289 2.411648 0.064130
v 1.334491 2.411916 0.046236
v 1.423289 2.411648 -0.064126
v 1.441752 2.411592 0.060409
v 1.349406 2.411871 0.054367
v 1.404088 2.411705 -0.065382
v 1.458769 2.411540 0.054367
v 1.366423 2.411819 0.060409
v 1.384886 2.411763 -0.064126
v 1.473683 2.411495 0.046236
v 1.384886 2.411763 0.064130
v 1.366423 2.411819 -0.060405
v 1.485924 2.411458 0.036327
v 1.404088 2.411706 0.065386
v 1.349406 2.411871 -0.054363
v 1.495020 2.411431 0.025023
v 1.334491 2.411916 -0.046232
v 1.500620 2.411414 0.012758
v 1.322251 2.411953 -0.036324
v 1.502511 2.411408 0.000002
v 1.313156 2.411981 -0.025020
v 1.509292 2.105042 0.000002
v 1.507401 2.105034 0.012758
v 1.488843 0.656475 0.012759
v 1.490734 0.656484 0.000003
v 1.319956 2.104203 0.025024
v 1.329050 2.104243 0.036328
v 1.448539 2.104773 -0.060405
v 1.410879 2.104606 0.065387
v 1.430077 2.104691 0.064130
v 1.341289 2.104298 0.046236
v 1.430077 2.104691 -0.064126
v 1.448539 2.104773 0.060410
v 1.356203 2.104364 0.054367
v 1.410879 2.104606 -0.065382
v 1.465554 2.104848 0.054367
v 1.373217 2.104439 0.060410
v 1.391679 2.104521 -0.064126
v 1.480467 2.104915 0.046236
v 1.391679 2.104521 0.064130
v 1.373217 2.104439 -0.060405
v 1.492707 2.104969 0.036328
v 1.410879 2.104606 0.065387
v 1.356202 2.104364 -0.054363
v 1.501801 2.105009 0.025024
v 1.341289 2.104298 -0.046231
v 1.329050 2.104243 -0.036323
v 1.319956 2.104203 -0.025019
v 1.507401 2.105034 -0.012753
v 1.314355 2.104178 -0.012753
v 1.501801 2.105009 -0.025019
v 1.312464 2.104170 0.000002
v 1.492707 2.104969 -0.036323
v 1.314355 2.104178 0.012758
v 0.654411 0.649345 -0.026837
v 0.660420 0.649345 -0.013681
v 0.715291 -0.003351 -0.013679
v 0.709283 -0.003351 -0.026835
v 1.373121 0.655962 -0.064124
v 1.392321 0.656047 -0.065381
v 1.447192 0.003351 -0.065379
v 1.427993 0.003266 -0.064122
v 0.556868 0.649345 0.070133
v 0.577466 0.649345 0.068786
v 1.488843 0.656475 -0.012752
v 0.469082 0.649345 -0.038962
v 0.459326 0.649345 -0.026837
v 1.483244 0.656451 -0.025018
v 0.536271 0.649345 0.068786
v 0.556868 0.649345 0.070133
v 0.459326 0.649345 0.026840
v 0.469082 0.649345 0.038965
v 1.474149 0.656410 -0.036322
v 0.644655 0.649345 0.038965
v 0.654411 0.649345 0.026840
v 1.461910 0.656356 -0.046230
v 0.644655 0.649345 -0.038962
v 1.446996 0.656290 -0.054362
v 0.577466 0.649345 -0.068783
v 1.429982 0.656214 -0.060404
v 0.482213 0.649345 -0.049589
v 1.411520 0.656132 -0.064124
v 0.453318 0.649345 0.013683
v 0.631525 0.649345 0.049592
v 0.516465 0.649345 0.064795
v 1.354660 0.655880 -0.060404
v 0.597272 0.649345 -0.064792
v 1.337645 0.655805 -0.054362
v 0.498212 0.649345 -0.058311
v 1.322731 0.655739 -0.046230
v 0.615525 0.649345 0.058314
v 0.451289 0.649345 0.000001
v 1.310493 0.655684 -0.036322
v 1.301398 0.655644 -0.025018
v 0.498212 0.649345 0.058314
v 0.662448 0.649345 0.000001
v 1.295797 0.655619 -0.012752
v 0.615526 0.649345 -0.058311
v 1.293906 0.655611 0.000004
v 0.516465 0.649345 -0.064792
v 1.295797 0.655619 0.012759
v 0.597272 0.649345 0.064795
v 0.453318 0.649345 -0.013681
v 1.301398 0.655644 0.025025
v 1.310492 0.655684 0.036329
v 0.482213 0.649345 0.049592
v 1.392321 0.656047 0.065388
v 1.411520 0.656132 0.064131
v 0.660420 0.649345 0.013683
v 1.322731 0.655739 0.046237
v 1.429982 0.656214 0.060411
v 0.631525 0.649345 -0.049589
v 1.337645 0.655805 0.054369
v 1.446996 0.656290 0.054368
v 1.354660 0.655880 0.060411
v 1.461910 0.656356 0.046237
v 1.373121 0.655962 0.064131
v 1.474149 0.656410 0.036329
v 1.392321 0.656047 0.065388
v 1.483244 0.656451 0.025025
v 0.514197 -0.003351 0.026842
v 1.409531 0.003184 -0.060402
v 0.717320 -0.003351 0.000004
v 1.392516 0.003109 -0.054359
v 0.715291 -0.003351 0.013686
v 1.377603 0.003043 -0.046228
v 0.709283 -0.003351 0.026842
v 1.365364 0.002988 -0.036320
v 0.699526 -0.003351 0.038967
v 0.591143 -0.003351 0.068788
v 0.611740 -0.003351 0.070135
v 1.356269 0.002948 -0.025016
v 0.686396 -0.003351 0.049594
v 0.571337 -0.003351 0.064797
v 1.350669 0.002924 -0.012750
v 0.670397 -0.003351 0.058316
v 0.553083 -0.003351 0.058316
v 1.348778 0.002915 0.000006
v 0.652144 -0.003351 0.064797
v 0.537084 -0.003351 0.049594
v 1.350669 0.002924 0.012762
v 0.632338 -0.003351 0.068788
v 0.523954 -0.003351 0.038967
v 0.611740 -0.003351 0.070135
v 1.447192 0.003351 0.065390
v 1.466391 0.003436 0.064134
v 1.377603 0.003043 0.046239
v 1.484853 0.003518 0.060413
v 1.392516 0.003109 0.054371
v 1.501868 0.003594 0.054371
v 0.508189 -0.003351 -0.013679
v 1.409531 0.003184 0.060413
v 1.516781 0.003660 0.046239
v 0.514197 -0.003351 -0.026835
v 1.427992 0.003266 0.064134
v 1.529021 0.003714 0.036331
v 0.523954 -0.003351 -0.038960
v 1.447192 0.003351 0.065390
v 1.538115 0.003754 0.025027
v 0.537084 -0.003351 -0.049587
v 1.543715 0.003779 0.012761
v 0.553083 -0.003351 -0.058309
v 1.545606 0.003788 0.000006
v 0.571337 -0.003351 -0.064790
v 1.543715 0.003779 -0.012750
v 0.591143 -0.003351 -0.068781
v 1.538115 0.003754 -0.025016
v 0.611740 -0.003351 -0.070129
v 1.529021 0.003714 -0.036320
v 0.632338 -0.003351 -0.068781
v 1.516781 0.003660 -0.046228
v 0.652144 -0.003351 -0.064790
v 1.501868 0.003594 -0.054359
v 0.670397 -0.003351 -0.058309
v 1.484853 0.003518 -0.060402
v 0.686396 -0.003351 -0.049587
v 1.466392 0.003436 -0.064122
v 0.699526 -0.003351 -0.038960
v 1.418570 3.540815 0.026838
v 1.408876 3.541068 0.038963
v 1.368145 3.466261 0.038963
v 1.377124 3.465385 0.026838
v 1.263372 3.544872 -0.058313
v 1.247476 3.545287 -0.049591
v 1.218766 3.546037 -0.013682
v 1.216751 3.546090 -0.000000
v 1.301187 3.543883 -0.068785
v 1.281508 3.544398 -0.064794
v 1.424539 3.540659 -0.013682
v 1.418570 3.540815 -0.026839
v 1.321653 3.543348 0.070132
v 1.342118 3.542813 0.068784
v 1.342118 3.542813 -0.068785
v 1.321653 3.543348 -0.070132
v 1.281508 3.544398 0.064793
v 1.301187 3.543883 0.068784
v 1.395830 3.541409 0.049590
v 1.234429 3.545628 -0.038964
v 1.224735 3.545882 -0.026839
v 1.379933 3.541825 -0.058313
v 1.361797 3.542299 -0.064794
v 1.247476 3.545287 0.049590
v 1.263372 3.544872 0.058312
v 1.426555 3.540606 -0.000000
v 1.408876 3.541068 -0.038964
v 1.395830 3.541409 -0.049591
v 1.234429 3.545628 0.038963
v 1.379933 3.541825 0.058312
v 1.424539 3.540659 0.013682
v 1.361797 3.542299 0.064793
v 1.321653 3.543348 0.070132
v 1.192047 3.483444 -0.013682
v 1.197576 3.482904 -0.026839
v 1.106868 3.446251 -0.026839
v 1.102363 3.447165 -0.013682
v 1.268393 3.475994 -0.068785
v 1.250165 3.477773 -0.064794
v 1.206556 3.482028 -0.038964
v 1.356060 3.467440 0.049590
v 1.218640 3.480849 0.049590
v 1.233365 3.479412 0.058312
v 1.368145 3.466261 -0.038964
v 1.356060 3.467440 -0.049591
v 1.341335 3.468877 0.058312
v 1.233365 3.479412 -0.058313
v 1.324536 3.470516 0.064793
v 1.250165 3.477773 0.064793
v 1.341335 3.468877 -0.058313
v 1.306307 3.472295 0.068784
v 1.218640 3.480849 -0.049591
v 1.190180 3.483626 -0.000000
v 1.287350 3.474145 0.070132
v 1.268393 3.475994 0.068784
v 1.324536 3.470516 -0.064794
v 1.192047 3.483444 0.013682
v 1.287350 3.474145 0.070132
v 1.306307 3.472295 -0.068785
v 1.377124 3.465385 -0.026839
v 1.197576 3.482904 0.026838
v 1.382654 3.464845 -0.013682
v 1.287350 3.474145 -0.070132
v 1.384521 3.464663 -0.000000
v 1.206556 3.482028 0.038963
v 1.382654 3.464845 0.013682
v 1.210305 3.425293 -0.064794
v 1.223992 3.422520 -0.058313
v 1.047067 3.394139 -0.058313
v 1.038264 3.397811 -0.064794
v 1.210305 3.425293 0.064793
v 1.223992 3.422520 0.058312
v 1.136026 3.440343 0.058312
v 1.149713 3.437570 0.064793
v 1.235989 3.420089 -0.049591
v 1.195454 3.428302 0.068784
v 1.136026 3.440343 -0.058313
v 1.124030 3.442774 -0.049591
v 1.100842 3.447473 -0.000000
v 1.180009 3.431432 0.070132
v 1.164564 3.434561 0.068784
v 1.114184 3.444769 -0.038964
v 1.102363 3.447165 0.013682
v 1.180009 3.431432 0.070132
v 1.195454 3.428302 -0.068785
v 1.253150 3.416612 -0.026839
v 1.245835 3.418094 -0.038964
v 1.106868 3.446251 0.026838
v 1.257655 3.415699 -0.013682
v 1.180009 3.431432 -0.070132
v 1.259177 3.415391 -0.000000
v 1.114184 3.444769 0.038963
v 1.257655 3.415699 0.013682
v 1.164564 3.434561 -0.068785
v 1.253150 3.416612 0.026838
v 1.124030 3.442774 0.049590
v 1.245835 3.418094 0.038963
v 1.149713 3.437570 -0.064794
v 1.235989 3.420089 0.049590
v 0.971734 3.425560 0.026838
v 0.968837 3.426769 0.013682
v 0.940143 3.427856 0.013682
v 0.939065 3.426499 0.026838
v 0.982773 3.420957 -0.049591
v 0.976440 3.423598 -0.038964
v 0.967859 3.427177 -0.000000
v 1.008844 3.410082 0.068784
v 1.018778 3.405938 0.070132
v 1.028712 3.401795 -0.068785
v 1.065821 3.386317 -0.026839
v 1.061116 3.388280 -0.038964
v 1.068718 3.385108 -0.013682
v 1.018778 3.405938 -0.070132
v 1.069697 3.384700 -0.000000
v 0.976440 3.423598 0.038963
v 1.068718 3.385108 0.013682
v 1.008844 3.410082 -0.068785
v 1.065821 3.386317 0.026838
v 0.982773 3.420957 0.049590
v 1.061116 3.388280 0.038963
v 0.999292 3.414067 -0.064794
v 0.971734 3.425560 -0.026839
v 1.054783 3.390921 0.049590
v 0.990489 3.417738 0.058312
v 1.054783 3.390921 -0.049591
v 1.047067 3.394139 0.058312
v 0.990489 3.417738 -0.058313
v 0.968837 3.426769 -0.013682
v 1.038264 3.397811 0.064793
v 0.999292 3.414067 0.064793
v 1.028711 3.401795 0.068784
v 1.018778 3.405938 0.070132
v 0.925278 3.409116 -0.068785
v 0.921587 3.404462 -0.070132
v 0.768125 3.414356 -0.070132
v 0.783816 3.417421 -0.068785
v 0.903032 3.381068 -0.013682
v 0.904109 3.382426 -0.026839
v 0.917897 3.399809 -0.068785
v 0.902668 3.380610 -0.000000
v 0.937317 3.424294 0.038963
v 0.903032 3.381068 0.013682
v 0.904109 3.382426 0.026838
v 0.934965 3.421328 0.049590
v 0.905857 3.384630 0.038963
v 0.928828 3.413590 -0.064794
v 0.937317 3.424294 -0.038964
v 0.939065 3.426499 -0.026839
v 0.908210 3.387596 0.049590
v 0.932098 3.417714 0.058312
v 0.905857 3.384630 -0.038963
v 0.908210 3.387596 -0.049591
v 0.911076 3.391211 0.058312
v 0.932098 3.417714 -0.058313
v 0.940143 3.427856 -0.013682
v 0.914347 3.395334 0.064793
v 0.928828 3.413590 0.064793
v 0.911076 3.391211 -0.058313
v 0.917896 3.399809 0.068784
v 0.934965 3.421328 -0.049591
v 0.940506 3.428315 -0.000000
v 0.921587 3.404462 0.070132
v 0.925278 3.409116 0.068784
v 0.914347 3.395334 -0.064794
v 0.921587 3.404462 0.070132
v 0.812808 3.423083 0.058312
v 0.824995 3.425463 0.049590
v 0.692261 3.461472 0.049590
v 0.676399 3.460992 0.058312
v 0.693822 3.399844 0.026838
v 0.689246 3.398951 0.013682
v 0.834996 3.427416 0.038963
v 0.701255 3.401295 0.038963
v 0.798904 3.420367 -0.064794
v 0.834996 3.427416 -0.038964
v 0.842428 3.428868 -0.026839
v 0.711257 3.403249 0.049590
v 0.701255 3.401295 -0.038963
v 0.711257 3.403249 -0.049591
v 0.723444 3.405630 0.058312
v 0.812808 3.423083 -0.058313
v 0.847006 3.429762 -0.013682
v 0.737348 3.408345 0.064793
v 0.798904 3.420367 0.064793
v 0.723444 3.405630 -0.058313
v 0.752436 3.411292 0.068784
v 0.824995 3.425463 -0.049591
v 0.848551 3.430064 -0.000000
v 0.768125 3.414356 0.070132
v 0.783816 3.417421 0.068784
v 0.737348 3.408345 -0.064794
v 0.847006 3.429762 0.013682
v 0.768125 3.414356 0.070132
v 0.752436 3.411292 -0.068785
v 0.693822 3.399844 -0.026839
v 0.842428 3.428868 0.026838
v 0.689246 3.398951 -0.013682
v 0.687700 3.398649 -0.000000
v 0.692261 3.461472 -0.049591
v 0.676399 3.460992 -0.058313
v 0.647953 3.510088 -0.058313
v 0.663943 3.510219 -0.049591
v 0.531212 3.456598 -0.038963
v 0.544230 3.456992 -0.049591
v 0.560092 3.457472 0.058312
v 0.544230 3.456992 0.049591
v 0.658303 3.460444 -0.064794
v 0.714952 3.462159 -0.026839
v 0.720909 3.462339 -0.013682
v 0.578188 3.458019 0.064793
v 0.658302 3.460444 0.064793
v 0.560092 3.457472 -0.058313
v 0.597825 3.458614 0.068784
v 0.722920 3.462400 -0.000000
v 0.618245 3.459232 0.070132
v 0.638666 3.459850 0.068784
v 0.578188 3.458019 -0.064794
v 0.705279 3.461866 -0.038963
v 0.720909 3.462339 0.013682
v 0.618245 3.459232 0.070132
v 0.597825 3.458614 -0.068785
v 0.521538 3.456305 -0.026839
v 0.714952 3.462159 0.026838
v 0.515582 3.456125 -0.013682
v 0.618245 3.459232 -0.070132
v 0.513570 3.456064 -0.000000
v 0.705279 3.461866 0.038963
v 0.515582 3.456125 0.013682
v 0.638666 3.459850 -0.068785
v 0.521538 3.456305 0.026838
v 0.531212 3.456598 0.038963
v 0.589334 3.509608 0.070132
v 0.609918 3.509776 0.068784
v 0.590574 3.633965 0.068784
v 0.569997 3.634174 0.070132
v 0.692819 3.510455 -0.013682
v 0.694847 3.510471 -0.000000
v 0.589334 3.509608 0.070132
v 0.568750 3.509439 0.068784
v 0.629712 3.509938 0.064793
v 0.530715 3.509128 -0.058313
v 0.548956 3.509277 -0.064794
v 0.677064 3.510326 -0.038963
v 0.692819 3.510455 0.013682
v 0.568750 3.509439 -0.068785
v 0.491852 3.508810 -0.026839
v 0.501603 3.508890 -0.038963
v 0.686815 3.510406 0.026838
v 0.485849 3.508760 -0.013682
v 0.589334 3.509608 -0.070132
v 0.483821 3.508744 -0.000000
v 0.677064 3.510326 0.038963
v 0.485849 3.508760 0.013682
v 0.609918 3.509776 -0.068785
v 0.491852 3.508810 0.026838
v 0.663943 3.510219 0.049590
v 0.501603 3.508890 0.038963
v 0.629712 3.509938 -0.064794
v 0.686815 3.510406 -0.026839
v 0.514726 3.508997 0.049591
v 0.647953 3.510088 0.058312
v 0.514726 3.508997 -0.049591
v 0.530715 3.509128 0.058312
v 0.548956 3.509277 0.064793
v 0.466547 3.635222 -0.013682
v 0.464520 3.635243 -0.000000
v 0.482367 3.718588 -0.000000
v 0.484342 3.718481 -0.013682
v 0.529633 3.634583 -0.064794
v 0.549420 3.634382 -0.068785
v 0.472549 3.635162 -0.026839
v 0.482296 3.635063 -0.038963
v 0.673448 3.633125 0.013682
v 0.667445 3.633187 0.026838
v 0.569997 3.634174 -0.070132
v 0.657698 3.633285 0.038963
v 0.466547 3.635222 0.013682
v 0.590575 3.633965 -0.068785
v 0.472549 3.635162 0.026838
v 0.644581 3.633418 0.049590
v 0.482296 3.635063 0.038963
v 0.610362 3.633765 -0.064794
v 0.657698 3.633285 -0.038963
v 0.667445 3.633187 -0.026839
v 0.495414 3.634930 0.049591
v 0.628597 3.633580 0.058312
v 0.495414 3.634930 -0.049591
v 0.511398 3.634768 0.058312
v 0.628597 3.633580 -0.058313
v 0.673448 3.633125 -0.013682
v 0.529633 3.634583 0.064793
v 0.610361 3.633765 0.064793
v 0.511398 3.634768 -0.058313
v 0.549420 3.634382 0.068784
v 0.644581 3.633418 -0.049591
v 0.675474 3.633105 -0.000000
v 0.569997 3.634174 0.070132
v 0.490191 3.718166 -0.026839
v 0.545472 3.770738 -0.013682
v 0.550379 3.769942 -0.026839
v 0.680127 3.707940 0.026838
v 0.670627 3.708452 0.038963
v 0.585159 3.713053 -0.070132
v 0.605213 3.711974 -0.068785
v 0.657844 3.709140 0.049590
v 0.624496 3.710935 -0.064794
v 0.670627 3.708452 -0.038963
v 0.680127 3.707940 -0.026839
v 0.642267 3.709979 0.058312
v 0.499690 3.717655 -0.038963
v 0.512474 3.716966 -0.049591
v 0.484342 3.718481 0.013682
v 0.642267 3.709979 -0.058313
v 0.685977 3.707625 -0.013682
v 0.490191 3.718166 0.026838
v 0.624496 3.710935 0.064793
v 0.528051 3.716128 -0.058313
v 0.499690 3.717655 0.038963
v 0.657844 3.709140 -0.049591
v 0.687951 3.707519 -0.000000
v 0.512474 3.716966 0.049591
v 0.605212 3.711974 0.068784
v 0.545822 3.715171 -0.064794
v 0.528051 3.716128 0.058312
v 0.685977 3.707625 0.013682
v 0.545822 3.715171 0.064793
v 0.585159 3.713053 0.070132
v 0.565106 3.714133 -0.068785
v 0.565106 3.714133 0.068784
v 0.585159 3.713053 0.070132
v 0.545472 3.770738 0.013682
v 0.550379 3.769942 0.026838
v 0.703370 3.812191 0.026838
v 0.701453 3.813498 0.013682
v 0.613224 3.759746 -0.068785
v 0.630047 3.757017 -0.070132
v 0.543816 3.771007 -0.000000
v 0.709714 3.744093 0.026838
v 0.701745 3.745385 0.038963
v 0.646870 3.754288 -0.068785
v 0.691021 3.747125 0.049590
v 0.558348 3.768649 0.038963
v 0.663046 3.751664 -0.064794
v 0.701745 3.745385 -0.038963
v 0.709714 3.744093 -0.026839
v 0.569072 3.766909 0.049591
v 0.677954 3.749245 0.058312
v 0.558348 3.768649 -0.038963
v 0.569072 3.766909 -0.049591
v 0.582140 3.764789 0.058312
v 0.677954 3.749245 -0.058313
v 0.714621 3.743296 -0.013682
v 0.597047 3.762371 0.064793
v 0.663045 3.751664 0.064793
v 0.582140 3.764789 -0.058313
v 0.613224 3.759746 0.068784
v 0.691021 3.747125 -0.049591
v 0.716278 3.743028 -0.000000
v 0.630047 3.757017 0.070132
v 0.646869 3.754288 0.068784
v 0.597047 3.762371 -0.064794
v 0.714621 3.743296 0.013682
v 0.630047 3.757017 0.070132
v 0.710669 3.807209 -0.049591
v 0.706481 3.810067 -0.038963
v 0.915112 3.824868 -0.038963
v 0.914725 3.821854 -0.049591
v 0.762472 3.771855 0.038963
v 0.758285 3.774712 0.049591
v 0.706481 3.810067 0.038963
v 0.741046 3.786478 -0.068784
v 0.747361 3.782167 -0.064794
v 0.762472 3.771855 -0.038963
v 0.765584 3.769731 -0.026838
v 0.710669 3.807209 0.049591
v 0.753183 3.778195 0.058312
v 0.715771 3.803727 0.058312
v 0.753183 3.778195 -0.058313
v 0.767499 3.768424 -0.013682
v 0.721592 3.799754 0.064793
v 0.747361 3.782167 0.064793
v 0.715771 3.803727 -0.058313
v 0.727908 3.795444 0.068784
v 0.758285 3.774712 -0.049591
v 0.768147 3.767982 -0.000000
v 0.734477 3.790961 0.070132
v 0.741045 3.786478 0.068784
v 0.721592 3.799754 -0.064794
v 0.767499 3.768424 0.013682
v 0.734477 3.790961 0.070132
v 0.727908 3.795444 -0.068784
v 0.703370 3.812191 -0.026838
v 0.765584 3.769731 0.026838
v 0.701453 3.813498 -0.013682
v 0.734477 3.790961 -0.070132
v 0.700808 3.813940 -0.000000
v 0.909407 3.780484 -0.000000
v 0.909466 3.780950 -0.013682
v 0.966291 3.782238 -0.013682
v 0.965244 3.781839 -0.000000
v 0.914253 3.818182 0.058312
v 0.914725 3.821854 0.049591
v 0.911329 3.795444 -0.064794
v 0.910792 3.791254 -0.058313
v 0.909644 3.782329 -0.026838
v 0.913714 3.813992 0.064793
v 0.910792 3.791254 0.058312
v 0.911329 3.795444 0.064793
v 0.914253 3.818182 -0.058313
v 0.913129 3.809446 0.068784
v 0.910319 3.787582 -0.049591
v 0.912523 3.804718 0.070132
v 0.911915 3.799990 0.068784
v 0.913714 3.813992 -0.064794
v 0.909932 3.784568 -0.038963
v 0.909466 3.780950 0.013682
v 0.912523 3.804718 0.070132
v 0.913129 3.809446 -0.068785
v 0.915400 3.827107 -0.026838
v 0.909644 3.782329 0.026838
v 0.915577 3.828486 -0.013682
v 0.912523 3.804718 -0.070132
v 0.915639 3.828952 -0.000000
v 0.909932 3.784568 0.038963
v 0.915577 3.828486 0.013682
v 0.911915 3.799990 -0.068785
v 0.915400 3.827107 0.026838
v 0.910319 3.787582 0.049591
v 0.915112 3.824868 0.038963
v 1.030381 3.806654 -0.068785
v 1.040606 3.810550 -0.064794
v 1.180916 3.782752 -0.064794
v 1.163485 3.780592 -0.068785
v 1.019750 3.802603 0.070132
v 1.030381 3.806654 0.068784
v 0.998890 3.794658 0.064793
v 1.009115 3.798553 0.068784
v 1.050029 3.814139 -0.058313
v 0.981207 3.787921 -0.049591
v 0.974429 3.785339 -0.038963
v 0.966291 3.782238 0.013682
v 1.019750 3.802603 0.070132
v 1.070104 3.821787 -0.026839
v 1.065067 3.819868 -0.038963
v 0.969393 3.783420 0.026838
v 1.073205 3.822969 -0.013682
v 1.019750 3.802603 -0.070132
v 1.074254 3.823367 -0.000000
v 0.974429 3.785339 0.038963
v 1.073205 3.822969 0.013682
v 1.009115 3.798553 -0.068785
v 1.070104 3.821787 0.026838
v 0.981207 3.787921 0.049590
v 1.065067 3.819868 0.038963
v 0.998890 3.794657 -0.064794
v 0.969393 3.783420 -0.026839
v 1.058289 3.817286 0.049590
v 0.989468 3.791067 0.058312
v 1.058289 3.817286 -0.049591
v 1.050029 3.814139 0.058312
v 0.989468 3.791067 -0.058313
v 1.040606 3.810550 0.064793
v 1.068106 3.768772 0.038963
v 1.059520 3.767708 0.026838
v 1.145450 3.740324 0.026838
v 1.154817 3.740950 0.038963
v 1.231200 3.788984 -0.026839
v 1.222614 3.787920 -0.038963
v 1.054232 3.767053 0.013682
v 1.236487 3.789639 -0.013682
v 1.145361 3.778346 -0.070132
v 1.238274 3.789860 -0.000000
v 1.236487 3.789639 0.013682
v 1.127234 3.776099 -0.068785
v 1.231200 3.788984 0.026838
v 1.079660 3.770204 0.049590
v 1.222614 3.787920 0.038963
v 1.109803 3.773940 -0.064794
v 1.068106 3.768772 -0.038963
v 1.059520 3.767708 -0.026839
v 1.211059 3.786488 0.049590
v 1.093741 3.771949 0.058312
v 1.211059 3.786488 -0.049591
v 1.196978 3.784743 0.058312
v 1.093741 3.771949 -0.058313
v 1.054232 3.767053 -0.013682
v 1.180916 3.782752 0.064793
v 1.109804 3.773940 0.064793
v 1.196978 3.784743 -0.058313
v 1.163485 3.780592 0.068784
v 1.079660 3.770204 -0.049591
v 1.052447 3.766831 -0.000000
v 1.145361 3.778346 0.070132
v 1.127234 3.776099 0.068784
v 1.145361 3.778346 0.070132
v 1.200310 3.743992 -0.064794
v 1.219327 3.745263 -0.068785
v 1.283304 3.695631 -0.068785
v 1.263508 3.695775 -0.064794
v 1.338527 3.753232 0.013682
v 1.340476 3.753362 -0.000000
v 1.239105 3.746585 -0.070132
v 1.332758 3.752846 0.026838
v 1.167423 3.741793 0.049590
v 1.323390 3.752220 0.038963
v 1.154817 3.740950 -0.038963
v 1.145450 3.740324 -0.026839
v 1.310784 3.751377 0.049590
v 1.182785 3.742820 0.058312
v 1.323390 3.752220 -0.038963
v 1.310784 3.751377 -0.049591
v 1.295421 3.750350 0.058312
v 1.182786 3.742820 -0.058313
v 1.139681 3.739938 -0.013682
v 1.277896 3.749179 0.064793
v 1.200311 3.743992 0.064793
v 1.295421 3.750350 -0.058313
v 1.258879 3.747907 0.068784
v 1.167423 3.741793 -0.049591
v 1.137732 3.739808 -0.000000
v 1.239105 3.746585 0.070132
v 1.219328 3.745263 0.068784
v 1.277896 3.749179 -0.064794
v 1.139681 3.739938 0.013682
v 1.239105 3.746585 0.070132
v 1.258879 3.747907 -0.068785
v 1.332758 3.752846 -0.026839
v 1.338527 3.753232 -0.013682
v 1.263508 3.695775 0.064793
v 1.245264 3.695908 0.058312
v 1.261227 3.658696 0.058312
v 1.279457 3.658907 0.064793
v 1.216150 3.696119 -0.038963
v 1.206398 3.696189 -0.026839
v 1.378510 3.694939 0.049590
v 1.391634 3.694844 0.038963
v 1.229272 3.696023 0.049590
v 1.391634 3.694844 -0.038963
v 1.378510 3.694939 -0.049591
v 1.362517 3.695055 0.058312
v 1.245265 3.695907 -0.058313
v 1.200393 3.696234 -0.013682
v 1.344275 3.695188 0.064793
v 1.362517 3.695055 -0.058313
v 1.324478 3.695332 0.068784
v 1.229272 3.696023 -0.049591
v 1.198364 3.696248 -0.000000
v 1.303893 3.695481 0.070132
v 1.283304 3.695631 0.068784
v 1.344275 3.695188 -0.064794
v 1.200393 3.696234 0.013682
v 1.303893 3.695481 0.070132
v 1.324478 3.695332 -0.068785
v 1.401386 3.694773 -0.026839
v 1.206398 3.696190 0.026838
v 1.407391 3.694729 -0.013682
v 1.303893 3.695481 -0.070132
v 1.409419 3.694714 -0.000000
v 1.216150 3.696119 0.038963
v 1.407391 3.694729 0.013682
v 1.401386 3.694773 0.026838
v 1.407485 3.660387 -0.038963
v 1.394372 3.660235 -0.049591
v 1.378391 3.660050 -0.058313
v 1.340381 3.659611 0.068784
v 1.360162 3.659840 0.064793
v 1.261228 3.658696 -0.058313
v 1.245248 3.658511 -0.049591
v 1.216390 3.658178 -0.013682
v 1.214363 3.658154 -0.000000
v 1.319811 3.659373 0.070132
v 1.299239 3.659136 0.068784
v 1.360162 3.659840 -0.064794
v 1.232135 3.658360 -0.038963
v 1.216390 3.658178 0.013682
v 1.319811 3.659373 0.070132
v 1.340381 3.659611 -0.068785
v 1.222391 3.658248 0.026838
v 1.319811 3.659373 -0.070132
v 1.425257 3.660592 -0.000000
v 1.232135 3.658360 0.038963
v 1.423230 3.660568 0.013682
v 1.299238 3.659136 -0.068785
v 1.417230 3.660500 0.026838
v 1.245248 3.658511 0.049590
v 1.407485 3.660387 0.038963
v 1.279457 3.658907 -0.064794
v 1.222391 3.658247 -0.026839
v 1.394371 3.660235 0.049590
v 1.378391 3.660050 0.058312
v 2.935069 4.848081 0.071337
v 2.948574 4.851334 0.060667
v 2.954308 4.900243 0.084319
v 2.942967 4.894565 0.099149
v 2.836043 4.824226 -0.071338
v 2.851450 4.827938 -0.079267
v 2.972965 4.857209 -0.016739
v 2.974677 4.857622 -0.000001
v 2.798147 4.815098 -0.016739
v 2.803218 4.816319 -0.032834
v 2.868169 4.831965 -0.084149
v 2.885556 4.836154 -0.085798
v 2.902942 4.840342 -0.084149
v 2.919661 4.844369 -0.079267
v 2.851450 4.827938 0.079265
v 2.836043 4.824226 0.071337
v 2.972965 4.857209 0.016738
v 2.885556 4.836154 0.085796
v 2.868169 4.831965 0.084148
v 2.935069 4.848081 -0.071338
v 2.948574 4.851334 -0.060668
v 2.822537 4.820973 0.060667
v 2.811454 4.818303 0.047666
v 2.811454 4.818303 -0.047667
v 2.919661 4.844369 0.079265
v 2.803218 4.816319 0.032832
v 2.822537 4.820973 -0.060668
v 2.967893 4.855988 0.032832
v 2.959657 4.854004 -0.047667
v 2.967893 4.855988 -0.032834
v 2.902942 4.840342 0.084148
v 2.959657 4.854004 0.047666
v 2.885556 4.836154 0.085796
v 2.901392 4.873747 0.119245
v 2.915991 4.881058 0.116954
v 2.789165 4.871609 0.080888
v 2.789743 4.866048 0.082472
v 2.872753 4.859408 0.110168
v 2.859816 4.852930 0.099149
v 2.942967 4.894565 -0.099150
v 2.954308 4.900243 -0.084320
v 2.930030 4.888087 0.110168
v 2.848476 4.847251 -0.084320
v 2.859816 4.852930 -0.099150
v 2.826558 4.836277 -0.000001
v 2.827996 4.836997 -0.023264
v 2.886792 4.866437 0.116954
v 2.930029 4.888087 -0.110170
v 2.839170 4.842592 -0.066250
v 2.827996 4.836997 0.023263
v 2.901392 4.873747 0.119245
v 2.915991 4.881058 -0.116955
v 2.832254 4.839129 -0.045634
v 2.832254 4.839129 0.045633
v 2.963614 4.904903 -0.066250
v 2.970529 4.908366 -0.045634
v 2.901392 4.873747 -0.119247
v 2.974788 4.910498 -0.023264
v 2.839170 4.842592 0.066249
v 2.976225 4.911218 -0.000001
v 2.886792 4.866437 -0.116955
v 2.974788 4.910498 0.023263
v 2.848476 4.847251 0.084319
v 2.970529 4.908366 0.045633
v 2.872753 4.859408 -0.110170
v 2.963614 4.904903 0.066249
v 2.787007 4.892381 -0.031562
v 2.787281 4.889748 -0.045820
v 2.631491 4.852347 -0.029039
v 2.629121 4.853925 -0.020003
v 2.792206 4.842349 -0.045820
v 2.791838 4.845893 -0.058318
v 2.792648 4.838093 0.016089
v 2.792705 4.837545 -0.000001
v 2.789743 4.866048 0.082472
v 2.790321 4.860487 0.080888
v 2.789165 4.871609 -0.080889
v 2.788610 4.876956 -0.076196
v 2.792480 4.839715 -0.031562
v 2.792480 4.839715 0.031560
v 2.789743 4.866048 -0.082474
v 2.786839 4.894003 -0.016090
v 2.792206 4.842349 0.045819
v 2.786781 4.894551 -0.000001
v 2.790321 4.860487 -0.080889
v 2.786839 4.894003 0.016089
v 2.791838 4.845893 0.058317
v 2.787007 4.892382 0.031560
v 2.790876 4.855141 -0.076196
v 2.787281 4.889748 0.045819
v 2.791388 4.850213 0.068573
v 2.787650 4.886203 -0.058318
v 2.787650 4.886203 0.058317
v 2.791388 4.850213 -0.068574
v 2.792648 4.838093 -0.016090
v 2.788099 4.881883 0.068573
v 2.790876 4.855141 0.076194
v 2.788099 4.881883 -0.068574
v 2.788610 4.876956 0.076194
v 2.627661 4.854897 0.010196
v 2.627168 4.855226 -0.000001
v 2.457389 4.849836 -0.000000
v 2.457417 4.849443 0.011551
v 2.652821 4.838144 -0.052269
v 2.647816 4.841476 -0.051264
v 2.627661 4.854897 -0.010198
v 2.674150 4.823940 0.029038
v 2.676521 4.822363 0.020001
v 2.657825 4.834811 -0.051264
v 2.670960 4.826065 0.036958
v 2.629121 4.853926 0.020001
v 2.662637 4.831607 -0.048290
v 2.631491 4.852347 0.029038
v 2.667072 4.828654 0.043459
v 2.634682 4.850223 -0.036960
v 2.634682 4.850223 0.036958
v 2.667072 4.828654 -0.043460
v 2.677980 4.821390 -0.010198
v 2.676521 4.822363 -0.020003
v 2.638569 4.847634 0.043459
v 2.662637 4.831607 0.048289
v 2.638569 4.847634 -0.043460
v 2.643004 4.844680 0.048289
v 2.670960 4.826065 -0.036960
v 2.678474 4.821062 -0.000001
v 2.647816 4.841476 0.051263
v 2.657825 4.834811 0.051263
v 2.643004 4.844680 -0.048290
v 2.652821 4.838144 0.052267
v 2.674150 4.823940 -0.029039
v 2.677980 4.821390 0.010196
v 2.652821 4.838144 0.052267
v 2.457634 4.846387 -0.032897
v 2.457815 4.843842 -0.041870
v 2.337468 4.842172 -0.041870
v 2.341756 4.844520 -0.032897
v 2.459864 4.814897 0.041869
v 2.460044 4.812352 0.032896
v 2.457500 4.848279 0.022659
v 2.459393 4.821537 -0.054706
v 2.459121 4.825377 -0.058075
v 2.457634 4.846387 0.032896
v 2.459644 4.817998 0.049233
v 2.457815 4.843842 0.041869
v 2.459644 4.817998 -0.049234
v 2.460261 4.809296 -0.011552
v 2.460178 4.810461 -0.022660
v 2.458034 4.840740 0.049233
v 2.459393 4.821537 0.054705
v 2.458034 4.840740 -0.049234
v 2.458284 4.837201 0.054705
v 2.459864 4.814897 -0.041870
v 2.460289 4.808902 -0.000001
v 2.458556 4.833362 0.058074
v 2.459121 4.825377 0.058074
v 2.458284 4.837201 -0.054706
v 2.458839 4.829369 0.059212
v 2.460044 4.812352 -0.032897
v 2.460261 4.809296 0.011551
v 2.458839 4.829369 0.059212
v 2.458556 4.833362 -0.058075
v 2.460178 4.810461 0.022659
v 2.457500 4.848278 -0.022660
v 2.458839 4.829369 -0.059213
v 2.457417 4.849443 -0.011552
v 2.279267 4.810312 -0.011552
v 2.278604 4.809948 -0.000001
v 2.087145 4.830466 -0.000000
v 2.087078 4.830860 -0.011552
v 2.341756 4.844520 0.032896
v 2.337468 4.842172 0.041869
v 2.293928 4.818338 -0.049234
v 2.299890 4.821601 -0.054706
v 2.281229 4.811386 -0.022660
v 2.332243 4.839312 0.049233
v 2.299890 4.821601 0.054705
v 2.293928 4.818338 0.049233
v 2.332243 4.839312 -0.049234
v 2.326281 4.836049 0.054705
v 2.288703 4.815477 -0.041870
v 2.319813 4.832508 0.058074
v 2.306358 4.825142 0.058074
v 2.326281 4.836049 -0.054706
v 2.313086 4.828825 0.059212
v 2.284415 4.813130 -0.032897
v 2.279267 4.810312 0.011551
v 2.313086 4.828825 0.059212
v 2.319813 4.832508 -0.058075
v 2.281229 4.811386 0.022659
v 2.344942 4.846264 -0.022660
v 2.313086 4.828825 -0.059213
v 2.346905 4.847339 -0.011552
v 2.284415 4.813130 0.032896
v 2.347568 4.847702 -0.000000
v 2.306358 4.825142 -0.058075
v 2.346905 4.847339 0.011551
v 2.288703 4.815477 0.041869
v 2.344943 4.846264 0.022659
v 2.082385 4.858748 -0.054706
v 2.083031 4.854911 -0.058075
v 1.975656 4.844171 -0.058075
v 1.962093 4.846416 -0.054706
v 2.082385 4.858748 0.054705
v 2.083031 4.854911 0.058074
v 2.084373 4.846931 0.058074
v 2.085019 4.843093 0.054705
v 2.081790 4.862285 -0.049234
v 2.083702 4.850921 0.059212
v 2.086564 4.833914 -0.032897
v 2.086136 4.836458 -0.041870
v 2.087078 4.830860 0.011551
v 2.083702 4.850921 0.059212
v 2.086882 4.832024 -0.022660
v 2.086882 4.832024 0.022659
v 2.080840 4.867929 -0.032897
v 2.080522 4.869818 -0.022660
v 2.083702 4.850921 -0.059213
v 2.080326 4.870983 -0.011552
v 2.086564 4.833914 0.032896
v 2.080260 4.871376 -0.000000
v 2.084373 4.846931 -0.058075
v 2.080326 4.870983 0.011551
v 2.086136 4.836458 0.041869
v 2.080523 4.869819 0.022659
v 2.085019 4.843093 -0.054706
v 2.080840 4.867929 0.032896
v 2.085614 4.839557 0.049233
v 2.081269 4.865384 -0.041870
v 2.081269 4.865384 0.041869
v 2.085614 4.839557 -0.049234
v 2.081790 4.862285 0.049233
v 2.056569 4.830777 0.022659
v 2.049888 4.831883 0.032896
v 2.047523 4.780240 0.026583
v 2.054178 4.780240 0.018311
v 2.056569 4.830777 -0.022660
v 2.049888 4.831883 -0.032897
v 2.060684 4.830096 0.011551
v 1.929638 4.851788 -0.032897
v 1.922957 4.852894 -0.022660
v 1.989763 4.841835 -0.059213
v 1.918841 4.853575 -0.011552
v 1.917450 4.853806 -0.000000
v 2.003871 4.839500 -0.058075
v 1.918841 4.853575 0.011551
v 2.040896 4.833371 0.041869
v 1.922955 4.852894 0.022659
v 2.017435 4.837255 -0.054706
v 1.929638 4.851788 0.032896
v 2.029937 4.835186 0.049233
v 1.938632 4.850299 -0.041870
v 1.938632 4.850299 0.041869
v 2.029937 4.835186 -0.049234
v 2.060684 4.830096 -0.011552
v 1.949589 4.848485 0.049233
v 2.017435 4.837255 0.054705
v 1.949589 4.848485 -0.049234
v 1.962093 4.846416 0.054705
v 2.040896 4.833371 -0.041870
v 2.062075 4.829865 -0.000000
v 1.975657 4.844171 0.058074
v 2.003871 4.839500 0.058074
v 1.989763 4.841835 0.059212
v 1.989763 4.841835 0.059212
v 2.001683 4.780241 -0.046930
v 2.015195 4.780240 -0.044207
v 2.014649 3.529201 -0.044209
v 2.001137 3.529201 -0.046932
v 1.916979 4.780243 -0.009335
v 1.915594 4.780243 -0.000000
v 1.987628 4.780241 -0.047850
v 1.916979 4.780243 0.009335
v 2.038566 4.780240 0.033834
v 1.921077 4.780242 0.018311
v 1.927734 4.780242 0.026583
v 2.027649 4.780240 0.039785
v 1.936694 4.780242 -0.033835
v 1.927734 4.780242 -0.026584
v 1.936694 4.780242 0.033834
v 2.027649 4.780240 -0.039786
v 2.058278 4.780239 -0.009335
v 2.054178 4.780240 -0.018311
v 1.947608 4.780242 0.039785
v 2.015195 4.780240 0.044207
v 1.947608 4.780242 -0.039786
v 1.960064 4.780242 0.044207
v 2.038566 4.780240 -0.033835
v 2.059664 4.780240 -0.000000
v 1.973576 4.780241 0.046930
v 2.001683 4.780241 0.046930
v 1.960064 4.780242 -0.044207
v 1.987628 4.780241 0.047849
v 2.047523 4.780240 -0.026584
v 2.058278 4.780239 0.009335
v 1.987628 4.780241 0.047849
v 1.973576 4.780241 -0.046930
v 1.921079 4.780243 -0.018311
v 2.027103 3.529201 0.039783
v 2.014649 3.529201 0.044205
v 2.017130 3.472115 0.050309
v 2.030718 3.473041 0.045277
v 1.920531 3.529203 0.018309
v 1.927188 3.529203 0.026582
v 2.038020 3.529201 0.033833
v 1.936148 3.529203 -0.033836
v 1.927188 3.529203 -0.026585
v 1.936148 3.529203 0.033833
v 2.027103 3.529201 -0.039787
v 2.057732 3.529200 -0.009337
v 2.053632 3.529200 -0.018313
v 1.947062 3.529203 0.039783
v 1.947062 3.529203 -0.039787
v 1.959518 3.529202 0.044205
v 2.038020 3.529201 -0.033836
v 2.059118 3.529200 -0.000002
v 1.973030 3.529202 0.046928
v 2.001137 3.529201 0.046928
v 1.959518 3.529202 -0.044209
v 1.987082 3.529202 0.047848
v 2.046977 3.529201 -0.026585
v 2.057732 3.529200 0.009333
v 1.987082 3.529202 0.047848
v 1.973030 3.529202 -0.046932
v 2.053632 3.529200 0.018309
v 1.920533 3.529203 -0.018313
v 1.987082 3.529202 -0.047851
v 1.916433 3.529203 -0.009337
v 2.046977 3.529201 0.026582
v 1.915048 3.529203 -0.000002
v 1.916433 3.529203 0.009333
v 2.864947 3.687022 0.068784
v 2.845141 3.687022 0.064793
v 2.835442 3.588444 0.064793
v 2.855148 3.587986 0.068784
v 2.991125 3.687022 -0.000001
v 2.989096 3.687022 -0.013683
v 2.973331 3.687022 -0.038964
v 2.960201 3.687022 -0.049591
v 2.788002 3.687022 0.026838
v 2.797759 3.687022 0.038963
v 2.810889 3.687022 -0.049591
v 2.797759 3.687022 -0.038964
v 2.944202 3.687022 0.058312
v 2.960201 3.687022 0.049590
v 2.779966 3.687022 -0.000001
v 2.781994 3.687022 0.013681
v 2.845141 3.687022 -0.064794
v 2.826888 3.687022 -0.058313
v 2.989096 3.687022 0.013681
v 2.788002 3.687022 -0.026839
v 2.781994 3.687022 -0.013683
v 2.885545 3.687022 -0.070133
v 2.864947 3.687022 -0.068785
v 2.925949 3.687022 0.064793
v 2.925949 3.687022 -0.064794
v 2.906142 3.687022 -0.068785
v 2.983088 3.687022 0.026838
v 2.885545 3.687022 0.070131
v 2.944202 3.687022 -0.058313
v 2.983088 3.687022 -0.026839
v 2.906142 3.687022 0.068784
v 2.973331 3.687022 0.038963
v 2.885545 3.687022 0.070131
v 1.914453 3.465111 -0.020841
v 1.921714 3.465606 -0.030256
v 1.988755 3.419298 -0.030256
v 1.983163 3.418125 -0.020841
v 1.943396 3.467085 -0.045281
v 1.931488 3.466274 -0.038508
v 1.943396 3.467085 0.045277
v 1.956985 3.468012 0.050309
v 2.042627 3.473854 -0.038508
v 2.030718 3.473041 -0.045281
v 2.065644 3.475425 -0.000002
v 2.064132 3.475321 -0.010626
v 1.971725 3.469018 0.053408
v 2.002390 3.471110 0.053408
v 1.956985 3.468012 -0.050313
v 1.987056 3.470064 0.054455
v 2.052398 3.474521 -0.030256
v 2.064132 3.475321 0.010622
v 1.987056 3.470064 0.054455
v 1.971725 3.469018 -0.053412
v 2.059659 3.475016 -0.020841
v 2.059659 3.475016 0.020838
v 1.987056 3.470064 -0.054458
v 1.909980 3.464806 -0.010626
v 2.052398 3.474521 0.030252
v 1.908469 3.464703 -0.000002
v 2.002390 3.471110 -0.053412
v 1.909980 3.464806 0.010622
v 2.042627 3.473854 0.038505
v 1.914451 3.465111 0.020838
v 2.017130 3.472115 -0.050313
v 1.921714 3.465606 0.030253
v 1.931488 3.466274 0.038505
v 1.979720 3.417402 0.010622
v 1.978556 3.417157 -0.000002
v 2.129577 3.378367 -0.000002
v 2.130286 3.378742 0.011993
v 2.039062 3.429860 -0.054458
v 2.027258 3.427382 -0.053412
v 1.979720 3.417402 -0.010626
v 2.089369 3.440422 0.030252
v 2.094959 3.441596 0.020838
v 2.050867 3.432338 -0.053412
v 2.081846 3.438843 0.038505
v 1.983163 3.418124 0.020838
v 2.062216 3.434721 -0.050313
v 1.988755 3.419298 0.030252
v 2.072677 3.436917 0.045277
v 1.996278 3.420878 -0.038508
v 1.996278 3.420878 0.038505
v 2.072677 3.436917 -0.045281
v 2.098403 3.442318 -0.010626
v 2.094959 3.441596 -0.020841
v 2.005447 3.422803 0.045277
v 2.062216 3.434721 0.050309
v 2.005447 3.422803 -0.045281
v 2.015909 3.424999 0.050309
v 2.081846 3.438843 -0.038508
v 2.099566 3.442563 -0.000002
v 2.027258 3.427382 0.053408
v 2.050867 3.432338 0.053408
v 2.015909 3.424999 -0.050313
v 2.039062 3.429860 0.054455
v 2.089369 3.440422 -0.030256
v 2.098403 3.442318 0.010622
v 2.039062 3.429860 0.054455
v 2.135795 3.381653 -0.034160
v 2.140381 3.384077 -0.043477
v 2.325095 3.376018 -0.043477
v 2.325577 3.373377 -0.034160
v 2.192549 3.411645 0.043473
v 2.197134 3.414069 0.034156
v 2.132385 3.379851 0.023526
v 2.180581 3.405321 -0.056804
v 2.173662 3.401664 -0.060303
v 2.135795 3.381653 0.034156
v 2.186960 3.408691 0.051119
v 2.140381 3.384077 0.043473
v 2.186960 3.408691 -0.051123
v 2.202643 3.416980 -0.011997
v 2.200543 3.415870 -0.023530
v 2.145972 3.387031 0.051119
v 2.180581 3.405321 0.056800
v 2.145972 3.387031 -0.051123
v 2.152350 3.390402 0.056800
v 2.192549 3.411645 -0.043477
v 2.203352 3.417355 -0.000002
v 2.159268 3.394058 0.060299
v 2.173662 3.401664 0.060299
v 2.152350 3.390402 -0.056804
v 2.166465 3.397861 0.061480
v 2.197134 3.414069 -0.034160
v 2.202643 3.416980 0.011993
v 2.166465 3.397861 0.061480
v 2.159268 3.394058 -0.060303
v 2.200543 3.415870 0.023526
v 2.132385 3.379852 -0.023530
v 2.166465 3.397861 -0.061485
v 2.130286 3.378742 -0.011997
v 2.318593 3.411861 -0.011997
v 2.318517 3.412270 -0.000002
v 2.409810 3.419816 -0.000002
v 2.410606 3.419450 -0.011997
v 2.325577 3.373377 0.034156
v 2.325095 3.376018 0.043473
v 2.320232 3.402832 -0.051123
v 2.320898 3.399160 -0.056804
v 2.318811 3.410653 -0.023530
v 2.324513 3.379236 0.051119
v 2.320897 3.399160 0.056800
v 2.320232 3.402832 0.051119
v 2.324513 3.379236 -0.051123
v 2.323847 3.382907 0.056800
v 2.319647 3.406050 -0.043477
v 2.323124 3.386891 0.060299
v 2.321620 3.395177 0.060299
v 2.323847 3.382907 -0.056805
v 2.322372 3.391033 0.061480
v 2.319166 3.408690 -0.034160
v 2.318593 3.411861 0.011993
v 2.322372 3.391033 0.061480
v 2.323124 3.386891 -0.060303
v 2.318811 3.410653 0.023526
v 2.325932 3.371415 -0.023530
v 2.322372 3.391033 -0.061485
v 2.326151 3.370206 -0.011997
v 2.319166 3.408690 0.034156
v 2.326226 3.369797 -0.000002
v 2.321620 3.395177 -0.060303
v 2.326151 3.370206 0.011993
v 2.319647 3.406050 0.043473
v 2.325933 3.371414 0.023526
v 2.466928 3.393518 -0.056805
v 2.459179 3.397085 -0.060303
v 2.595366 3.427212 -0.060303
v 2.608384 3.424575 -0.056805
v 2.466928 3.393518 0.056800
v 2.459179 3.397085 0.060299
v 2.443061 3.404507 0.060299
v 2.435312 3.408075 0.056800
v 2.474071 3.390229 -0.051123
v 2.451121 3.400796 0.061480
v 2.416772 3.416610 -0.034160
v 2.421910 3.414245 -0.043477
v 2.410606 3.419450 0.011993
v 2.451121 3.400796 0.061480
v 2.412956 3.418368 -0.023530
v 2.412956 3.418368 0.023526
v 2.485468 3.384981 -0.034160
v 2.489283 3.383224 -0.023530
v 2.451121 3.400796 -0.061485
v 2.491635 3.382141 -0.011997
v 2.416772 3.416610 0.034156
v 2.492429 3.381775 -0.000002
v 2.443061 3.404507 -0.060303
v 2.491635 3.382141 0.011993
v 2.421910 3.414245 0.043473
v 2.489285 3.383224 0.023526
v 2.435313 3.408074 -0.056805
v 2.485468 3.384981 0.034156
v 2.428171 3.411363 0.051119
v 2.480328 3.387347 -0.043477
v 2.480328 3.387347 0.043473
v 2.428171 3.411363 -0.051123
v 2.474071 3.390229 0.051119
v 2.649895 3.416164 -0.011997
v 2.645944 3.416964 -0.023530
v 2.793998 3.465676 -0.025924
v 2.798839 3.464941 -0.013217
v 2.517708 3.442948 -0.023531
v 2.524120 3.441648 -0.034160
v 2.517708 3.442948 0.023526
v 2.513758 3.443748 0.011992
v 2.639534 3.418263 -0.034160
v 2.581827 3.429956 -0.061485
v 2.524120 3.441648 0.034156
v 2.651230 3.415893 -0.000002
v 2.568286 3.432700 -0.060303
v 2.649895 3.416164 0.011992
v 2.532751 3.439900 0.043472
v 2.645947 3.416964 0.023526
v 2.555268 3.435338 -0.056805
v 2.639534 3.418263 0.034156
v 2.543269 3.437769 0.051119
v 2.630899 3.420012 -0.043477
v 2.630899 3.420012 0.043473
v 2.543269 3.437769 -0.051123
v 2.513758 3.443748 -0.011997
v 2.620385 3.422143 0.051119
v 2.555268 3.435338 0.056800
v 2.620385 3.422143 -0.051123
v 2.608384 3.424575 0.056800
v 2.532751 3.439900 -0.043477
v 2.512423 3.444019 -0.000002
v 2.595367 3.427212 0.060299
v 2.568286 3.432700 0.060299
v 2.581827 3.429956 0.061480
v 2.581827 3.429956 0.061480
v 2.794000 3.465676 0.025920
v 2.798839 3.464941 0.013213
v 2.958698 3.543727 0.013213
v 2.952902 3.543791 0.025920
v 2.644705 3.488353 0.037631
v 2.636847 3.489547 0.025920
v 2.800475 3.464692 -0.000002
v 2.698829 3.480132 -0.066438
v 2.715423 3.477612 -0.067740
v 2.655282 3.486747 0.047895
v 2.682876 3.482556 -0.062584
v 2.786141 3.466870 0.037631
v 2.668171 3.484790 0.056320
v 2.775560 3.468476 -0.047900
v 2.786141 3.466870 -0.037635
v 2.775561 3.468476 0.047896
v 2.668171 3.484790 -0.056324
v 2.632007 3.490283 -0.013217
v 2.636847 3.489547 -0.025924
v 2.762675 3.470434 0.056320
v 2.682875 3.482556 0.062579
v 2.762675 3.470434 -0.056324
v 2.747968 3.472668 0.062579
v 2.655282 3.486747 -0.047900
v 2.630371 3.490531 -0.000002
v 2.732016 3.475091 0.066434
v 2.698829 3.480132 0.066434
v 2.747968 3.472668 -0.062584
v 2.715424 3.477612 0.067735
v 2.644705 3.488353 -0.037635
v 2.632007 3.490283 0.013213
v 2.715424 3.477612 0.067735
v 2.732016 3.475091 -0.066438
v 2.963458 3.564263 -0.026839
v 2.969436 3.564125 -0.013683
v 2.958698 3.543727 -0.013217
v 2.952900 3.543791 -0.025924
v 2.819819 3.545257 -0.062584
v 2.838924 3.545046 -0.066439
v 2.943490 3.543895 0.037631
v 2.802208 3.545451 0.056319
v 2.786772 3.545620 0.047895
v 2.930820 3.544034 -0.047900
v 2.943490 3.543895 -0.037635
v 2.930820 3.544034 0.047895
v 2.802207 3.545451 -0.056324
v 2.758898 3.545928 -0.013217
v 2.764696 3.545863 -0.025925
v 2.915387 3.544204 0.056319
v 2.819818 3.545257 0.062579
v 2.915387 3.544204 -0.056324
v 2.897774 3.544398 0.062579
v 2.786772 3.545620 -0.047900
v 2.756939 3.545949 -0.000002
v 2.878669 3.544608 0.066434
v 2.838925 3.545046 0.066434
v 2.897774 3.544398 -0.062584
v 2.858799 3.544827 0.067735
v 2.774106 3.545760 -0.037636
v 2.758898 3.545928 0.013213
v 2.858799 3.544827 0.067735
v 2.878669 3.544608 -0.066439
v 2.764696 3.545863 0.025920
v 2.858798 3.544827 -0.067740
v 2.774106 3.545760 0.037631
v 2.960657 3.543705 -0.000002
v 2.896135 3.587036 0.068784
v 2.875641 3.587511 0.070131
v 2.866409 3.566514 0.070131
v 2.886902 3.566039 0.068784
v 2.934001 3.586158 -0.058313
v 2.915841 3.586579 -0.064794
v 2.801363 3.589234 -0.049591
v 2.788299 3.589536 -0.038964
v 2.770596 3.589947 -0.000001
v 2.772614 3.589900 0.013681
v 2.875641 3.587511 0.070131
v 2.896135 3.587036 -0.068785
v 2.972691 3.585261 -0.026839
v 2.962984 3.585486 -0.038964
v 2.778592 3.589761 0.026838
v 2.978668 3.585122 -0.013683
v 2.875641 3.587511 -0.070133
v 2.980687 3.585076 -0.000001
v 2.788299 3.589536 0.038963
v 2.978668 3.585122 0.013681
v 2.855148 3.587986 -0.068785
v 2.972691 3.585261 0.026838
v 2.801363 3.589234 0.049590
v 2.962984 3.585486 0.038963
v 2.835442 3.588444 -0.064794
v 2.778592 3.589761 -0.026839
v 2.949920 3.585789 0.049590
v 2.817281 3.588865 0.058312
v 2.949920 3.585789 -0.049591
v 2.934001 3.586158 0.058312
v 2.817281 3.588865 -0.058313
v 2.772614 3.589900 -0.013683
v 2.915841 3.586579 0.064793
v 2.953751 3.564489 -0.038964
v 2.826210 3.567446 0.064793
v 2.845915 3.566989 0.068784
v 2.924769 3.565161 -0.058313
v 2.906608 3.565582 -0.064794
v 2.792130 3.568236 -0.049591
v 2.779067 3.568539 -0.038964
v 2.761364 3.568949 -0.000001
v 2.763382 3.568902 0.013681
v 2.866409 3.566514 0.070131
v 2.886902 3.566039 -0.068785
v 2.769359 3.568764 0.026838
v 2.866409 3.566514 -0.070133
v 2.971455 3.564078 -0.000001
v 2.779067 3.568539 0.038963
v 2.969436 3.564125 0.013681
v 2.845915 3.566989 -0.068785
v 2.963458 3.564263 0.026838
v 2.792130 3.568236 0.049590
v 2.953751 3.564489 0.038963
v 2.826210 3.567446 -0.064794
v 2.769359 3.568764 -0.026839
v 2.940687 3.564792 0.049590
v 2.808049 3.567867 0.058312
v 2.940687 3.564792 -0.049591
v 2.924769 3.565161 0.058312
v 2.808049 3.567867 -0.058313
v 2.763382 3.568902 -0.013683
v 2.906608 3.565582 0.064793
v 1.345185 4.306797 -0.049592
v 1.360924 4.306138 -0.058313
v 1.317176 4.216704 -0.058313
v 1.301436 4.217362 -0.049592
v 1.378882 4.305387 -0.064794
v 1.520504 4.299460 0.013681
v 1.522500 4.299376 -0.000001
v 1.322669 4.307739 -0.026839
v 1.316758 4.307986 -0.013683
v 1.418631 4.303723 -0.070133
v 1.398367 4.304571 -0.068785
v 1.458380 4.302060 0.064793
v 1.476337 4.301308 0.058312
v 1.458380 4.302060 -0.064794
v 1.438895 4.302875 -0.068785
v 1.360924 4.306138 0.058312
v 1.378882 4.305387 0.064793
v 1.514593 4.299707 0.026838
v 1.398367 4.304571 0.068784
v 1.418631 4.303723 0.070131
v 1.492078 4.300650 -0.049592
v 1.476337 4.301308 -0.058313
v 1.332267 4.307337 0.038962
v 1.345185 4.306797 0.049590
v 1.514593 4.299707 -0.026839
v 1.504995 4.300109 -0.038964
v 1.438895 4.302875 0.068784
v 1.322669 4.307739 0.026838
v 1.504995 4.300109 0.038963
v 1.520504 4.299460 -0.013683
v 1.418631 4.303723 0.070131
v 1.492078 4.300650 0.049590
v 1.332267 4.307337 -0.038964
v 1.374882 4.214289 0.070131
v 1.354618 4.215137 0.068784
v 1.251387 4.131949 0.068784
v 1.267681 4.129056 0.070131
v 1.273009 4.218552 -0.013683
v 1.271014 4.218636 -0.000001
v 1.374882 4.214289 0.070131
v 1.395146 4.213441 0.068784
v 1.335133 4.215952 0.064793
v 1.432589 4.211874 -0.058313
v 1.414631 4.212626 -0.064794
v 1.288518 4.217903 -0.038964
v 1.273009 4.218552 0.013681
v 1.395146 4.213441 -0.068785
v 1.470845 4.210273 -0.026839
v 1.461246 4.210675 -0.038964
v 1.278920 4.218305 0.026838
v 1.476755 4.210026 -0.013683
v 1.374882 4.214289 -0.070133
v 1.478751 4.209942 -0.000001
v 1.288518 4.217903 0.038962
v 1.476755 4.210026 0.013681
v 1.354618 4.215137 -0.068785
v 1.470845 4.210273 0.026838
v 1.301436 4.217362 0.049590
v 1.461246 4.210675 0.038963
v 1.335133 4.215952 -0.064794
v 1.278920 4.218305 -0.026839
v 1.448329 4.211215 0.049590
v 1.317176 4.216704 0.058312
v 1.448329 4.211215 -0.049592
v 1.432589 4.211874 0.058312
v 1.414631 4.212626 0.064793
v 1.349597 4.114509 -0.013683
v 1.351202 4.114224 -0.000001
v 1.117941 4.057823 -0.000001
v 1.117203 4.058257 -0.013683
v 1.299644 4.123380 -0.064794
v 1.283975 4.126162 -0.068785
v 1.344845 4.115353 -0.026839
v 1.337126 4.116724 -0.038964
v 1.185765 4.143601 0.013681
v 1.190518 4.142757 0.026838
v 1.267682 4.129056 -0.070133
v 1.198236 4.141387 0.038962
v 1.349597 4.114509 0.013681
v 1.251387 4.131949 -0.068785
v 1.344845 4.115353 0.026838
v 1.208623 4.139543 0.049590
v 1.337126 4.116724 0.038963
v 1.235720 4.134731 -0.064794
v 1.198236 4.141387 -0.038964
v 1.190518 4.142757 -0.026839
v 1.326740 4.118568 0.049590
v 1.221280 4.137295 0.058312
v 1.326740 4.118568 -0.049592
v 1.314083 4.120816 0.058312
v 1.221280 4.137295 -0.058313
v 1.185765 4.143601 -0.013683
v 1.299644 4.123380 0.064793
v 1.235719 4.134731 0.064793
v 1.314083 4.120816 -0.058313
v 1.283975 4.126162 0.068784
v 1.208623 4.139543 -0.049592
v 1.184161 4.143887 -0.000001
v 1.267681 4.129056 0.070131
v 1.115016 4.059542 0.026838
v 1.111464 4.061628 0.038962
v 0.887489 4.050739 0.038962
v 0.887317 4.048500 0.026837
v 1.044001 4.101266 0.026837
v 1.047552 4.099180 0.038962
v 1.117203 4.058257 0.013681
v 1.079509 4.080404 -0.070133
v 1.072011 4.084810 -0.068785
v 1.052332 4.096372 0.049590
v 1.064801 4.089046 -0.064794
v 1.047552 4.099180 -0.038964
v 1.044001 4.101266 -0.026839
v 1.106685 4.064437 0.049590
v 1.058156 4.092950 0.058312
v 1.111464 4.061628 -0.038964
v 1.106685 4.064437 -0.049592
v 1.100861 4.067859 0.058312
v 1.058156 4.092950 -0.058313
v 1.041813 4.102551 -0.013683
v 1.094216 4.071763 0.064793
v 1.064801 4.089046 0.064793
v 1.100861 4.067859 -0.058313
v 1.087006 4.075999 0.068784
v 1.052332 4.096372 -0.049592
v 1.041075 4.102986 -0.000001
v 1.079509 4.080404 0.070131
v 1.072011 4.084810 0.068783
v 1.094216 4.071763 -0.064794
v 1.041813 4.102551 0.013681
v 1.079509 4.080404 0.070131
v 1.087006 4.075999 -0.068785
v 1.115016 4.059542 -0.026839
v 0.890867 4.094670 -0.013683
v 0.890762 4.093291 -0.026839
v 0.827888 4.101704 -0.026839
v 0.830770 4.102915 -0.013683
v 0.889404 4.075624 -0.068785
v 0.889753 4.080172 -0.064794
v 0.890589 4.091051 -0.038964
v 0.887721 4.053754 0.049590
v 0.890357 4.088036 0.049590
v 0.890075 4.084363 0.058312
v 0.887489 4.050739 -0.038964
v 0.887722 4.053754 -0.049592
v 0.888005 4.057428 0.058312
v 0.890075 4.084363 -0.058314
v 0.888327 4.061619 0.064793
v 0.889754 4.080172 0.064792
v 0.888005 4.057428 -0.058314
v 0.888676 4.066166 0.068783
v 0.890357 4.088036 -0.049592
v 0.890904 4.095136 -0.000001
v 0.889040 4.070895 0.070131
v 0.889404 4.075624 0.068783
v 0.888327 4.061619 -0.064794
v 0.890867 4.094670 0.013681
v 0.889040 4.070895 0.070131
v 0.888676 4.066166 -0.068785
v 0.887317 4.048500 -0.026839
v 0.890762 4.093291 0.026837
v 0.887211 4.047120 -0.013683
v 0.889040 4.070895 -0.070133
v 0.887174 4.046654 -0.000001
v 0.890589 4.091051 0.038962
v 0.887211 4.047120 0.013681
v 0.761718 4.073909 -0.064795
v 0.752962 4.070231 -0.058314
v 0.614130 4.106422 -0.058313
v 0.631508 4.107705 -0.064794
v 0.761718 4.073909 0.064792
v 0.752962 4.070231 0.058312
v 0.809236 4.093869 0.058311
v 0.800480 4.090191 0.064792
v 0.745287 4.067008 -0.049592
v 0.771218 4.077900 0.068783
v 0.809236 4.093869 -0.058314
v 0.816910 4.097093 -0.049592
v 0.831744 4.103323 -0.000001
v 0.781099 4.082050 0.070131
v 0.790979 4.086200 0.068783
v 0.823208 4.099739 -0.038964
v 0.830770 4.102915 0.013681
v 0.781099 4.082050 0.070131
v 0.771218 4.077900 -0.068785
v 0.734308 4.062396 -0.026839
v 0.738988 4.064363 -0.038964
v 0.827888 4.101704 0.026837
v 0.731426 4.061186 -0.013683
v 0.781099 4.082050 -0.070133
v 0.730452 4.060777 -0.000001
v 0.823208 4.099739 0.038962
v 0.731426 4.061186 0.013681
v 0.790979 4.086200 -0.068785
v 0.734308 4.062396 0.026837
v 0.816910 4.097093 0.049590
v 0.738988 4.064363 0.038962
v 0.800480 4.090191 -0.064795
v 0.745286 4.067008 0.049590
v 0.762836 4.117399 0.026837
v 0.768555 4.117821 0.013681
v 0.653904 4.176708 0.013681
v 0.648184 4.176286 0.026837
v 0.741047 4.115791 -0.049592
v 0.753547 4.116714 -0.038964
v 0.770487 4.117964 -0.000001
v 0.689582 4.111991 0.068783
v 0.669973 4.110544 0.070131
v 0.650363 4.109097 -0.068785
v 0.577109 4.103689 -0.026839
v 0.586398 4.104375 -0.038964
v 0.571390 4.103267 -0.013683
v 0.669973 4.110544 -0.070133
v 0.569458 4.103125 -0.000001
v 0.753547 4.116714 0.038962
v 0.571390 4.103267 0.013681
v 0.689582 4.111991 -0.068785
v 0.577109 4.103689 0.026837
v 0.741047 4.115791 0.049590
v 0.586398 4.104375 0.038962
v 0.708438 4.113383 -0.064794
v 0.762836 4.117399 -0.026839
v 0.598898 4.105298 0.049590
v 0.725816 4.114666 0.058312
v 0.598899 4.105298 -0.049592
v 0.614130 4.106422 0.058312
v 0.725816 4.114666 -0.058314
v 0.768555 4.117821 -0.013683
v 0.631508 4.107705 0.064793
v 0.708439 4.113383 0.064793
v 0.650363 4.109097 0.068783
v 0.669973 4.110544 0.070131
v 0.574931 4.170878 -0.068785
v 0.555322 4.169431 -0.070133
v 0.459317 4.226183 -0.070133
v 0.479909 4.226292 -0.068785
v 0.456739 4.162154 -0.013683
v 0.462458 4.162576 -0.026839
v 0.535712 4.167983 -0.068785
v 0.454807 4.162012 -0.000001
v 0.638896 4.175601 0.038962
v 0.456739 4.162154 0.013681
v 0.462458 4.162576 0.026837
v 0.626396 4.174678 0.049590
v 0.471747 4.163262 0.038962
v 0.593787 4.172270 -0.064794
v 0.638896 4.175601 -0.038964
v 0.648184 4.176286 -0.026839
v 0.484247 4.164185 0.049590
v 0.611165 4.173553 0.058312
v 0.471747 4.163262 -0.038964
v 0.484247 4.164185 -0.049592
v 0.499479 4.165308 0.058312
v 0.611165 4.173553 -0.058314
v 0.653904 4.176708 -0.013683
v 0.516856 4.166592 0.064793
v 0.593787 4.172270 0.064792
v 0.499479 4.165308 -0.058314
v 0.535712 4.167983 0.068783
v 0.626396 4.174678 -0.049592
v 0.655836 4.176850 -0.000001
v 0.555321 4.169431 0.070131
v 0.574931 4.170878 0.068783
v 0.516856 4.166592 -0.064794
v 0.555321 4.169431 0.070131
v 0.517958 4.226493 0.058311
v 0.533953 4.226578 0.049590
v 0.539886 4.332107 0.049590
v 0.523916 4.332329 0.058312
v 0.361800 4.225668 0.026837
v 0.355793 4.225636 0.013681
v 0.547080 4.226647 0.038962
v 0.371553 4.225720 0.038962
v 0.499710 4.226397 -0.064794
v 0.547080 4.226647 -0.038964
v 0.556834 4.226698 -0.026839
v 0.384680 4.225790 0.049590
v 0.371553 4.225720 -0.038964
v 0.384680 4.225790 -0.049592
v 0.400676 4.225874 0.058312
v 0.517958 4.226493 -0.058314
v 0.562840 4.226731 -0.013683
v 0.418924 4.225970 0.064792
v 0.499710 4.226397 0.064792
v 0.400676 4.225874 -0.058314
v 0.438725 4.226075 0.068783
v 0.533953 4.226578 -0.049592
v 0.564868 4.226741 -0.000001
v 0.459317 4.226183 0.070131
v 0.479909 4.226292 0.068783
v 0.418924 4.225970 -0.064794
v 0.562840 4.226731 0.013681
v 0.459317 4.226183 0.070131
v 0.438725 4.226075 -0.068785
v 0.361800 4.225668 -0.026839
v 0.556834 4.226698 0.026837
v 0.355793 4.225636 -0.013683
v 0.353764 4.225626 -0.000001
v 0.539886 4.332107 -0.049592
v 0.523916 4.332329 -0.058313
v 0.529406 4.599603 -0.058313
v 0.545403 4.599655 -0.049591
v 0.377740 4.334363 -0.038964
v 0.390847 4.334180 -0.049592
v 0.406817 4.333958 0.058312
v 0.390846 4.334180 0.049590
v 0.505696 4.332582 -0.064794
v 0.562731 4.331789 -0.026839
v 0.568728 4.331706 -0.013683
v 0.425037 4.333704 0.064793
v 0.505697 4.332582 0.064793
v 0.406817 4.333958 -0.058313
v 0.444806 4.333429 0.068784
v 0.570753 4.331677 -0.000001
v 0.465366 4.333143 0.070131
v 0.485926 4.332857 0.068784
v 0.425037 4.333704 -0.064794
v 0.552992 4.331925 -0.038964
v 0.568728 4.331706 0.013681
v 0.465366 4.333143 0.070131
v 0.444806 4.333429 -0.068785
v 0.368002 4.334497 -0.026839
v 0.562731 4.331789 0.026838
v 0.362004 4.334581 -0.013683
v 0.465366 4.333143 -0.070133
v 0.359979 4.334610 -0.000001
v 0.552992 4.331925 0.038962
v 0.362004 4.334581 0.013681
v 0.485926 4.332857 -0.068785
v 0.368002 4.334497 0.026838
v 0.377740 4.334363 0.038962
v 0.470755 4.599413 0.070132
v 0.491351 4.599480 0.068784
v 0.497000 5.232069 0.068786
v 0.476403 5.232112 0.070134
v 0.574295 4.599749 -0.013682
v 0.576323 4.599755 -0.000000
v 0.470755 4.599413 0.070132
v 0.450159 4.599347 0.068784
v 0.511155 4.599544 0.064793
v 0.412104 4.599224 -0.058313
v 0.430355 4.599283 -0.064794
v 0.558532 4.599698 -0.038963
v 0.574295 4.599749 0.013682
v 0.450159 4.599347 -0.068785
v 0.373221 4.599098 -0.026839
v 0.382977 4.599130 -0.038963
v 0.568288 4.599729 0.026838
v 0.367214 4.599079 -0.013682
v 0.470755 4.599413 -0.070132
v 0.365185 4.599072 -0.000000
v 0.558532 4.599698 0.038963
v 0.367214 4.599079 0.013682
v 0.491350 4.599480 -0.068785
v 0.373221 4.599098 0.026838
v 0.545403 4.599655 0.049590
v 0.382977 4.599130 0.038963
v 0.511154 4.599545 -0.064794
v 0.568288 4.599729 -0.026839
v 0.396106 4.599173 0.049590
v 0.529406 4.599603 0.058312
v 0.396106 4.599173 -0.049591
v 0.412104 4.599224 0.058312
v 0.430355 4.599283 0.064793
v 0.372856 5.232333 -0.013680
v 0.370827 5.232337 0.000002
v 0.392569 5.771934 0.000004
v 0.394598 5.771928 -0.013678
v 0.436001 5.232199 -0.064791
v 0.455807 5.232156 -0.068782
v 0.378864 5.232320 -0.026836
v 0.388620 5.232299 -0.038961
v 0.579949 5.231894 0.013684
v 0.573942 5.231906 0.026840
v 0.476403 5.232112 -0.070130
v 0.564185 5.231927 0.038965
v 0.372856 5.232333 0.013684
v 0.497000 5.232069 -0.068782
v 0.378864 5.232320 0.026841
v 0.551056 5.231954 0.049593
v 0.388620 5.232299 0.038965
v 0.516805 5.232027 -0.064791
v 0.564185 5.231927 -0.038961
v 0.573942 5.231906 -0.026836
v 0.401750 5.232272 0.049593
v 0.535058 5.231988 0.058315
v 0.401750 5.232272 -0.049589
v 0.417749 5.232237 0.058315
v 0.535058 5.231988 -0.058310
v 0.579949 5.231894 -0.013680
v 0.436001 5.232199 0.064796
v 0.516805 5.232027 0.064796
v 0.417749 5.232237 -0.058310
v 0.455807 5.232156 0.068787
v 0.551056 5.231954 -0.049589
v 0.581978 5.231889 0.000002
v 0.476403 5.232112 0.070134
v 0.591995 5.751689 -0.012710
v 0.589540 5.753202 0.000397
v 0.597507 5.664521 0.000076
v 0.594994 5.653479 -0.013456
v 0.589674 5.623068 0.026882
v 0.580189 5.628837 0.039017
v 0.394598 5.771928 0.013686
v 0.498145 5.771709 -0.070128
v 0.518741 5.771665 -0.068780
v 0.400606 5.771916 0.026843
v 0.572784 5.771235 0.049595
v 0.410362 5.771896 0.038967
v 0.538546 5.771624 -0.064789
v 0.583727 5.731503 -0.038742
v 0.593588 5.720078 -0.026836
v 0.423491 5.771868 0.049595
v 0.556799 5.771585 0.058317
v 0.410362 5.771896 -0.038959
v 0.423492 5.771868 -0.049587
v 0.439490 5.771833 0.058317
v 0.555954 5.752858 -0.058242
v 0.457743 5.771795 0.064798
v 0.538547 5.771623 0.064798
v 0.439490 5.771833 -0.058308
v 0.477548 5.771753 0.068789
v 0.571010 5.735267 -0.049386
v 0.498145 5.771709 0.070136
v 0.518741 5.771665 0.068789
v 0.457743 5.771795 -0.064789
v 0.595966 5.638079 0.013716
v 0.498145 5.771709 0.070136
v 0.477548 5.771753 -0.068780
v 0.400606 5.771916 -0.026834
v 1.459034 5.567254 0.064793
v 1.477287 5.567254 0.058312
v 1.472280 5.739192 0.058312
v 1.455583 5.737498 0.064793
v 1.378227 5.567254 -0.064794
v 1.398033 5.567254 -0.068785
v 1.506417 5.567254 -0.038964
v 1.516173 5.567254 -0.026839
v 1.439228 5.567254 0.068784
v 1.418630 5.567254 -0.070133
v 1.439228 5.567254 -0.068785
v 1.398033 5.567254 0.068784
v 1.378227 5.567254 0.064793
v 1.516173 5.567254 0.026838
v 1.506417 5.567254 0.038963
v 1.459034 5.567254 -0.064794
v 1.477287 5.567254 -0.058313
v 1.359973 5.567254 0.058312
v 1.343974 5.567254 0.049590
v 1.522181 5.567254 -0.013683
v 1.493286 5.567254 -0.049592
v 1.418630 5.567254 0.070131
v 1.330844 5.567254 0.038962
v 1.321087 5.567254 0.026838
v 1.330844 5.567254 -0.038964
v 1.343974 5.567254 -0.049592
v 1.493286 5.567254 0.049590
v 1.315079 5.567254 0.013681
v 1.359973 5.567254 -0.058313
v 1.524210 5.567254 -0.000001
v 1.321087 5.567254 -0.026839
v 1.522181 5.567254 0.013681
v 1.418630 5.567254 0.070131
v 1.399784 5.731838 0.068784
v 1.418625 5.733748 0.070131
v 1.397867 5.765920 0.070131
v 1.384013 5.762420 0.068784
v 1.350335 5.726822 -0.049592
v 1.364969 5.728306 -0.058313
v 1.322048 5.723952 -0.000001
v 1.323904 5.724141 -0.013683
v 1.437466 5.735660 0.068784
v 1.381667 5.730000 0.064793
v 1.455583 5.737498 -0.064794
v 1.472280 5.739192 -0.058313
v 1.418625 5.733748 0.070131
v 1.338324 5.725604 -0.038964
v 1.323904 5.724141 0.013681
v 1.437466 5.735660 -0.068785
v 1.329399 5.724698 -0.026839
v 1.329399 5.724698 0.026838
v 1.498926 5.741894 -0.038964
v 1.507850 5.742800 -0.026839
v 1.418625 5.733748 -0.070133
v 1.513346 5.743357 -0.013683
v 1.338324 5.725604 0.038962
v 1.515202 5.743546 -0.000001
v 1.399784 5.731838 -0.068785
v 1.513346 5.743357 0.013681
v 1.350335 5.726822 0.049590
v 1.507850 5.742800 0.026838
v 1.381667 5.730000 -0.064794
v 1.498926 5.741894 0.038963
v 1.364969 5.728306 0.058312
v 1.486915 5.740676 -0.049592
v 1.486915 5.740676 0.049590
v 1.467521 5.783515 -0.013683
v 1.463480 5.782495 -0.026839
v 1.305894 5.801073 -0.026839
v 1.306197 5.802451 -0.013683
v 1.411723 5.769420 -0.068785
v 1.425045 5.772785 -0.064794
v 1.332256 5.749346 -0.026839
v 1.338818 5.751003 -0.038964
v 1.332256 5.749346 0.026838
v 1.328214 5.748325 0.013681
v 1.456917 5.780837 -0.038964
v 1.397867 5.765920 -0.070133
v 1.338818 5.751003 0.038962
v 1.468886 5.783861 -0.000001
v 1.384013 5.762420 -0.068785
v 1.467521 5.783515 0.013681
v 1.347650 5.753234 0.049590
v 1.463480 5.782495 0.026838
v 1.370690 5.759055 -0.064794
v 1.456917 5.780837 0.038963
v 1.358412 5.755953 0.058312
v 1.448084 5.778606 -0.049592
v 1.448084 5.778606 0.049590
v 1.358412 5.755953 -0.058313
v 1.328214 5.748325 -0.013683
v 1.437323 5.775887 0.058312
v 1.370689 5.759055 0.064793
v 1.437323 5.775887 -0.058313
v 1.425045 5.772785 0.064793
v 1.347650 5.753234 -0.049592
v 1.326849 5.747980 -0.000001
v 1.411723 5.769420 0.068784
v 1.397867 5.765920 0.070131
v 1.305894 5.801073 0.026838
v 1.306197 5.802451 0.013681
v 1.101068 5.787729 0.010758
v 1.102409 5.786689 0.021103
v 1.296545 5.758569 0.038963
v 1.296054 5.756332 0.026838
v 1.306299 5.802917 -0.000001
v 1.299935 5.773979 -0.068785
v 1.300973 5.778703 -0.070133
v 1.297208 5.761580 0.049590
v 1.298935 5.769436 -0.064794
v 1.305402 5.798835 0.038963
v 1.298015 5.765250 0.058312
v 1.304739 5.795824 -0.049591
v 1.305402 5.798835 -0.038964
v 1.304739 5.795824 0.049590
v 1.298015 5.765250 -0.058313
v 1.295750 5.754953 -0.013683
v 1.296054 5.756332 -0.026839
v 1.303932 5.792155 0.058312
v 1.298935 5.769436 0.064793
v 1.303932 5.792155 -0.058313
v 1.303012 5.787968 0.064793
v 1.297208 5.761580 -0.049591
v 1.295648 5.754488 -0.000001
v 1.302013 5.783426 0.068784
v 1.299936 5.773978 0.068784
v 1.303012 5.787968 -0.064794
v 1.300973 5.778703 0.070131
v 1.296545 5.758569 -0.038964
v 1.295750 5.754953 0.013681
v 1.300973 5.778703 0.070131
v 1.302013 5.783426 -0.068785
v 1.145946 5.752912 0.021103
v 1.143768 5.754601 0.030637
v 0.966604 5.752005 0.030637
v 0.964479 5.750311 0.021103
v 1.133193 5.762805 -0.050949
v 1.128774 5.766234 -0.054087
v 1.104586 5.784999 0.030637
v 1.137268 5.759644 0.045852
v 1.140838 5.756874 0.038994
v 1.107516 5.782726 -0.038995
v 1.104586 5.784999 -0.030638
v 1.107516 5.782726 0.038994
v 1.137268 5.759644 -0.045853
v 1.147287 5.751871 -0.010759
v 1.145946 5.752912 -0.021104
v 1.111087 5.779957 0.045852
v 1.133193 5.762805 0.050948
v 1.111087 5.779957 -0.045853
v 1.115160 5.776796 0.050948
v 1.140838 5.756874 -0.038995
v 1.147739 5.751520 -0.000001
v 1.119581 5.773367 0.054086
v 1.128775 5.766233 0.054086
v 1.115160 5.776796 -0.050949
v 1.124177 5.769800 0.055146
v 1.143768 5.754601 -0.030638
v 1.147287 5.751871 0.010758
v 1.124177 5.769800 0.055146
v 1.119581 5.773367 -0.054087
v 1.102409 5.786689 -0.021104
v 1.124177 5.769800 -0.055147
v 1.101068 5.787729 -0.010759
v 1.100615 5.788080 -0.000001
v 0.981245 5.763661 -0.054087
v 0.976929 5.760225 -0.050949
v 0.752661 5.775225 -0.050949
v 0.759825 5.778400 -0.054087
v 1.008297 5.785201 -0.010759
v 1.008739 5.785553 -0.000001
v 0.985733 5.767235 -0.055147
v 1.008297 5.785201 0.010758
v 0.969465 5.754282 0.038994
v 1.006987 5.784158 0.021103
v 1.004861 5.782465 0.030637
v 0.972952 5.757058 0.045852
v 1.002000 5.780188 -0.038995
v 1.004861 5.782465 -0.030638
v 1.002000 5.780188 0.038994
v 0.972952 5.757058 -0.045853
v 0.963170 5.749269 -0.010759
v 0.964479 5.750311 -0.021104
v 0.998515 5.777412 0.045852
v 0.976929 5.760225 0.050948
v 0.998515 5.777412 -0.045853
v 0.994537 5.774245 0.050948
v 0.969465 5.754282 -0.038995
v 0.962728 5.748918 -0.000001
v 0.990222 5.770809 0.054086
v 0.981246 5.763661 0.054086
v 0.994537 5.774245 -0.050949
v 0.985733 5.767235 0.055146
v 0.966604 5.752005 -0.030638
v 0.963170 5.749269 0.010758
v 0.985733 5.767235 0.055146
v 0.990222 5.770809 -0.054087
v 1.006987 5.784158 -0.021104
v 0.746060 5.772298 0.045852
v 0.752661 5.775225 0.050948
v 0.599497 5.808184 0.050912
v 0.606116 5.802856 0.045680
v 0.802550 5.797343 0.021103
v 0.799021 5.795779 0.030637
v 0.740274 5.769733 0.038994
v 0.794273 5.793674 -0.038995
v 0.799021 5.795779 -0.030638
v 0.794273 5.793674 0.038994
v 0.746060 5.772298 -0.045853
v 0.729825 5.765100 -0.010759
v 0.731997 5.766064 -0.021104
v 0.788488 5.791108 0.045852
v 0.788488 5.791108 -0.045853
v 0.781886 5.788181 0.050948
v 0.740274 5.769733 -0.038995
v 0.729091 5.764775 -0.000000
v 0.774723 5.785006 0.054086
v 0.759825 5.778400 0.054086
v 0.781886 5.788181 -0.050949
v 0.767274 5.781703 0.055146
v 0.735525 5.767628 -0.030638
v 0.729825 5.765100 0.010758
v 0.767274 5.781703 0.055146
v 0.774723 5.785006 -0.054087
v 0.731997 5.766064 0.021103
v 0.802550 5.797343 -0.021104
v 0.767274 5.781703 -0.055147
v 0.804724 5.798306 -0.010759
v 0.735525 5.767628 0.030637
v 0.805457 5.798632 -0.000000
v 0.804724 5.798306 0.010758
v 0.609712 5.798900 0.038787
v 0.518996 5.812183 0.045852
v 0.523103 5.809453 0.038994
v 0.616805 5.818175 -0.045357
v 0.611959 5.822313 -0.038637
v 0.596111 5.824586 0.045742
v 0.592186 5.822973 0.050934
v 0.616146 5.797690 -0.038913
v 0.618871 5.799144 -0.045676
v 0.618668 5.790483 0.000015
v 0.621888 5.791020 -0.010684
v 0.593150 5.819631 0.054086
v 0.596570 5.812228 0.054086
v 0.619418 5.814323 -0.050361
v 0.594853 5.815931 0.055146
v 0.615551 5.795719 -0.030561
v 0.619455 5.790094 0.010665
v 0.594853 5.815931 0.055146
v 0.619449 5.810986 -0.053467
v 0.615957 5.794167 -0.021060
v 0.614397 5.793272 0.020954
v 0.607815 5.825725 -0.030402
v 0.597539 5.830324 -0.021020
v 0.619241 5.807588 -0.054520
v 0.589516 5.833597 -0.010746
v 0.616714 5.793815 0.030354
v 0.586296 5.834840 -0.000000
v 0.619455 5.804057 -0.053471
v 0.586623 5.834431 0.010757
v 0.586858 5.833426 0.021103
v 0.619540 5.800854 -0.050412
v 0.588411 5.831454 0.030628
v 0.597291 5.826751 0.038866
v 0.477357 5.839869 0.010758
v 0.476836 5.840214 -0.000000
v 0.393840 5.801041 -0.000000
v 0.395424 5.801001 0.010758
v 0.484775 5.834937 -0.038995
v 0.481404 5.837178 -0.030638
v 0.481404 5.837178 0.030637
v 0.484775 5.834937 0.038994
v 0.578039 5.796006 -0.045991
v 0.553237 5.803661 -0.050371
v 0.561597 5.800020 -0.010832
v 0.580297 5.795774 -0.021582
v 0.488881 5.832206 0.045852
v 0.514309 5.815299 0.050948
v 0.488881 5.832206 -0.045853
v 0.493567 5.829091 0.050948
v 0.589534 5.791349 -0.039378
v 0.531040 5.804175 -0.000000
v 0.498651 5.825710 0.054086
v 0.509227 5.818679 0.054086
v 0.493567 5.829091 -0.050949
v 0.503939 5.822195 0.055146
v 0.591493 5.790632 -0.031079
v 0.530519 5.804521 0.010758
v 0.503939 5.822195 0.055146
v 0.498651 5.825710 -0.054087
v 0.528977 5.805547 0.021103
v 0.478900 5.838843 -0.021104
v 0.503939 5.822195 -0.055147
v 0.477357 5.839869 -0.010759
v 0.526472 5.807212 0.030637
v 0.509226 5.818680 -0.054087
v 0.478900 5.838843 0.021103
v 0.418009 5.800426 0.038994
v 0.407747 5.800688 0.030637
v 0.406900 5.789450 0.040678
v 0.420607 5.789458 0.051773
v 0.534703 5.797460 0.038994
v 0.544963 5.797198 0.030637
v 0.400122 5.800882 0.021103
v 0.507933 5.798140 -0.050949
v 0.492451 5.798534 -0.054087
v 0.522200 5.797777 0.045852
v 0.418009 5.800426 -0.038995
v 0.407747 5.800688 -0.030638
v 0.550514 5.789865 -0.048541
v 0.575542 5.793808 -0.012068
v 0.578193 5.787313 -0.023093
v 0.430511 5.800109 0.045852
v 0.507933 5.798140 0.050948
v 0.430511 5.800109 -0.045853
v 0.444778 5.799746 0.050948
v 0.572460 5.781053 -0.041527
v 0.558870 5.796844 -0.000000
v 0.460256 5.799353 0.054086
v 0.492454 5.798534 0.054086
v 0.444778 5.799746 -0.050949
v 0.476355 5.798943 0.055146
v 0.580596 5.779620 -0.032794
v 0.557284 5.796885 0.010758
v 0.476355 5.798943 0.055146
v 0.460256 5.799353 -0.054087
v 0.552589 5.797005 0.021103
v 0.400122 5.800882 -0.021104
v 0.476355 5.798943 -0.055147
v 0.395424 5.801001 -0.010759
v 0.587336 5.762354 -0.024938
v 0.553186 5.776459 -0.055153
v 0.540731 5.789531 -0.067645
v 0.437308 5.789469 0.060878
v 0.540731 5.789531 0.067644
v 0.559787 5.789544 0.060878
v 0.437308 5.789469 -0.060879
v 0.420607 5.789458 -0.051773
v 0.456366 5.789480 0.067644
v 0.569202 5.763309 -0.045393
v 0.477043 5.789493 0.071811
v 0.520052 5.789519 0.071811
v 0.456366 5.789480 -0.067645
v 0.498548 5.789506 0.073218
v 0.580228 5.759334 -0.035472
v 0.589541 5.752542 0.013413
v 0.498548 5.789506 0.073218
v 0.477043 5.789493 -0.071812
v 0.580592 5.740773 0.025531
v 0.406900 5.789450 -0.040678
v 0.396714 5.789444 -0.028020
v 0.498548 5.789506 -0.073219
v 0.390438 5.789441 -0.014284
v 0.570558 5.739090 0.036739
v 0.388322 5.789439 -0.000000
v 0.520049 5.789519 -0.071812
v 0.390438 5.789441 0.014284
v 0.576275 5.789361 0.051707
v 0.396714 5.789444 0.028019
v 2.690007 5.848471 -0.013683
v 2.687979 5.848471 -0.000001
v 2.687985 6.082785 -0.000001
v 2.690014 6.082785 -0.013683
v 2.881345 5.848471 -0.038964
v 2.891101 5.848471 -0.026839
v 2.833962 5.848471 0.064792
v 2.814156 5.848471 0.068783
v 2.793558 5.848471 -0.070133
v 2.814156 5.848471 -0.068785
v 2.772960 5.848471 0.068783
v 2.753155 5.848471 0.064792
v 2.891101 5.848471 0.026837
v 2.881345 5.848471 0.038962
v 2.833962 5.848471 -0.064795
v 2.852215 5.848471 -0.058314
v 2.734901 5.848471 0.058311
v 2.718902 5.848471 0.049590
v 2.897109 5.848471 -0.013683
v 2.868214 5.848471 -0.049592
v 2.793558 5.848471 0.070131
v 2.705772 5.848471 0.038962
v 2.696015 5.848471 0.026837
v 2.705772 5.848471 -0.038964
v 2.718902 5.848471 -0.049592
v 2.868214 5.848471 0.049590
v 2.690007 5.848471 0.013681
v 2.734901 5.848471 -0.058314
v 2.899138 5.848471 -0.000001
v 2.696015 5.848471 -0.026839
v 2.852215 5.848471 0.058312
v 2.897109 5.848471 0.013681
v 2.793558 5.848471 0.070131
v 2.688136 5.306087 -0.000001
v 2.676752 5.110335 -0.000001
v 2.678778 5.110309 0.013681
v 2.734988 5.305494 -0.058314
v 2.719013 5.305696 -0.049592
v 2.881209 5.303643 0.038962
v 2.890951 5.303519 0.026837
v 2.690162 5.306061 -0.013683
v 2.772990 5.305013 -0.068785
v 2.753213 5.305263 -0.064795
v 2.896950 5.303443 -0.013683
v 2.890951 5.303519 -0.026839
v 2.793556 5.304753 0.070131
v 2.814122 5.304492 0.068783
v 2.814122 5.304492 -0.068785
v 2.793556 5.304753 -0.070133
v 2.753213 5.305263 0.064792
v 2.772990 5.305013 0.068783
v 2.868099 5.303809 0.049590
v 2.705903 5.305863 -0.038964
v 2.696161 5.305986 -0.026839
v 2.852123 5.304011 -0.058314
v 2.833898 5.304242 -0.064795
v 2.719013 5.305696 0.049590
v 2.734988 5.305494 0.058311
v 2.898975 5.303418 -0.000001
v 2.881209 5.303643 -0.038964
v 2.868099 5.303809 -0.049592
v 2.705903 5.305863 0.038962
v 2.852123 5.304011 0.058312
v 2.896950 5.303443 0.013681
v 2.833898 5.304242 0.064792
v 2.793556 5.304753 0.070131
v 2.782171 5.109000 -0.070133
v 2.802737 5.108740 -0.068785
v 2.759586 5.063530 -0.068785
v 2.745031 5.066877 -0.070133
v 2.761605 5.109260 0.068783
v 2.782171 5.109000 0.070131
v 2.822514 5.108490 -0.064795
v 2.879566 5.107767 -0.026839
v 2.869825 5.107891 -0.038964
v 2.684777 5.110233 0.026837
v 2.885565 5.107691 -0.013683
v 2.887591 5.107665 -0.000001
v 2.694518 5.110110 0.038962
v 2.885565 5.107691 0.013681
v 2.761605 5.109260 -0.068785
v 2.879566 5.107767 0.026837
v 2.707628 5.109944 0.049590
v 2.869825 5.107891 0.038962
v 2.741829 5.109510 -0.064795
v 2.694518 5.110110 -0.038964
v 2.684777 5.110233 -0.026839
v 2.856714 5.108057 0.049590
v 2.723603 5.109741 0.058311
v 2.856714 5.108057 -0.049592
v 2.840739 5.108259 0.058312
v 2.723603 5.109741 -0.058314
v 2.678778 5.110309 -0.013683
v 2.822514 5.108490 0.064792
v 2.741829 5.109510 0.064792
v 2.840739 5.108259 -0.058314
v 2.802737 5.108740 0.068783
v 2.707628 5.109944 -0.049592
v 2.782171 5.109000 0.070131
v 2.692275 5.079007 0.049590
v 2.682996 5.081141 0.038962
v 2.541892 5.041950 0.038962
v 2.546442 5.039121 0.049590
v 2.819639 5.049722 -0.000001
v 2.818206 5.050052 -0.013683
v 2.676101 5.082726 0.026837
v 2.818206 5.050052 0.013681
v 2.730474 5.070223 -0.068785
v 2.813960 5.051028 0.026837
v 2.807065 5.052614 0.038962
v 2.716479 5.073441 -0.064795
v 2.682996 5.081141 -0.038964
v 2.676101 5.082726 -0.026839
v 2.797788 5.054747 0.049590
v 2.703580 5.076407 0.058311
v 2.807065 5.052614 -0.038964
v 2.797788 5.054747 -0.049592
v 2.786481 5.057346 0.058312
v 2.703580 5.076407 -0.058314
v 2.671855 5.083702 -0.013683
v 2.773582 5.060312 0.064792
v 2.716479 5.073441 0.064792
v 2.786481 5.057346 -0.058314
v 2.759586 5.063530 0.068783
v 2.692275 5.079007 -0.049592
v 2.670422 5.084031 -0.000001
v 2.745031 5.066877 0.070131
v 2.730474 5.070223 0.068783
v 2.773582 5.060312 -0.064795
v 2.671855 5.083702 0.013681
v 2.745031 5.066877 0.070131
v 2.813960 5.051028 -0.026839
v 2.551984 5.035675 -0.058314
v 2.558308 5.031743 -0.064795
v 2.403372 5.018080 -0.064795
v 2.402876 5.022270 -0.058314
v 2.602721 5.004129 0.038962
v 2.606100 5.002027 0.026837
v 2.565170 5.027476 -0.068785
v 2.541892 5.041950 -0.038964
v 2.538512 5.044051 -0.026839
v 2.598172 5.006958 0.049590
v 2.551983 5.035675 0.058311
v 2.602721 5.004129 -0.038964
v 2.598172 5.006958 -0.049592
v 2.592629 5.010404 0.058312
v 2.536430 5.045345 -0.013683
v 2.586305 5.014336 0.064792
v 2.558308 5.031743 0.064792
v 2.592629 5.010404 -0.058314
v 2.579443 5.018602 0.068783
v 2.546442 5.039121 -0.049592
v 2.535728 5.045783 -0.000001
v 2.572307 5.023039 0.070131
v 2.565170 5.027476 0.068783
v 2.586305 5.014336 -0.064795
v 2.536430 5.045345 0.013681
v 2.572307 5.023039 0.070131
v 2.579443 5.018602 -0.068785
v 2.606100 5.002027 -0.026839
v 2.538512 5.044051 0.026837
v 2.608182 5.000733 -0.013683
v 2.572307 5.023039 -0.070133
v 2.608884 5.000296 -0.000001
v 2.608182 5.000733 0.013681
v 2.403909 5.013534 0.068783
v 2.403372 5.018080 0.064792
v 2.227007 5.030780 0.064792
v 2.221078 5.026441 0.068783
v 2.401822 5.031196 -0.026839
v 2.401659 5.032575 -0.013683
v 2.405565 4.999530 0.064792
v 2.406060 4.995341 0.058311
v 2.402876 5.022270 0.058311
v 2.406494 4.991668 -0.049592
v 2.406060 4.995341 -0.058314
v 2.405027 5.004077 0.068783
v 2.402445 5.025942 -0.049592
v 2.401605 5.033041 -0.000001
v 2.404469 5.008805 0.070131
v 2.405565 4.999530 -0.064795
v 2.402087 5.028957 -0.038964
v 2.401659 5.032575 0.013681
v 2.404469 5.008805 0.070131
v 2.405027 5.004077 -0.068786
v 2.407112 4.986414 -0.026839
v 2.406849 4.988654 -0.038964
v 2.401822 5.031196 0.026837
v 2.407276 4.985035 -0.013683
v 2.404469 5.008805 -0.070133
v 2.407331 4.984569 -0.000001
v 2.402087 5.028957 0.038962
v 2.407276 4.985035 0.013681
v 2.403909 5.013534 -0.068786
v 2.407112 4.986414 0.026837
v 2.402444 5.025942 0.049590
v 2.406849 4.988654 0.038962
v 2.406494 4.991668 0.049590
v 2.188635 5.002692 -0.038964
v 2.185713 5.000555 -0.026839
v 2.000183 5.040874 -0.026839
v 2.005987 5.042675 -0.038964
v 2.197355 5.009075 -0.058314
v 2.202819 5.013074 -0.064795
v 2.237261 5.038284 -0.049592
v 2.241191 5.041162 -0.038964
v 2.246517 5.045061 -0.000001
v 2.245908 5.044616 0.013681
v 2.214912 5.021926 0.070131
v 2.208748 5.017414 -0.068786
v 2.244111 5.043299 0.026837
v 2.183915 4.999238 -0.013683
v 2.214912 5.021926 -0.070133
v 2.183307 4.998794 -0.000001
v 2.241191 5.041162 0.038962
v 2.183915 4.999238 0.013681
v 2.221078 5.026441 -0.068786
v 2.185713 5.000555 0.026837
v 2.237261 5.038284 0.049590
v 2.188635 5.002692 0.038962
v 2.227007 5.030780 -0.064795
v 2.244111 5.043299 -0.026840
v 2.192566 5.005569 0.049590
v 2.232470 5.034779 0.058311
v 2.192566 5.005569 -0.049592
v 2.197355 5.009075 0.058311
v 2.232470 5.034779 -0.058314
v 2.245908 5.044616 -0.013683
v 2.202819 5.013074 0.064792
v 2.208748 5.017414 0.068783
v 2.214912 5.021926 0.070131
v 1.995404 5.039390 -0.000001
v 1.996611 5.039764 0.013681
v 1.865844 5.098362 0.013681
v 1.863891 5.098237 -0.000001
v 2.119775 5.077998 0.013681
v 2.116202 5.076889 0.026837
v 1.996611 5.039764 -0.013683
v 2.045945 5.055079 -0.068786
v 2.058193 5.058881 -0.070133
v 2.110401 5.075088 0.038962
v 2.070443 5.062683 -0.068786
v 2.000183 5.040874 0.026837
v 2.102593 5.072663 0.049590
v 2.005987 5.042675 0.038962
v 2.082222 5.066340 -0.064795
v 2.110401 5.075088 -0.038964
v 2.116202 5.076889 -0.026840
v 2.013796 5.045099 0.049590
v 2.093076 5.069710 0.058311
v 2.013796 5.045099 -0.049592
v 2.023311 5.048052 0.058311
v 2.093076 5.069710 -0.058314
v 2.119775 5.077998 -0.013683
v 2.034166 5.051422 0.064792
v 2.082221 5.066340 0.064792
v 2.023311 5.048052 -0.058314
v 2.045945 5.055079 0.068783
v 2.102593 5.072663 -0.049592
v 2.120982 5.078373 -0.000001
v 2.058193 5.058881 0.070131
v 2.070443 5.062683 0.068783
v 2.034166 5.051422 -0.064795
v 2.058193 5.058881 0.070131
v 1.881026 5.099339 0.038962
v 1.893668 5.100151 0.049590
v 1.884177 5.168863 0.049590
v 1.871048 5.168892 0.038962
v 1.965557 5.104775 -0.070133
v 1.985392 5.106051 -0.068786
v 1.871630 5.098734 0.026837
v 2.050092 5.110212 0.038962
v 2.037448 5.109399 0.049589
v 2.004465 5.107278 -0.064795
v 2.050092 5.110212 -0.038964
v 2.059486 5.110816 -0.026840
v 2.022042 5.108408 0.058311
v 1.881026 5.099339 -0.038964
v 1.893668 5.100151 -0.049592
v 1.909076 5.101143 0.058311
v 2.022042 5.108408 -0.058314
v 2.065271 5.111189 -0.013683
v 1.926652 5.102273 0.064792
v 2.004464 5.107278 0.064792
v 1.909076 5.101143 -0.058314
v 1.945725 5.103499 0.068783
v 2.037448 5.109399 -0.049592
v 2.067226 5.111314 -0.000001
v 1.965557 5.104775 0.070131
v 1.985392 5.106051 0.068783
v 1.926652 5.102273 -0.064795
v 2.065271 5.111189 0.013681
v 1.965557 5.104775 0.070131
v 1.945725 5.103499 -0.068786
v 1.871630 5.098734 -0.026840
v 2.059486 5.110816 0.026837
v 1.865844 5.098362 -0.013683
v 1.918428 5.168785 0.064792
v 1.938235 5.168740 0.068783
v 1.945329 5.764201 0.068783
v 1.925557 5.763932 0.064792
v 2.033483 5.168523 0.049589
v 2.017484 5.168560 0.058311
v 1.871048 5.168892 -0.038964
v 1.884177 5.168863 -0.049592
v 1.900176 5.168826 0.058311
v 1.999232 5.168602 -0.064795
v 2.017484 5.168560 -0.058314
v 2.056367 5.168471 -0.026840
v 2.062376 5.168458 -0.013683
v 1.999231 5.168602 0.064792
v 1.900176 5.168826 -0.058314
v 2.033483 5.168523 -0.049592
v 2.064405 5.168453 -0.000001
v 1.958829 5.168693 0.070131
v 1.979426 5.168646 0.068783
v 1.918428 5.168785 -0.064795
v 2.046613 5.168494 -0.038964
v 2.062376 5.168458 0.013681
v 1.958829 5.168693 0.070131
v 1.938235 5.168740 -0.068786
v 1.861292 5.168915 -0.026840
v 2.056367 5.168471 0.026837
v 1.855284 5.168929 -0.013683
v 1.958829 5.168693 -0.070133
v 1.853256 5.168933 -0.000001
v 2.046613 5.168494 0.038962
v 1.855284 5.168929 0.013681
v 1.979426 5.168646 -0.068786
v 1.861292 5.168915 0.026837
v 1.965889 5.764480 0.070131
v 1.986451 5.764759 0.068783
v 1.947868 5.858660 0.068783
v 1.928665 5.856950 0.070131
v 2.024445 5.765275 -0.058314
v 2.040416 5.765491 -0.049592
v 2.069260 5.765884 -0.013683
v 2.071286 5.765911 -0.000001
v 1.965889 5.764480 0.070131
v 2.006223 5.765028 0.064792
v 1.907336 5.763685 -0.058314
v 1.925557 5.763932 -0.064795
v 2.053524 5.765670 -0.038964
v 2.069260 5.765884 0.013681
v 1.945330 5.764201 -0.068786
v 1.868517 5.763158 -0.026840
v 1.878257 5.763290 -0.038964
v 2.063262 5.765802 0.026837
v 1.862520 5.763077 -0.013683
v 1.965889 5.764480 -0.070133
v 1.860494 5.763049 -0.000001
v 2.053524 5.765670 0.038962
v 1.862520 5.763077 0.013681
v 1.986451 5.764759 -0.068786
v 1.868517 5.763158 0.026837
v 2.040416 5.765491 0.049589
v 1.878257 5.763290 0.038962
v 2.006223 5.765028 -0.064795
v 2.063262 5.765802 -0.026840
v 1.891363 5.763468 0.049590
v 2.024445 5.765275 0.058311
v 1.891363 5.763468 -0.049592
v 1.907336 5.763685 0.058311
v 1.832126 5.848349 -0.013683
v 1.830235 5.848180 -0.000001
v 1.743786 5.893675 -0.000001
v 1.744995 5.894049 -0.013683
v 1.890999 5.853593 -0.064795
v 1.909464 5.855238 -0.068786
v 1.837727 5.848848 -0.026840
v 1.846824 5.849658 -0.038964
v 2.025205 5.865551 0.013681
v 2.019604 5.865051 0.026837
v 1.928665 5.856950 -0.070133
v 2.010510 5.864241 0.038962
v 1.832126 5.848349 0.013681
v 1.947869 5.858660 -0.068786
v 1.837727 5.848848 0.026837
v 1.998268 5.863150 0.049589
v 1.846824 5.849658 0.038962
v 1.966334 5.860306 -0.064795
v 2.010510 5.864241 -0.038964
v 2.019604 5.865051 -0.026840
v 1.859065 5.850748 0.049590
v 1.983352 5.861822 0.058311
v 1.859065 5.850748 -0.049592
v 1.873982 5.852077 0.058311
v 1.983352 5.861822 -0.058314
v 2.025205 5.865551 -0.013683
v 1.890999 5.853593 0.064792
v 1.966334 5.860305 0.064792
v 1.873982 5.852077 -0.058314
v 1.909464 5.855238 0.068783
v 1.998268 5.863150 -0.049592
v 2.027098 5.865719 -0.000001
v 1.928665 5.856950 0.070131
v 1.748573 5.895157 0.026837
v 1.754387 5.896956 0.038962
v 1.565629 5.943940 0.038962
v 1.563771 5.941741 0.026837
v 1.864792 5.931138 0.026837
v 1.858981 5.929339 0.038962
v 1.744995 5.894049 0.013681
v 1.806683 5.913147 -0.070133
v 1.818954 5.916947 -0.068786
v 1.851159 5.926917 0.049590
v 1.830753 5.920600 -0.064795
v 1.858981 5.929339 -0.038964
v 1.864792 5.931138 -0.026840
v 1.762208 5.899378 0.049590
v 1.841628 5.923966 0.058311
v 1.754387 5.896956 -0.038964
v 1.762208 5.899378 -0.049592
v 1.771742 5.902329 0.058311
v 1.841628 5.923966 -0.058314
v 1.868370 5.932247 -0.013683
v 1.782615 5.905695 0.064792
v 1.830753 5.920600 0.064792
v 1.771742 5.902329 -0.058314
v 1.794414 5.909349 0.068783
v 1.851159 5.926917 -0.049592
v 1.869581 5.932621 -0.000001
v 1.806683 5.913147 0.070131
v 1.818954 5.916947 0.068783
v 1.782615 5.905695 -0.064795
v 1.868370 5.932247 0.013681
v 1.806683 5.913147 0.070131
v 1.794414 5.909349 -0.068786
v 1.748573 5.895157 -0.026839
v 1.602017 5.987075 -0.013683
v 1.600877 5.985721 -0.026839
v 1.264728 5.985696 -0.023572
v 1.262904 5.986833 -0.012017
v 1.586242 5.968374 -0.068785
v 1.590009 5.972839 -0.064794
v 1.599021 5.983521 -0.038964
v 1.568126 5.946900 0.049590
v 1.596525 5.980561 0.049590
v 1.593482 5.976954 0.058312
v 1.565629 5.943940 -0.038964
v 1.568126 5.946900 -0.049592
v 1.571171 5.950507 0.058312
v 1.593482 5.976954 -0.058314
v 1.574643 5.954622 0.064792
v 1.590010 5.972839 0.064792
v 1.571171 5.950507 -0.058314
v 1.578408 5.959087 0.068783
v 1.596525 5.980561 -0.049592
v 1.602406 5.987533 -0.000001
v 1.582325 5.963730 0.070131
v 1.586242 5.968374 0.068783
v 1.574643 5.954622 -0.064794
v 1.602017 5.987075 0.013681
v 1.582325 5.963730 0.070131
v 1.578408 5.959087 -0.068785
v 1.563771 5.941741 -0.026839
v 1.600877 5.985721 0.026837
v 1.562630 5.940385 -0.013683
v 1.582325 5.963730 -0.070133
v 1.562244 5.939929 -0.000001
v 1.599021 5.983521 0.038962
v 1.562630 5.940385 0.013681
v 1.306536 5.959584 -0.056906
v 1.312068 5.956129 -0.051214
v 1.173659 5.944985 -0.051214
v 1.164002 5.947923 -0.056906
v 1.306536 5.959584 0.056905
v 1.312068 5.956129 0.051213
v 1.276513 5.978335 0.051213
v 1.282045 5.974880 0.056904
v 1.316916 5.953100 -0.043554
v 1.300532 5.963334 0.060410
v 1.276513 5.978335 -0.051214
v 1.271664 5.981364 -0.043554
v 1.262291 5.987217 -0.000001
v 1.294289 5.967232 0.061593
v 1.288047 5.971131 0.060409
v 1.267683 5.983849 -0.034220
v 1.262904 5.986833 0.012016
v 1.294289 5.967232 0.061593
v 1.300531 5.963334 -0.060411
v 1.323850 5.948769 -0.023572
v 1.320895 5.950615 -0.034220
v 1.264728 5.985696 0.023570
v 1.325673 5.947631 -0.012017
v 1.294289 5.967232 -0.061595
v 1.326287 5.947247 -0.000001
v 1.267683 5.983849 0.034219
v 1.325673 5.947631 0.012016
v 1.288047 5.971131 -0.060411
v 1.323850 5.948769 0.023570
v 1.271664 5.981364 0.043553
v 1.320895 5.950615 0.034219
v 1.282043 5.974880 -0.056906
v 1.316916 5.953100 0.043553
v 1.091016 5.970129 0.023570
v 1.087834 5.971096 0.012016
v 1.018867 5.967306 0.012016
v 1.019507 5.966103 0.023570
v 1.103124 5.966445 -0.043554
v 1.096176 5.968558 -0.034220
v 1.086763 5.971423 -0.000001
v 1.131726 5.957743 0.060410
v 1.142624 5.954427 0.061593
v 1.153520 5.951112 -0.060411
v 1.194230 5.938725 -0.023572
v 1.189070 5.940296 -0.034220
v 1.197411 5.937758 -0.012017
v 1.142623 5.954427 -0.061595
v 1.198484 5.937431 -0.000001
v 1.096176 5.968558 0.034219
v 1.197411 5.937758 0.012016
v 1.131726 5.957743 -0.060411
v 1.194230 5.938725 0.023570
v 1.103124 5.966445 0.043553
v 1.189070 5.940296 0.034219
v 1.121245 5.960931 -0.056906
v 1.091016 5.970129 -0.023572
v 1.182123 5.942410 0.043553
v 1.111589 5.963870 0.051213
v 1.182123 5.942410 -0.043554
v 1.173659 5.944985 0.051213
v 1.111589 5.963870 -0.051214
v 1.087834 5.971096 -0.012017
v 1.164002 5.947923 0.056905
v 1.121247 5.960931 0.056905
v 1.153521 5.951112 0.060410
v 1.142624 5.954427 0.061593
v 1.027666 5.950698 -0.060411
v 1.029850 5.946574 -0.061594
v 0.873741 5.958332 -0.061594
v 0.878883 5.962315 -0.060411
v 1.040833 5.925843 -0.012017
v 1.040194 5.927046 -0.023571
v 1.032035 5.942451 -0.060411
v 1.041047 5.925437 -0.000001
v 1.020541 5.964150 0.034219
v 1.040833 5.925843 0.012016
v 1.040194 5.927046 0.023570
v 1.021934 5.961521 0.043553
v 1.039161 5.929000 0.034219
v 1.025566 5.954664 -0.056906
v 1.020541 5.964150 -0.034220
v 1.019507 5.966103 -0.023572
v 1.037769 5.931628 0.043553
v 1.023631 5.958318 0.051213
v 1.039161 5.929000 -0.034220
v 1.037769 5.931628 -0.043554
v 1.036074 5.934832 0.051213
v 1.023631 5.958318 -0.051214
v 1.018867 5.967306 -0.012017
v 1.034138 5.938486 0.056905
v 1.025567 5.954663 0.056905
v 1.036074 5.934832 -0.051214
v 1.032036 5.942451 0.060410
v 1.021934 5.961521 -0.043554
v 1.018655 5.967712 -0.000001
v 1.029851 5.946574 0.061593
v 1.027666 5.950698 0.060410
v 1.034138 5.938486 -0.056906
v 1.029851 5.946574 0.061593
v 0.888385 5.969675 0.051213
v 0.892378 5.972768 0.043553
v 0.799811 5.990934 0.043553
v 0.787037 5.989591 0.051213
v 0.849393 5.939471 0.023570
v 0.847896 5.938309 0.012016
v 0.895654 5.975307 0.034219
v 0.851831 5.941358 0.034219
v 0.883828 5.966146 -0.056906
v 0.895654 5.975307 -0.034220
v 0.898089 5.977193 -0.023571
v 0.855108 5.943896 0.043553
v 0.851831 5.941358 -0.034220
v 0.855108 5.943896 -0.043554
v 0.859103 5.946990 0.051213
v 0.888385 5.969675 -0.051214
v 0.899587 5.978355 -0.012017
v 0.863659 5.950520 0.056905
v 0.883827 5.966145 0.056905
v 0.859103 5.946990 -0.051214
v 0.868602 5.954350 0.060410
v 0.892378 5.972768 -0.043554
v 0.900096 5.978747 -0.000001
v 0.873742 5.958332 0.061593
v 0.878883 5.962315 0.060410
v 0.863659 5.950520 -0.056906
v 0.899587 5.978355 0.012016
v 0.873742 5.958332 0.061593
v 0.868602 5.954350 -0.060411
v 0.849393 5.939471 -0.023571
v 0.898089 5.977193 0.023570
v 0.847896 5.938309 -0.012017
v 0.847388 5.937917 -0.000001
v 0.799811 5.990934 -0.043554
v 0.787037 5.989591 -0.051214
v 0.659076 6.030486 -0.051214
v 0.673072 6.030769 -0.043554
v 0.670106 5.977290 -0.034220
v 0.680591 5.978394 -0.043554
v 0.693366 5.979736 0.051213
v 0.680591 5.978394 0.043553
v 0.772462 5.988058 -0.056906
v 0.818082 5.992857 -0.023571
v 0.822881 5.993362 -0.012017
v 0.707939 5.981270 0.056905
v 0.772461 5.988058 0.056905
v 0.693366 5.979736 -0.051214
v 0.723754 5.982934 0.060410
v 0.824501 5.993532 -0.000001
v 0.740199 5.984664 0.061593
v 0.756645 5.986394 0.060410
v 0.707939 5.981270 -0.056906
v 0.810295 5.992038 -0.034220
v 0.822881 5.993362 0.012016
v 0.740199 5.984664 0.061593
v 0.723755 5.982934 -0.060411
v 0.662315 5.976471 -0.023571
v 0.818082 5.992857 0.023570
v 0.657519 5.975966 -0.012017
v 0.740199 5.984664 -0.061594
v 0.655898 5.975796 -0.000001
v 0.810295 5.992038 0.034219
v 0.657519 5.975966 0.012016
v 0.756645 5.986394 -0.060411
v 0.662315 5.976471 0.023570
v 0.670106 5.977290 0.034219
v 0.607757 6.029448 0.061594
v 0.625777 6.029812 0.060410
v 0.574519 6.096042 0.060410
v 0.556432 6.096116 0.061594
v 0.698352 6.031282 -0.012017
v 0.700126 6.031317 -0.000000
v 0.607757 6.029448 0.061594
v 0.589737 6.029083 0.060410
v 0.643105 6.030163 0.056905
v 0.556442 6.028409 -0.051213
v 0.572409 6.028732 -0.056905
v 0.684560 6.031002 -0.034220
v 0.698352 6.031282 0.012016
v 0.589739 6.029083 -0.060410
v 0.522420 6.027720 -0.023571
v 0.530956 6.027893 -0.034220
v 0.693092 6.031175 0.023571
v 0.517164 6.027614 -0.012016
v 0.607757 6.029448 -0.061594
v 0.515389 6.027578 -0.000000
v 0.684560 6.031002 0.034219
v 0.517164 6.027614 0.012016
v 0.625777 6.029812 -0.060410
v 0.522420 6.027720 0.023571
v 0.673072 6.030769 0.043553
v 0.530956 6.027893 0.034220
v 0.643107 6.030163 -0.056905
v 0.693092 6.031175 -0.023571
v 0.542444 6.028125 0.043553
v 0.659076 6.030486 0.051213
v 0.542444 6.028125 -0.043553
v 0.556442 6.028409 0.051213
v 0.572409 6.028732 0.056905
v 0.465503 6.096486 -0.012016
v 0.463721 6.096493 0.000000
v 0.486976 6.557936 0.000000
v 0.488758 6.557936 -0.012016
v 0.520953 6.096260 -0.056905
v 0.538346 6.096189 -0.060410
v 0.470778 6.096465 -0.023571
v 0.479345 6.096429 -0.034220
v 0.647364 6.095746 0.012016
v 0.642084 6.095766 0.023571
v 0.556432 6.096116 -0.061594
v 0.633521 6.095801 0.034220
v 0.465503 6.096486 0.012016
v 0.574519 6.096042 -0.060410
v 0.470778 6.096465 0.023571
v 0.621990 6.095848 0.043553
v 0.479345 6.096429 0.034220
v 0.591913 6.095971 -0.056905
v 0.633521 6.095801 -0.034220
v 0.642084 6.095766 -0.023571
v 0.490876 6.096382 0.043553
v 0.607942 6.095905 0.051213
v 0.490876 6.096382 -0.043553
v 0.504925 6.096325 0.051213
v 0.607942 6.095905 -0.051213
v 0.647364 6.095746 -0.012016
v 0.520953 6.096260 0.056905
v 0.591912 6.095971 0.056905
v 0.504925 6.096325 -0.051213
v 0.538345 6.096189 0.060410
v 0.621990 6.095848 -0.043553
v 0.649144 6.095737 -0.000000
v 0.556432 6.096116 0.061594
v 0.645270 6.557963 0.043553
v 0.656803 6.557965 0.034220
v 0.654611 7.220236 0.034219
v 0.643079 7.220233 0.043553
v 0.665368 6.557967 0.023571
v 0.488758 6.557936 0.012016
v 0.579702 6.557952 -0.061594
v 0.597791 6.557955 -0.060410
v 0.494034 6.557938 0.023571
v 0.502603 6.557939 0.034220
v 0.615189 6.557959 -0.056905
v 0.656803 6.557965 -0.034220
v 0.665368 6.557967 -0.023571
v 0.514135 6.557941 0.043553
v 0.631220 6.557961 0.051213
v 0.502603 6.557939 -0.034220
v 0.514136 6.557941 -0.043553
v 0.528187 6.557943 0.051213
v 0.631220 6.557961 -0.051213
v 0.670648 6.557969 -0.012016
v 0.544217 6.557945 0.056905
v 0.615187 6.557958 0.056905
v 0.528187 6.557943 -0.051213
v 0.561612 6.557949 0.060410
v 0.645270 6.557963 -0.043553
v 0.672428 6.557968 -0.000000
v 0.579702 6.557952 0.061594
v 0.597791 6.557955 0.060410
v 0.544217 6.557945 -0.056905
v 0.670648 6.557969 0.012016
v 0.579702 6.557952 0.061594
v 0.561613 6.557949 -0.060410
v 0.494034 6.557938 -0.023571
v 0.629028 7.220231 -0.051213
v 0.612998 7.220228 -0.056905
v 0.640789 7.562847 -0.056905
v 0.655974 7.561667 -0.051213
v 0.500412 7.220209 0.034220
v 0.491843 7.220208 0.023571
v 0.595600 7.220225 -0.060410
v 0.654611 7.220236 -0.034220
v 0.663177 7.220237 -0.023571
v 0.511944 7.220211 0.043553
v 0.629028 7.220231 0.051213
v 0.500412 7.220209 -0.034220
v 0.511945 7.220211 -0.043553
v 0.525996 7.220212 0.051213
v 0.668457 7.220238 -0.012016
v 0.542026 7.220215 0.056905
v 0.612996 7.220228 0.056905
v 0.525996 7.220212 -0.051213
v 0.559421 7.220219 0.060410
v 0.643079 7.220233 -0.043553
v 0.670237 7.220238 -0.000000
v 0.577510 7.220222 0.061594
v 0.595600 7.220225 0.060410
v 0.542026 7.220215 -0.056905
v 0.668457 7.220238 0.012016
v 0.577510 7.220222 0.061594
v 0.559422 7.220219 -0.060410
v 0.491843 7.220208 -0.023571
v 0.663177 7.220237 0.023571
v 0.486567 7.220206 -0.012016
v 0.577510 7.220222 -0.061594
v 0.484785 7.220206 -0.000000
v 0.486567 7.220206 0.012016
v 0.624309 7.564128 0.060410
v 0.640788 7.562848 0.056905
v 0.688120 7.672639 0.056905
v 0.671641 7.673919 0.060410
v 0.688323 7.559155 -0.023571
v 0.693326 7.558768 -0.012016
v 0.573557 7.568069 0.056905
v 0.558373 7.569247 0.051213
v 0.655974 7.561667 0.051213
v 0.545062 7.570282 -0.043553
v 0.558373 7.569247 -0.051213
v 0.590036 7.566789 0.060410
v 0.669284 7.560634 -0.043553
v 0.695011 7.558636 -0.000000
v 0.607173 7.565458 0.061594
v 0.573557 7.568069 -0.056905
v 0.680210 7.559786 -0.034220
v 0.693326 7.558768 0.012016
v 0.607173 7.565458 0.061594
v 0.590037 7.566789 -0.060410
v 0.526021 7.571761 -0.023571
v 0.534138 7.571130 -0.034220
v 0.688323 7.559155 0.023571
v 0.521023 7.572149 -0.012016
v 0.607173 7.565458 -0.061594
v 0.519334 7.572279 -0.000000
v 0.680210 7.559786 0.034219
v 0.521023 7.572149 0.012016
v 0.624309 7.564128 -0.060410
v 0.526021 7.571761 0.023571
v 0.669284 7.560634 0.043553
v 0.534138 7.571130 0.034220
v 0.545062 7.570282 0.043553
v 0.581470 7.680922 -0.034220
v 0.573353 7.681552 -0.023571
v 0.746872 7.798021 -0.023572
v 0.754238 7.797016 -0.034220
v 0.605705 7.679039 -0.051214
v 0.620889 7.677860 -0.056906
v 0.716617 7.670425 -0.043554
v 0.727542 7.669577 -0.034220
v 0.742343 7.668427 -0.000001
v 0.740658 7.668560 0.012016
v 0.654505 7.675250 0.061593
v 0.637370 7.676580 -0.060411
v 0.735655 7.668947 0.023570
v 0.568355 7.681940 -0.012017
v 0.654505 7.675250 -0.061594
v 0.566667 7.682071 -0.000000
v 0.727542 7.669577 0.034219
v 0.568355 7.681940 0.012016
v 0.671641 7.673919 -0.060411
v 0.573353 7.681552 0.023570
v 0.716617 7.670425 0.043553
v 0.581470 7.680922 0.034219
v 0.688121 7.672639 -0.056906
v 0.735655 7.668947 -0.023571
v 0.592394 7.680073 0.043553
v 0.703306 7.671459 0.051213
v 0.592394 7.680073 -0.043554
v 0.605705 7.679039 0.051213
v 0.703306 7.671459 -0.051214
v 0.740658 7.668560 -0.012017
v 0.620889 7.677860 0.056905
v 0.637368 7.676580 0.060410
v 0.654505 7.675250 0.061593
v 0.740803 7.798849 -0.000001
v 0.742335 7.798640 0.012015
v 1.058229 7.918204 0.012015
v 1.057107 7.918522 -0.000001
v 0.898710 7.777306 0.012015
v 0.894168 7.777925 0.023570
v 0.742335 7.798640 -0.012017
v 0.804970 7.790095 -0.060411
v 0.820521 7.787973 -0.061595
v 0.886806 7.778930 0.034219
v 0.836074 7.785851 -0.060411
v 0.746872 7.798021 0.023570
v 0.876890 7.780282 0.043552
v 0.754238 7.797016 0.034219
v 0.851030 7.783811 -0.056906
v 0.886806 7.778930 -0.034221
v 0.894168 7.777925 -0.023572
v 0.764152 7.795663 0.043552
v 0.864811 7.781930 0.051212
v 0.764152 7.795663 -0.043554
v 0.776232 7.794014 0.051212
v 0.864811 7.781930 -0.051214
v 0.898710 7.777306 -0.012017
v 0.790013 7.792135 0.056904
v 0.851029 7.783811 0.056904
v 0.776232 7.794014 -0.051214
v 0.804969 7.790095 0.060409
v 0.876890 7.780282 -0.043554
v 0.900239 7.777097 -0.000001
v 0.820521 7.787973 0.061593
v 0.836074 7.785851 0.060409
v 0.790013 7.792135 -0.056906
v 0.820521 7.787973 0.061593
v 1.066944 7.915733 0.034219
v 1.074203 7.913676 0.043552
v 1.302269 7.955876 0.043552
v 1.296479 7.958166 0.034219
v 1.115480 7.901978 -0.061595
v 1.126868 7.898750 -0.060411
v 1.061552 7.917263 0.023570
v 1.164016 7.888221 0.034219
v 1.156755 7.890279 0.043552
v 1.137819 7.895646 -0.056906
v 1.164016 7.888221 -0.034221
v 1.169406 7.886692 -0.023572
v 1.147909 7.892786 0.051212
v 1.066944 7.915733 -0.034221
v 1.074203 7.913676 -0.043554
v 1.083048 7.911169 0.051212
v 1.147909 7.892786 -0.051214
v 1.172733 7.885751 -0.012017
v 1.093140 7.908309 0.056904
v 1.137819 7.895646 0.056904
v 1.083048 7.911169 -0.051214
v 1.104091 7.905205 0.060409
v 1.156755 7.890279 -0.043554
v 1.173851 7.885433 -0.000001
v 1.115480 7.901978 0.061593
v 1.126868 7.898750 0.060409
v 1.093140 7.908309 -0.056906
v 1.172733 7.885751 0.012015
v 1.115480 7.901978 0.061593
v 1.104092 7.905205 -0.060411
v 1.061552 7.917263 -0.023572
v 1.169406 7.886692 0.023570
v 1.058229 7.918204 -0.012017
v 1.317375 7.949903 0.056904
v 1.326111 7.946448 0.060409
v 1.500222 7.969246 0.060409
v 1.498392 7.973218 0.056904
v 1.368121 7.929836 0.043552
v 1.361065 7.932625 0.051212
v 1.296479 7.958166 -0.034221
v 1.302269 7.955876 -0.043554
v 1.309325 7.953085 0.051212
v 1.353016 7.935809 -0.056906
v 1.361065 7.932625 -0.051214
v 1.378213 7.925844 -0.023572
v 1.380867 7.924796 -0.012017
v 1.353016 7.935810 0.056904
v 1.309325 7.953085 -0.051214
v 1.368121 7.929836 -0.043554
v 1.381759 7.924442 -0.000001
v 1.335196 7.942856 0.061593
v 1.344281 7.939263 0.060409
v 1.317375 7.949903 -0.056906
v 1.373913 7.927545 -0.034221
v 1.380867 7.924796 0.012015
v 1.335196 7.942856 0.061593
v 1.326113 7.946448 -0.060411
v 1.292178 7.959868 -0.023572
v 1.378213 7.925844 0.023570
v 1.289528 7.960916 -0.012017
v 1.335196 7.942856 -0.061595
v 1.288632 7.961269 -0.000001
v 1.373913 7.927545 0.034219
v 1.289528 7.960916 0.012015
v 1.344281 7.939263 -0.060411
v 1.292178 7.959868 0.023570
v 1.502126 7.965115 0.061593
v 1.504028 7.960984 0.060409
v 1.627189 7.964054 0.060409
v 1.628802 7.968191 0.061593
v 1.507541 7.953351 -0.051214
v 1.509020 7.950142 -0.043554
v 1.511690 7.944346 -0.012017
v 1.511875 7.943940 -0.000001
v 1.502126 7.965115 0.061593
v 1.505859 7.957012 0.056904
v 1.496706 7.976879 -0.051214
v 1.498392 7.973218 -0.056906
v 1.510233 7.947508 -0.034221
v 1.511690 7.944346 0.012015
v 1.500223 7.969246 -0.060411
v 1.493118 7.984678 -0.023572
v 1.494017 7.982721 -0.034221
v 1.511132 7.945552 0.023570
v 1.492563 7.985883 -0.012017
v 1.502126 7.965115 -0.061595
v 1.492374 7.986290 -0.000001
v 1.510233 7.947508 0.034219
v 1.492563 7.985883 0.012015
v 1.504028 7.960984 -0.060411
v 1.493118 7.984678 0.023570
v 1.509020 7.950142 0.043552
v 1.494017 7.982721 0.034219
v 1.505857 7.957012 -0.056906
v 1.511132 7.945552 -0.023572
v 1.495228 7.980088 0.043552
v 1.507541 7.953351 0.051212
v 1.495229 7.980088 -0.043554
v 1.496706 7.976879 0.051212
v 1.636915 7.988991 -0.012017
v 1.637074 7.989398 -0.000001
v 1.891535 7.980958 -0.000001
v 1.890610 7.980608 -0.012017
v 1.631966 7.976307 -0.056906
v 1.630416 7.972328 -0.060411
v 1.636446 7.987784 -0.023572
v 1.635679 7.985825 -0.034221
v 1.620690 7.947390 0.012015
v 1.621157 7.948597 0.023570
v 1.628802 7.968191 -0.061595
v 1.621923 7.950556 0.034219
v 1.636915 7.988991 0.012015
v 1.627189 7.964054 -0.060411
v 1.636446 7.987784 0.023570
v 1.622952 7.953195 0.043552
v 1.635679 7.985825 0.034219
v 1.625637 7.960074 -0.056906
v 1.621923 7.950556 -0.034221
v 1.621157 7.948597 -0.023572
v 1.634649 7.983187 0.043552
v 1.624204 7.956408 0.051212
v 1.634649 7.983187 -0.043554
v 1.633395 7.979973 0.051212
v 1.624204 7.956408 -0.051214
v 1.620690 7.947390 -0.012017
v 1.631966 7.976307 0.056904
v 1.625638 7.960075 0.056904
v 1.633395 7.979973 -0.051214
v 1.630415 7.972328 0.060409
v 1.622952 7.953195 -0.043554
v 1.620528 7.946982 -0.000001
v 1.628802 7.968191 0.061593
v 1.887870 7.979573 0.023570
v 1.883416 7.977892 0.034219
v 2.140306 7.934209 0.034219
v 2.146413 7.935589 0.023570
v 1.798853 7.945956 0.023570
v 1.803304 7.947637 0.034219
v 1.890610 7.980608 0.012015
v 1.843361 7.962764 -0.061595
v 1.833964 7.959215 -0.060411
v 1.809297 7.949900 0.043552
v 1.824926 7.955801 -0.056906
v 1.803304 7.947637 -0.034221
v 1.798853 7.945956 -0.023572
v 1.877424 7.975629 0.043552
v 1.816595 7.952657 0.051212
v 1.883416 7.977892 -0.034221
v 1.877423 7.975629 -0.043554
v 1.870123 7.972872 0.051212
v 1.816595 7.952657 -0.051214
v 1.796112 7.944919 -0.012017
v 1.861796 7.969727 0.056904
v 1.824929 7.955802 0.056904
v 1.870123 7.972872 -0.051214
v 1.852759 7.966314 0.060409
v 1.809297 7.949900 -0.043554
v 1.795185 7.944571 -0.000001
v 1.843361 7.962764 0.061593
v 1.833964 7.959215 0.060409
v 1.861796 7.969727 -0.056906
v 1.796112 7.944919 0.012015
v 1.843361 7.962764 0.061593
v 1.852760 7.966314 -0.060411
v 1.887870 7.979573 -0.023572
v 2.020606 7.907125 -0.012017
v 2.024366 7.907977 -0.023572
v 2.297916 7.832999 -0.023572
v 2.293116 7.832491 -0.012018
v 2.072504 7.918868 -0.060411
v 2.060112 7.916063 -0.056906
v 2.030468 7.909357 -0.034221
v 2.132092 7.932350 0.043552
v 2.038683 7.911216 0.043552
v 2.048691 7.913480 0.051212
v 2.140306 7.934209 -0.034221
v 2.132090 7.932350 -0.043554
v 2.122082 7.930086 0.051212
v 2.048691 7.913480 -0.051214
v 2.110664 7.927502 0.056904
v 2.060115 7.916064 0.056904
v 2.122082 7.930086 -0.051214
v 2.098273 7.924698 0.060409
v 2.038684 7.911216 -0.043554
v 2.019336 7.906838 -0.000001
v 2.085388 7.921782 0.061593
v 2.072504 7.918868 0.060409
v 2.110664 7.927502 -0.056906
v 2.020606 7.907125 0.012015
v 2.085388 7.921782 0.061593
v 2.098274 7.924698 -0.060411
v 2.146413 7.935589 -0.023572
v 2.024366 7.907977 0.023570
v 2.150169 7.936440 -0.012017
v 2.085388 7.921782 -0.061595
v 2.151438 7.936727 -0.000001
v 2.030468 7.909357 0.034219
v 2.150169 7.936440 0.012015
v 2.408022 7.844604 -0.056906
v 2.422589 7.846139 -0.051214
v 2.613109 7.743832 -0.051215
v 2.598320 7.742413 -0.056907
v 2.408022 7.844604 0.056904
v 2.422589 7.846139 0.051212
v 2.328951 7.836269 0.051212
v 2.343525 7.837804 0.056904
v 2.435358 7.847485 -0.043554
v 2.392212 7.842937 0.060409
v 2.328951 7.836269 -0.051215
v 2.316182 7.834923 -0.043555
v 2.291498 7.832322 -0.000001
v 2.375771 7.841204 0.061593
v 2.359333 7.839471 0.060409
v 2.305700 7.833818 -0.034221
v 2.293116 7.832491 0.012015
v 2.375771 7.841204 0.061593
v 2.392213 7.842937 -0.060411
v 2.453631 7.849410 -0.023572
v 2.445842 7.848590 -0.034221
v 2.297916 7.832999 0.023570
v 2.458424 7.849916 -0.012018
v 2.375771 7.841204 -0.061595
v 2.460043 7.850086 -0.000001
v 2.305700 7.833818 0.034218
v 2.458424 7.849916 0.012015
v 2.359333 7.839471 -0.060411
v 2.453631 7.849410 0.023570
v 2.316182 7.834923 0.043552
v 2.445842 7.848590 0.034218
v 2.343522 7.837804 -0.056906
v 2.435360 7.847485 0.043552
v 2.486536 7.731687 0.023569
v 2.481663 7.731217 0.012015
v 2.623517 7.651992 0.012014
v 2.628786 7.652083 0.023569
v 2.505080 7.733466 -0.043555
v 2.494439 7.732444 -0.034221
v 2.480020 7.731061 -0.000002
v 2.548889 7.737669 0.060408
v 2.565577 7.739271 0.061592
v 2.582269 7.740872 -0.060412
v 2.644623 7.746855 -0.023573
v 2.636715 7.746098 -0.034221
v 2.649489 7.747323 -0.012018
v 2.565577 7.739271 -0.061595
v 2.651133 7.747479 -0.000002
v 2.494439 7.732444 0.034218
v 2.649489 7.747323 0.012015
v 2.548889 7.737669 -0.060412
v 2.644623 7.746855 0.023569
v 2.505080 7.733466 0.043552
v 2.636715 7.746098 0.034218
v 2.532836 7.736128 -0.056907
v 2.486536 7.731687 -0.023573
v 2.626074 7.745076 0.043552
v 2.518044 7.734710 0.051212
v 2.626073 7.745076 -0.043555
v 2.613109 7.743832 0.051212
v 2.518044 7.734710 -0.051215
v 2.481663 7.731217 -0.012018
v 2.598320 7.742413 0.056903
v 2.532840 7.736128 0.056903
v 2.582268 7.740872 0.060409
v 2.565577 7.739271 0.061592
v 2.696177 7.653230 -0.060412
v 2.714215 7.653537 -0.061596
v 2.800966 7.521276 -0.061595
v 2.782928 7.520968 -0.060412
v 2.804909 7.655081 -0.012018
v 2.799649 7.654992 -0.023573
v 2.732256 7.653844 -0.060412
v 2.806686 7.655111 -0.000002
v 2.637326 7.652227 0.034217
v 2.804909 7.655081 0.012014
v 2.799649 7.654992 0.023569
v 2.648828 7.652424 0.043551
v 2.791103 7.654847 0.034217
v 2.678827 7.652934 -0.056907
v 2.637326 7.652227 -0.034222
v 2.628786 7.652083 -0.023573
v 2.779602 7.654651 0.043551
v 2.662840 7.652662 0.051211
v 2.791103 7.654847 -0.034222
v 2.779600 7.654651 -0.043555
v 2.765589 7.654413 0.051211
v 2.662840 7.652662 -0.051215
v 2.623517 7.651992 -0.012019
v 2.749604 7.654140 0.056903
v 2.678831 7.652934 0.056903
v 2.765589 7.654413 -0.051215
v 2.732255 7.653845 0.060408
v 2.648829 7.652424 -0.043555
v 2.621742 7.651963 -0.000002
v 2.714215 7.653537 0.061592
v 2.696177 7.653230 0.060408
v 2.749604 7.654140 -0.056907
v 2.714215 7.653537 0.061592
v 2.749591 7.520401 0.051212
v 2.735579 7.520162 0.043552
v 2.742347 7.423779 0.043552
v 2.756395 7.423720 0.051212
v 2.886400 7.522730 0.023569
v 2.891660 7.522820 0.012015
v 2.724077 7.519966 0.034218
v 2.877854 7.522586 0.034218
v 2.765578 7.520672 -0.056907
v 2.724077 7.519966 -0.034221
v 2.715537 7.519821 -0.023572
v 2.866352 7.522389 0.043552
v 2.877854 7.522586 -0.034221
v 2.866351 7.522389 -0.043555
v 2.852340 7.522151 0.051212
v 2.749591 7.520401 -0.051215
v 2.710268 7.519730 -0.012018
v 2.836355 7.521879 0.056904
v 2.765582 7.520672 0.056904
v 2.852340 7.522151 -0.051215
v 2.819006 7.521583 0.060409
v 2.735579 7.520162 -0.043555
v 2.708493 7.519701 -0.000002
v 2.800966 7.521276 0.061592
v 2.782928 7.520968 0.060409
v 2.836355 7.521879 -0.056907
v 2.710268 7.519730 0.012015
v 2.800966 7.521276 0.061592
v 2.819007 7.521583 -0.060412
v 2.886400 7.522730 -0.023572
v 2.715537 7.519821 0.023569
v 2.891660 7.522820 -0.012018
v 2.893437 7.522850 -0.000002
v 2.742347 7.423779 -0.043554
v 2.756395 7.423720 -0.051214
v 2.734730 6.839493 -0.051209
v 2.720684 6.839411 -0.043549
v 2.884990 7.423179 -0.034221
v 2.873456 7.423227 -0.043554
v 2.859410 7.423286 0.051212
v 2.873458 7.423227 0.043552
v 2.772423 7.423651 -0.056906
v 2.722253 7.423865 -0.023572
v 2.716970 7.423885 -0.012018
v 2.843383 7.423355 0.056904
v 2.772427 7.423652 0.056904
v 2.859410 7.423286 -0.051214
v 2.825990 7.423427 0.060409
v 2.715192 7.423894 -0.000001
v 2.807903 7.423502 0.061592
v 2.789819 7.423579 0.060409
v 2.843383 7.423355 -0.056906
v 2.730815 7.423827 -0.034221
v 2.716970 7.423885 0.012015
v 2.807903 7.423502 0.061592
v 2.825991 7.423426 -0.060411
v 2.893558 7.423142 -0.023572
v 2.722253 7.423865 0.023570
v 2.898830 7.423120 -0.012017
v 2.807903 7.423502 -0.061595
v 2.900611 7.423112 -0.000001
v 2.730815 7.423827 0.034218
v 2.898830 7.423120 0.012015
v 2.789819 7.423579 -0.060411
v 2.893558 7.423142 0.023570
v 2.884990 7.423179 0.034218
v 2.786229 6.839795 0.061598
v 2.768148 6.839689 0.060414
v 2.761047 6.464418 0.060418
v 2.779082 6.464103 0.061602
v 2.695311 6.839261 -0.012012
v 2.693533 6.839252 0.000004
v 2.786229 6.839795 0.061598
v 2.804313 6.839902 0.060414
v 2.750759 6.839587 0.056909
v 2.837728 6.840098 -0.051209
v 2.821704 6.840005 -0.056901
v 2.709154 6.839343 -0.034215
v 2.695311 6.839261 0.012020
v 2.804314 6.839901 -0.060406
v 2.871870 6.840298 -0.023567
v 2.863304 6.840249 -0.034215
v 2.700593 6.839293 0.023575
v 2.877142 6.840330 -0.012012
v 2.786229 6.839795 -0.061590
v 2.878923 6.840340 0.000004
v 2.709154 6.839343 0.034224
v 2.877142 6.840330 0.012020
v 2.768148 6.839689 -0.060406
v 2.871870 6.840298 0.023575
v 2.720684 6.839411 0.043557
v 2.863304 6.840249 0.034224
v 2.750756 6.839586 -0.056901
v 2.700593 6.839293 -0.023567
v 2.851774 6.840180 0.043557
v 2.734730 6.839493 0.051217
v 2.851773 6.840180 -0.043549
v 2.837728 6.840098 0.051217
v 2.821704 6.840005 0.056909
v 2.869762 6.462516 -0.012008
v 2.871539 6.462485 0.000008
v 2.878649 6.303981 0.000010
v 2.876873 6.303951 -0.012006
v 2.814466 6.463485 -0.056897
v 2.797121 6.463787 -0.060402
v 2.864504 6.462609 -0.023562
v 2.855960 6.462758 -0.034211
v 2.688397 6.465689 0.012025
v 2.693666 6.465598 0.023579
v 2.779083 6.464103 -0.061585
v 2.702204 6.465448 0.034228
v 2.869762 6.462516 0.012025
v 2.761047 6.464418 -0.060402
v 2.864504 6.462609 0.023579
v 2.713706 6.465247 0.043562
v 2.855960 6.462758 0.034228
v 2.743699 6.464721 -0.056897
v 2.702204 6.465448 -0.034211
v 2.693666 6.465598 -0.023563
v 2.844459 6.462959 0.043562
v 2.727715 6.465002 0.051222
v 2.844458 6.462959 -0.043545
v 2.830449 6.463205 0.051222
v 2.727715 6.465002 -0.051205
v 2.688397 6.465689 -0.012008
v 2.814466 6.463485 0.056913
v 2.743703 6.464722 0.056913
v 2.830449 6.463205 -0.051205
v 2.797120 6.463788 0.060419
v 2.713706 6.465247 -0.043545
v 2.686624 6.465721 0.000008
v 2.779082 6.464103 0.061602
v 2.881351 6.082785 0.038962
v 2.891108 6.082785 0.026837
v 2.891112 6.245786 0.026837
v 2.881355 6.245786 0.038962
v 2.833969 6.082785 0.064792
v 2.814162 6.082785 0.068783
v 2.772967 6.082785 0.068783
v 2.753161 6.082785 0.064792
v 2.833969 6.082785 -0.064795
v 2.852221 6.082785 -0.058314
v 2.793565 6.082785 0.070131
v 2.705779 6.082785 -0.038964
v 2.718909 6.082785 -0.049592
v 2.690014 6.082785 0.013681
v 2.793565 6.082785 0.070131
v 2.814162 6.082785 -0.068785
v 2.696022 6.082785 -0.026839
v 2.696022 6.082785 0.026837
v 2.881351 6.082785 -0.038964
v 2.891108 6.082785 -0.026839
v 2.793565 6.082785 -0.070133
v 2.897116 6.082785 -0.013683
v 2.705779 6.082785 0.038962
v 2.899145 6.082785 -0.000001
v 2.772967 6.082785 -0.068785
v 2.897116 6.082785 0.013681
v 2.718909 6.082785 0.049590
v 2.753161 6.082785 -0.064795
v 2.734908 6.082785 0.058311
v 2.868221 6.082785 -0.049592
v 2.868221 6.082785 0.049590
v 2.734908 6.082785 -0.058314
v 2.852221 6.082785 0.058312
v 2.871614 6.303859 -0.023561
v 2.897120 6.245786 -0.013683
v 2.891112 6.245786 -0.026839
v 2.734912 6.245786 0.058311
v 2.718913 6.245786 0.049590
v 2.868225 6.245786 -0.049592
v 2.881355 6.245786 -0.038964
v 2.868225 6.245786 0.049590
v 2.734912 6.245786 -0.058314
v 2.753165 6.245786 -0.064795
v 2.690018 6.245786 -0.013683
v 2.696026 6.245786 -0.026839
v 2.852226 6.245786 0.058312
v 2.753165 6.245786 0.064792
v 2.852226 6.245786 -0.058314
v 2.833972 6.245786 0.064792
v 2.718913 6.245786 -0.049592
v 2.687989 6.245786 -0.000001
v 2.814166 6.245786 0.068783
v 2.772971 6.245786 0.068783
v 2.833972 6.245786 -0.064795
v 2.793569 6.245786 0.070131
v 2.705783 6.245786 -0.038964
v 2.690018 6.245786 0.013681
v 2.793569 6.245786 0.070131
v 2.814166 6.245786 -0.068785
v 2.696026 6.245786 0.026837
v 2.793569 6.245786 -0.070133
v 2.705783 6.245786 0.038962
v 2.899149 6.245786 -0.000001
v 2.772971 6.245786 -0.068785
v 2.897120 6.245786 0.013681
v 2.863069 6.303711 -0.034210
v 2.700769 6.300890 0.023581
v 2.709308 6.301038 0.034230
v 2.876873 6.303951 0.012026
v 2.786190 6.302374 -0.061584
v 2.768153 6.302061 -0.060400
v 2.871614 6.303859 0.023581
v 2.720810 6.301238 0.043563
v 2.863069 6.303711 0.034230
v 2.750805 6.301758 -0.056895
v 2.709308 6.301038 -0.034210
v 2.700769 6.300890 -0.023561
v 2.851568 6.303511 0.043563
v 2.734820 6.301482 0.051223
v 2.851567 6.303511 -0.043543
v 2.837558 6.303268 0.051223
v 2.734820 6.301482 -0.051203
v 2.695501 6.300798 -0.012006
v 2.821574 6.302991 0.056915
v 2.750809 6.301759 0.056915
v 2.837558 6.303268 -0.051203
v 2.804228 6.302688 0.060420
v 2.720810 6.301238 -0.043543
v 2.693727 6.300767 0.000010
v 2.786189 6.302374 0.061604
v 2.768153 6.302061 0.060420
v 2.821574 6.302991 -0.056895
v 2.695501 6.300798 0.012026
v 2.786189 6.302374 0.061604
v 2.804229 6.302688 -0.060400
v 2.743605 6.268222 -0.051203
v 2.738215 6.271689 -0.056895
v 2.755092 6.260836 -0.023561
v 2.584444 6.259284 -0.023560
v 2.585494 6.261237 -0.034209
v 2.752212 6.262690 -0.034209
v 2.704217 6.293541 -0.043543
v 2.700335 6.296035 -0.034209
v 2.695080 6.299415 0.000010
v 2.695675 6.299029 0.012026
v 2.720187 6.283274 0.060420
v 2.726271 6.279362 0.061604
v 2.732356 6.275450 -0.060400
v 2.697459 6.297887 0.023581
v 2.756866 6.259696 -0.012006
v 2.726270 6.279362 -0.061583
v 2.757464 6.259310 0.000010
v 2.700335 6.296035 0.034230
v 2.756866 6.259696 0.012027
v 2.720187 6.283274 -0.060400
v 2.755092 6.260836 0.023581
v 2.704217 6.293541 0.043563
v 2.752212 6.262690 0.034230
v 2.714331 6.287036 -0.056895
v 2.697459 6.297887 -0.023561
v 2.748331 6.265183 0.043563
v 2.708943 6.290503 0.051223
v 2.748331 6.265184 -0.043543
v 2.743605 6.268222 0.051223
v 2.708943 6.290503 -0.051203
v 2.695675 6.299029 -0.012006
v 2.738215 6.271689 0.056915
v 2.714334 6.287035 0.056915
v 2.732359 6.275451 0.060420
v 2.726271 6.279362 0.061604
v 2.583798 6.258082 0.012027
v 2.376159 6.269926 0.012028
v 2.375424 6.269553 0.000011
v 2.583579 6.257675 0.000011
v 2.606043 6.299537 0.012027
v 2.605403 6.298332 0.023581
v 2.583798 6.258082 -0.012006
v 2.592706 6.274685 -0.060400
v 2.594919 6.278808 -0.061583
v 2.604351 6.296381 0.034230
v 2.597134 6.282931 -0.060400
v 2.584444 6.259284 0.023581
v 2.602942 6.293752 0.043564
v 2.585494 6.261237 0.034230
v 2.599258 6.286896 -0.056895
v 2.604351 6.296381 -0.034209
v 2.605403 6.298332 -0.023560
v 2.586904 6.263865 0.043564
v 2.601223 6.290550 0.051224
v 2.586905 6.263865 -0.043543
v 2.588623 6.267068 0.051224
v 2.601223 6.290550 -0.051203
v 2.606043 6.299537 -0.012006
v 2.590587 6.270720 0.056916
v 2.599260 6.286895 0.056916
v 2.588623 6.267068 -0.051203
v 2.592710 6.274686 0.060421
v 2.602942 6.293751 -0.043543
v 2.606264 6.299942 0.000011
v 2.594921 6.278809 0.061604
v 2.597134 6.282931 0.060421
v 2.590587 6.270720 -0.056895
v 2.594921 6.278809 0.061604
v 2.386611 6.275235 0.043565
v 2.050589 6.314630 0.043565
v 2.042284 6.312792 0.034232
v 2.381862 6.272822 0.034231
v 2.413609 6.288956 -0.061582
v 2.421060 6.292741 -0.060399
v 2.378331 6.271029 0.023582
v 2.445362 6.305090 0.034231
v 2.440614 6.302676 0.043564
v 2.428221 6.296382 -0.056894
v 2.445362 6.305090 -0.034208
v 2.448893 6.306881 -0.023560
v 2.434826 6.299736 0.051224
v 2.381862 6.272822 -0.034208
v 2.386613 6.275237 -0.043542
v 2.392398 6.278176 0.051225
v 2.434826 6.299736 -0.051202
v 2.451063 6.307988 -0.012005
v 2.399003 6.281530 0.056916
v 2.428222 6.296381 0.056916
v 2.392398 6.278176 -0.051202
v 2.406163 6.285170 0.060421
v 2.440613 6.302676 -0.043542
v 2.451798 6.308360 0.000011
v 2.413610 6.288956 0.061605
v 2.421060 6.292741 0.060421
v 2.399003 6.281530 -0.056894
v 2.451063 6.307988 0.012028
v 2.413610 6.288956 0.061605
v 2.406159 6.285170 -0.060399
v 2.378331 6.271029 -0.023560
v 2.448893 6.306881 0.023582
v 2.376159 6.269926 -0.012005
v 2.084778 6.322194 0.060422
v 1.831372 6.400118 0.060423
v 1.815668 6.398400 0.056918
v 2.072253 6.319422 0.056917
v 2.145021 6.335524 0.043565
v 2.134902 6.333285 0.051225
v 2.042284 6.312792 -0.034207
v 2.050592 6.314630 -0.043541
v 2.060708 6.316868 0.051225
v 2.123356 6.330731 -0.056893
v 2.134902 6.333285 -0.051201
v 2.159495 6.338725 -0.023559
v 2.163296 6.339568 -0.012004
v 2.123355 6.330730 0.056917
v 2.060708 6.316868 -0.051201
v 2.145020 6.335523 -0.043541
v 2.164578 6.339850 0.000012
v 2.097804 6.325077 0.061606
v 2.110829 6.327959 0.060422
v 2.072253 6.319422 -0.056893
v 2.153325 6.337361 -0.034207
v 2.163296 6.339568 0.012028
v 2.097804 6.325077 0.061606
v 2.084774 6.322195 -0.060398
v 2.036112 6.311427 -0.023559
v 2.159495 6.338725 0.023583
v 2.032314 6.310586 -0.012004
v 2.097802 6.325077 -0.061582
v 2.031030 6.310303 0.000012
v 2.153325 6.337361 0.034232
v 2.032314 6.310586 0.012029
v 2.110829 6.327959 -0.060398
v 2.036112 6.311427 0.023583
v 1.765598 6.392925 0.012030
v 1.634004 6.477264 0.012030
v 1.632235 6.477214 0.000014
v 1.763989 6.392749 0.000013
v 1.894214 6.406991 -0.051200
v 1.906898 6.408379 -0.043540
v 1.929813 6.410886 -0.012003
v 1.931420 6.411061 0.000013
v 1.847704 6.401906 0.061607
v 1.879738 6.405409 0.056918
v 1.864034 6.403691 0.060423
v 1.801195 6.396817 -0.051200
v 1.815668 6.398400 -0.056892
v 1.917312 6.409518 -0.034206
v 1.929813 6.410886 0.012030
v 1.847704 6.401906 0.061607
v 1.831369 6.400119 -0.060397
v 1.770360 6.393445 -0.023558
v 1.778097 6.394291 -0.034206
v 1.925045 6.410363 0.023584
v 1.765598 6.392925 -0.012003
v 1.847702 6.401905 -0.061580
v 1.917312 6.409518 0.034233
v 1.864034 6.403691 -0.060397
v 1.770360 6.393445 0.023584
v 1.906900 6.408379 0.043566
v 1.778097 6.394291 0.034233
v 1.879740 6.405410 -0.056892
v 1.925045 6.410363 -0.023558
v 1.788509 6.395431 0.043566
v 1.894214 6.406991 0.051226
v 1.788512 6.395431 -0.043540
v 1.801194 6.396817 0.051226
v 1.659190 6.477974 0.043567
v 1.591532 6.607598 0.043568
v 1.580069 6.607889 0.034234
v 1.647743 6.477651 0.034233
v 1.724265 6.479814 -0.061580
v 1.742219 6.480321 -0.060396
v 1.639238 6.477411 0.023585
v 1.800789 6.481975 0.034233
v 1.789343 6.481652 0.043567
v 1.759486 6.480809 -0.056891
v 1.800789 6.481975 -0.034206
v 1.809289 6.482214 -0.023557
v 1.775396 6.481258 0.051227
v 1.647743 6.477651 -0.034206
v 1.659193 6.477974 -0.043539
v 1.673135 6.478369 0.051227
v 1.775396 6.481258 -0.051199
v 1.814533 6.482364 -0.012002
v 1.689046 6.478817 0.056919
v 1.759483 6.480809 0.056919
v 1.673135 6.478369 -0.051199
v 1.706311 6.479306 0.060424
v 1.789341 6.481652 -0.043539
v 1.816298 6.482413 0.000014
v 1.724267 6.479814 0.061608
v 1.742219 6.480321 0.060424
v 1.689046 6.478817 -0.056891
v 1.814533 6.482364 0.012030
v 1.724267 6.479814 0.061608
v 1.706310 6.479307 -0.060396
v 1.639238 6.477411 -0.023557
v 1.809289 6.482214 0.023585
v 1.634004 6.477264 -0.012002
v 1.638718 6.606394 0.060425
v 1.636683 6.861805 0.060427
v 1.619289 6.861871 0.056922
v 1.621428 6.606835 0.056920
v 1.721866 6.604277 0.043568
v 1.707900 6.604633 0.051228
v 1.580069 6.607889 -0.034205
v 1.591535 6.607597 -0.043538
v 1.605496 6.607241 0.051228
v 1.691969 6.605039 -0.056890
v 1.707900 6.604633 -0.051198
v 1.741840 6.603767 -0.023556
v 1.747092 6.603634 -0.012001
v 1.691965 6.605039 0.056920
v 1.605496 6.607241 -0.051198
v 1.721864 6.604277 -0.043538
v 1.748858 6.603589 0.000015
v 1.656700 6.605937 0.061609
v 1.674676 6.605479 0.060425
v 1.621428 6.606835 -0.056890
v 1.733328 6.603985 -0.034205
v 1.747092 6.603634 0.012031
v 1.656700 6.605937 0.061609
v 1.638718 6.606396 -0.060395
v 1.571552 6.608107 -0.023556
v 1.741839 6.603767 0.023586
v 1.566311 6.608241 -0.012001
v 1.656698 6.605937 -0.061579
v 1.564540 6.608286 0.000015
v 1.733328 6.603985 0.034234
v 1.566311 6.608241 0.012031
v 1.674676 6.605479 -0.060395
v 1.571552 6.608107 0.023586
v 1.672857 6.861668 0.060427
v 1.677175 7.275471 0.060430
v 1.659091 7.275395 0.061613
v 1.654773 6.861737 0.061610
v 1.706280 6.861539 -0.051197
v 1.720328 6.861486 -0.043537
v 1.745707 6.861389 -0.012000
v 1.747484 6.861381 0.000017
v 1.654773 6.861737 0.061610
v 1.690249 6.861601 0.056922
v 1.603262 6.861934 -0.051197
v 1.619290 6.861871 -0.056888
v 1.731861 6.861442 -0.034203
v 1.745707 6.861389 0.012033
v 1.636682 6.861806 -0.060393
v 1.569114 6.862064 -0.023554
v 1.577682 6.862031 -0.034203
v 1.740423 6.861408 0.023587
v 1.563841 6.862085 -0.012000
v 1.654770 6.861737 -0.061577
v 1.562060 6.862091 0.000017
v 1.731861 6.861442 0.034236
v 1.563841 6.862085 0.012033
v 1.672857 6.861668 -0.060393
v 1.569114 6.862064 0.023587
v 1.720330 6.861486 0.043570
v 1.577682 6.862031 0.034236
v 1.690253 6.861602 -0.056888
v 1.740423 6.861408 -0.023554
v 1.589214 6.861988 0.043570
v 1.706280 6.861539 0.051230
v 1.589217 6.861986 -0.043537
v 1.603262 6.861934 0.051230
v 1.566381 7.275004 0.000020
v 1.552200 7.514687 0.000021
v 1.553982 7.514687 -0.011995
v 1.568163 7.275012 -0.011997
v 1.623610 7.275245 -0.056885
v 1.641002 7.275319 -0.060391
v 1.573435 7.275034 -0.023551
v 1.582003 7.275070 -0.034200
v 1.750023 7.275778 0.012036
v 1.744739 7.275755 0.023590
v 1.659089 7.275395 -0.061574
v 1.736177 7.275720 0.034239
v 1.568163 7.275012 0.012036
v 1.677175 7.275471 -0.060391
v 1.573435 7.275034 0.023590
v 1.724646 7.275672 0.043573
v 1.582003 7.275070 0.034239
v 1.694570 7.275546 -0.056885
v 1.736177 7.275720 -0.034200
v 1.744739 7.275755 -0.023551
v 1.593535 7.275119 0.043573
v 1.710597 7.275612 0.051233
v 1.593538 7.275117 -0.043534
v 1.607582 7.275177 0.051233
v 1.710597 7.275612 -0.051194
v 1.750023 7.275778 -0.011997
v 1.623610 7.275245 0.056925
v 1.694567 7.275545 0.056925
v 1.607582 7.275177 -0.051194
v 1.641003 7.275318 0.060430
v 1.724645 7.275672 -0.043534
v 1.751800 7.275785 0.000020
v 1.659091 7.275395 0.061613
v 1.567825 7.514681 0.034241
v 1.568002 7.540618 0.007850
v 1.559432 7.540620 0.005414
v 1.559255 7.514683 0.023592
v 1.730588 7.514621 0.023592
v 1.722025 7.514626 0.034241
v 1.553982 7.514687 0.012038
v 1.644923 7.514653 -0.061572
v 1.663013 7.514646 -0.060389
v 1.710492 7.514630 0.043574
v 1.680411 7.514641 -0.056884
v 1.722025 7.514626 -0.034198
v 1.730588 7.514621 -0.023550
v 1.579358 7.514677 0.043574
v 1.696440 7.514634 0.051234
v 1.567825 7.514681 -0.034198
v 1.579361 7.514675 -0.043532
v 1.593408 7.514671 0.051234
v 1.696440 7.514634 -0.051192
v 1.735873 7.514620 -0.011995
v 1.609438 7.514665 0.056926
v 1.680407 7.514640 0.056926
v 1.593408 7.514671 -0.051192
v 1.626834 7.514659 0.060431
v 1.710490 7.514630 -0.043532
v 1.737650 7.514618 0.000021
v 1.644926 7.514653 0.061615
v 1.663013 7.514646 0.060431
v 1.609438 7.514665 -0.056884
v 1.735873 7.514620 0.012038
v 1.644926 7.514653 0.061615
v 1.626833 7.514660 -0.060389
v 1.559255 7.514683 -0.023550
v 1.730765 7.540558 -0.005370
v 1.840329 7.547619 -0.012257
v 1.852362 7.547616 -0.006238
v 1.736049 7.540557 -0.002727
v 1.663189 7.540583 -0.013798
v 1.680588 7.540578 -0.012996
v 1.722201 7.540562 -0.007806
v 1.579535 7.540613 0.009986
v 1.710669 7.540567 0.009986
v 1.696617 7.540571 0.011738
v 1.568002 7.540618 -0.007806
v 1.579538 7.540612 -0.009941
v 1.593585 7.540608 0.011738
v 1.696617 7.540571 -0.011694
v 1.609615 7.540602 0.013040
v 1.680584 7.540577 0.013040
v 1.593585 7.540608 -0.011694
v 1.627011 7.540596 0.013842
v 1.710667 7.540567 -0.009941
v 1.737827 7.540555 0.000022
v 1.645102 7.540590 0.014113
v 1.663189 7.540583 0.013842
v 1.609615 7.540602 -0.012996
v 1.736049 7.540557 0.002771
v 1.645102 7.540590 0.014113
v 1.627010 7.540597 -0.013798
v 1.559432 7.540620 -0.005370
v 1.730765 7.540558 0.005414
v 1.554159 7.540624 -0.002727
v 1.645100 7.540590 -0.014068
v 1.552377 7.540624 0.000022
v 1.722201 7.540562 0.007850
v 1.554159 7.540624 0.002771
v 1.527943 7.547732 -0.026657
v 1.455530 7.564338 -0.043172
v 1.514630 7.564313 -0.047973
v 1.564446 7.547717 -0.029622
v 1.564446 7.547717 0.029667
v 1.527942 7.547732 0.026701
v 1.762567 7.547648 0.026701
v 1.726057 7.547662 0.029667
v 1.495955 7.547741 -0.022667
v 1.604060 7.547704 0.031493
v 1.762567 7.547648 -0.026657
v 1.794561 7.547638 -0.022667
v 1.856410 7.547612 0.000022
v 1.645258 7.547692 0.032109
v 1.686445 7.547675 0.031492
v 1.820828 7.547628 -0.017804
v 1.852362 7.547616 0.006282
v 1.645258 7.547692 0.032109
v 1.604058 7.547707 -0.031448
v 1.450170 7.547759 -0.012257
v 1.469684 7.547754 -0.017804
v 1.840328 7.547619 0.012301
v 1.438161 7.547767 -0.006238
v 1.645252 7.547692 -0.032065
v 1.434103 7.547767 0.000022
v 1.820828 7.547628 0.017849
v 1.438161 7.547767 0.006282
v 1.686445 7.547675 -0.031448
v 1.450170 7.547759 0.012301
v 1.794566 7.547638 0.022711
v 1.469684 7.547754 0.017849
v 1.726065 7.547663 -0.029622
v 1.495948 7.547744 0.022711
v 1.980773 7.564150 0.010157
v 2.032590 7.590180 0.011718
v 2.010107 7.590185 0.022964
v 1.961290 7.564154 0.019902
v 1.887192 7.564185 -0.036711
v 1.929718 7.564169 -0.028839
v 1.987327 7.564144 0.000022
v 1.712150 7.564245 0.050973
v 1.645467 7.564272 0.051972
v 1.578762 7.564297 -0.050929
v 1.329613 7.564382 -0.019858
v 1.361209 7.564373 -0.028839
v 1.310172 7.564394 -0.010113
v 1.645458 7.564272 -0.051927
v 1.303602 7.564394 0.000022
v 1.929718 7.564169 0.028884
v 1.310172 7.564394 0.010157
v 1.712150 7.564245 -0.050929
v 1.329613 7.564382 0.019902
v 1.887200 7.564185 0.036756
v 1.361209 7.564373 0.028884
v 1.776295 7.564226 -0.047973
v 1.961291 7.564154 -0.019858
v 1.403730 7.564357 0.036756
v 1.835393 7.564201 0.043217
v 1.403741 7.564353 -0.036711
v 1.455529 7.564338 0.043217
v 1.835393 7.564201 -0.043172
v 1.980773 7.564150 -0.010113
v 1.514630 7.564313 0.048017
v 1.776282 7.564224 0.048017
v 1.578766 7.564292 0.050973
v 1.645467 7.564272 0.051972
v 1.645635 7.590322 -0.059927
v 1.645818 7.617167 -0.063936
v 1.727928 7.617134 -0.062707
v 1.722599 7.590290 -0.058775
v 1.258715 7.590462 -0.011673
v 1.281151 7.590447 -0.022919
v 1.568669 7.590349 -0.058775
v 1.251133 7.590462 0.000022
v 1.973673 7.590202 0.033328
v 1.258715 7.590462 0.011718
v 1.281151 7.590447 0.022964
v 1.924606 7.590221 0.042413
v 1.317611 7.590437 0.033329
v 1.796622 7.590268 -0.055364
v 1.973673 7.590202 -0.033284
v 2.010107 7.590185 -0.022919
v 1.366681 7.590419 0.042413
v 1.864821 7.590240 0.049869
v 1.317611 7.590437 -0.033284
v 1.366693 7.590414 -0.042368
v 1.426458 7.590397 0.049869
v 1.864821 7.590240 -0.049824
v 2.032590 7.590180 -0.011673
v 1.494660 7.590368 0.055409
v 1.796606 7.590266 0.055409
v 1.426459 7.590397 -0.049824
v 1.568673 7.590344 0.058820
v 1.924598 7.590221 -0.042368
v 2.040153 7.590173 0.000022
v 1.645646 7.590322 0.059972
v 1.722599 7.590290 0.058820
v 1.494660 7.590368 -0.055364
v 1.645646 7.590322 0.059972
v 1.943443 7.617060 0.045248
v 1.943864 7.678658 0.045248
v 1.880081 7.678678 0.053202
v 1.879660 7.617080 0.053202
v 1.256961 7.617302 0.024498
v 1.233026 7.617317 0.012500
v 1.995790 7.617040 0.035556
v 1.295860 7.617291 0.035556
v 1.806901 7.617111 -0.059067
v 1.995790 7.617040 -0.035511
v 2.034661 7.617022 -0.024453
v 1.348210 7.617271 0.045248
v 1.295860 7.617291 -0.035511
v 1.348224 7.617266 -0.045203
v 1.411985 7.617248 0.053202
v 1.879660 7.617080 -0.053157
v 2.058647 7.617016 -0.012455
v 1.484748 7.617218 0.059112
v 1.806884 7.617109 0.059112
v 1.411986 7.617248 -0.053157
v 1.563710 7.617192 0.062752
v 1.943434 7.617060 -0.045203
v 2.066716 7.617009 0.000022
v 1.645830 7.617167 0.063981
v 1.727928 7.617134 0.062752
v 1.484748 7.617218 -0.059067
v 2.058647 7.617016 0.012500
v 1.645830 7.617167 0.063981
v 1.563705 7.617198 -0.062707
v 1.256961 7.617302 -0.024453
v 2.034661 7.617022 0.024498
v 1.233026 7.617317 -0.012455
v 1.224937 7.617317 0.000022
v 1.880081 7.678678 -0.053157
v 1.863051 7.700004 -0.049251
v 1.922140 7.699986 -0.041881
v 1.943855 7.678658 -0.045203
v 1.296281 7.678889 -0.035511
v 1.348645 7.678864 -0.045203
v 1.412406 7.678846 0.053202
v 1.348631 7.678869 0.045248
v 1.807322 7.678708 -0.059067
v 2.035082 7.678619 -0.024453
v 2.059068 7.678614 -0.012455
v 1.485168 7.678815 0.059112
v 1.807305 7.678707 0.059112
v 1.412407 7.678846 -0.053157
v 1.564131 7.678790 0.062752
v 2.067137 7.678607 0.000022
v 1.646251 7.678765 0.063981
v 1.728349 7.678732 0.062752
v 1.485169 7.678815 -0.059067
v 1.996211 7.678638 -0.035511
v 2.059068 7.678614 0.012500
v 1.646251 7.678765 0.063981
v 1.564126 7.678795 -0.062707
v 1.257382 7.678900 -0.024453
v 2.035081 7.678619 0.024498
v 1.233446 7.678915 -0.012455
v 1.646239 7.678765 -0.063936
v 1.225358 7.678915 0.000022
v 1.996211 7.678638 0.035556
v 1.233446 7.678915 0.012500
v 1.728349 7.678732 -0.062707
v 1.257382 7.678900 0.024498
v 1.296281 7.678889 0.035556
v 1.722463 7.700054 0.058144
v 1.713166 7.717432 0.050950
v 1.646513 7.717459 0.051948
v 1.646395 7.700085 0.059283
v 2.028891 7.699944 -0.011539
v 2.036368 7.699938 0.000022
v 1.646395 7.700085 0.059283
v 1.570307 7.700107 0.058144
v 1.795620 7.700030 0.054772
v 1.429727 7.700160 -0.049251
v 1.497145 7.700131 -0.054727
v 1.970651 7.699966 -0.032901
v 2.028891 7.699944 0.011584
v 1.570303 7.700113 -0.058099
v 1.286089 7.700209 -0.022656
v 1.322131 7.700199 -0.032901
v 2.006667 7.699950 0.022700
v 1.263911 7.700223 -0.011539
v 1.646384 7.700085 -0.059238
v 1.256417 7.700223 0.000022
v 1.970651 7.699966 0.032946
v 1.263911 7.700223 0.011584
v 1.722463 7.700054 -0.058099
v 1.286089 7.700209 0.022700
v 1.922149 7.699986 0.041926
v 1.322131 7.700199 0.032946
v 1.795636 7.700032 -0.054727
v 2.006667 7.699950 -0.022656
v 1.370636 7.700181 0.041926
v 1.863051 7.700004 0.049296
v 1.370649 7.700176 -0.041881
v 1.429726 7.700160 0.049296
v 1.497144 7.700131 0.054772
v 1.304804 7.717581 0.000022
v 1.414632 7.740835 0.000023
v 1.419092 7.740835 -0.006856
v 1.311371 7.717581 -0.010108
v 1.515736 7.717500 -0.047950
v 1.579839 7.717484 -0.050905
v 1.330804 7.717568 -0.019849
v 1.362385 7.717559 -0.028826
v 1.981665 7.717336 0.010153
v 1.962192 7.717341 0.019893
v 1.646504 7.717459 -0.051903
v 1.930634 7.717355 0.028871
v 1.311371 7.717581 0.010153
v 1.713166 7.717432 -0.050905
v 1.330804 7.717568 0.019894
v 1.888135 7.717372 0.036739
v 1.362385 7.717559 0.028871
v 1.777281 7.717413 -0.047950
v 1.930634 7.717355 -0.028826
v 1.962192 7.717341 -0.019849
v 1.404886 7.717544 0.036739
v 1.836352 7.717388 0.043197
v 1.404897 7.717539 -0.036694
v 1.456662 7.717525 0.043197
v 1.836352 7.717388 -0.043152
v 1.981665 7.717336 -0.010108
v 1.515736 7.717500 0.047995
v 1.777268 7.717411 0.047995
v 1.456663 7.717525 -0.043152
v 1.579843 7.717479 0.050950
v 1.888127 7.717372 -0.036694
v 1.988217 7.717330 0.000022
v 1.646513 7.717459 0.051948
v 1.453732 7.740820 0.019612
v 1.526770 7.751837 0.012204
v 1.513435 7.751841 0.008413
v 1.432287 7.740826 0.013516
v 1.861030 7.740672 0.013516
v 1.839601 7.740682 0.019612
v 1.419092 7.740835 0.006901
v 1.646663 7.740752 -0.035238
v 1.691929 7.740734 -0.034560
v 1.810742 7.740693 0.024955
v 1.735467 7.740721 -0.032553
v 1.839601 7.740682 -0.019567
v 1.861031 7.740672 -0.013471
v 1.482593 7.740809 0.024955
v 1.775579 7.740704 0.029340
v 1.453732 7.740820 -0.019567
v 1.482600 7.740806 -0.024910
v 1.517751 7.740797 0.029340
v 1.775579 7.740704 -0.029295
v 1.874254 7.740668 -0.006856
v 1.557865 7.740780 0.032599
v 1.735458 7.740720 0.032598
v 1.517752 7.740797 -0.029295
v 1.601397 7.740765 0.034605
v 1.810737 7.740693 -0.024910
v 1.878703 7.740664 0.000023
v 1.646669 7.740752 0.035283
v 1.691929 7.740734 0.034605
v 1.557865 7.740780 -0.032553
v 1.874254 7.740668 0.006901
v 1.646669 7.740752 0.035283
v 1.601394 7.740768 -0.034560
v 1.432287 7.740826 -0.013471
v 1.780036 7.751745 -0.008368
v 1.708426 7.758468 -0.003857
v 1.712229 7.758467 -0.001955
v 1.788258 7.751742 -0.004255
v 1.674886 7.751783 -0.021481
v 1.701958 7.751775 -0.020234
v 1.766711 7.751750 -0.012159
v 1.544716 7.751830 0.015526
v 1.748766 7.751758 0.015526
v 1.726900 7.751764 0.018253
v 1.526770 7.751837 -0.012158
v 1.544721 7.751828 -0.015481
v 1.566579 7.751822 0.018253
v 1.726900 7.751764 -0.018208
v 1.591522 7.751812 0.020279
v 1.701952 7.751774 0.020279
v 1.566579 7.751822 -0.018208
v 1.618591 7.751802 0.021527
v 1.748762 7.751758 -0.015481
v 1.791024 7.751740 0.000023
v 1.646742 7.751794 0.021948
v 1.674886 7.751783 0.021527
v 1.591522 7.751812 -0.020234
v 1.788258 7.751742 0.004300
v 1.646742 7.751794 0.021948
v 1.618589 7.751805 -0.021481
v 1.513435 7.751841 -0.008368
v 1.780035 7.751745 0.008413
v 1.505230 7.751846 -0.004255
v 1.646738 7.751794 -0.021903
v 1.502457 7.751846 0.000023
v 1.766711 7.751750 0.012204
v 1.505230 7.751846 0.004300
v 1.609718 7.758503 -0.008408
v 1.638365 7.761248 -0.001898
v 1.640992 7.761247 -0.002111
v 1.621253 7.758499 -0.009345
v 1.621253 7.758499 0.009390
v 1.609718 7.758503 0.008453
v 1.683855 7.758477 0.008453
v 1.672319 7.758481 0.009390
v 1.599610 7.758506 -0.007147
v 1.633770 7.758494 0.009967
v 1.683855 7.758477 -0.008408
v 1.693965 7.758473 -0.007147
v 1.713508 7.758465 0.000023
v 1.646788 7.758490 0.010161
v 1.659802 7.758485 0.009967
v 1.702265 7.758470 -0.005610
v 1.712229 7.758467 0.002001
v 1.646788 7.758490 0.010161
v 1.633769 7.758495 -0.009922
v 1.585143 7.758512 -0.003857
v 1.591310 7.758511 -0.005610
v 1.708426 7.758468 0.003903
v 1.581349 7.758514 -0.001955
v 1.646786 7.758490 -0.010116
v 1.580066 7.758514 0.000023
v 1.702265 7.758470 0.005655
v 1.581349 7.758514 0.002001
v 1.659802 7.758485 -0.009922
v 1.585143 7.758512 0.003903
v 1.693966 7.758473 0.007192
v 1.591310 7.758511 0.005655
v 1.672321 7.758482 -0.009345
v 1.599608 7.758507 0.007192
v 1.660848 7.761240 -0.000861
v 1.659445 7.761240 -0.001260
v 1.657554 7.761241 -0.001610
v 1.655252 7.761242 -0.001898
v 1.652624 7.761243 -0.002111
v 1.649773 7.761244 -0.002242
v 1.646808 7.761245 -0.002287
v 1.643843 7.761246 -0.002242
v 1.640992 7.761247 -0.002111
v 1.638365 7.761248 -0.001898
v 1.636063 7.761249 -0.001610
v 1.634172 7.761250 -0.001260
v 1.632768 7.761250 -0.000861
v 1.631903 7.761250 -0.000428
v 1.631611 7.761250 0.000023
v 1.631903 7.761250 0.000473
v 1.632768 7.761250 0.000906
v 1.634172 7.761250 0.001306
v 1.636062 7.761249 0.001656
v 1.638365 7.761248 0.001943
v 1.640992 7.761247 0.002156
v 1.643843 7.761246 0.002288
v 1.646809 7.761245 0.002332
v 1.649773 7.761244 0.002288
v 1.652624 7.761243 0.002156
v 1.655252 7.761242 0.001943
v 1.657555 7.761241 0.001656
v 1.659445 7.761240 0.001306
v 1.660848 7.761240 0.000906
v 1.661714 7.761240 0.000473
v 1.662006 7.761240 0.000023
v 1.661714 7.761240 -0.000428
v 1.657554 7.761241 -0.001610
v 1.659445 7.761240 -0.001260
v 1.662006 7.761240 0.000023
v 1.661714 7.761240 0.000473
v 1.649773 7.761244 0.002288
v 1.646809 7.761245 0.002332
v 1.643843 7.761246 -0.002242
v 1.632768 7.761250 -0.000861
v 1.634172 7.761250 -0.001260
v 1.660848 7.761240 0.000906
v 1.631903 7.761250 -0.000428
v 1.646808 7.761245 -0.002287
v 1.631611 7.761250 0.000023
v 1.659445 7.761240 0.001306
v 1.631903 7.761250 0.000473
v 1.649773 7.761244 -0.002242
v 1.632768 7.761250 0.000906
v 1.657555 7.761241 0.001656
v 1.634172 7.761250 0.001306
v 1.652624 7.761243 -0.002111
v 1.660848 7.761240 -0.000861
v 1.636062 7.761249 0.001656
v 1.655252 7.761242 0.001943
v 1.636063 7.761249 -0.001610
v 1.638365 7.761248 0.001943
v 1.655252 7.761242 -0.001898
v 1.661714 7.761240 -0.000428
v 1.640992 7.761247 0.002156
v 1.652624 7.761243 0.002156
v 1.643843 7.761246 0.002288
v 1.646809 7.761245 0.002332
vn -0.0008 -0.0000 1.0000
vn -0.1310 -0.0000 0.9914
vn -0.2653 -0.0000 0.9642
vn -0.4057 -0.0000 0.9140
vn -0.5533 -0.0000 0.8330
vn -0.7050 -0.0000 0.7092
vn -0.8485 -0.0000 0.5291
vn -0.9580 -0.0000 0.2869
vn -1.0000 -0.0000 -0.0000
vn -0.9580 -0.0000 -0.2869
vn -0.8485 -0.0000 -0.5291
vn -0.7050 -0.0000 -0.7092
vn -0.5533 -0.0000 -0.8330
vn -0.4057 -0.0000 -0.9140
vn -0.2653 -0.0000 -0.9642
vn -0.1310 -0.0000 -0.9914
vn -0.0000 -0.0000 -1.0000
vn 0.1310 -0.0000 -0.9914
vn 0.2653 -0.0000 -0.9642
vn 0.4057 -0.0000 -0.9140
vn 0.5533 -0.0000 -0.8330
vn 0.7050 -0.0000 -0.7092
vn 0.8485 -0.0000 -0.5291
vn 0.9580 -0.0000 -0.2869
vn 1.0000 -0.0000 -0.0000
vn 0.9580 -0.0000 0.2869
vn 0.8485 -0.0000 0.5291
vn 0.7050 -0.0000 0.7092
vn 0.5533 -0.0000 0.8330
vn 0.4057 -0.0000 0.9140
vn 0.2653 -0.0000 0.9642
vn 0.1310 -0.0000 0.9914
vn 0.0008 -0.0000 1.0000
vn -1.0000 -0.0063 -0.0000
vn -0.9580 -0.0061 0.2866
vn 0.9580 -0.0000 0.2868
vn -0.9571 0.0292 -0.2882
vn -0.8468 0.0306 -0.5311
vn -0.4036 0.0411 -0.9140
vn -0.5506 0.0370 -0.8340
vn -0.3968 0.6579 -0.6401
vn -0.3203 0.5299 -0.7853
vn 0.9584 -0.0420 -0.2823
vn 0.9991 -0.0422 -0.0000
vn -0.7025 0.0331 -0.7109
vn 0.9585 -0.0420 0.2821
vn -0.5506 0.0366 -0.8340
vn 0.8522 -0.0414 0.5216
vn 0.7121 -0.0406 0.7009
vn -0.2651 0.0443 -0.9632
vn -0.0063 0.0217 0.9997
vn -0.1338 0.0404 0.9902
vn 0.5575 -0.0389 0.8292
vn -0.1339 0.0404 -0.9902
vn -0.2651 0.0443 0.9632
vn 0.4081 -0.0354 0.9123
vn -0.0058 0.0220 -0.9997
vn -0.4036 0.0414 0.9140
vn 0.2644 -0.0268 0.9640
vn 0.1263 -0.0068 -0.9920
vn -0.5506 0.0366 0.8340
vn 0.1263 -0.0069 0.9920
vn 0.2644 -0.0267 -0.9640
vn -0.7025 0.0331 0.7109
vn -0.0051 0.0219 0.9997
vn 0.4081 -0.0354 -0.9123
vn -0.8468 0.0306 0.5310
vn 0.5575 -0.0389 -0.8293
vn -0.9571 0.0292 0.2882
vn 0.7121 -0.0406 -0.7009
vn -0.9996 0.0287 -0.0000
vn 0.8522 -0.0415 -0.5215
vn -0.2651 0.0442 -0.9632
vn 0.9403 -0.3082 -0.1442
vn 0.9940 0.0134 -0.1084
vn 0.8740 -0.2893 -0.3904
vn -0.5505 0.0370 0.8340
vn -0.4036 0.0411 0.9140
vn -0.3203 0.5298 0.7853
vn -0.3966 0.6582 0.6399
vn -0.7024 0.0336 0.7110
vn -0.4499 0.7524 0.4811
vn -0.8468 0.0310 0.5311
vn -0.4839 0.8152 0.3181
vn -0.9571 0.0297 0.2883
vn -0.5020 0.8507 0.1562
vn -0.9996 0.0292 -0.0000
vn -0.5081 0.8613 -0.0003
vn -0.9571 0.0297 -0.2881
vn -0.5027 0.8501 -0.1571
vn -0.8468 0.0310 -0.5310
vn -0.4850 0.8145 -0.3185
vn -0.7025 0.0336 -0.7109
vn -0.4509 0.7522 -0.4805
vn 0.8453 0.1176 0.5212
vn 0.7043 0.1060 0.7020
vn 0.7073 0.0389 0.7058
vn 0.8493 0.0466 0.5259
vn 0.9571 0.0524 -0.2849
vn 0.9999 0.0110 -0.0000
vn 0.9579 0.0106 -0.2870
vn 0.3589 -0.0714 0.9306
vn 0.9241 0.0333 0.3806
vn -0.7411 -0.0861 -0.6659
vn -0.5570 -0.0140 -0.8304
vn -0.7014 -0.0390 -0.7117
vn -0.8497 -0.1192 -0.5137
vn -0.8458 -0.0471 -0.5314
vn 0.8824 -0.1973 -0.4271
vn -0.9524 -0.1282 -0.2766
vn -0.9560 -0.0532 -0.2884
vn 0.8454 0.1174 -0.5211
vn 0.8493 0.0466 -0.5259
vn -0.9913 -0.1317 -0.0000
vn -0.9985 -0.0555 -0.0000
vn 0.7042 0.1057 -0.7021
vn 0.7073 0.0390 -0.7058
vn -0.9523 -0.1281 0.2768
vn -0.9560 -0.0532 0.2884
vn 0.5530 0.0948 -0.8278
vn 0.5567 0.0308 -0.8302
vn -0.8497 -0.1192 0.5137
vn -0.8458 -0.0471 0.5314
vn 0.4043 0.0860 -0.9106
vn 0.4096 0.0229 -0.9120
vn -0.7120 -0.1076 0.6939
vn -0.7014 -0.0390 0.7117
vn 0.2630 0.0783 -0.9616
vn 0.2696 0.0152 -0.9629
vn 0.1298 0.0667 0.9893
vn 0.0038 0.0335 0.9994
vn 0.0046 0.0005 1.0000
vn 0.1355 0.0078 0.9907
vn -0.5630 -0.0961 0.8209
vn -0.5492 -0.0305 0.8351
vn 0.1298 0.0667 -0.9893
vn 0.1355 0.0078 -0.9907
vn 0.2630 0.0783 0.9616
vn 0.2696 0.0152 0.9629
vn -0.4145 -0.0844 0.9061
vn -0.4013 -0.0222 0.9157
vn 0.0031 0.0334 -0.9994
vn 0.0046 0.0005 -1.0000
vn 0.4043 0.0860 0.9106
vn 0.4096 0.0228 0.9120
vn -0.2696 -0.0675 0.9606
vn -0.2607 -0.0143 0.9653
vn -0.1281 -0.0296 -0.9913
vn -0.1264 -0.0068 -0.9920
vn 0.5529 0.0950 0.8278
vn 0.5567 0.0308 0.8302
vn -0.1281 -0.0296 0.9913
vn -0.1264 -0.0068 0.9920
vn -0.2696 -0.0675 -0.9606
vn -0.2607 -0.0144 -0.9653
vn 0.0028 0.0335 0.9994
vn 0.0038 0.0005 1.0000
vn -0.1638 0.0570 -0.9849
vn -0.4253 -0.0173 -0.9049
vn 0.9579 0.0106 0.2870
vn 0.9999 0.0111 -0.0000
vn -0.8485 -0.0094 -0.5291
vn -0.9579 -0.0106 -0.2869
vn 0.8485 0.0094 -0.5291
vn -0.9999 -0.0110 -0.0000
vn 0.7050 0.0078 -0.7091
vn -0.9579 -0.0106 0.2869
vn 0.5533 0.0061 -0.8329
vn -0.8485 -0.0094 0.5291
vn 0.4057 0.0045 -0.9140
vn -0.7049 -0.0078 0.7092
vn 0.2653 0.0029 -0.9642
vn 0.1310 0.0014 0.9914
vn -0.5533 -0.0061 0.8330
vn 0.1310 0.0014 -0.9914
vn 0.2653 0.0029 0.9642
vn -0.4057 -0.0045 0.9140
vn 0.4057 0.0045 0.9140
vn -0.2653 -0.0029 0.9642
vn -0.1310 -0.0014 -0.9914
vn 0.5533 0.0061 0.8329
vn -0.1310 -0.0014 0.9914
vn -0.2653 -0.0029 -0.9642
vn 0.7050 0.0078 0.7091
vn -0.4057 -0.0045 -0.9140
vn 0.8485 0.0094 0.5291
vn -0.5533 -0.0061 -0.8330
vn -0.7049 -0.0078 -0.7092
vn -0.9999 -0.0111 -0.0000
vn -0.0000 -0.0000 1.0000
vn 0.0007 -0.0000 1.0000
vn -0.8485 -0.0101 -0.5291
vn -0.9579 -0.0114 -0.2868
vn 0.9999 0.0119 -0.0000
vn 0.9578 0.0114 0.2871
vn 0.9048 -0.3290 0.2705
vn 0.9420 -0.3356 -0.0001
vn 0.9578 0.0114 -0.2871
vn 0.8485 0.0101 -0.5291
vn -0.9999 -0.0119 -0.0000
vn 0.7050 0.0084 -0.7092
vn -0.9579 -0.0114 0.2868
vn 0.5533 0.0066 -0.8330
vn -0.8485 -0.0101 0.5291
vn 0.4056 0.0048 -0.9140
vn -0.7050 -0.0084 0.7092
vn 0.2652 0.0031 -0.9642
vn 0.0012 -0.0000 1.0000
vn 0.1309 0.0016 0.9914
vn -0.5533 -0.0066 0.8329
vn 0.1309 0.0016 -0.9914
vn 0.2652 0.0031 0.9642
vn -0.4057 -0.0048 0.9140
vn -0.0001 -0.0000 -1.0000
vn 0.4056 0.0048 0.9140
vn -0.2653 -0.0031 0.9641
vn -0.1311 -0.0016 -0.9914
vn 0.5533 0.0066 0.8330
vn -0.1311 -0.0016 0.9914
vn -0.2653 -0.0031 -0.9641
vn 0.7050 0.0084 0.7092
vn -0.0005 -0.0000 1.0000
vn -0.4057 -0.0048 -0.9140
vn 0.8485 0.0101 0.5291
vn -0.5533 -0.0066 -0.8329
vn -0.7050 -0.0084 -0.7092
vn 0.7046 0.0045 -0.7096
vn 0.8483 0.0054 -0.5295
vn 0.8066 -0.3122 -0.5019
vn 0.6752 -0.2916 -0.6776
vn 0.1303 0.0008 -0.9915
vn -0.0007 -0.0000 -1.0000
vn 0.8483 0.0054 0.5295
vn 0.9579 0.0061 0.2871
vn -0.5538 -0.0035 0.8326
vn -0.4063 -0.0026 0.9137
vn -0.4063 -0.0026 -0.9137
vn -0.5538 -0.0035 -0.8326
vn 0.1303 0.0008 0.9915
vn 0.2646 0.0017 0.9643
vn -0.9580 -0.0061 -0.2866
vn 0.2646 0.0017 -0.9643
vn 0.7046 0.0045 0.7096
vn -0.7054 -0.0045 0.7088
vn -0.2659 -0.0017 -0.9640
vn 0.9579 0.0061 -0.2871
vn -0.1317 -0.0008 0.9913
vn -0.0011 -0.0000 1.0000
vn 0.0006 -0.0000 1.0000
vn -0.8488 -0.0054 -0.5287
vn 0.4051 0.0026 -0.9143
vn 0.5528 0.0035 0.8333
vn -0.8488 -0.0054 0.5287
vn -0.1316 -0.0008 -0.9913
vn 1.0000 0.0064 -0.0000
vn -0.2659 -0.0017 0.9640
vn -0.7054 -0.0045 -0.7088
vn 0.5528 0.0035 -0.8333
vn 0.4051 0.0026 0.9143
vn 0.9048 -0.3291 -0.2703
vn 0.9047 -0.3290 -0.2706
vn 0.9420 -0.3357 -0.0001
vn 0.8067 -0.3122 -0.5018
vn 0.9048 -0.3291 0.2703
vn 0.6753 -0.2916 -0.6774
vn 0.8066 -0.3122 0.5019
vn 0.5335 -0.2724 -0.8007
vn 0.6752 -0.2916 0.6775
vn -0.1257 -0.2462 0.9610
vn 0.0047 -0.2420 0.9703
vn 0.3933 -0.2572 -0.8827
vn 0.5334 -0.2724 0.8008
vn -0.2552 -0.2559 0.9324
vn 0.2584 -0.2470 -0.9339
vn 0.3932 -0.2573 0.8827
vn -0.3894 -0.2707 0.8804
vn 0.1285 -0.2418 -0.9618
vn 0.2583 -0.2470 0.9339
vn -0.5284 -0.2905 0.7977
vn 0.0014 -0.2415 -0.9704
vn 0.1284 -0.2418 0.9618
vn -0.6684 -0.3143 0.6741
vn -0.1255 -0.2462 -0.9611
vn 0.0044 -0.2409 0.9705
vn -0.7978 -0.3390 0.4986
vn -0.2551 -0.2559 -0.9324
vn -0.8940 -0.3588 0.2682
vn -0.3892 -0.2707 -0.8805
vn -0.9304 -0.3666 -0.0001
vn -0.5282 -0.2906 -0.7979
vn -0.8940 -0.3588 -0.2682
vn -0.6683 -0.3143 -0.6742
vn -0.7978 -0.3390 -0.4985
vn -0.7977 -0.3391 -0.4987
vn -0.6684 -0.3143 -0.6741
vn -0.8940 -0.3589 -0.2683
vn -0.5284 -0.2905 -0.7978
vn -0.9304 -0.3666 0.0001
vn -0.3893 -0.2707 -0.8804
vn -0.8940 -0.3589 0.2683
vn -0.2552 -0.2559 -0.9324
vn -0.7977 -0.3391 0.4986
vn -0.1257 -0.2462 -0.9610
vn -0.6683 -0.3143 0.6742
vn 0.0045 -0.2409 0.9705
vn 0.0013 -0.2415 -0.9704
vn -0.5283 -0.2906 0.7978
vn 0.2584 -0.2470 0.9339
vn 0.1283 -0.2418 -0.9618
vn -0.3892 -0.2707 0.8805
vn 0.3933 -0.2572 0.8827
vn 0.2583 -0.2470 -0.9340
vn -0.2550 -0.2559 0.9325
vn 0.5335 -0.2724 0.8007
vn 0.3932 -0.2573 -0.8827
vn -0.1255 -0.2462 0.9611
vn 0.6753 -0.2916 0.6774
vn 0.5334 -0.2724 -0.8008
vn 0.0048 -0.2420 0.9703
vn 0.8067 -0.3122 0.5018
vn 0.7953 -0.3836 0.4693
vn 0.6800 -0.3409 0.6491
vn 0.7953 -0.3836 -0.4693
vn 0.6800 -0.3409 -0.6492
vn 0.4766 -0.7287 -0.4918
vn 0.5173 -0.7894 -0.3306
vn 0.8765 -0.4129 0.2476
vn -0.7343 0.3801 -0.5624
vn -0.8321 0.4998 -0.2402
vn -0.8572 0.5150 0.0003
vn -0.8322 0.4999 0.2401
vn 0.5470 -0.2886 -0.7858
vn -0.7620 0.4576 0.4581
vn 0.4070 -0.2279 -0.8846
vn -0.6588 0.3965 0.6394
vn 0.2650 -0.1562 -0.9515
vn 0.1240 -0.0700 0.9898
vn -0.0105 0.0232 0.9997
vn -0.5359 0.3258 0.7789
vn 0.1240 -0.0700 -0.9898
vn 0.2650 -0.1562 0.9515
vn -0.4044 0.2526 0.8790
vn -0.0109 0.0235 -0.9997
vn 0.4070 -0.2279 0.8845
vn -0.2715 0.1803 0.9454
vn -0.1408 0.1066 -0.9843
vn 0.5470 -0.2886 0.7858
vn -0.1408 0.1066 0.9843
vn -0.2715 0.1803 -0.9454
vn -0.0114 0.0238 0.9997
vn -0.5372 0.2010 -0.8192
vn 0.3374 -0.5188 -0.7855
vn 0.2363 -0.3633 -0.9012
vn 0.2004 -0.4647 -0.8625
vn 0.2655 -0.6617 -0.7012
vn -0.5527 0.8154 0.1723
vn -0.5612 0.8277 -0.0000
vn 0.4172 -0.6396 -0.6456
vn -0.5270 0.7777 0.3428
vn -0.4826 0.7131 0.5085
vn 0.1175 -0.1719 0.9781
vn 0.0021 0.0233 0.9997
vn -0.4181 0.6198 0.6641
vn 0.1175 -0.1719 -0.9781
vn 0.2363 -0.3633 0.9012
vn -0.3326 0.4972 0.8014
vn 0.0019 0.0236 -0.9997
vn 0.3374 -0.5188 0.7855
vn -0.2276 0.3493 0.9090
vn -0.1110 0.1882 -0.9758
vn 0.4172 -0.6396 0.6456
vn -0.1110 0.1882 0.9758
vn -0.2276 0.3493 -0.9089
vn 0.4766 -0.7287 0.4918
vn 0.0017 0.0239 0.9997
vn -0.3326 0.4972 -0.8014
vn 0.5173 -0.7894 0.3306
vn -0.4471 0.6429 -0.6219
vn 0.5409 -0.8245 0.1661
vn 0.5486 -0.8361 -0.0000
vn 0.5409 -0.8245 -0.1661
vn -0.5527 0.8154 -0.1723
vn -0.5074 0.8102 -0.2934
vn 0.0193 0.0522 -0.9985
vn -0.0797 0.2757 -0.9579
vn -0.0652 0.3975 -0.9153
vn 0.0195 0.0634 -0.9978
vn 0.1076 -0.1783 0.9781
vn 0.0192 0.0525 0.9984
vn -0.2835 0.8010 0.5273
vn -0.3102 0.8707 0.3816
vn 0.1076 -0.1784 -0.9781
vn 0.2004 -0.4647 0.8625
vn -0.2405 0.6889 0.6838
vn 0.2655 -0.6616 0.7013
vn -0.1737 0.5145 0.8397
vn 0.3062 -0.7829 0.5416
vn -0.0797 0.2756 0.9580
vn -0.1737 0.5145 -0.8397
vn 0.3315 -0.8589 0.3903
vn 0.0194 0.0518 0.9985
vn -0.2403 0.6884 -0.6844
vn 0.3464 -0.9038 0.2513
vn -0.2835 0.8010 -0.5273
vn 0.3543 -0.9268 0.1245
vn -0.4824 0.7134 -0.5083
vn -0.3102 0.8707 -0.3816
vn 0.3567 -0.9342 -0.0000
vn -0.3262 0.9123 -0.2474
vn 0.3542 -0.9268 -0.1245
vn -0.3347 0.9344 -0.1216
vn 0.3463 -0.9032 -0.2534
vn -0.3374 0.9414 -0.0000
vn 0.3315 -0.8590 -0.3902
vn -0.3347 0.9344 0.1216
vn 0.3065 -0.7842 -0.5395
vn -0.3262 0.9123 0.2474
vn -0.1769 0.8008 -0.5723
vn -0.2002 0.8831 -0.4243
vn -0.1180 0.9207 -0.3719
vn -0.1099 0.8469 -0.5202
vn 0.2349 -0.8616 0.4500
vn 0.2119 -0.7655 0.6075
vn -0.0652 0.3975 0.9153
vn -0.1355 0.6527 0.7454
vn -0.1356 0.6529 -0.7452
vn 0.2476 -0.9154 0.3174
vn 0.0194 0.0634 0.9978
vn 0.2548 -0.9455 0.2029
vn 0.2585 -0.9609 0.0992
vn -0.2134 0.9301 -0.2990
vn 0.2597 -0.9657 0.0001
vn -0.2209 0.9564 -0.1909
vn 0.2585 -0.9609 -0.0991
vn -0.2247 0.9699 -0.0937
vn 0.2548 -0.9456 -0.2023
vn -0.2259 0.9741 -0.0000
vn 0.2468 -0.9131 -0.3247
vn -0.2248 0.9697 0.0955
vn 0.2348 -0.8615 -0.4503
vn -0.2209 0.9562 0.1919
vn 0.2119 -0.7656 -0.6074
vn -0.2134 0.9301 0.2990
vn 0.1698 -0.5919 -0.7879
vn 0.0956 -0.2910 0.9519
vn 0.0195 0.0634 0.9978
vn -0.2002 0.8833 0.4238
vn 0.0956 -0.2910 -0.9519
vn 0.1698 -0.5919 0.7879
vn -0.1769 0.8008 0.5722
vn -0.1238 0.9789 -0.1626
vn -0.1248 0.9892 -0.0773
vn -0.0024 0.9976 -0.0693
vn -0.0024 0.9897 -0.1433
vn 0.1308 -0.9883 0.0790
vn 0.1290 -0.9785 0.1609
vn -0.1219 0.9587 -0.2568
vn 0.1314 -0.9913 -0.0000
vn 0.1307 -0.9882 -0.0801
vn 0.1291 -0.9784 -0.1615
vn -0.1251 0.9921 -0.0000
vn 0.1255 -0.9580 -0.2577
vn -0.1248 0.9891 0.0777
vn 0.1195 -0.9209 -0.3710
vn -0.1238 0.9790 0.1618
vn 0.1086 -0.8495 -0.5163
vn 0.0875 -0.7032 -0.7056
vn 0.0477 -0.3853 0.9215
vn 0.0121 0.0145 0.9998
vn -0.1180 0.9208 0.3717
vn 0.0477 -0.3853 -0.9216
vn 0.0875 -0.7032 0.7056
vn -0.1099 0.8469 0.5202
vn 0.0122 0.0142 -0.9998
vn 0.1086 -0.8496 0.5162
vn -0.0917 0.6933 0.7148
vn -0.0481 0.3729 -0.9266
vn 0.1195 -0.9208 0.3713
vn -0.0481 0.3728 0.9266
vn -0.0917 0.6933 -0.7148
vn 0.1255 -0.9582 0.2572
vn 0.0122 0.0139 0.9998
vn -0.0024 0.9976 0.0693
vn -0.0024 0.9897 0.1433
vn 0.0873 0.9844 0.1525
vn 0.0883 0.9935 0.0725
vn 0.0020 -0.9897 -0.1433
vn 0.0020 -0.9976 -0.0693
vn -0.0024 1.0000 -0.0000
vn 0.0019 -0.9737 -0.2280
vn 0.0019 -0.9432 -0.3323
vn 0.0017 -0.8823 -0.4708
vn -0.0023 0.9737 0.2280
vn 0.0011 -0.7456 -0.6664
vn 0.0003 -0.4163 0.9092
vn 0.0020 0.0025 1.0000
vn 0.0003 -0.4163 -0.9092
vn 0.0011 -0.7451 0.6670
vn -0.0022 0.8823 0.4706
vn -0.0022 0.9431 0.3324
vn 0.0020 0.0022 -1.0000
vn 0.0016 -0.8823 0.4708
vn -0.0021 0.7457 0.6663
vn -0.0014 0.4179 -0.9085
vn 0.0018 -0.9432 0.3323
vn -0.0014 0.4181 0.9084
vn -0.0021 0.7455 -0.6665
vn 0.0019 -0.9737 0.2280
vn 0.0020 0.0018 1.0000
vn -0.0022 0.8817 -0.4719
vn 0.0019 -0.9897 0.1433
vn -0.0024 0.9432 -0.3322
vn 0.0018 -0.9975 0.0711
vn -0.0024 0.9737 -0.2280
vn 0.0020 -1.0000 -0.0000
vn 0.0822 0.9349 0.3453
vn 0.0757 0.8700 0.4871
vn 0.1441 0.8263 0.5445
vn 0.1610 0.9040 0.3962
vn -0.0807 -0.8672 -0.4915
vn -0.0866 -0.9331 -0.3490
vn 0.0855 0.9675 0.2380
vn -0.0681 -0.7252 -0.6851
vn -0.0403 -0.3985 0.9163
vn -0.0160 0.0180 0.9997
vn -0.0403 -0.3985 -0.9163
vn -0.0680 -0.7242 0.6863
vn -0.0161 0.0177 -0.9997
vn -0.0806 -0.8655 0.4943
vn 0.0621 0.7334 0.6770
vn 0.0291 0.4231 -0.9056
vn -0.0866 -0.9332 0.3488
vn 0.0291 0.4231 0.9056
vn 0.0621 0.7334 -0.6770
vn -0.0894 -0.9663 0.2413
vn -0.0161 0.0173 0.9997
vn 0.0758 0.8707 -0.4859
vn -0.0908 -0.9841 0.1527
vn 0.0822 0.9348 -0.3456
vn -0.0915 -0.9931 0.0740
vn 0.0855 0.9675 -0.2381
vn -0.0918 -0.9958 -0.0000
vn 0.0874 0.9844 -0.1525
vn -0.0916 -0.9930 -0.0740
vn 0.0883 0.9934 -0.0738
vn -0.0909 -0.9841 -0.1527
vn 0.0886 0.9961 -0.0000
vn -0.0895 -0.9660 -0.2425
vn 0.0527 0.3933 0.9179
vn -0.0206 0.0454 0.9988
vn -0.0180 0.0576 0.9982
vn 0.0754 0.3211 0.9441
vn -0.0206 0.0458 -0.9987
vn -0.0796 -0.3203 -0.9440
vn -0.1633 -0.8137 0.5579
vn -0.1356 -0.6482 0.7493
vn 0.1123 0.6772 0.7271
vn 0.0527 0.3933 -0.9179
vn -0.1770 -0.8979 0.4032
vn 0.1122 0.6769 -0.7275
vn -0.1839 -0.9421 0.2804
vn 0.1442 0.8266 -0.5440
vn -0.1876 -0.9661 0.1775
vn 0.1611 0.9044 -0.3952
vn -0.1893 -0.9779 0.0885
vn 0.1704 0.9464 -0.2744
vn -0.1899 -0.9818 -0.0000
vn 0.1755 0.9690 -0.1741
vn -0.1893 -0.9781 -0.0862
vn 0.1781 0.9804 -0.0846
vn -0.1875 -0.9661 -0.1774
vn 0.1789 0.9839 -0.0000
vn -0.1839 -0.9421 -0.2803
vn 0.1782 0.9804 0.0845
vn -0.1768 -0.8971 -0.4050
vn 0.1756 0.9689 0.1741
vn -0.1634 -0.8145 -0.5567
vn 0.1705 0.9464 0.2744
vn -0.1356 -0.6482 -0.7493
vn -0.0796 -0.3203 0.9440
vn -0.0205 0.0461 0.9987
vn 0.2739 0.8949 -0.3524
vn 0.2863 0.9308 -0.2271
vn 0.4273 0.8540 -0.2969
vn 0.3993 0.8010 -0.4460
vn 0.2173 0.7311 -0.6467
vn 0.1607 0.5669 -0.8080
vn -0.3047 -0.9238 0.2317
vn -0.2935 -0.8856 0.3599
vn 0.2526 0.8334 -0.4915
vn -0.3106 -0.9437 0.1136
vn -0.3124 -0.9500 -0.0000
vn -0.3106 -0.9437 -0.1136
vn 0.2929 0.9497 -0.1112
vn -0.3047 -0.9238 -0.2317
vn 0.2949 0.9555 -0.0000
vn -0.2935 -0.8856 -0.3599
vn 0.2929 0.9497 0.1112
vn -0.2740 -0.8198 -0.5028
vn 0.2863 0.9308 0.2271
vn -0.2411 -0.7090 -0.6627
vn 0.2738 0.8949 0.3523
vn -0.1858 -0.5233 -0.8317
vn -0.1002 -0.2302 0.9680
vn 0.2525 0.8335 0.4914
vn -0.1002 -0.2304 -0.9679
vn -0.1860 -0.5237 0.8314
vn 0.2176 0.7322 0.6454
vn -0.0180 0.0576 -0.9982
vn -0.2411 -0.7089 0.6628
vn 0.1607 0.5669 0.8080
vn 0.0754 0.3211 -0.9440
vn -0.2741 -0.8198 0.5028
vn 0.4484 0.8939 -0.0001
vn 0.4431 0.8841 0.1484
vn 0.7142 0.6642 0.2208
vn 0.7327 0.6805 -0.0000
vn -0.4381 -0.8872 -0.1449
vn -0.4424 -0.8968 0.0001
vn 0.4433 0.8840 -0.1486
vn -0.4245 -0.8581 -0.2889
vn -0.3998 -0.8052 -0.4381
vn -0.3601 -0.7204 -0.5927
vn 0.4273 0.8543 0.2958
vn -0.3010 -0.5946 -0.7456
vn 0.3979 0.7989 0.4511
vn -0.2171 -0.4156 -0.8833
vn -0.1100 -0.1836 0.9768
vn -0.0073 0.0319 0.9995
vn 0.3554 0.7174 0.5992
vn -0.1100 -0.1836 -0.9768
vn -0.2171 -0.4156 0.8833
vn 0.2922 0.5961 0.7478
vn -0.0073 0.0319 -0.9995
vn -0.3009 -0.5943 0.7458
vn 0.2055 0.4299 0.8792
vn 0.0985 0.2275 -0.9688
vn -0.3602 -0.7206 0.5925
vn 0.0985 0.2276 0.9687
vn 0.2055 0.4299 -0.8792
vn -0.3996 -0.8050 0.4385
vn 0.2922 0.5961 -0.7479
vn -0.4246 -0.8584 0.2877
vn 0.3556 0.7176 -0.5988
vn -0.4381 -0.8875 0.1425
vn 0.0037 0.0289 0.9996
vn -0.1200 -0.1162 0.9859
vn -0.1236 0.0545 0.9908
vn 0.0087 0.1207 0.9927
vn -0.4813 -0.4851 -0.7301
vn -0.5754 -0.5762 -0.5804
vn 0.6611 0.6173 0.4265
vn -0.3715 -0.3783 -0.8478
vn 0.5782 0.5447 0.6074
vn -0.2496 -0.2565 -0.9338
vn 0.4757 0.4555 0.7524
vn -0.1200 -0.1161 -0.9860
vn -0.2496 -0.2565 0.9338
vn 0.3611 0.3565 0.8617
vn 0.0040 0.0292 -0.9996
vn -0.3715 -0.3783 0.8478
vn 0.2409 0.2535 0.9368
vn 0.1211 0.1480 -0.9815
vn -0.4813 -0.4851 0.7301
vn 0.1211 0.1480 0.9815
vn 0.2409 0.2535 -0.9369
vn -0.5748 -0.5755 0.5817
vn 0.0043 0.0295 0.9996
vn 0.3610 0.3565 -0.8617
vn -0.6471 -0.6453 0.4060
vn 0.4757 0.4555 -0.7525
vn -0.6932 -0.6899 0.2086
vn 0.5780 0.5446 -0.6078
vn -0.7090 -0.7052 -0.0000
vn 0.6603 0.6167 -0.4285
vn -0.6934 -0.6902 -0.2069
vn 0.7142 0.6642 -0.2209
vn -0.6471 -0.6453 -0.4060
vn 0.1172 0.1469 0.9822
vn 0.2461 0.1989 0.9486
vn 0.2633 0.2654 0.9275
vn 0.1376 0.1915 0.9718
vn 0.5077 0.4142 0.7555
vn 0.6196 0.4836 0.6183
vn -0.1235 0.0548 -0.9908
vn -0.2621 -0.0053 -0.9650
vn -0.2622 -0.0054 0.9650
vn 0.3873 0.3403 0.8569
vn 0.0094 0.1208 -0.9926
vn -0.4063 -0.0618 0.9116
vn 0.1378 0.1919 -0.9717
vn -0.5543 -0.1168 0.8241
vn 0.2635 0.2658 -0.9273
vn -0.7006 -0.1702 0.6929
vn 0.0097 0.1201 0.9927
vn 0.3874 0.3407 -0.8567
vn -0.8325 -0.2179 0.5093
vn 0.5077 0.4145 -0.7552
vn -0.9284 -0.2525 0.2726
vn 0.6196 0.4839 -0.6181
vn -0.9641 -0.2656 0.0002
vn 0.7139 0.5428 -0.4423
vn -0.9284 -0.2524 -0.2726
vn 0.7784 0.5834 -0.2318
vn -0.8326 -0.2178 -0.5092
vn 0.8016 0.5979 0.0001
vn -0.7007 -0.1700 -0.6930
vn 0.7785 0.5833 0.2319
vn -0.5543 -0.1165 -0.8241
vn 0.7139 0.5426 0.4425
vn -0.4063 -0.0615 -0.9117
vn -0.5506 0.0374 -0.8339
vn -0.5453 -0.0681 -0.8355
vn -0.4022 -0.0249 -0.9152
vn -0.4037 0.0418 -0.9139
vn -0.0094 0.1003 0.9949
vn 0.7591 0.4327 0.4864
vn 0.6430 0.3774 0.6664
vn -0.2663 0.0161 -0.9637
vn -0.0100 0.0996 0.9950
vn -0.1364 0.0570 0.9890
vn 0.5122 0.3164 0.7984
vn -0.1366 0.0572 -0.9890
vn -0.2662 0.0162 0.9638
vn 0.3782 0.2559 0.8896
vn -0.0098 0.0999 -0.9949
vn -0.4019 -0.0251 0.9153
vn 0.1170 0.1469 -0.9822
vn -0.5452 -0.0682 0.8355
vn -0.5506 0.0374 0.8339
vn 0.2461 0.1990 -0.9486
vn -0.6928 -0.1126 0.7122
vn -0.7025 0.0336 0.7109
vn 0.3782 0.2560 -0.8896
vn -0.8327 -0.1546 0.5317
vn -0.8468 0.0310 0.5310
vn 0.5122 0.3166 -0.7984
vn -0.9392 -0.1864 0.2883
vn -0.9571 0.0297 0.2882
vn 0.6430 0.3776 -0.6664
vn -0.9801 -0.1987 -0.0000
vn -0.9996 0.0292 0.0001
vn 0.7591 0.4328 -0.4863
vn -0.9392 -0.1863 -0.2885
vn 0.8423 0.4729 -0.2587
vn -0.8327 -0.1545 -0.5318
vn 0.8730 0.4878 0.0001
vn -0.6929 -0.1125 -0.7122
vn 0.8423 0.4729 0.2588
vn -0.4064 -0.0018 0.9137
vn -0.4011 -0.0191 0.9159
vn -0.5491 -0.0262 0.8354
vn -0.5541 -0.0030 0.8325
vn -0.1303 0.0008 0.9915
vn -0.8491 -0.0058 0.5281
vn -0.9581 -0.0070 0.2864
vn -0.9445 0.1608 0.2864
vn -0.8360 0.1464 0.5289
vn -0.2646 0.0017 0.9643
vn -0.7057 -0.0044 0.7085
vn -0.7015 -0.0334 0.7119
vn -0.8459 -0.0402 0.5317
vn -0.4051 0.0026 0.9143
vn -0.9564 -0.0454 0.2885
vn -0.5528 0.0035 0.8333
vn -0.9989 -0.0475 -0.0000
vn -1.0000 -0.0074 0.0001
vn -0.7046 0.0045 0.7096
vn -0.9564 -0.0454 -0.2886
vn -0.9581 -0.0068 -0.2862
vn -0.8483 0.0054 0.5295
vn -0.8459 -0.0402 -0.5318
vn -0.8491 -0.0056 -0.5283
vn -0.9580 -0.0000 0.2868
vn -0.9579 0.0061 0.2871
vn -0.7015 -0.0334 -0.7119
vn -0.7058 -0.0042 -0.7084
vn -1.0000 0.0064 -0.0000
vn -0.5491 -0.0262 -0.8354
vn -0.5541 -0.0027 -0.8325
vn -0.9580 -0.0000 -0.2868
vn -0.9579 0.0061 -0.2871
vn -0.4011 -0.0191 -0.9159
vn -0.4063 -0.0015 -0.9137
vn -0.8483 0.0054 -0.5295
vn -0.2605 -0.0123 -0.9654
vn -0.2657 -0.0007 -0.9640
vn -0.7046 0.0045 -0.7096
vn -0.1261 -0.0058 -0.9920
vn -0.1312 -0.0002 -0.9914
vn -0.5528 0.0035 -0.8333
vn 0.0049 0.0005 -1.0000
vn 0.0001 -0.0000 -1.0000
vn -0.4051 0.0026 -0.9143
vn 0.1359 0.0068 -0.9907
vn 0.1313 -0.0002 -0.9913
vn -0.2646 0.0017 -0.9643
vn 0.2700 0.0132 -0.9628
vn 0.2658 -0.0008 -0.9640
vn -0.1303 0.0008 -0.9915
vn 0.4101 0.0199 -0.9118
vn 0.4063 -0.0016 -0.9137
vn 0.0007 -0.0000 -1.0000
vn 0.5570 0.0268 -0.8301
vn 0.5540 -0.0028 -0.8325
vn 0.1317 -0.0008 -0.9913
vn 0.7077 0.0339 -0.7057
vn 0.7056 -0.0040 -0.7086
vn 0.2659 -0.0017 -0.9640
vn 0.8497 0.0406 -0.5257
vn 0.8489 -0.0053 -0.5285
vn 0.4063 -0.0026 -0.9137
vn 0.9575 0.0456 -0.2847
vn 0.9581 -0.0063 -0.2865
vn 0.5539 -0.0035 -0.8326
vn 0.9989 0.0475 -0.0000
vn 1.0000 -0.0066 -0.0001
vn 0.7054 -0.0045 -0.7087
vn 0.9575 0.0456 0.2847
vn 0.9581 -0.0061 0.2863
vn 0.8488 -0.0054 -0.5287
vn 0.8497 0.0406 0.5257
vn 0.8490 -0.0051 0.5284
vn 0.9580 -0.0061 -0.2866
vn 0.7077 0.0339 0.7057
vn 0.7057 -0.0038 0.7085
vn 1.0000 -0.0064 -0.0000
vn 0.5571 0.0269 0.8300
vn 0.5540 -0.0025 0.8325
vn 0.9580 -0.0061 0.2866
vn 0.4101 0.0199 0.9118
vn 0.4063 -0.0014 0.9137
vn 0.8488 -0.0054 0.5287
vn 0.2700 0.0132 0.9628
vn 0.2657 -0.0006 0.9641
vn 0.7054 -0.0045 0.7088
vn 0.8331 0.2021 -0.5150
vn 0.9342 0.2241 -0.2776
vn 0.5538 -0.0035 0.8326
vn 0.4063 -0.0026 0.9137
vn -0.1317 0.0003 0.9913
vn -0.2671 0.0012 0.9637
vn 0.2659 -0.0017 0.9640
vn -0.0050 -0.0004 -1.0000
vn -0.1359 -0.0050 -0.9907
vn 0.1317 -0.0008 0.9913
vn 0.0015 -0.0000 1.0000
vn 0.0010 -0.0000 1.0000
vn -0.2658 -0.0008 0.9640
vn -0.2604 -0.0123 0.9654
vn 0.1312 -0.0002 0.9914
vn 0.1359 0.0068 0.9907
vn 0.0050 0.0005 1.0000
vn -0.1313 -0.0002 0.9913
vn -0.1261 -0.0058 0.9920
vn 0.0041 0.0004 1.0000
vn -0.4071 -0.0005 0.9134
vn -0.5549 -0.0009 0.8319
vn -0.9584 -0.0022 0.2856
vn -1.0000 -0.0023 0.0001
vn -0.9821 0.1883 0.0001
vn -0.9408 0.1815 0.2864
vn -0.7058 -0.0014 0.7084
vn -0.8487 -0.0019 0.5289
vn -0.9580 -0.0022 -0.2866
vn -0.8493 -0.0018 -0.5279
vn -0.7064 -0.0014 -0.7078
vn -0.5549 -0.0009 -0.8319
vn -0.4068 -0.0005 -0.9135
vn -0.2662 -0.0002 -0.9639
vn -0.1311 -0.0000 -0.9914
vn 0.1311 -0.0001 -0.9914
vn 0.2662 -0.0003 -0.9639
vn 0.4059 -0.0006 -0.9139
vn 0.5549 -0.0009 -0.8319
vn 0.7053 -0.0014 -0.7089
vn 0.8495 -0.0018 -0.5276
vn 0.9582 -0.0022 -0.2862
vn 1.0000 -0.0023 -0.0000
vn 0.9580 -0.0021 0.2866
vn 0.8494 -0.0018 0.5278
vn 0.7053 -0.0013 0.7089
vn 0.5549 -0.0009 0.8319
vn 0.4071 -0.0005 0.9134
vn 0.2654 -0.0002 0.9641
vn -0.9996 0.0282 -0.0007
vn -0.9597 0.0265 -0.2798
vn -0.2663 -0.0002 0.9639
vn 0.1311 -0.0000 0.9914
vn -0.1316 -0.0001 0.9913
vn -0.4404 -0.0102 0.8977
vn -0.5919 -0.0017 0.8060
vn -0.5494 0.0266 0.8351
vn -0.4010 0.0194 0.9159
vn -0.7394 0.0076 0.6732
vn -0.8706 0.0162 0.4917
vn -0.9648 0.0225 0.2619
vn -0.9997 0.0248 -0.0014
vn -0.9648 0.0225 -0.2619
vn -0.8706 0.0162 -0.4917
vn -0.7394 0.0076 -0.6732
vn -0.5919 -0.0017 -0.8060
vn -0.4404 -0.0102 -0.8977
vn -0.2904 -0.0169 -0.9568
vn -0.1429 -0.0211 -0.9895
vn 0.0024 -0.0223 -0.9997
vn 0.1473 -0.0205 -0.9889
vn 0.2935 -0.0161 -0.9558
vn 0.4420 -0.0095 -0.8970
vn 0.5919 -0.0016 -0.8060
vn 0.7386 0.0068 -0.6742
vn 0.8697 0.0144 -0.4933
vn 0.9646 0.0199 -0.2631
vn 0.9998 0.0219 0.0012
vn 0.9646 0.0199 0.2631
vn 0.8698 0.0144 0.4933
vn 0.7386 0.0068 0.6741
vn 0.5919 -0.0016 0.8060
vn 0.4420 -0.0095 0.8970
vn 0.2935 -0.0161 0.9558
vn -0.9318 0.3031 0.1998
vn -0.9502 0.3117 -0.0002
vn -0.2903 -0.0169 0.9568
vn 0.1473 -0.0205 0.9889
vn 0.0032 -0.0223 0.9997
vn -0.1429 -0.0211 0.9895
vn 0.0016 -0.0223 0.9997
vn -0.4057 -0.0001 0.9140
vn -0.5534 -0.0002 0.8329
vn -0.8486 -0.0003 0.5291
vn -0.9580 -0.0004 0.2868
vn -0.9573 0.0275 0.2877
vn -0.8474 0.0243 0.5305
vn -0.7051 -0.0002 0.7091
vn -1.0000 -0.0004 -0.0000
vn -0.9580 -0.0004 -0.2868
vn -0.8486 -0.0003 -0.5291
vn -0.7051 -0.0002 -0.7091
vn -0.5534 -0.0001 -0.8329
vn -0.4057 -0.0001 -0.9140
vn 0.4057 -0.0001 -0.9140
vn 0.5533 -0.0002 -0.8330
vn 0.7051 -0.0002 -0.7092
vn 0.8486 -0.0003 -0.5291
vn 0.9580 -0.0004 -0.2868
vn 1.0000 -0.0004 -0.0000
vn 0.9580 -0.0003 0.2868
vn 0.8486 -0.0003 0.5291
vn 0.7051 -0.0002 0.7091
vn 0.5534 -0.0001 0.8329
vn 0.4057 -0.0001 0.9140
vn -0.1313 0.0002 0.9913
vn -0.2669 0.0012 0.9637
vn -0.7077 0.0067 0.7065
vn -0.5561 0.0045 0.8311
vn -0.5539 0.2184 0.8034
vn -0.6928 0.2485 0.6770
vn 0.5563 0.0049 0.8310
vn 0.4082 0.0029 0.9129
vn -0.1319 0.0004 -0.9913
vn -0.0001 0.0001 -1.0000
vn -0.4082 0.0026 0.9129
vn 0.2673 0.0013 0.9636
vn 0.1318 0.0003 -0.9913
vn 0.1316 0.0005 0.9913
vn 0.2672 0.0013 -0.9636
vn 0.0008 0.0001 1.0000
vn 0.4082 0.0028 -0.9129
vn -0.8502 0.0088 0.5265
vn 0.5557 0.0047 -0.8313
vn -0.9582 0.0104 0.2858
vn 0.7077 0.0072 -0.7065
vn -0.9999 0.0112 -0.0002
vn 0.8503 0.0096 -0.5261
vn -0.9585 0.0105 -0.2850
vn 0.9584 0.0115 -0.2852
vn -0.8501 0.0089 -0.5266
vn 0.9999 0.0123 0.0003
vn -0.7077 0.0067 -0.7065
vn 0.9584 0.0116 0.2854
vn -0.5562 0.0045 -0.8311
vn 0.8504 0.0097 0.5260
vn -0.4081 0.0027 -0.9129
vn 0.7063 0.0076 0.7079
vn -0.2672 0.0013 -0.9636
vn -0.0008 0.0001 1.0000
vn -0.8209 0.2763 -0.4998
vn -0.9157 0.2971 -0.2704
vn -0.2603 0.9591 -0.1117
vn -0.2588 0.9376 -0.2324
vn 0.1176 -0.0374 0.9924
vn -0.0260 0.0296 0.9992
vn 0.2779 -0.0543 -0.9591
vn 0.4556 0.0198 -0.8900
vn -0.8210 0.2763 0.4997
vn 0.6034 0.1445 -0.7843
vn -0.9161 0.2972 0.2691
vn 0.7267 0.2261 -0.6487
vn -0.9522 0.3054 -0.0007
vn 0.8375 0.2740 -0.4727
vn 0.9193 0.3024 -0.2518
vn 0.9500 0.3124 0.0002
vn -0.6925 0.2484 -0.6773
vn 0.9193 0.3025 0.2517
vn -0.5538 0.2184 -0.8035
vn 0.8375 0.2741 0.4727
vn -0.4165 0.1870 -0.8897
vn 0.7267 0.2261 0.6487
vn -0.2846 0.1510 -0.9467
vn -0.0265 0.0298 0.9992
vn -0.1571 0.1014 0.9824
vn 0.6034 0.1445 0.7842
vn -0.1571 0.1014 -0.9824
vn -0.2846 0.1510 0.9467
vn 0.4556 0.0198 0.8900
vn -0.0265 0.0298 -0.9992
vn -0.4165 0.1870 0.8897
vn 0.2779 -0.0543 0.9591
vn 0.1176 -0.0374 -0.9924
vn -0.2159 0.6865 -0.6943
vn -0.2434 0.8179 -0.5214
vn 0.0128 0.9524 -0.3045
vn 0.0131 0.9002 -0.4354
vn 0.9269 -0.0538 -0.3715
vn 0.9985 -0.0539 -0.0000
vn -0.2546 0.8949 -0.3665
vn 0.9269 -0.0538 0.3715
vn 0.8005 -0.0596 0.5963
vn 0.6795 -0.0852 0.7287
vn -0.1573 0.4886 -0.8582
vn 0.0396 0.0903 0.9951
vn -0.0598 0.2681 0.9615
vn 0.5414 -0.1651 0.8244
vn -0.0598 0.2681 -0.9615
vn -0.1573 0.4886 0.8582
vn 0.3891 -0.2745 0.8794
vn 0.0396 0.0903 -0.9951
vn -0.2159 0.6865 0.6943
vn 0.2425 -0.3236 0.9146
vn 0.0990 -0.2266 -0.9689
vn -0.2434 0.8179 0.5214
vn 0.0991 -0.2271 0.9688
vn 0.2422 -0.3230 -0.9149
vn -0.2546 0.8949 0.3665
vn 0.0395 0.0906 0.9951
vn 0.3898 -0.2742 -0.8791
vn -0.2588 0.9376 0.2324
vn 0.5420 -0.1650 -0.8241
vn -0.2601 0.9590 0.1124
vn 0.6798 -0.0851 -0.7284
vn -0.2603 0.9655 -0.0006
vn 0.8005 -0.0595 -0.5964
vn 0.0028 -0.0020 -1.0000
vn 0.0082 0.4496 -0.8932
vn -0.0365 0.4100 -0.9114
vn -0.0107 -0.0122 -0.9999
vn -0.0604 -0.9905 0.1232
vn -0.0543 -0.9788 0.1975
vn 0.0126 0.7785 -0.6275
vn 0.0027 -0.0023 1.0000
vn 0.0082 0.4496 0.8932
vn -0.0467 -0.9552 0.2923
vn 0.0126 0.7785 0.6275
vn -0.0383 -0.9054 0.4229
vn 0.0130 0.9001 0.4355
vn -0.0286 -0.7867 0.6167
vn -0.0151 -0.4603 -0.8876
vn 0.0128 0.9524 0.3045
vn -0.0151 -0.4603 0.8876
vn -0.0286 -0.7867 -0.6167
vn 0.0126 0.9781 0.2080
vn 0.0028 -0.0016 1.0000
vn -0.0383 -0.9054 -0.4229
vn 0.0125 0.9913 0.1311
vn -0.0468 -0.9552 -0.2923
vn 0.0127 0.9979 0.0633
vn -0.0543 -0.9788 -0.1976
vn 0.0129 0.9999 -0.0000
vn -0.0604 -0.9906 -0.1229
vn 0.0128 0.9979 -0.0635
vn -0.0646 -0.9961 -0.0597
vn 0.0127 0.9912 -0.1320
vn -0.0660 -0.9978 -0.0007
vn 0.0126 0.9780 -0.2081
vn -0.0644 -0.9961 0.0596
vn 0.0854 -0.8629 -0.4980
vn 0.0705 -0.7188 -0.6917
vn 0.1402 -0.6299 -0.7639
vn 0.1805 -0.7938 -0.5807
vn -0.0613 0.7356 0.6746
vn -0.0712 0.8752 0.4785
vn 0.0854 -0.8621 0.4995
vn 0.0702 -0.7160 0.6945
vn 0.0360 -0.3951 -0.9179
vn -0.0748 0.9379 0.3387
vn 0.0360 -0.3950 0.9180
vn -0.0757 0.9697 0.2323
vn -0.0108 -0.0119 0.9999
vn -0.0756 0.9864 0.1458
vn 0.0924 -0.9303 -0.3550
vn -0.0753 0.9947 0.0703
vn 0.0962 -0.9648 -0.2446
vn -0.0753 0.9972 -0.0002
vn 0.0983 -0.9832 -0.1540
vn -0.0757 0.9946 -0.0708
vn 0.0994 -0.9922 -0.0745
vn -0.0762 0.9863 -0.1463
vn 0.0998 -0.9950 0.0001
vn -0.0765 0.9695 -0.2330
vn 0.0995 -0.9922 0.0747
vn -0.0756 0.9376 -0.3395
vn 0.0984 -0.9831 0.1542
vn -0.0718 0.8747 -0.4794
vn 0.0963 -0.9648 0.2447
vn -0.0614 0.7364 -0.6737
vn -0.0107 -0.0126 0.9999
vn -0.0365 0.4099 0.9114
vn 0.0925 -0.9302 0.3552
vn 0.2253 -0.9551 -0.1925
vn 0.2169 -0.9284 -0.3017
vn 0.4575 -0.8383 -0.2966
vn 0.5036 -0.8430 -0.1892
vn -0.1854 0.9411 0.2827
vn -0.1892 0.9655 0.1790
vn 0.2035 -0.8811 -0.4269
vn -0.1909 0.9778 0.0868
vn -0.1914 0.9815 -0.0001
vn -0.1909 0.9778 -0.0870
vn 0.2298 -0.9686 -0.0948
vn -0.1891 0.9658 -0.1775
vn 0.2315 -0.9728 0.0002
vn -0.1854 0.9418 -0.2804
vn 0.2303 -0.9682 0.0972
vn -0.1781 0.8983 -0.4016
vn 0.2256 -0.9546 0.1946
vn -0.1634 0.8171 -0.5529
vn 0.2172 -0.9285 0.3012
vn -0.1334 0.6589 -0.7403
vn -0.0090 -0.0173 0.9998
vn -0.0737 0.3475 0.9348
vn 0.2035 -0.8811 0.4269
vn -0.0737 0.3474 -0.9348
vn -0.1334 0.6587 0.7404
vn 0.1806 -0.7941 0.5803
vn -0.0091 -0.0169 -0.9998
vn -0.1634 0.8171 0.5529
vn 0.1402 -0.6299 0.7639
vn 0.0692 -0.3340 -0.9400
vn -0.1781 0.8983 0.4017
vn 0.0692 -0.3340 0.9400
vn -0.0091 -0.0166 0.9998
vn 0.5346 -0.8400 0.0926
vn 0.5456 -0.8380 0.0007
vn 0.9964 0.0845 -0.0000
vn 0.9935 0.0840 0.0767
vn -0.2498 0.9683 -0.0004
vn -0.2491 0.9643 -0.0900
vn 0.5344 -0.8402 -0.0923
vn -0.2489 0.9516 -0.1802
vn -0.2471 0.9269 -0.2824
vn -0.2411 0.8811 -0.4069
vn 0.5036 -0.8429 0.1892
vn -0.2250 0.7957 -0.5624
vn 0.4576 -0.8383 0.2965
vn -0.1856 0.6308 -0.7535
vn -0.0083 0.0074 0.9999
vn -0.1023 0.3288 0.9389
vn 0.4006 -0.8141 0.4204
vn -0.1023 0.3288 -0.9389
vn -0.1856 0.6309 0.7534
vn 0.3330 -0.7514 0.5696
vn -0.0083 0.0074 -0.9999
vn -0.2251 0.7957 0.5624
vn 0.2463 -0.6140 0.7499
vn 0.1206 -0.3337 -0.9349
vn -0.2411 0.8811 0.4069
vn 0.1206 -0.3337 0.9350
vn 0.2463 -0.6140 -0.7499
vn -0.2472 0.9268 0.2826
vn -0.0084 0.0078 0.9999
vn 0.3329 -0.7514 -0.5697
vn -0.2492 0.9518 0.1787
vn 0.4006 -0.8141 -0.4204
vn -0.2501 0.9641 0.0893
vn -0.0325 0.3817 0.9237
vn -0.0203 0.0110 0.9997
vn 0.0333 -0.0021 0.9994
vn 0.1588 0.0756 0.9844
vn -0.0713 0.9655 -0.2504
vn -0.0723 0.9284 -0.3644
vn 0.9730 0.0844 0.2150
vn -0.0706 0.8558 -0.5125
vn 0.1818 -0.0028 0.9833
vn -0.0607 0.7034 -0.7082
vn -0.1513 -0.7134 0.6843
vn -0.0325 0.3817 -0.9237
vn -0.0607 0.7034 0.7082
vn 0.0237 -0.7855 0.6184
vn -0.0203 0.0113 -0.9997
vn -0.0706 0.8557 0.5126
vn 0.0802 -0.6555 0.7509
vn 0.0460 -0.3542 -0.9340
vn -0.0723 0.9284 0.3645
vn 0.0458 -0.3534 0.9343
vn 0.0802 -0.6556 -0.7509
vn -0.0713 0.9655 0.2506
vn -0.0204 0.0116 0.9997
vn 0.0237 -0.7855 -0.6184
vn -0.0700 0.9851 0.1573
vn -0.1513 -0.7136 -0.6841
vn -0.0689 0.9947 0.0760
vn 0.1805 -0.0029 -0.9836
vn -0.0686 0.9976 -0.0003
vn 0.9730 0.0843 -0.2151
vn -0.0689 0.9947 -0.0760
vn 0.9935 0.0840 -0.0767
vn -0.0700 0.9851 -0.1574
vn 0.5809 0.2729 0.7669
vn 0.4452 0.1883 0.8754
vn 0.4688 0.0150 0.8832
vn 0.6141 0.0613 0.7868
vn -0.7904 0.3082 0.5295
vn -0.6842 -0.0763 0.7253
vn 0.3007 0.1251 -0.9455
vn 0.1588 0.0756 -0.9844
vn 0.3007 0.1251 0.9455
vn -0.4249 -0.3479 0.8357
vn 0.0331 -0.0025 -0.9994
vn -0.2364 -0.3628 0.9014
vn -0.0839 -0.2483 -0.9650
vn -0.0839 -0.2483 0.9650
vn -0.2364 -0.3628 -0.9014
vn 0.6950 0.3699 0.6165
vn 0.0332 -0.0022 0.9994
vn -0.4249 -0.3479 -0.8357
vn 0.7778 0.4586 0.4298
vn -0.6844 -0.0763 -0.7251
vn 0.8260 0.5189 0.2200
vn -0.7903 0.3081 -0.5295
vn 0.8416 0.5401 0.0003
vn -0.8153 0.4600 -0.3516
vn 0.8260 0.5189 -0.2200
vn -0.8201 0.5467 -0.1689
vn 0.7778 0.4586 -0.4298
vn -0.8179 0.5754 -0.0002
vn 0.6950 0.3699 -0.6165
vn -0.8201 0.5467 0.1689
vn 0.5809 0.2729 -0.7669
vn -0.8153 0.4600 0.3516
vn 0.4452 0.1883 -0.8754
vn 0.9535 0.1659 0.2516
vn 0.8690 0.1415 0.4742
vn 0.8479 0.0608 0.5267
vn 0.9561 0.0668 0.2853
vn -0.3020 -0.0738 0.9504
vn -0.1424 -0.0823 0.9864
vn -0.1406 -0.0823 -0.9866
vn -0.3020 -0.0738 -0.9504
vn 0.7504 0.1053 0.6525
vn 0.0118 -0.0760 0.9970
vn -0.4655 -0.0459 -0.8839
vn -0.6239 -0.0000 -0.7815
vn -0.7653 0.0497 -0.6417
vn 0.9846 0.1746 0.0005
vn -0.8822 0.0889 -0.4623
vn 0.9535 0.1659 -0.2517
vn -0.9631 0.1129 -0.2441
vn 0.8690 0.1415 -0.4741
vn -0.9926 0.1211 -0.0001
vn 0.7504 0.1052 -0.6526
vn -0.9631 0.1129 0.2441
vn 0.6141 0.0613 -0.7868
vn -0.8822 0.0889 0.4623
vn 0.4682 0.0147 -0.8835
vn -0.7654 0.0497 0.6417
vn 0.3180 -0.0265 -0.9477
vn 0.0131 -0.0760 0.9970
vn 0.1654 -0.0573 0.9846
vn -0.6234 -0.0003 0.7819
vn 0.1654 -0.0573 -0.9846
vn 0.3181 -0.0265 0.9477
vn -0.4655 -0.0459 0.8839
vn 0.0125 -0.0760 -0.9970
vn 0.8479 0.0608 -0.5267
vn 0.9561 0.0668 -0.2853
vn 0.9578 0.0178 -0.2869
vn 0.8483 0.0157 -0.5292
vn -0.5511 0.0007 -0.8344
vn -0.7033 -0.0037 -0.7109
vn 0.9976 0.0691 -0.0000
vn -0.8475 -0.0075 -0.5308
vn -0.9576 -0.0104 -0.2880
vn -0.9999 -0.0114 -0.0000
vn 0.7055 0.0532 -0.7067
vn -0.9576 -0.0103 0.2879
vn 0.5547 0.0453 -0.8308
vn -0.8475 -0.0075 0.5308
vn 0.4076 0.0380 -0.9124
vn -0.7033 -0.0037 0.7109
vn 0.2675 0.0314 -0.9630
vn 0.0026 0.0199 0.9998
vn 0.1334 0.0253 0.9907
vn -0.5511 0.0007 0.8344
vn 0.1334 0.0253 -0.9907
vn 0.2675 0.0314 0.9630
vn -0.4032 0.0052 0.9151
vn 0.0025 0.0199 -0.9998
vn 0.4076 0.0380 0.9124
vn -0.2627 0.0099 0.9648
vn -0.1284 0.0147 -0.9916
vn 0.5547 0.0453 0.8308
vn -0.1284 0.0147 0.9916
vn -0.2627 0.0099 -0.9648
vn 0.7055 0.0532 0.7067
vn 0.0018 0.0198 0.9998
vn -0.4032 0.0052 -0.9151
vn 0.4054 0.0075 -0.9141
vn 0.5530 0.0103 -0.8331
vn 0.5548 0.0026 -0.8320
vn 0.4074 0.0019 -0.9132
vn -0.9579 -0.0177 -0.2866
vn -0.9998 -0.0185 -0.0000
vn 0.7047 0.0131 -0.7093
vn -0.9579 -0.0177 0.2867
vn -0.8486 -0.0157 0.5288
vn -0.7052 -0.0131 0.7088
vn 0.2649 0.0049 -0.9643
vn 0.0005 -0.0000 1.0000
vn 0.1306 0.0024 0.9914
vn -0.5536 -0.0103 0.8327
vn 0.1306 0.0024 -0.9914
vn 0.2649 0.0049 0.9643
vn -0.4060 -0.0075 0.9138
vn -0.0004 -0.0000 -1.0000
vn 0.4054 0.0075 0.9141
vn -0.2657 -0.0049 0.9641
vn -0.1314 -0.0024 -0.9913
vn 0.5530 0.0103 0.8331
vn -0.1314 -0.0024 0.9913
vn -0.2657 -0.0049 -0.9641
vn 0.7048 0.0131 0.7093
vn -0.4060 -0.0075 -0.9138
vn 0.8483 0.0157 0.5292
vn -0.5536 -0.0103 -0.8327
vn 0.9578 0.0178 0.2869
vn -0.7052 -0.0131 -0.7088
vn 0.9998 0.0186 -0.0000
vn -0.8486 -0.0157 -0.5288
vn 1.0000 0.0046 -0.0000
vn 0.9582 0.0044 0.2861
vn 0.9568 0.0338 0.2887
vn 0.9994 0.0353 -0.0000
vn -0.8479 -0.0039 0.5302
vn -0.7039 -0.0033 0.7103
vn 0.2671 0.0012 -0.9637
vn 0.0026 -0.0000 1.0000
vn 0.1328 0.0006 0.9911
vn -0.5519 -0.0026 0.8339
vn 0.1328 0.0006 -0.9911
vn 0.2671 0.0012 0.9637
vn -0.4041 -0.0019 0.9147
vn 0.0018 -0.0000 -1.0000
vn 0.4074 0.0019 0.9132
vn -0.2636 -0.0012 0.9646
vn -0.1292 -0.0006 -0.9916
vn 0.5548 0.0026 0.8319
vn -0.1292 -0.0006 0.9916
vn -0.2636 -0.0012 -0.9646
vn 0.7062 0.0033 0.7080
vn -0.4041 -0.0019 -0.9147
vn 0.8493 0.0039 0.5279
vn -0.5519 -0.0026 -0.8339
vn -0.7039 -0.0033 -0.7103
vn -0.8479 -0.0039 -0.5302
vn 0.9582 0.0044 -0.2861
vn -0.9578 -0.0044 -0.2876
vn 0.8493 0.0039 -0.5279
vn -1.0000 -0.0046 -0.0000
vn 0.7062 0.0033 -0.7080
vn -0.9578 -0.0044 0.2876
vn 0.8462 0.0299 -0.5320
vn 0.9568 0.0339 -0.2887
vn 0.9565 0.0666 -0.2840
vn 0.8492 0.0592 -0.5248
vn 0.0057 0.0006 -1.0000
vn -0.1253 -0.0086 -0.9921
vn -0.0017 -0.0002 1.0000
vn 0.1260 0.0043 0.9920
vn 0.9568 0.0338 -0.2887
vn -0.7079 -0.0249 -0.7059
vn -0.8500 -0.0297 -0.5259
vn -0.1359 -0.0050 0.9907
vn -0.0034 -0.0003 1.0000
vn -0.8500 -0.0297 0.5259
vn -0.7079 -0.0249 0.7058
vn 0.7016 0.0248 -0.7122
vn 0.7016 0.0248 0.7122
vn 0.8462 0.0299 0.5320
vn 0.5491 0.0194 -0.8355
vn 0.4010 0.0141 -0.9160
vn 0.1260 0.0043 -0.9920
vn 0.2604 0.0091 -0.9655
vn -0.5572 -0.0197 -0.8301
vn -0.9580 -0.0334 0.2847
vn 0.5491 0.0194 0.8355
vn -0.2701 -0.0097 0.9628
vn -0.2701 -0.0097 -0.9628
vn -0.4102 -0.0146 -0.9119
vn 0.4010 0.0141 0.9160
vn -0.9994 -0.0348 -0.0000
vn -0.7079 -0.0249 -0.7058
vn -0.4102 -0.0146 0.9119
vn 0.9994 0.0354 -0.0000
vn -0.9580 -0.0334 -0.2848
vn -0.9580 -0.0334 0.2848
vn 0.2604 0.0091 0.9655
vn -0.9580 -0.0334 -0.2847
vn -0.5572 -0.0197 0.8301
vn 0.9568 0.0339 0.2887
vn -0.0032 -0.0003 1.0000
vn -0.2596 -0.0180 -0.9655
vn 0.9976 0.0694 -0.0000
vn -0.4002 -0.0278 -0.9160
vn 0.9565 0.0666 0.2840
vn -0.5482 -0.0382 -0.8355
vn 0.8492 0.0592 0.5248
vn -0.7005 -0.0488 -0.7120
vn 0.7077 0.0494 0.7048
vn -0.1253 -0.0086 0.9921
vn -0.0000 -0.0009 1.0000
vn -0.8448 -0.0589 -0.5318
vn 0.5574 0.0390 0.8293
vn -0.2597 -0.0180 0.9655
vn -0.9551 -0.0665 -0.2886
vn 0.4106 0.0289 0.9113
vn -0.4002 -0.0278 0.9160
vn -0.9976 -0.0695 -0.0000
vn 0.2707 0.0191 0.9625
vn -0.5482 -0.0382 0.8355
vn -0.9551 -0.0665 0.2886
vn 0.1367 0.0098 0.9906
vn -0.7005 -0.0488 0.7120
vn -0.8448 -0.0589 0.5318
vn 0.0028 0.0012 1.0000
vn -0.7004 -0.0488 0.7121
vn 0.1366 0.0098 0.9906
vn -0.5481 -0.0382 0.8355
vn -0.9976 -0.0695 0.0001
vn 0.4106 0.0289 0.9114
vn -0.9552 -0.0665 -0.2885
vn -0.2596 -0.0180 0.9655
vn 0.5573 0.0390 0.8294
vn -0.8449 -0.0589 -0.5317
vn -0.1252 -0.0086 0.9921
vn 0.7076 0.0494 0.7049
vn 0.8491 0.0592 0.5249
vn 0.9565 0.0666 -0.2841
vn 0.8491 0.0592 -0.5248
vn 0.7076 0.0494 -0.7049
vn 0.1366 0.0098 -0.9906
vn 0.5574 0.0390 -0.8294
vn 0.2707 0.0191 -0.9625
vn 0.4106 0.0289 -0.9114
vn 0.4106 0.0289 -0.9113
vn 0.5574 0.0390 -0.8293
vn 0.1367 0.0098 -0.9906
vn 0.7077 0.0494 -0.7048
vn 0.7054 -0.0045 0.7087
vn 0.7055 -0.0045 -0.7087
vn -0.7074 0.0066 0.7068
vn -0.5558 0.0044 0.8313
vn -0.5539 0.2184 0.8035
vn 0.5564 0.0048 0.8309
vn 0.4083 0.0028 0.9129
vn -0.1315 0.0005 -0.9913
vn -0.4081 0.0026 0.9129
vn 0.2663 0.0015 0.9639
vn 0.2671 0.0013 -0.9637
vn 0.4084 0.0028 -0.9128
vn -0.8494 0.0086 0.5277
vn 0.5563 0.0048 -0.8309
vn -0.9584 0.0105 0.2852
vn 0.8505 0.0097 -0.5260
vn -0.9581 0.0107 -0.2862
vn 0.9585 0.0115 -0.2849
vn -0.8502 0.0088 -0.5264
vn -0.7073 0.0067 -0.7069
vn 0.9584 0.0116 0.2850
vn 0.8505 0.0096 0.5260
vn -0.4079 0.0027 -0.9130
vn 0.7079 0.0072 0.7063
vn -0.2670 0.0013 -0.9637
vn -0.8210 0.2763 -0.4996
vn -0.9163 0.2973 -0.2685
vn -0.2601 0.9590 -0.1124
vn -0.8210 0.2763 0.4996
vn 0.6034 0.1445 -0.7842
vn -0.9161 0.2972 0.2692
vn 0.9193 0.3024 -0.2519
vn 0.9500 0.3123 -0.0000
vn -0.6927 0.2485 -0.6771
vn -0.5539 0.2184 -0.8034
vn -0.0266 0.0298 0.9992
vn 0.9985 -0.0540 -0.0000
vn 0.6793 -0.0852 0.7289
vn 0.3891 -0.2744 0.8794
vn 0.0992 -0.2271 0.9688
vn -0.2546 0.8949 0.3666
vn 0.3899 -0.2742 -0.8791
vn 0.5420 -0.1649 -0.8241
vn 0.8005 -0.0595 -0.5963
vn -0.0365 0.4100 -0.9113
vn 0.0126 0.9914 0.1304
vn -0.0543 -0.9787 -0.1977
vn 0.0129 0.9978 -0.0647
vn -0.0646 -0.9961 -0.0594
vn 0.0126 0.9914 -0.1304
vn 0.1805 -0.7939 -0.5806
vn -0.0613 0.7363 0.6739
vn -0.0714 0.8737 0.4812
vn 0.0854 -0.8631 0.4978
vn 0.0705 -0.7188 0.6916
vn 0.0360 -0.3950 -0.9180
vn 0.0995 -0.9922 0.0746
vn -0.0715 0.8738 -0.4810
vn -0.0615 0.7368 -0.6733
vn 0.2254 -0.9552 -0.1917
vn 0.2171 -0.9287 -0.3007
vn 0.2035 -0.8811 -0.4270
vn 0.2296 -0.9685 -0.0966
vn -0.1890 0.9655 -0.1792
vn -0.1854 0.9420 -0.2799
vn 0.2300 -0.9687 0.0937
vn -0.1779 0.8979 -0.4027
vn 0.2255 -0.9552 0.1916
vn -0.1634 0.8172 -0.5527
vn 0.2172 -0.9289 0.3001
vn -0.1334 0.6588 -0.7404
vn -0.1781 0.8980 0.4024
vn 0.5345 -0.8401 0.0922
vn 0.5454 -0.8382 0.0001
vn -0.2493 0.9643 -0.0888
vn 0.5345 -0.8401 -0.0921
vn -0.2492 0.9519 -0.1784
vn -0.1856 0.6308 -0.7534
vn -0.1856 0.6308 0.7534
vn 0.3330 -0.7514 0.5697
vn -0.2472 0.9267 0.2829
vn -0.2493 0.9517 0.1790
vn 0.4007 -0.8141 -0.4204
vn -0.0713 0.9655 -0.2506
vn -0.1512 -0.7134 0.6842
vn 0.0460 -0.3542 -0.9341
vn 0.0458 -0.3535 0.9343
vn -0.0699 0.9851 0.1572
vn -0.1512 -0.7135 -0.6841
vn -0.0689 0.9947 0.0758
vn 0.9729 0.0843 -0.2151
vn -0.7905 0.3084 0.5292
vn -0.2363 -0.3627 0.9014
vn -0.8201 0.5467 -0.1688
vn 0.8690 0.1415 0.4741
vn -0.1421 -0.0823 -0.9864
vn 0.9846 0.1746 -0.0000
vn 0.9535 0.1659 -0.2516
vn -0.9926 0.1211 -0.0002
vn -0.9631 0.1129 0.2442
vn -0.7653 0.0497 0.6417
vn 0.3181 -0.0265 -0.9477
vn -0.9576 -0.0104 -0.2879
vn -0.2628 0.0099 0.9648
vn 0.5548 0.0026 -0.8319
vn 0.7048 0.0131 -0.7093
vn -0.0012 -0.0000 1.0000
vn -0.4040 -0.0019 0.9147
vn 0.5549 0.0026 0.8319
vn -0.4040 -0.0019 -0.9147
vn -0.7079 -0.0249 0.7059
vn -0.0036 -0.0003 1.0000
vn 0.0021 0.0011 1.0000
vn -0.8449 -0.0589 0.5318
vn -0.9552 -0.0665 0.2885
vn 0.5574 0.0390 0.8294
vn -0.8449 -0.0589 -0.5318
vn 0.0058 0.0006 -1.0000
vn 0.8405 -0.1776 0.5118
vn 0.7060 -0.1541 0.6912
vn 0.5750 -0.5453 0.6100
vn 0.6574 -0.6183 0.4307
vn -0.3917 0.0803 -0.9166
vn -0.5407 0.1046 -0.8347
vn -0.9443 0.1609 -0.2872
vn -0.9861 0.1662 0.0006
vn -0.1127 0.0229 -0.9934
vn -0.2481 0.0530 -0.9673
vn 0.9409 -0.1950 -0.2771
vn 0.8404 -0.1776 -0.5120
vn 0.0187 -0.0094 0.9998
vn 0.1495 -0.0419 0.9879
vn 0.1493 -0.0418 -0.9879
vn 0.0186 -0.0093 -0.9998
vn -0.2496 0.0532 0.9669
vn -0.1133 0.0230 0.9933
vn 0.5617 -0.1282 0.8174
vn -0.6928 0.1269 -0.7099
vn -0.8360 0.1465 -0.5288
vn 0.4191 -0.1011 -0.9023
vn 0.2820 -0.0725 -0.9567
vn -0.5407 0.1046 0.8347
vn -0.3919 0.0803 0.9165
vn 0.9795 -0.2016 -0.0004
vn 0.7060 -0.1541 -0.6912
vn 0.5616 -0.1282 -0.8174
vn -0.6929 0.1269 0.7097
vn 0.4191 -0.1011 0.9023
vn 0.9411 -0.1949 0.2765
vn 0.2820 -0.0725 0.9567
vn 0.0180 -0.0092 0.9998
vn -0.7446 0.6303 -0.2197
vn -0.6855 0.5901 -0.4264
vn -0.2566 0.9436 -0.2092
vn -0.2612 0.9598 -0.1022
vn -0.1169 0.1204 -0.9858
vn -0.2494 0.2593 -0.9330
vn -0.5986 0.5290 -0.6015
vn 0.4718 -0.4563 0.7545
vn -0.4928 0.4528 0.7431
vn -0.3753 0.3642 0.8524
vn 0.5758 -0.5454 -0.6091
vn 0.4718 -0.4562 -0.7545
vn 0.3561 -0.3605 0.8621
vn -0.3752 0.3641 -0.8524
vn 0.2355 -0.2646 0.9352
vn -0.2493 0.2593 0.9331
vn 0.3562 -0.3605 -0.8621
vn 0.1167 -0.1681 0.9788
vn -0.4930 0.4528 -0.7429
vn -0.7644 0.6447 0.0007
vn 0.0043 -0.0493 0.9988
vn -0.1169 0.1204 0.9858
vn 0.2355 -0.2646 -0.9352
vn -0.7436 0.6309 0.2213
vn 0.0038 -0.0487 0.9988
vn 0.1165 -0.1680 -0.9789
vn 0.6574 -0.6182 -0.4309
vn -0.6855 0.5903 0.4262
vn 0.7117 -0.6667 -0.2215
vn 0.0041 -0.0490 -0.9988
vn 0.7297 -0.6837 -0.0004
vn -0.5987 0.5293 0.6012
vn 0.7111 -0.6668 0.2230
vn 0.1568 -0.5606 -0.8131
vn 0.2094 -0.7392 -0.6401
vn 0.0820 -0.8622 -0.4999
vn 0.0677 -0.7152 -0.6956
vn 0.1565 -0.5599 0.8136
vn 0.2086 -0.7376 0.6422
vn -0.2050 0.7614 0.6151
vn -0.1599 0.5953 0.7874
vn 0.2392 -0.8439 -0.4802
vn 0.0745 -0.2943 0.9528
vn -0.2060 0.7636 -0.6119
vn -0.2317 0.8568 -0.4607
vn -0.2626 0.9649 -0.0000
vn -0.0105 -0.0312 0.9995
vn -0.0855 0.3053 0.9484
vn -0.2477 0.9123 -0.3260
vn -0.2610 0.9599 0.1022
vn -0.0105 -0.0316 0.9994
vn 0.0745 -0.2944 -0.9528
vn 0.2655 -0.9391 -0.2181
vn 0.2561 -0.9046 -0.3408
vn -0.2562 0.9434 0.2106
vn 0.2703 -0.9569 -0.1064
vn -0.0106 -0.0313 -0.9995
vn 0.2717 -0.9624 -0.0000
vn -0.2471 0.9126 0.3256
vn 0.2702 -0.9569 0.1064
vn -0.0855 0.3053 -0.9484
vn 0.2653 -0.9392 0.2180
vn -0.2316 0.8575 0.4595
vn 0.2558 -0.9048 0.3405
vn -0.1600 0.5954 -0.7874
vn 0.2389 -0.8442 0.4798
vn -0.0572 0.9880 0.1436
vn -0.0537 0.9962 0.0687
vn 0.0285 0.9977 0.0617
vn 0.0259 0.9914 0.1286
vn -0.0656 0.9370 -0.3432
vn -0.0637 0.9700 -0.2346
vn -0.0530 0.9986 -0.0009
vn -0.0339 0.4098 0.9115
vn -0.0141 -0.0165 0.9998
vn 0.0337 -0.3917 -0.9195
vn 0.0936 -0.9836 -0.1539
vn 0.0918 -0.9653 -0.2445
vn 0.0945 -0.9927 -0.0744
vn -0.0141 -0.0162 -0.9998
vn 0.0948 -0.9955 -0.0000
vn -0.0627 0.9701 0.2347
vn 0.0945 -0.9927 0.0745
vn -0.0339 0.4099 -0.9115
vn 0.0935 -0.9836 0.1540
vn -0.0654 0.9369 0.3434
vn 0.0917 -0.9653 0.2445
vn -0.0558 0.7348 -0.6760
vn -0.0605 0.9875 -0.1456
vn 0.0883 -0.9306 0.3552
vn -0.0641 0.8726 0.4841
vn 0.0884 -0.9306 -0.3552
vn 0.0818 -0.8622 0.4999
vn -0.0642 0.8728 -0.4838
vn -0.0558 0.9959 -0.0705
vn 0.0675 -0.7154 0.6955
vn -0.0557 0.7350 0.6758
vn 0.0335 -0.3919 0.9194
vn -0.0141 -0.0159 0.9998
vn 0.0086 0.4385 -0.8987
vn 0.0069 -0.0019 -1.0000
vn 0.0179 -0.0318 -0.9993
vn 0.0661 0.3787 -0.9231
vn -0.0302 -0.9972 -0.0678
vn -0.0300 -0.9891 -0.1440
vn -0.0123 -0.4359 -0.8999
vn -0.0303 -0.9995 -0.0000
vn 0.0231 0.9781 0.2066
vn -0.0299 -0.9971 0.0696
vn -0.0296 -0.9898 0.1396
vn 0.0209 0.9520 0.3054
vn -0.0289 -0.9749 0.2207
vn 0.0155 0.7702 -0.6376
vn 0.0232 0.9782 -0.2064
vn 0.0260 0.9914 -0.1279
vn -0.0277 -0.9467 0.3208
vn 0.0189 0.8974 0.4409
vn -0.0289 -0.9751 -0.2200
vn -0.0277 -0.9466 -0.3211
vn -0.0258 -0.8900 0.4552
vn 0.0189 0.8974 -0.4408
vn 0.0288 0.9977 -0.0619
vn -0.0221 -0.7620 0.6472
vn 0.0155 0.7702 0.6376
vn -0.0258 -0.8901 -0.4551
vn -0.0123 -0.4359 0.8999
vn 0.0210 0.9520 -0.3055
vn 0.0302 0.9995 -0.0005
vn 0.0068 -0.0016 1.0000
vn 0.0086 0.4385 0.8987
vn -0.0221 -0.7621 -0.6471
vn 0.0068 -0.0023 1.0000
vn 0.1301 0.8486 0.5128
vn 0.1362 0.9224 0.3614
vn 0.4609 0.5410 0.7035
vn 0.3604 0.4362 0.8245
vn -0.2021 -0.9608 0.1896
vn -0.2060 -0.9742 0.0922
vn 0.1364 0.9593 0.2474
vn -0.1948 -0.9346 0.2977
vn 0.1118 0.7000 -0.7054
vn 0.1355 0.9595 -0.2469
vn 0.1339 0.9788 -0.1549
vn -0.1836 -0.8896 0.4182
vn -0.1955 -0.9357 -0.2937
vn -0.1835 -0.8892 -0.4191
vn -0.1631 -0.8045 0.5711
vn 0.1301 0.8488 -0.5124
vn 0.1321 0.9885 -0.0734
vn -0.1260 -0.6420 0.7562
vn 0.1118 0.7002 0.7052
vn -0.1631 -0.8045 -0.5712
vn -0.0589 -0.3461 0.9364
vn 0.1357 0.9212 -0.3645
vn 0.1316 0.9913 0.0006
vn 0.0180 -0.0315 0.9993
vn 0.0661 0.3787 0.9231
vn -0.1260 -0.6420 -0.7563
vn 0.1326 0.9884 0.0747
vn 0.0179 -0.0322 0.9993
vn -0.0589 -0.3461 -0.9363
vn -0.2025 -0.9612 -0.1874
vn 0.1341 0.9786 0.1563
vn -0.2063 -0.9741 -0.0927
vn -0.2073 -0.9783 -0.0002
vn 0.4609 0.5411 -0.7034
vn 0.3604 0.4363 -0.8245
vn 0.3919 0.1338 -0.9102
vn 0.5363 0.1809 -0.8244
vn -0.5598 -0.5663 -0.6049
vn -0.4583 -0.4799 -0.7481
vn -0.3451 -0.3853 0.8559
vn -0.4584 -0.4800 0.7480
vn 0.2452 0.3129 -0.9176
vn 0.6071 0.6952 -0.3849
vn 0.6464 0.7375 -0.1957
vn -0.2267 -0.2881 0.9304
vn 0.2453 0.3129 0.9176
vn -0.3451 -0.3854 -0.8558
vn -0.1096 -0.1889 0.9759
vn 0.6596 0.7516 0.0003
vn -0.0015 -0.0628 0.9980
vn 0.1163 0.1481 0.9821
vn -0.2267 -0.2881 -0.9304
vn 0.5443 0.6286 -0.5555
vn 0.6464 0.7373 0.1963
vn -0.0010 -0.0621 0.9981
vn -0.1096 -0.1889 -0.9759
vn -0.6418 -0.6368 -0.4273
vn 0.6072 0.6954 0.3844
vn -0.6957 -0.6837 -0.2204
vn -0.0012 -0.0624 -0.9981
vn -0.7144 -0.6998 -0.0001
vn 0.5442 0.6285 0.5558
vn -0.6958 -0.6837 0.2201
vn 0.1163 0.1481 -0.9821
vn -0.6420 -0.6370 0.4268
vn -0.5598 -0.5663 0.6049
vn -0.0114 -0.0098 0.9999
vn 0.1182 0.0375 0.9923
vn 0.1144 -0.0015 0.9934
vn -0.0163 0.0006 0.9999
vn 0.9134 0.2986 -0.2766
vn 0.9507 0.3101 0.0001
vn -0.0127 -0.0102 0.9999
vn -0.1408 -0.0552 0.9885
vn 0.2524 0.0858 0.9638
vn -0.4067 -0.1379 -0.9031
vn -0.2714 -0.0975 -0.9575
vn 0.6813 0.2267 -0.6960
vn 0.9134 0.2986 0.2767
vn -0.1408 -0.0553 -0.9885
vn -0.8214 -0.2530 -0.5112
vn -0.6896 -0.2171 -0.6909
vn 0.8145 0.2681 0.5145
vn -0.9198 -0.2797 -0.2752
vn -0.0121 -0.0101 -0.9999
vn -0.9571 -0.2898 -0.0001
vn 0.6812 0.2266 0.6961
vn -0.9198 -0.2797 0.2751
vn 0.1182 0.0375 -0.9923
vn -0.8215 -0.2530 0.5111
vn 0.5363 0.1808 0.8245
vn -0.6896 -0.2171 0.6909
vn 0.2524 0.0859 -0.9638
vn 0.8146 0.2681 -0.5144
vn -0.5474 -0.1779 0.8178
vn 0.3919 0.1337 0.9103
vn -0.5474 -0.1779 -0.8178
vn -0.4067 -0.1380 0.9031
vn -0.2714 -0.0975 0.9575
vn -0.9598 0.0238 -0.2798
vn -0.9997 0.0247 -0.0002
vn -0.9104 0.4137 -0.0005
vn -0.8773 0.4003 -0.2648
vn -0.2825 0.0068 -0.9593
vn -0.1484 0.0035 -0.9889
vn -0.8554 0.0213 -0.5175
vn -0.7162 0.0179 -0.6976
vn 0.9562 -0.0043 0.2927
vn 0.8426 -0.0043 0.5385
vn -0.0172 0.0007 -0.9999
vn 0.6961 -0.0048 0.7180
vn -0.9599 0.0237 0.2795
vn 0.1143 -0.0017 -0.9934
vn -0.8552 0.0210 0.5179
vn 0.5415 -0.0048 0.8407
vn -0.7164 0.0176 0.6974
vn 0.2494 -0.0033 -0.9684
vn 0.6954 -0.0049 -0.7186
vn 0.8428 -0.0047 -0.5381
vn -0.5676 0.0138 0.8232
vn 0.3917 -0.0042 0.9201
vn -0.5678 0.0142 -0.8231
vn -0.4224 0.0103 0.9063
vn 0.3911 -0.0043 -0.9203
vn 0.9562 -0.0045 -0.2926
vn -0.2822 0.0065 0.9593
vn 0.2494 -0.0030 0.9684
vn -0.4220 0.0104 -0.9065
vn -0.1484 0.0035 0.9889
vn 0.5407 -0.0048 -0.8412
vn 1.0000 -0.0043 0.0003
vn -0.0171 0.0007 0.9999
vn -0.7889 0.3649 -0.4944
vn -0.4905 0.8568 -0.1591
vn -0.4732 0.8210 -0.3195
vn 0.8060 -0.3201 0.4980
vn 0.6787 -0.2804 0.6787
vn -0.0149 0.0235 -0.9996
vn 0.1164 -0.0552 -0.9917
vn 0.5378 -0.2345 0.8098
vn 0.2537 -0.1254 -0.9591
vn 0.6788 -0.2804 -0.6787
vn 0.8060 -0.3201 -0.4980
vn 0.3947 -0.1837 0.9002
vn -0.6672 0.3166 -0.6742
vn -0.5336 0.2642 -0.8034
vn -0.8775 0.4004 0.2639
vn 0.3946 -0.1837 -0.9003
vn 0.8985 -0.3485 -0.2670
vn -0.7889 0.3649 0.4945
vn 0.2538 -0.1254 0.9591
vn -0.3980 0.2102 -0.8930
vn -0.6677 0.3169 0.6736
vn 0.5375 -0.2345 -0.8100
vn 0.9334 -0.3588 0.0012
vn -0.5336 0.2642 0.8034
vn 0.1165 -0.0553 0.9917
vn -0.2680 0.1559 -0.9507
vn -0.3988 0.2107 0.8925
vn 0.8986 -0.3483 0.2669
vn -0.2680 0.1559 0.9507
vn -0.0145 0.0232 0.9996
vn -0.1412 0.0954 -0.9854
vn -0.1412 0.0954 0.9854
vn -0.0155 0.0238 0.9996
vn -0.4900 0.8573 0.1579
vn -0.4723 0.8221 0.3178
vn -0.1699 0.9710 0.1682
vn -0.1708 0.9818 0.0831
vn -0.1044 0.2143 -0.9712
vn 0.0027 0.0468 -0.9989
vn -0.4958 0.8684 -0.0005
vn 0.5857 -0.7320 0.3480
vn 0.5255 -0.6826 0.5078
vn 0.1197 -0.1848 -0.9755
vn 0.4477 -0.6108 0.6531
vn -0.4399 0.7595 0.4792
vn 0.2457 -0.3767 -0.8932
vn 0.5256 -0.6828 -0.5075
vn 0.5855 -0.7317 -0.3491
vn -0.3885 0.6634 0.6395
vn 0.3546 -0.5117 0.7826
vn -0.4409 0.7576 -0.4813
vn -0.3895 0.6621 -0.6403
vn -0.3140 0.5343 0.7848
vn 0.3546 -0.5118 -0.7826
vn 0.6243 -0.7603 -0.1795
vn -0.2164 0.3782 0.9001
vn 0.2457 -0.3767 0.8932
vn -0.3149 0.5326 -0.7856
vn -0.1044 0.2143 0.9712
vn 0.4478 -0.6110 -0.6528
vn 0.6380 -0.7701 0.0012
vn 0.0025 0.0471 0.9989
vn 0.1197 -0.1848 0.9755
vn -0.2163 0.3783 -0.9001
vn 0.6243 -0.7607 0.1777
vn 0.0027 0.0468 0.9989
vn -0.1639 0.9019 -0.3997
vn -0.1683 0.9461 -0.2766
vn -0.0181 0.9737 -0.2273
vn -0.0186 0.9434 -0.3312
vn 0.2352 -0.9232 0.3039
vn 0.2120 -0.8799 0.4253
vn -0.1684 0.9462 0.2763
vn 0.0720 -0.3541 -0.9324
vn 0.1373 -0.6532 -0.7447
vn 0.2353 -0.9231 -0.3041
vn 0.2527 -0.9473 -0.1969
vn -0.1639 0.9019 0.3996
vn 0.1811 -0.8018 0.5695
vn -0.1529 0.8172 0.5557
vn 0.1811 -0.8018 -0.5695
vn 0.2639 -0.9597 -0.0967
vn -0.1259 0.6495 0.7499
vn 0.1373 -0.6532 0.7446
vn -0.1529 0.8172 -0.5557
vn -0.0638 0.3409 0.9379
vn 0.2120 -0.8799 -0.4251
vn 0.2680 -0.9634 0.0013
vn 0.0156 0.0257 0.9995
vn 0.0720 -0.3541 0.9324
vn -0.1259 0.6495 -0.7498
vn 0.2635 -0.9599 0.0959
vn 0.0155 0.0264 0.9995
vn -0.0638 0.3409 -0.9379
vn -0.1705 0.9703 -0.1715
vn 0.2526 -0.9474 0.1965
vn -0.1711 0.9818 -0.0818
vn 0.0156 0.0261 -0.9995
vn -0.1710 0.9853 -0.0002
vn 0.0560 -0.9984 0.0004
vn 0.0545 -0.9962 -0.0677
vn -0.0713 -0.9950 -0.0699
vn -0.0709 -0.9975 0.0005
vn -0.0187 0.8840 0.4670
vn -0.0189 0.9434 0.3311
vn 0.0274 -0.7518 -0.6588
vn 0.0357 -0.8855 -0.4633
vn 0.0512 -0.9887 -0.1409
vn -0.0172 0.7507 0.6604
vn 0.0358 -0.8858 0.4627
vn 0.0275 -0.7518 0.6588
vn -0.0186 0.8829 -0.4692
vn -0.0102 0.4244 0.9054
vn 0.0412 -0.9434 -0.3292
vn -0.0016 0.0013 1.0000
vn 0.0141 -0.4218 0.9066
vn -0.0169 0.7485 -0.6629
vn 0.0478 -0.9740 -0.2214
vn 0.0554 -0.9961 0.0685
vn -0.0016 0.0019 1.0000
vn -0.0102 0.4244 -0.9054
vn -0.0177 0.9896 -0.1429
vn 0.0529 -0.9885 0.1414
vn -0.0174 0.9975 -0.0691
vn -0.0016 0.0016 -1.0000
vn -0.0173 0.9999 -0.0001
vn 0.0488 -0.9731 0.2253
vn -0.0175 0.9975 0.0690
vn 0.0141 -0.4218 -0.9066
vn -0.0178 0.9896 0.1427
vn 0.0424 -0.9446 0.3254
vn -0.0184 0.9737 0.2271
vn 0.0395 0.3798 -0.9242
vn 0.0821 0.6980 -0.7114
vn 0.1584 0.5794 -0.7995
vn 0.0774 0.3034 -0.9497
vn -0.0163 0.0184 0.9997
vn 0.0400 0.3804 0.9240
vn -0.0661 -0.7278 0.6826
vn -0.0405 -0.4023 0.9146
vn 0.1016 0.8498 -0.5172
vn -0.0777 -0.9347 -0.3468
vn -0.0761 -0.9687 -0.2364
vn -0.0721 -0.9949 0.0710
vn -0.0163 0.0191 0.9997
vn 0.1193 0.9797 -0.1614
vn 0.1164 0.9597 -0.2557
vn -0.0746 -0.9863 0.1468
vn 0.1208 0.9896 -0.0782
vn -0.0163 0.0188 -0.9997
vn 0.1213 0.9926 -0.0001
vn -0.0765 -0.9685 0.2369
vn 0.1209 0.9896 0.0781
vn -0.0405 -0.4024 -0.9146
vn 0.1193 0.9797 0.1612
vn -0.0779 -0.9350 0.3461
vn 0.1164 0.9598 0.2555
vn -0.0661 -0.7278 -0.6826
vn -0.0738 -0.9861 -0.1487
vn 0.1112 0.9224 0.3698
vn -0.0758 -0.8688 0.4894
vn 0.1112 0.9224 -0.3699
vn 0.1017 0.8499 0.5170
vn -0.0758 -0.8689 -0.4892
vn 0.0822 0.6982 0.7112
vn -0.2266 -0.9257 0.3028
vn -0.2314 -0.9537 0.1922
vn -0.4322 -0.8543 0.2887
vn -0.4071 -0.8005 0.4399
vn 0.2666 0.9396 -0.2147
vn 0.2562 0.9068 -0.3347
vn -0.2334 -0.9679 0.0934
vn 0.2720 0.9566 -0.1050
vn -0.0067 0.0204 -0.9998
vn 0.2736 0.9618 -0.0001
vn 0.2718 0.9566 0.1047
vn -0.0842 -0.3163 -0.9449
vn 0.2663 0.9398 0.2143
vn -0.2166 -0.8753 0.4323
vn 0.2559 0.9071 0.3341
vn -0.1565 -0.6157 -0.7723
vn -0.2263 -0.9260 -0.3021
vn -0.2311 -0.9539 -0.1916
vn 0.2381 0.8499 0.4701
vn -0.1961 -0.7832 0.5900
vn 0.2385 0.8493 -0.4709
vn 0.2083 0.7506 0.6271
vn -0.1963 -0.7844 -0.5884
vn -0.2332 -0.9680 -0.0929
vn 0.1578 0.5782 0.8005
vn -0.1566 -0.6159 0.7721
vn 0.2088 0.7508 -0.6267
vn 0.0776 0.3038 0.9496
vn -0.2164 -0.8757 -0.4316
vn -0.2339 -0.9723 0.0002
vn -0.0068 0.0201 0.9998
vn -0.0842 -0.3163 0.9449
vn -0.0066 0.0207 0.9998
vn -0.2225 -0.4243 -0.8778
vn -0.1120 -0.2009 -0.9732
vn -0.1201 -0.0852 -0.9891
vn -0.2534 -0.1928 -0.9480
vn 0.5140 0.8412 0.1679
vn 0.5223 0.8528 -0.0003
vn -0.0035 0.0337 -0.9994
vn 0.4895 0.8054 0.3342
vn -0.3677 -0.7166 0.5927
vn 0.4485 0.7442 0.4950
vn -0.4080 -0.7999 -0.4402
vn -0.4325 -0.8539 -0.2895
vn 0.3890 0.6544 0.6483
vn -0.3071 -0.5941 0.7435
vn 0.4486 0.7424 -0.4976
vn 0.3898 0.6550 -0.6473
vn 0.3108 0.5342 0.7861
vn -0.3080 -0.5941 -0.7431
vn -0.4455 -0.8837 -0.1431
vn 0.2126 0.3828 0.8990
vn -0.2221 -0.4253 0.8774
vn 0.3110 0.5343 -0.7860
vn 0.1019 0.2123 0.9719
vn -0.3681 -0.7163 -0.5927
vn -0.4495 -0.8933 0.0004
vn -0.0033 0.0340 0.9994
vn -0.1114 -0.2012 0.9732
vn 0.2129 0.3830 -0.8989
vn -0.4451 -0.8839 0.1437
vn -0.0035 0.0337 0.9994
vn 0.1018 0.2122 -0.9719
vn 0.4901 0.8046 -0.3352
vn 0.5144 0.8408 -0.1686
vn -0.2534 -0.1928 0.9479
vn -0.3853 -0.2897 0.8761
vn -0.3932 -0.0978 0.9142
vn -0.2529 -0.0630 0.9654
vn -0.6272 -0.4576 -0.6302
vn -0.7236 -0.5235 -0.4499
vn 0.5069 0.3586 0.7839
vn 0.6268 0.4349 0.6465
vn -0.5116 -0.3781 0.7716
vn 0.6268 0.4349 -0.6465
vn 0.5067 0.3586 -0.7840
vn 0.3803 0.2790 0.8818
vn -0.3852 -0.2897 -0.8762
vn -0.7889 -0.5684 -0.2333
vn 0.2535 0.1992 0.9466
vn 0.3802 0.2790 -0.8818
vn 0.1297 0.1172 0.9846
vn -0.5115 -0.3781 -0.7716
vn -0.8120 -0.5837 0.0001
vn 0.0079 0.0242 0.9997
vn -0.1202 -0.0853 0.9891
vn 0.2535 0.1992 -0.9466
vn -0.7893 -0.5678 0.2337
vn 0.0071 0.0236 0.9997
vn 0.1297 0.1172 -0.9846
vn 0.7296 0.5013 -0.4652
vn -0.7251 -0.5237 0.4472
vn 0.8004 0.5470 -0.2452
vn 0.0075 0.0240 -0.9997
vn 0.8260 0.5637 0.0001
vn -0.6277 -0.4578 0.6296
vn 0.8008 0.5470 0.2438
vn 0.7296 0.5010 0.4654
vn 0.6982 0.1726 -0.6947
vn 0.5538 0.1407 -0.8207
vn 0.4109 0.1077 -0.9053
vn 0.1422 0.0417 0.9890
vn 0.2743 0.0753 0.9587
vn -0.3933 -0.0976 -0.9142
vn -0.5399 -0.1321 -0.8313
vn -0.9334 -0.2197 -0.2836
vn -0.9735 -0.2286 -0.0001
vn 0.0128 0.0072 0.9999
vn -0.1184 -0.0279 0.9926
vn 0.2741 0.0750 -0.9588
vn -0.6889 -0.1657 -0.7057
vn -0.9335 -0.2199 0.2833
vn 0.0117 0.0070 0.9999
vn 0.1422 0.0416 -0.9890
vn -0.8284 -0.1969 0.5244
vn 0.0122 0.0071 -0.9999
vn 0.9726 0.2325 0.0001
vn -0.6890 -0.1660 0.7055
vn 0.9341 0.2242 0.2777
vn -0.1184 -0.0278 -0.9926
vn 0.8330 0.2023 0.5150
vn -0.5398 -0.1322 0.8313
vn 0.6983 0.1728 0.6947
vn -0.2530 -0.0630 -0.9654
vn -0.8283 -0.1966 -0.5246
vn 0.5536 0.1407 0.8208
vn 0.4111 0.1081 0.9051
vn 0.5699 -0.1845 0.8007
vn 0.7156 -0.1393 0.6845
vn 0.7070 0.1241 0.6962
vn 0.5506 0.0783 0.8311
vn -0.5744 -0.0356 -0.8178
vn -0.3063 -0.2150 -0.9273
vn 0.9817 -0.0068 -0.1902
vn 1.0000 0.0037 -0.0000
vn -0.9318 0.3031 -0.1998
vn -0.8788 0.2777 -0.3881
vn -0.0984 -0.2474 -0.9639
vn 0.0800 -0.2496 -0.9650
vn 0.2480 -0.2387 -0.9389
vn 0.4116 -0.2173 -0.8851
vn -0.3063 -0.2150 0.9273
vn -0.5744 -0.0356 0.8178
vn 0.9818 -0.0067 0.1900
vn 0.0795 -0.2499 0.9650
vn -0.0984 -0.2474 0.9639
vn 0.5699 -0.1845 -0.8007
vn 0.7156 -0.1393 -0.6845
vn -0.7036 0.1636 0.6916
vn -0.7981 0.2359 0.5544
vn -0.7982 0.2359 -0.5544
vn 0.4116 -0.2173 0.8851
vn -0.8788 0.2777 0.3881
vn -0.7035 0.1641 -0.6915
vn 0.9271 -0.0383 0.3729
vn 0.8373 -0.0864 -0.5398
vn 0.9271 -0.0383 -0.3728
vn 0.2478 -0.2386 0.9390
vn 0.8373 -0.0864 0.5398
vn 0.0805 -0.2492 0.9651
vn -0.0702 -0.0412 0.9967
vn 0.1388 0.0108 0.9903
vn -0.2561 0.4060 0.8773
vn -0.2723 0.1069 0.9562
vn -0.2093 -0.5574 0.8035
vn -0.3172 -0.6171 0.7201
vn 0.5512 0.0784 -0.8307
vn 0.7070 0.1241 -0.6963
vn 0.3567 0.0431 0.9332
vn -0.6556 -0.2759 -0.7029
vn -0.3161 -0.6183 -0.7196
vn -0.9986 -0.0523 -0.0002
vn -0.9806 -0.0537 -0.1886
vn -0.2275 -0.1632 0.9600
vn 0.3566 0.0431 -0.9333
vn -0.8391 -0.0886 -0.5368
vn -0.9806 -0.0537 0.1887
vn -0.0700 -0.0407 0.9967
vn 0.1388 0.0109 -0.9903
vn -0.9285 -0.0606 -0.3664
vn -0.9285 -0.0605 0.3663
vn 0.8198 0.1847 -0.5420
vn 0.8915 0.2561 -0.3737
vn -0.0691 -0.0404 -0.9968
vn 0.9281 0.3190 -0.1919
vn -0.8395 -0.0884 0.5361
vn 0.9387 0.3447 -0.0000
vn -0.2277 -0.1632 -0.9600
vn 0.9282 0.3189 0.1918
vn -0.6553 -0.2758 0.7032
vn 0.8915 0.2561 0.3736
vn -0.2096 -0.5574 -0.8034
vn 0.8198 0.1847 0.5420
vn -0.1719 0.9750 -0.1410
vn -0.1811 0.9577 -0.2234
vn -0.1390 0.9613 -0.2379
vn -0.1372 0.9793 -0.1488
vn 0.0131 -0.9725 -0.2324
vn -0.0204 -0.9385 -0.3447
vn 0.0485 -0.9966 0.0673
vn 0.0530 -0.9986 0.0002
vn -0.2722 0.1062 0.9564
vn -0.2436 -0.2949 0.9240
vn -0.2561 0.4060 -0.8773
vn -0.2426 0.7281 -0.6411
vn 0.0355 -0.9889 -0.1440
vn 0.0354 -0.9891 0.1427
vn -0.2722 0.1061 -0.9564
vn -0.1667 0.9835 -0.0696
vn 0.0138 -0.9744 0.2244
vn -0.1652 0.9863 -0.0004
vn -0.2435 -0.2949 -0.9240
vn -0.1671 0.9835 0.0688
vn -0.0204 -0.9385 0.3447
vn -0.1726 0.9746 0.1426
vn -0.1493 -0.6897 -0.7085
vn -0.1812 0.9579 0.2228
vn -0.0702 -0.8655 0.4960
vn -0.1954 0.9258 -0.3235
vn -0.1956 0.9258 0.3235
vn -0.0702 -0.8655 -0.4959
vn 0.0489 -0.9965 -0.0673
vn -0.2161 0.8638 0.4551
vn -0.1493 -0.6897 0.7085
vn -0.2160 0.8638 -0.4552
vn -0.2426 0.7281 0.6411
vn -0.1360 0.9881 0.0725
vn -0.1356 0.9908 -0.0002
vn -0.0255 0.9997 0.0001
vn -0.0253 0.9973 0.0694
vn -0.1057 -0.0492 -0.9932
vn -0.1004 0.4041 -0.9092
vn -0.1359 0.9880 -0.0731
vn 0.0875 -0.9686 0.2329
vn 0.0949 -0.9847 0.1462
vn -0.0493 -0.4867 -0.8722
vn 0.0757 -0.9394 0.3344
vn -0.1372 0.9792 0.1493
vn 0.0209 -0.7608 -0.6487
vn -0.1390 0.9616 0.2367
vn 0.0562 -0.8820 0.4679
vn -0.1409 0.9283 -0.3440
vn -0.1409 0.9283 0.3441
vn 0.0561 -0.8819 -0.4681
vn 0.0985 -0.9924 -0.0734
vn 0.0946 -0.9846 -0.1469
vn -0.1410 0.8633 0.4846
vn 0.0211 -0.7610 0.6484
vn -0.1410 0.8633 -0.4846
vn -0.1331 0.7249 0.6759
vn 0.0757 -0.9394 -0.3344
vn 0.1002 -0.9950 0.0002
vn -0.1004 0.4041 0.9092
vn -0.0493 -0.4868 0.8721
vn -0.1331 0.7249 -0.6759
vn -0.1061 -0.0486 0.9932
vn 0.0873 -0.9687 -0.2324
vn 0.0990 -0.9925 0.0719
vn -0.1059 -0.0485 0.9932
vn -0.0219 0.9747 -0.2225
vn -0.0189 0.9455 -0.3250
vn 0.0339 0.9447 -0.3262
vn 0.0340 0.9741 -0.2234
vn 0.0275 -0.9425 0.3332
vn 0.0264 -0.9735 0.2273
vn -0.0243 0.9894 0.1435
vn 0.0292 -0.7455 -0.6659
vn 0.0269 -0.4105 -0.9115
vn -0.0221 0.9743 0.2244
vn 0.0286 -0.8829 0.4688
vn -0.0190 0.9454 0.3254
vn 0.0285 -0.8820 -0.4704
vn 0.0251 -0.9973 -0.0695
vn 0.0255 -0.9893 -0.1436
vn -0.0144 0.8872 0.4611
vn 0.0294 -0.7448 0.6666
vn -0.0144 0.8872 -0.4612
vn -0.0071 0.7564 0.6540
vn 0.0271 -0.9424 -0.3332
vn 0.0250 -0.9997 -0.0000
vn 0.0050 0.4320 0.9019
vn 0.0269 -0.4104 0.9115
vn -0.0071 0.7565 -0.6540
vn 0.0170 0.0043 0.9998
vn 0.0262 -0.9732 -0.2286
vn 0.0252 -0.9973 0.0694
vn 0.0170 0.0049 0.9998
vn 0.0050 0.4320 -0.9019
vn 0.0257 -0.9893 0.1436
vn -0.0236 0.9894 -0.1434
vn 0.0170 0.0046 -0.9998
vn -0.0249 0.9973 -0.0693
vn -0.0572 -0.9959 -0.0707
vn -0.0575 -0.9983 -0.0001
vn -0.0409 -0.9992 -0.0011
vn -0.0380 -0.9971 -0.0658
vn 0.0346 0.9740 0.2238
vn 0.0346 0.9445 0.3267
vn -0.0480 -0.8802 -0.4721
vn -0.0401 -0.7448 -0.6661
vn -0.0563 -0.9877 -0.1459
vn 0.0332 0.8850 0.4644
vn -0.0401 -0.7446 0.6663
vn -0.0480 -0.8802 0.4721
vn 0.0327 0.8858 -0.4629
vn 0.0290 0.7540 0.6562
vn -0.0522 -0.9413 -0.3336
vn 0.0180 0.4232 0.9059
vn -0.0205 -0.4172 0.9086
vn 0.0285 0.7546 -0.6555
vn 0.0106 -0.0066 0.9999
vn -0.0547 -0.9718 -0.2295
vn -0.0571 -0.9959 0.0705
vn 0.0107 -0.0060 0.9999
vn 0.0180 0.4231 -0.9059
vn -0.0561 -0.9877 0.1457
vn 0.0336 0.9896 -0.1402
vn 0.0107 -0.0063 -0.9999
vn 0.0334 0.9972 -0.0676
vn -0.0546 -0.9716 0.2305
vn 0.0333 0.9994 0.0001
vn -0.0205 -0.4173 -0.9086
vn 0.0336 0.9971 0.0679
vn -0.0522 -0.9414 0.3334
vn 0.0341 0.9895 0.1405
vn -0.0046 0.7461 -0.6658
vn -0.0022 0.4208 -0.9072
vn -0.1346 0.0917 -0.9866
vn -0.2667 0.1264 -0.9554
vn -0.0046 0.7475 0.6642
vn -0.0025 0.4207 0.9072
vn -0.0024 -0.4162 0.9093
vn -0.0056 -0.7477 0.6640
vn -0.0060 0.8824 -0.4705
vn 0.0045 0.0034 1.0000
vn -0.0245 -0.9748 -0.2216
vn -0.0172 -0.9450 -0.3266
vn -0.0370 -0.9971 0.0662
vn 0.0045 0.0041 1.0000
vn -0.0323 -0.9899 -0.1379
vn -0.0300 -0.9898 0.1395
vn -0.0085 0.9736 -0.2281
vn -0.0093 0.9896 -0.1433
vn 0.0045 0.0038 -1.0000
vn -0.0097 0.9975 -0.0693
vn -0.0222 -0.9742 0.2245
vn -0.0098 1.0000 0.0001
vn -0.0025 -0.4164 -0.9092
vn -0.0097 0.9975 0.0694
vn -0.0167 -0.9449 0.3270
vn -0.0093 0.9896 0.1434
vn -0.0072 -0.7480 -0.6636
vn -0.0086 0.9736 0.2282
vn -0.0102 -0.8835 0.4682
vn -0.0075 0.9432 -0.3323
vn -0.0075 0.9431 0.3324
vn -0.0125 -0.8834 -0.4684
vn -0.0062 0.8823 0.4707
vn 0.7622 -0.4250 0.4882
vn 0.6255 -0.4264 0.6534
vn 0.7274 -0.0552 0.6840
vn 0.8640 -0.0409 0.5019
vn 0.7623 -0.4250 -0.4882
vn 0.6256 -0.4264 -0.6533
vn 0.8658 -0.4246 0.2649
vn -0.6898 0.2567 -0.6770
vn -0.8133 0.3070 -0.4943
vn -0.0200 0.0228 -0.9995
vn -0.9008 0.3454 -0.2631
vn -0.9329 0.3600 -0.0000
vn 0.0787 -0.2449 -0.9664
vn -0.9009 0.3454 0.2629
vn 0.4801 -0.4248 0.7675
vn -0.8133 0.3069 0.4944
vn 0.2052 -0.3728 -0.9050
vn -0.6898 0.2567 0.6770
vn 0.3388 -0.4123 0.8457
vn -0.5499 0.2063 -0.8094
vn -0.5499 0.2063 0.8093
vn 0.3388 -0.4123 -0.8457
vn 0.8657 -0.4246 -0.2651
vn -0.4066 0.1626 0.8990
vn 0.2051 -0.3728 0.9050
vn -0.4066 0.1626 -0.8990
vn -0.2667 0.1264 0.9555
vn 0.4801 -0.4248 -0.7675
vn 0.9053 -0.4248 -0.0000
vn -0.1346 0.0917 0.9866
vn 0.0787 -0.2449 0.9664
vn -0.0205 0.0232 0.9995
vn -0.0201 0.0231 0.9995
vn 0.1302 -0.0867 -0.9877
vn 0.2743 -0.0853 -0.9579
vn 0.2665 0.0553 -0.9622
vn 0.1314 0.0549 -0.9898
vn -0.9632 0.0079 -0.2687
vn -0.9999 0.0121 -0.0023
vn -0.0086 -0.0835 -0.9965
vn -0.9632 0.0079 0.2686
vn 0.5757 -0.0690 0.8148
vn -0.8652 -0.0028 0.5014
vn -0.7313 -0.0179 0.6818
vn 0.4227 -0.0795 0.9028
vn -0.5838 -0.0349 -0.8112
vn -0.7314 -0.0179 -0.6817
vn -0.5838 -0.0349 0.8111
vn 0.4227 -0.0795 -0.9028
vn 0.9629 -0.0300 -0.2683
vn 0.8640 -0.0409 -0.5019
vn -0.4349 -0.0514 0.8990
vn 0.2743 -0.0853 0.9579
vn -0.4349 -0.0514 -0.8990
vn -0.2895 -0.0656 0.9549
vn 0.5757 -0.0690 -0.8148
vn 0.9997 -0.0259 0.0001
vn -0.1480 -0.0764 0.9860
vn 0.1312 -0.0865 0.9876
vn -0.2894 -0.0656 -0.9549
vn -0.0091 -0.0835 0.9965
vn 0.7274 -0.0552 -0.6840
vn 0.9629 -0.0300 0.2682
vn -0.0079 -0.0835 0.9965
vn -0.1479 -0.0764 -0.9860
vn -0.8652 -0.0028 -0.5014
vn 0.4084 0.0560 0.9111
vn 0.2660 0.0556 0.9624
vn 0.2402 0.1818 0.9535
vn 0.3808 0.2341 0.8945
vn -0.8514 0.0504 0.5221
vn -0.7103 0.0503 0.7021
vn 0.5570 0.0566 0.8286
vn -0.5596 0.0506 -0.8272
vn -0.7103 0.0503 -0.7021
vn -0.5596 0.0506 0.8272
vn 0.4075 0.0557 -0.9115
vn 0.9572 0.0593 -0.2833
vn 0.8501 0.0584 -0.5233
vn -0.4118 0.0513 0.9099
vn -0.4118 0.0513 -0.9098
vn -0.2704 0.0522 0.9613
vn 0.5568 0.0566 -0.8287
vn 0.9982 0.0597 -0.0005
vn -0.1346 0.0531 0.9895
vn 0.1306 0.0548 0.9899
vn -0.2704 0.0522 -0.9613
vn -0.0027 0.0540 0.9985
vn 0.7083 0.0574 -0.7036
vn 0.9570 0.0596 0.2840
vn -0.0012 0.0540 0.9985
vn -0.1344 0.0532 -0.9895
vn 0.8501 0.0585 0.5234
vn -0.8514 0.0505 -0.5221
vn -0.0019 0.0540 -0.9985
vn -0.9575 0.0511 -0.2839
vn 0.7084 0.0574 0.7034
vn -0.9987 0.0509 0.0006
vn -0.9580 0.0508 0.2822
vn -0.1260 0.0060 0.9920
vn -0.2604 0.0126 0.9654
vn -0.2527 0.0638 0.9654
vn -0.1185 0.0282 0.9926
vn 0.9988 -0.0499 -0.0000
vn 0.9575 -0.0479 -0.2845
vn 0.7078 -0.0356 -0.7055
vn 0.5573 -0.0281 -0.8299
vn -0.8459 0.0406 0.5317
vn -0.7015 0.0338 0.7119
vn -0.5491 0.0266 -0.8353
vn -0.7015 0.0339 -0.7119
vn 0.4103 -0.0207 0.9117
vn 0.5573 -0.0280 0.8299
vn -0.9989 0.0479 0.0001
vn -0.9564 0.0459 0.2885
vn -0.2604 0.0126 -0.9654
vn -0.4010 0.0195 -0.9159
vn 0.9575 -0.0479 0.2845
vn -0.8460 0.0407 -0.5317
vn -0.9564 0.0459 -0.2885
vn 0.0051 -0.0005 -1.0000
vn -0.1259 0.0060 -0.9920
vn 0.2702 -0.0137 0.9627
vn 0.2702 -0.0138 -0.9627
vn 0.1361 -0.0071 -0.9907
vn 0.8497 -0.0425 0.5255
vn 0.0043 -0.0005 1.0000
vn 0.4103 -0.0208 -0.9117
vn 0.8497 -0.0426 -0.5255
vn 0.1361 -0.0070 0.9907
vn 0.7078 -0.0355 0.7055
vn 0.0051 -0.0005 1.0000
vn -0.8393 -0.1910 -0.5090
vn -0.7056 -0.1670 -0.6887
vn -0.3925 -0.8110 -0.4339
vn -0.4139 -0.8651 -0.2833
vn -0.4201 -0.1148 -0.9002
vn -0.5617 -0.1413 -0.8152
vn -0.4201 -0.1148 0.9002
vn -0.2849 -0.0851 0.9548
vn 0.5245 0.2728 -0.8065
vn 0.3808 0.2341 -0.8945
vn 0.9336 0.3584 -0.0013
vn 0.8967 0.3513 -0.2692
vn -0.1558 -0.0450 0.9868
vn 0.1028 0.1066 0.9890
vn -0.2849 -0.0851 -0.9548
vn -0.0294 0.0188 0.9994
vn 0.6680 0.3048 -0.6789
vn 0.8966 0.3509 0.2700
vn -0.0287 0.0194 0.9994
vn -0.1558 -0.0450 -0.9868
vn 0.7994 0.3318 -0.5009
vn 0.7992 0.3316 0.5012
vn -0.0290 0.0191 -0.9994
vn -0.9386 -0.2088 -0.2745
vn 0.6679 0.3048 0.6790
vn -0.9764 -0.2158 0.0010
vn 0.1028 0.1066 -0.9890
vn -0.9388 -0.2086 0.2741
vn 0.5245 0.2728 0.8065
vn -0.8391 -0.1907 0.5094
vn 0.2402 0.1818 -0.9535
vn -0.7057 -0.1667 0.6886
vn -0.5617 -0.1413 0.8152
vn -0.4255 -0.8942 0.1392
vn -0.4285 -0.9035 0.0004
vn -0.1509 -0.9885 0.0001
vn -0.1510 -0.9851 0.0817
vn -0.0118 -0.0093 -0.9999
vn -0.1077 -0.2214 -0.9692
vn -0.4250 -0.8943 -0.1400
vn 0.4291 0.7839 0.4488
vn 0.4681 0.8306 0.3016
vn 0.1025 0.2643 -0.9590
vn 0.3755 0.7133 0.5918
vn -0.4145 -0.8647 0.2838
vn 0.2153 0.4684 -0.8569
vn -0.3926 -0.8099 0.4358
vn 0.3049 0.6116 0.7301
vn -0.3554 -0.7222 -0.5935
vn -0.3554 -0.7220 0.5936
vn 0.3048 0.6116 -0.7301
vn 0.4911 0.8582 -0.1493
vn 0.4680 0.8308 -0.3011
vn -0.2969 -0.5926 0.7488
vn 0.2153 0.4684 0.8569
vn -0.2968 -0.5926 -0.7488
vn -0.2124 -0.4195 0.8826
vn 0.3752 0.7132 -0.5922
vn 0.4999 0.8661 -0.0010
vn -0.1077 -0.2214 0.9692
vn 0.1025 0.2643 0.9590
vn -0.2121 -0.4196 -0.8826
vn -0.0121 -0.0096 0.9999
vn 0.4292 0.7844 -0.4478
vn 0.4922 0.8574 0.1504
vn -0.0116 -0.0090 0.9999
vn -0.1499 -0.9497 -0.2749
vn -0.1477 -0.9054 -0.3981
vn 0.0142 -0.9429 -0.3329
vn 0.0144 -0.9734 -0.2284
vn 0.1207 0.9203 0.3722
vn 0.1301 0.9572 0.2586
vn -0.1510 -0.9740 0.1689
vn 0.0801 0.7088 -0.7009
vn 0.0393 0.3973 -0.9168
vn -0.1499 -0.9496 0.2753
vn 0.1053 0.8502 0.5158
vn -0.1477 -0.9045 0.4001
vn 0.1053 0.8520 -0.5129
vn 0.1382 0.9872 -0.0798
vn 0.1350 0.9772 -0.1640
vn -0.1414 -0.8160 0.5605
vn 0.0801 0.7089 0.7007
vn -0.1414 -0.8159 -0.5607
vn -0.1231 -0.6318 0.7653
vn 0.1200 0.9193 -0.3747
vn 0.1394 0.9902 -0.0001
vn -0.0735 -0.2826 0.9564
vn 0.0392 0.3972 0.9169
vn -0.1231 -0.6318 -0.7653
vn -0.0029 0.0038 1.0000
vn 0.1294 0.9564 -0.2618
vn 0.1385 0.9871 0.0797
vn -0.0030 0.0032 1.0000
vn -0.0735 -0.2827 -0.9564
vn 0.1352 0.9768 0.1662
vn -0.1505 -0.9738 -0.1707
vn -0.0030 0.0035 -1.0000
vn -0.1507 -0.9852 -0.0815
vn -0.0190 0.9974 -0.0695
vn -0.0190 0.9998 -0.0000
vn -0.1550 0.9879 0.0001
vn -0.1542 0.9847 -0.0817
vn 0.0142 -0.9735 0.2284
vn 0.0140 -0.9429 0.3329
vn -0.0152 0.8815 -0.4719
vn -0.0119 0.7436 -0.6685
vn -0.0186 0.9894 -0.1438
vn 0.0134 -0.8818 0.4714
vn -0.0119 0.7436 0.6685
vn -0.0149 0.8800 0.4747
vn 0.0136 -0.8807 -0.4735
vn 0.0120 -0.7452 0.6668
vn -0.0168 0.9423 -0.3343
vn 0.0073 -0.4170 0.9089
vn -0.0059 0.4148 0.9099
vn 0.0121 -0.7450 -0.6670
vn -0.0032 -0.0030 1.0000
vn -0.0180 0.9733 -0.2287
vn -0.0188 0.9974 0.0696
vn -0.0032 -0.0037 1.0000
vn 0.0073 -0.4169 -0.9089
vn -0.0183 0.9894 0.1438
vn 0.0142 -0.9894 -0.1448
vn -0.0032 -0.0032 -1.0000
vn 0.0144 -0.9975 -0.0695
vn -0.0176 0.9733 0.2287
vn 0.0144 -0.9999 -0.0000
vn -0.0059 0.4150 -0.9098
vn 0.0144 -0.9975 0.0694
vn -0.0165 0.9427 0.3333
vn 0.0143 -0.9895 0.1436
vn 0.1023 -0.6755 -0.7302
vn 0.0518 -0.3606 -0.9313
vn 0.0721 -0.3541 -0.9324
vn 0.1507 -0.6033 -0.7831
vn 0.1023 -0.6755 0.7302
vn 0.0518 -0.3606 0.9313
vn -0.0562 0.3757 0.9250
vn -0.1013 0.6922 0.7145
vn 0.1250 -0.8347 -0.5363
vn -0.0116 -0.0178 0.9998
vn -0.1470 0.9528 -0.2654
vn -0.1392 0.9139 -0.3813
vn -0.1541 0.9846 0.0819
vn -0.0115 -0.0185 0.9998
vn -0.1517 0.9740 -0.1683
vn -0.1516 0.9740 0.1684
vn 0.1402 -0.9540 -0.2650
vn 0.1425 -0.9756 -0.1672
vn -0.0116 -0.0181 -0.9998
vn 0.1436 -0.9863 -0.0811
vn -0.1468 0.9529 0.2655
vn 0.1438 -0.9896 -0.0000
vn -0.0563 0.3757 -0.9250
vn 0.1435 -0.9863 0.0809
vn -0.1389 0.9140 0.3812
vn 0.1423 -0.9756 0.1671
vn -0.1015 0.6921 -0.7146
vn 0.1400 -0.9541 0.2649
vn -0.1255 0.8406 0.5269
vn 0.1354 -0.9137 -0.3832
vn 0.1352 -0.9139 0.3829
vn -0.1258 0.8405 -0.5270
vn 0.1250 -0.8350 0.5358
vn 0.2621 -0.9594 -0.1039
vn 0.2570 -0.9428 -0.2124
vn 0.3669 -0.8914 -0.2660
vn 0.3786 -0.9162 -0.1314
vn -0.2894 0.9308 -0.2233
vn -0.2787 0.8954 -0.3471
vn -0.2897 0.9306 0.2237
vn -0.2953 0.9491 0.1096
vn 0.2470 -0.9107 -0.3310
vn -0.0166 -0.0568 -0.9982
vn -0.2791 0.8952 0.3476
vn 0.2637 -0.9646 -0.0000
vn -0.0987 0.2696 -0.9579
vn 0.2622 -0.9594 0.1038
vn -0.2611 0.8351 0.4841
vn 0.2571 -0.9428 0.2124
vn -0.1803 0.5555 -0.8117
vn 0.2472 -0.9106 0.3311
vn -0.2310 0.7313 0.6418
vn 0.2298 -0.8554 -0.4641
vn 0.2300 -0.8559 0.4631
vn -0.2308 0.7309 -0.6423
vn -0.2951 0.9492 -0.1093
vn 0.2005 -0.7616 0.6163
vn -0.1802 0.5554 0.8118
vn 0.1999 -0.7601 -0.6183
vn 0.1507 -0.6032 0.7832
vn -0.2606 0.8342 -0.4860
vn -0.2970 0.9549 0.0001
vn 0.0721 -0.3540 0.9324
vn -0.0987 0.2698 0.9578
vn -0.0166 -0.0568 0.9982
vn 0.3677 -0.8923 0.2619
vn 0.3788 -0.9164 0.1290
vn 0.7350 -0.6395 0.2256
vn 0.6736 -0.5985 0.4337
vn -0.3554 0.8439 0.4019
vn -0.3721 0.8906 0.2615
vn 0.3824 -0.9240 0.0001
vn -0.1089 0.1842 -0.9768
vn -0.0141 -0.0377 -0.9992
vn -0.3270 0.7653 0.5544
vn -0.2082 0.4461 -0.8704
vn 0.3474 -0.8479 0.4004
vn -0.2807 0.6395 0.7157
vn 0.3147 -0.7752 -0.5477
vn 0.3463 -0.8462 -0.4049
vn 0.3147 -0.7752 0.5477
vn -0.2806 0.6393 -0.7159
vn -0.3805 0.9157 -0.1298
vn -0.3721 0.8909 -0.2605
vn 0.2644 -0.6617 0.7016
vn -0.2082 0.4461 0.8704
vn 0.2644 -0.6617 -0.7016
vn 0.1902 -0.4912 0.8500
vn -0.3270 0.7653 -0.5543
vn -0.3834 0.9236 -0.0001
vn 0.0895 -0.2602 0.9614
vn -0.1089 0.1842 0.9768
vn 0.1902 -0.4912 -0.8500
vn -0.0142 -0.0376 0.9992
vn -0.3553 0.8438 -0.4022
vn -0.3808 0.9153 0.1309
vn -0.0141 -0.0377 0.9992
vn 0.0895 -0.2602 -0.9614
vn 0.7805 -0.3794 -0.4968
vn 0.8687 -0.4184 -0.2653
vn 0.7351 -0.6393 -0.2257
vn 0.6740 -0.5987 -0.4328
vn -0.2584 0.1506 -0.9542
vn -0.1180 0.0439 -0.9920
vn 0.5835 -0.5390 0.6075
vn -0.3971 0.2295 0.8886
vn -0.5323 0.3011 0.7912
vn 0.4762 -0.4687 -0.7440
vn 0.5842 -0.5394 -0.6065
vn 0.4761 -0.4688 0.7440
vn -0.3971 0.2296 -0.8886
vn -0.8476 0.4687 -0.2485
vn -0.7707 0.4273 -0.4727
vn 0.3605 -0.3933 0.8458
vn -0.2584 0.1506 0.9542
vn 0.3604 -0.3931 -0.8459
vn 0.2423 -0.3137 0.9181
vn -0.5324 0.3012 -0.7911
vn -0.8752 0.4838 -0.0002
vn 0.1253 -0.2244 0.9664
vn -0.1180 0.0438 0.9920
vn 0.2424 -0.3136 -0.9181
vn 0.0103 -0.1056 0.9944
vn -0.6602 0.3686 -0.6545
vn -0.8477 0.4689 0.2482
vn 0.0092 -0.1051 0.9944
vn 0.1253 -0.2244 -0.9664
vn -0.7704 0.4271 0.4734
vn 0.0097 -0.1053 -0.9944
vn -0.6602 0.3685 0.6544
vn 0.7567 -0.6538 -0.0000
vn 0.1417 -0.0411 0.9890
vn 0.0122 -0.0070 0.9999
vn -0.0058 -0.0487 0.9988
vn 0.1215 -0.0980 0.9877
vn 0.4108 -0.1063 -0.9055
vn 0.2738 -0.0741 -0.9589
vn -0.5393 0.1351 -0.8312
vn -0.6883 0.1700 -0.7052
vn -0.9720 0.2349 -0.0000
vn -0.9321 0.2259 0.2831
vn 0.0114 -0.0068 0.9999
vn 0.1418 -0.0411 -0.9890
vn 0.8335 -0.1992 -0.5154
vn 0.6985 -0.1700 -0.6951
vn -0.8274 0.2021 0.5240
vn 0.9349 -0.2209 -0.2779
vn 0.0121 -0.0070 -0.9999
vn 0.9734 -0.2292 -0.0000
vn -0.6883 0.1701 0.7052
vn 0.9349 -0.2210 0.2779
vn -0.1184 0.0282 -0.9926
vn 0.8335 -0.1992 0.5153
vn -0.5393 0.1351 0.8312
vn 0.6985 -0.1701 0.6951
vn -0.2527 0.0638 -0.9654
vn -0.8274 0.2020 -0.5240
vn 0.5535 -0.1384 0.8212
vn -0.3929 0.0995 0.9142
vn 0.5535 -0.1384 -0.8213
vn 0.4108 -0.1064 0.9055
vn -0.3929 0.0994 -0.9142
vn -0.9321 0.2258 -0.2831
vn 0.2738 -0.0741 0.9589
vn 0.6590 -0.3258 -0.6779
vn -0.2645 0.0455 0.9633
vn -0.1339 -0.0010 0.9910
vn 0.3864 -0.2078 -0.8986
vn 0.2521 -0.1513 -0.9558
vn -0.5428 0.1414 -0.8279
vn -0.6872 0.1903 -0.7011
vn -0.9595 0.2817 -0.0001
vn -0.9216 0.2690 0.2799
vn -0.0066 -0.0481 0.9988
vn 0.1216 -0.0981 -0.9877
vn -0.8214 0.2355 0.5195
vn -0.0061 -0.0483 -0.9988
vn 0.9015 -0.4329 -0.0000
vn -0.6874 0.1904 0.7009
vn 0.8687 -0.4183 0.2652
vn -0.1338 -0.0010 -0.9910
vn 0.7806 -0.3793 0.4968
vn -0.5430 0.1415 0.8277
vn 0.6589 -0.3257 0.6780
vn -0.2644 0.0455 -0.9633
vn -0.8214 0.2354 -0.5196
vn 0.5236 -0.2667 0.8091
vn -0.4008 0.0928 0.9115
vn 0.5236 -0.2668 -0.8091
vn 0.3863 -0.2077 0.8987
vn -0.4006 0.0927 -0.9116
vn -0.9215 0.2690 -0.2800
vn 0.2521 -0.1514 0.9558
vn -0.5378 0.1129 -0.8355
vn -0.3895 0.0845 -0.9171
vn -0.3856 0.2966 -0.8737
vn -0.5107 0.3860 -0.7683
vn -0.2483 0.0545 -0.9671
vn 0.9447 -0.1777 0.2757
vn 0.9830 -0.1835 -0.0001
vn -0.8324 0.1637 -0.5294
vn -0.9410 0.1815 -0.2857
vn 0.0183 -0.0088 -0.9998
vn -0.1133 0.0230 -0.9933
vn 0.2808 -0.0671 0.9574
vn 0.4182 -0.0929 0.9036
vn 0.2810 -0.0671 -0.9574
vn 0.1484 -0.0391 -0.9881
vn -0.3906 0.0846 0.9166
vn -0.2483 0.0546 0.9672
vn 0.8425 -0.1619 0.5138
vn -0.1133 0.0231 0.9933
vn 0.0176 -0.0086 0.9998
vn 0.5616 -0.1173 -0.8190
vn 0.4181 -0.0929 -0.9036
vn -0.6908 0.1398 0.7094
vn -0.5376 0.1129 0.8356
vn 0.8426 -0.1619 -0.5136
vn 0.7084 -0.1407 -0.6916
vn 0.1486 -0.0392 0.9881
vn -0.8324 0.1637 0.5295
vn 0.7070 -0.1407 0.6930
vn 0.9447 -0.1776 -0.2759
vn 0.0182 -0.0088 0.9998
vn 0.5615 -0.1173 0.8191
vn -0.6894 0.1396 -0.7108
vn 0.0064 -0.0226 0.9997
vn -0.1213 0.0897 0.9886
vn -0.1122 0.2165 0.9698
vn -0.0064 -0.0458 0.9989
vn -0.7834 0.5759 -0.2336
vn -0.8063 0.5916 0.0003
vn 0.0071 -0.0232 0.9997
vn 0.1289 -0.1220 0.9841
vn -0.2545 0.1985 0.9465
vn 0.3770 -0.2960 -0.8777
vn 0.2518 -0.2103 -0.9446
vn -0.6248 0.4659 -0.6265
vn -0.7831 0.5752 0.2366
vn 0.1289 -0.1220 -0.9841
vn 0.7150 -0.5279 -0.4583
vn 0.6168 -0.4600 -0.6387
vn -0.7195 0.5316 0.4468
vn 0.7823 -0.5746 -0.2405
vn 0.0067 -0.0228 -0.9997
vn 0.8064 -0.5914 -0.0001
vn -0.6249 0.4660 0.6264
vn 0.7821 -0.5743 0.2420
vn -0.1213 0.0897 -0.9886
vn 0.7146 -0.5274 0.4596
vn -0.5107 0.3860 0.7682
vn 0.6169 -0.4600 0.6386
vn -0.2545 0.1985 -0.9465
vn -0.7195 0.5317 -0.4467
vn 0.5008 -0.3804 0.7775
vn -0.3856 0.2966 0.8737
vn 0.5004 -0.3802 -0.7778
vn 0.3770 -0.2960 0.8776
vn 0.2519 -0.2104 0.9446
vn 0.4454 -0.8832 -0.1468
vn 0.4498 -0.8931 -0.0002
vn 0.1456 -0.9894 -0.0001
vn 0.1453 -0.9860 -0.0815
vn 0.2047 -0.4162 -0.8860
vn 0.0965 -0.2313 -0.9681
vn 0.4312 -0.8523 -0.2962
vn 0.4046 -0.7962 -0.4499
vn -0.4769 0.8662 0.1489
vn -0.4577 0.8378 0.2976
vn -0.0064 -0.0458 -0.9989
vn -0.4249 0.7875 0.4465
vn 0.4452 -0.8834 0.1463
vn -0.1122 0.2165 -0.9698
vn 0.4306 -0.8521 0.2976
vn -0.3768 0.7102 0.5946
vn 0.4035 -0.7956 0.4518
vn -0.2238 0.4422 -0.8686
vn -0.4256 0.7871 -0.4465
vn -0.4583 0.8376 -0.2972
vn 0.3597 -0.7072 0.6087
vn -0.3108 0.5982 0.7387
vn 0.3601 -0.7073 -0.6083
vn 0.2943 -0.5806 0.7591
vn -0.3112 0.5991 -0.7377
vn -0.4773 0.8662 -0.1482
vn 0.2046 -0.4162 0.8859
vn -0.2238 0.4422 0.8686
vn 0.2944 -0.5807 -0.7590
vn 0.0965 -0.2313 0.9681
vn -0.3775 0.7096 -0.5949
vn -0.4834 0.8754 0.0004
vn -0.0062 -0.0462 0.9989
vn 0.1443 -0.9748 0.1699
vn 0.1420 -0.9527 0.2686
vn -0.0212 -0.9729 0.2303
vn -0.0212 -0.9894 0.1437
vn -0.1594 0.9722 0.1715
vn -0.1538 0.9505 0.2700
vn 0.1452 -0.9862 0.0800
vn -0.0156 -0.0222 -0.9996
vn -0.0565 0.3733 -0.9260
vn -0.1446 0.9096 0.3895
vn -0.1028 0.6860 -0.7203
vn -0.1540 0.9500 -0.2717
vn -0.1595 0.9720 -0.1728
vn 0.1375 -0.9112 0.3883
vn -0.1293 0.8347 0.5353
vn 0.1422 -0.9530 -0.2677
vn 0.1376 -0.9113 -0.3880
vn 0.1276 -0.8312 0.5412
vn -0.1293 0.8347 -0.5354
vn -0.1628 0.9832 -0.0826
vn 0.1048 -0.6696 0.7352
vn -0.1028 0.6860 0.7203
vn 0.1276 -0.8313 -0.5410
vn 0.0524 -0.3561 0.9330
vn -0.1446 0.9095 -0.3897
vn -0.1637 0.9865 0.0002
vn -0.0156 -0.0219 0.9996
vn -0.0565 0.3733 0.9260
vn 0.1048 -0.6696 -0.7353
vn -0.1625 0.9833 0.0817
vn -0.0156 -0.0225 0.9996
vn 0.0524 -0.3561 -0.9330
vn 0.1445 -0.9753 -0.1673
vn 0.0418 0.9965 -0.0719
vn 0.0398 0.9881 -0.1485
vn 0.1796 0.9691 -0.1693
vn 0.1834 0.9793 -0.0855
vn 0.0111 0.4085 -0.9127
vn 0.0221 0.7364 -0.6762
vn 0.0369 0.9713 -0.2351
vn -0.0210 -0.9412 0.3372
vn 0.0334 0.9386 0.3433
vn 0.0288 0.8750 0.4833
vn -0.0208 -0.9733 -0.2285
vn -0.0209 -0.9409 -0.3379
vn -0.0203 -0.8781 0.4780
vn 0.0288 0.8752 -0.4828
vn -0.0180 -0.7399 0.6725
vn 0.0222 0.7364 0.6762
vn -0.0202 -0.8781 -0.4780
vn -0.0107 -0.4126 0.9108
vn 0.0334 0.9387 -0.3430
vn 0.0426 0.9991 -0.0003
vn 0.0018 -0.0037 1.0000
vn 0.0111 0.4086 0.9127
vn -0.0180 -0.7398 -0.6726
vn 0.0425 0.9967 0.0698
vn 0.0018 -0.0043 1.0000
vn -0.0107 -0.4126 -0.9108
vn -0.0209 -0.9894 -0.1436
vn 0.0400 0.9880 0.1491
vn -0.0209 -0.9974 -0.0694
vn 0.0018 -0.0039 -1.0000
vn -0.0209 -0.9998 -0.0000
vn 0.0372 0.9710 0.2363
vn -0.0211 -0.9974 0.0695
vn -0.1211 -0.6634 -0.7384
vn -0.1498 -0.8237 -0.5469
vn -0.2590 -0.6628 -0.7026
vn -0.1873 -0.4881 -0.8525
vn -0.1211 -0.6635 0.7384
vn -0.1498 -0.8236 0.5470
vn 0.1486 0.8338 0.5317
vn 0.1199 0.6840 0.7196
vn -0.1634 -0.9036 -0.3961
vn -0.0610 -0.3542 0.9332
vn 0.1487 0.8339 -0.5315
vn 0.1645 0.9084 -0.3844
vn 0.1838 0.9830 -0.0002
vn 0.0115 -0.0179 0.9998
vn 0.0660 0.3696 0.9269
vn 0.1741 0.9475 -0.2683
vn 0.1821 0.9796 0.0849
vn 0.0113 -0.0186 0.9998
vn -0.0611 -0.3542 -0.9332
vn -0.1740 -0.9688 -0.1763
vn -0.1703 -0.9457 -0.2768
vn 0.1794 0.9690 0.1695
vn -0.1757 -0.9807 -0.0855
vn 0.0114 -0.0183 -0.9998
vn -0.1762 -0.9844 -0.0000
vn 0.1739 0.9479 0.2670
vn -0.1755 -0.9808 0.0855
vn 0.0660 0.3696 -0.9268
vn -0.1737 -0.9692 0.1744
vn 0.1645 0.9085 0.3842
vn -0.1700 -0.9460 0.2761
vn 0.1199 0.6840 -0.7195
vn -0.1633 -0.9038 0.3956
vn 0.3358 0.9110 0.2393
vn 0.3429 0.9321 0.1169
vn 0.4630 0.8733 0.1514
vn 0.4476 0.8420 0.3012
vn 0.2981 0.8047 -0.5134
vn 0.3219 0.8711 -0.3710
vn 0.3448 0.9387 0.0002
vn 0.1013 0.2603 0.9602
vn 0.0052 -0.0321 0.9995
vn -0.0903 -0.2586 -0.9618
vn -0.3545 -0.8986 -0.2587
vn -0.3366 -0.8547 -0.3952
vn -0.3641 -0.9227 -0.1263
vn 0.0052 -0.0321 -0.9995
vn -0.3671 -0.9302 -0.0000
vn 0.3222 0.8714 0.3699
vn -0.3642 -0.9227 0.1263
vn 0.1013 0.2604 -0.9602
vn -0.3544 -0.8988 0.2579
vn 0.2982 0.8046 0.5136
vn -0.3368 -0.8546 0.3953
vn 0.1959 0.5251 -0.8282
vn 0.3354 0.9117 -0.2375
vn -0.3070 -0.7808 0.5442
vn 0.2590 0.6968 0.6689
vn -0.3068 -0.7810 -0.5440
vn -0.2591 -0.6632 0.7022
vn 0.2589 0.6965 -0.6692
vn 0.3425 0.9323 -0.1165
vn -0.1878 -0.4891 0.8518
vn 0.1960 0.5253 0.8280
vn -0.0904 -0.2589 0.9617
vn 0.1098 0.1984 -0.9740
vn 0.0009 -0.0045 -1.0000
vn -0.0285 -0.0425 -0.9987
vn 0.0998 0.0565 -0.9934
vn -0.4917 -0.8559 -0.1603
vn -0.4716 -0.8233 -0.3159
vn -0.1083 -0.1989 -0.9740
vn -0.4981 -0.8671 -0.0002
vn 0.4190 0.7857 0.4551
vn -0.4912 -0.8562 0.1598
vn -0.4710 -0.8228 0.3181
vn 0.3739 0.6983 0.6104
vn -0.4365 -0.7649 0.4736
vn 0.2192 0.4041 -0.8881
vn 0.4183 0.7831 -0.4601
vn 0.4476 0.8419 -0.3014
vn -0.3845 -0.6772 0.6273
vn 0.3084 0.5728 0.7594
vn -0.4360 -0.7628 -0.4776
vn -0.3846 -0.6773 -0.6272
vn -0.3126 -0.5544 0.7713
vn 0.3084 0.5728 -0.7595
vn 0.4635 0.8731 -0.1513
vn -0.2193 -0.3928 0.8931
vn 0.2192 0.4041 0.8881
vn -0.3127 -0.5544 -0.7712
vn -0.1083 -0.1989 0.9740
vn 0.3740 0.6983 -0.6103
vn 0.4684 0.8835 0.0002
vn 0.0008 -0.0047 1.0000
vn 0.1098 0.1984 0.9740
vn -0.2193 -0.3928 -0.8931
vn 0.0011 -0.0041 1.0000
vn 0.3779 0.1725 0.9096
vn 0.5246 0.2032 0.8267
vn 0.5551 -0.0213 0.8315
vn 0.4077 -0.0157 0.9130
vn -0.8299 -0.2262 0.5100
vn -0.9309 -0.2406 0.2749
vn 0.6736 0.2299 0.7025
vn -0.6955 -0.2077 0.6879
vn 0.2365 0.1297 -0.9629
vn 0.6735 0.2299 -0.7025
vn 0.8135 0.2541 -0.5231
vn -0.5520 -0.1882 0.8123
vn -0.6957 -0.2078 -0.6876
vn -0.5520 -0.1882 -0.8123
vn -0.4114 -0.1681 0.8958
vn 0.3779 0.1725 -0.9096
vn 0.9199 0.2728 -0.2816
vn -0.2778 -0.1445 0.9497
vn 0.2365 0.1296 0.9629
vn -0.4113 -0.1681 -0.8959
vn -0.1512 -0.1089 0.9825
vn 0.5245 0.2032 -0.8268
vn 0.9601 0.2797 0.0002
vn -0.0285 -0.0425 0.9987
vn 0.0998 0.0565 0.9934
vn -0.2778 -0.1445 -0.9497
vn 0.9199 0.2726 0.2819
vn -0.0281 -0.0422 0.9987
vn -0.1512 -0.1089 -0.9825
vn -0.8300 -0.2263 -0.5097
vn 0.8138 0.2542 0.5226
vn -0.9310 -0.2407 -0.2743
vn -0.9692 -0.2462 -0.0001
vn 0.5551 -0.0213 -0.8315
vn 0.4077 -0.0157 -0.9130
vn 0.4063 -0.0060 -0.9137
vn 0.5539 -0.0082 -0.8326
vn -0.7039 0.0270 -0.7098
vn -0.5520 0.0211 -0.8335
vn -0.4043 0.0155 0.9145
vn -0.5520 0.0212 0.8335
vn 0.2673 -0.0103 -0.9635
vn 0.8491 -0.0325 -0.5273
vn 0.9576 -0.0366 -0.2857
vn -0.2637 0.0101 0.9646
vn 0.2673 -0.0103 0.9635
vn -0.4043 0.0155 -0.9145
vn -0.1293 0.0049 0.9916
vn 0.9993 -0.0382 -0.0000
vn 0.0011 -0.0001 1.0000
vn 0.1330 -0.0052 0.9911
vn -0.2637 0.0101 -0.9646
vn 0.7063 -0.0271 -0.7074
vn 0.9576 -0.0366 0.2856
vn 0.0020 -0.0001 1.0000
vn -0.1293 0.0049 -0.9916
vn -0.8476 0.0325 -0.5296
vn 0.8491 -0.0325 0.5273
vn -0.9572 0.0367 -0.2872
vn 0.0019 -0.0001 -1.0000
vn -0.9993 0.0383 -0.0000
vn 0.7063 -0.0271 0.7074
vn -0.9572 0.0367 0.2872
vn 0.1330 -0.0052 -0.9911
vn -0.8476 0.0325 0.5296
vn -0.7039 0.0270 0.7098
vn 0.0014 -0.0000 1.0000
vn 0.1316 -0.0019 0.9913
vn 0.1294 -0.0032 0.9916
vn 0.9580 -0.0142 -0.2865
vn 0.9999 -0.0148 -0.0000
vn -0.0002 -0.0000 1.0000
vn -0.1304 0.0019 0.9915
vn 0.2659 -0.0039 0.9640
vn -0.4052 0.0059 -0.9142
vn -0.2648 0.0038 -0.9643
vn 0.7054 -0.0105 -0.7087
vn 0.9580 -0.0142 0.2865
vn -0.1304 0.0019 -0.9915
vn -0.8483 0.0122 -0.5294
vn -0.7047 0.0101 -0.7094
vn 0.8488 -0.0126 0.5286
vn -0.9578 0.0137 -0.2870
vn 0.0006 -0.0000 -1.0000
vn -0.9999 0.0143 -0.0000
vn 0.7054 -0.0104 0.7087
vn -0.9578 0.0137 0.2870
vn 0.1316 -0.0019 -0.9913
vn -0.8483 0.0121 0.5294
vn 0.5539 -0.0082 0.8326
vn -0.7047 0.0101 0.7094
vn 0.2659 -0.0039 -0.9640
vn 0.8488 -0.0126 -0.5286
vn -0.5529 0.0079 0.8332
vn 0.4063 -0.0060 0.9137
vn -0.5529 0.0080 -0.8332
vn -0.4052 0.0058 0.9142
vn -0.2648 0.0038 0.9643
vn -0.9579 0.0235 -0.2862
vn -0.9997 0.0245 -0.0000
vn -0.9958 -0.0918 -0.0000
vn -0.9539 -0.0903 -0.2861
vn -0.2668 0.0066 -0.9637
vn -0.1326 0.0033 -0.9912
vn -0.8490 0.0208 -0.5280
vn -0.7059 0.0173 -0.7081
vn 0.9618 -0.0230 0.2726
vn 0.8489 -0.0208 0.5282
vn -0.0016 0.0001 -1.0000
vn 0.7039 -0.0174 0.7101
vn -0.9579 0.0235 0.2862
vn 0.1294 -0.0031 -0.9916
vn -0.8490 0.0208 0.5280
vn 0.5519 -0.0136 0.8338
vn -0.7059 0.0173 0.7081
vn 0.2637 -0.0065 -0.9646
vn 0.7022 -0.0169 -0.7118
vn 0.8533 -0.0204 -0.5211
vn -0.5546 0.0136 0.8320
vn 0.4042 -0.0099 0.9146
vn -0.5546 0.0136 -0.8320
vn -0.4071 0.0100 0.9133
vn 0.4056 -0.0099 -0.9140
vn 0.9624 -0.0221 -0.2706
vn -0.2668 0.0066 0.9637
vn 0.2637 -0.0065 0.9646
vn -0.4071 0.0100 -0.9133
vn -0.1326 0.0033 0.9912
vn 0.5540 -0.0133 -0.8324
vn 0.9996 -0.0228 -0.0145
vn -0.0018 0.0001 1.0000
vn 0.9781 0.1929 0.0775
vn 0.9518 0.2549 0.1705
vn 0.9996 0.0249 0.0165
vn 0.9806 -0.0051 -0.1958
vn 0.8323 0.0104 0.5543
vn 0.7389 0.0023 0.6738
vn -0.9539 -0.0902 0.2863
vn 0.0012 -0.0804 -0.9968
vn 0.1317 -0.0851 -0.9876
vn -0.8449 -0.0863 0.5279
vn 0.8418 -0.0537 0.5370
vn -0.7019 -0.0819 0.7076
vn 0.3311 -0.0458 -0.9425
vn 0.7243 0.0632 -0.6866
vn 0.9198 0.0464 -0.3897
vn -0.5506 -0.0784 0.8311
vn 0.4053 -0.0993 0.9088
vn -0.7019 -0.0821 -0.7075
vn -0.5506 -0.0786 -0.8310
vn -0.4034 -0.0763 0.9118
vn 0.4878 0.0342 -0.8723
vn -0.2634 -0.0759 0.9617
vn 0.2653 -0.0914 0.9598
vn -0.4034 -0.0766 -0.9118
vn -0.1294 -0.0772 0.9886
vn 0.5952 0.0547 -0.8017
vn 0.0005 -0.0802 0.9968
vn 0.1317 -0.0848 0.9877
vn -0.2634 -0.0762 -0.9617
vn 0.9491 0.0110 0.3149
vn 0.0020 -0.0801 0.9968
vn -0.1294 -0.0774 -0.9886
vn -0.8449 -0.0864 -0.5279
vn 0.2716 0.0029 0.9624
vn 0.4141 0.0062 0.9102
vn 0.4300 0.1596 0.8886
vn 0.2945 0.1185 0.9483
vn -0.2718 0.0031 -0.9623
vn -0.1344 0.0009 -0.9909
vn 0.7134 0.0153 -0.7006
vn 0.8538 0.0200 -0.5202
vn 0.1341 0.0009 0.9910
vn -0.0003 0.0001 -1.0000
vn 0.1343 0.0009 -0.9909
vn -0.1344 0.0009 0.9909
vn -0.2719 0.0031 0.9623
vn 0.8539 0.0201 0.5201
vn 0.7134 0.0153 0.7006
vn 0.2716 0.0029 -0.9624
vn 0.4141 0.0062 -0.9102
vn -0.4147 0.0066 0.9099
vn -0.5635 0.0114 0.8261
vn 0.9595 0.0237 -0.2806
vn 0.5627 0.0105 -0.8266
vn 0.0001 0.0002 1.0000
vn -0.7143 0.0169 0.6997
vn -0.8545 0.0223 0.5189
vn -0.7142 0.0169 -0.6997
vn -0.5634 0.0114 -0.8261
vn 0.5627 0.0105 0.8266
vn -0.9596 0.0265 0.2803
vn -0.4147 0.0067 -0.9099
vn 0.9997 0.0251 -0.0002
vn -0.8545 0.0223 -0.5190
vn 0.9595 0.0237 0.2806
vn -0.0008 0.0002 1.0000
vn -0.1216 -0.0275 0.9922
vn 0.0226 0.0167 0.9996
vn -0.0130 0.0822 0.9965
vn -0.1222 -0.1773 0.9765
vn -0.5965 -0.0208 -0.8024
vn -0.4339 -0.0473 -0.8997
vn -0.9930 0.1178 -0.0000
vn -0.9623 0.1053 -0.2506
vn 0.1606 0.0703 0.9845
vn -0.2742 -0.0498 0.9604
vn 0.2945 0.1185 -0.9483
vn 0.4300 0.1596 -0.8886
vn 0.0233 0.0169 0.9996
vn -0.7494 0.0235 -0.6617
vn -0.9624 0.1053 0.2506
vn 0.1606 0.0703 -0.9845
vn -0.8765 0.0707 -0.4762
vn -0.8765 0.0706 0.4761
vn 0.7060 0.2326 -0.6689
vn 0.8304 0.2647 -0.4902
vn 0.0233 0.0169 -0.9996
vn 0.9212 0.2881 -0.2614
vn -0.7494 0.0235 0.6617
vn 0.9549 0.2970 0.0014
vn -0.1217 -0.0275 -0.9922
vn 0.9213 0.2881 0.2614
vn -0.5965 -0.0208 0.8024
vn 0.8304 0.2646 0.4903
vn -0.2743 -0.0497 -0.9604
vn 0.7060 0.2326 0.6689
vn -0.4339 -0.0473 0.8997
vn 0.5685 0.1971 -0.7987
vn 0.5685 0.1971 0.7987
vn 0.4444 0.8837 -0.1467
vn 0.4351 0.8493 -0.2990
vn 0.0214 0.9893 -0.1445
vn 0.0224 0.9973 -0.0699
vn 0.0962 0.2284 -0.9688
vn 0.2136 0.3808 -0.8996
vn -0.8504 -0.2668 -0.4535
vn -0.7187 -0.3051 -0.6248
vn -0.8501 -0.2666 0.4542
vn -0.9408 -0.2393 0.2398
vn 0.4148 0.7853 -0.4596
vn -0.0130 0.0822 -0.9965
vn -0.7187 -0.3051 0.6248
vn 0.4469 0.8946 0.0012
vn -0.1222 -0.1773 -0.9765
vn 0.4448 0.8836 0.1463
vn -0.5689 -0.3382 0.7496
vn 0.4352 0.8492 0.2992
vn -0.2685 -0.3068 -0.9131
vn 0.4149 0.7853 0.4595
vn -0.4167 -0.3456 0.8408
vn 0.3762 0.6844 -0.6245
vn 0.3762 0.6845 0.6245
vn -0.4167 -0.3456 -0.8408
vn -0.9408 -0.2393 -0.2399
vn 0.3104 0.5444 0.7793
vn -0.2685 -0.3068 0.9131
vn 0.3104 0.5444 -0.7793
vn 0.2136 0.3808 0.8996
vn -0.5689 -0.3382 -0.7496
vn -0.9732 -0.2299 -0.0000
vn 0.0962 0.2284 0.9688
vn -0.0128 0.0826 0.9965
vn 0.0217 0.9889 0.1467
vn 0.0227 0.9973 0.0699
vn -0.0494 0.9964 0.0684
vn -0.0495 0.9889 0.1403
vn -0.0796 -0.9670 0.2422
vn -0.0858 -0.9845 0.1533
vn 0.0228 0.9997 -0.0000
vn -0.0588 -0.4151 -0.9079
vn -0.0456 -0.0026 -0.9990
vn -0.0738 -0.9342 0.3491
vn -0.0649 -0.7329 -0.6772
vn 0.0198 0.9715 0.2363
vn -0.0692 -0.8702 0.4878
vn 0.0167 0.9386 -0.3447
vn 0.0198 0.9715 -0.2362
vn 0.0167 0.9387 0.3444
vn -0.0691 -0.8705 -0.4873
vn -0.0894 -0.9933 -0.0730
vn -0.0855 -0.9843 -0.1545
vn 0.0111 0.8727 0.4881
vn -0.0650 -0.7328 0.6774
vn 0.0111 0.8727 -0.4882
vn 0.0007 0.7275 0.6861
vn -0.0737 -0.9342 -0.3489
vn -0.0926 -0.9957 -0.0009
vn -0.0169 0.3905 0.9205
vn -0.0588 -0.4151 0.9079
vn 0.0007 0.7276 -0.6860
vn -0.0456 -0.0030 0.9990
vn -0.0786 -0.9676 -0.2399
vn -0.0903 -0.9931 0.0751
vn -0.0456 -0.0023 0.9990
vn -0.0169 0.3905 -0.9205
vn 0.0157 -0.9901 0.1395
vn 0.0137 -0.9750 0.2216
vn -0.0268 -0.9735 0.2269
vn -0.0272 -0.9894 0.1426
vn -0.0093 -0.7630 -0.6463
vn -0.0363 -0.4520 -0.8913
vn -0.0498 0.9733 0.2240
vn 0.0039 -0.8910 0.4541
vn 0.0101 -0.9467 0.3220
vn -0.0503 0.9439 -0.3264
vn -0.0496 0.9725 -0.2275
vn -0.0503 0.9439 0.3265
vn 0.0041 -0.8908 -0.4544
vn 0.0168 -0.9976 -0.0676
vn 0.0157 -0.9901 -0.1396
vn -0.0507 0.8847 0.4634
vn -0.0092 -0.7631 0.6462
vn -0.0507 0.8847 -0.4634
vn -0.0494 0.7526 0.6566
vn 0.0102 -0.9466 -0.3221
vn 0.0171 -0.9999 -0.0000
vn -0.0391 0.4251 0.9043
vn -0.0363 -0.4520 0.8913
vn -0.0494 0.7526 -0.6567
vn -0.0468 -0.0131 0.9988
vn 0.0137 -0.9750 -0.2217
vn 0.0168 -0.9976 0.0675
vn -0.0469 -0.0125 0.9988
vn -0.0391 0.4251 -0.9043
vn -0.0494 0.9886 -0.1426
vn -0.0469 -0.0128 -0.9988
vn -0.0492 0.9963 -0.0701
vn -0.0493 0.9988 -0.0000
vn -0.0110 -0.4182 -0.9083
vn -0.0210 -0.7472 -0.6642
vn -0.0986 -0.7255 -0.6811
vn -0.0513 -0.3953 -0.9171
vn 0.0177 0.9975 -0.0680
vn 0.0177 0.9998 0.0001
vn 0.0084 -0.0054 -1.0000
vn 0.0178 0.9975 0.0682
vn -0.0259 -0.9433 0.3309
vn 0.0181 0.9898 0.1410
vn 0.0182 0.9740 0.2256
vn -0.0244 -0.8827 0.4694
vn 0.0178 0.9448 -0.3271
vn 0.0179 0.9744 -0.2243
vn 0.0181 0.9442 0.3289
vn -0.0243 -0.8827 -0.4693
vn -0.0275 -0.9972 -0.0689
vn -0.0272 -0.9894 -0.1426
vn 0.0172 0.8847 0.4658
vn -0.0211 -0.7472 0.6642
vn 0.0170 0.8841 -0.4669
vn 0.0143 0.7512 0.6600
vn -0.0258 -0.9433 -0.3309
vn -0.0276 -0.9996 -0.0000
vn 0.0087 0.4228 0.9062
vn -0.0111 -0.4182 0.9083
vn 0.0143 0.7509 -0.6602
vn 0.0084 -0.0057 0.9999
vn -0.0267 -0.9735 -0.2269
vn -0.0275 -0.9972 0.0689
vn 0.0084 -0.0051 1.0000
vn 0.0087 0.4228 -0.9062
vn 0.0178 0.9899 -0.1408
vn -0.1246 -0.8472 0.5164
vn -0.1031 -0.7113 0.6953
vn -0.1050 -0.7122 0.6941
vn -0.1427 -0.8431 0.5185
vn 0.1121 0.9823 0.1498
vn 0.1101 0.9619 0.2504
vn -0.1357 -0.9170 0.3751
vn 0.1006 0.9276 -0.3598
vn 0.1049 0.9595 -0.2615
vn 0.1063 0.9277 0.3579
vn -0.1241 -0.8754 -0.4672
vn -0.1532 -0.9837 -0.0945
vn -0.1524 -0.9753 -0.1601
vn 0.1013 0.8744 0.4746
vn 0.0929 0.8593 -0.5029
vn 0.0875 0.7383 0.6688
vn -0.1380 -0.9297 -0.3414
vn -0.1508 -0.9884 -0.0172
vn 0.0509 0.4028 0.9139
vn -0.0536 -0.3977 0.9159
vn 0.0781 0.7239 -0.6854
vn 0.0129 -0.0067 0.9999
vn -0.1470 -0.9592 -0.2413
vn -0.1484 -0.9854 0.0830
vn 0.0129 -0.0061 0.9999
vn 0.0452 0.4032 -0.9140
vn -0.1465 -0.9767 0.1570
vn 0.1086 0.9785 -0.1755
vn 0.0088 -0.0042 -1.0000
vn 0.1113 0.9900 -0.0870
vn -0.1419 -0.9551 0.2601
vn 0.1124 0.9937 -0.0028
vn 0.1123 0.9907 0.0765
vn -0.1561 -0.9101 0.3838
vn 0.4085 -0.2371 0.8814
vn 0.5552 -0.0915 0.8267
vn 0.1167 0.8639 -0.4899
vn 0.1184 0.9248 -0.3615
vn 0.1153 0.8981 0.4245
vn 0.0865 0.7775 0.6229
vn -0.0056 -0.9363 -0.3510
vn -0.0663 -0.8327 -0.5498
vn -0.1879 -0.9816 -0.0349
vn -0.1911 -0.9776 -0.0877
vn 0.0509 0.4301 0.9013
vn -0.0571 -0.4085 0.9110
vn 0.1051 0.7444 -0.6594
vn 0.0070 -0.0029 1.0000
vn -0.0416 -0.9926 -0.1142
vn -0.1919 -0.9772 0.0908
vn 0.0071 -0.0022 1.0000
vn 0.0626 0.4339 -0.8988
vn -0.1269 -0.9914 -0.0322
vn -0.1775 -0.9728 0.1489
vn 0.1215 0.9528 -0.2784
vn 0.1131 0.9704 -0.2134
vn 0.0003 0.0034 -1.0000
vn 0.1056 0.9879 -0.1138
vn -0.1813 -0.9490 0.2581
vn 0.1035 0.9945 -0.0128
vn -0.0555 -0.3736 -0.9259
vn 0.1071 0.9922 0.0644
vn 0.1056 0.9845 0.1403
vn -0.0789 -0.6338 -0.7694
vn 0.1002 0.9578 0.2693
vn 0.1210 0.9283 0.3516
vn -0.2101 0.9730 0.0951
vn -0.2094 0.9778 -0.0065
vn -0.7762 0.6305 -0.0001
vn -0.7496 0.6349 0.1872
vn -0.1863 0.8608 -0.4735
vn -0.1923 0.9173 -0.3486
vn -0.2064 0.9181 0.3383
vn -0.1992 0.8574 0.4746
vn 0.1352 -0.5132 -0.8475
vn 0.0267 -0.2649 -0.9639
vn 0.6634 -0.0771 0.7443
vn 0.5685 -0.5804 0.5830
vn -0.1912 0.7673 0.6122
vn 0.2661 -0.3146 0.9112
vn -0.1728 0.7487 -0.6400
vn -0.1558 0.5696 0.8070
vn 0.3257 -0.7895 -0.5202
vn 0.8570 -0.0296 0.5144
vn -0.0676 0.2877 0.9553
vn 0.1042 -0.2424 0.9646
vn -0.1383 0.5568 -0.8191
vn 0.0365 0.0697 0.9969
vn 0.3962 -0.9064 0.1461
vn 0.7995 -0.0255 0.6001
vn 0.0365 0.0701 0.9969
vn -0.0572 0.2908 -0.9551
vn 0.7196 -0.0292 0.6938
vn -0.1989 0.9499 -0.2412
vn 0.0457 0.0757 -0.9961
vn -0.2057 0.9708 -0.1232
vn 0.6300 -0.0396 0.7756
vn 0.0318 -0.2100 -0.9772
vn -0.2103 0.9569 0.2004
vn -0.4401 0.6900 0.5747
vn -0.5564 0.6727 0.4877
vn -0.6875 0.0964 0.7198
vn -0.5376 0.1040 0.8368
vn 0.6067 0.7912 0.0761
vn 0.7249 0.6882 -0.0303
vn -0.6698 0.6503 0.3584
vn 0.1135 0.1264 -0.9855
vn 0.0855 0.1710 -0.9816
vn 0.4940 0.4800 0.7250
vn -0.4400 0.6900 -0.5747
vn -0.5564 0.6728 -0.4876
vn 0.2529 0.0732 -0.9647
vn 0.7932 0.4835 0.3703
vn 0.9581 0.0950 0.2704
vn -0.3386 0.6861 0.6439
vn 0.3160 0.1754 0.9324
vn -0.3386 0.6861 -0.6439
vn -0.2531 0.6396 0.7258
vn 0.5285 -0.1213 -0.8402
vn 0.5859 0.7706 0.2508
vn -0.1675 0.5163 0.8399
vn 0.1104 0.1721 0.9789
vn -0.2531 0.6396 -0.7258
vn -0.0518 0.3132 0.9483
vn 0.9265 -0.1848 -0.3278
vn 0.6242 0.7274 0.2850
vn -0.0513 0.3143 0.9479
vn -0.1675 0.5163 -0.8399
vn 0.6143 0.6278 0.4780
vn -0.6698 0.6504 -0.3584
vn -0.0517 0.3138 -0.9481
vn -0.7495 0.6350 -0.1873
vn 0.9463 0.2000 -0.2540
vn 0.5791 0.2651 -0.7710
vn 0.3974 0.1841 -0.8990
vn -0.3925 0.1078 0.9134
vn 0.2693 0.1226 0.9552
vn 0.4099 0.1311 0.9027
vn -0.3920 0.1076 -0.9136
vn -0.5373 0.1037 -0.8370
vn -0.2543 0.1098 0.9609
vn 0.6204 0.1758 -0.7643
vn -0.1218 0.1115 0.9863
vn 0.1369 0.1173 0.9836
vn -0.2541 0.1096 -0.9610
vn 0.0075 0.1138 0.9935
vn 0.7719 0.1329 -0.6217
vn 0.8937 0.2463 0.3750
vn 0.0082 0.1142 0.9934
vn -0.1218 0.1113 -0.9863
vn 0.7631 0.2005 0.6145
vn -0.6875 0.0963 -0.7197
vn -0.8333 0.0840 -0.5464
vn 0.0075 0.1136 -0.9935
vn -0.9503 0.0697 -0.3035
vn 0.9691 0.2305 0.0878
vn -0.9980 0.0627 0.0001
vn 0.1369 0.1171 -0.9836
vn -0.9501 0.0699 0.3040
vn 0.8993 0.2387 0.3664
vn -0.8330 0.0842 0.5468
vn -0.9891 0.1471 0.0001
vn -0.9511 0.1496 0.2702
vn -0.4032 0.0116 -0.9150
vn -0.5511 0.0158 -0.8343
vn 0.7071 -0.0207 0.7068
vn 0.8497 -0.0248 0.5267
vn -0.9573 0.0274 -0.2877
vn -0.1281 0.0036 -0.9918
vn -0.2626 0.0075 -0.9649
vn 0.9580 -0.0280 -0.2853
vn 0.8497 -0.0248 -0.5267
vn 0.0030 -0.0002 1.0000
vn 0.1341 -0.0040 0.9910
vn 0.1341 -0.0040 -0.9910
vn 0.0030 -0.0002 -1.0000
vn -0.2626 0.0075 0.9649
vn -0.1281 0.0036 0.9918
vn 0.5560 -0.0163 0.8310
vn -0.7033 0.0202 -0.7106
vn -0.8474 0.0243 -0.5305
vn 0.4087 -0.0120 -0.9126
vn 0.2684 -0.0079 -0.9633
vn -0.5511 0.0158 0.8343
vn -0.4032 0.0116 0.9150
vn 0.9996 -0.0292 -0.0000
vn 0.7071 -0.0207 -0.7068
vn 0.5560 -0.0163 -0.8310
vn -0.7033 0.0202 0.7106
vn 0.4087 -0.0120 0.9126
vn 0.9580 -0.0280 0.2853
vn 0.2684 -0.0079 0.9633
vn 0.0022 -0.0001 1.0000
vn 0.0217 -0.0230 -0.9995
vn 0.1521 -0.0849 -0.9847
vn 0.1033 -0.2185 -0.9704
vn -0.0063 -0.0564 -0.9984
vn -0.1146 0.0411 0.9926
vn 0.0213 -0.0228 0.9995
vn 0.2814 -0.1338 -0.9502
vn 0.8203 -0.2715 -0.5033
vn 0.6919 -0.2415 -0.6804
vn -0.8491 0.1536 0.5055
vn 0.9168 -0.2940 -0.2701
vn 0.9531 -0.3026 -0.0003
vn -0.7094 0.1530 0.6880
vn 0.9169 -0.2940 0.2700
vn -0.1145 0.0411 -0.9926
vn 0.8209 -0.2716 0.5024
vn -0.5565 0.1434 0.8184
vn 0.6919 -0.2415 0.6804
vn -0.2569 0.0905 -0.9622
vn -0.7094 0.1530 -0.6880
vn -0.8490 0.1536 -0.5055
vn 0.5525 -0.2084 0.8071
vn -0.4042 0.1233 0.9063
vn 0.5524 -0.2083 -0.8071
vn 0.4144 -0.1732 0.8935
vn -0.4042 0.1233 -0.9063
vn -0.9509 0.1498 -0.2707
vn 0.2814 -0.1338 0.9502
vn -0.2569 0.0904 0.9622
vn 0.4144 -0.1732 -0.8935
vn 0.1522 -0.0849 0.9847
vn -0.5565 0.1435 -0.8184
vn 0.0218 -0.0231 0.9995
vn -0.4982 0.5143 0.6980
vn -0.6168 0.5433 0.5695
vn -0.1723 0.9467 0.2722
vn -0.1618 0.9055 0.3923
vn 0.4816 -0.8764 -0.0007
vn 0.4782 -0.8656 -0.1487
vn -0.7256 0.5518 0.4111
vn 0.4768 -0.8666 0.1469
vn -0.1216 0.1815 -0.9758
vn 0.4628 -0.8318 0.3066
vn 0.4350 -0.7705 0.4661
vn -0.2540 0.3546 -0.8999
vn -0.6168 0.5433 -0.5695
vn -0.7256 0.5518 -0.4111
vn 0.3884 -0.6755 0.6268
vn -0.3777 0.4556 0.8061
vn 0.4353 -0.7706 -0.4656
vn 0.3886 -0.6755 -0.6266
vn 0.3170 -0.5434 0.7773
vn -0.3777 0.4556 -0.8061
vn -0.8061 0.5502 -0.2180
vn 0.2189 -0.3826 0.8976
vn -0.2540 0.3546 0.8999
vn 0.3170 -0.5434 -0.7773
vn 0.1031 -0.2185 0.9704
vn -0.4982 0.5143 -0.6980
vn -0.8364 0.5482 -0.0000
vn -0.0061 -0.0567 0.9984
vn -0.1216 0.1815 0.9758
vn 0.2188 -0.3826 -0.8976
vn -0.8051 0.5511 0.2194
vn -0.0064 -0.0564 0.9984
vn 0.4631 -0.8319 -0.3058
vn -0.1445 0.8298 -0.5390
vn -0.1148 0.6804 -0.7238
vn -0.0053 0.7371 -0.6758
vn -0.0068 0.8762 -0.4819
vn 0.1525 -0.9509 0.2693
vn 0.1546 -0.9738 0.1665
vn -0.0623 0.3690 -0.9273
vn -0.1732 0.9475 -0.2689
vn -0.1795 0.9689 -0.1706
vn 0.1477 -0.9095 0.3886
vn -0.1445 0.8300 0.5388
vn 0.1526 -0.9513 -0.2680
vn 0.1477 -0.9093 -0.3890
vn 0.1371 -0.8293 0.5416
vn -0.1828 0.9796 -0.0828
vn 0.1128 -0.6681 0.7355
vn -0.1147 0.6803 0.7239
vn 0.1371 -0.8295 -0.5414
vn 0.0579 -0.3547 0.9332
vn -0.1618 0.9055 -0.3924
vn -0.1838 0.9830 0.0002
vn -0.0120 -0.0185 0.9998
vn -0.0622 0.3689 0.9274
vn 0.1128 -0.6682 -0.7354
vn -0.1826 0.9794 0.0863
vn -0.0119 -0.0191 0.9997
vn 0.0579 -0.3547 -0.9332
vn 0.1550 -0.9737 -0.1668
vn -0.1788 0.9690 0.1708
vn 0.1558 -0.9845 -0.0808
vn -0.0120 -0.0188 -0.9998
vn 0.1560 -0.9878 -0.0001
vn 0.1556 -0.9845 0.0806
vn -0.0024 0.4085 0.9127
vn -0.0053 0.7370 0.6758
vn 0.1053 0.6930 0.7132
vn 0.0571 0.3785 0.9238
vn -0.0084 0.9891 -0.1469
vn -0.0087 0.9975 -0.0696
vn 0.0061 -0.7390 0.6737
vn 0.0068 -0.8785 0.4777
vn -0.0068 0.8764 0.4815
vn 0.0072 -0.9408 -0.3390
vn 0.0068 -0.8776 -0.4793
vn 0.0038 -0.4121 0.9111
vn -0.0077 0.9402 -0.3404
vn -0.0086 1.0000 -0.0000
vn -0.0026 -0.0035 1.0000
vn 0.0061 -0.7390 -0.6737
vn -0.0083 0.9726 -0.2323
vn -0.0083 0.9975 0.0696
vn -0.0026 -0.0042 1.0000
vn 0.0038 -0.4121 -0.9111
vn 0.0075 -0.9896 -0.1436
vn 0.0076 -0.9735 -0.2284
vn -0.0081 0.9893 0.1455
vn 0.0075 -0.9976 -0.0694
vn -0.0028 -0.0039 -1.0000
vn 0.0074 -1.0000 -0.0000
vn -0.0076 0.9735 0.2287
vn 0.0073 -0.9976 0.0694
vn -0.0024 0.4085 -0.9128
vn 0.0072 -0.9896 0.1435
vn -0.0076 0.9400 0.3410
vn 0.0070 -0.9736 0.2284
vn 0.0071 -0.9409 0.3385
vn -0.1371 -0.9556 -0.2608
vn -0.1387 -0.9771 -0.1616
vn -0.3115 -0.9230 -0.2259
vn -0.3013 -0.8850 -0.3549
vn -0.1246 -0.8402 -0.5278
vn -0.1038 -0.6827 -0.7233
vn 0.1475 0.9131 -0.3800
vn 0.1569 0.9511 -0.2661
vn 0.1669 0.9860 -0.0002
vn 0.1661 0.9829 0.0801
vn 0.0121 -0.0172 0.9998
vn -0.0542 -0.3648 -0.9295
vn 0.1631 0.9727 0.1651
vn -0.1395 -0.9871 -0.0782
vn 0.0122 -0.0168 -0.9998
vn -0.1398 -0.9902 0.0001
vn 0.1576 0.9524 0.2608
vn -0.1397 -0.9871 0.0784
vn 0.0571 0.3785 -0.9239
vn -0.1391 -0.9770 0.1618
vn 0.1476 0.9128 0.3809
vn -0.1371 -0.9554 0.2615
vn 0.1052 0.6927 -0.7135
vn 0.1626 0.9724 -0.1675
vn -0.1337 -0.9171 0.3757
vn 0.1322 0.8399 0.5263
vn -0.1333 -0.9163 -0.3777
vn -0.1246 -0.8400 0.5281
vn 0.1322 0.8398 -0.5265
vn 0.1657 0.9829 -0.0804
vn -0.1039 -0.6828 0.7231
vn -0.0542 -0.3648 0.9295
vn 0.0123 -0.0165 0.9998
vn -0.3181 -0.9481 0.0002
vn -0.3168 -0.9420 0.1106
vn -0.8760 -0.4036 0.2641
vn -0.9093 -0.4162 0.0007
vn 0.3903 0.9125 0.1227
vn 0.3778 0.8929 0.2448
vn -0.3165 -0.9422 -0.1101
vn -0.0902 -0.2729 -0.9578
vn 0.0074 -0.0294 -0.9995
vn 0.3548 0.8566 0.3747
vn 0.1030 0.2723 -0.9567
vn -0.3121 -0.9227 0.2265
vn 0.3180 0.7950 0.5166
vn -0.3022 -0.8852 0.3536
vn 0.2002 0.5352 -0.8206
vn 0.3524 0.8559 -0.3785
vn 0.3752 0.8940 -0.2449
vn -0.2822 -0.8181 0.5010
vn 0.2701 0.6963 0.6649
vn -0.2820 -0.8180 -0.5013
vn -0.2470 -0.7061 0.6636
vn 0.2693 0.6962 -0.6654
vn 0.3896 0.9129 -0.1219
vn -0.1851 -0.5251 0.8307
vn 0.2018 0.5341 0.8210
vn -0.2468 -0.7059 -0.6639
vn -0.0902 -0.2729 0.9578
vn 0.3179 0.7950 -0.5166
vn 0.3950 0.9187 -0.0009
vn 0.0074 -0.0294 0.9995
vn 0.1027 0.2721 0.9568
vn -0.1850 -0.5250 -0.8308
vn -0.6642 -0.3284 0.6716
vn -0.5294 -0.2828 0.7999
vn -0.5617 -0.0350 0.8266
vn -0.7115 -0.0454 0.7013
vn -0.0202 -0.0516 -0.9985
vn 0.1090 0.0764 -0.9911
vn -0.7865 -0.3717 0.4931
vn 0.6759 0.2901 0.6775
vn 0.5335 0.2564 0.8060
vn 0.2487 0.1647 -0.9545
vn 0.6759 0.2901 -0.6775
vn 0.8058 0.3190 -0.4989
vn 0.3901 0.2173 0.8948
vn -0.6645 -0.3289 -0.6710
vn -0.5293 -0.2824 -0.8000
vn -0.3942 -0.2379 0.8877
vn 0.3901 0.2173 -0.8948
vn 0.9008 0.3395 -0.2707
vn -0.2639 -0.1927 0.9451
vn 0.2487 0.1647 0.9545
vn -0.3942 -0.2377 -0.8878
vn -0.1398 -0.1388 0.9804
vn 0.5335 0.2564 -0.8060
vn 0.9376 0.3477 -0.0014
vn -0.0204 -0.0519 0.9984
vn 0.1090 0.0764 0.9911
vn -0.2639 -0.1927 -0.9451
vn 0.9015 0.3400 0.2676
vn -0.0198 -0.0513 0.9985
vn -0.1398 -0.1388 -0.9804
vn -0.7869 -0.3722 -0.4922
vn 0.8058 0.3191 0.4988
vn -0.8761 -0.4043 -0.2628
vn -0.2735 -0.0158 0.9617
vn -0.1380 -0.0077 0.9904
vn -0.1142 -0.0189 0.9933
vn -0.2501 -0.0436 0.9672
vn 0.5532 0.0154 0.8329
vn 0.4042 0.0130 0.9146
vn -0.7114 -0.0453 -0.7014
vn -0.5616 -0.0349 -0.8267
vn -0.4142 -0.0250 0.9099
vn 0.2624 0.0095 -0.9649
vn 0.4044 0.0129 -0.9145
vn 0.8489 0.0181 -0.5282
vn 0.9580 0.0188 -0.2863
vn 0.2623 0.0095 0.9649
vn -0.4145 -0.0249 -0.9097
vn 0.5532 0.0154 -0.8329
vn 0.9998 0.0191 -0.0006
vn -0.0062 -0.0007 1.0000
vn 0.1258 0.0052 0.9920
vn -0.2738 -0.0158 -0.9617
vn 0.7056 0.0171 -0.7084
vn 0.9580 0.0191 0.2862
vn -0.0053 -0.0007 1.0000
vn -0.1384 -0.0077 -0.9903
vn -0.8517 -0.0551 -0.5211
vn 0.8490 0.0184 0.5280
vn -0.9573 -0.0623 -0.2823
vn -0.0058 -0.0006 -1.0000
vn -0.9979 -0.0654 0.0004
vn 0.7055 0.0172 0.7085
vn -0.9571 -0.0627 0.2829
vn 0.1261 0.0048 -0.9920
vn -0.8513 -0.0553 0.5218
vn 0.0172 0.0068 0.9998
vn 0.1485 0.0325 0.9884
vn 0.1238 0.1587 0.9795
vn 0.0085 0.0479 0.9988
vn 0.4201 0.0808 -0.9039
vn 0.5638 0.1032 -0.8194
vn 0.9475 0.1578 -0.2781
vn 0.9866 0.1634 0.0002
vn 0.0165 0.0066 0.9998
vn 0.2818 0.0573 0.9578
vn -0.3930 -0.0669 -0.9171
vn -0.2508 -0.0437 -0.9670
vn 0.7097 0.1245 -0.6934
vn 0.9478 0.1580 0.2770
vn -0.1149 -0.0190 -0.9932
vn -0.8382 -0.1280 -0.5302
vn -0.6946 -0.1094 -0.7111
vn 0.8456 0.1438 0.5141
vn -0.9468 -0.1413 -0.2892
vn 0.0168 0.0065 -0.9998
vn -0.9891 -0.1469 -0.0004
vn 0.7099 0.1246 0.6932
vn -0.9472 -0.1418 0.2875
vn 0.1485 0.0325 -0.9884
vn -0.8368 -0.1280 0.5323
vn 0.5637 0.1032 0.8195
vn -0.6945 -0.1094 0.7112
vn 0.2819 0.0573 -0.9577
vn 0.8448 0.1433 -0.5155
vn -0.5420 -0.0888 0.8357
vn 0.4200 0.0808 0.9039
vn -0.5420 -0.0888 -0.8356
vn -0.3919 -0.0668 0.9176
vn -0.7897 -0.5674 -0.2334
vn -0.8137 -0.5812 -0.0008
vn -0.3585 -0.9335 -0.0005
vn -0.3548 -0.9278 -0.1157
vn -0.2548 -0.2313 -0.9389
vn -0.1183 -0.1069 -0.9872
vn -0.7237 -0.5291 -0.4430
vn -0.6259 -0.4711 -0.6215
vn 0.7609 0.6050 0.2346
vn 0.6981 0.5582 0.4484
vn 0.0079 0.0476 -0.9988
vn 0.6035 0.4902 0.6289
vn -0.7901 -0.5673 0.2320
vn 0.1238 0.1587 -0.9795
vn -0.7239 -0.5290 0.4429
vn 0.4905 0.4104 0.7688
vn -0.6272 -0.4724 0.6193
vn 0.2446 0.2444 -0.9383
vn 0.6039 0.4907 -0.6281
vn 0.6975 0.5586 -0.4488
vn -0.5119 -0.4032 0.7586
vn 0.3685 0.3271 0.8702
vn -0.5120 -0.4033 -0.7584
vn -0.3865 -0.3242 0.8634
vn 0.3691 0.3266 -0.8701
vn 0.7606 0.6050 -0.2357
vn -0.2548 -0.2314 0.9389
vn 0.2446 0.2444 0.9383
vn -0.3865 -0.3242 -0.8634
vn -0.1183 -0.1069 0.9872
vn 0.4915 0.4110 -0.7678
vn 0.7830 0.6220 0.0005
vn 0.0076 0.0473 0.9988
vn -0.3450 -0.9090 0.2338
vn -0.3267 -0.8738 0.3602
vn -0.1332 -0.9598 0.2471
vn -0.1371 -0.9782 0.1559
vn 0.2981 0.9284 0.2218
vn 0.2890 0.8924 0.3467
vn -0.3553 -0.9277 0.1148
vn -0.0071 0.0295 -0.9995
vn 0.0887 0.2811 -0.9556
vn 0.2717 0.8292 0.4885
vn 0.1798 0.5398 -0.8224
vn 0.2884 0.8928 -0.3459
vn 0.2977 0.9287 -0.2213
vn -0.2981 -0.8156 0.4959
vn 0.2396 0.7213 0.6499
vn -0.3255 -0.8743 -0.3601
vn -0.2972 -0.8150 -0.4975
vn -0.2562 -0.7189 0.6462
vn 0.2382 0.7198 -0.6521
vn 0.3025 0.9468 -0.1095
vn -0.1933 -0.5565 0.8081
vn 0.1802 0.5403 0.8219
vn -0.2559 -0.7183 -0.6469
vn -0.1000 -0.2848 0.9533
vn 0.2710 0.8300 -0.4875
vn 0.3037 0.9528 0.0002
vn -0.0071 0.0298 0.9995
vn 0.0881 0.2812 0.9556
vn -0.1933 -0.5565 -0.8081
vn 0.3024 0.9470 0.1083
vn -0.0071 0.0295 0.9995
vn -0.1000 -0.2849 -0.9533
vn -0.3440 -0.9093 -0.2342
vn 0.1026 0.9920 -0.0737
vn 0.1020 0.9830 -0.1524
vn -0.0459 0.9885 -0.1443
vn -0.0462 0.9965 -0.0698
vn 0.0363 0.3767 -0.9256
vn 0.0754 0.7023 -0.7078
vn 0.1008 0.9632 -0.2492
vn -0.1256 -0.9225 0.3649
vn 0.0978 0.9263 0.3638
vn 0.0911 0.8545 0.5114
vn -0.1323 -0.9582 -0.2537
vn -0.1255 -0.9223 -0.3655
vn -0.1145 -0.8534 0.5086
vn 0.0912 0.8547 -0.5110
vn -0.0950 -0.7106 0.6972
vn 0.0754 0.7023 0.7079
vn -0.1145 -0.8532 -0.5088
vn -0.0611 -0.3959 0.9163
vn 0.0978 0.9265 -0.3634
vn 0.1029 0.9947 0.0001
vn -0.0283 0.0151 0.9995
vn 0.0363 0.3767 0.9256
vn -0.0956 -0.7118 -0.6958
vn 0.1029 0.9919 0.0739
vn -0.0283 0.0144 0.9995
vn -0.0611 -0.3959 -0.9163
vn -0.1363 -0.9783 -0.1561
vn 0.1022 0.9824 0.1562
vn -0.1388 -0.9874 -0.0758
vn -0.0283 0.0147 -0.9995
vn -0.1397 -0.9902 -0.0002
vn 0.1010 0.9634 0.2484
vn -0.1392 -0.9874 0.0754
vn 0.0097 -0.7531 -0.6578
vn 0.0168 -0.8849 -0.4654
vn 0.0680 -0.8754 -0.4787
vn 0.0574 -0.7371 -0.6733
vn 0.0097 -0.7531 0.6578
vn 0.0168 -0.8850 0.4653
vn -0.0432 0.8788 0.4753
vn -0.0387 0.7433 0.6679
vn 0.0199 -0.9445 -0.3279
vn -0.0046 -0.4296 0.9030
vn -0.0431 0.8797 -0.4736
vn -0.0446 0.9412 -0.3350
vn -0.0463 0.9989 -0.0000
vn -0.0046 0.0048 1.0000
vn -0.0238 0.4163 0.9089
vn -0.0455 0.9722 -0.2297
vn -0.0463 0.9965 0.0698
vn -0.0046 0.0042 1.0000
vn -0.0046 -0.4296 -0.9030
vn 0.0218 -0.9901 -0.1390
vn 0.0214 -0.9750 -0.2211
vn -0.0460 0.9884 0.1444
vn 0.0218 -0.9975 -0.0672
vn -0.0046 0.0045 -1.0000
vn 0.0218 -0.9998 -0.0001
vn -0.0456 0.9722 0.2298
vn 0.0218 -0.9975 0.0670
vn -0.0238 0.4163 -0.9089
vn 0.0216 -0.9901 0.1388
vn -0.0448 0.9411 0.3352
vn 0.0212 -0.9751 0.2209
vn -0.0387 0.7433 -0.6678
vn 0.0199 -0.9444 0.3281
vn -0.0710 0.9874 0.1413
vn -0.0712 0.9951 0.0682
vn 0.0192 0.9975 0.0679
vn 0.0179 0.9899 0.1408
vn -0.0698 0.9397 -0.3347
vn -0.0711 0.9705 -0.2304
vn -0.0715 0.9974 -0.0001
vn -0.0319 0.4128 0.9102
vn -0.0015 -0.0028 1.0000
vn 0.0318 -0.4098 -0.9116
vn 0.0760 -0.9868 -0.1432
vn 0.0747 -0.9699 -0.2319
vn 0.0763 -0.9947 -0.0692
vn -0.0016 -0.0025 -1.0000
vn 0.0763 -0.9971 -0.0000
vn -0.0709 0.9706 0.2301
vn 0.0761 -0.9947 0.0691
vn -0.0319 0.4129 -0.9102
vn 0.0755 -0.9868 0.1430
vn -0.0695 0.9392 0.3363
vn 0.0746 -0.9699 0.2318
vn -0.0561 0.7400 -0.6702
vn -0.0718 0.9871 -0.1430
vn 0.0725 -0.9383 0.3382
vn -0.0657 0.8769 0.4761
vn 0.0726 -0.9385 -0.3377
vn 0.0679 -0.8756 0.4783
vn -0.0657 0.8768 -0.4763
vn -0.0717 0.9951 -0.0685
vn 0.0574 -0.7370 0.6735
vn -0.0561 0.7400 0.6702
vn 0.0318 -0.4098 0.9116
vn -0.0016 -0.0021 1.0000
vn 0.0044 0.4164 -0.9092
vn -0.0093 -0.0035 -1.0000
vn 0.0097 -0.0113 -0.9999
vn 0.0528 0.3955 -0.9169
vn 0.0062 -0.9976 -0.0690
vn 0.0059 -0.9897 -0.1428
vn 0.0019 -0.4190 -0.9080
vn 0.0063 -1.0000 0.0001
vn 0.0158 0.9741 0.2256
vn 0.0062 -0.9976 0.0691
vn 0.0058 -0.9897 0.1429
vn 0.0132 0.9433 0.3316
vn 0.0051 -0.9738 0.2273
vn 0.0081 0.7462 -0.6657
vn 0.0157 0.9737 -0.2272
vn 0.0178 0.9898 -0.1411
vn 0.0044 -0.9432 0.3322
vn 0.0106 0.8822 0.4707
vn 0.0053 -0.9738 -0.2272
vn 0.0046 -0.9436 -0.3310
vn 0.0036 -0.8817 0.4718
vn 0.0106 0.8849 -0.4657
vn 0.0192 0.9975 -0.0683
vn 0.0030 -0.7464 0.6654
vn 0.0081 0.7461 0.6657
vn 0.0036 -0.8813 -0.4725
vn 0.0018 -0.4190 0.9080
vn 0.0132 0.9438 -0.3303
vn 0.0196 0.9998 -0.0002
vn -0.0093 -0.0032 1.0000
vn 0.0044 0.4164 0.9092
vn 0.0031 -0.7458 -0.6662
vn -0.0093 -0.0038 0.9999
vn 0.1177 0.8578 0.5004
vn 0.1289 0.9249 0.3577
vn 0.2212 0.8809 0.4185
vn 0.2012 0.7945 0.5729
vn -0.1298 -0.9790 0.1574
vn -0.1307 -0.9884 0.0771
vn 0.1354 0.9595 0.2469
vn -0.1278 -0.9597 0.2502
vn 0.0960 0.7161 -0.6913
vn 0.1355 0.9594 -0.2474
vn 0.1392 0.9780 -0.1555
vn -0.1242 -0.9245 0.3603
vn -0.1280 -0.9598 -0.2499
vn -0.1242 -0.9238 -0.3621
vn -0.1160 -0.8545 0.5063
vn 0.1177 0.8580 -0.4999
vn 0.1412 0.9871 -0.0754
vn -0.0974 -0.7066 0.7009
vn 0.0960 0.7162 0.6912
vn -0.1161 -0.8547 -0.5060
vn -0.0520 -0.3845 0.9217
vn 0.1290 0.9243 -0.3592
vn 0.1418 0.9899 -0.0001
vn 0.0097 -0.0109 0.9999
vn 0.0528 0.3956 0.9169
vn -0.0974 -0.7067 -0.7008
vn 0.1412 0.9871 0.0751
vn 0.0097 -0.0116 0.9999
vn -0.0520 -0.3845 -0.9217
vn -0.1300 -0.9786 -0.1592
vn 0.1387 0.9774 0.1598
vn -0.1309 -0.9884 -0.0770
vn -0.1311 -0.9914 -0.0000
vn 0.2212 0.8808 -0.4186
vn 0.2012 0.7946 -0.5728
vn 0.3505 0.4882 -0.7993
vn 0.4379 0.6031 -0.6667
vn -0.2592 -0.9103 -0.3227
vn -0.2421 -0.8568 -0.4552
vn -0.2132 -0.7629 0.6104
vn -0.2421 -0.8569 0.4552
vn 0.1619 0.6320 -0.7579
vn 0.2364 0.9537 -0.1857
vn 0.2388 0.9669 -0.0903
vn -0.1633 -0.5948 0.7872
vn 0.1619 0.6318 0.7580
vn -0.2132 -0.7629 -0.6104
vn -0.0808 -0.3143 0.9459
vn 0.2395 0.9709 0.0002
vn 0.0070 -0.0202 0.9998
vn 0.0876 0.3286 0.9404
vn -0.1633 -0.5947 -0.7872
vn 0.2313 0.9280 -0.2922
vn 0.2387 0.9669 0.0904
vn 0.0068 -0.0208 0.9998
vn -0.0808 -0.3143 -0.9459
vn -0.2692 -0.9406 -0.2069
vn 0.2362 0.9536 0.1864
vn -0.2747 -0.9561 -0.1018
vn 0.0069 -0.0205 -0.9998
vn -0.2763 -0.9611 -0.0001
vn 0.2313 0.9280 0.2921
vn -0.2743 -0.9560 0.1039
vn 0.0877 0.3286 -0.9404
vn -0.2691 -0.9405 0.2075
vn -0.2592 -0.9104 0.3226
vn 0.0003 -0.0511 0.9987
vn 0.1180 0.1616 0.9798
vn 0.1058 0.0297 0.9939
vn -0.0243 -0.0168 0.9996
vn 0.5808 0.7950 -0.1750
vn 0.5900 0.8074 0.0003
vn -0.0001 -0.0517 0.9987
vn -0.1089 -0.1925 0.9752
vn 0.2434 0.3460 0.9061
vn -0.3383 -0.4323 -0.8359
vn -0.2250 -0.3143 -0.9223
vn 0.5055 0.6933 -0.5136
vn 0.5810 0.7950 0.1745
vn -0.1089 -0.1925 -0.9752
vn -0.5936 -0.7030 -0.3918
vn -0.5277 -0.6328 -0.5667
vn 0.5530 0.7568 0.3484
vn -0.6343 -0.7463 -0.2017
vn 0.0001 -0.0514 -0.9987
vn -0.6484 -0.7613 -0.0002
vn 0.5055 0.6931 0.5139
vn -0.6345 -0.7465 0.2002
vn 0.1180 0.1615 -0.9798
vn -0.5937 -0.7031 0.3914
vn 0.4379 0.6032 0.6667
vn -0.5274 -0.6323 0.5675
vn 0.2434 0.3460 -0.9061
vn 0.5527 0.7566 -0.3494
vn -0.4410 -0.5406 0.7165
vn 0.3506 0.4883 0.7992
vn -0.4413 -0.5410 -0.7160
vn -0.3383 -0.4322 0.8359
vn -0.2250 -0.3143 0.9223
vn -0.9424 -0.1892 -0.2760
vn -0.9809 -0.1943 -0.0001
vn -0.9997 0.0235 -0.0000
vn -0.9574 0.0225 -0.2879
vn -0.2837 -0.0899 -0.9547
vn -0.1534 -0.0580 -0.9865
vn -0.8407 -0.1755 -0.5123
vn -0.7057 -0.1574 -0.6908
vn 0.9349 0.2088 0.2872
vn 0.8264 0.1912 0.5297
vn -0.0251 -0.0172 -0.9995
vn 0.6831 0.1674 0.7109
vn -0.9424 -0.1891 0.2759
vn 0.1058 0.0298 -0.9939
vn -0.8411 -0.1756 0.5117
vn 0.5315 0.1404 0.8353
vn -0.7056 -0.1573 0.6909
vn 0.2411 0.0733 -0.9677
vn 0.6830 0.1674 -0.7110
vn 0.8262 0.1912 -0.5300
vn -0.5618 -0.1373 0.8158
vn 0.3827 0.1097 0.9173
vn -0.5611 -0.1372 -0.8163
vn -0.4194 -0.1153 0.9004
vn 0.3828 0.1097 -0.9173
vn 0.9349 0.2089 -0.2870
vn -0.2838 -0.0899 0.9547
vn 0.2411 0.0733 0.9677
vn -0.4193 -0.1153 -0.9005
vn -0.1534 -0.0579 0.9865
vn 0.5312 0.1403 -0.8356
vn 0.9765 0.2155 0.0001
vn -0.0249 -0.0170 0.9995
vn 0.5555 -0.0130 0.8314
vn 0.7067 -0.0165 0.7073
vn 0.7064 -0.0255 0.7074
vn 0.5542 -0.0205 0.8321
vn 0.8494 -0.0198 0.5273
vn -0.9574 0.0225 0.2879
vn 0.0028 -0.0001 -1.0000
vn 0.1337 -0.0032 -0.9910
vn -0.8473 0.0199 0.5308
vn -0.7031 0.0165 0.7109
vn 0.2680 -0.0064 -0.9634
vn 0.7067 -0.0165 -0.7073
vn 0.8494 -0.0198 -0.5273
vn -0.5510 0.0129 0.8344
vn 0.4082 -0.0096 0.9128
vn -0.7031 0.0165 -0.7109
vn -0.5510 0.0129 -0.8344
vn -0.4031 0.0094 0.9151
vn 0.4082 -0.0096 -0.9128
vn 0.9580 -0.0224 -0.2858
vn -0.2626 0.0061 0.9649
vn 0.2680 -0.0064 0.9634
vn -0.4031 0.0094 -0.9151
vn -0.1282 0.0030 0.9917
vn 0.5555 -0.0130 -0.8314
vn 0.9997 -0.0233 -0.0000
vn 0.1338 -0.0032 0.9910
vn -0.2626 0.0061 -0.9649
vn 0.9580 -0.0224 0.2858
vn 0.0030 -0.0001 1.0000
vn -0.1282 0.0030 -0.9917
vn -0.8473 0.0199 -0.5308
vn 0.4056 -0.0153 -0.9139
vn 0.2637 -0.0102 -0.9646
vn 0.2577 -0.0619 -0.9642
vn 0.4002 -0.0959 -0.9114
vn -0.7117 0.0327 0.7017
vn -0.8523 0.0393 0.5216
vn 0.1278 -0.0050 -0.9918
vn 0.7063 -0.0255 -0.7074
vn 0.8493 -0.0301 -0.5271
vn -0.5613 0.0256 0.8272
vn 0.4056 -0.0153 0.9139
vn -0.7115 0.0326 -0.7019
vn -0.5614 0.0256 -0.8272
vn -0.4139 0.0187 0.9101
vn 0.9578 -0.0336 -0.2855
vn -0.2727 0.0122 0.9620
vn 0.2638 -0.0102 0.9645
vn -0.4139 0.0187 -0.9101
vn -0.1371 0.0061 0.9905
vn 0.5542 -0.0205 -0.8321
vn 0.9994 -0.0349 0.0001
vn -0.0048 0.0004 1.0000
vn 0.1277 -0.0050 0.9918
vn -0.2728 0.0122 -0.9620
vn 0.9577 -0.0335 0.2858
vn -0.0039 0.0004 1.0000
vn -0.1370 0.0061 -0.9905
vn -0.8524 0.0393 -0.5215
vn 0.8493 -0.0301 0.5270
vn -0.9584 0.0443 -0.2819
vn -0.0047 0.0004 -1.0000
vn -0.9989 0.0462 -0.0001
vn -0.9584 0.0443 0.2819
vn 0.1208 -0.0275 0.9923
vn 0.2577 -0.0619 0.9642
vn 0.2538 -0.2038 0.9455
vn 0.1199 -0.0907 0.9886
vn 0.8350 -0.1895 -0.5165
vn 0.9380 -0.2105 -0.2752
vn -0.2802 0.0730 0.9572
vn -0.4189 0.1048 0.9020
vn 0.4002 -0.0958 0.9114
vn -0.5625 0.1364 -0.8154
vn -0.4190 0.1048 -0.9019
vn -0.1455 0.0405 0.9885
vn 0.5481 -0.1290 -0.8264
vn 0.9759 -0.2184 0.0002
vn -0.0129 0.0069 0.9999
vn -0.2800 0.0730 -0.9572
vn 0.6971 -0.1609 -0.6987
vn 0.9377 -0.2107 0.2764
vn -0.0122 0.0068 0.9999
vn -0.1455 0.0405 -0.9885
vn -0.8393 0.1959 -0.5071
vn -0.7067 0.1675 -0.6873
vn 0.8347 -0.1895 0.5171
vn -0.9377 0.2168 -0.2715
vn -0.0129 0.0069 -0.9999
vn -0.9744 0.2247 -0.0002
vn 0.6971 -0.1609 0.6987
vn -0.9376 0.2168 0.2719
vn 0.1206 -0.0275 -0.9923
vn -0.8393 0.1959 0.5071
vn 0.5480 -0.1290 0.8264
vn -0.7067 0.1675 0.6874
vn -0.5625 0.1364 0.8155
vn -0.6233 0.4489 -0.6403
vn -0.7239 0.5137 -0.4606
vn -0.4463 0.8404 -0.3074
vn -0.4158 0.7824 -0.4637
vn -0.3790 0.2938 -0.8776
vn -0.2522 0.2129 -0.9440
vn 0.5106 -0.3908 -0.7659
vn 0.6243 -0.4697 -0.6243
vn 0.8045 -0.5940 -0.0000
vn 0.7818 -0.5783 0.2330
vn -0.0069 0.0284 0.9996
vn -0.1283 0.1281 -0.9834
vn 0.7182 -0.5343 0.4458
vn -0.7933 0.5586 -0.2421
vn -0.0072 0.0286 -0.9996
vn -0.8183 0.5748 -0.0000
vn 0.6244 -0.4698 0.6240
vn -0.7933 0.5586 0.2421
vn 0.1200 -0.0907 -0.9886
vn -0.7240 0.5136 0.4606
vn 0.5104 -0.3906 0.7661
vn -0.6230 0.4485 0.6409
vn 0.2536 -0.2036 -0.9456
vn 0.7181 -0.5345 -0.4457
vn -0.5050 0.3735 0.7782
vn 0.3854 -0.3022 0.8719
vn -0.5048 0.3733 -0.7783
vn -0.3789 0.2937 0.8776
vn 0.3854 -0.3022 -0.8718
vn 0.7818 -0.5784 -0.2329
vn -0.2522 0.2129 0.9440
vn -0.1284 0.1283 0.9834
vn -0.0076 0.0290 0.9996
vn -0.4686 0.8834 -0.0001
vn -0.4632 0.8730 0.1528
vn -0.2726 0.9565 0.1042
vn -0.2740 0.9617 -0.0000
vn 0.4646 -0.8727 0.1502
vn 0.4475 -0.8419 0.3014
vn -0.4632 0.8730 -0.1530
vn -0.1029 0.2132 -0.9716
vn 0.0020 0.0236 -0.9997
vn 0.4180 -0.7888 0.4507
vn 0.1103 -0.2025 -0.9730
vn -0.4463 0.8405 0.3073
vn 0.3725 -0.7056 0.6028
vn -0.4158 0.7825 0.4635
vn 0.2205 -0.4204 -0.8801
vn 0.4177 -0.7882 -0.4519
vn 0.4475 -0.8420 -0.3012
vn -0.3688 0.6940 0.6184
vn 0.3080 -0.5860 0.7495
vn -0.3685 0.6932 -0.6194
vn -0.3007 0.5673 0.7667
vn 0.3080 -0.5860 -0.7495
vn 0.4646 -0.8727 -0.1501
vn -0.2106 0.4036 0.8904
vn 0.2205 -0.4205 0.8801
vn -0.3011 0.5684 -0.7657
vn -0.1029 0.2132 0.9716
vn 0.3726 -0.7058 -0.6025
vn 0.4702 -0.8826 0.0001
vn 0.0018 0.0239 0.9997
vn 0.1104 -0.2026 0.9730
vn -0.2106 0.4035 -0.8904
vn 0.0020 0.0236 0.9997
vn -0.2589 0.9045 0.3390
vn -0.2427 0.8450 0.4765
vn -0.1429 0.9121 0.3842
vn -0.1484 0.9524 0.2664
vn 0.0085 0.0240 -0.9997
vn 0.0869 -0.3002 -0.9499
vn -0.2680 0.9387 0.2170
vn 0.2588 -0.9075 0.3309
vn 0.2413 -0.8506 0.4671
vn 0.1643 -0.5867 -0.7930
vn 0.2593 -0.9081 -0.3288
vn 0.2689 -0.9391 -0.2137
vn 0.2126 -0.7545 0.6209
vn -0.2589 0.9044 -0.3391
vn -0.2425 0.8440 -0.4784
vn -0.2132 0.7396 0.6384
vn 0.2126 -0.7543 -0.6212
vn 0.2744 -0.9561 -0.1032
vn -0.1614 0.5620 0.8112
vn 0.1644 -0.5867 0.7929
vn -0.2131 0.7395 -0.6385
vn -0.0784 0.2926 0.9530
vn 0.2414 -0.8506 -0.4671
vn 0.2761 -0.9611 -0.0000
vn 0.0085 0.0240 0.9997
vn 0.0869 -0.3002 0.9499
vn -0.1614 0.5620 -0.8112
vn 0.2743 -0.9561 0.1032
vn 0.0084 0.0244 0.9997
vn -0.0784 0.2926 -0.9530
vn -0.2680 0.9386 -0.2173
vn 0.2690 -0.9397 0.2111
vn -0.2726 0.9563 -0.1055
vn -0.1076 0.6781 0.7270
vn -0.0568 0.3627 0.9302
vn -0.0322 0.4023 0.9149
vn -0.0567 0.7294 0.6817
vn 0.1498 -0.9116 0.3829
vn 0.1360 -0.8371 0.5299
vn -0.1482 0.9521 -0.2674
vn -0.1428 0.9119 -0.3847
vn -0.1317 0.8349 0.5345
vn 0.1102 -0.6865 -0.7187
vn 0.1360 -0.8371 -0.5299
vn 0.1620 -0.9716 -0.1723
vn 0.1647 -0.9828 -0.0837
vn 0.1102 -0.6865 0.7187
vn -0.1316 0.8345 -0.5351
vn 0.1497 -0.9115 -0.3832
vn 0.1657 -0.9862 0.0001
vn 0.0039 0.0088 1.0000
vn 0.0597 -0.3707 0.9268
vn -0.1076 0.6781 -0.7270
vn 0.1577 -0.9510 -0.2661
vn 0.1651 -0.9827 0.0839
vn 0.0038 0.0094 0.9999
vn -0.0567 0.3626 -0.9302
vn -0.1510 0.9738 -0.1700
vn 0.1626 -0.9715 0.1727
vn -0.1524 0.9849 -0.0824
vn 0.0039 0.0091 -1.0000
vn -0.1529 0.9882 -0.0000
vn 0.1577 -0.9508 0.2665
vn -0.1525 0.9849 0.0823
vn 0.0597 -0.3707 -0.9268
vn -0.1512 0.9738 0.1700
vn 0.0058 0.0059 1.0000
vn 0.0309 -0.4050 0.9138
vn 0.0010 -0.4247 0.9053
vn -0.0025 0.0005 1.0000
vn 0.0718 -0.8695 -0.4887
vn 0.0790 -0.9344 -0.3474
vn 0.0875 -0.9935 -0.0732
vn 0.0880 -0.9961 0.0001
vn 0.0059 0.0052 1.0000
vn 0.0582 -0.7295 0.6815
vn -0.0660 0.8709 -0.4870
vn -0.0567 0.7293 -0.6818
vn 0.0834 -0.9672 -0.2397
vn 0.0874 -0.9936 0.0717
vn -0.0322 0.4023 -0.9149
vn -0.0721 0.9865 -0.1470
vn -0.0715 0.9697 -0.2338
vn 0.0860 -0.9850 0.1497
vn -0.0723 0.9948 -0.0711
vn 0.0058 0.0055 -1.0000
vn -0.0723 0.9974 -0.0001
vn 0.0831 -0.9685 0.2349
vn -0.0722 0.9949 0.0710
vn 0.0309 -0.4050 -0.9138
vn -0.0719 0.9865 0.1469
vn 0.0790 -0.9345 0.3471
vn -0.0712 0.9697 0.2336
vn 0.0582 -0.7295 -0.6815
vn 0.0861 -0.9849 -0.1504
vn -0.0697 0.9363 0.3443
vn 0.0718 -0.8694 0.4888
vn -0.0697 0.9359 -0.3452
vn -0.0660 0.8709 0.4869
vn 0.0059 0.9976 -0.0692
vn 0.0059 1.0000 -0.0000
vn 0.1032 0.9947 -0.0000
vn 0.1029 0.9918 -0.0754
vn 0.0027 0.7545 -0.6563
vn 0.0014 0.4273 -0.9041
vn 0.0056 0.9900 -0.1409
vn 0.0051 0.9741 -0.2259
vn 0.0070 -0.9976 0.0689
vn 0.0065 -0.9901 0.1405
vn -0.0025 0.0002 -1.0000
vn 0.0056 -0.9747 0.2235
vn 0.0058 0.9976 0.0691
vn 0.0010 -0.4247 -0.9053
vn 0.0055 0.9897 0.1429
vn 0.0045 -0.9459 0.3245
vn 0.0050 0.9745 0.2244
vn 0.0021 -0.7546 -0.6562
vn 0.0054 -0.9740 -0.2264
vn 0.0063 -0.9898 -0.1422
vn 0.0043 0.9434 0.3315
vn 0.0033 -0.8871 0.4616
vn 0.0044 0.9450 -0.3269
vn 0.0036 0.8861 0.4634
vn 0.0033 -0.8871 -0.4616
vn 0.0069 -0.9977 -0.0669
vn 0.0027 0.7544 0.6564
vn 0.0021 -0.7548 0.6560
vn 0.0036 0.8863 -0.4631
vn 0.0014 0.4273 0.9041
vn 0.0044 -0.9457 -0.3250
vn 0.0071 -1.0000 0.0001
vn -0.0025 -0.0001 1.0000
vn 0.1019 0.9822 0.1576
vn 0.1001 0.9637 0.2475
vn 0.2114 0.9283 0.3060
vn 0.2177 0.9561 0.1960
vn -0.0875 -0.9843 0.1532
vn -0.0861 -0.9661 0.2434
vn 0.1030 0.9918 0.0754
vn -0.0139 0.0171 -0.9998
vn -0.0382 -0.4017 -0.9150
vn -0.0833 -0.9320 0.3528
vn -0.0649 -0.7253 -0.6854
vn -0.0859 -0.9675 -0.2377
vn -0.0873 -0.9849 -0.1498
vn 0.0962 0.9267 0.3632
vn -0.0774 -0.8658 0.4943
vn 0.0999 0.9637 -0.2475
vn 0.0962 0.9272 -0.3621
vn 0.0895 0.8583 0.5052
vn -0.0774 -0.8658 -0.4944
vn -0.0880 -0.9934 -0.0737
vn 0.0734 0.7068 0.7036
vn -0.0649 -0.7253 0.6854
vn 0.0890 0.8556 -0.5099
vn 0.0364 0.3836 0.9228
vn -0.0833 -0.9321 -0.3526
vn -0.0882 -0.9961 0.0001
vn -0.0139 0.0167 0.9998
vn -0.0382 -0.4018 0.9149
vn 0.0732 0.7053 -0.7051
vn -0.0882 -0.9935 0.0727
vn -0.0139 0.0174 0.9998
vn 0.0364 0.3836 -0.9228
vn 0.1019 0.9825 -0.1558
vn -0.2127 -0.9727 -0.0928
vn -0.2097 -0.9590 -0.1905
vn -0.3566 -0.8984 -0.2564
vn -0.3661 -0.9221 -0.1256
vn -0.0747 -0.3314 -0.9405
vn -0.1389 -0.6347 -0.7602
vn -0.2038 -0.9322 -0.2992
vn 0.1998 0.8773 0.4364
vn -0.1933 -0.8848 0.4240
vn -0.1742 -0.7975 0.5776
vn 0.2114 0.9283 -0.3059
vn 0.1998 0.8774 -0.4362
vn 0.1783 0.7839 0.5948
vn -0.1743 -0.7975 -0.5776
vn 0.1392 0.6150 0.7761
vn -0.1389 -0.6346 0.7603
vn 0.1787 0.7856 -0.5924
vn 0.0700 0.3229 0.9438
vn -0.1933 -0.8847 -0.4241
vn -0.2136 -0.9769 -0.0000
vn -0.0064 0.0141 0.9999
vn -0.0746 -0.3312 0.9406
vn 0.1396 0.6165 -0.7749
vn -0.2127 -0.9727 0.0928
vn -0.0063 0.0147 0.9999
vn 0.0700 0.3229 -0.9438
vn 0.2178 0.9561 -0.1961
vn -0.2097 -0.9590 0.1906
vn 0.2211 0.9706 -0.0954
vn -0.0064 0.0144 -0.9999
vn 0.2221 0.9750 -0.0000
vn -0.2039 -0.9327 0.2976
vn 0.2211 0.9706 0.0953
vn 0.1892 0.4676 -0.8635
vn 0.2642 0.6420 -0.7197
vn 0.3118 0.5546 -0.7715
vn 0.2190 0.3913 -0.8938
vn 0.1891 0.4674 0.8636
vn 0.2648 0.6433 0.7183
vn -0.2663 -0.6718 0.6912
vn -0.1972 -0.4968 0.8452
vn 0.3154 0.7626 -0.5647
vn 0.0911 0.2463 0.9649
vn -0.2653 -0.6696 -0.6937
vn -0.3103 -0.7827 -0.5396
vn -0.3691 -0.9294 -0.0000
vn -0.0049 0.0279 0.9996
vn -0.1010 -0.2438 0.9645
vn -0.3392 -0.8550 -0.3924
vn -0.3661 -0.9220 0.1257
vn -0.0050 0.0279 0.9996
vn 0.0911 0.2463 -0.9649
vn 0.3690 0.8897 -0.2688
vn 0.3488 0.8418 -0.4120
vn -0.3567 -0.8985 0.2560
vn 0.3798 0.9155 -0.1326
vn -0.0049 0.0279 -0.9996
vn 0.3833 0.9236 -0.0000
vn -0.3395 -0.8554 0.3913
vn 0.3799 0.9155 0.1326
vn -0.1010 -0.2438 -0.9646
vn 0.3691 0.8897 0.2689
vn -0.3110 -0.7840 0.5372
vn 0.3489 0.8417 0.4120
vn -0.1972 -0.4969 -0.8451
vn 0.3156 0.7630 0.5642
vn -0.4567 -0.8341 0.3094
vn -0.4741 -0.8666 0.1553
vn -0.6855 -0.6982 0.2062
vn -0.6408 -0.6538 0.4024
vn -0.3778 -0.6876 -0.6200
vn -0.4258 -0.7764 -0.4647
vn -0.4800 -0.8773 0.0001
vn -0.1092 -0.1957 0.9746
vn -0.0009 0.0015 1.0000
vn 0.1084 0.1960 -0.9746
vn 0.4676 0.8261 -0.3144
vn 0.4338 0.7675 -0.4720
vn 0.4868 0.8589 -0.1590
vn -0.0007 0.0018 -1.0000
vn 0.4931 0.8700 -0.0001
vn -0.4258 -0.7764 0.4648
vn 0.4866 0.8591 0.1588
vn -0.1092 -0.1957 -0.9746
vn 0.4673 0.8257 0.3159
vn -0.3778 -0.6877 0.6199
vn 0.4336 0.7673 0.4725
vn -0.2187 -0.3958 -0.8919
vn -0.4567 -0.8333 -0.3115
vn 0.3826 0.6785 0.6270
vn -0.3097 -0.5623 0.7668
vn 0.3827 0.6787 -0.6268
vn 0.3117 0.5545 0.7716
vn -0.3097 -0.5622 -0.7668
vn -0.4744 -0.8665 -0.1553
vn 0.2190 0.3913 0.8938
vn -0.2188 -0.3959 0.8919
vn 0.1083 0.1959 0.9746
vn -0.0005 0.0021 1.0000
vn -0.1194 -0.1181 -0.9858
vn 0.0037 0.0296 -0.9996
vn 0.0172 0.0134 -0.9998
vn -0.1130 -0.0338 -0.9930
vn 0.7076 0.6714 -0.2203
vn 0.6551 0.6243 -0.4255
vn 0.1200 0.1497 -0.9814
vn 0.7259 0.6878 -0.0001
vn -0.5697 -0.5836 0.5787
vn 0.7077 0.6713 0.2202
vn 0.6547 0.6238 0.4269
vn -0.4773 -0.4920 0.7281
vn 0.5738 0.5514 0.6056
vn -0.2481 -0.2606 -0.9330
vn -0.5693 -0.5832 -0.5794
vn -0.6402 -0.6533 -0.4041
vn 0.4731 0.4619 0.7502
vn -0.3689 -0.3841 0.8464
vn 0.5739 0.5516 -0.6053
vn 0.4731 0.4622 -0.7500
vn 0.3586 0.3611 0.8608
vn -0.3690 -0.3842 -0.8463
vn -0.6852 -0.6981 -0.2076
vn 0.2392 0.2566 0.9365
vn -0.2481 -0.2606 0.9330
vn 0.3586 0.3611 -0.8608
vn 0.1200 0.1497 0.9814
vn -0.4773 -0.4920 -0.7281
vn -0.7007 -0.7134 0.0001
vn 0.0040 0.0299 0.9995
vn -0.1194 -0.1182 0.9858
vn 0.2392 0.2566 -0.9365
vn 0.0034 0.0293 0.9996
vn -0.3883 -0.1231 0.9133
vn -0.5345 -0.1634 0.8292
vn -0.5488 -0.0090 0.8359
vn -0.4006 -0.0066 0.9162
vn 0.8287 0.2261 0.5120
vn 0.9287 0.2480 0.2759
vn -0.6826 -0.2014 0.7025
vn 0.6953 0.1968 0.6913
vn -0.2477 -0.0800 -0.9655
vn -0.6826 -0.2014 -0.7025
vn -0.8202 -0.2354 -0.5213
vn 0.5521 0.1647 0.8174
vn 0.6952 0.1968 -0.6913
vn 0.5521 0.1647 -0.8174
vn 0.4111 0.1314 0.9021
vn -0.3883 -0.1231 -0.9133
vn -0.9235 -0.2606 -0.2815
vn 0.2759 0.0962 0.9563
vn -0.2477 -0.0800 0.9655
vn 0.4112 0.1314 -0.9020
vn 0.1456 0.0573 0.9877
vn -0.5345 -0.1634 -0.8292
vn -0.9628 -0.2701 -0.0000
vn 0.0172 0.0134 0.9998
vn -0.1130 -0.0337 0.9930
vn 0.2759 0.0962 -0.9563
vn -0.9235 -0.2606 0.2815
vn 0.0166 0.0132 0.9998
vn 0.1456 0.0573 -0.9877
vn 0.8287 0.2261 -0.5120
vn -0.8203 -0.2354 0.5213
vn 0.9287 0.2480 -0.2758
vn 0.9666 0.2563 -0.0000
vn -0.5488 -0.0090 -0.8359
vn -0.4007 -0.0066 -0.9162
vn -0.4067 0.0114 -0.9135
vn -0.5542 0.0154 -0.8323
vn 0.7086 0.0120 -0.7055
vn 0.5579 0.0095 -0.8298
vn 0.4109 0.0071 0.9116
vn 0.5579 0.0095 0.8298
vn -0.2599 -0.0043 -0.9656
vn -0.8463 -0.0138 -0.5325
vn -0.9571 -0.0156 -0.2892
vn 0.2708 0.0047 0.9626
vn -0.2599 -0.0043 0.9656
vn 0.4109 0.0070 -0.9116
vn 0.1366 0.0024 0.9906
vn -0.9999 -0.0163 -0.0000
vn 0.0056 0.0002 1.0000
vn -0.1255 -0.0020 0.9921
vn 0.2708 0.0047 -0.9626
vn -0.7015 -0.0115 -0.7125
vn -0.9572 -0.0156 0.2892
vn 0.0048 0.0002 1.0000
vn 0.1366 0.0024 -0.9906
vn 0.8507 0.0144 -0.5254
vn -0.8463 -0.0138 0.5325
vn 0.9586 0.0162 -0.2844
vn 0.0056 0.0002 -1.0000
vn 0.9999 0.0169 -0.0000
vn -0.7016 -0.0115 0.7125
vn 0.9586 0.0162 0.2844
vn -0.1255 -0.0020 -0.9921
vn 0.8507 0.0144 0.5254
vn 0.7086 0.0121 0.7055
vn -0.0012 0.0001 1.0000
vn -0.1320 0.0037 0.9912
vn -0.1346 -0.0017 0.9909
vn -0.0034 -0.0001 1.0000
vn -0.9577 0.0266 -0.2864
vn -0.9996 0.0277 -0.0000
vn -0.0001 -0.0000 1.0000
vn 0.1301 -0.0036 0.9915
vn -0.2663 0.0075 0.9639
vn 0.4050 -0.0114 -0.9142
vn 0.2645 -0.0075 -0.9644
vn -0.7057 0.0196 -0.7082
vn -0.9577 0.0266 0.2864
vn 0.1301 -0.0036 -0.9915
vn 0.8481 -0.0241 -0.5293
vn 0.7044 -0.0200 -0.7095
vn -0.8487 0.0236 0.5283
vn 0.9576 -0.0272 -0.2869
vn -0.0009 -0.0000 -1.0000
vn 0.9996 -0.0284 -0.0000
vn -0.7057 0.0196 0.7082
vn 0.9576 -0.0272 0.2869
vn -0.1320 0.0037 -0.9912
vn 0.8481 -0.0241 0.5293
vn -0.5542 0.0154 0.8323
vn 0.7044 -0.0199 0.7095
vn -0.2663 0.0075 -0.9639
vn -0.8487 0.0236 -0.5283
vn 0.5526 -0.0156 0.8333
vn -0.4067 0.0114 0.9135
vn 0.5527 -0.0156 -0.8333
vn 0.4050 -0.0114 0.9143
vn 0.2645 -0.0074 0.9644
vn 0.9578 0.0121 -0.2873
vn 0.9999 0.0127 -0.0000
vn 0.9997 -0.0262 -0.0000
vn 0.9581 -0.0265 -0.2850
vn 0.2628 0.0033 -0.9648
vn 0.1281 0.0016 -0.9918
vn 0.8479 0.0107 -0.5300
vn 0.7038 0.0089 -0.7103
vn -0.9585 -0.0116 0.2849
vn -0.8504 -0.0103 0.5261
vn -0.0033 -0.0001 -1.0000
vn -0.7081 -0.0086 0.7060
vn 0.9578 0.0121 0.2873
vn -0.1346 -0.0017 -0.9909
vn 0.8479 0.0107 0.5300
vn -0.5570 -0.0068 0.8305
vn 0.7038 0.0089 0.7103
vn -0.2692 -0.0034 -0.9631
vn -0.7081 -0.0087 -0.7060
vn -0.8504 -0.0104 -0.5261
vn 0.5517 0.0069 0.8340
vn -0.4096 -0.0050 0.9122
vn 0.5517 0.0069 -0.8340
vn 0.4036 0.0050 0.9149
vn -0.4097 -0.0051 -0.9122
vn -0.9585 -0.0117 -0.2849
vn 0.2628 0.0033 0.9648
vn -0.2691 -0.0033 0.9631
vn 0.4037 0.0051 -0.9149
vn 0.1281 0.0016 0.9918
vn -0.5567 -0.0069 -0.8307
vn -0.9999 -0.0121 -0.0000
vn 0.8427 0.1315 0.5220
vn 0.7026 0.1186 0.7016
vn 0.8498 -0.0283 -0.5263
vn 0.9581 -0.0275 -0.2850
vn 0.9488 0.1417 -0.2824
vn 0.8427 0.1316 -0.5221
vn -0.4001 0.0552 0.9148
vn -0.5481 0.0526 0.8348
vn 0.5536 0.1060 -0.8260
vn 0.7026 0.1188 -0.7016
vn 0.5536 0.1058 0.8260
vn -0.4000 0.0556 -0.9148
vn -0.2597 0.0592 -0.9639
vn -0.9560 0.0508 -0.2889
vn -0.8451 0.0508 -0.5322
vn 0.4078 0.0942 0.9082
vn -0.2598 0.0588 0.9639
vn 0.4078 0.0945 -0.9082
vn 0.2686 0.0844 0.9595
vn -0.5481 0.0529 -0.8347
vn -0.9987 0.0508 -0.0001
vn 0.1352 0.0761 0.9879
vn -0.1258 0.0634 0.9900
vn 0.2686 0.0847 -0.9595
vn 0.0045 0.0692 0.9976
vn -0.7004 0.0515 -0.7119
vn -0.9560 0.0507 0.2888
vn 0.0036 0.0691 0.9976
vn 0.1352 0.0764 -0.9879
vn -0.8453 0.0506 0.5320
vn 0.0046 0.0694 -0.9976
vn -0.7005 0.0511 0.7118
vn 0.9893 0.1457 -0.0001
vn -0.1257 0.0638 -0.9900
vn 0.9488 0.1417 0.2824
vn 0.7074 -0.0297 -0.7062
vn -0.8465 0.1759 0.5025
vn -0.7000 0.1849 0.6898
vn 0.9581 -0.0265 0.2851
vn 0.0162 -0.0002 -0.9999
vn -0.1176 0.1034 -0.9877
vn 0.8498 -0.0274 0.5264
vn -0.5493 0.1778 0.8165
vn 0.7074 -0.0289 0.7063
vn -0.2594 0.1521 -0.9537
vn -0.7000 0.1850 -0.6897
vn -0.8465 0.1760 -0.5024
vn 0.5567 -0.0310 0.8301
vn -0.4019 0.1680 0.9001
vn 0.7074 -0.0289 -0.7063
vn 0.5567 -0.0309 -0.8301
vn 0.4102 -0.0332 0.9114
vn -0.4020 0.1682 -0.9001
vn -0.9640 0.0255 -0.2647
vn 0.2714 -0.0345 0.9618
vn -0.2593 0.1519 0.9538
vn 0.4102 -0.0331 -0.9114
vn 0.1404 -0.0309 0.9896
vn -0.5493 0.1779 -0.8165
vn -0.9960 -0.0891 -0.0000
vn 0.0162 -0.0002 0.9999
vn -0.1176 0.1033 0.9877
vn 0.2714 -0.0344 -0.9618
vn -0.9640 0.0254 0.2647
vn 0.0154 -0.0003 0.9999
vn 0.1404 -0.0308 -0.9896
vn 0.8498 -0.0274 -0.5263
vn 0.9996 -0.0272 0.0001
vn 0.9581 -0.0275 0.2851
vn 0.8498 -0.0283 0.5264
vn 0.7073 -0.0298 0.7063
vn 0.5567 -0.0318 0.8301
vn 0.4101 -0.0339 0.9114
vn 0.2715 -0.0352 0.9618
vn 0.1405 -0.0316 0.9896
vn 0.0161 -0.0003 0.9999
vn -0.1176 0.1037 0.9876
vn -0.2594 0.1519 0.9538
vn -0.4021 0.1676 0.9002
vn -0.5494 0.1773 0.8165
vn -0.7001 0.1843 0.6899
vn -0.8466 0.1754 0.5026
vn -0.9640 0.0264 0.2646
vn -0.9960 -0.0896 -0.0000
vn -0.9640 0.0265 -0.2646
vn -0.8466 0.1754 -0.5025
vn -0.7001 0.1844 -0.6898
vn -0.5494 0.1774 -0.8165
vn -0.4021 0.1677 -0.9001
vn -0.2594 0.1520 -0.9537
vn -0.1178 0.1041 -0.9876
vn 0.0161 -0.0002 -0.9999
vn 0.1405 -0.0315 -0.9896
vn 0.2715 -0.0351 -0.9618
vn 0.4102 -0.0338 -0.9114
vn 0.5567 -0.0317 -0.8301
vn 0.1615 -0.8178 -0.5524
vn 0.1309 -0.6533 -0.7457
vn 0.1859 -0.9673 -0.1723
vn -0.0239 -0.9893 -0.1439
vn -0.0237 -0.9731 -0.2291
vn 0.1824 -0.9443 -0.2739
vn -0.1987 0.8856 -0.4198
vn -0.2535 0.9136 -0.3180
vn -0.7001 0.1845 -0.6898
vn -0.9902 0.1395 -0.0003
vn -0.7869 0.5843 0.1985
vn -0.9642 0.0253 0.2640
vn -0.1174 0.1040 0.9876
vn -0.0669 0.3653 0.9285
vn -0.0265 -0.0314 0.9992
vn 0.0162 -0.0003 0.9999
vn 0.0627 -0.3475 -0.9356
vn 0.1405 -0.0311 -0.9896
vn 0.8499 -0.0278 -0.5262
vn 0.7074 -0.0293 -0.7062
vn -0.4353 0.8636 0.2543
vn -0.8466 0.1754 0.5025
vn 0.9582 -0.0270 -0.2850
vn 0.1877 -0.9787 -0.0835
vn -0.0265 -0.0312 -0.9992
vn 0.0162 -0.0001 -0.9999
vn 0.9996 -0.0267 0.0001
vn 0.1883 -0.9821 -0.0000
vn -0.2535 0.9136 0.3180
vn -0.7001 0.1844 0.6898
vn 0.9581 -0.0270 0.2852
vn 0.1879 -0.9786 0.0835
vn -0.0670 0.3652 -0.9285
vn -0.1174 0.1041 -0.9876
vn 0.8498 -0.0279 0.5264
vn 0.1863 -0.9672 0.1724
vn -0.1991 0.8857 0.4193
vn 0.7073 -0.0294 0.7063
vn 0.1830 -0.9445 0.2729
vn -0.1241 0.6702 -0.7318
vn -0.4354 0.8635 -0.2544
vn -0.8466 0.1754 -0.5024
vn 0.1754 -0.9001 0.3988
vn -0.1638 0.8151 0.5557
vn -0.4020 0.1676 0.9002
vn 0.1754 -0.9002 -0.3986
vn 0.1614 -0.8175 0.5528
vn -0.1637 0.8150 -0.5559
vn -0.4020 0.1677 -0.9002
vn -0.7870 0.5840 -0.1989
vn -0.9641 0.0254 -0.2645
vn 0.2714 -0.0352 0.9618
vn 0.1309 -0.6532 0.7458
vn -0.1241 0.6703 0.7317
vn -0.2594 0.1515 0.9538
vn 0.1404 -0.0312 0.9896
vn 0.0627 -0.3475 0.9356
vn -0.0266 -0.0308 0.9992
vn -0.0241 -0.9973 0.0696
vn -0.0879 -0.9934 0.0739
vn -0.0881 -0.9961 -0.0000
vn -0.0241 -0.9997 -0.0000
vn 0.0299 0.9971 0.0698
vn 0.0294 0.9891 0.1442
vn -0.0240 -0.9973 -0.0696
vn -0.0114 -0.4198 -0.9076
vn 0.0040 -0.0029 -1.0000
vn 0.0281 0.9738 0.2255
vn 0.0102 0.4221 -0.9065
vn -0.0241 -0.9893 0.1439
vn 0.0266 0.9431 0.3314
vn -0.0239 -0.9731 0.2291
vn 0.0193 0.7501 -0.6610
vn 0.0277 0.9730 -0.2292
vn 0.0289 0.9891 -0.1441
vn -0.0234 -0.9429 0.3323
vn 0.0243 0.8808 0.4729
vn -0.0232 -0.9424 -0.3338
vn -0.0223 -0.8825 0.4697
vn 0.0239 0.8836 -0.4677
vn 0.0296 0.9971 -0.0697
vn -0.0196 -0.7484 0.6629
vn 0.0193 0.7502 0.6610
vn -0.0223 -0.8830 -0.4689
vn -0.0114 -0.4198 0.9075
vn 0.0265 0.9437 -0.3297
vn 0.0300 0.9996 0.0001
vn 0.0040 -0.0026 1.0000
vn 0.0102 0.4222 0.9065
vn -0.0196 -0.7482 -0.6632
vn 0.0040 -0.0033 1.0000
vn -0.0824 -0.9336 0.3486
vn -0.1915 -0.8806 0.4335
vn -0.2025 -0.9310 0.3038
vn -0.0854 -0.9664 0.2425
vn 0.0058 -0.0047 -1.0000
vn 0.0341 0.4058 -0.9133
vn -0.0870 -0.9844 0.1527
vn 0.0791 0.9677 0.2392
vn 0.0765 0.9358 0.3441
vn 0.0598 0.7320 -0.6787
vn 0.0790 0.9677 -0.2392
vn 0.0803 0.9853 -0.1507
vn 0.0712 0.8703 0.4874
vn -0.0853 -0.9668 -0.2408
vn -0.0823 -0.9334 -0.3494
vn -0.0766 -0.8682 0.4902
vn 0.0713 0.8716 -0.4850
vn 0.0809 0.9940 -0.0730
vn -0.0641 -0.7262 0.6845
vn 0.0598 0.7321 0.6786
vn -0.0767 -0.8684 -0.4899
vn -0.0343 -0.4011 0.9154
vn 0.0765 0.9356 -0.3447
vn 0.0811 0.9967 -0.0000
vn 0.0058 -0.0044 1.0000
vn 0.0341 0.4058 0.9133
vn -0.0641 -0.7265 -0.6842
vn 0.0810 0.9940 0.0729
vn 0.0058 -0.0050 1.0000
vn -0.0343 -0.4011 -0.9154
vn -0.0869 -0.9845 -0.1526
vn 0.0804 0.9853 0.1506
vn -0.0878 -0.9934 -0.0738
vn -0.0639 -0.3256 0.9433
vn -0.0961 -0.2305 0.9683
vn -0.2000 -0.4318 0.8795
vn -0.1326 -0.6168 0.7759
vn 0.1806 0.8926 0.4130
vn 0.1635 0.8089 0.5648
vn -0.2026 -0.9309 -0.3038
vn -0.1916 -0.8805 -0.4335
vn -0.1711 -0.7879 0.5915
vn 0.1314 0.6500 -0.7485
vn 0.1634 0.8084 -0.5656
vn 0.1954 0.9634 -0.1836
vn 0.1981 0.9761 -0.0894
vn 0.1315 0.6502 0.7483
vn -0.1712 -0.7881 -0.5913
vn 0.1807 0.8924 -0.4135
vn 0.1988 0.9800 -0.0000
vn 0.0121 -0.0268 0.9996
vn 0.0725 0.3430 0.9365
vn -0.1327 -0.6169 -0.7758
vn 0.1900 0.9376 -0.2913
vn 0.1980 0.9761 0.0893
vn 0.0119 -0.0275 0.9996
vn -0.0639 -0.3256 -0.9434
vn -0.2086 -0.9588 -0.1930
vn 0.1953 0.9634 0.1835
vn -0.2116 -0.9729 -0.0938
vn 0.0120 -0.0272 -0.9996
vn -0.2125 -0.9772 -0.0000
vn 0.1901 0.9382 0.2894
vn -0.2115 -0.9729 0.0938
vn 0.0725 0.3430 -0.9365
vn -0.2085 -0.9588 0.1930
vn -0.4295 -0.8912 0.1458
vn -0.7601 -0.6053 0.2363
vn -0.7829 -0.6221 0.0002
vn -0.4342 -0.9008 -0.0000
vn 0.2855 0.6318 -0.7207
vn 0.3386 0.7492 -0.5693
vn 0.4082 0.9026 -0.1364
vn 0.4121 0.9111 -0.0001
vn 0.0045 -0.0293 0.9996
vn 0.2088 0.4607 0.8626
vn 0.1061 0.2233 0.9690
vn -0.2846 -0.5998 -0.7478
vn -0.2000 -0.4316 -0.8796
vn 0.3739 0.8271 -0.4196
vn 0.4083 0.9026 0.1364
vn -0.0958 -0.2302 -0.9684
vn -0.4145 -0.8614 -0.2937
vn -0.3880 -0.8076 -0.4441
vn 0.3963 0.8758 0.2756
vn -0.4294 -0.8913 -0.1457
vn 0.0045 -0.0293 -0.9996
vn 0.3742 0.8269 0.4197
vn 0.1061 0.2234 -0.9689
vn -0.4147 -0.8612 0.2939
vn 0.3389 0.7489 0.5695
vn -0.3878 -0.8069 0.4456
vn 0.2087 0.4611 -0.8625
vn 0.3961 0.8759 -0.2756
vn -0.3456 -0.7219 0.5995
vn 0.2856 0.6314 0.7210
vn -0.3454 -0.7223 -0.5991
vn -0.2846 -0.5997 0.7479
vn -0.4905 -0.4094 0.7693
vn -0.5610 -0.1249 0.8183
vn -0.7061 -0.1486 0.6924
vn -0.6027 -0.4907 0.6293
vn -0.0053 -0.0290 -0.9996
vn 0.1200 0.1036 -0.9874
vn -0.6969 -0.5593 0.4489
vn 0.5955 0.5328 0.6013
vn 0.4928 0.4442 0.7482
vn 0.2514 0.2315 -0.9398
vn 0.5947 0.5327 -0.6022
vn 0.6758 0.6027 -0.4243
vn 0.3765 0.3436 0.8603
vn -0.6028 -0.4910 -0.6290
vn -0.4908 -0.4097 -0.7690
vn -0.3695 -0.3220 0.8716
vn 0.3772 0.3442 -0.8598
vn 0.7287 0.6485 -0.2198
vn -0.2456 -0.2317 0.9413
vn 0.2510 0.2315 0.9399
vn -0.3694 -0.3220 -0.8717
vn -0.1242 -0.1380 0.9826
vn 0.4926 0.4447 -0.7480
vn 0.7473 0.6644 -0.0002
vn -0.0056 -0.0293 0.9996
vn 0.1194 0.1036 0.9874
vn -0.2450 -0.2317 -0.9414
vn 0.7289 0.6484 0.2196
vn -0.0050 -0.0286 0.9996
vn -0.1242 -0.1380 -0.9826
vn -0.6959 -0.5590 -0.4508
vn 0.6761 0.6024 0.4242
vn -0.7600 -0.6056 -0.2359
vn -0.1490 -0.0437 0.9879
vn -0.1320 0.0002 0.9913
vn -0.2663 0.0003 0.9639
vn -0.2812 -0.0734 0.9568
vn 0.5376 0.1266 0.8337
vn 0.3896 0.0949 0.9161
vn -0.7060 -0.1486 -0.6924
vn -0.5611 -0.1250 -0.8183
vn -0.4182 -0.1000 0.9028
vn 0.2480 0.0611 -0.9668
vn 0.3897 0.0950 -0.9161
vn 0.8301 0.1829 -0.5268
vn 0.9370 0.2025 -0.2847
vn 0.2479 0.0611 0.9669
vn -0.4194 -0.1003 -0.9022
vn 0.5376 0.1266 -0.8336
vn 0.9777 0.2099 -0.0001
vn -0.0189 -0.0104 0.9998
vn 0.1128 0.0256 0.9933
vn -0.2813 -0.0734 -0.9568
vn 0.6888 0.1564 -0.7079
vn 0.9370 0.2026 0.2845
vn -0.0182 -0.0102 0.9998
vn -0.1490 -0.0437 -0.9879
vn -0.8415 -0.1701 -0.5128
vn 0.8299 0.1829 0.5271
vn -0.9433 -0.1860 -0.2750
vn -0.0192 -0.0105 -0.9998
vn -0.9814 -0.1921 -0.0000
vn 0.6886 0.1564 0.7081
vn -0.9430 -0.1861 0.2760
vn 0.1125 0.0254 -0.9933
vn -0.8419 -0.1703 0.5120
vn 0.1301 -0.0002 0.9915
vn 0.1346 0.0034 0.9909
vn 0.0037 0.0002 1.0000
vn 0.4050 -0.0008 -0.9143
vn 0.5530 -0.0012 -0.8332
vn 0.9579 -0.0024 -0.2872
vn 1.0000 -0.0025 -0.0000
vn -0.0017 -0.0000 1.0000
vn 0.2645 -0.0005 0.9644
vn -0.4068 0.0003 -0.9135
vn -0.2663 0.0003 -0.9639
vn 0.7046 -0.0016 -0.7096
vn 0.9578 -0.0024 0.2873
vn -0.1320 0.0002 -0.9913
vn -0.8491 0.0003 -0.5283
vn -0.7060 0.0004 -0.7082
vn 0.8482 -0.0021 0.5296
vn -0.9581 0.0003 -0.2863
vn -1.0000 0.0004 -0.0000
vn 0.7050 -0.0017 0.7092
vn -0.9582 0.0004 0.2862
vn 0.1301 -0.0002 -0.9915
vn -0.8491 0.0004 0.5283
vn 0.5527 -0.0013 0.8334
vn -0.7058 0.0004 0.7085
vn 0.2648 -0.0005 -0.9643
vn 0.8482 -0.0020 -0.5296
vn -0.5543 0.0004 0.8323
vn 0.4050 -0.0009 0.9143
vn -0.5542 0.0003 -0.8324
vn -0.4067 0.0004 0.9135
vn -0.9997 -0.0243 -0.0000
vn -1.0000 -0.0045 -0.0000
vn -0.9159 0.0877 -0.3918
vn -0.9573 -0.0233 -0.2881
vn -0.2618 -0.0063 -0.9651
vn -0.1274 -0.0030 -0.9918
vn -0.8470 -0.0206 -0.5312
vn -0.7025 -0.0171 -0.7115
vn 0.9581 0.0231 0.2855
vn 0.8497 0.0205 0.5269
vn 0.0036 0.0002 -1.0000
vn 0.7073 0.0171 0.7067
vn -0.9573 -0.0233 0.2881
vn 0.1346 0.0034 -0.9909
vn -0.8470 -0.0206 0.5312
vn 0.5562 0.0135 0.8310
vn -0.7026 -0.0171 0.7114
vn 0.2688 0.0066 -0.9632
vn 0.7073 0.0171 -0.7067
vn 0.8497 0.0205 -0.5269
vn -0.5503 -0.0134 0.8349
vn 0.4090 0.0100 0.9125
vn -0.5503 -0.0133 -0.8349
vn -0.4024 -0.0097 0.9154
vn 0.4090 0.0100 -0.9125
vn 0.9581 0.0231 -0.2855
vn -0.2618 -0.0063 0.9651
vn 0.2688 0.0066 0.9632
vn -0.4024 -0.0097 -0.9154
vn -0.1274 -0.0030 0.9918
vn 0.5562 0.0135 -0.8310
vn 0.9997 0.0241 -0.0000
vn 0.0028 0.0001 1.0000
vn -0.6461 0.1990 0.7369
vn -0.4983 -0.0504 0.8656
vn -0.7185 -0.1263 0.6840
vn -0.7818 0.1709 0.5997
vn 0.7682 0.2308 0.5971
vn 0.6321 0.2540 0.7321
vn -0.9161 0.0872 0.3913
vn -0.0056 0.2113 -0.9774
vn 0.1162 0.2185 -0.9689
vn 0.4978 0.2509 0.8302
vn 0.2396 0.2285 -0.9436
vn 0.6321 0.2540 -0.7320
vn 0.7688 0.2303 -0.5966
vn -0.5111 0.2051 0.8347
vn 0.3665 0.2401 0.8989
vn -0.6460 0.1991 -0.7369
vn -0.5110 0.2051 -0.8347
vn -0.3787 0.2052 0.9025
vn 0.3667 0.2401 -0.8988
vn 0.9088 0.1431 -0.3920
vn -0.2508 0.2051 0.9461
vn 0.2396 0.2285 0.9436
vn -0.3788 0.2053 -0.9024
vn -0.1268 0.2069 0.9701
vn 0.4978 0.2509 -0.8302
vn 0.9989 0.0477 -0.0000
vn -0.0052 0.2113 0.9774
vn 0.1162 0.2185 0.9689
vn -0.2508 0.2051 -0.9460
vn 0.9085 0.1436 0.3925
vn -0.1270 0.2069 -0.9701
vn -0.7812 0.1714 -0.6002
vn 0.7190 -0.1294 -0.6829
vn 0.0844 -0.9660 -0.2445
vn 0.0949 -0.9865 -0.1334
vn 0.8871 -0.3050 -0.3463
vn 0.0591 -0.0062 -0.9982
vn 0.1266 -0.0087 -0.9919
vn 0.4993 -0.0511 -0.8649
vn -0.3299 -0.0247 0.9437
vn 0.3304 -0.0250 0.9435
vn 0.2125 -0.0140 0.9771
vn -0.4979 -0.0504 -0.8658
vn -0.3298 -0.0247 -0.9437
vn -0.2123 -0.0139 0.9771
vn 0.2125 -0.0140 -0.9771
vn -0.1264 -0.0086 0.9919
vn 0.1267 -0.0087 0.9919
vn -0.2124 -0.0139 -0.9771
vn -0.0593 -0.0062 0.9982
vn 0.3304 -0.0249 -0.9435
vn 0.9087 -0.4174 0.0001
vn -0.0001 -0.0055 1.0000
vn 0.0591 -0.0062 0.9982
vn -0.1264 -0.0086 -0.9919
vn 0.8869 -0.3055 0.3465
vn 0.0002 -0.0054 1.0000
vn -0.0590 -0.0062 -0.9982
vn -0.7187 -0.1264 -0.6838
vn 0.7191 -0.1295 0.6828
vn -0.8893 -0.2961 -0.3484
vn -0.0003 -0.0055 -1.0000
vn -0.9141 -0.4055 -0.0000
vn 0.4989 -0.0512 0.8652
vn -0.8895 -0.2957 0.3482
vn -0.0449 -0.8857 -0.4622
vn -0.0812 -0.5167 -0.8523
vn -0.0513 -0.4860 -0.8725
vn -0.0298 -0.8666 -0.4980
vn -0.0298 -0.8667 0.4980
vn -0.0449 -0.8857 0.4621
vn 0.0442 -0.8860 0.4616
vn 0.0292 -0.8669 0.4977
vn -0.0595 -0.9107 -0.4088
vn -0.0148 -0.8552 0.5182
vn 0.0442 -0.8860 -0.4616
vn 0.0588 -0.9110 -0.4082
vn 0.1010 -0.9949 -0.0000
vn -0.0002 -0.8515 0.5243
vn 0.0142 -0.8553 0.5180
vn 0.0723 -0.9390 -0.3362
vn 0.0949 -0.9865 0.1334
vn -0.0003 -0.8515 0.5243
vn -0.0148 -0.8551 -0.5182
vn -0.0853 -0.9658 -0.2449
vn -0.0732 -0.9388 -0.3367
vn 0.0844 -0.9660 0.2445
vn -0.0959 -0.9864 -0.1334
vn -0.0004 -0.8515 -0.5243
vn -0.1020 -0.9948 -0.0000
vn 0.0723 -0.9390 0.3362
vn -0.0959 -0.9864 0.1334
vn 0.0142 -0.8553 -0.5180
vn -0.0853 -0.9658 0.2449
vn 0.0588 -0.9110 0.4082
vn -0.0731 -0.9387 0.3368
vn 0.0292 -0.8669 -0.4977
vn -0.0595 -0.9107 0.4088
vn 0.2845 -0.8663 0.4105
vn 0.4686 -0.6155 0.6337
vn 0.3028 -0.4432 0.8437
vn 0.2143 -0.7424 0.6348
vn 0.1159 -0.5669 -0.8156
vn 0.1590 -0.6399 -0.7519
vn 0.3343 -0.9425 -0.0000
vn 0.0244 -0.4696 0.8825
vn -0.0002 -0.4641 0.8858
vn -0.0248 -0.4693 -0.8827
vn -0.2155 -0.7406 -0.6365
vn -0.1598 -0.6382 -0.7531
vn -0.2864 -0.8652 -0.4116
vn -0.0002 -0.4641 -0.8858
vn -0.3368 -0.9416 -0.0000
vn 0.1590 -0.6399 0.7518
vn -0.2864 -0.8652 0.4116
vn 0.0244 -0.4696 -0.8825
vn -0.2155 -0.7406 0.6365
vn 0.1159 -0.5669 0.8156
vn -0.1598 -0.6382 0.7531
vn 0.0509 -0.4866 -0.8721
vn 0.2143 -0.7424 -0.6348
vn -0.1164 -0.5655 0.8165
vn 0.0808 -0.5177 0.8517
vn -0.1164 -0.5656 -0.8164
vn -0.0813 -0.5167 0.8523
vn 0.0808 -0.5177 -0.8517
vn 0.2845 -0.8663 -0.4105
vn -0.0513 -0.4860 0.8724
vn 0.0509 -0.4866 0.8721
vn -0.0248 -0.4693 0.8827
vn -0.0001 -0.2113 -0.9774
vn -0.0000 -0.0690 -0.9976
vn 0.0321 -0.0707 -0.9970
vn 0.0297 -0.2154 -0.9761
vn -0.4712 -0.6115 -0.6356
vn -0.3039 -0.4400 -0.8450
vn -0.0299 -0.2150 -0.9762
vn -0.6332 -0.7740 -0.0000
vn 0.2057 -0.3439 0.9162
vn -0.4712 -0.6115 0.6356
vn -0.3039 -0.4400 0.8450
vn 0.1429 -0.2853 0.9477
vn -0.2061 -0.3414 0.9170
vn 0.0612 -0.2275 -0.9719
vn 0.2056 -0.3439 -0.9162
vn 0.3028 -0.4432 -0.8437
vn -0.1433 -0.2836 0.9482
vn 0.0975 -0.2494 0.9635
vn -0.2061 -0.3414 -0.9170
vn -0.1433 -0.2836 -0.9482
vn -0.0978 -0.2482 0.9638
vn 0.0975 -0.2494 -0.9635
vn 0.4686 -0.6155 -0.6337
vn -0.0615 -0.2268 0.9720
vn 0.0612 -0.2275 0.9719
vn -0.0978 -0.2482 -0.9638
vn -0.0299 -0.2150 0.9762
vn 0.1429 -0.2853 -0.9477
vn 0.6283 -0.7780 -0.0000
vn -0.0001 -0.2113 0.9774
vn 0.0297 -0.2154 0.9761
vn -0.0615 -0.2268 -0.9720
vn 0.1589 -0.0959 0.9826
vn 0.1587 0.1236 0.9796
vn 0.1069 0.1102 0.9881
vn 0.1067 -0.0833 0.9908
vn -0.3714 -0.1407 0.9178
vn -0.6523 -0.1817 0.7358
vn 0.2360 -0.1154 0.9649
vn -0.2365 -0.1126 0.9651
vn 0.0665 -0.0752 -0.9949
vn 0.2359 -0.1154 -0.9649
vn 0.3696 -0.1447 -0.9179
vn -0.1594 -0.0940 0.9827
vn -0.2365 -0.1126 -0.9651
vn -0.1593 -0.0940 -0.9827
vn -0.1070 -0.0819 0.9909
vn 0.1067 -0.0833 -0.9908
vn 0.6494 -0.1881 -0.7368
vn -0.0667 -0.0744 0.9950
vn 0.0665 -0.0752 0.9949
vn -0.1070 -0.0819 -0.9909
vn -0.0322 -0.0703 0.9970
vn 0.1589 -0.0959 -0.9826
vn -0.0001 -0.0690 0.9976
vn 0.0321 -0.0707 0.9970
vn -0.0667 -0.0744 -0.9950
vn 0.6494 -0.1881 0.7368
vn -0.0322 -0.0702 -0.9970
vn -0.3713 -0.1407 -0.9178
vn 0.3696 -0.1447 0.9179
vn -0.6523 -0.1817 -0.7358
vn -0.9755 -0.2198 -0.0000
vn 0.1069 0.1102 -0.9881
vn 0.0938 0.3359 -0.9372
vn 0.1365 0.3806 -0.9146
vn 0.1587 0.1236 -0.9796
vn -0.2341 0.1453 -0.9613
vn -0.1582 0.1253 -0.9794
vn -0.1066 0.1115 0.9880
vn -0.1582 0.1254 0.9794
vn 0.0668 0.1014 -0.9926
vn 0.3673 0.1691 -0.9146
vn 0.6460 0.2061 -0.7350
vn -0.0666 0.1022 0.9925
vn 0.0668 0.1014 0.9926
vn -0.1066 0.1115 -0.9880
vn -0.0322 0.0967 0.9948
vn 0.9699 0.2434 -0.0000
vn 0.0001 0.0947 0.9955
vn 0.0324 0.0963 0.9948
vn -0.0666 0.1022 -0.9925
vn 0.2350 0.1428 -0.9615
vn 0.6460 0.2061 0.7350
vn -0.0323 0.0967 -0.9948
vn -0.3660 0.1729 -0.9144
vn 0.3673 0.1691 0.9146
vn -0.6429 0.2123 -0.7359
vn 0.0001 0.0947 -0.9955
vn -0.9676 0.2525 -0.0000
vn 0.2350 0.1428 0.9615
vn -0.6429 0.2123 0.7359
vn 0.0324 0.0963 -0.9948
vn -0.3660 0.1729 0.9144
vn -0.2341 0.1453 0.9613
vn 0.0288 0.2936 0.9555
vn 0.0258 0.4789 0.8775
vn 0.0002 0.4726 0.8813
vn 0.0001 0.2889 0.9574
vn 0.3977 0.7397 -0.5429
vn 0.4931 0.8700 -0.0000
vn -0.0285 0.2939 0.9554
vn 0.0591 0.3085 0.9494
vn -0.0935 0.3370 -0.9369
vn -0.0588 0.3092 -0.9492
vn 0.1935 0.4521 -0.8707
vn 0.3977 0.7397 0.5429
vn -0.0285 0.2939 -0.9554
vn -0.2749 0.5695 -0.7747
vn -0.1929 0.4541 -0.8698
vn 0.2759 0.5668 0.7763
vn -0.3956 0.7426 -0.5404
vn 0.0002 0.2889 -0.9574
vn -0.4897 0.8719 -0.0000
vn 0.1936 0.4521 0.8707
vn -0.3956 0.7426 0.5404
vn 0.0288 0.2936 -0.9555
vn -0.2749 0.5695 0.7746
vn 0.1365 0.3806 0.9146
vn -0.1929 0.4542 0.8698
vn 0.0591 0.3085 -0.9494
vn 0.2759 0.5668 -0.7763
vn -0.1361 0.3821 0.9140
vn 0.0938 0.3359 0.9372
vn -0.1361 0.3821 -0.9140
vn -0.0935 0.3370 0.9369
vn -0.0588 0.3092 0.9492
vn -0.2907 0.9568 -0.0000
vn -0.1768 0.9842 -0.0000
vn -0.1649 0.9599 -0.2268
vn -0.2605 0.8971 -0.3569
vn -0.0527 0.4995 -0.8647
vn -0.0255 0.4792 -0.8774
vn -0.2079 0.7813 -0.5885
vn -0.1589 0.6739 -0.7215
vn 0.2620 0.8961 0.3583
vn 0.2089 0.7800 0.5898
vn 0.0002 0.4726 -0.8813
vn 0.1597 0.6728 0.7224
vn -0.2606 0.8971 0.3569
vn 0.0258 0.4789 -0.8775
vn -0.2079 0.7813 0.5885
vn 0.1181 0.5916 0.7975
vn -0.1589 0.6740 0.7214
vn 0.0530 0.4990 -0.8650
vn 0.1596 0.6728 -0.7224
vn 0.2089 0.7801 -0.5898
vn -0.1175 0.5927 0.7968
vn 0.0832 0.5353 0.8406
vn -0.1176 0.5926 -0.7968
vn -0.0828 0.5361 0.8401
vn 0.0832 0.5353 -0.8406
vn 0.2620 0.8961 -0.3583
vn -0.0526 0.4995 0.8647
vn 0.0530 0.4990 0.8650
vn -0.0828 0.5361 -0.8401
vn -0.0255 0.4791 0.8774
vn 0.1181 0.5916 -0.7975
vn 0.2925 0.9563 -0.0000
vn -0.1170 0.8374 0.5339
vn -0.0812 0.9262 0.3682
vn -0.0945 0.9592 0.2665
vn -0.1423 0.9033 0.4047
vn 0.1433 0.9029 0.4054
vn 0.1178 0.8369 0.5345
vn -0.1649 0.9599 0.2268
vn 0.0003 0.6690 -0.7433
vn 0.0215 0.6752 -0.7373
vn 0.0920 0.7764 0.6235
vn 0.0437 0.6947 -0.7180
vn 0.1178 0.8369 -0.5345
vn 0.1433 0.9029 -0.4054
vn -0.0913 0.7769 0.6229
vn 0.0672 0.7284 0.6819
vn -0.1170 0.8373 -0.5341
vn -0.0913 0.7769 -0.6230
vn -0.0666 0.7288 0.6815
vn 0.0672 0.7284 -0.6818
vn 0.1660 0.9596 -0.2274
vn -0.0432 0.6950 0.7177
vn 0.0437 0.6947 0.7180
vn -0.0666 0.7289 -0.6814
vn -0.0210 0.6753 0.7372
vn 0.0920 0.7764 -0.6235
vn 0.1779 0.9840 -0.0000
vn 0.0002 0.6690 0.7433
vn 0.0215 0.6752 0.7373
vn -0.0432 0.6950 -0.7177
vn 0.1660 0.9596 0.2274
vn 0.0003 0.6690 0.7433
vn -0.0210 0.6754 -0.7372
vn -0.1423 0.9033 -0.4047
vn 0.0953 0.9591 -0.2667
vn 0.0645 0.9812 -0.1818
vn 0.0710 0.9928 -0.0966
vn 0.1058 0.9841 -0.1430
vn 0.0168 0.8241 -0.5661
vn 0.0335 0.8383 -0.5442
vn 0.0820 0.9260 -0.3684
vn -0.0660 0.8919 0.4475
vn 0.0667 0.8916 0.4478
vn 0.0503 0.8613 0.5056
vn -0.0812 0.9261 -0.3684
vn -0.0660 0.8918 -0.4475
vn -0.0496 0.8615 0.5054
vn 0.0503 0.8613 -0.5056
vn -0.0329 0.8383 0.5441
vn 0.0335 0.8382 0.5443
vn -0.0497 0.8615 -0.5053
vn -0.0162 0.8242 0.5660
vn 0.0667 0.8916 -0.4478
vn 0.1109 0.9938 -0.0000
vn 0.0001 0.8196 0.5730
vn 0.0168 0.8242 0.5661
vn -0.0329 0.8384 -0.5441
vn 0.1058 0.9841 0.1430
vn 0.0004 0.8196 0.5730
vn -0.0162 0.8243 -0.5660
vn -0.0945 0.9592 -0.2665
vn 0.0953 0.9590 0.2667
vn -0.1049 0.9842 -0.1429
vn 0.0003 0.8196 -0.5730
vn -0.1101 0.9939 -0.0000
vn 0.0820 0.9261 0.3684
vn -0.1049 0.9842 0.1429
vn -0.0352 0.9318 -0.3614
vn -0.0130 0.9880 -0.1537
vn -0.0081 0.9860 -0.1665
vn -0.0236 0.9188 -0.3939
vn -0.0234 0.9188 0.3940
vn -0.0351 0.9317 0.3615
vn 0.0358 0.9316 0.3617
vn 0.0241 0.9188 0.3940
vn -0.0460 0.9479 -0.3151
vn -0.0115 0.9108 0.4128
vn 0.0359 0.9317 -0.3616
vn 0.0467 0.9479 -0.3152
vn 0.0743 0.9972 -0.0000
vn 0.0002 0.9081 0.4188
vn 0.0122 0.9107 0.4128
vn 0.0564 0.9653 -0.2549
vn 0.0710 0.9928 0.0966
vn 0.0003 0.9081 0.4188
vn -0.0116 0.9108 -0.4127
vn -0.0638 0.9813 -0.1816
vn -0.0556 0.9653 -0.2550
vn 0.0645 0.9812 0.1818
vn -0.0702 0.9928 -0.0966
vn 0.0004 0.9081 -0.4188
vn -0.0736 0.9973 -0.0000
vn 0.0565 0.9653 0.2549
vn -0.0702 0.9928 0.0966
vn 0.0121 0.9107 -0.4129
vn -0.0638 0.9813 0.1816
vn 0.0467 0.9479 0.3152
vn -0.0557 0.9654 0.2547
vn 0.0241 0.9188 -0.3940
vn -0.0460 0.9480 0.3151
vn 0.0184 0.9907 -0.1351
vn 0.0223 0.9936 -0.1110
vn 0.0341 0.9994 0.0001
vn 0.0306 0.9984 0.0466
vn 0.0045 0.9848 0.1735
vn 0.0002 0.9845 0.1752
vn -0.0037 0.9848 -0.1734
vn -0.0255 0.9963 -0.0817
vn -0.0220 0.9935 -0.1112
vn 0.0261 0.9963 0.0817
vn -0.0299 0.9985 -0.0467
vn -0.0000 0.9845 -0.1754
vn -0.0332 0.9994 -0.0000
vn 0.0225 0.9936 0.1109
vn -0.0298 0.9985 0.0466
vn 0.0044 0.9848 -0.1736
vn -0.0254 0.9963 0.0817
vn 0.0185 0.9907 0.1351
vn -0.0213 0.9936 0.1110
vn 0.0094 0.9860 -0.1668
vn 0.0260 0.9963 -0.0818
vn -0.0174 0.9907 0.1351
vn 0.0134 0.9880 0.1537
vn -0.0176 0.9907 -0.1349
vn -0.0139 0.9880 0.1539
vn 0.0145 0.9880 -0.1538
vn 0.0307 0.9984 -0.0466
vn -0.0083 0.9860 0.1666
vn 0.0096 0.9860 0.1666
vn -0.0034 0.9848 0.1735
vn 0.0009 0.9845 0.1752
vn -0.1264 -0.2434 0.9617
vn 0.1277 -0.2422 0.9618
vn 0.0006 -0.2402 0.9707
vn -0.2561 -0.2514 0.9334
vn 0.2576 -0.2489 0.9336
vn -0.3906 -0.2644 0.8818
vn 0.3922 -0.2607 0.8821
vn -0.5302 -0.2825 0.7994
vn 0.5322 -0.2775 0.7999
vn -0.6711 -0.3045 0.6760
vn 0.6734 -0.2982 0.6765
vn -0.8014 -0.3276 0.5004
vn 0.8042 -0.3201 0.5008
vn -0.8986 -0.3463 0.2694
vn 0.9016 -0.3379 0.2699
vn -0.9354 -0.3536 -0.0001
vn 0.9386 -0.3449 0.0001
vn -0.8986 -0.3463 -0.2694
vn 0.9017 -0.3379 -0.2699
vn -0.8014 -0.3276 -0.5004
vn 0.8042 -0.3202 -0.5008
vn -0.6710 -0.3045 -0.6761
vn 0.6735 -0.2982 -0.6764
vn -0.5302 -0.2825 -0.7994
vn 0.5323 -0.2775 -0.7998
vn -0.3905 -0.2644 -0.8818
vn 0.3923 -0.2608 -0.8821
vn -0.2560 -0.2514 -0.9334
vn 0.2576 -0.2489 -0.9336
vn -0.1263 -0.2434 -0.9617
vn 0.1278 -0.2422 -0.9618
vn 0.0007 -0.2403 -0.9707
vn -0.1265 -0.2433 0.9617
vn 0.1276 -0.2422 0.9618
vn 0.0005 -0.2402 0.9707
vn 0.2574 -0.2490 0.9337
vn -0.2563 -0.2514 0.9333
vn 0.3921 -0.2608 0.8822
vn -0.3908 -0.2644 0.8817
vn 0.5320 -0.2775 0.8000
vn -0.5304 -0.2825 0.7993
vn 0.6733 -0.2982 0.6766
vn -0.6712 -0.3045 0.6758
vn 0.8041 -0.3202 0.5009
vn -0.8015 -0.3276 0.5003
vn 0.9016 -0.3380 0.2698
vn -0.8987 -0.3462 0.2693
vn 0.9386 -0.3450 0.0001
vn -0.9354 -0.3535 -0.0001
vn 0.9017 -0.3380 -0.2696
vn -0.8987 -0.3462 -0.2693
vn 0.8041 -0.3202 -0.5009
vn -0.8015 -0.3276 -0.5003
vn 0.6734 -0.2983 -0.6765
vn -0.6711 -0.3045 -0.6759
vn 0.5321 -0.2775 -0.7999
vn -0.5303 -0.2824 -0.7994
vn 0.3922 -0.2608 -0.8821
vn -0.3907 -0.2644 -0.8817
vn 0.2575 -0.2490 -0.9337
vn -0.2562 -0.2514 -0.9334
vn 0.1277 -0.2422 -0.9618
vn -0.1265 -0.2434 -0.9617
vn 0.0006 -0.2403 -0.9707
vn 0.0044 0.9849 0.1733
vn -0.0037 0.9848 0.1734
vn 0.0003 0.9845 0.1751
vn -0.0082 0.9860 0.1665
vn 0.0090 0.9860 0.1666
vn -0.0129 0.9880 0.1537
vn 0.0137 0.9880 0.1536
vn -0.0174 0.9907 0.1349
vn 0.0183 0.9907 0.1350
vn -0.0216 0.9936 0.1109
vn 0.0223 0.9936 0.1108
vn -0.0253 0.9963 0.0817
vn 0.0262 0.9963 0.0816
vn -0.0299 0.9985 0.0466
vn 0.0307 0.9984 0.0467
vn 0.0339 0.9994 -0.0000
vn -0.0299 0.9985 -0.0466
vn 0.0307 0.9984 -0.0467
vn -0.0255 0.9963 -0.0818
vn 0.0263 0.9963 -0.0817
vn -0.0217 0.9936 -0.1112
vn 0.0223 0.9936 -0.1108
vn -0.0175 0.9907 -0.1348
vn 0.0183 0.9907 -0.1351
vn -0.0130 0.9880 -0.1536
vn 0.0138 0.9880 -0.1537
vn -0.0083 0.9860 -0.1664
vn 0.0090 0.9860 -0.1666
vn 0.0042 0.9848 -0.1734
vn 0.0005 0.9845 -0.1752
vt 1.000000 0.500000
vt 1.000000 0.000000
vt 0.968750 0.000000
vt 0.968750 0.500000
vt 0.937500 0.000000
vt 0.937500 0.500000
vt 0.906250 0.000000
vt 0.906250 0.500000
vt 0.875000 0.000000
vt 0.875000 0.500000
vt 0.843750 0.000000
vt 0.843750 0.500000
vt 0.812500 0.000000
vt 0.812500 0.500000
vt 0.781250 0.000000
vt 0.781250 0.500000
vt 0.750000 0.000000
vt 0.750000 0.500000
vt 0.718750 0.000000
vt 0.718750 0.500000
vt 0.687500 0.000000
vt 0.687500 0.500000
vt 0.656250 0.000000
vt 0.656250 0.500000
vt 0.625000 0.000000
vt 0.625000 0.500000
vt 0.593750 0.000000
vt 0.593750 0.500000
vt 0.562500 0.000000
vt 0.562500 0.500000
vt 0.531250 0.000000
vt 0.531250 0.500000
vt 0.500000 0.000000
vt 0.500000 0.500000
vt 0.468750 0.000000
vt 0.468750 0.500000
vt 0.437500 0.000000
vt 0.437500 0.500000
vt 0.406250 0.000000
vt 0.406250 0.500000
vt 0.375000 0.000000
vt 0.375000 0.500000
vt 0.343750 0.000000
vt 0.343750 0.500000
vt 0.312500 0.000000
vt 0.312500 0.500000
vt 0.281250 0.000000
vt 0.281250 0.500000
vt 0.250000 0.000000
vt 0.250000 0.500000
vt 0.218750 0.000000
vt 0.218750 0.500000
vt 0.187500 0.000000
vt 0.187500 0.500000
vt 0.156250 0.000000
vt 0.156250 0.500000
vt 0.125000 0.000000
vt 0.125000 0.500000
vt 0.093750 0.000000
vt 0.093750 0.500000
vt 0.062500 0.000000
vt 0.062500 0.500000
vt 0.031250 0.000000
vt 0.031250 0.500000
vt 0.000000 0.000000
vt 0.000000 0.500000
vt 0.203179 0.514611
vt 0.296822 0.514612
vt 0.250000 0.510000
vt 0.158156 0.528269
vt 0.341844 0.528269
vt 0.116663 0.550447
vt 0.383337 0.550447
vt 0.080295 0.580294
vt 0.419706 0.580294
vt 0.050447 0.616663
vt 0.449553 0.616663
vt 0.028269 0.658156
vt 0.471731 0.658156
vt 0.014612 0.703178
vt 0.485388 0.703178
vt 0.010000 0.750000
vt 0.490000 0.750000
vt 0.014611 0.796821
vt 0.485388 0.796822
vt 0.028269 0.841844
vt 0.471731 0.841844
vt 0.050447 0.883337
vt 0.449553 0.883337
vt 0.080294 0.919706
vt 0.419706 0.919706
vt 0.116663 0.949553
vt 0.383337 0.949553
vt 0.158156 0.971731
vt 0.341844 0.971731
vt 0.203178 0.985388
vt 0.296822 0.985388
vt 0.250000 0.990000
vt 0.796822 0.514612
vt 0.703179 0.514611
vt 0.750000 0.510000
vt 0.658156 0.528269
vt 0.841844 0.528269
vt 0.616663 0.550447
vt 0.883337 0.550447
vt 0.580295 0.580294
vt 0.919706 0.580294
vt 0.550447 0.616663
vt 0.949553 0.616663
vt 0.528269 0.658156
vt 0.971731 0.658156
vt 0.514612 0.703178
vt 0.985388 0.703178
vt 0.510000 0.750000
vt 0.990000 0.750000
vt 0.514611 0.796821
vt 0.985388 0.796822
vt 0.528269 0.841844
vt 0.971731 0.841844
vt 0.550447 0.883337
vt 0.949553 0.883337
vt 0.580294 0.919706
vt 0.919706 0.919706
vt 0.616663 0.949553
vt 0.883337 0.949553
vt 0.658156 0.971731
vt 0.841844 0.971731
vt 0.703178 0.985388
vt 0.796822 0.985388
vt 0.750000 0.990000
vt 0.000000 1.000000
s 1
g off
g Object_49.002_hk_banco_lampara.001
usemtl hk_banco_lampara.001
f 1/1/1 2/2/1 3/3/2
f 1/1/1 3/3/2 4/4/2
f 4/4/2 3/3/2 5/5/3
f 4/4/2 5/5/3 6/6/3
f 6/6/3 5/5/3 7/7/4
f 6/6/3 7/7/4 8/8/4
f 8/8/4 7/7/4 9/9/5
f 8/8/4 9/9/5 10/10/5
f 10/10/5 9/9/5 11/11/6
f 10/10/5 11/11/6 12/12/6
f 12/12/6 11/11/6 13/13/7
f 12/12/6 13/13/7 14/14/7
f 14/14/7 13/13/7 15/15/8
f 14/14/7 15/15/8 16/16/8
f 16/16/8 15/15/8 17/17/9
f 16/16/8 17/17/9 18/18/9
f 18/18/9 17/17/9 19/19/10
f 18/18/9 19/19/10 20/20/10
f 20/20/10 19/19/10 21/21/11
f 20/20/10 21/21/11 22/22/11
f 22/22/11 21/21/11 23/23/12
f 22/22/11 23/23/12 24/24/12
f 24/24/12 23/23/12 25/25/13
f 24/24/12 25/25/13 26/26/13
f 26/26/13 25/25/13 27/27/14
f 26/26/13 27/27/14 28/28/14
f 28/28/14 27/27/14 29/29/15
f 28/28/14 29/29/15 30/30/15
f 30/30/15 29/29/15 31/31/16
f 30/30/15 31/31/16 32/32/16
f 32/32/16 31/31/16 33/33/17
f 32/32/16 33/33/17 34/34/17
f 34/34/17 33/33/17 35/35/18
f 34/34/17 35/35/18 36/36/18
f 36/36/18 35/35/18 37/37/19
f 36/36/18 37/37/19 38/38/19
f 38/38/19 37/37/19 39/39/20
f 38/38/19 39/39/20 40/40/20
f 40/40/20 39/39/20 41/41/21
f 40/40/20 41/41/21 42/42/21
f 42/42/21 41/41/21 43/43/22
f 42/42/21 43/43/22 44/44/22
f 44/44/22 43/43/22 45/45/23
f 44/44/22 45/45/23 46/46/23
f 46/46/23 45/45/23 47/47/24
f 46/46/23 47/47/24 48/48/24
f 48/48/24 47/47/24 49/49/25
f 48/48/24 49/49/25 50/50/25
f 50/50/25 49/49/25 51/51/26
f 50/50/25 51/51/26 52/52/26
f 52/52/26 51/51/26 53/53/27
f 52/52/26 53/53/27 54/54/27
f 54/54/27 53/53/27 55/55/28
f 54/54/27 55/55/28 56/56/28
f 56/56/28 55/55/28 57/57/29
f 56/56/28 57/57/29 58/58/29
f 58/58/29 57/57/29 59/59/30
f 58/58/29 59/59/30 60/60/30
f 60/60/30 59/59/30 61/61/31
f 60/60/30 61/61/31 62/62/31
f 7/7/4 5/5/3 63/5/3
f 7/7/4 63/5/3 64/7/4
f 62/62/31 61/61/31 65/63/32
f 62/62/31 65/63/32 66/64/32
f 66/64/32 65/63/32 67/65/33
f 66/64/32 67/65/33 68/66/33
f 16/16/8 18/18/9 69/18/34
f 16/16/8 69/18/34 70/16/35
f 71/15/8 72/13/7 73/13/7
f 71/15/8 73/13/7 74/15/8
f 25/25/13 23/23/12 75/23/12
f 25/25/13 75/23/12 76/25/13
f 43/43/22 41/41/21 77/41/21
f 43/43/22 77/41/21 78/43/22
f 61/61/31 59/59/30 79/59/30
f 61/61/31 79/59/30 80/61/31
f 17/17/9 15/15/8 71/15/8
f 17/17/9 71/15/8 81/17/9
f 35/35/18 33/33/17 82/33/17
f 35/35/18 82/33/17 83/35/18
f 53/53/27 51/51/26 84/51/36
f 53/53/27 84/51/36 85/53/27
f 9/9/5 7/7/4 64/7/4
f 9/9/5 64/7/4 86/9/5
f 27/27/14 25/25/13 76/25/13
f 27/27/14 76/25/13 87/27/14
f 45/45/23 43/43/22 78/43/22
f 45/45/23 78/43/22 88/45/23
f 65/63/32 61/61/31 80/61/31
f 65/63/32 80/61/31 89/63/32
f 19/19/10 17/17/9 81/17/9
f 19/19/10 81/17/9 90/19/10
f 37/37/19 35/35/18 83/35/18
f 37/37/19 83/35/18 91/37/19
f 55/55/28 53/53/27 85/53/27
f 55/55/28 85/53/27 92/55/28
f 11/11/6 9/9/5 86/9/5
f 11/11/6 86/9/5 93/11/6
f 29/29/15 27/27/14 87/27/14
f 29/29/15 87/27/14 94/29/15
f 47/47/24 45/45/23 88/45/23
f 47/47/24 88/45/23 95/47/24
f 3/3/2 2/2/1 96/2/1
f 3/3/2 96/2/1 97/3/2
f 67/65/33 65/63/32 89/63/32
f 67/65/33 89/63/32 98/65/33
f 21/21/11 19/19/10 90/19/10
f 21/21/11 90/19/10 99/21/11
f 39/39/20 37/37/19 91/37/19
f 39/39/20 91/37/19 100/39/20
f 57/57/29 55/55/28 92/55/28
f 57/57/29 92/55/28 101/57/29
f 13/13/7 11/11/6 93/11/6
f 13/13/7 93/11/6 72/13/7
f 31/31/16 29/29/15 94/29/15
f 31/31/16 94/29/15 102/31/16
f 49/49/25 47/47/24 95/47/24
f 49/49/25 95/47/24 103/49/25
f 5/5/3 3/3/2 97/3/2
f 5/5/3 97/3/2 63/5/3
f 23/23/12 21/21/11 99/21/11
f 23/23/12 99/21/11 75/23/12
f 41/41/21 39/39/20 100/39/20
f 41/41/21 100/39/20 77/41/21
f 59/59/30 57/57/29 101/57/29
f 59/59/30 101/57/29 79/59/30
f 15/15/8 13/13/7 72/13/7
f 15/15/8 72/13/7 71/15/8
f 33/33/17 31/31/16 102/31/16
f 33/33/17 102/31/16 82/33/17
f 51/51/26 49/49/25 103/49/25
f 51/51/26 103/49/25 84/51/36
f 104/21/11 105/19/10 106/19/37
f 104/21/11 106/19/37 107/21/38
f 78/43/22 77/41/21 108/41/21
f 78/43/22 108/41/21 109/43/22
f 81/17/9 71/15/8 74/15/8
f 81/17/9 74/15/8 110/17/9
f 88/45/23 78/43/22 109/43/22
f 88/45/23 109/43/22 111/45/23
f 90/19/10 81/17/9 110/17/9
f 90/19/10 110/17/9 105/19/10
f 95/47/24 88/45/23 111/45/23
f 95/47/24 111/45/23 112/47/24
f 99/21/11 90/19/10 105/19/10
f 99/21/11 105/19/10 104/21/11
f 103/49/25 95/47/24 112/47/24
f 103/49/25 112/47/24 113/49/25
f 75/23/12 99/21/11 104/21/11
f 75/23/12 104/21/11 114/23/12
f 84/51/36 103/49/25 113/49/25
f 84/51/36 113/49/25 115/51/26
f 76/25/13 75/23/12 114/23/12
f 76/25/13 114/23/12 116/25/13
f 85/53/27 84/51/36 115/51/26
f 85/53/27 115/51/26 117/53/27
f 87/27/14 76/25/13 116/25/13
f 87/27/14 116/25/13 118/27/14
f 92/55/28 85/53/27 117/53/27
f 92/55/28 117/53/27 119/55/28
f 94/29/15 87/27/14 118/27/14
f 94/29/15 118/27/14 120/29/15
f 97/3/2 96/2/1 121/2/1
f 97/3/2 121/2/1 122/3/2
f 101/57/29 92/55/28 119/55/28
f 101/57/29 119/55/28 123/57/29
f 102/31/16 94/29/15 120/29/15
f 102/31/16 120/29/15 124/31/16
f 63/5/3 97/3/2 122/3/2
f 63/5/3 122/3/2 125/5/3
f 79/59/30 101/57/29 123/57/29
f 79/59/30 123/57/29 126/59/30
f 82/33/17 102/31/16 124/31/16
f 82/33/17 124/31/16 127/33/17
f 64/7/4 63/5/3 125/5/3
f 64/7/4 125/5/3 128/7/4
f 80/61/31 79/59/30 126/59/30
f 80/61/31 126/59/30 129/61/31
f 83/35/18 82/33/17 127/33/17
f 83/35/18 127/33/17 130/35/18
f 86/9/5 64/7/4 128/7/4
f 86/9/5 128/7/4 131/9/5
f 89/63/32 80/61/31 129/61/31
f 89/63/32 129/61/31 132/63/32
f 91/37/19 83/35/18 130/35/18
f 91/37/19 130/35/18 133/37/19
f 93/11/6 86/9/5 131/9/5
f 93/11/6 131/9/5 134/11/6
f 98/65/33 89/63/32 132/63/32
f 98/65/33 132/63/32 135/65/33
f 100/39/20 91/37/19 133/37/19
f 100/39/20 133/37/19 136/39/20
f 72/13/7 93/11/6 134/11/6
f 72/13/7 134/11/6 73/13/7
f 77/41/21 100/39/20 136/39/20
f 77/41/21 136/39/20 108/41/21
s 2
f 137/27/39 138/25/40 139/25/41
f 137/27/39 139/25/41 140/27/42
s 1
f 113/49/25 112/47/24 141/47/43
f 113/49/25 141/47/43 142/49/44
f 114/23/12 104/21/11 107/21/38
f 114/23/12 107/21/38 143/23/45
f 115/51/26 113/49/25 142/49/44
f 115/51/26 142/49/44 144/51/46
f 116/25/13 114/23/12 143/23/45
f 116/25/13 143/23/45 138/25/47
f 117/53/27 115/51/26 144/51/46
f 117/53/27 144/51/46 145/53/48
f 118/27/14 116/25/13 138/25/47
f 118/27/14 138/25/47 137/27/39
f 119/55/28 117/53/27 145/53/48
f 119/55/28 145/53/48 146/55/49
f 120/29/15 118/27/14 137/27/39
f 120/29/15 137/27/39 147/29/50
f 122/3/2 121/2/1 148/2/51
f 122/3/2 148/2/51 149/3/52
f 123/57/29 119/55/28 146/55/49
f 123/57/29 146/55/49 150/57/53
f 124/31/16 120/29/15 147/29/50
f 124/31/16 147/29/50 151/31/54
f 125/5/3 122/3/2 149/3/52
f 125/5/3 149/3/52 152/5/55
f 126/59/30 123/57/29 150/57/53
f 126/59/30 150/57/53 153/59/56
f 127/33/17 124/31/16 151/31/54
f 127/33/17 151/31/54 154/33/57
f 128/7/4 125/5/3 152/5/55
f 128/7/4 152/5/55 155/7/58
f 129/61/31 126/59/30 153/59/56
f 129/61/31 153/59/56 156/61/59
f 130/35/18 127/33/17 154/33/57
f 130/35/18 154/33/57 157/35/60
f 131/9/5 128/7/4 155/7/58
f 131/9/5 155/7/58 158/9/61
f 132/63/32 129/61/31 156/61/59
f 132/63/32 156/61/59 159/63/62
f 133/37/19 130/35/18 157/35/60
f 133/37/19 157/35/60 160/37/63
f 134/11/6 131/9/5 158/9/61
f 134/11/6 158/9/61 161/11/64
f 135/65/33 132/63/32 159/63/62
f 135/65/33 159/63/62 162/65/65
f 136/39/20 133/37/19 160/37/63
f 136/39/20 160/37/63 163/39/66
f 73/13/7 134/11/6 161/11/64
f 73/13/7 161/11/64 164/13/67
f 108/41/21 136/39/20 163/39/66
f 108/41/21 163/39/66 165/41/68
f 74/15/8 73/13/7 164/13/67
f 74/15/8 164/13/67 166/15/69
f 109/43/22 108/41/21 165/41/68
f 109/43/22 165/41/68 167/43/70
f 110/17/9 74/15/8 166/15/69
f 110/17/9 166/15/69 168/17/71
f 111/45/23 109/43/22 167/43/70
f 111/45/23 167/43/70 169/45/72
f 105/19/10 110/17/9 168/17/71
f 105/19/10 168/17/71 106/19/37
f 112/47/24 111/45/23 169/45/72
f 112/47/24 169/45/72 141/47/43
s 2
f 147/29/73 137/27/39 140/27/42
s 1
f 643/17/74 213/17/75 645/19/76
s 2
f 158/9/77 155/7/78 170/7/79
f 158/9/77 170/7/79 171/9/80
f 161/11/81 158/9/77 171/9/80
f 161/11/81 171/9/80 172/11/82
f 164/13/83 161/11/81 172/11/82
f 164/13/83 172/11/82 173/13/84
f 166/15/85 164/13/83 173/13/84
f 166/15/85 173/13/84 174/15/86
f 168/17/87 166/15/85 174/15/86
f 168/17/87 174/15/86 175/17/88
f 106/19/89 168/17/87 175/17/88
f 106/19/89 175/17/88 176/19/90
f 107/21/91 106/19/89 176/19/90
f 107/21/91 176/19/90 177/21/92
f 143/23/93 107/21/91 177/21/92
f 143/23/93 177/21/92 178/23/94
f 138/25/40 143/23/93 178/23/94
f 138/25/40 178/23/94 139/25/41
s 1
f 181/13/95 182/11/96 183/11/97
f 181/13/95 183/11/97 184/13/98
f 212/19/99 213/17/75 214/17/100
f 212/19/99 214/17/100 215/19/101
f 194/15/102 181/13/95 184/13/98
f 194/15/102 184/13/98 218/15/103
f 195/43/104 217/41/105 219/43/106
f 196/45/107 195/43/104 219/43/106
f 196/45/107 219/43/106 220/45/108
f 197/19/109 213/17/75 212/19/99
f 198/47/110 196/45/107 220/45/108
f 198/47/110 220/45/108 221/47/111
f 199/21/112 197/19/109 212/19/99
f 199/21/112 212/19/99 222/21/113
f 200/49/114 198/47/110 221/47/111
f 200/49/114 221/47/111 223/49/115
f 201/23/116 199/21/112 222/21/113
f 201/23/116 222/21/113 224/23/117
f 202/51/118 200/49/114 223/49/115
f 202/51/118 223/49/115 225/51/119
f 203/25/120 201/23/116 224/23/117
f 203/25/120 224/23/117 226/25/121
f 204/53/122 202/51/118 225/51/119
f 204/53/122 225/51/119 227/53/123
f 205/27/124 203/25/120 226/25/121
f 205/27/124 226/25/121 228/27/125
f 206/55/126 204/53/122 227/53/123
f 206/55/126 227/53/123 229/55/127
f 207/29/128 205/27/124 228/27/125
f 207/29/128 228/27/125 230/29/129
f 209/3/130 208/2/131 231/2/132
f 209/3/130 231/2/132 232/3/133
f 210/57/134 206/55/126 229/55/127
f 210/57/134 229/55/127 233/57/135
f 211/31/136 207/29/128 230/29/129
f 211/31/136 230/29/129 234/31/137
f 179/5/138 209/3/130 232/3/133
f 179/5/138 232/3/133 235/5/139
f 185/59/140 210/57/134 233/57/135
f 185/59/140 233/57/135 236/59/141
f 187/33/142 211/31/136 234/31/137
f 187/33/142 234/31/137 237/33/143
f 180/7/144 179/5/138 235/5/139
f 180/7/144 235/5/139 238/7/145
f 186/61/146 185/59/140 236/59/141
f 186/61/146 236/59/141 239/61/147
f 188/35/148 187/33/142 237/33/143
f 188/35/148 237/33/143 240/35/149
f 189/9/150 180/7/144 238/7/145
f 189/9/150 238/7/145 241/9/151
f 190/63/152 186/61/146 239/61/147
f 190/63/152 239/61/147 242/63/153
f 191/37/154 188/35/148 240/35/149
f 191/37/154 240/35/149 243/37/155
f 182/11/96 189/9/150 241/9/151
f 182/11/96 241/9/151 183/11/97
f 192/65/156 190/63/152 242/63/153
f 192/65/156 242/63/153 244/65/157
f 193/39/158 191/37/154 243/37/155
f 193/39/158 243/37/155 216/39/159
f 214/17/100 245/15/160 246/15/160
f 214/17/100 246/15/160 247/17/161
f 221/47/111 220/45/108 248/45/162
f 221/47/111 248/45/162 249/47/163
f 222/21/113 212/19/99 215/19/101
f 222/21/113 215/19/101 250/21/164
f 223/49/115 221/47/111 249/47/163
f 223/49/115 249/47/163 251/49/165
f 224/23/117 222/21/113 250/21/164
f 224/23/117 250/21/164 252/23/166
f 225/51/119 223/49/115 251/49/165
f 225/51/119 251/49/165 253/51/167
f 226/25/121 224/23/117 252/23/166
f 226/25/121 252/23/166 254/25/168
f 227/53/123 225/51/119 253/51/167
f 227/53/123 253/51/167 255/53/169
f 228/27/125 226/25/121 254/25/168
f 228/27/125 254/25/168 256/27/170
f 229/55/127 227/53/123 255/53/169
f 229/55/127 255/53/169 257/55/171
f 230/29/129 228/27/125 256/27/170
f 230/29/129 256/27/170 258/29/172
f 232/3/133 231/2/132 259/2/33
f 232/3/133 259/2/33 260/3/173
f 233/57/135 229/55/127 257/55/171
f 233/57/135 257/55/171 261/57/174
f 234/31/137 230/29/129 258/29/172
f 234/31/137 258/29/172 262/31/175
f 235/5/139 232/3/133 260/3/173
f 235/5/139 260/3/173 263/5/176
f 236/59/141 233/57/135 261/57/174
f 236/59/141 261/57/174 264/59/177
f 237/33/143 234/31/137 262/31/175
f 237/33/143 262/31/175 265/33/17
f 238/7/145 235/5/139 263/5/176
f 238/7/145 263/5/176 266/7/178
f 239/61/147 236/59/141 264/59/177
f 239/61/147 264/59/177 267/61/179
f 240/35/149 237/33/143 265/33/17
f 240/35/149 265/33/17 268/35/180
f 241/9/151 238/7/145 266/7/178
f 241/9/151 266/7/178 269/9/181
f 242/63/153 239/61/147 267/61/179
f 242/63/153 267/61/179 270/63/182
f 243/37/155 240/35/149 268/35/180
f 243/37/155 268/35/180 271/37/183
f 183/11/97 241/9/151 269/9/181
f 183/11/97 269/9/181 272/11/184
f 244/65/157 242/63/153 270/63/182
f 244/65/157 270/63/182 273/65/1
f 216/39/159 243/37/155 271/37/183
f 216/39/159 271/37/183 274/39/185
f 184/13/98 183/11/97 272/11/184
f 184/13/98 272/11/184 275/13/186
f 217/41/105 216/39/159 274/39/185
f 217/41/105 274/39/185 276/41/187
f 218/15/103 184/13/98 275/13/186
f 218/15/103 275/13/186 245/15/160
f 219/43/106 217/41/105 276/41/187
f 219/43/106 276/41/187 277/43/188
f 213/17/75 218/15/103 245/15/160
f 213/17/75 245/15/160 214/17/100
f 220/45/108 219/43/106 277/43/188
f 220/45/108 277/43/188 248/45/162
f 278/23/166 279/21/164 280/21/164
f 278/23/166 280/21/164 281/23/166
f 248/45/162 277/43/188 282/43/188
f 248/45/162 282/43/188 283/45/162
f 215/19/101 214/17/100 247/17/161
f 215/19/101 247/17/161 284/19/101
f 249/47/163 248/45/162 283/45/162
f 249/47/163 283/45/162 285/47/163
f 250/21/164 215/19/101 284/19/101
f 250/21/164 284/19/101 279/21/164
f 260/3/173 259/2/33 286/2/33
f 260/3/173 286/2/33 287/3/173
f 251/49/165 249/47/163 285/47/163
f 251/49/165 285/47/163 288/49/189
f 252/23/166 250/21/164 279/21/164
f 252/23/166 279/21/164 278/23/166
f 263/5/176 260/3/173 287/3/173
f 263/5/176 287/3/173 289/5/176
f 253/51/167 251/49/165 288/49/189
f 253/51/167 288/49/189 290/51/167
f 254/25/168 252/23/166 278/23/166
f 254/25/168 278/23/166 291/25/168
f 266/7/178 263/5/176 289/5/176
f 266/7/178 289/5/176 292/7/178
f 255/53/169 253/51/167 290/51/167
f 255/53/169 290/51/167 293/53/169
f 256/27/170 254/25/168 291/25/168
f 256/27/170 291/25/168 294/27/170
f 269/9/181 266/7/178 292/7/178
f 269/9/181 292/7/178 295/9/181
f 257/55/171 255/53/169 293/53/169
f 257/55/171 293/53/169 296/55/171
f 258/29/172 256/27/170 294/27/170
f 258/29/172 294/27/170 297/29/172
f 272/11/184 269/9/181 295/9/181
f 272/11/184 295/9/181 298/11/184
f 261/57/174 257/55/171 296/55/171
f 261/57/174 296/55/171 299/57/174
f 262/31/175 258/29/172 297/29/172
f 262/31/175 297/29/172 300/31/175
f 275/13/186 272/11/184 298/11/184
f 275/13/186 298/11/184 301/13/186
f 264/59/177 261/57/174 299/57/174
f 264/59/177 299/57/174 302/59/177
f 265/33/17 262/31/175 300/31/175
f 265/33/17 300/31/175 303/33/17
f 267/61/179 264/59/177 302/59/177
f 267/61/179 302/59/177 304/61/179
f 268/35/180 265/33/17 303/33/17
f 268/35/180 303/33/17 305/35/180
f 270/63/182 267/61/179 304/61/179
f 270/63/182 304/61/179 306/63/182
f 271/37/183 268/35/180 305/35/180
f 271/37/183 305/35/180 307/37/183
f 273/65/1 270/63/182 306/63/182
f 273/65/1 306/63/182 308/65/190
f 274/39/185 271/37/183 307/37/183
f 274/39/185 307/37/183 309/39/185
f 276/41/187 274/39/185 309/39/185
f 276/41/187 309/39/185 310/41/187
f 245/15/160 275/13/186 301/13/186
f 245/15/160 301/13/186 246/15/160
f 277/43/188 276/41/187 310/41/187
f 277/43/188 310/41/187 282/43/188
f 311/29/172 312/27/170 313/27/170
f 311/29/172 313/27/170 314/29/172
f 290/51/167 288/49/189 315/49/165
f 290/51/167 315/49/165 316/51/167
f 291/25/168 278/23/166 281/23/166
f 291/25/168 281/23/166 317/25/168
f 293/53/169 290/51/167 316/51/167
f 293/53/169 316/51/167 318/53/169
f 294/27/170 291/25/168 317/25/168
f 294/27/170 317/25/168 312/27/170
f 296/55/171 293/53/169 318/53/169
f 296/55/171 318/53/169 319/55/171
f 297/29/172 294/27/170 312/27/170
f 297/29/172 312/27/170 311/29/172
f 287/3/173 286/2/33 320/2/33
f 287/3/173 320/2/33 321/3/173
f 299/57/174 296/55/171 319/55/171
f 299/57/174 319/55/171 322/57/174
f 300/31/175 297/29/172 311/29/172
f 300/31/175 311/29/172 323/31/175
f 289/5/176 287/3/173 321/3/173
f 289/5/176 321/3/173 324/5/176
f 302/59/177 299/57/174 322/57/174
f 302/59/177 322/57/174 325/59/177
f 303/33/17 300/31/175 323/31/175
f 303/33/17 323/31/175 326/33/17
f 292/7/178 289/5/176 324/5/176
f 292/7/178 324/5/176 327/7/178
f 304/61/179 302/59/177 325/59/177
f 304/61/179 325/59/177 328/61/179
f 305/35/180 303/33/17 326/33/17
f 305/35/180 326/33/17 329/35/180
f 295/9/181 292/7/178 327/7/178
f 295/9/181 327/7/178 330/9/181
f 306/63/182 304/61/179 328/61/179
f 306/63/182 328/61/179 331/63/182
f 307/37/183 305/35/180 329/35/180
f 307/37/183 329/35/180 332/37/183
f 298/11/184 295/9/181 330/9/181
f 298/11/184 330/9/181 333/11/184
f 308/65/190 306/63/182 331/63/182
f 308/65/190 331/63/182 334/65/1
f 309/39/185 307/37/183 332/37/183
f 309/39/185 332/37/183 335/39/185
f 301/13/186 298/11/184 333/11/184
f 301/13/186 333/11/184 336/13/186
f 310/41/187 309/39/185 335/39/185
f 310/41/187 335/39/185 337/41/187
f 246/15/160 301/13/186 336/13/186
f 246/15/160 336/13/186 338/15/160
f 282/43/188 310/41/187 337/41/187
f 282/43/188 337/41/187 339/43/188
f 247/17/161 246/15/160 338/15/160
f 247/17/161 338/15/160 340/17/100
f 283/45/162 282/43/188 339/43/188
f 283/45/162 339/43/188 341/45/162
f 284/19/101 247/17/161 340/17/100
f 284/19/101 340/17/100 342/19/101
f 285/47/163 283/45/162 341/45/162
f 285/47/163 341/45/162 343/47/163
f 279/21/164 284/19/101 342/19/101
f 279/21/164 342/19/101 280/21/164
f 288/49/189 285/47/163 343/47/163
f 288/49/189 343/47/163 315/49/165
f 344/35/180 345/33/17 346/33/17
f 344/35/180 346/33/17 347/35/180
f 321/3/173 320/2/33 348/2/191
f 321/3/173 348/2/191 349/3/173
f 322/57/174 319/55/171 350/55/171
f 322/57/174 350/55/171 351/57/174
f 323/31/175 311/29/172 314/29/172
f 323/31/175 314/29/172 352/31/175
f 324/5/176 321/3/173 349/3/173
f 324/5/176 349/3/173 353/5/176
f 325/59/177 322/57/174 351/57/174
f 325/59/177 351/57/174 354/59/177
f 326/33/17 323/31/175 352/31/175
f 326/33/17 352/31/175 345/33/17
f 327/7/178 324/5/176 353/5/176
f 327/7/178 353/5/176 355/7/178
f 328/61/179 325/59/177 354/59/177
f 328/61/179 354/59/177 356/61/179
f 329/35/180 326/33/17 345/33/17
f 329/35/180 345/33/17 344/35/180
f 330/9/181 327/7/178 355/7/178
f 330/9/181 355/7/178 357/9/181
f 331/63/182 328/61/179 356/61/179
f 331/63/182 356/61/179 358/63/182
f 332/37/183 329/35/180 344/35/180
f 332/37/183 344/35/180 359/37/183
f 333/11/184 330/9/181 357/9/181
f 333/11/184 357/9/181 360/11/184
f 334/65/1 331/63/182 358/63/182
f 334/65/1 358/63/182 361/65/1
f 335/39/185 332/37/183 359/37/183
f 335/39/185 359/37/183 362/39/185
f 336/13/186 333/11/184 360/11/184
f 336/13/186 360/11/184 363/13/186
f 337/41/187 335/39/185 362/39/185
f 337/41/187 362/39/185 364/41/187
f 338/15/160 336/13/186 363/13/186
f 338/15/160 363/13/186 365/15/160
f 339/43/188 337/41/187 364/41/187
f 339/43/188 364/41/187 366/43/188
f 340/17/100 338/15/160 365/15/160
f 340/17/100 365/15/160 367/17/100
f 341/45/162 339/43/188 366/43/188
f 341/45/162 366/43/188 368/45/162
f 342/19/101 340/17/100 367/17/100
f 342/19/101 367/17/100 369/19/101
f 343/47/163 341/45/162 368/45/162
f 343/47/163 368/45/162 370/47/163
f 280/21/164 342/19/101 369/19/101
f 280/21/164 369/19/101 371/21/164
f 315/49/165 343/47/163 370/47/163
f 315/49/165 370/47/163 372/49/165
f 281/23/166 280/21/164 371/21/164
f 281/23/166 371/21/164 373/23/166
f 316/51/167 315/49/165 372/49/165
f 316/51/167 372/49/165 374/51/167
f 317/25/168 281/23/166 373/23/166
f 317/25/168 373/23/166 375/25/168
f 318/53/169 316/51/167 374/51/167
f 318/53/169 374/51/167 376/53/169
f 312/27/170 317/25/168 375/25/168
f 312/27/170 375/25/168 313/27/170
f 319/55/171 318/53/169 376/53/169
f 319/55/171 376/53/169 350/55/171
f 377/41/187 378/39/185 379/39/185
f 377/41/187 379/39/185 380/41/187
f 357/9/181 355/7/178 381/7/178
f 357/9/181 381/7/178 382/9/181
f 358/63/182 356/61/179 383/61/179
f 358/63/182 383/61/179 384/63/182
f 359/37/183 344/35/180 347/35/180
f 359/37/183 347/35/180 385/37/183
f 360/11/184 357/9/181 382/9/181
f 360/11/184 382/9/181 386/11/184
f 361/65/1 358/63/182 384/63/182
f 361/65/1 384/63/182 387/65/1
f 362/39/185 359/37/183 385/37/183
f 362/39/185 385/37/183 378/39/185
f 363/13/186 360/11/184 386/11/184
f 363/13/186 386/11/184 388/13/186
f 364/41/187 362/39/185 378/39/185
f 364/41/187 378/39/185 377/41/187
f 365/15/160 363/13/186 388/13/186
f 365/15/160 388/13/186 389/15/160
f 366/43/188 364/41/187 377/41/187
f 366/43/188 377/41/187 390/43/188
f 367/17/100 365/15/160 389/15/160
f 367/17/100 389/15/160 391/17/100
f 368/45/162 366/43/188 390/43/188
f 368/45/162 390/43/188 392/45/162
f 369/19/101 367/17/100 391/17/100
f 369/19/101 391/17/100 393/19/101
f 370/47/163 368/45/162 392/45/162
f 370/47/163 392/45/162 394/47/163
f 371/21/164 369/19/101 393/19/101
f 371/21/164 393/19/101 395/21/164
f 372/49/165 370/47/163 394/47/163
f 372/49/165 394/47/163 396/49/165
f 373/23/166 371/21/164 395/21/164
f 373/23/166 395/21/164 397/23/166
f 374/51/167 372/49/165 396/49/165
f 374/51/167 396/49/165 398/51/167
f 375/25/168 373/23/166 397/23/166
f 375/25/168 397/23/166 399/25/168
f 376/53/169 374/51/167 398/51/167
f 376/53/169 398/51/167 400/53/169
f 313/27/170 375/25/168 399/25/168
f 313/27/170 399/25/168 401/27/170
f 350/55/171 376/53/169 400/53/169
f 350/55/171 400/53/169 402/55/171
f 314/29/172 313/27/170 401/27/170
f 314/29/172 401/27/170 403/29/172
f 349/3/173 348/2/191 404/2/33
f 349/3/173 404/2/33 405/3/173
f 351/57/174 350/55/171 402/55/171
f 351/57/174 402/55/171 406/57/174
f 352/31/175 314/29/172 403/29/172
f 352/31/175 403/29/172 407/31/175
f 353/5/176 349/3/173 405/3/173
f 353/5/176 405/3/173 408/5/176
f 354/59/177 351/57/174 406/57/174
f 354/59/177 406/57/174 409/59/177
f 345/33/17 352/31/175 407/31/175
f 345/33/17 407/31/175 346/33/17
f 355/7/178 353/5/176 408/5/176
f 355/7/178 408/5/176 381/7/178
f 356/61/179 354/59/177 409/59/177
f 356/61/179 409/59/177 383/61/179
f 410/47/163 411/45/162 412/45/192
f 410/47/163 412/45/192 413/47/193
f 389/15/160 388/13/186 414/13/186
f 389/15/160 414/13/186 415/15/160
f 390/43/188 377/41/187 380/41/187
f 390/43/188 380/41/187 416/43/188
f 391/17/100 389/15/160 415/15/160
f 391/17/100 415/15/160 417/17/100
f 392/45/162 390/43/188 416/43/188
f 392/45/162 416/43/188 411/45/162
f 393/19/101 391/17/100 417/17/100
f 393/19/101 417/17/100 418/19/101
f 394/47/163 392/45/162 411/45/162
f 394/47/163 411/45/162 410/47/163
f 395/21/164 393/19/101 418/19/101
f 395/21/164 418/19/101 419/21/164
f 396/49/165 394/47/163 410/47/163
f 396/49/165 410/47/163 420/49/165
f 397/23/166 395/21/164 419/21/164
f 397/23/166 419/21/164 421/23/166
f 398/51/167 396/49/165 420/49/165
f 398/51/167 420/49/165 422/51/167
f 399/25/168 397/23/166 421/23/166
f 399/25/168 421/23/166 423/25/168
f 400/53/169 398/51/167 422/51/167
f 400/53/169 422/51/167 424/53/169
f 401/27/170 399/25/168 423/25/168
f 401/27/170 423/25/168 425/27/170
f 402/55/171 400/53/169 424/53/169
f 402/55/171 424/53/169 426/55/171
f 403/29/172 401/27/170 425/27/170
f 403/29/172 425/27/170 427/29/172
f 405/3/173 404/2/33 428/2/33
f 405/3/173 428/2/33 429/3/173
f 406/57/174 402/55/171 426/55/171
f 406/57/174 426/55/171 430/57/174
f 407/31/175 403/29/172 427/29/172
f 407/31/175 427/29/172 431/31/175
f 408/5/176 405/3/173 429/3/173
f 408/5/176 429/3/173 432/5/176
f 409/59/177 406/57/174 430/57/174
f 409/59/177 430/57/174 433/59/177
f 346/33/17 407/31/175 431/31/175
f 346/33/17 431/31/175 434/33/17
f 381/7/178 408/5/176 432/5/176
f 381/7/178 432/5/176 435/7/178
f 383/61/179 409/59/177 433/59/177
f 383/61/179 433/59/177 436/61/179
f 347/35/180 346/33/17 434/33/17
f 347/35/180 434/33/17 437/35/180
f 382/9/181 381/7/178 435/7/178
f 382/9/181 435/7/178 438/9/181
f 384/63/182 383/61/179 436/61/179
f 384/63/182 436/61/179 439/63/182
f 385/37/183 347/35/180 437/35/180
f 385/37/183 437/35/180 440/37/183
f 386/11/184 382/9/181 438/9/181
f 386/11/184 438/9/181 441/11/184
f 387/65/1 384/63/182 439/63/182
f 387/65/1 439/63/182 442/65/1
f 378/39/185 385/37/183 440/37/183
f 378/39/185 440/37/183 379/39/185
f 388/13/186 386/11/184 441/11/184
f 388/13/186 441/11/184 414/13/186
f 443/17/194 444/15/195 445/15/196
f 443/17/194 445/15/196 446/17/197
f 419/21/164 418/19/101 447/19/198
f 419/21/164 447/19/198 448/21/199
f 420/49/165 410/47/163 413/47/193
f 420/49/165 413/47/193 449/49/200
f 421/23/166 419/21/164 448/21/199
f 421/23/166 448/21/199 450/23/201
f 422/51/167 420/49/165 449/49/200
f 422/51/167 449/49/200 451/51/202
f 423/25/168 421/23/166 450/23/201
f 423/25/168 450/23/201 452/25/203
f 424/53/169 422/51/167 451/51/202
f 424/53/169 451/51/202 453/53/204
f 425/27/170 423/25/168 452/25/203
f 425/27/170 452/25/203 454/27/205
f 426/55/171 424/53/169 453/53/204
f 426/55/171 453/53/204 455/55/206
f 427/29/172 425/27/170 454/27/205
f 427/29/172 454/27/205 456/29/207
f 429/3/173 428/2/33 457/2/208
f 429/3/173 457/2/208 458/3/209
f 430/57/174 426/55/171 455/55/206
f 430/57/174 455/55/206 459/57/210
f 431/31/175 427/29/172 456/29/207
f 431/31/175 456/29/207 460/31/211
f 432/5/176 429/3/173 458/3/209
f 432/5/176 458/3/209 461/5/212
f 433/59/177 430/57/174 459/57/210
f 433/59/177 459/57/210 462/59/213
f 434/33/17 431/31/175 460/31/211
f 434/33/17 460/31/211 463/33/214
f 435/7/178 432/5/176 461/5/212
f 435/7/178 461/5/212 464/7/215
f 436/61/179 433/59/177 462/59/213
f 436/61/179 462/59/213 465/61/216
f 437/35/180 434/33/17 463/33/214
f 437/35/180 463/33/214 466/35/217
f 438/9/181 435/7/178 464/7/215
f 438/9/181 464/7/215 467/9/218
f 439/63/182 436/61/179 465/61/216
f 439/63/182 465/61/216 468/63/219
f 440/37/183 437/35/180 466/35/217
f 440/37/183 466/35/217 469/37/220
f 441/11/184 438/9/181 467/9/218
f 441/11/184 467/9/218 470/11/221
f 442/65/1 439/63/182 468/63/219
f 442/65/1 468/63/219 471/65/222
f 379/39/185 440/37/183 469/37/220
f 379/39/185 469/37/220 472/39/223
f 414/13/186 441/11/184 470/11/221
f 414/13/186 470/11/221 473/13/224
f 380/41/187 379/39/185 472/39/223
f 380/41/187 472/39/223 474/41/225
f 415/15/160 414/13/186 473/13/224
f 415/15/160 473/13/224 444/15/195
f 416/43/188 380/41/187 474/41/225
f 416/43/188 474/41/225 475/43/226
f 417/17/100 415/15/160 444/15/195
f 417/17/100 444/15/195 443/17/194
f 411/45/162 416/43/188 475/43/226
f 411/45/162 475/43/226 412/45/192
f 418/19/101 417/17/100 443/17/194
f 418/19/101 443/17/194 447/19/198
f 476/44/227 477/46/228 478/46/229
f 476/44/227 478/46/229 479/44/230
f 34/34/17 36/36/18 480/36/231
f 34/34/17 480/36/231 481/34/232
f 52/52/26 54/54/27 482/54/233
f 52/52/26 482/54/233 483/52/234
f 8/8/4 10/10/5 484/10/235
f 8/8/4 484/10/235 485/8/236
f 26/26/13 28/28/14 486/28/237
f 26/26/13 486/28/237 487/26/238
f 44/44/22 46/46/23 477/46/228
f 44/44/22 477/46/228 476/44/227
f 62/62/31 66/64/32 488/64/239
f 62/62/31 488/64/239 489/62/240
f 18/18/9 20/20/10 490/20/241
f 18/18/9 490/20/241 69/18/34
f 36/36/18 38/38/19 491/38/242
f 36/36/18 491/38/242 480/36/231
f 54/54/27 56/56/28 492/56/243
f 54/54/27 492/56/243 482/54/233
f 10/10/5 12/12/6 493/12/244
f 10/10/5 493/12/244 484/10/235
f 28/28/14 30/30/15 494/30/245
f 28/28/14 494/30/245 486/28/237
f 46/46/23 48/48/24 495/48/246
f 46/46/23 495/48/246 477/46/228
f 1/1/1 4/4/2 496/4/247
f 1/1/1 496/4/247 497/1/248
f 66/64/32 68/66/33 498/66/249
f 66/64/32 498/66/249 488/64/239
f 20/20/10 22/22/11 499/22/250
f 20/20/10 499/22/250 490/20/241
f 38/38/19 40/40/20 500/40/251
f 38/38/19 500/40/251 491/38/242
f 56/56/28 58/58/29 501/58/252
f 56/56/28 501/58/252 492/56/243
f 12/12/6 14/14/7 502/14/253
f 12/12/6 502/14/253 493/12/244
f 30/30/15 32/32/16 503/32/254
f 30/30/15 503/32/254 494/30/245
f 48/48/24 50/50/25 504/50/255
f 48/48/24 504/50/255 495/48/246
f 4/4/2 6/6/3 505/6/256
f 4/4/2 505/6/256 496/4/247
f 22/22/11 24/24/12 506/24/257
f 22/22/11 506/24/257 499/22/250
f 40/40/20 42/42/21 507/42/258
f 40/40/20 507/42/258 500/40/251
f 58/58/29 60/60/30 508/60/259
f 58/58/29 508/60/259 501/58/252
f 14/14/7 16/16/8 70/16/35
f 14/14/7 70/16/35 502/14/253
f 32/32/16 34/34/17 481/34/232
f 32/32/16 481/34/232 503/32/254
f 50/50/25 52/52/26 483/52/234
f 50/50/25 483/52/234 504/50/255
f 6/6/3 8/8/4 485/8/236
f 6/6/3 485/8/236 505/6/256
f 24/24/12 26/26/13 487/26/238
f 24/24/12 487/26/238 506/24/257
f 42/42/21 44/44/22 476/44/227
f 42/42/21 476/44/227 507/42/258
f 60/60/30 62/62/31 489/62/240
f 60/60/30 489/62/240 508/60/259
f 477/46/228 495/48/246 573/48/260
f 477/46/228 573/48/260 478/46/229
f 447/19/198 443/17/194 446/17/197
f 447/19/198 446/17/197 574/19/261
f 495/48/246 504/50/255 575/50/262
f 495/48/246 575/50/262 573/48/260
f 448/21/199 447/19/198 574/19/261
f 448/21/199 574/19/261 576/21/263
f 504/50/255 483/52/234 577/52/264
f 504/50/255 577/52/264 575/50/262
f 450/23/201 448/21/199 576/21/263
f 450/23/201 576/21/263 578/23/265
f 483/52/234 482/54/233 579/54/266
f 483/52/234 579/54/266 577/52/264
f 452/25/203 450/23/201 578/23/265
f 452/25/203 578/23/265 580/25/267
f 482/54/233 492/56/243 581/56/268
f 482/54/233 581/56/268 579/54/266
f 497/1/248 496/4/247 582/4/269
f 497/1/248 582/4/269 583/1/270
f 454/27/205 452/25/203 580/25/267
f 454/27/205 580/25/267 584/27/271
f 492/56/243 501/58/252 585/58/272
f 492/56/243 585/58/272 581/56/268
f 496/4/247 505/6/256 586/6/273
f 496/4/247 586/6/273 582/4/269
f 456/29/207 454/27/205 584/27/271
f 456/29/207 584/27/271 587/29/274
f 501/58/252 508/60/259 588/60/275
f 501/58/252 588/60/275 585/58/272
f 505/6/256 485/8/236 589/8/276
f 505/6/256 589/8/276 586/6/273
f 460/31/211 456/29/207 587/29/274
f 460/31/211 587/29/274 590/31/277
f 508/60/259 489/62/240 591/62/278
f 508/60/259 591/62/278 588/60/275
f 485/8/236 484/10/235 592/10/279
f 485/8/236 592/10/279 589/8/276
f 463/33/214 460/31/211 590/31/277
f 463/33/214 590/31/277 593/33/280
f 489/62/240 488/64/239 594/64/281
f 489/62/240 594/64/281 591/62/278
f 484/10/235 493/12/244 595/12/282
f 484/10/235 595/12/282 592/10/279
f 466/35/217 463/33/214 593/33/280
f 466/35/217 593/33/280 596/35/283
f 488/64/239 498/66/249 597/66/284
f 488/64/239 597/66/284 594/64/281
f 493/12/244 502/14/253 598/14/285
f 493/12/244 598/14/285 595/12/282
f 469/37/220 466/35/217 596/35/283
f 469/37/220 596/35/283 599/37/286
f 502/14/253 70/16/35 600/16/287
f 502/14/253 600/16/287 598/14/285
f 472/39/223 469/37/220 599/37/286
f 472/39/223 599/37/286 601/39/288
f 70/16/35 69/18/34 602/18/289
f 70/16/35 602/18/289 600/16/287
f 474/41/225 472/39/223 601/39/288
f 474/41/225 601/39/288 603/41/290
f 69/18/34 490/20/241 604/20/291
f 69/18/34 604/20/291 602/18/289
f 475/43/226 474/41/225 603/41/290
f 475/43/226 603/41/290 605/43/292
f 490/20/241 499/22/250 606/22/293
f 490/20/241 606/22/293 604/20/291
f 412/45/192 475/43/226 605/43/292
f 412/45/192 605/43/292 607/45/294
f 499/22/250 506/24/257 608/24/295
f 499/22/250 608/24/295 606/22/293
f 413/47/193 412/45/192 607/45/294
f 413/47/193 607/45/294 609/47/296
f 506/24/257 487/26/238 610/26/297
f 506/24/257 610/26/297 608/24/295
f 449/49/200 413/47/193 609/47/296
f 449/49/200 609/47/296 611/49/298
f 487/26/238 486/28/237 612/28/299
f 487/26/238 612/28/299 610/26/297
f 451/51/202 449/49/200 611/49/298
f 451/51/202 611/49/298 613/51/300
f 486/28/237 494/30/245 614/30/301
f 486/28/237 614/30/301 612/28/299
f 453/53/204 451/51/202 613/51/300
f 453/53/204 613/51/300 615/53/302
f 494/30/245 503/32/254 616/32/303
f 494/30/245 616/32/303 614/30/301
f 455/55/206 453/53/204 615/53/302
f 455/55/206 615/53/302 617/55/304
f 458/3/209 457/2/208 618/2/305
f 458/3/209 618/2/305 619/3/281
f 503/32/254 481/34/232 620/34/306
f 503/32/254 620/34/306 616/32/303
f 459/57/210 455/55/206 617/55/304
f 459/57/210 617/55/304 621/57/307
f 461/5/212 458/3/209 619/3/281
f 461/5/212 619/3/281 622/5/308
f 481/34/232 480/36/231 623/36/309
f 481/34/232 623/36/309 620/34/306
f 462/59/213 459/57/210 621/57/307
f 462/59/213 621/57/307 624/59/310
f 464/7/215 461/5/212 622/5/308
f 464/7/215 622/5/308 625/7/311
f 480/36/231 491/38/242 626/38/312
f 480/36/231 626/38/312 623/36/309
f 465/61/216 462/59/213 624/59/310
f 465/61/216 624/59/310 627/61/313
f 467/9/218 464/7/215 625/7/311
f 467/9/218 625/7/311 628/9/314
f 491/38/242 500/40/251 629/40/315
f 491/38/242 629/40/315 626/38/312
f 468/63/219 465/61/216 627/61/313
f 468/63/219 627/61/313 630/63/316
f 470/11/221 467/9/218 628/9/314
f 470/11/221 628/9/314 631/11/317
f 500/40/251 507/42/258 632/42/318
f 500/40/251 632/42/318 629/40/315
f 471/65/222 468/63/219 630/63/316
f 471/65/222 630/63/316 633/65/319
f 473/13/224 470/11/221 631/11/317
f 473/13/224 631/11/317 634/13/320
f 507/42/258 476/44/227 479/44/230
f 507/42/258 479/44/230 632/42/318
f 444/15/195 473/13/224 634/13/320
f 444/15/195 634/13/320 445/15/196
f 182/11/96 181/13/95 635/13/321
f 182/11/96 635/13/321 636/11/322
f 637/21/323 638/23/324 639/23/325
f 637/21/323 639/23/325 640/21/326
f 181/13/95 194/15/102 642/15/327
f 181/13/95 642/15/327 635/13/321
f 194/15/102 643/17/74 642/15/327
f 195/43/104 196/45/107 644/45/328
f 196/45/107 198/47/110 646/47/329
f 196/45/107 646/47/329 644/45/328
f 197/19/109 199/21/112 637/21/323
f 197/19/109 637/21/323 645/19/76
f 198/47/110 200/49/114 647/49/330
f 198/47/110 647/49/330 646/47/329
f 199/21/112 201/23/116 638/23/324
f 199/21/112 638/23/324 637/21/323
f 200/49/114 202/51/118 648/51/331
f 200/49/114 648/51/331 647/49/330
f 201/23/116 203/25/120 649/25/332
f 201/23/116 649/25/332 638/23/324
f 202/51/118 204/53/122 650/53/333
f 202/51/118 650/53/333 648/51/331
f 203/25/120 205/27/124 651/27/334
f 203/25/120 651/27/334 649/25/332
f 204/53/122 206/55/126 652/55/335
f 204/53/122 652/55/335 650/53/333
f 205/27/124 207/29/128 653/29/336
f 205/27/124 653/29/336 651/27/334
f 208/2/131 209/3/130 654/3/337
f 208/2/131 654/3/337 655/2/338
f 206/55/126 210/57/134 656/57/339
f 206/55/126 656/57/339 652/55/335
f 207/29/128 211/31/136 657/31/340
f 207/29/128 657/31/340 653/29/336
f 209/3/130 179/5/138 658/5/341
f 209/3/130 658/5/341 654/3/337
f 210/57/134 185/59/140 659/59/342
f 210/57/134 659/59/342 656/57/339
f 211/31/136 187/33/142 660/33/343
f 211/31/136 660/33/343 657/31/340
f 179/5/138 180/7/144 661/7/344
f 179/5/138 661/7/344 658/5/341
f 185/59/140 186/61/146 662/61/345
f 185/59/140 662/61/345 659/59/342
f 187/33/142 188/35/148 663/35/346
f 187/33/142 663/35/346 660/33/343
f 180/7/144 189/9/150 664/9/347
f 180/7/144 664/9/347 661/7/344
f 186/61/146 190/63/152 665/63/348
f 186/61/146 665/63/348 662/61/345
f 188/35/148 191/37/154 666/37/349
f 188/35/148 666/37/349 663/35/346
f 189/9/150 182/11/96 636/11/322
f 189/9/150 636/11/322 664/9/347
f 190/63/152 192/65/156 667/65/350
f 190/63/152 667/65/350 665/63/348
f 191/37/154 193/39/158 641/39/351
f 191/37/154 641/39/351 666/37/349
f 668/27/352 669/29/353 670/29/354
f 668/27/352 670/29/354 671/27/355
f 647/49/330 648/51/331 672/51/356
f 647/49/330 672/51/356 673/49/357
f 638/23/324 649/25/332 674/25/358
f 638/23/324 674/25/358 639/23/325
f 648/51/331 650/53/333 675/53/359
f 648/51/331 675/53/359 672/51/356
f 649/25/332 651/27/334 668/27/352
f 649/25/332 668/27/352 674/25/358
f 650/53/333 652/55/335 676/55/360
f 650/53/333 676/55/360 675/53/359
f 651/27/334 653/29/336 669/29/353
f 651/27/334 669/29/353 668/27/352
f 655/2/338 654/3/337 677/3/361
f 655/2/338 677/3/361 678/2/362
f 652/55/335 656/57/339 679/57/363
f 652/55/335 679/57/363 676/55/360
f 653/29/336 657/31/340 680/31/364
f 653/29/336 680/31/364 669/29/353
f 654/3/337 658/5/341 681/5/365
f 654/3/337 681/5/365 677/3/361
f 656/57/339 659/59/342 682/59/366
f 656/57/339 682/59/366 679/57/363
f 657/31/340 660/33/343 683/33/367
f 657/31/340 683/33/367 680/31/364
f 658/5/341 661/7/344 684/7/368
f 658/5/341 684/7/368 681/5/365
f 659/59/342 662/61/345 685/61/369
f 659/59/342 685/61/369 682/59/366
f 660/33/343 663/35/346 686/35/370
f 660/33/343 686/35/370 683/33/367
f 661/7/344 664/9/347 687/9/371
f 661/7/344 687/9/371 684/7/368
f 662/61/345 665/63/348 688/63/372
f 662/61/345 688/63/372 685/61/369
f 663/35/346 666/37/349 689/37/373
f 663/35/346 689/37/373 686/35/370
f 664/9/347 636/11/322 690/11/374
f 664/9/347 690/11/374 687/9/371
f 665/63/348 667/65/350 691/65/375
f 665/63/348 691/65/375 688/63/372
f 666/37/349 641/39/351 692/39/376
f 666/37/349 692/39/376 689/37/373
f 636/11/322 635/13/321 693/13/377
f 636/11/322 693/13/377 690/11/374
f 641/39/351 694/41/378 692/39/376
f 635/13/321 642/15/327 695/15/379
f 635/13/321 695/15/379 693/13/377
f 642/15/327 643/17/74 697/17/380
f 642/15/327 697/17/380 695/15/379
f 643/17/74 645/19/76 699/19/381
f 643/17/74 699/19/381 697/17/380
f 644/45/328 646/47/329 700/47/382
f 644/45/328 700/47/382 698/45/383
f 645/19/76 637/21/323 640/21/326
f 645/19/76 640/21/326 699/19/381
f 646/47/329 647/49/330 673/49/357
f 646/47/329 673/49/357 700/47/382
f 701/33/384 702/35/385 703/35/386
f 701/33/384 703/35/386 704/33/387
f 678/2/362 677/3/361 705/3/388
f 678/2/362 705/3/388 706/2/389
f 676/55/360 679/57/363 707/57/390
f 676/55/360 707/57/390 708/55/391
f 669/29/353 680/31/364 709/31/392
f 669/29/353 709/31/392 670/29/354
f 677/3/361 681/5/365 710/5/393
f 677/3/361 710/5/393 705/3/388
f 679/57/363 682/59/366 711/59/394
f 679/57/363 711/59/394 707/57/390
f 680/31/364 683/33/367 701/33/384
f 680/31/364 701/33/384 709/31/392
f 681/5/365 684/7/368 712/7/395
f 681/5/365 712/7/395 710/5/393
f 682/59/366 685/61/369 713/61/396
f 682/59/366 713/61/396 711/59/394
f 683/33/367 686/35/370 702/35/385
f 683/33/367 702/35/385 701/33/384
f 684/7/368 687/9/371 714/9/397
f 684/7/368 714/9/397 712/7/395
f 685/61/369 688/63/372 715/63/398
f 685/61/369 715/63/398 713/61/396
f 686/35/370 689/37/373 716/37/399
f 686/35/370 716/37/399 702/35/385
f 687/9/371 690/11/374 717/11/400
f 687/9/371 717/11/400 714/9/397
f 688/63/372 691/65/375 718/65/401
f 688/63/372 718/65/401 715/63/398
f 689/37/373 692/39/376 719/39/402
f 689/37/373 719/39/402 716/37/399
f 690/11/374 693/13/377 720/13/403
f 690/11/374 720/13/403 717/11/400
f 692/39/376 694/41/378 721/41/404
f 692/39/376 721/41/404 719/39/402
f 693/13/377 695/15/379 722/15/405
f 693/13/377 722/15/405 720/13/403
f 694/41/378 696/43/406 723/43/407
f 694/41/378 723/43/407 721/41/404
f 695/15/379 697/17/380 724/17/408
f 695/15/379 724/17/408 722/15/405
f 696/43/406 698/45/383 725/45/409
f 696/43/406 725/45/409 723/43/407
f 697/17/380 699/19/381 726/19/410
f 697/17/380 726/19/410 724/17/408
f 698/45/383 700/47/382 727/47/411
f 698/45/383 727/47/411 725/45/409
f 699/19/381 640/21/326 728/21/412
f 699/19/381 728/21/412 726/19/410
f 700/47/382 673/49/357 729/49/413
f 700/47/382 729/49/413 727/47/411
f 640/21/326 639/23/325 730/23/414
f 640/21/326 730/23/414 728/21/412
f 673/49/357 672/51/356 731/51/415
f 673/49/357 731/51/415 729/49/413
f 639/23/325 674/25/358 732/25/416
f 639/23/325 732/25/416 730/23/414
f 672/51/356 675/53/359 733/53/417
f 672/51/356 733/53/417 731/51/415
f 674/25/358 668/27/352 671/27/355
f 674/25/358 671/27/355 732/25/416
f 675/53/359 676/55/360 708/55/391
f 675/53/359 708/55/391 733/53/417
f 734/39/418 735/41/419 736/41/420
f 734/39/418 736/41/420 737/39/421
f 712/7/395 714/9/397 738/9/422
f 712/7/395 738/9/422 739/7/423
f 713/61/396 715/63/398 740/63/424
f 713/61/396 740/63/424 741/61/425
f 702/35/385 716/37/399 742/37/426
f 702/35/385 742/37/426 703/35/386
f 714/9/397 717/11/400 743/11/427
f 714/9/397 743/11/427 738/9/422
f 715/63/398 718/65/401 744/65/428
f 715/63/398 744/65/428 740/63/424
f 716/37/399 719/39/402 734/39/418
f 716/37/399 734/39/418 742/37/426
f 717/11/400 720/13/403 745/13/429
f 717/11/400 745/13/429 743/11/427
f 719/39/402 721/41/404 735/41/419
f 719/39/402 735/41/419 734/39/418
f 720/13/403 722/15/405 746/15/430
f 720/13/403 746/15/430 745/13/429
f 721/41/404 723/43/407 747/43/431
f 721/41/404 747/43/431 735/41/419
f 722/15/405 724/17/408 748/17/432
f 722/15/405 748/17/432 746/15/430
f 723/43/407 725/45/409 749/45/433
f 723/43/407 749/45/433 747/43/431
f 724/17/408 726/19/410 750/19/434
f 724/17/408 750/19/434 748/17/432
f 725/45/409 727/47/411 751/47/435
f 725/45/409 751/47/435 749/45/433
f 726/19/410 728/21/412 752/21/436
f 726/19/410 752/21/436 750/19/434
f 727/47/411 729/49/413 753/49/437
f 727/47/411 753/49/437 751/47/435
f 728/21/412 730/23/414 754/23/438
f 728/21/412 754/23/438 752/21/436
f 729/49/413 731/51/415 755/51/439
f 729/49/413 755/51/439 753/49/437
f 730/23/414 732/25/416 756/25/440
f 730/23/414 756/25/440 754/23/438
f 731/51/415 733/53/417 757/53/441
f 731/51/415 757/53/441 755/51/439
f 732/25/416 671/27/355 758/27/442
f 732/25/416 758/27/442 756/25/440
f 733/53/417 708/55/391 759/55/443
f 733/53/417 759/55/443 757/53/441
f 671/27/355 670/29/354 760/29/444
f 671/27/355 760/29/444 758/27/442
f 706/2/389 705/3/388 761/3/445
f 706/2/389 761/3/445 762/2/446
f 708/55/391 707/57/390 763/57/447
f 708/55/391 763/57/447 759/55/443
f 670/29/354 709/31/392 764/31/448
f 670/29/354 764/31/448 760/29/444
f 705/3/388 710/5/393 765/5/449
f 705/3/388 765/5/449 761/3/445
f 707/57/390 711/59/394 766/59/450
f 707/57/390 766/59/450 763/57/447
f 709/31/392 701/33/384 704/33/387
f 709/31/392 704/33/387 764/31/448
f 710/5/393 712/7/395 739/7/423
f 710/5/393 739/7/423 765/5/449
f 711/59/394 713/61/396 741/61/425
f 711/59/394 741/61/425 766/59/450
f 767/45/451 768/47/452 769/47/453
f 767/45/451 769/47/453 770/45/454
f 745/13/429 746/15/430 771/15/455
f 745/13/429 771/15/455 772/13/456
f 735/41/419 747/43/431 773/43/457
f 735/41/419 773/43/457 736/41/420
f 746/15/430 748/17/432 774/17/458
f 746/15/430 774/17/458 771/15/455
f 747/43/431 749/45/433 767/45/451
f 747/43/431 767/45/451 773/43/457
f 748/17/432 750/19/434 775/19/459
f 748/17/432 775/19/459 774/17/458
f 749/45/433 751/47/435 768/47/452
f 749/45/433 768/47/452 767/45/451
f 750/19/434 752/21/436 776/21/460
f 750/19/434 776/21/460 775/19/459
f 751/47/435 753/49/437 777/49/461
f 751/47/435 777/49/461 768/47/452
f 752/21/436 754/23/438 778/23/462
f 752/21/436 778/23/462 776/21/460
f 753/49/437 755/51/439 779/51/463
f 753/49/437 779/51/463 777/49/461
f 754/23/438 756/25/440 780/25/464
f 754/23/438 780/25/464 778/23/462
f 755/51/439 757/53/441 781/53/465
f 755/51/439 781/53/465 779/51/463
f 756/25/440 758/27/442 782/27/466
f 756/25/440 782/27/466 780/25/464
f 217/41/105 193/39/158 216/39/159
f 758/27/442 760/29/444 783/29/467
f 758/27/442 783/29/467 782/27/466
f 762/2/446 761/3/445 784/3/468
f 762/2/446 784/3/468 785/2/469
f 759/55/443 763/57/447 786/57/470
f 698/45/383 641/39/351 644/45/328
f 760/29/444 764/31/448 787/31/471
f 760/29/444 787/31/471 783/29/467
f 761/3/445 765/5/449 788/5/472
f 761/3/445 788/5/472 784/3/468
f 763/57/447 766/59/450 789/59/473
f 763/57/447 789/59/473 786/57/470
f 764/31/448 704/33/387 790/33/474
f 764/31/448 790/33/474 787/31/471
f 765/5/449 739/7/423 791/7/475
f 765/5/449 791/7/475 788/5/472
f 766/59/450 741/61/425 792/61/476
f 766/59/450 792/61/476 789/59/473
f 704/33/387 703/35/386 793/35/477
f 704/33/387 793/35/477 790/33/474
f 739/7/423 738/9/422 794/9/478
f 739/7/423 794/9/478 791/7/475
f 741/61/425 740/63/424 795/63/479
f 741/61/425 795/63/479 792/61/476
f 703/35/386 742/37/426 796/37/480
f 703/35/386 796/37/480 793/35/477
f 738/9/422 743/11/427 797/11/481
f 738/9/422 797/11/481 794/9/478
f 740/63/424 744/65/428 798/65/482
f 740/63/424 798/65/482 795/63/479
f 742/37/426 734/39/418 737/39/421
f 742/37/426 737/39/421 796/37/480
f 743/11/427 745/13/429 772/13/456
f 743/11/427 772/13/456 797/11/481
f 799/51/483 800/53/484 801/53/485
f 799/51/483 801/53/485 802/51/486
f 775/19/459 776/21/460 803/21/487
f 775/19/459 803/21/487 804/19/488
f 768/47/452 777/49/461 805/49/489
f 768/47/452 805/49/489 769/47/453
f 776/21/460 778/23/462 806/23/490
f 776/21/460 806/23/490 803/21/487
f 777/49/461 779/51/463 799/51/483
f 777/49/461 799/51/483 805/49/489
f 778/23/462 780/25/464 807/25/491
f 778/23/462 807/25/491 806/23/490
f 779/51/463 781/53/465 800/53/484
f 779/51/463 800/53/484 799/51/483
f 780/25/464 782/27/466 808/27/492
f 780/25/464 808/27/492 807/25/491
f 193/39/158 644/45/328 641/39/351
f 781/53/465 809/55/493 800/53/484
f 782/27/466 783/29/467 810/29/494
f 782/27/466 810/29/494 808/27/492
f 785/2/469 784/3/468 811/3/495
f 785/2/469 811/3/495 812/2/496
f 218/15/103 643/17/74 194/15/102
f 213/17/75 197/19/109 645/19/76
f 783/29/467 787/31/471 814/31/497
f 783/29/467 814/31/497 810/29/494
f 784/3/468 788/5/472 815/5/498
f 784/3/468 815/5/498 811/3/495
f 786/57/470 789/59/473 816/59/499
f 786/57/470 816/59/499 813/57/500
f 787/31/471 790/33/474 817/33/501
f 787/31/471 817/33/501 814/31/497
f 788/5/472 791/7/475 818/7/502
f 788/5/472 818/7/502 815/5/498
f 789/59/473 792/61/476 819/61/503
f 789/59/473 819/61/503 816/59/499
f 790/33/474 793/35/477 820/35/504
f 790/33/474 820/35/504 817/33/501
f 791/7/475 794/9/478 821/9/505
f 791/7/475 821/9/505 818/7/502
f 792/61/476 795/63/479 822/63/506
f 792/61/476 822/63/506 819/61/503
f 793/35/477 796/37/480 823/37/507
f 793/35/477 823/37/507 820/35/504
f 794/9/478 797/11/481 824/11/508
f 794/9/478 824/11/508 821/9/505
f 795/63/479 798/65/482 825/65/509
f 795/63/479 825/65/509 822/63/506
f 796/37/480 737/39/421 826/39/510
f 796/37/480 826/39/510 823/37/507
f 797/11/481 772/13/456 827/13/511
f 797/11/481 827/13/511 824/11/508
f 737/39/421 736/41/420 828/41/512
f 737/39/421 828/41/512 826/39/510
f 772/13/456 771/15/455 829/15/513
f 772/13/456 829/15/513 827/13/511
f 736/41/420 773/43/457 830/43/514
f 736/41/420 830/43/514 828/41/512
f 771/15/455 774/17/458 831/17/515
f 771/15/455 831/17/515 829/15/513
f 773/43/457 767/45/451 770/45/454
f 773/43/457 770/45/454 830/43/514
f 774/17/458 775/19/459 804/19/488
f 774/17/458 804/19/488 831/17/515
f 832/57/516 833/59/517 834/59/518
f 832/57/516 834/59/518 835/57/519
f 807/25/491 808/27/492 836/27/520
f 807/25/491 836/27/520 837/25/521
f 800/53/484 809/55/493 838/55/522
f 800/53/484 838/55/522 801/53/485
f 808/27/492 810/29/494 839/29/523
f 808/27/492 839/29/523 836/27/520
f 812/2/496 811/3/495 840/3/524
f 812/2/496 840/3/524 841/2/525
f 809/55/493 813/57/500 832/57/516
f 809/55/493 832/57/516 838/55/522
f 810/29/494 814/31/497 842/31/526
f 810/29/494 842/31/526 839/29/523
f 811/3/495 815/5/498 843/5/527
f 811/3/495 843/5/527 840/3/524
f 813/57/500 816/59/499 833/59/517
f 813/57/500 833/59/517 832/57/516
f 814/31/497 817/33/501 844/33/528
f 814/31/497 844/33/528 842/31/526
f 815/5/498 818/7/502 845/7/529
f 815/5/498 845/7/529 843/5/527
f 816/59/499 819/61/503 846/61/530
f 816/59/499 846/61/530 833/59/517
f 817/33/501 820/35/504 847/35/531
f 817/33/501 847/35/531 844/33/528
f 818/7/502 821/9/505 848/9/532
f 818/7/502 848/9/532 845/7/529
f 819/61/503 822/63/506 849/63/533
f 819/61/503 849/63/533 846/61/530
f 820/35/504 823/37/507 850/37/534
f 820/35/504 850/37/534 847/35/531
f 821/9/505 824/11/508 851/11/535
f 821/9/505 851/11/535 848/9/532
f 822/63/506 825/65/509 852/65/536
f 822/63/506 852/65/536 849/63/533
f 823/37/507 826/39/510 853/39/537
f 823/37/507 853/39/537 850/37/534
f 824/11/508 827/13/511 854/13/538
f 824/11/508 854/13/538 851/11/535
f 826/39/510 828/41/512 855/41/539
f 826/39/510 855/41/539 853/39/537
f 827/13/511 829/15/513 856/15/540
f 827/13/511 856/15/540 854/13/538
f 828/41/512 830/43/514 857/43/541
f 828/41/512 857/43/541 855/41/539
f 829/15/513 831/17/515 858/17/542
f 829/15/513 858/17/542 856/15/540
f 830/43/514 770/45/454 859/45/543
f 830/43/514 859/45/543 857/43/541
f 831/17/515 804/19/488 860/19/544
f 831/17/515 860/19/544 858/17/542
f 770/45/454 769/47/453 861/47/545
f 770/45/454 861/47/545 859/45/543
f 804/19/488 803/21/487 862/21/546
f 804/19/488 862/21/546 860/19/544
f 769/47/453 805/49/489 863/49/547
f 769/47/453 863/49/547 861/47/545
f 803/21/487 806/23/490 864/23/548
f 803/21/487 864/23/548 862/21/546
f 805/49/489 799/51/483 802/51/486
f 805/49/489 802/51/486 863/49/547
f 806/23/490 807/25/491 837/25/521
f 806/23/490 837/25/521 864/23/548
f 865/63/549 866/65/550 867/65/551
f 865/63/549 867/65/551 868/63/552
f 842/31/526 844/33/528 869/33/553
f 842/31/526 869/33/553 870/31/554
f 843/5/527 845/7/529 871/7/555
f 843/5/527 871/7/555 872/5/556
f 833/59/517 846/61/530 873/61/557
f 833/59/517 873/61/557 834/59/518
f 844/33/528 847/35/531 874/35/558
f 844/33/528 874/35/558 869/33/553
f 845/7/529 848/9/532 875/9/559
f 845/7/529 875/9/559 871/7/555
f 846/61/530 849/63/533 865/63/549
f 846/61/530 865/63/549 873/61/557
f 847/35/531 850/37/534 876/37/560
f 847/35/531 876/37/560 874/35/558
f 848/9/532 851/11/535 877/11/561
f 848/9/532 877/11/561 875/9/559
f 849/63/533 852/65/536 866/65/550
f 849/63/533 866/65/550 865/63/549
f 850/37/534 853/39/537 878/39/562
f 850/37/534 878/39/562 876/37/560
f 851/11/535 854/13/538 879/13/563
f 851/11/535 879/13/563 877/11/561
f 853/39/537 855/41/539 880/41/564
f 853/39/537 880/41/564 878/39/562
f 854/13/538 856/15/540 881/15/565
f 854/13/538 881/15/565 879/13/563
f 855/41/539 857/43/541 882/43/566
f 855/41/539 882/43/566 880/41/564
f 856/15/540 858/17/542 883/17/567
f 856/15/540 883/17/567 881/15/565
f 857/43/541 859/45/543 884/45/568
f 857/43/541 884/45/568 882/43/566
f 858/17/542 860/19/544 885/19/569
f 858/17/542 885/19/569 883/17/567
f 859/45/543 861/47/545 886/47/570
f 859/45/543 886/47/570 884/45/568
f 860/19/544 862/21/546 887/21/571
f 860/19/544 887/21/571 885/19/569
f 861/47/545 863/49/547 888/49/572
f 861/47/545 888/49/572 886/47/570
f 862/21/546 864/23/548 889/23/573
f 862/21/546 889/23/573 887/21/571
f 863/49/547 802/51/486 890/51/574
f 863/49/547 890/51/574 888/49/572
f 864/23/548 837/25/521 891/25/575
f 864/23/548 891/25/575 889/23/573
f 802/51/486 801/53/485 892/53/576
f 802/51/486 892/53/576 890/51/574
f 837/25/521 836/27/520 893/27/577
f 837/25/521 893/27/577 891/25/575
f 801/53/485 838/55/522 894/55/578
f 801/53/485 894/55/578 892/53/576
f 836/27/520 839/29/523 895/29/579
f 836/27/520 895/29/579 893/27/577
f 841/2/525 840/3/524 896/3/580
f 841/2/525 896/3/580 897/2/581
f 838/55/522 832/57/516 835/57/519
f 838/55/522 835/57/519 894/55/578
f 839/29/523 842/31/526 870/31/554
f 839/29/523 870/31/554 895/29/579
f 840/3/524 843/5/527 872/5/556
f 840/3/524 872/5/556 896/3/580
f 898/43/582 899/45/583 900/45/584
f 898/43/582 900/45/584 901/43/585
f 876/37/560 878/39/562 902/39/586
f 876/37/560 902/39/586 903/37/587
f 877/11/561 879/13/563 904/13/588
f 877/11/561 904/13/588 905/11/589
f 878/39/562 880/41/564 906/41/590
f 878/39/562 906/41/590 902/39/586
f 879/13/563 881/15/565 907/15/591
f 879/13/563 907/15/591 904/13/588
f 880/41/564 882/43/566 898/43/582
f 880/41/564 898/43/582 906/41/590
f 881/15/565 883/17/567 908/17/592
f 881/15/565 908/17/592 907/15/591
f 882/43/566 884/45/568 899/45/583
f 882/43/566 899/45/583 898/43/582
f 883/17/567 885/19/569 909/19/593
f 883/17/567 909/19/593 908/17/592
f 884/45/568 886/47/570 910/47/594
f 884/45/568 910/47/594 899/45/583
f 885/19/569 887/21/571 911/21/595
f 885/19/569 911/21/595 909/19/593
f 886/47/570 888/49/572 912/49/596
f 886/47/570 912/49/596 910/47/594
f 887/21/571 889/23/573 913/23/597
f 887/21/571 913/23/597 911/21/595
f 888/49/572 890/51/574 914/51/598
f 888/49/572 914/51/598 912/49/596
f 889/23/573 891/25/575 915/25/599
f 889/23/573 915/25/599 913/23/597
f 890/51/574 892/53/576 916/53/600
f 890/51/574 916/53/600 914/51/598
f 891/25/575 893/27/577 917/27/601
f 891/25/575 917/27/601 915/25/599
f 892/53/576 894/55/578 918/55/602
f 892/53/576 918/55/602 916/53/600
f 893/27/577 895/29/579 919/29/603
f 893/27/577 919/29/603 917/27/601
f 897/2/581 896/3/580 920/3/604
f 897/2/581 920/3/604 921/2/551
f 894/55/578 835/57/519 922/57/605
f 894/55/578 922/57/605 918/55/602
f 895/29/579 870/31/554 923/31/606
f 895/29/579 923/31/606 919/29/603
f 896/3/580 872/5/556 924/5/607
f 896/3/580 924/5/607 920/3/604
f 835/57/519 834/59/518 925/59/608
f 835/57/519 925/59/608 922/57/605
f 870/31/554 869/33/553 926/33/609
f 870/31/554 926/33/609 923/31/606
f 872/5/556 871/7/555 927/7/610
f 872/5/556 927/7/610 924/5/607
f 834/59/518 873/61/557 928/61/611
f 834/59/518 928/61/611 925/59/608
f 869/33/553 874/35/558 929/35/612
f 869/33/553 929/35/612 926/33/609
f 871/7/555 875/9/559 930/9/613
f 871/7/555 930/9/613 927/7/610
f 873/61/557 865/63/549 868/63/552
f 873/61/557 868/63/552 928/61/611
f 874/35/558 876/37/560 903/37/587
f 874/35/558 903/37/587 929/35/612
f 875/9/559 877/11/561 905/11/589
f 875/9/559 905/11/589 930/9/613
f 931/49/614 932/51/615 933/51/616
f 931/49/614 933/51/616 934/49/617
f 908/17/592 909/19/593 935/19/618
f 908/17/592 935/19/618 936/17/619
f 899/45/583 910/47/594 937/47/620
f 899/45/583 937/47/620 900/45/584
f 909/19/593 911/21/595 938/21/621
f 909/19/593 938/21/621 935/19/618
f 910/47/594 912/49/596 931/49/614
f 910/47/594 931/49/614 937/47/620
f 911/21/595 913/23/597 939/23/622
f 911/21/595 939/23/622 938/21/621
f 912/49/596 914/51/598 932/51/615
f 912/49/596 932/51/615 931/49/614
f 913/23/597 915/25/599 940/25/623
f 913/23/597 940/25/623 939/23/622
f 914/51/598 916/53/600 941/53/624
f 914/51/598 941/53/624 932/51/615
f 915/25/599 917/27/601 942/27/625
f 915/25/599 942/27/625 940/25/623
f 916/53/600 918/55/602 943/55/626
f 916/53/600 943/55/626 941/53/624
f 917/27/601 919/29/603 944/29/627
f 917/27/601 944/29/627 942/27/625
f 921/2/551 920/3/604 945/3/628
f 921/2/551 945/3/628 946/2/629
f 918/55/602 922/57/605 947/57/630
f 918/55/602 947/57/630 943/55/626
f 919/29/603 923/31/606 948/31/631
f 919/29/603 948/31/631 944/29/627
f 920/3/604 924/5/607 949/5/632
f 920/3/604 949/5/632 945/3/628
f 922/57/605 925/59/608 950/59/633
f 922/57/605 950/59/633 947/57/630
f 923/31/606 926/33/609 951/33/634
f 923/31/606 951/33/634 948/31/631
f 924/5/607 927/7/610 952/7/635
f 924/5/607 952/7/635 949/5/632
f 925/59/608 928/61/611 953/61/636
f 925/59/608 953/61/636 950/59/633
f 926/33/609 929/35/612 954/35/637
f 926/33/609 954/35/637 951/33/634
f 927/7/610 930/9/613 955/9/638
f 927/7/610 955/9/638 952/7/635
f 928/61/611 868/63/552 956/63/639
f 928/61/611 956/63/639 953/61/636
f 929/35/612 903/37/587 957/37/640
f 929/35/612 957/37/640 954/35/637
f 930/9/613 905/11/589 958/11/641
f 930/9/613 958/11/641 955/9/638
f 868/63/552 867/65/551 959/65/629
f 868/63/552 959/65/629 956/63/639
f 903/37/587 902/39/586 960/39/642
f 903/37/587 960/39/642 957/37/640
f 905/11/589 904/13/588 961/13/643
f 905/11/589 961/13/643 958/11/641
f 902/39/586 906/41/590 962/41/644
f 902/39/586 962/41/644 960/39/642
f 904/13/588 907/15/591 963/15/645
f 904/13/588 963/15/645 961/13/643
f 906/41/590 898/43/582 901/43/585
f 906/41/590 901/43/585 962/41/644
f 907/15/591 908/17/592 936/17/619
f 907/15/591 936/17/619 963/15/645
f 964/2/646 965/3/647 966/3/648
f 964/2/646 966/3/648 967/2/649
f 939/23/622 940/25/623 968/25/650
f 939/23/622 968/25/650 969/23/651
f 932/51/615 941/53/624 970/53/652
f 932/51/615 970/53/652 933/51/616
f 940/25/623 942/27/625 971/27/653
f 940/25/623 971/27/653 968/25/650
f 941/53/624 943/55/626 972/55/654
f 941/53/624 972/55/654 970/53/652
f 942/27/625 944/29/627 973/29/655
f 942/27/625 973/29/655 971/27/653
f 946/2/629 945/3/628 965/3/647
f 946/2/629 965/3/647 964/2/646
f 943/55/626 947/57/630 974/57/656
f 943/55/626 974/57/656 972/55/654
f 944/29/627 948/31/631 975/31/657
f 944/29/627 975/31/657 973/29/655
f 945/3/628 949/5/632 976/5/658
f 945/3/628 976/5/658 965/3/647
f 947/57/630 950/59/633 977/59/659
f 947/57/630 977/59/659 974/57/656
f 948/31/631 951/33/634 978/33/660
f 948/31/631 978/33/660 975/31/657
f 949/5/632 952/7/635 979/7/661
f 949/5/632 979/7/661 976/5/658
f 950/59/633 953/61/636 980/61/662
f 950/59/633 980/61/662 977/59/659
f 951/33/634 954/35/637 981/35/663
f 951/33/634 981/35/663 978/33/660
f 952/7/635 955/9/638 982/9/664
f 952/7/635 982/9/664 979/7/661
f 953/61/636 956/63/639 983/63/665
f 953/61/636 983/63/665 980/61/662
f 954/35/637 957/37/640 984/37/666
f 954/35/637 984/37/666 981/35/663
f 955/9/638 958/11/641 985/11/667
f 955/9/638 985/11/667 982/9/664
f 956/63/639 959/65/629 986/65/668
f 956/63/639 986/65/668 983/63/665
f 957/37/640 960/39/642 987/39/669
f 957/37/640 987/39/669 984/37/666
f 958/11/641 961/13/643 988/13/670
f 958/11/641 988/13/670 985/11/667
f 960/39/642 962/41/644 989/41/671
f 960/39/642 989/41/671 987/39/669
f 961/13/643 963/15/645 990/15/672
f 961/13/643 990/15/672 988/13/670
f 962/41/644 901/43/585 991/43/673
f 962/41/644 991/43/673 989/41/671
f 963/15/645 936/17/619 992/17/674
f 963/15/645 992/17/674 990/15/672
f 901/43/585 900/45/584 993/45/675
f 901/43/585 993/45/675 991/43/673
f 936/17/619 935/19/618 994/19/676
f 936/17/619 994/19/676 992/17/674
f 900/45/584 937/47/620 995/47/677
f 900/45/584 995/47/677 993/45/675
f 935/19/618 938/21/621 996/21/678
f 935/19/618 996/21/678 994/19/676
f 937/47/620 931/49/614 934/49/617
f 937/47/620 934/49/617 995/47/677
f 938/21/621 939/23/622 969/23/651
f 938/21/621 969/23/651 996/21/678
f 997/63/679 998/61/680 999/61/681
f 997/63/679 999/61/681 1000/63/682
f 972/55/654 974/57/656 1001/57/683
f 972/55/654 1001/57/683 1002/55/684
f 973/29/655 975/31/657 1003/31/685
f 973/29/655 1003/31/685 1004/29/686
f 965/3/647 976/5/658 1005/5/687
f 965/3/647 1005/5/687 966/3/648
f 974/57/656 977/59/659 1006/59/688
f 974/57/656 1006/59/688 1001/57/683
f 975/31/657 978/33/660 1007/33/689
f 975/31/657 1007/33/689 1003/31/685
f 976/5/658 979/7/661 1008/7/690
f 976/5/658 1008/7/690 1005/5/687
f 977/59/659 980/61/662 999/61/681
f 977/59/659 999/61/681 1006/59/688
f 978/33/660 981/35/663 1009/35/691
f 978/33/660 1009/35/691 1007/33/689
f 979/7/661 982/9/664 1010/9/692
f 979/7/661 1010/9/692 1008/7/690
f 980/61/662 983/63/665 1000/63/682
f 980/61/662 1000/63/682 999/61/681
f 981/35/663 984/37/666 1011/37/693
f 981/35/663 1011/37/693 1009/35/691
f 982/9/664 985/11/667 1012/11/694
f 982/9/664 1012/11/694 1010/9/692
f 983/63/665 986/65/668 1013/65/695
f 983/63/665 1013/65/695 1000/63/682
f 984/37/666 987/39/669 1014/39/696
f 984/37/666 1014/39/696 1011/37/693
f 985/11/667 988/13/670 1015/13/697
f 985/11/667 1015/13/697 1012/11/694
f 987/39/669 989/41/671 1016/41/698
f 987/39/669 1016/41/698 1014/39/696
f 988/13/670 990/15/672 1017/15/699
f 988/13/670 1017/15/699 1015/13/697
f 989/41/671 991/43/673 1018/43/700
f 989/41/671 1018/43/700 1016/41/698
f 990/15/672 992/17/674 1019/17/701
f 990/15/672 1019/17/701 1017/15/699
f 991/43/673 993/45/675 1020/45/702
f 991/43/673 1020/45/702 1018/43/700
f 992/17/674 994/19/676 1021/19/703
f 992/17/674 1021/19/703 1019/17/701
f 993/45/675 995/47/677 1022/47/704
f 993/45/675 1022/47/704 1020/45/702
f 994/19/676 996/21/678 1023/21/705
f 994/19/676 1023/21/705 1021/19/703
f 995/47/677 934/49/617 1024/49/706
f 995/47/677 1024/49/706 1022/47/704
f 996/21/678 969/23/651 1025/23/707
f 996/21/678 1025/23/707 1023/21/705
f 934/49/617 933/51/616 1026/51/708
f 934/49/617 1026/51/708 1024/49/706
f 969/23/651 968/25/650 1027/25/709
f 969/23/651 1027/25/709 1025/23/707
f 933/51/616 970/53/652 1028/53/710
f 933/51/616 1028/53/710 1026/51/708
f 968/25/650 971/27/653 1029/27/711
f 968/25/650 1029/27/711 1027/25/709
f 970/53/652 972/55/654 1002/55/684
f 970/53/652 1002/55/684 1028/53/710
f 971/27/653 973/29/655 1004/29/686
f 971/27/653 1004/29/686 1029/27/711
f 138/25/712 1030/25/713 1031/27/714
f 138/25/712 1031/27/714 137/27/715
f 1032/65/716 997/63/679 1000/63/682
f 1032/65/716 1000/63/682 1013/65/695
f 145/53/48 1033/53/717 1034/55/718
f 145/53/48 1034/55/718 146/55/49
f 137/27/715 1031/27/714 1035/29/719
f 137/27/715 1035/29/719 147/29/50
f 148/2/51 1036/2/720 1037/3/721
f 148/2/51 1037/3/721 149/3/52
f 146/55/49 1034/55/718 1038/57/722
f 146/55/49 1038/57/722 150/57/53
f 147/29/50 1035/29/719 1039/31/723
f 147/29/50 1039/31/723 151/31/54
f 149/3/52 1037/3/721 1040/5/724
f 149/3/52 1040/5/724 152/5/55
f 150/57/53 1038/57/722 1041/59/725
f 150/57/53 1041/59/725 153/59/56
f 151/31/54 1039/31/723 1042/33/726
f 151/31/54 1042/33/726 154/33/57
f 152/5/55 1040/5/724 1043/7/727
f 152/5/55 1043/7/727 155/7/58
f 153/59/56 1041/59/725 998/61/680
f 153/59/56 998/61/680 156/61/59
f 154/33/57 1042/33/726 1044/35/728
f 154/33/57 1044/35/728 157/35/60
f 155/7/58 1043/7/727 1045/9/729
f 155/7/58 1045/9/729 158/9/730
f 156/61/59 998/61/680 997/63/679
f 156/61/59 997/63/679 159/63/62
f 157/35/60 1044/35/728 1046/37/731
f 157/35/60 1046/37/731 160/37/63
f 158/9/730 1045/9/729 1047/11/732
f 158/9/730 1047/11/732 161/11/733
f 159/63/62 997/63/679 1032/65/716
f 159/63/62 1032/65/716 162/65/65
f 160/37/63 1046/37/731 1048/39/734
f 160/37/63 1048/39/734 163/39/66
f 161/11/733 1047/11/732 1049/13/735
f 161/11/733 1049/13/735 164/13/736
f 163/39/66 1048/39/734 1050/41/737
f 163/39/66 1050/41/737 165/41/68
f 164/13/736 1049/13/735 1051/15/738
f 164/13/736 1051/15/738 166/15/739
f 165/41/68 1050/41/737 1052/43/740
f 165/41/68 1052/43/740 167/43/70
f 166/15/739 1051/15/738 1053/17/741
f 166/15/739 1053/17/741 168/17/742
f 167/43/70 1052/43/740 1054/45/743
f 167/43/70 1054/45/743 169/45/72
f 168/17/742 1053/17/741 1055/19/744
f 168/17/742 1055/19/744 106/19/89
f 169/45/72 1054/45/743 1056/47/745
f 169/45/72 1056/47/745 141/47/43
f 106/19/89 1055/19/744 1057/21/746
f 106/19/89 1057/21/746 107/21/91
f 141/47/43 1056/47/745 1058/49/747
f 141/47/43 1058/49/747 142/49/44
f 107/21/91 1057/21/746 1059/23/748
f 107/21/91 1059/23/748 143/23/93
f 142/49/44 1058/49/747 1060/51/749
f 142/49/44 1060/51/749 144/51/46
f 143/23/93 1059/23/748 1030/25/713
f 143/23/93 1030/25/713 138/25/712
f 144/51/46 1060/51/749 1033/53/717
f 144/51/46 1033/53/717 145/53/48
f 998/61/680 1041/59/725 1006/59/688
f 998/61/680 1006/59/688 999/61/681
f 1041/59/725 1038/57/722 1001/57/683
f 1041/59/725 1001/57/683 1006/59/688
f 1038/57/722 1034/55/718 1002/55/684
f 1038/57/722 1002/55/684 1001/57/683
f 1034/55/718 1033/53/717 1028/53/710
f 1034/55/718 1028/53/710 1002/55/684
f 1033/53/717 1060/51/749 1026/51/708
f 1033/53/717 1026/51/708 1028/53/710
f 1060/51/749 1058/49/747 1024/49/706
f 1060/51/749 1024/49/706 1026/51/708
f 1058/49/747 1056/47/745 1022/47/704
f 1058/49/747 1022/47/704 1024/49/706
f 1056/47/745 1054/45/743 1020/45/702
f 1056/47/745 1020/45/702 1022/47/704
f 1054/45/743 1052/43/740 1018/43/700
f 1054/45/743 1018/43/700 1020/45/702
f 1052/43/740 1050/41/737 1016/41/698
f 1052/43/740 1016/41/698 1018/43/700
f 1050/41/737 1048/39/734 1014/39/696
f 1050/41/737 1014/39/696 1016/41/698
f 1048/39/734 1046/37/731 1011/37/693
f 1048/39/734 1011/37/693 1014/39/696
f 1046/37/731 1044/35/728 1009/35/691
f 1046/37/731 1009/35/691 1011/37/693
f 1044/35/728 1042/33/726 1007/33/689
f 1044/35/728 1007/33/689 1009/35/691
f 1042/33/726 1039/31/723 1003/31/685
f 1042/33/726 1003/31/685 1007/33/689
f 1039/31/723 1035/29/719 1004/29/686
f 1039/31/723 1004/29/686 1003/31/685
f 1035/29/719 1031/27/714 1029/27/711
f 1035/29/719 1029/27/711 1004/29/686
f 1031/27/714 1030/25/713 1027/25/709
f 1031/27/714 1027/25/709 1029/27/711
f 1030/25/713 1059/23/748 1025/23/707
f 1030/25/713 1025/23/707 1027/25/709
f 1059/23/748 1057/21/746 1023/21/705
f 1059/23/748 1023/21/705 1025/23/707
f 1057/21/746 1055/19/744 1021/19/703
f 1057/21/746 1021/19/703 1023/21/705
f 1055/19/744 1053/17/741 1019/17/701
f 1055/19/744 1019/17/701 1021/19/703
f 1053/17/741 1051/15/738 1017/15/699
f 1053/17/741 1017/15/699 1019/17/701
f 1051/15/738 1049/13/735 1015/13/697
f 1051/15/738 1015/13/697 1017/15/699
f 1049/13/735 1047/11/732 1012/11/694
f 1049/13/735 1012/11/694 1015/13/697
f 1047/11/732 1045/9/729 1010/9/692
f 1047/11/732 1010/9/692 1012/11/694
f 1045/9/729 1043/7/727 1008/7/690
f 1045/9/729 1008/7/690 1010/9/692
f 1043/7/727 1040/5/724 1005/5/687
f 1043/7/727 1005/5/687 1008/7/690
f 1040/5/724 1037/3/721 966/3/648
f 1040/5/724 966/3/648 1005/5/687
f 1037/3/721 1036/2/720 967/2/649
f 1037/3/721 967/2/649 966/3/648
s 3
f 1061/8/750 1062/7/751 1063/9/752
f 1061/8/750 1063/9/752 1064/10/753
s 4
f 1065/7/4 1066/5/3 1067/5/3
f 1065/7/4 1067/5/3 1068/7/4
s 5
f 1069/1/249 1070/2/1 1071/3/2
f 1069/1/249 1071/3/2 1072/4/754
s 3
f 1073/14/755 1074/16/756 1075/16/757
f 1073/14/755 1075/16/757 1076/14/758
s 4
f 1077/23/12 1078/21/11 1079/21/11
f 1077/23/12 1079/21/11 1080/23/12
s 5
f 1072/4/754 1071/3/2 1081/5/3
f 1072/4/754 1081/5/3 1082/6/759
s 3
f 1083/12/760 1084/11/761 1085/13/762
f 1083/12/760 1085/13/762 1073/14/755
s 4
f 1086/39/20 1087/37/19 1088/37/19
f 1086/39/20 1088/37/19 1089/39/20
s 5
f 1082/6/759 1081/5/3 1090/7/4
f 1082/6/759 1090/7/4 1091/8/763
s 3
f 1073/14/755 1085/13/762 1092/15/764
f 1073/14/755 1092/15/764 1074/16/756
s 4
f 1093/55/28 1094/53/27 1095/53/27
f 1093/55/28 1095/53/27 1096/55/28
s 5
f 1091/8/763 1090/7/4 1097/9/5
f 1091/8/763 1097/9/5 1098/10/765
s 3
f 1074/16/756 1092/15/764 1099/17/766
f 1074/16/756 1099/17/766 1100/18/767
s 4
f 1101/59/30 1102/57/29 1103/57/29
f 1101/59/30 1103/57/29 1104/59/30
s 5
f 1098/10/765 1097/9/5 1105/11/6
f 1098/10/765 1105/11/6 1106/12/768
s 3
f 1100/18/767 1099/17/766 1107/19/769
f 1100/18/767 1107/19/769 1108/20/770
s 4
f 1109/65/249 1110/63/32 1111/63/32
f 1109/65/249 1111/63/32 1112/65/33
s 5
f 1106/12/768 1105/11/6 1113/13/7
f 1106/12/768 1113/13/7 1114/14/771
s 3
f 1108/20/770 1107/19/769 1115/21/772
f 1108/20/770 1115/21/772 1116/22/773
s 4
f 1117/17/9 1118/15/8 1119/15/8
f 1117/17/9 1119/15/8 1120/17/9
s 5
f 1114/14/771 1113/13/7 1121/15/774
f 1114/14/771 1121/15/774 1122/16/775
s 3
f 1116/22/773 1115/21/772 1123/23/776
f 1116/22/773 1123/23/776 1124/24/777
s 4
f 1125/33/17 1126/31/16 1127/31/16
f 1125/33/17 1127/31/16 1128/33/17
s 5
f 1122/16/775 1121/15/774 1129/17/9
f 1122/16/775 1129/17/9 1130/18/778
s 3
f 1124/24/777 1123/23/776 1131/25/779
f 1124/24/777 1131/25/779 1132/26/780
s 4
f 1133/49/25 1134/47/24 1135/47/24
f 1133/49/25 1135/47/24 1136/49/25
s 5
f 1130/18/778 1129/17/9 1137/19/781
f 1130/18/778 1137/19/781 1138/20/782
s 3
f 1132/26/780 1131/25/779 1139/27/783
f 1132/26/780 1139/27/783 1140/28/784
s 4
f 1141/11/6 1142/9/5 1143/9/5
f 1141/11/6 1143/9/5 1144/11/6
s 5
f 1138/20/782 1137/19/781 1145/21/11
f 1138/20/782 1145/21/11 1146/22/785
s 3
f 1140/28/784 1139/27/783 1147/29/786
f 1140/28/784 1147/29/786 1148/30/787
s 4
f 1149/27/14 1150/25/13 1151/25/13
f 1149/27/14 1151/25/13 1152/27/14
s 5
f 1146/22/785 1145/21/11 1153/23/12
f 1146/22/785 1153/23/12 1154/24/788
s 3
f 1148/30/787 1147/29/786 1155/31/789
f 1148/30/787 1155/31/789 1156/32/790
s 4
f 1157/43/22 1158/41/21 1159/41/21
f 1157/43/22 1159/41/21 1160/43/22
s 5
f 1154/24/788 1153/23/12 1161/25/13
f 1154/24/788 1161/25/13 1162/26/791
s 3
f 1156/32/790 1155/31/789 1163/33/792
f 1156/32/790 1163/33/792 1164/34/793
s 4
f 1110/63/32 1165/61/31 1166/61/31
f 1110/63/32 1166/61/31 1111/63/32
s 5
f 1162/26/791 1161/25/13 1167/27/14
f 1162/26/791 1167/27/14 1168/28/794
s 3
f 1164/34/793 1163/33/792 1169/35/795
f 1164/34/793 1169/35/795 1170/36/796
s 4
f 1066/5/3 1171/3/2 1172/3/2
f 1066/5/3 1172/3/2 1067/5/3
s 5
f 1168/28/794 1167/27/14 1173/29/15
f 1168/28/794 1173/29/15 1174/30/797
s 3
f 1170/36/796 1169/35/795 1175/37/798
f 1170/36/796 1175/37/798 1176/38/799
s 4
f 1078/21/11 1177/19/10 1178/19/10
f 1078/21/11 1178/19/10 1079/21/11
s 5
f 1174/30/797 1173/29/15 1179/31/16
f 1174/30/797 1179/31/16 1180/32/800
s 3
f 1176/38/799 1175/37/798 1181/39/801
f 1176/38/799 1181/39/801 1182/40/802
s 4
f 1087/37/19 1183/35/18 1184/35/18
f 1087/37/19 1184/35/18 1088/37/19
s 5
f 1180/32/800 1179/31/16 1185/33/17
f 1180/32/800 1185/33/17 1186/34/803
s 3
f 1182/40/802 1181/39/801 1187/41/804
f 1182/40/802 1187/41/804 1188/42/805
s 4
f 1094/53/27 1189/51/26 1190/51/26
f 1094/53/27 1190/51/26 1095/53/27
s 5
f 1186/34/803 1185/33/17 1191/35/18
f 1186/34/803 1191/35/18 1192/36/806
s 3
f 1188/42/805 1187/41/804 1193/43/807
f 1188/42/805 1193/43/807 1194/44/808
s 4
f 1102/57/29 1093/55/28 1096/55/28
f 1102/57/29 1096/55/28 1103/57/29
s 5
f 1192/36/806 1191/35/18 1195/37/19
f 1192/36/806 1195/37/19 1196/38/809
s 3
f 1194/44/808 1193/43/807 1197/45/810
f 1194/44/808 1197/45/810 1198/46/811
s 4
f 1118/15/8 1199/13/7 1200/13/7
f 1118/15/8 1200/13/7 1119/15/8
s 5
f 1196/38/809 1195/37/19 1201/39/20
f 1196/38/809 1201/39/20 1202/40/812
s 3
f 1198/46/811 1197/45/810 1203/47/813
f 1198/46/811 1203/47/813 1204/48/814
s 4
f 1126/31/16 1205/29/15 1206/29/15
f 1126/31/16 1206/29/15 1127/31/16
s 5
f 1202/40/812 1201/39/20 1207/41/21
f 1202/40/812 1207/41/21 1208/42/815
s 3
f 1204/48/814 1203/47/813 1209/49/816
f 1204/48/814 1209/49/816 1210/50/817
s 4
f 1134/47/24 1211/45/23 1212/45/23
f 1134/47/24 1212/45/23 1135/47/24
s 5
f 1208/42/815 1207/41/21 1213/43/22
f 1208/42/815 1213/43/22 1214/44/818
s 3
f 1210/50/817 1209/49/816 1215/51/819
f 1210/50/817 1215/51/819 1216/52/820
s 4
f 1142/9/5 1065/7/4 1068/7/4
f 1142/9/5 1068/7/4 1143/9/5
s 5
f 1214/44/818 1213/43/22 1217/45/23
f 1214/44/818 1217/45/23 1218/46/821
s 3
f 1216/52/820 1215/51/819 1219/53/822
f 1216/52/820 1219/53/822 1220/54/823
s 4
f 1150/25/13 1077/23/12 1080/23/12
f 1150/25/13 1080/23/12 1151/25/13
s 5
f 1218/46/821 1217/45/23 1221/47/24
f 1218/46/821 1221/47/24 1222/48/824
s 3
f 1220/54/823 1219/53/822 1223/55/825
f 1220/54/823 1223/55/825 1224/56/826
s 4
f 1158/41/21 1086/39/20 1089/39/20
f 1158/41/21 1089/39/20 1159/41/21
s 5
f 1222/48/824 1221/47/24 1225/49/25
f 1222/48/824 1225/49/25 1226/50/827
s 3
f 1224/56/826 1223/55/825 1227/57/828
f 1224/56/826 1227/57/828 1228/58/829
s 4
f 1165/61/31 1101/59/30 1104/59/30
f 1165/61/31 1104/59/30 1166/61/31
s 5
f 1226/50/827 1225/49/25 1229/51/26
f 1226/50/827 1229/51/26 1230/52/830
s 3
f 1228/58/829 1227/57/828 1231/59/831
f 1228/58/829 1231/59/831 1232/60/832
s 4
f 1177/19/10 1117/17/9 1120/17/9
f 1177/19/10 1120/17/9 1178/19/10
s 5
f 1230/52/830 1229/51/26 1233/53/27
f 1230/52/830 1233/53/27 1234/54/833
s 3
f 1232/60/832 1231/59/831 1235/61/834
f 1232/60/832 1235/61/834 1236/62/835
s 4
f 1183/35/18 1125/33/17 1128/33/17
f 1183/35/18 1128/33/17 1184/35/18
s 5
f 1234/54/833 1233/53/27 1237/55/28
f 1234/54/833 1237/55/28 1238/56/836
s 3
f 1239/46/837 1240/48/838 1203/47/813
f 1239/46/837 1203/47/813 1197/45/810
s 4
f 1189/51/26 1133/49/25 1136/49/25
f 1189/51/26 1136/49/25 1190/51/26
s 5
f 1238/56/836 1237/55/28 1241/57/29
f 1238/56/836 1241/57/29 1242/58/839
s 4
f 1171/3/2 1243/2/1 1244/2/1
f 1171/3/2 1244/2/1 1172/3/2
f 1199/13/7 1141/11/6 1144/11/6
f 1199/13/7 1144/11/6 1200/13/7
s 5
f 1242/58/839 1241/57/29 1245/59/30
f 1242/58/839 1245/59/30 1246/60/840
s 4
f 1205/29/15 1149/27/14 1152/27/14
f 1205/29/15 1152/27/14 1206/29/15
f 1067/5/3 1172/3/2 1247/3/841
f 1067/5/3 1247/3/841 1248/5/842
s 5
f 1246/60/840 1245/59/30 1249/61/31
f 1246/60/840 1249/61/31 1250/62/843
f 1217/45/23 1213/43/22 1251/43/22
f 1217/45/23 1251/43/22 1252/45/23
s 4
f 1253/32/800 1254/34/803 1255/34/844
f 1253/32/800 1255/34/844 1256/32/845
s 5
f 1250/62/843 1249/61/31 1257/63/32
f 1250/62/843 1257/63/32 1258/64/846
s 3
f 1064/10/753 1063/9/752 1084/11/761
f 1064/10/753 1084/11/761 1083/12/760
s 4
f 1259/64/846 1110/63/32 1109/65/249
f 1259/64/846 1109/65/249 1260/66/847
s 5
f 1258/64/846 1257/63/32 1261/65/249
f 1258/64/846 1261/65/249 1262/66/848
f 1180/32/800 1186/34/803 1263/34/844
f 1180/32/800 1263/34/844 1264/32/845
s 3
f 1265/6/849 1266/5/850 1062/7/751
f 1265/6/849 1062/7/751 1061/8/750
f 1267/64/851 1268/63/852 1269/65/853
f 1267/64/851 1269/65/853 1270/66/33
f 1271/4/854 1272/3/855 1266/5/850
f 1271/4/854 1266/5/850 1265/6/849
f 1273/1/1 1274/2/856 1272/3/855
f 1273/1/1 1272/3/855 1271/4/854
f 1236/62/835 1235/61/834 1268/63/852
f 1236/62/835 1268/63/852 1267/64/851
s 6
f 1275/8/857 1276/7/4 1277/9/5
f 1275/8/857 1277/9/5 1278/10/858
f 1279/16/859 1280/18/860 1281/18/861
f 1279/16/859 1281/18/861 1282/16/862
f 1283/12/863 1284/11/6 1285/13/7
f 1283/12/863 1285/13/7 1286/14/864
f 1286/14/864 1285/13/7 1287/15/8
f 1286/14/864 1287/15/8 1279/16/859
f 1279/16/859 1287/15/8 1288/17/9
f 1279/16/859 1288/17/9 1280/18/860
f 1280/18/860 1288/17/9 1289/19/10
f 1280/18/860 1289/19/10 1290/20/865
f 1290/20/865 1289/19/10 1291/21/11
f 1290/20/865 1291/21/11 1292/22/866
f 1292/22/866 1291/21/11 1293/23/12
f 1292/22/866 1293/23/12 1294/24/867
f 1294/24/867 1293/23/12 1295/25/13
f 1294/24/867 1295/25/13 1296/26/868
f 1296/26/868 1295/25/13 1297/27/14
f 1296/26/868 1297/27/14 1298/28/869
f 1298/28/869 1297/27/14 1299/29/15
f 1298/28/869 1299/29/15 1300/30/870
f 1300/30/870 1299/29/15 1301/31/16
f 1300/30/870 1301/31/16 1302/32/871
f 1302/32/871 1301/31/16 1303/33/17
f 1302/32/871 1303/33/17 1304/34/17
f 1304/34/17 1303/33/17 1305/35/18
f 1304/34/17 1305/35/18 1306/36/872
f 1306/36/872 1305/35/18 1307/37/19
f 1306/36/872 1307/37/19 1308/38/873
f 1308/38/873 1307/37/19 1309/39/20
f 1308/38/873 1309/39/20 1310/40/874
f 1310/40/874 1309/39/20 1311/41/21
f 1310/40/874 1311/41/21 1312/42/875
f 1312/42/875 1311/41/21 1313/43/22
f 1312/42/875 1313/43/22 1314/44/876
f 1314/44/876 1313/43/22 1315/45/23
f 1314/44/876 1315/45/23 1316/46/877
f 1316/46/877 1315/45/23 1317/47/24
f 1316/46/877 1317/47/24 1318/48/878
f 1318/48/878 1317/47/24 1319/49/25
f 1318/48/878 1319/49/25 1320/50/879
f 1320/50/879 1319/49/25 1321/51/26
f 1320/50/879 1321/51/26 1322/52/880
f 1322/52/880 1321/51/26 1323/53/27
f 1322/52/880 1323/53/27 1324/54/881
f 1324/54/881 1323/53/27 1325/55/28
f 1324/54/881 1325/55/28 1326/56/882
f 1326/56/882 1325/55/28 1327/57/29
f 1326/56/882 1327/57/29 1328/58/883
f 1328/58/883 1327/57/29 1329/59/30
f 1328/58/883 1329/59/30 1330/60/884
f 1330/60/884 1329/59/30 1331/61/31
f 1330/60/884 1331/61/31 1332/62/885
f 1289/19/10 1288/17/9 1333/17/886
f 1289/19/10 1333/17/886 1334/19/887
f 1278/10/858 1277/9/5 1284/11/6
f 1278/10/858 1284/11/6 1283/12/863
f 1335/6/888 1336/5/3 1276/7/4
f 1335/6/888 1276/7/4 1275/8/857
f 1337/64/889 1338/63/32 1339/65/33
f 1337/64/889 1339/65/33 1340/66/33
f 1341/4/890 1342/3/2 1336/5/3
f 1341/4/890 1336/5/3 1335/6/888
f 1343/1/1 1344/2/1 1342/3/2
f 1343/1/1 1342/3/2 1341/4/890
f 1332/62/885 1331/61/31 1338/63/32
f 1332/62/885 1338/63/32 1337/64/889
s 7
f 1345/8/4 1346/7/891 1347/9/892
f 1345/8/4 1347/9/892 1348/10/5
f 1345/8/4 1348/10/5 1349/10/893
f 1345/8/4 1349/10/893 1350/8/894
f 1351/12/6 1352/11/895 1353/13/896
f 1351/12/6 1353/13/896 1354/14/7
f 1354/14/7 1353/13/896 1355/15/897
f 1354/14/7 1355/15/897 1356/16/774
f 1356/16/774 1355/15/897 1357/17/898
f 1356/16/774 1357/17/898 1358/18/9
f 1358/18/9 1357/17/898 1359/19/899
f 1358/18/9 1359/19/899 1360/20/10
f 1360/20/10 1359/19/899 1361/21/900
f 1360/20/10 1361/21/900 1362/22/11
f 1362/22/11 1361/21/900 1363/23/901
f 1362/22/11 1363/23/901 1364/24/12
f 1364/24/12 1363/23/901 1365/25/902
f 1364/24/12 1365/25/902 1366/26/13
f 1366/26/13 1365/25/902 1367/27/903
f 1366/26/13 1367/27/903 1368/28/14
f 1368/28/14 1367/27/903 1369/29/904
f 1368/28/14 1369/29/904 1370/30/15
f 1370/30/15 1369/29/904 1371/31/905
f 1370/30/15 1371/31/905 1372/32/16
f 1372/32/16 1371/31/905 1373/33/906
f 1372/32/16 1373/33/906 1374/34/17
f 1374/34/17 1373/33/906 1375/35/907
f 1374/34/17 1375/35/907 1376/36/18
f 1376/36/18 1375/35/907 1377/37/908
f 1376/36/18 1377/37/908 1378/38/19
f 1378/38/19 1377/37/908 1379/39/909
f 1378/38/19 1379/39/909 1380/40/20
f 1380/40/20 1379/39/909 1381/41/910
f 1380/40/20 1381/41/910 1382/42/21
f 1382/42/21 1381/41/910 1383/43/911
f 1382/42/21 1383/43/911 1384/44/22
f 1384/44/22 1383/43/911 1385/45/912
f 1384/44/22 1385/45/912 1386/46/23
f 1386/46/23 1385/45/912 1387/47/913
f 1386/46/23 1387/47/913 1388/48/24
f 1388/48/24 1387/47/913 1389/49/914
f 1388/48/24 1389/49/914 1390/50/25
f 1390/50/25 1389/49/914 1391/51/915
f 1390/50/25 1391/51/915 1392/52/26
f 1392/52/26 1391/51/915 1393/53/916
f 1392/52/26 1393/53/916 1394/54/27
f 1394/54/27 1393/53/916 1395/55/917
f 1394/54/27 1395/55/917 1396/56/28
f 1396/56/28 1395/55/917 1397/57/918
f 1396/56/28 1397/57/918 1398/58/29
f 1398/58/29 1397/57/918 1399/59/919
f 1398/58/29 1399/59/919 1400/60/30
f 1400/60/30 1399/59/919 1401/61/920
f 1400/60/30 1401/61/920 1402/62/31
f 1357/17/898 1355/15/897 1403/15/921
f 1357/17/898 1403/15/921 1404/17/922
f 1348/10/5 1347/9/892 1352/11/895
f 1348/10/5 1352/11/895 1351/12/6
f 1405/6/3 1406/5/923 1346/7/891
f 1405/6/3 1346/7/891 1345/8/4
f 1407/64/32 1408/63/924 1409/65/925
f 1407/64/32 1409/65/925 1410/66/33
f 1411/4/2 1412/3/926 1406/5/923
f 1411/4/2 1406/5/923 1405/6/3
f 1413/1/1 1414/2/927 1412/3/926
f 1413/1/1 1412/3/926 1411/4/2
f 1402/62/31 1401/61/920 1408/63/924
f 1402/62/31 1408/63/924 1407/64/32
s 8
f 1415/8/928 1416/7/4 1417/9/5
f 1415/8/928 1417/9/5 1418/10/929
f 1419/14/930 1420/16/931 1421/16/932
f 1419/14/930 1421/16/932 1422/14/933
f 1423/12/934 1424/11/6 1425/13/7
f 1423/12/934 1425/13/7 1419/14/930
f 1419/14/930 1425/13/7 1426/15/8
f 1419/14/930 1426/15/8 1420/16/931
f 1420/16/931 1426/15/8 1427/17/9
f 1420/16/931 1427/17/9 1428/18/935
f 1428/18/935 1427/17/9 1429/19/781
f 1428/18/935 1429/19/781 1430/20/936
f 1430/20/936 1429/19/781 1431/21/11
f 1430/20/936 1431/21/11 1432/22/937
f 1432/22/937 1431/21/11 1433/23/12
f 1432/22/937 1433/23/12 1434/24/938
f 1434/24/938 1433/23/12 1435/25/13
f 1434/24/938 1435/25/13 1436/26/939
f 1436/26/939 1435/25/13 1437/27/14
f 1436/26/939 1437/27/14 1438/28/940
f 1438/28/940 1437/27/14 1439/29/15
f 1438/28/940 1439/29/15 1440/30/15
f 1440/30/15 1439/29/15 1441/31/16
f 1440/30/15 1441/31/16 1442/32/16
f 1442/32/16 1441/31/16 1443/33/17
f 1442/32/16 1443/33/17 1444/34/17
f 1444/34/17 1443/33/17 1445/35/18
f 1444/34/17 1445/35/18 1446/36/18
f 1446/36/18 1445/35/18 1447/37/19
f 1446/36/18 1447/37/19 1448/38/19
f 1448/38/19 1447/37/19 1449/39/20
f 1448/38/19 1449/39/20 1450/40/941
f 1450/40/941 1449/39/20 1451/41/21
f 1450/40/941 1451/41/21 1452/42/942
f 1452/42/942 1451/41/21 1453/43/22
f 1452/42/942 1453/43/22 1454/44/943
f 1454/44/943 1453/43/22 1455/45/23
f 1454/44/943 1455/45/23 1456/46/944
f 1456/46/944 1455/45/23 1457/47/24
f 1456/46/944 1457/47/24 1458/48/945
f 1458/48/945 1457/47/24 1459/49/25
f 1458/48/945 1459/49/25 1460/50/946
f 1460/50/946 1459/49/25 1461/51/26
f 1460/50/946 1461/51/26 1462/52/947
f 1462/52/947 1461/51/26 1463/53/27
f 1462/52/947 1463/53/27 1464/54/948
f 1464/54/948 1463/53/27 1465/55/28
f 1464/54/948 1465/55/28 1466/56/949
f 1466/56/949 1465/55/28 1467/57/29
f 1466/56/949 1467/57/29 1468/58/950
f 1468/58/950 1467/57/29 1469/59/30
f 1468/58/950 1469/59/30 1470/60/951
f 1470/60/951 1469/59/30 1471/61/31
f 1470/60/951 1471/61/31 1472/62/31
f 1441/31/16 1439/29/15 1473/29/15
f 1441/31/16 1473/29/15 1474/31/16
f 1418/10/929 1417/9/5 1424/11/6
f 1418/10/929 1424/11/6 1423/12/934
f 1475/6/3 1476/5/3 1416/7/4
f 1475/6/3 1416/7/4 1415/8/928
f 1477/64/32 1478/63/32 1479/65/33
f 1477/64/32 1479/65/33 1480/66/191
f 1481/4/2 1482/3/2 1476/5/3
f 1481/4/2 1476/5/3 1475/6/3
f 1483/1/1 1484/2/1 1482/3/2
f 1483/1/1 1482/3/2 1481/4/2
f 1472/62/31 1471/61/31 1478/63/32
f 1472/62/31 1478/63/32 1477/64/32
s 5
f 1485/5/3 1486/3/2 1487/3/952
f 1485/5/3 1487/3/952 1488/5/953
f 1173/29/15 1167/27/14 1489/27/14
f 1173/29/15 1489/27/14 1490/29/15
f 1113/13/7 1105/11/6 1491/11/6
f 1113/13/7 1491/11/6 1492/13/7
f 1071/3/2 1070/2/1 1493/2/1
f 1071/3/2 1493/2/1 1486/3/2
f 1229/51/26 1225/49/25 1494/49/25
f 1229/51/26 1494/49/25 1495/51/26
f 1191/35/18 1185/33/17 1496/33/17
f 1191/35/18 1496/33/17 1497/35/18
f 1137/19/781 1129/17/9 1498/17/9
f 1137/19/781 1498/17/9 1499/19/781
f 1249/61/31 1245/59/30 1500/59/30
f 1249/61/31 1500/59/30 1501/61/31
f 1207/41/21 1201/39/20 1502/39/20
f 1207/41/21 1502/39/20 1503/41/21
f 1161/25/13 1153/23/12 1504/23/12
f 1161/25/13 1504/23/12 1505/25/13
f 1097/9/5 1090/7/4 1506/7/4
f 1097/9/5 1506/7/4 1507/9/5
f 1221/47/24 1217/45/23 1252/45/23
f 1221/47/24 1252/45/23 1508/47/24
f 1179/31/16 1173/29/15 1490/29/15
f 1179/31/16 1490/29/15 1509/31/16
f 1121/15/774 1113/13/7 1492/13/7
f 1121/15/774 1492/13/7 1510/15/8
f 1241/57/29 1237/55/28 1511/55/28
f 1241/57/29 1511/55/28 1512/57/29
f 1233/53/27 1229/51/26 1495/51/26
f 1233/53/27 1495/51/26 1513/53/27
f 1195/37/19 1191/35/18 1497/35/18
f 1195/37/19 1497/35/18 1514/37/19
f 1145/21/11 1137/19/781 1499/19/781
f 1145/21/11 1499/19/781 1515/21/11
f 1081/5/3 1071/3/2 1486/3/2
f 1081/5/3 1486/3/2 1485/5/3
f 1257/63/32 1249/61/31 1501/61/31
f 1257/63/32 1501/61/31 1516/63/32
f 1213/43/22 1207/41/21 1503/41/21
f 1213/43/22 1503/41/21 1251/43/22
f 1167/27/14 1161/25/13 1505/25/13
f 1167/27/14 1505/25/13 1489/27/14
f 1105/11/6 1097/9/5 1507/9/5
f 1105/11/6 1507/9/5 1491/11/6
f 1225/49/25 1221/47/24 1508/47/24
f 1225/49/25 1508/47/24 1494/49/25
f 1185/33/17 1179/31/16 1509/31/16
f 1185/33/17 1509/31/16 1496/33/17
f 1129/17/9 1121/15/774 1510/15/8
f 1129/17/9 1510/15/8 1498/17/9
f 1261/65/249 1257/63/32 1516/63/32
f 1261/65/249 1516/63/32 1517/65/191
f 1245/59/30 1241/57/29 1512/57/29
f 1245/59/30 1512/57/29 1500/59/30
f 1237/55/28 1233/53/27 1513/53/27
f 1237/55/28 1513/53/27 1511/55/28
f 1201/39/20 1195/37/19 1514/37/19
f 1201/39/20 1514/37/19 1502/39/20
f 1153/23/12 1145/21/11 1515/21/11
f 1153/23/12 1515/21/11 1504/23/12
f 1090/7/4 1081/5/3 1485/5/3
f 1090/7/4 1485/5/3 1506/7/4
f 1518/11/954 1519/9/955 1520/9/956
f 1518/11/954 1520/9/956 1521/11/957
f 1500/59/30 1512/57/29 1522/57/958
f 1500/59/30 1522/57/958 1523/59/959
f 1496/33/17 1509/31/16 1524/31/960
f 1496/33/17 1524/31/960 1525/33/961
f 1506/7/4 1485/5/3 1488/5/953
f 1506/7/4 1488/5/953 1526/7/962
f 1501/61/31 1500/59/30 1523/59/959
f 1501/61/31 1523/59/959 1527/61/963
f 1497/35/18 1496/33/17 1525/33/961
f 1497/35/18 1525/33/961 1528/35/964
f 1507/9/5 1506/7/4 1526/7/962
f 1507/9/5 1526/7/962 1519/9/955
f 1516/63/32 1501/61/31 1527/61/963
f 1516/63/32 1527/61/963 1529/63/965
f 1514/37/19 1497/35/18 1528/35/964
f 1514/37/19 1528/35/964 1530/37/966
f 1491/11/6 1507/9/5 1519/9/955
f 1491/11/6 1519/9/955 1518/11/954
f 1517/65/191 1516/63/32 1529/63/965
f 1517/65/191 1529/63/965 1531/65/967
f 1502/39/20 1514/37/19 1530/37/966
f 1502/39/20 1530/37/966 1532/39/968
f 1492/13/7 1491/11/6 1518/11/954
f 1492/13/7 1518/11/954 1533/13/969
f 1503/41/21 1502/39/20 1532/39/968
f 1503/41/21 1532/39/968 1534/41/970
f 1510/15/8 1492/13/7 1533/13/969
f 1510/15/8 1533/13/969 1535/15/971
f 1251/43/22 1503/41/21 1534/41/970
f 1251/43/22 1534/41/970 1536/43/972
f 1498/17/9 1510/15/8 1535/15/971
f 1498/17/9 1535/15/971 1537/17/973
f 1252/45/23 1251/43/22 1536/43/972
f 1252/45/23 1536/43/972 1538/45/974
f 1499/19/781 1498/17/9 1537/17/973
f 1499/19/781 1537/17/973 1539/19/975
f 1508/47/24 1252/45/23 1538/45/974
f 1508/47/24 1538/45/974 1540/47/976
f 1515/21/11 1499/19/781 1539/19/975
f 1515/21/11 1539/19/975 1541/21/977
f 1494/49/25 1508/47/24 1540/47/976
f 1494/49/25 1540/47/976 1542/49/978
f 1504/23/12 1515/21/11 1541/21/977
f 1504/23/12 1541/21/977 1543/23/979
f 1495/51/26 1494/49/25 1542/49/978
f 1495/51/26 1542/49/978 1544/51/980
f 1505/25/13 1504/23/12 1543/23/979
f 1505/25/13 1543/23/979 1545/25/981
f 1513/53/27 1495/51/26 1544/51/980
f 1513/53/27 1544/51/980 1546/53/982
f 1489/27/14 1505/25/13 1545/25/981
f 1489/27/14 1545/25/981 1547/27/983
f 1511/55/28 1513/53/27 1546/53/982
f 1511/55/28 1546/53/982 1548/55/984
f 1490/29/15 1489/27/14 1547/27/983
f 1490/29/15 1547/27/983 1549/29/985
f 1486/3/2 1493/2/1 1550/2/986
f 1486/3/2 1550/2/986 1487/3/952
f 1512/57/29 1511/55/28 1548/55/984
f 1512/57/29 1548/55/984 1522/57/958
f 1509/31/16 1490/29/15 1549/29/985
f 1509/31/16 1549/29/985 1524/31/960
f 1551/21/987 1552/19/988 1553/19/989
f 1551/21/987 1553/19/989 1554/21/990
f 1531/65/967 1529/63/965 1555/63/991
f 1531/65/967 1555/63/991 1556/65/992
f 1532/39/968 1530/37/966 1557/37/993
f 1532/39/968 1557/37/993 1558/39/994
f 1533/13/969 1518/11/954 1521/11/957
f 1533/13/969 1521/11/957 1559/13/995
f 1534/41/970 1532/39/968 1558/39/994
f 1534/41/970 1558/39/994 1560/41/996
f 1535/15/971 1533/13/969 1559/13/995
f 1535/15/971 1559/13/995 1561/15/997
f 1536/43/972 1534/41/970 1560/41/996
f 1536/43/972 1560/41/996 1562/43/998
f 1537/17/973 1535/15/971 1561/15/997
f 1537/17/973 1561/15/997 1563/17/999
f 1538/45/974 1536/43/972 1562/43/998
f 1538/45/974 1562/43/998 1564/45/1000
f 1539/19/975 1537/17/973 1563/17/999
f 1539/19/975 1563/17/999 1552/19/988
f 1540/47/976 1538/45/974 1564/45/1000
f 1540/47/976 1564/45/1000 1565/47/1001
f 1541/21/977 1539/19/975 1552/19/988
f 1541/21/977 1552/19/988 1551/21/987
f 1542/49/978 1540/47/976 1565/47/1001
f 1542/49/978 1565/47/1001 1566/49/1002
f 1543/23/979 1541/21/977 1551/21/987
f 1543/23/979 1551/21/987 1567/23/1003
f 1544/51/980 1542/49/978 1566/49/1002
f 1544/51/980 1566/49/1002 1568/51/1004
f 1545/25/981 1543/23/979 1567/23/1003
f 1545/25/981 1567/23/1003 1569/25/1005
f 1546/53/982 1544/51/980 1568/51/1004
f 1546/53/982 1568/51/1004 1570/53/1006
f 1547/27/983 1545/25/981 1569/25/1005
f 1547/27/983 1569/25/1005 1571/27/1007
f 1548/55/984 1546/53/982 1570/53/1006
f 1548/55/984 1570/53/1006 1572/55/1008
f 1549/29/985 1547/27/983 1571/27/1007
f 1549/29/985 1571/27/1007 1573/29/1009
f 1487/3/952 1550/2/986 1574/2/1010
f 1487/3/952 1574/2/1010 1575/3/1011
f 1522/57/958 1548/55/984 1572/55/1008
f 1522/57/958 1572/55/1008 1576/57/1012
f 1524/31/960 1549/29/985 1573/29/1009
f 1524/31/960 1573/29/1009 1577/31/1013
f 1488/5/953 1487/3/952 1575/3/1011
f 1488/5/953 1575/3/1011 1578/5/1014
f 1523/59/959 1522/57/958 1576/57/1012
f 1523/59/959 1576/57/1012 1579/59/1015
f 1525/33/961 1524/31/960 1577/31/1013
f 1525/33/961 1577/31/1013 1580/33/1016
f 1526/7/962 1488/5/953 1578/5/1014
f 1526/7/962 1578/5/1014 1581/7/1017
f 1527/61/963 1523/59/959 1579/59/1015
f 1527/61/963 1579/59/1015 1582/61/1018
f 1528/35/964 1525/33/961 1580/33/1016
f 1528/35/964 1580/33/1016 1583/35/1019
f 1519/9/955 1526/7/962 1581/7/1017
f 1519/9/955 1581/7/1017 1520/9/956
f 1529/63/965 1527/61/963 1582/61/1018
f 1529/63/965 1582/61/1018 1555/63/991
f 1530/37/966 1528/35/964 1583/35/1019
f 1530/37/966 1583/35/1019 1557/37/993
f 1584/27/1020 1585/25/1021 1586/25/1022
f 1584/27/1020 1586/25/1022 1587/27/1023
f 1566/49/1002 1565/47/1001 1588/47/1024
f 1566/49/1002 1588/47/1024 1589/49/1025
f 1567/23/1003 1551/21/987 1554/21/990
f 1567/23/1003 1554/21/990 1590/23/1026
f 1568/51/1004 1566/49/1002 1589/49/1025
f 1568/51/1004 1589/49/1025 1591/51/1027
f 1569/25/1005 1567/23/1003 1590/23/1026
f 1569/25/1005 1590/23/1026 1585/25/1021
f 1570/53/1006 1568/51/1004 1591/51/1027
f 1570/53/1006 1591/51/1027 1592/53/1028
f 1571/27/1007 1569/25/1005 1585/25/1021
f 1571/27/1007 1585/25/1021 1584/27/1020
f 1572/55/1008 1570/53/1006 1592/53/1028
f 1572/55/1008 1592/53/1028 1593/55/1029
f 1573/29/1009 1571/27/1007 1584/27/1020
f 1573/29/1009 1584/27/1020 1594/29/1030
f 1575/3/1011 1574/2/1010 1595/2/1031
f 1575/3/1011 1595/2/1031 1596/3/1032
f 1576/57/1012 1572/55/1008 1593/55/1029
f 1576/57/1012 1593/55/1029 1597/57/1033
f 1577/31/1013 1573/29/1009 1594/29/1030
f 1577/31/1013 1594/29/1030 1598/31/1034
f 1578/5/1014 1575/3/1011 1596/3/1032
f 1578/5/1014 1596/3/1032 1599/5/1035
f 1579/59/1015 1576/57/1012 1597/57/1033
f 1579/59/1015 1597/57/1033 1600/59/1036
f 1580/33/1016 1577/31/1013 1598/31/1034
f 1580/33/1016 1598/31/1034 1601/33/1037
f 1581/7/1017 1578/5/1014 1599/5/1035
f 1581/7/1017 1599/5/1035 1602/7/1038
f 1582/61/1018 1579/59/1015 1600/59/1036
f 1582/61/1018 1600/59/1036 1603/61/1039
f 1583/35/1019 1580/33/1016 1601/33/1037
f 1583/35/1019 1601/33/1037 1604/35/1040
f 1520/9/956 1581/7/1017 1602/7/1038
f 1520/9/956 1602/7/1038 1605/9/1041
f 1555/63/991 1582/61/1018 1603/61/1039
f 1555/63/991 1603/61/1039 1606/63/1042
f 1557/37/993 1583/35/1019 1604/35/1040
f 1557/37/993 1604/35/1040 1607/37/1043
f 1521/11/957 1520/9/956 1605/9/1041
f 1521/11/957 1605/9/1041 1608/11/1044
f 1556/65/992 1555/63/991 1606/63/1042
f 1556/65/992 1606/63/1042 1609/65/1045
f 1558/39/994 1557/37/993 1607/37/1043
f 1558/39/994 1607/37/1043 1610/39/1046
f 1559/13/995 1521/11/957 1608/11/1044
f 1559/13/995 1608/11/1044 1611/13/1047
f 1560/41/996 1558/39/994 1610/39/1046
f 1560/41/996 1610/39/1046 1612/41/1048
f 1561/15/997 1559/13/995 1611/13/1047
f 1561/15/997 1611/13/1047 1613/15/1049
f 1562/43/998 1560/41/996 1612/41/1048
f 1562/43/998 1612/41/1048 1614/43/1050
f 1563/17/999 1561/15/997 1613/15/1049
f 1563/17/999 1613/15/1049 1615/17/1051
f 1564/45/1000 1562/43/998 1614/43/1050
f 1564/45/1000 1614/43/1050 1616/45/1052
f 1552/19/988 1563/17/999 1615/17/1051
f 1552/19/988 1615/17/1051 1553/19/989
f 1565/47/1001 1564/45/1000 1616/45/1052
f 1565/47/1001 1616/45/1052 1588/47/1024
f 1617/33/1053 1618/31/1054 1619/31/1055
f 1617/33/1053 1619/31/1055 1620/33/1056
f 1593/55/1029 1592/53/1028 1621/53/1057
f 1593/55/1029 1621/53/1057 1622/55/1058
f 1594/29/1030 1584/27/1020 1587/27/1023
f 1594/29/1030 1587/27/1023 1623/29/1059
f 1596/3/1032 1595/2/1031 1624/2/1060
f 1596/3/1032 1624/2/1060 1625/3/1061
f 1597/57/1033 1593/55/1029 1622/55/1058
f 1597/57/1033 1622/55/1058 1626/57/1062
f 1598/31/1034 1594/29/1030 1623/29/1059
f 1598/31/1034 1623/29/1059 1618/31/1054
f 1599/5/1035 1596/3/1032 1625/3/1061
f 1599/5/1035 1625/3/1061 1627/5/1063
f 1600/59/1036 1597/57/1033 1626/57/1062
f 1600/59/1036 1626/57/1062 1628/59/1064
f 1601/33/1037 1598/31/1034 1618/31/1054
f 1601/33/1037 1618/31/1054 1617/33/1053
f 1602/7/1038 1599/5/1035 1627/5/1063
f 1602/7/1038 1627/5/1063 1629/7/1065
f 1603/61/1039 1600/59/1036 1628/59/1064
f 1603/61/1039 1628/59/1064 1630/61/1066
f 1604/35/1040 1601/33/1037 1617/33/1053
f 1604/35/1040 1617/33/1053 1631/35/1067
f 1605/9/1041 1602/7/1038 1629/7/1065
f 1605/9/1041 1629/7/1065 1632/9/1068
f 1606/63/1042 1603/61/1039 1630/61/1066
f 1606/63/1042 1630/61/1066 1633/63/1069
f 1607/37/1043 1604/35/1040 1631/35/1067
f 1607/37/1043 1631/35/1067 1634/37/1070
f 1608/11/1044 1605/9/1041 1632/9/1068
f 1608/11/1044 1632/9/1068 1635/11/1071
f 1609/65/1045 1606/63/1042 1633/63/1069
f 1609/65/1045 1633/63/1069 1636/65/1072
f 1610/39/1046 1607/37/1043 1634/37/1070
f 1610/39/1046 1634/37/1070 1637/39/1073
f 1611/13/1047 1608/11/1044 1635/11/1071
f 1611/13/1047 1635/11/1071 1638/13/1074
f 1612/41/1048 1610/39/1046 1637/39/1073
f 1612/41/1048 1637/39/1073 1639/41/1075
f 1613/15/1049 1611/13/1047 1638/13/1074
f 1613/15/1049 1638/13/1074 1640/15/1076
f 1614/43/1050 1612/41/1048 1639/41/1075
f 1614/43/1050 1639/41/1075 1641/43/1077
f 1615/17/1051 1613/15/1049 1640/15/1076
f 1615/17/1051 1640/15/1076 1642/17/1078
f 1616/45/1052 1614/43/1050 1641/43/1077
f 1616/45/1052 1641/43/1077 1643/45/1079
f 1553/19/989 1615/17/1051 1642/17/1078
f 1553/19/989 1642/17/1078 1644/19/1080
f 1588/47/1024 1616/45/1052 1643/45/1079
f 1588/47/1024 1643/45/1079 1645/47/1081
f 1554/21/990 1553/19/989 1644/19/1080
f 1554/21/990 1644/19/1080 1646/21/1082
f 1589/49/1025 1588/47/1024 1645/47/1081
f 1589/49/1025 1645/47/1081 1647/49/1083
f 1590/23/1026 1554/21/990 1646/21/1082
f 1590/23/1026 1646/21/1082 1648/23/1084
f 1591/51/1027 1589/49/1025 1647/49/1083
f 1591/51/1027 1647/49/1083 1649/51/1085
f 1585/25/1021 1590/23/1026 1648/23/1084
f 1585/25/1021 1648/23/1084 1586/25/1022
f 1592/53/1028 1591/51/1027 1649/51/1085
f 1592/53/1028 1649/51/1085 1621/53/1057
f 1650/39/1086 1651/37/1087 1652/37/1088
f 1650/39/1086 1652/37/1088 1653/39/1089
f 1629/7/1065 1627/5/1063 1654/5/1090
f 1629/7/1065 1654/5/1090 1655/7/1091
f 1630/61/1066 1628/59/1064 1656/59/1092
f 1630/61/1066 1656/59/1092 1657/61/1093
f 1631/35/1067 1617/33/1053 1620/33/1056
f 1631/35/1067 1620/33/1056 1658/35/1094
f 1632/9/1068 1629/7/1065 1655/7/1091
f 1632/9/1068 1655/7/1091 1659/9/1095
f 1633/63/1069 1630/61/1066 1657/61/1093
f 1633/63/1069 1657/61/1093 1660/63/1096
f 1634/37/1070 1631/35/1067 1658/35/1094
f 1634/37/1070 1658/35/1094 1651/37/1087
f 1635/11/1071 1632/9/1068 1659/9/1095
f 1635/11/1071 1659/9/1095 1661/11/1097
f 1636/65/1072 1633/63/1069 1660/63/1096
f 1636/65/1072 1660/63/1096 1662/65/1098
f 1637/39/1073 1634/37/1070 1651/37/1087
f 1637/39/1073 1651/37/1087 1650/39/1086
f 1638/13/1074 1635/11/1071 1661/11/1097
f 1638/13/1074 1661/11/1097 1663/13/1099
f 1639/41/1075 1637/39/1073 1650/39/1086
f 1639/41/1075 1650/39/1086 1664/41/1100
f 1640/15/1076 1638/13/1074 1663/13/1099
f 1640/15/1076 1663/13/1099 1665/15/1101
f 1641/43/1077 1639/41/1075 1664/41/1100
f 1641/43/1077 1664/41/1100 1666/43/1102
f 1642/17/1078 1640/15/1076 1665/15/1101
f 1642/17/1078 1665/15/1101 1667/17/1103
f 1643/45/1079 1641/43/1077 1666/43/1102
f 1643/45/1079 1666/43/1102 1668/45/1104
f 1644/19/1080 1642/17/1078 1667/17/1103
f 1644/19/1080 1667/17/1103 1669/19/1105
f 1645/47/1081 1643/45/1079 1668/45/1104
f 1645/47/1081 1668/45/1104 1670/47/1106
f 1646/21/1082 1644/19/1080 1669/19/1105
f 1646/21/1082 1669/19/1105 1671/21/1107
f 1647/49/1083 1645/47/1081 1670/47/1106
f 1647/49/1083 1670/47/1106 1672/49/1108
f 1648/23/1084 1646/21/1082 1671/21/1107
f 1648/23/1084 1671/21/1107 1673/23/1109
f 1649/51/1085 1647/49/1083 1672/49/1108
f 1649/51/1085 1672/49/1108 1674/51/1110
f 1586/25/1022 1648/23/1084 1673/23/1109
f 1586/25/1022 1673/23/1109 1675/25/1111
f 1621/53/1057 1649/51/1085 1674/51/1110
f 1621/53/1057 1674/51/1110 1676/53/1112
f 1587/27/1023 1586/25/1022 1675/25/1111
f 1587/27/1023 1675/25/1111 1677/27/1113
f 1622/55/1058 1621/53/1057 1676/53/1112
f 1622/55/1058 1676/53/1112 1678/55/1114
f 1623/29/1059 1587/27/1023 1677/27/1113
f 1623/29/1059 1677/27/1113 1679/29/1115
f 1625/3/1061 1624/2/1060 1680/2/1116
f 1625/3/1061 1680/2/1116 1681/3/1117
f 1626/57/1062 1622/55/1058 1678/55/1114
f 1626/57/1062 1678/55/1114 1682/57/1118
f 1618/31/1054 1623/29/1059 1679/29/1115
f 1618/31/1054 1679/29/1115 1619/31/1055
f 1627/5/1063 1625/3/1061 1681/3/1117
f 1627/5/1063 1681/3/1117 1654/5/1090
f 1628/59/1064 1626/57/1062 1682/57/1118
f 1628/59/1064 1682/57/1118 1656/59/1092
f 1683/45/1119 1684/43/1120 1685/43/1121
f 1683/45/1119 1685/43/1121 1686/45/1122
f 1663/13/1099 1661/11/1097 1687/11/1123
f 1663/13/1099 1687/11/1123 1688/13/1124
f 1664/41/1100 1650/39/1086 1653/39/1089
f 1664/41/1100 1653/39/1089 1689/41/1125
f 1665/15/1101 1663/13/1099 1688/13/1124
f 1665/15/1101 1688/13/1124 1690/15/1126
f 1666/43/1102 1664/41/1100 1689/41/1125
f 1666/43/1102 1689/41/1125 1684/43/1120
f 1667/17/1103 1665/15/1101 1690/15/1126
f 1667/17/1103 1690/15/1126 1691/17/1127
f 1668/45/1104 1666/43/1102 1684/43/1120
f 1668/45/1104 1684/43/1120 1683/45/1119
f 1669/19/1105 1667/17/1103 1691/17/1127
f 1669/19/1105 1691/17/1127 1692/19/1128
f 1670/47/1106 1668/45/1104 1683/45/1119
f 1670/47/1106 1683/45/1119 1693/47/1129
f 1671/21/1107 1669/19/1105 1692/19/1128
f 1671/21/1107 1692/19/1128 1694/21/1130
f 1672/49/1108 1670/47/1106 1693/47/1129
f 1672/49/1108 1693/47/1129 1695/49/1131
f 1673/23/1109 1671/21/1107 1694/21/1130
f 1673/23/1109 1694/21/1130 1696/23/1132
f 1674/51/1110 1672/49/1108 1695/49/1131
f 1674/51/1110 1695/49/1131 1697/51/1133
f 1675/25/1111 1673/23/1109 1696/23/1132
f 1675/25/1111 1696/23/1132 1698/25/1134
f 1676/53/1112 1674/51/1110 1697/51/1133
f 1676/53/1112 1697/51/1133 1699/53/1135
f 1677/27/1113 1675/25/1111 1698/25/1134
f 1677/27/1113 1698/25/1134 1700/27/1136
f 1678/55/1114 1676/53/1112 1699/53/1135
f 1678/55/1114 1699/53/1135 1701/55/1137
f 1679/29/1115 1677/27/1113 1700/27/1136
f 1679/29/1115 1700/27/1136 1702/29/1138
f 1681/3/1117 1680/2/1116 1703/2/1139
f 1681/3/1117 1703/2/1139 1704/3/1140
f 1682/57/1118 1678/55/1114 1701/55/1137
f 1682/57/1118 1701/55/1137 1705/57/1141
f 1619/31/1055 1679/29/1115 1702/29/1138
f 1619/31/1055 1702/29/1138 1706/31/1142
f 1654/5/1090 1681/3/1117 1704/3/1140
f 1654/5/1090 1704/3/1140 1707/5/1143
f 1656/59/1092 1682/57/1118 1705/57/1141
f 1656/59/1092 1705/57/1141 1708/59/1144
f 1620/33/1056 1619/31/1055 1706/31/1142
f 1620/33/1056 1706/31/1142 1709/33/1145
f 1655/7/1091 1654/5/1090 1707/5/1143
f 1655/7/1091 1707/5/1143 1710/7/1146
f 1657/61/1093 1656/59/1092 1708/59/1144
f 1657/61/1093 1708/59/1144 1711/61/1147
f 1658/35/1094 1620/33/1056 1709/33/1145
f 1658/35/1094 1709/33/1145 1712/35/1148
f 1659/9/1095 1655/7/1091 1710/7/1146
f 1659/9/1095 1710/7/1146 1713/9/1149
f 1660/63/1096 1657/61/1093 1711/61/1147
f 1660/63/1096 1711/61/1147 1714/63/1150
f 1651/37/1087 1658/35/1094 1712/35/1148
f 1651/37/1087 1712/35/1148 1652/37/1088
f 1661/11/1097 1659/9/1095 1713/9/1149
f 1661/11/1097 1713/9/1149 1687/11/1123
f 1662/65/1098 1660/63/1096 1714/63/1150
f 1662/65/1098 1714/63/1150 1715/65/1151
f 1716/51/1152 1717/49/1153 1718/49/1154
f 1716/51/1152 1718/49/1154 1719/51/1155
f 1692/19/1128 1691/17/1127 1720/17/1156
f 1692/19/1128 1720/17/1156 1721/19/1157
f 1693/47/1129 1683/45/1119 1686/45/1122
f 1693/47/1129 1686/45/1122 1722/47/1158
f 1694/21/1130 1692/19/1128 1721/19/1157
f 1694/21/1130 1721/19/1157 1723/21/1159
f 1695/49/1131 1693/47/1129 1722/47/1158
f 1695/49/1131 1722/47/1158 1717/49/1153
f 1696/23/1132 1694/21/1130 1723/21/1159
f 1696/23/1132 1723/21/1159 1724/23/1160
f 1697/51/1133 1695/49/1131 1717/49/1153
f 1697/51/1133 1717/49/1153 1716/51/1152
f 1698/25/1134 1696/23/1132 1724/23/1160
f 1698/25/1134 1724/23/1160 1725/25/1161
f 1699/53/1135 1697/51/1133 1716/51/1152
f 1699/53/1135 1716/51/1152 1726/53/1162
f 1700/27/1136 1698/25/1134 1725/25/1161
f 1700/27/1136 1725/25/1161 1727/27/1163
f 1701/55/1137 1699/53/1135 1726/53/1162
f 1701/55/1137 1726/53/1162 1728/55/1164
f 1702/29/1138 1700/27/1136 1727/27/1163
f 1702/29/1138 1727/27/1163 1729/29/1165
f 1704/3/1140 1703/2/1139 1730/2/1166
f 1704/3/1140 1730/2/1166 1731/3/1167
f 1705/57/1141 1701/55/1137 1728/55/1164
f 1705/57/1141 1728/55/1164 1732/57/1168
f 1706/31/1142 1702/29/1138 1729/29/1165
f 1706/31/1142 1729/29/1165 1733/31/1169
f 1707/5/1143 1704/3/1140 1731/3/1167
f 1707/5/1143 1731/3/1167 1734/5/1170
f 1708/59/1144 1705/57/1141 1732/57/1168
f 1708/59/1144 1732/57/1168 1735/59/1171
f 1709/33/1145 1706/31/1142 1733/31/1169
f 1709/33/1145 1733/31/1169 1736/33/1172
f 1710/7/1146 1707/5/1143 1734/5/1170
f 1710/7/1146 1734/5/1170 1737/7/1173
f 1711/61/1147 1708/59/1144 1735/59/1171
f 1711/61/1147 1735/59/1171 1738/61/1174
f 1712/35/1148 1709/33/1145 1736/33/1172
f 1712/35/1148 1736/33/1172 1739/35/1175
f 1713/9/1149 1710/7/1146 1737/7/1173
f 1713/9/1149 1737/7/1173 1740/9/1176
f 1714/63/1150 1711/61/1147 1738/61/1174
f 1714/63/1150 1738/61/1174 1741/63/1177
f 1652/37/1088 1712/35/1148 1739/35/1175
f 1652/37/1088 1739/35/1175 1742/37/1178
f 1687/11/1123 1713/9/1149 1740/9/1176
f 1687/11/1123 1740/9/1176 1743/11/1179
f 1715/65/1151 1714/63/1150 1741/63/1177
f 1715/65/1151 1741/63/1177 1744/65/1180
f 1653/39/1089 1652/37/1088 1742/37/1178
f 1653/39/1089 1742/37/1178 1745/39/1181
f 1688/13/1124 1687/11/1123 1743/11/1179
f 1688/13/1124 1743/11/1179 1746/13/1182
f 1689/41/1125 1653/39/1089 1745/39/1181
f 1689/41/1125 1745/39/1181 1747/41/1183
f 1690/15/1126 1688/13/1124 1746/13/1182
f 1690/15/1126 1746/13/1182 1748/15/1184
f 1684/43/1120 1689/41/1125 1747/41/1183
f 1684/43/1120 1747/41/1183 1685/43/1121
f 1691/17/1127 1690/15/1126 1748/15/1184
f 1691/17/1127 1748/15/1184 1720/17/1156
f 1749/3/1185 1750/2/1186 1751/2/1187
f 1749/3/1185 1751/2/1187 1752/3/1188
f 1725/25/1161 1724/23/1160 1753/23/1189
f 1725/25/1161 1753/23/1189 1754/25/1190
f 1726/53/1162 1716/51/1152 1719/51/1155
f 1726/53/1162 1719/51/1155 1755/53/1191
f 1727/27/1163 1725/25/1161 1754/25/1190
f 1727/27/1163 1754/25/1190 1756/27/1192
f 1728/55/1164 1726/53/1162 1755/53/1191
f 1728/55/1164 1755/53/1191 1757/55/1193
f 1729/29/1165 1727/27/1163 1756/27/1192
f 1729/29/1165 1756/27/1192 1758/29/1194
f 1731/3/1167 1730/2/1166 1750/2/1186
f 1731/3/1167 1750/2/1186 1749/3/1185
f 1732/57/1168 1728/55/1164 1757/55/1193
f 1732/57/1168 1757/55/1193 1759/57/1195
f 1733/31/1169 1729/29/1165 1758/29/1194
f 1733/31/1169 1758/29/1194 1760/31/1196
f 1734/5/1170 1731/3/1167 1749/3/1185
f 1734/5/1170 1749/3/1185 1761/5/1197
f 1735/59/1171 1732/57/1168 1759/57/1195
f 1735/59/1171 1759/57/1195 1762/59/1198
f 1736/33/1172 1733/31/1169 1760/31/1196
f 1736/33/1172 1760/31/1196 1763/33/1199
f 1737/7/1173 1734/5/1170 1761/5/1197
f 1737/7/1173 1761/5/1197 1764/7/1200
f 1738/61/1174 1735/59/1171 1762/59/1198
f 1738/61/1174 1762/59/1198 1765/61/1201
f 1739/35/1175 1736/33/1172 1763/33/1199
f 1739/35/1175 1763/33/1199 1766/35/1202
f 1740/9/1176 1737/7/1173 1764/7/1200
f 1740/9/1176 1764/7/1200 1767/9/1203
f 1741/63/1177 1738/61/1174 1765/61/1201
f 1741/63/1177 1765/61/1201 1768/63/1204
f 1742/37/1178 1739/35/1175 1766/35/1202
f 1742/37/1178 1766/35/1202 1769/37/1205
f 1743/11/1179 1740/9/1176 1767/9/1203
f 1743/11/1179 1767/9/1203 1770/11/1206
f 1744/65/1180 1741/63/1177 1768/63/1204
f 1744/65/1180 1768/63/1204 1771/65/1207
f 1745/39/1181 1742/37/1178 1769/37/1205
f 1745/39/1181 1769/37/1205 1772/39/1208
f 1746/13/1182 1743/11/1179 1770/11/1206
f 1746/13/1182 1770/11/1206 1773/13/1209
f 1747/41/1183 1745/39/1181 1772/39/1208
f 1747/41/1183 1772/39/1208 1774/41/1210
f 1748/15/1184 1746/13/1182 1773/13/1209
f 1748/15/1184 1773/13/1209 1775/15/1211
f 1685/43/1121 1747/41/1183 1774/41/1210
f 1685/43/1121 1774/41/1210 1776/43/1212
f 1720/17/1156 1748/15/1184 1775/15/1211
f 1720/17/1156 1775/15/1211 1777/17/1213
f 1686/45/1122 1685/43/1121 1776/43/1212
f 1686/45/1122 1776/43/1212 1778/45/1214
f 1721/19/1157 1720/17/1156 1777/17/1213
f 1721/19/1157 1777/17/1213 1779/19/1215
f 1722/47/1158 1686/45/1122 1778/45/1214
f 1722/47/1158 1778/45/1214 1780/47/1216
f 1723/21/1159 1721/19/1157 1779/19/1215
f 1723/21/1159 1779/19/1215 1781/21/1217
f 1717/49/1153 1722/47/1158 1780/47/1216
f 1717/49/1153 1780/47/1216 1718/49/1154
f 1724/23/1160 1723/21/1159 1781/21/1217
f 1724/23/1160 1781/21/1217 1753/23/1189
f 1782/9/1218 1783/7/1219 1784/7/1220
f 1782/9/1218 1784/7/1220 1785/9/1221
f 1759/57/1195 1757/55/1193 1786/55/1222
f 1759/57/1195 1786/55/1222 1787/57/1223
f 1760/31/1196 1758/29/1194 1788/29/1224
f 1760/31/1196 1788/29/1224 1789/31/1225
f 1761/5/1197 1749/3/1185 1752/3/1188
f 1761/5/1197 1752/3/1188 1790/5/1226
f 1762/59/1198 1759/57/1195 1787/57/1223
f 1762/59/1198 1787/57/1223 1791/59/1227
f 1763/33/1199 1760/31/1196 1789/31/1225
f 1763/33/1199 1789/31/1225 1792/33/1228
f 1764/7/1200 1761/5/1197 1790/5/1226
f 1764/7/1200 1790/5/1226 1783/7/1219
f 1765/61/1201 1762/59/1198 1791/59/1227
f 1765/61/1201 1791/59/1227 1793/61/1229
f 1766/35/1202 1763/33/1199 1792/33/1228
f 1766/35/1202 1792/33/1228 1794/35/1230
f 1767/9/1203 1764/7/1200 1783/7/1219
f 1767/9/1203 1783/7/1219 1782/9/1218
f 1768/63/1204 1765/61/1201 1793/61/1229
f 1768/63/1204 1793/61/1229 1795/63/1231
f 1769/37/1205 1766/35/1202 1794/35/1230
f 1769/37/1205 1794/35/1230 1796/37/1232
f 1770/11/1206 1767/9/1203 1782/9/1218
f 1770/11/1206 1782/9/1218 1797/11/1233
f 1771/65/1207 1768/63/1204 1795/63/1231
f 1771/65/1207 1795/63/1231 1798/65/1234
f 1772/39/1208 1769/37/1205 1796/37/1232
f 1772/39/1208 1796/37/1232 1799/39/1235
f 1773/13/1209 1770/11/1206 1797/11/1233
f 1773/13/1209 1797/11/1233 1800/13/1236
f 1774/41/1210 1772/39/1208 1799/39/1235
f 1774/41/1210 1799/39/1235 1801/41/1237
f 1775/15/1211 1773/13/1209 1800/13/1236
f 1775/15/1211 1800/13/1236 1802/15/1238
f 1776/43/1212 1774/41/1210 1801/41/1237
f 1776/43/1212 1801/41/1237 1803/43/1239
f 1777/17/1213 1775/15/1211 1802/15/1238
f 1777/17/1213 1802/15/1238 1804/17/1240
f 1778/45/1214 1776/43/1212 1803/43/1239
f 1778/45/1214 1803/43/1239 1805/45/1241
f 1779/19/1215 1777/17/1213 1804/17/1240
f 1779/19/1215 1804/17/1240 1806/19/1242
f 1780/47/1216 1778/45/1214 1805/45/1241
f 1780/47/1216 1805/45/1241 1807/47/1243
f 1781/21/1217 1779/19/1215 1806/19/1242
f 1781/21/1217 1806/19/1242 1808/21/1244
f 1718/49/1154 1780/47/1216 1807/47/1243
f 1718/49/1154 1807/47/1243 1809/49/1245
f 1753/23/1189 1781/21/1217 1808/21/1244
f 1753/23/1189 1808/21/1244 1810/23/1246
f 1719/51/1155 1718/49/1154 1809/49/1245
f 1719/51/1155 1809/49/1245 1811/51/1247
f 1754/25/1190 1753/23/1189 1810/23/1246
f 1754/25/1190 1810/23/1246 1812/25/1248
f 1755/53/1191 1719/51/1155 1811/51/1247
f 1755/53/1191 1811/51/1247 1813/53/1249
f 1756/27/1192 1754/25/1190 1812/25/1248
f 1756/27/1192 1812/25/1248 1814/27/1250
f 1757/55/1193 1755/53/1191 1813/53/1249
f 1757/55/1193 1813/53/1249 1786/55/1222
f 1758/29/1194 1756/27/1192 1814/27/1250
f 1758/29/1194 1814/27/1250 1788/29/1224
f 1815/15/1251 1816/13/1252 1817/13/1253
f 1815/15/1251 1817/13/1253 1818/15/1254
f 1795/63/1231 1793/61/1229 1819/61/1255
f 1795/63/1231 1819/61/1255 1820/63/1256
f 1796/37/1232 1794/35/1230 1821/35/1257
f 1796/37/1232 1821/35/1257 1822/37/1258
f 1797/11/1233 1782/9/1218 1785/9/1221
f 1797/11/1233 1785/9/1221 1823/11/1259
f 1798/65/1234 1795/63/1231 1820/63/1256
f 1798/65/1234 1820/63/1256 1824/65/1260
f 1799/39/1235 1796/37/1232 1822/37/1258
f 1799/39/1235 1822/37/1258 1825/39/1261
f 1800/13/1236 1797/11/1233 1823/11/1259
f 1800/13/1236 1823/11/1259 1816/13/1252
f 1801/41/1237 1799/39/1235 1825/39/1261
f 1801/41/1237 1825/39/1261 1826/41/1262
f 1802/15/1238 1800/13/1236 1816/13/1252
f 1802/15/1238 1816/13/1252 1815/15/1251
f 1803/43/1239 1801/41/1237 1826/41/1262
f 1803/43/1239 1826/41/1262 1827/43/1263
f 1804/17/1240 1802/15/1238 1815/15/1251
f 1804/17/1240 1815/15/1251 1828/17/1264
f 1805/45/1241 1803/43/1239 1827/43/1263
f 1805/45/1241 1827/43/1263 1829/45/1265
f 1806/19/1242 1804/17/1240 1828/17/1264
f 1806/19/1242 1828/17/1264 1830/19/1266
f 1807/47/1243 1805/45/1241 1829/45/1265
f 1807/47/1243 1829/45/1265 1831/47/1267
f 1808/21/1244 1806/19/1242 1830/19/1266
f 1808/21/1244 1830/19/1266 1832/21/1268
f 1809/49/1245 1807/47/1243 1831/47/1267
f 1809/49/1245 1831/47/1267 1833/49/1269
f 1810/23/1246 1808/21/1244 1832/21/1268
f 1810/23/1246 1832/21/1268 1834/23/1270
f 1811/51/1247 1809/49/1245 1833/49/1269
f 1811/51/1247 1833/49/1269 1835/51/1271
f 1812/25/1248 1810/23/1246 1834/23/1270
f 1812/25/1248 1834/23/1270 1836/25/1272
f 1813/53/1249 1811/51/1247 1835/51/1271
f 1813/53/1249 1835/51/1271 1837/53/1273
f 1814/27/1250 1812/25/1248 1836/25/1272
f 1814/27/1250 1836/25/1272 1838/27/1274
f 1786/55/1222 1813/53/1249 1837/53/1273
f 1786/55/1222 1837/53/1273 1839/55/1275
f 1788/29/1224 1814/27/1250 1838/27/1274
f 1788/29/1224 1838/27/1274 1840/29/1276
f 1752/3/1188 1751/2/1187 1841/2/1277
f 1752/3/1188 1841/2/1277 1842/3/1278
f 1787/57/1223 1786/55/1222 1839/55/1275
f 1787/57/1223 1839/55/1275 1843/57/1279
f 1789/31/1225 1788/29/1224 1840/29/1276
f 1789/31/1225 1840/29/1276 1844/31/1280
f 1790/5/1226 1752/3/1188 1842/3/1278
f 1790/5/1226 1842/3/1278 1845/5/1281
f 1791/59/1227 1787/57/1223 1843/57/1279
f 1791/59/1227 1843/57/1279 1846/59/1282
f 1792/33/1228 1789/31/1225 1844/31/1280
f 1792/33/1228 1844/31/1280 1847/33/1283
f 1783/7/1219 1790/5/1226 1845/5/1281
f 1783/7/1219 1845/5/1281 1784/7/1220
f 1793/61/1229 1791/59/1227 1846/59/1282
f 1793/61/1229 1846/59/1282 1819/61/1255
f 1794/35/1230 1792/33/1228 1847/33/1283
f 1794/35/1230 1847/33/1283 1821/35/1257
f 1848/21/1284 1849/19/1285 1850/19/1286
f 1848/21/1284 1850/19/1286 1851/21/1287
f 1827/43/1263 1826/41/1262 1852/41/1288
f 1827/43/1263 1852/41/1288 1853/43/1289
f 1828/17/1264 1815/15/1251 1818/15/1254
f 1828/17/1264 1818/15/1254 1854/17/1290
f 1829/45/1265 1827/43/1263 1853/43/1289
f 1829/45/1265 1853/43/1289 1855/45/1291
f 1830/19/1266 1828/17/1264 1854/17/1290
f 1830/19/1266 1854/17/1290 1849/19/1285
f 1831/47/1267 1829/45/1265 1855/45/1291
f 1831/47/1267 1855/45/1291 1856/47/1292
f 1832/21/1268 1830/19/1266 1849/19/1285
f 1832/21/1268 1849/19/1285 1848/21/1284
f 1833/49/1269 1831/47/1267 1856/47/1292
f 1833/49/1269 1856/47/1292 1857/49/1293
f 1834/23/1270 1832/21/1268 1848/21/1284
f 1834/23/1270 1848/21/1284 1858/23/1294
f 1835/51/1271 1833/49/1269 1857/49/1293
f 1835/51/1271 1857/49/1293 1859/51/1295
f 1836/25/1272 1834/23/1270 1858/23/1294
f 1836/25/1272 1858/23/1294 1860/25/1296
f 1837/53/1273 1835/51/1271 1859/51/1295
f 1837/53/1273 1859/51/1295 1861/53/1297
f 1838/27/1274 1836/25/1272 1860/25/1296
f 1838/27/1274 1860/25/1296 1862/27/1298
f 1839/55/1275 1837/53/1273 1861/53/1297
f 1839/55/1275 1861/53/1297 1863/55/1299
f 1840/29/1276 1838/27/1274 1862/27/1298
f 1840/29/1276 1862/27/1298 1864/29/1300
f 1842/3/1278 1841/2/1277 1865/2/1301
f 1842/3/1278 1865/2/1301 1866/3/1302
f 1843/57/1279 1839/55/1275 1863/55/1299
f 1843/57/1279 1863/55/1299 1867/57/1303
f 1844/31/1280 1840/29/1276 1864/29/1300
f 1844/31/1280 1864/29/1300 1868/31/1304
f 1845/5/1281 1842/3/1278 1866/3/1302
f 1845/5/1281 1866/3/1302 1869/5/1305
f 1846/59/1282 1843/57/1279 1867/57/1303
f 1846/59/1282 1867/57/1303 1870/59/1306
f 1847/33/1283 1844/31/1280 1868/31/1304
f 1847/33/1283 1868/31/1304 1871/33/1307
f 1784/7/1220 1845/5/1281 1869/5/1305
f 1784/7/1220 1869/5/1305 1872/7/1308
f 1819/61/1255 1846/59/1282 1870/59/1306
f 1819/61/1255 1870/59/1306 1873/61/1309
f 1821/35/1257 1847/33/1283 1871/33/1307
f 1821/35/1257 1871/33/1307 1874/35/1310
f 1785/9/1221 1784/7/1220 1872/7/1308
f 1785/9/1221 1872/7/1308 1875/9/1311
f 1820/63/1256 1819/61/1255 1873/61/1309
f 1820/63/1256 1873/61/1309 1876/63/1312
f 1822/37/1258 1821/35/1257 1874/35/1310
f 1822/37/1258 1874/35/1310 1877/37/1313
f 1823/11/1259 1785/9/1221 1875/9/1311
f 1823/11/1259 1875/9/1311 1878/11/1314
f 1824/65/1260 1820/63/1256 1876/63/1312
f 1824/65/1260 1876/63/1312 1879/65/1315
f 1825/39/1261 1822/37/1258 1877/37/1313
f 1825/39/1261 1877/37/1313 1880/39/1316
f 1816/13/1252 1823/11/1259 1878/11/1314
f 1816/13/1252 1878/11/1314 1817/13/1253
f 1826/41/1262 1825/39/1261 1880/39/1316
f 1826/41/1262 1880/39/1316 1852/41/1288
f 1881/27/1317 1882/25/1318 1883/25/1319
f 1881/27/1317 1883/25/1319 1884/27/1320
f 1857/49/1293 1856/47/1292 1885/47/1321
f 1857/49/1293 1885/47/1321 1886/49/1322
f 1858/23/1294 1848/21/1284 1851/21/1287
f 1858/23/1294 1851/21/1287 1887/23/1323
f 1859/51/1295 1857/49/1293 1886/49/1322
f 1859/51/1295 1886/49/1322 1888/51/1324
f 1860/25/1296 1858/23/1294 1887/23/1323
f 1860/25/1296 1887/23/1323 1882/25/1318
f 1861/53/1297 1859/51/1295 1888/51/1324
f 1861/53/1297 1888/51/1324 1889/53/1325
f 1862/27/1298 1860/25/1296 1882/25/1318
f 1862/27/1298 1882/25/1318 1881/27/1317
f 1863/55/1299 1861/53/1297 1889/53/1325
f 1863/55/1299 1889/53/1325 1890/55/1326
f 1864/29/1300 1862/27/1298 1881/27/1317
f 1864/29/1300 1881/27/1317 1891/29/1327
f 1866/3/1302 1865/2/1301 1892/2/1328
f 1866/3/1302 1892/2/1328 1893/3/1329
f 1867/57/1303 1863/55/1299 1890/55/1326
f 1867/57/1303 1890/55/1326 1894/57/1330
f 1868/31/1304 1864/29/1300 1891/29/1327
f 1868/31/1304 1891/29/1327 1895/31/1331
f 1869/5/1305 1866/3/1302 1893/3/1329
f 1869/5/1305 1893/3/1329 1896/5/1332
f 1870/59/1306 1867/57/1303 1894/57/1330
f 1870/59/1306 1894/57/1330 1897/59/1333
f 1871/33/1307 1868/31/1304 1895/31/1331
f 1871/33/1307 1895/31/1331 1898/33/1334
f 1872/7/1308 1869/5/1305 1896/5/1332
f 1872/7/1308 1896/5/1332 1899/7/1335
f 1873/61/1309 1870/59/1306 1897/59/1333
f 1873/61/1309 1897/59/1333 1900/61/1336
f 1874/35/1310 1871/33/1307 1898/33/1334
f 1874/35/1310 1898/33/1334 1901/35/1337
f 1875/9/1311 1872/7/1308 1899/7/1335
f 1875/9/1311 1899/7/1335 1902/9/1338
f 1876/63/1312 1873/61/1309 1900/61/1336
f 1876/63/1312 1900/61/1336 1903/63/1339
f 1877/37/1313 1874/35/1310 1901/35/1337
f 1877/37/1313 1901/35/1337 1904/37/1340
f 1878/11/1314 1875/9/1311 1902/9/1338
f 1878/11/1314 1902/9/1338 1905/11/1341
f 1879/65/1315 1876/63/1312 1903/63/1339
f 1879/65/1315 1903/63/1339 1906/65/222
f 1880/39/1316 1877/37/1313 1904/37/1340
f 1880/39/1316 1904/37/1340 1907/39/1342
f 1817/13/1253 1878/11/1314 1905/11/1341
f 1817/13/1253 1905/11/1341 1908/13/1343
f 1852/41/1288 1880/39/1316 1907/39/1342
f 1852/41/1288 1907/39/1342 1909/41/1344
f 1818/15/1254 1817/13/1253 1908/13/1343
f 1818/15/1254 1908/13/1343 1910/15/1345
f 1853/43/1289 1852/41/1288 1909/41/1344
f 1853/43/1289 1909/41/1344 1911/43/1346
f 1854/17/1290 1818/15/1254 1910/15/1345
f 1854/17/1290 1910/15/1345 1912/17/1347
f 1855/45/1291 1853/43/1289 1911/43/1346
f 1855/45/1291 1911/43/1346 1913/45/1348
f 1849/19/1285 1854/17/1290 1912/17/1347
f 1849/19/1285 1912/17/1347 1850/19/1286
f 1856/47/1292 1855/45/1291 1913/45/1348
f 1856/47/1292 1913/45/1348 1885/47/1321
f 1914/17/1349 1915/15/1350 1916/15/1351
f 1914/17/1349 1916/15/1351 1917/17/1352
f 1890/55/1326 1889/53/1325 1918/53/1353
f 1890/55/1326 1918/53/1353 1919/55/1354
f 1891/29/1327 1881/27/1317 1884/27/1320
f 1891/29/1327 1884/27/1320 1920/29/1355
f 1893/3/1329 1892/2/1328 1921/2/1356
f 1893/3/1329 1921/2/1356 1922/3/1357
f 1894/57/1330 1890/55/1326 1919/55/1354
f 1894/57/1330 1919/55/1354 1923/57/1358
f 1895/31/1331 1891/29/1327 1920/29/1355
f 1895/31/1331 1920/29/1355 1924/31/1359
f 1896/5/1332 1893/3/1329 1922/3/1357
f 1896/5/1332 1922/3/1357 1925/5/1360
f 1897/59/1333 1894/57/1330 1923/57/1358
f 1897/59/1333 1923/57/1358 1926/59/1361
f 1898/33/1334 1895/31/1331 1924/31/1359
f 1898/33/1334 1924/31/1359 1927/33/1362
f 1899/7/1335 1896/5/1332 1925/5/1360
f 1899/7/1335 1925/5/1360 1928/7/1363
f 1900/61/1336 1897/59/1333 1926/59/1361
f 1900/61/1336 1926/59/1361 1929/61/1364
f 1901/35/1337 1898/33/1334 1927/33/1362
f 1901/35/1337 1927/33/1362 1930/35/1365
f 1902/9/1338 1899/7/1335 1928/7/1363
f 1902/9/1338 1928/7/1363 1931/9/1366
f 1903/63/1339 1900/61/1336 1929/61/1364
f 1903/63/1339 1929/61/1364 1932/63/1367
f 1904/37/1340 1901/35/1337 1930/35/1365
f 1904/37/1340 1930/35/1365 1933/37/1368
f 1905/11/1341 1902/9/1338 1931/9/1366
f 1905/11/1341 1931/9/1366 1934/11/1369
f 1906/65/222 1903/63/1339 1932/63/1367
f 1906/65/222 1932/63/1367 1935/65/848
f 1907/39/1342 1904/37/1340 1933/37/1368
f 1907/39/1342 1933/37/1368 1936/39/1370
f 1908/13/1343 1905/11/1341 1934/11/1369
f 1908/13/1343 1934/11/1369 1937/13/1371
f 1909/41/1344 1907/39/1342 1936/39/1370
f 1909/41/1344 1936/39/1370 1938/41/1372
f 1910/15/1345 1908/13/1343 1937/13/1371
f 1910/15/1345 1937/13/1371 1915/15/1350
f 1911/43/1346 1909/41/1344 1938/41/1372
f 1911/43/1346 1938/41/1372 1939/43/1373
f 1912/17/1347 1910/15/1345 1915/15/1350
f 1912/17/1347 1915/15/1350 1914/17/1349
f 1913/45/1348 1911/43/1346 1939/43/1373
f 1913/45/1348 1939/43/1373 1940/45/1374
f 1850/19/1286 1912/17/1347 1914/17/1349
f 1850/19/1286 1914/17/1349 1941/19/1375
f 1885/47/1321 1913/45/1348 1940/45/1374
f 1885/47/1321 1940/45/1374 1942/47/1376
f 1851/21/1287 1850/19/1286 1941/19/1375
f 1851/21/1287 1941/19/1375 1943/21/1377
f 1886/49/1322 1885/47/1321 1942/47/1376
f 1886/49/1322 1942/47/1376 1944/49/1378
f 1887/23/1323 1851/21/1287 1943/21/1377
f 1887/23/1323 1943/21/1377 1945/23/1379
f 1888/51/1324 1886/49/1322 1944/49/1378
f 1888/51/1324 1944/49/1378 1946/51/1380
f 1882/25/1318 1887/23/1323 1945/23/1379
f 1882/25/1318 1945/23/1379 1883/25/1319
f 1889/53/1325 1888/51/1324 1946/51/1380
f 1889/53/1325 1946/51/1380 1918/53/1353
f 1947/46/1381 1948/48/1382 1949/48/1383
f 1947/46/1381 1949/48/1383 1950/46/1384
f 1951/35/845 1952/33/844 1953/33/1385
f 1951/35/845 1953/33/1385 1954/35/1386
f 1258/64/846 1262/66/848 1955/66/1387
f 1258/64/846 1955/66/1387 1956/64/1388
f 1941/19/1375 1914/17/1349 1917/17/1352
f 1941/19/1375 1917/17/1352 1957/19/1389
f 1146/22/785 1154/24/788 1958/24/1390
f 1146/22/785 1958/24/1390 1959/22/1391
f 1943/21/1377 1941/19/1375 1957/19/1389
f 1943/21/1377 1957/19/1389 1960/21/1381
f 1069/1/249 1072/4/754 1961/4/1392
f 1069/1/249 1961/4/1392 1962/1/1393
f 1106/12/768 1114/14/771 1963/14/1394
f 1106/12/768 1963/14/1394 1964/12/1395
f 1945/23/1379 1943/21/1377 1960/21/1381
f 1945/23/1379 1960/21/1381 1965/23/1396
f 1234/54/833 1238/56/836 1966/56/1397
f 1234/54/833 1966/56/1397 1967/54/1398
f 1883/25/1319 1945/23/1379 1965/23/1396
f 1883/25/1319 1965/23/1396 1968/25/1399
f 1214/44/818 1218/46/821 1947/46/1381
f 1214/44/818 1947/46/1381 1969/44/1396
f 1884/27/1320 1883/25/1319 1968/25/1399
f 1884/27/1320 1968/25/1399 1970/27/1400
f 1186/34/803 1192/36/806 1971/36/1401
f 1186/34/803 1971/36/1401 1263/34/844
f 1920/29/1355 1884/27/1320 1970/27/1400
f 1920/29/1355 1970/27/1400 1972/29/1402
f 1154/24/788 1162/26/791 1973/26/1403
f 1154/24/788 1973/26/1403 1958/24/1390
f 1924/31/1359 1920/29/1355 1972/29/1402
f 1924/31/1359 1972/29/1402 1974/31/1401
f 1114/14/771 1122/16/775 1975/16/1404
f 1114/14/771 1975/16/1404 1963/14/1394
f 1238/56/836 1242/58/839 1976/58/1405
f 1238/56/836 1976/58/1405 1966/56/1397
f 1927/33/1362 1924/31/1359 1974/31/1401
f 1927/33/1362 1974/31/1401 1952/33/844
f 1930/35/1365 1927/33/1362 1952/33/844
f 1930/35/1365 1952/33/844 1951/35/845
f 1072/4/754 1082/6/759 1977/6/1406
f 1072/4/754 1977/6/1406 1961/4/1392
f 1218/46/821 1222/48/824 1948/48/1382
f 1218/46/821 1948/48/1382 1947/46/1381
f 1933/37/1368 1930/35/1365 1951/35/845
f 1933/37/1368 1951/35/845 1978/37/1407
f 1192/36/806 1196/38/809 1979/38/1402
f 1192/36/806 1979/38/1402 1971/36/1401
f 1936/39/1370 1933/37/1368 1978/37/1407
f 1936/39/1370 1978/37/1407 1980/39/1408
f 1162/26/791 1168/28/794 1981/28/1408
f 1162/26/791 1981/28/1408 1973/26/1403
f 1938/41/1372 1936/39/1370 1980/39/1408
f 1938/41/1372 1980/39/1408 1982/41/1403
f 1242/58/839 1246/60/840 1983/60/1409
f 1242/58/839 1983/60/1409 1976/58/1405
f 1122/16/775 1130/18/778 1984/18/1410
f 1122/16/775 1984/18/1410 1975/16/1404
f 1939/43/1373 1938/41/1372 1982/41/1403
f 1939/43/1373 1982/41/1403 1985/43/1411
f 1940/45/1374 1939/43/1373 1985/43/1411
f 1940/45/1374 1985/43/1411 1986/45/1391
f 1082/6/759 1091/8/763 1987/8/1412
f 1082/6/759 1987/8/1412 1977/6/1406
f 1222/48/824 1226/50/827 1988/50/1413
f 1222/48/824 1988/50/1413 1948/48/1382
f 1942/47/1376 1940/45/1374 1986/45/1391
f 1942/47/1376 1986/45/1391 1989/47/1414
f 1196/38/809 1202/40/812 1990/40/1400
f 1196/38/809 1990/40/1400 1979/38/1402
f 1944/49/1378 1942/47/1376 1989/47/1414
f 1944/49/1378 1989/47/1414 1991/49/1410
f 1168/28/794 1174/30/797 1992/30/1407
f 1168/28/794 1992/30/1407 1981/28/1408
f 1946/51/1380 1944/49/1378 1991/49/1410
f 1946/51/1380 1991/49/1410 1993/51/1415
f 1246/60/840 1250/62/843 1994/62/1416
f 1246/60/840 1994/62/1416 1983/60/1409
f 1130/18/778 1138/20/782 1995/20/1417
f 1130/18/778 1995/20/1417 1984/18/1410
f 1918/53/1353 1946/51/1380 1993/51/1415
f 1918/53/1353 1993/51/1415 1996/53/1394
f 1919/55/1354 1918/53/1353 1996/53/1394
f 1919/55/1354 1996/53/1394 1997/55/1395
f 1091/8/763 1098/10/765 1998/10/1418
f 1091/8/763 1998/10/1418 1987/8/1412
f 1922/3/1357 1921/2/1356 1999/2/1387
f 1922/3/1357 1999/2/1387 2000/3/1388
f 1226/50/827 1230/52/830 2001/52/1419
f 1226/50/827 2001/52/1419 1988/50/1413
f 1923/57/1358 1919/55/1354 1997/55/1395
f 1923/57/1358 1997/55/1395 2002/57/1418
f 1925/5/1360 1922/3/1357 2000/3/1388
f 1925/5/1360 2000/3/1388 2003/5/1416
f 1202/40/812 1208/42/815 2004/42/1399
f 1202/40/812 2004/42/1399 1990/40/1400
f 1926/59/1361 1923/57/1358 2002/57/1418
f 1926/59/1361 2002/57/1418 2005/59/1412
f 1928/7/1363 1925/5/1360 2003/5/1416
f 1928/7/1363 2003/5/1416 2006/7/1409
f 1174/30/797 1180/32/800 1264/32/845
f 1174/30/797 1264/32/845 1992/30/1407
f 1929/61/1364 1926/59/1361 2005/59/1412
f 1929/61/1364 2005/59/1412 2007/61/1406
f 1931/9/1366 1928/7/1363 2006/7/1409
f 1931/9/1366 2006/7/1409 2008/9/1405
f 1250/62/843 1258/64/846 1956/64/1388
f 1250/62/843 1956/64/1388 1994/62/1416
f 1138/20/782 1146/22/785 1959/22/1391
f 1138/20/782 1959/22/1391 1995/20/1417
f 1932/63/1367 1929/61/1364 2007/61/1406
f 1932/63/1367 2007/61/1406 2009/63/1392
f 1934/11/1369 1931/9/1366 2008/9/1405
f 1934/11/1369 2008/9/1405 2010/11/1397
f 1935/65/848 1932/63/1367 2009/63/1392
f 1935/65/848 2009/63/1392 2011/65/1420
f 1098/10/765 1106/12/768 1964/12/1395
f 1098/10/765 1964/12/1395 1998/10/1418
f 1937/13/1371 1934/11/1369 2010/11/1397
f 1937/13/1371 2010/11/1397 2012/13/1398
f 1230/52/830 1234/54/833 1967/54/1398
f 1230/52/830 1967/54/1398 2001/52/1419
f 1915/15/1350 1937/13/1371 2012/13/1398
f 1915/15/1350 2012/13/1398 1916/15/1351
f 1208/42/815 1214/44/818 1969/44/1396
f 1208/42/815 1969/44/1396 2004/42/1399
f 1978/37/1407 1951/35/845 1954/35/1386
f 1978/37/1407 1954/35/1386 2017/37/1421
f 1948/48/1382 1988/50/1413 2018/50/1422
f 1948/48/1382 2018/50/1422 1949/48/1383
f 1980/39/1408 1978/37/1407 2017/37/1421
f 1980/39/1408 2017/37/1421 2019/39/1423
f 1988/50/1413 2001/52/1419 2020/52/1424
f 1988/50/1413 2020/52/1424 2018/50/1422
f 1982/41/1403 1980/39/1408 2019/39/1423
f 1982/41/1403 2019/39/1423 2021/41/1425
f 2001/52/1419 1967/54/1398 2022/54/1426
f 2001/52/1419 2022/54/1426 2020/52/1424
f 1985/43/1411 1982/41/1403 2021/41/1425
f 1985/43/1411 2021/41/1425 2023/43/1427
f 1967/54/1398 1966/56/1397 2024/56/1428
f 1967/54/1398 2024/56/1428 2022/54/1426
f 1962/1/1393 1961/4/1392 2025/4/1429
f 1962/1/1393 2025/4/1429 2026/1/1430
f 1986/45/1391 1985/43/1411 2023/43/1427
f 1986/45/1391 2023/43/1427 2027/45/1431
f 1966/56/1397 1976/58/1405 2028/58/1432
f 1966/56/1397 2028/58/1432 2024/56/1428
f 1961/4/1392 1977/6/1406 2029/6/1433
f 1961/4/1392 2029/6/1433 2025/4/1429
f 1989/47/1414 1986/45/1391 2027/45/1431
f 1989/47/1414 2027/45/1431 2030/47/1434
f 1976/58/1405 1983/60/1409 2031/60/1435
f 1976/58/1405 2031/60/1435 2028/58/1432
f 1977/6/1406 1987/8/1412 2032/8/1436
f 1977/6/1406 2032/8/1436 2029/6/1433
f 1991/49/1410 1989/47/1414 2030/47/1434
f 1991/49/1410 2030/47/1434 2033/49/1437
f 1983/60/1409 1994/62/1416 2034/62/1438
f 1983/60/1409 2034/62/1438 2031/60/1435
f 1987/8/1412 1998/10/1418 2035/10/1439
f 1987/8/1412 2035/10/1439 2032/8/1436
f 1993/51/1415 1991/49/1410 2033/49/1437
f 1993/51/1415 2033/49/1437 2036/51/1440
f 1994/62/1416 1956/64/1388 2037/64/1441
f 1994/62/1416 2037/64/1441 2034/62/1438
f 1998/10/1418 1964/12/1395 2038/12/1442
f 1998/10/1418 2038/12/1442 2035/10/1439
f 1996/53/1394 1993/51/1415 2036/51/1440
f 1996/53/1394 2036/51/1440 2039/53/1443
f 1956/64/1388 1955/66/1387 2040/66/1444
f 1956/64/1388 2040/66/1444 2037/64/1441
f 1964/12/1395 1963/14/1394 2041/14/1443
f 1964/12/1395 2041/14/1443 2038/12/1442
f 1997/55/1395 1996/53/1394 2039/53/1443
f 1997/55/1395 2039/53/1443 2042/55/1445
f 2000/3/1388 1999/2/1387 2043/2/1444
f 2000/3/1388 2043/2/1444 2044/3/1446
f 1963/14/1394 1975/16/1404 2045/16/1440
f 1963/14/1394 2045/16/1440 2041/14/1443
f 2002/57/1418 1997/55/1395 2042/55/1445
f 2002/57/1418 2042/55/1445 2046/57/1447
f 2003/5/1416 2000/3/1388 2044/3/1446
f 2003/5/1416 2044/3/1446 2047/5/1438
f 1975/16/1404 1984/18/1410 2048/18/1448
f 1975/16/1404 2048/18/1448 2045/16/1440
f 2005/59/1412 2002/57/1418 2046/57/1447
f 2005/59/1412 2046/57/1447 2049/59/1436
f 2006/7/1409 2003/5/1416 2047/5/1438
f 2006/7/1409 2047/5/1438 2050/7/1449
f 1984/18/1410 1995/20/1417 2051/20/1450
f 1984/18/1410 2051/20/1450 2048/18/1448
f 2007/61/1406 2005/59/1412 2049/59/1436
f 2007/61/1406 2049/59/1436 2052/61/1451
f 2008/9/1405 2006/7/1409 2050/7/1449
f 2008/9/1405 2050/7/1449 2053/9/1452
f 1995/20/1417 1959/22/1391 2054/22/1453
f 1995/20/1417 2054/22/1453 2051/20/1450
f 2009/63/1392 2007/61/1406 2052/61/1451
f 2009/63/1392 2052/61/1451 2055/63/1454
f 2010/11/1397 2008/9/1405 2053/9/1452
f 2010/11/1397 2053/9/1452 2056/11/1455
f 1959/22/1391 1958/24/1390 2057/24/1427
f 1959/22/1391 2057/24/1427 2054/22/1453
f 2011/65/1420 2009/63/1392 2055/63/1454
f 2011/65/1420 2055/63/1454 2058/65/1430
f 2012/13/1398 2010/11/1397 2056/11/1455
f 2012/13/1398 2056/11/1455 2059/13/1456
f 1958/24/1390 1973/26/1403 2060/26/1425
f 1958/24/1390 2060/26/1425 2057/24/1427
f 1916/15/1351 2012/13/1398 2059/13/1456
f 1916/15/1351 2059/13/1456 2061/15/1424
f 1973/26/1403 1981/28/1408 2062/28/1423
f 1973/26/1403 2062/28/1423 2060/26/1425
f 1917/17/1352 1916/15/1351 2061/15/1424
f 1917/17/1352 2061/15/1424 2063/17/1422
f 1981/28/1408 1992/30/1407 2064/30/1421
f 1981/28/1408 2064/30/1421 2062/28/1423
f 1957/19/1389 1917/17/1352 2063/17/1422
f 1957/19/1389 2063/17/1422 2065/19/1457
f 1992/30/1407 1264/32/845 2066/32/1386
f 1992/30/1407 2066/32/1386 2064/30/1421
f 1960/21/1381 1957/19/1389 2065/19/1457
f 1960/21/1381 2065/19/1457 2067/21/1458
f 1264/32/845 1263/34/844 2068/34/1385
f 1264/32/845 2068/34/1385 2066/32/1386
f 1965/23/1396 1960/21/1381 2067/21/1458
f 1965/23/1396 2067/21/1458 2069/23/1459
f 1263/34/844 1971/36/1401 2070/36/1460
f 1263/34/844 2070/36/1460 2068/34/1385
f 1968/25/1399 1965/23/1396 2069/23/1459
f 1968/25/1399 2069/23/1459 2071/25/1461
f 1971/36/1401 1979/38/1402 2072/38/1462
f 1971/36/1401 2072/38/1462 2070/36/1460
f 1970/27/1400 1968/25/1399 2071/25/1461
f 1970/27/1400 2071/25/1461 2073/27/1463
f 1979/38/1402 1990/40/1400 2074/40/1464
f 1979/38/1402 2074/40/1464 2072/38/1462
f 1972/29/1402 1970/27/1400 2073/27/1463
f 1972/29/1402 2073/27/1463 2075/29/1462
f 1990/40/1400 2004/42/1399 2076/42/1465
f 1990/40/1400 2076/42/1465 2074/40/1464
f 1974/31/1401 1972/29/1402 2075/29/1462
f 1974/31/1401 2075/29/1462 2077/31/1466
f 2004/42/1399 1969/44/1396 2078/44/1467
f 2004/42/1399 2078/44/1467 2076/42/1465
f 1952/33/844 1974/31/1401 2077/31/1466
f 1952/33/844 2077/31/1466 1953/33/1385
f 1969/44/1396 1947/46/1381 1950/46/1384
f 1969/44/1396 1950/46/1384 2078/44/1467
s 4
f 2079/62/843 1165/61/31 1110/63/32
f 2079/62/843 1110/63/32 1259/64/846
f 1211/45/23 1157/43/22 1160/43/22
f 1211/45/23 1160/43/22 1212/45/23
f 2080/60/840 1101/59/30 1165/61/31
f 2080/60/840 1165/61/31 2079/62/843
f 2081/58/839 1102/57/29 1101/59/30
f 2081/58/839 1101/59/30 2080/60/840
f 2082/56/1468 1093/55/28 1102/57/29
f 2082/56/1468 1102/57/29 2081/58/839
f 2083/54/833 1094/53/27 1093/55/28
f 2083/54/833 1093/55/28 2082/56/1468
f 2084/52/830 1189/51/26 1094/53/27
f 2084/52/830 1094/53/27 2083/54/833
f 2085/50/827 1133/49/25 1189/51/26
f 2085/50/827 1189/51/26 2084/52/830
f 2086/48/824 1134/47/24 1133/49/25
f 2086/48/824 1133/49/25 2085/50/827
f 2087/46/821 1211/45/23 1134/47/24
f 2087/46/821 1134/47/24 2086/48/824
f 2088/44/1469 1157/43/22 1211/45/23
f 2088/44/1469 1211/45/23 2087/46/821
f 2089/42/815 1158/41/21 1157/43/22
f 2089/42/815 1157/43/22 2088/44/1469
f 2090/40/812 1086/39/20 1158/41/21
f 2090/40/812 1158/41/21 2089/42/815
f 2091/38/809 1087/37/19 1086/39/20
f 2091/38/809 1086/39/20 2090/40/812
f 2092/36/806 1183/35/18 1087/37/19
f 2092/36/806 1087/37/19 2091/38/809
f 1254/34/803 1125/33/17 1183/35/18
f 1254/34/803 1183/35/18 2092/36/806
f 1253/32/800 1126/31/16 1125/33/17
f 1253/32/800 1125/33/17 1254/34/803
f 2093/30/797 1205/29/15 1126/31/16
f 2093/30/797 1126/31/16 1253/32/800
f 2094/28/794 1149/27/14 1205/29/15
f 2094/28/794 1205/29/15 2093/30/797
f 2095/26/791 1150/25/13 1149/27/14
f 2095/26/791 1149/27/14 2094/28/794
f 2096/24/788 1077/23/12 1150/25/13
f 2096/24/788 1150/25/13 2095/26/791
f 2097/22/785 1078/21/11 1077/23/12
f 2097/22/785 1077/23/12 2096/24/788
f 2098/20/782 1177/19/10 1078/21/11
f 2098/20/782 1078/21/11 2097/22/785
f 2099/18/778 1117/17/9 1177/19/10
f 2099/18/778 1177/19/10 2098/20/782
f 2100/16/775 1118/15/8 1117/17/9
f 2100/16/775 1117/17/9 2099/18/778
f 2101/14/771 1199/13/7 1118/15/8
f 2101/14/771 1118/15/8 2100/16/775
f 2102/12/768 1141/11/6 1199/13/7
f 2102/12/768 1199/13/7 2101/14/771
f 2103/10/765 1142/9/5 1141/11/6
f 2103/10/765 1141/11/6 2102/12/768
f 2104/8/763 1065/7/4 1142/9/5
f 2104/8/763 1142/9/5 2103/10/765
f 2105/6/759 1066/5/3 1065/7/4
f 2105/6/759 1065/7/4 2104/8/763
f 2106/4/754 1171/3/2 1066/5/3
f 2106/4/754 1066/5/3 2105/6/759
f 2107/1/249 1243/2/1 1171/3/2
f 2107/1/249 1171/3/2 2106/4/754
f 2108/11/1470 2109/9/1471 2110/9/1472
f 2108/11/1470 2110/9/1472 2111/11/957
f 1104/59/30 1103/57/29 2112/57/1473
f 1104/59/30 2112/57/1473 2113/59/1474
f 1128/33/17 1127/31/16 2114/31/1475
f 1128/33/17 2114/31/1475 2115/33/961
f 1068/7/4 1067/5/3 1248/5/842
f 1068/7/4 1248/5/842 2116/7/1476
f 1166/61/31 1104/59/30 2113/59/1474
f 1166/61/31 2113/59/1474 2117/61/1477
f 1184/35/18 1128/33/17 2115/33/961
f 1184/35/18 2115/33/961 2118/35/964
f 1143/9/5 1068/7/4 2116/7/1476
f 1143/9/5 2116/7/1476 2109/9/1471
f 1111/63/32 1166/61/31 2117/61/1477
f 1111/63/32 2117/61/1477 2119/63/965
f 1088/37/19 1184/35/18 2118/35/964
f 1088/37/19 2118/35/964 2120/37/1478
f 1144/11/6 1143/9/5 2109/9/1471
f 1144/11/6 2109/9/1471 2108/11/1470
f 1112/65/33 1111/63/32 2119/63/965
f 1112/65/33 2119/63/965 2121/65/967
f 1089/39/20 1088/37/19 2120/37/1478
f 1089/39/20 2120/37/1478 2122/39/1479
f 1200/13/7 1144/11/6 2108/11/1470
f 1200/13/7 2108/11/1470 2123/13/1480
f 1159/41/21 1089/39/20 2122/39/1479
f 1159/41/21 2122/39/1479 2124/41/1481
f 1119/15/8 1200/13/7 2123/13/1480
f 1119/15/8 2123/13/1480 2125/15/1482
f 1160/43/22 1159/41/21 2124/41/1481
f 1160/43/22 2124/41/1481 2126/43/972
f 1120/17/9 1119/15/8 2125/15/1482
f 1120/17/9 2125/15/1482 2127/17/973
f 1212/45/23 1160/43/22 2126/43/972
f 1212/45/23 2126/43/972 2128/45/1483
f 1178/19/10 1120/17/9 2127/17/973
f 1178/19/10 2127/17/973 2129/19/1484
f 1135/47/24 1212/45/23 2128/45/1483
f 1135/47/24 2128/45/1483 2130/47/1485
f 1079/21/11 1178/19/10 2129/19/1484
f 1079/21/11 2129/19/1484 2131/21/1486
f 1136/49/25 1135/47/24 2130/47/1485
f 1136/49/25 2130/47/1485 2132/49/978
f 1080/23/12 1079/21/11 2131/21/1486
f 1080/23/12 2131/21/1486 2133/23/1487
f 1190/51/26 1136/49/25 2132/49/978
f 1190/51/26 2132/49/978 2134/51/1488
f 1151/25/13 1080/23/12 2133/23/1487
f 1151/25/13 2133/23/1487 2135/25/981
f 1095/53/27 1190/51/26 2134/51/1488
f 1095/53/27 2134/51/1488 2136/53/1489
f 1152/27/14 1151/25/13 2135/25/981
f 1152/27/14 2135/25/981 2137/27/1490
f 1096/55/28 1095/53/27 2136/53/1489
f 1096/55/28 2136/53/1489 2138/55/1491
f 1206/29/15 1152/27/14 2137/27/1490
f 1206/29/15 2137/27/1490 2139/29/1492
f 1172/3/2 1244/2/1 2140/2/986
f 1172/3/2 2140/2/986 1247/3/841
f 1103/57/29 1096/55/28 2138/55/1491
f 1103/57/29 2138/55/1491 2112/57/1473
f 1127/31/16 1206/29/15 2139/29/1492
f 1127/31/16 2139/29/1492 2114/31/1475
f 2141/21/1493 2142/19/1494 2143/19/1495
f 2141/21/1493 2143/19/1495 2144/21/990
f 2121/65/967 2119/63/965 2145/63/991
f 2121/65/967 2145/63/991 2146/65/992
f 2122/39/1479 2120/37/1478 2147/37/993
f 2122/39/1479 2147/37/993 2148/39/994
f 2123/13/1480 2108/11/1470 2111/11/957
f 2123/13/1480 2111/11/957 2149/13/1496
f 2124/41/1481 2122/39/1479 2148/39/994
f 2124/41/1481 2148/39/994 2150/41/1497
f 2125/15/1482 2123/13/1480 2149/13/1496
f 2125/15/1482 2149/13/1496 2151/15/1498
f 2126/43/972 2124/41/1481 2150/41/1497
f 2126/43/972 2150/41/1497 2152/43/998
f 2127/17/973 2125/15/1482 2151/15/1498
f 2127/17/973 2151/15/1498 2153/17/999
f 2128/45/1483 2126/43/972 2152/43/998
f 2128/45/1483 2152/43/998 2154/45/1000
f 2129/19/1484 2127/17/973 2153/17/999
f 2129/19/1484 2153/17/999 2142/19/1494
f 2130/47/1485 2128/45/1483 2154/45/1000
f 2130/47/1485 2154/45/1000 2155/47/1499
f 2131/21/1486 2129/19/1484 2142/19/1494
f 2131/21/1486 2142/19/1494 2141/21/1493
f 2132/49/978 2130/47/1485 2155/47/1499
f 2132/49/978 2155/47/1499 2156/49/1500
f 2133/23/1487 2131/21/1486 2141/21/1493
f 2133/23/1487 2141/21/1493 2157/23/1501
f 2134/51/1488 2132/49/978 2156/49/1500
f 2134/51/1488 2156/49/1500 2158/51/1004
f 2135/25/981 2133/23/1487 2157/23/1501
f 2135/25/981 2157/23/1501 2159/25/1502
f 2136/53/1489 2134/51/1488 2158/51/1004
f 2136/53/1489 2158/51/1004 2160/53/1006
f 2137/27/1490 2135/25/981 2159/25/1502
f 2137/27/1490 2159/25/1502 2161/27/1007
f 2138/55/1491 2136/53/1489 2160/53/1006
f 2138/55/1491 2160/53/1006 2162/55/1008
f 2139/29/1492 2137/27/1490 2161/27/1007
f 2139/29/1492 2161/27/1007 2163/29/1009
f 1247/3/841 2140/2/986 2164/2/1503
f 1247/3/841 2164/2/1503 2165/3/1011
f 2112/57/1473 2138/55/1491 2162/55/1008
f 2112/57/1473 2162/55/1008 2166/57/1012
f 2114/31/1475 2139/29/1492 2163/29/1009
f 2114/31/1475 2163/29/1009 2167/31/1013
f 1248/5/842 1247/3/841 2165/3/1011
f 1248/5/842 2165/3/1011 2168/5/1014
f 2113/59/1474 2112/57/1473 2166/57/1012
f 2113/59/1474 2166/57/1012 2169/59/1015
f 2115/33/961 2114/31/1475 2167/31/1013
f 2115/33/961 2167/31/1013 2170/33/1016
f 2116/7/1476 1248/5/842 2168/5/1014
f 2116/7/1476 2168/5/1014 2171/7/1017
f 2117/61/1477 2113/59/1474 2169/59/1015
f 2117/61/1477 2169/59/1015 2172/61/1018
f 2118/35/964 2115/33/961 2170/33/1016
f 2118/35/964 2170/33/1016 2173/35/1019
f 2109/9/1471 2116/7/1476 2171/7/1017
f 2109/9/1471 2171/7/1017 2110/9/1472
f 2119/63/965 2117/61/1477 2172/61/1018
f 2119/63/965 2172/61/1018 2145/63/991
f 2120/37/1478 2118/35/964 2173/35/1019
f 2120/37/1478 2173/35/1019 2147/37/993
f 2174/27/1020 2175/25/1021 2176/25/1022
f 2174/27/1020 2176/25/1022 2177/27/1023
f 2156/49/1500 2155/47/1499 2178/47/1024
f 2156/49/1500 2178/47/1024 2179/49/1504
f 2157/23/1501 2141/21/1493 2144/21/990
f 2157/23/1501 2144/21/990 2180/23/1026
f 2158/51/1004 2156/49/1500 2179/49/1504
f 2158/51/1004 2179/49/1504 2181/51/1027
f 2159/25/1502 2157/23/1501 2180/23/1026
f 2159/25/1502 2180/23/1026 2175/25/1021
f 2160/53/1006 2158/51/1004 2181/51/1027
f 2160/53/1006 2181/51/1027 2182/53/1028
f 2161/27/1007 2159/25/1502 2175/25/1021
f 2161/27/1007 2175/25/1021 2174/27/1020
f 2162/55/1008 2160/53/1006 2182/53/1028
f 2162/55/1008 2182/53/1028 2183/55/1505
f 2163/29/1009 2161/27/1007 2174/27/1020
f 2163/29/1009 2174/27/1020 2184/29/1030
f 2165/3/1011 2164/2/1503 2185/2/1031
f 2165/3/1011 2185/2/1031 2186/3/1032
f 2166/57/1012 2162/55/1008 2183/55/1505
f 2166/57/1012 2183/55/1505 2187/57/1033
f 2167/31/1013 2163/29/1009 2184/29/1030
f 2167/31/1013 2184/29/1030 2188/31/1034
f 2168/5/1014 2165/3/1011 2186/3/1032
f 2168/5/1014 2186/3/1032 2189/5/1035
f 2169/59/1015 2166/57/1012 2187/57/1033
f 2169/59/1015 2187/57/1033 2190/59/1506
f 2170/33/1016 2167/31/1013 2188/31/1034
f 2170/33/1016 2188/31/1034 2191/33/1037
f 2171/7/1017 2168/5/1014 2189/5/1035
f 2171/7/1017 2189/5/1035 2192/7/1038
f 2172/61/1018 2169/59/1015 2190/59/1506
f 2172/61/1018 2190/59/1506 2193/61/1039
f 2173/35/1019 2170/33/1016 2191/33/1037
f 2173/35/1019 2191/33/1037 2194/35/1040
f 2110/9/1472 2171/7/1017 2192/7/1038
f 2110/9/1472 2192/7/1038 2195/9/1041
f 2145/63/991 2172/61/1018 2193/61/1039
f 2145/63/991 2193/61/1039 2196/63/1507
f 2147/37/993 2173/35/1019 2194/35/1040
f 2147/37/993 2194/35/1040 2197/37/1043
f 2111/11/957 2110/9/1472 2195/9/1041
f 2111/11/957 2195/9/1041 2198/11/1508
f 2146/65/992 2145/63/991 2196/63/1507
f 2146/65/992 2196/63/1507 2199/65/1045
f 2148/39/994 2147/37/993 2197/37/1043
f 2148/39/994 2197/37/1043 2200/39/1509
f 2149/13/1496 2111/11/957 2198/11/1508
f 2149/13/1496 2198/11/1508 2201/13/1047
f 2150/41/1497 2148/39/994 2200/39/1509
f 2150/41/1497 2200/39/1509 2202/41/1510
f 2151/15/1498 2149/13/1496 2201/13/1047
f 2151/15/1498 2201/13/1047 2203/15/1049
f 2152/43/998 2150/41/1497 2202/41/1510
f 2152/43/998 2202/41/1510 2204/43/1050
f 2153/17/999 2151/15/1498 2203/15/1049
f 2153/17/999 2203/15/1049 2205/17/1051
f 2154/45/1000 2152/43/998 2204/43/1050
f 2154/45/1000 2204/43/1050 2206/45/1511
f 2142/19/1494 2153/17/999 2205/17/1051
f 2142/19/1494 2205/17/1051 2143/19/1495
f 2155/47/1499 2154/45/1000 2206/45/1511
f 2155/47/1499 2206/45/1511 2178/47/1024
f 2207/33/1053 2208/31/1054 2209/31/1512
f 2207/33/1053 2209/31/1512 2210/33/1056
f 2183/55/1505 2182/53/1028 2211/53/1057
f 2183/55/1505 2211/53/1057 2212/55/1058
f 2184/29/1030 2174/27/1020 2177/27/1023
f 2184/29/1030 2177/27/1023 2213/29/1059
f 2186/3/1032 2185/2/1031 2214/2/1060
f 2186/3/1032 2214/2/1060 2215/3/1061
f 2187/57/1033 2183/55/1505 2212/55/1058
f 2187/57/1033 2212/55/1058 2216/57/1062
f 2188/31/1034 2184/29/1030 2213/29/1059
f 2188/31/1034 2213/29/1059 2208/31/1054
f 2189/5/1035 2186/3/1032 2215/3/1061
f 2189/5/1035 2215/3/1061 2217/5/1063
f 2190/59/1506 2187/57/1033 2216/57/1062
f 2190/59/1506 2216/57/1062 2218/59/1064
f 2191/33/1037 2188/31/1034 2208/31/1054
f 2191/33/1037 2208/31/1054 2207/33/1053
f 2192/7/1038 2189/5/1035 2217/5/1063
f 2192/7/1038 2217/5/1063 2219/7/1065
f 2193/61/1039 2190/59/1506 2218/59/1064
f 2193/61/1039 2218/59/1064 2220/61/1066
f 2194/35/1040 2191/33/1037 2207/33/1053
f 2194/35/1040 2207/33/1053 2221/35/1067
f 2195/9/1041 2192/7/1038 2219/7/1065
f 2195/9/1041 2219/7/1065 2222/9/1068
f 2196/63/1507 2193/61/1039 2220/61/1066
f 2196/63/1507 2220/61/1066 2223/63/1069
f 2197/37/1043 2194/35/1040 2221/35/1067
f 2197/37/1043 2221/35/1067 2224/37/1070
f 2198/11/1508 2195/9/1041 2222/9/1068
f 2198/11/1508 2222/9/1068 2225/11/1071
f 2199/65/1045 2196/63/1507 2223/63/1069
f 2199/65/1045 2223/63/1069 2226/65/1072
f 2200/39/1509 2197/37/1043 2224/37/1070
f 2200/39/1509 2224/37/1070 2227/39/1073
f 2201/13/1047 2198/11/1508 2225/11/1071
f 2201/13/1047 2225/11/1071 2228/13/1513
f 2202/41/1510 2200/39/1509 2227/39/1073
f 2202/41/1510 2227/39/1073 2229/41/1075
f 2203/15/1049 2201/13/1047 2228/13/1513
f 2203/15/1049 2228/13/1513 2230/15/1076
f 2204/43/1050 2202/41/1510 2229/41/1075
f 2204/43/1050 2229/41/1075 2231/43/1514
f 2205/17/1051 2203/15/1049 2230/15/1076
f 2205/17/1051 2230/15/1076 2232/17/1078
f 2206/45/1511 2204/43/1050 2231/43/1514
f 2206/45/1511 2231/43/1514 2233/45/1079
f 2143/19/1495 2205/17/1051 2232/17/1078
f 2143/19/1495 2232/17/1078 2234/19/1515
f 2178/47/1024 2206/45/1511 2233/45/1079
f 2178/47/1024 2233/45/1079 2235/47/1516
f 2144/21/990 2143/19/1495 2234/19/1515
f 2144/21/990 2234/19/1515 2236/21/1517
f 2179/49/1504 2178/47/1024 2235/47/1516
f 2179/49/1504 2235/47/1516 2237/49/1083
f 2180/23/1026 2144/21/990 2236/21/1517
f 2180/23/1026 2236/21/1517 2238/23/1084
f 2181/51/1027 2179/49/1504 2237/49/1083
f 2181/51/1027 2237/49/1083 2239/51/1085
f 2175/25/1021 2180/23/1026 2238/23/1084
f 2175/25/1021 2238/23/1084 2176/25/1022
f 2182/53/1028 2181/51/1027 2239/51/1085
f 2182/53/1028 2239/51/1085 2211/53/1057
f 2240/39/1086 2241/37/1087 2242/37/1088
f 2240/39/1086 2242/37/1088 2243/39/1518
f 2219/7/1065 2217/5/1063 2244/5/1519
f 2219/7/1065 2244/5/1519 2245/7/1520
f 2220/61/1066 2218/59/1064 2246/59/1521
f 2220/61/1066 2246/59/1521 2247/61/1522
f 2221/35/1067 2207/33/1053 2210/33/1056
f 2221/35/1067 2210/33/1056 2248/35/1523
f 2222/9/1068 2219/7/1065 2245/7/1520
f 2222/9/1068 2245/7/1520 2249/9/1095
f 2223/63/1069 2220/61/1066 2247/61/1522
f 2223/63/1069 2247/61/1522 2250/63/1096
f 2224/37/1070 2221/35/1067 2248/35/1523
f 2224/37/1070 2248/35/1523 2241/37/1087
f 2225/11/1071 2222/9/1068 2249/9/1095
f 2225/11/1071 2249/9/1095 2251/11/1097
f 2226/65/1072 2223/63/1069 2250/63/1096
f 2226/65/1072 2250/63/1096 2252/65/1098
f 2227/39/1073 2224/37/1070 2241/37/1087
f 2227/39/1073 2241/37/1087 2240/39/1086
f 2228/13/1513 2225/11/1071 2251/11/1097
f 2228/13/1513 2251/11/1097 2253/13/1099
f 2229/41/1075 2227/39/1073 2240/39/1086
f 2229/41/1075 2240/39/1086 2254/41/1100
f 2230/15/1076 2228/13/1513 2253/13/1099
f 2230/15/1076 2253/13/1099 2255/15/1101
f 2231/43/1514 2229/41/1075 2254/41/1100
f 2231/43/1514 2254/41/1100 2256/43/1102
f 2232/17/1078 2230/15/1076 2255/15/1101
f 2232/17/1078 2255/15/1101 2257/17/1103
f 2233/45/1079 2231/43/1514 2256/43/1102
f 2233/45/1079 2256/43/1102 2258/45/1104
f 2234/19/1515 2232/17/1078 2257/17/1103
f 2234/19/1515 2257/17/1103 2259/19/1105
f 2235/47/1516 2233/45/1079 2258/45/1104
f 2235/47/1516 2258/45/1104 2260/47/1106
f 2236/21/1517 2234/19/1515 2259/19/1105
f 2236/21/1517 2259/19/1105 2261/21/1107
f 2237/49/1083 2235/47/1516 2260/47/1106
f 2237/49/1083 2260/47/1106 2262/49/1108
f 2238/23/1084 2236/21/1517 2261/21/1107
f 2238/23/1084 2261/21/1107 2263/23/1109
f 2239/51/1085 2237/49/1083 2262/49/1108
f 2239/51/1085 2262/49/1108 2264/51/1524
f 2176/25/1022 2238/23/1084 2263/23/1109
f 2176/25/1022 2263/23/1109 2265/25/1111
f 2211/53/1057 2239/51/1085 2264/51/1524
f 2211/53/1057 2264/51/1524 2266/53/1112
f 2177/27/1023 2176/25/1022 2265/25/1111
f 2177/27/1023 2265/25/1111 2267/27/1525
f 2212/55/1058 2211/53/1057 2266/53/1112
f 2212/55/1058 2266/53/1112 2268/55/1114
f 2213/29/1059 2177/27/1023 2267/27/1525
f 2213/29/1059 2267/27/1525 2269/29/1526
f 2215/3/1061 2214/2/1060 2270/2/1116
f 2215/3/1061 2270/2/1116 2271/3/1117
f 2216/57/1062 2212/55/1058 2268/55/1114
f 2216/57/1062 2268/55/1114 2272/57/1118
f 2208/31/1054 2213/29/1059 2269/29/1526
f 2208/31/1054 2269/29/1526 2209/31/1512
f 2217/5/1063 2215/3/1061 2271/3/1117
f 2217/5/1063 2271/3/1117 2244/5/1519
f 2218/59/1064 2216/57/1062 2272/57/1118
f 2218/59/1064 2272/57/1118 2246/59/1521
f 2273/45/1527 2274/43/1528 2275/43/1121
f 2273/45/1527 2275/43/1121 2276/45/1122
f 2253/13/1099 2251/11/1097 2277/11/1123
f 2253/13/1099 2277/11/1123 2278/13/1124
f 2254/41/1100 2240/39/1086 2243/39/1518
f 2254/41/1100 2243/39/1518 2279/41/1529
f 2255/15/1101 2253/13/1099 2278/13/1124
f 2255/15/1101 2278/13/1124 2280/15/1126
f 2256/43/1102 2254/41/1100 2279/41/1529
f 2256/43/1102 2279/41/1529 2274/43/1528
f 2257/17/1103 2255/15/1101 2280/15/1126
f 2257/17/1103 2280/15/1126 2281/17/1127
f 2258/45/1104 2256/43/1102 2274/43/1528
f 2258/45/1104 2274/43/1528 2273/45/1527
f 2259/19/1105 2257/17/1103 2281/17/1127
f 2259/19/1105 2281/17/1127 2282/19/1128
f 2260/47/1106 2258/45/1104 2273/45/1527
f 2260/47/1106 2273/45/1527 2283/47/1530
f 2261/21/1107 2259/19/1105 2282/19/1128
f 2261/21/1107 2282/19/1128 2284/21/1531
f 2262/49/1108 2260/47/1106 2283/47/1530
f 2262/49/1108 2283/47/1530 2285/49/1131
f 2263/23/1109 2261/21/1107 2284/21/1531
f 2263/23/1109 2284/21/1531 2286/23/1532
f 2264/51/1524 2262/49/1108 2285/49/1131
f 2264/51/1524 2285/49/1131 2287/51/1533
f 2265/25/1111 2263/23/1109 2286/23/1532
f 2265/25/1111 2286/23/1532 2288/25/1534
f 2266/53/1112 2264/51/1524 2287/51/1533
f 2266/53/1112 2287/51/1533 2289/53/1535
f 2267/27/1525 2265/25/1111 2288/25/1534
f 2267/27/1525 2288/25/1534 2290/27/1536
f 2268/55/1114 2266/53/1112 2289/53/1535
f 2268/55/1114 2289/53/1535 2291/55/1537
f 2269/29/1526 2267/27/1525 2290/27/1536
f 2269/29/1526 2290/27/1536 2292/29/1538
f 2271/3/1117 2270/2/1116 2293/2/1139
f 2271/3/1117 2293/2/1139 2294/3/1140
f 2272/57/1118 2268/55/1114 2291/55/1537
f 2272/57/1118 2291/55/1537 2295/57/1141
f 2209/31/1512 2269/29/1526 2292/29/1538
f 2209/31/1512 2292/29/1538 2296/31/1142
f 2244/5/1519 2271/3/1117 2294/3/1140
f 2244/5/1519 2294/3/1140 2297/5/1143
f 2246/59/1521 2272/57/1118 2295/57/1141
f 2246/59/1521 2295/57/1141 2298/59/1144
f 2210/33/1056 2209/31/1512 2296/31/1142
f 2210/33/1056 2296/31/1142 2299/33/1145
f 2245/7/1520 2244/5/1519 2297/5/1143
f 2245/7/1520 2297/5/1143 2300/7/1146
f 2247/61/1522 2246/59/1521 2298/59/1144
f 2247/61/1522 2298/59/1144 2301/61/1147
f 2248/35/1523 2210/33/1056 2299/33/1145
f 2248/35/1523 2299/33/1145 2302/35/1148
f 2249/9/1095 2245/7/1520 2300/7/1146
f 2249/9/1095 2300/7/1146 2303/9/1539
f 2250/63/1096 2247/61/1522 2301/61/1147
f 2250/63/1096 2301/61/1147 2304/63/1150
f 2241/37/1087 2248/35/1523 2302/35/1148
f 2241/37/1087 2302/35/1148 2242/37/1088
f 2251/11/1097 2249/9/1095 2303/9/1539
f 2251/11/1097 2303/9/1539 2277/11/1123
f 2252/65/1098 2250/63/1096 2304/63/1150
f 2252/65/1098 2304/63/1150 2305/65/1151
f 2306/51/1540 2307/49/1541 2308/49/1154
f 2306/51/1540 2308/49/1154 2309/51/1155
f 2282/19/1128 2281/17/1127 2310/17/1156
f 2282/19/1128 2310/17/1156 2311/19/1542
f 2283/47/1530 2273/45/1527 2276/45/1122
f 2283/47/1530 2276/45/1122 2312/47/1543
f 2284/21/1531 2282/19/1128 2311/19/1542
f 2284/21/1531 2311/19/1542 2313/21/1544
f 2285/49/1131 2283/47/1530 2312/47/1543
f 2285/49/1131 2312/47/1543 2307/49/1541
f 2286/23/1532 2284/21/1531 2313/21/1544
f 2286/23/1532 2313/21/1544 2314/23/1160
f 2287/51/1533 2285/49/1131 2307/49/1541
f 2287/51/1533 2307/49/1541 2306/51/1540
f 2288/25/1534 2286/23/1532 2314/23/1160
f 2288/25/1534 2314/23/1160 2315/25/1161
f 2289/53/1535 2287/51/1533 2306/51/1540
f 2289/53/1535 2306/51/1540 2316/53/1162
f 2290/27/1536 2288/25/1534 2315/25/1161
f 2290/27/1536 2315/25/1161 2317/27/1163
f 2291/55/1537 2289/53/1535 2316/53/1162
f 2291/55/1537 2316/53/1162 2318/55/1164
f 2292/29/1538 2290/27/1536 2317/27/1163
f 2292/29/1538 2317/27/1163 2319/29/1545
f 2294/3/1140 2293/2/1139 2320/2/1166
f 2294/3/1140 2320/2/1166 2321/3/1167
f 2295/57/1141 2291/55/1537 2318/55/1164
f 2295/57/1141 2318/55/1164 2322/57/1168
f 2296/31/1142 2292/29/1538 2319/29/1545
f 2296/31/1142 2319/29/1545 2323/31/1169
f 2297/5/1143 2294/3/1140 2321/3/1167
f 2297/5/1143 2321/3/1167 2324/5/1546
f 2298/59/1144 2295/57/1141 2322/57/1168
f 2298/59/1144 2322/57/1168 2325/59/1547
f 2299/33/1145 2296/31/1142 2323/31/1169
f 2299/33/1145 2323/31/1169 2326/33/1172
f 2300/7/1146 2297/5/1143 2324/5/1546
f 2300/7/1146 2324/5/1546 2327/7/1173
f 2301/61/1147 2298/59/1144 2325/59/1547
f 2301/61/1147 2325/59/1547 2328/61/1174
f 2302/35/1148 2299/33/1145 2326/33/1172
f 2302/35/1148 2326/33/1172 2329/35/1175
f 2303/9/1539 2300/7/1146 2327/7/1173
f 2303/9/1539 2327/7/1173 2330/9/1176
f 2304/63/1150 2301/61/1147 2328/61/1174
f 2304/63/1150 2328/61/1174 2331/63/1177
f 2242/37/1088 2302/35/1148 2329/35/1175
f 2242/37/1088 2329/35/1175 2332/37/1178
f 2277/11/1123 2303/9/1539 2330/9/1176
f 2277/11/1123 2330/9/1176 2333/11/1548
f 2305/65/1151 2304/63/1150 2331/63/1177
f 2305/65/1151 2331/63/1177 2334/65/1180
f 2243/39/1518 2242/37/1088 2332/37/1178
f 2243/39/1518 2332/37/1178 2335/39/1181
f 2278/13/1124 2277/11/1123 2333/11/1548
f 2278/13/1124 2333/11/1548 2336/13/1549
f 2279/41/1529 2243/39/1518 2335/39/1181
f 2279/41/1529 2335/39/1181 2337/41/1550
f 2280/15/1126 2278/13/1124 2336/13/1549
f 2280/15/1126 2336/13/1549 2338/15/1184
f 2274/43/1528 2279/41/1529 2337/41/1550
f 2274/43/1528 2337/41/1550 2275/43/1121
f 2281/17/1127 2280/15/1126 2338/15/1184
f 2281/17/1127 2338/15/1184 2310/17/1156
f 2339/3/1185 2340/2/1186 2341/2/1187
f 2339/3/1185 2341/2/1187 2342/3/1188
f 2315/25/1161 2314/23/1160 2343/23/1551
f 2315/25/1161 2343/23/1551 2344/25/1190
f 2316/53/1162 2306/51/1540 2309/51/1155
f 2316/53/1162 2309/51/1155 2345/53/1191
f 2317/27/1163 2315/25/1161 2344/25/1190
f 2317/27/1163 2344/25/1190 2346/27/1192
f 2318/55/1164 2316/53/1162 2345/53/1191
f 2318/55/1164 2345/53/1191 2347/55/1193
f 2319/29/1545 2317/27/1163 2346/27/1192
f 2319/29/1545 2346/27/1192 2348/29/1194
f 2321/3/1167 2320/2/1166 2340/2/1186
f 2321/3/1167 2340/2/1186 2339/3/1185
f 2322/57/1168 2318/55/1164 2347/55/1193
f 2322/57/1168 2347/55/1193 2349/57/1552
f 2323/31/1169 2319/29/1545 2348/29/1194
f 2323/31/1169 2348/29/1194 2350/31/1196
f 2324/5/1546 2321/3/1167 2339/3/1185
f 2324/5/1546 2339/3/1185 2351/5/1197
f 2325/59/1547 2322/57/1168 2349/57/1552
f 2325/59/1547 2349/57/1552 2352/59/1198
f 2326/33/1172 2323/31/1169 2350/31/1196
f 2326/33/1172 2350/31/1196 2353/33/1199
f 2327/7/1173 2324/5/1546 2351/5/1197
f 2327/7/1173 2351/5/1197 2354/7/1200
f 2328/61/1174 2325/59/1547 2352/59/1198
f 2328/61/1174 2352/59/1198 2355/61/1201
f 2329/35/1175 2326/33/1172 2353/33/1199
f 2329/35/1175 2353/33/1199 2356/35/1553
f 2330/9/1176 2327/7/1173 2354/7/1200
f 2330/9/1176 2354/7/1200 2357/9/1203
f 2331/63/1177 2328/61/1174 2355/61/1201
f 2331/63/1177 2355/61/1201 2358/63/1554
f 2332/37/1178 2329/35/1175 2356/35/1553
f 2332/37/1178 2356/35/1553 2359/37/1205
f 2333/11/1548 2330/9/1176 2357/9/1203
f 2333/11/1548 2357/9/1203 2360/11/1206
f 2334/65/1180 2331/63/1177 2358/63/1554
f 2334/65/1180 2358/63/1554 2361/65/1207
f 2335/39/1181 2332/37/1178 2359/37/1205
f 2335/39/1181 2359/37/1205 2362/39/1208
f 2336/13/1549 2333/11/1548 2360/11/1206
f 2336/13/1549 2360/11/1206 2363/13/1555
f 2337/41/1550 2335/39/1181 2362/39/1208
f 2337/41/1550 2362/39/1208 2364/41/1556
f 2338/15/1184 2336/13/1549 2363/13/1555
f 2338/15/1184 2363/13/1555 2365/15/1557
f 2275/43/1121 2337/41/1550 2364/41/1556
f 2275/43/1121 2364/41/1556 2366/43/1212
f 2310/17/1156 2338/15/1184 2365/15/1557
f 2310/17/1156 2365/15/1557 2367/17/1213
f 2276/45/1122 2275/43/1121 2366/43/1212
f 2276/45/1122 2366/43/1212 2368/45/1558
f 2311/19/1542 2310/17/1156 2367/17/1213
f 2311/19/1542 2367/17/1213 2369/19/1215
f 2312/47/1543 2276/45/1122 2368/45/1558
f 2312/47/1543 2368/45/1558 2370/47/1216
f 2313/21/1544 2311/19/1542 2369/19/1215
f 2313/21/1544 2369/19/1215 2371/21/1217
f 2307/49/1541 2312/47/1543 2370/47/1216
f 2307/49/1541 2370/47/1216 2308/49/1154
f 2314/23/1160 2313/21/1544 2371/21/1217
f 2314/23/1160 2371/21/1217 2343/23/1551
f 2372/9/1218 2373/7/1219 2374/7/1220
f 2372/9/1218 2374/7/1220 2375/9/1221
f 2349/57/1552 2347/55/1193 2376/55/1559
f 2349/57/1552 2376/55/1559 2377/57/1223
f 2350/31/1196 2348/29/1194 2378/29/1224
f 2350/31/1196 2378/29/1224 2379/31/1225
f 2351/5/1197 2339/3/1185 2342/3/1188
f 2351/5/1197 2342/3/1188 2380/5/1226
f 2352/59/1198 2349/57/1552 2377/57/1223
f 2352/59/1198 2377/57/1223 2381/59/1227
f 2353/33/1199 2350/31/1196 2379/31/1225
f 2353/33/1199 2379/31/1225 2382/33/1228
f 2354/7/1200 2351/5/1197 2380/5/1226
f 2354/7/1200 2380/5/1226 2373/7/1219
f 2355/61/1201 2352/59/1198 2381/59/1227
f 2355/61/1201 2381/59/1227 2383/61/1560
f 2356/35/1553 2353/33/1199 2382/33/1228
f 2356/35/1553 2382/33/1228 2384/35/1230
f 2357/9/1203 2354/7/1200 2373/7/1219
f 2357/9/1203 2373/7/1219 2372/9/1218
f 2358/63/1554 2355/61/1201 2383/61/1560
f 2358/63/1554 2383/61/1560 2385/63/1231
f 2359/37/1205 2356/35/1553 2384/35/1230
f 2359/37/1205 2384/35/1230 2386/37/1232
f 2360/11/1206 2357/9/1203 2372/9/1218
f 2360/11/1206 2372/9/1218 2387/11/1233
f 2361/65/1207 2358/63/1554 2385/63/1231
f 2361/65/1207 2385/63/1231 2388/65/1234
f 2362/39/1208 2359/37/1205 2386/37/1232
f 2362/39/1208 2386/37/1232 2389/39/1235
f 2363/13/1555 2360/11/1206 2387/11/1233
f 2363/13/1555 2387/11/1233 2390/13/1236
f 2364/41/1556 2362/39/1208 2389/39/1235
f 2364/41/1556 2389/39/1235 2391/41/1237
f 2365/15/1557 2363/13/1555 2390/13/1236
f 2365/15/1557 2390/13/1236 2392/15/1238
f 2366/43/1212 2364/41/1556 2391/41/1237
f 2366/43/1212 2391/41/1237 2393/43/1239
f 2367/17/1213 2365/15/1557 2392/15/1238
f 2367/17/1213 2392/15/1238 2394/17/1240
f 2368/45/1558 2366/43/1212 2393/43/1239
f 2368/45/1558 2393/43/1239 2395/45/1241
f 2369/19/1215 2367/17/1213 2394/17/1240
f 2369/19/1215 2394/17/1240 2396/19/1242
f 2370/47/1216 2368/45/1558 2395/45/1241
f 2370/47/1216 2395/45/1241 2397/47/1561
f 2371/21/1217 2369/19/1215 2396/19/1242
f 2371/21/1217 2396/19/1242 2398/21/1244
f 2308/49/1154 2370/47/1216 2397/47/1561
f 2308/49/1154 2397/47/1561 2399/49/1245
f 2343/23/1551 2371/21/1217 2398/21/1244
f 2343/23/1551 2398/21/1244 2400/23/1246
f 2309/51/1155 2308/49/1154 2399/49/1245
f 2309/51/1155 2399/49/1245 2401/51/1247
f 2344/25/1190 2343/23/1551 2400/23/1246
f 2344/25/1190 2400/23/1246 2402/25/1248
f 2345/53/1191 2309/51/1155 2401/51/1247
f 2345/53/1191 2401/51/1247 2403/53/1249
f 2346/27/1192 2344/25/1190 2402/25/1248
f 2346/27/1192 2402/25/1248 2404/27/1250
f 2347/55/1193 2345/53/1191 2403/53/1249
f 2347/55/1193 2403/53/1249 2376/55/1559
f 2348/29/1194 2346/27/1192 2404/27/1250
f 2348/29/1194 2404/27/1250 2378/29/1224
f 2405/15/1251 2406/13/1562 2407/13/1253
f 2405/15/1251 2407/13/1253 2408/15/1254
f 2385/63/1231 2383/61/1560 2409/61/1255
f 2385/63/1231 2409/61/1255 2410/63/1256
f 2386/37/1232 2384/35/1230 2411/35/1563
f 2386/37/1232 2411/35/1563 2412/37/1258
f 2387/11/1233 2372/9/1218 2375/9/1221
f 2387/11/1233 2375/9/1221 2413/11/1259
f 2388/65/1234 2385/63/1231 2410/63/1256
f 2388/65/1234 2410/63/1256 2414/65/1260
f 2389/39/1235 2386/37/1232 2412/37/1258
f 2389/39/1235 2412/37/1258 2415/39/1261
f 2390/13/1236 2387/11/1233 2413/11/1259
f 2390/13/1236 2413/11/1259 2406/13/1562
f 2391/41/1237 2389/39/1235 2415/39/1261
f 2391/41/1237 2415/39/1261 2416/41/1262
f 2392/15/1238 2390/13/1236 2406/13/1562
f 2392/15/1238 2406/13/1562 2405/15/1251
f 2393/43/1239 2391/41/1237 2416/41/1262
f 2393/43/1239 2416/41/1262 2417/43/1263
f 2394/17/1240 2392/15/1238 2405/15/1251
f 2394/17/1240 2405/15/1251 2418/17/1564
f 2395/45/1241 2393/43/1239 2417/43/1263
f 2395/45/1241 2417/43/1263 2419/45/1265
f 2396/19/1242 2394/17/1240 2418/17/1564
f 2396/19/1242 2418/17/1564 2420/19/1565
f 2397/47/1561 2395/45/1241 2419/45/1265
f 2397/47/1561 2419/45/1265 2421/47/1267
f 2398/21/1244 2396/19/1242 2420/19/1565
f 2398/21/1244 2420/19/1565 2422/21/1268
f 2399/49/1245 2397/47/1561 2421/47/1267
f 2399/49/1245 2421/47/1267 2423/49/1566
f 2400/23/1246 2398/21/1244 2422/21/1268
f 2400/23/1246 2422/21/1268 2424/23/1270
f 2401/51/1247 2399/49/1245 2423/49/1566
f 2401/51/1247 2423/49/1566 2425/51/1567
f 2402/25/1248 2400/23/1246 2424/23/1270
f 2402/25/1248 2424/23/1270 2426/25/1272
f 2403/53/1249 2401/51/1247 2425/51/1567
f 2403/53/1249 2425/51/1567 2427/53/1273
f 2404/27/1250 2402/25/1248 2426/25/1272
f 2404/27/1250 2426/25/1272 2428/27/1274
f 2376/55/1559 2403/53/1249 2427/53/1273
f 2376/55/1559 2427/53/1273 2429/55/1568
f 2378/29/1224 2404/27/1250 2428/27/1274
f 2378/29/1224 2428/27/1274 2430/29/1569
f 2342/3/1188 2341/2/1187 2431/2/1277
f 2342/3/1188 2431/2/1277 2432/3/1278
f 2377/57/1223 2376/55/1559 2429/55/1568
f 2377/57/1223 2429/55/1568 2433/57/1279
f 2379/31/1225 2378/29/1224 2430/29/1569
f 2379/31/1225 2430/29/1569 2434/31/1280
f 2380/5/1226 2342/3/1188 2432/3/1278
f 2380/5/1226 2432/3/1278 2435/5/1281
f 2381/59/1227 2377/57/1223 2433/57/1279
f 2381/59/1227 2433/57/1279 2436/59/1282
f 2382/33/1228 2379/31/1225 2434/31/1280
f 2382/33/1228 2434/31/1280 2437/33/1283
f 2373/7/1219 2380/5/1226 2435/5/1281
f 2373/7/1219 2435/5/1281 2374/7/1220
f 2383/61/1560 2381/59/1227 2436/59/1282
f 2383/61/1560 2436/59/1282 2409/61/1255
f 2384/35/1230 2382/33/1228 2437/33/1283
f 2384/35/1230 2437/33/1283 2411/35/1563
f 2438/21/1284 2439/19/1285 2440/19/1286
f 2438/21/1284 2440/19/1286 2441/21/1287
f 2417/43/1263 2416/41/1262 2442/41/1288
f 2417/43/1263 2442/41/1288 2443/43/1289
f 2418/17/1564 2405/15/1251 2408/15/1254
f 2418/17/1564 2408/15/1254 2444/17/1290
f 2419/45/1265 2417/43/1263 2443/43/1289
f 2419/45/1265 2443/43/1289 2445/45/1291
f 2420/19/1565 2418/17/1564 2444/17/1290
f 2420/19/1565 2444/17/1290 2439/19/1285
f 2421/47/1267 2419/45/1265 2445/45/1291
f 2421/47/1267 2445/45/1291 2446/47/1570
f 2422/21/1268 2420/19/1565 2439/19/1285
f 2422/21/1268 2439/19/1285 2438/21/1284
f 2423/49/1566 2421/47/1267 2446/47/1570
f 2423/49/1566 2446/47/1570 2447/49/1293
f 2424/23/1270 2422/21/1268 2438/21/1284
f 2424/23/1270 2438/21/1284 2448/23/1294
f 2425/51/1567 2423/49/1566 2447/49/1293
f 2425/51/1567 2447/49/1293 2449/51/1295
f 2426/25/1272 2424/23/1270 2448/23/1294
f 2426/25/1272 2448/23/1294 2450/25/1296
f 2427/53/1273 2425/51/1567 2449/51/1295
f 2427/53/1273 2449/51/1295 2451/53/1297
f 2428/27/1274 2426/25/1272 2450/25/1296
f 2428/27/1274 2450/25/1296 2452/27/1298
f 2429/55/1568 2427/53/1273 2451/53/1297
f 2429/55/1568 2451/53/1297 2453/55/1299
f 2430/29/1569 2428/27/1274 2452/27/1298
f 2430/29/1569 2452/27/1298 2454/29/1300
f 2432/3/1278 2431/2/1277 2455/2/1301
f 2432/3/1278 2455/2/1301 2456/3/1302
f 2433/57/1279 2429/55/1568 2453/55/1299
f 2433/57/1279 2453/55/1299 2457/57/1303
f 2434/31/1280 2430/29/1569 2454/29/1300
f 2434/31/1280 2454/29/1300 2458/31/1304
f 2435/5/1281 2432/3/1278 2456/3/1302
f 2435/5/1281 2456/3/1302 2459/5/1305
f 2436/59/1282 2433/57/1279 2457/57/1303
f 2436/59/1282 2457/57/1303 2460/59/1306
f 2437/33/1283 2434/31/1280 2458/31/1304
f 2437/33/1283 2458/31/1304 2461/33/1307
f 2374/7/1220 2435/5/1281 2459/5/1305
f 2374/7/1220 2459/5/1305 2462/7/1308
f 2409/61/1255 2436/59/1282 2460/59/1306
f 2409/61/1255 2460/59/1306 2463/61/1571
f 2411/35/1563 2437/33/1283 2461/33/1307
f 2411/35/1563 2461/33/1307 2464/35/1310
f 2375/9/1221 2374/7/1220 2462/7/1308
f 2375/9/1221 2462/7/1308 2465/9/1311
f 2410/63/1256 2409/61/1255 2463/61/1571
f 2410/63/1256 2463/61/1571 2466/63/1312
f 2412/37/1258 2411/35/1563 2464/35/1310
f 2412/37/1258 2464/35/1310 2467/37/1313
f 2413/11/1259 2375/9/1221 2465/9/1311
f 2413/11/1259 2465/9/1311 2468/11/1314
f 2414/65/1260 2410/63/1256 2466/63/1312
f 2414/65/1260 2466/63/1312 2469/65/1315
f 2415/39/1261 2412/37/1258 2467/37/1313
f 2415/39/1261 2467/37/1313 2470/39/1316
f 2406/13/1562 2413/11/1259 2468/11/1314
f 2406/13/1562 2468/11/1314 2407/13/1253
f 2416/41/1262 2415/39/1261 2470/39/1316
f 2416/41/1262 2470/39/1316 2442/41/1288
f 2471/27/1317 2472/25/1318 2473/25/1572
f 2471/27/1317 2473/25/1572 2474/27/1320
f 2447/49/1293 2446/47/1570 2475/47/1321
f 2447/49/1293 2475/47/1321 2476/49/1322
f 2448/23/1294 2438/21/1284 2441/21/1287
f 2448/23/1294 2441/21/1287 2477/23/1573
f 2449/51/1295 2447/49/1293 2476/49/1322
f 2449/51/1295 2476/49/1322 2478/51/1324
f 2450/25/1296 2448/23/1294 2477/23/1573
f 2450/25/1296 2477/23/1573 2472/25/1318
f 2451/53/1297 2449/51/1295 2478/51/1324
f 2451/53/1297 2478/51/1324 2479/53/1325
f 2452/27/1298 2450/25/1296 2472/25/1318
f 2452/27/1298 2472/25/1318 2471/27/1317
f 2453/55/1299 2451/53/1297 2479/53/1325
f 2453/55/1299 2479/53/1325 2480/55/1326
f 2454/29/1300 2452/27/1298 2471/27/1317
f 2454/29/1300 2471/27/1317 2481/29/1327
f 2456/3/1302 2455/2/1301 2482/2/1328
f 2456/3/1302 2482/2/1328 2483/3/1329
f 2457/57/1303 2453/55/1299 2480/55/1326
f 2457/57/1303 2480/55/1326 2484/57/1330
f 2458/31/1304 2454/29/1300 2481/29/1327
f 2458/31/1304 2481/29/1327 2485/31/1331
f 2459/5/1305 2456/3/1302 2483/3/1329
f 2459/5/1305 2483/3/1329 2486/5/1332
f 2460/59/1306 2457/57/1303 2484/57/1330
f 2460/59/1306 2484/57/1330 2487/59/1333
f 2461/33/1307 2458/31/1304 2485/31/1331
f 2461/33/1307 2485/31/1331 2488/33/1334
f 2462/7/1308 2459/5/1305 2486/5/1332
f 2462/7/1308 2486/5/1332 2489/7/1335
f 2463/61/1571 2460/59/1306 2487/59/1333
f 2463/61/1571 2487/59/1333 2490/61/1336
f 2464/35/1310 2461/33/1307 2488/33/1334
f 2464/35/1310 2488/33/1334 2491/35/1337
f 2465/9/1311 2462/7/1308 2489/7/1335
f 2465/9/1311 2489/7/1335 2492/9/1338
f 2466/63/1312 2463/61/1571 2490/61/1336
f 2466/63/1312 2490/61/1336 2493/63/1339
f 2467/37/1313 2464/35/1310 2491/35/1337
f 2467/37/1313 2491/35/1337 2494/37/1340
f 2468/11/1314 2465/9/1311 2492/9/1338
f 2468/11/1314 2492/9/1338 2495/11/1341
f 2469/65/1315 2466/63/1312 2493/63/1339
f 2469/65/1315 2493/63/1339 2496/65/1574
f 2470/39/1316 2467/37/1313 2494/37/1340
f 2470/39/1316 2494/37/1340 2497/39/1342
f 2407/13/1253 2468/11/1314 2495/11/1341
f 2407/13/1253 2495/11/1341 2498/13/1343
f 2442/41/1288 2470/39/1316 2497/39/1342
f 2442/41/1288 2497/39/1342 2499/41/1344
f 2408/15/1254 2407/13/1253 2498/13/1343
f 2408/15/1254 2498/13/1343 2500/15/1345
f 2443/43/1289 2442/41/1288 2499/41/1344
f 2443/43/1289 2499/41/1344 2501/43/1346
f 2444/17/1290 2408/15/1254 2500/15/1345
f 2444/17/1290 2500/15/1345 2502/17/1347
f 2445/45/1291 2443/43/1289 2501/43/1346
f 2445/45/1291 2501/43/1346 2503/45/1348
f 2439/19/1285 2444/17/1290 2502/17/1347
f 2439/19/1285 2502/17/1347 2440/19/1286
f 2446/47/1570 2445/45/1291 2503/45/1348
f 2446/47/1570 2503/45/1348 2475/47/1321
f 2504/17/1349 2505/15/1350 2506/15/1351
f 2504/17/1349 2506/15/1351 2507/17/1352
f 2480/55/1326 2479/53/1325 2508/53/1353
f 2480/55/1326 2508/53/1353 2509/55/1354
f 2481/29/1327 2471/27/1317 2474/27/1320
f 2481/29/1327 2474/27/1320 2510/29/1355
f 2483/3/1329 2482/2/1328 2511/2/1356
f 2483/3/1329 2511/2/1356 2512/3/1357
f 2484/57/1330 2480/55/1326 2509/55/1354
f 2484/57/1330 2509/55/1354 2513/57/1358
f 2485/31/1331 2481/29/1327 2510/29/1355
f 2485/31/1331 2510/29/1355 2514/31/1359
f 2486/5/1332 2483/3/1329 2512/3/1357
f 2486/5/1332 2512/3/1357 2515/5/1360
f 2487/59/1333 2484/57/1330 2513/57/1358
f 2487/59/1333 2513/57/1358 2516/59/1575
f 2488/33/1334 2485/31/1331 2514/31/1359
f 2488/33/1334 2514/31/1359 2517/33/1362
f 2489/7/1335 2486/5/1332 2515/5/1360
f 2489/7/1335 2515/5/1360 2518/7/1363
f 2490/61/1336 2487/59/1333 2516/59/1575
f 2490/61/1336 2516/59/1575 2519/61/1364
f 2491/35/1337 2488/33/1334 2517/33/1362
f 2491/35/1337 2517/33/1362 2520/35/1365
f 2492/9/1338 2489/7/1335 2518/7/1363
f 2492/9/1338 2518/7/1363 2521/9/1576
f 2493/63/1339 2490/61/1336 2519/61/1364
f 2493/63/1339 2519/61/1364 2522/63/1367
f 2494/37/1340 2491/35/1337 2520/35/1365
f 2494/37/1340 2520/35/1365 2523/37/1368
f 2495/11/1341 2492/9/1338 2521/9/1576
f 2495/11/1341 2521/9/1576 2524/11/1369
f 2496/65/1574 2493/63/1339 2522/63/1367
f 2496/65/1574 2522/63/1367 2525/65/848
f 2497/39/1342 2494/37/1340 2523/37/1368
f 2497/39/1342 2523/37/1368 2526/39/1577
f 2498/13/1343 2495/11/1341 2524/11/1369
f 2498/13/1343 2524/11/1369 2527/13/1371
f 2499/41/1344 2497/39/1342 2526/39/1577
f 2499/41/1344 2526/39/1577 2528/41/1372
f 2500/15/1345 2498/13/1343 2527/13/1371
f 2500/15/1345 2527/13/1371 2505/15/1350
f 2501/43/1346 2499/41/1344 2528/41/1372
f 2501/43/1346 2528/41/1372 2529/43/1373
f 2502/17/1347 2500/15/1345 2505/15/1350
f 2502/17/1347 2505/15/1350 2504/17/1349
f 2503/45/1348 2501/43/1346 2529/43/1373
f 2503/45/1348 2529/43/1373 2530/45/1374
f 2440/19/1286 2502/17/1347 2504/17/1349
f 2440/19/1286 2504/17/1349 2531/19/1375
f 2475/47/1321 2503/45/1348 2530/45/1374
f 2475/47/1321 2530/45/1374 2532/47/1376
f 2441/21/1287 2440/19/1286 2531/19/1375
f 2441/21/1287 2531/19/1375 2533/21/1377
f 2476/49/1322 2475/47/1321 2532/47/1376
f 2476/49/1322 2532/47/1376 2534/49/1378
f 2477/23/1573 2441/21/1287 2533/21/1377
f 2477/23/1573 2533/21/1377 2535/23/1379
f 2478/51/1324 2476/49/1322 2534/49/1378
f 2478/51/1324 2534/49/1378 2536/51/1380
f 2472/25/1318 2477/23/1573 2535/23/1379
f 2472/25/1318 2535/23/1379 2473/25/1572
f 2479/53/1325 2478/51/1324 2536/51/1380
f 2479/53/1325 2536/51/1380 2508/53/1353
f 2537/46/1381 2538/48/1382 2539/48/1383
f 2537/46/1381 2539/48/1383 2540/46/1384
f 2541/35/845 2542/33/844 2543/33/1385
f 2541/35/845 2543/33/1385 2544/35/1386
f 1259/64/846 1260/66/847 2545/66/1387
f 1259/64/846 2545/66/1387 2546/64/1388
f 2531/19/1375 2504/17/1349 2507/17/1352
f 2531/19/1375 2507/17/1352 2547/19/1389
f 2097/22/785 2096/24/788 2548/24/1390
f 2097/22/785 2548/24/1390 2549/22/1391
f 2533/21/1377 2531/19/1375 2547/19/1389
f 2533/21/1377 2547/19/1389 2550/21/1381
f 2107/1/249 2106/4/754 2551/4/1392
f 2107/1/249 2551/4/1392 2552/1/1420
f 2102/12/768 2101/14/771 2553/14/1394
f 2102/12/768 2553/14/1394 2554/12/1578
f 2535/23/1379 2533/21/1377 2550/21/1381
f 2535/23/1379 2550/21/1381 2555/23/1396
f 2083/54/833 2082/56/1468 2556/56/1397
f 2083/54/833 2556/56/1397 2557/54/1398
f 2473/25/1572 2535/23/1379 2555/23/1396
f 2473/25/1572 2555/23/1396 2558/25/1399
f 2088/44/1469 2087/46/821 2537/46/1381
f 2088/44/1469 2537/46/1381 2559/44/1396
f 2474/27/1320 2473/25/1572 2558/25/1399
f 2474/27/1320 2558/25/1399 2560/27/1400
f 1254/34/803 2092/36/806 2561/36/1401
f 1254/34/803 2561/36/1401 1255/34/844
f 2510/29/1355 2474/27/1320 2560/27/1400
f 2510/29/1355 2560/27/1400 2562/29/1402
f 2096/24/788 2095/26/791 2563/26/1403
f 2096/24/788 2563/26/1403 2548/24/1390
f 2514/31/1359 2510/29/1355 2562/29/1402
f 2514/31/1359 2562/29/1402 2564/31/1401
f 2101/14/771 2100/16/775 2565/16/1404
f 2101/14/771 2565/16/1404 2553/14/1394
f 2082/56/1468 2081/58/839 2566/58/1405
f 2082/56/1468 2566/58/1405 2556/56/1397
f 2517/33/1362 2514/31/1359 2564/31/1401
f 2517/33/1362 2564/31/1401 2542/33/844
f 2520/35/1365 2517/33/1362 2542/33/844
f 2520/35/1365 2542/33/844 2541/35/845
f 2106/4/754 2105/6/759 2567/6/1406
f 2106/4/754 2567/6/1406 2551/4/1392
f 2087/46/821 2086/48/824 2538/48/1382
f 2087/46/821 2538/48/1382 2537/46/1381
f 2523/37/1368 2520/35/1365 2541/35/845
f 2523/37/1368 2541/35/845 2568/37/1407
f 2092/36/806 2091/38/809 2569/38/1402
f 2092/36/806 2569/38/1402 2561/36/1401
f 2526/39/1577 2523/37/1368 2568/37/1407
f 2526/39/1577 2568/37/1407 2570/39/1408
f 2095/26/791 2094/28/794 2571/28/1408
f 2095/26/791 2571/28/1408 2563/26/1403
f 2528/41/1372 2526/39/1577 2570/39/1408
f 2528/41/1372 2570/39/1408 2572/41/1403
f 2081/58/839 2080/60/840 2573/60/1409
f 2081/58/839 2573/60/1409 2566/58/1405
f 2100/16/775 2099/18/778 2574/18/1410
f 2100/16/775 2574/18/1410 2565/16/1404
f 2529/43/1373 2528/41/1372 2572/41/1403
f 2529/43/1373 2572/41/1403 2575/43/1411
f 2530/45/1374 2529/43/1373 2575/43/1411
f 2530/45/1374 2575/43/1411 2576/45/1391
f 2105/6/759 2104/8/763 2577/8/1412
f 2105/6/759 2577/8/1412 2567/6/1406
f 2086/48/824 2085/50/827 2578/50/1413
f 2086/48/824 2578/50/1413 2538/48/1382
f 2532/47/1376 2530/45/1374 2576/45/1391
f 2532/47/1376 2576/45/1391 2579/47/1414
f 2091/38/809 2090/40/812 2580/40/1400
f 2091/38/809 2580/40/1400 2569/38/1402
f 2534/49/1378 2532/47/1376 2579/47/1414
f 2534/49/1378 2579/47/1414 2581/49/1410
f 2094/28/794 2093/30/797 2582/30/1407
f 2094/28/794 2582/30/1407 2571/28/1408
f 2536/51/1380 2534/49/1378 2581/49/1410
f 2536/51/1380 2581/49/1410 2583/51/1415
f 2080/60/840 2079/62/843 2584/62/1416
f 2080/60/840 2584/62/1416 2573/60/1409
f 2099/18/778 2098/20/782 2585/20/1417
f 2099/18/778 2585/20/1417 2574/18/1410
f 2508/53/1353 2536/51/1380 2583/51/1415
f 2508/53/1353 2583/51/1415 2586/53/1394
f 2509/55/1354 2508/53/1353 2586/53/1394
f 2509/55/1354 2586/53/1394 2587/55/1395
f 2104/8/763 2103/10/765 2588/10/1418
f 2104/8/763 2588/10/1418 2577/8/1412
f 2512/3/1357 2511/2/1356 2589/2/1387
f 2512/3/1357 2589/2/1387 2590/3/1388
f 2085/50/827 2084/52/830 2591/52/1419
f 2085/50/827 2591/52/1419 2578/50/1413
f 2513/57/1358 2509/55/1354 2587/55/1395
f 2513/57/1358 2587/55/1395 2592/57/1418
f 2515/5/1360 2512/3/1357 2590/3/1388
f 2515/5/1360 2590/3/1388 2593/5/1416
f 2090/40/812 2089/42/815 2594/42/1399
f 2090/40/812 2594/42/1399 2580/40/1400
f 2516/59/1575 2513/57/1358 2592/57/1418
f 2516/59/1575 2592/57/1418 2595/59/1412
f 2518/7/1363 2515/5/1360 2593/5/1416
f 2518/7/1363 2593/5/1416 2596/7/1409
f 2093/30/797 1253/32/800 1256/32/845
f 2093/30/797 1256/32/845 2582/30/1407
f 2519/61/1364 2516/59/1575 2595/59/1412
f 2519/61/1364 2595/59/1412 2597/61/1406
f 2521/9/1576 2518/7/1363 2596/7/1409
f 2521/9/1576 2596/7/1409 2598/9/1405
f 2079/62/843 1259/64/846 2546/64/1388
f 2079/62/843 2546/64/1388 2584/62/1416
f 2098/20/782 2097/22/785 2549/22/1391
f 2098/20/782 2549/22/1391 2585/20/1417
f 2522/63/1367 2519/61/1364 2597/61/1406
f 2522/63/1367 2597/61/1406 2599/63/1392
f 2524/11/1369 2521/9/1576 2598/9/1405
f 2524/11/1369 2598/9/1405 2600/11/1397
f 2525/65/848 2522/63/1367 2599/63/1392
f 2525/65/848 2599/63/1392 2601/65/1579
f 2103/10/765 2102/12/768 2554/12/1578
f 2103/10/765 2554/12/1578 2588/10/1418
f 2527/13/1371 2524/11/1369 2600/11/1397
f 2527/13/1371 2600/11/1397 2602/13/1398
f 2084/52/830 2083/54/833 2557/54/1398
f 2084/52/830 2557/54/1398 2591/52/1419
f 2505/15/1350 2527/13/1371 2602/13/1398
f 2505/15/1350 2602/13/1398 2506/15/1351
f 2089/42/815 2088/44/1469 2559/44/1396
f 2089/42/815 2559/44/1396 2594/42/1399
f 2568/37/1407 2541/35/845 2544/35/1386
f 2568/37/1407 2544/35/1386 2604/37/1421
f 2538/48/1382 2578/50/1413 2605/50/1422
f 2538/48/1382 2605/50/1422 2539/48/1383
f 2570/39/1408 2568/37/1407 2604/37/1421
f 2570/39/1408 2604/37/1421 2606/39/1423
f 2578/50/1413 2591/52/1419 2607/52/1424
f 2578/50/1413 2607/52/1424 2605/50/1422
f 2572/41/1403 2570/39/1408 2606/39/1423
f 2572/41/1403 2606/39/1423 2608/41/1425
f 2591/52/1419 2557/54/1398 2609/54/1426
f 2591/52/1419 2609/54/1426 2607/52/1424
f 2575/43/1411 2572/41/1403 2608/41/1425
f 2575/43/1411 2608/41/1425 2610/43/1427
f 2557/54/1398 2556/56/1397 2611/56/1428
f 2557/54/1398 2611/56/1428 2609/54/1426
f 2552/1/1420 2551/4/1392 2612/4/1429
f 2552/1/1420 2612/4/1429 2613/1/1430
f 2576/45/1391 2575/43/1411 2610/43/1427
f 2576/45/1391 2610/43/1427 2614/45/1431
f 2556/56/1397 2566/58/1405 2615/58/1432
f 2556/56/1397 2615/58/1432 2611/56/1428
f 2551/4/1392 2567/6/1406 2616/6/1451
f 2551/4/1392 2616/6/1451 2612/4/1429
f 2579/47/1414 2576/45/1391 2614/45/1431
f 2579/47/1414 2614/45/1431 2617/47/1434
f 2566/58/1405 2573/60/1409 2618/60/1435
f 2566/58/1405 2618/60/1435 2615/58/1432
f 2567/6/1406 2577/8/1412 2619/8/1436
f 2567/6/1406 2619/8/1436 2616/6/1451
f 2581/49/1410 2579/47/1414 2617/47/1434
f 2581/49/1410 2617/47/1434 2620/49/1437
f 2573/60/1409 2584/62/1416 2621/62/1438
f 2573/60/1409 2621/62/1438 2618/60/1435
f 2577/8/1412 2588/10/1418 2622/10/1439
f 2577/8/1412 2622/10/1439 2619/8/1436
f 2583/51/1415 2581/49/1410 2620/49/1437
f 2583/51/1415 2620/49/1437 2623/51/1440
f 2584/62/1416 2546/64/1388 2624/64/1446
f 2584/62/1416 2624/64/1446 2621/62/1438
f 2588/10/1418 2554/12/1578 2625/12/1442
f 2588/10/1418 2625/12/1442 2622/10/1439
f 2586/53/1394 2583/51/1415 2623/51/1440
f 2586/53/1394 2623/51/1440 2016/53/1443
f 2546/64/1388 2545/66/1387 2626/66/1580
f 2546/64/1388 2626/66/1580 2624/64/1446
f 2554/12/1578 2553/14/1394 2603/14/1581
f 2554/12/1578 2603/14/1581 2625/12/1442
f 2587/55/1395 2586/53/1394 2016/53/1443
f 2587/55/1395 2016/53/1443 2015/55/1442
f 2590/3/1388 2589/2/1387 2627/2/1444
f 2590/3/1388 2627/2/1444 2628/3/1441
f 2553/14/1394 2565/16/1404 2013/16/1582
f 2553/14/1394 2013/16/1582 2603/14/1581
f 2592/57/1418 2587/55/1395 2015/55/1442
f 2592/57/1418 2015/55/1442 2629/57/1447
f 2593/5/1416 2590/3/1388 2628/3/1441
f 2593/5/1416 2628/3/1441 2630/5/1438
f 2565/16/1404 2574/18/1410 2014/18/1437
f 2565/16/1404 2014/18/1437 2013/16/1582
f 2595/59/1412 2592/57/1418 2629/57/1447
f 2595/59/1412 2629/57/1447 2631/59/1436
f 2596/7/1409 2593/5/1416 2630/5/1438
f 2596/7/1409 2630/5/1438 2632/7/1449
f 2574/18/1410 2585/20/1417 2633/20/1450
f 2574/18/1410 2633/20/1450 2014/18/1437
f 2597/61/1406 2595/59/1412 2631/59/1436
f 2597/61/1406 2631/59/1436 2634/61/1451
f 2598/9/1405 2596/7/1409 2632/7/1449
f 2598/9/1405 2632/7/1449 2635/9/1583
f 2585/20/1417 2549/22/1391 2636/22/1584
f 2585/20/1417 2636/22/1584 2633/20/1450
f 2599/63/1392 2597/61/1406 2634/61/1451
f 2599/63/1392 2634/61/1451 2637/63/1429
f 2600/11/1397 2598/9/1405 2635/9/1583
f 2600/11/1397 2635/9/1583 2638/11/1455
f 2549/22/1391 2548/24/1390 2639/24/1427
f 2549/22/1391 2639/24/1427 2636/22/1584
f 2601/65/1579 2599/63/1392 2637/63/1429
f 2601/65/1579 2637/63/1429 2640/65/1430
f 2602/13/1398 2600/11/1397 2638/11/1455
f 2602/13/1398 2638/11/1455 2641/13/1426
f 2548/24/1390 2563/26/1403 2642/26/1425
f 2548/24/1390 2642/26/1425 2639/24/1427
f 2506/15/1351 2602/13/1398 2641/13/1426
f 2506/15/1351 2641/13/1426 2643/15/1424
f 2563/26/1403 2571/28/1408 2644/28/1423
f 2563/26/1403 2644/28/1423 2642/26/1425
f 2507/17/1352 2506/15/1351 2643/15/1424
f 2507/17/1352 2643/15/1424 2645/17/1422
f 2571/28/1408 2582/30/1407 2646/30/1421
f 2571/28/1408 2646/30/1421 2644/28/1423
f 2547/19/1389 2507/17/1352 2645/17/1422
f 2547/19/1389 2645/17/1422 2647/19/1457
f 2582/30/1407 1256/32/845 2648/32/1386
f 2582/30/1407 2648/32/1386 2646/30/1421
f 2550/21/1381 2547/19/1389 2647/19/1457
f 2550/21/1381 2647/19/1457 2649/21/1458
f 1256/32/845 1255/34/844 2650/34/1585
f 1256/32/845 2650/34/1585 2648/32/1386
f 2555/23/1396 2550/21/1381 2649/21/1458
f 2555/23/1396 2649/21/1458 2651/23/1459
f 1255/34/844 2561/36/1401 2652/36/1466
f 1255/34/844 2652/36/1466 2650/34/1585
f 2558/25/1399 2555/23/1396 2651/23/1459
f 2558/25/1399 2651/23/1459 2653/25/1461
f 2561/36/1401 2569/38/1402 2654/38/1462
f 2561/36/1401 2654/38/1462 2652/36/1466
f 2560/27/1400 2558/25/1399 2653/25/1461
f 2560/27/1400 2653/25/1461 2655/27/1463
f 2569/38/1402 2580/40/1400 2656/40/1464
f 2569/38/1402 2656/40/1464 2654/38/1462
f 2562/29/1402 2560/27/1400 2655/27/1463
f 2562/29/1402 2655/27/1463 2657/29/1462
f 2580/40/1400 2594/42/1399 2658/42/1465
f 2580/40/1400 2658/42/1465 2656/40/1464
f 2564/31/1401 2562/29/1402 2657/29/1462
f 2564/31/1401 2657/29/1462 2659/31/1466
f 2594/42/1399 2559/44/1396 2660/44/1467
f 2594/42/1399 2660/44/1467 2658/42/1465
f 2542/33/844 2564/31/1401 2659/31/1466
f 2542/33/844 2659/31/1466 2543/33/1385
f 2559/44/1396 2537/46/1381 2540/46/1384
f 2559/44/1396 2540/46/1384 2660/44/1467
s 3
f 2661/54/1586 2662/56/1587 2663/56/1588
f 2661/54/1586 2663/56/1588 2664/54/1589
f 1132/26/780 1140/28/784 2665/28/1590
f 1132/26/780 2665/28/1590 2666/26/1591
f 1220/54/823 1224/56/826 2662/56/1587
f 1220/54/823 2662/56/1587 2661/54/1586
f 1100/18/767 1108/20/770 2667/20/1592
f 1100/18/767 2667/20/1592 2668/18/1593
f 1148/30/787 1156/32/790 2669/32/1594
f 1148/30/787 2669/32/1594 2670/30/1595
f 1198/46/811 1204/48/814 2671/48/1596
f 1198/46/811 2671/48/1596 2672/46/1597
f 1267/64/851 1270/66/33 2673/66/1598
f 1267/64/851 2673/66/1598 2674/64/1599
f 1164/34/793 1170/36/796 2675/36/1600
f 1164/34/793 2675/36/1600 2676/34/1601
f 1271/4/854 1265/6/849 2677/6/1602
f 1271/4/854 2677/6/1602 2678/4/1603
f 1224/56/826 1228/58/829 2679/58/1604
f 1224/56/826 2679/58/1604 2662/56/1587
f 1116/22/773 1124/24/777 2680/24/1605
f 1116/22/773 2680/24/1605 2681/22/1606
f 1176/38/799 1182/40/802 2682/40/1607
f 1176/38/799 2682/40/1607 2683/38/1608
f 1061/8/750 1064/10/753 2684/10/1609
f 1061/8/750 2684/10/1609 2685/8/1610
f 1204/48/814 1210/50/817 2686/50/1611
f 1204/48/814 2686/50/1611 2671/48/1596
f 1188/42/805 1194/44/808 2687/44/1612
f 1188/42/805 2687/44/1612 2688/42/1613
f 1083/12/760 1073/14/755 1076/14/758
f 1083/12/760 1076/14/758 2689/12/1614
f 1124/24/777 1132/26/780 2666/26/1591
f 1124/24/777 2666/26/1591 2680/24/1605
f 1228/58/829 1232/60/832 2690/60/1615
f 1228/58/829 2690/60/1615 2679/58/1604
f 1074/16/756 1100/18/767 2668/18/1593
f 1074/16/756 2668/18/1593 1075/16/757
f 1140/28/784 1148/30/787 2670/30/1595
f 1140/28/784 2670/30/1595 2665/28/1590
f 1210/50/817 1216/52/820 2691/52/1616
f 1210/50/817 2691/52/1616 2686/50/1611
f 1108/20/770 1116/22/773 2681/22/1606
f 1108/20/770 2681/22/1606 2667/20/1592
f 1156/32/790 1164/34/793 2676/34/1601
f 1156/32/790 2676/34/1601 2669/32/1594
f 1232/60/832 1236/62/835 2692/62/1617
f 1232/60/832 2692/62/1617 2690/60/1615
f 1170/36/796 1176/38/799 2683/38/1608
f 1170/36/796 2683/38/1608 2675/36/1600
f 1265/6/849 1061/8/750 2685/8/1610
f 1265/6/849 2685/8/1610 2677/6/1602
f 1216/52/820 1220/54/823 2661/54/1586
f 1216/52/820 2661/54/1586 2691/52/1616
f 1273/1/1 1271/4/854 2678/4/1603
f 1273/1/1 2678/4/1603 2693/1/1618
f 1182/40/802 1188/42/805 2688/42/1613
f 1182/40/802 2688/42/1613 2682/40/1607
f 1064/10/753 1083/12/760 2689/12/1614
f 1064/10/753 2689/12/1614 2684/10/1609
f 1194/44/808 1198/46/811 2672/46/1597
f 1194/44/808 2672/46/1597 2687/44/1612
f 1236/62/835 1267/64/851 2674/64/1599
f 1236/62/835 2674/64/1599 2692/62/1617
f 2694/20/1619 2695/22/1620 2696/22/1621
f 2694/20/1619 2696/22/1621 2697/20/1622
f 2670/30/1595 2669/32/1594 2698/32/1623
f 2670/30/1595 2698/32/1623 2699/30/1624
f 2681/22/1606 2680/24/1605 2700/24/1625
f 2681/22/1606 2700/24/1625 2695/22/1620
f 2662/56/1587 2679/58/1604 2701/58/1626
f 2662/56/1587 2701/58/1626 2663/56/1588
f 2685/8/1610 2684/10/1609 2702/10/1627
f 2685/8/1610 2702/10/1627 2703/8/1628
f 2688/42/1613 2687/44/1612 2704/44/1629
f 2688/42/1613 2704/44/1629 2705/42/1630
f 2679/58/1604 2690/60/1615 2706/60/1631
f 2679/58/1604 2706/60/1631 2701/58/1626
f 2665/28/1590 2670/30/1595 2699/30/1624
f 2665/28/1590 2699/30/1624 2707/28/1632
f 2667/20/1592 2681/22/1606 2695/22/1620
f 2667/20/1592 2695/22/1620 2694/20/1619
f 2690/60/1615 2692/62/1617 2708/62/1633
f 2690/60/1615 2708/62/1633 2706/60/1631
f 2677/6/1602 2685/8/1610 2703/8/1628
f 2677/6/1602 2703/8/1628 2709/6/1634
f 2682/40/1607 2688/42/1613 2705/42/1630
f 2682/40/1607 2705/42/1630 2710/40/1635
f 2692/62/1617 2674/64/1599 2711/64/1636
f 2692/62/1617 2711/64/1636 2708/62/1633
f 2666/26/1591 2665/28/1590 2707/28/1632
f 2666/26/1591 2707/28/1632 2712/26/1637
f 2668/18/1593 2667/20/1592 2694/20/1619
f 2668/18/1593 2694/20/1619 2713/18/1638
f 2674/64/1599 2673/66/1598 2714/66/1639
f 2674/64/1599 2714/66/1639 2711/64/1636
f 2678/4/1603 2677/6/1602 2709/6/1634
f 2678/4/1603 2709/6/1634 2715/4/1640
f 2683/38/1608 2682/40/1607 2710/40/1635
f 2683/38/1608 2710/40/1635 2716/38/1641
f 2680/24/1605 2666/26/1591 2712/26/1637
f 2680/24/1605 2712/26/1637 2700/24/1625
f 1075/16/757 2668/18/1593 2713/18/1638
f 1075/16/757 2713/18/1638 2717/16/1642
f 2693/1/1618 2678/4/1603 2715/4/1640
f 2693/1/1618 2715/4/1640 2718/1/1643
f 2675/36/1600 2683/38/1608 2716/38/1641
f 2675/36/1600 2716/38/1641 2719/36/1644
f 2687/44/1612 2672/46/1597 2720/46/1645
f 2687/44/1612 2720/46/1645 2704/44/1629
f 1076/14/758 1075/16/757 2717/16/1642
f 1076/14/758 2717/16/1642 2721/14/1646
f 2672/46/1597 2671/48/1596 2722/48/1647
f 2672/46/1597 2722/48/1647 2720/46/1645
f 2676/34/1601 2675/36/1600 2719/36/1644
f 2676/34/1601 2719/36/1644 2723/34/1648
f 2671/48/1596 2686/50/1611 2724/50/1649
f 2671/48/1596 2724/50/1649 2722/48/1647
f 2689/12/1614 1076/14/758 2721/14/1646
f 2689/12/1614 2721/14/1646 2725/12/1650
f 2686/50/1611 2691/52/1616 2726/52/1651
f 2686/50/1611 2726/52/1651 2724/50/1649
f 2669/32/1594 2676/34/1601 2723/34/1648
f 2669/32/1594 2723/34/1648 2698/32/1623
f 2691/52/1616 2661/54/1586 2664/54/1589
f 2691/52/1616 2664/54/1589 2726/52/1651
f 2684/10/1609 2689/12/1614 2725/12/1650
f 2684/10/1609 2725/12/1650 2702/10/1627
f 2727/38/1652 2728/40/1653 2729/40/1654
f 2727/38/1652 2729/40/1654 2730/38/1655
f 2706/60/1631 2708/62/1633 2731/62/1656
f 2706/60/1631 2731/62/1656 2732/60/1657
f 2709/6/1634 2703/8/1628 2733/8/1658
f 2709/6/1634 2733/8/1658 2734/6/1659
f 2710/40/1635 2705/42/1630 2735/42/1660
f 2710/40/1635 2735/42/1660 2728/40/1653
f 2708/62/1633 2711/64/1636 2736/64/1661
f 2708/62/1633 2736/64/1661 2731/62/1656
f 2712/26/1637 2707/28/1632 2737/28/1662
f 2712/26/1637 2737/28/1662 2738/26/1663
f 2713/18/1638 2694/20/1619 2697/20/1622
f 2713/18/1638 2697/20/1622 2739/18/1664
f 2711/64/1636 2714/66/1639 2740/66/1665
f 2711/64/1636 2740/66/1665 2736/64/1661
f 2715/4/1640 2709/6/1634 2734/6/1659
f 2715/4/1640 2734/6/1659 2741/4/1666
f 2716/38/1641 2710/40/1635 2728/40/1653
f 2716/38/1641 2728/40/1653 2727/38/1652
f 2700/24/1625 2712/26/1637 2738/26/1663
f 2700/24/1625 2738/26/1663 2742/24/1667
f 2717/16/1642 2713/18/1638 2739/18/1664
f 2717/16/1642 2739/18/1664 2743/16/1668
f 2718/1/1643 2715/4/1640 2741/4/1666
f 2718/1/1643 2741/4/1666 2744/1/1669
f 2719/36/1644 2716/38/1641 2727/38/1652
f 2719/36/1644 2727/38/1652 2745/36/1670
f 2704/44/1629 2720/46/1645 2746/46/1671
f 2704/44/1629 2746/46/1671 2747/44/1672
f 2721/14/1646 2717/16/1642 2743/16/1668
f 2721/14/1646 2743/16/1668 2748/14/1673
f 2720/46/1645 2722/48/1647 2749/48/1674
f 2720/46/1645 2749/48/1674 2746/46/1671
f 2723/34/1648 2719/36/1644 2745/36/1670
f 2723/34/1648 2745/36/1670 2750/34/1675
f 2722/48/1647 2724/50/1649 2751/50/1676
f 2722/48/1647 2751/50/1676 2749/48/1674
f 2725/12/1650 2721/14/1646 2748/14/1673
f 2725/12/1650 2748/14/1673 2752/12/1677
f 2724/50/1649 2726/52/1651 2753/52/1678
f 2724/50/1649 2753/52/1678 2751/50/1676
f 2698/32/1623 2723/34/1648 2750/34/1675
f 2698/32/1623 2750/34/1675 2754/32/1679
f 2726/52/1651 2664/54/1589 2755/54/1680
f 2726/52/1651 2755/54/1680 2753/52/1678
f 2702/10/1627 2725/12/1650 2752/12/1677
f 2702/10/1627 2752/12/1677 2756/10/1681
f 2664/54/1589 2663/56/1588 2757/56/1682
f 2664/54/1589 2757/56/1682 2755/54/1680
f 2699/30/1624 2698/32/1623 2754/32/1679
f 2699/30/1624 2754/32/1679 2758/30/1683
f 2695/22/1620 2700/24/1625 2742/24/1667
f 2695/22/1620 2742/24/1667 2696/22/1621
f 2663/56/1588 2701/58/1626 2759/58/1684
f 2663/56/1588 2759/58/1684 2757/56/1682
f 2703/8/1628 2702/10/1627 2756/10/1681
f 2703/8/1628 2756/10/1681 2733/8/1658
f 2705/42/1630 2704/44/1629 2747/44/1672
f 2705/42/1630 2747/44/1672 2735/42/1660
f 2701/58/1626 2706/60/1631 2732/60/1657
f 2701/58/1626 2732/60/1657 2759/58/1684
f 2707/28/1632 2699/30/1624 2758/30/1683
f 2707/28/1632 2758/30/1683 2737/28/1662
f 2760/14/1685 2761/16/1686 2762/16/1687
f 2760/14/1685 2762/16/1687 2763/14/1688
f 2742/24/1667 2738/26/1663 2764/26/1689
f 2742/24/1667 2764/26/1689 2765/24/1690
f 2743/16/1668 2739/18/1664 2766/18/1691
f 2743/16/1668 2766/18/1691 2761/16/1686
f 2744/1/1669 2741/4/1666 2767/4/1692
f 2744/1/1669 2767/4/1692 2768/1/1693
f 2745/36/1670 2727/38/1652 2730/38/1655
f 2745/36/1670 2730/38/1655 2769/36/1694
f 2747/44/1672 2746/46/1671 2770/46/1695
f 2747/44/1672 2770/46/1695 2771/44/1696
f 2748/14/1673 2743/16/1668 2761/16/1686
f 2748/14/1673 2761/16/1686 2760/14/1685
f 2746/46/1671 2749/48/1674 2772/48/1697
f 2746/46/1671 2772/48/1697 2770/46/1695
f 2750/34/1675 2745/36/1670 2769/36/1694
f 2750/34/1675 2769/36/1694 2773/34/1698
f 2749/48/1674 2751/50/1676 2774/50/1699
f 2749/48/1674 2774/50/1699 2772/48/1697
f 2752/12/1677 2748/14/1673 2760/14/1685
f 2752/12/1677 2760/14/1685 2775/12/1700
f 2751/50/1676 2753/52/1678 2776/52/1701
f 2751/50/1676 2776/52/1701 2774/50/1699
f 2754/32/1679 2750/34/1675 2773/34/1698
f 2754/32/1679 2773/34/1698 2777/32/1702
f 2753/52/1678 2755/54/1680 2778/54/1703
f 2753/52/1678 2778/54/1703 2776/52/1701
f 2756/10/1681 2752/12/1677 2775/12/1700
f 2756/10/1681 2775/12/1700 2779/10/1704
f 2755/54/1680 2757/56/1682 2780/56/1705
f 2755/54/1680 2780/56/1705 2778/54/1703
f 2758/30/1683 2754/32/1679 2777/32/1702
f 2758/30/1683 2777/32/1702 2781/30/1706
f 2696/22/1621 2742/24/1667 2765/24/1690
f 2696/22/1621 2765/24/1690 2782/22/1707
f 2757/56/1682 2759/58/1684 2783/58/1708
f 2757/56/1682 2783/58/1708 2780/56/1705
f 2733/8/1658 2756/10/1681 2779/10/1704
f 2733/8/1658 2779/10/1704 2784/8/1709
f 2735/42/1660 2747/44/1672 2771/44/1696
f 2735/42/1660 2771/44/1696 2785/42/1710
f 2759/58/1684 2732/60/1657 2786/60/1711
f 2759/58/1684 2786/60/1711 2783/58/1708
f 2737/28/1662 2758/30/1683 2781/30/1706
f 2737/28/1662 2781/30/1706 2787/28/1712
f 2697/20/1622 2696/22/1621 2782/22/1707
f 2697/20/1622 2782/22/1707 2788/20/1713
f 2732/60/1657 2731/62/1656 2789/62/1714
f 2732/60/1657 2789/62/1714 2786/60/1711
f 2734/6/1659 2733/8/1658 2784/8/1709
f 2734/6/1659 2784/8/1709 2790/6/1715
f 2728/40/1653 2735/42/1660 2785/42/1710
f 2728/40/1653 2785/42/1710 2729/40/1654
f 2731/62/1656 2736/64/1661 2791/64/1716
f 2731/62/1656 2791/64/1716 2789/62/1714
f 2738/26/1663 2737/28/1662 2787/28/1712
f 2738/26/1663 2787/28/1712 2764/26/1689
f 2739/18/1664 2697/20/1622 2788/20/1713
f 2739/18/1664 2788/20/1713 2766/18/1691
f 2736/64/1661 2740/66/1665 2792/66/1717
f 2736/64/1661 2792/66/1717 2791/64/1716
f 2741/4/1666 2734/6/1659 2790/6/1715
f 2741/4/1666 2790/6/1715 2767/4/1692
f 2793/32/1718 2794/34/1719 2795/34/1720
f 2793/32/1718 2795/34/1720 2796/32/1721
f 2770/46/1695 2772/48/1697 2797/48/1722
f 2770/46/1695 2797/48/1722 2798/46/1723
f 2773/34/1698 2769/36/1694 2799/36/1724
f 2773/34/1698 2799/36/1724 2794/34/1719
f 2772/48/1697 2774/50/1699 2800/50/1725
f 2772/48/1697 2800/50/1725 2797/48/1722
f 2775/12/1700 2760/14/1685 2763/14/1688
f 2775/12/1700 2763/14/1688 2801/12/1726
f 2774/50/1699 2776/52/1701 2802/52/1727
f 2774/50/1699 2802/52/1727 2800/50/1725
f 2777/32/1702 2773/34/1698 2794/34/1719
f 2777/32/1702 2794/34/1719 2793/32/1718
f 2776/52/1701 2778/54/1703 2803/54/1728
f 2776/52/1701 2803/54/1728 2802/52/1727
f 2779/10/1704 2775/12/1700 2801/12/1726
f 2779/10/1704 2801/12/1726 2804/10/1729
f 2778/54/1703 2780/56/1705 2805/56/1730
f 2778/54/1703 2805/56/1730 2803/54/1728
f 2781/30/1706 2777/32/1702 2793/32/1718
f 2781/30/1706 2793/32/1718 2806/30/1731
f 2782/22/1707 2765/24/1690 2807/24/1732
f 2782/22/1707 2807/24/1732 2808/22/1733
f 2780/56/1705 2783/58/1708 2809/58/1734
f 2780/56/1705 2809/58/1734 2805/56/1730
f 2784/8/1709 2779/10/1704 2804/10/1729
f 2784/8/1709 2804/10/1729 2810/8/1735
f 2785/42/1710 2771/44/1696 2811/44/1736
f 2785/42/1710 2811/44/1736 2812/42/1737
f 2783/58/1708 2786/60/1711 2813/60/1738
f 2783/58/1708 2813/60/1738 2809/58/1734
f 2787/28/1712 2781/30/1706 2806/30/1731
f 2787/28/1712 2806/30/1731 2814/28/1739
f 2788/20/1713 2782/22/1707 2808/22/1733
f 2788/20/1713 2808/22/1733 2815/20/1740
f 2786/60/1711 2789/62/1714 2816/62/1741
f 2786/60/1711 2816/62/1741 2813/60/1738
f 2790/6/1715 2784/8/1709 2810/8/1735
f 2790/6/1715 2810/8/1735 2817/6/1742
f 2729/40/1654 2785/42/1710 2812/42/1737
f 2729/40/1654 2812/42/1737 2818/40/1743
f 2789/62/1714 2791/64/1716 2819/64/1744
f 2789/62/1714 2819/64/1744 2816/62/1741
f 2764/26/1689 2787/28/1712 2814/28/1739
f 2764/26/1689 2814/28/1739 2820/26/1745
f 2766/18/1691 2788/20/1713 2815/20/1740
f 2766/18/1691 2815/20/1740 2821/18/1746
f 2791/64/1716 2792/66/1717 2822/66/1747
f 2791/64/1716 2822/66/1747 2819/64/1744
f 2767/4/1692 2790/6/1715 2817/6/1742
f 2767/4/1692 2817/6/1742 2823/4/1748
f 2730/38/1655 2729/40/1654 2818/40/1743
f 2730/38/1655 2818/40/1743 2824/38/1749
f 2765/24/1690 2764/26/1689 2820/26/1745
f 2765/24/1690 2820/26/1745 2807/24/1732
f 2761/16/1686 2766/18/1691 2821/18/1746
f 2761/16/1686 2821/18/1746 2762/16/1687
f 2768/1/1693 2767/4/1692 2823/4/1748
f 2768/1/1693 2823/4/1748 2825/1/1750
f 2769/36/1694 2730/38/1655 2824/38/1749
f 2769/36/1694 2824/38/1749 2799/36/1724
f 2771/44/1696 2770/46/1695 2798/46/1723
f 2771/44/1696 2798/46/1723 2811/44/1736
f 2826/8/1751 2827/10/1752 2828/10/1753
f 2826/8/1751 2828/10/1753 2829/8/1754
f 2802/52/1727 2803/54/1728 2830/54/1755
f 2802/52/1727 2830/54/1755 2831/52/1756
f 2804/10/1729 2801/12/1726 2832/12/1757
f 2804/10/1729 2832/12/1757 2827/10/1752
f 2803/54/1728 2805/56/1730 2833/56/1758
f 2803/54/1728 2833/56/1758 2830/54/1755
f 2806/30/1731 2793/32/1718 2796/32/1721
f 2806/30/1731 2796/32/1721 2834/30/1759
f 2808/22/1733 2807/24/1732 2835/24/1760
f 2808/22/1733 2835/24/1760 2836/22/1761
f 2805/56/1730 2809/58/1734 2837/58/1762
f 2805/56/1730 2837/58/1762 2833/56/1758
f 2810/8/1735 2804/10/1729 2827/10/1752
f 2810/8/1735 2827/10/1752 2826/8/1751
f 2812/42/1737 2811/44/1736 2838/44/1763
f 2812/42/1737 2838/44/1763 2839/42/1764
f 2809/58/1734 2813/60/1738 2840/60/1765
f 2809/58/1734 2840/60/1765 2837/58/1762
f 2814/28/1739 2806/30/1731 2834/30/1759
f 2814/28/1739 2834/30/1759 2841/28/1766
f 2815/20/1740 2808/22/1733 2836/22/1761
f 2815/20/1740 2836/22/1761 2842/20/1767
f 2813/60/1738 2816/62/1741 2843/62/1768
f 2813/60/1738 2843/62/1768 2840/60/1765
f 2817/6/1742 2810/8/1735 2826/8/1751
f 2817/6/1742 2826/8/1751 2844/6/1769
f 2818/40/1743 2812/42/1737 2839/42/1764
f 2818/40/1743 2839/42/1764 2845/40/1770
f 2816/62/1741 2819/64/1744 2846/64/1771
f 2816/62/1741 2846/64/1771 2843/62/1768
f 2820/26/1745 2814/28/1739 2841/28/1766
f 2820/26/1745 2841/28/1766 2847/26/1772
f 2821/18/1746 2815/20/1740 2842/20/1767
f 2821/18/1746 2842/20/1767 2848/18/1773
f 2819/64/1744 2822/66/1747 2849/66/1774
f 2819/64/1744 2849/66/1774 2846/64/1771
f 2823/4/1748 2817/6/1742 2844/6/1769
f 2823/4/1748 2844/6/1769 2850/4/1775
f 2824/38/1749 2818/40/1743 2845/40/1770
f 2824/38/1749 2845/40/1770 2851/38/1776
f 2807/24/1732 2820/26/1745 2847/26/1772
f 2807/24/1732 2847/26/1772 2835/24/1760
f 2762/16/1687 2821/18/1746 2848/18/1773
f 2762/16/1687 2848/18/1773 2852/16/1777
f 2825/1/1750 2823/4/1748 2850/4/1775
f 2825/1/1750 2850/4/1775 2853/1/1778
f 2799/36/1724 2824/38/1749 2851/38/1776
f 2799/36/1724 2851/38/1776 2854/36/1779
f 2811/44/1736 2798/46/1723 2855/46/1780
f 2811/44/1736 2855/46/1780 2838/44/1763
f 2763/14/1688 2762/16/1687 2852/16/1777
f 2763/14/1688 2852/16/1777 2856/14/1781
f 2798/46/1723 2797/48/1722 2857/48/1782
f 2798/46/1723 2857/48/1782 2855/46/1780
f 2794/34/1719 2799/36/1724 2854/36/1779
f 2794/34/1719 2854/36/1779 2795/34/1720
f 2797/48/1722 2800/50/1725 2858/50/1783
f 2797/48/1722 2858/50/1783 2857/48/1782
f 2801/12/1726 2763/14/1688 2856/14/1781
f 2801/12/1726 2856/14/1781 2832/12/1757
f 2800/50/1725 2802/52/1727 2831/52/1756
f 2800/50/1725 2831/52/1756 2858/50/1783
f 2859/26/1784 2860/28/1785 2861/28/1786
f 2859/26/1784 2861/28/1786 2862/26/1787
f 2839/42/1764 2838/44/1763 2863/44/1788
f 2839/42/1764 2863/44/1788 2864/42/1789
f 2837/58/1762 2840/60/1765 2865/60/1790
f 2837/58/1762 2865/60/1790 2866/58/1791
f 2841/28/1766 2834/30/1759 2867/30/1792
f 2841/28/1766 2867/30/1792 2860/28/1785
f 2842/20/1767 2836/22/1761 2868/22/1793
f 2842/20/1767 2868/22/1793 2869/20/1794
f 2840/60/1765 2843/62/1768 2870/62/1795
f 2840/60/1765 2870/62/1795 2865/60/1790
f 2844/6/1769 2826/8/1751 2829/8/1754
f 2844/6/1769 2829/8/1754 2871/6/1796
f 2845/40/1770 2839/42/1764 2864/42/1789
f 2845/40/1770 2864/42/1789 2872/40/1797
f 2843/62/1768 2846/64/1771 2873/64/1798
f 2843/62/1768 2873/64/1798 2870/62/1795
f 2847/26/1772 2841/28/1766 2860/28/1785
f 2847/26/1772 2860/28/1785 2859/26/1784
f 2848/18/1773 2842/20/1767 2869/20/1794
f 2848/18/1773 2869/20/1794 2874/18/1799
f 2846/64/1771 2849/66/1774 2875/66/1800
f 2846/64/1771 2875/66/1800 2873/64/1798
f 2850/4/1775 2844/6/1769 2871/6/1796
f 2850/4/1775 2871/6/1796 2876/4/1801
f 2851/38/1776 2845/40/1770 2872/40/1797
f 2851/38/1776 2872/40/1797 2877/38/1802
f 2835/24/1760 2847/26/1772 2859/26/1784
f 2835/24/1760 2859/26/1784 2878/24/1803
f 2852/16/1777 2848/18/1773 2874/18/1799
f 2852/16/1777 2874/18/1799 2879/16/1804
f 2853/1/1778 2850/4/1775 2876/4/1801
f 2853/1/1778 2876/4/1801 2880/1/1805
f 2854/36/1779 2851/38/1776 2877/38/1802
f 2854/36/1779 2877/38/1802 2881/36/1806
f 2838/44/1763 2855/46/1780 2882/46/1807
f 2838/44/1763 2882/46/1807 2863/44/1788
f 2856/14/1781 2852/16/1777 2879/16/1804
f 2856/14/1781 2879/16/1804 2883/14/1808
f 2855/46/1780 2857/48/1782 2884/48/1809
f 2855/46/1780 2884/48/1809 2882/46/1807
f 2795/34/1720 2854/36/1779 2881/36/1806
f 2795/34/1720 2881/36/1806 2885/34/1810
f 2857/48/1782 2858/50/1783 2886/50/1811
f 2857/48/1782 2886/50/1811 2884/48/1809
f 2832/12/1757 2856/14/1781 2883/14/1808
f 2832/12/1757 2883/14/1808 2887/12/1812
f 2858/50/1783 2831/52/1756 2888/52/1813
f 2858/50/1783 2888/52/1813 2886/50/1811
f 2796/32/1721 2795/34/1720 2885/34/1810
f 2796/32/1721 2885/34/1810 2889/32/1814
f 2831/52/1756 2830/54/1755 2890/54/1815
f 2831/52/1756 2890/54/1815 2888/52/1813
f 2827/10/1752 2832/12/1757 2887/12/1812
f 2827/10/1752 2887/12/1812 2828/10/1753
f 2830/54/1755 2833/56/1758 2891/56/1816
f 2830/54/1755 2891/56/1816 2890/54/1815
f 2834/30/1759 2796/32/1721 2889/32/1814
f 2834/30/1759 2889/32/1814 2867/30/1792
f 2836/22/1761 2835/24/1760 2878/24/1803
f 2836/22/1761 2878/24/1803 2868/22/1793
f 2833/56/1758 2837/58/1762 2866/58/1791
f 2833/56/1758 2866/58/1791 2891/56/1816
f 2892/1/1817 2893/4/1818 2894/4/1819
f 2892/1/1817 2894/4/1819 2895/1/1820
f 2874/18/1799 2869/20/1794 2896/20/1821
f 2874/18/1799 2896/20/1821 2897/18/1822
f 2873/64/1798 2875/66/1800 2898/66/1823
f 2873/64/1798 2898/66/1823 2899/64/1824
f 2876/4/1801 2871/6/1796 2900/6/1825
f 2876/4/1801 2900/6/1825 2893/4/1818
f 2877/38/1802 2872/40/1797 2901/40/1826
f 2877/38/1802 2901/40/1826 2902/38/1827
f 2878/24/1803 2859/26/1784 2862/26/1787
f 2878/24/1803 2862/26/1787 2903/24/1828
f 2879/16/1804 2874/18/1799 2897/18/1822
f 2879/16/1804 2897/18/1822 2904/16/1829
f 2880/1/1805 2876/4/1801 2893/4/1818
f 2880/1/1805 2893/4/1818 2892/1/1817
f 2881/36/1806 2877/38/1802 2902/38/1827
f 2881/36/1806 2902/38/1827 2905/36/1830
f 2863/44/1788 2882/46/1807 2906/46/1831
f 2863/44/1788 2906/46/1831 2907/44/1832
f 2883/14/1808 2879/16/1804 2904/16/1829
f 2883/14/1808 2904/16/1829 2908/14/1833
f 2882/46/1807 2884/48/1809 2909/48/1834
f 2882/46/1807 2909/48/1834 2906/46/1831
f 2885/34/1810 2881/36/1806 2905/36/1830
f 2885/34/1810 2905/36/1830 2910/34/1835
f 2884/48/1809 2886/50/1811 2911/50/1836
f 2884/48/1809 2911/50/1836 2909/48/1834
f 2887/12/1812 2883/14/1808 2908/14/1833
f 2887/12/1812 2908/14/1833 2912/12/1837
f 2886/50/1811 2888/52/1813 2913/52/1838
f 2886/50/1811 2913/52/1838 2911/50/1836
f 2889/32/1814 2885/34/1810 2910/34/1835
f 2889/32/1814 2910/34/1835 2914/32/1839
f 2888/52/1813 2890/54/1815 2915/54/1840
f 2888/52/1813 2915/54/1840 2913/52/1838
f 2828/10/1753 2887/12/1812 2912/12/1837
f 2828/10/1753 2912/12/1837 2916/10/1841
f 2890/54/1815 2891/56/1816 2917/56/1842
f 2890/54/1815 2917/56/1842 2915/54/1840
f 2867/30/1792 2889/32/1814 2914/32/1839
f 2867/30/1792 2914/32/1839 2918/30/1843
f 2868/22/1793 2878/24/1803 2903/24/1828
f 2868/22/1793 2903/24/1828 2919/22/1844
f 2891/56/1816 2866/58/1791 2920/58/1845
f 2891/56/1816 2920/58/1845 2917/56/1842
f 2829/8/1754 2828/10/1753 2916/10/1841
f 2829/8/1754 2916/10/1841 2921/8/1846
f 2864/42/1789 2863/44/1788 2907/44/1832
f 2864/42/1789 2907/44/1832 2922/42/1847
f 2866/58/1791 2865/60/1790 2923/60/1848
f 2866/58/1791 2923/60/1848 2920/58/1845
f 2860/28/1785 2867/30/1792 2918/30/1843
f 2860/28/1785 2918/30/1843 2861/28/1786
f 2869/20/1794 2868/22/1793 2919/22/1844
f 2869/20/1794 2919/22/1844 2896/20/1821
f 2865/60/1790 2870/62/1795 2924/62/1849
f 2865/60/1790 2924/62/1849 2923/60/1848
f 2871/6/1796 2829/8/1754 2921/8/1846
f 2871/6/1796 2921/8/1846 2900/6/1825
f 2872/40/1797 2864/42/1789 2922/42/1847
f 2872/40/1797 2922/42/1847 2901/40/1826
f 2870/62/1795 2873/64/1798 2899/64/1824
f 2870/62/1795 2899/64/1824 2924/62/1849
f 2925/48/1850 2926/50/1851 2927/50/1852
f 2925/48/1850 2927/50/1852 2928/48/1853
f 2905/36/1830 2902/38/1827 2929/38/1854
f 2905/36/1830 2929/38/1854 2930/36/1855
f 2907/44/1832 2906/46/1831 2931/46/1856
f 2907/44/1832 2931/46/1856 2932/44/1857
f 2908/14/1833 2904/16/1829 2933/16/1858
f 2908/14/1833 2933/16/1858 2934/14/1859
f 2906/46/1831 2909/48/1834 2925/48/1850
f 2906/46/1831 2925/48/1850 2931/46/1856
f 2910/34/1835 2905/36/1830 2930/36/1855
f 2910/34/1835 2930/36/1855 2935/34/1860
f 2909/48/1834 2911/50/1836 2926/50/1851
f 2909/48/1834 2926/50/1851 2925/48/1850
f 2912/12/1837 2908/14/1833 2934/14/1859
f 2912/12/1837 2934/14/1859 2936/12/1861
f 2911/50/1836 2913/52/1838 2937/52/1862
f 2911/50/1836 2937/52/1862 2926/50/1851
f 2914/32/1839 2910/34/1835 2935/34/1860
f 2914/32/1839 2935/34/1860 2938/32/1863
f 2913/52/1838 2915/54/1840 2939/54/1864
f 2913/52/1838 2939/54/1864 2937/52/1862
f 2916/10/1841 2912/12/1837 2936/12/1861
f 2916/10/1841 2936/12/1861 2940/10/1865
f 2915/54/1840 2917/56/1842 2941/56/1866
f 2915/54/1840 2941/56/1866 2939/54/1864
f 2918/30/1843 2914/32/1839 2938/32/1863
f 2918/30/1843 2938/32/1863 2942/30/1867
f 2919/22/1844 2903/24/1828 2943/24/1868
f 2919/22/1844 2943/24/1868 2944/22/1869
f 2917/56/1842 2920/58/1845 2945/58/1870
f 2917/56/1842 2945/58/1870 2941/56/1866
f 2921/8/1846 2916/10/1841 2940/10/1865
f 2921/8/1846 2940/10/1865 2946/8/1871
f 2922/42/1847 2907/44/1832 2932/44/1857
f 2922/42/1847 2932/44/1857 2947/42/1872
f 2920/58/1845 2923/60/1848 2948/60/1873
f 2920/58/1845 2948/60/1873 2945/58/1870
f 2861/28/1786 2918/30/1843 2942/30/1867
f 2861/28/1786 2942/30/1867 2949/28/1874
f 2896/20/1821 2919/22/1844 2944/22/1869
f 2896/20/1821 2944/22/1869 2950/20/1875
f 2923/60/1848 2924/62/1849 2951/62/1876
f 2923/60/1848 2951/62/1876 2948/60/1873
f 2900/6/1825 2921/8/1846 2946/8/1871
f 2900/6/1825 2946/8/1871 2952/6/1877
f 2901/40/1826 2922/42/1847 2947/42/1872
f 2901/40/1826 2947/42/1872 2953/40/1878
f 2924/62/1849 2899/64/1824 2954/64/1879
f 2924/62/1849 2954/64/1879 2951/62/1876
f 2862/26/1787 2861/28/1786 2949/28/1874
f 2862/26/1787 2949/28/1874 2955/26/1880
f 2897/18/1822 2896/20/1821 2950/20/1875
f 2897/18/1822 2950/20/1875 2956/18/1881
f 2899/64/1824 2898/66/1823 2957/66/1882
f 2899/64/1824 2957/66/1882 2954/64/1879
f 2893/4/1818 2900/6/1825 2952/6/1877
f 2893/4/1818 2952/6/1877 2894/4/1819
f 2902/38/1827 2901/40/1826 2953/40/1878
f 2902/38/1827 2953/40/1878 2929/38/1854
f 2903/24/1828 2862/26/1787 2955/26/1880
f 2903/24/1828 2955/26/1880 2943/24/1868
f 2904/16/1829 2897/18/1822 2956/18/1881
f 2904/16/1829 2956/18/1881 2933/16/1858
f 2958/46/1883 2928/48/1853 2959/48/1884
f 2958/46/1883 2959/48/1884 2960/46/1885
f 2936/12/1861 2934/14/1859 2961/14/1886
f 2936/12/1861 2961/14/1886 2962/12/1887
f 2938/32/1863 2935/34/1860 2963/34/1888
f 2938/32/1863 2963/34/1888 2964/32/1889
f 2940/10/1865 2936/12/1861 2962/12/1887
f 2940/10/1865 2962/12/1887 2965/10/1890
f 2942/30/1867 2938/32/1863 2964/32/1889
f 2942/30/1867 2964/32/1889 2966/30/1891
f 2944/22/1869 2943/24/1868 2967/24/1892
f 2944/22/1869 2967/24/1892 2968/22/1893
f 2946/8/1871 2940/10/1865 2965/10/1890
f 2946/8/1871 2965/10/1890 2969/8/1894
f 2947/42/1872 2932/44/1857 2970/44/1895
f 2947/42/1872 2970/44/1895 2971/42/1896
f 2926/50/1851 2937/52/1862 2972/52/1897
f 2926/50/1851 2972/52/1897 2927/50/1852
f 2949/28/1874 2942/30/1867 2966/30/1891
f 2949/28/1874 2966/30/1891 2973/28/1898
f 2950/20/1875 2944/22/1869 2968/22/1893
f 2950/20/1875 2968/22/1893 2974/20/1899
f 2937/52/1862 2939/54/1864 2975/54/1900
f 2937/52/1862 2975/54/1900 2972/52/1897
f 2952/6/1877 2946/8/1871 2969/8/1894
f 2952/6/1877 2969/8/1894 2976/6/1901
f 2953/40/1878 2947/42/1872 2971/42/1896
f 2953/40/1878 2971/42/1896 2977/40/1902
f 2939/54/1864 2941/56/1866 2978/56/1903
f 2939/54/1864 2978/56/1903 2975/54/1900
f 2955/26/1880 2949/28/1874 2973/28/1898
f 2955/26/1880 2973/28/1898 2979/26/1904
f 2956/18/1881 2950/20/1875 2974/20/1899
f 2956/18/1881 2974/20/1899 2980/18/1905
f 2941/56/1866 2945/58/1870 2981/58/1906
f 2941/56/1866 2981/58/1906 2978/56/1903
f 2894/4/1819 2952/6/1877 2976/6/1901
f 2894/4/1819 2976/6/1901 2982/4/1907
f 2929/38/1854 2953/40/1878 2977/40/1902
f 2929/38/1854 2977/40/1902 2983/38/1908
f 2945/58/1870 2948/60/1873 2984/60/1909
f 2945/58/1870 2984/60/1909 2981/58/1906
f 2943/24/1868 2955/26/1880 2979/26/1904
f 2943/24/1868 2979/26/1904 2967/24/1892
f 2933/16/1858 2956/18/1881 2980/18/1905
f 2933/16/1858 2980/18/1905 2985/16/1910
f 2948/60/1873 2951/62/1876 2986/62/1911
f 2948/60/1873 2986/62/1911 2984/60/1909
f 2895/1/1820 2894/4/1819 2982/4/1907
f 2895/1/1820 2982/4/1907 2987/1/1912
f 2930/36/1855 2929/38/1854 2983/38/1908
f 2930/36/1855 2983/38/1908 2988/36/1913
f 2951/62/1876 2954/64/1879 2989/64/1914
f 2951/62/1876 2989/64/1914 2986/62/1911
f 2932/44/1857 2931/46/1856 2958/46/1883
f 2932/44/1857 2958/46/1883 2970/44/1895
f 2934/14/1859 2933/16/1858 2985/16/1910
f 2934/14/1859 2985/16/1910 2961/14/1886
f 2954/64/1879 2957/66/1882 2990/66/1915
f 2954/64/1879 2990/66/1915 2989/64/1914
f 2931/46/1856 2925/48/1850 2928/48/1853
f 2931/46/1856 2928/48/1853 2958/46/1883
f 2935/34/1860 2930/36/1855 2988/36/1913
f 2935/34/1860 2988/36/1913 2963/34/1888
f 2991/52/1916 2992/54/1917 2993/54/1918
f 2991/52/1916 2993/54/1918 2994/52/1919
f 2963/34/1888 2988/36/1913 2995/36/1920
f 2963/34/1888 2995/36/1920 2996/34/1921
f 2928/48/1853 2927/50/1852 2997/50/1922
f 2928/48/1853 2997/50/1922 2959/48/1884
f 2962/12/1887 2961/14/1886 2998/14/1923
f 2962/12/1887 2998/14/1923 2999/12/1924
f 2927/50/1852 2972/52/1897 2991/52/1916
f 2927/50/1852 2991/52/1916 2997/50/1922
f 2964/32/1889 2963/34/1888 2996/34/1921
f 2964/32/1889 2996/34/1921 3000/32/1925
f 2972/52/1897 2975/54/1900 2992/54/1917
f 2972/52/1897 2992/54/1917 2991/52/1916
f 2965/10/1890 2962/12/1887 2999/12/1924
f 2965/10/1890 2999/12/1924 3001/10/1926
f 2975/54/1900 2978/56/1903 3002/56/1927
f 2975/54/1900 3002/56/1927 2992/54/1917
f 2966/30/1891 2964/32/1889 3000/32/1925
f 2966/30/1891 3000/32/1925 3003/30/1928
f 2968/22/1893 2967/24/1892 3004/24/1929
f 2968/22/1893 3004/24/1929 3005/22/1930
f 2978/56/1903 2981/58/1906 3006/58/1931
f 2978/56/1903 3006/58/1931 3002/56/1927
f 2969/8/1894 2965/10/1890 3001/10/1926
f 2969/8/1894 3001/10/1926 3007/8/1932
f 2971/42/1896 2970/44/1895 3008/44/1933
f 2971/42/1896 3008/44/1933 3009/42/1934
f 2981/58/1906 2984/60/1909 3010/60/1935
f 2981/58/1906 3010/60/1935 3006/58/1931
f 2973/28/1898 2966/30/1891 3003/30/1928
f 2973/28/1898 3003/30/1928 3011/28/1936
f 2974/20/1899 2968/22/1893 3005/22/1930
f 2974/20/1899 3005/22/1930 3012/20/1937
f 2984/60/1909 2986/62/1911 3013/62/1938
f 2984/60/1909 3013/62/1938 3010/60/1935
f 2976/6/1901 2969/8/1894 3007/8/1932
f 2976/6/1901 3007/8/1932 3014/6/1939
f 2977/40/1902 2971/42/1896 3009/42/1934
f 2977/40/1902 3009/42/1934 3015/40/1940
f 2986/62/1911 2989/64/1914 3016/64/1941
f 2986/62/1911 3016/64/1941 3013/62/1938
f 2979/26/1904 2973/28/1898 3011/28/1936
f 2979/26/1904 3011/28/1936 3017/26/1942
f 2980/18/1905 2974/20/1899 3012/20/1937
f 2980/18/1905 3012/20/1937 3018/18/1943
f 2989/64/1914 2990/66/1915 3019/66/1944
f 2989/64/1914 3019/66/1944 3016/64/1941
f 2982/4/1907 2976/6/1901 3014/6/1939
f 2982/4/1907 3014/6/1939 3020/4/1945
f 2983/38/1908 2977/40/1902 3015/40/1940
f 2983/38/1908 3015/40/1940 3021/38/1946
f 2967/24/1892 2979/26/1904 3017/26/1942
f 2967/24/1892 3017/26/1942 3004/24/1929
f 2985/16/1910 2980/18/1905 3018/18/1943
f 2985/16/1910 3018/18/1943 3022/16/1947
f 2987/1/1912 2982/4/1907 3020/4/1945
f 2987/1/1912 3020/4/1945 3023/1/1948
f 2988/36/1913 2983/38/1908 3021/38/1946
f 2988/36/1913 3021/38/1946 2995/36/1920
f 2970/44/1895 2958/46/1883 2960/46/1885
f 2970/44/1895 2960/46/1885 3008/44/1933
f 2961/14/1886 2985/16/1910 3022/16/1947
f 2961/14/1886 3022/16/1947 2998/14/1923
f 3024/42/1949 3025/44/1950 3026/44/1951
f 3024/42/1949 3026/44/1951 3027/42/1952
f 3001/10/1926 2999/12/1924 3028/12/1953
f 3001/10/1926 3028/12/1953 3029/10/1954
f 2992/54/1917 3002/56/1927 3030/56/1955
f 2992/54/1917 3030/56/1955 2993/54/1918
f 3003/30/1928 3000/32/1925 3031/32/1956
f 3003/30/1928 3031/32/1956 3032/30/1957
f 3005/22/1930 3004/24/1929 3033/24/1958
f 3005/22/1930 3033/24/1958 3034/22/1959
f 3002/56/1927 3006/58/1931 3035/58/1960
f 3002/56/1927 3035/58/1960 3030/56/1955
f 3007/8/1932 3001/10/1926 3029/10/1954
f 3007/8/1932 3029/10/1954 3036/8/1961
f 3009/42/1934 3008/44/1933 3025/44/1950
f 3009/42/1934 3025/44/1950 3024/42/1949
f 3006/58/1931 3010/60/1935 3037/60/1962
f 3006/58/1931 3037/60/1962 3035/58/1960
f 3011/28/1936 3003/30/1928 3032/30/1957
f 3011/28/1936 3032/30/1957 3038/28/1963
f 3012/20/1937 3005/22/1930 3034/22/1959
f 3012/20/1937 3034/22/1959 3039/20/1964
f 3010/60/1935 3013/62/1938 3040/62/1965
f 3010/60/1935 3040/62/1965 3037/60/1962
f 3014/6/1939 3007/8/1932 3036/8/1961
f 3014/6/1939 3036/8/1961 3041/6/1966
f 3015/40/1940 3009/42/1934 3024/42/1949
f 3015/40/1940 3024/42/1949 3042/40/1967
f 3013/62/1938 3016/64/1941 3043/64/1968
f 3013/62/1938 3043/64/1968 3040/62/1965
f 3017/26/1942 3011/28/1936 3038/28/1963
f 3017/26/1942 3038/28/1963 3044/26/1969
f 3018/18/1943 3012/20/1937 3039/20/1964
f 3018/18/1943 3039/20/1964 3045/18/1970
f 3016/64/1941 3019/66/1944 3046/66/1971
f 3016/64/1941 3046/66/1971 3043/64/1968
f 3020/4/1945 3014/6/1939 3041/6/1966
f 3020/4/1945 3041/6/1966 3047/4/1972
f 3021/38/1946 3015/40/1940 3042/40/1967
f 3021/38/1946 3042/40/1967 3048/38/1973
f 3004/24/1929 3017/26/1942 3044/26/1969
f 3004/24/1929 3044/26/1969 3033/24/1958
f 3022/16/1947 3018/18/1943 3045/18/1970
f 3022/16/1947 3045/18/1970 3049/16/1974
f 3023/1/1948 3020/4/1945 3047/4/1972
f 3023/1/1948 3047/4/1972 3050/1/1975
f 2995/36/1920 3021/38/1946 3048/38/1973
f 2995/36/1920 3048/38/1973 3051/36/1976
f 3008/44/1933 2960/46/1885 3052/46/1977
f 3008/44/1933 3052/46/1977 3025/44/1950
f 2998/14/1923 3022/16/1947 3049/16/1974
f 2998/14/1923 3049/16/1974 3053/14/1978
f 2960/46/1885 2959/48/1884 3054/48/1979
f 2960/46/1885 3054/48/1979 3052/46/1977
f 2996/34/1921 2995/36/1920 3051/36/1976
f 2996/34/1921 3051/36/1976 3055/34/1980
f 2959/48/1884 2997/50/1922 3056/50/1981
f 2959/48/1884 3056/50/1981 3054/48/1979
f 2999/12/1924 2998/14/1923 3053/14/1978
f 2999/12/1924 3053/14/1978 3028/12/1953
f 2997/50/1922 2991/52/1916 2994/52/1919
f 2997/50/1922 2994/52/1919 3056/50/1981
f 3000/32/1925 2996/34/1921 3055/34/1980
f 3000/32/1925 3055/34/1980 3031/32/1956
f 3057/18/1982 3058/20/1983 3059/20/1984
f 3057/18/1982 3059/20/1984 3060/18/1985
f 3035/58/1960 3037/60/1962 3061/60/1986
f 3035/58/1960 3061/60/1986 3062/58/1987
f 3038/28/1963 3032/30/1957 3063/30/1988
f 3038/28/1963 3063/30/1988 3064/28/1989
f 3039/20/1964 3034/22/1959 3065/22/1990
f 3039/20/1964 3065/22/1990 3058/20/1983
f 3037/60/1962 3040/62/1965 3066/62/1991
f 3037/60/1962 3066/62/1991 3061/60/1986
f 3041/6/1966 3036/8/1961 3067/8/1992
f 3041/6/1966 3067/8/1992 3068/6/1993
f 3042/40/1967 3024/42/1949 3027/42/1952
f 3042/40/1967 3027/42/1952 3069/40/1994
f 3040/62/1965 3043/64/1968 3070/64/1995
f 3040/62/1965 3070/64/1995 3066/62/1991
f 3044/26/1969 3038/28/1963 3064/28/1989
f 3044/26/1969 3064/28/1989 3071/26/1996
f 3045/18/1970 3039/20/1964 3058/20/1983
f 3045/18/1970 3058/20/1983 3057/18/1982
f 3043/64/1968 3046/66/1971 3072/66/1997
f 3043/64/1968 3072/66/1997 3070/64/1995
f 3047/4/1972 3041/6/1966 3068/6/1993
f 3047/4/1972 3068/6/1993 3073/4/1998
f 3048/38/1973 3042/40/1967 3069/40/1994
f 3048/38/1973 3069/40/1994 3074/38/1999
f 3033/24/1958 3044/26/1969 3071/26/1996
f 3033/24/1958 3071/26/1996 3075/24/2000
f 3049/16/1974 3045/18/1970 3057/18/1982
f 3049/16/1974 3057/18/1982 3076/16/2001
f 3050/1/1975 3047/4/1972 3073/4/1998
f 3050/1/1975 3073/4/1998 3077/1/2002
f 3051/36/1976 3048/38/1973 3074/38/1999
f 3051/36/1976 3074/38/1999 3078/36/2003
f 3025/44/1950 3052/46/1977 3079/46/2004
f 3025/44/1950 3079/46/2004 3026/44/1951
f 3053/14/1978 3049/16/1974 3076/16/2001
f 3053/14/1978 3076/16/2001 3080/14/2005
f 3052/46/1977 3054/48/1979 3081/48/2006
f 3052/46/1977 3081/48/2006 3079/46/2004
f 3055/34/1980 3051/36/1976 3078/36/2003
f 3055/34/1980 3078/36/2003 3082/34/2007
f 3054/48/1979 3056/50/1981 3083/50/2008
f 3054/48/1979 3083/50/2008 3081/48/2006
f 3028/12/1953 3053/14/1978 3080/14/2005
f 3028/12/1953 3080/14/2005 3084/12/2009
f 3056/50/1981 2994/52/1919 3085/52/2010
f 3056/50/1981 3085/52/2010 3083/50/2008
f 3031/32/1956 3055/34/1980 3082/34/2007
f 3031/32/1956 3082/34/2007 3086/32/2011
f 2994/52/1919 2993/54/1918 3087/54/2012
f 2994/52/1919 3087/54/2012 3085/52/2010
f 3029/10/1954 3028/12/1953 3084/12/2009
f 3029/10/1954 3084/12/2009 3088/10/2013
f 2993/54/1918 3030/56/1955 3089/56/2014
f 2993/54/1918 3089/56/2014 3087/54/2012
f 3032/30/1957 3031/32/1956 3086/32/2011
f 3032/30/1957 3086/32/2011 3063/30/1988
f 3034/22/1959 3033/24/1958 3075/24/2000
f 3034/22/1959 3075/24/2000 3065/22/1990
f 3030/56/1955 3035/58/1960 3062/58/1987
f 3030/56/1955 3062/58/1987 3089/56/2014
f 3036/8/1961 3029/10/1954 3088/10/2013
f 3036/8/1961 3088/10/2013 3067/8/1992
f 3090/36/2015 3091/38/2016 3092/38/2017
f 3090/36/2015 3092/38/2017 3093/36/2018
f 3070/64/1995 3072/66/1997 3094/66/2019
f 3070/64/1995 3094/66/2019 3095/64/2020
f 3073/4/1998 3068/6/1993 3096/6/2021
f 3073/4/1998 3096/6/2021 3097/4/2022
f 3074/38/1999 3069/40/1994 3098/40/2023
f 3074/38/1999 3098/40/2023 3091/38/2016
f 3075/24/2000 3071/26/1996 3099/26/2024
f 3075/24/2000 3099/26/2024 3100/24/2025
f 3076/16/2001 3057/18/1982 3060/18/1985
f 3076/16/2001 3060/18/1985 3101/16/2026
f 3077/1/2002 3073/4/1998 3097/4/2022
f 3077/1/2002 3097/4/2022 3102/1/2027
f 3078/36/2003 3074/38/1999 3091/38/2016
f 3078/36/2003 3091/38/2016 3090/36/2015
f 3026/44/1951 3079/46/2004 3103/46/2028
f 3026/44/1951 3103/46/2028 3104/44/2029
f 3080/14/2005 3076/16/2001 3101/16/2026
f 3080/14/2005 3101/16/2026 3105/14/2030
f 3079/46/2004 3081/48/2006 3106/48/2031
f 3079/46/2004 3106/48/2031 3103/46/2028
f 3082/34/2007 3078/36/2003 3090/36/2015
f 3082/34/2007 3090/36/2015 3107/34/2032
f 3081/48/2006 3083/50/2008 3108/50/2033
f 3081/48/2006 3108/50/2033 3106/48/2031
f 3084/12/2009 3080/14/2005 3105/14/2030
f 3084/12/2009 3105/14/2030 3109/12/2034
f 3083/50/2008 3085/52/2010 3110/52/2035
f 3083/50/2008 3110/52/2035 3108/50/2033
f 3086/32/2011 3082/34/2007 3107/34/2032
f 3086/32/2011 3107/34/2032 3111/32/2036
f 3085/52/2010 3087/54/2012 3112/54/2037
f 3085/52/2010 3112/54/2037 3110/52/2035
f 3088/10/2013 3084/12/2009 3109/12/2034
f 3088/10/2013 3109/12/2034 3113/10/2038
f 3087/54/2012 3089/56/2014 3114/56/2039
f 3087/54/2012 3114/56/2039 3112/54/2037
f 3063/30/1988 3086/32/2011 3111/32/2036
f 3063/30/1988 3111/32/2036 3115/30/2040
f 3065/22/1990 3075/24/2000 3100/24/2025
f 3065/22/1990 3100/24/2025 3116/22/2041
f 3089/56/2014 3062/58/1987 3117/58/2042
f 3089/56/2014 3117/58/2042 3114/56/2039
f 3067/8/1992 3088/10/2013 3113/10/2038
f 3067/8/1992 3113/10/2038 3118/8/2043
f 3027/42/1952 3026/44/1951 3104/44/2029
f 3027/42/1952 3104/44/2029 3119/42/2044
f 3062/58/1987 3061/60/1986 3120/60/2045
f 3062/58/1987 3120/60/2045 3117/58/2042
f 3064/28/1989 3063/30/1988 3115/30/2040
f 3064/28/1989 3115/30/2040 3121/28/2046
f 3058/20/1983 3065/22/1990 3116/22/2041
f 3058/20/1983 3116/22/2041 3059/20/1984
f 3061/60/1986 3066/62/1991 3122/62/2047
f 3061/60/1986 3122/62/2047 3120/60/2045
f 3068/6/1993 3067/8/1992 3118/8/2043
f 3068/6/1993 3118/8/2043 3096/6/2021
f 3069/40/1994 3027/42/1952 3119/42/2044
f 3069/40/1994 3119/42/2044 3098/40/2023
f 3066/62/1991 3070/64/1995 3095/64/2020
f 3066/62/1991 3095/64/2020 3122/62/2047
f 3071/26/1996 3064/28/1989 3121/28/2046
f 3071/26/1996 3121/28/2046 3099/26/2024
f 3123/12/2048 3124/14/2049 3125/14/2050
f 3123/12/2048 3125/14/2050 3126/12/2051
f 3104/44/2029 3103/46/2028 3127/46/2052
f 3104/44/2029 3127/46/2052 3128/44/2053
f 3105/14/2030 3101/16/2026 3129/16/2054
f 3105/14/2030 3129/16/2054 3124/14/2049
f 3103/46/2028 3106/48/2031 3130/48/2055
f 3103/46/2028 3130/48/2055 3127/46/2052
f 3107/34/2032 3090/36/2015 3093/36/2018
f 3107/34/2032 3093/36/2018 3131/34/2056
f 3106/48/2031 3108/50/2033 3132/50/2057
f 3106/48/2031 3132/50/2057 3130/48/2055
f 3109/12/2034 3105/14/2030 3124/14/2049
f 3109/12/2034 3124/14/2049 3123/12/2048
f 3108/50/2033 3110/52/2035 3133/52/2058
f 3108/50/2033 3133/52/2058 3132/50/2057
f 3111/32/2036 3107/34/2032 3131/34/2056
f 3111/32/2036 3131/34/2056 3134/32/2059
f 3110/52/2035 3112/54/2037 3135/54/2060
f 3110/52/2035 3135/54/2060 3133/52/2058
f 3113/10/2038 3109/12/2034 3123/12/2048
f 3113/10/2038 3123/12/2048 3136/10/2061
f 3112/54/2037 3114/56/2039 3137/56/2062
f 3112/54/2037 3137/56/2062 3135/54/2060
f 3115/30/2040 3111/32/2036 3134/32/2059
f 3115/30/2040 3134/32/2059 3138/30/2063
f 3116/22/2041 3100/24/2025 3139/24/2064
f 3116/22/2041 3139/24/2064 3140/22/2065
f 3114/56/2039 3117/58/2042 3141/58/2066
f 3114/56/2039 3141/58/2066 3137/56/2062
f 3118/8/2043 3113/10/2038 3136/10/2061
f 3118/8/2043 3136/10/2061 3142/8/2067
f 3119/42/2044 3104/44/2029 3128/44/2053
f 3119/42/2044 3128/44/2053 3143/42/2068
f 3117/58/2042 3120/60/2045 3144/60/2069
f 3117/58/2042 3144/60/2069 3141/58/2066
f 3121/28/2046 3115/30/2040 3138/30/2063
f 3121/28/2046 3138/30/2063 3145/28/2070
f 3059/20/1984 3116/22/2041 3140/22/2065
f 3059/20/1984 3140/22/2065 3146/20/2071
f 3120/60/2045 3122/62/2047 3147/62/2072
f 3120/60/2045 3147/62/2072 3144/60/2069
f 3096/6/2021 3118/8/2043 3142/8/2067
f 3096/6/2021 3142/8/2067 3148/6/2073
f 3098/40/2023 3119/42/2044 3143/42/2068
f 3098/40/2023 3143/42/2068 3149/40/2074
f 3122/62/2047 3095/64/2020 3150/64/2075
f 3122/62/2047 3150/64/2075 3147/62/2072
f 3099/26/2024 3121/28/2046 3145/28/2070
f 3099/26/2024 3145/28/2070 3151/26/2076
f 3060/18/1985 3059/20/1984 3146/20/2071
f 3060/18/1985 3146/20/2071 3152/18/2077
f 3095/64/2020 3094/66/2019 3153/66/2078
f 3095/64/2020 3153/66/2078 3150/64/2075
f 3097/4/2022 3096/6/2021 3148/6/2073
f 3097/4/2022 3148/6/2073 3154/4/2079
f 3091/38/2016 3098/40/2023 3149/40/2074
f 3091/38/2016 3149/40/2074 3092/38/2017
f 3100/24/2025 3099/26/2024 3151/26/2076
f 3100/24/2025 3151/26/2076 3139/24/2064
f 3101/16/2026 3060/18/1985 3152/18/2077
f 3101/16/2026 3152/18/2077 3129/16/2054
f 3102/1/2027 3097/4/2022 3154/4/2079
f 3102/1/2027 3154/4/2079 3155/1/2080
f 3156/30/2081 3157/32/2082 3158/32/2083
f 3156/30/2081 3158/32/2083 3159/30/2084
f 3132/50/2057 3133/52/2058 3160/52/2085
f 3132/50/2057 3160/52/2085 3161/50/2086
f 3134/32/2059 3131/34/2056 3162/34/2087
f 3134/32/2059 3162/34/2087 3157/32/2082
f 3133/52/2058 3135/54/2060 3163/54/2088
f 3133/52/2058 3163/54/2088 3160/52/2085
f 3136/10/2061 3123/12/2048 3126/12/2051
f 3136/10/2061 3126/12/2051 3164/10/2089
f 3135/54/2060 3137/56/2062 3165/56/2090
f 3135/54/2060 3165/56/2090 3163/54/2088
f 3138/30/2063 3134/32/2059 3157/32/2082
f 3138/30/2063 3157/32/2082 3156/30/2081
f 3140/22/2065 3139/24/2064 3166/24/2091
f 3140/22/2065 3166/24/2091 3167/22/2092
f 3137/56/2062 3141/58/2066 3168/58/2093
f 3137/56/2062 3168/58/2093 3165/56/2090
f 3142/8/2067 3136/10/2061 3164/10/2089
f 3142/8/2067 3164/10/2089 3169/8/2094
f 3143/42/2068 3128/44/2053 3170/44/2095
f 3143/42/2068 3170/44/2095 3171/42/2096
f 3141/58/2066 3144/60/2069 3172/60/2097
f 3141/58/2066 3172/60/2097 3168/58/2093
f 3145/28/2070 3138/30/2063 3156/30/2081
f 3145/28/2070 3156/30/2081 3173/28/2098
f 3146/20/2071 3140/22/2065 3167/22/2092
f 3146/20/2071 3167/22/2092 3174/20/2099
f 3144/60/2069 3147/62/2072 3175/62/2100
f 3144/60/2069 3175/62/2100 3172/60/2097
f 3148/6/2073 3142/8/2067 3169/8/2094
f 3148/6/2073 3169/8/2094 3176/6/2101
f 3149/40/2074 3143/42/2068 3171/42/2096
f 3149/40/2074 3171/42/2096 3177/40/2102
f 3147/62/2072 3150/64/2075 3178/64/2103
f 3147/62/2072 3178/64/2103 3175/62/2100
f 3151/26/2076 3145/28/2070 3173/28/2098
f 3151/26/2076 3173/28/2098 3179/26/2104
f 3152/18/2077 3146/20/2071 3174/20/2099
f 3152/18/2077 3174/20/2099 3180/18/2105
f 3150/64/2075 3153/66/2078 3181/66/2106
f 3150/64/2075 3181/66/2106 3178/64/2103
f 3154/4/2079 3148/6/2073 3176/6/2101
f 3154/4/2079 3176/6/2101 3182/4/2107
f 3092/38/2017 3149/40/2074 3177/40/2102
f 3092/38/2017 3177/40/2102 3183/38/2108
f 3139/24/2064 3151/26/2076 3179/26/2104
f 3139/24/2064 3179/26/2104 3166/24/2091
f 3129/16/2054 3152/18/2077 3180/18/2105
f 3129/16/2054 3180/18/2105 3184/16/2109
f 3155/1/2080 3154/4/2079 3182/4/2107
f 3155/1/2080 3182/4/2107 3185/1/2110
f 3093/36/2018 3092/38/2017 3183/38/2108
f 3093/36/2018 3183/38/2108 3186/36/2111
f 3128/44/2053 3127/46/2052 3187/46/2112
f 3128/44/2053 3187/46/2112 3170/44/2095
f 3124/14/2049 3129/16/2054 3184/16/2109
f 3124/14/2049 3184/16/2109 3125/14/2050
f 3127/46/2052 3130/48/2055 3188/48/2113
f 3127/46/2052 3188/48/2113 3187/46/2112
f 3131/34/2056 3093/36/2018 3186/36/2111
f 3131/34/2056 3186/36/2111 3162/34/2087
f 3130/48/2055 3132/50/2057 3161/50/2086
f 3130/48/2055 3161/50/2086 3188/48/2113
f 3189/6/2114 3190/8/2115 3191/8/2116
f 3189/6/2114 3191/8/2116 3192/6/2117
f 3167/22/2092 3166/24/2091 3193/24/2118
f 3167/22/2092 3193/24/2118 3194/22/2119
f 3165/56/2090 3168/58/2093 3195/58/2120
f 3165/56/2090 3195/58/2120 3196/56/2121
f 3169/8/2094 3164/10/2089 3197/10/2122
f 3169/8/2094 3197/10/2122 3190/8/2115
f 3171/42/2096 3170/44/2095 3198/44/2123
f 3171/42/2096 3198/44/2123 3199/42/2124
f 3168/58/2093 3172/60/2097 3200/60/2125
f 3168/58/2093 3200/60/2125 3195/58/2120
f 3173/28/2098 3156/30/2081 3159/30/2084
f 3173/28/2098 3159/30/2084 3201/28/2126
f 3174/20/2099 3167/22/2092 3194/22/2119
f 3174/20/2099 3194/22/2119 3202/20/2127
f 3172/60/2097 3175/62/2100 3203/62/2128
f 3172/60/2097 3203/62/2128 3200/60/2125
f 3176/6/2101 3169/8/2094 3190/8/2115
f 3176/6/2101 3190/8/2115 3189/6/2114
f 3177/40/2102 3171/42/2096 3199/42/2124
f 3177/40/2102 3199/42/2124 3204/40/2129
f 3175/62/2100 3178/64/2103 3205/64/2130
f 3175/62/2100 3205/64/2130 3203/62/2128
f 3179/26/2104 3173/28/2098 3201/28/2126
f 3179/26/2104 3201/28/2126 3206/26/2131
f 3180/18/2105 3174/20/2099 3202/20/2127
f 3180/18/2105 3202/20/2127 3207/18/2132
f 3178/64/2103 3181/66/2106 3208/66/2133
f 3178/64/2103 3208/66/2133 3205/64/2130
f 3182/4/2107 3176/6/2101 3189/6/2114
f 3182/4/2107 3189/6/2114 3209/4/2134
f 3183/38/2108 3177/40/2102 3204/40/2129
f 3183/38/2108 3204/40/2129 3210/38/2135
f 3166/24/2091 3179/26/2104 3206/26/2131
f 3166/24/2091 3206/26/2131 3193/24/2118
f 3184/16/2109 3180/18/2105 3207/18/2132
f 3184/16/2109 3207/18/2132 3211/16/2136
f 3185/1/2110 3182/4/2107 3209/4/2134
f 3185/1/2110 3209/4/2134 3212/1/2137
f 3186/36/2111 3183/38/2108 3210/38/2135
f 3186/36/2111 3210/38/2135 3213/36/2138
f 3170/44/2095 3187/46/2112 3214/46/2139
f 3170/44/2095 3214/46/2139 3198/44/2123
f 3125/14/2050 3184/16/2109 3211/16/2136
f 3125/14/2050 3211/16/2136 3215/14/2140
f 3187/46/2112 3188/48/2113 3216/48/2141
f 3187/46/2112 3216/48/2141 3214/46/2139
f 3162/34/2087 3186/36/2111 3213/36/2138
f 3162/34/2087 3213/36/2138 3217/34/2142
f 3188/48/2113 3161/50/2086 3218/50/2143
f 3188/48/2113 3218/50/2143 3216/48/2141
f 3126/12/2051 3125/14/2050 3215/14/2140
f 3126/12/2051 3215/14/2140 3219/12/2144
f 3161/50/2086 3160/52/2085 3220/52/2145
f 3161/50/2086 3220/52/2145 3218/50/2143
f 3157/32/2082 3162/34/2087 3217/34/2142
f 3157/32/2082 3217/34/2142 3158/32/2083
f 3160/52/2085 3163/54/2088 3221/54/2146
f 3160/52/2085 3221/54/2146 3220/52/2145
f 3164/10/2089 3126/12/2051 3219/12/2144
f 3164/10/2089 3219/12/2144 3197/10/2122
f 3163/54/2088 3165/56/2090 3196/56/2121
f 3163/54/2088 3196/56/2121 3221/54/2146
f 3222/44/2147 1239/46/837 1197/45/810
f 3222/44/2147 1197/45/810 1193/43/807
f 3204/40/2129 3199/42/2124 3223/42/2148
f 3204/40/2129 3223/42/2148 3224/40/2149
f 3203/62/2128 3205/64/2130 3225/64/2150
f 3203/62/2128 3225/64/2150 3226/62/2151
f 3206/26/2131 3201/28/2126 3227/28/2152
f 3206/26/2131 3227/28/2152 3228/26/2153
f 3207/18/2132 3202/20/2127 3229/20/2154
f 3207/18/2132 3229/20/2154 3230/18/2155
f 3205/64/2130 3208/66/2133 3231/66/2156
f 3205/64/2130 3231/66/2156 3225/64/2150
f 3209/4/2134 3189/6/2114 3192/6/2117
f 3209/4/2134 3192/6/2117 3232/4/2157
f 3210/38/2135 3204/40/2129 3224/40/2149
f 3210/38/2135 3224/40/2149 3233/38/2158
f 3193/24/2118 3206/26/2131 3228/26/2153
f 3193/24/2118 3228/26/2153 3234/24/2159
f 3211/16/2136 3207/18/2132 3230/18/2155
f 3211/16/2136 3230/18/2155 3235/16/2160
f 3212/1/2137 3209/4/2134 3232/4/2157
f 3212/1/2137 3232/4/2157 3236/1/2161
f 3213/36/2138 3210/38/2135 3233/38/2158
f 3213/36/2138 3233/38/2158 3237/36/2162
f 3198/44/2123 3214/46/2139 1239/46/837
f 3198/44/2123 1239/46/837 3222/44/2147
f 3215/14/2140 3211/16/2136 3235/16/2160
f 3215/14/2140 3235/16/2160 3238/14/2163
f 3214/46/2139 3216/48/2141 1240/48/838
f 3214/46/2139 1240/48/838 1239/46/837
f 3217/34/2142 3213/36/2138 3237/36/2162
f 3217/34/2142 3237/36/2162 3239/34/2164
f 3216/48/2141 3218/50/2143 3240/50/2165
f 3216/48/2141 3240/50/2165 1240/48/838
f 3219/12/2144 3215/14/2140 3238/14/2163
f 3219/12/2144 3238/14/2163 3241/12/2166
f 3218/50/2143 3220/52/2145 3242/52/2167
f 3218/50/2143 3242/52/2167 3240/50/2165
f 3158/32/2083 3217/34/2142 3239/34/2164
f 3158/32/2083 3239/34/2164 3243/32/2168
f 3220/52/2145 3221/54/2146 3244/54/2169
f 3220/52/2145 3244/54/2169 3242/52/2167
f 3197/10/2122 3219/12/2144 3241/12/2166
f 3197/10/2122 3241/12/2166 3245/10/2170
f 3221/54/2146 3196/56/2121 3246/56/2171
f 3221/54/2146 3246/56/2171 3244/54/2169
f 3159/30/2084 3158/32/2083 3243/32/2168
f 3159/30/2084 3243/32/2168 3247/30/2172
f 3194/22/2119 3193/24/2118 3234/24/2159
f 3194/22/2119 3234/24/2159 3248/22/2173
f 3196/56/2121 3195/58/2120 3249/58/2174
f 3196/56/2121 3249/58/2174 3246/56/2171
f 3190/8/2115 3197/10/2122 3245/10/2170
f 3190/8/2115 3245/10/2170 3191/8/2116
f 3199/42/2124 3198/44/2123 3222/44/2147
f 3199/42/2124 3222/44/2147 3223/42/2148
f 3195/58/2120 3200/60/2125 3250/60/2175
f 3195/58/2120 3250/60/2175 3249/58/2174
f 3201/28/2126 3159/30/2084 3247/30/2172
f 3201/28/2126 3247/30/2172 3227/28/2152
f 3202/20/2127 3194/22/2119 3248/22/2173
f 3202/20/2127 3248/22/2173 3229/20/2154
f 3200/60/2125 3203/62/2128 3226/62/2151
f 3200/60/2125 3226/62/2151 3250/60/2175
f 1240/48/838 3240/50/2165 1209/49/816
f 1240/48/838 1209/49/816 1203/47/813
f 3240/50/2165 3242/52/2167 1215/51/819
f 3240/50/2165 1215/51/819 1209/49/816
f 3242/52/2167 3244/54/2169 1219/53/822
f 3242/52/2167 1219/53/822 1215/51/819
f 3244/54/2169 3246/56/2171 1223/55/825
f 3244/54/2169 1223/55/825 1219/53/822
f 3246/56/2171 3249/58/2174 1227/57/828
f 3246/56/2171 1227/57/828 1223/55/825
f 3249/58/2174 3250/60/2175 1231/59/831
f 3249/58/2174 1231/59/831 1227/57/828
f 3250/60/2175 3226/62/2151 1235/61/834
f 3250/60/2175 1235/61/834 1231/59/831
f 3226/62/2151 3225/64/2150 1268/63/852
f 3226/62/2151 1268/63/852 1235/61/834
f 3225/64/2150 3231/66/2156 1269/65/853
f 3225/64/2150 1269/65/853 1268/63/852
f 3236/1/2161 3232/4/2157 1272/3/855
f 3236/1/2161 1272/3/855 1274/2/856
f 3232/4/2157 3192/6/2117 1266/5/850
f 3232/4/2157 1266/5/850 1272/3/855
f 3192/6/2117 3191/8/2116 1062/7/751
f 3192/6/2117 1062/7/751 1266/5/850
f 3191/8/2116 3245/10/2170 1063/9/752
f 3191/8/2116 1063/9/752 1062/7/751
f 3245/10/2170 3241/12/2166 1084/11/761
f 3245/10/2170 1084/11/761 1063/9/752
f 3241/12/2166 3238/14/2163 1085/13/762
f 3241/12/2166 1085/13/762 1084/11/761
f 3238/14/2163 3235/16/2160 1092/15/764
f 3238/14/2163 1092/15/764 1085/13/762
f 3235/16/2160 3230/18/2155 1099/17/766
f 3235/16/2160 1099/17/766 1092/15/764
f 3230/18/2155 3229/20/2154 1107/19/769
f 3230/18/2155 1107/19/769 1099/17/766
f 3229/20/2154 3248/22/2173 1115/21/772
f 3229/20/2154 1115/21/772 1107/19/769
f 3248/22/2173 3234/24/2159 1123/23/776
f 3248/22/2173 1123/23/776 1115/21/772
f 3234/24/2159 3228/26/2153 1131/25/779
f 3234/24/2159 1131/25/779 1123/23/776
f 3228/26/2153 3227/28/2152 1139/27/783
f 3228/26/2153 1139/27/783 1131/25/779
f 3227/28/2152 3247/30/2172 1147/29/786
f 3227/28/2152 1147/29/786 1139/27/783
f 3247/30/2172 3243/32/2168 1155/31/789
f 3247/30/2172 1155/31/789 1147/29/786
f 3243/32/2168 3239/34/2164 1163/33/792
f 3243/32/2168 1163/33/792 1155/31/789
f 3239/34/2164 3237/36/2162 1169/35/795
f 3239/34/2164 1169/35/795 1163/33/792
f 3237/36/2162 3233/38/2158 1175/37/798
f 3237/36/2162 1175/37/798 1169/35/795
f 3233/38/2158 3224/40/2149 1181/39/801
f 3233/38/2158 1181/39/801 1175/37/798
f 3224/40/2149 3223/42/2148 1187/41/804
f 3224/40/2149 1187/41/804 1181/39/801
f 3223/42/2148 3222/44/2147 1193/43/807
f 3223/42/2148 1193/43/807 1187/41/804
s 7
f 3251/59/2176 3252/57/2177 3253/57/2178
f 3251/59/2176 3253/57/2178 3254/59/2179
f 1369/29/904 1367/27/903 3255/27/2180
f 1369/29/904 3255/27/2180 3256/29/2181
f 1389/49/914 1387/47/913 3257/47/2182
f 1389/49/914 3257/47/2182 3258/49/2183
f 1361/21/900 1359/19/899 3259/19/2184
f 1361/21/900 3259/19/2184 3260/21/2185
f 1373/33/906 1371/31/905 3261/31/2186
f 1373/33/906 3261/31/2186 3262/33/2187
f 1399/59/919 1397/57/918 3252/57/2177
f 1399/59/919 3252/57/2177 3251/59/2176
f 1377/37/908 1375/35/907 3263/35/2188
f 1377/37/908 3263/35/2188 3264/37/2189
f 1346/7/891 1406/5/923 3265/5/2190
f 1346/7/891 3265/5/2190 3266/7/2191
f 1391/51/915 1389/49/914 3258/49/2183
f 1391/51/915 3258/49/2183 3267/51/2192
f 1412/3/926 1414/2/927 3268/2/2193
f 1412/3/926 3268/2/2193 3269/3/2194
f 1381/41/910 1379/39/909 3270/39/2195
f 1381/41/910 3270/39/2195 3271/41/2196
f 1352/11/895 1347/9/892 3272/9/2197
f 1352/11/895 3272/9/2197 3273/11/2198
f 1363/23/901 1361/21/900 3260/21/2185
f 1363/23/901 3260/21/2185 3274/23/2199
f 1401/61/920 1399/59/919 3251/59/2176
f 1401/61/920 3251/59/2176 3275/61/2200
f 1355/15/897 1353/13/896 3276/13/2201
f 1355/15/897 3276/13/2201 1403/15/921
f 1367/27/903 1365/25/902 3277/25/2202
f 1367/27/903 3277/25/2202 3255/27/2180
f 1393/53/916 1391/51/915 3267/51/2192
f 1393/53/916 3267/51/2192 3278/53/2203
f 1359/19/899 1357/17/898 1404/17/922
f 1359/19/899 1404/17/922 3259/19/2184
f 1371/31/905 1369/29/904 3256/29/2181
f 1371/31/905 3256/29/2181 3261/31/2186
f 1385/45/912 1383/43/911 3279/43/2204
f 1385/45/912 3279/43/2204 3280/45/2205
f 1408/63/924 1401/61/920 3275/61/2200
f 1408/63/924 3275/61/2200 3281/63/2206
f 1375/35/907 1373/33/906 3262/33/2187
f 1375/35/907 3262/33/2187 3263/35/2188
f 1406/5/923 1412/3/926 3269/3/2194
f 1406/5/923 3269/3/2194 3265/5/2190
f 1395/55/917 1393/53/916 3278/53/2203
f 1395/55/917 3278/53/2203 3282/55/2207
f 1379/39/909 1377/37/908 3264/37/2189
f 1379/39/909 3264/37/2189 3270/39/2195
f 1347/9/892 1346/7/891 3266/7/2191
f 1347/9/892 3266/7/2191 3272/9/2197
f 1387/47/913 1385/45/912 3280/45/2205
f 1387/47/913 3280/45/2205 3257/47/2182
f 1383/43/911 1381/41/910 3271/41/2196
f 1383/43/911 3271/41/2196 3279/43/2204
f 1409/65/925 1408/63/924 3281/63/2206
f 1409/65/925 3281/63/2206 3283/65/2208
f 1353/13/896 1352/11/895 3273/11/2198
f 1353/13/896 3273/11/2198 3276/13/2201
f 1365/25/902 1363/23/901 3274/23/2199
f 1365/25/902 3274/23/2199 3277/25/2202
f 1397/57/918 1395/55/917 3282/55/2207
f 1397/57/918 3282/55/2207 3252/57/2177
f 3284/65/2209 3285/63/2210 3286/63/2211
f 3284/65/2209 3286/63/2211 3287/65/2212
f 3266/7/2191 3265/5/2190 3288/5/2213
f 3266/7/2191 3288/5/2213 3289/7/2214
f 3271/41/2196 3270/39/2195 3290/39/2215
f 3271/41/2196 3290/39/2215 3291/41/2216
f 3275/61/2200 3251/59/2176 3254/59/2179
f 3275/61/2200 3254/59/2179 3292/61/2217
f 3255/27/2180 3277/25/2202 3293/25/2218
f 3255/27/2180 3293/25/2218 3294/27/2219
f 3259/19/2184 1404/17/922 3295/17/2220
f 3259/19/2184 3295/17/2220 3296/19/2221
f 3281/63/2206 3275/61/2200 3292/61/2217
f 3281/63/2206 3292/61/2217 3285/63/2210
f 3265/5/2190 3269/3/2194 3297/3/2222
f 3265/5/2190 3297/3/2222 3288/5/2213
f 3270/39/2195 3264/37/2189 3298/37/2223
f 3270/39/2195 3298/37/2223 3290/39/2215
f 3283/65/2208 3281/63/2206 3285/63/2210
f 3283/65/2208 3285/63/2210 3284/65/2209
f 3277/25/2202 3274/23/2199 3299/23/2224
f 3277/25/2202 3299/23/2224 3293/25/2218
f 1404/17/922 1403/15/921 3300/15/2225
f 1404/17/922 3300/15/2225 3295/17/2220
f 3269/3/2194 3268/2/2193 3301/2/2226
f 3269/3/2194 3301/2/2226 3297/3/2222
f 3264/37/2189 3263/35/2188 3302/35/2227
f 3264/37/2189 3302/35/2227 3298/37/2223
f 3274/23/2199 3260/21/2185 3303/21/2228
f 3274/23/2199 3303/21/2228 3299/23/2224
f 1403/15/921 3276/13/2201 3304/13/2229
f 1403/15/921 3304/13/2229 3300/15/2225
f 3280/45/2205 3279/43/2204 3305/43/2230
f 3280/45/2205 3305/43/2230 3306/45/2231
f 3263/35/2188 3262/33/2187 3307/33/2232
f 3263/35/2188 3307/33/2232 3302/35/2227
f 3257/47/2182 3280/45/2205 3306/45/2231
f 3257/47/2182 3306/45/2231 3308/47/2233
f 3276/13/2201 3273/11/2198 3309/11/2234
f 3276/13/2201 3309/11/2234 3304/13/2229
f 3258/49/2183 3257/47/2182 3308/47/2233
f 3258/49/2183 3308/47/2233 3310/49/2235
f 3262/33/2187 3261/31/2186 3311/31/2236
f 3262/33/2187 3311/31/2236 3307/33/2232
f 3267/51/2192 3258/49/2183 3310/49/2235
f 3267/51/2192 3310/49/2235 3312/51/2237
f 3273/11/2198 3272/9/2197 3313/9/2238
f 3273/11/2198 3313/9/2238 3309/11/2234
f 3278/53/2203 3267/51/2192 3312/51/2237
f 3278/53/2203 3312/51/2237 3314/53/2239
f 3261/31/2186 3256/29/2181 3315/29/2240
f 3261/31/2186 3315/29/2240 3311/31/2236
f 3282/55/2207 3278/53/2203 3314/53/2239
f 3282/55/2207 3314/53/2239 3316/55/2241
f 3272/9/2197 3266/7/2191 3289/7/2214
f 3272/9/2197 3289/7/2214 3313/9/2238
f 3279/43/2204 3271/41/2196 3291/41/2216
f 3279/43/2204 3291/41/2216 3305/43/2230
f 3252/57/2177 3282/55/2207 3316/55/2241
f 3252/57/2177 3316/55/2241 3253/57/2178
f 3256/29/2181 3255/27/2180 3294/27/2219
f 3256/29/2181 3294/27/2219 3315/29/2240
f 3260/21/2185 3259/19/2184 3296/19/2221
f 3260/21/2185 3296/19/2221 3303/21/2228
f 3317/45/2242 3318/43/2243 3319/43/2244
f 3317/45/2242 3319/43/2244 3320/45/2245
f 3293/25/2218 3299/23/2224 3321/23/2246
f 3293/25/2218 3321/23/2246 3322/25/2247
f 3295/17/2220 3300/15/2225 3323/15/2248
f 3295/17/2220 3323/15/2248 3324/17/2249
f 3297/3/2222 3301/2/2226 3325/2/2250
f 3297/3/2222 3325/2/2250 3326/3/2251
f 3298/37/2223 3302/35/2227 3327/35/2252
f 3298/37/2223 3327/35/2252 3328/37/2253
f 3299/23/2224 3303/21/2228 3329/21/2254
f 3299/23/2224 3329/21/2254 3321/23/2246
f 3300/15/2225 3304/13/2229 3330/13/2255
f 3300/15/2225 3330/13/2255 3323/15/2248
f 3306/45/2231 3305/43/2230 3318/43/2243
f 3306/45/2231 3318/43/2243 3317/45/2242
f 3302/35/2227 3307/33/2232 3331/33/2256
f 3302/35/2227 3331/33/2256 3327/35/2252
f 3308/47/2233 3306/45/2231 3317/45/2242
f 3308/47/2233 3317/45/2242 3332/47/2257
f 3304/13/2229 3309/11/2234 3333/11/2258
f 3304/13/2229 3333/11/2258 3330/13/2255
f 3310/49/2235 3308/47/2233 3332/47/2257
f 3310/49/2235 3332/47/2257 3334/49/2259
f 3307/33/2232 3311/31/2236 3335/31/2260
f 3307/33/2232 3335/31/2260 3331/33/2256
f 3312/51/2237 3310/49/2235 3334/49/2259
f 3312/51/2237 3334/49/2259 3336/51/2261
f 3309/11/2234 3313/9/2238 3337/9/2262
f 3309/11/2234 3337/9/2262 3333/11/2258
f 3314/53/2239 3312/51/2237 3336/51/2261
f 3314/53/2239 3336/51/2261 3338/53/2263
f 3311/31/2236 3315/29/2240 3339/29/2264
f 3311/31/2236 3339/29/2264 3335/31/2260
f 3316/55/2241 3314/53/2239 3338/53/2263
f 3316/55/2241 3338/53/2263 3340/55/2265
f 3313/9/2238 3289/7/2214 3341/7/2266
f 3313/9/2238 3341/7/2266 3337/9/2262
f 3305/43/2230 3291/41/2216 3342/41/2267
f 3305/43/2230 3342/41/2267 3318/43/2243
f 3253/57/2178 3316/55/2241 3340/55/2265
f 3253/57/2178 3340/55/2265 3343/57/2268
f 3315/29/2240 3294/27/2219 3344/27/2269
f 3315/29/2240 3344/27/2269 3339/29/2264
f 3303/21/2228 3296/19/2221 3345/19/2270
f 3303/21/2228 3345/19/2270 3329/21/2254
f 3254/59/2179 3253/57/2178 3343/57/2268
f 3254/59/2179 3343/57/2268 3346/59/2271
f 3289/7/2214 3288/5/2213 3347/5/2272
f 3289/7/2214 3347/5/2272 3341/7/2266
f 3291/41/2216 3290/39/2215 3348/39/2273
f 3291/41/2216 3348/39/2273 3342/41/2267
f 3292/61/2217 3254/59/2179 3346/59/2271
f 3292/61/2217 3346/59/2271 3349/61/2274
f 3294/27/2219 3293/25/2218 3322/25/2247
f 3294/27/2219 3322/25/2247 3344/27/2269
f 3296/19/2221 3295/17/2220 3324/17/2249
f 3296/19/2221 3324/17/2249 3345/19/2270
f 3285/63/2210 3292/61/2217 3349/61/2274
f 3285/63/2210 3349/61/2274 3286/63/2211
f 3288/5/2213 3297/3/2222 3326/3/2251
f 3288/5/2213 3326/3/2251 3347/5/2272
f 3290/39/2215 3298/37/2223 3328/37/2253
f 3290/39/2215 3328/37/2253 3348/39/2273
f 3350/51/2275 3351/49/2276 3352/49/2277
f 3350/51/2275 3352/49/2277 3353/51/2278
f 3327/35/2252 3331/33/2256 3354/33/2279
f 3327/35/2252 3354/33/2279 3355/35/2280
f 3332/47/2257 3317/45/2242 3320/45/2245
f 3332/47/2257 3320/45/2245 3356/47/2281
f 3330/13/2255 3333/11/2258 3357/11/2282
f 3330/13/2255 3357/11/2282 3358/13/2283
f 3334/49/2259 3332/47/2257 3356/47/2281
f 3334/49/2259 3356/47/2281 3351/49/2276
f 3331/33/2256 3335/31/2260 3359/31/2284
f 3331/33/2256 3359/31/2284 3354/33/2279
f 3336/51/2261 3334/49/2259 3351/49/2276
f 3336/51/2261 3351/49/2276 3350/51/2275
f 3333/11/2258 3337/9/2262 3360/9/2285
f 3333/11/2258 3360/9/2285 3357/11/2282
f 3338/53/2263 3336/51/2261 3350/51/2275
f 3338/53/2263 3350/51/2275 3361/53/2286
f 3335/31/2260 3339/29/2264 3362/29/2287
f 3335/31/2260 3362/29/2287 3359/31/2284
f 3340/55/2265 3338/53/2263 3361/53/2286
f 3340/55/2265 3361/53/2286 3363/55/2288
f 3337/9/2262 3341/7/2266 3364/7/2289
f 3337/9/2262 3364/7/2289 3360/9/2285
f 3318/43/2243 3342/41/2267 3365/41/2290
f 3318/43/2243 3365/41/2290 3319/43/2244
f 3343/57/2268 3340/55/2265 3363/55/2288
f 3343/57/2268 3363/55/2288 3366/57/2291
f 3339/29/2264 3344/27/2269 3367/27/2292
f 3339/29/2264 3367/27/2292 3362/29/2287
f 3329/21/2254 3345/19/2270 3368/19/2293
f 3329/21/2254 3368/19/2293 3369/21/2294
f 3346/59/2271 3343/57/2268 3366/57/2291
f 3346/59/2271 3366/57/2291 3370/59/2295
f 3341/7/2266 3347/5/2272 3371/5/2296
f 3341/7/2266 3371/5/2296 3364/7/2289
f 3342/41/2267 3348/39/2273 3372/39/2297
f 3342/41/2267 3372/39/2297 3365/41/2290
f 3349/61/2274 3346/59/2271 3370/59/2295
f 3349/61/2274 3370/59/2295 3373/61/2298
f 3344/27/2269 3322/25/2247 3374/25/2299
f 3344/27/2269 3374/25/2299 3367/27/2292
f 3345/19/2270 3324/17/2249 3375/17/2300
f 3345/19/2270 3375/17/2300 3368/19/2293
f 3286/63/2211 3349/61/2274 3373/61/2298
f 3286/63/2211 3373/61/2298 3376/63/2301
f 3347/5/2272 3326/3/2251 3377/3/2302
f 3347/5/2272 3377/3/2302 3371/5/2296
f 3348/39/2273 3328/37/2253 3378/37/2303
f 3348/39/2273 3378/37/2303 3372/39/2297
f 3287/65/2212 3286/63/2211 3376/63/2301
f 3287/65/2212 3376/63/2301 3379/65/2304
f 3322/25/2247 3321/23/2246 3380/23/2305
f 3322/25/2247 3380/23/2305 3374/25/2299
f 3324/17/2249 3323/15/2248 3381/15/2306
f 3324/17/2249 3381/15/2306 3375/17/2300
f 3326/3/2251 3325/2/2250 3382/2/2307
f 3326/3/2251 3382/2/2307 3377/3/2302
f 3328/37/2253 3327/35/2252 3355/35/2280
f 3328/37/2253 3355/35/2280 3378/37/2303
f 3321/23/2246 3329/21/2254 3369/21/2294
f 3321/23/2246 3369/21/2294 3380/23/2305
f 3323/15/2248 3330/13/2255 3358/13/2283
f 3323/15/2248 3358/13/2283 3381/15/2306
f 3383/43/2308 3384/41/2309 3385/41/2310
f 3383/43/2308 3385/41/2310 3386/43/2311
f 3357/11/2282 3360/9/2285 3387/9/2312
f 3357/11/2282 3387/9/2312 3388/11/2313
f 3361/53/2286 3350/51/2275 3353/51/2278
f 3361/53/2286 3353/51/2278 3389/53/2314
f 3359/31/2284 3362/29/2287 3390/29/2315
f 3359/31/2284 3390/29/2315 3391/31/2316
f 3363/55/2288 3361/53/2286 3389/53/2314
f 3363/55/2288 3389/53/2314 3392/55/2317
f 3360/9/2285 3364/7/2289 3393/7/2318
f 3360/9/2285 3393/7/2318 3387/9/2312
f 3319/43/2244 3365/41/2290 3384/41/2309
f 3319/43/2244 3384/41/2309 3383/43/2308
f 3366/57/2291 3363/55/2288 3392/55/2317
f 3366/57/2291 3392/55/2317 3394/57/2319
f 3362/29/2287 3367/27/2292 3395/27/2320
f 3362/29/2287 3395/27/2320 3390/29/2315
f 3369/21/2294 3368/19/2293 3396/19/2321
f 3369/21/2294 3396/19/2321 3397/21/2322
f 3370/59/2295 3366/57/2291 3394/57/2319
f 3370/59/2295 3394/57/2319 3398/59/2323
f 3364/7/2289 3371/5/2296 3399/5/2324
f 3364/7/2289 3399/5/2324 3393/7/2318
f 3365/41/2290 3372/39/2297 3400/39/2325
f 3365/41/2290 3400/39/2325 3384/41/2309
f 3373/61/2298 3370/59/2295 3398/59/2323
f 3373/61/2298 3398/59/2323 3401/61/2326
f 3367/27/2292 3374/25/2299 3402/25/2327
f 3367/27/2292 3402/25/2327 3395/27/2320
f 3368/19/2293 3375/17/2300 3403/17/2328
f 3368/19/2293 3403/17/2328 3396/19/2321
f 3376/63/2301 3373/61/2298 3401/61/2326
f 3376/63/2301 3401/61/2326 3404/63/2329
f 3371/5/2296 3377/3/2302 3405/3/2330
f 3371/5/2296 3405/3/2330 3399/5/2324
f 3372/39/2297 3378/37/2303 3406/37/2331
f 3372/39/2297 3406/37/2331 3400/39/2325
f 3379/65/2304 3376/63/2301 3404/63/2329
f 3379/65/2304 3404/63/2329 3407/65/2332
f 3374/25/2299 3380/23/2305 3408/23/2333
f 3374/25/2299 3408/23/2333 3402/25/2327
f 3375/17/2300 3381/15/2306 3409/15/2334
f 3375/17/2300 3409/15/2334 3403/17/2328
f 3377/3/2302 3382/2/2307 3410/2/2335
f 3377/3/2302 3410/2/2335 3405/3/2330
f 3378/37/2303 3355/35/2280 3411/35/2336
f 3378/37/2303 3411/35/2336 3406/37/2331
f 3380/23/2305 3369/21/2294 3397/21/2322
f 3380/23/2305 3397/21/2322 3408/23/2333
f 3381/15/2306 3358/13/2283 3412/13/2337
f 3381/15/2306 3412/13/2337 3409/15/2334
f 3320/45/2245 3319/43/2244 3383/43/2308
f 3320/45/2245 3383/43/2308 3413/45/2338
f 3355/35/2280 3354/33/2279 3414/33/2339
f 3355/35/2280 3414/33/2339 3411/35/2336
f 3356/47/2281 3320/45/2245 3413/45/2338
f 3356/47/2281 3413/45/2338 3415/47/2340
f 3358/13/2283 3357/11/2282 3388/11/2313
f 3358/13/2283 3388/11/2313 3412/13/2337
f 3351/49/2276 3356/47/2281 3415/47/2340
f 3351/49/2276 3415/47/2340 3352/49/2277
f 3354/33/2279 3359/31/2284 3391/31/2316
f 3354/33/2279 3391/31/2316 3414/33/2339
f 3416/19/2341 3417/17/2342 3418/17/2343
f 3416/19/2341 3418/17/2343 3419/19/2344
f 3394/57/2319 3392/55/2317 3420/55/2345
f 3394/57/2319 3420/55/2345 3421/57/2346
f 3390/29/2315 3395/27/2320 3422/27/2347
f 3390/29/2315 3422/27/2347 3423/29/2348
f 3397/21/2322 3396/19/2321 3416/19/2341
f 3397/21/2322 3416/19/2341 3424/21/2349
f 3398/59/2323 3394/57/2319 3421/57/2346
f 3398/59/2323 3421/57/2346 3425/59/2350
f 3393/7/2318 3399/5/2324 3426/5/2351
f 3393/7/2318 3426/5/2351 3427/7/2352
f 3384/41/2309 3400/39/2325 3428/39/2353
f 3384/41/2309 3428/39/2353 3385/41/2310
f 3401/61/2326 3398/59/2323 3425/59/2350
f 3401/61/2326 3425/59/2350 3429/61/2354
f 3395/27/2320 3402/25/2327 3430/25/2355
f 3395/27/2320 3430/25/2355 3422/27/2347
f 3396/19/2321 3403/17/2328 3417/17/2342
f 3396/19/2321 3417/17/2342 3416/19/2341
f 3404/63/2329 3401/61/2326 3429/61/2354
f 3404/63/2329 3429/61/2354 3431/63/2356
f 3399/5/2324 3405/3/2330 3432/3/2357
f 3399/5/2324 3432/3/2357 3426/5/2351
f 3400/39/2325 3406/37/2331 3433/37/2358
f 3400/39/2325 3433/37/2358 3428/39/2353
f 3407/65/2332 3404/63/2329 3431/63/2356
f 3407/65/2332 3431/63/2356 3434/65/2359
f 3402/25/2327 3408/23/2333 3435/23/2360
f 3402/25/2327 3435/23/2360 3430/25/2355
f 3403/17/2328 3409/15/2334 3436/15/2361
f 3403/17/2328 3436/15/2361 3417/17/2342
f 3405/3/2330 3410/2/2335 3437/2/2362
f 3405/3/2330 3437/2/2362 3432/3/2357
f 3406/37/2331 3411/35/2336 3438/35/2363
f 3406/37/2331 3438/35/2363 3433/37/2358
f 3408/23/2333 3397/21/2322 3424/21/2349
f 3408/23/2333 3424/21/2349 3435/23/2360
f 3409/15/2334 3412/13/2337 3439/13/2364
f 3409/15/2334 3439/13/2364 3436/15/2361
f 3413/45/2338 3383/43/2308 3386/43/2311
f 3413/45/2338 3386/43/2311 3440/45/2365
f 3411/35/2336 3414/33/2339 3441/33/2366
f 3411/35/2336 3441/33/2366 3438/35/2363
f 3415/47/2340 3413/45/2338 3440/45/2365
f 3415/47/2340 3440/45/2365 3442/47/2367
f 3412/13/2337 3388/11/2313 3443/11/2368
f 3412/13/2337 3443/11/2368 3439/13/2364
f 3352/49/2277 3415/47/2340 3442/47/2367
f 3352/49/2277 3442/47/2367 3444/49/2369
f 3414/33/2339 3391/31/2316 3445/31/2370
f 3414/33/2339 3445/31/2370 3441/33/2366
f 3353/51/2278 3352/49/2277 3444/49/2369
f 3353/51/2278 3444/49/2369 3446/51/2371
f 3388/11/2313 3387/9/2312 3447/9/2372
f 3388/11/2313 3447/9/2372 3443/11/2368
f 3389/53/2314 3353/51/2278 3446/51/2371
f 3389/53/2314 3446/51/2371 3448/53/2373
f 3391/31/2316 3390/29/2315 3423/29/2348
f 3391/31/2316 3423/29/2348 3445/31/2370
f 3392/55/2317 3389/53/2314 3448/53/2373
f 3392/55/2317 3448/53/2373 3420/55/2345
f 3387/9/2312 3393/7/2318 3427/7/2352
f 3387/9/2312 3427/7/2352 3447/9/2372
f 3449/37/2374 3450/35/2375 3451/35/2376
f 3449/37/2374 3451/35/2376 3452/37/2377
f 3431/63/2356 3429/61/2354 3453/61/2378
f 3431/63/2356 3453/61/2378 3454/63/2379
f 3426/5/2351 3432/3/2357 3455/3/2380
f 3426/5/2351 3455/3/2380 3456/5/2381
f 3428/39/2353 3433/37/2358 3449/37/2374
f 3428/39/2353 3449/37/2374 3457/39/2382
f 3434/65/2359 3431/63/2356 3454/63/2379
f 3434/65/2359 3454/63/2379 3458/65/2383
f 3430/25/2355 3435/23/2360 3459/23/2384
f 3430/25/2355 3459/23/2384 3460/25/2385
f 3417/17/2342 3436/15/2361 3461/15/2386
f 3417/17/2342 3461/15/2386 3418/17/2343
f 3432/3/2357 3437/2/2362 3462/2/2387
f 3432/3/2357 3462/2/2387 3455/3/2380
f 3433/37/2358 3438/35/2363 3450/35/2375
f 3433/37/2358 3450/35/2375 3449/37/2374
f 3435/23/2360 3424/21/2349 3463/21/2388
f 3435/23/2360 3463/21/2388 3459/23/2384
f 3436/15/2361 3439/13/2364 3464/13/2389
f 3436/15/2361 3464/13/2389 3461/15/2386
f 3440/45/2365 3386/43/2311 3465/43/2390
f 3440/45/2365 3465/43/2390 3466/45/2391
f 3438/35/2363 3441/33/2366 3467/33/2392
f 3438/35/2363 3467/33/2392 3450/35/2375
f 3442/47/2367 3440/45/2365 3466/45/2391
f 3442/47/2367 3466/45/2391 3468/47/2393
f 3439/13/2364 3443/11/2368 3469/11/2394
f 3439/13/2364 3469/11/2394 3464/13/2389
f 3444/49/2369 3442/47/2367 3468/47/2393
f 3444/49/2369 3468/47/2393 3470/49/2395
f 3441/33/2366 3445/31/2370 3471/31/2396
f 3441/33/2366 3471/31/2396 3467/33/2392
f 3446/51/2371 3444/49/2369 3470/49/2395
f 3446/51/2371 3470/49/2395 3472/51/2397
f 3443/11/2368 3447/9/2372 3473/9/2398
f 3443/11/2368 3473/9/2398 3469/11/2394
f 3448/53/2373 3446/51/2371 3472/51/2397
f 3448/53/2373 3472/51/2397 3474/53/2399
f 3445/31/2370 3423/29/2348 3475/29/2400
f 3445/31/2370 3475/29/2400 3471/31/2396
f 3420/55/2345 3448/53/2373 3474/53/2399
f 3420/55/2345 3474/53/2399 3476/55/2401
f 3447/9/2372 3427/7/2352 3477/7/2402
f 3447/9/2372 3477/7/2402 3473/9/2398
f 3386/43/2311 3385/41/2310 3478/41/2403
f 3386/43/2311 3478/41/2403 3465/43/2390
f 3421/57/2346 3420/55/2345 3476/55/2401
f 3421/57/2346 3476/55/2401 3479/57/2404
f 3423/29/2348 3422/27/2347 3480/27/2405
f 3423/29/2348 3480/27/2405 3475/29/2400
f 3424/21/2349 3416/19/2341 3419/19/2344
f 3424/21/2349 3419/19/2344 3463/21/2388
f 3425/59/2350 3421/57/2346 3479/57/2404
f 3425/59/2350 3479/57/2404 3481/59/2406
f 3427/7/2352 3426/5/2351 3456/5/2381
f 3427/7/2352 3456/5/2381 3477/7/2402
f 3385/41/2310 3428/39/2353 3457/39/2382
f 3385/41/2310 3457/39/2382 3478/41/2403
f 3429/61/2354 3425/59/2350 3481/59/2406
f 3429/61/2354 3481/59/2406 3453/61/2378
f 3422/27/2347 3430/25/2355 3460/25/2385
f 3422/27/2347 3460/25/2385 3480/27/2405
f 3482/13/2407 3483/11/2408 3484/11/2409
f 3482/13/2407 3484/11/2409 3485/13/2410
f 3459/23/2384 3463/21/2388 3486/21/2411
f 3459/23/2384 3486/21/2411 3487/23/2412
f 3461/15/2386 3464/13/2389 3482/13/2407
f 3461/15/2386 3482/13/2407 3488/15/2413
f 3466/45/2391 3465/43/2390 3489/43/2414
f 3466/45/2391 3489/43/2414 3490/45/2415
f 3450/35/2375 3467/33/2392 3491/33/2416
f 3450/35/2375 3491/33/2416 3451/35/2376
f 3468/47/2393 3466/45/2391 3490/45/2415
f 3468/47/2393 3490/45/2415 3492/47/2417
f 3464/13/2389 3469/11/2394 3483/11/2408
f 3464/13/2389 3483/11/2408 3482/13/2407
f 3470/49/2395 3468/47/2393 3492/47/2417
f 3470/49/2395 3492/47/2417 3493/49/2418
f 3467/33/2392 3471/31/2396 3494/31/2419
f 3467/33/2392 3494/31/2419 3491/33/2416
f 3472/51/2397 3470/49/2395 3493/49/2418
f 3472/51/2397 3493/49/2418 3495/51/2420
f 3469/11/2394 3473/9/2398 3496/9/2421
f 3469/11/2394 3496/9/2421 3483/11/2408
f 3474/53/2399 3472/51/2397 3495/51/2420
f 3474/53/2399 3495/51/2420 3497/53/2422
f 3471/31/2396 3475/29/2400 3498/29/2423
f 3471/31/2396 3498/29/2423 3494/31/2419
f 3476/55/2401 3474/53/2399 3497/53/2422
f 3476/55/2401 3497/53/2422 3499/55/2424
f 3473/9/2398 3477/7/2402 3500/7/2425
f 3473/9/2398 3500/7/2425 3496/9/2421
f 3465/43/2390 3478/41/2403 3501/41/2426
f 3465/43/2390 3501/41/2426 3489/43/2414
f 3479/57/2404 3476/55/2401 3499/55/2424
f 3479/57/2404 3499/55/2424 3502/57/2427
f 3475/29/2400 3480/27/2405 3503/27/2428
f 3475/29/2400 3503/27/2428 3498/29/2423
f 3463/21/2388 3419/19/2344 3504/19/2429
f 3463/21/2388 3504/19/2429 3486/21/2411
f 3481/59/2406 3479/57/2404 3502/57/2427
f 3481/59/2406 3502/57/2427 3505/59/2430
f 3477/7/2402 3456/5/2381 3506/5/2431
f 3477/7/2402 3506/5/2431 3500/7/2425
f 3478/41/2403 3457/39/2382 3507/39/2432
f 3478/41/2403 3507/39/2432 3501/41/2426
f 3453/61/2378 3481/59/2406 3505/59/2430
f 3453/61/2378 3505/59/2430 3508/61/2433
f 3480/27/2405 3460/25/2385 3509/25/2434
f 3480/27/2405 3509/25/2434 3503/27/2428
f 3419/19/2344 3418/17/2343 3510/17/2435
f 3419/19/2344 3510/17/2435 3504/19/2429
f 3454/63/2379 3453/61/2378 3508/61/2433
f 3454/63/2379 3508/61/2433 3511/63/2436
f 3456/5/2381 3455/3/2380 3512/3/2437
f 3456/5/2381 3512/3/2437 3506/5/2431
f 3457/39/2382 3449/37/2374 3452/37/2377
f 3457/39/2382 3452/37/2377 3507/39/2432
f 3458/65/2383 3454/63/2379 3511/63/2436
f 3458/65/2383 3511/63/2436 3513/65/2438
f 3460/25/2385 3459/23/2384 3487/23/2412
f 3460/25/2385 3487/23/2412 3509/25/2434
f 3418/17/2343 3461/15/2386 3488/15/2413
f 3418/17/2343 3488/15/2413 3510/17/2435
f 3455/3/2380 3462/2/2387 3514/2/2439
f 3455/3/2380 3514/2/2439 3512/3/2437
f 3515/31/2440 3516/29/2441 3517/29/2442
f 3515/31/2440 3517/29/2442 3518/31/2443
f 3493/49/2418 3492/47/2417 3519/47/2444
f 3493/49/2418 3519/47/2444 3520/49/2445
f 3491/33/2416 3494/31/2419 3515/31/2440
f 3491/33/2416 3515/31/2440 3521/33/2446
f 3495/51/2420 3493/49/2418 3520/49/2445
f 3495/51/2420 3520/49/2445 3522/51/2447
f 3483/11/2408 3496/9/2421 3523/9/2448
f 3483/11/2408 3523/9/2448 3484/11/2409
f 3497/53/2422 3495/51/2420 3522/51/2447
f 3497/53/2422 3522/51/2447 3524/53/2449
f 3494/31/2419 3498/29/2423 3516/29/2441
f 3494/31/2419 3516/29/2441 3515/31/2440
f 3499/55/2424 3497/53/2422 3524/53/2449
f 3499/55/2424 3524/53/2449 3525/55/2450
f 3496/9/2421 3500/7/2425 3526/7/2451
f 3496/9/2421 3526/7/2451 3523/9/2448
f 3489/43/2414 3501/41/2426 3527/41/2452
f 3489/43/2414 3527/41/2452 3528/43/2453
f 3502/57/2427 3499/55/2424 3525/55/2450
f 3502/57/2427 3525/55/2450 3529/57/2454
f 3498/29/2423 3503/27/2428 3530/27/2455
f 3498/29/2423 3530/27/2455 3516/29/2441
f 3486/21/2411 3504/19/2429 3531/19/2456
f 3486/21/2411 3531/19/2456 3532/21/2457
f 3505/59/2430 3502/57/2427 3529/57/2454
f 3505/59/2430 3529/57/2454 3533/59/2458
f 3500/7/2425 3506/5/2431 3534/5/2459
f 3500/7/2425 3534/5/2459 3526/7/2451
f 3501/41/2426 3507/39/2432 3535/39/2460
f 3501/41/2426 3535/39/2460 3527/41/2452
f 3508/61/2433 3505/59/2430 3533/59/2458
f 3508/61/2433 3533/59/2458 3536/61/2461
f 3503/27/2428 3509/25/2434 3537/25/2462
f 3503/27/2428 3537/25/2462 3530/27/2455
f 3504/19/2429 3510/17/2435 3538/17/2463
f 3504/19/2429 3538/17/2463 3531/19/2456
f 3511/63/2436 3508/61/2433 3536/61/2461
f 3511/63/2436 3536/61/2461 3539/63/2464
f 3506/5/2431 3512/3/2437 3540/3/2465
f 3506/5/2431 3540/3/2465 3534/5/2459
f 3507/39/2432 3452/37/2377 3541/37/2466
f 3507/39/2432 3541/37/2466 3535/39/2460
f 3513/65/2438 3511/63/2436 3539/63/2464
f 3513/65/2438 3539/63/2464 3542/65/2467
f 3509/25/2434 3487/23/2412 3543/23/2468
f 3509/25/2434 3543/23/2468 3537/25/2462
f 3510/17/2435 3488/15/2413 3544/15/2469
f 3510/17/2435 3544/15/2469 3538/17/2463
f 3512/3/2437 3514/2/2439 3545/2/2470
f 3512/3/2437 3545/2/2470 3540/3/2465
f 3452/37/2377 3451/35/2376 3546/35/2471
f 3452/37/2377 3546/35/2471 3541/37/2466
f 3487/23/2412 3486/21/2411 3532/21/2457
f 3487/23/2412 3532/21/2457 3543/23/2468
f 3488/15/2413 3482/13/2407 3485/13/2410
f 3488/15/2413 3485/13/2410 3544/15/2469
f 3490/45/2415 3489/43/2414 3528/43/2453
f 3490/45/2415 3528/43/2453 3547/45/2472
f 3451/35/2376 3491/33/2416 3521/33/2446
f 3451/35/2376 3521/33/2446 3546/35/2471
f 3492/47/2417 3490/45/2415 3547/45/2472
f 3492/47/2417 3547/45/2472 3519/47/2444
f 3548/7/2473 3549/5/2474 3550/5/2475
f 3548/7/2473 3550/5/2475 3551/7/2476
f 3525/55/2450 3524/53/2449 3552/53/2477
f 3525/55/2450 3552/53/2477 3553/55/2478
f 3523/9/2448 3526/7/2451 3548/7/2473
f 3523/9/2448 3548/7/2473 3554/9/2479
f 3528/43/2453 3527/41/2452 3555/41/2480
f 3528/43/2453 3555/41/2480 3556/43/2481
f 3529/57/2454 3525/55/2450 3553/55/2478
f 3529/57/2454 3553/55/2478 3557/57/2482
f 3516/29/2441 3530/27/2455 3558/27/2483
f 3516/29/2441 3558/27/2483 3517/29/2442
f 3532/21/2457 3531/19/2456 3559/19/2484
f 3532/21/2457 3559/19/2484 3560/21/2485
f 3533/59/2458 3529/57/2454 3557/57/2482
f 3533/59/2458 3557/57/2482 3561/59/2486
f 3526/7/2451 3534/5/2459 3549/5/2474
f 3526/7/2451 3549/5/2474 3548/7/2473
f 3527/41/2452 3535/39/2460 3562/39/2487
f 3527/41/2452 3562/39/2487 3555/41/2480
f 3536/61/2461 3533/59/2458 3561/59/2486
f 3536/61/2461 3561/59/2486 3563/61/2488
f 3530/27/2455 3537/25/2462 3564/25/2489
f 3530/27/2455 3564/25/2489 3558/27/2483
f 3531/19/2456 3538/17/2463 3565/17/2490
f 3531/19/2456 3565/17/2490 3559/19/2484
f 3539/63/2464 3536/61/2461 3563/61/2488
f 3539/63/2464 3563/61/2488 3566/63/2491
f 3534/5/2459 3540/3/2465 3567/3/2492
f 3534/5/2459 3567/3/2492 3549/5/2474
f 3535/39/2460 3541/37/2466 3568/37/2493
f 3535/39/2460 3568/37/2493 3562/39/2487
f 3542/65/2467 3539/63/2464 3566/63/2491
f 3542/65/2467 3566/63/2491 3569/65/2494
f 3537/25/2462 3543/23/2468 3570/23/2495
f 3537/25/2462 3570/23/2495 3564/25/2489
f 3538/17/2463 3544/15/2469 3571/15/2496
f 3538/17/2463 3571/15/2496 3565/17/2490
f 3540/3/2465 3545/2/2470 3572/2/2497
f 3540/3/2465 3572/2/2497 3567/3/2492
f 3541/37/2466 3546/35/2471 3573/35/2498
f 3541/37/2466 3573/35/2498 3568/37/2493
f 3543/23/2468 3532/21/2457 3560/21/2485
f 3543/23/2468 3560/21/2485 3570/23/2495
f 3544/15/2469 3485/13/2410 3574/13/2499
f 3544/15/2469 3574/13/2499 3571/15/2496
f 3547/45/2472 3528/43/2453 3556/43/2481
f 3547/45/2472 3556/43/2481 3575/45/2500
f 3546/35/2471 3521/33/2446 3576/33/2501
f 3546/35/2471 3576/33/2501 3573/35/2498
f 3519/47/2444 3547/45/2472 3575/45/2500
f 3519/47/2444 3575/45/2500 3577/47/2502
f 3485/13/2410 3484/11/2409 3578/11/2503
f 3485/13/2410 3578/11/2503 3574/13/2499
f 3520/49/2445 3519/47/2444 3577/47/2502
f 3520/49/2445 3577/47/2502 3579/49/2504
f 3521/33/2446 3515/31/2440 3518/31/2443
f 3521/33/2446 3518/31/2443 3576/33/2501
f 3522/51/2447 3520/49/2445 3579/49/2504
f 3522/51/2447 3579/49/2504 3580/51/2505
f 3484/11/2409 3523/9/2448 3554/9/2479
f 3484/11/2409 3554/9/2479 3578/11/2503
f 3524/53/2449 3522/51/2447 3580/51/2505
f 3524/53/2449 3580/51/2505 3552/53/2477
f 3581/4/2506 3582/6/2507 3583/6/2508
f 3581/4/2506 3583/6/2508 3584/4/2509
f 1388/48/24 1390/50/25 3585/50/2510
f 1388/48/24 3585/50/2510 3586/48/2511
f 1382/42/21 1384/44/22 3587/44/2512
f 1382/42/21 3587/44/2512 3588/42/2513
f 1351/12/6 1354/14/7 3589/14/2514
f 1351/12/6 3589/14/2514 3590/12/2515
f 1364/24/12 1366/26/13 3591/26/2516
f 1364/24/12 3591/26/2516 3592/24/2517
f 1398/58/29 1400/60/30 3593/60/2518
f 1398/58/29 3593/60/2518 3594/58/2519
f 1356/16/774 1358/18/9 3595/18/2520
f 1356/16/774 3595/18/2520 3596/16/2521
f 1368/28/14 1370/30/15 3597/30/2522
f 1368/28/14 3597/30/2522 3598/28/2523
f 1390/50/25 1392/52/26 3599/52/2524
f 1390/50/25 3599/52/2524 3585/50/2510
f 1360/20/10 1362/22/11 3600/22/2525
f 1360/20/10 3600/22/2525 3601/20/2526
f 1372/32/16 1374/34/17 3602/34/2527
f 1372/32/16 3602/34/2527 3603/32/2528
f 1400/60/30 1402/62/31 3604/62/2529
f 1400/60/30 3604/62/2529 3593/60/2518
f 1376/36/18 1378/38/19 3605/38/2530
f 1376/36/18 3605/38/2530 3606/36/2531
f 1405/6/3 1345/8/4 1350/8/894
f 1405/6/3 1350/8/894 3582/6/2507
f 1392/52/26 1394/54/27 3607/54/2532
f 1392/52/26 3607/54/2532 3599/52/2524
f 1413/1/1 1411/4/2 3581/4/2506
f 1413/1/1 3581/4/2506 3608/1/2533
f 1380/40/20 1382/42/21 3588/42/2513
f 1380/40/20 3588/42/2513 3609/40/2534
f 1348/10/5 1351/12/6 3590/12/2515
f 1348/10/5 3590/12/2515 1349/10/893
f 1384/44/22 1386/46/23 3610/46/2535
f 1384/44/22 3610/46/2535 3587/44/2512
f 1402/62/31 1407/64/32 3611/64/2536
f 1402/62/31 3611/64/2536 3604/62/2529
f 1354/14/7 1356/16/774 3596/16/2521
f 1354/14/7 3596/16/2521 3589/14/2514
f 1366/26/13 1368/28/14 3598/28/2523
f 1366/26/13 3598/28/2523 3591/26/2516
f 1394/54/27 1396/56/28 3612/56/2537
f 1394/54/27 3612/56/2537 3607/54/2532
f 1358/18/9 1360/20/10 3601/20/2526
f 1358/18/9 3601/20/2526 3595/18/2520
f 1370/30/15 1372/32/16 3603/32/2528
f 1370/30/15 3603/32/2528 3597/30/2522
f 1386/46/23 1388/48/24 3586/48/2511
f 1386/46/23 3586/48/2511 3610/46/2535
f 1407/64/32 1410/66/33 3613/66/2538
f 1407/64/32 3613/66/2538 3611/64/2536
f 1374/34/17 1376/36/18 3606/36/2531
f 1374/34/17 3606/36/2531 3602/34/2527
f 1411/4/2 1405/6/3 3582/6/2507
f 1411/4/2 3582/6/2507 3581/4/2506
f 1396/56/28 1398/58/29 3594/58/2519
f 1396/56/28 3594/58/2519 3612/56/2537
f 1362/22/11 1364/24/12 3592/24/2517
f 1362/22/11 3592/24/2517 3600/22/2525
f 1378/38/19 1380/40/20 3609/40/2534
f 1378/38/19 3609/40/2534 3605/38/2530
f 3614/45/2539 3615/43/2540 3616/43/2541
f 3614/45/2539 3616/43/2541 3617/45/2542
f 3555/41/2480 3562/39/2487 3618/39/2543
f 3555/41/2480 3618/39/2543 3619/41/2544
f 3563/61/2488 3561/59/2486 3620/59/2545
f 3563/61/2488 3620/59/2545 3621/61/2546
f 3558/27/2483 3564/25/2489 3622/25/2547
f 3558/27/2483 3622/25/2547 3623/27/2548
f 3559/19/2484 3565/17/2490 3624/17/2549
f 3559/19/2484 3624/17/2549 3625/19/2550
f 3566/63/2491 3563/61/2488 3621/61/2546
f 3566/63/2491 3621/61/2546 3626/63/2551
f 3549/5/2474 3567/3/2492 3627/3/2552
f 3549/5/2474 3627/3/2552 3550/5/2475
f 3562/39/2487 3568/37/2493 3628/37/2553
f 3562/39/2487 3628/37/2553 3618/39/2543
f 3569/65/2494 3566/63/2491 3626/63/2551
f 3569/65/2494 3626/63/2551 3629/65/2554
f 3564/25/2489 3570/23/2495 3630/23/2555
f 3564/25/2489 3630/23/2555 3622/25/2547
f 3565/17/2490 3571/15/2496 3631/15/2556
f 3565/17/2490 3631/15/2556 3624/17/2549
f 3567/3/2492 3572/2/2497 3632/2/2557
f 3567/3/2492 3632/2/2557 3627/3/2552
f 3568/37/2493 3573/35/2498 3633/35/2558
f 3568/37/2493 3633/35/2558 3628/37/2553
f 3570/23/2495 3560/21/2485 3634/21/2559
f 3570/23/2495 3634/21/2559 3630/23/2555
f 3571/15/2496 3574/13/2499 3635/13/2560
f 3571/15/2496 3635/13/2560 3631/15/2556
f 3575/45/2500 3556/43/2481 3615/43/2540
f 3575/45/2500 3615/43/2540 3614/45/2539
f 3573/35/2498 3576/33/2501 3636/33/2561
f 3573/35/2498 3636/33/2561 3633/35/2558
f 3577/47/2502 3575/45/2500 3614/45/2539
f 3577/47/2502 3614/45/2539 3637/47/2562
f 3574/13/2499 3578/11/2503 3638/11/2563
f 3574/13/2499 3638/11/2563 3635/13/2560
f 3579/49/2504 3577/47/2502 3637/47/2562
f 3579/49/2504 3637/47/2562 3639/49/2564
f 3576/33/2501 3518/31/2443 3640/31/2565
f 3576/33/2501 3640/31/2565 3636/33/2561
f 3580/51/2505 3579/49/2504 3639/49/2564
f 3580/51/2505 3639/49/2564 3641/51/2566
f 3578/11/2503 3554/9/2479 3642/9/2567
f 3578/11/2503 3642/9/2567 3638/11/2563
f 3552/53/2477 3580/51/2505 3641/51/2566
f 3552/53/2477 3641/51/2566 3643/53/2568
f 3518/31/2443 3517/29/2442 3644/29/2569
f 3518/31/2443 3644/29/2569 3640/31/2565
f 3553/55/2478 3552/53/2477 3643/53/2568
f 3553/55/2478 3643/53/2568 3645/55/2570
f 3554/9/2479 3548/7/2473 3551/7/2476
f 3554/9/2479 3551/7/2476 3642/9/2567
f 3556/43/2481 3555/41/2480 3619/41/2544
f 3556/43/2481 3619/41/2544 3615/43/2540
f 3557/57/2482 3553/55/2478 3645/55/2570
f 3557/57/2482 3645/55/2570 3646/57/2571
f 3517/29/2442 3558/27/2483 3623/27/2548
f 3517/29/2442 3623/27/2548 3644/29/2569
f 3560/21/2485 3559/19/2484 3625/19/2550
f 3560/21/2485 3625/19/2550 3634/21/2559
f 3561/59/2486 3557/57/2482 3646/57/2571
f 3561/59/2486 3646/57/2571 3620/59/2545
f 3647/51/2572 3648/49/2573 3649/49/2574
f 3647/51/2572 3649/49/2574 3650/51/2575
f 3633/35/2558 3636/33/2561 3651/33/2576
f 3633/35/2558 3651/33/2576 3652/35/2577
f 3637/47/2562 3614/45/2539 3617/45/2542
f 3637/47/2562 3617/45/2542 3653/47/2578
f 3635/13/2560 3638/11/2563 3654/11/2579
f 3635/13/2560 3654/11/2579 3655/13/2580
f 3639/49/2564 3637/47/2562 3653/47/2578
f 3639/49/2564 3653/47/2578 3648/49/2573
f 3636/33/2561 3640/31/2565 3656/31/2581
f 3636/33/2561 3656/31/2581 3651/33/2576
f 3641/51/2566 3639/49/2564 3648/49/2573
f 3641/51/2566 3648/49/2573 3647/51/2572
f 3638/11/2563 3642/9/2567 3657/9/2582
f 3638/11/2563 3657/9/2582 3654/11/2579
f 3643/53/2568 3641/51/2566 3647/51/2572
f 3643/53/2568 3647/51/2572 3658/53/2583
f 3640/31/2565 3644/29/2569 3659/29/2584
f 3640/31/2565 3659/29/2584 3656/31/2581
f 3645/55/2570 3643/53/2568 3658/53/2583
f 3645/55/2570 3658/53/2583 3660/55/2585
f 3642/9/2567 3551/7/2476 3661/7/2586
f 3642/9/2567 3661/7/2586 3657/9/2582
f 3615/43/2540 3619/41/2544 3662/41/2587
f 3615/43/2540 3662/41/2587 3616/43/2541
f 3646/57/2571 3645/55/2570 3660/55/2585
f 3646/57/2571 3660/55/2585 3663/57/2588
f 3644/29/2569 3623/27/2548 3664/27/2589
f 3644/29/2569 3664/27/2589 3659/29/2584
f 3634/21/2559 3625/19/2550 3665/19/2590
f 3634/21/2559 3665/19/2590 3666/21/2591
f 3620/59/2545 3646/57/2571 3663/57/2588
f 3620/59/2545 3663/57/2588 3667/59/2592
f 3551/7/2476 3550/5/2475 3668/5/2593
f 3551/7/2476 3668/5/2593 3661/7/2586
f 3619/41/2544 3618/39/2543 3669/39/2594
f 3619/41/2544 3669/39/2594 3662/41/2587
f 3621/61/2546 3620/59/2545 3667/59/2592
f 3621/61/2546 3667/59/2592 3670/61/2595
f 3623/27/2548 3622/25/2547 3671/25/2596
f 3623/27/2548 3671/25/2596 3664/27/2589
f 3625/19/2550 3624/17/2549 3672/17/2597
f 3625/19/2550 3672/17/2597 3665/19/2590
f 3626/63/2551 3621/61/2546 3670/61/2595
f 3626/63/2551 3670/61/2595 3673/63/2598
f 3550/5/2475 3627/3/2552 3674/3/2599
f 3550/5/2475 3674/3/2599 3668/5/2593
f 3618/39/2543 3628/37/2553 3675/37/2600
f 3618/39/2543 3675/37/2600 3669/39/2594
f 3629/65/2554 3626/63/2551 3673/63/2598
f 3629/65/2554 3673/63/2598 3676/65/2601
f 3622/25/2547 3630/23/2555 3677/23/2602
f 3622/25/2547 3677/23/2602 3671/25/2596
f 3624/17/2549 3631/15/2556 3678/15/2603
f 3624/17/2549 3678/15/2603 3672/17/2597
f 3627/3/2552 3632/2/2557 3679/2/2604
f 3627/3/2552 3679/2/2604 3674/3/2599
f 3628/37/2553 3633/35/2558 3652/35/2577
f 3628/37/2553 3652/35/2577 3675/37/2600
f 3630/23/2555 3634/21/2559 3666/21/2591
f 3630/23/2555 3666/21/2591 3677/23/2602
f 3631/15/2556 3635/13/2560 3655/13/2580
f 3631/15/2556 3655/13/2580 3678/15/2603
f 3680/43/2605 3681/41/2606 3682/41/2607
f 3680/43/2605 3682/41/2607 3683/43/2608
f 3654/11/2579 3657/9/2582 3684/9/2609
f 3654/11/2579 3684/9/2609 3685/11/2610
f 3658/53/2583 3647/51/2572 3650/51/2575
f 3658/53/2583 3650/51/2575 3686/53/2611
f 3656/31/2581 3659/29/2584 3687/29/2612
f 3656/31/2581 3687/29/2612 3688/31/2613
f 3660/55/2585 3658/53/2583 3686/53/2611
f 3660/55/2585 3686/53/2611 3689/55/2614
f 3657/9/2582 3661/7/2586 3690/7/2615
f 3657/9/2582 3690/7/2615 3684/9/2609
f 3616/43/2541 3662/41/2587 3681/41/2606
f 3616/43/2541 3681/41/2606 3680/43/2605
f 3663/57/2588 3660/55/2585 3689/55/2614
f 3663/57/2588 3689/55/2614 3691/57/2616
f 3659/29/2584 3664/27/2589 3692/27/2617
f 3659/29/2584 3692/27/2617 3687/29/2612
f 3666/21/2591 3665/19/2590 3693/19/2618
f 3666/21/2591 3693/19/2618 3694/21/2619
f 3667/59/2592 3663/57/2588 3691/57/2616
f 3667/59/2592 3691/57/2616 3695/59/2620
f 3661/7/2586 3668/5/2593 3696/5/2621
f 3661/7/2586 3696/5/2621 3690/7/2615
f 3662/41/2587 3669/39/2594 3697/39/2622
f 3662/41/2587 3697/39/2622 3681/41/2606
f 3670/61/2595 3667/59/2592 3695/59/2620
f 3670/61/2595 3695/59/2620 3698/61/2623
f 3664/27/2589 3671/25/2596 3699/25/2624
f 3664/27/2589 3699/25/2624 3692/27/2617
f 3665/19/2590 3672/17/2597 3700/17/2625
f 3665/19/2590 3700/17/2625 3693/19/2618
f 3673/63/2598 3670/61/2595 3698/61/2623
f 3673/63/2598 3698/61/2623 3701/63/2626
f 3668/5/2593 3674/3/2599 3702/3/2627
f 3668/5/2593 3702/3/2627 3696/5/2621
f 3669/39/2594 3675/37/2600 3703/37/2628
f 3669/39/2594 3703/37/2628 3697/39/2622
f 3676/65/2601 3673/63/2598 3701/63/2626
f 3676/65/2601 3701/63/2626 3704/65/2629
f 3671/25/2596 3677/23/2602 3705/23/2630
f 3671/25/2596 3705/23/2630 3699/25/2624
f 3672/17/2597 3678/15/2603 3706/15/2631
f 3672/17/2597 3706/15/2631 3700/17/2625
f 3674/3/2599 3679/2/2604 3707/2/2632
f 3674/3/2599 3707/2/2632 3702/3/2627
f 3675/37/2600 3652/35/2577 3708/35/2633
f 3675/37/2600 3708/35/2633 3703/37/2628
f 3677/23/2602 3666/21/2591 3694/21/2619
f 3677/23/2602 3694/21/2619 3705/23/2630
f 3678/15/2603 3655/13/2580 3709/13/2634
f 3678/15/2603 3709/13/2634 3706/15/2631
f 3617/45/2542 3616/43/2541 3680/43/2605
f 3617/45/2542 3680/43/2605 3710/45/2635
f 3652/35/2577 3651/33/2576 3711/33/2636
f 3652/35/2577 3711/33/2636 3708/35/2633
f 3653/47/2578 3617/45/2542 3710/45/2635
f 3653/47/2578 3710/45/2635 3712/47/2637
f 3655/13/2580 3654/11/2579 3685/11/2610
f 3655/13/2580 3685/11/2610 3709/13/2634
f 3648/49/2573 3653/47/2578 3712/47/2637
f 3648/49/2573 3712/47/2637 3649/49/2574
f 3651/33/2576 3656/31/2581 3688/31/2613
f 3651/33/2576 3688/31/2613 3711/33/2636
f 3713/19/2638 3714/17/2639 3715/17/2640
f 3713/19/2638 3715/17/2640 3716/19/2641
f 3691/57/2616 3689/55/2614 3717/55/2642
f 3691/57/2616 3717/55/2642 3718/57/2643
f 3687/29/2612 3692/27/2617 3719/27/2644
f 3687/29/2612 3719/27/2644 3720/29/2645
f 3694/21/2619 3693/19/2618 3713/19/2638
f 3694/21/2619 3713/19/2638 3721/21/2646
f 3695/59/2620 3691/57/2616 3718/57/2643
f 3695/59/2620 3718/57/2643 3722/59/2647
f 3690/7/2615 3696/5/2621 3723/5/2648
f 3690/7/2615 3723/5/2648 3724/7/2649
f 3681/41/2606 3697/39/2622 3725/39/2650
f 3681/41/2606 3725/39/2650 3682/41/2607
f 3698/61/2623 3695/59/2620 3722/59/2647
f 3698/61/2623 3722/59/2647 3726/61/2651
f 3692/27/2617 3699/25/2624 3727/25/2652
f 3692/27/2617 3727/25/2652 3719/27/2644
f 3693/19/2618 3700/17/2625 3714/17/2639
f 3693/19/2618 3714/17/2639 3713/19/2638
f 3701/63/2626 3698/61/2623 3726/61/2651
f 3701/63/2626 3726/61/2651 3728/63/2653
f 3696/5/2621 3702/3/2627 3729/3/2654
f 3696/5/2621 3729/3/2654 3723/5/2648
f 3697/39/2622 3703/37/2628 3730/37/2655
f 3697/39/2622 3730/37/2655 3725/39/2650
f 3704/65/2629 3701/63/2626 3728/63/2653
f 3704/65/2629 3728/63/2653 3731/65/2656
f 3699/25/2624 3705/23/2630 3732/23/2657
f 3699/25/2624 3732/23/2657 3727/25/2652
f 3700/17/2625 3706/15/2631 3733/15/2658
f 3700/17/2625 3733/15/2658 3714/17/2639
f 3702/3/2627 3707/2/2632 3734/2/2659
f 3702/3/2627 3734/2/2659 3729/3/2654
f 3703/37/2628 3708/35/2633 3735/35/2660
f 3703/37/2628 3735/35/2660 3730/37/2655
f 3705/23/2630 3694/21/2619 3721/21/2646
f 3705/23/2630 3721/21/2646 3732/23/2657
f 3706/15/2631 3709/13/2634 3736/13/2661
f 3706/15/2631 3736/13/2661 3733/15/2658
f 3710/45/2635 3680/43/2605 3683/43/2608
f 3710/45/2635 3683/43/2608 3737/45/2662
f 3708/35/2633 3711/33/2636 3738/33/2663
f 3708/35/2633 3738/33/2663 3735/35/2660
f 3712/47/2637 3710/45/2635 3737/45/2662
f 3712/47/2637 3737/45/2662 3739/47/2664
f 3709/13/2634 3685/11/2610 3740/11/2665
f 3709/13/2634 3740/11/2665 3736/13/2661
f 3649/49/2574 3712/47/2637 3739/47/2664
f 3649/49/2574 3739/47/2664 3741/49/2666
f 3711/33/2636 3688/31/2613 3742/31/2667
f 3711/33/2636 3742/31/2667 3738/33/2663
f 3650/51/2575 3649/49/2574 3741/49/2666
f 3650/51/2575 3741/49/2666 3743/51/2668
f 3685/11/2610 3684/9/2609 3744/9/2669
f 3685/11/2610 3744/9/2669 3740/11/2665
f 3686/53/2611 3650/51/2575 3743/51/2668
f 3686/53/2611 3743/51/2668 3745/53/2670
f 3688/31/2613 3687/29/2612 3720/29/2645
f 3688/31/2613 3720/29/2645 3742/31/2667
f 3689/55/2614 3686/53/2611 3745/53/2670
f 3689/55/2614 3745/53/2670 3717/55/2642
f 3684/9/2609 3690/7/2615 3724/7/2649
f 3684/9/2609 3724/7/2649 3744/9/2669
f 3746/37/2671 3747/35/2672 3748/35/2673
f 3746/37/2671 3748/35/2673 3749/37/2674
f 3728/63/2653 3726/61/2651 3750/61/2675
f 3728/63/2653 3750/61/2675 3751/63/2676
f 3723/5/2648 3729/3/2654 3752/3/2677
f 3723/5/2648 3752/3/2677 3753/5/2678
f 3725/39/2650 3730/37/2655 3746/37/2671
f 3725/39/2650 3746/37/2671 3754/39/2679
f 3731/65/2656 3728/63/2653 3751/63/2676
f 3731/65/2656 3751/63/2676 3755/65/2680
f 3727/25/2652 3732/23/2657 3756/23/2681
f 3727/25/2652 3756/23/2681 3757/25/2682
f 3714/17/2639 3733/15/2658 3758/15/2683
f 3714/17/2639 3758/15/2683 3715/17/2640
f 3729/3/2654 3734/2/2659 3759/2/2684
f 3729/3/2654 3759/2/2684 3752/3/2677
f 3730/37/2655 3735/35/2660 3747/35/2672
f 3730/37/2655 3747/35/2672 3746/37/2671
f 3732/23/2657 3721/21/2646 3760/21/2685
f 3732/23/2657 3760/21/2685 3756/23/2681
f 3733/15/2658 3736/13/2661 3761/13/2686
f 3733/15/2658 3761/13/2686 3758/15/2683
f 3737/45/2662 3683/43/2608 3762/43/2687
f 3737/45/2662 3762/43/2687 3763/45/2688
f 3735/35/2660 3738/33/2663 3764/33/2689
f 3735/35/2660 3764/33/2689 3747/35/2672
f 3739/47/2664 3737/45/2662 3763/45/2688
f 3739/47/2664 3763/45/2688 3765/47/2690
f 3736/13/2661 3740/11/2665 3766/11/2691
f 3736/13/2661 3766/11/2691 3761/13/2686
f 3741/49/2666 3739/47/2664 3765/47/2690
f 3741/49/2666 3765/47/2690 3767/49/2692
f 3738/33/2663 3742/31/2667 3768/31/2693
f 3738/33/2663 3768/31/2693 3764/33/2689
f 3743/51/2668 3741/49/2666 3767/49/2692
f 3743/51/2668 3767/49/2692 3769/51/2694
f 3740/11/2665 3744/9/2669 3770/9/2695
f 3740/11/2665 3770/9/2695 3766/11/2691
f 3745/53/2670 3743/51/2668 3769/51/2694
f 3745/53/2670 3769/51/2694 3771/53/2696
f 3742/31/2667 3720/29/2645 3772/29/2697
f 3742/31/2667 3772/29/2697 3768/31/2693
f 3717/55/2642 3745/53/2670 3771/53/2696
f 3717/55/2642 3771/53/2696 3773/55/2698
f 3744/9/2669 3724/7/2649 3774/7/2699
f 3744/9/2669 3774/7/2699 3770/9/2695
f 3683/43/2608 3682/41/2607 3775/41/2700
f 3683/43/2608 3775/41/2700 3762/43/2687
f 3718/57/2643 3717/55/2642 3773/55/2698
f 3718/57/2643 3773/55/2698 3776/57/2701
f 3720/29/2645 3719/27/2644 3777/27/2702
f 3720/29/2645 3777/27/2702 3772/29/2697
f 3721/21/2646 3713/19/2638 3716/19/2641
f 3721/21/2646 3716/19/2641 3760/21/2685
f 3722/59/2647 3718/57/2643 3776/57/2701
f 3722/59/2647 3776/57/2701 3778/59/2703
f 3724/7/2649 3723/5/2648 3753/5/2678
f 3724/7/2649 3753/5/2678 3774/7/2699
f 3682/41/2607 3725/39/2650 3754/39/2679
f 3682/41/2607 3754/39/2679 3775/41/2700
f 3726/61/2651 3722/59/2647 3778/59/2703
f 3726/61/2651 3778/59/2703 3750/61/2675
f 3719/27/2644 3727/25/2652 3757/25/2682
f 3719/27/2644 3757/25/2682 3777/27/2702
f 3779/47/2704 3780/45/2705 3781/45/2706
f 3779/47/2704 3781/45/2706 3782/47/2707
f 3756/23/2681 3760/21/2685 3783/21/2708
f 3756/23/2681 3783/21/2708 3784/23/2709
f 3758/15/2683 3761/13/2686 3785/13/2710
f 3758/15/2683 3785/13/2710 3786/15/2711
f 3763/45/2688 3762/43/2687 3787/43/2712
f 3763/45/2688 3787/43/2712 3780/45/2705
f 3747/35/2672 3764/33/2689 3788/33/2713
f 3747/35/2672 3788/33/2713 3748/35/2673
f 3765/47/2690 3763/45/2688 3780/45/2705
f 3765/47/2690 3780/45/2705 3779/47/2704
f 3761/13/2686 3766/11/2691 3789/11/2714
f 3761/13/2686 3789/11/2714 3785/13/2710
f 3767/49/2692 3765/47/2690 3779/47/2704
f 3767/49/2692 3779/47/2704 3790/49/2715
f 3764/33/2689 3768/31/2693 3791/31/2716
f 3764/33/2689 3791/31/2716 3788/33/2713
f 3769/51/2694 3767/49/2692 3790/49/2715
f 3769/51/2694 3790/49/2715 3792/51/2717
f 3766/11/2691 3770/9/2695 3793/9/2718
f 3766/11/2691 3793/9/2718 3789/11/2714
f 3771/53/2696 3769/51/2694 3792/51/2717
f 3771/53/2696 3792/51/2717 3794/53/2719
f 3768/31/2693 3772/29/2697 3795/29/2720
f 3768/31/2693 3795/29/2720 3791/31/2716
f 3773/55/2698 3771/53/2696 3794/53/2719
f 3773/55/2698 3794/53/2719 3796/55/2721
f 3770/9/2695 3774/7/2699 3797/7/2722
f 3770/9/2695 3797/7/2722 3793/9/2718
f 3762/43/2687 3775/41/2700 3798/41/2723
f 3762/43/2687 3798/41/2723 3787/43/2712
f 3776/57/2701 3773/55/2698 3796/55/2721
f 3776/57/2701 3796/55/2721 3799/57/2724
f 3772/29/2697 3777/27/2702 3800/27/2725
f 3772/29/2697 3800/27/2725 3795/29/2720
f 3760/21/2685 3716/19/2641 3801/19/2726
f 3760/21/2685 3801/19/2726 3783/21/2708
f 3778/59/2703 3776/57/2701 3799/57/2724
f 3778/59/2703 3799/57/2724 3802/59/2727
f 3774/7/2699 3753/5/2678 3803/5/2728
f 3774/7/2699 3803/5/2728 3797/7/2722
f 3775/41/2700 3754/39/2679 3804/39/2729
f 3775/41/2700 3804/39/2729 3798/41/2723
f 3750/61/2675 3778/59/2703 3802/59/2727
f 3750/61/2675 3802/59/2727 3805/61/2730
f 3777/27/2702 3757/25/2682 3806/25/2731
f 3777/27/2702 3806/25/2731 3800/27/2725
f 3716/19/2641 3715/17/2640 3807/17/2732
f 3716/19/2641 3807/17/2732 3801/19/2726
f 3751/63/2676 3750/61/2675 3805/61/2730
f 3751/63/2676 3805/61/2730 3808/63/2733
f 3753/5/2678 3752/3/2677 3809/3/2734
f 3753/5/2678 3809/3/2734 3803/5/2728
f 3754/39/2679 3746/37/2671 3749/37/2674
f 3754/39/2679 3749/37/2674 3804/39/2729
f 3755/65/2680 3751/63/2676 3808/63/2733
f 3755/65/2680 3808/63/2733 3810/65/2735
f 3757/25/2682 3756/23/2681 3784/23/2709
f 3757/25/2682 3784/23/2709 3806/25/2731
f 3715/17/2640 3758/15/2683 3786/15/2711
f 3715/17/2640 3786/15/2711 3807/17/2732
f 3752/3/2677 3759/2/2684 3811/2/2735
f 3752/3/2677 3811/2/2735 3809/3/2734
f 3812/53/2736 3813/51/2737 3814/51/2738
f 3812/53/2736 3814/51/2738 3815/53/2739
f 3785/13/2710 3789/11/2714 3816/11/2740
f 3785/13/2710 3816/11/2740 3817/13/2741
f 3790/49/2715 3779/47/2704 3782/47/2707
f 3790/49/2715 3782/47/2707 3818/49/2742
f 3788/33/2713 3791/31/2716 3819/31/2743
f 3788/33/2713 3819/31/2743 3820/33/2744
f 3792/51/2717 3790/49/2715 3818/49/2742
f 3792/51/2717 3818/49/2742 3813/51/2737
f 3789/11/2714 3793/9/2718 3821/9/2745
f 3789/11/2714 3821/9/2745 3816/11/2740
f 3794/53/2719 3792/51/2717 3813/51/2737
f 3794/53/2719 3813/51/2737 3812/53/2736
f 3791/31/2716 3795/29/2720 3822/29/2746
f 3791/31/2716 3822/29/2746 3819/31/2743
f 3796/55/2721 3794/53/2719 3812/53/2736
f 3796/55/2721 3812/53/2736 3823/55/2747
f 3793/9/2718 3797/7/2722 3824/7/2748
f 3793/9/2718 3824/7/2748 3821/9/2745
f 3787/43/2712 3798/41/2723 3825/41/2749
f 3787/43/2712 3825/41/2749 3826/43/2750
f 3799/57/2724 3796/55/2721 3823/55/2747
f 3799/57/2724 3823/55/2747 3827/57/2751
f 3795/29/2720 3800/27/2725 3828/27/2752
f 3795/29/2720 3828/27/2752 3822/29/2746
f 3783/21/2708 3801/19/2726 3829/19/2753
f 3783/21/2708 3829/19/2753 3830/21/2754
f 3802/59/2727 3799/57/2724 3827/57/2751
f 3802/59/2727 3827/57/2751 3831/59/2755
f 3797/7/2722 3803/5/2728 3832/5/2756
f 3797/7/2722 3832/5/2756 3824/7/2748
f 3798/41/2723 3804/39/2729 3833/39/2757
f 3798/41/2723 3833/39/2757 3825/41/2749
f 3805/61/2730 3802/59/2727 3831/59/2755
f 3805/61/2730 3831/59/2755 3834/61/2758
f 3800/27/2725 3806/25/2731 3835/25/2759
f 3800/27/2725 3835/25/2759 3828/27/2752
f 3801/19/2726 3807/17/2732 3836/17/2760
f 3801/19/2726 3836/17/2760 3829/19/2753
f 3808/63/2733 3805/61/2730 3834/61/2758
f 3808/63/2733 3834/61/2758 3837/63/2761
f 3803/5/2728 3809/3/2734 3838/3/2762
f 3803/5/2728 3838/3/2762 3832/5/2756
f 3804/39/2729 3749/37/2674 3839/37/2763
f 3804/39/2729 3839/37/2763 3833/39/2757
f 3810/65/2735 3808/63/2733 3837/63/2761
f 3810/65/2735 3837/63/2761 3840/65/2764
f 3806/25/2731 3784/23/2709 3841/23/2765
f 3806/25/2731 3841/23/2765 3835/25/2759
f 3807/17/2732 3786/15/2711 3842/15/2766
f 3807/17/2732 3842/15/2766 3836/17/2760
f 3809/3/2734 3811/2/2735 3843/2/2767
f 3809/3/2734 3843/2/2767 3838/3/2762
f 3749/37/2674 3748/35/2673 3844/35/2768
f 3749/37/2674 3844/35/2768 3839/37/2763
f 3784/23/2709 3783/21/2708 3830/21/2754
f 3784/23/2709 3830/21/2754 3841/23/2765
f 3786/15/2711 3785/13/2710 3817/13/2741
f 3786/15/2711 3817/13/2741 3842/15/2766
f 3780/45/2705 3787/43/2712 3826/43/2750
f 3780/45/2705 3826/43/2750 3781/45/2706
f 3748/35/2673 3788/33/2713 3820/33/2744
f 3748/35/2673 3820/33/2744 3844/35/2768
f 3845/46/2769 3846/48/2770 3847/47/2771
f 3845/46/2769 3847/47/2771 3848/45/2772
f 3819/31/2743 3822/29/2746 3849/29/2773
f 3819/31/2743 3849/29/2773 3850/31/2774
f 3823/55/2747 3812/53/2736 3815/53/2739
f 3823/55/2747 3815/53/2739 3851/55/2775
f 3821/9/2745 3824/7/2748 3852/7/2776
f 3821/9/2745 3852/7/2776 3853/9/2777
f 3826/43/2750 3825/41/2749 3854/41/2778
f 3826/43/2750 3854/41/2778 3855/43/2779
f 3827/57/2751 3823/55/2747 3851/55/2775
f 3827/57/2751 3851/55/2775 3856/57/2780
f 3822/29/2746 3828/27/2752 3857/27/2781
f 3822/29/2746 3857/27/2781 3849/29/2773
f 3830/21/2754 3829/19/2753 3858/19/2782
f 3830/21/2754 3858/19/2782 3859/21/2783
f 3831/59/2755 3827/57/2751 3856/57/2780
f 3831/59/2755 3856/57/2780 3860/59/2784
f 3824/7/2748 3832/5/2756 3861/5/2785
f 3824/7/2748 3861/5/2785 3852/7/2776
f 3825/41/2749 3833/39/2757 3862/39/2786
f 3825/41/2749 3862/39/2786 3854/41/2778
f 3834/61/2758 3831/59/2755 3860/59/2784
f 3834/61/2758 3860/59/2784 3863/61/2787
f 3828/27/2752 3835/25/2759 3864/25/2788
f 3828/27/2752 3864/25/2788 3857/27/2781
f 3829/19/2753 3836/17/2760 3865/17/2789
f 3829/19/2753 3865/17/2789 3858/19/2782
f 3837/63/2761 3834/61/2758 3863/61/2787
f 3837/63/2761 3863/61/2787 3866/63/2790
f 3832/5/2756 3838/3/2762 3867/3/2791
f 3832/5/2756 3867/3/2791 3861/5/2785
f 3833/39/2757 3839/37/2763 3868/37/2792
f 3833/39/2757 3868/37/2792 3862/39/2786
f 3840/65/2764 3837/63/2761 3866/63/2790
f 3840/65/2764 3866/63/2790 3869/65/2793
f 3835/25/2759 3841/23/2765 3870/23/2794
f 3835/25/2759 3870/23/2794 3864/25/2788
f 3836/17/2760 3842/15/2766 3871/15/2795
f 3836/17/2760 3871/15/2795 3865/17/2789
f 3838/3/2762 3843/2/2767 3872/2/2796
f 3838/3/2762 3872/2/2796 3867/3/2791
f 3839/37/2763 3844/35/2768 3873/35/2797
f 3839/37/2763 3873/35/2797 3868/37/2792
f 3841/23/2765 3830/21/2754 3859/21/2783
f 3841/23/2765 3859/21/2783 3870/23/2794
f 3842/15/2766 3817/13/2741 3874/13/2798
f 3842/15/2766 3874/13/2798 3871/15/2795
f 3781/45/2706 3826/43/2750 3855/43/2779
f 3781/45/2706 3855/43/2779 3848/45/2772
f 3844/35/2768 3820/33/2744 3875/33/2799
f 3844/35/2768 3875/33/2799 3873/35/2797
f 3782/47/2707 3781/45/2706 3848/45/2772
f 3782/47/2707 3848/45/2772 3847/47/2771
f 3817/13/2741 3816/11/2740 3876/11/2800
f 3817/13/2741 3876/11/2800 3874/13/2798
f 3818/49/2742 3782/47/2707 3847/47/2771
f 3818/49/2742 3847/47/2771 3877/49/2801
f 3820/33/2744 3819/31/2743 3850/31/2774
f 3820/33/2744 3850/31/2774 3875/33/2799
f 3813/51/2737 3818/49/2742 3877/49/2801
f 3813/51/2737 3877/49/2801 3814/51/2738
f 3816/11/2740 3821/9/2745 3853/9/2777
f 3816/11/2740 3853/9/2777 3876/11/2800
f 3878/64/2802 3879/66/2803 3880/66/2804
f 3878/64/2802 3880/66/2804 3881/64/2805
f 3605/38/2530 3609/40/2534 3882/40/2806
f 3605/38/2530 3882/40/2806 3883/38/2807
f 3592/24/2517 3591/26/2516 3884/26/2808
f 3592/24/2517 3884/26/2808 3885/24/2809
f 3596/16/2521 3595/18/2520 3886/18/2810
f 3596/16/2521 3886/18/2810 3887/16/2811
f 3608/1/2533 3581/4/2506 3584/4/2509
f 3608/1/2533 3584/4/2509 3888/1/2812
f 3606/36/2531 3605/38/2530 3883/38/2807
f 3606/36/2531 3883/38/2807 3889/36/2813
f 3587/44/2512 3610/46/2535 3890/46/2814
f 3587/44/2512 3890/46/2814 3891/44/2815
f 3589/14/2514 3596/16/2521 3887/16/2811
f 3589/14/2514 3887/16/2811 3892/14/2816
f 3610/46/2535 3586/48/2511 3893/48/2817
f 3610/46/2535 3893/48/2817 3890/46/2814
f 3602/34/2527 3606/36/2531 3889/36/2813
f 3602/34/2527 3889/36/2813 3894/34/2818
f 3586/48/2511 3585/50/2510 3895/50/2819
f 3586/48/2511 3895/50/2819 3893/48/2817
f 3590/12/2515 3589/14/2514 3892/14/2816
f 3590/12/2515 3892/14/2816 3896/12/2820
f 3585/50/2510 3599/52/2524 3897/52/2821
f 3585/50/2510 3897/52/2821 3895/50/2819
f 3603/32/2528 3602/34/2527 3894/34/2818
f 3603/32/2528 3894/34/2818 3898/32/2822
f 3599/52/2524 3607/54/2532 3899/54/2823
f 3599/52/2524 3899/54/2823 3897/52/2821
f 1349/10/893 3590/12/2515 3896/12/2820
f 1349/10/893 3896/12/2820 3900/10/2824
f 3607/54/2532 3612/56/2537 3901/56/2825
f 3607/54/2532 3901/56/2825 3899/54/2823
f 3597/30/2522 3603/32/2528 3898/32/2822
f 3597/30/2522 3898/32/2822 3902/30/2826
f 3600/22/2525 3592/24/2517 3885/24/2809
f 3600/22/2525 3885/24/2809 3903/22/2827
f 3612/56/2537 3594/58/2519 3904/58/2828
f 3612/56/2537 3904/58/2828 3901/56/2825
f 1350/8/894 1349/10/893 3900/10/2824
f 1350/8/894 3900/10/2824 3905/8/2829
f 3588/42/2513 3587/44/2512 3891/44/2815
f 3588/42/2513 3891/44/2815 3906/42/2830
f 3594/58/2519 3593/60/2518 3907/60/2831
f 3594/58/2519 3907/60/2831 3904/58/2828
f 3598/28/2523 3597/30/2522 3902/30/2826
f 3598/28/2523 3902/30/2826 3908/28/2832
f 3601/20/2526 3600/22/2525 3903/22/2827
f 3601/20/2526 3903/22/2827 3909/20/2833
f 3593/60/2518 3604/62/2529 3910/62/2834
f 3593/60/2518 3910/62/2834 3907/60/2831
f 3582/6/2507 1350/8/894 3905/8/2829
f 3582/6/2507 3905/8/2829 3583/6/2508
f 3609/40/2534 3588/42/2513 3906/42/2830
f 3609/40/2534 3906/42/2830 3882/40/2806
f 3604/62/2529 3611/64/2536 3878/64/2802
f 3604/62/2529 3878/64/2802 3910/62/2834
f 3591/26/2516 3598/28/2523 3908/28/2832
f 3591/26/2516 3908/28/2832 3884/26/2808
f 3595/18/2520 3601/20/2526 3909/20/2833
f 3595/18/2520 3909/20/2833 3886/18/2810
f 3611/64/2536 3613/66/2538 3879/66/2803
f 3611/64/2536 3879/66/2803 3878/64/2802
f 3911/44/2835 3845/46/2769 3848/45/2772
f 3911/44/2835 3848/45/2772 3855/43/2779
f 3584/4/2509 3583/6/2508 3912/6/2836
f 3584/4/2509 3912/6/2836 3913/4/2837
f 3883/38/2807 3882/40/2806 3914/40/2838
f 3883/38/2807 3914/40/2838 3915/38/2839
f 3885/24/2809 3884/26/2808 3916/26/2840
f 3885/24/2809 3916/26/2840 3917/24/2841
f 3887/16/2811 3886/18/2810 3918/18/2842
f 3887/16/2811 3918/18/2842 3919/16/2843
f 3888/1/2812 3584/4/2509 3913/4/2837
f 3888/1/2812 3913/4/2837 3920/1/2844
f 3889/36/2813 3883/38/2807 3915/38/2839
f 3889/36/2813 3915/38/2839 3921/36/2845
f 3891/44/2815 3890/46/2814 3845/46/2769
f 3891/44/2815 3845/46/2769 3911/44/2835
f 3892/14/2816 3887/16/2811 3919/16/2843
f 3892/14/2816 3919/16/2843 3922/14/2846
f 3890/46/2814 3893/48/2817 3846/48/2770
f 3890/46/2814 3846/48/2770 3845/46/2769
f 3894/34/2818 3889/36/2813 3921/36/2845
f 3894/34/2818 3921/36/2845 3923/34/2847
f 3893/48/2817 3895/50/2819 3924/50/2848
f 3893/48/2817 3924/50/2848 3846/48/2770
f 3896/12/2820 3892/14/2816 3922/14/2846
f 3896/12/2820 3922/14/2846 3925/12/2849
f 3895/50/2819 3897/52/2821 3926/52/2850
f 3895/50/2819 3926/52/2850 3924/50/2848
f 3898/32/2822 3894/34/2818 3923/34/2847
f 3898/32/2822 3923/34/2847 3927/32/2851
f 3897/52/2821 3899/54/2823 3928/54/2852
f 3897/52/2821 3928/54/2852 3926/52/2850
f 3900/10/2824 3896/12/2820 3925/12/2849
f 3900/10/2824 3925/12/2849 3929/10/2853
f 3899/54/2823 3901/56/2825 3930/56/2854
f 3899/54/2823 3930/56/2854 3928/54/2852
f 3902/30/2826 3898/32/2822 3927/32/2851
f 3902/30/2826 3927/32/2851 3931/30/2855
f 3903/22/2827 3885/24/2809 3917/24/2841
f 3903/22/2827 3917/24/2841 3932/22/2856
f 3901/56/2825 3904/58/2828 3933/58/2857
f 3901/56/2825 3933/58/2857 3930/56/2854
f 3905/8/2829 3900/10/2824 3929/10/2853
f 3905/8/2829 3929/10/2853 3934/8/2858
f 3906/42/2830 3891/44/2815 3911/44/2835
f 3906/42/2830 3911/44/2835 3935/42/2859
f 3904/58/2828 3907/60/2831 3936/60/2860
f 3904/58/2828 3936/60/2860 3933/58/2857
f 3908/28/2832 3902/30/2826 3931/30/2855
f 3908/28/2832 3931/30/2855 3937/28/2861
f 3909/20/2833 3903/22/2827 3932/22/2856
f 3909/20/2833 3932/22/2856 3938/20/2862
f 3907/60/2831 3910/62/2834 3939/62/2863
f 3907/60/2831 3939/62/2863 3936/60/2860
f 3583/6/2508 3905/8/2829 3934/8/2858
f 3583/6/2508 3934/8/2858 3912/6/2836
f 3882/40/2806 3906/42/2830 3935/42/2859
f 3882/40/2806 3935/42/2859 3914/40/2838
f 3910/62/2834 3878/64/2802 3881/64/2805
f 3910/62/2834 3881/64/2805 3939/62/2863
f 3884/26/2808 3908/28/2832 3937/28/2861
f 3884/26/2808 3937/28/2861 3916/26/2840
f 3886/18/2810 3909/20/2833 3938/20/2862
f 3886/18/2810 3938/20/2862 3918/18/2842
f 3846/48/2770 3924/50/2848 3877/49/2801
f 3846/48/2770 3877/49/2801 3847/47/2771
f 3924/50/2848 3926/52/2850 3814/51/2738
f 3924/50/2848 3814/51/2738 3877/49/2801
f 3926/52/2850 3928/54/2852 3815/53/2739
f 3926/52/2850 3815/53/2739 3814/51/2738
f 3928/54/2852 3930/56/2854 3851/55/2775
f 3928/54/2852 3851/55/2775 3815/53/2739
f 3930/56/2854 3933/58/2857 3856/57/2780
f 3930/56/2854 3856/57/2780 3851/55/2775
f 3933/58/2857 3936/60/2860 3860/59/2784
f 3933/58/2857 3860/59/2784 3856/57/2780
f 3936/60/2860 3939/62/2863 3863/61/2787
f 3936/60/2860 3863/61/2787 3860/59/2784
f 3939/62/2863 3881/64/2805 3866/63/2790
f 3939/62/2863 3866/63/2790 3863/61/2787
f 3881/64/2805 3880/66/2804 3869/65/2793
f 3881/64/2805 3869/65/2793 3866/63/2790
f 3920/1/2844 3913/4/2837 3867/3/2791
f 3920/1/2844 3867/3/2791 3872/2/2796
f 3913/4/2837 3912/6/2836 3861/5/2785
f 3913/4/2837 3861/5/2785 3867/3/2791
f 3912/6/2836 3934/8/2858 3852/7/2776
f 3912/6/2836 3852/7/2776 3861/5/2785
f 3934/8/2858 3929/10/2853 3853/9/2777
f 3934/8/2858 3853/9/2777 3852/7/2776
f 3929/10/2853 3925/12/2849 3876/11/2800
f 3929/10/2853 3876/11/2800 3853/9/2777
f 3925/12/2849 3922/14/2846 3874/13/2798
f 3925/12/2849 3874/13/2798 3876/11/2800
f 3922/14/2846 3919/16/2843 3871/15/2795
f 3922/14/2846 3871/15/2795 3874/13/2798
f 3919/16/2843 3918/18/2842 3865/17/2789
f 3919/16/2843 3865/17/2789 3871/15/2795
f 3918/18/2842 3938/20/2862 3858/19/2782
f 3918/18/2842 3858/19/2782 3865/17/2789
f 3938/20/2862 3932/22/2856 3859/21/2783
f 3938/20/2862 3859/21/2783 3858/19/2782
f 3932/22/2856 3917/24/2841 3870/23/2794
f 3932/22/2856 3870/23/2794 3859/21/2783
f 3917/24/2841 3916/26/2840 3864/25/2788
f 3917/24/2841 3864/25/2788 3870/23/2794
f 3916/26/2840 3937/28/2861 3857/27/2781
f 3916/26/2840 3857/27/2781 3864/25/2788
f 3937/28/2861 3931/30/2855 3849/29/2773
f 3937/28/2861 3849/29/2773 3857/27/2781
f 3931/30/2855 3927/32/2851 3850/31/2774
f 3931/30/2855 3850/31/2774 3849/29/2773
f 3927/32/2851 3923/34/2847 3875/33/2799
f 3927/32/2851 3875/33/2799 3850/31/2774
f 3923/34/2847 3921/36/2845 3873/35/2797
f 3923/34/2847 3873/35/2797 3875/33/2799
f 3921/36/2845 3915/38/2839 3868/37/2792
f 3921/36/2845 3868/37/2792 3873/35/2797
f 3915/38/2839 3914/40/2838 3862/39/2786
f 3915/38/2839 3862/39/2786 3868/37/2792
f 3914/40/2838 3935/42/2859 3854/41/2778
f 3914/40/2838 3854/41/2778 3862/39/2786
f 3935/42/2859 3911/44/2835 3855/43/2779
f 3935/42/2859 3855/43/2779 3854/41/2778
s 6
f 3940/26/2864 3941/28/2865 3942/28/2866
f 3940/26/2864 3942/28/2866 3943/26/2867
f 1298/28/869 1300/30/870 3944/30/2868
f 1298/28/869 3944/30/2868 3941/28/2865
f 1320/50/879 1322/52/880 3945/52/2869
f 1320/50/879 3945/52/2869 3946/50/2870
f 1290/20/865 1292/22/866 3947/22/2871
f 1290/20/865 3947/22/2871 3948/20/2872
f 1302/32/871 1304/34/17 3949/34/2873
f 1302/32/871 3949/34/2873 3950/32/2874
f 1330/60/884 1332/62/885 3951/62/2875
f 1330/60/884 3951/62/2875 3952/60/2876
f 1306/36/872 1308/38/873 3953/38/2877
f 1306/36/872 3953/38/2877 3954/36/2878
f 1335/6/888 1275/8/857 3955/8/2879
f 1335/6/888 3955/8/2879 3956/6/2880
f 1322/52/880 1324/54/881 3957/54/2881
f 1322/52/880 3957/54/2881 3945/52/2869
f 1343/1/1 1341/4/890 3958/4/2882
f 1343/1/1 3958/4/2882 3959/1/2883
f 1310/40/874 1312/42/875 3960/42/2884
f 1310/40/874 3960/42/2884 3961/40/2885
f 1278/10/858 1283/12/863 3962/12/2886
f 1278/10/858 3962/12/2886 3963/10/2887
f 1314/44/876 1316/46/877 3964/46/2888
f 1314/44/876 3964/46/2888 3965/44/2889
f 1332/62/885 1337/64/889 3966/64/2890
f 1332/62/885 3966/64/2890 3951/62/2875
f 1286/14/864 1279/16/859 1282/16/862
f 1286/14/864 1282/16/862 3967/14/2891
f 1296/26/868 1298/28/869 3941/28/2865
f 1296/26/868 3941/28/2865 3940/26/2864
f 1324/54/881 1326/56/882 3968/56/2892
f 1324/54/881 3968/56/2892 3957/54/2881
f 1280/18/860 1290/20/865 3948/20/2872
f 1280/18/860 3948/20/2872 1281/18/861
f 1300/30/870 1302/32/871 3950/32/2874
f 1300/30/870 3950/32/2874 3944/30/2868
f 1316/46/877 1318/48/878 3969/48/2893
f 1316/46/877 3969/48/2893 3964/46/2888
f 1337/64/889 1340/66/33 3970/66/2894
f 1337/64/889 3970/66/2894 3966/64/2890
f 1304/34/17 1306/36/872 3954/36/2878
f 1304/34/17 3954/36/2878 3949/34/2873
f 1341/4/890 1335/6/888 3956/6/2880
f 1341/4/890 3956/6/2880 3958/4/2882
f 1326/56/882 1328/58/883 3971/58/2895
f 1326/56/882 3971/58/2895 3968/56/2892
f 1292/22/866 1294/24/867 3972/24/2896
f 1292/22/866 3972/24/2896 3947/22/2871
f 1308/38/873 1310/40/874 3961/40/2885
f 1308/38/873 3961/40/2885 3953/38/2877
f 1275/8/857 1278/10/858 3963/10/2887
f 1275/8/857 3963/10/2887 3955/8/2879
f 1318/48/878 1320/50/879 3946/50/2870
f 1318/48/878 3946/50/2870 3969/48/2893
f 1312/42/875 1314/44/876 3965/44/2889
f 1312/42/875 3965/44/2889 3960/42/2884
f 1283/12/863 1286/14/864 3967/14/2891
f 1283/12/863 3967/14/2891 3962/12/2886
f 1294/24/867 1296/26/868 3940/26/2864
f 1294/24/867 3940/26/2864 3972/24/2896
f 1328/58/883 1330/60/884 3952/60/2876
f 1328/58/883 3952/60/2876 3971/58/2895
f 3973/1/2897 3974/4/2898 3975/4/2899
f 3973/1/2897 3975/4/2899 3976/1/2900
f 1281/18/861 3948/20/2872 3977/20/2901
f 1281/18/861 3977/20/2901 3978/18/2902
f 3966/64/2890 3970/66/2894 3979/66/2903
f 3966/64/2890 3979/66/2903 3980/64/2904
f 3958/4/2882 3956/6/2880 3981/6/2905
f 3958/4/2882 3981/6/2905 3974/4/2898
f 3953/38/2877 3961/40/2885 3982/40/2906
f 3953/38/2877 3982/40/2906 3983/38/2907
f 3972/24/2896 3940/26/2864 3943/26/2867
f 3972/24/2896 3943/26/2867 3984/24/2908
f 1282/16/862 1281/18/861 3978/18/2902
f 1282/16/862 3978/18/2902 3985/16/2909
f 3959/1/2883 3958/4/2882 3974/4/2898
f 3959/1/2883 3974/4/2898 3973/1/2897
f 3954/36/2878 3953/38/2877 3983/38/2907
f 3954/36/2878 3983/38/2907 3986/36/2910
f 3965/44/2889 3964/46/2888 3987/46/2911
f 3965/44/2889 3987/46/2911 3988/44/2912
f 3967/14/2891 1282/16/862 3985/16/2909
f 3967/14/2891 3985/16/2909 3989/14/2913
f 3964/46/2888 3969/48/2893 3990/48/2914
f 3964/46/2888 3990/48/2914 3987/46/2911
f 3949/34/2873 3954/36/2878 3986/36/2910
f 3949/34/2873 3986/36/2910 3991/34/2915
f 3969/48/2893 3946/50/2870 3992/50/2916
f 3969/48/2893 3992/50/2916 3990/48/2914
f 3962/12/2886 3967/14/2891 3989/14/2913
f 3962/12/2886 3989/14/2913 3993/12/2917
f 3946/50/2870 3945/52/2869 3994/52/2918
f 3946/50/2870 3994/52/2918 3992/50/2916
f 3950/32/2874 3949/34/2873 3991/34/2915
f 3950/32/2874 3991/34/2915 3995/32/2919
f 3945/52/2869 3957/54/2881 3996/54/2920
f 3945/52/2869 3996/54/2920 3994/52/2918
f 3963/10/2887 3962/12/2886 3993/12/2917
f 3963/10/2887 3993/12/2917 3997/10/2921
f 3957/54/2881 3968/56/2892 3998/56/2922
f 3957/54/2881 3998/56/2922 3996/54/2920
f 3944/30/2868 3950/32/2874 3995/32/2919
f 3944/30/2868 3995/32/2919 3999/30/2923
f 3947/22/2871 3972/24/2896 3984/24/2908
f 3947/22/2871 3984/24/2908 4000/22/2924
f 3968/56/2892 3971/58/2895 4001/58/2925
f 3968/56/2892 4001/58/2925 3998/56/2922
f 3955/8/2879 3963/10/2887 3997/10/2921
f 3955/8/2879 3997/10/2921 4002/8/2926
f 3960/42/2884 3965/44/2889 3988/44/2912
f 3960/42/2884 3988/44/2912 4003/42/2927
f 3971/58/2895 3952/60/2876 4004/60/2928
f 3971/58/2895 4004/60/2928 4001/58/2925
f 3941/28/2865 3944/30/2868 3999/30/2923
f 3941/28/2865 3999/30/2923 3942/28/2866
f 3948/20/2872 3947/22/2871 4000/22/2924
f 3948/20/2872 4000/22/2924 3977/20/2901
f 3952/60/2876 3951/62/2875 4005/62/2929
f 3952/60/2876 4005/62/2929 4004/60/2928
f 3956/6/2880 3955/8/2879 4002/8/2926
f 3956/6/2880 4002/8/2926 3981/6/2905
f 3961/40/2885 3960/42/2884 4003/42/2927
f 3961/40/2885 4003/42/2927 3982/40/2906
f 3951/62/2875 3966/64/2890 3980/64/2904
f 3951/62/2875 3980/64/2904 4005/62/2929
f 4006/48/2930 4007/50/2931 4008/50/2932
f 4006/48/2930 4008/50/2932 4009/48/2933
f 3986/36/2910 3983/38/2907 4010/38/2934
f 3986/36/2910 4010/38/2934 4011/36/2935
f 3988/44/2912 3987/46/2911 4012/46/2936
f 3988/44/2912 4012/46/2936 4013/44/2937
f 3989/14/2913 3985/16/2909 4014/16/2938
f 3989/14/2913 4014/16/2938 4015/14/2939
f 3987/46/2911 3990/48/2914 4006/48/2930
f 3987/46/2911 4006/48/2930 4012/46/2936
f 3991/34/2915 3986/36/2910 4011/36/2935
f 3991/34/2915 4011/36/2935 4016/34/2940
f 3990/48/2914 3992/50/2916 4007/50/2931
f 3990/48/2914 4007/50/2931 4006/48/2930
f 3993/12/2917 3989/14/2913 4015/14/2939
f 3993/12/2917 4015/14/2939 4017/12/2941
f 3992/50/2916 3994/52/2918 4018/52/2942
f 3992/50/2916 4018/52/2942 4007/50/2931
f 3995/32/2919 3991/34/2915 4016/34/2940
f 3995/32/2919 4016/34/2940 4019/32/2943
f 3994/52/2918 3996/54/2920 4020/54/2944
f 3994/52/2918 4020/54/2944 4018/52/2942
f 3997/10/2921 3993/12/2917 4017/12/2941
f 3997/10/2921 4017/12/2941 4021/10/2945
f 3996/54/2920 3998/56/2922 4022/56/2946
f 3996/54/2920 4022/56/2946 4020/54/2944
f 3999/30/2923 3995/32/2919 4019/32/2943
f 3999/30/2923 4019/32/2943 4023/30/2947
f 4000/22/2924 3984/24/2908 4024/24/2948
f 4000/22/2924 4024/24/2948 4025/22/2949
f 3998/56/2922 4001/58/2925 4026/58/2950
f 3998/56/2922 4026/58/2950 4022/56/2946
f 4002/8/2926 3997/10/2921 4021/10/2945
f 4002/8/2926 4021/10/2945 4027/8/2951
f 4003/42/2927 3988/44/2912 4013/44/2937
f 4003/42/2927 4013/44/2937 4028/42/2952
f 4001/58/2925 4004/60/2928 4029/60/2953
f 4001/58/2925 4029/60/2953 4026/58/2950
f 3942/28/2866 3999/30/2923 4023/30/2947
f 3942/28/2866 4023/30/2947 4030/28/2954
f 3977/20/2901 4000/22/2924 4025/22/2949
f 3977/20/2901 4025/22/2949 4031/20/2955
f 4004/60/2928 4005/62/2929 4032/62/2956
f 4004/60/2928 4032/62/2956 4029/60/2953
f 3981/6/2905 4002/8/2926 4027/8/2951
f 3981/6/2905 4027/8/2951 4033/6/2957
f 3982/40/2906 4003/42/2927 4028/42/2952
f 3982/40/2906 4028/42/2952 4034/40/2958
f 4005/62/2929 3980/64/2904 4035/64/2959
f 4005/62/2929 4035/64/2959 4032/62/2956
f 3943/26/2867 3942/28/2866 4030/28/2954
f 3943/26/2867 4030/28/2954 4036/26/2960
f 3978/18/2902 3977/20/2901 4031/20/2955
f 3978/18/2902 4031/20/2955 4037/18/2961
f 3980/64/2904 3979/66/2903 4038/66/2962
f 3980/64/2904 4038/66/2962 4035/64/2959
f 3974/4/2898 3981/6/2905 4033/6/2957
f 3974/4/2898 4033/6/2957 3975/4/2899
f 3983/38/2907 3982/40/2906 4034/40/2958
f 3983/38/2907 4034/40/2958 4010/38/2934
f 3984/24/2908 3943/26/2867 4036/26/2960
f 3984/24/2908 4036/26/2960 4024/24/2948
f 3985/16/2909 3978/18/2902 4037/18/2961
f 3985/16/2909 4037/18/2961 4014/16/2938
f 4039/54/2963 4040/56/2964 4041/56/2965
f 4039/54/2963 4041/56/2965 4042/54/2966
f 4017/12/2941 4015/14/2939 4043/14/2967
f 4017/12/2941 4043/14/2967 4044/12/2968
f 4007/50/2931 4018/52/2942 4045/52/2969
f 4007/50/2931 4045/52/2969 4008/50/2932
f 4019/32/2943 4016/34/2940 4046/34/2970
f 4019/32/2943 4046/34/2970 4047/32/2971
f 4018/52/2942 4020/54/2944 4039/54/2963
f 4018/52/2942 4039/54/2963 4045/52/2969
f 4021/10/2945 4017/12/2941 4044/12/2968
f 4021/10/2945 4044/12/2968 4048/10/2972
f 4020/54/2944 4022/56/2946 4040/56/2964
f 4020/54/2944 4040/56/2964 4039/54/2963
f 4023/30/2947 4019/32/2943 4047/32/2971
f 4023/30/2947 4047/32/2971 4049/30/2973
f 4025/22/2949 4024/24/2948 4050/24/2974
f 4025/22/2949 4050/24/2974 4051/22/2975
f 4022/56/2946 4026/58/2950 4052/58/2976
f 4022/56/2946 4052/58/2976 4040/56/2964
f 4027/8/2951 4021/10/2945 4048/10/2972
f 4027/8/2951 4048/10/2972 4053/8/2977
f 4028/42/2952 4013/44/2937 4054/44/2978
f 4028/42/2952 4054/44/2978 4055/42/2979
f 4026/58/2950 4029/60/2953 4056/60/2980
f 4026/58/2950 4056/60/2980 4052/58/2976
f 4030/28/2954 4023/30/2947 4049/30/2973
f 4030/28/2954 4049/30/2973 4057/28/2981
f 4031/20/2955 4025/22/2949 4051/22/2975
f 4031/20/2955 4051/22/2975 4058/20/2982
f 4029/60/2953 4032/62/2956 4059/62/2983
f 4029/60/2953 4059/62/2983 4056/60/2980
f 4033/6/2957 4027/8/2951 4053/8/2977
f 4033/6/2957 4053/8/2977 4060/6/2984
f 4034/40/2958 4028/42/2952 4055/42/2979
f 4034/40/2958 4055/42/2979 4061/40/2985
f 4032/62/2956 4035/64/2959 4062/64/2986
f 4032/62/2956 4062/64/2986 4059/62/2983
f 4036/26/2960 4030/28/2954 4057/28/2981
f 4036/26/2960 4057/28/2981 4063/26/2987
f 4037/18/2961 4031/20/2955 4058/20/2982
f 4037/18/2961 4058/20/2982 4064/18/2988
f 4035/64/2959 4038/66/2962 4065/66/2989
f 4035/64/2959 4065/66/2989 4062/64/2986
f 3975/4/2899 4033/6/2957 4060/6/2984
f 3975/4/2899 4060/6/2984 4066/4/2990
f 4010/38/2934 4034/40/2958 4061/40/2985
f 4010/38/2934 4061/40/2985 4067/38/2991
f 4024/24/2948 4036/26/2960 4063/26/2987
f 4024/24/2948 4063/26/2987 4050/24/2974
f 4014/16/2938 4037/18/2961 4064/18/2988
f 4014/16/2938 4064/18/2988 4068/16/2992
f 3976/1/2900 3975/4/2899 4066/4/2990
f 3976/1/2900 4066/4/2990 4069/1/2993
f 4011/36/2935 4010/38/2934 4067/38/2991
f 4011/36/2935 4067/38/2991 4070/36/2994
f 4013/44/2937 4012/46/2936 4071/46/2995
f 4013/44/2937 4071/46/2995 4054/44/2978
f 4015/14/2939 4014/16/2938 4068/16/2992
f 4015/14/2939 4068/16/2992 4043/14/2967
f 4012/46/2936 4006/48/2930 4009/48/2933
f 4012/46/2936 4009/48/2933 4071/46/2995
f 4016/34/2940 4011/36/2935 4070/36/2994
f 4016/34/2940 4070/36/2994 4046/34/2970
f 4072/20/2996 4073/22/2997 4074/22/2998
f 4072/20/2996 4074/22/2998 4075/20/2999
f 4049/30/2973 4047/32/2971 4076/32/3000
f 4049/30/2973 4076/32/3000 4077/30/3001
f 4051/22/2975 4050/24/2974 4078/24/3002
f 4051/22/2975 4078/24/3002 4073/22/2997
f 4040/56/2964 4052/58/2976 4079/58/3003
f 4040/56/2964 4079/58/3003 4041/56/2965
f 4053/8/2977 4048/10/2972 4080/10/3004
f 4053/8/2977 4080/10/3004 4081/8/3005
f 4055/42/2979 4054/44/2978 4082/44/3006
f 4055/42/2979 4082/44/3006 4083/42/3007
f 4052/58/2976 4056/60/2980 4084/60/3008
f 4052/58/2976 4084/60/3008 4079/58/3003
f 4057/28/2981 4049/30/2973 4077/30/3001
f 4057/28/2981 4077/30/3001 4085/28/3009
f 4058/20/2982 4051/22/2975 4073/22/2997
f 4058/20/2982 4073/22/2997 4072/20/2996
f 4056/60/2980 4059/62/2983 4086/62/3010
f 4056/60/2980 4086/62/3010 4084/60/3008
f 4060/6/2984 4053/8/2977 4081/8/3005
f 4060/6/2984 4081/8/3005 4087/6/3011
f 4061/40/2985 4055/42/2979 4083/42/3007
f 4061/40/2985 4083/42/3007 4088/40/3012
f 4059/62/2983 4062/64/2986 4089/64/3013
f 4059/62/2983 4089/64/3013 4086/62/3010
f 4063/26/2987 4057/28/2981 4085/28/3009
f 4063/26/2987 4085/28/3009 4090/26/3014
f 4064/18/2988 4058/20/2982 4072/20/2996
f 4064/18/2988 4072/20/2996 4091/18/3015
f 4062/64/2986 4065/66/2989 4092/66/3016
f 4062/64/2986 4092/66/3016 4089/64/3013
f 4066/4/2990 4060/6/2984 4087/6/3011
f 4066/4/2990 4087/6/3011 4093/4/3017
f 4067/38/2991 4061/40/2985 4088/40/3012
f 4067/38/2991 4088/40/3012 4094/38/3018
f 4050/24/2974 4063/26/2987 4090/26/3014
f 4050/24/2974 4090/26/3014 4078/24/3002
f 4068/16/2992 4064/18/2988 4091/18/3015
f 4068/16/2992 4091/18/3015 4095/16/3019
f 4069/1/2993 4066/4/2990 4093/4/3017
f 4069/1/2993 4093/4/3017 4096/1/3020
f 4070/36/2994 4067/38/2991 4094/38/3018
f 4070/36/2994 4094/38/3018 4097/36/3021
f 4054/44/2978 4071/46/2995 4098/46/3022
f 4054/44/2978 4098/46/3022 4082/44/3006
f 4043/14/2967 4068/16/2992 4095/16/3019
f 4043/14/2967 4095/16/3019 4099/14/3023
f 4071/46/2995 4009/48/2933 4100/48/3024
f 4071/46/2995 4100/48/3024 4098/46/3022
f 4046/34/2970 4070/36/2994 4097/36/3021
f 4046/34/2970 4097/36/3021 4101/34/3025
f 4009/48/2933 4008/50/2932 4102/50/3026
f 4009/48/2933 4102/50/3026 4100/48/3024
f 4044/12/2968 4043/14/2967 4099/14/3023
f 4044/12/2968 4099/14/3023 4103/12/3027
f 4008/50/2932 4045/52/2969 4104/52/3028
f 4008/50/2932 4104/52/3028 4102/50/3026
f 4047/32/2971 4046/34/2970 4101/34/3025
f 4047/32/2971 4101/34/3025 4076/32/3000
f 4045/52/2969 4039/54/2963 4042/54/2966
f 4045/52/2969 4042/54/2966 4104/52/3028
f 4048/10/2972 4044/12/2968 4103/12/3027
f 4048/10/2972 4103/12/3027 4080/10/3004
f 4105/38/3029 4106/40/3030 4107/40/3031
f 4105/38/3029 4107/40/3031 4108/38/3032
f 4084/60/3008 4086/62/3010 4109/62/3033
f 4084/60/3008 4109/62/3033 4110/60/3034
f 4087/6/3011 4081/8/3005 4111/8/3035
f 4087/6/3011 4111/8/3035 4112/6/3036
f 4088/40/3012 4083/42/3007 4113/42/3037
f 4088/40/3012 4113/42/3037 4106/40/3030
f 4086/62/3010 4089/64/3013 4114/64/3038
f 4086/62/3010 4114/64/3038 4109/62/3033
f 4090/26/3014 4085/28/3009 4115/28/3039
f 4090/26/3014 4115/28/3039 4116/26/3040
f 4091/18/3015 4072/20/2996 4075/20/2999
f 4091/18/3015 4075/20/2999 4117/18/3041
f 4089/64/3013 4092/66/3016 4118/66/3042
f 4089/64/3013 4118/66/3042 4114/64/3038
f 4093/4/3017 4087/6/3011 4112/6/3036
f 4093/4/3017 4112/6/3036 4119/4/3043
f 4094/38/3018 4088/40/3012 4106/40/3030
f 4094/38/3018 4106/40/3030 4105/38/3029
f 4078/24/3002 4090/26/3014 4116/26/3040
f 4078/24/3002 4116/26/3040 4120/24/3044
f 4095/16/3019 4091/18/3015 4117/18/3041
f 4095/16/3019 4117/18/3041 4121/16/3045
f 4096/1/3020 4093/4/3017 4119/4/3043
f 4096/1/3020 4119/4/3043 4122/1/3046
f 4097/36/3021 4094/38/3018 4105/38/3029
f 4097/36/3021 4105/38/3029 4123/36/3047
f 4082/44/3006 4098/46/3022 4124/46/3048
f 4082/44/3006 4124/46/3048 4125/44/3049
f 4099/14/3023 4095/16/3019 4121/16/3045
f 4099/14/3023 4121/16/3045 4126/14/3050
f 4098/46/3022 4100/48/3024 4127/48/3051
f 4098/46/3022 4127/48/3051 4124/46/3048
f 4101/34/3025 4097/36/3021 4123/36/3047
f 4101/34/3025 4123/36/3047 4128/34/3052
f 4100/48/3024 4102/50/3026 4129/50/3053
f 4100/48/3024 4129/50/3053 4127/48/3051
f 4103/12/3027 4099/14/3023 4126/14/3050
f 4103/12/3027 4126/14/3050 4130/12/3054
f 4102/50/3026 4104/52/3028 4131/52/3055
f 4102/50/3026 4131/52/3055 4129/50/3053
f 4076/32/3000 4101/34/3025 4128/34/3052
f 4076/32/3000 4128/34/3052 4132/32/3056
f 4104/52/3028 4042/54/2966 4133/54/3057
f 4104/52/3028 4133/54/3057 4131/52/3055
f 4080/10/3004 4103/12/3027 4130/12/3054
f 4080/10/3004 4130/12/3054 4134/10/3058
f 4042/54/2966 4041/56/2965 4135/56/3059
f 4042/54/2966 4135/56/3059 4133/54/3057
f 4077/30/3001 4076/32/3000 4132/32/3056
f 4077/30/3001 4132/32/3056 4136/30/3060
f 4073/22/2997 4078/24/3002 4120/24/3044
f 4073/22/2997 4120/24/3044 4074/22/2998
f 4041/56/2965 4079/58/3003 4137/58/3061
f 4041/56/2965 4137/58/3061 4135/56/3059
f 4081/8/3005 4080/10/3004 4134/10/3058
f 4081/8/3005 4134/10/3058 4111/8/3035
f 4083/42/3007 4082/44/3006 4125/44/3049
f 4083/42/3007 4125/44/3049 4113/42/3037
f 4079/58/3003 4084/60/3008 4110/60/3034
f 4079/58/3003 4110/60/3034 4137/58/3061
f 4085/28/3009 4077/30/3001 4136/30/3060
f 4085/28/3009 4136/30/3060 4115/28/3039
f 4138/14/3062 4139/16/3063 4140/16/3064
f 4138/14/3062 4140/16/3064 4141/14/3065
f 4120/24/3044 4116/26/3040 4142/26/3066
f 4120/24/3044 4142/26/3066 4143/24/3067
f 4121/16/3045 4117/18/3041 4144/18/3068
f 4121/16/3045 4144/18/3068 4139/16/3063
f 4122/1/3046 4119/4/3043 4145/4/3069
f 4122/1/3046 4145/4/3069 4146/1/3070
f 4123/36/3047 4105/38/3029 4108/38/3032
f 4123/36/3047 4108/38/3032 4147/36/3071
f 4125/44/3049 4124/46/3048 4148/46/3072
f 4125/44/3049 4148/46/3072 4149/44/3073
f 4126/14/3050 4121/16/3045 4139/16/3063
f 4126/14/3050 4139/16/3063 4138/14/3062
f 4124/46/3048 4127/48/3051 4150/48/3074
f 4124/46/3048 4150/48/3074 4148/46/3072
f 4128/34/3052 4123/36/3047 4147/36/3071
f 4128/34/3052 4147/36/3071 4151/34/3075
f 4127/48/3051 4129/50/3053 4152/50/3076
f 4127/48/3051 4152/50/3076 4150/48/3074
f 4130/12/3054 4126/14/3050 4138/14/3062
f 4130/12/3054 4138/14/3062 4153/12/3077
f 4129/50/3053 4131/52/3055 4154/52/3078
f 4129/50/3053 4154/52/3078 4152/50/3076
f 4132/32/3056 4128/34/3052 4151/34/3075
f 4132/32/3056 4151/34/3075 4155/32/3079
f 4131/52/3055 4133/54/3057 4156/54/3080
f 4131/52/3055 4156/54/3080 4154/52/3078
f 4134/10/3058 4130/12/3054 4153/12/3077
f 4134/10/3058 4153/12/3077 4157/10/3081
f 4133/54/3057 4135/56/3059 4158/56/3082
f 4133/54/3057 4158/56/3082 4156/54/3080
f 4136/30/3060 4132/32/3056 4155/32/3079
f 4136/30/3060 4155/32/3079 4159/30/3083
f 4074/22/2998 4120/24/3044 4143/24/3067
f 4074/22/2998 4143/24/3067 4160/22/3084
f 4135/56/3059 4137/58/3061 4161/58/3085
f 4135/56/3059 4161/58/3085 4158/56/3082
f 4111/8/3035 4134/10/3058 4157/10/3081
f 4111/8/3035 4157/10/3081 4162/8/3086
f 4113/42/3037 4125/44/3049 4149/44/3073
f 4113/42/3037 4149/44/3073 4163/42/3087
f 4137/58/3061 4110/60/3034 4164/60/3088
f 4137/58/3061 4164/60/3088 4161/58/3085
f 4115/28/3039 4136/30/3060 4159/30/3083
f 4115/28/3039 4159/30/3083 4165/28/3089
f 4075/20/2999 4074/22/2998 4160/22/3084
f 4075/20/2999 4160/22/3084 4166/20/3090
f 4110/60/3034 4109/62/3033 4167/62/3091
f 4110/60/3034 4167/62/3091 4164/60/3088
f 4112/6/3036 4111/8/3035 4162/8/3086
f 4112/6/3036 4162/8/3086 4168/6/3092
f 4106/40/3030 4113/42/3037 4163/42/3087
f 4106/40/3030 4163/42/3087 4107/40/3031
f 4109/62/3033 4114/64/3038 4169/64/3093
f 4109/62/3033 4169/64/3093 4167/62/3091
f 4116/26/3040 4115/28/3039 4165/28/3089
f 4116/26/3040 4165/28/3089 4142/26/3066
f 4117/18/3041 4075/20/2999 4166/20/3090
f 4117/18/3041 4166/20/3090 4144/18/3068
f 4114/64/3038 4118/66/3042 4170/66/3070
f 4114/64/3038 4170/66/3070 4169/64/3093
f 4119/4/3043 4112/6/3036 4168/6/3092
f 4119/4/3043 4168/6/3092 4145/4/3069
f 4171/32/3094 4172/34/3095 4173/34/3096
f 4171/32/3094 4173/34/3096 4174/32/3097
f 4148/46/3072 4150/48/3074 4175/48/3098
f 4148/46/3072 4175/48/3098 4176/46/3099
f 4151/34/3075 4147/36/3071 4177/36/3100
f 4151/34/3075 4177/36/3100 4172/34/3095
f 4150/48/3074 4152/50/3076 4178/50/3101
f 4150/48/3074 4178/50/3101 4175/48/3098
f 4153/12/3077 4138/14/3062 4141/14/3065
f 4153/12/3077 4141/14/3065 4179/12/3102
f 4152/50/3076 4154/52/3078 4180/52/3103
f 4152/50/3076 4180/52/3103 4178/50/3101
f 4155/32/3079 4151/34/3075 4172/34/3095
f 4155/32/3079 4172/34/3095 4171/32/3094
f 4154/52/3078 4156/54/3080 4181/54/3104
f 4154/52/3078 4181/54/3104 4180/52/3103
f 4157/10/3081 4153/12/3077 4179/12/3102
f 4157/10/3081 4179/12/3102 4182/10/3105
f 4156/54/3080 4158/56/3082 4183/56/3106
f 4156/54/3080 4183/56/3106 4181/54/3104
f 4159/30/3083 4155/32/3079 4171/32/3094
f 4159/30/3083 4171/32/3094 4184/30/3107
f 4160/22/3084 4143/24/3067 4185/24/3108
f 4160/22/3084 4185/24/3108 4186/22/3109
f 4158/56/3082 4161/58/3085 4187/58/3110
f 4158/56/3082 4187/58/3110 4183/56/3106
f 4162/8/3086 4157/10/3081 4182/10/3105
f 4162/8/3086 4182/10/3105 4188/8/3111
f 4163/42/3087 4149/44/3073 4189/44/3112
f 4163/42/3087 4189/44/3112 4190/42/3113
f 4161/58/3085 4164/60/3088 4191/60/3114
f 4161/58/3085 4191/60/3114 4187/58/3110
f 4165/28/3089 4159/30/3083 4184/30/3107
f 4165/28/3089 4184/30/3107 4192/28/3115
f 4166/20/3090 4160/22/3084 4186/22/3109
f 4166/20/3090 4186/22/3109 4193/20/3116
f 4164/60/3088 4167/62/3091 4194/62/3117
f 4164/60/3088 4194/62/3117 4191/60/3114
f 4168/6/3092 4162/8/3086 4188/8/3111
f 4168/6/3092 4188/8/3111 4195/6/3118
f 4107/40/3031 4163/42/3087 4190/42/3113
f 4107/40/3031 4190/42/3113 4196/40/3119
f 4167/62/3091 4169/64/3093 4197/64/3120
f 4167/62/3091 4197/64/3120 4194/62/3117
f 4142/26/3066 4165/28/3089 4192/28/3115
f 4142/26/3066 4192/28/3115 4198/26/3121
f 4144/18/3068 4166/20/3090 4193/20/3116
f 4144/18/3068 4193/20/3116 4199/18/3122
f 4169/64/3093 4170/66/3070 4200/66/3123
f 4169/64/3093 4200/66/3123 4197/64/3120
f 4145/4/3069 4168/6/3092 4195/6/3118
f 4145/4/3069 4195/6/3118 4201/4/3124
f 4108/38/3032 4107/40/3031 4196/40/3119
f 4108/38/3032 4196/40/3119 4202/38/3125
f 4143/24/3067 4142/26/3066 4198/26/3121
f 4143/24/3067 4198/26/3121 4185/24/3108
f 4139/16/3063 4144/18/3068 4199/18/3122
f 4139/16/3063 4199/18/3122 4140/16/3064
f 4146/1/3070 4145/4/3069 4201/4/3124
f 4146/1/3070 4201/4/3124 4203/1/3126
f 4147/36/3071 4108/38/3032 4202/38/3125
f 4147/36/3071 4202/38/3125 4177/36/3100
f 4149/44/3073 4148/46/3072 4176/46/3099
f 4149/44/3073 4176/46/3099 4189/44/3112
f 4204/8/3127 4205/10/3128 4206/10/3129
f 4204/8/3127 4206/10/3129 4207/8/3130
f 4180/52/3103 4181/54/3104 4208/54/3131
f 4180/52/3103 4208/54/3131 4209/52/3132
f 4182/10/3105 4179/12/3102 4210/12/3133
f 4182/10/3105 4210/12/3133 4205/10/3128
f 4181/54/3104 4183/56/3106 4211/56/3134
f 4181/54/3104 4211/56/3134 4208/54/3131
f 4184/30/3107 4171/32/3094 4174/32/3097
f 4184/30/3107 4174/32/3097 4212/30/3135
f 4186/22/3109 4185/24/3108 4213/24/3136
f 4186/22/3109 4213/24/3136 4214/22/3137
f 4183/56/3106 4187/58/3110 4215/58/3138
f 4183/56/3106 4215/58/3138 4211/56/3134
f 4188/8/3111 4182/10/3105 4205/10/3128
f 4188/8/3111 4205/10/3128 4204/8/3127
f 4190/42/3113 4189/44/3112 4216/44/3139
f 4190/42/3113 4216/44/3139 4217/42/3140
f 4187/58/3110 4191/60/3114 4218/60/3141
f 4187/58/3110 4218/60/3141 4215/58/3138
f 4192/28/3115 4184/30/3107 4212/30/3135
f 4192/28/3115 4212/30/3135 4219/28/3142
f 4193/20/3116 4186/22/3109 4214/22/3137
f 4193/20/3116 4214/22/3137 4220/20/3143
f 4191/60/3114 4194/62/3117 4221/62/3144
f 4191/60/3114 4221/62/3144 4218/60/3141
f 4195/6/3118 4188/8/3111 4204/8/3127
f 4195/6/3118 4204/8/3127 4222/6/3145
f 4196/40/3119 4190/42/3113 4217/42/3140
f 4196/40/3119 4217/42/3140 4223/40/3146
f 4194/62/3117 4197/64/3120 4224/64/3147
f 4194/62/3117 4224/64/3147 4221/62/3144
f 4198/26/3121 4192/28/3115 4219/28/3142
f 4198/26/3121 4219/28/3142 4225/26/3148
f 4199/18/3122 4193/20/3116 4220/20/3143
f 4199/18/3122 4220/20/3143 4226/18/3149
f 4197/64/3120 4200/66/3123 4227/66/3150
f 4197/64/3120 4227/66/3150 4224/64/3147
f 4201/4/3124 4195/6/3118 4222/6/3145
f 4201/4/3124 4222/6/3145 4228/4/3151
f 4202/38/3125 4196/40/3119 4223/40/3146
f 4202/38/3125 4223/40/3146 4229/38/3152
f 4185/24/3108 4198/26/3121 4225/26/3148
f 4185/24/3108 4225/26/3148 4213/24/3136
f 4140/16/3064 4199/18/3122 4226/18/3149
f 4140/16/3064 4226/18/3149 4230/16/3153
f 4203/1/3126 4201/4/3124 4228/4/3151
f 4203/1/3126 4228/4/3151 4231/1/3154
f 4177/36/3100 4202/38/3125 4229/38/3152
f 4177/36/3100 4229/38/3152 4232/36/3155
f 4189/44/3112 4176/46/3099 4233/46/3156
f 4189/44/3112 4233/46/3156 4216/44/3139
f 4141/14/3065 4140/16/3064 4230/16/3153
f 4141/14/3065 4230/16/3153 4234/14/3157
f 4176/46/3099 4175/48/3098 4235/48/3158
f 4176/46/3099 4235/48/3158 4233/46/3156
f 4172/34/3095 4177/36/3100 4232/36/3155
f 4172/34/3095 4232/36/3155 4173/34/3096
f 4175/48/3098 4178/50/3101 4236/50/3159
f 4175/48/3098 4236/50/3159 4235/48/3158
f 4179/12/3102 4141/14/3065 4234/14/3157
f 4179/12/3102 4234/14/3157 4210/12/3133
f 4178/50/3101 4180/52/3103 4209/52/3132
f 4178/50/3101 4209/52/3132 4236/50/3159
f 4237/26/3160 4238/28/3161 4239/28/3162
f 4237/26/3160 4239/28/3162 4240/26/3163
f 4217/42/3140 4216/44/3139 4241/44/3164
f 4217/42/3140 4241/44/3164 4242/42/3165
f 4215/58/3138 4218/60/3141 4243/60/3166
f 4215/58/3138 4243/60/3166 4244/58/3167
f 4219/28/3142 4212/30/3135 4245/30/3168
f 4219/28/3142 4245/30/3168 4238/28/3161
f 4220/20/3143 4214/22/3137 4246/22/3169
f 4220/20/3143 4246/22/3169 4247/20/3170
f 4218/60/3141 4221/62/3144 4248/62/3171
f 4218/60/3141 4248/62/3171 4243/60/3166
f 4222/6/3145 4204/8/3127 4207/8/3130
f 4222/6/3145 4207/8/3130 4249/6/3172
f 4223/40/3146 4217/42/3140 4242/42/3165
f 4223/40/3146 4242/42/3165 4250/40/3173
f 4221/62/3144 4224/64/3147 4251/64/3174
f 4221/62/3144 4251/64/3174 4248/62/3171
f 4225/26/3148 4219/28/3142 4238/28/3161
f 4225/26/3148 4238/28/3161 4237/26/3160
f 4226/18/3149 4220/20/3143 4247/20/3170
f 4226/18/3149 4247/20/3170 4252/18/3175
f 4224/64/3147 4227/66/3150 4253/66/3176
f 4224/64/3147 4253/66/3176 4251/64/3174
f 4228/4/3151 4222/6/3145 4249/6/3172
f 4228/4/3151 4249/6/3172 4254/4/3177
f 4229/38/3152 4223/40/3146 4250/40/3173
f 4229/38/3152 4250/40/3173 4255/38/3178
f 4213/24/3136 4225/26/3148 4237/26/3160
f 4213/24/3136 4237/26/3160 4256/24/3179
f 4230/16/3153 4226/18/3149 4252/18/3175
f 4230/16/3153 4252/18/3175 4257/16/3180
f 4231/1/3154 4228/4/3151 4254/4/3177
f 4231/1/3154 4254/4/3177 4258/1/3181
f 4232/36/3155 4229/38/3152 4255/38/3178
f 4232/36/3155 4255/38/3178 4259/36/3182
f 4216/44/3139 4233/46/3156 4260/46/3183
f 4216/44/3139 4260/46/3183 4241/44/3164
f 4234/14/3157 4230/16/3153 4257/16/3180
f 4234/14/3157 4257/16/3180 4261/14/3184
f 4233/46/3156 4235/48/3158 4262/48/3185
f 4233/46/3156 4262/48/3185 4260/46/3183
f 4173/34/3096 4232/36/3155 4259/36/3182
f 4173/34/3096 4259/36/3182 4263/34/3186
f 4235/48/3158 4236/50/3159 4264/50/3187
f 4235/48/3158 4264/50/3187 4262/48/3185
f 4210/12/3133 4234/14/3157 4261/14/3184
f 4210/12/3133 4261/14/3184 4265/12/3188
f 4236/50/3159 4209/52/3132 4266/52/3189
f 4236/50/3159 4266/52/3189 4264/50/3187
f 4174/32/3097 4173/34/3096 4263/34/3186
f 4174/32/3097 4263/34/3186 4267/32/3190
f 4209/52/3132 4208/54/3131 4268/54/3191
f 4209/52/3132 4268/54/3191 4266/52/3189
f 4205/10/3128 4210/12/3133 4265/12/3188
f 4205/10/3128 4265/12/3188 4206/10/3129
f 4208/54/3131 4211/56/3134 4269/56/3192
f 4208/54/3131 4269/56/3192 4268/54/3191
f 4212/30/3135 4174/32/3097 4267/32/3190
f 4212/30/3135 4267/32/3190 4245/30/3168
f 4214/22/3137 4213/24/3136 4256/24/3179
f 4214/22/3137 4256/24/3179 4246/22/3169
f 4211/56/3134 4215/58/3138 4244/58/3167
f 4211/56/3134 4244/58/3167 4269/56/3192
f 4270/1/3193 4271/4/3194 4272/4/3195
f 4270/1/3193 4272/4/3195 4273/1/986
f 4252/18/3175 4247/20/3170 4274/20/3196
f 4252/18/3175 4274/20/3196 4275/18/3197
f 4251/64/3174 4253/66/3176 4276/66/3198
f 4251/64/3174 4276/66/3198 4277/64/3199
f 4254/4/3177 4249/6/3172 4278/6/3200
f 4254/4/3177 4278/6/3200 4271/4/3194
f 4255/38/3178 4250/40/3173 4279/40/3201
f 4255/38/3178 4279/40/3201 4280/38/3202
f 4256/24/3179 4237/26/3160 4240/26/3163
f 4256/24/3179 4240/26/3163 4281/24/3203
f 4257/16/3180 4252/18/3175 4275/18/3197
f 4257/16/3180 4275/18/3197 4282/16/3204
f 4258/1/3181 4254/4/3177 4271/4/3194
f 4258/1/3181 4271/4/3194 4270/1/3193
f 4259/36/3182 4255/38/3178 4280/38/3202
f 4259/36/3182 4280/38/3202 4283/36/3205
f 4241/44/3164 4260/46/3183 4284/46/3206
f 4241/44/3164 4284/46/3206 4285/44/3207
f 4261/14/3184 4257/16/3180 4282/16/3204
f 4261/14/3184 4282/16/3204 4286/14/3208
f 4260/46/3183 4262/48/3185 4287/48/3209
f 4260/46/3183 4287/48/3209 4284/46/3206
f 4263/34/3186 4259/36/3182 4283/36/3205
f 4263/34/3186 4283/36/3205 4288/34/3210
f 4262/48/3185 4264/50/3187 4289/50/3211
f 4262/48/3185 4289/50/3211 4287/48/3209
f 4265/12/3188 4261/14/3184 4286/14/3208
f 4265/12/3188 4286/14/3208 4290/12/3212
f 4264/50/3187 4266/52/3189 4291/52/3213
f 4264/50/3187 4291/52/3213 4289/50/3211
f 4267/32/3190 4263/34/3186 4288/34/3210
f 4267/32/3190 4288/34/3210 4292/32/3214
f 4266/52/3189 4268/54/3191 4293/54/3215
f 4266/52/3189 4293/54/3215 4291/52/3213
f 4206/10/3129 4265/12/3188 4290/12/3212
f 4206/10/3129 4290/12/3212 4294/10/3216
f 4268/54/3191 4269/56/3192 4295/56/3217
f 4268/54/3191 4295/56/3217 4293/54/3215
f 4245/30/3168 4267/32/3190 4292/32/3214
f 4245/30/3168 4292/32/3214 4296/30/3218
f 4246/22/3169 4256/24/3179 4281/24/3203
f 4246/22/3169 4281/24/3203 4297/22/3219
f 4269/56/3192 4244/58/3167 4298/58/3220
f 4269/56/3192 4298/58/3220 4295/56/3217
f 4207/8/3130 4206/10/3129 4294/10/3216
f 4207/8/3130 4294/10/3216 4299/8/3221
f 4242/42/3165 4241/44/3164 4285/44/3207
f 4242/42/3165 4285/44/3207 4300/42/3222
f 4244/58/3167 4243/60/3166 4301/60/3223
f 4244/58/3167 4301/60/3223 4298/58/3220
f 4238/28/3161 4245/30/3168 4296/30/3218
f 4238/28/3161 4296/30/3218 4239/28/3162
f 4247/20/3170 4246/22/3169 4297/22/3219
f 4247/20/3170 4297/22/3219 4274/20/3196
f 4243/60/3166 4248/62/3171 4302/62/3224
f 4243/60/3166 4302/62/3224 4301/60/3223
f 4249/6/3172 4207/8/3130 4299/8/3221
f 4249/6/3172 4299/8/3221 4278/6/3200
f 4250/40/3173 4242/42/3165 4300/42/3222
f 4250/40/3173 4300/42/3222 4279/40/3201
f 4248/62/3171 4251/64/3174 4277/64/3199
f 4248/62/3171 4277/64/3199 4302/62/3224
f 4303/48/3225 4304/50/3226 4305/50/3227
f 4303/48/3225 4305/50/3227 4306/48/3228
f 4283/36/3205 4280/38/3202 4307/38/3229
f 4283/36/3205 4307/38/3229 4308/36/3230
f 4285/44/3207 4284/46/3206 4309/46/3231
f 4285/44/3207 4309/46/3231 4310/44/3232
f 4286/14/3208 4282/16/3204 4311/16/3233
f 4286/14/3208 4311/16/3233 4312/14/3234
f 4284/46/3206 4287/48/3209 4303/48/3225
f 4284/46/3206 4303/48/3225 4309/46/3231
f 4288/34/3210 4283/36/3205 4308/36/3230
f 4288/34/3210 4308/36/3230 4313/34/3235
f 4287/48/3209 4289/50/3211 4304/50/3226
f 4287/48/3209 4304/50/3226 4303/48/3225
f 4290/12/3212 4286/14/3208 4312/14/3234
f 4290/12/3212 4312/14/3234 4314/12/3236
f 4289/50/3211 4291/52/3213 4315/52/3237
f 4289/50/3211 4315/52/3237 4304/50/3226
f 4292/32/3214 4288/34/3210 4313/34/3235
f 4292/32/3214 4313/34/3235 4316/32/3238
f 4291/52/3213 4293/54/3215 4317/54/3239
f 4291/52/3213 4317/54/3239 4315/52/3237
f 4294/10/3216 4290/12/3212 4314/12/3236
f 4294/10/3216 4314/12/3236 4318/10/3240
f 4293/54/3215 4295/56/3217 4319/56/3241
f 4293/54/3215 4319/56/3241 4317/54/3239
f 4296/30/3218 4292/32/3214 4316/32/3238
f 4296/30/3218 4316/32/3238 4320/30/3242
f 4297/22/3219 4281/24/3203 4321/24/3243
f 4297/22/3219 4321/24/3243 4322/22/3244
f 4295/56/3217 4298/58/3220 4323/58/3245
f 4295/56/3217 4323/58/3245 4319/56/3241
f 4299/8/3221 4294/10/3216 4318/10/3240
f 4299/8/3221 4318/10/3240 4324/8/3246
f 4300/42/3222 4285/44/3207 4310/44/3232
f 4300/42/3222 4310/44/3232 4325/42/3247
f 4298/58/3220 4301/60/3223 4326/60/3248
f 4298/58/3220 4326/60/3248 4323/58/3245
f 4239/28/3162 4296/30/3218 4320/30/3242
f 4239/28/3162 4320/30/3242 4327/28/3249
f 4274/20/3196 4297/22/3219 4322/22/3244
f 4274/20/3196 4322/22/3244 4328/20/3250
f 4301/60/3223 4302/62/3224 4329/62/3251
f 4301/60/3223 4329/62/3251 4326/60/3248
f 4278/6/3200 4299/8/3221 4324/8/3246
f 4278/6/3200 4324/8/3246 4330/6/3252
f 4279/40/3201 4300/42/3222 4325/42/3247
f 4279/40/3201 4325/42/3247 4331/40/3253
f 4302/62/3224 4277/64/3199 4332/64/3254
f 4302/62/3224 4332/64/3254 4329/62/3251
f 4240/26/3163 4239/28/3162 4327/28/3249
f 4240/26/3163 4327/28/3249 4333/26/3255
f 4275/18/3197 4274/20/3196 4328/20/3250
f 4275/18/3197 4328/20/3250 4334/18/3256
f 4277/64/3199 4276/66/3198 4335/66/3257
f 4277/64/3199 4335/66/3257 4332/64/3254
f 4271/4/3194 4278/6/3200 4330/6/3252
f 4271/4/3194 4330/6/3252 4272/4/3195
f 4280/38/3202 4279/40/3201 4331/40/3253
f 4280/38/3202 4331/40/3253 4307/38/3229
f 4281/24/3203 4240/26/3163 4333/26/3255
f 4281/24/3203 4333/26/3255 4321/24/3243
f 4282/16/3204 4275/18/3197 4334/18/3256
f 4282/16/3204 4334/18/3256 4311/16/3233
f 4336/19/3258 4337/17/3259 4338/18/3260
f 4336/19/3258 4338/18/3260 4339/20/3261
f 4314/12/3236 4312/14/3234 4340/14/3262
f 4314/12/3236 4340/14/3262 4341/12/3263
f 4304/50/3226 4315/52/3237 4342/52/3264
f 4304/50/3226 4342/52/3264 4305/50/3227
f 4316/32/3238 4313/34/3235 4343/34/3265
f 4316/32/3238 4343/34/3265 4344/32/3266
f 4315/52/3237 4317/54/3239 4345/54/3267
f 4315/52/3237 4345/54/3267 4342/52/3264
f 4318/10/3240 4314/12/3236 4341/12/3263
f 4318/10/3240 4341/12/3263 4346/10/3268
f 4317/54/3239 4319/56/3241 4347/56/3269
f 4317/54/3239 4347/56/3269 4345/54/3267
f 4320/30/3242 4316/32/3238 4344/32/3266
f 4320/30/3242 4344/32/3266 4348/30/3270
f 4322/22/3244 4321/24/3243 4349/24/3271
f 4322/22/3244 4349/24/3271 4350/22/3272
f 4319/56/3241 4323/58/3245 4351/58/3273
f 4319/56/3241 4351/58/3273 4347/56/3269
f 4324/8/3246 4318/10/3240 4346/10/3268
f 4324/8/3246 4346/10/3268 4352/8/3274
f 4325/42/3247 4310/44/3232 4353/44/3275
f 4325/42/3247 4353/44/3275 4354/42/3276
f 4323/58/3245 4326/60/3248 4355/60/3277
f 4323/58/3245 4355/60/3277 4351/58/3273
f 4327/28/3249 4320/30/3242 4348/30/3270
f 4327/28/3249 4348/30/3270 4356/28/3278
f 4328/20/3250 4322/22/3244 4350/22/3272
f 4328/20/3250 4350/22/3272 4339/20/3261
f 4326/60/3248 4329/62/3251 4357/62/3279
f 4326/60/3248 4357/62/3279 4355/60/3277
f 4330/6/3252 4324/8/3246 4352/8/3274
f 4330/6/3252 4352/8/3274 4358/6/3280
f 4331/40/3253 4325/42/3247 4354/42/3276
f 4331/40/3253 4354/42/3276 4359/40/3281
f 4329/62/3251 4332/64/3254 4360/64/3282
f 4329/62/3251 4360/64/3282 4357/62/3279
f 4333/26/3255 4327/28/3249 4356/28/3278
f 4333/26/3255 4356/28/3278 4361/26/3283
f 4334/18/3256 4328/20/3250 4339/20/3261
f 4334/18/3256 4339/20/3261 4338/18/3260
f 4332/64/3254 4335/66/3257 4362/66/3284
f 4332/64/3254 4362/66/3284 4360/64/3282
f 4272/4/3195 4330/6/3252 4358/6/3280
f 4272/4/3195 4358/6/3280 4363/4/3285
f 4307/38/3229 4331/40/3253 4359/40/3281
f 4307/38/3229 4359/40/3281 4364/38/3286
f 4321/24/3243 4333/26/3255 4361/26/3283
f 4321/24/3243 4361/26/3283 4349/24/3271
f 4311/16/3233 4334/18/3256 4338/18/3260
f 4311/16/3233 4338/18/3260 4365/16/3287
f 4273/1/986 4272/4/3195 4363/4/3285
f 4273/1/986 4363/4/3285 4366/1/3288
f 4308/36/3230 4307/38/3229 4364/38/3286
f 4308/36/3230 4364/38/3286 4367/36/3289
f 4310/44/3232 4309/46/3231 4368/46/3290
f 4310/44/3232 4368/46/3290 4353/44/3275
f 4312/14/3234 4311/16/3233 4365/16/3287
f 4312/14/3234 4365/16/3287 4340/14/3262
f 4309/46/3231 4303/48/3225 4306/48/3228
f 4309/46/3231 4306/48/3228 4368/46/3290
f 4313/34/3235 4308/36/3230 4367/36/3289
f 4313/34/3235 4367/36/3289 4343/34/3265
f 4369/61/3291 4370/59/3292 4371/59/3293
f 4369/61/3291 4371/59/3293 4372/61/3294
f 1301/31/16 1299/29/15 4373/29/3295
f 1301/31/16 4373/29/3295 4374/31/3296
f 1315/45/23 1313/43/22 4375/43/3297
f 1315/45/23 4375/43/3297 4376/45/3298
f 1338/63/32 1331/61/31 4369/61/3291
f 1338/63/32 4369/61/3291 4377/63/3299
f 1305/35/18 1303/33/17 4378/33/3300
f 1305/35/18 4378/33/3300 4379/35/3301
f 1336/5/3 1342/3/2 4380/3/3302
f 1336/5/3 4380/3/3302 4381/5/3303
f 1325/55/28 1323/53/27 4382/53/3304
f 1325/55/28 4382/53/3304 4383/55/3305
f 1309/39/20 1307/37/19 4384/37/3306
f 1309/39/20 4384/37/3306 4385/39/3307
f 1277/9/5 1276/7/4 4386/7/3308
f 1277/9/5 4386/7/3308 4387/9/3309
f 1317/47/24 1315/45/23 4376/45/3298
f 1317/47/24 4376/45/3298 4388/47/3310
f 1313/43/22 1311/41/21 4389/41/3311
f 1313/43/22 4389/41/3311 4375/43/3297
f 1339/65/33 1338/63/32 4377/63/3299
f 1339/65/33 4377/63/3299 4390/65/3312
f 1285/13/7 1284/11/6 4391/11/3313
f 1285/13/7 4391/11/3313 4392/13/3314
f 1295/25/13 1293/23/12 4393/23/3315
f 1295/25/13 4393/23/3315 4394/25/3316
f 1327/57/29 1325/55/28 4383/55/3305
f 1327/57/29 4383/55/3305 4395/57/3317
f 1288/17/9 1287/15/8 4396/15/3318
f 1288/17/9 4396/15/3318 1333/17/886
f 1299/29/15 1297/27/14 4397/27/3319
f 1299/29/15 4397/27/3319 4373/29/3295
f 1319/49/25 1317/47/24 4388/47/3310
f 1319/49/25 4388/47/3310 4398/49/3320
f 1291/21/11 1289/19/10 1334/19/887
f 1291/21/11 1334/19/887 4399/21/3321
f 1303/33/17 1301/31/16 4374/31/3296
f 1303/33/17 4374/31/3296 4378/33/3300
f 1329/59/30 1327/57/29 4395/57/3317
f 1329/59/30 4395/57/3317 4370/59/3292
f 1307/37/19 1305/35/18 4379/35/3301
f 1307/37/19 4379/35/3301 4384/37/3306
f 1276/7/4 1336/5/3 4381/5/3303
f 1276/7/4 4381/5/3303 4386/7/3308
f 1321/51/26 1319/49/25 4398/49/3320
f 1321/51/26 4398/49/3320 4400/51/3322
f 1342/3/2 1344/2/1 4401/2/3323
f 1342/3/2 4401/2/3323 4380/3/3302
f 1311/41/21 1309/39/20 4385/39/3307
f 1311/41/21 4385/39/3307 4389/41/3311
f 1284/11/6 1277/9/5 4387/9/3309
f 1284/11/6 4387/9/3309 4391/11/3313
f 1293/23/12 1291/21/11 4399/21/3321
f 1293/23/12 4399/21/3321 4393/23/3315
f 1331/61/31 1329/59/30 4370/59/3292
f 1331/61/31 4370/59/3292 4369/61/3291
f 1287/15/8 1285/13/7 4392/13/3314
f 1287/15/8 4392/13/3314 4396/15/3318
f 1297/27/14 1295/25/13 4394/25/3316
f 1297/27/14 4394/25/3316 4397/27/3319
f 1323/53/27 1321/51/26 4400/51/3322
f 1323/53/27 4400/51/3322 4382/53/3304
f 4402/3/3324 4403/2/3325 4404/2/3326
f 4402/3/3324 4404/2/3326 4405/3/3327
f 4397/27/3319 4394/25/3316 4406/25/3328
f 4397/27/3319 4406/25/3328 4407/27/3329
f 1334/19/887 1333/17/886 4408/17/3330
f 1334/19/887 4408/17/3330 4409/19/3331
f 4377/63/3299 4369/61/3291 4372/61/3294
f 4377/63/3299 4372/61/3294 4410/63/3332
f 4381/5/3303 4380/3/3302 4402/3/3324
f 4381/5/3303 4402/3/3324 4411/5/3333
f 4385/39/3307 4384/37/3306 4412/37/3334
f 4385/39/3307 4412/37/3334 4413/39/3335
f 4390/65/3312 4377/63/3299 4410/63/3332
f 4390/65/3312 4410/63/3332 4414/65/3336
f 4394/25/3316 4393/23/3315 4415/23/3337
f 4394/25/3316 4415/23/3337 4406/25/3328
f 1333/17/886 4396/15/3318 4416/15/3338
f 1333/17/886 4416/15/3338 4408/17/3330
f 4380/3/3302 4401/2/3323 4403/2/3325
f 4380/3/3302 4403/2/3325 4402/3/3324
f 4384/37/3306 4379/35/3301 4417/35/3339
f 4384/37/3306 4417/35/3339 4412/37/3334
f 4393/23/3315 4399/21/3321 4418/21/3340
f 4393/23/3315 4418/21/3340 4415/23/3337
f 4396/15/3318 4392/13/3314 4419/13/3341
f 4396/15/3318 4419/13/3341 4416/15/3338
f 4376/45/3298 4375/43/3297 4420/43/3342
f 4376/45/3298 4420/43/3342 4421/45/3343
f 4379/35/3301 4378/33/3300 4422/33/3344
f 4379/35/3301 4422/33/3344 4417/35/3339
f 4388/47/3310 4376/45/3298 4421/45/3343
f 4388/47/3310 4421/45/3343 4423/47/3345
f 4392/13/3314 4391/11/3313 4424/11/3346
f 4392/13/3314 4424/11/3346 4419/13/3341
f 4398/49/3320 4388/47/3310 4423/47/3345
f 4398/49/3320 4423/47/3345 4425/49/3347
f 4378/33/3300 4374/31/3296 4426/31/3348
f 4378/33/3300 4426/31/3348 4422/33/3344
f 4400/51/3322 4398/49/3320 4425/49/3347
f 4400/51/3322 4425/49/3347 4427/51/3349
f 4391/11/3313 4387/9/3309 4428/9/3350
f 4391/11/3313 4428/9/3350 4424/11/3346
f 4382/53/3304 4400/51/3322 4427/51/3349
f 4382/53/3304 4427/51/3349 4429/53/3351
f 4374/31/3296 4373/29/3295 4430/29/3352
f 4374/31/3296 4430/29/3352 4426/31/3348
f 4383/55/3305 4382/53/3304 4429/53/3351
f 4383/55/3305 4429/53/3351 4431/55/3353
f 4387/9/3309 4386/7/3308 4432/7/3354
f 4387/9/3309 4432/7/3354 4428/9/3350
f 4375/43/3297 4389/41/3311 4433/41/3355
f 4375/43/3297 4433/41/3355 4420/43/3342
f 4395/57/3317 4383/55/3305 4431/55/3353
f 4395/57/3317 4431/55/3353 4434/57/3356
f 4373/29/3295 4397/27/3319 4407/27/3329
f 4373/29/3295 4407/27/3329 4430/29/3352
f 4399/21/3321 1334/19/887 4409/19/3331
f 4399/21/3321 4409/19/3331 4418/21/3340
f 4370/59/3292 4395/57/3317 4434/57/3356
f 4370/59/3292 4434/57/3356 4371/59/3293
f 4386/7/3308 4381/5/3303 4411/5/3333
f 4386/7/3308 4411/5/3333 4432/7/3354
f 4389/41/3311 4385/39/3307 4413/39/3335
f 4389/41/3311 4413/39/3335 4433/41/3355
f 4435/47/3357 4436/45/3358 4437/45/3359
f 4435/47/3357 4437/45/3359 4438/47/3360
f 4412/37/3334 4417/35/3339 4439/35/3361
f 4412/37/3334 4439/35/3361 4440/37/3362
f 4415/23/3337 4418/21/3340 4441/21/3363
f 4415/23/3337 4441/21/3363 4442/23/3364
f 4416/15/3338 4419/13/3341 4443/13/3365
f 4416/15/3338 4443/13/3365 4444/15/3366
f 4421/45/3343 4420/43/3342 4445/43/3367
f 4421/45/3343 4445/43/3367 4436/45/3358
f 4417/35/3339 4422/33/3344 4446/33/3368
f 4417/35/3339 4446/33/3368 4439/35/3361
f 4423/47/3345 4421/45/3343 4436/45/3358
f 4423/47/3345 4436/45/3358 4435/47/3357
f 4419/13/3341 4424/11/3346 4447/11/3369
f 4419/13/3341 4447/11/3369 4443/13/3365
f 4425/49/3347 4423/47/3345 4435/47/3357
f 4425/49/3347 4435/47/3357 4448/49/3370
f 4422/33/3344 4426/31/3348 4449/31/3371
f 4422/33/3344 4449/31/3371 4446/33/3368
f 4427/51/3349 4425/49/3347 4448/49/3370
f 4427/51/3349 4448/49/3370 4450/51/3372
f 4424/11/3346 4428/9/3350 4451/9/3373
f 4424/11/3346 4451/9/3373 4447/11/3369
f 4429/53/3351 4427/51/3349 4450/51/3372
f 4429/53/3351 4450/51/3372 4452/53/3374
f 4426/31/3348 4430/29/3352 4453/29/3375
f 4426/31/3348 4453/29/3375 4449/31/3371
f 4431/55/3353 4429/53/3351 4452/53/3374
f 4431/55/3353 4452/53/3374 4454/55/3376
f 4428/9/3350 4432/7/3354 4455/7/3377
f 4428/9/3350 4455/7/3377 4451/9/3373
f 4420/43/3342 4433/41/3355 4456/41/3378
f 4420/43/3342 4456/41/3378 4445/43/3367
f 4434/57/3356 4431/55/3353 4454/55/3376
f 4434/57/3356 4454/55/3376 4457/57/3379
f 4430/29/3352 4407/27/3329 4458/27/3380
f 4430/29/3352 4458/27/3380 4453/29/3375
f 4418/21/3340 4409/19/3331 4459/19/3381
f 4418/21/3340 4459/19/3381 4441/21/3363
f 4371/59/3293 4434/57/3356 4457/57/3379
f 4371/59/3293 4457/57/3379 4460/59/3382
f 4432/7/3354 4411/5/3333 4461/5/3383
f 4432/7/3354 4461/5/3383 4455/7/3377
f 4433/41/3355 4413/39/3335 4462/39/3384
f 4433/41/3355 4462/39/3384 4456/41/3378
f 4372/61/3294 4371/59/3293 4460/59/3382
f 4372/61/3294 4460/59/3382 4463/61/3385
f 4407/27/3329 4406/25/3328 4464/25/3386
f 4407/27/3329 4464/25/3386 4458/27/3380
f 4409/19/3331 4408/17/3330 4465/17/3387
f 4409/19/3331 4465/17/3387 4459/19/3381
f 4410/63/3332 4372/61/3294 4463/61/3385
f 4410/63/3332 4463/61/3385 4466/63/3388
f 4411/5/3333 4402/3/3324 4405/3/3327
f 4411/5/3333 4405/3/3327 4461/5/3383
f 4413/39/3335 4412/37/3334 4440/37/3362
f 4413/39/3335 4440/37/3362 4462/39/3384
f 4414/65/3336 4410/63/3332 4466/63/3388
f 4414/65/3336 4466/63/3388 4467/65/3389
f 4406/25/3328 4415/23/3337 4442/23/3364
f 4406/25/3328 4442/23/3364 4464/25/3386
f 4408/17/3330 4416/15/3338 4444/15/3366
f 4408/17/3330 4444/15/3366 4465/17/3387
f 4468/53/3390 4469/51/3391 4470/51/3392
f 4468/53/3390 4470/51/3392 4471/53/3393
f 4443/13/3365 4447/11/3369 4472/11/3394
f 4443/13/3365 4472/11/3394 4473/13/3395
f 4448/49/3370 4435/47/3357 4438/47/3360
f 4448/49/3370 4438/47/3360 4474/49/3396
f 4446/33/3368 4449/31/3371 4475/31/3397
f 4446/33/3368 4475/31/3397 4476/33/3398
f 4450/51/3372 4448/49/3370 4474/49/3396
f 4450/51/3372 4474/49/3396 4469/51/3391
f 4447/11/3369 4451/9/3373 4477/9/3399
f 4447/11/3369 4477/9/3399 4472/11/3394
f 4452/53/3374 4450/51/3372 4469/51/3391
f 4452/53/3374 4469/51/3391 4468/53/3390
f 4449/31/3371 4453/29/3375 4478/29/3400
f 4449/31/3371 4478/29/3400 4475/31/3397
f 4454/55/3376 4452/53/3374 4468/53/3390
f 4454/55/3376 4468/53/3390 4479/55/3401
f 4451/9/3373 4455/7/3377 4480/7/3402
f 4451/9/3373 4480/7/3402 4477/9/3399
f 4445/43/3367 4456/41/3378 4481/41/3403
f 4445/43/3367 4481/41/3403 4482/43/3404
f 4457/57/3379 4454/55/3376 4479/55/3401
f 4457/57/3379 4479/55/3401 4483/57/3405
f 4453/29/3375 4458/27/3380 4484/27/3406
f 4453/29/3375 4484/27/3406 4478/29/3400
f 4441/21/3363 4459/19/3381 4485/19/3407
f 4441/21/3363 4485/19/3407 4486/21/3408
f 4460/59/3382 4457/57/3379 4483/57/3405
f 4460/59/3382 4483/57/3405 4487/59/3409
f 4455/7/3377 4461/5/3383 4488/5/3410
f 4455/7/3377 4488/5/3410 4480/7/3402
f 4456/41/3378 4462/39/3384 4489/39/3411
f 4456/41/3378 4489/39/3411 4481/41/3403
f 4463/61/3385 4460/59/3382 4487/59/3409
f 4463/61/3385 4487/59/3409 4490/61/3412
f 4458/27/3380 4464/25/3386 4491/25/3413
f 4458/27/3380 4491/25/3413 4484/27/3406
f 4459/19/3381 4465/17/3387 4492/17/3414
f 4459/19/3381 4492/17/3414 4485/19/3407
f 4466/63/3388 4463/61/3385 4490/61/3412
f 4466/63/3388 4490/61/3412 4493/63/3415
f 4461/5/3383 4405/3/3327 4494/3/3416
f 4461/5/3383 4494/3/3416 4488/5/3410
f 4462/39/3384 4440/37/3362 4495/37/3417
f 4462/39/3384 4495/37/3417 4489/39/3411
f 4467/65/3389 4466/63/3388 4493/63/3415
f 4467/65/3389 4493/63/3415 4496/65/3418
f 4464/25/3386 4442/23/3364 4497/23/3419
f 4464/25/3386 4497/23/3419 4491/25/3413
f 4465/17/3387 4444/15/3366 4498/15/3420
f 4465/17/3387 4498/15/3420 4492/17/3414
f 4405/3/3327 4404/2/3326 4499/2/3421
f 4405/3/3327 4499/2/3421 4494/3/3416
f 4440/37/3362 4439/35/3361 4500/35/3422
f 4440/37/3362 4500/35/3422 4495/37/3417
f 4442/23/3364 4441/21/3363 4486/21/3408
f 4442/23/3364 4486/21/3408 4497/23/3419
f 4444/15/3366 4443/13/3365 4473/13/3395
f 4444/15/3366 4473/13/3395 4498/15/3420
f 4436/45/3358 4445/43/3367 4482/43/3404
f 4436/45/3358 4482/43/3404 4437/45/3359
f 4439/35/3361 4446/33/3368 4476/33/3398
f 4439/35/3361 4476/33/3398 4500/35/3422
f 4501/13/3423 4502/11/3424 4503/11/3425
f 4501/13/3423 4503/11/3425 4504/13/3426
f 4475/31/3397 4478/29/3400 4505/29/3427
f 4475/31/3397 4505/29/3427 4506/31/3428
f 4479/55/3401 4468/53/3390 4471/53/3393
f 4479/55/3401 4471/53/3393 4507/55/3429
f 4477/9/3399 4480/7/3402 4508/7/3430
f 4477/9/3399 4508/7/3430 4509/9/3431
f 4482/43/3404 4481/41/3403 4510/41/3432
f 4482/43/3404 4510/41/3432 4511/43/3433
f 4483/57/3405 4479/55/3401 4507/55/3429
f 4483/57/3405 4507/55/3429 4512/57/3434
f 4478/29/3400 4484/27/3406 4513/27/3435
f 4478/29/3400 4513/27/3435 4505/29/3427
f 4486/21/3408 4485/19/3407 4514/19/3436
f 4486/21/3408 4514/19/3436 4515/21/3437
f 4487/59/3409 4483/57/3405 4512/57/3434
f 4487/59/3409 4512/57/3434 4516/59/3438
f 4480/7/3402 4488/5/3410 4517/5/3439
f 4480/7/3402 4517/5/3439 4508/7/3430
f 4481/41/3403 4489/39/3411 4518/39/3440
f 4481/41/3403 4518/39/3440 4510/41/3432
f 4490/61/3412 4487/59/3409 4516/59/3438
f 4490/61/3412 4516/59/3438 4519/61/3441
f 4484/27/3406 4491/25/3413 4520/25/3442
f 4484/27/3406 4520/25/3442 4513/27/3435
f 4485/19/3407 4492/17/3414 4521/17/3443
f 4485/19/3407 4521/17/3443 4514/19/3436
f 4493/63/3415 4490/61/3412 4519/61/3441
f 4493/63/3415 4519/61/3441 4522/63/3444
f 4488/5/3410 4494/3/3416 4523/3/3445
f 4488/5/3410 4523/3/3445 4517/5/3439
f 4489/39/3411 4495/37/3417 4524/37/3446
f 4489/39/3411 4524/37/3446 4518/39/3440
f 4496/65/3418 4493/63/3415 4522/63/3444
f 4496/65/3418 4522/63/3444 4525/65/3447
f 4491/25/3413 4497/23/3419 4526/23/3448
f 4491/25/3413 4526/23/3448 4520/25/3442
f 4492/17/3414 4498/15/3420 4527/15/3449
f 4492/17/3414 4527/15/3449 4521/17/3443
f 4494/3/3416 4499/2/3421 4528/2/3450
f 4494/3/3416 4528/2/3450 4523/3/3445
f 4495/37/3417 4500/35/3422 4529/35/3451
f 4495/37/3417 4529/35/3451 4524/37/3446
f 4497/23/3419 4486/21/3408 4515/21/3437
f 4497/23/3419 4515/21/3437 4526/23/3448
f 4498/15/3420 4473/13/3395 4501/13/3423
f 4498/15/3420 4501/13/3423 4527/15/3449
f 4437/45/3359 4482/43/3404 4511/43/3433
f 4437/45/3359 4511/43/3433 4530/45/3452
f 4500/35/3422 4476/33/3398 4531/33/3453
f 4500/35/3422 4531/33/3453 4529/35/3451
f 4438/47/3360 4437/45/3359 4530/45/3452
f 4438/47/3360 4530/45/3452 4532/47/3454
f 4473/13/3395 4472/11/3394 4502/11/3424
f 4473/13/3395 4502/11/3424 4501/13/3423
f 4474/49/3396 4438/47/3360 4532/47/3454
f 4474/49/3396 4532/47/3454 4533/49/3455
f 4476/33/3398 4475/31/3397 4506/31/3428
f 4476/33/3398 4506/31/3428 4531/33/3453
f 4469/51/3391 4474/49/3396 4533/49/3455
f 4469/51/3391 4533/49/3455 4470/51/3392
f 4472/11/3394 4477/9/3399 4509/9/3431
f 4472/11/3394 4509/9/3431 4502/11/3424
f 4534/31/3456 4535/29/3457 4536/29/3458
f 4534/31/3456 4536/29/3458 4537/31/3459
f 4533/49/3455 4532/47/3454 4538/47/3460
f 4533/49/3455 4538/47/3460 4539/49/3461
f 4531/33/3453 4506/31/3428 4534/31/3456
f 4531/33/3453 4534/31/3456 4540/33/3462
f 4470/51/3392 4533/49/3455 4539/49/3461
f 4470/51/3392 4539/49/3461 4541/51/3463
f 4502/11/3424 4509/9/3431 4542/9/3464
f 4502/11/3424 4542/9/3464 4503/11/3425
f 4471/53/3393 4470/51/3392 4541/51/3463
f 4471/53/3393 4541/51/3463 4543/53/3465
f 4506/31/3428 4505/29/3427 4535/29/3457
f 4506/31/3428 4535/29/3457 4534/31/3456
f 4507/55/3429 4471/53/3393 4543/53/3465
f 4507/55/3429 4543/53/3465 4544/55/3466
f 4509/9/3431 4508/7/3430 4545/7/3467
f 4509/9/3431 4545/7/3467 4542/9/3464
f 4511/43/3433 4510/41/3432 4546/41/3468
f 4511/43/3433 4546/41/3468 4547/43/3469
f 4512/57/3434 4507/55/3429 4544/55/3466
f 4512/57/3434 4544/55/3466 4548/57/3470
f 4505/29/3427 4513/27/3435 4549/27/3471
f 4505/29/3427 4549/27/3471 4535/29/3457
f 4515/21/3437 4514/19/3436 4550/19/3472
f 4515/21/3437 4550/19/3472 4551/21/3473
f 4516/59/3438 4512/57/3434 4548/57/3470
f 4516/59/3438 4548/57/3470 4552/59/3474
f 4508/7/3430 4517/5/3439 4553/5/3475
f 4508/7/3430 4553/5/3475 4545/7/3467
f 4510/41/3432 4518/39/3440 4554/39/3476
f 4510/41/3432 4554/39/3476 4546/41/3468
f 4519/61/3441 4516/59/3438 4552/59/3474
f 4519/61/3441 4552/59/3474 4555/61/3477
f 4513/27/3435 4520/25/3442 4556/25/3478
f 4513/27/3435 4556/25/3478 4549/27/3471
f 4514/19/3436 4521/17/3443 4557/17/3479
f 4514/19/3436 4557/17/3479 4550/19/3472
f 4522/63/3444 4519/61/3441 4555/61/3477
f 4522/63/3444 4555/61/3477 4558/63/3480
f 4517/5/3439 4523/3/3445 4559/3/3481
f 4517/5/3439 4559/3/3481 4553/5/3475
f 4518/39/3440 4524/37/3446 4560/37/3482
f 4518/39/3440 4560/37/3482 4554/39/3476
f 4525/65/3447 4522/63/3444 4558/63/3480
f 4525/65/3447 4558/63/3480 4561/65/3483
f 4520/25/3442 4526/23/3448 4562/23/3484
f 4520/25/3442 4562/23/3484 4556/25/3478
f 4521/17/3443 4527/15/3449 4563/15/3485
f 4521/17/3443 4563/15/3485 4557/17/3479
f 4523/3/3445 4528/2/3450 4564/2/3486
f 4523/3/3445 4564/2/3486 4559/3/3481
f 4524/37/3446 4529/35/3451 4565/35/3487
f 4524/37/3446 4565/35/3487 4560/37/3482
f 4526/23/3448 4515/21/3437 4551/21/3473
f 4526/23/3448 4551/21/3473 4562/23/3484
f 4527/15/3449 4501/13/3423 4504/13/3426
f 4527/15/3449 4504/13/3426 4563/15/3485
f 4530/45/3452 4511/43/3433 4547/43/3469
f 4530/45/3452 4547/43/3469 4566/45/3488
f 4529/35/3451 4531/33/3453 4540/33/3462
f 4529/35/3451 4540/33/3462 4565/35/3487
f 4532/47/3454 4530/45/3452 4566/45/3488
f 4532/47/3454 4566/45/3488 4538/47/3460
f 4567/7/3489 4568/5/3490 4569/5/3491
f 4567/7/3489 4569/5/3491 4570/7/3492
f 4544/55/3466 4543/53/3465 4571/53/3493
f 4544/55/3466 4571/53/3493 4572/55/3494
f 4542/9/3464 4545/7/3467 4567/7/3489
f 4542/9/3464 4567/7/3489 4573/9/3495
f 4547/43/3469 4546/41/3468 4574/41/3496
f 4547/43/3469 4574/41/3496 4575/43/3497
f 4548/57/3470 4544/55/3466 4572/55/3494
f 4548/57/3470 4572/55/3494 4576/57/3498
f 4535/29/3457 4549/27/3471 4577/27/3499
f 4535/29/3457 4577/27/3499 4536/29/3458
f 4551/21/3473 4550/19/3472 4578/19/3500
f 4551/21/3473 4578/19/3500 4579/21/3501
f 4552/59/3474 4548/57/3470 4576/57/3498
f 4552/59/3474 4576/57/3498 4580/59/3502
f 4545/7/3467 4553/5/3475 4568/5/3490
f 4545/7/3467 4568/5/3490 4567/7/3489
f 4546/41/3468 4554/39/3476 4581/39/3503
f 4546/41/3468 4581/39/3503 4574/41/3496
f 4555/61/3477 4552/59/3474 4580/59/3502
f 4555/61/3477 4580/59/3502 4582/61/3504
f 4549/27/3471 4556/25/3478 4583/25/3505
f 4549/27/3471 4583/25/3505 4577/27/3499
f 4550/19/3472 4557/17/3479 4584/17/3506
f 4550/19/3472 4584/17/3506 4578/19/3500
f 4558/63/3480 4555/61/3477 4582/61/3504
f 4558/63/3480 4582/61/3504 4585/63/3507
f 4553/5/3475 4559/3/3481 4586/3/3508
f 4553/5/3475 4586/3/3508 4568/5/3490
f 4554/39/3476 4560/37/3482 4587/37/3509
f 4554/39/3476 4587/37/3509 4581/39/3503
f 4561/65/3483 4558/63/3480 4585/63/3507
f 4561/65/3483 4585/63/3507 4588/65/3510
f 4556/25/3478 4562/23/3484 4589/23/3511
f 4556/25/3478 4589/23/3511 4583/25/3505
f 4557/17/3479 4563/15/3485 4590/15/3512
f 4557/17/3479 4590/15/3512 4584/17/3506
f 4559/3/3481 4564/2/3486 4591/2/3513
f 4559/3/3481 4591/2/3513 4586/3/3508
f 4560/37/3482 4565/35/3487 4592/35/3514
f 4560/37/3482 4592/35/3514 4587/37/3509
f 4562/23/3484 4551/21/3473 4579/21/3501
f 4562/23/3484 4579/21/3501 4589/23/3511
f 4563/15/3485 4504/13/3426 4593/13/3515
f 4563/15/3485 4593/13/3515 4590/15/3512
f 4566/45/3488 4547/43/3469 4575/43/3497
f 4566/45/3488 4575/43/3497 4594/45/3516
f 4565/35/3487 4540/33/3462 4595/33/3517
f 4565/35/3487 4595/33/3517 4592/35/3514
f 4538/47/3460 4566/45/3488 4594/45/3516
f 4538/47/3460 4594/45/3516 4596/47/3518
f 4504/13/3426 4503/11/3425 4597/11/3519
f 4504/13/3426 4597/11/3519 4593/13/3515
f 4539/49/3461 4538/47/3460 4596/47/3518
f 4539/49/3461 4596/47/3518 4598/49/3520
f 4540/33/3462 4534/31/3456 4537/31/3459
f 4540/33/3462 4537/31/3459 4595/33/3517
f 4541/51/3463 4539/49/3461 4598/49/3520
f 4541/51/3463 4598/49/3520 4599/51/3521
f 4503/11/3425 4542/9/3464 4573/9/3495
f 4503/11/3425 4573/9/3495 4597/11/3519
f 4543/53/3465 4541/51/3463 4599/51/3521
f 4543/53/3465 4599/51/3521 4571/53/3493
f 4600/9/3522 4570/7/3492 4601/7/3523
f 4600/9/3522 4601/7/3523 4602/9/3524
f 4574/41/3496 4581/39/3503 4603/39/3525
f 4574/41/3496 4603/39/3525 4604/41/3526
f 4582/61/3504 4580/59/3502 4605/59/3527
f 4582/61/3504 4605/59/3527 4606/61/3528
f 4577/27/3499 4583/25/3505 4607/25/3529
f 4577/27/3499 4607/25/3529 4608/27/3530
f 4578/19/3500 4584/17/3506 4609/17/3531
f 4578/19/3500 4609/17/3531 4610/19/3532
f 4585/63/3507 4582/61/3504 4606/61/3528
f 4585/63/3507 4606/61/3528 4611/63/3533
f 4568/5/3490 4586/3/3508 4612/3/3534
f 4568/5/3490 4612/3/3534 4569/5/3491
f 4581/39/3503 4587/37/3509 4613/37/3535
f 4581/39/3503 4613/37/3535 4603/39/3525
f 4588/65/3510 4585/63/3507 4611/63/3533
f 4588/65/3510 4611/63/3533 4614/65/3536
f 4583/25/3505 4589/23/3511 4615/23/3537
f 4583/25/3505 4615/23/3537 4607/25/3529
f 4584/17/3506 4590/15/3512 4616/15/3538
f 4584/17/3506 4616/15/3538 4609/17/3531
f 4586/3/3508 4591/2/3513 4617/2/3539
f 4586/3/3508 4617/2/3539 4612/3/3534
f 4587/37/3509 4592/35/3514 4618/35/3540
f 4587/37/3509 4618/35/3540 4613/37/3535
f 4589/23/3511 4579/21/3501 4619/21/3541
f 4589/23/3511 4619/21/3541 4615/23/3537
f 4590/15/3512 4593/13/3515 4620/13/3542
f 4590/15/3512 4620/13/3542 4616/15/3538
f 4594/45/3516 4575/43/3497 4621/43/3543
f 4594/45/3516 4621/43/3543 4622/45/3544
f 4592/35/3514 4595/33/3517 4623/33/3545
f 4592/35/3514 4623/33/3545 4618/35/3540
f 4596/47/3518 4594/45/3516 4622/45/3544
f 4596/47/3518 4622/45/3544 4624/47/3546
f 4593/13/3515 4597/11/3519 4625/11/3547
f 4593/13/3515 4625/11/3547 4620/13/3542
f 4598/49/3520 4596/47/3518 4624/47/3546
f 4598/49/3520 4624/47/3546 4626/49/3548
f 4595/33/3517 4537/31/3459 4627/31/3549
f 4595/33/3517 4627/31/3549 4623/33/3545
f 4599/51/3521 4598/49/3520 4626/49/3548
f 4599/51/3521 4626/49/3548 4628/51/3550
f 4597/11/3519 4573/9/3495 4600/9/3522
f 4597/11/3519 4600/9/3522 4625/11/3547
f 4571/53/3493 4599/51/3521 4628/51/3550
f 4571/53/3493 4628/51/3550 4629/53/3551
f 4537/31/3459 4536/29/3458 4630/29/3552
f 4537/31/3459 4630/29/3552 4627/31/3549
f 4572/55/3494 4571/53/3493 4629/53/3551
f 4572/55/3494 4629/53/3551 4631/55/3553
f 4573/9/3495 4567/7/3489 4570/7/3492
f 4573/9/3495 4570/7/3492 4600/9/3522
f 4575/43/3497 4574/41/3496 4604/41/3526
f 4575/43/3497 4604/41/3526 4621/43/3543
f 4576/57/3498 4572/55/3494 4631/55/3553
f 4576/57/3498 4631/55/3553 4632/57/3554
f 4536/29/3458 4577/27/3499 4608/27/3530
f 4536/29/3458 4608/27/3530 4630/29/3552
f 4579/21/3501 4578/19/3500 4610/19/3532
f 4579/21/3501 4610/19/3532 4619/21/3541
f 4580/59/3502 4576/57/3498 4632/57/3554
f 4580/59/3502 4632/57/3554 4605/59/3527
f 4633/51/3555 4634/49/3556 4635/49/3557
f 4633/51/3555 4635/49/3557 4636/51/3558
f 4621/43/3543 4604/41/3526 4637/41/3559
f 4621/43/3543 4637/41/3559 4638/43/3560
f 4632/57/3554 4631/55/3553 4639/55/3561
f 4632/57/3554 4639/55/3561 4640/57/3562
f 4630/29/3552 4608/27/3530 4641/27/3563
f 4630/29/3552 4641/27/3563 4642/29/3564
f 4619/21/3541 4610/19/3532 4643/19/3565
f 4619/21/3541 4643/19/3565 4644/21/3566
f 4605/59/3527 4632/57/3554 4640/57/3562
f 4605/59/3527 4640/57/3562 4645/59/3567
f 4570/7/3492 4569/5/3491 4646/5/3568
f 4570/7/3492 4646/5/3568 4601/7/3523
f 4604/41/3526 4603/39/3525 4647/39/3569
f 4604/41/3526 4647/39/3569 4637/41/3559
f 4606/61/3528 4605/59/3527 4645/59/3567
f 4606/61/3528 4645/59/3567 4648/61/3570
f 4608/27/3530 4607/25/3529 4649/25/3571
f 4608/27/3530 4649/25/3571 4641/27/3563
f 4610/19/3532 4609/17/3531 4650/17/3572
f 4610/19/3532 4650/17/3572 4643/19/3565
f 4611/63/3533 4606/61/3528 4648/61/3570
f 4611/63/3533 4648/61/3570 4651/63/3573
f 4569/5/3491 4612/3/3534 4652/3/3574
f 4569/5/3491 4652/3/3574 4646/5/3568
f 4603/39/3525 4613/37/3535 4653/37/3575
f 4603/39/3525 4653/37/3575 4647/39/3569
f 4614/65/3536 4611/63/3533 4651/63/3573
f 4614/65/3536 4651/63/3573 4654/65/3576
f 4607/25/3529 4615/23/3537 4655/23/3577
f 4607/25/3529 4655/23/3577 4649/25/3571
f 4609/17/3531 4616/15/3538 4656/15/3578
f 4609/17/3531 4656/15/3578 4650/17/3572
f 4612/3/3534 4617/2/3539 4657/2/3579
f 4612/3/3534 4657/2/3579 4652/3/3574
f 4613/37/3535 4618/35/3540 4658/35/3580
f 4613/37/3535 4658/35/3580 4653/37/3575
f 4615/23/3537 4619/21/3541 4644/21/3566
f 4615/23/3537 4644/21/3566 4655/23/3577
f 4616/15/3538 4620/13/3542 4659/13/3581
f 4616/15/3538 4659/13/3581 4656/15/3578
f 4622/45/3544 4621/43/3543 4638/43/3560
f 4622/45/3544 4638/43/3560 4660/45/3582
f 4618/35/3540 4623/33/3545 4661/33/3583
f 4618/35/3540 4661/33/3583 4658/35/3580
f 4624/47/3546 4622/45/3544 4660/45/3582
f 4624/47/3546 4660/45/3582 4662/47/3584
f 4620/13/3542 4625/11/3547 4663/11/3585
f 4620/13/3542 4663/11/3585 4659/13/3581
f 4626/49/3548 4624/47/3546 4662/47/3584
f 4626/49/3548 4662/47/3584 4634/49/3556
f 4623/33/3545 4627/31/3549 4664/31/3586
f 4623/33/3545 4664/31/3586 4661/33/3583
f 4628/51/3550 4626/49/3548 4634/49/3556
f 4628/51/3550 4634/49/3556 4633/51/3555
f 4625/11/3547 4600/9/3522 4602/9/3524
f 4625/11/3547 4602/9/3524 4663/11/3585
f 4629/53/3551 4628/51/3550 4633/51/3555
f 4629/53/3551 4633/51/3555 4665/53/3587
f 4627/31/3549 4630/29/3552 4642/29/3564
f 4627/31/3549 4642/29/3564 4664/31/3586
f 4631/55/3553 4629/53/3551 4665/53/3587
f 4631/55/3553 4665/53/3587 4639/55/3561
f 4666/57/3588 4667/55/3589 4668/55/3590
f 4666/57/3588 4668/55/3590 4669/57/3591
f 4663/11/3585 4602/9/3524 4670/9/3592
f 4663/11/3585 4670/9/3592 4671/11/3593
f 4665/53/3587 4633/51/3555 4636/51/3558
f 4665/53/3587 4636/51/3558 4672/53/3594
f 4664/31/3586 4642/29/3564 4673/29/3595
f 4664/31/3586 4673/29/3595 4674/31/3596
f 4639/55/3561 4665/53/3587 4672/53/3594
f 4639/55/3561 4672/53/3594 4667/55/3589
f 4602/9/3524 4601/7/3523 4675/7/3597
f 4602/9/3524 4675/7/3597 4670/9/3592
f 4638/43/3560 4637/41/3559 4676/41/3598
f 4638/43/3560 4676/41/3598 4677/43/3599
f 4640/57/3562 4639/55/3561 4667/55/3589
f 4640/57/3562 4667/55/3589 4666/57/3588
f 4642/29/3564 4641/27/3563 4678/27/3600
f 4642/29/3564 4678/27/3600 4673/29/3595
f 4644/21/3566 4643/19/3565 4679/19/3601
f 4644/21/3566 4679/19/3601 4680/21/3602
f 4645/59/3567 4640/57/3562 4666/57/3588
f 4645/59/3567 4666/57/3588 4681/59/3603
f 4601/7/3523 4646/5/3568 4682/5/3604
f 4601/7/3523 4682/5/3604 4675/7/3597
f 4637/41/3559 4647/39/3569 4683/39/3605
f 4637/41/3559 4683/39/3605 4676/41/3598
f 4648/61/3570 4645/59/3567 4681/59/3603
f 4648/61/3570 4681/59/3603 4684/61/3606
f 4641/27/3563 4649/25/3571 4685/25/3607
f 4641/27/3563 4685/25/3607 4678/27/3600
f 4643/19/3565 4650/17/3572 4686/17/3608
f 4643/19/3565 4686/17/3608 4679/19/3601
f 4651/63/3573 4648/61/3570 4684/61/3606
f 4651/63/3573 4684/61/3606 4687/63/3609
f 4646/5/3568 4652/3/3574 4688/3/3610
f 4646/5/3568 4688/3/3610 4682/5/3604
f 4647/39/3569 4653/37/3575 4689/37/3611
f 4647/39/3569 4689/37/3611 4683/39/3605
f 4654/65/3576 4651/63/3573 4687/63/3609
f 4654/65/3576 4687/63/3609 4690/65/3612
f 4649/25/3571 4655/23/3577 4691/23/3613
f 4649/25/3571 4691/23/3613 4685/25/3607
f 4650/17/3572 4656/15/3578 4692/15/3614
f 4650/17/3572 4692/15/3614 4686/17/3608
f 4652/3/3574 4657/2/3579 4693/2/3615
f 4652/3/3574 4693/2/3615 4688/3/3610
f 4653/37/3575 4658/35/3580 4694/35/3616
f 4653/37/3575 4694/35/3616 4689/37/3611
f 4655/23/3577 4644/21/3566 4680/21/3602
f 4655/23/3577 4680/21/3602 4691/23/3613
f 4656/15/3578 4659/13/3581 4695/13/3617
f 4656/15/3578 4695/13/3617 4692/15/3614
f 4660/45/3582 4638/43/3560 4677/43/3599
f 4660/45/3582 4677/43/3599 4696/45/3618
f 4658/35/3580 4661/33/3583 4697/33/3619
f 4658/35/3580 4697/33/3619 4694/35/3616
f 4662/47/3584 4660/45/3582 4696/45/3618
f 4662/47/3584 4696/45/3618 4698/47/3620
f 4659/13/3581 4663/11/3585 4671/11/3593
f 4659/13/3581 4671/11/3593 4695/13/3617
f 4634/49/3556 4662/47/3584 4698/47/3620
f 4634/49/3556 4698/47/3620 4635/49/3557
f 4661/33/3583 4664/31/3586 4674/31/3596
f 4661/33/3583 4674/31/3596 4697/33/3619
f 4699/21/3621 4336/19/3258 4339/20/3261
f 4699/21/3621 4339/20/3261 4350/22/3272
f 4673/29/3595 4678/27/3600 4700/27/3622
f 4673/29/3595 4700/27/3622 4701/29/3623
f 4680/21/3602 4679/19/3601 4336/19/3258
f 4680/21/3602 4336/19/3258 4699/21/3621
f 4681/59/3603 4666/57/3588 4669/57/3591
f 4681/59/3603 4669/57/3591 4702/59/3624
f 4675/7/3597 4682/5/3604 4703/5/3625
f 4675/7/3597 4703/5/3625 4704/7/3626
f 4676/41/3598 4683/39/3605 4705/39/3627
f 4676/41/3598 4705/39/3627 4706/41/3628
f 4684/61/3606 4681/59/3603 4702/59/3624
f 4684/61/3606 4702/59/3624 4707/61/3629
f 4678/27/3600 4685/25/3607 4708/25/3630
f 4678/27/3600 4708/25/3630 4700/27/3622
f 4679/19/3601 4686/17/3608 4337/17/3259
f 4679/19/3601 4337/17/3259 4336/19/3258
f 4687/63/3609 4684/61/3606 4707/61/3629
f 4687/63/3609 4707/61/3629 4709/63/3631
f 4682/5/3604 4688/3/3610 4710/3/3632
f 4682/5/3604 4710/3/3632 4703/5/3625
f 4683/39/3605 4689/37/3611 4711/37/3633
f 4683/39/3605 4711/37/3633 4705/39/3627
f 4690/65/3612 4687/63/3609 4709/63/3631
f 4690/65/3612 4709/63/3631 4712/65/3634
f 4685/25/3607 4691/23/3613 4713/23/3635
f 4685/25/3607 4713/23/3635 4708/25/3630
f 4686/17/3608 4692/15/3614 4714/15/3636
f 4686/17/3608 4714/15/3636 4337/17/3259
f 4688/3/3610 4693/2/3615 4715/2/3637
f 4688/3/3610 4715/2/3637 4710/3/3632
f 4689/37/3611 4694/35/3616 4716/35/3638
f 4689/37/3611 4716/35/3638 4711/37/3633
f 4691/23/3613 4680/21/3602 4699/21/3621
f 4691/23/3613 4699/21/3621 4713/23/3635
f 4692/15/3614 4695/13/3617 4717/13/3639
f 4692/15/3614 4717/13/3639 4714/15/3636
f 4696/45/3618 4677/43/3599 4718/43/3640
f 4696/45/3618 4718/43/3640 4719/45/3641
f 4694/35/3616 4697/33/3619 4720/33/3642
f 4694/35/3616 4720/33/3642 4716/35/3638
f 4698/47/3620 4696/45/3618 4719/45/3641
f 4698/47/3620 4719/45/3641 4721/47/3643
f 4695/13/3617 4671/11/3593 4722/11/3644
f 4695/13/3617 4722/11/3644 4717/13/3639
f 4635/49/3557 4698/47/3620 4721/47/3643
f 4635/49/3557 4721/47/3643 4723/49/3645
f 4697/33/3619 4674/31/3596 4724/31/3646
f 4697/33/3619 4724/31/3646 4720/33/3642
f 4636/51/3558 4635/49/3557 4723/49/3645
f 4636/51/3558 4723/49/3645 4725/51/3647
f 4671/11/3593 4670/9/3592 4726/9/3648
f 4671/11/3593 4726/9/3648 4722/11/3644
f 4672/53/3594 4636/51/3558 4725/51/3647
f 4672/53/3594 4725/51/3647 4727/53/3649
f 4674/31/3596 4673/29/3595 4701/29/3623
f 4674/31/3596 4701/29/3623 4724/31/3646
f 4667/55/3589 4672/53/3594 4727/53/3649
f 4667/55/3589 4727/53/3649 4668/55/3590
f 4670/9/3592 4675/7/3597 4704/7/3626
f 4670/9/3592 4704/7/3626 4726/9/3648
f 4677/43/3599 4676/41/3598 4706/41/3628
f 4677/43/3599 4706/41/3628 4718/43/3640
f 4337/17/3259 4714/15/3636 4365/16/3287
f 4337/17/3259 4365/16/3287 4338/18/3260
f 4714/15/3636 4717/13/3639 4340/14/3262
f 4714/15/3636 4340/14/3262 4365/16/3287
f 4717/13/3639 4722/11/3644 4341/12/3263
f 4717/13/3639 4341/12/3263 4340/14/3262
f 4722/11/3644 4726/9/3648 4346/10/3268
f 4722/11/3644 4346/10/3268 4341/12/3263
f 4726/9/3648 4704/7/3626 4352/8/3274
f 4726/9/3648 4352/8/3274 4346/10/3268
f 4704/7/3626 4703/5/3625 4358/6/3280
f 4704/7/3626 4358/6/3280 4352/8/3274
f 4703/5/3625 4710/3/3632 4363/4/3285
f 4703/5/3625 4363/4/3285 4358/6/3280
f 4710/3/3632 4715/2/3637 4366/1/3288
f 4710/3/3632 4366/1/3288 4363/4/3285
f 4712/65/3634 4709/63/3631 4360/64/3282
f 4712/65/3634 4360/64/3282 4362/66/3284
f 4709/63/3631 4707/61/3629 4357/62/3279
f 4709/63/3631 4357/62/3279 4360/64/3282
f 4707/61/3629 4702/59/3624 4355/60/3277
f 4707/61/3629 4355/60/3277 4357/62/3279
f 4702/59/3624 4669/57/3591 4351/58/3273
f 4702/59/3624 4351/58/3273 4355/60/3277
f 4669/57/3591 4668/55/3590 4347/56/3269
f 4669/57/3591 4347/56/3269 4351/58/3273
f 4668/55/3590 4727/53/3649 4345/54/3267
f 4668/55/3590 4345/54/3267 4347/56/3269
f 4727/53/3649 4725/51/3647 4342/52/3264
f 4727/53/3649 4342/52/3264 4345/54/3267
f 4725/51/3647 4723/49/3645 4305/50/3227
f 4725/51/3647 4305/50/3227 4342/52/3264
f 4723/49/3645 4721/47/3643 4306/48/3228
f 4723/49/3645 4306/48/3228 4305/50/3227
f 4721/47/3643 4719/45/3641 4368/46/3290
f 4721/47/3643 4368/46/3290 4306/48/3228
f 4719/45/3641 4718/43/3640 4353/44/3275
f 4719/45/3641 4353/44/3275 4368/46/3290
f 4718/43/3640 4706/41/3628 4354/42/3276
f 4718/43/3640 4354/42/3276 4353/44/3275
f 4706/41/3628 4705/39/3627 4359/40/3281
f 4706/41/3628 4359/40/3281 4354/42/3276
f 4705/39/3627 4711/37/3633 4364/38/3286
f 4705/39/3627 4364/38/3286 4359/40/3281
f 4711/37/3633 4716/35/3638 4367/36/3289
f 4711/37/3633 4367/36/3289 4364/38/3286
f 4716/35/3638 4720/33/3642 4343/34/3265
f 4716/35/3638 4343/34/3265 4367/36/3289
f 4720/33/3642 4724/31/3646 4344/32/3266
f 4720/33/3642 4344/32/3266 4343/34/3265
f 4724/31/3646 4701/29/3623 4348/30/3270
f 4724/31/3646 4348/30/3270 4344/32/3266
f 4701/29/3623 4700/27/3622 4356/28/3278
f 4701/29/3623 4356/28/3278 4348/30/3270
f 4700/27/3622 4708/25/3630 4361/26/3283
f 4700/27/3622 4361/26/3283 4356/28/3278
f 4708/25/3630 4713/23/3635 4349/24/3271
f 4708/25/3630 4349/24/3271 4361/26/3283
f 4713/23/3635 4699/21/3621 4350/22/3272
f 4713/23/3635 4350/22/3272 4349/24/3271
s 8
f 4728/19/10 4729/17/9 4730/17/9
f 4728/19/10 4730/17/9 4731/19/10
f 1455/45/23 1453/43/22 4732/43/22
f 1455/45/23 4732/43/22 4733/45/23
f 1478/63/32 1471/61/31 4734/61/31
f 1478/63/32 4734/61/31 4735/63/32
f 1445/35/18 1443/33/17 4736/33/17
f 1445/35/18 4736/33/17 4737/35/18
f 1476/5/3 1482/3/2 4738/3/2
f 1476/5/3 4738/3/2 4739/5/3
f 1465/55/28 1463/53/27 4740/53/27
f 1465/55/28 4740/53/27 4741/55/28
f 1449/39/20 1447/37/19 4742/37/19
f 1449/39/20 4742/37/19 4743/39/20
f 1417/9/5 1416/7/4 4744/7/4
f 1417/9/5 4744/7/4 4745/9/5
f 1457/47/24 1455/45/23 4733/45/23
f 1457/47/24 4733/45/23 4746/47/24
f 1453/43/22 1451/41/21 4747/41/21
f 1453/43/22 4747/41/21 4732/43/22
f 1479/65/33 1478/63/32 4735/63/32
f 1479/65/33 4735/63/32 4748/65/33
f 1425/13/7 1424/11/6 4749/11/6
f 1425/13/7 4749/11/6 4750/13/7
f 1435/25/13 1433/23/12 4751/23/12
f 1435/25/13 4751/23/12 4752/25/13
f 1467/57/29 1465/55/28 4741/55/28
f 1467/57/29 4741/55/28 4753/57/29
f 1427/17/9 1426/15/8 4754/15/774
f 1427/17/9 4754/15/774 4729/17/9
f 1439/29/15 1437/27/14 4755/27/14
f 1439/29/15 4755/27/14 1473/29/15
f 1459/49/25 1457/47/24 4746/47/24
f 1459/49/25 4746/47/24 4756/49/25
f 1431/21/11 1429/19/781 4728/19/10
f 1431/21/11 4728/19/10 4757/21/11
f 1443/33/17 1441/31/16 1474/31/16
f 1443/33/17 1474/31/16 4736/33/17
f 1469/59/30 1467/57/29 4753/57/29
f 1469/59/30 4753/57/29 4758/59/30
f 1447/37/19 1445/35/18 4737/35/18
f 1447/37/19 4737/35/18 4742/37/19
f 1416/7/4 1476/5/3 4739/5/3
f 1416/7/4 4739/5/3 4744/7/4
f 1461/51/26 1459/49/25 4756/49/25
f 1461/51/26 4756/49/25 4759/51/26
f 1482/3/2 1484/2/1 4760/2/1
f 1482/3/2 4760/2/1 4738/3/2
f 1451/41/21 1449/39/20 4743/39/20
f 1451/41/21 4743/39/20 4747/41/21
f 1424/11/6 1417/9/5 4745/9/5
f 1424/11/6 4745/9/5 4749/11/6
f 1433/23/12 1431/21/11 4757/21/11
f 1433/23/12 4757/21/11 4751/23/12
f 1471/61/31 1469/59/30 4758/59/30
f 1471/61/31 4758/59/30 4734/61/31
f 1426/15/8 1425/13/7 4750/13/7
f 1426/15/8 4750/13/7 4754/15/774
f 1437/27/14 1435/25/13 4752/25/13
f 1437/27/14 4752/25/13 4755/27/14
f 1463/53/27 1461/51/26 4759/51/26
f 1463/53/27 4759/51/26 4740/53/27
f 1429/19/781 1427/17/9 4729/17/9
f 1429/19/781 4729/17/9 4728/19/10
f 1421/16/932 4761/18/71 4762/18/3650
f 1421/16/932 4762/18/3650 4763/16/3651
f 1436/26/939 1438/28/940 4764/28/3652
f 1436/26/939 4764/28/3652 4765/26/3653
f 1464/54/948 1466/56/949 4766/56/3654
f 1464/54/948 4766/56/3654 4767/54/3655
f 1428/18/935 1430/20/936 4768/20/3656
f 1428/18/935 4768/20/3656 4761/18/71
f 1440/30/15 1442/32/16 4769/32/3657
f 1440/30/15 4769/32/3657 4770/30/3658
f 1456/46/944 1458/48/945 4771/48/3659
f 1456/46/944 4771/48/3659 4772/46/3660
f 1477/64/32 1480/66/191 4773/66/3661
f 1477/64/32 4773/66/3661 4774/64/3662
f 1444/34/17 1446/36/18 4775/36/3663
f 1444/34/17 4775/36/3663 4776/34/3664
f 1481/4/2 1475/6/3 4777/6/3665
f 1481/4/2 4777/6/3665 4778/4/3666
f 1466/56/949 1468/58/950 4779/58/3667
f 1466/56/949 4779/58/3667 4766/56/3654
f 1432/22/937 1434/24/938 4780/24/3668
f 1432/22/937 4780/24/3668 4781/22/3669
f 1448/38/19 1450/40/941 4782/40/3670
f 1448/38/19 4782/40/3670 4783/38/3671
f 1415/8/928 1418/10/929 4784/10/3672
f 1415/8/928 4784/10/3672 4785/8/3673
f 1458/48/945 1460/50/946 4786/50/3674
f 1458/48/945 4786/50/3674 4771/48/3659
f 1452/42/942 1454/44/943 4787/44/3675
f 1452/42/942 4787/44/3675 4788/42/3676
f 1423/12/934 1419/14/930 1422/14/933
f 1423/12/934 1422/14/933 4789/12/3677
f 1434/24/938 1436/26/939 4765/26/3653
f 1434/24/938 4765/26/3653 4780/24/3668
f 1468/58/950 1470/60/951 4790/60/3678
f 1468/58/950 4790/60/3678 4779/58/3667
f 1420/16/931 1428/18/935 4761/18/71
f 1420/16/931 4761/18/71 1421/16/932
f 1438/28/940 1440/30/15 4770/30/3658
f 1438/28/940 4770/30/3658 4764/28/3652
f 1460/50/946 1462/52/947 4791/52/3679
f 1460/50/946 4791/52/3679 4786/50/3674
f 1430/20/936 1432/22/937 4781/22/3669
f 1430/20/936 4781/22/3669 4768/20/3656
f 1442/32/16 1444/34/17 4776/34/3664
f 1442/32/16 4776/34/3664 4769/32/3657
f 1470/60/951 1472/62/31 4792/62/3680
f 1470/60/951 4792/62/3680 4790/60/3678
f 1446/36/18 1448/38/19 4783/38/3671
f 1446/36/18 4783/38/3671 4775/36/3663
f 1475/6/3 1415/8/928 4785/8/3673
f 1475/6/3 4785/8/3673 4777/6/3665
f 1462/52/947 1464/54/948 4767/54/3655
f 1462/52/947 4767/54/3655 4791/52/3679
f 1483/1/1 1481/4/2 4778/4/3666
f 1483/1/1 4778/4/3666 4793/1/3681
f 1450/40/941 1452/42/942 4788/42/3676
f 1450/40/941 4788/42/3676 4782/40/3670
f 1418/10/929 1423/12/934 4789/12/3677
f 1418/10/929 4789/12/3677 4784/10/3672
f 1454/44/943 1456/46/944 4772/46/3660
f 1454/44/943 4772/46/3660 4787/44/3675
f 1472/62/31 1477/64/32 4774/64/3662
f 1472/62/31 4774/64/3662 4792/62/3680
f 4794/34/3682 4795/36/3683 4796/36/3684
f 4794/34/3682 4796/36/3684 4797/34/3685
f 4793/1/3681 4778/4/3666 4798/4/3686
f 4793/1/3681 4798/4/3686 4799/1/3687
f 4775/36/3663 4783/38/3671 4800/38/3688
f 4775/36/3663 4800/38/3688 4795/36/3683
f 4787/44/3675 4772/46/3660 4801/46/3689
f 4787/44/3675 4801/46/3689 4802/44/3690
f 1422/14/933 1421/16/932 4763/16/3651
f 1422/14/933 4763/16/3651 4803/14/3691
f 4772/46/3660 4771/48/3659 4804/48/3692
f 4772/46/3660 4804/48/3692 4801/46/3689
f 4776/34/3664 4775/36/3663 4795/36/3683
f 4776/34/3664 4795/36/3683 4794/34/3682
f 4771/48/3659 4786/50/3674 4805/50/3693
f 4771/48/3659 4805/50/3693 4804/48/3692
f 4789/12/3677 1422/14/933 4803/14/3691
f 4789/12/3677 4803/14/3691 4806/12/3694
f 4786/50/3674 4791/52/3679 4807/52/3695
f 4786/50/3674 4807/52/3695 4805/50/3693
f 4769/32/3657 4776/34/3664 4794/34/3682
f 4769/32/3657 4794/34/3682 4808/32/3696
f 4791/52/3679 4767/54/3655 4809/54/3697
f 4791/52/3679 4809/54/3697 4807/52/3695
f 4784/10/3672 4789/12/3677 4806/12/3694
f 4784/10/3672 4806/12/3694 4810/10/3698
f 4767/54/3655 4766/56/3654 4811/56/3699
f 4767/54/3655 4811/56/3699 4809/54/3697
f 4770/30/3658 4769/32/3657 4808/32/3696
f 4770/30/3658 4808/32/3696 4812/30/3700
f 4781/22/3669 4780/24/3668 4813/24/3701
f 4781/22/3669 4813/24/3701 4814/22/3702
f 4766/56/3654 4779/58/3667 4815/58/3703
f 4766/56/3654 4815/58/3703 4811/56/3699
f 4785/8/3673 4784/10/3672 4810/10/3698
f 4785/8/3673 4810/10/3698 4816/8/3704
f 4788/42/3676 4787/44/3675 4802/44/3690
f 4788/42/3676 4802/44/3690 4817/42/3705
f 4779/58/3667 4790/60/3678 4818/60/3706
f 4779/58/3667 4818/60/3706 4815/58/3703
f 4764/28/3652 4770/30/3658 4812/30/3700
f 4764/28/3652 4812/30/3700 4819/28/3707
f 4768/20/3656 4781/22/3669 4814/22/3702
f 4768/20/3656 4814/22/3702 4820/20/3708
f 4790/60/3678 4792/62/3680 4821/62/3709
f 4790/60/3678 4821/62/3709 4818/60/3706
f 4777/6/3665 4785/8/3673 4816/8/3704
f 4777/6/3665 4816/8/3704 4822/6/3710
f 4782/40/3670 4788/42/3676 4817/42/3705
f 4782/40/3670 4817/42/3705 4823/40/3711
f 4792/62/3680 4774/64/3662 4824/64/3712
f 4792/62/3680 4824/64/3712 4821/62/3709
f 4765/26/3653 4764/28/3652 4819/28/3707
f 4765/26/3653 4819/28/3707 4825/26/3713
f 4761/18/71 4768/20/3656 4820/20/3708
f 4761/18/71 4820/20/3708 4762/18/3650
f 4774/64/3662 4773/66/3661 4826/66/3714
f 4774/64/3662 4826/66/3714 4824/64/3712
f 4778/4/3666 4777/6/3665 4822/6/3710
f 4778/4/3666 4822/6/3710 4798/4/3686
f 4783/38/3671 4782/40/3670 4823/40/3711
f 4783/38/3671 4823/40/3711 4800/38/3688
f 4780/24/3668 4765/26/3653 4825/26/3713
f 4780/24/3668 4825/26/3713 4813/24/3701
f 4827/10/3715 4828/12/3716 4829/12/3717
f 4827/10/3715 4829/12/3717 4830/10/3718
f 4804/48/3692 4805/50/3693 4831/50/3719
f 4804/48/3692 4831/50/3719 4832/48/3720
f 4806/12/3694 4803/14/3691 4833/14/3721
f 4806/12/3694 4833/14/3721 4828/12/3716
f 4805/50/3693 4807/52/3695 4834/52/3722
f 4805/50/3693 4834/52/3722 4831/50/3719
f 4808/32/3696 4794/34/3682 4797/34/3685
f 4808/32/3696 4797/34/3685 4835/32/3723
f 4807/52/3695 4809/54/3697 4836/54/3724
f 4807/52/3695 4836/54/3724 4834/52/3722
f 4810/10/3698 4806/12/3694 4828/12/3716
f 4810/10/3698 4828/12/3716 4827/10/3715
f 4809/54/3697 4811/56/3699 4837/56/3725
f 4809/54/3697 4837/56/3725 4836/54/3724
f 4812/30/3700 4808/32/3696 4835/32/3723
f 4812/30/3700 4835/32/3723 4838/30/3726
f 4814/22/3702 4813/24/3701 4839/24/3727
f 4814/22/3702 4839/24/3727 4840/22/3728
f 4811/56/3699 4815/58/3703 4841/58/3729
f 4811/56/3699 4841/58/3729 4837/56/3725
f 4816/8/3704 4810/10/3698 4827/10/3715
f 4816/8/3704 4827/10/3715 4842/8/3730
f 4817/42/3705 4802/44/3690 4843/44/3731
f 4817/42/3705 4843/44/3731 4844/42/3732
f 4815/58/3703 4818/60/3706 4845/60/3733
f 4815/58/3703 4845/60/3733 4841/58/3729
f 4819/28/3707 4812/30/3700 4838/30/3726
f 4819/28/3707 4838/30/3726 4846/28/3734
f 4820/20/3708 4814/22/3702 4840/22/3728
f 4820/20/3708 4840/22/3728 4847/20/3735
f 4818/60/3706 4821/62/3709 4848/62/3736
f 4818/60/3706 4848/62/3736 4845/60/3733
f 4822/6/3710 4816/8/3704 4842/8/3730
f 4822/6/3710 4842/8/3730 4849/6/3737
f 4823/40/3711 4817/42/3705 4844/42/3732
f 4823/40/3711 4844/42/3732 4850/40/3738
f 4821/62/3709 4824/64/3712 4851/64/3739
f 4821/62/3709 4851/64/3739 4848/62/3736
f 4825/26/3713 4819/28/3707 4846/28/3734
f 4825/26/3713 4846/28/3734 4852/26/3740
f 4762/18/3650 4820/20/3708 4847/20/3735
f 4762/18/3650 4847/20/3735 4853/18/3741
f 4824/64/3712 4826/66/3714 4854/66/3742
f 4824/64/3712 4854/66/3742 4851/64/3739
f 4798/4/3686 4822/6/3710 4849/6/3737
f 4798/4/3686 4849/6/3737 4855/4/3743
f 4800/38/3688 4823/40/3711 4850/40/3738
f 4800/38/3688 4850/40/3738 4856/38/3744
f 4813/24/3701 4825/26/3713 4852/26/3740
f 4813/24/3701 4852/26/3740 4839/24/3727
f 4763/16/3651 4762/18/3650 4853/18/3741
f 4763/16/3651 4853/18/3741 4857/16/3745
f 4799/1/3687 4798/4/3686 4855/4/3743
f 4799/1/3687 4855/4/3743 4858/1/3746
f 4795/36/3683 4800/38/3688 4856/38/3744
f 4795/36/3683 4856/38/3744 4796/36/3684
f 4802/44/3690 4801/46/3689 4859/46/3747
f 4802/44/3690 4859/46/3747 4843/44/3731
f 4803/14/3691 4763/16/3651 4857/16/3745
f 4803/14/3691 4857/16/3745 4833/14/3721
f 4801/46/3689 4804/48/3692 4832/48/3720
f 4801/46/3689 4832/48/3720 4859/46/3747
f 4860/28/3748 4861/30/3749 4862/30/3750
f 4860/28/3748 4862/30/3750 4863/28/3751
f 4836/54/3724 4837/56/3725 4864/56/3752
f 4836/54/3724 4864/56/3752 4865/54/3753
f 4838/30/3726 4835/32/3723 4866/32/3754
f 4838/30/3726 4866/32/3754 4861/30/3749
f 4840/22/3728 4839/24/3727 4867/24/3755
f 4840/22/3728 4867/24/3755 4868/22/3756
f 4837/56/3725 4841/58/3729 4869/58/3757
f 4837/56/3725 4869/58/3757 4864/56/3752
f 4842/8/3730 4827/10/3715 4830/10/3718
f 4842/8/3730 4830/10/3718 4870/8/3758
f 4844/42/3732 4843/44/3731 4871/44/3759
f 4844/42/3732 4871/44/3759 4872/42/3760
f 4841/58/3729 4845/60/3733 4873/60/3761
f 4841/58/3729 4873/60/3761 4869/58/3757
f 4846/28/3734 4838/30/3726 4861/30/3749
f 4846/28/3734 4861/30/3749 4860/28/3748
f 4847/20/3735 4840/22/3728 4868/22/3756
f 4847/20/3735 4868/22/3756 4874/20/3762
f 4845/60/3733 4848/62/3736 4875/62/3763
f 4845/60/3733 4875/62/3763 4873/60/3761
f 4849/6/3737 4842/8/3730 4870/8/3758
f 4849/6/3737 4870/8/3758 4876/6/3764
f 4850/40/3738 4844/42/3732 4872/42/3760
f 4850/40/3738 4872/42/3760 4877/40/3765
f 4848/62/3736 4851/64/3739 4878/64/3766
f 4848/62/3736 4878/64/3766 4875/62/3763
f 4852/26/3740 4846/28/3734 4860/28/3748
f 4852/26/3740 4860/28/3748 4879/26/3767
f 4853/18/3741 4847/20/3735 4874/20/3762
f 4853/18/3741 4874/20/3762 4880/18/3768
f 4851/64/3739 4854/66/3742 4881/66/3769
f 4851/64/3739 4881/66/3769 4878/64/3766
f 4855/4/3743 4849/6/3737 4876/6/3764
f 4855/4/3743 4876/6/3764 4882/4/3770
f 4856/38/3744 4850/40/3738 4877/40/3765
f 4856/38/3744 4877/40/3765 4883/38/3771
f 4839/24/3727 4852/26/3740 4879/26/3767
f 4839/24/3727 4879/26/3767 4867/24/3755
f 4857/16/3745 4853/18/3741 4880/18/3768
f 4857/16/3745 4880/18/3768 4884/16/3772
f 4858/1/3746 4855/4/3743 4882/4/3770
f 4858/1/3746 4882/4/3770 4885/1/3773
f 4796/36/3684 4856/38/3744 4883/38/3771
f 4796/36/3684 4883/38/3771 4886/36/3774
f 4843/44/3731 4859/46/3747 4887/46/3775
f 4843/44/3731 4887/46/3775 4871/44/3759
f 4833/14/3721 4857/16/3745 4884/16/3772
f 4833/14/3721 4884/16/3772 4888/14/3776
f 4859/46/3747 4832/48/3720 4889/48/3777
f 4859/46/3747 4889/48/3777 4887/46/3775
f 4797/34/3685 4796/36/3684 4886/36/3774
f 4797/34/3685 4886/36/3774 4890/34/3778
f 4832/48/3720 4831/50/3719 4891/50/3779
f 4832/48/3720 4891/50/3779 4889/48/3777
f 4828/12/3716 4833/14/3721 4888/14/3776
f 4828/12/3716 4888/14/3776 4829/12/3717
f 4831/50/3719 4834/52/3722 4892/52/3780
f 4831/50/3719 4892/52/3780 4891/50/3779
f 4835/32/3723 4797/34/3685 4890/34/3778
f 4835/32/3723 4890/34/3778 4866/32/3754
f 4834/52/3722 4836/54/3724 4865/54/3753
f 4834/52/3722 4865/54/3753 4892/52/3780
f 4893/4/3781 4894/6/3782 4895/6/3783
f 4893/4/3781 4895/6/3783 4896/4/3784
f 4874/20/3762 4868/22/3756 4897/22/3785
f 4874/20/3762 4897/22/3785 4898/20/3786
f 4873/60/3761 4875/62/3763 4899/62/3787
f 4873/60/3761 4899/62/3787 4900/60/3788
f 4876/6/3764 4870/8/3758 4901/8/3789
f 4876/6/3764 4901/8/3789 4894/6/3782
f 4877/40/3765 4872/42/3760 4902/42/3790
f 4877/40/3765 4902/42/3790 4903/40/3791
f 4875/62/3763 4878/64/3766 4904/64/3792
f 4875/62/3763 4904/64/3792 4899/62/3787
f 4879/26/3767 4860/28/3748 4863/28/3751
f 4879/26/3767 4863/28/3751 4905/26/3793
f 4880/18/3768 4874/20/3762 4898/20/3786
f 4880/18/3768 4898/20/3786 4906/18/3794
f 4878/64/3766 4881/66/3769 4907/66/3795
f 4878/64/3766 4907/66/3795 4904/64/3792
f 4882/4/3770 4876/6/3764 4894/6/3782
f 4882/4/3770 4894/6/3782 4893/4/3781
f 4883/38/3771 4877/40/3765 4903/40/3791
f 4883/38/3771 4903/40/3791 4908/38/3796
f 4867/24/3755 4879/26/3767 4905/26/3793
f 4867/24/3755 4905/26/3793 4909/24/3797
f 4884/16/3772 4880/18/3768 4906/18/3794
f 4884/16/3772 4906/18/3794 4910/16/3798
f 4885/1/3773 4882/4/3770 4893/4/3781
f 4885/1/3773 4893/4/3781 4911/1/3799
f 4886/36/3774 4883/38/3771 4908/38/3796
f 4886/36/3774 4908/38/3796 4912/36/3800
f 4871/44/3759 4887/46/3775 4913/46/3801
f 4871/44/3759 4913/46/3801 4914/44/3802
f 4888/14/3776 4884/16/3772 4910/16/3798
f 4888/14/3776 4910/16/3798 4915/14/3803
f 4887/46/3775 4889/48/3777 4916/48/3804
f 4887/46/3775 4916/48/3804 4913/46/3801
f 4890/34/3778 4886/36/3774 4912/36/3800
f 4890/34/3778 4912/36/3800 4917/34/3805
f 4889/48/3777 4891/50/3779 4918/50/3806
f 4889/48/3777 4918/50/3806 4916/48/3804
f 4829/12/3717 4888/14/3776 4915/14/3803
f 4829/12/3717 4915/14/3803 4919/12/3807
f 4891/50/3779 4892/52/3780 4920/52/3808
f 4891/50/3779 4920/52/3808 4918/50/3806
f 4866/32/3754 4890/34/3778 4917/34/3805
f 4866/32/3754 4917/34/3805 4921/32/3809
f 4892/52/3780 4865/54/3753 4922/54/3810
f 4892/52/3780 4922/54/3810 4920/52/3808
f 4830/10/3718 4829/12/3717 4919/12/3807
f 4830/10/3718 4919/12/3807 4923/10/3811
f 4865/54/3753 4864/56/3752 4924/56/3812
f 4865/54/3753 4924/56/3812 4922/54/3810
f 4861/30/3749 4866/32/3754 4921/32/3809
f 4861/30/3749 4921/32/3809 4862/30/3750
f 4868/22/3756 4867/24/3755 4909/24/3797
f 4868/22/3756 4909/24/3797 4897/22/3785
f 4864/56/3752 4869/58/3757 4925/58/3813
f 4864/56/3752 4925/58/3813 4924/56/3812
f 4870/8/3758 4830/10/3718 4923/10/3811
f 4870/8/3758 4923/10/3811 4901/8/3789
f 4872/42/3760 4871/44/3759 4914/44/3802
f 4872/42/3760 4914/44/3802 4902/42/3790
f 4869/58/3757 4873/60/3761 4900/60/3788
f 4869/58/3757 4900/60/3788 4925/58/3813
f 4926/44/3814 4927/46/3815 4928/46/3816
f 4926/44/3814 4928/46/3816 4929/44/3817
f 4908/38/3796 4903/40/3791 4930/40/3818
f 4908/38/3796 4930/40/3818 4931/38/3819
f 4909/24/3797 4905/26/3793 4932/26/3820
f 4909/24/3797 4932/26/3820 4933/24/3821
f 4910/16/3798 4906/18/3794 4934/18/3822
f 4910/16/3798 4934/18/3822 4935/16/3823
f 4911/1/3799 4893/4/3781 4896/4/3784
f 4911/1/3799 4896/4/3784 4936/1/3824
f 4912/36/3800 4908/38/3796 4931/38/3819
f 4912/36/3800 4931/38/3819 4937/36/3825
f 4914/44/3802 4913/46/3801 4927/46/3815
f 4914/44/3802 4927/46/3815 4926/44/3814
f 4915/14/3803 4910/16/3798 4935/16/3823
f 4915/14/3803 4935/16/3823 4938/14/3826
f 4913/46/3801 4916/48/3804 4939/48/3827
f 4913/46/3801 4939/48/3827 4927/46/3815
f 4917/34/3805 4912/36/3800 4937/36/3825
f 4917/34/3805 4937/36/3825 4940/34/3828
f 4916/48/3804 4918/50/3806 4941/50/3829
f 4916/48/3804 4941/50/3829 4939/48/3827
f 4919/12/3807 4915/14/3803 4938/14/3826
f 4919/12/3807 4938/14/3826 4942/12/3830
f 4918/50/3806 4920/52/3808 4943/52/3831
f 4918/50/3806 4943/52/3831 4941/50/3829
f 4921/32/3809 4917/34/3805 4940/34/3828
f 4921/32/3809 4940/34/3828 4944/32/3832
f 4920/52/3808 4922/54/3810 4945/54/3833
f 4920/52/3808 4945/54/3833 4943/52/3831
f 4923/10/3811 4919/12/3807 4942/12/3830
f 4923/10/3811 4942/12/3830 4946/10/3834
f 4922/54/3810 4924/56/3812 4947/56/3835
f 4922/54/3810 4947/56/3835 4945/54/3833
f 4862/30/3750 4921/32/3809 4944/32/3832
f 4862/30/3750 4944/32/3832 4948/30/3836
f 4897/22/3785 4909/24/3797 4933/24/3821
f 4897/22/3785 4933/24/3821 4949/22/3837
f 4924/56/3812 4925/58/3813 4950/58/3838
f 4924/56/3812 4950/58/3838 4947/56/3835
f 4901/8/3789 4923/10/3811 4946/10/3834
f 4901/8/3789 4946/10/3834 4951/8/3839
f 4902/42/3790 4914/44/3802 4926/44/3814
f 4902/42/3790 4926/44/3814 4952/42/3840
f 4925/58/3813 4900/60/3788 4953/60/3841
f 4925/58/3813 4953/60/3841 4950/58/3838
f 4863/28/3751 4862/30/3750 4948/30/3836
f 4863/28/3751 4948/30/3836 4954/28/3842
f 4898/20/3786 4897/22/3785 4949/22/3837
f 4898/20/3786 4949/22/3837 4955/20/3843
f 4900/60/3788 4899/62/3787 4956/62/3844
f 4900/60/3788 4956/62/3844 4953/60/3841
f 4894/6/3782 4901/8/3789 4951/8/3839
f 4894/6/3782 4951/8/3839 4895/6/3783
f 4903/40/3791 4902/42/3790 4952/42/3840
f 4903/40/3791 4952/42/3840 4930/40/3818
f 4899/62/3787 4904/64/3792 4957/64/3845
f 4899/62/3787 4957/64/3845 4956/62/3844
f 4905/26/3793 4863/28/3751 4954/28/3842
f 4905/26/3793 4954/28/3842 4932/26/3820
f 4906/18/3794 4898/20/3786 4955/20/3843
f 4906/18/3794 4955/20/3843 4934/18/3822
f 4904/64/3792 4907/66/3795 4958/66/3846
f 4904/64/3792 4958/66/3846 4957/64/3845
f 4959/50/3847 4960/52/3848 4961/52/3849
f 4959/50/3847 4961/52/3849 4962/50/3850
f 4938/14/3826 4935/16/3823 4963/16/3851
f 4938/14/3826 4963/16/3851 4964/14/3852
f 4927/46/3815 4939/48/3827 4965/48/3853
f 4927/46/3815 4965/48/3853 4928/46/3816
f 4940/34/3828 4937/36/3825 4966/36/3854
f 4940/34/3828 4966/36/3854 4967/34/3855
f 4939/48/3827 4941/50/3829 4959/50/3847
f 4939/48/3827 4959/50/3847 4965/48/3853
f 4942/12/3830 4938/14/3826 4964/14/3852
f 4942/12/3830 4964/14/3852 4968/12/3856
f 4941/50/3829 4943/52/3831 4960/52/3848
f 4941/50/3829 4960/52/3848 4959/50/3847
f 4944/32/3832 4940/34/3828 4967/34/3855
f 4944/32/3832 4967/34/3855 4969/32/3857
f 4943/52/3831 4945/54/3833 4970/54/3858
f 4943/52/3831 4970/54/3858 4960/52/3848
f 4946/10/3834 4942/12/3830 4968/12/3856
f 4946/10/3834 4968/12/3856 4971/10/3859
f 4945/54/3833 4947/56/3835 4972/56/3860
f 4945/54/3833 4972/56/3860 4970/54/3858
f 4948/30/3836 4944/32/3832 4969/32/3857
f 4948/30/3836 4969/32/3857 4973/30/3861
f 4949/22/3837 4933/24/3821 4974/24/3862
f 4949/22/3837 4974/24/3862 4975/22/3863
f 4947/56/3835 4950/58/3838 4976/58/3864
f 4947/56/3835 4976/58/3864 4972/56/3860
f 4951/8/3839 4946/10/3834 4971/10/3859
f 4951/8/3839 4971/10/3859 4977/8/3865
f 4952/42/3840 4926/44/3814 4929/44/3817
f 4952/42/3840 4929/44/3817 4978/42/3866
f 4950/58/3838 4953/60/3841 4979/60/3867
f 4950/58/3838 4979/60/3867 4976/58/3864
f 4954/28/3842 4948/30/3836 4973/30/3861
f 4954/28/3842 4973/30/3861 4980/28/3868
f 4955/20/3843 4949/22/3837 4975/22/3863
f 4955/20/3843 4975/22/3863 4981/20/3869
f 4953/60/3841 4956/62/3844 4982/62/3870
f 4953/60/3841 4982/62/3870 4979/60/3867
f 4895/6/3783 4951/8/3839 4977/8/3865
f 4895/6/3783 4977/8/3865 4983/6/3871
f 4930/40/3818 4952/42/3840 4978/42/3866
f 4930/40/3818 4978/42/3866 4984/40/3872
f 4956/62/3844 4957/64/3845 4985/64/3873
f 4956/62/3844 4985/64/3873 4982/62/3870
f 4932/26/3820 4954/28/3842 4980/28/3868
f 4932/26/3820 4980/28/3868 4986/26/3874
f 4934/18/3822 4955/20/3843 4981/20/3869
f 4934/18/3822 4981/20/3869 4987/18/3875
f 4957/64/3845 4958/66/3846 4988/66/3876
f 4957/64/3845 4988/66/3876 4985/64/3873
f 4896/4/3784 4895/6/3783 4983/6/3871
f 4896/4/3784 4983/6/3871 4989/4/3877
f 4931/38/3819 4930/40/3818 4984/40/3872
f 4931/38/3819 4984/40/3872 4990/38/3878
f 4933/24/3821 4932/26/3820 4986/26/3874
f 4933/24/3821 4986/26/3874 4974/24/3862
f 4935/16/3823 4934/18/3822 4987/18/3875
f 4935/16/3823 4987/18/3875 4963/16/3851
f 4936/1/3824 4896/4/3784 4989/4/3877
f 4936/1/3824 4989/4/3877 4991/1/3876
f 4937/36/3825 4931/38/3819 4990/38/3878
f 4937/36/3825 4990/38/3878 4966/36/3854
f 4992/56/3879 4993/58/3880 4994/58/3881
f 4992/56/3879 4994/58/3881 4995/56/3882
f 4969/32/3857 4967/34/3855 4996/34/3883
f 4969/32/3857 4996/34/3883 4997/32/3884
f 4960/52/3848 4970/54/3858 4998/54/3885
f 4960/52/3848 4998/54/3885 4961/52/3849
f 4971/10/3859 4968/12/3856 4999/12/3886
f 4971/10/3859 4999/12/3886 5000/10/3887
f 4970/54/3858 4972/56/3860 4992/56/3879
f 4970/54/3858 4992/56/3879 4998/54/3885
f 4973/30/3861 4969/32/3857 4997/32/3884
f 4973/30/3861 4997/32/3884 5001/30/3888
f 4975/22/3863 4974/24/3862 5002/24/3889
f 4975/22/3863 5002/24/3889 5003/22/3890
f 4972/56/3860 4976/58/3864 4993/58/3880
f 4972/56/3860 4993/58/3880 4992/56/3879
f 4977/8/3865 4971/10/3859 5000/10/3887
f 4977/8/3865 5000/10/3887 5004/8/3891
f 4978/42/3866 4929/44/3817 5005/44/3892
f 4978/42/3866 5005/44/3892 5006/42/3893
f 4976/58/3864 4979/60/3867 5007/60/3894
f 4976/58/3864 5007/60/3894 4993/58/3880
f 4980/28/3868 4973/30/3861 5001/30/3888
f 4980/28/3868 5001/30/3888 5008/28/3895
f 4981/20/3869 4975/22/3863 5003/22/3890
f 4981/20/3869 5003/22/3890 5009/20/3896
f 4979/60/3867 4982/62/3870 5010/62/3897
f 4979/60/3867 5010/62/3897 5007/60/3894
f 4983/6/3871 4977/8/3865 5004/8/3891
f 4983/6/3871 5004/8/3891 5011/6/3898
f 4984/40/3872 4978/42/3866 5006/42/3893
f 4984/40/3872 5006/42/3893 5012/40/3899
f 4982/62/3870 4985/64/3873 5013/64/3900
f 4982/62/3870 5013/64/3900 5010/62/3897
f 4986/26/3874 4980/28/3868 5008/28/3895
f 4986/26/3874 5008/28/3895 5014/26/3901
f 4987/18/3875 4981/20/3869 5009/20/3896
f 4987/18/3875 5009/20/3896 5015/18/3902
f 4985/64/3873 4988/66/3876 5016/66/3903
f 4985/64/3873 5016/66/3903 5013/64/3900
f 4989/4/3877 4983/6/3871 5011/6/3898
f 4989/4/3877 5011/6/3898 5017/4/3904
f 4990/38/3878 4984/40/3872 5012/40/3899
f 4990/38/3878 5012/40/3899 5018/38/3905
f 4974/24/3862 4986/26/3874 5014/26/3901
f 4974/24/3862 5014/26/3901 5002/24/3889
f 4963/16/3851 4987/18/3875 5015/18/3902
f 4963/16/3851 5015/18/3902 5019/16/3906
f 4991/1/3876 4989/4/3877 5017/4/3904
f 4991/1/3876 5017/4/3904 5020/1/3907
f 4966/36/3854 4990/38/3878 5018/38/3905
f 4966/36/3854 5018/38/3905 5021/36/3908
f 4929/44/3817 4928/46/3816 5022/46/3909
f 4929/44/3817 5022/46/3909 5005/44/3892
f 4964/14/3852 4963/16/3851 5019/16/3906
f 4964/14/3852 5019/16/3906 5023/14/3910
f 4928/46/3816 4965/48/3853 5024/48/3911
f 4928/46/3816 5024/48/3911 5022/46/3909
f 4967/34/3855 4966/36/3854 5021/36/3908
f 4967/34/3855 5021/36/3908 4996/34/3883
f 4965/48/3853 4959/50/3847 4962/50/3850
f 4965/48/3853 4962/50/3850 5024/48/3911
f 4968/12/3856 4964/14/3852 5023/14/3910
f 4968/12/3856 5023/14/3910 4999/12/3886
f 5025/62/3912 5026/64/3913 5027/64/3914
f 5025/62/3912 5027/64/3914 5028/62/3915
f 5004/8/3891 5000/10/3887 5029/10/3916
f 5004/8/3891 5029/10/3916 5030/8/3917
f 5006/42/3893 5005/44/3892 5031/44/3918
f 5006/42/3893 5031/44/3918 5032/42/3919
f 4993/58/3880 5007/60/3894 5033/60/3920
f 4993/58/3880 5033/60/3920 4994/58/3881
f 5008/28/3895 5001/30/3888 5034/30/3921
f 5008/28/3895 5034/30/3921 5035/28/3922
f 5009/20/3896 5003/22/3890 5036/22/3923
f 5009/20/3896 5036/22/3923 5037/20/3924
f 5007/60/3894 5010/62/3897 5025/62/3912
f 5007/60/3894 5025/62/3912 5033/60/3920
f 5011/6/3898 5004/8/3891 5030/8/3917
f 5011/6/3898 5030/8/3917 5038/6/3925
f 5012/40/3899 5006/42/3893 5032/42/3919
f 5012/40/3899 5032/42/3919 5039/40/3926
f 5010/62/3897 5013/64/3900 5026/64/3913
f 5010/62/3897 5026/64/3913 5025/62/3912
f 5014/26/3901 5008/28/3895 5035/28/3922
f 5014/26/3901 5035/28/3922 5040/26/3927
f 5015/18/3902 5009/20/3896 5037/20/3924
f 5015/18/3902 5037/20/3924 5041/18/3928
f 5013/64/3900 5016/66/3903 5042/66/3929
f 5013/64/3900 5042/66/3929 5026/64/3913
f 5017/4/3904 5011/6/3898 5038/6/3925
f 5017/4/3904 5038/6/3925 5043/4/3930
f 5018/38/3905 5012/40/3899 5039/40/3926
f 5018/38/3905 5039/40/3926 5044/38/3931
f 5002/24/3889 5014/26/3901 5040/26/3927
f 5002/24/3889 5040/26/3927 5045/24/3932
f 5019/16/3906 5015/18/3902 5041/18/3928
f 5019/16/3906 5041/18/3928 5046/16/3933
f 5020/1/3907 5017/4/3904 5043/4/3930
f 5020/1/3907 5043/4/3930 5047/1/3934
f 5021/36/3908 5018/38/3905 5044/38/3931
f 5021/36/3908 5044/38/3931 5048/36/3935
f 5005/44/3892 5022/46/3909 5049/46/3936
f 5005/44/3892 5049/46/3936 5031/44/3918
f 5023/14/3910 5019/16/3906 5046/16/3933
f 5023/14/3910 5046/16/3933 5050/14/3937
f 5022/46/3909 5024/48/3911 5051/48/3938
f 5022/46/3909 5051/48/3938 5049/46/3936
f 4996/34/3883 5021/36/3908 5048/36/3935
f 4996/34/3883 5048/36/3935 5052/34/3939
f 5024/48/3911 4962/50/3850 5053/50/3940
f 5024/48/3911 5053/50/3940 5051/48/3938
f 4999/12/3886 5023/14/3910 5050/14/3937
f 4999/12/3886 5050/14/3937 5054/12/3941
f 4962/50/3850 4961/52/3849 5055/52/3942
f 4962/50/3850 5055/52/3942 5053/50/3940
f 4997/32/3884 4996/34/3883 5052/34/3939
f 4997/32/3884 5052/34/3939 5056/32/3943
f 4961/52/3849 4998/54/3885 5057/54/3944
f 4961/52/3849 5057/54/3944 5055/52/3942
f 5000/10/3887 4999/12/3886 5054/12/3941
f 5000/10/3887 5054/12/3941 5029/10/3916
f 4998/54/3885 4992/56/3879 4995/56/3882
f 4998/54/3885 4995/56/3882 5057/54/3944
f 5001/30/3888 4997/32/3884 5056/32/3943
f 5001/30/3888 5056/32/3943 5034/30/3921
f 5003/22/3890 5002/24/3889 5045/24/3932
f 5003/22/3890 5045/24/3932 5036/22/3923
f 5058/1/3945 5059/4/3946 5060/4/3947
f 5058/1/3945 5060/4/3947 5061/1/3948
f 5040/26/3927 5035/28/3922 5062/28/3949
f 5040/26/3927 5062/28/3949 5063/26/3950
f 5041/18/3928 5037/20/3924 5064/20/3951
f 5041/18/3928 5064/20/3951 5065/18/3952
f 5026/64/3913 5042/66/3929 5066/66/3953
f 5026/64/3913 5066/66/3953 5027/64/3914
f 5043/4/3930 5038/6/3925 5067/6/3954
f 5043/4/3930 5067/6/3954 5059/4/3946
f 5044/38/3931 5039/40/3926 5068/40/3955
f 5044/38/3931 5068/40/3955 5069/38/3956
f 5045/24/3932 5040/26/3927 5063/26/3950
f 5045/24/3932 5063/26/3950 5070/24/3957
f 5046/16/3933 5041/18/3928 5065/18/3952
f 5046/16/3933 5065/18/3952 5071/16/3958
f 5047/1/3934 5043/4/3930 5059/4/3946
f 5047/1/3934 5059/4/3946 5058/1/3945
f 5048/36/3935 5044/38/3931 5069/38/3956
f 5048/36/3935 5069/38/3956 5072/36/3959
f 5031/44/3918 5049/46/3936 5073/46/3960
f 5031/44/3918 5073/46/3960 5074/44/3961
f 5050/14/3937 5046/16/3933 5071/16/3958
f 5050/14/3937 5071/16/3958 5075/14/3962
f 5049/46/3936 5051/48/3938 5076/48/3963
f 5049/46/3936 5076/48/3963 5073/46/3960
f 5052/34/3939 5048/36/3935 5072/36/3959
f 5052/34/3939 5072/36/3959 5077/34/3964
f 5051/48/3938 5053/50/3940 5078/50/3965
f 5051/48/3938 5078/50/3965 5076/48/3963
f 5054/12/3941 5050/14/3937 5075/14/3962
f 5054/12/3941 5075/14/3962 5079/12/3966
f 5053/50/3940 5055/52/3942 5080/52/3967
f 5053/50/3940 5080/52/3967 5078/50/3965
f 5056/32/3943 5052/34/3939 5077/34/3964
f 5056/32/3943 5077/34/3964 5081/32/3968
f 5055/52/3942 5057/54/3944 5082/54/3969
f 5055/52/3942 5082/54/3969 5080/52/3967
f 5029/10/3916 5054/12/3941 5079/12/3966
f 5029/10/3916 5079/12/3966 5083/10/3970
f 5057/54/3944 4995/56/3882 5084/56/3971
f 5057/54/3944 5084/56/3971 5082/54/3969
f 5034/30/3921 5056/32/3943 5081/32/3968
f 5034/30/3921 5081/32/3968 5085/30/3972
f 5036/22/3923 5045/24/3932 5070/24/3957
f 5036/22/3923 5070/24/3957 5086/22/3973
f 4995/56/3882 4994/58/3881 5087/58/3974
f 4995/56/3882 5087/58/3974 5084/56/3971
f 5030/8/3917 5029/10/3916 5083/10/3970
f 5030/8/3917 5083/10/3970 5088/8/3975
f 5032/42/3919 5031/44/3918 5074/44/3961
f 5032/42/3919 5074/44/3961 5089/42/3976
f 4994/58/3881 5033/60/3920 5090/60/3977
f 4994/58/3881 5090/60/3977 5087/58/3974
f 5035/28/3922 5034/30/3921 5085/30/3972
f 5035/28/3922 5085/30/3972 5062/28/3949
f 5037/20/3924 5036/22/3923 5086/22/3973
f 5037/20/3924 5086/22/3973 5064/20/3951
f 5033/60/3920 5025/62/3912 5028/62/3915
f 5033/60/3920 5028/62/3915 5090/60/3977
f 5038/6/3925 5030/8/3917 5088/8/3975
f 5038/6/3925 5088/8/3975 5067/6/3954
f 5039/40/3926 5032/42/3919 5089/42/3976
f 5039/40/3926 5089/42/3976 5068/40/3955
f 5091/48/3978 5092/50/3979 5093/50/3980
f 5091/48/3978 5093/50/3980 5094/48/3981
f 5072/36/3959 5069/38/3956 5095/38/3982
f 5072/36/3959 5095/38/3982 5096/36/3983
f 5074/44/3961 5073/46/3960 5097/46/3984
f 5074/44/3961 5097/46/3984 5098/44/3985
f 5075/14/3962 5071/16/3958 5099/16/3986
f 5075/14/3962 5099/16/3986 5100/14/3987
f 5073/46/3960 5076/48/3963 5091/48/3978
f 5073/46/3960 5091/48/3978 5097/46/3984
f 5077/34/3964 5072/36/3959 5096/36/3983
f 5077/34/3964 5096/36/3983 5101/34/3988
f 5076/48/3963 5078/50/3965 5092/50/3979
f 5076/48/3963 5092/50/3979 5091/48/3978
f 5079/12/3966 5075/14/3962 5100/14/3987
f 5079/12/3966 5100/14/3987 5102/12/3989
f 5078/50/3965 5080/52/3967 5103/52/3990
f 5078/50/3965 5103/52/3990 5092/50/3979
f 5081/32/3968 5077/34/3964 5101/34/3988
f 5081/32/3968 5101/34/3988 5104/32/3991
f 5080/52/3967 5082/54/3969 5105/54/3992
f 5080/52/3967 5105/54/3992 5103/52/3990
f 5083/10/3970 5079/12/3966 5102/12/3989
f 5083/10/3970 5102/12/3989 5106/10/3993
f 5082/54/3969 5084/56/3971 5107/56/3994
f 5082/54/3969 5107/56/3994 5105/54/3992
f 5085/30/3972 5081/32/3968 5104/32/3991
f 5085/30/3972 5104/32/3991 5108/30/3995
f 5086/22/3973 5070/24/3957 5109/24/3996
f 5086/22/3973 5109/24/3996 5110/22/3997
f 5084/56/3971 5087/58/3974 5111/58/3998
f 5084/56/3971 5111/58/3998 5107/56/3994
f 5088/8/3975 5083/10/3970 5106/10/3993
f 5088/8/3975 5106/10/3993 5112/8/3999
f 5089/42/3976 5074/44/3961 5098/44/3985
f 5089/42/3976 5098/44/3985 5113/42/4000
f 5087/58/3974 5090/60/3977 5114/60/4001
f 5087/58/3974 5114/60/4001 5111/58/3998
f 5062/28/3949 5085/30/3972 5108/30/3995
f 5062/28/3949 5108/30/3995 5115/28/4002
f 5064/20/3951 5086/22/3973 5110/22/3997
f 5064/20/3951 5110/22/3997 5116/20/4003
f 5090/60/3977 5028/62/3915 5117/62/4004
f 5090/60/3977 5117/62/4004 5114/60/4001
f 5067/6/3954 5088/8/3975 5112/8/3999
f 5067/6/3954 5112/8/3999 5118/6/4005
f 5068/40/3955 5089/42/3976 5113/42/4000
f 5068/40/3955 5113/42/4000 5119/40/4006
f 5028/62/3915 5027/64/3914 5120/64/4007
f 5028/62/3915 5120/64/4007 5117/62/4004
f 5063/26/3950 5062/28/3949 5115/28/4002
f 5063/26/3950 5115/28/4002 5121/26/4008
f 5065/18/3952 5064/20/3951 5116/20/4003
f 5065/18/3952 5116/20/4003 5122/18/4009
f 5027/64/3914 5066/66/3953 5123/66/4010
f 5027/64/3914 5123/66/4010 5120/64/4007
f 5059/4/3946 5067/6/3954 5118/6/4005
f 5059/4/3946 5118/6/4005 5060/4/3947
f 5069/38/3956 5068/40/3955 5119/40/4006
f 5069/38/3956 5119/40/4006 5095/38/3982
f 5070/24/3957 5063/26/3950 5121/26/4008
f 5070/24/3957 5121/26/4008 5109/24/3996
f 5071/16/3958 5065/18/3952 5122/18/4009
f 5071/16/3958 5122/18/4009 5099/16/3986
f 5124/54/4011 5125/56/4012 5126/56/4013
f 5124/54/4011 5126/56/4013 5127/54/4014
f 5102/12/3989 5100/14/3987 5128/14/4015
f 5102/12/3989 5128/14/4015 5129/12/4016
f 5092/50/3979 5103/52/3990 5130/52/4017
f 5092/50/3979 5130/52/4017 5093/50/3980
f 5104/32/3991 5101/34/3988 5131/34/4018
f 5104/32/3991 5131/34/4018 5132/32/4019
f 5103/52/3990 5105/54/3992 5124/54/4011
f 5103/52/3990 5124/54/4011 5130/52/4017
f 5106/10/3993 5102/12/3989 5129/12/4016
f 5106/10/3993 5129/12/4016 5133/10/4020
f 5105/54/3992 5107/56/3994 5125/56/4012
f 5105/54/3992 5125/56/4012 5124/54/4011
f 5108/30/3995 5104/32/3991 5132/32/4019
f 5108/30/3995 5132/32/4019 5134/30/4021
f 5110/22/3997 5109/24/3996 5135/24/4022
f 5110/22/3997 5135/24/4022 5136/22/4023
f 5107/56/3994 5111/58/3998 5137/58/4024
f 5107/56/3994 5137/58/4024 5125/56/4012
f 5112/8/3999 5106/10/3993 5133/10/4020
f 5112/8/3999 5133/10/4020 5138/8/4025
f 5113/42/4000 5098/44/3985 5139/44/4026
f 5113/42/4000 5139/44/4026 5140/42/4027
f 5111/58/3998 5114/60/4001 5141/60/4028
f 5111/58/3998 5141/60/4028 5137/58/4024
f 5115/28/4002 5108/30/3995 5134/30/4021
f 5115/28/4002 5134/30/4021 5142/28/4029
f 5116/20/4003 5110/22/3997 5136/22/4023
f 5116/20/4003 5136/22/4023 5143/20/4030
f 5114/60/4001 5117/62/4004 5144/62/4031
f 5114/60/4001 5144/62/4031 5141/60/4028
f 5118/6/4005 5112/8/3999 5138/8/4025
f 5118/6/4005 5138/8/4025 5145/6/4032
f 5119/40/4006 5113/42/4000 5140/42/4027
f 5119/40/4006 5140/42/4027 5146/40/4033
f 5117/62/4004 5120/64/4007 5147/64/4034
f 5117/62/4004 5147/64/4034 5144/62/4031
f 5121/26/4008 5115/28/4002 5142/28/4029
f 5121/26/4008 5142/28/4029 5148/26/4035
f 5122/18/4009 5116/20/4003 5143/20/4030
f 5122/18/4009 5143/20/4030 5149/18/4036
f 5120/64/4007 5123/66/4010 5150/66/4037
f 5120/64/4007 5150/66/4037 5147/64/4034
f 5060/4/3947 5118/6/4005 5145/6/4032
f 5060/4/3947 5145/6/4032 5151/4/4038
f 5095/38/3982 5119/40/4006 5146/40/4033
f 5095/38/3982 5146/40/4033 5152/38/4039
f 5109/24/3996 5121/26/4008 5148/26/4035
f 5109/24/3996 5148/26/4035 5135/24/4022
f 5099/16/3986 5122/18/4009 5149/18/4036
f 5099/16/3986 5149/18/4036 5153/16/4040
f 5061/1/3948 5060/4/3947 5151/4/4038
f 5061/1/3948 5151/4/4038 5154/1/4041
f 5096/36/3983 5095/38/3982 5152/38/4039
f 5096/36/3983 5152/38/4039 5155/36/4042
f 5098/44/3985 5097/46/3984 5156/46/4043
f 5098/44/3985 5156/46/4043 5139/44/4026
f 5100/14/3987 5099/16/3986 5153/16/4040
f 5100/14/3987 5153/16/4040 5128/14/4015
f 5097/46/3984 5091/48/3978 5094/48/3981
f 5097/46/3984 5094/48/3981 5156/46/4043
f 5101/34/3988 5096/36/3983 5155/36/4042
f 5101/34/3988 5155/36/4042 5131/34/4018
f 5157/20/4044 5158/22/4045 5159/22/4046
f 5157/20/4044 5159/22/4046 5160/20/4047
f 5134/30/4021 5132/32/4019 5161/32/4048
f 5134/30/4021 5161/32/4048 5162/30/4049
f 5136/22/4023 5135/24/4022 5163/24/4050
f 5136/22/4023 5163/24/4050 5158/22/4045
f 5125/56/4012 5137/58/4024 5164/58/4051
f 5125/56/4012 5164/58/4051 5126/56/4013
f 5138/8/4025 5133/10/4020 5165/10/4052
f 5138/8/4025 5165/10/4052 5166/8/4053
f 5140/42/4027 5139/44/4026 5167/44/4054
f 5140/42/4027 5167/44/4054 5168/42/4055
f 5137/58/4024 5141/60/4028 5169/60/4056
f 5137/58/4024 5169/60/4056 5164/58/4051
f 5142/28/4029 5134/30/4021 5162/30/4049
f 5142/28/4029 5162/30/4049 5170/28/4057
f 5143/20/4030 5136/22/4023 5158/22/4045
f 5143/20/4030 5158/22/4045 5157/20/4044
f 5141/60/4028 5144/62/4031 5171/62/4058
f 5141/60/4028 5171/62/4058 5169/60/4056
f 5145/6/4032 5138/8/4025 5166/8/4053
f 5145/6/4032 5166/8/4053 5172/6/4059
f 5146/40/4033 5140/42/4027 5168/42/4055
f 5146/40/4033 5168/42/4055 5173/40/4060
f 5144/62/4031 5147/64/4034 5174/64/4061
f 5144/62/4031 5174/64/4061 5171/62/4058
f 5148/26/4035 5142/28/4029 5170/28/4057
f 5148/26/4035 5170/28/4057 5175/26/4062
f 5149/18/4036 5143/20/4030 5157/20/4044
f 5149/18/4036 5157/20/4044 5176/18/4063
f 5147/64/4034 5150/66/4037 5177/66/4064
f 5147/64/4034 5177/66/4064 5174/64/4061
f 5151/4/4038 5145/6/4032 5172/6/4059
f 5151/4/4038 5172/6/4059 5178/4/4065
f 5152/38/4039 5146/40/4033 5173/40/4060
f 5152/38/4039 5173/40/4060 5179/38/4066
f 5135/24/4022 5148/26/4035 5175/26/4062
f 5135/24/4022 5175/26/4062 5163/24/4050
f 5153/16/4040 5149/18/4036 5176/18/4063
f 5153/16/4040 5176/18/4063 5180/16/4067
f 5154/1/4041 5151/4/4038 5178/4/4065
f 5154/1/4041 5178/4/4065 5181/1/4068
f 5155/36/4042 5152/38/4039 5179/38/4066
f 5155/36/4042 5179/38/4066 5182/36/4069
f 5139/44/4026 5156/46/4043 5183/46/4070
f 5139/44/4026 5183/46/4070 5167/44/4054
f 5128/14/4015 5153/16/4040 5180/16/4067
f 5128/14/4015 5180/16/4067 5184/14/4071
f 5156/46/4043 5094/48/3981 5185/48/4072
f 5156/46/4043 5185/48/4072 5183/46/4070
f 5131/34/4018 5155/36/4042 5182/36/4069
f 5131/34/4018 5182/36/4069 5186/34/4073
f 5094/48/3981 5093/50/3980 5187/50/4074
f 5094/48/3981 5187/50/4074 5185/48/4072
f 5129/12/4016 5128/14/4015 5184/14/4071
f 5129/12/4016 5184/14/4071 5188/12/4075
f 5093/50/3980 5130/52/4017 5189/52/4076
f 5093/50/3980 5189/52/4076 5187/50/4074
f 5132/32/4019 5131/34/4018 5186/34/4073
f 5132/32/4019 5186/34/4073 5161/32/4048
f 5130/52/4017 5124/54/4011 5127/54/4014
f 5130/52/4017 5127/54/4014 5189/52/4076
f 5133/10/4020 5129/12/4016 5188/12/4075
f 5133/10/4020 5188/12/4075 5165/10/4052
f 5190/38/4077 5191/40/4078 5192/40/4079
f 5190/38/4077 5192/40/4079 5193/38/4080
f 5169/60/4056 5171/62/4058 5194/62/4081
f 5169/60/4056 5194/62/4081 5195/60/4082
f 5172/6/4059 5166/8/4053 5196/8/4083
f 5172/6/4059 5196/8/4083 5197/6/4084
f 5173/40/4060 5168/42/4055 5198/42/4085
f 5173/40/4060 5198/42/4085 5191/40/4078
f 5171/62/4058 5174/64/4061 5199/64/4086
f 5171/62/4058 5199/64/4086 5194/62/4081
f 5175/26/4062 5170/28/4057 5200/28/4087
f 5175/26/4062 5200/28/4087 5201/26/4088
f 5176/18/4063 5157/20/4044 5160/20/4047
f 5176/18/4063 5160/20/4047 5202/18/4089
f 5174/64/4061 5177/66/4064 5203/66/4090
f 5174/64/4061 5203/66/4090 5199/64/4086
f 5178/4/4065 5172/6/4059 5197/6/4084
f 5178/4/4065 5197/6/4084 5204/4/4091
f 5179/38/4066 5173/40/4060 5191/40/4078
f 5179/38/4066 5191/40/4078 5190/38/4077
f 5163/24/4050 5175/26/4062 5201/26/4088
f 5163/24/4050 5201/26/4088 5205/24/4092
f 5180/16/4067 5176/18/4063 5202/18/4089
f 5180/16/4067 5202/18/4089 5206/16/4093
f 5181/1/4068 5178/4/4065 5204/4/4091
f 5181/1/4068 5204/4/4091 5207/1/4094
f 5182/36/4069 5179/38/4066 5190/38/4077
f 5182/36/4069 5190/38/4077 5208/36/4095
f 5167/44/4054 5183/46/4070 5209/46/4096
f 5167/44/4054 5209/46/4096 5210/44/4097
f 5184/14/4071 5180/16/4067 5206/16/4093
f 5184/14/4071 5206/16/4093 5211/14/4098
f 5183/46/4070 5185/48/4072 5212/48/4099
f 5183/46/4070 5212/48/4099 5209/46/4096
f 5186/34/4073 5182/36/4069 5208/36/4095
f 5186/34/4073 5208/36/4095 5213/34/4100
f 5185/48/4072 5187/50/4074 5214/50/4101
f 5185/48/4072 5214/50/4101 5212/48/4099
f 5188/12/4075 5184/14/4071 5211/14/4098
f 5188/12/4075 5211/14/4098 5215/12/4102
f 5187/50/4074 5189/52/4076 5216/52/4103
f 5187/50/4074 5216/52/4103 5214/50/4101
f 5161/32/4048 5186/34/4073 5213/34/4100
f 5161/32/4048 5213/34/4100 5217/32/4104
f 5189/52/4076 5127/54/4014 5218/54/4105
f 5189/52/4076 5218/54/4105 5216/52/4103
f 5165/10/4052 5188/12/4075 5215/12/4102
f 5165/10/4052 5215/12/4102 5219/10/4106
f 5127/54/4014 5126/56/4013 5220/56/4107
f 5127/54/4014 5220/56/4107 5218/54/4105
f 5162/30/4049 5161/32/4048 5217/32/4104
f 5162/30/4049 5217/32/4104 5221/30/4108
f 5158/22/4045 5163/24/4050 5205/24/4092
f 5158/22/4045 5205/24/4092 5159/22/4046
f 5126/56/4013 5164/58/4051 5222/58/4109
f 5126/56/4013 5222/58/4109 5220/56/4107
f 5166/8/4053 5165/10/4052 5219/10/4106
f 5166/8/4053 5219/10/4106 5196/8/4083
f 5168/42/4055 5167/44/4054 5210/44/4097
f 5168/42/4055 5210/44/4097 5198/42/4085
f 5164/58/4051 5169/60/4056 5195/60/4082
f 5164/58/4051 5195/60/4082 5222/58/4109
f 5170/28/4057 5162/30/4049 5221/30/4108
f 5170/28/4057 5221/30/4108 5200/28/4087
f 5223/14/4110 5224/16/4111 5225/16/4112
f 5223/14/4110 5225/16/4112 5226/14/4113
f 5205/24/4092 5201/26/4088 5227/26/4114
f 5205/24/4092 5227/26/4114 5228/24/4115
f 5206/16/4093 5202/18/4089 5229/18/4116
f 5206/16/4093 5229/18/4116 5224/16/4111
f 5207/1/4094 5204/4/4091 5230/4/4117
f 5207/1/4094 5230/4/4117 5231/1/4118
f 5208/36/4095 5190/38/4077 5193/38/4080
f 5208/36/4095 5193/38/4080 5232/36/4119
f 5210/44/4097 5209/46/4096 5233/46/4120
f 5210/44/4097 5233/46/4120 5234/44/4121
f 5211/14/4098 5206/16/4093 5224/16/4111
f 5211/14/4098 5224/16/4111 5223/14/4110
f 5209/46/4096 5212/48/4099 5235/48/4122
f 5209/46/4096 5235/48/4122 5233/46/4120
f 5213/34/4100 5208/36/4095 5232/36/4119
f 5213/34/4100 5232/36/4119 5236/34/4123
f 5212/48/4099 5214/50/4101 5237/50/4124
f 5212/48/4099 5237/50/4124 5235/48/4122
f 5215/12/4102 5211/14/4098 5223/14/4110
f 5215/12/4102 5223/14/4110 5238/12/4125
f 5214/50/4101 5216/52/4103 5239/52/4126
f 5214/50/4101 5239/52/4126 5237/50/4124
f 5217/32/4104 5213/34/4100 5236/34/4123
f 5217/32/4104 5236/34/4123 5240/32/4127
f 5216/52/4103 5218/54/4105 5241/54/4128
f 5216/52/4103 5241/54/4128 5239/52/4126
f 5219/10/4106 5215/12/4102 5238/12/4125
f 5219/10/4106 5238/12/4125 5242/10/4129
f 5218/54/4105 5220/56/4107 5243/56/4130
f 5218/54/4105 5243/56/4130 5241/54/4128
f 5221/30/4108 5217/32/4104 5240/32/4127
f 5221/30/4108 5240/32/4127 5244/30/4131
f 5159/22/4046 5205/24/4092 5228/24/4115
f 5159/22/4046 5228/24/4115 5245/22/4132
f 5220/56/4107 5222/58/4109 5246/58/4133
f 5220/56/4107 5246/58/4133 5243/56/4130
f 5196/8/4083 5219/10/4106 5242/10/4129
f 5196/8/4083 5242/10/4129 5247/8/4134
f 5198/42/4085 5210/44/4097 5234/44/4121
f 5198/42/4085 5234/44/4121 5248/42/4135
f 5222/58/4109 5195/60/4082 5249/60/4136
f 5222/58/4109 5249/60/4136 5246/58/4133
f 5200/28/4087 5221/30/4108 5244/30/4131
f 5200/28/4087 5244/30/4131 5250/28/4137
f 5160/20/4047 5159/22/4046 5245/22/4132
f 5160/20/4047 5245/22/4132 5251/20/4138
f 5195/60/4082 5194/62/4081 5252/62/4139
f 5195/60/4082 5252/62/4139 5249/60/4136
f 5197/6/4084 5196/8/4083 5247/8/4134
f 5197/6/4084 5247/8/4134 5253/6/4140
f 5191/40/4078 5198/42/4085 5248/42/4135
f 5191/40/4078 5248/42/4135 5192/40/4079
f 5194/62/4081 5199/64/4086 5254/64/4141
f 5194/62/4081 5254/64/4141 5252/62/4139
f 5201/26/4088 5200/28/4087 5250/28/4137
f 5201/26/4088 5250/28/4137 5227/26/4114
f 5202/18/4089 5160/20/4047 5251/20/4138
f 5202/18/4089 5251/20/4138 5229/18/4116
f 5199/64/4086 5203/66/4090 5255/66/4142
f 5199/64/4086 5255/66/4142 5254/64/4141
f 5204/4/4091 5197/6/4084 5253/6/4140
f 5204/4/4091 5253/6/4140 5230/4/4117
f 5256/32/4143 5257/34/4144 5258/34/4145
f 5256/32/4143 5258/34/4145 5259/32/4146
f 5233/46/4120 5235/48/4122 5260/48/4147
f 5233/46/4120 5260/48/4147 5261/46/4148
f 5236/34/4123 5232/36/4119 5262/36/4149
f 5236/34/4123 5262/36/4149 5257/34/4144
f 5235/48/4122 5237/50/4124 5263/50/4150
f 5235/48/4122 5263/50/4150 5260/48/4147
f 5238/12/4125 5223/14/4110 5226/14/4113
f 5238/12/4125 5226/14/4113 5264/12/4151
f 5237/50/4124 5239/52/4126 5265/52/4152
f 5237/50/4124 5265/52/4152 5263/50/4150
f 5240/32/4127 5236/34/4123 5257/34/4144
f 5240/32/4127 5257/34/4144 5256/32/4143
f 5239/52/4126 5241/54/4128 5266/54/4153
f 5239/52/4126 5266/54/4153 5265/52/4152
f 5242/10/4129 5238/12/4125 5264/12/4151
f 5242/10/4129 5264/12/4151 5267/10/4154
f 5241/54/4128 5243/56/4130 5268/56/4155
f 5241/54/4128 5268/56/4155 5266/54/4153
f 5244/30/4131 5240/32/4127 5256/32/4143
f 5244/30/4131 5256/32/4143 5269/30/4156
f 5245/22/4132 5228/24/4115 5270/24/4157
f 5245/22/4132 5270/24/4157 5271/22/4158
f 5243/56/4130 5246/58/4133 5272/58/4159
f 5243/56/4130 5272/58/4159 5268/56/4155
f 5247/8/4134 5242/10/4129 5267/10/4154
f 5247/8/4134 5267/10/4154 5273/8/4160
f 5248/42/4135 5234/44/4121 5274/44/4161
f 5248/42/4135 5274/44/4161 5275/42/4162
f 5246/58/4133 5249/60/4136 5276/60/4163
f 5246/58/4133 5276/60/4163 5272/58/4159
f 5250/28/4137 5244/30/4131 5269/30/4156
f 5250/28/4137 5269/30/4156 5277/28/4164
f 5251/20/4138 5245/22/4132 5271/22/4158
f 5251/20/4138 5271/22/4158 5278/20/4165
f 5249/60/4136 5252/62/4139 5279/62/4166
f 5249/60/4136 5279/62/4166 5276/60/4163
f 5253/6/4140 5247/8/4134 5273/8/4160
f 5253/6/4140 5273/8/4160 5280/6/4167
f 5192/40/4079 5248/42/4135 5275/42/4162
f 5192/40/4079 5275/42/4162 5281/40/4168
f 5252/62/4139 5254/64/4141 5282/64/4169
f 5252/62/4139 5282/64/4169 5279/62/4166
f 5227/26/4114 5250/28/4137 5277/28/4164
f 5227/26/4114 5277/28/4164 5283/26/4170
f 5229/18/4116 5251/20/4138 5278/20/4165
f 5229/18/4116 5278/20/4165 5284/18/4171
f 5254/64/4141 5255/66/4142 5285/66/4172
f 5254/64/4141 5285/66/4172 5282/64/4169
f 5230/4/4117 5253/6/4140 5280/6/4167
f 5230/4/4117 5280/6/4167 5286/4/4173
f 5193/38/4080 5192/40/4079 5281/40/4168
f 5193/38/4080 5281/40/4168 5287/38/4174
f 5228/24/4115 5227/26/4114 5283/26/4170
f 5228/24/4115 5283/26/4170 5270/24/4157
f 5224/16/4111 5229/18/4116 5284/18/4171
f 5224/16/4111 5284/18/4171 5225/16/4112
f 5231/1/4118 5230/4/4117 5286/4/4173
f 5231/1/4118 5286/4/4173 5288/1/4175
f 5232/36/4119 5193/38/4080 5287/38/4174
f 5232/36/4119 5287/38/4174 5262/36/4149
f 5234/44/4121 5233/46/4120 5261/46/4148
f 5234/44/4121 5261/46/4148 5274/44/4161
f 5289/8/4176 5290/10/4177 5291/10/4178
f 5289/8/4176 5291/10/4178 5292/8/4179
f 5265/52/4152 5266/54/4153 5293/54/4180
f 5265/52/4152 5293/54/4180 5294/52/4181
f 5267/10/4154 5264/12/4151 5295/12/4182
f 5267/10/4154 5295/12/4182 5290/10/4177
f 5266/54/4153 5268/56/4155 5296/56/4183
f 5266/54/4153 5296/56/4183 5293/54/4180
f 5269/30/4156 5256/32/4143 5259/32/4146
f 5269/30/4156 5259/32/4146 5297/30/4184
f 5271/22/4158 5270/24/4157 5298/24/4185
f 5271/22/4158 5298/24/4185 5299/22/4186
f 5268/56/4155 5272/58/4159 5300/58/4187
f 5268/56/4155 5300/58/4187 5296/56/4183
f 5273/8/4160 5267/10/4154 5290/10/4177
f 5273/8/4160 5290/10/4177 5289/8/4176
f 5275/42/4162 5274/44/4161 5301/44/4188
f 5275/42/4162 5301/44/4188 5302/42/4189
f 5272/58/4159 5276/60/4163 5303/60/4190
f 5272/58/4159 5303/60/4190 5300/58/4187
f 5277/28/4164 5269/30/4156 5297/30/4184
f 5277/28/4164 5297/30/4184 5304/28/4191
f 5278/20/4165 5271/22/4158 5299/22/4186
f 5278/20/4165 5299/22/4186 5305/20/4192
f 5276/60/4163 5279/62/4166 5306/62/4193
f 5276/60/4163 5306/62/4193 5303/60/4190
f 5280/6/4167 5273/8/4160 5289/8/4176
f 5280/6/4167 5289/8/4176 5307/6/4194
f 5281/40/4168 5275/42/4162 5302/42/4189
f 5281/40/4168 5302/42/4189 5308/40/4195
f 5279/62/4166 5282/64/4169 5309/64/4196
f 5279/62/4166 5309/64/4196 5306/62/4193
f 5283/26/4170 5277/28/4164 5304/28/4191
f 5283/26/4170 5304/28/4191 5310/26/4197
f 5284/18/4171 5278/20/4165 5305/20/4192
f 5284/18/4171 5305/20/4192 5311/18/4198
f 5282/64/4169 5285/66/4172 5312/66/4199
f 5282/64/4169 5312/66/4199 5309/64/4196
f 5286/4/4173 5280/6/4167 5307/6/4194
f 5286/4/4173 5307/6/4194 5313/4/4200
f 5287/38/4174 5281/40/4168 5308/40/4195
f 5287/38/4174 5308/40/4195 5314/38/4201
f 5270/24/4157 5283/26/4170 5310/26/4197
f 5270/24/4157 5310/26/4197 5298/24/4185
f 5225/16/4112 5284/18/4171 5311/18/4198
f 5225/16/4112 5311/18/4198 5315/16/4202
f 5288/1/4175 5286/4/4173 5313/4/4200
f 5288/1/4175 5313/4/4200 5316/1/4203
f 5262/36/4149 5287/38/4174 5314/38/4201
f 5262/36/4149 5314/38/4201 5317/36/4204
f 5274/44/4161 5261/46/4148 5318/46/4205
f 5274/44/4161 5318/46/4205 5301/44/4188
f 5226/14/4113 5225/16/4112 5315/16/4202
f 5226/14/4113 5315/16/4202 5319/14/4206
f 5261/46/4148 5260/48/4147 5320/48/4207
f 5261/46/4148 5320/48/4207 5318/46/4205
f 5257/34/4144 5262/36/4149 5317/36/4204
f 5257/34/4144 5317/36/4204 5258/34/4145
f 5260/48/4147 5263/50/4150 5321/50/4208
f 5260/48/4147 5321/50/4208 5320/48/4207
f 5264/12/4151 5226/14/4113 5319/14/4206
f 5264/12/4151 5319/14/4206 5295/12/4182
f 5263/50/4150 5265/52/4152 5294/52/4181
f 5263/50/4150 5294/52/4181 5321/50/4208
f 5322/26/4209 5323/28/4210 5324/28/4211
f 5322/26/4209 5324/28/4211 5325/26/4212
f 5302/42/4189 5301/44/4188 5326/44/4213
f 5302/42/4189 5326/44/4213 5327/42/4214
f 5300/58/4187 5303/60/4190 5328/60/4215
f 5300/58/4187 5328/60/4215 5329/58/4216
f 5304/28/4191 5297/30/4184 5330/30/4217
f 5304/28/4191 5330/30/4217 5323/28/4210
f 5305/20/4192 5299/22/4186 5331/22/4218
f 5305/20/4192 5331/22/4218 5332/20/4219
f 5303/60/4190 5306/62/4193 5333/62/4220
f 5303/60/4190 5333/62/4220 5328/60/4215
f 5307/6/4194 5289/8/4176 5292/8/4179
f 5307/6/4194 5292/8/4179 5334/6/4221
f 5308/40/4195 5302/42/4189 5327/42/4214
f 5308/40/4195 5327/42/4214 5335/40/4222
f 5306/62/4193 5309/64/4196 5336/64/4223
f 5306/62/4193 5336/64/4223 5333/62/4220
f 5310/26/4197 5304/28/4191 5323/28/4210
f 5310/26/4197 5323/28/4210 5322/26/4209
f 5311/18/4198 5305/20/4192 5332/20/4219
f 5311/18/4198 5332/20/4219 5337/18/4224
f 5309/64/4196 5312/66/4199 5338/66/4225
f 5309/64/4196 5338/66/4225 5336/64/4223
f 5313/4/4200 5307/6/4194 5334/6/4221
f 5313/4/4200 5334/6/4221 5339/4/4226
f 5314/38/4201 5308/40/4195 5335/40/4222
f 5314/38/4201 5335/40/4222 5340/38/4227
f 5298/24/4185 5310/26/4197 5322/26/4209
f 5298/24/4185 5322/26/4209 5341/24/4228
f 5315/16/4202 5311/18/4198 5337/18/4224
f 5315/16/4202 5337/18/4224 5342/16/4229
f 5316/1/4203 5313/4/4200 5339/4/4226
f 5316/1/4203 5339/4/4226 5343/1/4230
f 5317/36/4204 5314/38/4201 5340/38/4227
f 5317/36/4204 5340/38/4227 5344/36/4231
f 5301/44/4188 5318/46/4205 5345/46/4232
f 5301/44/4188 5345/46/4232 5326/44/4213
f 5319/14/4206 5315/16/4202 5342/16/4229
f 5319/14/4206 5342/16/4229 5346/14/4233
f 5318/46/4205 5320/48/4207 5347/48/4234
f 5318/46/4205 5347/48/4234 5345/46/4232
f 5258/34/4145 5317/36/4204 5344/36/4231
f 5258/34/4145 5344/36/4231 5348/34/4235
f 5320/48/4207 5321/50/4208 5349/50/4236
f 5320/48/4207 5349/50/4236 5347/48/4234
f 5295/12/4182 5319/14/4206 5346/14/4233
f 5295/12/4182 5346/14/4233 5350/12/4237
f 5321/50/4208 5294/52/4181 5351/52/4238
f 5321/50/4208 5351/52/4238 5349/50/4236
f 5259/32/4146 5258/34/4145 5348/34/4235
f 5259/32/4146 5348/34/4235 5352/32/4239
f 5294/52/4181 5293/54/4180 5353/54/4240
f 5294/52/4181 5353/54/4240 5351/52/4238
f 5290/10/4177 5295/12/4182 5350/12/4237
f 5290/10/4177 5350/12/4237 5291/10/4178
f 5293/54/4180 5296/56/4183 5354/56/4241
f 5293/54/4180 5354/56/4241 5353/54/4240
f 5297/30/4184 5259/32/4146 5352/32/4239
f 5297/30/4184 5352/32/4239 5330/30/4217
f 5299/22/4186 5298/24/4185 5341/24/4228
f 5299/22/4186 5341/24/4228 5331/22/4218
f 5296/56/4183 5300/58/4187 5329/58/4216
f 5296/56/4183 5329/58/4216 5354/56/4241
f 5355/1/4242 5356/4/4243 5357/4/4244
f 5355/1/4242 5357/4/4244 5358/1/4245
f 5337/18/4224 5332/20/4219 5359/20/4246
f 5337/18/4224 5359/20/4246 5360/18/4247
f 5336/64/4223 5338/66/4225 5361/66/4248
f 5336/64/4223 5361/66/4248 5362/64/4249
f 5339/4/4226 5334/6/4221 5363/6/4250
f 5339/4/4226 5363/6/4250 5356/4/4243
f 5340/38/4227 5335/40/4222 5364/40/4251
f 5340/38/4227 5364/40/4251 5365/38/4252
f 5341/24/4228 5322/26/4209 5325/26/4212
f 5341/24/4228 5325/26/4212 5366/24/4253
f 5342/16/4229 5337/18/4224 5360/18/4247
f 5342/16/4229 5360/18/4247 5367/16/4254
f 5343/1/4230 5339/4/4226 5356/4/4243
f 5343/1/4230 5356/4/4243 5355/1/4242
f 5344/36/4231 5340/38/4227 5365/38/4252
f 5344/36/4231 5365/38/4252 5368/36/4255
f 5326/44/4213 5345/46/4232 5369/46/4256
f 5326/44/4213 5369/46/4256 5370/44/4257
f 5346/14/4233 5342/16/4229 5367/16/4254
f 5346/14/4233 5367/16/4254 5371/14/4258
f 5345/46/4232 5347/48/4234 5372/48/4259
f 5345/46/4232 5372/48/4259 5369/46/4256
f 5348/34/4235 5344/36/4231 5368/36/4255
f 5348/34/4235 5368/36/4255 5373/34/4260
f 5347/48/4234 5349/50/4236 5374/50/4261
f 5347/48/4234 5374/50/4261 5372/48/4259
f 5350/12/4237 5346/14/4233 5371/14/4258
f 5350/12/4237 5371/14/4258 5375/12/4262
f 5349/50/4236 5351/52/4238 5376/52/4263
f 5349/50/4236 5376/52/4263 5374/50/4261
f 5352/32/4239 5348/34/4235 5373/34/4260
f 5352/32/4239 5373/34/4260 5377/32/4264
f 5351/52/4238 5353/54/4240 5378/54/4265
f 5351/52/4238 5378/54/4265 5376/52/4263
f 5291/10/4178 5350/12/4237 5375/12/4262
f 5291/10/4178 5375/12/4262 5379/10/4266
f 5353/54/4240 5354/56/4241 5380/56/4267
f 5353/54/4240 5380/56/4267 5378/54/4265
f 5330/30/4217 5352/32/4239 5377/32/4264
f 5330/30/4217 5377/32/4264 5381/30/4268
f 5331/22/4218 5341/24/4228 5366/24/4253
f 5331/22/4218 5366/24/4253 5382/22/4269
f 5354/56/4241 5329/58/4216 5383/58/4270
f 5354/56/4241 5383/58/4270 5380/56/4267
f 5292/8/4179 5291/10/4178 5379/10/4266
f 5292/8/4179 5379/10/4266 5384/8/4271
f 5327/42/4214 5326/44/4213 5370/44/4257
f 5327/42/4214 5370/44/4257 5385/42/4272
f 5329/58/4216 5328/60/4215 5386/60/4273
f 5329/58/4216 5386/60/4273 5383/58/4270
f 5323/28/4210 5330/30/4217 5381/30/4268
f 5323/28/4210 5381/30/4268 5324/28/4211
f 5332/20/4219 5331/22/4218 5382/22/4269
f 5332/20/4219 5382/22/4269 5359/20/4246
f 5328/60/4215 5333/62/4220 5387/62/4274
f 5328/60/4215 5387/62/4274 5386/60/4273
f 5334/6/4221 5292/8/4179 5384/8/4271
f 5334/6/4221 5384/8/4271 5363/6/4250
f 5335/40/4222 5327/42/4214 5385/42/4272
f 5335/40/4222 5385/42/4272 5364/40/4251
f 5333/62/4220 5336/64/4223 5362/64/4249
f 5333/62/4220 5362/64/4249 5387/62/4274
f 5388/48/4275 5389/50/4276 5390/50/4277
f 5388/48/4275 5390/50/4277 5391/48/4278
f 5368/36/4255 5365/38/4252 5392/38/4279
f 5368/36/4255 5392/38/4279 5393/36/4280
f 5370/44/4257 5369/46/4256 5394/46/4281
f 5370/44/4257 5394/46/4281 5395/44/4282
f 5371/14/4258 5367/16/4254 5396/16/4283
f 5371/14/4258 5396/16/4283 5397/14/4284
f 5369/46/4256 5372/48/4259 5388/48/4275
f 5369/46/4256 5388/48/4275 5394/46/4281
f 5373/34/4260 5368/36/4255 5393/36/4280
f 5373/34/4260 5393/36/4280 5398/34/4285
f 5372/48/4259 5374/50/4261 5389/50/4276
f 5372/48/4259 5389/50/4276 5388/48/4275
f 5375/12/4262 5371/14/4258 5397/14/4284
f 5375/12/4262 5397/14/4284 5399/12/4286
f 5374/50/4261 5376/52/4263 5400/52/4287
f 5374/50/4261 5400/52/4287 5389/50/4276
f 5377/32/4264 5373/34/4260 5398/34/4285
f 5377/32/4264 5398/34/4285 5401/32/4288
f 5376/52/4263 5378/54/4265 5402/54/4289
f 5376/52/4263 5402/54/4289 5400/52/4287
f 5379/10/4266 5375/12/4262 5399/12/4286
f 5379/10/4266 5399/12/4286 5403/10/4290
f 5378/54/4265 5380/56/4267 5404/56/4291
f 5378/54/4265 5404/56/4291 5402/54/4289
f 5381/30/4268 5377/32/4264 5401/32/4288
f 5381/30/4268 5401/32/4288 5405/30/4292
f 5382/22/4269 5366/24/4253 5406/24/4293
f 5382/22/4269 5406/24/4293 5407/22/4294
f 5380/56/4267 5383/58/4270 5408/58/4295
f 5380/56/4267 5408/58/4295 5404/56/4291
f 5384/8/4271 5379/10/4266 5403/10/4290
f 5384/8/4271 5403/10/4290 5409/8/4296
f 5385/42/4272 5370/44/4257 5395/44/4282
f 5385/42/4272 5395/44/4282 5410/42/4297
f 5383/58/4270 5386/60/4273 5411/60/4298
f 5383/58/4270 5411/60/4298 5408/58/4295
f 5324/28/4211 5381/30/4268 5405/30/4292
f 5324/28/4211 5405/30/4292 5412/28/4299
f 5359/20/4246 5382/22/4269 5407/22/4294
f 5359/20/4246 5407/22/4294 5413/20/4300
f 5386/60/4273 5387/62/4274 5414/62/4301
f 5386/60/4273 5414/62/4301 5411/60/4298
f 5363/6/4250 5384/8/4271 5409/8/4296
f 5363/6/4250 5409/8/4296 5415/6/4302
f 5364/40/4251 5385/42/4272 5410/42/4297
f 5364/40/4251 5410/42/4297 5416/40/4303
f 5387/62/4274 5362/64/4249 5417/64/4304
f 5387/62/4274 5417/64/4304 5414/62/4301
f 5325/26/4212 5324/28/4211 5412/28/4299
f 5325/26/4212 5412/28/4299 5418/26/4305
f 5360/18/4247 5359/20/4246 5413/20/4300
f 5360/18/4247 5413/20/4300 5419/18/4306
f 5362/64/4249 5361/66/4248 5420/66/4307
f 5362/64/4249 5420/66/4307 5417/64/4304
f 5356/4/4243 5363/6/4250 5415/6/4302
f 5356/4/4243 5415/6/4302 5357/4/4244
f 5365/38/4252 5364/40/4251 5416/40/4303
f 5365/38/4252 5416/40/4303 5392/38/4279
f 5366/24/4253 5325/26/4212 5418/26/4305
f 5366/24/4253 5418/26/4305 5406/24/4293
f 5367/16/4254 5360/18/4247 5419/18/4306
f 5367/16/4254 5419/18/4306 5396/16/4283
f 5421/10/4308 5422/12/4309 5423/12/4310
f 5421/10/4308 5423/12/4310 5424/10/4311
f 5399/12/4286 5397/14/4284 5425/14/4312
f 5399/12/4286 5425/14/4312 5422/12/4309
f 5389/50/4276 5400/52/4287 5426/52/4313
f 5389/50/4276 5426/52/4313 5390/50/4277
f 5401/32/4288 5398/34/4285 5427/34/4314
f 5401/32/4288 5427/34/4314 5428/32/4315
f 5400/52/4287 5402/54/4289 5429/54/4316
f 5400/52/4287 5429/54/4316 5426/52/4313
f 5403/10/4290 5399/12/4286 5422/12/4309
f 5403/10/4290 5422/12/4309 5421/10/4308
f 5402/54/4289 5404/56/4291 5430/56/4317
f 5402/54/4289 5430/56/4317 5429/54/4316
f 5405/30/4292 5401/32/4288 5428/32/4315
f 5405/30/4292 5428/32/4315 5431/30/4318
f 5407/22/4294 5406/24/4293 5432/24/4319
f 5407/22/4294 5432/24/4319 5433/22/4320
f 5404/56/4291 5408/58/4295 5434/58/4321
f 5404/56/4291 5434/58/4321 5430/56/4317
f 5409/8/4296 5403/10/4290 5421/10/4308
f 5409/8/4296 5421/10/4308 5435/8/4322
f 5410/42/4297 5395/44/4282 5436/44/4323
f 5410/42/4297 5436/44/4323 5437/42/4324
f 5408/58/4295 5411/60/4298 5438/60/4325
f 5408/58/4295 5438/60/4325 5434/58/4321
f 5412/28/4299 5405/30/4292 5431/30/4318
f 5412/28/4299 5431/30/4318 5439/28/4326
f 5413/20/4300 5407/22/4294 5433/22/4320
f 5413/20/4300 5433/22/4320 5440/20/4327
f 5411/60/4298 5414/62/4301 5441/62/4328
f 5411/60/4298 5441/62/4328 5438/60/4325
f 5415/6/4302 5409/8/4296 5435/8/4322
f 5415/6/4302 5435/8/4322 5442/6/4329
f 5416/40/4303 5410/42/4297 5437/42/4324
f 5416/40/4303 5437/42/4324 5443/40/4330
f 5414/62/4301 5417/64/4304 5444/64/4331
f 5414/62/4301 5444/64/4331 5441/62/4328
f 5418/26/4305 5412/28/4299 5439/28/4326
f 5418/26/4305 5439/28/4326 5445/26/4332
f 5419/18/4306 5413/20/4300 5440/20/4327
f 5419/18/4306 5440/20/4327 5446/18/4333
f 5417/64/4304 5420/66/4307 5447/66/3181
f 5417/64/4304 5447/66/3181 5444/64/4331
f 5357/4/4244 5415/6/4302 5442/6/4329
f 5357/4/4244 5442/6/4329 5448/4/4334
f 5392/38/4279 5416/40/4303 5443/40/4330
f 5392/38/4279 5443/40/4330 5449/38/4335
f 5406/24/4293 5418/26/4305 5445/26/4332
f 5406/24/4293 5445/26/4332 5432/24/4319
f 5396/16/4283 5419/18/4306 5446/18/4333
f 5396/16/4283 5446/18/4333 5450/16/4336
f 5358/1/4245 5357/4/4244 5448/4/4334
f 5358/1/4245 5448/4/4334 5451/1/4337
f 5393/36/4280 5392/38/4279 5449/38/4335
f 5393/36/4280 5449/38/4335 5452/36/4338
f 5395/44/4282 5394/46/4281 5453/46/4339
f 5395/44/4282 5453/46/4339 5436/44/4323
f 5397/14/4284 5396/16/4283 5450/16/4336
f 5397/14/4284 5450/16/4336 5425/14/4312
f 5394/46/4281 5388/48/4275 5391/48/4278
f 5394/46/4281 5391/48/4278 5453/46/4339
f 5398/34/4285 5393/36/4280 5452/36/4338
f 5398/34/4285 5452/36/4338 5427/34/4314
f 5454/28/4340 5455/30/4341 5456/30/4342
f 5454/28/4340 5456/30/4342 5457/28/4343
f 5429/54/4316 5430/56/4317 5458/56/4344
f 5429/54/4316 5458/56/4344 5459/54/4345
f 5431/30/4318 5428/32/4315 5460/32/4346
f 5431/30/4318 5460/32/4346 5455/30/4341
f 5433/22/4320 5432/24/4319 5461/24/4347
f 5433/22/4320 5461/24/4347 5462/22/4348
f 5430/56/4317 5434/58/4321 5463/58/4349
f 5430/56/4317 5463/58/4349 5458/56/4344
f 5435/8/4322 5421/10/4308 5424/10/4311
f 5435/8/4322 5424/10/4311 5464/8/4350
f 5437/42/4324 5436/44/4323 5465/44/4351
f 5437/42/4324 5465/44/4351 5466/42/4352
f 5434/58/4321 5438/60/4325 5467/60/4353
f 5434/58/4321 5467/60/4353 5463/58/4349
f 5439/28/4326 5431/30/4318 5455/30/4341
f 5439/28/4326 5455/30/4341 5454/28/4340
f 5440/20/4327 5433/22/4320 5462/22/4348
f 5440/20/4327 5462/22/4348 5468/20/4354
f 5438/60/4325 5441/62/4328 5469/62/4355
f 5438/60/4325 5469/62/4355 5467/60/4353
f 5442/6/4329 5435/8/4322 5464/8/4350
f 5442/6/4329 5464/8/4350 5470/6/4356
f 5443/40/4330 5437/42/4324 5466/42/4352
f 5443/40/4330 5466/42/4352 5471/40/4357
f 5441/62/4328 5444/64/4331 5472/64/4358
f 5441/62/4328 5472/64/4358 5469/62/4355
f 5445/26/4332 5439/28/4326 5454/28/4340
f 5445/26/4332 5454/28/4340 5473/26/4359
f 5446/18/4333 5440/20/4327 5468/20/4354
f 5446/18/4333 5468/20/4354 5474/18/4360
f 5444/64/4331 5447/66/3181 5475/66/4361
f 5444/64/4331 5475/66/4361 5472/64/4358
f 5448/4/4334 5442/6/4329 5470/6/4356
f 5448/4/4334 5470/6/4356 5476/4/4362
f 5449/38/4335 5443/40/4330 5471/40/4357
f 5449/38/4335 5471/40/4357 5477/38/4363
f 5432/24/4319 5445/26/4332 5473/26/4359
f 5432/24/4319 5473/26/4359 5461/24/4347
f 5450/16/4336 5446/18/4333 5474/18/4360
f 5450/16/4336 5474/18/4360 5478/16/4364
f 5451/1/4337 5448/4/4334 5476/4/4362
f 5451/1/4337 5476/4/4362 5479/1/4365
f 5452/36/4338 5449/38/4335 5477/38/4363
f 5452/36/4338 5477/38/4363 5480/36/4366
f 5436/44/4323 5453/46/4339 5481/46/4367
f 5436/44/4323 5481/46/4367 5465/44/4351
f 5425/14/4312 5450/16/4336 5478/16/4364
f 5425/14/4312 5478/16/4364 5482/14/4368
f 5453/46/4339 5391/48/4278 5483/48/4369
f 5453/46/4339 5483/48/4369 5481/46/4367
f 5427/34/4314 5452/36/4338 5480/36/4366
f 5427/34/4314 5480/36/4366 5484/34/4370
f 5391/48/4278 5390/50/4277 5485/50/4371
f 5391/48/4278 5485/50/4371 5483/48/4369
f 5422/12/4309 5425/14/4312 5482/14/4368
f 5422/12/4309 5482/14/4368 5423/12/4310
f 5390/50/4277 5426/52/4313 5486/52/4372
f 5390/50/4277 5486/52/4372 5485/50/4371
f 5428/32/4315 5427/34/4314 5484/34/4370
f 5428/32/4315 5484/34/4370 5460/32/4346
f 5426/52/4313 5429/54/4316 5459/54/4345
f 5426/52/4313 5459/54/4345 5486/52/4372
f 5487/4/4373 5488/6/4374 5489/6/4375
f 5487/4/4373 5489/6/4375 5490/4/4376
f 5468/20/4354 5462/22/4348 5491/22/4377
f 5468/20/4354 5491/22/4377 5492/20/4378
f 5467/60/4353 5469/62/4355 5493/62/4379
f 5467/60/4353 5493/62/4379 5494/60/4380
f 5470/6/4356 5464/8/4350 5495/8/4381
f 5470/6/4356 5495/8/4381 5488/6/4374
f 5471/40/4357 5466/42/4352 5496/42/4382
f 5471/40/4357 5496/42/4382 5497/40/4383
f 5469/62/4355 5472/64/4358 5498/64/4384
f 5469/62/4355 5498/64/4384 5493/62/4379
f 5473/26/4359 5454/28/4340 5457/28/4343
f 5473/26/4359 5457/28/4343 5499/26/4385
f 5474/18/4360 5468/20/4354 5492/20/4378
f 5474/18/4360 5492/20/4378 5500/18/4386
f 5472/64/4358 5475/66/4361 5501/66/4387
f 5472/64/4358 5501/66/4387 5498/64/4384
f 5476/4/4362 5470/6/4356 5488/6/4374
f 5476/4/4362 5488/6/4374 5487/4/4373
f 5477/38/4363 5471/40/4357 5497/40/4383
f 5477/38/4363 5497/40/4383 5502/38/4388
f 5461/24/4347 5473/26/4359 5499/26/4385
f 5461/24/4347 5499/26/4385 5503/24/4389
f 5478/16/4364 5474/18/4360 5500/18/4386
f 5478/16/4364 5500/18/4386 5504/16/4390
f 5479/1/4365 5476/4/4362 5487/4/4373
f 5479/1/4365 5487/4/4373 5505/1/4391
f 5480/36/4366 5477/38/4363 5502/38/4388
f 5480/36/4366 5502/38/4388 5506/36/4392
f 5465/44/4351 5481/46/4367 5507/46/4393
f 5465/44/4351 5507/46/4393 5508/44/4394
f 5482/14/4368 5478/16/4364 5504/16/4390
f 5482/14/4368 5504/16/4390 5509/14/4395
f 5481/46/4367 5483/48/4369 5510/48/4396
f 5481/46/4367 5510/48/4396 5507/46/4393
f 5484/34/4370 5480/36/4366 5506/36/4392
f 5484/34/4370 5506/36/4392 5511/34/4397
f 5483/48/4369 5485/50/4371 5512/50/4398
f 5483/48/4369 5512/50/4398 5510/48/4396
f 5423/12/4310 5482/14/4368 5509/14/4395
f 5423/12/4310 5509/14/4395 5513/12/4399
f 5485/50/4371 5486/52/4372 5514/52/4400
f 5485/50/4371 5514/52/4400 5512/50/4398
f 5460/32/4346 5484/34/4370 5511/34/4397
f 5460/32/4346 5511/34/4397 5515/32/4401
f 5486/52/4372 5459/54/4345 5516/54/4402
f 5486/52/4372 5516/54/4402 5514/52/4400
f 5424/10/4311 5423/12/4310 5513/12/4399
f 5424/10/4311 5513/12/4399 5517/10/4403
f 5459/54/4345 5458/56/4344 5518/56/4404
f 5459/54/4345 5518/56/4404 5516/54/4402
f 5455/30/4341 5460/32/4346 5515/32/4401
f 5455/30/4341 5515/32/4401 5456/30/4342
f 5462/22/4348 5461/24/4347 5503/24/4389
f 5462/22/4348 5503/24/4389 5491/22/4377
f 5458/56/4344 5463/58/4349 5519/58/4405
f 5458/56/4344 5519/58/4405 5518/56/4404
f 5464/8/4350 5424/10/4311 5517/10/4403
f 5464/8/4350 5517/10/4403 5495/8/4381
f 5466/42/4352 5465/44/4351 5508/44/4394
f 5466/42/4352 5508/44/4394 5496/42/4382
f 5463/58/4349 5467/60/4353 5494/60/4380
f 5463/58/4349 5494/60/4380 5519/58/4405
f 5520/44/4406 5521/46/4407 5522/46/4408
f 5520/44/4406 5522/46/4408 5523/44/4409
f 5502/38/4388 5497/40/4383 5524/40/4410
f 5502/38/4388 5524/40/4410 5525/38/4411
f 5503/24/4389 5499/26/4385 5526/26/4412
f 5503/24/4389 5526/26/4412 5527/24/4413
f 5504/16/4390 5500/18/4386 5528/18/4414
f 5504/16/4390 5528/18/4414 5529/16/4415
f 5505/1/4391 5487/4/4373 5490/4/4376
f 5505/1/4391 5490/4/4376 5530/1/4416
f 5506/36/4392 5502/38/4388 5525/38/4411
f 5506/36/4392 5525/38/4411 5531/36/4417
f 5508/44/4394 5507/46/4393 5521/46/4407
f 5508/44/4394 5521/46/4407 5520/44/4406
f 5509/14/4395 5504/16/4390 5529/16/4415
f 5509/14/4395 5529/16/4415 5532/14/4418
f 5507/46/4393 5510/48/4396 5533/48/4419
f 5507/46/4393 5533/48/4419 5521/46/4407
f 5511/34/4397 5506/36/4392 5531/36/4417
f 5511/34/4397 5531/36/4417 5534/34/4420
f 5510/48/4396 5512/50/4398 5535/50/4421
f 5510/48/4396 5535/50/4421 5533/48/4419
f 5513/12/4399 5509/14/4395 5532/14/4418
f 5513/12/4399 5532/14/4418 5536/12/4422
f 5512/50/4398 5514/52/4400 5537/52/4423
f 5512/50/4398 5537/52/4423 5535/50/4421
f 5515/32/4401 5511/34/4397 5534/34/4420
f 5515/32/4401 5534/34/4420 5538/32/4424
f 5514/52/4400 5516/54/4402 5539/54/4425
f 5514/52/4400 5539/54/4425 5537/52/4423
f 5517/10/4403 5513/12/4399 5536/12/4422
f 5517/10/4403 5536/12/4422 5540/10/4426
f 5516/54/4402 5518/56/4404 5541/56/4427
f 5516/54/4402 5541/56/4427 5539/54/4425
f 5456/30/4342 5515/32/4401 5538/32/4424
f 5456/30/4342 5538/32/4424 5542/30/4428
f 5491/22/4377 5503/24/4389 5527/24/4413
f 5491/22/4377 5527/24/4413 5543/22/4429
f 5518/56/4404 5519/58/4405 5544/58/4430
f 5518/56/4404 5544/58/4430 5541/56/4427
f 5495/8/4381 5517/10/4403 5540/10/4426
f 5495/8/4381 5540/10/4426 5545/8/4431
f 5496/42/4382 5508/44/4394 5520/44/4406
f 5496/42/4382 5520/44/4406 5546/42/4432
f 5519/58/4405 5494/60/4380 5547/60/4433
f 5519/58/4405 5547/60/4433 5544/58/4430
f 5457/28/4343 5456/30/4342 5542/30/4428
f 5457/28/4343 5542/30/4428 5548/28/4434
f 5492/20/4378 5491/22/4377 5543/22/4429
f 5492/20/4378 5543/22/4429 5549/20/4435
f 5494/60/4380 5493/62/4379 5550/62/4436
f 5494/60/4380 5550/62/4436 5547/60/4433
f 5488/6/4374 5495/8/4381 5545/8/4431
f 5488/6/4374 5545/8/4431 5489/6/4375
f 5497/40/4383 5496/42/4382 5546/42/4432
f 5497/40/4383 5546/42/4432 5524/40/4410
f 5493/62/4379 5498/64/4384 5551/64/4437
f 5493/62/4379 5551/64/4437 5550/62/4436
f 5499/26/4385 5457/28/4343 5548/28/4434
f 5499/26/4385 5548/28/4434 5526/26/4412
f 5500/18/4386 5492/20/4378 5549/20/4435
f 5500/18/4386 5549/20/4435 5528/18/4414
f 5498/64/4384 5501/66/4387 5552/66/4438
f 5498/64/4384 5552/66/4438 5551/64/4437
f 5553/50/4439 5554/52/4440 5555/52/4441
f 5553/50/4439 5555/52/4441 5556/50/4442
f 5532/14/4418 5529/16/4415 5557/16/4443
f 5532/14/4418 5557/16/4443 5558/14/4444
f 5521/46/4407 5533/48/4419 5559/48/4445
f 5521/46/4407 5559/48/4445 5522/46/4408
f 5534/34/4420 5531/36/4417 5560/36/4446
f 5534/34/4420 5560/36/4446 5561/34/4447
f 5533/48/4419 5535/50/4421 5553/50/4439
f 5533/48/4419 5553/50/4439 5559/48/4445
f 5536/12/4422 5532/14/4418 5558/14/4444
f 5536/12/4422 5558/14/4444 5562/12/4448
f 5535/50/4421 5537/52/4423 5554/52/4440
f 5535/50/4421 5554/52/4440 5553/50/4439
f 5538/32/4424 5534/34/4420 5561/34/4447
f 5538/32/4424 5561/34/4447 5563/32/4449
f 5537/52/4423 5539/54/4425 5564/54/4450
f 5537/52/4423 5564/54/4450 5554/52/4440
f 5540/10/4426 5536/12/4422 5562/12/4448
f 5540/10/4426 5562/12/4448 5565/10/4451
f 5539/54/4425 5541/56/4427 5566/56/4452
f 5539/54/4425 5566/56/4452 5564/54/4450
f 5542/30/4428 5538/32/4424 5563/32/4449
f 5542/30/4428 5563/32/4449 5567/30/4453
f 5543/22/4429 5527/24/4413 5568/24/4454
f 5543/22/4429 5568/24/4454 5569/22/4455
f 5541/56/4427 5544/58/4430 5570/58/4456
f 5541/56/4427 5570/58/4456 5566/56/4452
f 5545/8/4431 5540/10/4426 5565/10/4451
f 5545/8/4431 5565/10/4451 5571/8/4457
f 5546/42/4432 5520/44/4406 5523/44/4409
f 5546/42/4432 5523/44/4409 5572/42/4458
f 5544/58/4430 5547/60/4433 5573/60/4459
f 5544/58/4430 5573/60/4459 5570/58/4456
f 5548/28/4434 5542/30/4428 5567/30/4453
f 5548/28/4434 5567/30/4453 5574/28/4460
f 5549/20/4435 5543/22/4429 5569/22/4455
f 5549/20/4435 5569/22/4455 5575/20/4461
f 5547/60/4433 5550/62/4436 5576/62/4462
f 5547/60/4433 5576/62/4462 5573/60/4459
f 5489/6/4375 5545/8/4431 5571/8/4457
f 5489/6/4375 5571/8/4457 5577/6/4463
f 5524/40/4410 5546/42/4432 5572/42/4458
f 5524/40/4410 5572/42/4458 5578/40/4464
f 5550/62/4436 5551/64/4437 5579/64/4465
f 5550/62/4436 5579/64/4465 5576/62/4462
f 5526/26/4412 5548/28/4434 5574/28/4460
f 5526/26/4412 5574/28/4460 5580/26/4466
f 5528/18/4414 5549/20/4435 5575/20/4461
f 5528/18/4414 5575/20/4461 5581/18/4467
f 5551/64/4437 5552/66/4438 5582/66/4468
f 5551/64/4437 5582/66/4468 5579/64/4465
f 5490/4/4376 5489/6/4375 5577/6/4463
f 5490/4/4376 5577/6/4463 5583/4/4469
f 5525/38/4411 5524/40/4410 5578/40/4464
f 5525/38/4411 5578/40/4464 5584/38/4470
f 5527/24/4413 5526/26/4412 5580/26/4466
f 5527/24/4413 5580/26/4466 5568/24/4454
f 5529/16/4415 5528/18/4414 5581/18/4467
f 5529/16/4415 5581/18/4467 5557/16/4443
f 5530/1/4416 5490/4/4376 5583/4/4469
f 5530/1/4416 5583/4/4469 5585/1/4471
f 5531/36/4417 5525/38/4411 5584/38/4470
f 5531/36/4417 5584/38/4470 5560/36/4446
f 5586/56/4472 5587/58/4473 5588/58/4474
f 5586/56/4472 5588/58/4474 5589/56/4475
f 5563/32/4449 5561/34/4447 5590/34/4476
f 5563/32/4449 5590/34/4476 5591/32/4477
f 5554/52/4440 5564/54/4450 5592/54/4478
f 5554/52/4440 5592/54/4478 5555/52/4441
f 5565/10/4451 5562/12/4448 5593/12/4479
f 5565/10/4451 5593/12/4479 5594/10/4480
f 5564/54/4450 5566/56/4452 5586/56/4472
f 5564/54/4450 5586/56/4472 5592/54/4478
f 5567/30/4453 5563/32/4449 5591/32/4477
f 5567/30/4453 5591/32/4477 5595/30/4481
f 5569/22/4455 5568/24/4454 5596/24/4482
f 5569/22/4455 5596/24/4482 5597/22/4483
f 5566/56/4452 5570/58/4456 5587/58/4473
f 5566/56/4452 5587/58/4473 5586/56/4472
f 5571/8/4457 5565/10/4451 5594/10/4480
f 5571/8/4457 5594/10/4480 5598/8/4484
f 5572/42/4458 5523/44/4409 5599/44/4485
f 5572/42/4458 5599/44/4485 5600/42/4486
f 5570/58/4456 5573/60/4459 5601/60/4487
f 5570/58/4456 5601/60/4487 5587/58/4473
f 5574/28/4460 5567/30/4453 5595/30/4481
f 5574/28/4460 5595/30/4481 5602/28/4488
f 5575/20/4461 5569/22/4455 5597/22/4483
f 5575/20/4461 5597/22/4483 5603/20/4489
f 5573/60/4459 5576/62/4462 5604/62/4490
f 5573/60/4459 5604/62/4490 5601/60/4487
f 5577/6/4463 5571/8/4457 5598/8/4484
f 5577/6/4463 5598/8/4484 5605/6/4491
f 5578/40/4464 5572/42/4458 5600/42/4486
f 5578/40/4464 5600/42/4486 5606/40/4492
f 5576/62/4462 5579/64/4465 5607/64/4493
f 5576/62/4462 5607/64/4493 5604/62/4490
f 5580/26/4466 5574/28/4460 5602/28/4488
f 5580/26/4466 5602/28/4488 5608/26/4494
f 5581/18/4467 5575/20/4461 5603/20/4489
f 5581/18/4467 5603/20/4489 5609/18/4495
f 5579/64/4465 5582/66/4468 5610/66/4496
f 5579/64/4465 5610/66/4496 5607/64/4493
f 5583/4/4469 5577/6/4463 5605/6/4491
f 5583/4/4469 5605/6/4491 5611/4/4497
f 5584/38/4470 5578/40/4464 5606/40/4492
f 5584/38/4470 5606/40/4492 5612/38/4498
f 5568/24/4454 5580/26/4466 5608/26/4494
f 5568/24/4454 5608/26/4494 5596/24/4482
f 5557/16/4443 5581/18/4467 5609/18/4495
f 5557/16/4443 5609/18/4495 5613/16/4499
f 5585/1/4471 5583/4/4469 5611/4/4497
f 5585/1/4471 5611/4/4497 5614/1/4500
f 5560/36/4446 5584/38/4470 5612/38/4498
f 5560/36/4446 5612/38/4498 5615/36/4501
f 5523/44/4409 5522/46/4408 5616/46/4502
f 5523/44/4409 5616/46/4502 5599/44/4485
f 5558/14/4444 5557/16/4443 5613/16/4499
f 5558/14/4444 5613/16/4499 5617/14/4503
f 5522/46/4408 5559/48/4445 5618/48/4504
f 5522/46/4408 5618/48/4504 5616/46/4502
f 5561/34/4447 5560/36/4446 5615/36/4501
f 5561/34/4447 5615/36/4501 5590/34/4476
f 5559/48/4445 5553/50/4439 5556/50/4442
f 5559/48/4445 5556/50/4442 5618/48/4504
f 5562/12/4448 5558/14/4444 5617/14/4503
f 5562/12/4448 5617/14/4503 5593/12/4479
f 5619/62/4505 5620/64/4506 5621/64/4507
f 5619/62/4505 5621/64/4507 5622/62/4508
f 5598/8/4484 5594/10/4480 5623/10/4509
f 5598/8/4484 5623/10/4509 5624/8/4510
f 5600/42/4486 5599/44/4485 5625/44/4511
f 5600/42/4486 5625/44/4511 5626/42/4512
f 5587/58/4473 5601/60/4487 5627/60/4513
f 5587/58/4473 5627/60/4513 5588/58/4474
f 5602/28/4488 5595/30/4481 5628/30/4514
f 5602/28/4488 5628/30/4514 5629/28/4515
f 5603/20/4489 5597/22/4483 5630/22/4516
f 5603/20/4489 5630/22/4516 5631/20/4517
f 5601/60/4487 5604/62/4490 5619/62/4505
f 5601/60/4487 5619/62/4505 5627/60/4513
f 5605/6/4491 5598/8/4484 5624/8/4510
f 5605/6/4491 5624/8/4510 5632/6/4518
f 5606/40/4492 5600/42/4486 5626/42/4512
f 5606/40/4492 5626/42/4512 5633/40/4519
f 5604/62/4490 5607/64/4493 5620/64/4506
f 5604/62/4490 5620/64/4506 5619/62/4505
f 5608/26/4494 5602/28/4488 5629/28/4515
f 5608/26/4494 5629/28/4515 5634/26/4520
f 5609/18/4495 5603/20/4489 5631/20/4517
f 5609/18/4495 5631/20/4517 5635/18/4521
f 5607/64/4493 5610/66/4496 5636/66/4522
f 5607/64/4493 5636/66/4522 5620/64/4506
f 5611/4/4497 5605/6/4491 5632/6/4518
f 5611/4/4497 5632/6/4518 5637/4/4523
f 5612/38/4498 5606/40/4492 5633/40/4519
f 5612/38/4498 5633/40/4519 5638/38/4524
f 5596/24/4482 5608/26/4494 5634/26/4520
f 5596/24/4482 5634/26/4520 5639/24/4525
f 5613/16/4499 5609/18/4495 5635/18/4521
f 5613/16/4499 5635/18/4521 5640/16/4526
f 5614/1/4500 5611/4/4497 5637/4/4523
f 5614/1/4500 5637/4/4523 5641/1/4527
f 5615/36/4501 5612/38/4498 5638/38/4524
f 5615/36/4501 5638/38/4524 5642/36/4528
f 5599/44/4485 5616/46/4502 5643/46/4529
f 5599/44/4485 5643/46/4529 5625/44/4511
f 5617/14/4503 5613/16/4499 5640/16/4526
f 5617/14/4503 5640/16/4526 5644/14/4530
f 5616/46/4502 5618/48/4504 5645/48/4531
f 5616/46/4502 5645/48/4531 5643/46/4529
f 5590/34/4476 5615/36/4501 5642/36/4528
f 5590/34/4476 5642/36/4528 5646/34/4532
f 5618/48/4504 5556/50/4442 5647/50/4533
f 5618/48/4504 5647/50/4533 5645/48/4531
f 5593/12/4479 5617/14/4503 5644/14/4530
f 5593/12/4479 5644/14/4530 5648/12/4534
f 5556/50/4442 5555/52/4441 5649/52/4535
f 5556/50/4442 5649/52/4535 5647/50/4533
f 5591/32/4477 5590/34/4476 5646/34/4532
f 5591/32/4477 5646/34/4532 5650/32/4536
f 5555/52/4441 5592/54/4478 5651/54/4537
f 5555/52/4441 5651/54/4537 5649/52/4535
f 5594/10/4480 5593/12/4479 5648/12/4534
f 5594/10/4480 5648/12/4534 5623/10/4509
f 5592/54/4478 5586/56/4472 5589/56/4475
f 5592/54/4478 5589/56/4475 5651/54/4537
f 5595/30/4481 5591/32/4477 5650/32/4536
f 5595/30/4481 5650/32/4536 5628/30/4514
f 5597/22/4483 5596/24/4482 5639/24/4525
f 5597/22/4483 5639/24/4525 5630/22/4516
f 5652/1/4538 5653/4/4539 5654/4/4540
f 5652/1/4538 5654/4/4540 5655/1/4541
f 5634/26/4520 5629/28/4515 5656/28/4542
f 5634/26/4520 5656/28/4542 5657/26/4543
f 5635/18/4521 5631/20/4517 5658/20/4544
f 5635/18/4521 5658/20/4544 5659/18/4545
f 5620/64/4506 5636/66/4522 5660/66/4546
f 5620/64/4506 5660/66/4546 5621/64/4507
f 5637/4/4523 5632/6/4518 5661/6/4547
f 5637/4/4523 5661/6/4547 5653/4/4539
f 5638/38/4524 5633/40/4519 5662/40/4548
f 5638/38/4524 5662/40/4548 5663/38/4549
f 5639/24/4525 5634/26/4520 5657/26/4543
f 5639/24/4525 5657/26/4543 5664/24/4550
f 5640/16/4526 5635/18/4521 5659/18/4545
f 5640/16/4526 5659/18/4545 5665/16/4551
f 5641/1/4527 5637/4/4523 5653/4/4539
f 5641/1/4527 5653/4/4539 5652/1/4538
f 5642/36/4528 5638/38/4524 5663/38/4549
f 5642/36/4528 5663/38/4549 5666/36/4552
f 5625/44/4511 5643/46/4529 5667/46/4553
f 5625/44/4511 5667/46/4553 5668/44/4554
f 5644/14/4530 5640/16/4526 5665/16/4551
f 5644/14/4530 5665/16/4551 5669/14/4555
f 5643/46/4529 5645/48/4531 5670/48/4556
f 5643/46/4529 5670/48/4556 5667/46/4553
f 5646/34/4532 5642/36/4528 5666/36/4552
f 5646/34/4532 5666/36/4552 5671/34/4557
f 5645/48/4531 5647/50/4533 5672/50/4558
f 5645/48/4531 5672/50/4558 5670/48/4556
f 5648/12/4534 5644/14/4530 5669/14/4555
f 5648/12/4534 5669/14/4555 5673/12/4559
f 5647/50/4533 5649/52/4535 5674/52/4560
f 5647/50/4533 5674/52/4560 5672/50/4558
f 5650/32/4536 5646/34/4532 5671/34/4557
f 5650/32/4536 5671/34/4557 5675/32/4561
f 5649/52/4535 5651/54/4537 5676/54/4562
f 5649/52/4535 5676/54/4562 5674/52/4560
f 5623/10/4509 5648/12/4534 5673/12/4559
f 5623/10/4509 5673/12/4559 5677/10/4563
f 5651/54/4537 5589/56/4475 5678/56/4564
f 5651/54/4537 5678/56/4564 5676/54/4562
f 5628/30/4514 5650/32/4536 5675/32/4561
f 5628/30/4514 5675/32/4561 5679/30/4565
f 5630/22/4516 5639/24/4525 5664/24/4550
f 5630/22/4516 5664/24/4550 5680/22/4566
f 5589/56/4475 5588/58/4474 5681/58/4567
f 5589/56/4475 5681/58/4567 5678/56/4564
f 5624/8/4510 5623/10/4509 5677/10/4563
f 5624/8/4510 5677/10/4563 5682/8/4568
f 5626/42/4512 5625/44/4511 5668/44/4554
f 5626/42/4512 5668/44/4554 5683/42/4569
f 5588/58/4474 5627/60/4513 5684/60/4570
f 5588/58/4474 5684/60/4570 5681/58/4567
f 5629/28/4515 5628/30/4514 5679/30/4565
f 5629/28/4515 5679/30/4565 5656/28/4542
f 5631/20/4517 5630/22/4516 5680/22/4566
f 5631/20/4517 5680/22/4566 5658/20/4544
f 5627/60/4513 5619/62/4505 5622/62/4508
f 5627/60/4513 5622/62/4508 5684/60/4570
f 5632/6/4518 5624/8/4510 5682/8/4568
f 5632/6/4518 5682/8/4568 5661/6/4547
f 5633/40/4519 5626/42/4512 5683/42/4569
f 5633/40/4519 5683/42/4569 5662/40/4548
f 5685/48/4571 5686/50/4572 5687/50/4573
f 5685/48/4571 5687/50/4573 5688/48/4574
f 5666/36/4552 5663/38/4549 5689/38/4575
f 5666/36/4552 5689/38/4575 5690/36/4576
f 5668/44/4554 5667/46/4553 5691/46/4577
f 5668/44/4554 5691/46/4577 5692/44/4578
f 5669/14/4555 5665/16/4551 5693/16/4579
f 5669/14/4555 5693/16/4579 5694/14/4580
f 5667/46/4553 5670/48/4556 5685/48/4571
f 5667/46/4553 5685/48/4571 5691/46/4577
f 5671/34/4557 5666/36/4552 5690/36/4576
f 5671/34/4557 5690/36/4576 5695/34/4581
f 5670/48/4556 5672/50/4558 5686/50/4572
f 5670/48/4556 5686/50/4572 5685/48/4571
f 5673/12/4559 5669/14/4555 5694/14/4580
f 5673/12/4559 5694/14/4580 5696/12/4582
f 5672/50/4558 5674/52/4560 5697/52/4583
f 5672/50/4558 5697/52/4583 5686/50/4572
f 5675/32/4561 5671/34/4557 5695/34/4581
f 5675/32/4561 5695/34/4581 5698/32/4584
f 5674/52/4560 5676/54/4562 5699/54/4585
f 5674/52/4560 5699/54/4585 5697/52/4583
f 5677/10/4563 5673/12/4559 5696/12/4582
f 5677/10/4563 5696/12/4582 5700/10/4586
f 5676/54/4562 5678/56/4564 5701/56/4587
f 5676/54/4562 5701/56/4587 5699/54/4585
f 5679/30/4565 5675/32/4561 5698/32/4584
f 5679/30/4565 5698/32/4584 5702/30/4588
f 5680/22/4566 5664/24/4550 5703/24/4589
f 5680/22/4566 5703/24/4589 5704/22/4590
f 5678/56/4564 5681/58/4567 5705/58/4591
f 5678/56/4564 5705/58/4591 5701/56/4587
f 5682/8/4568 5677/10/4563 5700/10/4586
f 5682/8/4568 5700/10/4586 5706/8/4592
f 5683/42/4569 5668/44/4554 5692/44/4578
f 5683/42/4569 5692/44/4578 5707/42/4593
f 5681/58/4567 5684/60/4570 5708/60/4594
f 5681/58/4567 5708/60/4594 5705/58/4591
f 5656/28/4542 5679/30/4565 5702/30/4588
f 5656/28/4542 5702/30/4588 5709/28/4595
f 5658/20/4544 5680/22/4566 5704/22/4590
f 5658/20/4544 5704/22/4590 5710/20/4596
f 5684/60/4570 5622/62/4508 5711/62/4597
f 5684/60/4570 5711/62/4597 5708/60/4594
f 5661/6/4547 5682/8/4568 5706/8/4592
f 5661/6/4547 5706/8/4592 5712/6/4598
f 5662/40/4548 5683/42/4569 5707/42/4593
f 5662/40/4548 5707/42/4593 5713/40/4599
f 5622/62/4508 5621/64/4507 5714/64/4600
f 5622/62/4508 5714/64/4600 5711/62/4597
f 5657/26/4543 5656/28/4542 5709/28/4595
f 5657/26/4543 5709/28/4595 5715/26/4601
f 5659/18/4545 5658/20/4544 5710/20/4596
f 5659/18/4545 5710/20/4596 5716/18/4602
f 5621/64/4507 5660/66/4546 5717/66/4603
f 5621/64/4507 5717/66/4603 5714/64/4600
f 5653/4/4539 5661/6/4547 5712/6/4598
f 5653/4/4539 5712/6/4598 5654/4/4540
f 5663/38/4549 5662/40/4548 5713/40/4599
f 5663/38/4549 5713/40/4599 5689/38/4575
f 5664/24/4550 5657/26/4543 5715/26/4601
f 5664/24/4550 5715/26/4601 5703/24/4589
f 5665/16/4551 5659/18/4545 5716/18/4602
f 5665/16/4551 5716/18/4602 5693/16/4579
f 5718/54/4604 5719/56/4605 5720/56/4606
f 5718/54/4604 5720/56/4606 5721/54/4607
f 5696/12/4582 5694/14/4580 5722/14/4608
f 5696/12/4582 5722/14/4608 5723/12/4609
f 5686/50/4572 5697/52/4583 5724/52/4610
f 5686/50/4572 5724/52/4610 5687/50/4573
f 5698/32/4584 5695/34/4581 5725/34/4611
f 5698/32/4584 5725/34/4611 5726/32/4612
f 5697/52/4583 5699/54/4585 5718/54/4604
f 5697/52/4583 5718/54/4604 5724/52/4610
f 5700/10/4586 5696/12/4582 5723/12/4609
f 5700/10/4586 5723/12/4609 5727/10/4613
f 5699/54/4585 5701/56/4587 5719/56/4605
f 5699/54/4585 5719/56/4605 5718/54/4604
f 5702/30/4588 5698/32/4584 5726/32/4612
f 5702/30/4588 5726/32/4612 5728/30/4614
f 5704/22/4590 5703/24/4589 5729/24/4615
f 5704/22/4590 5729/24/4615 5730/22/4616
f 5701/56/4587 5705/58/4591 5731/58/4617
f 5701/56/4587 5731/58/4617 5719/56/4605
f 5706/8/4592 5700/10/4586 5727/10/4613
f 5706/8/4592 5727/10/4613 5732/8/4618
f 5707/42/4593 5692/44/4578 5733/44/4619
f 5707/42/4593 5733/44/4619 5734/42/4620
f 5705/58/4591 5708/60/4594 5735/60/4621
f 5705/58/4591 5735/60/4621 5731/58/4617
f 5709/28/4595 5702/30/4588 5728/30/4614
f 5709/28/4595 5728/30/4614 5736/28/4622
f 5710/20/4596 5704/22/4590 5730/22/4616
f 5710/20/4596 5730/22/4616 5737/20/4623
f 5708/60/4594 5711/62/4597 5738/62/4624
f 5708/60/4594 5738/62/4624 5735/60/4621
f 5712/6/4598 5706/8/4592 5732/8/4618
f 5712/6/4598 5732/8/4618 5739/6/4625
f 5713/40/4599 5707/42/4593 5734/42/4620
f 5713/40/4599 5734/42/4620 5740/40/4626
f 5711/62/4597 5714/64/4600 5741/64/4627
f 5711/62/4597 5741/64/4627 5738/62/4624
f 5715/26/4601 5709/28/4595 5736/28/4622
f 5715/26/4601 5736/28/4622 5742/26/4628
f 5716/18/4602 5710/20/4596 5737/20/4623
f 5716/18/4602 5737/20/4623 5743/18/4629
f 5714/64/4600 5717/66/4603 5744/66/4630
f 5714/64/4600 5744/66/4630 5741/64/4627
f 5654/4/4540 5712/6/4598 5739/6/4625
f 5654/4/4540 5739/6/4625 5745/4/4631
f 5689/38/4575 5713/40/4599 5740/40/4626
f 5689/38/4575 5740/40/4626 5746/38/4632
f 5703/24/4589 5715/26/4601 5742/26/4628
f 5703/24/4589 5742/26/4628 5729/24/4615
f 5693/16/4579 5716/18/4602 5743/18/4629
f 5693/16/4579 5743/18/4629 5747/16/4633
f 5655/1/4541 5654/4/4540 5745/4/4631
f 5655/1/4541 5745/4/4631 5748/1/4634
f 5690/36/4576 5689/38/4575 5746/38/4632
f 5690/36/4576 5746/38/4632 5749/36/4635
f 5692/44/4578 5691/46/4577 5750/46/4636
f 5692/44/4578 5750/46/4636 5733/44/4619
f 5694/14/4580 5693/16/4579 5747/16/4633
f 5694/14/4580 5747/16/4633 5722/14/4608
f 5691/46/4577 5685/48/4571 5688/48/4574
f 5691/46/4577 5688/48/4574 5750/46/4636
f 5695/34/4581 5690/36/4576 5749/36/4635
f 5695/34/4581 5749/36/4635 5725/34/4611
f 5751/20/4637 5752/22/4638 5753/22/4639
f 5751/20/4637 5753/22/4639 5754/20/4640
f 5728/30/4614 5726/32/4612 5755/32/4641
f 5728/30/4614 5755/32/4641 5756/30/4642
f 5730/22/4616 5729/24/4615 5757/24/4643
f 5730/22/4616 5757/24/4643 5752/22/4638
f 5719/56/4605 5731/58/4617 5758/58/4644
f 5719/56/4605 5758/58/4644 5720/56/4606
f 5732/8/4618 5727/10/4613 5759/10/4645
f 5732/8/4618 5759/10/4645 5760/8/4646
f 5734/42/4620 5733/44/4619 5761/44/4647
f 5734/42/4620 5761/44/4647 5762/42/4648
f 5731/58/4617 5735/60/4621 5763/60/4649
f 5731/58/4617 5763/60/4649 5758/58/4644
f 5736/28/4622 5728/30/4614 5756/30/4642
f 5736/28/4622 5756/30/4642 5764/28/4650
f 5737/20/4623 5730/22/4616 5752/22/4638
f 5737/20/4623 5752/22/4638 5751/20/4637
f 5735/60/4621 5738/62/4624 5765/62/4651
f 5735/60/4621 5765/62/4651 5763/60/4649
f 5739/6/4625 5732/8/4618 5760/8/4646
f 5739/6/4625 5760/8/4646 5766/6/4652
f 5740/40/4626 5734/42/4620 5762/42/4648
f 5740/40/4626 5762/42/4648 5767/40/4653
f 5738/62/4624 5741/64/4627 5768/64/4654
f 5738/62/4624 5768/64/4654 5765/62/4651
f 5742/26/4628 5736/28/4622 5764/28/4650
f 5742/26/4628 5764/28/4650 5769/26/4655
f 5743/18/4629 5737/20/4623 5751/20/4637
f 5743/18/4629 5751/20/4637 5770/18/4656
f 5741/64/4627 5744/66/4630 5771/66/4657
f 5741/64/4627 5771/66/4657 5768/64/4654
f 5745/4/4631 5739/6/4625 5766/6/4652
f 5745/4/4631 5766/6/4652 5772/4/4658
f 5746/38/4632 5740/40/4626 5767/40/4653
f 5746/38/4632 5767/40/4653 5773/38/4659
f 5729/24/4615 5742/26/4628 5769/26/4655
f 5729/24/4615 5769/26/4655 5757/24/4643
f 5747/16/4633 5743/18/4629 5770/18/4656
f 5747/16/4633 5770/18/4656 5774/16/4660
f 5748/1/4634 5745/4/4631 5772/4/4658
f 5748/1/4634 5772/4/4658 5775/1/4661
f 5749/36/4635 5746/38/4632 5773/38/4659
f 5749/36/4635 5773/38/4659 5776/36/4662
f 5733/44/4619 5750/46/4636 5777/46/4663
f 5733/44/4619 5777/46/4663 5761/44/4647
f 5722/14/4608 5747/16/4633 5774/16/4660
f 5722/14/4608 5774/16/4660 5778/14/4664
f 5750/46/4636 5688/48/4574 5779/48/4665
f 5750/46/4636 5779/48/4665 5777/46/4663
f 5725/34/4611 5749/36/4635 5776/36/4662
f 5725/34/4611 5776/36/4662 5780/34/4666
f 5688/48/4574 5687/50/4573 5781/50/4667
f 5688/48/4574 5781/50/4667 5779/48/4665
f 5723/12/4609 5722/14/4608 5778/14/4664
f 5723/12/4609 5778/14/4664 5782/12/4668
f 5687/50/4573 5724/52/4610 5783/52/4669
f 5687/50/4573 5783/52/4669 5781/50/4667
f 5726/32/4612 5725/34/4611 5780/34/4666
f 5726/32/4612 5780/34/4666 5755/32/4641
f 5724/52/4610 5718/54/4604 5721/54/4607
f 5724/52/4610 5721/54/4607 5783/52/4669
f 5727/10/4613 5723/12/4609 5782/12/4668
f 5727/10/4613 5782/12/4668 5759/10/4645
f 5784/38/4670 5785/40/4671 5786/40/4672
f 5784/38/4670 5786/40/4672 5787/38/4673
f 5763/60/4649 5765/62/4651 5788/62/4674
f 5763/60/4649 5788/62/4674 5789/60/4675
f 5766/6/4652 5760/8/4646 5790/8/4676
f 5766/6/4652 5790/8/4676 5791/6/4677
f 5767/40/4653 5762/42/4648 5792/42/4678
f 5767/40/4653 5792/42/4678 5785/40/4671
f 5765/62/4651 5768/64/4654 5793/64/4679
f 5765/62/4651 5793/64/4679 5788/62/4674
f 5769/26/4655 5764/28/4650 5794/28/4680
f 5769/26/4655 5794/28/4680 5795/26/4681
f 5770/18/4656 5751/20/4637 5754/20/4640
f 5770/18/4656 5754/20/4640 5796/18/4682
f 5768/64/4654 5771/66/4657 5797/66/4683
f 5768/64/4654 5797/66/4683 5793/64/4679
f 5772/4/4658 5766/6/4652 5791/6/4677
f 5772/4/4658 5791/6/4677 5798/4/4684
f 5773/38/4659 5767/40/4653 5785/40/4671
f 5773/38/4659 5785/40/4671 5784/38/4670
f 5757/24/4643 5769/26/4655 5795/26/4681
f 5757/24/4643 5795/26/4681 5799/24/4685
f 5774/16/4660 5770/18/4656 5796/18/4682
f 5774/16/4660 5796/18/4682 5800/16/4686
f 5775/1/4661 5772/4/4658 5798/4/4684
f 5775/1/4661 5798/4/4684 5801/1/4687
f 5776/36/4662 5773/38/4659 5784/38/4670
f 5776/36/4662 5784/38/4670 5802/36/4688
f 5761/44/4647 5777/46/4663 5803/46/4689
f 5761/44/4647 5803/46/4689 5804/44/4690
f 5778/14/4664 5774/16/4660 5800/16/4686
f 5778/14/4664 5800/16/4686 5805/14/4691
f 5777/46/4663 5779/48/4665 5806/48/4692
f 5777/46/4663 5806/48/4692 5803/46/4689
f 5780/34/4666 5776/36/4662 5802/36/4688
f 5780/34/4666 5802/36/4688 5807/34/4693
f 5779/48/4665 5781/50/4667 5808/50/4694
f 5779/48/4665 5808/50/4694 5806/48/4692
f 5782/12/4668 5778/14/4664 5805/14/4691
f 5782/12/4668 5805/14/4691 5809/12/4695
f 5781/50/4667 5783/52/4669 5810/52/4696
f 5781/50/4667 5810/52/4696 5808/50/4694
f 5755/32/4641 5780/34/4666 5807/34/4693
f 5755/32/4641 5807/34/4693 5811/32/4697
f 5783/52/4669 5721/54/4607 5812/54/4698
f 5783/52/4669 5812/54/4698 5810/52/4696
f 5759/10/4645 5782/12/4668 5809/12/4695
f 5759/10/4645 5809/12/4695 5813/10/4699
f 5721/54/4607 5720/56/4606 5814/56/4700
f 5721/54/4607 5814/56/4700 5812/54/4698
f 5756/30/4642 5755/32/4641 5811/32/4697
f 5756/30/4642 5811/32/4697 5815/30/4701
f 5752/22/4638 5757/24/4643 5799/24/4685
f 5752/22/4638 5799/24/4685 5753/22/4639
f 5720/56/4606 5758/58/4644 5816/58/4702
f 5720/56/4606 5816/58/4702 5814/56/4700
f 5760/8/4646 5759/10/4645 5813/10/4699
f 5760/8/4646 5813/10/4699 5790/8/4676
f 5762/42/4648 5761/44/4647 5804/44/4690
f 5762/42/4648 5804/44/4690 5792/42/4678
f 5758/58/4644 5763/60/4649 5789/60/4675
f 5758/58/4644 5789/60/4675 5816/58/4702
f 5764/28/4650 5756/30/4642 5815/30/4701
f 5764/28/4650 5815/30/4701 5794/28/4680
f 5817/14/4703 5818/16/4704 5819/16/4705
f 5817/14/4703 5819/16/4705 5820/14/4706
f 5799/24/4685 5795/26/4681 5821/26/4707
f 5799/24/4685 5821/26/4707 5822/24/4708
f 5800/16/4686 5796/18/4682 5823/18/4709
f 5800/16/4686 5823/18/4709 5818/16/4704
f 5801/1/4687 5798/4/4684 5824/4/4710
f 5801/1/4687 5824/4/4710 5825/1/4711
f 5802/36/4688 5784/38/4670 5787/38/4673
f 5802/36/4688 5787/38/4673 5826/36/4712
f 5804/44/4690 5803/46/4689 5827/46/4713
f 5804/44/4690 5827/46/4713 5828/44/4714
f 5805/14/4691 5800/16/4686 5818/16/4704
f 5805/14/4691 5818/16/4704 5817/14/4703
f 5803/46/4689 5806/48/4692 5829/48/4715
f 5803/46/4689 5829/48/4715 5827/46/4713
f 5807/34/4693 5802/36/4688 5826/36/4712
f 5807/34/4693 5826/36/4712 5830/34/4716
f 5806/48/4692 5808/50/4694 5831/50/4717
f 5806/48/4692 5831/50/4717 5829/48/4715
f 5809/12/4695 5805/14/4691 5817/14/4703
f 5809/12/4695 5817/14/4703 5832/12/4718
f 5808/50/4694 5810/52/4696 5833/52/4719
f 5808/50/4694 5833/52/4719 5831/50/4717
f 5811/32/4697 5807/34/4693 5830/34/4716
f 5811/32/4697 5830/34/4716 5834/32/4720
f 5810/52/4696 5812/54/4698 5835/54/4721
f 5810/52/4696 5835/54/4721 5833/52/4719
f 5813/10/4699 5809/12/4695 5832/12/4718
f 5813/10/4699 5832/12/4718 5836/10/4722
f 5812/54/4698 5814/56/4700 5837/56/4723
f 5812/54/4698 5837/56/4723 5835/54/4721
f 5815/30/4701 5811/32/4697 5834/32/4720
f 5815/30/4701 5834/32/4720 5838/30/4724
f 5753/22/4639 5799/24/4685 5822/24/4708
f 5753/22/4639 5822/24/4708 5839/22/4725
f 5814/56/4700 5816/58/4702 5840/58/4726
f 5814/56/4700 5840/58/4726 5837/56/4723
f 5790/8/4676 5813/10/4699 5836/10/4722
f 5790/8/4676 5836/10/4722 5841/8/4727
f 5792/42/4678 5804/44/4690 5828/44/4714
f 5792/42/4678 5828/44/4714 5842/42/4728
f 5816/58/4702 5789/60/4675 5843/60/4729
f 5816/58/4702 5843/60/4729 5840/58/4726
f 5794/28/4680 5815/30/4701 5838/30/4724
f 5794/28/4680 5838/30/4724 5844/28/4730
f 5754/20/4640 5753/22/4639 5839/22/4725
f 5754/20/4640 5839/22/4725 5845/20/4731
f 5789/60/4675 5788/62/4674 5846/62/4732
f 5789/60/4675 5846/62/4732 5843/60/4729
f 5791/6/4677 5790/8/4676 5841/8/4727
f 5791/6/4677 5841/8/4727 5847/6/4733
f 5785/40/4671 5792/42/4678 5842/42/4728
f 5785/40/4671 5842/42/4728 5786/40/4672
f 5788/62/4674 5793/64/4679 5848/64/4734
f 5788/62/4674 5848/64/4734 5846/62/4732
f 5795/26/4681 5794/28/4680 5844/28/4730
f 5795/26/4681 5844/28/4730 5821/26/4707
f 5796/18/4682 5754/20/4640 5845/20/4731
f 5796/18/4682 5845/20/4731 5823/18/4709
f 5793/64/4679 5797/66/4683 5849/66/4735
f 5793/64/4679 5849/66/4735 5848/64/4734
f 5798/4/4684 5791/6/4677 5847/6/4733
f 5798/4/4684 5847/6/4733 5824/4/4710
f 5850/32/4736 5851/34/4737 5852/34/4738
f 5850/32/4736 5852/34/4738 5853/32/4739
f 5827/46/4713 5829/48/4715 5854/48/4740
f 5827/46/4713 5854/48/4740 5855/46/4741
f 5830/34/4716 5826/36/4712 5856/36/4742
f 5830/34/4716 5856/36/4742 5851/34/4737
f 5829/48/4715 5831/50/4717 5857/50/4743
f 5829/48/4715 5857/50/4743 5854/48/4740
f 5832/12/4718 5817/14/4703 5820/14/4706
f 5832/12/4718 5820/14/4706 5858/12/4744
f 5831/50/4717 5833/52/4719 5859/52/4745
f 5831/50/4717 5859/52/4745 5857/50/4743
f 5834/32/4720 5830/34/4716 5851/34/4737
f 5834/32/4720 5851/34/4737 5850/32/4736
f 5833/52/4719 5835/54/4721 5860/54/4746
f 5833/52/4719 5860/54/4746 5859/52/4745
f 5836/10/4722 5832/12/4718 5858/12/4744
f 5836/10/4722 5858/12/4744 5861/10/4747
f 5835/54/4721 5837/56/4723 5862/56/4748
f 5835/54/4721 5862/56/4748 5860/54/4746
f 5838/30/4724 5834/32/4720 5850/32/4736
f 5838/30/4724 5850/32/4736 5863/30/4749
f 5839/22/4725 5822/24/4708 5864/24/4750
f 5839/22/4725 5864/24/4750 5865/22/4751
f 5837/56/4723 5840/58/4726 5866/58/4752
f 5837/56/4723 5866/58/4752 5862/56/4748
f 5841/8/4727 5836/10/4722 5861/10/4747
f 5841/8/4727 5861/10/4747 5867/8/4753
f 5842/42/4728 5828/44/4714 5868/44/4754
f 5842/42/4728 5868/44/4754 5869/42/4755
f 5840/58/4726 5843/60/4729 5870/60/4756
f 5840/58/4726 5870/60/4756 5866/58/4752
f 5844/28/4730 5838/30/4724 5863/30/4749
f 5844/28/4730 5863/30/4749 5871/28/4757
f 5845/20/4731 5839/22/4725 5865/22/4751
f 5845/20/4731 5865/22/4751 5872/20/4758
f 5843/60/4729 5846/62/4732 5873/62/4759
f 5843/60/4729 5873/62/4759 5870/60/4756
f 5847/6/4733 5841/8/4727 5867/8/4753
f 5847/6/4733 5867/8/4753 5874/6/4760
f 5786/40/4672 5842/42/4728 5869/42/4755
f 5786/40/4672 5869/42/4755 5875/40/4761
f 5846/62/4732 5848/64/4734 5876/64/4762
f 5846/62/4732 5876/64/4762 5873/62/4759
f 5821/26/4707 5844/28/4730 5871/28/4757
f 5821/26/4707 5871/28/4757 5877/26/4763
f 5823/18/4709 5845/20/4731 5872/20/4758
f 5823/18/4709 5872/20/4758 5878/18/4764
f 5848/64/4734 5849/66/4735 5879/66/4765
f 5848/64/4734 5879/66/4765 5876/64/4762
f 5824/4/4710 5847/6/4733 5874/6/4760
f 5824/4/4710 5874/6/4760 5880/4/4766
f 5787/38/4673 5786/40/4672 5875/40/4761
f 5787/38/4673 5875/40/4761 5881/38/4767
f 5822/24/4708 5821/26/4707 5877/26/4763
f 5822/24/4708 5877/26/4763 5864/24/4750
f 5818/16/4704 5823/18/4709 5878/18/4764
f 5818/16/4704 5878/18/4764 5819/16/4705
f 5825/1/4711 5824/4/4710 5880/4/4766
f 5825/1/4711 5880/4/4766 5882/1/4768
f 5826/36/4712 5787/38/4673 5881/38/4767
f 5826/36/4712 5881/38/4767 5856/36/4742
f 5828/44/4714 5827/46/4713 5855/46/4741
f 5828/44/4714 5855/46/4741 5868/44/4754
f 5883/8/4769 5884/10/4770 5885/10/4771
f 5883/8/4769 5885/10/4771 5886/8/4772
f 5859/52/4745 5860/54/4746 5887/54/4773
f 5859/52/4745 5887/54/4773 5888/52/4774
f 5861/10/4747 5858/12/4744 5889/12/4775
f 5861/10/4747 5889/12/4775 5884/10/4770
f 5860/54/4746 5862/56/4748 5890/56/4776
f 5860/54/4746 5890/56/4776 5887/54/4773
f 5863/30/4749 5850/32/4736 5853/32/4739
f 5863/30/4749 5853/32/4739 5891/30/4777
f 5865/22/4751 5864/24/4750 5892/24/4778
f 5865/22/4751 5892/24/4778 5893/22/4779
f 5862/56/4748 5866/58/4752 5894/58/4780
f 5862/56/4748 5894/58/4780 5890/56/4776
f 5867/8/4753 5861/10/4747 5884/10/4770
f 5867/8/4753 5884/10/4770 5883/8/4769
f 5869/42/4755 5868/44/4754 5895/44/4781
f 5869/42/4755 5895/44/4781 5896/42/4782
f 5866/58/4752 5870/60/4756 5897/60/4783
f 5866/58/4752 5897/60/4783 5894/58/4780
f 5871/28/4757 5863/30/4749 5891/30/4777
f 5871/28/4757 5891/30/4777 5898/28/4784
f 5872/20/4758 5865/22/4751 5893/22/4779
f 5872/20/4758 5893/22/4779 5899/20/4785
f 5870/60/4756 5873/62/4759 5900/62/4786
f 5870/60/4756 5900/62/4786 5897/60/4783
f 5874/6/4760 5867/8/4753 5883/8/4769
f 5874/6/4760 5883/8/4769 5901/6/4787
f 5875/40/4761 5869/42/4755 5896/42/4782
f 5875/40/4761 5896/42/4782 5902/40/4788
f 5873/62/4759 5876/64/4762 5903/64/4789
f 5873/62/4759 5903/64/4789 5900/62/4786
f 5877/26/4763 5871/28/4757 5898/28/4784
f 5877/26/4763 5898/28/4784 5904/26/4790
f 5878/18/4764 5872/20/4758 5899/20/4785
f 5878/18/4764 5899/20/4785 5905/18/4791
f 5876/64/4762 5879/66/4765 5906/66/4792
f 5876/64/4762 5906/66/4792 5903/64/4789
f 5880/4/4766 5874/6/4760 5901/6/4787
f 5880/4/4766 5901/6/4787 5907/4/4793
f 5881/38/4767 5875/40/4761 5902/40/4788
f 5881/38/4767 5902/40/4788 5908/38/4794
f 5864/24/4750 5877/26/4763 5904/26/4790
f 5864/24/4750 5904/26/4790 5892/24/4778
f 5819/16/4705 5878/18/4764 5905/18/4791
f 5819/16/4705 5905/18/4791 5909/16/4795
f 5882/1/4768 5880/4/4766 5907/4/4793
f 5882/1/4768 5907/4/4793 5910/1/4796
f 5856/36/4742 5881/38/4767 5908/38/4794
f 5856/36/4742 5908/38/4794 5911/36/4797
f 5868/44/4754 5855/46/4741 5912/46/4798
f 5868/44/4754 5912/46/4798 5895/44/4781
f 5820/14/4706 5819/16/4705 5909/16/4795
f 5820/14/4706 5909/16/4795 5913/14/4799
f 5855/46/4741 5854/48/4740 5914/48/4800
f 5855/46/4741 5914/48/4800 5912/46/4798
f 5851/34/4737 5856/36/4742 5911/36/4797
f 5851/34/4737 5911/36/4797 5852/34/4738
f 5854/48/4740 5857/50/4743 5915/50/4801
f 5854/48/4740 5915/50/4801 5914/48/4800
f 5858/12/4744 5820/14/4706 5913/14/4799
f 5858/12/4744 5913/14/4799 5889/12/4775
f 5857/50/4743 5859/52/4745 5888/52/4774
f 5857/50/4743 5888/52/4774 5915/50/4801
f 5916/26/4802 5917/28/4803 5918/28/4804
f 5916/26/4802 5918/28/4804 5919/26/4805
f 5896/42/4782 5895/44/4781 5920/44/4806
f 5896/42/4782 5920/44/4806 5921/42/4807
f 5894/58/4780 5897/60/4783 5922/60/4808
f 5894/58/4780 5922/60/4808 5923/58/4809
f 5898/28/4784 5891/30/4777 5924/30/4810
f 5898/28/4784 5924/30/4810 5917/28/4803
f 5899/20/4785 5893/22/4779 5925/22/4811
f 5899/20/4785 5925/22/4811 5926/20/4812
f 5897/60/4783 5900/62/4786 5927/62/4813
f 5897/60/4783 5927/62/4813 5922/60/4808
f 5901/6/4787 5883/8/4769 5886/8/4772
f 5901/6/4787 5886/8/4772 5928/6/4814
f 5902/40/4788 5896/42/4782 5921/42/4807
f 5902/40/4788 5921/42/4807 5929/40/4815
f 5900/62/4786 5903/64/4789 5930/64/4816
f 5900/62/4786 5930/64/4816 5927/62/4813
f 5904/26/4790 5898/28/4784 5917/28/4803
f 5904/26/4790 5917/28/4803 5916/26/4802
f 5905/18/4791 5899/20/4785 5926/20/4812
f 5905/18/4791 5926/20/4812 5931/18/4817
f 5903/64/4789 5906/66/4792 5932/66/4818
f 5903/64/4789 5932/66/4818 5930/64/4816
f 5907/4/4793 5901/6/4787 5928/6/4814
f 5907/4/4793 5928/6/4814 5933/4/4819
f 5908/38/4794 5902/40/4788 5929/40/4815
f 5908/38/4794 5929/40/4815 5934/38/4820
f 5892/24/4778 5904/26/4790 5916/26/4802
f 5892/24/4778 5916/26/4802 5935/24/4821
f 5909/16/4795 5905/18/4791 5931/18/4817
f 5909/16/4795 5931/18/4817 5936/16/4822
f 5910/1/4796 5907/4/4793 5933/4/4819
f 5910/1/4796 5933/4/4819 5937/1/4823
f 5911/36/4797 5908/38/4794 5934/38/4820
f 5911/36/4797 5934/38/4820 5938/36/4824
f 5895/44/4781 5912/46/4798 5939/46/4825
f 5895/44/4781 5939/46/4825 5920/44/4806
f 5913/14/4799 5909/16/4795 5936/16/4822
f 5913/14/4799 5936/16/4822 5940/14/4826
f 5912/46/4798 5914/48/4800 5941/48/4827
f 5912/46/4798 5941/48/4827 5939/46/4825
f 5852/34/4738 5911/36/4797 5938/36/4824
f 5852/34/4738 5938/36/4824 5942/34/4828
f 5914/48/4800 5915/50/4801 5943/50/4829
f 5914/48/4800 5943/50/4829 5941/48/4827
f 5889/12/4775 5913/14/4799 5940/14/4826
f 5889/12/4775 5940/14/4826 5944/12/4830
f 5915/50/4801 5888/52/4774 5945/52/4831
f 5915/50/4801 5945/52/4831 5943/50/4829
f 5853/32/4739 5852/34/4738 5942/34/4828
f 5853/32/4739 5942/34/4828 5946/32/4832
f 5888/52/4774 5887/54/4773 5947/54/4833
f 5888/52/4774 5947/54/4833 5945/52/4831
f 5884/10/4770 5889/12/4775 5944/12/4830
f 5884/10/4770 5944/12/4830 5885/10/4771
f 5887/54/4773 5890/56/4776 5948/56/4834
f 5887/54/4773 5948/56/4834 5947/54/4833
f 5891/30/4777 5853/32/4739 5946/32/4832
f 5891/30/4777 5946/32/4832 5924/30/4810
f 5893/22/4779 5892/24/4778 5935/24/4821
f 5893/22/4779 5935/24/4821 5925/22/4811
f 5890/56/4776 5894/58/4780 5923/58/4809
f 5890/56/4776 5923/58/4809 5948/56/4834
f 5949/1/4835 5950/4/4836 5951/4/4837
f 5949/1/4835 5951/4/4837 5952/1/4838
f 5931/18/4817 5926/20/4812 5953/20/4839
f 5931/18/4817 5953/20/4839 5954/18/4840
f 5930/64/4816 5932/66/4818 5955/66/4841
f 5930/64/4816 5955/66/4841 5956/64/4842
f 5933/4/4819 5928/6/4814 5957/6/4843
f 5933/4/4819 5957/6/4843 5950/4/4836
f 5934/38/4820 5929/40/4815 5958/40/4844
f 5934/38/4820 5958/40/4844 5959/38/4845
f 5935/24/4821 5916/26/4802 5919/26/4805
f 5935/24/4821 5919/26/4805 5960/24/4846
f 5936/16/4822 5931/18/4817 5954/18/4840
f 5936/16/4822 5954/18/4840 5961/16/4847
f 5937/1/4823 5933/4/4819 5950/4/4836
f 5937/1/4823 5950/4/4836 5949/1/4835
f 5938/36/4824 5934/38/4820 5959/38/4845
f 5938/36/4824 5959/38/4845 5962/36/4848
f 5920/44/4806 5939/46/4825 5963/46/4849
f 5920/44/4806 5963/46/4849 5964/44/4850
f 5940/14/4826 5936/16/4822 5961/16/4847
f 5940/14/4826 5961/16/4847 5965/14/4851
f 5939/46/4825 5941/48/4827 5966/48/4852
f 5939/46/4825 5966/48/4852 5963/46/4849
f 5942/34/4828 5938/36/4824 5962/36/4848
f 5942/34/4828 5962/36/4848 5967/34/4853
f 5941/48/4827 5943/50/4829 5968/50/4854
f 5941/48/4827 5968/50/4854 5966/48/4852
f 5944/12/4830 5940/14/4826 5965/14/4851
f 5944/12/4830 5965/14/4851 5969/12/4855
f 5943/50/4829 5945/52/4831 5970/52/4856
f 5943/50/4829 5970/52/4856 5968/50/4854
f 5946/32/4832 5942/34/4828 5967/34/4853
f 5946/32/4832 5967/34/4853 5971/32/4857
f 5945/52/4831 5947/54/4833 5972/54/4858
f 5945/52/4831 5972/54/4858 5970/52/4856
f 5885/10/4771 5944/12/4830 5969/12/4855
f 5885/10/4771 5969/12/4855 5973/10/4859
f 5947/54/4833 5948/56/4834 5974/56/4860
f 5947/54/4833 5974/56/4860 5972/54/4858
f 5924/30/4810 5946/32/4832 5971/32/4857
f 5924/30/4810 5971/32/4857 5975/30/4861
f 5925/22/4811 5935/24/4821 5960/24/4846
f 5925/22/4811 5960/24/4846 5976/22/4862
f 5948/56/4834 5923/58/4809 5977/58/4863
f 5948/56/4834 5977/58/4863 5974/56/4860
f 5886/8/4772 5885/10/4771 5973/10/4859
f 5886/8/4772 5973/10/4859 5978/8/4864
f 5921/42/4807 5920/44/4806 5964/44/4850
f 5921/42/4807 5964/44/4850 5979/42/4865
f 5923/58/4809 5922/60/4808 5980/60/4866
f 5923/58/4809 5980/60/4866 5977/58/4863
f 5917/28/4803 5924/30/4810 5975/30/4861
f 5917/28/4803 5975/30/4861 5918/28/4804
f 5926/20/4812 5925/22/4811 5976/22/4862
f 5926/20/4812 5976/22/4862 5953/20/4839
f 5922/60/4808 5927/62/4813 5981/62/4867
f 5922/60/4808 5981/62/4867 5980/60/4866
f 5928/6/4814 5886/8/4772 5978/8/4864
f 5928/6/4814 5978/8/4864 5957/6/4843
f 5929/40/4815 5921/42/4807 5979/42/4865
f 5929/40/4815 5979/42/4865 5958/40/4844
f 5927/62/4813 5930/64/4816 5956/64/4842
f 5927/62/4813 5956/64/4842 5981/62/4867
f 5982/48/4868 5983/50/4869 5984/50/4870
f 5982/48/4868 5984/50/4870 5985/48/4871
f 5962/36/4848 5959/38/4845 5986/38/4872
f 5962/36/4848 5986/38/4872 5987/36/4873
f 5964/44/4850 5963/46/4849 5988/46/4874
f 5964/44/4850 5988/46/4874 5989/44/4875
f 5965/14/4851 5961/16/4847 5990/16/4876
f 5965/14/4851 5990/16/4876 5991/14/4877
f 5963/46/4849 5966/48/4852 5982/48/4868
f 5963/46/4849 5982/48/4868 5988/46/4874
f 5967/34/4853 5962/36/4848 5987/36/4873
f 5967/34/4853 5987/36/4873 5992/34/4878
f 5966/48/4852 5968/50/4854 5983/50/4869
f 5966/48/4852 5983/50/4869 5982/48/4868
f 5969/12/4855 5965/14/4851 5991/14/4877
f 5969/12/4855 5991/14/4877 5993/12/4879
f 5968/50/4854 5970/52/4856 5994/52/4880
f 5968/50/4854 5994/52/4880 5983/50/4869
f 5971/32/4857 5967/34/4853 5992/34/4878
f 5971/32/4857 5992/34/4878 5995/32/4881
f 5970/52/4856 5972/54/4858 5996/54/4882
f 5970/52/4856 5996/54/4882 5994/52/4880
f 5973/10/4859 5969/12/4855 5993/12/4879
f 5973/10/4859 5993/12/4879 5997/10/4883
f 5972/54/4858 5974/56/4860 5998/56/4884
f 5972/54/4858 5998/56/4884 5996/54/4882
f 5975/30/4861 5971/32/4857 5995/32/4881
f 5975/30/4861 5995/32/4881 5999/30/4885
f 5976/22/4862 5960/24/4846 6000/24/4886
f 5976/22/4862 6000/24/4886 6001/22/4887
f 5974/56/4860 5977/58/4863 6002/58/4888
f 5974/56/4860 6002/58/4888 5998/56/4884
f 5978/8/4864 5973/10/4859 5997/10/4883
f 5978/8/4864 5997/10/4883 6003/8/4889
f 5979/42/4865 5964/44/4850 5989/44/4875
f 5979/42/4865 5989/44/4875 6004/42/4890
f 5977/58/4863 5980/60/4866 6005/60/4891
f 5977/58/4863 6005/60/4891 6002/58/4888
f 5918/28/4804 5975/30/4861 5999/30/4885
f 5918/28/4804 5999/30/4885 6006/28/4892
f 5953/20/4839 5976/22/4862 6001/22/4887
f 5953/20/4839 6001/22/4887 6007/20/4893
f 5980/60/4866 5981/62/4867 6008/62/4894
f 5980/60/4866 6008/62/4894 6005/60/4891
f 5957/6/4843 5978/8/4864 6003/8/4889
f 5957/6/4843 6003/8/4889 6009/6/4895
f 5958/40/4844 5979/42/4865 6004/42/4890
f 5958/40/4844 6004/42/4890 6010/40/4896
f 5981/62/4867 5956/64/4842 6011/64/4897
f 5981/62/4867 6011/64/4897 6008/62/4894
f 5919/26/4805 5918/28/4804 6006/28/4892
f 5919/26/4805 6006/28/4892 6012/26/4898
f 5954/18/4840 5953/20/4839 6007/20/4893
f 5954/18/4840 6007/20/4893 6013/18/4899
f 5956/64/4842 5955/66/4841 6014/66/4603
f 5956/64/4842 6014/66/4603 6011/64/4897
f 5950/4/4836 5957/6/4843 6009/6/4895
f 5950/4/4836 6009/6/4895 5951/4/4837
f 5959/38/4845 5958/40/4844 6010/40/4896
f 5959/38/4845 6010/40/4896 5986/38/4872
f 5960/24/4846 5919/26/4805 6012/26/4898
f 5960/24/4846 6012/26/4898 6000/24/4886
f 5961/16/4847 5954/18/4840 6013/18/4899
f 5961/16/4847 6013/18/4899 5990/16/4876
f 6015/55/28 6016/53/27 6017/53/4900
f 6015/55/28 6017/53/4900 6018/55/4901
f 4735/63/32 4734/61/31 6019/61/31
f 4735/63/32 6019/61/31 6020/63/32
f 4739/5/3 4738/3/2 6021/3/2
f 4739/5/3 6021/3/2 6022/5/3
f 4743/39/20 4742/37/19 6023/37/19
f 4743/39/20 6023/37/19 6024/39/20
f 4748/65/33 4735/63/32 6020/63/32
f 4748/65/33 6020/63/32 6025/65/33
f 4752/25/13 4751/23/12 6026/23/12
f 4752/25/13 6026/23/12 6027/25/13
f 4729/17/9 4754/15/774 6028/15/774
f 4729/17/9 6028/15/774 4730/17/9
f 4738/3/2 4760/2/1 6029/2/1
f 4738/3/2 6029/2/1 6021/3/2
f 4742/37/19 4737/35/18 6030/35/18
f 4742/37/19 6030/35/18 6023/37/19
f 4751/23/12 4757/21/11 6031/21/11
f 4751/23/12 6031/21/11 6026/23/12
f 4754/15/774 4750/13/7 6032/13/7
f 4754/15/774 6032/13/7 6028/15/774
f 4733/45/23 4732/43/22 6033/43/22
f 4733/45/23 6033/43/22 6034/45/23
f 4737/35/18 4736/33/17 6035/33/17
f 4737/35/18 6035/33/17 6030/35/18
f 4746/47/24 4733/45/23 6034/45/23
f 4746/47/24 6034/45/23 6036/47/24
f 4750/13/7 4749/11/6 6037/11/6
f 4750/13/7 6037/11/6 6032/13/7
f 4756/49/25 4746/47/24 6036/47/24
f 4756/49/25 6036/47/24 6038/49/25
f 4736/33/17 1474/31/16 6039/31/16
f 4736/33/17 6039/31/16 6035/33/17
f 4759/51/26 4756/49/25 6038/49/25
f 4759/51/26 6038/49/25 6040/51/26
f 4749/11/6 4745/9/5 6041/9/5
f 4749/11/6 6041/9/5 6037/11/6
f 4740/53/27 4759/51/26 6040/51/26
f 4740/53/27 6040/51/26 6016/53/27
f 1474/31/16 1473/29/15 6042/29/15
f 1474/31/16 6042/29/15 6039/31/16
f 4741/55/28 4740/53/27 6016/53/27
f 4741/55/28 6016/53/27 6015/55/28
f 4745/9/5 4744/7/4 6043/7/4
f 4745/9/5 6043/7/4 6041/9/5
f 4732/43/22 4747/41/21 6044/41/21
f 4732/43/22 6044/41/21 6033/43/22
f 4753/57/29 4741/55/28 6015/55/28
f 4753/57/29 6015/55/28 6045/57/29
f 1473/29/15 4755/27/14 6046/27/14
f 1473/29/15 6046/27/14 6042/29/15
f 4757/21/11 4728/19/10 4731/19/10
f 4757/21/11 4731/19/10 6031/21/11
f 4758/59/30 4753/57/29 6045/57/29
f 4758/59/30 6045/57/29 6047/59/30
f 4744/7/4 4739/5/3 6022/5/3
f 4744/7/4 6022/5/3 6043/7/4
f 4747/41/21 4743/39/20 6024/39/20
f 4747/41/21 6024/39/20 6044/41/21
f 4734/61/31 4758/59/30 6047/59/30
f 4734/61/31 6047/59/30 6019/61/31
f 4755/27/14 4752/25/13 6027/25/13
f 4755/27/14 6027/25/13 6046/27/14
f 6048/46/4902 5985/48/4903 6049/47/4904
f 6048/46/4902 6049/47/4904 6050/45/4905
f 6041/9/5 6043/7/4 6051/7/4906
f 6041/9/5 6051/7/4906 6052/9/4907
f 6033/43/22 6044/41/21 6053/41/4908
f 6033/43/22 6053/41/4908 6054/43/4909
f 6045/57/29 6015/55/28 6018/55/4901
f 6045/57/29 6018/55/4901 6055/57/4910
f 6042/29/15 6046/27/14 6056/27/4911
f 6042/29/15 6056/27/4911 6057/29/4912
f 6031/21/11 4731/19/10 6058/19/4913
f 6031/21/11 6058/19/4913 6059/21/4914
f 6047/59/30 6045/57/29 6055/57/4910
f 6047/59/30 6055/57/4910 6060/59/4915
f 6043/7/4 6022/5/3 6061/5/4916
f 6043/7/4 6061/5/4916 6051/7/4906
f 6044/41/21 6024/39/20 6062/39/4917
f 6044/41/21 6062/39/4917 6053/41/4908
f 6019/61/31 6047/59/30 6060/59/4915
f 6019/61/31 6060/59/4915 6063/61/4918
f 6046/27/14 6027/25/13 6064/25/4919
f 6046/27/14 6064/25/4919 6056/27/4911
f 4731/19/10 4730/17/9 6065/17/4920
f 4731/19/10 6065/17/4920 6058/19/4913
f 6020/63/32 6019/61/31 6063/61/4918
f 6020/63/32 6063/61/4918 6066/63/4921
f 6022/5/3 6021/3/2 6067/3/4922
f 6022/5/3 6067/3/4922 6061/5/4916
f 6024/39/20 6023/37/19 6068/37/4923
f 6024/39/20 6068/37/4923 6062/39/4917
f 6025/65/33 6020/63/32 6066/63/4921
f 6025/65/33 6066/63/4921 6069/65/4924
f 6027/25/13 6026/23/12 6070/23/4925
f 6027/25/13 6070/23/4925 6064/25/4919
f 4730/17/9 6028/15/774 6071/15/4926
f 4730/17/9 6071/15/4926 6065/17/4920
f 6021/3/2 6029/2/1 6072/2/4927
f 6021/3/2 6072/2/4927 6067/3/4922
f 6023/37/19 6030/35/18 6073/35/4928
f 6023/37/19 6073/35/4928 6068/37/4923
f 6026/23/12 6031/21/11 6059/21/4914
f 6026/23/12 6059/21/4914 6070/23/4925
f 6028/15/774 6032/13/7 6074/13/4929
f 6028/15/774 6074/13/4929 6071/15/4926
f 6034/45/23 6033/43/22 6054/43/4909
f 6034/45/23 6054/43/4909 6050/45/4905
f 6030/35/18 6035/33/17 6075/33/4930
f 6030/35/18 6075/33/4930 6073/35/4928
f 6036/47/24 6034/45/23 6050/45/4905
f 6036/47/24 6050/45/4905 6049/47/4904
f 6032/13/7 6037/11/6 6076/11/4931
f 6032/13/7 6076/11/4931 6074/13/4929
f 6038/49/25 6036/47/24 6049/47/4904
f 6038/49/25 6049/47/4904 6077/49/4932
f 6035/33/17 6039/31/16 6078/31/4933
f 6035/33/17 6078/31/4933 6075/33/4930
f 6040/51/26 6038/49/25 6077/49/4932
f 6040/51/26 6077/49/4932 6079/51/4934
f 6037/11/6 6041/9/5 6052/9/4907
f 6037/11/6 6052/9/4907 6076/11/4931
f 6016/53/27 6040/51/26 6079/51/4934
f 6016/53/27 6079/51/4934 6017/53/4900
f 6039/31/16 6042/29/15 6057/29/4912
f 6039/31/16 6057/29/4912 6078/31/4933
f 6080/44/4935 6048/46/4902 6050/45/4905
f 6080/44/4935 6050/45/4905 6054/43/4909
f 5993/12/4879 5991/14/4877 6081/14/4936
f 5993/12/4879 6081/14/4936 6082/12/4937
f 5983/50/4869 5994/52/4880 6083/52/4938
f 5983/50/4869 6083/52/4938 5984/50/4870
f 5995/32/4881 5992/34/4878 6084/34/4939
f 5995/32/4881 6084/34/4939 6085/32/4940
f 5994/52/4880 5996/54/4882 6086/54/4941
f 5994/52/4880 6086/54/4941 6083/52/4938
f 5997/10/4883 5993/12/4879 6082/12/4937
f 5997/10/4883 6082/12/4937 6087/10/4942
f 5996/54/4882 5998/56/4884 6088/56/4943
f 5996/54/4882 6088/56/4943 6086/54/4941
f 5999/30/4885 5995/32/4881 6085/32/4940
f 5999/30/4885 6085/32/4940 6089/30/4944
f 6001/22/4887 6000/24/4886 6090/24/4945
f 6001/22/4887 6090/24/4945 6091/22/4946
f 5998/56/4884 6002/58/4888 6092/58/4947
f 5998/56/4884 6092/58/4947 6088/56/4943
f 6003/8/4889 5997/10/4883 6087/10/4942
f 6003/8/4889 6087/10/4942 6093/8/4948
f 6004/42/4890 5989/44/4875 6080/44/4949
f 6004/42/4890 6080/44/4949 6094/42/4950
f 6002/58/4888 6005/60/4891 6095/60/4951
f 6002/58/4888 6095/60/4951 6092/58/4947
f 6006/28/4892 5999/30/4885 6089/30/4944
f 6006/28/4892 6089/30/4944 6096/28/4952
f 6007/20/4893 6001/22/4887 6091/22/4946
f 6007/20/4893 6091/22/4946 6097/20/4953
f 6005/60/4891 6008/62/4894 6098/62/4954
f 6005/60/4891 6098/62/4954 6095/60/4951
f 6009/6/4895 6003/8/4889 6093/8/4948
f 6009/6/4895 6093/8/4948 6099/6/4955
f 6010/40/4896 6004/42/4890 6094/42/4950
f 6010/40/4896 6094/42/4950 6100/40/4956
f 6008/62/4894 6011/64/4897 6101/64/4957
f 6008/62/4894 6101/64/4957 6098/62/4954
f 6012/26/4898 6006/28/4892 6096/28/4952
f 6012/26/4898 6096/28/4952 6102/26/4958
f 6013/18/4899 6007/20/4893 6097/20/4953
f 6013/18/4899 6097/20/4953 6103/18/4959
f 6011/64/4897 6014/66/4603 6104/66/4960
f 6011/64/4897 6104/66/4960 6101/64/4957
f 5951/4/4837 6009/6/4895 6099/6/4955
f 5951/4/4837 6099/6/4955 6105/4/4961
f 5986/38/4872 6010/40/4896 6100/40/4956
f 5986/38/4872 6100/40/4956 6106/38/4962
f 6000/24/4886 6012/26/4898 6102/26/4958
f 6000/24/4886 6102/26/4958 6090/24/4945
f 5990/16/4876 6013/18/4899 6103/18/4959
f 5990/16/4876 6103/18/4959 6107/16/4963
f 5952/1/4838 5951/4/4837 6105/4/4961
f 5952/1/4838 6105/4/4961 6108/1/4964
f 5987/36/4873 5986/38/4872 6106/38/4962
f 5987/36/4873 6106/38/4962 6109/36/4965
f 5989/44/4875 5988/46/4874 6048/46/4966
f 5989/44/4875 6048/46/4966 6080/44/4949
f 5991/14/4877 5990/16/4876 6107/16/4963
f 5991/14/4877 6107/16/4963 6081/14/4936
f 5988/46/4874 5982/48/4868 5985/48/4871
f 5988/46/4874 5985/48/4871 6048/46/4966
f 5992/34/4878 5987/36/4873 6109/36/4965
f 5992/34/4878 6109/36/4965 6084/34/4939
f 5985/48/4903 5984/50/4967 6077/49/4932
f 5985/48/4903 6077/49/4932 6049/47/4904
f 5984/50/4967 6083/52/4968 6079/51/4934
f 5984/50/4967 6079/51/4934 6077/49/4932
f 6083/52/4968 6086/54/4969 6017/53/4900
f 6083/52/4968 6017/53/4900 6079/51/4934
f 6086/54/4969 6088/56/4970 6018/55/4901
f 6086/54/4969 6018/55/4901 6017/53/4900
f 6088/56/4970 6092/58/4971 6055/57/4910
f 6088/56/4970 6055/57/4910 6018/55/4901
f 6092/58/4971 6095/60/4972 6060/59/4915
f 6092/58/4971 6060/59/4915 6055/57/4910
f 6095/60/4972 6098/62/4973 6063/61/4918
f 6095/60/4972 6063/61/4918 6060/59/4915
f 6098/62/4973 6101/64/4974 6066/63/4921
f 6098/62/4973 6066/63/4921 6063/61/4918
f 6101/64/4974 6104/66/4975 6069/65/4924
f 6101/64/4974 6069/65/4924 6066/63/4921
f 6108/1/4960 6105/4/4976 6067/3/4922
f 6108/1/4960 6067/3/4922 6072/2/4927
f 6105/4/4976 6099/6/4977 6061/5/4916
f 6105/4/4976 6061/5/4916 6067/3/4922
f 6099/6/4977 6093/8/4978 6051/7/4906
f 6099/6/4977 6051/7/4906 6061/5/4916
f 6093/8/4978 6087/10/4979 6052/9/4907
f 6093/8/4978 6052/9/4907 6051/7/4906
f 6087/10/4979 6082/12/4980 6076/11/4931
f 6087/10/4979 6076/11/4931 6052/9/4907
f 6082/12/4980 6081/14/4981 6074/13/4929
f 6082/12/4980 6074/13/4929 6076/11/4931
f 6081/14/4981 6107/16/4982 6071/15/4926
f 6081/14/4981 6071/15/4926 6074/13/4929
f 6107/16/4982 6103/18/4983 6065/17/4920
f 6107/16/4982 6065/17/4920 6071/15/4926
f 6103/18/4983 6097/20/4984 6058/19/4913
f 6103/18/4983 6058/19/4913 6065/17/4920
f 6097/20/4984 6091/22/4985 6059/21/4914
f 6097/20/4984 6059/21/4914 6058/19/4913
f 6091/22/4985 6090/24/4986 6070/23/4925
f 6091/22/4985 6070/23/4925 6059/21/4914
f 6090/24/4986 6102/26/4987 6064/25/4919
f 6090/24/4986 6064/25/4919 6070/23/4925
f 6102/26/4987 6096/28/4988 6056/27/4911
f 6102/26/4987 6056/27/4911 6064/25/4919
f 6096/28/4988 6089/30/4989 6057/29/4912
f 6096/28/4988 6057/29/4912 6056/27/4911
f 6089/30/4989 6085/32/4990 6078/31/4933
f 6089/30/4989 6078/31/4933 6057/29/4912
f 6085/32/4990 6084/34/4991 6075/33/4930
f 6085/32/4990 6075/33/4930 6078/31/4933
f 6084/34/4991 6109/36/4992 6073/35/4928
f 6084/34/4991 6073/35/4928 6075/33/4930
f 6109/36/4992 6106/38/4993 6068/37/4923
f 6109/36/4992 6068/37/4923 6073/35/4928
f 6106/38/4993 6100/40/4994 6062/39/4917
f 6106/38/4993 6062/39/4917 6068/37/4923
f 6100/40/4994 6094/42/4995 6053/41/4908
f 6100/40/4994 6053/41/4908 6062/39/4917
f 6094/42/4995 6080/44/4935 6054/43/4909
f 6094/42/4995 6054/43/4909 6053/41/4908
s 9
f 6100/40/4994 6110/40/4996 6111/38/4997
f 6100/40/4994 6111/38/4997 6106/38/4993
f 6112/46/4998 6113/46/4999 6114/44/5000
f 6112/46/4998 6114/44/5000 6115/44/5001
f 6102/26/4987 6116/26/5002 6117/24/5003
f 6102/26/4987 6117/24/5003 6090/24/5004
f 6103/18/4983 6118/18/5005 6119/16/5006
f 6103/18/4983 6119/16/5006 6107/16/5007
f 6105/4/5008 6120/4/5009 6121/1/5010
f 6105/4/5008 6121/1/5010 6108/1/5011
f 6106/38/4993 6111/38/4997 6122/36/5012
f 6106/38/4993 6122/36/5012 6109/36/5013
f 6048/46/5014 6112/46/4998 6115/44/5001
f 6048/46/5014 6115/44/5001 6080/44/5015
f 6107/16/5007 6119/16/5006 6123/14/5016
f 6107/16/5007 6123/14/5016 6081/14/5017
f 5985/48/5018 6124/48/5019 6112/46/4998
f 5985/48/5018 6112/46/4998 6048/46/5014
f 6109/36/5013 6122/36/5012 6125/34/5020
f 6109/36/5013 6125/34/5020 6084/34/5021
f 5984/50/5022 6126/50/5023 6124/48/5019
f 5984/50/5022 6124/48/5019 5985/48/5018
f 6081/14/5017 6123/14/5016 6127/12/5024
f 6081/14/5017 6127/12/5024 6082/12/5025
f 6083/52/5026 6128/52/5027 6126/50/5023
f 6083/52/5026 6126/50/5023 5984/50/5022
f 6084/34/5021 6125/34/5020 6129/32/5028
f 6084/34/5021 6129/32/5028 6085/32/5029
f 6086/54/5030 6130/54/5031 6128/52/5027
f 6086/54/5030 6128/52/5027 6083/52/5026
f 6082/12/5025 6127/12/5024 6131/10/5032
f 6082/12/5025 6131/10/5032 6087/10/4979
f 6088/56/5033 6132/56/5034 6130/54/5031
f 6088/56/5033 6130/54/5031 6086/54/5030
f 6085/32/5029 6129/32/5028 6133/30/5035
f 6085/32/5029 6133/30/5035 6089/30/4944
f 6090/24/5004 6117/24/5003 6134/22/5036
f 6090/24/5004 6134/22/5036 6091/22/5037
f 6092/58/4971 6135/58/5038 6132/56/5034
f 6092/58/4971 6132/56/5034 6088/56/5033
f 6087/10/4979 6131/10/5032 6136/8/5039
f 6087/10/4979 6136/8/5039 6093/8/5040
f 6080/44/5015 6115/44/5001 6137/42/5041
f 6080/44/5015 6137/42/5041 6094/42/4995
f 6095/60/4972 6138/60/5042 6135/58/5038
f 6095/60/4972 6135/58/5038 6092/58/4971
f 6089/30/4944 6133/30/5035 6139/28/5043
f 6089/30/4944 6139/28/5043 6096/28/5044
f 6091/22/5037 6134/22/5036 6140/20/5045
f 6091/22/5037 6140/20/5045 6097/20/5046
f 6098/62/5047 6141/62/5048 6138/60/5042
f 6098/62/5047 6138/60/5042 6095/60/4972
f 6093/8/5040 6136/8/5039 6142/6/5049
f 6093/8/5040 6142/6/5049 6099/6/5050
f 6094/42/4995 6137/42/5041 6110/40/4996
f 6094/42/4995 6110/40/4996 6100/40/4994
f 6101/64/5051 6143/64/5052 6141/62/5048
f 6101/64/5051 6141/62/5048 6098/62/5047
f 6096/28/5044 6139/28/5043 6116/26/5002
f 6096/28/5044 6116/26/5002 6102/26/4987
f 6097/20/5046 6140/20/5045 6118/18/5005
f 6097/20/5046 6118/18/5005 6103/18/4983
f 6104/66/4960 6144/66/5053 6143/64/5052
f 6104/66/4960 6143/64/5052 6101/64/5051
f 6099/6/5050 6142/6/5049 6120/4/5009
f 6099/6/5050 6120/4/5009 6105/4/5008
f 6145/52/5054 6146/52/5055 6147/50/5056
f 6145/52/5054 6147/50/5056 6148/50/5057
f 6119/16/5006 6149/16/5058 6150/14/5059
f 6119/16/5006 6150/14/5059 6123/14/5016
f 6124/48/5019 6151/48/5060 6113/46/4999
f 6124/48/5019 6113/46/4999 6112/46/4998
f 6122/36/5012 6152/36/5061 6153/34/5062
f 6122/36/5012 6153/34/5062 6125/34/5020
f 6126/50/5023 6148/50/5057 6151/48/5060
f 6126/50/5023 6151/48/5060 6124/48/5019
f 6123/14/5016 6150/14/5059 6154/12/5063
f 6123/14/5016 6154/12/5063 6127/12/5024
f 6128/52/5027 6145/52/5054 6148/50/5057
f 6128/52/5027 6148/50/5057 6126/50/5023
f 6125/34/5020 6153/34/5062 6155/32/5064
f 6125/34/5020 6155/32/5064 6129/32/5028
f 6130/54/5031 6156/54/5065 6145/52/5054
f 6130/54/5031 6145/52/5054 6128/52/5027
f 6127/12/5024 6154/12/5063 6157/10/5066
f 6127/12/5024 6157/10/5066 6131/10/5032
f 6132/56/5034 6158/56/5067 6156/54/5065
f 6132/56/5034 6156/54/5065 6130/54/5031
f 6129/32/5028 6155/32/5064 6159/30/5068
f 6129/32/5028 6159/30/5068 6133/30/5035
f 6117/24/5003 6160/24/5069 6161/22/5070
f 6117/24/5003 6161/22/5070 6134/22/5036
f 6135/58/5038 6162/58/5071 6158/56/5067
f 6135/58/5038 6158/56/5067 6132/56/5034
f 6131/10/5032 6157/10/5066 6163/8/5072
f 6131/10/5032 6163/8/5072 6136/8/5039
f 6115/44/5001 6114/44/5000 6164/42/5073
f 6115/44/5001 6164/42/5073 6137/42/5041
f 6138/60/5042 6165/60/5074 6162/58/5071
f 6138/60/5042 6162/58/5071 6135/58/5038
f 6133/30/5035 6159/30/5068 6166/28/5075
f 6133/30/5035 6166/28/5075 6139/28/5043
f 6134/22/5036 6161/22/5070 6167/20/5076
f 6134/22/5036 6167/20/5076 6140/20/5045
f 6141/62/5048 6168/62/5077 6165/60/5074
f 6141/62/5048 6165/60/5074 6138/60/5042
f 6136/8/5039 6163/8/5072 6169/6/5078
f 6136/8/5039 6169/6/5078 6142/6/5049
f 6137/42/5041 6164/42/5073 6170/40/5079
f 6137/42/5041 6170/40/5079 6110/40/4996
f 6143/64/5052 6171/64/5080 6168/62/5077
f 6143/64/5052 6168/62/5077 6141/62/5048
f 6139/28/5043 6166/28/5075 6172/26/5081
f 6139/28/5043 6172/26/5081 6116/26/5002
f 6140/20/5045 6167/20/5076 6173/18/5082
f 6140/20/5045 6173/18/5082 6118/18/5005
f 6144/66/5053 6174/66/5083 6171/64/5080
f 6144/66/5053 6171/64/5080 6143/64/5052
f 6142/6/5049 6169/6/5078 6175/4/5084
f 6142/6/5049 6175/4/5084 6120/4/5009
f 6110/40/4996 6170/40/5079 6176/38/5085
f 6110/40/4996 6176/38/5085 6111/38/4997
f 6116/26/5002 6172/26/5081 6160/24/5069
f 6116/26/5002 6160/24/5069 6117/24/5003
f 6118/18/5005 6173/18/5082 6149/16/5058
f 6118/18/5005 6149/16/5058 6119/16/5006
f 6120/4/5009 6175/4/5084 6177/1/5086
f 6120/4/5009 6177/1/5086 6121/1/5010
f 6111/38/4997 6176/38/5085 6152/36/5061
f 6111/38/4997 6152/36/5061 6122/36/5012
f 6178/58/5087 6179/58/5088 6180/56/5089
f 6178/58/5087 6180/56/5089 6181/56/5090
f 6153/34/5062 6182/34/5091 6183/32/5092
f 6153/34/5062 6183/32/5092 6155/32/5064
f 6156/54/5065 6184/54/5093 6146/52/5055
f 6156/54/5065 6146/52/5055 6145/52/5054
f 6154/12/5063 6185/12/5094 6186/10/5095
f 6154/12/5063 6186/10/5095 6157/10/5066
f 6158/56/5067 6181/56/5090 6184/54/5093
f 6158/56/5067 6184/54/5093 6156/54/5065
f 6155/32/5064 6183/32/5092 6187/30/5096
f 6155/32/5064 6187/30/5096 6159/30/5068
f 6160/24/5069 6188/24/5097 6189/22/5098
f 6160/24/5069 6189/22/5098 6161/22/5070
f 6162/58/5071 6178/58/5087 6181/56/5090
f 6162/58/5071 6181/56/5090 6158/56/5067
f 6157/10/5066 6186/10/5095 6190/8/5099
f 6157/10/5066 6190/8/5099 6163/8/5072
f 6114/44/5000 6191/44/5100 6192/42/5101
f 6114/44/5000 6192/42/5101 6164/42/5073
f 6165/60/5074 6193/60/5102 6178/58/5087
f 6165/60/5074 6178/58/5087 6162/58/5071
f 6159/30/5068 6187/30/5096 6194/28/5103
f 6159/30/5068 6194/28/5103 6166/28/5075
f 6161/22/5070 6189/22/5098 6195/20/5104
f 6161/22/5070 6195/20/5104 6167/20/5076
f 6168/62/5077 6196/62/5105 6193/60/5102
f 6168/62/5077 6193/60/5102 6165/60/5074
f 6163/8/5072 6190/8/5099 6197/6/5106
f 6163/8/5072 6197/6/5106 6169/6/5078
f 6164/42/5073 6192/42/5101 6198/40/5107
f 6164/42/5073 6198/40/5107 6170/40/5079
f 6171/64/5080 6199/64/5108 6196/62/5105
f 6171/64/5080 6196/62/5105 6168/62/5077
f 6166/28/5075 6194/28/5103 6200/26/5109
f 6166/28/5075 6200/26/5109 6172/26/5081
f 6167/20/5076 6195/20/5104 6201/18/5110
f 6167/20/5076 6201/18/5110 6173/18/5082
f 6174/66/5083 6202/66/5111 6199/64/5108
f 6174/66/5083 6199/64/5108 6171/64/5080
f 6169/6/5078 6197/6/5106 6203/4/5112
f 6169/6/5078 6203/4/5112 6175/4/5084
f 6170/40/5079 6198/40/5107 6204/38/5113
f 6170/40/5079 6204/38/5113 6176/38/5085
f 6172/26/5081 6200/26/5109 6188/24/5097
f 6172/26/5081 6188/24/5097 6160/24/5069
f 6173/18/5082 6201/18/5110 6205/16/5114
f 6173/18/5082 6205/16/5114 6149/16/5058
f 6175/4/5084 6203/4/5112 6206/1/5115
f 6175/4/5084 6206/1/5115 6177/1/5086
f 6176/38/5085 6204/38/5113 6207/36/5116
f 6176/38/5085 6207/36/5116 6152/36/5061
f 6113/46/4999 6208/46/5117 6191/44/5100
f 6113/46/4999 6191/44/5100 6114/44/5000
f 6149/16/5058 6205/16/5114 6209/14/5118
f 6149/16/5058 6209/14/5118 6150/14/5059
f 6151/48/5060 6210/48/5119 6208/46/5117
f 6151/48/5060 6208/46/5117 6113/46/4999
f 6152/36/5061 6207/36/5116 6182/34/5091
f 6152/36/5061 6182/34/5091 6153/34/5062
f 6148/50/5057 6147/50/5056 6210/48/5119
f 6148/50/5057 6210/48/5119 6151/48/5060
f 6150/14/5059 6209/14/5118 6185/12/5094
f 6150/14/5059 6185/12/5094 6154/12/5063
f 6211/64/5120 6212/64/5121 6213/62/5122
f 6211/64/5120 6213/62/5122 6214/62/5123
f 6186/10/5095 6215/10/5124 6216/8/5125
f 6186/10/5095 6216/8/5125 6190/8/5099
f 6191/44/5100 6217/44/5126 6218/42/5127
f 6191/44/5100 6218/42/5127 6192/42/5101
f 6193/60/5102 6219/60/5128 6179/58/5088
f 6193/60/5102 6179/58/5088 6178/58/5087
f 6187/30/5096 6220/30/5129 6221/28/5130
f 6187/30/5096 6221/28/5130 6194/28/5103
f 6189/22/5098 6222/22/5131 6223/20/5132
f 6189/22/5098 6223/20/5132 6195/20/5104
f 6196/62/5105 6214/62/5123 6219/60/5128
f 6196/62/5105 6219/60/5128 6193/60/5102
f 6190/8/5099 6216/8/5125 6224/6/5133
f 6190/8/5099 6224/6/5133 6197/6/5106
f 6192/42/5101 6218/42/5127 6225/40/5134
f 6192/42/5101 6225/40/5134 6198/40/5107
f 6199/64/5108 6211/64/5120 6214/62/5123
f 6199/64/5108 6214/62/5123 6196/62/5105
f 6194/28/5103 6221/28/5130 6226/26/5135
f 6194/28/5103 6226/26/5135 6200/26/5109
f 6195/20/5104 6223/20/5132 6227/18/5136
f 6195/20/5104 6227/18/5136 6201/18/5110
f 6202/66/5111 6228/66/5137 6211/64/5120
f 6202/66/5111 6211/64/5120 6199/64/5108
f 6197/6/5106 6224/6/5133 6229/4/5138
f 6197/6/5106 6229/4/5138 6203/4/5112
f 6198/40/5107 6225/40/5134 6230/38/5139
f 6198/40/5107 6230/38/5139 6204/38/5113
f 6200/26/5109 6226/26/5135 6231/24/5140
f 6200/26/5109 6231/24/5140 6188/24/5097
f 6201/18/5110 6227/18/5136 6232/16/5141
f 6201/18/5110 6232/16/5141 6205/16/5114
f 6203/4/5112 6229/4/5138 6233/1/5142
f 6203/4/5112 6233/1/5142 6206/1/5115
f 6204/38/5113 6230/38/5139 6234/36/5143
f 6204/38/5113 6234/36/5143 6207/36/5116
f 6208/46/5117 6235/46/5144 6217/44/5126
f 6208/46/5117 6217/44/5126 6191/44/5100
f 6205/16/5114 6232/16/5141 6236/14/5145
f 6205/16/5114 6236/14/5145 6209/14/5118
f 6210/48/5119 6237/48/5146 6235/46/5144
f 6210/48/5119 6235/46/5144 6208/46/5117
f 6207/36/5116 6234/36/5143 6238/34/5147
f 6207/36/5116 6238/34/5147 6182/34/5091
f 6147/50/5056 6239/50/5148 6237/48/5146
f 6147/50/5056 6237/48/5146 6210/48/5119
f 6209/14/5118 6236/14/5145 6240/12/5149
f 6209/14/5118 6240/12/5149 6185/12/5094
f 6146/52/5055 6241/52/5150 6239/50/5148
f 6146/52/5055 6239/50/5148 6147/50/5056
f 6182/34/5091 6238/34/5147 6242/32/5151
f 6182/34/5091 6242/32/5151 6183/32/5092
f 6184/54/5093 6243/54/5152 6241/52/5150
f 6184/54/5093 6241/52/5150 6146/52/5055
f 6185/12/5094 6240/12/5149 6215/10/5124
f 6185/12/5094 6215/10/5124 6186/10/5095
f 6181/56/5090 6180/56/5089 6243/54/5152
f 6181/56/5090 6243/54/5152 6184/54/5093
f 6183/32/5092 6242/32/5151 6220/30/5129
f 6183/32/5092 6220/30/5129 6187/30/5096
f 6188/24/5097 6231/24/5140 6222/22/5131
f 6188/24/5097 6222/22/5131 6189/22/5098
f 6244/52/5153 6245/52/5154 6246/50/5155
f 6244/52/5153 6246/50/5155 6247/50/5156
f 6221/28/5130 6248/28/5157 6249/26/5158
f 6221/28/5130 6249/26/5158 6226/26/5135
f 6223/20/5132 6250/20/5159 6251/18/5160
f 6223/20/5132 6251/18/5160 6227/18/5136
f 6228/66/5137 6252/66/5161 6212/64/5121
f 6228/66/5137 6212/64/5121 6211/64/5120
f 6224/6/5133 6253/6/5162 6254/4/5163
f 6224/6/5133 6254/4/5163 6229/4/5138
f 6225/40/5134 6255/40/5164 6256/38/5165
f 6225/40/5134 6256/38/5165 6230/38/5139
f 6226/26/5135 6249/26/5158 6257/24/5166
f 6226/26/5135 6257/24/5166 6231/24/5140
f 6227/18/5136 6251/18/5160 6258/16/5167
f 6227/18/5136 6258/16/5167 6232/16/5141
f 6229/4/5138 6254/4/5163 6259/1/5161
f 6229/4/5138 6259/1/5161 6233/1/5142
f 6230/38/5139 6256/38/5165 6260/36/5168
f 6230/38/5139 6260/36/5168 6234/36/5143
f 6235/46/5144 6261/46/5169 6262/44/5170
f 6235/46/5144 6262/44/5170 6217/44/5126
f 6232/16/5141 6258/16/5167 6263/14/5171
f 6232/16/5141 6263/14/5171 6236/14/5145
f 6237/48/5146 6264/48/5172 6261/46/5169
f 6237/48/5146 6261/46/5169 6235/46/5144
f 6234/36/5143 6260/36/5168 6265/34/5173
f 6234/36/5143 6265/34/5173 6238/34/5147
f 6239/50/5148 6247/50/5156 6264/48/5172
f 6239/50/5148 6264/48/5172 6237/48/5146
f 6236/14/5145 6263/14/5171 6266/12/5174
f 6236/14/5145 6266/12/5174 6240/12/5149
f 6241/52/5150 6244/52/5153 6247/50/5156
f 6241/52/5150 6247/50/5156 6239/50/5148
f 6238/34/5147 6265/34/5173 6267/32/5175
f 6238/34/5147 6267/32/5175 6242/32/5151
f 6243/54/5152 6268/54/5176 6244/52/5153
f 6243/54/5152 6244/52/5153 6241/52/5150
f 6240/12/5149 6266/12/5174 6269/10/5177
f 6240/12/5149 6269/10/5177 6215/10/5124
f 6180/56/5089 6270/56/5178 6268/54/5176
f 6180/56/5089 6268/54/5176 6243/54/5152
f 6242/32/5151 6267/32/5175 6271/30/5179
f 6242/32/5151 6271/30/5179 6220/30/5129
f 6231/24/5140 6257/24/5166 6272/22/5180
f 6231/24/5140 6272/22/5180 6222/22/5131
f 6179/58/5088 6273/58/5181 6270/56/5178
f 6179/58/5088 6270/56/5178 6180/56/5089
f 6215/10/5124 6269/10/5177 6274/8/5182
f 6215/10/5124 6274/8/5182 6216/8/5125
f 6217/44/5126 6262/44/5170 6275/42/5183
f 6217/44/5126 6275/42/5183 6218/42/5127
f 6219/60/5128 6276/60/5184 6273/58/5181
f 6219/60/5128 6273/58/5181 6179/58/5088
f 6220/30/5129 6271/30/5179 6248/28/5157
f 6220/30/5129 6248/28/5157 6221/28/5130
f 6222/22/5131 6272/22/5180 6250/20/5159
f 6222/22/5131 6250/20/5159 6223/20/5132
f 6214/62/5123 6213/62/5122 6276/60/5184
f 6214/62/5123 6276/60/5184 6219/60/5128
f 6216/8/5125 6274/8/5182 6253/6/5162
f 6216/8/5125 6253/6/5162 6224/6/5133
f 6218/42/5127 6275/42/5183 6255/40/5164
f 6218/42/5127 6255/40/5164 6225/40/5134
f 6277/58/5185 6278/58/5186 6279/56/5187
f 6277/58/5185 6279/56/5187 6280/56/5188
f 6265/34/5173 6281/34/5189 6282/32/5190
f 6265/34/5173 6282/32/5190 6267/32/5175
f 6268/54/5176 6283/54/5191 6245/52/5154
f 6268/54/5176 6245/52/5154 6244/52/5153
f 6266/12/5174 6284/12/5192 6285/10/5193
f 6266/12/5174 6285/10/5193 6269/10/5177
f 6270/56/5178 6280/56/5188 6283/54/5191
f 6270/56/5178 6283/54/5191 6268/54/5176
f 6267/32/5175 6282/32/5190 6286/30/5194
f 6267/32/5175 6286/30/5194 6271/30/5179
f 6257/24/5166 6287/24/5195 6288/22/5196
f 6257/24/5166 6288/22/5196 6272/22/5180
f 6273/58/5181 6277/58/5185 6280/56/5188
f 6273/58/5181 6280/56/5188 6270/56/5178
f 6269/10/5177 6285/10/5193 6289/8/5197
f 6269/10/5177 6289/8/5197 6274/8/5182
f 6262/44/5170 6290/44/5198 6291/42/5199
f 6262/44/5170 6291/42/5199 6275/42/5183
f 6276/60/5184 6292/60/5200 6277/58/5185
f 6276/60/5184 6277/58/5185 6273/58/5181
f 6271/30/5179 6286/30/5194 6293/28/5201
f 6271/30/5179 6293/28/5201 6248/28/5157
f 6272/22/5180 6288/22/5196 6294/20/5202
f 6272/22/5180 6294/20/5202 6250/20/5159
f 6213/62/5122 6295/62/5203 6292/60/5200
f 6213/62/5122 6292/60/5200 6276/60/5184
f 6274/8/5182 6289/8/5197 6296/6/5204
f 6274/8/5182 6296/6/5204 6253/6/5162
f 6275/42/5183 6291/42/5199 6297/40/5205
f 6275/42/5183 6297/40/5205 6255/40/5164
f 6212/64/5121 6298/64/5206 6295/62/5203
f 6212/64/5121 6295/62/5203 6213/62/5122
f 6248/28/5157 6293/28/5201 6299/26/5207
f 6248/28/5157 6299/26/5207 6249/26/5158
f 6250/20/5159 6294/20/5202 6300/18/5208
f 6250/20/5159 6300/18/5208 6251/18/5160
f 6252/66/5161 6301/66/5209 6298/64/5206
f 6252/66/5161 6298/64/5206 6212/64/5121
f 6253/6/5162 6296/6/5204 6302/4/5210
f 6253/6/5162 6302/4/5210 6254/4/5163
f 6255/40/5164 6297/40/5205 6303/38/5211
f 6255/40/5164 6303/38/5211 6256/38/5165
f 6249/26/5158 6299/26/5207 6287/24/5195
f 6249/26/5158 6287/24/5195 6257/24/5166
f 6251/18/5160 6300/18/5208 6304/16/5212
f 6251/18/5160 6304/16/5212 6258/16/5167
f 6254/4/5163 6302/4/5210 6305/1/5213
f 6254/4/5163 6305/1/5213 6259/1/5161
f 6256/38/5165 6303/38/5211 6306/36/5214
f 6256/38/5165 6306/36/5214 6260/36/5168
f 6261/46/5169 6307/46/5215 6290/44/5198
f 6261/46/5169 6290/44/5198 6262/44/5170
f 6258/16/5167 6304/16/5212 6308/14/5216
f 6258/16/5167 6308/14/5216 6263/14/5171
f 6264/48/5172 6309/48/5217 6307/46/5215
f 6264/48/5172 6307/46/5215 6261/46/5169
f 6260/36/5168 6306/36/5214 6281/34/5189
f 6260/36/5168 6281/34/5189 6265/34/5173
f 6247/50/5156 6246/50/5155 6309/48/5217
f 6247/50/5156 6309/48/5217 6264/48/5172
f 6263/14/5171 6308/14/5216 6284/12/5192
f 6263/14/5171 6284/12/5192 6266/12/5174
f 6310/64/5218 6311/64/5219 6312/62/5220
f 6310/64/5218 6312/62/5220 6313/62/5221
f 6285/10/5193 6314/10/5222 6315/8/5223
f 6285/10/5193 6315/8/5223 6289/8/5197
f 6290/44/5198 6316/44/5224 6317/42/5225
f 6290/44/5198 6317/42/5225 6291/42/5199
f 6292/60/5200 6318/60/5226 6278/58/5186
f 6292/60/5200 6278/58/5186 6277/58/5185
f 6286/30/5194 6319/30/5227 6320/28/5228
f 6286/30/5194 6320/28/5228 6293/28/5201
f 6288/22/5196 6321/22/5229 6322/20/5230
f 6288/22/5196 6322/20/5230 6294/20/5202
f 6295/62/5203 6313/62/5221 6318/60/5226
f 6295/62/5203 6318/60/5226 6292/60/5200
f 6289/8/5197 6315/8/5223 6323/6/5231
f 6289/8/5197 6323/6/5231 6296/6/5204
f 6291/42/5199 6317/42/5225 6324/40/5232
f 6291/42/5199 6324/40/5232 6297/40/5205
f 6298/64/5206 6310/64/5218 6313/62/5221
f 6298/64/5206 6313/62/5221 6295/62/5203
f 6293/28/5201 6320/28/5228 6325/26/5233
f 6293/28/5201 6325/26/5233 6299/26/5207
f 6294/20/5202 6322/20/5230 6326/18/5234
f 6294/20/5202 6326/18/5234 6300/18/5208
f 6301/66/5209 6327/66/5235 6310/64/5218
f 6301/66/5209 6310/64/5218 6298/64/5206
f 6296/6/5204 6323/6/5231 6328/4/5236
f 6296/6/5204 6328/4/5236 6302/4/5210
f 6297/40/5205 6324/40/5232 6329/38/5237
f 6297/40/5205 6329/38/5237 6303/38/5211
f 6299/26/5207 6325/26/5233 6330/24/5238
f 6299/26/5207 6330/24/5238 6287/24/5195
f 6300/18/5208 6326/18/5234 6331/16/5239
f 6300/18/5208 6331/16/5239 6304/16/5212
f 6302/4/5210 6328/4/5236 6332/1/5240
f 6302/4/5210 6332/1/5240 6305/1/5213
f 6303/38/5211 6329/38/5237 6333/36/5241
f 6303/38/5211 6333/36/5241 6306/36/5214
f 6307/46/5215 6334/46/5242 6316/44/5224
f 6307/46/5215 6316/44/5224 6290/44/5198
f 6304/16/5212 6331/16/5239 6335/14/5243
f 6304/16/5212 6335/14/5243 6308/14/5216
f 6309/48/5217 6336/48/5244 6334/46/5242
f 6309/48/5217 6334/46/5242 6307/46/5215
f 6306/36/5214 6333/36/5241 6337/34/5245
f 6306/36/5214 6337/34/5245 6281/34/5189
f 6246/50/5155 6338/50/5246 6336/48/5244
f 6246/50/5155 6336/48/5244 6309/48/5217
f 6308/14/5216 6335/14/5243 6339/12/5247
f 6308/14/5216 6339/12/5247 6284/12/5192
f 6245/52/5154 6340/52/5248 6338/50/5246
f 6245/52/5154 6338/50/5246 6246/50/5155
f 6281/34/5189 6337/34/5245 6341/32/5249
f 6281/34/5189 6341/32/5249 6282/32/5190
f 6283/54/5191 6342/54/5250 6340/52/5248
f 6283/54/5191 6340/52/5248 6245/52/5154
f 6284/12/5192 6339/12/5247 6314/10/5222
f 6284/12/5192 6314/10/5222 6285/10/5193
f 6280/56/5188 6279/56/5187 6342/54/5250
f 6280/56/5188 6342/54/5250 6283/54/5191
f 6282/32/5190 6341/32/5249 6319/30/5227
f 6282/32/5190 6319/30/5227 6286/30/5194
f 6287/24/5195 6330/24/5238 6321/22/5229
f 6287/24/5195 6321/22/5229 6288/22/5196
f 6343/4/5251 6344/4/5252 6345/1/5253
f 6343/4/5251 6345/1/5253 6346/1/4841
f 6320/28/5228 6347/28/5254 6348/26/5255
f 6320/28/5228 6348/26/5255 6325/26/5233
f 6322/20/5230 6349/20/5256 6350/18/5257
f 6322/20/5230 6350/18/5257 6326/18/5234
f 6327/66/5235 6351/66/5258 6311/64/5219
f 6327/66/5235 6311/64/5219 6310/64/5218
f 6323/6/5231 6352/6/5259 6343/4/5251
f 6323/6/5231 6343/4/5251 6328/4/5236
f 6324/40/5232 6353/40/5260 6354/38/5261
f 6324/40/5232 6354/38/5261 6329/38/5237
f 6325/26/5233 6348/26/5255 6355/24/5262
f 6325/26/5233 6355/24/5262 6330/24/5238
f 6326/18/5234 6350/18/5257 6356/16/5263
f 6326/18/5234 6356/16/5263 6331/16/5239
f 6328/4/5236 6343/4/5251 6346/1/4841
f 6328/4/5236 6346/1/4841 6332/1/5240
f 6329/38/5237 6354/38/5261 6357/36/5264
f 6329/38/5237 6357/36/5264 6333/36/5241
f 6334/46/5242 6358/46/5265 6359/44/5266
f 6334/46/5242 6359/44/5266 6316/44/5224
f 6331/16/5239 6356/16/5263 6360/14/5267
f 6331/16/5239 6360/14/5267 6335/14/5243
f 6336/48/5244 6361/48/5268 6358/46/5265
f 6336/48/5244 6358/46/5265 6334/46/5242
f 6333/36/5241 6357/36/5264 6362/34/4853
f 6333/36/5241 6362/34/4853 6337/34/5245
f 6338/50/5246 6363/50/5269 6361/48/5268
f 6338/50/5246 6361/48/5268 6336/48/5244
f 6335/14/5243 6360/14/5267 6364/12/5270
f 6335/14/5243 6364/12/5270 6339/12/5247
f 6340/52/5248 6365/52/5271 6363/50/5269
f 6340/52/5248 6363/50/5269 6338/50/5246
f 6337/34/5245 6362/34/4853 6366/32/5272
f 6337/34/5245 6366/32/5272 6341/32/5249
f 6342/54/5250 6367/54/5273 6365/52/5271
f 6342/54/5250 6365/52/5271 6340/52/5248
f 6339/12/5247 6364/12/5270 6368/10/5274
f 6339/12/5247 6368/10/5274 6314/10/5222
f 6279/56/5187 6369/56/5275 6367/54/5273
f 6279/56/5187 6367/54/5273 6342/54/5250
f 6341/32/5249 6366/32/5272 6370/30/5276
f 6341/32/5249 6370/30/5276 6319/30/5227
f 6330/24/5238 6355/24/5262 6371/22/5277
f 6330/24/5238 6371/22/5277 6321/22/5229
f 6278/58/5186 6372/58/5278 6369/56/5275
f 6278/58/5186 6369/56/5275 6279/56/5187
f 6314/10/5222 6368/10/5274 6373/8/5279
f 6314/10/5222 6373/8/5279 6315/8/5223
f 6316/44/5224 6359/44/5266 6374/42/5280
f 6316/44/5224 6374/42/5280 6317/42/5225
f 6318/60/5226 6375/60/5281 6372/58/5278
f 6318/60/5226 6372/58/5278 6278/58/5186
f 6319/30/5227 6370/30/5276 6347/28/5254
f 6319/30/5227 6347/28/5254 6320/28/5228
f 6321/22/5229 6371/22/5277 6349/20/5256
f 6321/22/5229 6349/20/5256 6322/20/5230
f 6313/62/5221 6312/62/5220 6375/60/5281
f 6313/62/5221 6375/60/5281 6318/60/5226
f 6315/8/5223 6373/8/5279 6352/6/5259
f 6315/8/5223 6352/6/5259 6323/6/5231
f 6317/42/5225 6374/42/5280 6353/40/5260
f 6317/42/5225 6353/40/5260 6324/40/5232
f 6376/50/5282 6377/50/5283 6378/48/5284
f 6376/50/5282 6378/48/5284 6379/48/5285
f 6354/38/5261 6380/38/5286 6381/36/5287
f 6354/38/5261 6381/36/5287 6357/36/5264
f 6358/46/5265 6382/46/5288 6383/44/5289
f 6358/46/5265 6383/44/5289 6359/44/5266
f 6356/16/5263 6384/16/5290 6385/14/5291
f 6356/16/5263 6385/14/5291 6360/14/5267
f 6361/48/5268 6379/48/5285 6382/46/5288
f 6361/48/5268 6382/46/5288 6358/46/5265
f 6357/36/5264 6381/36/5287 6386/34/5292
f 6357/36/5264 6386/34/5292 6362/34/4853
f 6363/50/5269 6376/50/5282 6379/48/5285
f 6363/50/5269 6379/48/5285 6361/48/5268
f 6360/14/5267 6385/14/5291 6387/12/5293
f 6360/14/5267 6387/12/5293 6364/12/5270
f 6365/52/5271 6388/52/5294 6376/50/5282
f 6365/52/5271 6376/50/5282 6363/50/5269
f 6362/34/4853 6386/34/5292 6389/32/5295
f 6362/34/4853 6389/32/5295 6366/32/5272
f 6367/54/5273 6390/54/5296 6388/52/5294
f 6367/54/5273 6388/52/5294 6365/52/5271
f 6364/12/5270 6387/12/5293 6391/10/5297
f 6364/12/5270 6391/10/5297 6368/10/5274
f 6369/56/5275 6392/56/5298 6390/54/5296
f 6369/56/5275 6390/54/5296 6367/54/5273
f 6366/32/5272 6389/32/5295 6393/30/5299
f 6366/32/5272 6393/30/5299 6370/30/5276
f 6355/24/5262 6394/24/5300 6395/22/5301
f 6355/24/5262 6395/22/5301 6371/22/5277
f 6372/58/5278 6396/58/5302 6392/56/5298
f 6372/58/5278 6392/56/5298 6369/56/5275
f 6368/10/5274 6391/10/5297 6397/8/5303
f 6368/10/5274 6397/8/5303 6373/8/5279
f 6359/44/5266 6383/44/5289 6398/42/5304
f 6359/44/5266 6398/42/5304 6374/42/5280
f 6375/60/5281 6399/60/5305 6396/58/5302
f 6375/60/5281 6396/58/5302 6372/58/5278
f 6370/30/5276 6393/30/5299 6400/28/5306
f 6370/30/5276 6400/28/5306 6347/28/5254
f 6371/22/5277 6395/22/5301 6401/20/5307
f 6371/22/5277 6401/20/5307 6349/20/5256
f 6312/62/5220 6402/62/5308 6399/60/5305
f 6312/62/5220 6399/60/5305 6375/60/5281
f 6373/8/5279 6397/8/5303 6403/6/5309
f 6373/8/5279 6403/6/5309 6352/6/5259
f 6374/42/5280 6398/42/5304 6404/40/5310
f 6374/42/5280 6404/40/5310 6353/40/5260
f 6311/64/5219 6405/64/5311 6402/62/5308
f 6311/64/5219 6402/62/5308 6312/62/5220
f 6347/28/5254 6400/28/5306 6406/26/5312
f 6347/28/5254 6406/26/5312 6348/26/5255
f 6349/20/5256 6401/20/5307 6407/18/5313
f 6349/20/5256 6407/18/5313 6350/18/5257
f 6351/66/5258 6408/66/5314 6405/64/5311
f 6351/66/5258 6405/64/5311 6311/64/5219
f 6352/6/5259 6403/6/5309 6344/4/5252
f 6352/6/5259 6344/4/5252 6343/4/5251
f 6353/40/5260 6404/40/5310 6380/38/5286
f 6353/40/5260 6380/38/5286 6354/38/5261
f 6348/26/5255 6406/26/5312 6394/24/5300
f 6348/26/5255 6394/24/5300 6355/24/5262
f 6350/18/5257 6407/18/5313 6384/16/5290
f 6350/18/5257 6384/16/5290 6356/16/5263
f 6409/56/5315 6410/56/5316 6411/54/5317
f 6409/56/5315 6411/54/5317 6412/54/5318
f 6385/14/5291 6413/14/5319 6414/12/5320
f 6385/14/5291 6414/12/5320 6387/12/5293
f 6388/52/5294 6415/52/5321 6377/50/5283
f 6388/52/5294 6377/50/5283 6376/50/5282
f 6386/34/5292 6416/34/5322 6417/32/5323
f 6386/34/5292 6417/32/5323 6389/32/5295
f 6390/54/5296 6412/54/5318 6415/52/5321
f 6390/54/5296 6415/52/5321 6388/52/5294
f 6387/12/5293 6414/12/5320 6418/10/5324
f 6387/12/5293 6418/10/5324 6391/10/5297
f 6392/56/5298 6409/56/5315 6412/54/5318
f 6392/56/5298 6412/54/5318 6390/54/5296
f 6389/32/5295 6417/32/5323 6419/30/5325
f 6389/32/5295 6419/30/5325 6393/30/5299
f 6394/24/5300 6420/24/5326 6421/22/5327
f 6394/24/5300 6421/22/5327 6395/22/5301
f 6396/58/5302 6422/58/5328 6409/56/5315
f 6396/58/5302 6409/56/5315 6392/56/5298
f 6391/10/5297 6418/10/5324 6423/8/5329
f 6391/10/5297 6423/8/5329 6397/8/5303
f 6383/44/5289 6424/44/5330 6425/42/5331
f 6383/44/5289 6425/42/5331 6398/42/5304
f 6399/60/5305 6426/60/5332 6422/58/5328
f 6399/60/5305 6422/58/5328 6396/58/5302
f 6393/30/5299 6419/30/5325 6427/28/5333
f 6393/30/5299 6427/28/5333 6400/28/5306
f 6395/22/5301 6421/22/5327 6428/20/5334
f 6395/22/5301 6428/20/5334 6401/20/5307
f 6402/62/5308 6429/62/5335 6426/60/5332
f 6402/62/5308 6426/60/5332 6399/60/5305
f 6397/8/5303 6423/8/5329 6430/6/5336
f 6397/8/5303 6430/6/5336 6403/6/5309
f 6398/42/5304 6425/42/5331 6431/40/5337
f 6398/42/5304 6431/40/5337 6404/40/5310
f 6405/64/5311 6432/64/5338 6429/62/5335
f 6405/64/5311 6429/62/5335 6402/62/5308
f 6400/28/5306 6427/28/5333 6433/26/5339
f 6400/28/5306 6433/26/5339 6406/26/5312
f 6401/20/5307 6428/20/5334 6434/18/5340
f 6401/20/5307 6434/18/5340 6407/18/5313
f 6408/66/5314 6435/66/5341 6432/64/5338
f 6408/66/5314 6432/64/5338 6405/64/5311
f 6403/6/5309 6430/6/5336 6436/4/5342
f 6403/6/5309 6436/4/5342 6344/4/5252
f 6404/40/5310 6431/40/5337 6437/38/5343
f 6404/40/5310 6437/38/5343 6380/38/5286
f 6406/26/5312 6433/26/5339 6420/24/5326
f 6406/26/5312 6420/24/5326 6394/24/5300
f 6407/18/5313 6434/18/5340 6438/16/5344
f 6407/18/5313 6438/16/5344 6384/16/5290
f 6344/4/5252 6436/4/5342 6439/1/5341
f 6344/4/5252 6439/1/5341 6345/1/5253
f 6380/38/5286 6437/38/5343 6440/36/5345
f 6380/38/5286 6440/36/5345 6381/36/5287
f 6382/46/5288 6441/46/5346 6424/44/5330
f 6382/46/5288 6424/44/5330 6383/44/5289
f 6384/16/5290 6438/16/5344 6413/14/5319
f 6384/16/5290 6413/14/5319 6385/14/5291
f 6379/48/5285 6378/48/5284 6441/46/5346
f 6379/48/5285 6441/46/5346 6382/46/5288
f 6381/36/5287 6440/36/5345 6416/34/5322
f 6381/36/5287 6416/34/5322 6386/34/5292
f 6442/22/5347 6443/22/5348 6444/20/5349
f 6442/22/5347 6444/20/5349 6445/20/5350
f 6417/32/5323 6446/32/5351 6447/30/5352
f 6417/32/5323 6447/30/5352 6419/30/5325
f 6420/24/5326 6448/24/5353 6442/22/5347
f 6420/24/5326 6442/22/5347 6421/22/5327
f 6422/58/5328 6449/58/5354 6410/56/5316
f 6422/58/5328 6410/56/5316 6409/56/5315
f 6418/10/5324 6450/10/5355 6451/8/5356
f 6418/10/5324 6451/8/5356 6423/8/5329
f 6424/44/5330 6452/44/5357 6453/42/5358
f 6424/44/5330 6453/42/5358 6425/42/5331
f 6426/60/5332 6454/60/5359 6449/58/5354
f 6426/60/5332 6449/58/5354 6422/58/5328
f 6419/30/5325 6447/30/5352 6455/28/5360
f 6419/30/5325 6455/28/5360 6427/28/5333
f 6421/22/5327 6442/22/5347 6445/20/5350
f 6421/22/5327 6445/20/5350 6428/20/5334
f 6429/62/5335 6456/62/5361 6454/60/5359
f 6429/62/5335 6454/60/5359 6426/60/5332
f 6423/8/5329 6451/8/5356 6457/6/5362
f 6423/8/5329 6457/6/5362 6430/6/5336
f 6425/42/5331 6453/42/5358 6458/40/5363
f 6425/42/5331 6458/40/5363 6431/40/5337
f 6432/64/5338 6459/64/5364 6456/62/5361
f 6432/64/5338 6456/62/5361 6429/62/5335
f 6427/28/5333 6455/28/5360 6460/26/5365
f 6427/28/5333 6460/26/5365 6433/26/5339
f 6428/20/5334 6445/20/5350 6461/18/5366
f 6428/20/5334 6461/18/5366 6434/18/5340
f 6435/66/5341 6462/66/5367 6459/64/5364
f 6435/66/5341 6459/64/5364 6432/64/5338
f 6430/6/5336 6457/6/5362 6463/4/5368
f 6430/6/5336 6463/4/5368 6436/4/5342
f 6431/40/5337 6458/40/5363 6464/38/5369
f 6431/40/5337 6464/38/5369 6437/38/5343
f 6433/26/5339 6460/26/5365 6448/24/5353
f 6433/26/5339 6448/24/5353 6420/24/5326
f 6434/18/5340 6461/18/5366 6465/16/5370
f 6434/18/5340 6465/16/5370 6438/16/5344
f 6436/4/5342 6463/4/5368 6466/1/5371
f 6436/4/5342 6466/1/5371 6439/1/5341
f 6437/38/5343 6464/38/5369 6467/36/5372
f 6437/38/5343 6467/36/5372 6440/36/5345
f 6441/46/5346 6468/46/5373 6452/44/5357
f 6441/46/5346 6452/44/5357 6424/44/5330
f 6438/16/5344 6465/16/5370 6469/14/5374
f 6438/16/5344 6469/14/5374 6413/14/5319
f 6378/48/5284 6470/48/5375 6468/46/5373
f 6378/48/5284 6468/46/5373 6441/46/5346
f 6440/36/5345 6467/36/5372 6471/34/5376
f 6440/36/5345 6471/34/5376 6416/34/5322
f 6377/50/5283 6472/50/5377 6470/48/5375
f 6377/50/5283 6470/48/5375 6378/48/5284
f 6413/14/5319 6469/14/5374 6473/12/5378
f 6413/14/5319 6473/12/5378 6414/12/5320
f 6415/52/5321 6474/52/5379 6472/50/5377
f 6415/52/5321 6472/50/5377 6377/50/5283
f 6416/34/5322 6471/34/5376 6446/32/5351
f 6416/34/5322 6446/32/5351 6417/32/5323
f 6412/54/5318 6411/54/5317 6474/52/5379
f 6412/54/5318 6474/52/5379 6415/52/5321
f 6414/12/5320 6473/12/5378 6450/10/5355
f 6414/12/5320 6450/10/5355 6418/10/5324
f 6475/40/5380 6476/40/5381 6477/38/5382
f 6475/40/5380 6477/38/5382 6478/38/5383
f 6456/62/5361 6479/62/5384 6480/60/5385
f 6456/62/5361 6480/60/5385 6454/60/5359
f 6451/8/5356 6481/8/5386 6482/6/5387
f 6451/8/5356 6482/6/5387 6457/6/5362
f 6453/42/5358 6483/42/5388 6475/40/5380
f 6453/42/5358 6475/40/5380 6458/40/5363
f 6459/64/5364 6484/64/5389 6479/62/5384
f 6459/64/5364 6479/62/5384 6456/62/5361
f 6455/28/5360 6485/28/5390 6486/26/5391
f 6455/28/5360 6486/26/5391 6460/26/5365
f 6445/20/5350 6444/20/5349 6487/18/5392
f 6445/20/5350 6487/18/5392 6461/18/5366
f 6462/66/5367 6488/66/5393 6484/64/5389
f 6462/66/5367 6484/64/5389 6459/64/5364
f 6457/6/5362 6482/6/5387 6489/4/5394
f 6457/6/5362 6489/4/5394 6463/4/5368
f 6458/40/5363 6475/40/5380 6478/38/5383
f 6458/40/5363 6478/38/5383 6464/38/5369
f 6460/26/5365 6486/26/5391 6490/24/5395
f 6460/26/5365 6490/24/5395 6448/24/5353
f 6461/18/5366 6487/18/5392 6491/16/5396
f 6461/18/5366 6491/16/5396 6465/16/5370
f 6463/4/5368 6489/4/5394 6492/1/5397
f 6463/4/5368 6492/1/5397 6466/1/5371
f 6464/38/5369 6478/38/5383 6493/36/5398
f 6464/38/5369 6493/36/5398 6467/36/5372
f 6468/46/5373 6494/46/5399 6495/44/5400
f 6468/46/5373 6495/44/5400 6452/44/5357
f 6465/16/5370 6491/16/5396 6496/14/5401
f 6465/16/5370 6496/14/5401 6469/14/5374
f 6470/48/5375 6497/48/5402 6494/46/5399
f 6470/48/5375 6494/46/5399 6468/46/5373
f 6467/36/5372 6493/36/5398 6498/34/5403
f 6467/36/5372 6498/34/5403 6471/34/5376
f 6472/50/5377 6499/50/5404 6497/48/5402
f 6472/50/5377 6497/48/5402 6470/48/5375
f 6469/14/5374 6496/14/5401 6500/12/5405
f 6469/14/5374 6500/12/5405 6473/12/5378
f 6474/52/5379 6501/52/5406 6499/50/5404
f 6474/52/5379 6499/50/5404 6472/50/5377
f 6471/34/5376 6498/34/5403 6502/32/5407
f 6471/34/5376 6502/32/5407 6446/32/5351
f 6411/54/5317 6503/54/5408 6501/52/5406
f 6411/54/5317 6501/52/5406 6474/52/5379
f 6473/12/5378 6500/12/5405 6504/10/5409
f 6473/12/5378 6504/10/5409 6450/10/5355
f 6410/56/5316 6505/56/5410 6503/54/5408
f 6410/56/5316 6503/54/5408 6411/54/5317
f 6446/32/5351 6502/32/5407 6506/30/5411
f 6446/32/5351 6506/30/5411 6447/30/5352
f 6448/24/5353 6490/24/5395 6443/22/5348
f 6448/24/5353 6443/22/5348 6442/22/5347
f 6449/58/5354 6507/58/5412 6505/56/5410
f 6449/58/5354 6505/56/5410 6410/56/5316
f 6450/10/5355 6504/10/5409 6481/8/5386
f 6450/10/5355 6481/8/5386 6451/8/5356
f 6452/44/5357 6495/44/5400 6483/42/5388
f 6452/44/5357 6483/42/5388 6453/42/5358
f 6454/60/5359 6480/60/5385 6507/58/5412
f 6454/60/5359 6507/58/5412 6449/58/5354
f 6447/30/5352 6506/30/5411 6485/28/5390
f 6447/30/5352 6485/28/5390 6455/28/5360
f 6508/16/5413 6509/16/5414 6510/14/5415
f 6508/16/5413 6510/14/5415 6511/14/5416
f 6486/26/5391 6512/26/5417 6513/24/5418
f 6486/26/5391 6513/24/5418 6490/24/5395
f 6487/18/5392 6514/18/5419 6508/16/5413
f 6487/18/5392 6508/16/5413 6491/16/5396
f 6489/4/5394 6515/4/5420 6516/1/5421
f 6489/4/5394 6516/1/5421 6492/1/5397
f 6478/38/5383 6477/38/5382 6517/36/5422
f 6478/38/5383 6517/36/5422 6493/36/5398
f 6494/46/5399 6518/46/5423 6519/44/5424
f 6494/46/5399 6519/44/5424 6495/44/5400
f 6491/16/5396 6508/16/5413 6511/14/5416
f 6491/16/5396 6511/14/5416 6496/14/5401
f 6497/48/5402 6520/48/5425 6518/46/5423
f 6497/48/5402 6518/46/5423 6494/46/5399
f 6493/36/5398 6517/36/5422 6521/34/5426
f 6493/36/5398 6521/34/5426 6498/34/5403
f 6499/50/5404 6522/50/5427 6520/48/5425
f 6499/50/5404 6520/48/5425 6497/48/5402
f 6496/14/5401 6511/14/5416 6523/12/5428
f 6496/14/5401 6523/12/5428 6500/12/5405
f 6501/52/5406 6524/52/5429 6522/50/5427
f 6501/52/5406 6522/50/5427 6499/50/5404
f 6498/34/5403 6521/34/5426 6525/32/5430
f 6498/34/5403 6525/32/5430 6502/32/5407
f 6503/54/5408 6526/54/5431 6524/52/5429
f 6503/54/5408 6524/52/5429 6501/52/5406
f 6500/12/5405 6523/12/5428 6527/10/5432
f 6500/12/5405 6527/10/5432 6504/10/5409
f 6505/56/5410 6528/56/5433 6526/54/5431
f 6505/56/5410 6526/54/5431 6503/54/5408
f 6502/32/5407 6525/32/5430 6529/30/5434
f 6502/32/5407 6529/30/5434 6506/30/5411
f 6490/24/5395 6513/24/5418 6530/22/5435
f 6490/24/5395 6530/22/5435 6443/22/5348
f 6507/58/5412 6531/58/5436 6528/56/5433
f 6507/58/5412 6528/56/5433 6505/56/5410
f 6504/10/5409 6527/10/5432 6532/8/5437
f 6504/10/5409 6532/8/5437 6481/8/5386
f 6495/44/5400 6519/44/5424 6533/42/5438
f 6495/44/5400 6533/42/5438 6483/42/5388
f 6480/60/5385 6534/60/5439 6531/58/5436
f 6480/60/5385 6531/58/5436 6507/58/5412
f 6506/30/5411 6529/30/5434 6535/28/5440
f 6506/30/5411 6535/28/5440 6485/28/5390
f 6443/22/5348 6530/22/5435 6536/20/5441
f 6443/22/5348 6536/20/5441 6444/20/5349
f 6479/62/5384 6537/62/5442 6534/60/5439
f 6479/62/5384 6534/60/5439 6480/60/5385
f 6481/8/5386 6532/8/5437 6538/6/5443
f 6481/8/5386 6538/6/5443 6482/6/5387
f 6483/42/5388 6533/42/5438 6476/40/5381
f 6483/42/5388 6476/40/5381 6475/40/5380
f 6484/64/5389 6539/64/5444 6537/62/5442
f 6484/64/5389 6537/62/5442 6479/62/5384
f 6485/28/5390 6535/28/5440 6512/26/5417
f 6485/28/5390 6512/26/5417 6486/26/5391
f 6444/20/5349 6536/20/5441 6514/18/5419
f 6444/20/5349 6514/18/5419 6487/18/5392
f 6488/66/5393 6540/66/5421 6539/64/5444
f 6488/66/5393 6539/64/5444 6484/64/5389
f 6482/6/5387 6538/6/5443 6515/4/5420
f 6482/6/5387 6515/4/5420 6489/4/5394
f 6541/34/5445 6542/34/5446 6543/32/5447
f 6541/34/5445 6543/32/5447 6544/32/5448
f 6520/48/5425 6545/48/5449 6546/46/5450
f 6520/48/5425 6546/46/5450 6518/46/5423
f 6517/36/5422 6547/36/5451 6541/34/5445
f 6517/36/5422 6541/34/5445 6521/34/5426
f 6522/50/5427 6548/50/5452 6545/48/5449
f 6522/50/5427 6545/48/5449 6520/48/5425
f 6511/14/5416 6510/14/5415 6549/12/5453
f 6511/14/5416 6549/12/5453 6523/12/5428
f 6524/52/5429 6550/52/5454 6548/50/5452
f 6524/52/5429 6548/50/5452 6522/50/5427
f 6521/34/5426 6541/34/5445 6544/32/5448
f 6521/34/5426 6544/32/5448 6525/32/5430
f 6526/54/5431 6551/54/5455 6550/52/5454
f 6526/54/5431 6550/52/5454 6524/52/5429
f 6523/12/5428 6549/12/5453 6552/10/5456
f 6523/12/5428 6552/10/5456 6527/10/5432
f 6528/56/5433 6553/56/5457 6551/54/5455
f 6528/56/5433 6551/54/5455 6526/54/5431
f 6525/32/5430 6544/32/5448 6554/30/5458
f 6525/32/5430 6554/30/5458 6529/30/5434
f 6513/24/5418 6555/24/5459 6556/22/5460
f 6513/24/5418 6556/22/5460 6530/22/5435
f 6531/58/5436 6557/58/5461 6553/56/5457
f 6531/58/5436 6553/56/5457 6528/56/5433
f 6527/10/5432 6552/10/5456 6558/8/5462
f 6527/10/5432 6558/8/5462 6532/8/5437
f 6519/44/5424 6559/44/5463 6560/42/5464
f 6519/44/5424 6560/42/5464 6533/42/5438
f 6534/60/5439 6561/60/5465 6557/58/5461
f 6534/60/5439 6557/58/5461 6531/58/5436
f 6529/30/5434 6554/30/5458 6562/28/5466
f 6529/30/5434 6562/28/5466 6535/28/5440
f 6530/22/5435 6556/22/5460 6563/20/5467
f 6530/22/5435 6563/20/5467 6536/20/5441
f 6537/62/5442 6564/62/5468 6561/60/5465
f 6537/62/5442 6561/60/5465 6534/60/5439
f 6532/8/5437 6558/8/5462 6565/6/5469
f 6532/8/5437 6565/6/5469 6538/6/5443
f 6533/42/5438 6560/42/5464 6566/40/5470
f 6533/42/5438 6566/40/5470 6476/40/5381
f 6539/64/5444 6567/64/5471 6564/62/5468
f 6539/64/5444 6564/62/5468 6537/62/5442
f 6535/28/5440 6562/28/5466 6568/26/5472
f 6535/28/5440 6568/26/5472 6512/26/5417
f 6536/20/5441 6563/20/5467 6569/18/5473
f 6536/20/5441 6569/18/5473 6514/18/5419
f 6540/66/5421 6570/66/5474 6567/64/5471
f 6540/66/5421 6567/64/5471 6539/64/5444
f 6538/6/5443 6565/6/5469 6571/4/5475
f 6538/6/5443 6571/4/5475 6515/4/5420
f 6476/40/5381 6566/40/5470 6572/38/5476
f 6476/40/5381 6572/38/5476 6477/38/5382
f 6512/26/5417 6568/26/5472 6555/24/5459
f 6512/26/5417 6555/24/5459 6513/24/5418
f 6514/18/5419 6569/18/5473 6509/16/5414
f 6514/18/5419 6509/16/5414 6508/16/5413
f 6515/4/5420 6571/4/5475 6573/1/5474
f 6515/4/5420 6573/1/5474 6516/1/5421
f 6477/38/5382 6572/38/5476 6547/36/5451
f 6477/38/5382 6547/36/5451 6517/36/5422
f 6518/46/5423 6546/46/5450 6559/44/5463
f 6518/46/5423 6559/44/5463 6519/44/5424
f 6574/10/5477 6575/10/5478 6576/8/5479
f 6574/10/5477 6576/8/5479 6577/8/5480
f 6551/54/5455 6578/54/5481 6579/52/5482
f 6551/54/5455 6579/52/5482 6550/52/5454
f 6549/12/5453 6580/12/5483 6574/10/5477
f 6549/12/5453 6574/10/5477 6552/10/5456
f 6553/56/5457 6581/56/5484 6578/54/5481
f 6553/56/5457 6578/54/5481 6551/54/5455
f 6544/32/5448 6543/32/5447 6582/30/5485
f 6544/32/5448 6582/30/5485 6554/30/5458
f 6555/24/5459 6583/24/5486 6584/22/5487
f 6555/24/5459 6584/22/5487 6556/22/5460
f 6557/58/5461 6585/58/5488 6581/56/5484
f 6557/58/5461 6581/56/5484 6553/56/5457
f 6552/10/5456 6574/10/5477 6577/8/5480
f 6552/10/5456 6577/8/5480 6558/8/5462
f 6559/44/5463 6586/44/5489 6587/42/5490
f 6559/44/5463 6587/42/5490 6560/42/5464
f 6561/60/5465 6588/60/5491 6585/58/5488
f 6561/60/5465 6585/58/5488 6557/58/5461
f 6554/30/5458 6582/30/5485 6589/28/5492
f 6554/30/5458 6589/28/5492 6562/28/5466
f 6556/22/5460 6584/22/5487 6590/20/5493
f 6556/22/5460 6590/20/5493 6563/20/5467
f 6564/62/5468 6591/62/5494 6588/60/5491
f 6564/62/5468 6588/60/5491 6561/60/5465
f 6558/8/5462 6577/8/5480 6592/6/5495
f 6558/8/5462 6592/6/5495 6565/6/5469
f 6560/42/5464 6587/42/5490 6593/40/5496
f 6560/42/5464 6593/40/5496 6566/40/5470
f 6567/64/5471 6594/64/5497 6591/62/5494
f 6567/64/5471 6591/62/5494 6564/62/5468
f 6562/28/5466 6589/28/5492 6595/26/5498
f 6562/28/5466 6595/26/5498 6568/26/5472
f 6563/20/5467 6590/20/5493 6596/18/2819
f 6563/20/5467 6596/18/2819 6569/18/5473
f 6570/66/5474 6597/66/5499 6594/64/5497
f 6570/66/5474 6594/64/5497 6567/64/5471
f 6565/6/5469 6592/6/5495 6598/4/5500
f 6565/6/5469 6598/4/5500 6571/4/5475
f 6566/40/5470 6593/40/5496 6599/38/5501
f 6566/40/5470 6599/38/5501 6572/38/5476
f 6568/26/5472 6595/26/5498 6583/24/5486
f 6568/26/5472 6583/24/5486 6555/24/5459
f 6569/18/5473 6596/18/2819 6600/16/5502
f 6569/18/5473 6600/16/5502 6509/16/5414
f 6571/4/5475 6598/4/5500 6601/1/5499
f 6571/4/5475 6601/1/5499 6573/1/5474
f 6572/38/5476 6599/38/5501 6602/36/5503
f 6572/38/5476 6602/36/5503 6547/36/5451
f 6546/46/5450 6603/46/5504 6586/44/5489
f 6546/46/5450 6586/44/5489 6559/44/5463
f 6509/16/5414 6600/16/5502 6604/14/5505
f 6509/16/5414 6604/14/5505 6510/14/5415
f 6545/48/5449 6605/48/5506 6603/46/5504
f 6545/48/5449 6603/46/5504 6546/46/5450
f 6547/36/5451 6602/36/5503 6542/34/5446
f 6547/36/5451 6542/34/5446 6541/34/5445
f 6548/50/5452 6606/50/5507 6605/48/5506
f 6548/50/5452 6605/48/5506 6545/48/5449
f 6510/14/5415 6604/14/5505 6580/12/5483
f 6510/14/5415 6580/12/5483 6549/12/5453
f 6550/52/5454 6579/52/5482 6606/50/5507
f 6550/52/5454 6606/50/5507 6548/50/5452
f 6607/28/5508 6608/28/5509 6609/26/5510
f 6607/28/5508 6609/26/5510 6610/26/5511
f 6586/44/5489 6611/44/5512 6612/42/5513
f 6586/44/5489 6612/42/5513 6587/42/5490
f 6588/60/5491 6613/60/5514 6614/58/5515
f 6588/60/5491 6614/58/5515 6585/58/5488
f 6582/30/5485 6615/30/5516 6607/28/5508
f 6582/30/5485 6607/28/5508 6589/28/5492
f 6584/22/5487 6616/22/5517 6617/20/5518
f 6584/22/5487 6617/20/5518 6590/20/5493
f 6591/62/5494 6618/62/5519 6613/60/5514
f 6591/62/5494 6613/60/5514 6588/60/5491
f 6577/8/5480 6576/8/5479 6619/6/5520
f 6577/8/5480 6619/6/5520 6592/6/5495
f 6587/42/5490 6612/42/5513 6620/40/5521
f 6587/42/5490 6620/40/5521 6593/40/5496
f 6594/64/5497 6621/64/5522 6618/62/5519
f 6594/64/5497 6618/62/5519 6591/62/5494
f 6589/28/5492 6607/28/5508 6610/26/5511
f 6589/28/5492 6610/26/5511 6595/26/5498
f 6590/20/5493 6617/20/5518 6622/18/5523
f 6590/20/5493 6622/18/5523 6596/18/2819
f 6597/66/5499 6623/66/5524 6621/64/5522
f 6597/66/5499 6621/64/5522 6594/64/5497
f 6592/6/5495 6619/6/5520 6624/4/5525
f 6592/6/5495 6624/4/5525 6598/4/5500
f 6593/40/5496 6620/40/5521 6625/38/5526
f 6593/40/5496 6625/38/5526 6599/38/5501
f 6595/26/5498 6610/26/5511 6626/24/5527
f 6595/26/5498 6626/24/5527 6583/24/5486
f 6596/18/2819 6622/18/5523 6627/16/5528
f 6596/18/2819 6627/16/5528 6600/16/5502
f 6598/4/5500 6624/4/5525 6628/1/5524
f 6598/4/5500 6628/1/5524 6601/1/5499
f 6599/38/5501 6625/38/5526 6629/36/5529
f 6599/38/5501 6629/36/5529 6602/36/5503
f 6603/46/5504 6630/46/5530 6611/44/5512
f 6603/46/5504 6611/44/5512 6586/44/5489
f 6600/16/5502 6627/16/5528 6631/14/5531
f 6600/16/5502 6631/14/5531 6604/14/5505
f 6605/48/5506 6632/48/5532 6630/46/5530
f 6605/48/5506 6630/46/5530 6603/46/5504
f 6602/36/5503 6629/36/5529 6633/34/5533
f 6602/36/5503 6633/34/5533 6542/34/5446
f 6606/50/5507 6634/50/5534 6632/48/5532
f 6606/50/5507 6632/48/5532 6605/48/5506
f 6604/14/5505 6631/14/5531 6635/12/5535
f 6604/14/5505 6635/12/5535 6580/12/5483
f 6579/52/5482 6636/52/5536 6634/50/5534
f 6579/52/5482 6634/50/5534 6606/50/5507
f 6542/34/5446 6633/34/5533 6637/32/5537
f 6542/34/5446 6637/32/5537 6543/32/5447
f 6578/54/5481 6638/54/5538 6636/52/5536
f 6578/54/5481 6636/52/5536 6579/52/5482
f 6580/12/5483 6635/12/5535 6575/10/5478
f 6580/12/5483 6575/10/5478 6574/10/5477
f 6581/56/5484 6639/56/5539 6638/54/5538
f 6581/56/5484 6638/54/5538 6578/54/5481
f 6543/32/5447 6637/32/5537 6615/30/5516
f 6543/32/5447 6615/30/5516 6582/30/5485
f 6583/24/5486 6626/24/5527 6616/22/5517
f 6583/24/5486 6616/22/5517 6584/22/5487
f 6585/58/5488 6614/58/5515 6639/56/5539
f 6585/58/5488 6639/56/5539 6581/56/5484
f 6640/4/5540 6641/4/5541 6642/1/5542
f 6640/4/5540 6642/1/5542 6643/1/5543
f 6617/20/5518 6644/20/5544 6645/18/5545
f 6617/20/5518 6645/18/5545 6622/18/5523
f 6623/66/5524 6646/66/5543 6647/64/5546
f 6623/66/5524 6647/64/5546 6621/64/5522
f 6619/6/5520 6648/6/5547 6640/4/5540
f 6619/6/5520 6640/4/5540 6624/4/5525
f 6620/40/5521 6649/40/5548 6650/38/5549
f 6620/40/5521 6650/38/5549 6625/38/5526
f 6610/26/5511 6609/26/5510 6651/24/5550
f 6610/26/5511 6651/24/5550 6626/24/5527
f 6622/18/5523 6645/18/5545 6652/16/5551
f 6622/18/5523 6652/16/5551 6627/16/5528
f 6624/4/5525 6640/4/5540 6643/1/5543
f 6624/4/5525 6643/1/5543 6628/1/5524
f 6625/38/5526 6650/38/5549 6653/36/5552
f 6625/38/5526 6653/36/5552 6629/36/5529
f 6630/46/5530 6654/46/5553 6655/44/5554
f 6630/46/5530 6655/44/5554 6611/44/5512
f 6627/16/5528 6652/16/5551 6656/14/5555
f 6627/16/5528 6656/14/5555 6631/14/5531
f 6632/48/5532 6657/48/5556 6654/46/5553
f 6632/48/5532 6654/46/5553 6630/46/5530
f 6629/36/5529 6653/36/5552 6658/34/5557
f 6629/36/5529 6658/34/5557 6633/34/5533
f 6634/50/5534 6659/50/5558 6657/48/5556
f 6634/50/5534 6657/48/5556 6632/48/5532
f 6631/14/5531 6656/14/5555 6660/12/5559
f 6631/14/5531 6660/12/5559 6635/12/5535
f 6636/52/5536 6661/52/5560 6659/50/5558
f 6636/52/5536 6659/50/5558 6634/50/5534
f 6633/34/5533 6658/34/5557 6662/32/5561
f 6633/34/5533 6662/32/5561 6637/32/5537
f 6638/54/5538 6663/54/5562 6661/52/5560
f 6638/54/5538 6661/52/5560 6636/52/5536
f 6635/12/5535 6660/12/5559 6664/10/5563
f 6635/12/5535 6664/10/5563 6575/10/5478
f 6639/56/5539 6665/56/5564 6663/54/5562
f 6639/56/5539 6663/54/5562 6638/54/5538
f 6637/32/5537 6662/32/5561 6666/30/5565
f 6637/32/5537 6666/30/5565 6615/30/5516
f 6626/24/5527 6651/24/5550 6667/22/5566
f 6626/24/5527 6667/22/5566 6616/22/5517
f 6614/58/5515 6668/58/5567 6665/56/5564
f 6614/58/5515 6665/56/5564 6639/56/5539
f 6575/10/5478 6664/10/5563 6669/8/5568
f 6575/10/5478 6669/8/5568 6576/8/5479
f 6611/44/5512 6655/44/5554 6670/42/5569
f 6611/44/5512 6670/42/5569 6612/42/5513
f 6613/60/5514 6671/60/5570 6668/58/5567
f 6613/60/5514 6668/58/5567 6614/58/5515
f 6615/30/5516 6666/30/5565 6608/28/5509
f 6615/30/5516 6608/28/5509 6607/28/5508
f 6616/22/5517 6667/22/5566 6644/20/5544
f 6616/22/5517 6644/20/5544 6617/20/5518
f 6618/62/5519 6672/62/5571 6671/60/5570
f 6618/62/5519 6671/60/5570 6613/60/5514
f 6576/8/5479 6669/8/5568 6648/6/5547
f 6576/8/5479 6648/6/5547 6619/6/5520
f 6612/42/5513 6670/42/5569 6649/40/5548
f 6612/42/5513 6649/40/5548 6620/40/5521
f 6621/64/5522 6647/64/5546 6672/62/5571
f 6621/64/5522 6672/62/5571 6618/62/5519
f 6673/50/5572 6674/50/5573 6675/48/5574
f 6673/50/5572 6675/48/5574 6676/48/5575
f 6650/38/5549 6677/38/5576 6678/36/5577
f 6650/38/5549 6678/36/5577 6653/36/5552
f 6654/46/5553 6679/46/5578 6680/44/5579
f 6654/46/5553 6680/44/5579 6655/44/5554
f 6652/16/5551 6681/16/5580 6682/14/5581
f 6652/16/5551 6682/14/5581 6656/14/5555
f 6657/48/5556 6676/48/5575 6679/46/5578
f 6657/48/5556 6679/46/5578 6654/46/5553
f 6653/36/5552 6678/36/5577 6683/34/5582
f 6653/36/5552 6683/34/5582 6658/34/5557
f 6659/50/5558 6673/50/5572 6676/48/5575
f 6659/50/5558 6676/48/5575 6657/48/5556
f 6656/14/5555 6682/14/5581 6684/12/5583
f 6656/14/5555 6684/12/5583 6660/12/5559
f 6661/52/5560 6685/52/5584 6673/50/5572
f 6661/52/5560 6673/50/5572 6659/50/5558
f 6658/34/5557 6683/34/5582 6686/32/5585
f 6658/34/5557 6686/32/5585 6662/32/5561
f 6663/54/5562 6687/54/5586 6685/52/5584
f 6663/54/5562 6685/52/5584 6661/52/5560
f 6660/12/5559 6684/12/5583 6688/10/5587
f 6660/12/5559 6688/10/5587 6664/10/5563
f 6665/56/5564 6689/56/5588 6687/54/5586
f 6665/56/5564 6687/54/5586 6663/54/5562
f 6662/32/5561 6686/32/5585 6690/30/5589
f 6662/32/5561 6690/30/5589 6666/30/5565
f 6651/24/5550 6691/24/5590 6692/22/5591
f 6651/24/5550 6692/22/5591 6667/22/5566
f 6668/58/5567 6693/58/5592 6689/56/5588
f 6668/58/5567 6689/56/5588 6665/56/5564
f 6664/10/5563 6688/10/5587 6694/8/5593
f 6664/10/5563 6694/8/5593 6669/8/5568
f 6655/44/5554 6680/44/5579 6695/42/5594
f 6655/44/5554 6695/42/5594 6670/42/5569
f 6671/60/5570 6696/60/5595 6693/58/5592
f 6671/60/5570 6693/58/5592 6668/58/5567
f 6666/30/5565 6690/30/5589 6697/28/5596
f 6666/30/5565 6697/28/5596 6608/28/5509
f 6667/22/5566 6692/22/5591 6698/20/5597
f 6667/22/5566 6698/20/5597 6644/20/5544
f 6672/62/5571 6699/62/5598 6696/60/5595
f 6672/62/5571 6696/60/5595 6671/60/5570
f 6669/8/5568 6694/8/5593 6700/6/5599
f 6669/8/5568 6700/6/5599 6648/6/5547
f 6670/42/5569 6695/42/5594 6701/40/5600
f 6670/42/5569 6701/40/5600 6649/40/5548
f 6647/64/5546 6702/64/5601 6699/62/5598
f 6647/64/5546 6699/62/5598 6672/62/5571
f 6608/28/5509 6697/28/5596 6703/26/5602
f 6608/28/5509 6703/26/5602 6609/26/5510
f 6644/20/5544 6698/20/5597 6704/18/5603
f 6644/20/5544 6704/18/5603 6645/18/5545
f 6646/66/5543 6705/66/5542 6702/64/5601
f 6646/66/5543 6702/64/5601 6647/64/5546
f 6648/6/5547 6700/6/5599 6641/4/5541
f 6648/6/5547 6641/4/5541 6640/4/5540
f 6649/40/5548 6701/40/5600 6677/38/5576
f 6649/40/5548 6677/38/5576 6650/38/5549
f 6609/26/5510 6703/26/5602 6691/24/5590
f 6609/26/5510 6691/24/5590 6651/24/5550
f 6645/18/5545 6704/18/5603 6681/16/5580
f 6645/18/5545 6681/16/5580 6652/16/5551
f 6706/56/5604 6707/56/5605 6708/54/5606
f 6706/56/5604 6708/54/5606 6709/54/5607
f 6682/14/5581 6710/14/5608 6711/12/5609
f 6682/14/5581 6711/12/5609 6684/12/5583
f 6685/52/5584 6712/52/5610 6674/50/5573
f 6685/52/5584 6674/50/5573 6673/50/5572
f 6683/34/5582 6713/34/5611 6714/32/5612
f 6683/34/5582 6714/32/5612 6686/32/5585
f 6687/54/5586 6709/54/5607 6712/52/5610
f 6687/54/5586 6712/52/5610 6685/52/5584
f 6684/12/5583 6711/12/5609 6715/10/5613
f 6684/12/5583 6715/10/5613 6688/10/5587
f 6689/56/5588 6706/56/5604 6709/54/5607
f 6689/56/5588 6709/54/5607 6687/54/5586
f 6686/32/5585 6714/32/5612 6716/30/5614
f 6686/32/5585 6716/30/5614 6690/30/5589
f 6691/24/5590 6717/24/5615 6718/22/5616
f 6691/24/5590 6718/22/5616 6692/22/5591
f 6693/58/5592 6719/58/5617 6706/56/5604
f 6693/58/5592 6706/56/5604 6689/56/5588
f 6688/10/5587 6715/10/5613 6720/8/5618
f 6688/10/5587 6720/8/5618 6694/8/5593
f 6680/44/5579 6721/44/5619 6722/42/5620
f 6680/44/5579 6722/42/5620 6695/42/5594
f 6696/60/5595 6723/60/5621 6719/58/5617
f 6696/60/5595 6719/58/5617 6693/58/5592
f 6690/30/5589 6716/30/5614 6724/28/5622
f 6690/30/5589 6724/28/5622 6697/28/5596
f 6692/22/5591 6718/22/5616 6725/20/5623
f 6692/22/5591 6725/20/5623 6698/20/5597
f 6699/62/5598 6726/62/5624 6723/60/5621
f 6699/62/5598 6723/60/5621 6696/60/5595
f 6694/8/5593 6720/8/5618 6727/6/5625
f 6694/8/5593 6727/6/5625 6700/6/5599
f 6695/42/5594 6722/42/5620 6728/40/5626
f 6695/42/5594 6728/40/5626 6701/40/5600
f 6702/64/5601 6729/64/5627 6726/62/5624
f 6702/64/5601 6726/62/5624 6699/62/5598
f 6697/28/5596 6724/28/5622 6730/26/5628
f 6697/28/5596 6730/26/5628 6703/26/5602
f 6698/20/5597 6725/20/5623 6731/18/5629
f 6698/20/5597 6731/18/5629 6704/18/5603
f 6705/66/5542 6732/66/5630 6729/64/5627
f 6705/66/5542 6729/64/5627 6702/64/5601
f 6700/6/5599 6727/6/5625 6733/4/5631
f 6700/6/5599 6733/4/5631 6641/4/5541
f 6701/40/5600 6728/40/5626 6734/38/5632
f 6701/40/5600 6734/38/5632 6677/38/5576
f 6703/26/5602 6730/26/5628 6717/24/5615
f 6703/26/5602 6717/24/5615 6691/24/5590
f 6704/18/5603 6731/18/5629 6735/16/5633
f 6704/18/5603 6735/16/5633 6681/16/5580
f 6641/4/5541 6733/4/5631 6736/1/5634
f 6641/4/5541 6736/1/5634 6642/1/5542
f 6677/38/5576 6734/38/5632 6737/36/5635
f 6677/38/5576 6737/36/5635 6678/36/5577
f 6679/46/5578 6738/46/5636 6721/44/5619
f 6679/46/5578 6721/44/5619 6680/44/5579
f 6681/16/5580 6735/16/5633 6710/14/5608
f 6681/16/5580 6710/14/5608 6682/14/5581
f 6676/48/5575 6675/48/5574 6738/46/5636
f 6676/48/5575 6738/46/5636 6679/46/5578
f 6678/36/5577 6737/36/5635 6713/34/5611
f 6678/36/5577 6713/34/5611 6683/34/5582
f 6739/22/5637 6740/22/5638 6741/20/5639
f 6739/22/5637 6741/20/5639 6742/20/5640
f 6714/32/5612 6743/32/5641 6744/30/5642
f 6714/32/5612 6744/30/5642 6716/30/5614
f 6717/24/5615 6745/24/5643 6739/22/5637
f 6717/24/5615 6739/22/5637 6718/22/5616
f 6719/58/5617 6746/58/5644 6707/56/5605
f 6719/58/5617 6707/56/5605 6706/56/5604
f 6715/10/5613 6747/10/5645 6748/8/5646
f 6715/10/5613 6748/8/5646 6720/8/5618
f 6721/44/5619 6749/44/5647 6750/42/5648
f 6721/44/5619 6750/42/5648 6722/42/5620
f 6723/60/5621 6751/60/5649 6746/58/5644
f 6723/60/5621 6746/58/5644 6719/58/5617
f 6716/30/5614 6744/30/5642 6752/28/5650
f 6716/30/5614 6752/28/5650 6724/28/5622
f 6718/22/5616 6739/22/5637 6742/20/5640
f 6718/22/5616 6742/20/5640 6725/20/5623
f 6726/62/5624 6753/62/5651 6751/60/5649
f 6726/62/5624 6751/60/5649 6723/60/5621
f 6720/8/5618 6748/8/5646 6754/6/5652
f 6720/8/5618 6754/6/5652 6727/6/5625
f 6722/42/5620 6750/42/5648 6755/40/5653
f 6722/42/5620 6755/40/5653 6728/40/5626
f 6729/64/5627 6756/64/5654 6753/62/5651
f 6729/64/5627 6753/62/5651 6726/62/5624
f 6724/28/5622 6752/28/5650 6757/26/5655
f 6724/28/5622 6757/26/5655 6730/26/5628
f 6725/20/5623 6742/20/5640 6758/18/5656
f 6725/20/5623 6758/18/5656 6731/18/5629
f 6732/66/5630 6759/66/5657 6756/64/5654
f 6732/66/5630 6756/64/5654 6729/64/5627
f 6727/6/5625 6754/6/5652 6760/4/5658
f 6727/6/5625 6760/4/5658 6733/4/5631
f 6728/40/5626 6755/40/5653 6761/38/5659
f 6728/40/5626 6761/38/5659 6734/38/5632
f 6730/26/5628 6757/26/5655 6745/24/5643
f 6730/26/5628 6745/24/5643 6717/24/5615
f 6731/18/5629 6758/18/5656 6762/16/5660
f 6731/18/5629 6762/16/5660 6735/16/5633
f 6733/4/5631 6760/4/5658 6763/1/5661
f 6733/4/5631 6763/1/5661 6736/1/5634
f 6734/38/5632 6761/38/5659 6764/36/5662
f 6734/38/5632 6764/36/5662 6737/36/5635
f 6738/46/5636 6765/46/5663 6749/44/5647
f 6738/46/5636 6749/44/5647 6721/44/5619
f 6735/16/5633 6762/16/5660 6766/14/5664
f 6735/16/5633 6766/14/5664 6710/14/5608
f 6675/48/5574 6767/48/5665 6765/46/5663
f 6675/48/5574 6765/46/5663 6738/46/5636
f 6737/36/5635 6764/36/5662 6768/34/5666
f 6737/36/5635 6768/34/5666 6713/34/5611
f 6674/50/5573 6769/50/5667 6767/48/5665
f 6674/50/5573 6767/48/5665 6675/48/5574
f 6710/14/5608 6766/14/5664 6770/12/5668
f 6710/14/5608 6770/12/5668 6711/12/5609
f 6712/52/5610 6771/52/5669 6769/50/5667
f 6712/52/5610 6769/50/5667 6674/50/5573
f 6713/34/5611 6768/34/5666 6743/32/5641
f 6713/34/5611 6743/32/5641 6714/32/5612
f 6709/54/5607 6708/54/5606 6771/52/5669
f 6709/54/5607 6771/52/5669 6712/52/5610
f 6711/12/5609 6770/12/5668 6747/10/5645
f 6711/12/5609 6747/10/5645 6715/10/5613
f 6772/40/5670 6773/40/5671 6774/38/5672
f 6772/40/5670 6774/38/5672 6775/38/5673
f 6753/62/5651 6776/62/5674 6777/60/5675
f 6753/62/5651 6777/60/5675 6751/60/5649
f 6748/8/5646 6778/8/5676 6779/6/5677
f 6748/8/5646 6779/6/5677 6754/6/5652
f 6750/42/5648 6780/42/5678 6772/40/5670
f 6750/42/5648 6772/40/5670 6755/40/5653
f 6756/64/5654 6781/64/5679 6776/62/5674
f 6756/64/5654 6776/62/5674 6753/62/5651
f 6752/28/5650 6782/28/5680 6783/26/5681
f 6752/28/5650 6783/26/5681 6757/26/5655
f 6742/20/5640 6741/20/5639 6784/18/5682
f 6742/20/5640 6784/18/5682 6758/18/5656
f 6759/66/5657 6785/66/5683 6781/64/5679
f 6759/66/5657 6781/64/5679 6756/64/5654
f 6754/6/5652 6779/6/5677 6786/4/5684
f 6754/6/5652 6786/4/5684 6760/4/5658
f 6755/40/5653 6772/40/5670 6775/38/5673
f 6755/40/5653 6775/38/5673 6761/38/5659
f 6757/26/5655 6783/26/5681 6787/24/5685
f 6757/26/5655 6787/24/5685 6745/24/5643
f 6758/18/5656 6784/18/5682 6788/16/5686
f 6758/18/5656 6788/16/5686 6762/16/5660
f 6760/4/5658 6786/4/5684 6789/1/5687
f 6760/4/5658 6789/1/5687 6763/1/5661
f 6761/38/5659 6775/38/5673 6790/36/5688
f 6761/38/5659 6790/36/5688 6764/36/5662
f 6765/46/5663 6791/46/5689 6792/44/5690
f 6765/46/5663 6792/44/5690 6749/44/5647
f 6762/16/5660 6788/16/5686 6793/14/5691
f 6762/16/5660 6793/14/5691 6766/14/5664
f 6767/48/5665 6794/48/5692 6791/46/5689
f 6767/48/5665 6791/46/5689 6765/46/5663
f 6764/36/5662 6790/36/5688 6795/34/5693
f 6764/36/5662 6795/34/5693 6768/34/5666
f 6769/50/5667 6796/50/5694 6794/48/5692
f 6769/50/5667 6794/48/5692 6767/48/5665
f 6766/14/5664 6793/14/5691 6797/12/5695
f 6766/14/5664 6797/12/5695 6770/12/5668
f 6771/52/5669 6798/52/5696 6796/50/5694
f 6771/52/5669 6796/50/5694 6769/50/5667
f 6768/34/5666 6795/34/5693 6799/32/5697
f 6768/34/5666 6799/32/5697 6743/32/5641
f 6708/54/5606 6800/54/5698 6798/52/5696
f 6708/54/5606 6798/52/5696 6771/52/5669
f 6770/12/5668 6797/12/5695 6801/10/5699
f 6770/12/5668 6801/10/5699 6747/10/5645
f 6707/56/5605 6802/56/5700 6800/54/5698
f 6707/56/5605 6800/54/5698 6708/54/5606
f 6743/32/5641 6799/32/5697 6803/30/5701
f 6743/32/5641 6803/30/5701 6744/30/5642
f 6745/24/5643 6787/24/5685 6740/22/5638
f 6745/24/5643 6740/22/5638 6739/22/5637
f 6746/58/5644 6804/58/5702 6802/56/5700
f 6746/58/5644 6802/56/5700 6707/56/5605
f 6747/10/5645 6801/10/5699 6778/8/5676
f 6747/10/5645 6778/8/5676 6748/8/5646
f 6749/44/5647 6792/44/5690 6780/42/5678
f 6749/44/5647 6780/42/5678 6750/42/5648
f 6751/60/5649 6777/60/5675 6804/58/5702
f 6751/60/5649 6804/58/5702 6746/58/5644
f 6744/30/5642 6803/30/5701 6782/28/5680
f 6744/30/5642 6782/28/5680 6752/28/5650
f 6783/26/5681 6837/26/5703 6838/24/5704
f 6783/26/5681 6838/24/5704 6787/24/5685
f 6784/18/5682 6839/18/5705 6840/16/5706
f 6784/18/5682 6840/16/5706 6788/16/5686
f 6786/4/5684 6841/4/5707 6842/1/5708
f 6786/4/5684 6842/1/5708 6789/1/5687
f 6775/38/5673 6774/38/5672 6843/36/5709
f 6775/38/5673 6843/36/5709 6790/36/5688
f 6791/46/5689 6844/46/5710 6845/44/5711
f 6791/46/5689 6845/44/5711 6792/44/5690
f 6788/16/5686 6840/16/5706 6846/14/5712
f 6788/16/5686 6846/14/5712 6793/14/5691
f 6794/48/5692 6847/48/5713 6844/46/5710
f 6794/48/5692 6844/46/5710 6791/46/5689
f 6790/36/5688 6843/36/5709 6848/34/5714
f 6790/36/5688 6848/34/5714 6795/34/5693
f 6796/50/5694 6849/50/5715 6847/48/5713
f 6796/50/5694 6847/48/5713 6794/48/5692
f 6793/14/5691 6846/14/5712 6850/12/5716
f 6793/14/5691 6850/12/5716 6797/12/5695
f 6798/52/5696 6851/52/5717 6849/50/5715
f 6798/52/5696 6849/50/5715 6796/50/5694
f 6795/34/5693 6848/34/5714 6852/32/5718
f 6795/34/5693 6852/32/5718 6799/32/5697
f 6800/54/5698 6853/54/5719 6851/52/5717
f 6800/54/5698 6851/52/5717 6798/52/5696
f 6797/12/5695 6850/12/5716 6854/10/5720
f 6797/12/5695 6854/10/5720 6801/10/5699
f 6802/56/5700 6855/56/5721 6853/54/5719
f 6802/56/5700 6853/54/5719 6800/54/5698
f 6799/32/5697 6852/32/5718 6856/30/5722
f 6799/32/5697 6856/30/5722 6803/30/5701
f 6787/24/5685 6838/24/5704 6857/22/5723
f 6787/24/5685 6857/22/5723 6740/22/5638
f 6804/58/5702 6858/58/5724 6855/56/5721
f 6804/58/5702 6855/56/5721 6802/56/5700
f 6801/10/5699 6854/10/5720 6859/8/5725
f 6801/10/5699 6859/8/5725 6778/8/5676
f 6792/44/5690 6845/44/5711 6860/42/5726
f 6792/44/5690 6860/42/5726 6780/42/5678
f 6777/60/5675 6861/60/5727 6858/58/5724
f 6777/60/5675 6858/58/5724 6804/58/5702
f 6803/30/5701 6856/30/5722 6862/28/5728
f 6803/30/5701 6862/28/5728 6782/28/5680
f 6740/22/5638 6857/22/5723 6863/20/5729
f 6740/22/5638 6863/20/5729 6741/20/5639
f 6776/62/5674 6864/62/5730 6861/60/5727
f 6776/62/5674 6861/60/5727 6777/60/5675
f 6778/8/5676 6859/8/5725 6865/6/5731
f 6778/8/5676 6865/6/5731 6779/6/5677
f 6780/42/5678 6860/42/5726 6773/40/5671
f 6780/42/5678 6773/40/5671 6772/40/5670
f 6781/64/5679 6866/64/5732 6864/62/5730
f 6781/64/5679 6864/62/5730 6776/62/5674
f 6782/28/5680 6862/28/5728 6837/26/5703
f 6782/28/5680 6837/26/5703 6783/26/5681
f 6741/20/5639 6863/20/5729 6839/18/5705
f 6741/20/5639 6839/18/5705 6784/18/5682
f 6785/66/5683 6867/66/5733 6866/64/5732
f 6785/66/5683 6866/64/5732 6781/64/5679
f 6779/6/5677 6865/6/5731 6841/4/5707
f 6779/6/5677 6841/4/5707 6786/4/5684
s 10
f 511/67/5734 509/68/5735 510/69/5736
f 509/68/5735 511/67/5734 512/70/5737
f 509/68/5735 512/70/5737 540/71/5738
f 540/71/5738 512/70/5737 513/72/5739
f 540/71/5738 513/72/5739 539/73/5740
f 539/73/5740 513/72/5739 514/74/5741
f 539/73/5740 514/74/5741 538/75/5742
f 538/75/5742 514/74/5741 515/76/5743
f 538/75/5742 515/76/5743 537/77/5744
f 537/77/5744 515/76/5743 516/78/5745
f 537/77/5744 516/78/5745 536/79/5746
f 536/79/5746 516/78/5745 517/80/5747
f 536/79/5746 517/80/5747 535/81/5748
f 535/81/5748 517/80/5747 518/82/5749
f 535/81/5748 518/82/5749 534/83/5750
f 534/83/5750 518/82/5749 519/84/5751
f 534/83/5750 519/84/5751 533/85/5752
f 533/85/5752 519/84/5751 520/86/5753
f 533/85/5752 520/86/5753 532/87/5754
f 532/87/5754 520/86/5753 521/88/5755
f 532/87/5754 521/88/5755 531/89/5756
f 531/89/5756 521/88/5755 522/90/5757
f 531/89/5756 522/90/5757 530/91/5758
f 530/91/5758 522/90/5757 523/92/5759
f 530/91/5758 523/92/5759 529/93/5760
f 529/93/5760 523/92/5759 524/94/5761
f 529/93/5760 524/94/5761 528/95/5762
f 528/95/5762 524/94/5761 525/96/5763
f 528/95/5762 525/96/5763 527/97/5764
f 527/97/5764 525/96/5763 526/98/5765
s 11
f 542/99/5766 572/100/5767 541/101/5768
f 572/100/5767 542/99/5766 571/102/5769
f 571/102/5769 542/99/5766 543/103/5770
f 571/102/5769 543/103/5770 570/104/5771
f 570/104/5771 543/103/5770 544/105/5772
f 570/104/5771 544/105/5772 569/106/5773
f 569/106/5773 544/105/5772 545/107/5774
f 569/106/5773 545/107/5774 568/108/5775
f 568/108/5775 545/107/5774 546/109/5776
f 568/108/5775 546/109/5776 567/110/5777
f 567/110/5777 546/109/5776 547/111/5778
f 567/110/5777 547/111/5778 566/112/5779
f 566/112/5779 547/111/5778 548/113/5780
f 566/112/5779 548/113/5780 565/114/5781
f 565/114/5781 548/113/5780 549/115/5782
f 565/114/5781 549/115/5782 564/116/5783
f 564/116/5783 549/115/5782 550/117/5784
f 564/116/5783 550/117/5784 563/118/5785
f 563/118/5785 550/117/5784 551/119/5786
f 563/118/5785 551/119/5786 562/120/5787
f 562/120/5787 551/119/5786 552/121/5788
f 562/120/5787 552/121/5788 561/122/5789
f 561/122/5789 552/121/5788 553/123/5790
f 561/122/5789 553/123/5790 560/124/5791
f 560/124/5791 553/123/5790 554/125/5792
f 560/124/5791 554/125/5792 559/126/5793
f 559/126/5793 554/125/5792 555/127/5794
f 559/126/5793 555/127/5794 558/128/5795
f 558/128/5795 555/127/5794 556/129/5796
f 558/128/5795 556/129/5796 557/130/5797
s 12
f 6828/131/5798 6826/131/5799 6827/131/5800
f 6826/131/5799 6828/131/5798 6825/131/5801
f 6825/131/5801 6828/131/5798 6829/131/5802
f 6825/131/5801 6829/131/5802 6824/131/5803
f 6824/131/5803 6829/131/5802 6830/131/5804
f 6824/131/5803 6830/131/5804 6823/131/5805
f 6823/131/5805 6830/131/5804 6831/131/5806
f 6823/131/5805 6831/131/5806 6822/131/5807
f 6822/131/5807 6831/131/5806 6832/131/5808
f 6822/131/5807 6832/131/5808 6821/131/5809
f 6821/131/5809 6832/131/5808 6833/131/5810
f 6821/131/5809 6833/131/5810 6820/131/5811
f 6820/131/5811 6833/131/5810 6834/131/5812
f 6820/131/5811 6834/131/5812 6819/131/5715
f 6819/131/5715 6834/131/5812 6835/131/5813
f 6819/131/5715 6835/131/5813 6818/131/5814
f 6818/131/5814 6835/131/5813 6836/131/5815
f 6818/131/5814 6836/131/5815 6817/131/5816
f 6817/131/5816 6836/131/5815 6805/131/5817
f 6817/131/5816 6805/131/5817 6816/131/5818
f 6816/131/5818 6805/131/5817 6806/131/5819
f 6816/131/5818 6806/131/5819 6815/131/5820
f 6815/131/5820 6806/131/5819 6807/131/5821
f 6815/131/5820 6807/131/5821 6814/131/5822
f 6814/131/5822 6807/131/5821 6808/131/5823
f 6814/131/5822 6808/131/5823 6813/131/5824
f 6813/131/5824 6808/131/5823 6809/131/5825
f 6813/131/5824 6809/131/5825 6810/131/5826
f 6813/131/5824 6810/131/5826 6812/131/5709
f 6812/131/5709 6810/131/5826 6811/131/5827
s 1
f 643/17/74 218/15/103 213/17/75
f 217/41/105 195/43/104 193/39/158
f 698/45/383 694/41/378 641/39/351
f 193/39/158 195/43/104 644/45/328
